ax,ay,az,gx,gy,gz,hg_ax,hg_ay,hg_az,ms,true_label,p1_label,p1_crash,p2_label,p2_crash
-0.4527137508070153,-0.24210266654867302,9.729839173359842,0.8702504524228759,-0.5677680820908008,6.415264388799841,-0.430361761735623,-0.2217300955350564,9.748924591485208,0,0,0,0.1531,,
-0.20356592764309564,0.09187407522163622,10.058643220431524,-2.695984357602836,0.5695881952571435,2.7007978594513062,-0.10040947398300665,0.12421745924530092,9.982941713110103,1,0,0,0.1537,,
-0.413364689752844,-0.24780612387950085,10.023954181405403,-2.834264294682769,-0.16396189831481697,-0.5223409519869622,-0.381135358696612,-0.27457630845402237,10.029869662445618,2,0,0,0.1537,,
0.16151591515190142,0.11739301073627724,9.695777856693047,-1.9525608032493855,4.4053053268302405,-1.4015150851808724,0.18364883743002056,0.15331883800351898,9.599862968106462,3,0,0,0.1537,,
0.2995363817263958,0.26456160844707904,9.636421911316695,1.0859269298702603,3.7434908109580607,-1.7072805536345212,0.36112199878267226,0.20641873898385535,9.641209392747863,4,0,0,0.1537,,
-0.11251119407587336,-0.24350306871840963,9.572878325331747,0.8776683471026969,-2.447679083641756,3.67735203769904,-0.1293614807994002,-0.2343845215809178,9.580326225801569,5,0,0,0.1537,,
0.1815684703786317,0.1718047057545434,9.843466357191415,-1.673769360833938,1.8005639854543016,-1.8199537405772077,0.158683113747188,0.10339476088019478,9.907340408377927,6,0,0,0.1537,,
0.03523148545462893,0.2344594460879639,10.04048625271434,0.2553794813225316,-3.406464033825718,-0.32125433249473667,0.06824615509010606,0.25098554464188366,9.971183576751104,7,0,0,0.1537,,
-0.3872303894259294,0.6443259644112795,9.602682669541858,-1.70761152357696,1.6298763127291491,-3.887325698887802,-0.4183900914349068,0.6081047124700554,9.609827812438644,8,0,0,0.1532,,
-0.30755866375857693,-0.022104482123399844,9.73554080536608,3.9584759878614295,-4.662713266609979,-0.5961028437280835,-0.258849060219784,-0.02917814208746846,9.673700111102,9,0,0,0.1537,,
0.33304686115666565,0.37803363848392607,9.758120654858184,5.545917245212588,-3.4401035548230308,3.52839128307118,0.3434587661418531,0.3782812557184114,9.773230600466423,10,0,0,0.1537,,
0.03466854864314261,-0.15247063068138303,9.586726195788515,5.069445708566395,-4.64182723489128,3.5206422852626247,0.13944872933867247,-0.16316783183705932,9.602107278896142,11,0,0,0.1537,,
0.006637301408341317,0.22013309029074837,10.214685103477445,-0.3500779574909934,4.977759079616057,3.650581523430313,-0.1086553705192376,0.22197226420782745,10.179346365006982,12,0,0,0.1537,,
-0.03461916958977061,-0.2353918875671563,9.927277446658065,1.5178589464605996,-4.162602899942943,1.8182008745041358,0.01908718266462507,-0.12984112163741124,9.924122565044168,13,0,0,0.1537,,
-0.5164928388692592,0.19808980166689463,9.765815149270209,4.965195514108794,-1.9422548762550966,-0.4417106996686564,-0.5101200350059293,0.16221616311563536,9.813262845454217,14,0,0,0.1537,,
-0.09790731160656009,-0.7333902552324331,9.876564994678466,0.4750714680491481,-1.8128923479019756,0.6795092451274896,-0.14523123272379454,-0.8110609017564945,9.850948596630683,15,0,0,0.1469,,
0.20379931029854692,-0.20507882606627229,10.069560580405504,-3.0215334185341516,3.368500637305586,2.1186201739433774,0.275731006815439,-0.04993502371243175,10.00565781717924,16,0,0,0.1537,,
0.05565442315667156,0.518316920413152,9.716882444538292,5.613688051062294,0.1303753326345595,-3.605469055548815,0.042740153249804465,0.4899464954661547,9.689738084826928,17,0,0,0.1537,,
-0.25586288422160275,-0.15559007208982872,9.76049073236855,-0.8634676404654991,-5.705557629125982,2.553654495263602,-0.24919356123642808,-0.10077946534131174,9.7700442151491,18,0,0,0.1537,,
0.04077706635740045,0.484581075478742,9.590535338278308,-5.600460889660557,0.4292520193178364,-2.3038839522530887,-0.011670127382873874,0.49067673186209537,9.630427587386997,19,0,0,0.1537,,
-0.21537224254894677,-0.16787535450308538,10.109041879699046,4.3814652098215525,-4.399405986256187,5.003162196609747,-0.23083693820891119,-0.21356282387163897,10.078751800549934,20,0,0,0.1537,,
-0.6152550938285295,-0.3618007399436202,9.91611181288111,4.935575232562209,-3.9674314060071136,-4.72038335806257,-0.5536749368479763,-0.37031469296165076,9.895271998814078,21,0,0,0.1538,,
-0.38578357130350427,0.2737532433914132,9.90054495480744,1.8946985603547701,-1.3323839182338841,-1.5092843472091728,-0.35464141673375954,0.30777455137255993,9.883701456147069,22,0,0,0.1537,,
-0.15298558793960454,-0.1888501822683011,9.784718429653752,6.804596570941898,-0.7207144894251144,1.6625799558969554,-0.1676179821651908,-0.2876795618157499,9.733468988318442,23,0,0,0.1524,,
-0.24868403813246287,-0.17120030812392156,9.902229639111638,-0.6039659126235821,4.865058457029269,-0.6295575933558096,-0.3126476224970548,-0.21661439119950932,9.891411994731405,24,0,0,0.1537,,
0.018975700716171044,0.021853873573295116,10.007090310841956,-3.3189696653906884,-2.1039824303563552,0.7509476701284215,-0.0687756165361885,0.0378401969219745,9.991329926913233,25,0,0,0.1537,,
-0.46213755157962666,-0.27576430889183945,9.64836675396611,-1.4432362836649744,0.9233179230087702,2.8090875650662834,-0.42147605979810654,-0.3029669468405126,9.62388802590589,26,0,0,0.1537,,
0.04055332066133444,0.28872164735252037,9.925330635329882,-4.043237530822237,-0.8149538749591239,-1.6167797147239789,0.037771180775352374,0.3598741883928735,9.925912435485769,27,0,0,0.1537,,
-0.14667582287711986,-0.12534992263908865,9.509504966806592,1.0000382696672663,6.324744937698108,-9.216161014197553,-0.16024165560704642,-0.1689440417273539,9.528177929585166,28,0,0,0.1502,,
-0.346942118861394,0.15584378425814752,9.928393553340388,-6.327316851440773,-1.2942738861667031,1.1206553378796709,-0.4812981140290854,0.11549328242611681,9.920854010955239,29,0,0,0.1537,,
0.03503458068555636,-0.3104565539956053,9.958027202342514,1.7710963996454554,-2.7561236337949815,-4.111651593558115,0.052828367961731834,-0.2973082372559932,9.972865991526549,30,0,0,0.1537,,
-0.1829719387904288,0.002500403239200951,9.50936289235734,0.09282864764471618,1.138668760633119,-5.705742586972549,-0.26795770919743267,0.026014964930848643,9.440906521418023,31,0,0,0.1534,,
0.15287626884329264,-0.4956399714485691,9.650819506528931,-0.4105111590568298,1.2819976175925667,0.4499686651917252,0.0703646876315374,-0.5897967516758088,9.720633132589995,32,0,0,0.1536,,
0.3689959282966635,0.12014245020073547,9.753484136298999,1.7637063533226436,-8.18023321571851,-5.511486297309274,0.3787013947697877,0.09334953287407866,9.760008641105314,33,0,0,0.1498,,
0.08266615916967772,0.1050545201843659,9.977550584447043,1.047058675876667,0.041552971192117684,2.6304254582989737,0.004289877290304486,0.07844534334280577,10.043591828685756,34,0,0,0.1537,,
0.09660998294604393,0.2478732873026484,9.952552597618615,-2.731089596816475,0.9377623842431781,2.7835771652104517,0.10657878013415405,0.24431902629195124,9.962057047718778,35,0,0,0.1537,,
-0.4357601955503719,0.7487785812484273,9.806733535314217,-3.96515939654363,-1.338778536702859,3.871756584998547,-0.3211790714124284,0.8667000347426641,9.718742001946618,36,0,0,0.0909,,
-0.13828967614126444,0.14799255449580334,9.430993460166356,5.996413969942352,-4.632067832154178,-1.6915906746629203,-0.11594392058945067,0.22230678161685957,9.450063060799227,37,0,0,0.1534,,
-0.0012163389083635766,0.19943811055064123,9.463104182794133,-0.0500034248667994,-4.089665851962368,-1.0448210174372974,-0.007644569039937392,0.2466392313726865,9.428283059690212,38,0,0,0.153,,
-0.11738521670414569,-0.23269304121583329,10.020184218700152,-3.2920334288411497,-0.3535462358556241,2.0706699737389123,-0.09243314895361156,-0.2789137880320268,10.01132051864881,39,0,0,0.1537,,
0.009276967969575688,-0.055660599963395535,9.903017485620314,3.8802332031633266,-5.794274549434101,3.4738481528977827,0.010272336109674578,-0.054706389330420505,9.863308135158979,40,0,0,0.1537,,
-0.38311608178023127,-0.45181377248299115,9.700889075736868,0.14916387493804933,-0.08240978117689396,1.0568684265031294,-0.3975560905035213,-0.4739559276414714,9.744595528900458,41,0,0,0.1537,,
-0.14857305371233037,0.1957227389330261,9.908509016794715,1.9069291820909822,1.5657070517043774,-4.087632027347273,-0.060264189064518026,0.21647436978936552,9.830293552727959,42,0,0,0.1537,,
0.30468168642650145,0.7336715514125883,9.761390486545592,0.12239187830618456,2.526688879593113,0.492412788653805,0.35526666790072375,0.6407348628303279,9.723809152903248,43,0,0,0.1537,,
0.3385943006747574,-0.2854504146540976,9.963243707015335,-4.905000181575219,-2.00043414048766,1.9217415640397622,0.23509370075074776,-0.33413120048641043,9.991126436537941,44,0,0,0.1537,,
0.26930257673528807,-0.02058611266847839,9.781757042477478,-4.705816205234708,1.164708073977895,2.363309775961105,0.2845923006169161,-0.018222480430287846,9.749531981738446,45,0,0,0.1537,,
-0.007491356980855543,0.020697212319754018,10.097363467744195,3.5532639722250305,-0.21437373856822767,-1.2612435378899758,0.018167126392721965,-0.008349907541471805,10.063947470884125,46,0,0,0.1537,,
-0.1106696605820088,-0.20521116850661247,10.019411865633025,-1.5780229242590098,-2.618495388228882,-1.7557321012971587,-0.022521982906942226,-0.25284522236934914,9.90103032707826,47,0,0,0.1537,,
0.13878905108984843,-0.08133649276276769,9.94108455465169,-0.579317785584899,-0.6685164621689631,0.29982390514240126,0.14442291825841375,-0.08446868320314253,9.925769129925222,48,0,0,0.1537,,
0.2629487359378843,0.11720023432758425,9.661543730106123,4.0255294686157095,2.175892796605834,1.2768612340936851,0.24125884733143846,0.1372151741185091,9.63874847997456,49,0,0,0.1537,0,0.0425
-0.5110181834523828,0.03673959374883682,9.777509310541227,1.3804275027024762,0.6281788837413094,3.46930152601173,-0.3599039082976294,0.11371063947658105,9.804857299420384,50,0,0,0.1537,0,0.0414
0.09603339068873809,-0.27944327669096825,9.725629230256391,-1.2120385550257788,-0.595194970907541,1.276203687138786,0.06302309705180459,-0.33144045192202803,9.717087728905382,51,0,0,0.1537,0,0.0363
-0.3833490690680859,0.04991387282524832,9.821313932155816,4.927192706778253,2.528709850592518,-0.5047953119144539,-0.4756175882640433,0.0876724225521704,9.808072124390058,52,0,0,0.1537,0,0.035
-0.15940080117909383,-0.5417369291637504,10.081616590440783,-3.149661514583223,3.782782918819085,-0.6779894827860626,-0.13730336161811632,-0.557837217588768,10.10722489850892,53,0,0,0.1537,0,0.0365
0.41530081535169444,-0.05719381859919196,9.507483481513678,-3.114117429422536,2.067014228985961,-0.3709675860831051,0.4644025895695715,-0.014361277401737121,9.49718767685784,54,0,0,0.1537,0,0.0365
-0.30374154427438393,-0.1360408178764845,9.424112108777939,-1.3715421710737148,1.2608196115068662,-2.7712258493601465,-0.3175783917247208,-0.17246316128428912,9.295601178959108,55,0,0,0.1285,0,0.0363
0.0033742048680115433,0.04499836007781476,9.743342524373372,-1.2564909988343704,1.2917200762656853,1.0257321745392876,0.0690146638221507,0.07373799279581449,9.705506149590018,56,0,0,0.1537,0,0.0261
-0.22562504178749188,0.4029075145166552,9.46288581131785,-0.7027484135177247,-2.4283655755317306,-1.0482349015149597,-0.12502194026752195,0.5023908347055759,9.540951677846214,57,0,0,0.1537,0,0.0175
0.18329131676895846,-0.139168908077238,9.856150391453971,-3.9791405423746635,0.41715509811778007,-4.423528883802192,0.15110203890279555,-0.09862404811437941,9.853963782960065,58,0,0,0.1537,0,0.046
-0.20823075219719386,-0.34810669901347957,9.744730038366946,-1.5300473435335495,-3.529102784745751,4.569146467405643,-0.29444083271189303,-0.37889940794661225,9.685201383954375,59,0,0,0.1537,0,0.025
0.36981361632641113,0.2629201307957245,9.731317778255985,3.735053087304935,-0.6026311304262081,-0.32228956575044576,0.4495665173867588,0.27981745276260905,9.683112541536119,60,0,0,0.1537,0,0.015
0.49832255530641706,-0.15315894811461048,9.613777523493319,-4.094715508521854,-3.6800077878745823,-2.388667530580509,0.5073193031089497,-0.05962010354835952,9.608308609435703,61,0,0,0.1537,0,0.0309
-0.1355147838775431,0.08172439362276127,9.733032140110796,2.5211837761836415,3.473956472986581,4.399743843281412,-0.17434651605094537,0.1046355838810531,9.691598520121667,62,0,0,0.1537,0,0.0015
-0.19389261459957322,0.021620518616224185,9.655442329255079,-4.844212292368615,1.443707529787101,-4.616333123877165,-0.1558882052414573,0.026742221468141522,9.64585721351675,63,0,0,0.1537,0,0.0015
-0.467038626765545,0.11644099153923088,10.101855372970512,4.022839784738981,-2.510547093782601,0.15809813262449365,-0.4532341213864832,0.15974667206494195,10.067575768513052,64,0,0,0.1537,0,0.0197
-0.3803020475883393,-0.3129557430903498,9.764732399482988,2.273584960607643,1.5688251072978732,-2.8155738047906436,-0.3759041905638237,-0.2481705495995558,9.722690163492329,65,0,0,0.1537,0,0.0193
0.08466559395860378,0.1573963017121584,9.917757392239128,3.331423841122411,-0.32815941212226885,-0.5054443609893461,0.08520164402409727,0.14169013695919594,9.920711667071423,66,0,0,0.1537,0,0.011
0.4543275498786312,0.013225044022741904,10.027642558952955,4.0359082941394195,-4.664230817755612,4.796261215414688,0.4715289010973735,-0.012932643414822944,10.076286966516184,67,0,0,0.1537,0,0.0184
-0.052976071625616336,0.44327463268908623,9.76071522810301,3.9744652971942296,-3.4271306990900827,2.207484961597851,-0.05650837914493929,0.4636886766931401,9.700837706800009,68,0,0,0.1537,0,0.0237
0.014918261798208925,-0.06857822983135944,9.991945071997911,1.7228198358387425,-0.7702008227892636,1.0079159134386386,0.043805801975523556,-0.08295542015362845,10.01981669326635,69,0,0,0.1537,0,0.0102
-0.26826997610656983,0.30695641096585274,9.660409497211726,2.631508561168452,-4.337391814836247,-2.269867591194533,-0.17418345227085996,0.3361686809298768,9.75036576260138,70,0,0,0.1537,0,0.0002
0.08384779441440203,-0.3264141925445746,9.908052865476975,3.9677070676183486,-1.2182526070525193,1.1310867520875205,0.08675684499339445,-0.3256880170055681,9.793783794078282,71,0,0,0.1537,0,0.0002
-0.7056217552787928,0.15931459939246442,9.687592213216906,2.440359871405728,2.1302533290406522,-2.0425033380262927,-0.6620661177353963,0.15858736311314545,9.740916860573897,72,0,0,0.1536,0,0.0075
0.32931968516436627,-0.059472746572477746,9.87330230095654,-2.1051226139414725,2.7992432661845372,5.521442652143798,0.3083926914665721,-0.04631995416812319,9.941407028075677,73,0,0,0.1537,0,0.0103
0.31444085940646355,0.49475878472652624,9.891089298001843,1.4786996183786674,5.668712659067897,-1.1054497617211076,0.3375173851166736,0.4705039512183281,9.85808472756454,74,0,0,0.1537,0,0.0004
-0.053856908926352774,0.025131698484566044,9.745644985888768,-0.32523528582953504,-6.956140587001618,-5.166629924895897,-0.06508315201955914,-0.005625518964177758,9.806049886022016,75,0,0,0.1537,0,0.0104
-0.3743490264202459,0.5685137354045429,9.82081265256374,-0.37609218066105876,-2.2636811573069924,-5.06121906403536,-0.3463345075111564,0.5489335339254388,9.791117676459491,76,0,0,0.1536,0,0.0203
-0.22286661781719308,0.032227683888983574,10.098695469079887,-5.498946039118783,-4.890252382928477,0.9310699710816133,-0.2715209403199424,0.02377353005481677,10.134752434558715,77,0,0,0.1537,0,0.0203
-0.6043102210636978,0.2435508912062097,9.76434647543181,3.2150984637954734,-1.9005719307309694,-1.367304132441123,-0.5805973531831319,0.2424661847451537,9.811444673453744,78,0,0,0.1538,0,0.0003
0.4116982470292629,0.35748487467824386,9.949640955685714,-0.6442190081776217,-0.005307425412294105,-1.6931043023437318,0.38077264321163057,0.32537361659691677,10.019048046031772,79,0,0,0.1537,0,0.0002
-0.21156941605837257,-0.3973270939791957,9.332131352964538,1.790101537342161,-0.47228087908349636,-0.9049097045534746,-0.15980556959659056,-0.3672265955483701,9.31280672556565,80,0,0,0.1465,0,0.0187
-0.31836182361580684,-0.5506516129721376,9.891724052444253,1.8100900170244012,-0.5879142521894166,-3.4019007241367323,-0.36095331445864387,-0.6113818863359003,9.932398603800573,81,0,0,0.1521,0,0.0002
0.04687597296540949,-0.012097520610747621,9.870165008963268,-2.1810224054144314,1.9805715135955588,-2.291574684906808,0.012030753796460916,-0.07807813238801939,9.917451410313259,82,0,0,0.1537,0,0.0
-0.003180316460067751,0.2655281426394281,9.69597212383097,1.252400195890516,4.096819462716249,0.6972824965043728,0.05776761249808676,0.24918411017830988,9.70356915905209,83,0,0,0.1537,0,0.0202
-0.10166664629553587,0.09584070534847934,10.01995415590355,3.692488530022148,3.5515855188983085,0.42869969209313097,-0.1388023535097999,0.12137229501759825,10.056622652697763,84,0,0,0.1537,0,0.0017
0.4399261044981999,-0.054549955666111295,9.644410097909176,0.8375083175740874,8.12286214373815,-1.6242161276515468,0.4069943289012578,-0.10876004160598124,9.638132296147791,85,0,0,0.1471,0,0.0118
0.21269708898500364,0.20368003924521602,10.160395065680255,3.4212667434379336,1.1305117357711474,1.1840969699606962,0.23601903021544485,0.19788471134067642,10.135869509734796,86,0,0,0.1537,0,0.0297
-0.06401922435957526,0.11281954343639804,9.817198369663714,-2.08255496902051,2.6818543989911694,4.559160260106539,-0.009118755752085303,0.11917721366437423,9.696022491453396,87,0,0,0.1537,0,0.03
0.547665163809874,0.14802913903696663,9.673354309568948,-1.0400829738669957,-0.14689787626981662,3.9199321403802485,0.5770378163696052,0.10168867338218247,9.684177276842398,88,0,0,0.1536,0,0.0083
-0.22931721597239982,0.1449453817596725,9.441499106598885,-0.19165970534739668,-0.21001361597555712,0.13743735157046316,-0.20573773697322834,0.019691135460282505,9.38976418301285,89,0,0,0.1526,0,0.018
-0.3217903897100198,0.2869976641513482,9.53369193780287,-4.930980647009976,5.44234466387235,-0.28132371201360207,-0.35812371927691866,0.2745555567230133,9.437109909419283,90,0,0,0.1534,0,0.0287
-0.020514882116313356,0.13761164655436559,9.813420447592213,-0.3078625191914669,-0.5965197646770501,-3.738638358893338,-0.027305853290344857,0.1049622683692058,9.777001253894023,91,0,0,0.1537,0,0.028
0.28200985095574693,-0.18647589788719918,9.856824573522236,0.5108372893334138,0.8282757866206787,-0.9600441727161744,0.3125912853149516,-0.20147548777565058,9.842948981210007,92,0,0,0.1537,0,0.038
0.04973724437314083,0.23250809561192673,9.76693859090467,5.291336446163638,-1.637618511622485,-2.274613268205128,0.02691977431793382,0.2683551539100161,9.769476250138721,93,0,0,0.1537,0,0.024
-0.3727001407328741,0.047679436787555464,9.50352422326204,-1.8881646226513074,0.08951738130570404,-2.4004609801478125,-0.30460007587620896,0.06741979913014458,9.493090429879302,94,0,0,0.1537,0,0.0126
0.5742134528626761,-0.1369567842375702,9.73632529445435,0.32845221993166973,3.454586089287372,-5.288714678093226,0.5878809752370032,-0.05633736715608753,9.719962285427208,95,0,0,0.1536,0,0.0124
-0.10858685413449246,0.35317278120339324,9.445751556832178,-2.145964142786536,-4.482673290831602,1.9487229862945767,-0.029354799036019008,0.38284342177260366,9.443656669598049,96,0,0,0.1534,0,0.0152
-0.41896513025043775,0.33229322951802076,9.829303149332587,-0.3824862206870272,-5.9784560990337585,-1.5863936049256337,-0.4455477372958149,0.2811753361701071,9.793655643120173,97,0,0,0.1537,0,0.0447
-0.18348858291326625,-0.5625420366593566,9.86548641445537,0.37093044150068544,-0.3328728911331313,-2.205833685667228,-0.2929663315764646,-0.5409171477260953,9.813268463309855,98,0,0,0.1537,0,0.0161
0.04448308581831317,-0.5219252192782711,9.758979115028588,-0.45657493436783503,1.6607300487609762,0.5824719873569058,0.022463955319717836,-0.6177039519574965,9.781905010697379,99,0,0,0.1444,0,0.0334
0.10008807386787547,-0.5070021189676548,9.760906618361712,-3.043306856336388,2.8041615063446472,2.691347242410046,0.14154541380689914,-0.5730000336524959,9.722654681426322,100,0,0,0.1536,0,0.0328
0.2940316241427431,-0.24779826589458562,9.613222379223023,2.1274122152085058,0.7633494014284222,-5.3403014148115995,0.3463698391630119,-0.2524859284079184,9.615586320921723,101,0,0,0.1537,0,0.0122
0.020629366901549418,0.7215364301706989,9.85219253086998,-3.579332825421165,-3.6697791893727993,-0.2656066175224698,-0.021485246258522984,0.7170181737384145,9.814020401891478,102,0,0,0.1536,0,0.0123
0.23520542949448728,0.2235704926338198,9.902471442207519,-5.453748054926367,2.1034418044185927,-0.6216467301906176,0.23731191931879658,0.26317589668918506,9.881578555571169,103,0,0,0.1537,0,0.0188
0.2473313353861114,0.13778008691083793,9.498936479764996,5.519526848918692,1.465187140362394,-0.34639447881436103,0.23260380392150326,0.13263721297167938,9.587883215082863,104,0,0,0.1537,0,0.0123
-0.5223208124845478,-0.14623320708928886,9.878374303562246,0.9744384451921567,-1.2757688484846688,-2.6277939243427055,-0.5631543924782152,-0.13277032324432758,9.860612338712091,105,0,0,0.1537,0,0.0023
-0.12147368752682358,0.34505899729376344,9.824646063766474,4.56776560107131,-1.1475208549024307,0.41843266729264894,-0.08595458818747378,0.39914380318843296,9.846108048204952,106,0,0,0.1537,0,0.0223
-0.07120011077494794,0.06875243426061106,9.651013184692898,1.937195591012146,-2.99187712178123,-5.13019302241818,-0.06687849255749655,0.014520134315697916,9.644636990581022,107,0,0,0.1537,0,0.0017
0.01273103067942085,0.3707881187806439,9.647235405913582,-0.967939463479412,-5.875885442300953,-5.182133485699642,-0.0025049953987444015,0.34684626959728615,9.650128012444927,108,0,0,0.1537,0,0.0017
0.07040760913459067,0.4344029687456737,9.686006690278493,0.5807399032836091,-1.8510221183695752,-2.1998153025624427,0.1152907522290908,0.38986116163720164,9.654738083075662,109,0,0,0.1537,0,0.0131
-0.1578097122219546,0.32870744995861073,10.05004097812138,0.4611586759606551,-3.068535205506306,-0.6711520302685471,-0.0646975716019285,0.31083723389471674,10.112883711370506,110,0,0,0.1537,0,0.013
0.3578425058416964,0.03935310786467694,9.913022523623306,-0.13635839286468443,3.6023538638524437,2.6847234628577503,0.381770357674479,0.031075301724060846,9.992169355841146,111,0,0,0.1537,0,0.0065
-0.18733362862351918,0.10058216428836682,9.697365629612642,2.5522234791345446,-2.456507244841105,1.879128542705378,-0.1949288227306505,0.20314837909276023,9.68590322371451,112,0,0,0.1537,0,0.0071
-0.2657766775690502,0.19835322546897538,9.572838480314191,-1.7922556866861097,1.2000769071550663,1.714627714791448,-0.2012322828070801,0.28754717529902335,9.676086615710007,113,0,0,0.1537,0,0.0163
0.11430177974356134,0.005205797387666643,9.871499690798261,-0.33824135822882784,-0.86345817788518,5.408923694640341,0.13512319670937822,0.008759081073026007,9.828534762233929,114,0,0,0.1537,0,0.013
0.04454621124474726,-0.040667293029352264,10.186437822550122,1.7179898934201236,0.823901764228721,-0.5031277848765289,0.026107772202621046,-0.028411181350125304,10.20687386307887,115,0,0,0.1526,0,0.0013
-0.07694771131851219,0.09786061589920791,9.76047603422045,1.4645298338401198,-5.5864908091390255,-3.894111576174645,-0.16838413528158036,0.059370351362696305,9.805348281555105,116,0,0,0.1537,0,0.0013
0.05535728301937921,0.2583294592542347,9.651468185300939,-2.286345579424588,0.7923695602758777,4.818452924226616,-0.016690917123581152,0.3600787875370101,9.604718753294609,117,0,0,0.1537,0,0.0035
0.04845656722379035,0.28699679411304496,9.819532273869152,2.2392942279431853,-0.8151799944479449,-5.841882716390498,0.053803244215093464,0.29101888198913983,9.77207632771718,118,0,0,0.1537,0,0.0035
-0.6431940705252752,-0.5204232055960327,9.937980151079344,1.6846061289053968,-0.2823054055750886,0.9398804491781858,-0.648775464965488,-0.4308226913530265,9.898555192998089,119,0,0,0.1534,0,0.0034
0.22005560355413728,-0.47511185343551965,9.994723781172285,1.971998973957868,6.406351011557103,1.3313160069245102,0.1887278038704516,-0.49923011841856696,9.964062667293478,120,0,0,0.1537,0,0.0034
-0.024066585074834845,0.15179814798025906,10.082833508987312,-0.8345017918793012,-1.6901695339770542,-1.9524248858769782,-0.03572283070053317,0.21083123583661922,10.10280672490171,121,0,0,0.1537,0,0.0034
-0.2512296732185921,-0.2966182217562248,9.566523951661264,2.5233476691421637,3.287800740492165,2.040006450391886,-0.28677320269937545,-0.22629864633454044,9.540293365998437,122,0,0,0.1537,0,0.0035
-0.3457678348427174,0.2603387016284811,9.782801359621864,-2.4203264348780396,-2.7308802471140643,-0.7577151472300496,-0.43288104268197103,0.2862183620203856,9.79487087707802,123,0,0,0.1537,0,0.0034
-0.02294257182058594,-0.16178638926680558,10.02166289977924,-7.887098643306368,-1.5075046669470549,-4.062638166586332,0.09710821079981763,-0.1863146335458391,10.022482736842914,124,0,0,0.1484,0,0.0089
-0.414739937481283,-0.31431469243663446,9.993308017679663,-1.0989049257752266,0.002627559129460768,2.1284537852259646,-0.3579452948457643,-0.3619265666961756,10.018882595898935,125,0,0,0.1537,0,0.0005
-0.7543627380395517,-0.06739394809851429,10.02830457554034,-4.472133361204408,3.5820622296357154,0.5695977501461239,-0.6088747868009513,-0.04829798135183502,9.993173778355787,126,0,0,0.1501,0,0.0032
0.6456678560297353,0.12790489959318133,9.760674134734996,-0.45781706297384955,-3.135135968781278,-5.971585799143796,0.6379064158978422,0.20207203012482244,9.814608421816498,127,0,0,0.1554,0,0.0026
0.06849870433261564,0.2993321718503076,9.270246659197449,2.885117167219003,-0.6159802913711303,4.172620891378299,0.14444285701548368,0.32410514367770166,9.258928152979042,128,0,0,0.1044,0,0.0026
-0.5837189815618153,-0.16148724972928868,9.749452710610147,3.0749997967901663,2.598825993454448,4.686917436815773,-0.5861979208412389,-0.2565618816665852,9.764533230092594,129,0,0,0.1537,0,0.0026
-0.14683423463823325,0.171221740560083,9.847591224410957,0.8887035435153761,-6.855291990908538,-7.536507335033551,-0.11311822174517573,0.2933641693733797,9.865379283335473,130,0,0,0.1515,0,0.0043
0.3912331296206976,-0.11916296581120397,9.688806916563204,-3.7586652465998043,0.3069781837629242,-1.27928476639143,0.38002758721045216,-0.1283488512673824,9.678427292036703,131,0,0,0.1537,0,0.0042
-0.3465153171850721,0.24946509481341667,9.782740198820544,-8.420057241029614,0.3975876521733732,5.946944672849017,-0.32811249267379455,0.2075370269198113,9.696699797333315,132,0,0,0.146,0,0.0035
-0.1097859100299165,-0.2852501402817991,9.850387725112904,3.0312761426757033,0.14311498025046593,0.9522781207826903,-0.19234889651865197,-0.2720695122252556,9.869679511980234,133,0,0,0.1537,0,0.0014
-0.3394452110901692,-0.17183357637453867,9.953360166036708,2.855370088665008,1.8021544754846945,6.723016559664355,-0.3593117273092925,-0.21865990271691096,9.934223436436447,134,0,0,0.1531,0,0.0004
-0.2582758838682553,-0.14890430229979473,9.592569722173913,2.191282597888174,4.720298766773011,1.2336865259376897,-0.22137319019734017,-0.12607740751973745,9.56933873103723,135,0,0,0.1537,0,0.0104
0.05894029678407955,0.03750869068915291,10.064453909307696,2.1095475887630872,-1.7721077237152612,-3.3999899009501746,0.12903246012802874,0.04368855978163801,10.102634759056924,136,0,0,0.1537,0,0.0104
0.4311223349584866,-0.12583539926208473,9.646807326572743,4.485433210415205,2.6625820724584335,1.19586358453778,0.4184048349363394,-0.10789660789557924,9.698509427988958,137,0,0,0.1537,0,0.0104
-0.1874697891465998,-0.2700366362533249,9.620307940194568,0.053428165189623095,6.611416732370417,-2.754837683186464,-0.2144852224016387,-0.2230885936297224,9.698966342620444,138,0,0,0.1537,0,0.0004
0.3343713079741083,-0.3595083961707261,10.170662321893463,-0.08982348170655917,-1.1920061819299723,-0.6133532727779831,0.3852803906140232,-0.35738816985706745,10.144280911767899,139,0,0,0.1537,0,0.0004
0.12305787946284627,-0.23127593765880186,9.726600495902437,-2.1792956715794345,-2.580592340157889,-2.6983720318907904,0.11802904817339464,-0.3020418963011624,9.902421518748122,140,0,0,0.1537,0,0.0004
-0.43244905025914704,0.3207495885182298,9.803722225084032,-1.8517196970192675,4.063225071148967,-0.7229187612851009,-0.44660719419033723,0.31521735680502844,9.803564820894508,141,0,0,0.1537,0,0.0004
-0.2618938719700098,0.5241242572759901,9.829632204418282,-3.443778990987055,1.8056711273541999,2.0201164028609018,-0.25149685834110846,0.45323487354211534,9.791091482790925,142,0,0,0.1536,0,0.0004
-0.28943146381864243,-0.07011301859722492,10.178401991108945,-0.3274021556825173,0.7711667415754972,4.547129364570651,-0.2942299187057449,-0.04380754318987369,10.232094581054973,143,0,0,0.1527,0,0.002
0.036355014353906,0.2927159857966185,9.634273317088372,-0.18658346811443804,-2.226230034199474,3.6649476913093078,-0.033832366212861266,0.31984734590826525,9.633198192500167,144,0,0,0.1537,0,0.0004
-0.15734985724415854,-0.5956778539024594,9.78693966878741,0.2403135202519393,4.452696235372537,-0.12341142402479625,-0.13739222424364977,-0.6065136741144677,9.773632064294308,145,0,0,0.1537,0,0.0112
0.21221599770744268,0.08756116947678146,9.813957958506863,2.27999802080308,-1.141473387814219,2.719095569335393,0.21388987643374688,0.08673543535852844,9.763879695531646,146,0,0,0.1537,0,0.0004
0.26869735235833975,-0.1449769936937646,9.765419041458184,-4.594280503835042,5.969633899793108,4.451302302208548,0.22301818894983555,-0.2321960320246622,9.728949786117955,147,0,0,0.1537,0,0.0112
0.07978938936317964,-0.13715126698252553,9.973423421137664,1.410270409019789,-3.2291505914585024,3.0898151759367374,0.023722606231730343,-0.04984338891770536,9.921167435754253,148,0,0,0.1537,0,0.0116
-0.15199544251033442,0.12055234694292016,10.015039734286642,-0.09023512590218798,3.1162971001673982,2.7406925422271717,-0.1269471818507917,0.10414603240110727,10.045726754577167,149,0,0,0.1537,0,0.0116
-0.023545925250628087,0.3276813559778907,9.701735825615772,-5.531178901408626,-1.537322453833542,1.0742277579639334,0.025439563272797065,0.35533063566875955,9.647479383742548,150,0,0,0.1537,0,0.0116
-0.020527421155267997,-0.13588624348893727,9.844144498183464,2.75157734707929,-0.774905890811215,1.9049058617065648,0.006436207181392487,-0.1728430773963673,9.827482074959647,151,0,0,0.1537,0,0.0016
0.4745253799018634,-0.23348765741775537,9.761858257188074,0.2610934545117366,-0.8428479981963486,-3.2728452430764268,0.47841235157470163,-0.13657333259428095,9.855624980572125,152,0,0,0.1537,0,0.0014
0.32975119800964825,-0.029136112582493517,10.226485808675806,3.3970796181583998,-1.3912892217242359,0.8505137221017994,0.387499021132067,0.00578737329675396,10.237339671588924,153,0,0,0.1527,0,0.0005
0.48500572963662336,0.6654884638314023,9.893432916422062,1.7165795240095671,0.2680891204677969,1.5841989389001245,0.4012824178672261,0.5792768457867766,9.920598339491773,154,0,0,0.1536,0,0.0016
-0.0684349632409511,0.019813540153217964,9.659225575528788,-1.2209599839465053,0.09868661057304987,4.198734021459625,-0.062462422629223247,-0.053904954676689314,9.631584717052393,155,0,0,0.1537,0,0.0018
0.2202806301644167,0.4885700903262109,9.814297925701544,1.3044781621299144,-3.1180696888268526,-0.6295068238244996,0.2959121432381782,0.5327543581786944,9.80065121248942,156,0,0,0.1537,0,0.0005
0.09177733803156476,0.04727205801299581,9.813870002200634,2.6820625787922405,6.812458997038265,0.6906802388885028,0.07596046465021898,0.05240922837240017,9.856354380029098,157,0,0,0.1537,0,0.0006
-0.37193997927466815,-0.5850003441697917,9.92824763243952,1.2868449488338376,2.9677327129636053,1.8801549070852739,-0.3199084360921952,-0.6367961139649796,9.878164931721653,158,0,0,0.149,0,0.002
0.024510470006113443,-0.03536292025052497,9.701484358098115,-0.0732512062868523,2.0011599768715245,-2.213424874608154,0.042738307815770815,-0.14007205609201057,9.702945326089962,159,0,0,0.1537,0,0.002
-0.12324297761592086,0.18022139616131475,9.79088579310245,-2.119261879199586,-2.0293507487881044,8.282923473740698,-0.13853190186317385,0.10803057103868456,9.86725325771351,160,0,0,0.1484,0,0.0006
0.32152492815913997,-0.4335601697195517,9.79974923575547,-3.8025099877398842,-0.7431137405062439,2.476314902013163,0.38879698816026753,-0.4277351474187684,9.938555953114939,161,0,0,0.1537,0,0.0105
-0.3571116110218574,-0.423619548100034,9.90319091392379,3.3531450921939,-0.1841968597319875,2.2802472247064345,-0.38771443370259534,-0.3253255370300953,9.850687022883044,162,0,0,0.1537,0,0.0004
0.2666523936701956,0.4394264558636334,9.688905669666074,-6.216509981743531,-2.0666816026632615,3.9463236733048026,0.2561889036440116,0.5249985560229284,9.688610333791416,163,0,0,0.1537,0,0.0003
0.16468654053495935,0.09208075739753857,9.776390497631814,3.3429008936208775,-3.3583403190231484,1.0495044787220094,0.15228517862349852,0.07365304792676652,9.746765725512287,164,0,0,0.1537,0,0.0003
-0.12181804922107631,-0.15948503055579985,10.094630763190802,3.668027580124373,0.1609727120472206,1.3831772019580488,-0.12465587300206565,-0.1429523262690279,10.049840170527778,165,0,0,0.1537,0,0.0003
-0.6136926144830339,-0.022785557650804537,9.758386960101943,-1.6050477644693895,-1.9668575029146858,-2.4299512547670576,-0.6923371803752719,-0.008352223907668557,9.682756264247999,166,0,0,0.1427,0,0.0003
-0.48528428912241506,0.18984952582370834,10.262173434759994,2.2408759585410305,-3.7435878057941303,1.6379041648347554,-0.5039095469694125,0.23378139064655695,10.250244797918437,167,0,0,0.1527,0,0.0044
-0.09726397652725784,0.05647894187619936,9.656825338328307,0.41284652914789327,0.6865300235921143,-2.598958517811016,-0.11940316997156672,0.05687751634801786,9.567788667688001,168,0,0,0.1537,0,0.0044
-0.08762696535559351,0.14242834691170492,9.751344115962926,-2.9792050347678485,7.343689857918486,-0.5911118990480595,-0.08836779588303004,0.14449912458154812,9.73679574256547,169,0,0,0.1477,0,0.0043
-0.10112851481705597,-0.10703531797773401,9.894945653035649,-2.267509720827647,7.425056977331383,0.6860112301672588,-0.07787411169155516,-0.18955598858585426,9.959042836995502,170,0,0,0.147,0,0.0043
0.37449982349291777,0.6231812684461048,10.010069910863185,-0.5554719701577647,-5.568195927286393,0.3920712357802584,0.40654307345685614,0.5657234916968641,10.014134241659699,171,0,0,0.1536,0,0.0043
-0.20130035862291293,-0.17664021227151305,10.015087011268266,-3.3263921422233413,1.4691117953366986,3.749479381552458,-0.1346409839958583,-0.08543566648070311,9.965554001483014,172,0,0,0.1537,0,0.0044
-0.5934994069649576,0.30595592802936716,9.860739446646608,-2.158788515389411,-1.4849604865374806,1.9138851657889049,-0.652939531789567,0.36898696464526776,9.904344506292562,173,0,0,0.1533,0,0.0044
0.07910803863064013,0.04988661319016868,10.109660233918301,-6.4991712042599925,-3.166134138737117,1.1162063008190413,0.049554464338012125,0.06992790605900621,10.081951946853266,174,0,0,0.1537,0,0.0044
0.5605476688098754,-0.13674557112774027,9.980931360495504,-0.5871808702486698,-0.8378231584935201,0.24617416449859664,0.5898290402565117,-0.10254144841539475,9.956312980034635,175,0,0,0.1536,0,0.0044
0.06889517209332763,-0.19400275815635343,9.855742989950345,-1.9471530886918487,-1.1686725708139416,4.898972400565759,0.12901491489820707,-0.2942472081689685,9.870540614719099,176,0,0,0.1537,0,0.0043
0.04739345793428543,-0.13791067684420785,9.973446338541738,2.292912963435037,-0.5618350862953044,5.255719195967257,0.0030709376722851955,-0.18266538059954152,10.04218113716885,177,0,0,0.1537,0,0.0051
0.24148164825865967,0.3699178235382093,9.801109629692789,2.566636886602557,-2.718777958888305,-2.94887881118371,0.3236087373089327,0.32813915092212365,9.861193534568683,178,0,0,0.1537,0,0.043
-0.11693456341675457,0.09927316962494602,9.82953024149768,-2.8072404310034735,-3.1563613995497453,0.9033805289184611,-0.19286542624647013,0.07347186499548514,9.871986683028437,179,0,0,0.1537,0,0.053
0.42688830534940747,0.07817849404851723,9.8431912243461,-0.196040536408234,-2.698650440098958,3.356190699300477,0.3855547524878344,0.07677729689721971,9.918838375583304,180,0,0,0.1537,0,0.0336
0.10546751704098854,-0.2808207534717447,9.51540027178764,0.09233275176798782,-1.182063607975413,0.46282704103378314,0.09667940185366856,-0.2705423523579359,9.529055993442528,181,0,0,0.1537,0,0.0345
-0.14410911124954387,-0.29224604218885764,9.66351650941063,-6.480581930186863,0.05926654439957474,-3.09148047886525,-0.17158156826370086,-0.29173428183325767,9.71617353590392,182,0,0,0.1537,0,0.034
-0.1754944437676133,0.012603313604956097,9.765935938877194,3.199261123265863,-5.650635410179952,-3.97822853948544,-0.16301694259956878,-0.04711615451198635,9.874864637779252,183,0,0,0.1537,0,0.023
-0.6499633321820079,-0.13666163915622573,9.729897879753088,1.8115908691174067,2.7415793084558233,4.426651788653249,-0.6857689261819208,-0.1182173502021397,9.79078369918161,184,0,0,0.1507,0,0.0236
0.09012348528618663,-0.12450937951659873,9.74133014698932,0.47050963726878764,5.1971721424324375,2.930389605951193,0.05768375367089904,-0.1468918599173418,9.727688079345885,185,0,0,0.1537,0,0.0336
0.5116075749987595,-0.20536048955961916,9.94459136162615,-0.07487056224380241,2.067635276079096,-0.05427475789281845,0.5741641694088546,-0.18107312614494486,9.946996130288731,186,0,0,0.1537,0,0.044
0.2899884867665853,0.4277123501648004,10.11524256708364,-1.7354510040521018,-6.540154159556285,-2.6720267980707115,0.2881375426679058,0.4035003582941593,10.062315092386067,187,0,0,0.1537,0,0.044
-0.06069396228014137,-0.3280099954136216,9.725797070227406,2.2436306616337274,0.9257423032259706,3.3080091162996457,-0.12336649908409943,-0.3142915706822545,9.775242420320275,188,0,0,0.1537,0,0.0348
0.026496366176864183,0.0773754280571996,9.444368630312711,1.8853706635895109,3.585778476789163,3.877801711256284,0.0035874603328081706,0.08413736859454238,9.332054921746016,189,0,0,0.1411,0,0.0246
0.6089745198155677,-0.336109941908703,9.898016332630958,-1.8560254851047118,2.1847128156732505,0.015859955218605153,0.614271664481492,-0.31260847431446204,9.868092483030972,190,0,0,0.1552,0,0.0262
-0.03916751696524686,0.3215165325567488,9.996227281040614,0.382047971162992,-5.7269923109562555,2.093644060310613,-0.09652701620163937,0.27392521689461535,10.007054552681794,191,0,0,0.1537,0,0.0258
0.14234024202512446,-0.3254365444646856,9.679005295272372,0.6863697245078506,-2.6169964750950103,3.6377303704455914,0.19178894185770887,-0.2897192501274264,9.675826000415041,192,0,0,0.1537,0,0.0246
-0.056178162435604126,-0.18097427277743597,9.97351200475097,1.4757463399982702,2.2256849279916198,5.987456197898257,-0.09172670010314558,-0.21054595929285833,9.949379716349968,193,0,0,0.1537,0,0.0248
0.07151132958994508,-0.32642806829288057,9.800208529426373,2.2332833998871857,0.25684963848156006,0.19021110832771682,0.135701450394342,-0.3654809528661003,9.78079102703423,194,0,0,0.1537,0,0.0346
-0.3465080636758846,-0.06939792023138847,9.614479780510218,1.5377156813526591,1.423515279274163,1.0741791837557977,-0.34282827650754644,-0.02876173354563879,9.567087044247666,195,0,0,0.1537,0,0.035
-0.12007404782139965,0.2164592012538615,9.725407305046412,1.8081014989664304,5.734527449345226,-0.578880952033731,-0.1068653028525005,0.18923368496429707,9.73972121360011,196,0,0,0.1537,0,0.035
0.03858563945029661,-0.319786661402119,9.714285988628886,-1.903896263359801,-4.1299881488825125,-6.632664408794588,-0.04977203496805176,-0.29493124854566644,9.766187134952876,197,0,0,0.1532,0,0.0156
-0.01249016285709179,-0.3954820505376679,9.51465312387707,-4.5065391629573766,-3.961643555619455,3.1593958920358562,-0.028171794465613402,-0.4734986733255761,9.46331969606017,198,0,0,0.1537,0,0.0145
0.3481591479317968,0.0029328231343774356,9.873923151776546,2.290022501590713,4.573281735430337,-1.3632900715987577,0.40961196290933444,0.006604895090303526,9.830275680507041,199,0,0,0.1537,0,0.0133
-0.23635212986832518,-0.00317480781327588,9.557463603290715,-4.128775442678898,-0.11705377891558835,-4.724865692010053,-0.2718622328795601,0.01779898696371232,9.571424942505491,200,0,0,0.1537,0,0.0134
0.18979108302858852,0.023938643414045,9.745392362457247,5.509464915314075,-0.9892979780737229,-0.6157747604132846,0.2898489188999632,0.07290609142207301,9.712094154732856,201,0,0,0.1537,0,0.0035
0.6509436548793001,0.44231690601049073,9.893148034544158,2.3186886088928667,3.069969259520147,-4.886048245202328,0.7331986414570006,0.40506393452970957,9.870758211781313,202,0,0,0.1496,0,0.005
0.07458297145282065,-0.05386783572065728,9.80806401282467,0.5277349818222279,-1.3482390608209947,-4.183170951553819,0.09738791264591652,-0.03040635506945273,9.826891663696259,203,0,0,0.1537,0,0.005
-0.09455959622677958,0.30066199613155903,9.664139561683909,6.960703850907086,2.373530892391525,-1.0195633564222177,-0.02292942405549539,0.3637782488450117,9.68971199638485,204,0,0,0.1524,0,0.0019
0.448060675685823,-0.04127980727124796,9.414123837193857,-0.7370090066907695,-1.451989354947096,1.4798335321275051,0.48482983705939253,-0.042978558299256245,9.37897740932122,205,0,0,0.1495,0,0.002
0.26408739406829423,0.4222879466854361,9.688357549374254,-4.829273593513995,-1.2556951191110597,1.985221040861083,0.19877549467536182,0.44259879046550316,9.737174184640729,206,0,0,0.1537,0,0.0029
-0.08610589237268519,0.13030624551847608,9.71732198223871,0.2802547497279376,-2.5082813546150953,2.7939328367102725,-0.06024218288360762,0.05560119881575058,9.691884943290292,207,0,0,0.1537,0,0.0057
-0.3341356636017889,-0.33508627262975,9.773363415647808,0.7034446981093199,2.7474502429210492,0.5210868618743796,-0.30263850852367796,-0.4115569816724281,9.770465829099253,208,0,0,0.1537,0,0.0057
-0.35985682975109073,0.02002190656712592,10.226588151412784,-1.2729934627475394,-0.33542835825627826,-0.4134090175617452,-0.38620570662534603,0.04112440247690305,10.283121426555708,209,0,0,0.148,0,0.0005
0.3005657164326903,-0.3919561948925392,9.570346927476875,-2.7117147854015102,-0.40824514358940456,2.7259058340310967,0.3759954091527543,-0.3391476689929393,9.432491477780124,210,0,0,0.153,0,0.0005
0.08958439457736969,-0.4175683697652667,9.454818569175698,2.084942865499702,-5.428620855608072,-1.9907628805527127,0.1113922123924283,-0.35262713434702725,9.417761037604057,211,0,0,0.1527,0,0.0004
0.2780207704716154,-0.05053410483171206,9.731300225614126,1.1316564588172775,-1.3456359390373305,-0.6570081634369629,0.266909957079314,-0.08648026474792828,9.805682426126095,212,0,0,0.1537,0,0.0004
0.6349417374827326,-0.6348293966246652,9.822443337966586,3.0367299500154825,-1.4922505746818926,-0.5261832737681381,0.6460455690501232,-0.6789252514769175,9.858620022787278,213,0,0,0.1625,0,0.0004
-0.02434077479949449,-0.14394890356664491,10.218726727310939,1.4080689174057568,2.443923385865226,3.266921220708693,-0.060070023989203386,-0.07727979764189845,10.26394129415209,214,0,0,0.1514,0,0.0005
-0.4221961988907387,0.809002189622243,9.878379744289765,-0.7427256909907893,1.3913725893104938,-5.629946543290021,-0.44588728429132574,0.7802969739790562,9.83206596973416,215,0,0,0.1442,0,0.0002
-0.5691780534074802,0.18967284706634754,9.63061280211929,0.5312512379608153,-0.9180390686624564,1.2275921429538486,-0.6403408713933734,0.18322825568072595,9.600261173119877,216,0,0,0.1537,0,0.0003
0.4752235675649099,0.20638751229621838,9.966724642137558,-0.08045906627531568,-0.11683491976568529,-1.1260210431941728,0.4312783859677668,0.2151486911831053,9.960645075865092,217,0,0,0.1537,0,0.0003
0.2830232930971325,0.1172089819796808,9.576919220440091,-4.102826730498599,-2.779385812606385,0.6585626945256419,0.17463389170795227,0.13910224327736978,9.586098355699368,218,0,0,0.1537,0,0.0003
0.10924140494985703,-0.3271029977625854,9.999518851924408,-5.855132587729797,2.795502065854848,1.6773079494828491,0.0596064606111706,-0.2643376870146087,10.016519781938216,219,0,0,0.1537,0,0.0003
-0.27787101509999984,0.39185786959137814,9.811066784602657,-0.8173662198406957,0.6052397207660012,-1.2237413163371076,-0.25501449753338634,0.4909269635895357,9.821398050686641,220,0,0,0.1537,0,0.0002
-0.11315634775985217,-0.3966635899642462,9.960270640564916,0.2851374746687938,3.272413138180731,-2.8555590284792567,-0.11137898962405862,-0.2917529239522876,10.001617558473919,221,0,0,0.1537,0,0.0003
-0.1367876984811477,0.39936863399092276,9.774775932325827,-3.081139491425472,-4.4745037325389365,-2.825477971830989,-0.21951446065502433,0.40473108011833914,9.76235205106828,222,0,0,0.1537,0,0.0003
-0.26902840018696333,-0.061942415985678206,9.586883888160976,-2.6925319957301626,-1.5279628123328153,-5.422295486528492,-0.27095939112685097,-0.05217036133098309,9.622586688009996,223,0,0,0.1537,0,0.0003
0.05792368060696826,-0.013052249528220993,9.299434493239605,2.115524596619425,-3.5928012525271926,-0.9808230617795922,0.07370363416915493,-0.04277491951961131,9.34963997937207,224,0,0,0.1444,0,0.0103
0.35071772289196373,-0.5534832354360831,10.076911001203198,-3.982615530364451,1.0761925686965308,-2.4284957110484795,0.37725932606122803,-0.5447950501152254,10.037280458845373,225,0,0,0.1537,0,0.0103
-0.18140084690184788,0.10664255413935414,9.981702508163924,-3.5791293255325165,2.1941876185447806,-1.592473258613794,-0.14542374275820805,0.16078871662809166,9.937401619854759,226,0,0,0.1537,0,0.0004
0.1917505754537773,-0.5930091202877732,9.547832899373294,2.897920052189916,-0.2885485831257571,-0.8687120238156311,0.18703817518333105,-0.6490611486647201,9.582388020166718,227,0,0,0.149,0,0.0004
0.5048331719694954,0.06742136438232219,9.896733308260215,-6.697123118082835,-3.4004296921571777,-5.026311877326659,0.5353798432875837,-0.04610263228753375,9.912984418923228,228,0,0,0.1537,0,0.0003
-0.0014795043789723812,0.6506667690755137,9.6960693581362,0.7606169441554905,-2.541385340557251,-2.833696425685258,0.025249649837183946,0.7529296422418184,9.732288117059362,229,0,0,0.1385,0,0.0003
0.392306346865555,0.15634118549130258,10.048027075981842,-2.9087006211755075,1.8709563632075974,-2.4760839876012586,0.4048959393972495,0.10442791096943124,10.045589425175665,230,0,0,0.1537,0,0.0003
-0.34116005397870813,-0.083734367526712,9.68475010432389,-3.2764297531668127,-1.1883633927138288,1.9342371822841167,-0.36674959043472355,-0.14592186359840487,9.698326505541782,231,0,0,0.1537,0,0.0002
-0.3786549546886235,0.08877044247659406,9.82216886161003,-1.48320601255259,3.64765197305754,-7.743907858591798,-0.3498392652348196,0.10600182641548775,9.775934065516253,232,0,0,0.1514,0,0.0003
0.12259555263850755,0.2589666254152327,10.309519464281182,-0.3408365784503153,1.6678659484220293,3.017248741946804,0.01069046857653519,0.2753572764019909,10.221411104744934,233,0,0,0.1496,0,0.0089
0.6234997273218928,0.41665849793301374,10.011549324404408,-4.723608639725432,0.6192327590376211,-1.3123767382502018,0.6813144573719678,0.45232694109482485,10.047893498957668,234,0,0,0.1504,0,0.0089
0.47336419418022413,-0.24374766614189555,9.324115960063072,2.838492131903744,0.21403999706453192,2.393746513686635,0.41676796454103604,-0.2141121174888086,9.240136392537554,235,0,0,0.1072,0,0.0088
0.8294595963005024,0.38582425012592264,9.710791262229499,-3.9345773980043397,1.410114415266949,-1.8960381933669328,0.8008859829735044,0.3461787945865649,9.691820122763971,236,0,0,0.1574,0,0.0079
-0.5851247040385016,0.12225015984094421,9.49471059115657,-7.992194630489161,1.6662160272391142,-2.5580115291499594,-0.6158715791734071,0.11527146760890335,9.516972469872542,237,0,0,0.1455,0,0.0079
0.054652088169705515,0.29223315415887124,10.041687441839404,-3.6025845321629637,-1.4641204794259561,1.4608994324074125,-0.01882082219272442,0.16349706009238404,9.943228155105716,238,0,0,0.1537,0,0.0079
0.046428881175185635,-0.11660622699711193,9.667837462600831,0.752204828791211,-1.9811347296309716,-2.0972412060127166,-0.0803684364522579,-0.07226825672674246,9.639673035738035,239,0,0,0.1537,0,0.0075
-0.2896896139851233,0.6316852777970419,9.966857342074372,3.3637276306164114,-1.4564826394681851,-0.8389448597979314,-0.2865961723733006,0.6294728478806565,9.978649805565054,240,0,0,0.1532,0,0.0075
-0.02573795090250543,-0.4779381169509846,9.726446741308582,2.576453135021414,-4.98483153519669,3.8542567847150373,-0.027599620828964992,-0.4379744126482209,9.746173993533057,241,0,0,0.1537,0,0.0075
0.18342002429833168,0.5347039188997368,9.752618919976777,-4.1924640590452675,1.657372657424662,7.6228485373147405,0.21569295292725196,0.48216399837219626,9.800050866157207,242,0,0,0.1501,0,0.0072
0.1779907370538278,-0.18888445057055284,9.771538466986524,-0.9403128472498034,3.4921603311939204,3.665885326256691,0.2439791548897467,-0.19177138109668893,9.73596904042158,243,0,0,0.1537,0,0.0072
0.08014894302629227,0.5677517430789294,9.669818236485085,-3.479885293341688,-1.5076383893523961,5.874735958382608,0.09120031419430859,0.565909265988338,9.649645376978281,244,0,0,0.1536,0,0.0072
0.2972119622753962,-0.30752026831866747,9.56025691633032,-0.6643878603546467,2.1454215216364174,0.4404485161217183,0.2921638335011388,-0.31765351183094515,9.560237620346381,245,0,0,0.1537,0,0.0125
0.3456359112852933,0.24401392206852723,9.674843883255901,0.18703289675263315,-0.06007657206388725,1.1985655013208134,0.3688461792959757,0.25320774218526715,9.669623760780077,246,0,0,0.1537,0,0.0125
-1.1102397391961354,0.2560023693499651,9.87460554045469,1.122731091157153,4.604704291074937,-0.3476390793001405,-1.212175277269694,0.29588123802411614,9.78997805103551,247,0,1,0.1317,0,0.0408
-0.29221587746792294,0.20528974517125018,9.876547781806794,7.066980329185542,0.7424448553097913,-2.684715471819082,-0.3198356347561731,0.21832019751158976,9.817032363095842,248,0,0,0.1524,0,0.0411
0.002432007918037872,-0.025623327810725,9.986065066903496,-4.474297469429011,1.7715198331707542,1.6995763215939574,0.059855195054214966,-0.01603898658939332,10.13231486594163,249,0,0,0.1537,0,0.0408
-0.31792258546479246,-0.16913930079197068,9.83580404897956,-2.799207082208013,-3.586249554775291,-1.1217385300764877,-0.32835272732589554,-0.18248212763387817,9.733493207864475,250,0,0,0.1537,0,0.0408
0.028591673362728883,-0.3743934123522085,10.222721558280861,0.6962417525249508,-1.166807408912511,-1.4018305250893195,0.09497354906944545,-0.40432143514674135,10.193518137000183,251,0,0,0.1533,0,0.0511
-0.0336851745298499,-0.2262805418665697,9.919716868074826,2.7780612456083493,0.2873473336767406,1.1936528561428266,-0.03043162338411319,-0.12316043652292999,9.958698039240721,252,0,0,0.1537,0,0.0666
0.346812697409832,0.08349717525615097,9.827018140008406,5.055440792320102,-3.83631447121238,6.277450071080745,0.31618881083031614,0.09931853837672586,9.870232451444016,253,0,0,0.1531,0,0.0343
-0.48881594227025715,-0.05939528105440681,9.36999083510068,0.028273211078842623,0.4554730493564958,2.245813494325847,-0.4719382498656162,-0.14021215274396417,9.397406077919264,254,0,0,0.1487,0,0.0418
-0.0011054083448861804,0.616966280056869,9.8973305765573,1.7053452618483693,-5.0821614004437325,3.8690228518078946,0.01281917564393353,0.5912151392777586,9.974523576534196,255,0,0,0.1532,0,0.0305
-0.1205849111171482,0.14867510903644887,9.889091905505168,-4.800197028600348,4.304655379045709,2.5395606748429636,-0.11816495711033903,0.16014371000906702,9.885644052627361,256,0,0,0.1537,0,0.0305
0.063013602145164,0.17649114954784623,10.44016772646545,-4.672385163317322,-0.7109685750384556,4.795174217180728,0.0200314836152009,0.2709367494059687,10.389709954809495,257,0,0,0.1134,0,0.0503
-0.44565918209905214,0.008555329152569287,9.671532068350123,-0.05412109806868566,-1.7601042329636956,-1.0736138793849224,-0.4794711994864781,0.04186231299870655,9.556686245893749,258,0,0,0.1537,0,0.06
-0.14713122599767842,0.11784103096294693,9.64148283050283,2.598665465814335,-1.188457379852712,3.3505374845952405,-0.16494725976996302,0.09874407007043458,9.627752417574229,259,0,0,0.1537,0,0.04
-0.36403343931897797,0.3097387103333659,9.89209390016956,-1.0933398668373644,0.119229816519445,-0.08479665470261769,-0.47823470127558276,0.33748280909651773,9.925729302885362,260,0,0,0.1537,0,0.05
0.0949138729107116,0.16838117929978022,9.664221510698269,-0.037714026956552835,1.0304075547835427,4.563556401039719,-0.007192698046490337,0.1365586127442121,9.691580810792773,261,0,0,0.1537,0,0.0502
0.18055539869067966,-0.5558671662243074,10.126237384619234,-1.6437257746805034,1.4196380829255084,6.566396660531829,0.2167757773903464,-0.5120320731559462,10.13582043583301,262,0,0,0.1531,0,0.0403
-0.1565033449725101,0.5960586293497853,9.862078641655037,1.9052116697177683,1.3084369497369184,4.101895007934891,-0.17144587212716586,0.6992568669244044,9.829087290448278,263,0,0,0.141,0,0.0403
0.5272693051754974,0.3334619884542131,9.730303690587425,4.295749938716264,-0.5659373238140103,1.1485654217496475,0.6507617341458577,0.37162825439101066,9.689958141395646,264,0,0,0.1456,0,0.0503
-0.2100165247425679,0.31874459035244135,9.825112786765963,-0.674676544751996,-1.6748837182662157,-1.8923511152957715,-0.09998535175105197,0.3525295014112597,9.826911298914874,265,0,0,0.1537,0,0.06
-0.28794706414100263,-0.22632855757875142,10.099160494137353,-1.4612600484118439,0.8430645479419392,3.325298702803962,-0.27616084326385526,-0.2488295644694318,10.126223607690498,266,0,0,0.1537,0,0.05
-0.17574561749331924,-0.4102423021477668,9.849750632710462,-0.924816267860864,1.4935928098063154,0.033182592930388555,-0.0820452984036313,-0.42105256587089307,9.838975383614097,267,0,0,0.1537,0,0.0557
-0.1259766633294908,0.1128981273757078,9.718009985859899,-3.0707154303049364,0.84566340391685,-3.2642084609642277,-0.07869627612505736,0.11478813845167396,9.707609681768218,268,0,0,0.1537,0,0.0507
0.2937300608085331,0.16474734876343375,9.555300176222506,6.6658400630825945,0.05296612828526215,1.5131586335169522,0.3429237123023543,0.10329216574517994,9.569174385751326,269,0,0,0.1524,0,0.056
0.006008261904170085,-0.2099457602065597,9.826695523276781,-6.375013889112988,4.26559775735684,5.270887885653545,-0.14548754252233248,-0.161721967923248,9.794262737743146,270,0,0,0.1537,0,0.055
-0.05850891586688144,0.11734546093248664,9.832768936603593,5.406942852876495,-0.40491015434098926,-3.2338206356043067,-0.10547260130410469,0.07777826662487142,9.821351323021952,271,0,0,0.1537,0,0.0553
0.07460667175913988,0.035221832560336744,9.703003513400201,-0.10962471887944891,1.2559053782318186,-1.0390130528616521,0.10902488743061772,-0.016069655135887484,9.641877358631735,272,0,0,0.1537,0,0.0453
-0.07851884969887496,0.5984732847753509,10.127184946238858,-0.5801799410732859,5.9961955299717,0.5490687397795555,-0.032285240324467494,0.5935803607627332,10.08519529051282,273,0,0,0.1532,0,0.045
-0.6991875025265272,-0.013584439312905134,10.121817474232458,-2.8880146680534815,3.962191325218907,0.3488087369453488,-0.6527837612959896,0.031220736176809413,10.10527055736727,274,0,0,0.1536,0,0.0314
-0.24760735942994794,-0.4010536676726291,9.590266220167257,-2.052778828978091,1.5869230717595053,-2.6072495751090585,-0.290666244576789,-0.3795317184075703,9.6647685242571,275,0,0,0.1537,0,0.0314
-0.08341858803747096,-0.09152372752053445,9.867302246310151,-0.38045886225585324,2.243009069732215,1.6499191777214823,-0.1289725731779648,-0.006565814471882675,9.908071188432462,276,0,0,0.1537,0,0.0314
-0.06839893774367622,0.026268817723987706,9.810381525656371,3.337469848569701,4.773378870880604,-1.4522327460136695,-0.11721779767821931,0.014153892692201643,9.782367853085068,277,0,0,0.1537,0,0.0414
0.479490453119655,-0.5717986301345493,9.612672383084815,1.3565261008263882,2.134195696465518,3.649275158096071,0.4863564481234185,-0.5373942575368844,9.599515775307873,278,0,0,0.1537,0,0.0328
0.5590774974798791,0.08335912560222829,10.179802074924083,1.519247120788219,0.5131179129667417,-4.915174350087929,0.545918759701226,0.14019494172586483,10.198359937961373,279,0,0,0.1525,0,0.0329
0.28243246842166164,0.274868793917658,10.231326872455895,-3.5250948538472233,-1.8984235605882265,-5.068915519213753,0.2725350882599851,0.19136303009252634,10.250156104262553,280,0,0,0.1527,0,0.0329
0.007393750078771105,0.2868937410925844,10.122395496010014,-3.6137962268274313,0.7227117987250512,5.080795251270997,0.0137879347211502,0.24446662575753264,10.18968286259476,281,0,0,0.1533,0,0.0329
-0.2897597512881696,-0.15864275122469132,9.953784769718654,-0.5413824440506848,-0.15419776620192285,-1.0392495789850258,-0.35712760713900493,-0.202585764596826,9.931940817020783,282,0,0,0.1537,0,0.0418
0.43218543439674145,-0.04099444970202595,9.84203342810004,-2.0934538261090525,-6.021486181230972,-0.704276353642726,0.48035930917343317,0.014378205065977007,9.772345249408085,283,0,0,0.1537,0,0.0314
-0.03587990717255774,0.09855783972359339,9.466137192716594,3.2199407562248434,0.14312838580107734,-4.709545781138742,-0.0304558502205598,0.0773787403638882,9.44301882489491,284,0,0,0.1534,0,0.0314
0.172586292773304,-0.26228542467894894,9.62389201498538,-0.33073314003811793,-3.5711315812420708,-1.9966272456525207,0.17155402428243094,-0.28092907461855227,9.622715242899785,285,0,0,0.1537,0,0.0314
-0.039551466005333,0.1701596297834393,9.749615736411323,2.0990194198228265,-3.3577490330714856,2.885463081294902,-0.026495694356496055,0.19642023739130354,9.700167141298921,286,0,0,0.1537,0,0.0321
0.01855640422534657,0.33030539768461786,9.80100052811741,6.8342609472020275,0.6846636245916872,-3.613660893204841,0.007899912360652777,0.345873359124621,9.71296803998429,287,0,0,0.1524,0,0.0321
0.058896933883372124,-0.14387107799976956,10.175786707694831,0.9158760871054896,1.2563747219457724,0.5596827468548582,-0.008824776172382143,-0.1505872446380161,10.129785081812509,288,0,0,0.1537,0,0.0321
0.4909088338174501,-0.08832572364369505,9.927773840311623,-1.91181600163313,0.8791755454577482,-1.0020637173774989,0.506010636802572,-0.10722840671045418,9.859186495721984,289,0,0,0.1537,0,0.0324
-0.13280478223349151,0.08139604293154998,9.6745656093182,1.8064707150621855,-1.054627567205303,2.877173899647784,-0.13116476434092225,0.08669203505298785,9.6902591777342,290,0,0,0.1537,0,0.0337
-0.11301908649622018,-0.10663975406949783,10.039037774831034,1.698230935994284,-0.27442262150721664,-0.0952111791327423,-0.12482390984105353,-0.16494824861257446,9.99223929118824,291,0,0,0.1537,0,0.0339
-0.21084802862704272,0.09601946661799843,10.124200276463489,-0.5133456585272833,1.0192778086200966,-0.5338969433471301,-0.21744821535988268,0.12322977152686838,10.119417719399374,292,0,0,0.1537,0,0.0331
0.06679212323455411,0.15079020510744726,9.790657024357415,6.105306384889442,3.1906312087983926,0.9579594164918033,0.035926887266553215,0.13835127943647665,9.692235891443477,293,0,0,0.1537,0,0.0318
0.029982548443580184,0.06651710404657864,9.683864738683335,-6.130896621546706,-0.2000043641425382,2.9288145917414248,0.0011743637877530827,0.07253913885268755,9.767380710486023,294,0,0,0.1537,0,0.022
0.0005608283987204577,0.4344670852704539,9.87449806693481,5.483891096372078,-0.5484477033302211,-5.4081497058792385,-0.022658374082619354,0.45126199840617903,9.912216451295071,295,0,0,0.1537,0,0.022
0.1626209173525978,-0.19818620636497994,9.853483393226185,-1.4833723140539044,-0.21455727998209875,-5.413382725173523,0.18049043551241595,-0.19311368984365176,9.909216924953075,296,0,0,0.1537,0,0.0216
0.048663338236672384,0.2940741316686611,9.825284664837453,-1.8454724382782972,-3.075414599912116,4.483116032617338,0.05668384279686248,0.24076308506602667,9.896807663521022,297,0,0,0.1537,0,0.0051
0.27308331783965084,-0.4874885090924138,9.555818017209035,-1.9180336792670132,1.609120384170361,5.267511713434716,0.2463586477781916,-0.507205681193885,9.541031491108876,298,0,0,0.1537,0,0.0181
-0.1953737161621693,-0.0797894060976926,9.54493021501223,-0.8559627511707972,0.7152247596678107,1.529039815771167,-0.25662925541728876,-0.04069773797459219,9.562308611674538,299,0,0,0.1537,0,0.0073
-0.4342488095906096,-0.2944005925568033,9.50452643480191,1.5736483926011395,-1.2894594598825269,2.870642481545847,-0.4373797414770573,-0.24746232932744505,9.51506956549959,300,0,0,0.1537,0,0.032
0.026197843576220473,0.4642060301546054,9.849830046627362,3.031373566672307,-0.7873877370030147,0.3210118005296509,-0.01998653725738954,0.47961690395921736,9.891132540233658,301,0,0,0.1537,0,0.042
-0.030371865183215375,0.13076609894955948,9.88296225211835,0.33229759296834716,-0.4377344592961311,4.858206717571294,-0.003517060636668363,0.15088489815020187,9.81028755134665,302,0,0,0.1537,0,0.051
0.06805960880475485,-0.1824583442768408,9.952694512038981,-1.7899145177385334,-2.9053631169678624,0.9655741502069082,0.02149657125248928,-0.2259787703122599,10.048264246101038,303,0,0,0.1537,0,0.0526
0.019959471881198083,-0.23279478341681034,9.896763553637658,-2.097304369483903,1.2042322404674088,4.623614821643946,0.07286817199615528,-0.3397890479233768,9.905184293833008,304,0,0,0.1537,0,0.0526
-0.6457171593211117,0.12391090581956715,9.81207778215967,-3.587053141203718,-0.7069548253833517,-0.6406568824069204,-0.5937950469755641,0.09588467299176175,9.761227324239295,305,0,0,0.1538,0,0.0355
0.2924270259617814,-0.3836032475405077,9.784775562223233,2.8127494225355463,-2.4161700174382705,3.86318142528211,0.30819843459426394,-0.48834705123183486,9.807435294146229,306,0,0,0.1537,0,0.0387
0.3939431536830708,0.6676291392453383,9.744328025666524,-2.1661907320425944,-2.657189019998198,4.337954198985724,0.4211025760395181,0.5725298768141586,9.771934108909305,307,0,0,0.1536,0,0.0216
-0.33688285864851314,-0.0593688281148593,9.692314778732905,1.887733779743397,-2.54394214063516,1.0064550495850133,-0.3304747597130601,-0.036422241435321495,9.621315602479733,308,0,0,0.1537,0,0.0216
-0.14098359561278584,0.03221776092147468,9.781321593988805,-1.1724695055946475,3.7101651094062857,-1.6012903610422278,-0.1263777418799429,0.0011466125912126778,9.809931399110486,309,0,0,0.1537,0,0.0316
0.2308080906819099,-0.09621634010599635,10.07199696349887,3.2323843676201154,-0.9892374270728943,0.38707690251408833,0.23741158373013468,-0.09322662924690256,10.039276133414571,310,0,0,0.1537,0,0.0316
0.37640459274760957,-0.1323568453744965,9.897567972116061,-0.9685501623366175,-4.15744949249469,0.9385383650538653,0.4568935900243671,-0.1520894861497905,9.868432319883592,311,0,0,0.1537,0,0.0216
0.15613800418752516,-0.1909399903099319,9.27688925443157,3.655743919359331,-1.8911243519525487,-0.16739810011555703,0.15739353673329623,-0.14987067409312954,9.307635355375282,312,0,0,0.139,0,0.0114
-0.14170475128757082,0.09446941731656666,9.910566264261139,2.6692494777040827,1.489273564265331,0.940204588288915,-0.11633131439035743,0.052746373662917706,9.928021290252053,313,0,0,0.1537,0,0.0144
0.8588805155297141,-0.31152226663168886,9.859136278917097,-1.2305511689098498,-2.6496096896120505,1.0707612250661764,0.9751293768631994,-0.4392860651903122,9.865324586927247,314,0,0,0.1483,0,0.0113
-0.4990959049079313,-0.638347688371171,10.291617268947904,-0.9216051535255151,-1.7246407348123882,-1.1450926392047318,-0.44621194941543524,-0.6178598997027002,10.34836226410748,315,0,0,0.0815,0,0.0113
0.02606708363573249,-0.4236577780556597,9.942853595956512,-4.858352432127624,0.9025656340190449,0.5744745759693436,-0.051438818002261785,-0.4536208122676322,9.942000836851692,316,0,0,0.1537,0,0.0113
0.028546614941795393,0.14037138883036754,9.736079923186598,3.402377063324662,0.8022643844547652,1.4965797340714828,0.09196102569167885,0.17792497176095706,9.790014131744659,317,0,0,0.1537,0,0.0213
-0.45639138040876026,0.050302615106880146,9.588599338565267,-3.962108881921142,0.8513284092056018,7.038202101173489,-0.5338836520793305,0.03281798910799526,9.61588014662939,318,0,0,0.1531,0,0.0113
-0.4798239357880272,-0.24390510511309532,10.335739251707913,-1.3529574802473943,0.3168217085854987,-0.5731047739630604,-0.4447895334344353,-0.27126384289183686,10.274540218053161,319,0,0,0.1328,0,0.0113
-0.18457990752005932,0.4330808754444395,9.790351803273246,-3.0658776373087573,3.677755849519987,-0.7902809390281698,-0.17311299236115774,0.4657349447756094,9.85098350228416,320,0,0,0.1537,0,0.0113
-0.15282454174308155,0.5459067304724584,9.830031660113825,1.448778490763194,-0.06430935024536234,2.433012548965841,-0.07824500313223541,0.583791432777881,9.883110374148739,321,0,0,0.1532,0,0.0123
0.2658430420909219,0.3442214953395571,10.071446854795147,0.4470626455647416,-5.410573064653338,-0.7195671806138607,0.27751223331823754,0.30999932221950866,10.083235439765733,322,0,0,0.1537,0,0.0013
-0.5430631806631853,0.25068215644684244,9.992256931575291,3.458378099112748,-2.0758656201036825,-2.813221800854998,-0.4958329227869956,0.32076920571787687,10.072554381378062,323,0,0,0.1537,0,0.0123
0.046337494862136605,-0.1297087628998824,9.79529127138279,-1.4017048730746509,-1.8898097571577155,-2.40620972721305,0.10021869123570477,-0.13583109578969016,9.807823124600645,324,0,0,0.1537,0,0.0113
-0.19546503758563952,-0.007118767913106942,10.126720616251426,-1.135982370867387,1.0275707308830717,-4.750115308416242,-0.19029428980694485,-0.0659835979190779,10.23311102091606,325,0,0,0.1527,0,0.0113
-0.06223274200714128,-0.06537670027482574,9.571478587244679,-1.8954969365370942,6.3847115488768384,-2.117403039795357,-0.02997091650230837,-0.08578734567319544,9.580870971804893,326,0,0,0.1537,0,0.0013
-0.36114424883489776,0.03019418606512099,9.997783010859836,1.6136030054967252,5.426561509146786,2.1110865487732653,-0.38303490876777124,0.046028050421620774,10.008077118998086,327,0,0,0.1537,0,0.0013
-0.43825029018141076,0.01303567318440731,10.070547068023012,2.6929397767446446,-1.6817507154711349,-1.0487262165562563,-0.35004053183773187,0.08065998698777053,10.087136320068549,328,0,0,0.1537,0,0.0013
-0.28737279055186615,-0.474985813050044,10.046424641787704,5.7186217867884865,-4.129241034429572,-1.8994516996742905,-0.39380815235617855,-0.47474127372701663,10.035915014686159,329,0,0,0.1537,0,0.0002
0.036187556749924125,-0.23217666903471587,9.980509497354591,0.21223011353743798,-5.58207363181808,3.305416689176844,-0.008683946639812354,-0.19437160225757566,9.974706973873552,330,0,0,0.1537,0,0.001
0.1203767010639223,-0.09853982770354808,9.96252494941936,-0.03416214691628273,-0.0632716810141652,-1.0873774506252776,0.09759000328273011,-0.05303726911154005,10.02338441021093,331,0,0,0.1537,0,0.001
0.5043996701420973,0.3299998356936934,9.987236482859306,2.6321422391160136,-5.107105701042157,0.2390411249121447,0.4556777620305116,0.32057309495936887,9.998452712365248,332,0,0,0.1537,0,0.001
0.3798801128301618,0.2329299485941705,9.671367253985098,-5.608273430561962,-5.733256688183533,3.7060766580416487,0.3610312473062342,0.17430931683859555,9.744941908609096,333,0,0,0.1537,0,0.0
0.584985775345307,0.10741578744748147,9.492574099191502,-2.6125086680297205,0.3226373262932612,-4.78355439559982,0.6259563518394035,0.09450552672147469,9.49289738465356,334,0,0,0.1552,0,0.0
-0.10381118574389503,-0.2526368987786737,9.668636590973055,-2.3754597417477386,3.5429991534936702,-0.7643509186843657,0.00465639728555689,-0.3016005031377798,9.682629151013845,335,0,0,0.1537,0,0.0
-0.4788501510520848,-0.4223878701233866,9.519703808049748,-1.775495229104326,4.8151118014003895,-0.333946688423512,-0.34519792779600295,-0.4720189508489891,9.484016117031382,336,0,0,0.1537,0,0.0003
0.30595355057855356,0.05047190795134973,9.614442528292425,-4.467881385991096,1.770253302898917,-0.42820711107282894,0.24629548401618317,0.03354396098037896,9.556963895648932,337,0,0,0.1537,0,0.0006
0.02771209450738301,-0.24925229280733646,9.929079992365292,-4.242172570591495,2.2485563736949747,0.44250775796104835,0.11158444047564592,-0.25643208708222953,9.99435782970585,338,0,0,0.1537,0,0.0002
0.21434206272121467,-0.17199903129168317,9.924257700477822,-1.6135744414811082,-2.0051830376483584,1.611076485412172,0.22472261970330915,-0.12166173913414335,9.898849151711616,339,0,0,0.1537,0,0.0003
-0.4097411535402599,0.00014447929572132024,10.175858310119104,6.147612683999093,0.06378525123389278,-4.40031454703019,-0.4271710765930452,0.09499971537035198,10.149246320228277,340,0,0,0.1537,0,0.0002
0.45266028412860754,-0.11476222922780362,10.28112082914882,4.245131773803337,3.8007882171125162,-2.570197026723182,0.5386608043828642,-0.014636056087660762,10.300366789655664,341,0,0,0.1486,0,0.0002
-0.15901418006484389,-0.07001572788600803,9.761800934529278,-3.1601501129275356,0.6200636384869992,1.2499423634346225,-0.142886498267485,-0.08692314389606284,9.738023645336163,342,0,0,0.1537,0,0.0002
0.1974874061981804,0.23190138970748858,9.915812706691119,2.827185278403544,-6.4137221197615215,-1.4081987520017636,0.21700740004081537,0.22382658577001338,9.92541292416245,343,0,0,0.1537,0,0.0001
0.344783167234777,0.05153083759980091,9.887954480109943,-0.0874973427906738,-2.853527337354378,3.127755504008852,0.3025076389810349,0.04469911632995535,9.875682476281508,344,0,0,0.1537,0,0.0001
-0.10539516659478522,-0.11941590974146205,10.190019185501765,0.2358603315071169,1.1394535736176175,-3.4422147747605143,-0.03558836105644678,-0.15318422852588628,10.249788138283145,345,0,0,0.1527,0,0.0011
0.024803348496835968,0.3449865370499303,9.718331905494077,-0.10426312040361795,1.646505881987033,1.6139215786361767,0.10645614919242667,0.31774516798370755,9.720424544076334,346,0,0,0.1537,0,0.0017
0.23963560160099895,-0.07828442582022196,9.679656899064243,4.120361187494537,2.089192287164369,-0.14550016178786745,0.2201026342414093,-0.010892172493608285,9.696982093118624,347,0,0,0.1537,0,0.0012
-0.6357787241435698,0.3792631722875114,10.006416858858621,-1.1349306099326617,2.960947586390045,-3.4585158432978784,-0.6203444178320694,0.4658152084660761,9.981448875091706,348,0,0,0.1538,0,0.0012
0.39110932987489894,-0.05138653404098976,9.379605056215034,-3.2005359070578354,-1.082293584667252,0.590342109467942,0.3325105299402347,-0.034198117701326164,9.453416382367124,349,0,0,0.1513,0,0.0012
0.01803430402881448,-0.6592155250321333,9.502282102870144,-2.785092477639072,0.5345637562335748,-1.6121986125353518,0.027023982182951316,-0.6499353418299492,9.512523344136284,350,0,0,0.1526,0,0.0012
0.09518649112914836,-0.49271983952896037,9.402279487556724,-6.049805662501656,-1.640078814648334,-2.248532837887159,0.08606320172757956,-0.4250428336747416,9.44565200890037,351,0,0,0.1511,0,0.0001
0.0682602293820034,-0.1474554859083169,9.644677200355327,-0.5238526636864211,1.2239757038438046,4.770208513011774,0.016255858826663395,-0.15172753035505576,9.679798664552347,352,0,0,0.1537,0,0.0001
-0.23907438518685786,-0.27451237822312835,9.930357805544876,-3.358376206949793,0.03796607109779165,-2.053422699390837,-0.2812573473418741,-0.3032954648542926,9.996273388945717,353,0,0,0.1537,0,0.0001
-0.2262589450084549,-0.49018501527172753,9.68565493984755,-0.4860191090500833,-0.059445861659793736,2.5433107060546423,-0.24667141163067782,-0.4270974702697298,9.627355680825064,354,0,0,0.1537,0,0.0001
-0.2356932739369318,-0.2534072365976367,9.630912773516878,-1.4402694451292017,2.0431855445979377,-0.46833722734035044,-0.3077130281470626,-0.2342142074979912,9.67137830598396,355,0,0,0.1537,0,0.0001
-0.26001582359792025,0.1407427598152257,9.621856648086426,7.056318210715194,-2.009731005959732,4.219138797660522,-0.24985675841955204,0.18555649520118334,9.593045918862968,356,0,0,0.1524,0,0.0001
0.4119320644604111,0.22238760561108464,9.725667782566855,-3.661975643642491,-3.0023392047186133,-5.022795778794546,0.3844757197435087,0.1801949773734376,9.666668267527827,357,0,0,0.1537,0,0.0001
0.17868309264468224,0.11214432698681634,9.67213046718388,6.782097006312853,0.12018139889509652,2.239289760869622,0.13346141723421262,0.05695155403759519,9.633468539287684,358,0,0,0.1524,0,0.0011
-0.268048114987721,-0.2280304392650041,9.56133817331334,-0.8887310049467996,0.9105740238749191,-3.0639367492463627,-0.2117898475875758,-0.21187855174560405,9.595441627742574,359,0,0,0.1537,0,0.0001
0.3895963539629168,-0.14236436756293677,10.19869760020826,1.6733331034362275,-2.752794598704332,-0.39931292053750234,0.3520952399243114,-0.16986445713020087,10.10126477623745,360,0,0,0.1537,0,0.0001
-0.37340864805151747,0.17572089288258846,9.766858567695243,-1.4276854341521308,-3.2671032113133336,2.665961781435977,-0.3990274192040633,0.12570297427941465,9.807189262319108,361,0,0,0.1537,0,0.0001
-0.0852364281542395,0.09439025143797757,9.77726287382802,3.0724801540798046,-0.7024951213927404,-5.334776781363198,-0.15868879204819078,0.0290323897306574,9.666187704740588,362,0,0,0.1537,0,0.0008
0.3181046354593415,-0.10007683055967723,9.715505838899865,4.002650320718303,2.9013124528636944,4.28472194925755,0.3324911727228738,-0.08477357284998235,9.749714939254869,363,0,0,0.1537,0,0.0001
0.1595562443775275,0.2400685695974567,9.741695155074476,-1.781075784061076,1.7430912720397638,-1.0530236998461069,0.20843868493357698,0.2249247063411431,9.840683036722929,364,0,0,0.1537,0,0.0002
-0.5190832331001964,0.019500541379836582,9.725350064662491,6.718373818238551,-4.161405096681085,-2.7670802652800957,-0.5594940670633041,-0.03382381227452852,9.656640766837583,365,0,0,0.1524,0,0.0019
0.46743829326630004,0.30655754684228076,10.346626952508213,0.5952655166263389,2.024237859453128,-0.8697956561142792,0.44455109535286313,0.29387804430239894,10.298533735583124,366,0,0,0.1295,0,0.0119
-0.3000860198219284,-0.4279496705849556,9.65876187574946,-4.331071807661046,0.09918208127769984,3.000103221405034,-0.2878445068772934,-0.37558163791828014,9.659341996722208,367,0,0,0.1537,0,0.0103
-0.2661588028447819,0.141880381654823,9.648451056050519,-3.3126727087207137,1.3675658265501083,1.7616326344305258,-0.341745659240827,0.05200256493652937,9.66631303229696,368,0,0,0.1537,0,0.0208
0.11948739969293348,0.17520703014348035,9.713606630916006,-0.09344923507566696,-3.0953696411636598,0.6175413843914451,0.10204626588140916,0.28917418140366213,9.601654145222653,369,0,0,0.1537,0,0.0208
-0.03501769320235856,0.08096373270861586,9.845109662256467,-5.001462040964231,-1.7687880938124245,-4.585305602745279,-0.00046834348310518387,0.09366552359658208,9.789681497566235,370,0,0,0.1537,0,0.0224
-0.5176200345826611,-0.5527106147646007,9.652579663989048,-1.7182743785951926,1.7836819220029088,1.5335906278910922,-0.5066627090322408,-0.6332626621932811,9.681536826220295,371,0,0,0.1414,0,0.0308
0.05013023155053897,-0.10718212834024636,10.012659710380138,-7.233223093421247,2.9697749397979614,0.6017239734638167,0.10447092752515488,-0.12761621857956462,10.053474839084242,372,0,0,0.1516,0,0.0521
0.2415229294851121,-0.04403180944372226,9.924790912626872,-0.32747820515988685,-0.04918678306783658,2.3848667587974783,0.23879132872947986,-0.006022130792513444,9.90809189217019,373,0,0,0.1537,0,0.0405
-0.08590001664435666,0.08380210028929756,9.614088529855582,-2.436305014519933,0.5339863416527051,3.2071315760399024,-0.14696173610624608,0.14390664825324515,9.673030228345265,374,0,0,0.1537,0,0.03
0.09638101514074486,0.08004012866310285,9.888345377497606,0.07844079573737779,-1.446972541598934,2.25382783106282,0.07696813142848445,0.15715140300303057,9.86799819151856,375,0,0,0.1537,0,0.0416
-0.19831413742225537,0.047685239386194095,9.63021058848929,-1.3272209391035406,0.2560210952933054,-4.998164728665594,-0.15107487801535116,0.054389865407407215,9.587880251213033,376,0,0,0.1537,0,0.0409
0.8889459971503921,-0.11478611455517398,9.721681187110647,-0.40088159644516463,-1.1297678713282848,0.6781185489738868,0.8752507112162123,-0.2147073684779194,9.605786381192589,377,0,0,0.1769,0,0.0328
-0.38665566623986963,-0.39647320199754904,9.6037185767263,2.0196357901249193,2.4066022377186336,-1.3675941382156684,-0.426756100951892,-0.3986460362505294,9.535193795080746,378,0,0,0.1537,0,0.0308
0.015158287570533778,-0.25316290805932434,10.058055420596991,3.6396160958776043,-2.1768316582206215,5.063776240799564,0.010076856968935512,-0.21208416893535412,10.077181643744211,379,0,0,0.1537,0,0.0402
0.024737765561338595,0.008238046077540596,9.628389471347113,0.7871477120974305,0.40835971620778544,-0.5243932420966867,0.10872792918223402,0.054829605630688324,9.618356560733233,380,0,0,0.1537,0,0.0363
-0.30299928639837514,0.29182587955187583,9.966156120200987,-3.3167400666573927,5.82649046732321,-0.24451907243316034,-0.24698934968528863,0.24305266419672106,9.998261798606942,381,0,0,0.1537,0,0.0501
-0.6459205276175052,0.4315434441381051,9.808421752138667,-6.628012621931685,-4.44283326820959,-3.641586163211004,-0.570017892533027,0.4349087549856332,9.859298478575754,382,0,0,0.1538,0,0.0301
-0.2037766814387206,-0.29713028893276616,9.848232739263343,-1.4871736626422691,-1.7278329592434316,-3.7432525949166626,-0.2618935642017547,-0.22949891207466405,9.855587968565553,383,0,0,0.1537,0,0.0402
0.32091413920580797,0.17854580972100353,10.25000376759021,2.120487589276996,2.228121395535179,-2.3354031666223114,0.27844013370542026,0.14584248942708744,10.32551668914082,384,0,0,0.1082,0,0.0322
0.027613083608316262,0.6732854538164511,9.778685628539293,-4.563563734032675,6.379239535919246,-7.105715820373695,0.03948044268224131,0.7099910858183653,9.761898013140526,385,0,0,0.153,0,0.0006
0.34461948951044613,-0.7387259165682222,9.589891857485433,-2.487878561352569,-6.1299185646171335,-5.289218434025759,0.3521358235850774,-0.7280648056925139,9.547525507492843,386,0,0,0.1524,0,0.0006
0.13872883877592224,-0.2329240783713325,9.618566835993027,2.26306592915154,-0.19035154865790394,-3.6865756957595766,0.13577124832024187,-0.13243140994050406,9.674846110281496,387,0,0,0.1537,0,0.0006
0.09142744559472328,0.18279515051753778,9.872558573000752,1.512811409417289,-0.4029031157886954,-3.2750462149529995,0.10231782333502165,0.0791915386527888,9.894298673825368,388,0,0,0.1537,0,0.0005
-0.2566566549055859,-0.296314444448633,9.519621428446888,-1.1069183558776994,0.394076866121857,-0.4092110005024825,-0.21132202556454238,-0.3044085924339567,9.439950018091723,389,0,0,0.1534,0,0.0004
0.5621349837873206,0.10864604155853393,9.518289628603048,3.6122470482625597,2.6442663867639515,-2.0054365662484623,0.5548072661864946,0.21253412405399308,9.453597251418987,390,0,0,0.1533,0,0.0005
-0.18352394680267622,0.2509977034105065,9.950375822697323,0.5971224582698116,0.9613944760559978,2.66515536262539,-0.1389142093496283,0.21693840433148773,9.868411032140884,391,0,0,0.1537,0,0.0009
0.4990902713752182,-0.3269044984406369,9.560853214749159,-0.09660231508849539,2.9263242139071126,0.698435608273005,0.493755654394278,-0.3329475031306471,9.619851847011256,392,0,0,0.1537,0,0.0009
0.03271611992627839,-0.2958006600474907,9.732146387229871,-2.6519954707732145,-4.668001480232229,7.901264980200178,0.027237264293018322,-0.3589301623133877,9.74046923344457,393,0,0,0.1485,0,0.0005
0.33526156096266224,0.31131833831611866,9.645231044202447,-4.121578424190819,2.130349143887583,1.6785674764556617,0.33384535244764363,0.26364273286608875,9.695226413721766,394,0,0,0.1537,0,0.0005
-0.08279482808839358,-0.23836591191019343,9.946341810127539,-0.390464873278818,-1.7843144942541493,2.157186027880048,0.036086317472036306,-0.22081254027677147,9.906371974863854,395,0,0,0.1537,0,0.0005
-0.2706096371999833,0.2273143441728902,9.825958314444147,-3.4372024318417633,4.383445187493888,0.9436497753098115,-0.2832187228343493,0.16323768658900156,9.80944181873461,396,0,0,0.1537,0,0.0005
0.006758371299138128,-0.23272825276132625,9.54922757668496,-5.529130007632145,-2.3300420045623476,1.1202101312843276,0.004065485671109651,-0.21092261752654312,9.576711932805754,397,0,0,0.1537,0,0.0104
-0.3280682714550811,0.2608840991875345,9.968298099299,-4.612175709444053,2.5816281049567418,-2.1618838133674396,-0.36811507041964947,0.23387356611971805,9.961567964417558,398,0,0,0.1537,0,0.0104
-0.11963114237892193,0.004735617851096615,9.630971647540017,2.582237289029383,-2.2453837053365877,3.355632572257925,-0.13158030649118288,-0.010600466634146762,9.59928291065851,399,0,0,0.1537,0,0.0005
0.045530628830781635,-0.3902492277578071,9.6832376704295,2.6163460478459823,-4.405481348910238,-6.733035389344349,0.04795928187948256,-0.46392368473220413,9.710216838270057,400,0,0,0.1532,0,0.0004
-0.0591732421385092,0.19003353045450397,9.819258311000125,3.5180792866003014,1.3005678306980912,0.07055710236352913,-0.07141978351682783,0.17514470317110614,9.774828372828123,401,0,0,0.1537,0,0.0009
0.06711263451394042,0.34194318585286454,9.233730975530987,0.638979532004095,4.172849080660571,2.0329773064113508,0.002424235550791201,0.291672742649751,9.17519562192131,402,0,0,0.0901,0,0.0015
-0.41448697153340924,0.06118137679380257,9.838088350032331,2.9430212133764133,-6.0043527611935,-3.791956976611978,-0.42649568232325574,0.021357805928023298,9.892668551638229,403,0,0,0.1537,0,0.0004
-0.12916585065121247,-0.7467423330755986,9.962474780175816,3.7902432124583294,0.8487540273726528,-6.9325233298040105,-0.17198238031797547,-0.8060176861075043,9.970862246672793,404,0,0,0.1453,0,0.0004
-0.28099775694593004,0.41745841529808614,10.107932062249397,1.0245671208141691,3.886303260832278,-0.24949412548981403,-0.2747980192852291,0.48160872437508434,10.101172615029185,405,0,0,0.1537,0,0.0004
-0.9109186813052681,0.34231671952801374,9.60546002263966,0.9184235143243289,-0.2222575474278513,0.985118132181586,-0.9427254960067912,0.4045274121737254,9.643517184728271,406,0,0,0.1232,0,0.0004
0.41147028353415727,-0.27945695802132614,9.97473333626188,0.7898774324185664,-0.29848862698522877,4.360773790264787,0.42755857100603384,-0.22882247585433324,9.937046595053427,407,0,0,0.1537,0,0.0004
0.07367879237388009,0.2603804342672608,9.995682259276103,-0.39347862914256293,1.2546551061877773,-1.9983195945078926,0.03839677183124239,0.2742059884658613,9.957525953840271,408,0,0,0.1537,0,0.0004
-0.052256957249875106,-0.6923769353293105,9.425607403363022,-1.5439641397630561,-3.461743607291157,-1.6822380808276627,-0.07104592015540825,-0.647135150013122,9.381463998463694,409,0,0,0.1452,0,0.0004
-0.10848388306211283,-0.35915672609059207,9.670847782332071,1.7275710322834819,7.755144881540156,-2.7504355762497648,-0.18266252933646204,-0.4328105909736404,9.66332208926995,410,0,0,0.1481,0,0.0
-0.6502005808862681,-0.0988949840160103,9.722105099665788,2.454454978214718,5.113366235979473,2.149797645339276,-0.6572143866420616,-0.06566507028466628,9.624635916065644,411,0,0,0.1534,0,0.0
0.1363046976986324,0.20046596592444013,10.057782073878823,-0.10212367704031615,-2.9802834510873586,-2.5859286501926673,0.2576412719390216,0.14218957133554586,10.06151474897665,412,0,0,0.1537,0,0.0
-0.289708748359556,-0.1918326365874932,9.40471538637444,-0.5855544206788408,4.755025733498568,-2.352541373016642,-0.2409471542662752,-0.11046587197281954,9.413099962308934,413,0,0,0.1527,0,0.0
0.01912547417664895,0.080794953174393,9.859562558319482,-1.3562199440654379,-0.9430894124905578,2.201453169196554,0.05125739407711943,0.1829217017007564,9.772308249839362,414,0,0,0.1537,0,0.0
-0.34760928020645465,-0.30585140344733724,9.96388237383133,2.4682626192650057,-2.1926494943452792,-1.0034465682696974,-0.3384010530015213,-0.27270283928634675,9.933525340416534,415,0,0,0.1537,0,0.0117
-0.12321709244042117,0.12385294795054727,9.945629000221613,-3.5480326116053167,-1.271709157628924,1.6607016636209302,-0.14138801080600505,0.032285673626931036,9.936139531578647,416,0,0,0.1537,0,0.0002
0.11713590365499954,0.12564970357632027,10.05971121020449,-1.0906168772740494,-2.5852217000213864,3.4683035790873156,0.0875213138190406,0.19646140035570692,10.103072225271214,417,0,0,0.1537,0,0.0007
0.2577588198595185,-0.03890527432957226,9.66840688500674,2.2487298139170995,4.253104176774663,1.1940861842335506,0.19288467472461235,-0.0014730350822748026,9.627856676252584,418,0,0,0.1537,0,0.0007
-0.11934222259433731,-0.11245128344318703,9.537858008238755,-0.08763354876993223,-0.7591200854867138,-3.9668168426608217,-0.17363683695134546,-0.0678487766127645,9.661806809484384,419,0,0,0.1537,0,0.0007
0.34851117305075385,-0.10311821569713148,9.816198885366797,-0.2464972620550524,0.8083383825917948,5.231638873591941,0.32928450892622274,-0.08377734845303833,9.764569496200505,420,0,0,0.1537,0,0.0007
-0.1411379824759478,0.09093480795411733,9.81413009976606,-2.3703350961712957,2.0479214484346007,0.4166288993464525,-0.23163299201738285,0.09409997119502764,9.778827842839993,421,0,0,0.1537,0,0.0007
-0.0029491686214674026,0.07504582689514629,9.656547707283579,2.54827964914138,5.527771485888411,-5.024259622316436,-0.02796002716151966,-0.0009614657055019987,9.66711806119483,422,0,0,0.1537,0,0.0007
0.04309469078713105,0.6120322779501779,9.908937629479254,5.448305388190016,4.939387489205225,2.0138947533307334,0.035849942635178975,0.5846538615682652,9.876130133516764,423,0,0,0.1532,0,0.0005
-0.004721550876666853,0.5170337635621873,9.72533813822777,0.30471858825809883,9.997454210256542,1.2547656707322559,0.08576793260828841,0.5700133814404915,9.728185119835276,424,0,0,0.1193,0,0.0005
-0.21395221272443662,-0.0017410533419585969,9.367827892145046,-4.893211736120227,-2.613225875022492,0.49500669892520516,-0.2535055042976259,-0.061427255817915395,9.37357249666676,425,0,0,0.1487,0,0.0005
0.4230883602045316,-0.031910678401530196,9.913282832031914,-3.4677956469198628,-2.1704755789799837,-3.931456752793914,0.4295830193280105,0.0047460250410481936,9.892802661083076,426,0,0,0.1537,0,0.0005
-0.2342804469042449,-0.22145490598996617,9.630785214616427,2.8369945466450304,1.3809696806846894,2.553071006119798,-0.2332090777785096,-0.22307599084157684,9.620638069354557,427,0,0,0.1537,0,0.0005
0.28210123907295614,0.0336064916595669,9.143222430721021,2.7802059438075486,3.5969767027763107,-0.035137391717828245,0.30892437673973333,0.011304825652145915,9.142870474681766,428,0,0,0.0767,0,0.0005
0.14423580692357063,-0.3594266172043276,9.634022527269195,-3.6617563430609135,1.6189317161887988,0.0694513276155143,0.07577119936497813,-0.4475368951035673,9.663433255810428,429,0,0,0.1537,0,0.0005
-0.2810614636931174,0.6074829331522114,9.786122954784538,-2.29897979019226,2.7867687921260527,-0.40108180797612797,-0.2039421022960855,0.5362569343884517,9.758513888248295,430,0,0,0.1536,0,0.0003
-0.6973217410885706,-0.23146284190796362,10.018906383429549,-6.274042656472805,-4.908410659450021,0.7369055630280414,-0.7037995274474663,-0.2345632451579442,9.994310605524275,431,0,0,0.1515,0,0.0007
0.11443730935245289,0.32555141088507694,9.583096694093893,3.8869818673969467,-0.2204702853976138,-1.1323654199059514,0.17680211939367807,0.3844346998372891,9.470255986548157,432,0,0,0.1537,0,0.0005
0.3492394628092247,-0.28633718370712913,9.770712171708325,4.096457272632589,-2.404087386140265,2.750648442286083,0.36067340895519645,-0.33823469046091414,9.794718796301362,433,0,0,0.1537,0,0.002
0.0375770252520197,0.0630825140604126,9.610057684531164,-0.9305030077604239,-2.026464440150915,-1.554910207428477,0.0019849492593437892,0.08257760212912071,9.573739155173003,434,0,0,0.1537,0,0.0116
-0.6489097221723327,0.1170451278678379,9.940399913431875,-3.210507841205934,-0.8671911946269447,0.1380768629742921,-0.6874749971495543,0.12167864449194647,9.797015733179524,435,0,0,0.1507,0,0.011
-0.2990575038094464,-0.0227471798262778,9.873577014754945,-6.266370185354766,-0.04672034309595374,-4.007641621306004,-0.2771961389880359,-0.09886402062616037,9.828451817330569,436,0,0,0.1537,0,0.0115
0.12911566212961625,-0.09318362150647742,10.016818050305215,2.2547567787361347,1.4959244869885049,1.8204482579965209,0.01863858811775347,-0.052371270965366826,10.116001176484808,437,0,0,0.1537,0,0.0125
-0.3146161398689858,-0.11810128333468846,9.96621446403592,-3.5357702083307165,4.094511596184574,-4.49695406786344,-0.3921522924193627,-0.2600830690924465,9.947401932697721,438,0,0,0.1537,0,0.0125
0.07683365652469304,0.3188757045496207,10.141697132177368,0.4255225641563956,-0.02950572756063153,-1.215376961266656,0.058298140051660396,0.29030990101202325,10.222161353814755,439,0,0,0.1527,0,0.0018
-0.03076429330756531,0.1252502522162918,9.77832584689598,4.122988630106106,1.0502320671366545,3.899520131773821,-0.12149151803003316,0.1565927886763244,9.789227523524003,440,0,0,0.1537,0,0.0007
0.040512033100415554,0.3379341355600127,9.692212764845058,1.6450260191675652,1.7947457551135617,1.8655348828184706,0.09284582016377932,0.3089925900032869,9.691850284806815,441,0,0,0.1537,0,0.0007
-0.15465148858485506,-0.04526243645219566,9.657165757071809,-5.593529470034824,-0.5296874393184943,-1.1206557101055872,-0.1053736959339038,-0.07527468152353312,9.618529492976487,442,0,0,0.1537,0,0.0307
0.47485694337404477,-0.13331892300199677,9.486381052514913,5.561791866203438,1.376975479552808,-1.24803076306994,0.4046241032285534,-0.15383301497134874,9.50513767752341,443,0,0,0.1537,0,0.011
-0.016746081668253997,0.581254979851695,9.620677181314496,3.9865424729133334,0.8001029317664126,-1.8558964167879513,-0.10280233072290873,0.6247740513745518,9.561077846194221,444,0,0,0.1532,0,0.021
0.050964755754024704,-0.40193351916206915,9.74718722187185,1.6159613003086655,2.368146306100484,4.601500476724243,0.059203249889754596,-0.41786639432369593,9.758186018024519,445,0,0,0.1537,0,0.021
-0.19068275697276196,0.2606784882520308,9.94826550541662,5.930144861268113,-7.193731087356797,3.0496014731832206,-0.22201853407003336,0.30270912140164324,9.884389205392985,446,0,0,0.1536,0,0.021
-0.4042205229528293,0.011146002908458767,10.163145204506616,0.4768849100134563,2.656002963586585,5.2829880942757494,-0.3825851473543853,0.049660277585670216,10.186256539844308,447,0,0,0.1533,0,0.031
-0.3227629525798085,-0.2176856205281927,9.524050021704829,1.177579177751419,-5.40827648758596,4.083072536718337,-0.2664544055344445,-0.23513204537203236,9.484897288262916,448,0,0,0.1537,0,0.01
-0.17586578489397603,0.2481110035641207,9.828055946751505,-3.113323184117406,-1.7857892682825582,2.4197847468215588,-0.1527894597165006,0.21469247302160782,9.741643987990916,449,0,0,0.1537,0,0.02
0.059866157092302835,-0.2914667117150898,10.046589848315849,1.2208504599329837,-1.8785537415635316,1.5248671560262512,0.011402920276571478,-0.31218369958655556,9.944186186566164,450,0,0,0.1537,0,0.02
-0.47800680546104435,0.33496101741578277,9.473292996305949,-1.1990147506933497,2.8550272356228437,-4.327930620259923,-0.4356048909162763,0.3178643991676672,9.477457535397413,451,0,0,0.1537,0,0.03
-0.2676219562713422,0.031127843428918105,10.093199747777113,-4.339065096198059,-3.740237138402858,0.38059679247846145,-0.33154564507324696,0.045402417025853285,10.065538551220895,452,0,0,0.1537,0,0.02
-0.3369794914347801,-0.43749406814163755,9.926127088384714,-0.6460139172130261,-0.9558252908347254,-0.8594706751465253,-0.38700426786562225,-0.3809785437054286,9.863560599119253,453,0,0,0.1537,0,0.02
-0.1821393043632458,0.1560722393698444,9.740579706886216,-0.5302568380422927,-4.021854121110603,0.1248685300294595,-0.19847329989719947,0.04740052523952194,9.760289751649244,454,0,0,0.1537,0,0.0301
-0.18773596187401737,0.3028716742537519,9.5727029919663,-1.5021464391027504,-5.219672594997764,-0.19572338695487387,-0.2407190130920018,0.2222099166946635,9.552653718060201,455,0,0,0.1537,0,0.035
0.2876862059529523,0.26267674661934504,9.6455254254545,0.6851262115079948,-2.2335725723470574,-3.695300472582881,0.2509745152221696,0.4159004694795535,9.635786740901073,456,0,0,0.1537,0,0.0108
-0.5496264799736885,-0.24605266687102245,10.013557072690197,0.48952297886042184,0.4628621145620251,-1.3735434412761611,-0.5307185057151749,-0.2689396461476049,10.033679770535155,457,0,0,0.1537,0,0.0208
-0.04637764080800924,-0.23877596188668024,10.137760543870693,-1.9931799431803232,-1.5143317336114395,-2.243090094444827,-0.016685894587461562,-0.1631992614013041,10.211184313939269,458,0,0,0.1526,0,0.0208
0.36635221057314143,-0.1589146970189003,9.922733609756262,-4.548169131210007,6.272768912933573,-4.977089417897019,0.34018487378684437,-0.26513620052022846,9.858242181318381,459,0,0,0.1537,0,0.0203
-0.24518441511919165,0.25602614750253994,10.143654245593257,4.356133876014937,1.0956416014911818,0.4925157693548907,-0.28203955161640243,0.29598673629978434,10.122779203730971,460,0,0,0.1537,0,0.0108
-0.1129981432536033,0.006454346350716978,9.839202208727428,6.324899514446133,-2.5827767062933913,-1.1085428175125371,-0.15379130859470874,-0.07362535593375728,9.854535708351525,461,0,0,0.1534,0,0.021
0.22572007414475068,-4.124308917570813e-05,10.201947062645926,-3.7790526133836146,3.931241012825075,-0.1256636051566865,0.18838285907585736,0.03254305001514069,10.167080841942699,462,0,0,0.1537,0,0.011
0.4308088104730038,-0.05652879973205036,9.873730070025806,1.37129696289461,0.2784240010279516,-2.0246764373146973,0.47628915944080663,-0.03355071191664226,9.922139440423644,463,0,0,0.1537,0,0.0111
-0.34608522374839895,0.740571107409042,10.023744426579643,0.4158954955425403,-4.242590350268186,1.5420163942465046,-0.2539959590559764,0.7287510959634302,10.012613924165944,464,0,0,0.1536,0,0.0109
-0.39454199634357456,-0.05623552653322391,9.77155619673154,-0.46056343313629644,-0.1595303607946745,-5.644100087035145,-0.37703618119818383,-0.07211336178490907,9.699441556021256,465,0,0,0.1537,0,0.0021
-0.33599899817377,0.1725893721242752,10.018181541940969,-2.29783013403152,5.155288541358882,2.815175927929851,-0.25810219923773764,0.1562407914154956,10.08822690765589,466,0,0,0.1537,0,0.012
-0.5063292346610568,0.1899855467699826,9.666688084145614,2.866716230761023,-3.0969189343583126,2.076779969206373,-0.5116897217636381,0.18341899243421061,9.665012422268203,467,0,0,0.1537,0,0.022
-0.3843027223705994,-0.05517778882565819,9.835252235248921,0.6861702875163844,-3.6617345118029263,-1.016862992610028,-0.3730059526220545,-0.066332941547626,9.904232748756266,468,0,0,0.1537,0,0.011
-0.41551003511002144,-0.16860180601133773,9.807352552498156,1.662548490553223,0.025580941023238685,-1.2658540181625106,-0.41658706088239317,-0.13479066053121672,9.788319155749962,469,0,0,0.1537,0,0.0115
-0.3439102990811181,-0.16180535363446905,9.812194858327874,3.214380596057243,-2.3827771429227074,-2.31068302086872,-0.3786486926678732,-0.11829799567590121,9.784340731896076,470,0,0,0.1537,0,0.0215
-0.06302165435505201,0.2541924463718633,9.88155776026953,-1.2177528253118042,-5.205672140188319,1.4272830305536401,-0.08058731316727477,0.1895850429623865,9.864979371848197,471,0,0,0.1537,0,0.0215
-0.21529310989236458,0.040353826558484525,9.923275995996736,0.32782666864420074,-2.219243443178324,3.8839457884549122,-0.263724991840932,0.08807771968484782,9.967299209865116,472,0,0,0.1537,0,0.0208
0.1057817551845741,0.08275452882851295,9.613637367014338,-3.463123216399832,0.5752403823990835,-1.2867392996062126,0.10813633936020994,0.11000930688463584,9.668956454271777,473,0,0,0.1537,0,0.0208
0.5214331092406937,0.25288251167123543,9.806857863244053,-4.614458871584048,2.201939688163605,5.453850357929994,0.5062565186111634,0.2378643392175605,9.823146291890536,474,0,0,0.1537,0,0.0207
-0.6132352873337288,-0.020059206485342197,10.104774222268086,-4.24015388745951,-1.0739431934724526,2.524009427635046,-0.5422892620018359,-0.06385594072948035,10.070541442393324,475,0,0,0.1538,0,0.01
0.40771526179918743,-0.3079229042279298,10.070633598528227,0.5593343886167754,-3.2335677008680253,-1.9679775398222488,0.3736752829559003,-0.3872449704649428,10.068784115425931,476,0,0,0.1537,0,0.01
0.14405945939444617,0.16031085666974096,9.590380448519465,5.599279089831181,-1.8145660093757188,-2.7001808841693657,0.17305665995522412,0.26996895216520717,9.56870977823465,477,0,0,0.1537,0,0.0107
-0.22453714427557975,-0.42279488633975865,9.541334532775833,-2.8889970993916787,0.8680921582954509,6.115303950165894,-0.21918851220380559,-0.46878657079209185,9.540147932019638,478,0,0,0.1537,0,0.0102
-0.30244238307004084,0.3245957016278593,9.819820927494302,-3.766865750039386,-1.5283722562021118,5.652936527862017,-0.25520570989569646,0.3347860897506918,9.74476161228565,479,0,0,0.1537,0,0.0002
-0.37386165898086293,-0.023586390908851226,9.544801616402975,1.6505538087328726,0.10701448829303836,-2.0857856896389158,-0.32602115274955973,-0.003052499238204418,9.555250578376834,480,0,0,0.1537,0,0.0002
-0.0039619746676737766,-0.00749649487936414,10.047115829069007,-0.07853866514610537,-5.61995693466461,-3.0259242664890085,0.018471337280023713,0.04266849315551963,10.01193877520241,481,0,0,0.1537,0,0.0002
0.10805611728224544,-0.11085235560416096,9.901478197543053,-3.348263601172671,3.0800743015431506,0.4489492624502147,0.14257611216085736,-0.09088664042361257,9.941171816132256,482,0,0,0.1537,0,0.0002
0.19986197480603707,-0.15771634011871072,9.660505355396557,3.2710066037413665,2.7374055012062666,-1.307418207155578,0.1815734891225653,-0.16684133864922573,9.618874382667977,483,0,0,0.1537,0,0.0002
0.17232056771912793,0.2894416526970043,9.628123533292989,-0.8031683699585671,1.0841510500687601,5.867678191638776,0.22243563067052244,0.26814907543005734,9.563815070427541,484,0,0,0.1537,0,0.0002
-0.030029633180973417,-0.11564707857415929,9.788857490890468,1.1220915007645513,5.074154039791564,-4.02268735901191,-0.04247086871471244,-0.10390203881424367,9.73829061790453,485,0,0,0.1537,0,0.0004
0.43877447448046386,0.012740825881313388,10.042269889212056,-3.676325948234912,4.901124219158229,-0.7619080312151532,0.4929286323252583,0.02307873648979472,10.08492750493007,486,0,0,0.1537,0,0.0072
-0.8017784712133788,0.07189206623992833,9.720437290834484,2.958603629091993,0.09125925730201093,2.0146890737586878,-0.7589061130186183,2.60262023097646e-05,9.716460694893893,487,0,0,0.1692,0,0.017
0.20709720292793013,-0.2729591793351874,9.853306555644554,-3.990734592036987,0.36960327970906365,-0.2634424381445779,0.22272052506817872,-0.2990227890112782,9.745845750779246,488,0,0,0.1537,0,0.027
-0.0727547158960647,-0.05270706979381583,9.470316258400224,-1.5918814321336812,0.4723695619636654,-1.2556392592106882,0.023162874755232946,-0.015934864210802466,9.467901272224132,489,0,0,0.1537,0,0.01
0.1877459768531707,0.5507845822496534,9.862512572787516,0.05821390704169642,-0.28640315623651624,-2.209938479010612,0.17387603670089025,0.510668604741499,9.846838345598924,490,0,0,0.1536,0,0.017
0.0021295979775522787,0.08501116380583983,9.705527451845832,-3.515227392776894,-5.4301682674524825,-0.5620187820524548,0.047101307438930706,0.12042274596382291,9.7002345503582,491,0,0,0.1537,0,0.007
0.11326619735514735,0.009028145619948857,10.032567318744654,-1.4886422506189265,-0.8649995671384583,-4.000634175800064,0.15165469565231043,0.029713734849721764,10.044821784036952,492,0,0,0.1537,0,0.007
-0.37819800043726143,-0.12598813795935643,10.157017185071881,-1.517075290256431,3.755384651647848,1.6860073940826656,-0.39401850214167655,-0.03274062598285413,10.232879622575942,493,0,0,0.1527,0,0.0173
0.6619957035685778,-0.13304597916453775,9.800311065739516,-2.749622230487943,5.34752598946919,3.3450289367144146,0.6433133268118423,-0.1030606048183514,9.74721093959691,494,0,0,0.1554,0,0.0303
0.41279872777090654,0.24934399161621773,9.967586744755856,1.7625101013077267,-9.647740667952824,-1.8241051726857693,0.5008126163488487,0.22599112234856225,10.018530932118153,495,0,0,0.1475,0,0.0274
-0.3576894703144424,-0.7276490697273982,9.858816152865492,-0.2051202260101452,-4.019043551729727,0.5292816837448502,-0.3602054038349768,-0.6758569259165592,9.9105787283135,496,0,0,0.1534,0,0.0145
-0.5443485001744597,0.1950459321347809,9.796768075018258,2.655717751988386,-3.922327844156099,0.23924163366363094,-0.5289450065473127,0.2174606123190063,9.795865783317513,497,0,0,0.1537,0,0.0245
-0.1893567870849052,0.2466842005004992,10.128160576211853,-2.2339828909264874,0.7457734729870034,8.18534361041349,-0.19754830425961645,0.24241487129965364,10.103653161979553,498,0,0,0.149,0,0.0011
0.1920328966639478,0.26318506192439967,10.062645810889165,-0.8287382459459692,3.62524474482582,-2.8253997287241,0.25769268259264966,0.30155299206962866,10.037827076788666,499,0,0,0.1537,0,0.0045
-1.4959267607221218,0.10573105224687196,9.960636077941514,3.0162027283381554,8.371647603005364,8.702735635607718,-1.791345838094229,0.12083588391036343,12.517816518575266,500,1,1,0.0006,0,0.2001
-3.4869146492286793,0.4216016442493555,10.154547190747614,0.6370149154349093,14.200773573417758,-7.791482201940284,-6.559905192617286,0.8663858944829349,12.923446769259014,501,1,1,0.0,0,0.12
-2.5769286105736358,0.4835347440742481,10.02919832086853,5.292021497498835,9.831154217269903,-8.658795833046737,-4.219064392539919,0.6065032144516546,9.685244944915574,502,1,1,0.0019,0,0.12
-2.7071664317237265,0.23113605076401236,9.867116231672323,-2.731467869821149,13.269719534687587,-6.463269836524833,-2.7200562849281047,0.5164573976257987,11.37433662825007,503,1,1,0.0004,0,0.12
-1.9315650032353675,-0.08094966114635914,9.66979566655458,3.1303410887640437,13.430357151239033,-5.712175297542704,-2.161521816792888,-0.11251385867931174,12.348808052495311,504,1,1,0.0004,0,0.08
-2.486968992053853,0.000904407823062142,9.980111029624032,0.014946966717786087,18.354534515523575,0.48752185955768246,-4.999855835630556,0.0019939194999432095,11.16572804799086,505,1,1,0.0,0,0.07
-1.6052354966538938,-0.380925647958441,9.192420103988477,-5.048542159343233,18.32042445347043,1.7226909954869287,-2.094472091256329,-0.6257664110011353,9.563521510550574,506,1,1,0.0098,0,0.05
-0.9437784622895077,0.23540232849035672,9.855234516471581,5.73779719456501,8.232915809455827,0.5378322423986066,-2.2537075680266243,0.2928135666128324,9.582591105092131,507,1,1,0.0089,0,0.06
-3.719074174071261,-0.43695507096372793,10.052324241049673,3.1323632508636674,11.996904725392113,1.7791313196263234,-3.737560907203534,-1.0887894655791546,10.392916434709068,508,1,1,0.0,0,0.05
-2.6505800504268127,-0.2194068233131348,9.26579285701124,3.9769229597578004,11.945768157925391,-0.14059722867057023,-5.076944550957008,-0.3432553732261129,10.846852553991035,509,1,1,0.0,0,0.04
-2.645896905697699,0.12446787615011393,9.714858262593548,12.570893865378546,14.844560598982195,-2.285286420733654,-2.9000992275151396,0.23649189856808162,11.739352797525163,510,1,1,0.0004,0,0.05
-2.244254984179123,-0.3167605489213281,9.707888551316419,-6.334725374683085,12.65195941093867,-1.6259195110595712,-4.36779328657298,-0.3877531528625949,11.687103390925959,511,1,1,0.0,0,0.05
-2.256049709152859,-0.9201498320248708,10.3959827541693,9.722980212192692,13.646023800815028,7.196748952827132,-2.2704327163718085,-1.7462097933944882,13.274129893168103,512,1,1,0.0042,0,0.07
-3.334820316460622,-0.12479225591705684,9.533815174157821,0.8855284586618908,15.256844390322218,-7.4254215528503265,-6.6541247693198855,-0.23120273546086081,10.788024392547646,513,1,1,0.0,0,0.05
-3.406332096690632,-1.0231928688237566,9.926043544916103,-0.3794415669672374,8.706248213805175,-2.607908046226715,-8.285474157731834,-2.3010189588834926,10.286717662942777,514,1,1,0.0,0,0.03
-3.2907688811367106,0.7636454621725874,9.64751622773677,-2.843276794633882,8.197108664934875,3.888695514931595,-5.546539177251617,0.8752823018732695,9.290567745160514,515,1,1,0.0016,0,0.02
-2.153013285987882,-0.10038770342398685,10.412689317917852,1.7062217676640967,14.970695111338712,8.127285981700581,-5.3257662506908545,-0.21800552140665322,10.582460576019646,516,1,1,0.0022,0,0.02
-3.0270027067217002,0.5313854070453462,10.31690439300134,9.02492582361004,23.05619756471549,-0.09564475763041479,-6.47975730725881,0.5671389896010599,11.109885935550139,517,1,1,0.0021,0,0.02
-3.7456619367829305,0.3382250619343534,9.875999168739517,0.26078457256093684,17.626913375261505,4.121631840865372,-6.153223092015348,0.34326774786210196,11.03300213963089,518,1,1,0.0,0,0.02
-3.6983056705285278,-0.0534170712717857,9.48064480199808,-1.2446132586059586,15.19217395816405,-4.023384599724899,-5.550682281305094,-0.13059911120060755,10.223225876196398,519,1,1,0.0,0,0.02
-3.295674760804814,0.1984352736458118,10.30148531948516,2.8136225609777616,16.02872374926873,-0.6480907038274664,-7.475110080360685,0.30119865764041853,10.796887651103566,520,1,1,0.0,1,0.02
-4.560690746369796,0.04613032485036442,9.721384715167265,-2.6095717745487725,16.872099897401252,8.827347928035417,-4.845315415377617,0.06930378049236524,10.301440301123469,521,1,1,0.0,1,0.03
-3.2986445906510813,0.31196759586858797,9.74177529998587,-3.336593846967624,13.763477480789955,7.805027936017006,-5.120141271443767,0.4594880026405068,9.974038915331958,522,1,1,0.0,1,0.03
-3.938426342829617,-0.8371667183746734,9.284843439601765,-4.973199916455568,29.239053795744535,4.87938856436797,-6.48740506437886,-1.2113534107960344,9.673977531747285,523,1,1,0.0,1,0.0
-3.133870733207922,-0.05387319315037717,10.043797410477154,0.26575622532485454,15.735007440130055,6.621091195211747,-3.1569030503458317,-0.13118734210922647,13.026130537628578,524,1,1,0.0001,1,0.0
-4.9282771335613615,-0.5894760146497382,9.426456154219931,8.158560393990935,19.26192353718341,-6.92437154704283,-7.760506274949832,-1.2592194458805717,9.73847660164109,525,1,1,0.0,1,0.0
-3.422800118161457,-0.07915307585106929,9.93751071894423,1.3484962896912185,10.5200715459886,4.8907252064390025,-8.315275071222882,-0.1936505615942971,12.405272741586314,526,1,1,0.0,1,0.0
-3.162896214861634,0.6502801739721654,9.56049429158968,-6.522051645656598,10.579242763996072,-3.6716303596546234,-5.717080725693633,0.6763502514202285,12.31724122859357,527,1,1,0.0,1,0.0
-3.1591874745835447,0.15888785921421955,9.28456787739037,8.422001826668817,17.740263268990056,-8.514469508309684,-6.253020263833981,0.2690702976519624,11.540167722065782,528,1,1,0.0,1,0.0
-4.060096600565612,-0.14472266141424633,10.114995019380968,-6.433997844852792,17.44184806192209,9.38711315592608,-7.113134866417828,-0.17637929069429553,10.085935985676327,529,1,1,0.0,1,0.0
-4.211020612161492,-0.9440692094842994,9.876245740309223,-6.422918652073207,13.994547110927408,5.7558802925885,-10.32350351731076,-1.6018985456036872,9.114958575095342,530,1,1,0.0,1,0.0
-4.380844012371658,0.020430544781992292,9.964751774804835,-2.9745470753637355,23.005195666102566,-2.624067846204497,-6.582534690258471,0.020431163971575832,9.433543723483883,531,1,1,0.0,1,0.0
-5.079797894167578,0.8649706233643135,10.292433051268668,-0.990766952306727,22.338320315267357,-4.903864737571264,-10.0800997701325,1.9034444672660775,11.010888711244213,532,1,1,0.0,1,0.0
-3.689774907511733,0.06656157829656252,9.70695843829995,3.1392010231360903,11.34976770512635,3.457537927987702,-8.877241371095563,0.10878407498448334,8.87971424257951,533,1,1,0.0,1,0.0
-3.677668659452446,0.1693791254393891,9.925227025107468,-5.603035826720612,24.251856564951137,-7.469004636975239,-8.21323382099118,0.42227206296293074,11.762254950247163,534,1,1,0.0,1,0.0
-3.0055647573297315,-0.7020260514709008,9.77225284437804,8.49093212281994,10.330351251068246,2.217886416598656,-3.699002557412871,-1.6384379710112547,10.245761243253769,535,1,1,0.0002,1,0.0
-2.952879031116655,0.004996508497854405,9.92799236232475,-4.989520524927372,17.774427647438653,5.220958724820363,-7.14023753150815,0.008861385661068269,12.811866404922096,536,1,1,0.0,1,0.0
-4.34820500266436,-0.11425329935538299,10.310414622693719,-1.5664116302602062,10.972400937531564,0.9049234643113008,-8.932001473810107,-0.1943988095244412,10.867133125833325,537,1,1,0.0,1,0.0
-2.889542570329008,-0.17912452441398602,9.732989945101203,-3.961285776582815,11.908426045233972,0.9715351035532028,-6.961108835776277,-0.3652055560521787,11.30004035960169,538,1,1,0.0,1,0.0
-3.1405910218481456,-0.29729050010900177,9.776371518540124,5.978110133569058,19.588562483861963,3.1099932218027577,-7.154184030745419,-0.4951837469754524,12.17753935208599,539,1,1,0.0,1,0.0
-4.15069604964524,0.6615673395804255,10.092263536615743,-3.8690546879740695,17.160615518418545,-5.079149982094274,-6.930064792442849,1.2828360868418478,9.768143269227226,540,1,1,0.0,1,0.0
-3.437359051474601,-0.4436541387420417,10.395744571665361,-2.9211312608304887,22.15785221219101,-1.2164595174985993,-6.859802571141351,-0.612413329184784,10.155996390349957,541,1,1,0.0,1,0.0
-4.444375654956926,0.49193159393385133,8.84774067347222,-0.18256899545991218,22.128848181857286,-4.717231072400104,-6.132922592249368,0.5396897874366141,11.36493901622686,542,1,1,0.0,1,0.0
-3.9431307024712683,0.5205345014191701,9.821083706728007,4.772428023270701,23.92865466886468,-2.0429600840117095,-4.514593880222272,0.5930891291309047,11.036261074441352,543,1,1,0.0,1,0.0
-3.978996897406011,0.0700152593011538,9.451580627806067,-3.3987608299227228,17.65442239049612,3.051255165908727,-5.623380316289869,0.11528206454042722,11.355355877535832,544,1,1,0.0,1,0.0
-3.9017607545736785,-0.8205073060971475,9.660329760630713,-0.3292510144455968,17.876319216652696,-4.472495402158512,-9.120693140117998,-0.9166828765023244,9.242406440320652,545,1,1,0.0,1,0.0
-3.543407486799774,0.15263476045239413,9.739163362859635,-0.06748562084956844,23.835097828591977,-2.273120752457226,-7.716608838902248,0.2412121986156207,8.87156265203273,546,1,1,0.0,1,0.0
-4.624807289334398,0.030525357033330786,10.416038510478701,-5.8123092376434515,17.636384750340536,-1.430880650749085,-9.673187451144948,0.0394937317386083,10.47775736115193,547,1,1,0.0,1,0.0
-4.451681575379902,-0.8667548285077646,9.956759703904615,5.263993010198407,28.04490747282977,4.683385925543643,-5.3503693729413735,-1.26228670833286,10.359394201467978,548,1,1,0.0,1,0.0
-4.453690654594339,-0.42059166962176386,9.795820671421614,-4.276177826078339,22.16934775793166,-2.759512257274004,-6.8741020282958365,-1.018388417771499,9.923614797830266,549,1,1,0.0,1,0.0
-1.9565539402188896,-0.44790416190292365,9.914766427330587,-9.710385108722464,33.58636658871033,1.936825378019322,-2.9349952126521193,-0.6267968033180158,9.94646732691681,550,1,1,0.0044,1,0.0
-5.79245070918397,-0.609494721730564,10.107498420575578,-1.2656628191791577,17.262663446173068,4.582290406586814,-13.728327182869855,-0.9224342545665319,10.39244073366414,551,1,1,0.0,1,0.0
-5.514425172641774,-0.33030344167465386,9.850755516698795,5.286775944533366,22.936602120979156,2.878260192382939,-11.824005703111077,-0.7021053550137275,9.151428222396069,552,1,1,0.0,1,0.0
-2.115632796780067,-0.0775370045746731,9.56455111747326,17.561818803241653,20.14659835121714,-0.3521140539988004,-2.434220212606538,-0.18281943246396218,12.042702801256826,553,1,1,0.0004,1,0.0
-4.969057035823545,0.8147355342012156,9.726647276953127,0.7320758922017984,26.66058048341171,0.4425111234973231,-6.306253073596565,0.9505335712570996,9.788946628132088,554,1,1,0.0,1,0.0
-3.2965166701522706,-0.6046322620908279,10.211495668627105,-4.950336241249538,20.53937508743301,-2.618684779148211,-6.63637168021985,-0.694369027403632,9.977426624169608,555,1,1,0.0,1,0.0
-5.892068340171639,0.13762790608050515,9.664860746114947,3.610819532923863,20.264808065085848,-2.5998710344691798,-6.035025920702735,0.25395231411158975,9.211229115655282,556,1,1,0.0,1,0.0
-4.274872954060523,-0.06248743332533573,9.47014680308326,3.4057792114367844,34.306007770851636,4.508956791902222,-10.59128061330852,-0.08306082683845419,9.277508135059145,557,1,1,0.0,1,0.0
-6.039776488065673,-0.2648441575095095,9.489251029917881,-3.3739788806980764,26.236417421554634,8.602123674890304,-14.971014288300324,-0.28511278507000964,11.941674199310677,558,1,1,0.0,1,0.0
-3.6353349548357854,-0.2415977546010582,9.21051177141385,-3.3593930879588263,24.224830054245558,-6.439520795000059,-4.771543161319758,-0.3573750723958598,11.90974315528113,559,1,1,0.0,1,0.0
-4.22065938174572,0.4906162027002109,10.186584701905376,11.35840331307966,26.029443915524826,-2.301333901140477,-4.276056150327053,0.913462669136179,10.815158275925864,560,1,1,0.0,1,0.0
-4.2321815503495985,-0.41449720608010854,9.705782111719834,-4.250504124114346,22.685090786374065,-3.745039368206643,-9.285132473963142,-0.7728807110784468,11.771259183064876,561,1,1,0.0,1,0.0
-3.763455862153994,-0.5984077994733523,10.554284850077021,4.194241492761488,18.199666288251862,-0.9407397154249182,-4.817546144383323,-0.9751480114597254,12.021351283759225,562,1,1,0.0,1,0.0
-6.298634048830826,0.1512517031651391,9.566077704141208,-6.528241974851156,35.892868197080716,-2.2854178245194765,-9.456267563587048,0.3249961635765834,8.943545798777109,563,1,1,0.0,1,0.0
-4.053617675216639,-0.3791119642757559,10.332289468303342,6.732981654893027,19.147166376261534,-7.600458424142893,-6.371309892323303,-0.510125909164153,9.615917285721581,564,1,1,0.0,1,0.0
-3.0903413309570706,-0.4417012291450786,9.717091060093985,-3.4508837492094395,20.887817990266814,6.148597173466809,-7.173908643342357,-0.9518547867783086,10.991167707475755,565,1,1,0.0,1,0.0
-3.6236340421434847,-0.1272904651398748,9.521320013251142,3.3291583867916543,14.053950378918373,2.300828289908697,-4.436774741717652,-0.15400962493460377,11.692307596446051,566,1,1,0.0,1,0.0
-6.594428725126966,-0.47729315346474543,10.151390652174202,8.138878425848565,33.71142392855267,-7.038861158095003,-7.735437549217578,-0.868182347642103,12.52457613894751,567,1,1,0.0,1,0.0
-6.771186878772452,0.23198564790495663,9.766323683797568,6.606400859793206,27.363655046095396,4.330220701168791,-12.150480899359343,0.5629902366721408,10.433033369160091,568,1,1,0.0,1,0.0
-7.609136916102167,-0.1612640492842843,10.131902483175843,-2.068941967663161,26.12565323599734,3.6838589549372824,-17.924287707527476,-0.23702758969804844,11.541676461974504,569,1,1,0.0,1,0.0
-4.707399271727526,-0.35742697494768794,9.932821534660535,-6.868240586682037,28.167173423897985,-3.8298206809840463,-7.828892786951988,-0.4598942896370884,9.869112883713166,570,1,1,0.0,1,0.0
-2.382286768603314,-0.4513017218953463,10.17614493831221,-3.16308082688763,17.565291438701905,1.7567716020414161,-5.030055077463159,-0.7600814240645808,10.20239063346855,571,1,1,0.0043,1,0.0
-5.467327763145127,-0.2837549193254927,10.018864766443324,-7.138154790997605,20.823428037121477,-4.3483397406841275,-9.00313382947146,-0.6508623963829184,10.403375653792548,572,1,1,0.0,1,0.0
-6.802659746709858,-0.29609057292672325,10.346363619307743,-7.303314816164158,20.534141749575976,6.696789343016381,-14.067494248320445,-0.613810790822989,9.500645468238378,573,1,1,0.0,1,0.0
-4.558078707383422,-0.16804032121396878,10.222992799648871,-4.833019399049387,20.250892158765186,-3.551821849459878,-7.56218880451679,-0.4114547047870627,13.166486849221291,574,1,1,0.0,1,0.0
-7.027066680898182,0.9488721959496927,10.751852253256754,-3.8239119267823023,18.40959380634493,-2.5704764631605665,-13.935192000979944,1.4746294324952156,12.740296013305814,575,1,1,0.0,1,0.0
-5.663809244494195,-0.03744900611685767,9.69096077368023,1.0387710740487426,41.44006437678864,0.6396523269117196,-11.644039988414947,-0.06747699299276783,9.974258917567338,576,1,1,0.0,1,0.0
-5.181034864180641,-0.024490760615260287,9.735702100946389,-3.3790063135743975,35.256610164006894,2.9675458594099506,-5.704197979676179,-0.03829075127706627,9.997991553911344,577,1,1,0.0,1,0.0
-5.715178199607991,-1.127774800849276,9.867570657886382,-2.7991404175221235,30.454950741838218,2.301284111834071,-12.057901718462093,-2.3705317253589073,9.40198136638862,578,1,1,0.0,1,0.0
-6.6111149956049164,-1.026492904891425,9.681096046058911,4.925096193468605,31.657504067455132,-3.277871526720988,-13.639207215477528,-2.2038720893520027,11.762479324927039,579,1,1,0.0,1,0.0
-4.56904110807394,1.5785652844919968,9.512598890233944,0.7635781386115776,12.157084585220952,1.6208631811422283,-7.571887754385793,3.4029699684230525,11.112487339688835,580,1,1,0.0,1,0.0
-5.92375613525643,-0.3557074686316377,9.731041092970242,6.046353565750991,21.030533194237016,-9.455567689596048,-7.394599285618248,-0.6587790924375762,11.924019262540558,581,1,1,0.0,1,0.0
-7.530802830189833,0.9151333255629921,9.585746039951903,5.923542861969704,24.294933446356698,2.0375079411267065,-8.71079384327405,1.3465338806345972,11.806453884060895,582,1,1,0.0,1,0.0
-7.453519989711627,0.3454816350964213,9.600240371437932,-6.095545666028194,24.678154928067872,5.3720812553474495,-18.099527567357352,0.3639639741090584,8.859714021001066,583,1,1,0.0,1,0.0
-5.304263683490317,0.1909837942286985,8.717341907899815,-0.3783252683268624,33.413804224458666,0.013610676129375814,-8.624746853201964,0.2985771891346319,7.860694195511343,584,1,1,0.0042,1,0.0
-5.842441593042987,0.38947972891857047,9.7499198929486,3.4227076395775202,27.386605310648577,-9.328711686081412,-8.040091651933581,0.6547318612399148,10.118612375872459,585,1,1,0.0,1,0.0
-5.379821621701241,0.4820080824934596,8.987257350912744,-11.290798475774995,42.36448038496664,-3.7018100010756294,-8.150207683472468,1.0606456774769595,10.904567601710843,586,1,1,0.0,1,0.0
-5.988557188840801,0.07011928379938721,10.233779508530109,-0.13422164607459786,37.74752556025527,-11.550053940028821,-6.351519289345544,0.09960991791499962,9.426963996248828,587,1,1,0.0,1,0.0
-7.111378459163418,0.5467008808208604,9.759905465224534,4.0602734996922125,30.959479010518272,-2.4139131818381436,-13.162648865666496,0.7865143834227646,10.97278193299813,588,1,1,0.0,1,0.0
-6.6525174352708705,0.3697644622945752,9.490458003211394,8.717556377595423,35.96419692599307,1.4073797631455507,-15.473474427630329,0.8304415117283802,8.961563849102228,589,1,1,0.0,1,0.0
-8.585422630168354,-0.28058795244025564,10.342168274789465,-5.795133428085819,27.045270468090855,-2.5880393610036156,-9.098138021129122,-0.3570656544579273,12.792510180886834,590,1,1,0.0,1,0.0
-8.906587284620176,0.27379661043272246,9.804276237691496,-0.10852883966487441,44.11005575501658,-0.04001992795099746,-10.656789138441646,0.6694850496813971,10.400875068110361,591,1,1,0.0,1,0.0
-7.357536146701357,1.0362602902334463,10.345930107094613,-3.6397644488135765,27.016750458991346,0.3732065498529331,-16.36033468580791,1.0908014722770636,12.716629900298152,592,1,1,0.0,1,0.0
-4.092726047442798,-0.07471263637428803,9.22873357658194,-4.833900378145466,38.17118069085373,-2.4798119709664936,-7.215411448729775,-0.0859400902838077,10.026630828465484,593,1,1,0.0,1,0.0
-5.839166043742189,-0.14924987595621958,9.944974790793458,0.9408923386930192,30.259712970292988,1.695270871282324,-6.016230222607114,-0.2580686469576791,10.654210072628963,594,1,1,0.0,1,0.0
-5.081032242343854,-0.1536927025079747,10.654548373027342,0.415234035656203,18.56537405653049,-2.3218307217960064,-10.650113028192184,-0.22557243058004778,13.552650116227618,595,1,1,0.0,1,0.0
-9.129689170987279,0.2527719617941846,9.98679951789383,0.19069296506737315,21.60899897352862,-4.550604026901614,-16.62692620644334,0.3689404379431411,11.3869359831793,596,1,1,0.0,1,0.0
-9.982026588186796,-0.8377696666587497,9.949848399495481,4.1295618008549315,27.71236542863386,-6.114220938227359,-20.247322928744165,-1.0720045519623256,10.522875137282147,597,1,1,0.0,1,0.0
-7.4765650581195136,1.0193178236210847,10.103856446934643,-2.8762468166820114,31.937996663373273,-14.230811557683458,-12.531256918260539,1.3368548425801574,9.561360236277121,598,1,1,0.0,1,0.0
-8.93334007203993,-0.026594618976613013,10.378748205606755,1.7791945661548914,34.64156268304415,8.904921509136315,-15.7959999398877,-0.04395906558953179,11.825612296200285,599,1,1,0.0,1,0.0
-6.376992765630509,-0.26703597825931247,9.242322492631883,-2.242958645305856,4.737827106529302,-7.155044318450511,-6.993643174051375,-0.31416574022434374,11.860707385469505,600,1,1,0.0061,1,0.0
-9.951621132535273,-0.19094767445288377,9.464130324787726,-0.2980312597605922,28.454303269020066,-2.54843754264322,-19.721884441843798,-0.3865284169389911,10.406107931980262,601,1,1,0.0,1,0.0
-7.795269985879292,0.03480664951174472,10.100950073365935,-11.391445162949589,40.32677935065519,-2.6316830298316147,-7.980612221473743,0.08485808873599063,10.319142206621702,602,1,1,0.0,1,0.0
-7.465127730432014,0.3296861955983534,9.512900654091203,0.3148466916111834,37.896716120636185,-1.0915801570796573,-18.145418580413757,0.7481174572464585,11.322219563208712,603,1,1,0.0,1,0.0
-6.611853813069977,0.42435055166841634,9.924069303043916,-1.1469562544294898,42.91676272728553,-1.6085634557628934,-6.698511388793579,0.7741840735401417,11.119795949020038,604,1,1,0.0,1,0.0
-6.097296151262865,0.031486103988677835,10.10216192967665,-10.03026748229031,30.288713790420925,5.434596894164345,-12.878998475859246,0.05206495024954497,11.451301085001578,605,1,1,0.0,1,0.0
-9.59853185326303,-0.020429636585432186,10.041873216074173,8.467483167448965,33.802884388201775,-3.1987966568638795,-10.362492419508504,-0.04162551075792354,12.75137169251542,606,1,1,0.0,1,0.0
-7.862294767171962,-0.32579711791466354,10.18034002611645,-5.622243468761803,38.283129177182914,-12.035510559716165,-13.872552568328425,-0.6171456039630856,10.928766135844652,607,1,1,0.0,1,0.0
-4.466316463416491,-0.08845718061869119,9.631007744625308,-4.698146049592263,33.01550230164379,3.6737062079950316,-10.678305575573484,-0.13569747173438076,9.020056932859408,608,1,1,0.0,1,0.0
-6.410459758692848,0.20928742321609875,10.35959809747568,5.012865810053882,17.76180033924431,-0.5643230065000803,-10.357844480589156,0.4839738024465524,12.712501499699682,609,1,1,0.0,1,0.0
-6.347771603199428,-0.08517188281256266,9.70565220478102,-1.686632678786065,34.034809055814065,0.8560007534449933,-15.610230263596911,-0.15756853648231942,9.011665843075304,610,1,1,0.0,1,0.0
-4.566306140568645,0.13121155295020098,9.471501067296824,3.27670146923043,50.95804682240555,-7.921428963919258,-10.830118224500527,0.1568198854406677,9.850089158084977,611,1,1,0.0,1,0.0
-6.029794161783043,-0.0758856574766437,10.223025312416526,-8.242440317382071,37.428653603992814,-1.445872508729632,-7.54063143085528,-0.12807723210578995,10.220303158587795,612,1,1,0.0,1,0.0
-8.164699254775195,0.45286645114950896,9.318828381339149,-2.1391281754206455,30.10214126665211,-4.944589544991078,-20.183146838623298,0.5591339517511901,10.318388196302124,613,1,1,0.0,1,0.0
-8.332181790808516,-0.3744587015625445,9.373771359343646,2.63296445666732,31.776271455791136,-9.44576690303129,-12.753888816790123,-0.3935674926377408,9.235564365371339,614,1,1,0.0,1,0.0
-6.581342854831052,-0.48632836189706546,9.977004590989617,-7.60604071657177,28.746709848511053,-0.3807997097716541,-15.763195853233423,-0.7579483073197835,9.044413735326993,615,1,1,0.0,1,0.0
-6.358990604557091,0.521335938033788,9.892912236096036,-0.2558869614313136,15.457561279115907,-6.288369349344687,-10.670278672216815,1.2965564857192355,11.917534832403101,616,1,1,0.0,1,0.0
-6.967029298309408,-0.8154666591342093,9.729502505283516,3.0217061170873083,30.681348080720092,4.885056556680994,-11.864940179267576,-1.9399420202412434,9.939255955919538,617,1,1,0.0,1,0.0
-7.943193513687623,-0.31330873337526705,10.616005286728258,2.032618004504377,42.20821281681866,0.8644352366154064,-17.573965610042663,-0.502259549294816,13.119626608173762,618,1,1,0.0,1,0.0
-5.769092863109025,-0.36862219864332596,9.183330919451183,4.667312970911611,41.00062073918163,5.501656802011481,-10.110394128300717,-0.40720093939545127,8.592370550537748,619,1,1,0.0,1,0.0
-8.13738446068762,-0.15702033638654395,10.22210667936834,5.002360467927575,41.08545176512695,-6.407400705722901,-13.080770030819453,-0.21874627877101976,11.311462167403937,620,1,1,0.0,1,0.0
-8.046435535631298,-0.4678009659208763,9.59675738137572,-1.7924057595723843,21.715273608280015,-4.81907161566445,-10.127629685812378,-1.1598586835932174,11.02371000128703,621,1,1,0.0,1,0.0
-7.358211881713251,0.8536041183602329,9.562780282136321,-1.2279383405424762,17.629749666332618,1.393646495006797,-7.954633590414072,1.6017148933337726,11.62388900819779,622,1,1,0.0,1,0.0
-5.044119075907391,-0.08850930606851423,9.811023425058144,-9.603741319841886,36.819143656216156,-2.56169357158657,-11.275660966930223,-0.16627952033466278,11.810373233428777,623,1,1,0.0,1,0.0
-6.355057633913723,0.5676476581451803,9.185201661028325,-4.736476632514964,33.58722658662938,-3.6090943005677554,-7.302564864751207,1.0855449607912258,9.23225100039921,624,1,1,0.0,1,0.0
-8.835227128402853,0.23776774168834286,9.861626950857909,-0.1255616882980382,37.614950352254425,-3.308403741103759,-12.531647131950574,0.31735859734788086,10.396480966766841,625,1,1,0.0,1,0.0
-5.895555372773796,-0.025185093103853966,9.978694551069934,6.968297500411261,44.34882124015812,1.2076810806127416,-12.518639550735875,-0.0599287687571946,9.940274197830187,626,1,1,0.0,1,0.0
-9.908066699087962,0.5954548597621698,10.246037960814661,1.9258312643492637,60.331612892044745,-5.113760693305657,-18.885405751356327,1.0664805595379934,10.106634326991278,627,1,1,0.0,1,0.0
-3.5809623985637535,-0.21417771055224816,9.005099312724582,-4.3139288273140854,34.92045677540241,-10.33757426449759,-8.645554960676435,-0.4483968709887057,9.527518658176326,628,1,1,0.0,1,0.0
-8.186170846552452,0.40170503609407443,9.821451757225432,5.949322690384836,40.57299207384384,-4.502784386549789,-12.801636561905164,0.8385130582708548,11.62128984236301,629,1,1,0.0,1,0.0
-7.747491431212621,-0.2008430723824336,9.60051949532904,1.6572241703989192,46.4934466896584,8.555637922271378,-18.21631851112088,-0.25891983383137196,10.857154243071301,630,1,1,0.0,1,0.0
-6.463565342868698,0.08625138202836294,9.573389034241432,-4.42450253926341,48.27137329849489,4.366466544931288,-8.08909617928169,0.16193344089367173,9.10897360208078,631,1,1,0.0,1,0.0
-6.144026958918315,-0.8894059954238435,9.725630732678205,3.943103307257161,23.34291987892375,6.325535569823905,-11.30370237457886,-2.1398091994110007,10.175152091182499,632,1,1,0.0,1,0.0
-11.025558103261801,-0.46243943684439287,8.952693939506371,-5.746882312491294,44.26107369521347,6.00610154733624,-11.789389230331746,-0.5606685984540077,8.183201450175297,633,1,1,0.0,1,0.0
-6.076226306393822,-0.9724264267014366,9.114639376663579,-2.9848973275135164,27.14345370174006,-12.926112502461208,-10.449478795829284,-2.422007238855645,9.683602085076979,634,1,1,0.0,1,0.0
-8.620722718606848,0.17972590586729337,10.140907414229181,2.6116869442451507,37.34797556430862,-3.76539082096726,-18.139888630442222,0.3711004306945769,10.355514202292692,635,1,1,0.0,1,0.0
-10.201352985487553,-0.3330825702608399,9.89612830199254,-0.2819291271819562,44.81704419256988,5.997913369671758,-22.068344442191595,-0.7400904093614449,9.853013883933807,636,1,1,0.0,1,0.0
-9.209436959652132,-0.059661365755505194,10.038357172313505,1.3374565346640654,46.33854153729162,-6.831641390829358,-21.24152633820566,-0.13449715503233958,11.857894703471652,637,1,1,0.0,1,0.0
-6.361704344801528,-1.1231518358455628,9.909248251626002,8.088670626021504,20.05961388326388,2.0492745426718644,-11.483982672654292,-1.24235103265598,11.645003865417648,638,1,1,0.0,1,0.0
-10.164867004175445,0.2647257989525866,9.53177116014777,-9.677446774847423,36.606721794115316,-3.019156852343743,-19.54044965318449,0.5306648505780273,11.899474662216717,639,1,1,0.0,1,0.0
-6.2626419867385685,-0.6033248547551847,9.429807857785288,-9.446595211961448,34.339825214945826,1.4068509461701844,-8.577160981098016,-1.3657446327756637,11.347177275821528,640,1,1,0.0,1,0.0
-8.227565218791009,-0.5122485139048087,9.666112604294845,-4.266296188338194,21.888833537155257,3.782370770064763,-16.57697823905594,-0.7627021458299998,9.34165611266031,641,1,1,0.0,1,0.0
-8.17195829522041,-0.10146811954973055,9.701563013897008,7.4478584028301515,32.91683079184925,7.632528306925242,-13.056849584812502,-0.22005805111022483,11.917184497996361,642,1,1,0.0,1,0.0
-7.112086714046646,0.10144326294412306,10.216657085242288,-9.04263541135366,18.523363602605844,-2.6159519647532554,-8.589369286653545,0.15524000542149063,11.531059305134644,643,1,1,0.0,1,0.0
-6.68333498715732,0.5279227488603615,9.853796888228379,-1.7544558714505358,24.917084045990496,-6.980683685503614,-7.182079988741975,1.0184907742157403,12.296492213034126,644,1,1,0.0,1,0.0
-7.507731389618083,-0.5720720709966961,9.639068898049768,-2.605456635484717,54.83583359671082,2.0440638387837335,-8.591003446059295,-0.8110990542648288,10.342862208687883,645,1,1,0.0,1,0.0
-7.2979881997134814,-0.06904364168689968,10.250836924329263,-6.090500484703196,21.781690716962743,2.231851633884972,-16.10865432623662,-0.09053912476351429,10.017297364951656,646,1,1,0.0,1,0.0
-7.943560181611682,-0.16093054424347925,10.537050184701277,0.7490575029808583,36.684744351160504,9.777781893347669,-10.385608371436037,-0.31740576361637324,10.444378752613217,647,1,1,0.0,1,0.0
-7.661627640414293,0.0041643811193813555,9.851203048345909,-0.02164298974747312,43.0842831424487,3.3809938675073727,-12.043454571428075,0.006943433414684871,12.633199835667618,648,1,1,0.0,1,0.0
-6.7038412108731995,-0.06447513171876283,9.358256804172953,-5.01514561828953,46.94540941251345,-1.310603902502786,-15.350251861313609,-0.07000446003885184,10.932442279097915,649,1,1,0.0,1,0.0
-6.397360805781222,0.3110869640519898,9.83450910945268,-1.396306676881738,38.98818379094335,2.461905616949083,-11.539051483447363,0.35113624375180436,10.565436805492565,650,1,1,0.0,1,0.0
-8.130128295203125,0.45935754196193496,9.9935667395561,-0.014751695800531038,38.06671230552034,11.737964792738833,-16.589030744930707,0.9459487281221644,11.12327136581665,651,1,1,0.0001,1,0.0
-5.922770603537944,0.757078801104989,10.117015518044736,15.00967980345365,34.32060888582686,1.808114030469613,-13.222653486888065,1.0960029992036593,11.202477401862385,652,1,1,0.0,1,0.0
-7.03671702153003,0.3842855953225071,9.839164991055588,-1.448545732458217,46.44712560249825,1.8247939687706016,-15.515930945352412,0.6456327460258887,9.451372584060248,653,1,1,0.0,1,0.0
-9.11379284299166,0.3636531532028063,9.903325452808998,-0.20914869763729516,37.76406828047443,2.463780078580653,-14.467745714521454,0.44619203390927664,11.505951965185401,654,1,1,0.0,1,0.0
-4.8389949334327795,0.22582911186272792,10.60084371427393,-2.3819965970670807,20.314430726357276,-3.940652401440306,-11.444379719332568,0.2598169929508686,12.55614418232395,655,1,1,0.0,1,0.0
-6.476397475849491,0.10828012623025479,9.735820445269471,6.615555084744688,49.791795650907325,3.666379195496254,-9.920932733951945,0.17123873472900608,8.918362577255431,656,1,1,0.0,1,0.0
-4.8212604278329785,-0.6260520650822481,10.444481497884514,3.1389062086571693,44.61676812872983,1.0657057469476163,-10.256657652536871,-0.7057914227432411,12.643029765301003,657,1,1,0.0,1,0.0
-8.009510036268022,0.623998551196037,9.875105890021384,-5.431468271950221,33.535888096313826,0.2114947720978011,-9.412854771152821,0.9119238690550522,9.222133969584444,658,1,1,0.0,1,0.0
-7.290450727930776,0.2247679721762498,9.727910135395225,-2.4130063189155684,32.66547748364895,-2.8948473393261596,-13.681974497211598,0.48716975723814765,9.72476586546184,659,1,1,0.0,1,0.0
-7.803265846918522,0.3544509261778143,9.966531466409975,7.4184827534029,31.07479304898795,-1.148689860928418,-9.012449359971797,0.6201147878237566,11.449754870923242,660,1,1,0.0,1,0.0
-5.157469353466936,0.496440625547203,9.058123108019192,-1.7125681573551472,46.35891864804443,0.6396124355975031,-11.72393911665533,1.2138410931379342,9.166814301311744,661,1,1,0.0,1,0.0
-4.679196523371159,-0.21511532435594577,9.68006333913519,0.8291996758546745,36.50937182895044,1.0029832493224997,-8.60111911358028,-0.4548809700068973,9.334544856854462,662,1,1,0.0,1,0.0
-7.762667658114989,-0.6229307601768913,9.455452533126108,0.3107240714654944,49.04861945520917,-1.0723175498839748,-14.734437191593278,-0.9819516836443569,11.169956044393262,663,1,1,0.0,1,0.0
-7.6485619150974955,-0.5635268028614299,9.804802745115651,0.1863457004854542,42.724622161112094,-2.6001608757293813,-10.35618246608138,-1.180945341429037,11.943739831634412,664,1,1,0.0,1,0.0
-7.084276436158185,0.3827631953769986,9.265508984453254,-10.485853863712356,37.20252627958164,5.875421719424096,-14.792757630395268,0.6039728666915534,11.876495989593668,665,1,1,0.0,1,0.0
-6.633823372601487,-0.3091153382857713,9.495570063981814,-8.560733870780252,42.05846894882544,5.772896074539593,-16.418434179325097,-0.43330049823516925,10.963869006521863,666,1,1,0.0,1,0.0
-9.05777233832996,-0.7974124854022275,9.423697582536118,-4.517751237624477,35.697424731148246,7.728426407822474,-9.837167906191253,-0.8651553653253657,9.287664075447431,667,1,1,0.0,1,0.0
-6.052783451688091,-0.05009610020975173,10.143379459212428,-4.831874232893204,48.0247111098169,2.771615848014266,-13.809103282564783,-0.0935042924996252,10.021776671979286,668,1,1,0.0,1,0.0
-6.268213953942088,0.03064602505519195,9.292869037022644,9.312552676611961,44.83684678854524,7.569403929077642,-10.004665275087604,0.04333439669959999,11.663692834824289,669,1,1,0.0,1,0.0
-7.7193365092750925,-0.32765890161092825,9.424387727378734,6.591039982125309,44.24149752046753,-1.0216252837647122,-13.843858725784923,-0.6483231998924746,9.903058627412937,670,1,1,0.0,1,0.0
-8.019095517616892,-0.05498543718415019,10.310054194237962,3.1100481329186658,47.26208098231156,-1.0550755129371838,-9.058197845233,-0.06162159179410334,12.459053143763073,671,1,1,0.0,1,0.0
-8.24679299941418,0.058375165152358514,10.326293117343777,1.9678541858991305,37.35347083922322,-7.710477184954002,-15.230960583994197,0.11873097694129876,9.44298312519572,672,1,1,0.0,1,0.03
-8.243074248411707,-0.050919636351809815,8.980486614320482,-1.7332677755163686,26.028550888480495,0.5554060699710024,-17.281895599449665,-0.07139865232509827,11.325598265163563,673,1,1,0.0,1,0.02
-5.243008593885638,-0.34563876185753184,9.27149691430682,-2.861269464943092,17.365349824396667,3.05067630360171,-5.243298316820215,-0.7568568964479075,9.648713394989368,674,1,1,0.0,1,0.0
-7.208801803079633,-0.37160403246999507,9.458997985954895,2.692869027580151,30.103679376229582,1.126692922903141,-13.246266743320646,-0.4085677774669032,10.081743729551262,675,1,1,0.0,1,0.0
-7.742148763243632,-0.6818004273452553,10.023005790245332,7.757157625597468,45.42928309520879,0.003965253411272143,-14.982873736486455,-0.7483542054425938,9.961937519877566,676,1,1,0.0,1,0.0
-8.91733110051015,-1.2661822742573536,9.692253454468476,1.4075336266550136,49.55577022170855,3.3403207028392656,-13.778110402837292,-1.27814270096991,10.922596777555984,677,1,1,0.0,1,0.0
-4.928696140425553,0.6804928485013731,9.385988593877778,0.540549403466002,55.40255715067259,-8.748786087577848,-5.855430026437447,1.5985741492631975,8.76538922914124,678,1,1,0.0,1,0.0
-8.917193063588815,0.49292735693889056,9.925782512467345,-0.708568690831161,45.27511230798075,6.269617307148735,-10.46146752562983,1.1029821084016307,9.983886187851374,679,1,1,0.0,1,0.0
-5.070448157439723,-0.04593267432590773,8.32325501762402,-2.9213923830092665,30.266823144970886,7.866678516045232,-9.885841226124523,-0.09378151023950987,10.091401664697774,680,1,1,0.0024,1,0.0
-7.581382139629879,1.1063489008989769,10.092265472657765,-2.56060567405606,48.760834556025685,-2.8424909168485266,-15.753082540465696,1.8529509156228363,11.23013787667999,681,1,1,0.0,1,0.0
-5.488914297928568,0.7630177253849635,10.552600401795218,4.758465998626276,41.465906213358934,1.2684294309003363,-8.919914757523044,1.2349952150056553,10.942453348427676,682,1,1,0.0,1,0.01
-7.483529056266513,0.018111353206052453,9.84621323550796,2.5619627350473886,30.71133763391616,0.4348412761049588,-11.355425129759599,0.035913120932126126,11.518944543883576,683,1,1,0.0,1,0.0
-5.206058109055439,0.699314253927381,10.623864233548186,-3.020653455291986,20.922662526561354,3.58996372535724,-11.01239874309683,1.4498641869203128,12.57229220164363,684,1,1,0.0,1,0.0
-8.584294032809142,-0.309331519141076,9.34904160131698,-7.114501947964843,17.38922276412557,-4.889269013348667,-20.891857042430676,-0.6092681014351999,10.41947833970721,685,1,1,0.0,1,0.0
-6.717472296588907,0.13877902056185804,10.461556417448838,-2.461247890229064,43.18229020120936,0.11149212472728418,-10.71325368741865,0.17619921349215814,12.817656429538502,686,1,1,0.0,1,0.0
-8.7762816865826,0.7830993334610294,9.688599030633426,2.0136197292050975,28.165986674902165,8.294275987033473,-17.733581949155038,1.4977925194378918,9.729598150622063,687,1,1,0.0,1,0.0
-5.974770456822736,-0.24562157025411016,9.820119306512803,-7.02550999815791,21.82823237861778,-4.801801995481039,-6.645332108012882,-0.2577665467053854,10.644112977569167,688,1,1,0.0,1,0.0
-6.894572082730229,0.06527993796774359,9.507251143210029,-2.836588090880507,43.3773457733689,-3.9535341839847216,-16.922454120364776,0.0992847781807073,9.256540603091805,689,1,1,0.0,1,0.0
-7.205042522745052,-0.3369911616238626,9.794650611799844,1.9267038027082926,32.74791500479348,-1.8853907429284191,-17.299135291340466,-0.40875980001123713,9.045047417207899,690,1,1,0.0,1,0.0
-5.494981385148563,-0.008516426680322178,10.097432614490502,2.6238094930882356,27.93474510082853,0.9532819141884853,-7.863927482286377,-0.010269136577039843,11.623713341613582,691,1,1,0.0,1,0.0
-8.083040656679538,0.005235523880770845,9.893672557627696,12.402713065047806,30.292637998051312,-0.9684016426168234,-16.25985847503585,0.012397304464982639,9.384707886564941,692,1,1,0.0,1,0.0
-10.455889532829694,0.4780666821768551,9.192156926810044,-0.2936835098003011,37.75593985793187,-0.8696155491769926,-16.019596139752416,0.5865456218798808,10.063187998769287,693,1,1,0.0,1,0.0
-5.541246503048319,0.716169219459501,9.895440850792447,-4.516967949982355,28.349616362434727,0.11741329777058077,-7.095013234004614,0.7457593326859216,10.150941936503685,694,1,1,0.0,1,0.0
-5.50268860713153,0.10442634344726269,10.477441395283003,8.058470537840702,28.83964260188773,-1.4757412727342518,-11.73327846123103,0.22036060902402305,12.983090285625062,695,1,1,0.0,1,0.0
-7.768991970332993,0.22753023824365276,9.189448710947488,2.6159257697714633,46.42966986821331,0.6796679069509155,-13.955590076437806,0.49243859894619524,11.083414791078605,696,1,1,0.0,1,0.0
-7.595901861679383,0.2935877956693263,9.59710696284962,-4.676428328412926,34.49208327582276,3.9906690234375874,-16.912571772809745,0.5173201763752373,10.942257986148896,697,1,1,0.0,1,0.0
-5.933951140554829,0.26544144570916495,9.391129413825718,1.674697788244898,24.766696432815454,-0.3159110788652024,-7.930373832112021,0.3815679341873611,11.431789754161066,698,1,1,0.0,1,0.0
-5.822150105461373,-0.18289768649116359,10.247603656321782,-0.8044945703240475,37.783176496023735,-4.1421592587854805,-8.880638714863323,-0.28191708583496783,10.074796785369923,699,1,1,0.0,1,0.0
0.33342936290631264,-0.3909449504795724,9.761860353221065,-4.208955769393325,0.9342648733495071,-1.067456165203231,0.4366469397267417,-0.42922507984578173,9.846330051253094,700,0,0,0.1537,1,0.0
-0.21329647934216406,-0.40777059392874815,9.67021900614094,3.229116461304997,6.968542867103199,-4.263693893553084,-0.23122390941004484,-0.35325218012281295,9.709758274941372,701,0,0,0.1515,1,0.0
-0.01495106877104451,-0.0752520421828,9.755222273231503,2.5991159003117508,-2.764472552997418,0.0834912349266781,0.012734069630525766,-0.006762710577731479,9.7954875137365,702,0,0,0.1537,1,0.0
-0.025941743067222394,0.27925519771110185,9.82071674189393,4.551753194611097,-2.5539319109170977,-0.8889391167093372,-0.05612086282215628,0.3239021023549857,9.846132685203633,703,0,0,0.1537,1,0.0
-0.4979609985202302,-0.2249355703988984,9.934903562935588,-0.19793820184562622,-4.781545895964407,1.990116265895343,-0.44654842925821925,-0.19122947019629383,9.880503712257545,704,0,0,0.1537,1,0.0
0.11922599043127464,-0.1292608404846507,9.54282195123619,3.341230408450351,-0.9710215101100874,-1.1918737095879584,0.20979242067794152,-0.14985256372289285,9.5756898709865,705,0,0,0.1537,1,0.0
0.16880490663720818,0.04376682250427936,9.759976022031283,2.183879474680066,-0.6112928773816986,0.8562794682186703,0.21449472558367333,0.05589281898413381,9.790121723516743,706,0,0,0.1537,1,0.0
-0.4851408892194028,-0.14559133053726156,9.57786363763782,-3.8072232436664146,-1.051874439216118,3.0837313209965624,-0.6006104543564212,-0.15123575647668389,9.525319288424086,707,0,0,0.1537,1,0.0
-0.021245894726071628,0.5587673137041562,9.827929583297111,2.0409745560475385,-0.576759620176176,-1.5896917849973347,-0.0636319618390812,0.6163802389215102,9.887813598174954,708,0,0,0.1532,1,0.0
-0.052421503638994345,-0.5827864412958905,9.738133234658704,-1.4448398311897206,0.9108690988255486,4.7641282360707855,-0.06243724462707646,-0.5667583811109085,9.713788217809826,709,0,0,0.1537,1,0.0
-0.26697539738738535,-0.6229600372620965,10.061502586185522,-0.9673484674407857,2.390867921045945,0.9328186374535067,-0.2550662502533656,-0.5698185584126574,10.043026917809868,710,0,0,0.1536,1,0.0
0.13796595089429484,0.0012541573682964043,10.055035466142286,1.4140103179103818,-2.759744119028613,-0.7642873865595083,0.1370592396863596,0.002865547914861561,10.072444124465932,711,0,0,0.1537,1,0.0
-0.13000137503407344,-0.16106590940058044,10.011104612881637,2.2729999518365864,-0.9753907181223704,-2.912389315246002,-0.12520855161416955,-0.18740601063069479,9.957973415190173,712,0,0,0.1537,1,0.0
-0.2596438348675466,-0.3743577220131565,10.07364615138834,4.867426651812176,1.3294242971387626,2.0942640557908114,-0.3126420230531927,-0.4164739757803078,10.099408092058196,713,0,0,0.1537,1,0.0
-0.06684130881112192,-0.040180944034902286,9.778735771611087,3.347713227019109,3.3802203770153225,-1.773636474544643,-0.07596910562239129,-0.13833237343748364,9.832095959922567,714,0,0,0.1537,1,0.0
0.08986038260384535,0.29877282531596056,9.54300736310134,-0.32153997774527837,0.3820940170531397,-2.3113331240713473,0.13437626003364295,0.3146355057302162,9.542783313772894,715,0,0,0.1537,1,0.0
0.5904793045424076,-0.17669327752366668,9.738696748553325,4.474232550520912,2.1907281340938645,-4.50702540948228,0.5321209472169557,-0.06904790150767057,9.689854323144282,716,0,0,0.1521,1,0.0
-0.024449490934580955,-0.2358699084086852,9.839291899760255,2.797557987284587,0.9627116791336771,5.775696159021667,0.026198313450691905,-0.14667823358841767,9.892955486003519,717,0,0,0.1537,1,0.0
0.17947045173486828,0.14705175357518369,9.655727269295047,-0.4417064379331687,-3.2129502871203037,0.6918400223802874,0.20383780213734276,0.18309397273205016,9.676696743495881,718,0,0,0.1537,1,0.0
-0.41496453537534644,-0.10465065805080007,9.966508154127421,0.061326118281597376,-0.07128083614434491,-0.40876558957985215,-0.37177366981729854,-0.19056304233717075,10.02693752604175,719,0,0,0.1537,1,0.02
0.17648411462566546,-0.05978402503492231,9.488088748219724,-4.000446945637401,-6.1143724302474265,4.623468207419142,0.336806347731871,-0.03398116208272228,9.46121419540619,720,0,0,0.1537,1,0.01
-0.2627261235096412,-0.08859256206671483,9.656187247894612,2.0265147311532123,2.7593673176313023,-5.818728733045109,-0.1335986462248472,-0.100752733930827,9.791885919589498,721,0,0,0.1537,1,0.0
-0.11138251764495495,-0.14379481691391915,9.688473646777085,-3.2300986406540817,-1.8420607478284423,-1.6709426697585466,-0.0727994068216965,-0.16234192853430016,9.715285499077268,722,0,0,0.1537,1,0.02
-0.23217455286017546,-0.13505417571654055,9.850082737176635,-1.242923686179083,-4.023837526202371,-0.7631363657034052,-0.19713277791488049,-0.197106800443722,9.791205942123298,723,0,0,0.1537,1,0.02
-0.23167311170024418,0.27379607346888807,9.911872391806414,-2.267395263602133,0.6725339405536855,-5.180247453542043,-0.12895515812015174,0.322799572934859,9.901135934666097,724,0,0,0.1537,1,0.01
-0.25336709979336514,0.22107599554744484,9.478497925273498,1.1405316998189279,0.3365692153260462,3.2472197631087205,-0.24984453517058094,0.2106385635480221,9.463997629477378,725,0,0,0.1537,1,0.02
0.2830196561110736,-0.20888830299699684,9.864719591485134,3.007092072387233,1.0233804906952044,2.5858705316526023,0.23010636242912894,-0.1798463295535728,9.817565162629181,726,0,0,0.1537,1,0.02
0.27647883750641317,0.6071764071199124,9.925466472043757,-0.3728549162853517,1.1168884102970689,-5.235163156537929,0.31671109438288825,0.5717808976531643,9.909971349317322,727,0,0,0.1536,1,0.04
0.5955749511164375,0.2891512253560875,10.069041403940439,-5.389253628760288,0.9339784776210616,-2.471076672544215,0.5860957414842869,0.29437734515695324,10.015771662883934,728,0,0,0.154,0,0.04
0.29536239604166087,-0.00218366017886028,9.757504074485581,-1.5365888029190582,-0.2699453047506005,2.2083633181594853,0.29965901318721455,0.056358747189415644,9.738755734934147,729,0,0,0.1537,0,0.04
-0.21360841068802267,-0.25203338504991823,9.910205042079841,-1.2861998877219079,-1.0523970645267269,6.857038671078516,-0.2852996219543819,-0.2287828499712555,9.914988011968445,730,0,0,0.1531,0,0.08
0.48304135624968547,-0.040663430543814286,9.757191206519945,1.8914058470476371,0.23727841052417933,-1.4827742853034507,0.5462275454301863,-0.020066029117927254,9.8366595317307,731,0,0,0.1537,0,0.15
0.002218852060587994,-0.04664092816046709,9.627206144860008,-2.0674223208427427,0.3275523630679312,-0.01243038492505962,-0.07321757443096091,-0.04106780864953235,9.457083678443343,732,0,0,0.1537,0,0.15
0.04979353840205205,0.02378109537833258,9.681258694751845,-2.2270173870171597,-3.27336111851203,3.3744673634544267,0.09286439311832942,-0.06891597174735023,9.731627995128896,733,0,0,0.1537,0,0.37
-0.3798033720089916,0.08223900640111312,9.909161740065498,1.5549032448211295,3.614047811098555,1.4190641546176448,-0.3697723594482522,0.11970909438498886,9.887345990047766,734,0,0,0.1537,0,0.48
-0.8127749037039966,0.18992979426918158,9.882149870369863,2.464138641017379,1.366058883234784,2.2474578804398826,-0.8513610488354635,0.16457166446037075,9.953957275667698,735,0,0,0.1606,2,0.51
0.0816324949570995,0.0703758537929491,9.573950491253008,-4.966010349289315,1.9672963844654987,-3.16166434013605,0.044499062558006806,0.13519956763674007,9.60691114966316,736,0,0,0.1537,0,0.47
0.3759337287699102,-0.28610125091911337,9.785079221795487,0.0720385660104482,0.6266964344691368,1.1487193344065285,0.3457947929772119,-0.2640287038603927,9.783217815378164,737,0,0,0.1537,0,0.41
0.22047042846891282,-0.0711830340860583,9.992033870750799,-2.2219682816784663,-2.370431554455596,-0.48415226430309866,0.25158969345024496,-0.1805240149576836,9.997948949062485,738,0,0,0.1537,0,0.33
0.1625004363857592,0.47371092354196664,10.023606245505135,-1.0064046834554834,0.27210393332283134,-3.4204358056375943,0.19279996807161803,0.44641875865958996,9.967496164712239,739,0,0,0.1537,0,0.28
-0.31144254776274777,-0.8195210680030385,9.827516880133308,2.620986683677927,4.1824979521779655,0.11691039646221718,-0.38563467062086404,-0.7862718575682413,9.869750313322008,740,0,0,0.1496,0,0.27
-0.48793430155850903,-0.000744435967969818,10.036954358356299,1.2641199837867152,2.5087384306094394,-0.38681431403507294,-0.49169901446993347,-0.005927627539043789,10.0634686917397,741,0,0,0.1537,0,0.2
-0.06806851766983296,0.32164476873037784,9.287615870303588,0.0020437327845204854,-0.9213022984779826,1.8103079975462997,-0.06283792270309985,0.27419851010406215,9.256585941316837,742,0,0,0.1034,0,0.13
0.5684065751210317,0.08822664958066707,9.83575920088365,-4.0541222176572225,1.4116084700623697,-2.427688231357169,0.5564811113238057,0.1219325130070302,9.761627623905996,743,0,0,0.1536,0,0.09
0.13991447724728406,-0.6332115112407728,9.342925120283319,-0.5504309113801333,-0.19179225401352004,3.054683901493805,0.11017621635185454,-0.5718691276427841,9.352459652070417,744,0,0,0.1479,0,0.12
-0.6413465921622444,0.3315438225682669,9.978483880507307,-0.018223656275979293,-1.0495179707950744,-0.7956845130636381,-0.5562760872248607,0.22143313133181008,10.045956220139935,745,0,0,0.1538,0,0.15
0.07483371049397511,-0.06763378549414877,9.592229836832502,-1.547496998116072,0.05552940508226756,1.5665212519914857,0.058514556250511995,0.010656257047687787,9.671539746051998,746,0,0,0.1537,0,0.18
-0.1154007890268449,0.1933514897817821,9.651773417737948,0.5939859698512979,-4.954339579487061,-0.3765256300618265,-0.1326107089815923,0.21578611987989915,9.769615299788516,747,0,0,0.1537,0,0.2
0.2879085483127885,0.45762776935550503,9.788484700570773,-4.463465991293522,4.840926706609634,-3.020611943388346,0.40856853756532374,0.5003831238418955,9.78904563519908,748,0,0,0.1537,0,0.25
0.10570939111263197,-0.28782963953664736,9.841465598440074,-2.2779637572965923,2.756065707026038,1.726184083439546,0.12498499843183868,-0.32521236996858593,9.781363528953744,749,0,0,0.1537,0,0.0002
-0.13542527226783996,0.21471088525379103,9.678460209313194,-2.0603244922950106,0.998106935280365,1.775303714917634,-0.15369537373916858,0.31074541218099494,9.7549802836034,750,0,0,0.1537,0,0.0002
0.11304011278970391,-0.2891508880579894,10.114066513361717,0.21898409943026226,-6.730523105300505,1.6985598266535207,0.12145829973507136,-0.3364331389901952,10.054338182748934,751,0,0,0.1537,0,0.006
-0.007802370408979119,-0.13635039975707305,9.729577853693973,0.10671386261398066,-1.7485000519311746,2.071840723734501,0.029019848460535125,-0.12582036652692358,9.730923725475847,752,0,0,0.1537,0,0.016
0.20796945124590524,0.12905270603934904,9.843546303643967,-0.29112406628719645,2.367314389474891,-4.222332225411564,0.21900370068197958,0.1717872083069992,9.76147455149705,753,0,0,0.1537,0,0.006
-0.20415267166377385,0.2694958905334903,9.693291829135246,0.6080240878229858,7.129652587957219,-3.3761587350400983,-0.13036007112751202,0.2562638785265805,9.593692260246717,754,0,0,0.1508,0,0.0069
0.10196436042844431,0.3038501070471221,9.838365135504455,2.6516149654244336,3.1169201221402547,2.5773879083915188,0.17668604574503133,0.3106933704074874,9.78580989040973,755,0,0,0.1537,0,0.0061
-0.18414799144491034,-0.18210327199100187,9.755576079598255,-1.4949948154729231,6.119654184555522,-0.1919252496937701,-0.27757904135771205,-0.17356935623250683,9.753347293609126,756,0,0,0.1537,0,0.0061
0.43090554894850636,-0.03827585647425011,9.475312974956838,1.0976726294896832,-1.5194358940136863,-1.8232550087979857,0.4628854946864185,0.01689367417338654,9.520401758383953,757,0,0,0.1537,0,0.0061
-0.4879605938030661,-0.34642881064667763,9.641413636258122,-1.9672514304377473,5.782627211693885,-0.43687559678466514,-0.5172799822723352,-0.39267767328698444,9.646761372460354,758,0,0,0.1537,0,0.0061
-0.30903238702442193,-0.0864887517481715,9.985188127456846,2.4553406103050923,0.5536793853770934,0.09484314902110531,-0.29708214175302367,-0.07335569489486492,10.037524858106412,759,0,0,0.1537,0,0.0168
-0.2558418477942465,-0.7341094544147124,9.759458098929146,-0.3183427706240888,-1.7609459104760408,1.677523217043896,-0.18311627587216717,-0.7052046581295064,9.722273792704113,760,0,0,0.1521,0,0.0169
-0.6149358823260109,0.29244934689649654,9.823337371646666,-1.4952454292997275,3.222659166520902,1.5000985414021937,-0.5361225873985029,0.2310982764390875,9.804404937932512,761,0,0,0.1538,0,0.0061
-0.10880370417708919,0.4272953935601524,10.07469055076563,0.29077628844284686,-2.507363246547893,-1.3797679232286697,-0.11402547067852652,0.2998892329825026,10.059429534772601,762,0,0,0.1537,0,0.0016
-0.2064646101161466,-0.2992081910200208,10.187663277284654,5.632703135948881,1.196279170479121,1.5006470612165757,-0.257476673618795,-0.2603751936927434,10.224637536162643,763,0,0,0.1527,0,0.0012
-0.4121791602384055,-0.08309545277282729,9.496882108680001,1.389318829154464,0.7483983908202603,-5.652634290817006,-0.4685688355440519,-0.06885443551607773,9.499469013170264,764,0,0,0.1537,0,0.0012
-0.14430871186713198,0.14111226300505184,10.207594495191032,-0.4135310441023733,0.2589755492411653,0.038679740796667805,-0.20332162273165957,0.12112830696078841,10.189599043591954,765,0,0,0.1533,0,0.0012
-0.2276679556638906,0.7562632649144078,9.772766037493424,2.593401769651728,1.8604398522263268,-0.6397741057622691,-0.21339250350383177,0.7285218589571747,9.785820343987597,766,0,0,0.1536,0,0.0002
-0.3875670056425697,0.20776339576689953,10.052286508635902,3.526676024088556,-1.4094021252146907,4.602217901564311,-0.3698578780062562,0.111523142613406,9.976860291592546,767,0,0,0.1537,0,0.0002
0.1238352820446506,-0.9309379574554196,9.861426829322257,2.7892995210244904,-2.8194481195877277,1.0141999030972977,0.1247365963040436,-0.8967411405477739,9.927242493268503,768,0,0,0.105,0,0.0018
-0.5729164414889761,0.05608990250198663,9.63167882576799,-0.4370935404262558,-0.3267174267525452,-6.440986255456676,-0.6700663676097602,0.08223038555657397,9.623729192598743,769,0,0,0.1517,0,0.0029
-0.10782305813500415,0.11612030590981344,9.996711461769594,-2.488995314705415,6.605462487317508,1.931294643367078,-0.10505385120676206,0.092764117957233,10.012859839524358,770,0,0,0.1537,0,0.0129
0.3814563752566092,-0.03178643923812083,9.774570065282115,-0.8217316919675095,-1.049493518999909,0.13631724834482398,0.34756405611230146,0.08636085195990947,9.792070482403767,771,0,0,0.1537,0,0.0129
0.0410444216981311,0.03625052084065632,9.694331158052856,-2.7722192378250408,-5.239633948160071,-2.865699410124469,0.0022321520150879667,0.100749270345122,9.680599628687233,772,0,0,0.1537,0,0.0229
0.11919635345755358,0.44948224065867687,10.212508833916575,3.471676766519525,-1.5332905227773326,-0.4335529731334405,0.06412181087210014,0.4181800027483362,10.224000261869504,773,0,0,0.1527,0,0.0335
-0.7067684925681997,-0.6476580771397878,9.837968218539608,-0.6430329850252364,-7.799400410516109,-2.698552922621149,-0.7084760732440766,-0.557950516809016,9.754031473547377,774,0,0,0.1527,0,0.0342
0.04979667280580733,0.5124558789625093,10.234701275279207,-2.7052793904002232,-1.5944636873306695,4.1974372793973584,0.09593866076608798,0.5771546813582619,10.266726958344684,775,0,0,0.1514,0,0.0242
-0.5235653436032116,-0.049807487805782195,9.710926625850446,-5.497946105855297,1.7104110298994826,2.2831796662462636,-0.5383578604188732,-0.008328284132683189,9.665328061517137,776,0,0,0.1537,0,0.0242
-0.2009008885851658,0.2659139647090145,9.646341409309656,3.3520396501993917,2.8428838397259883,1.4241671228498105,-0.24189702277397068,0.3490373947805589,9.620410553167853,777,0,0,0.1537,0,0.0026
-0.2107758412671507,-0.1968834330511987,10.158526936851835,-2.2440210553200597,-2.9459685211936653,3.5439156147621627,-0.21474230911255987,-0.13737301802817323,10.167754157046376,778,0,0,0.1537,0,0.0326
0.3792515367568114,0.10736111324296309,10.104889579554563,-6.064680257576605,4.089753239595268,-1.0895512000094074,0.38774945964093305,0.1390791082675796,10.072756251027368,779,0,0,0.1537,0,0.0026
-0.31050639682805514,-0.4744376809562404,9.756435129438245,0.348187444229937,-1.5588548957277797,-1.5677974840733135,-0.33165633974114483,-0.45993210007397606,9.699934045607872,780,0,0,0.1537,0,0.0126
-0.2013304471287815,0.24528789939518014,9.886340717843625,-3.233048312328237,-4.577670609840939,-1.4081192124084623,-0.2149307178828585,0.3367199315038653,9.837167229944598,781,0,0,0.1537,0,0.0026
0.5618997763922203,0.4284384591913876,9.771306534095078,-5.5055675340312,2.8376350914722295,-4.028219076745939,0.5749221927181662,0.42055486925888885,9.830074898677518,782,0,0,0.1536,0,0.0023
0.2101706961644715,0.20160704040851996,9.447460536904615,-3.2013232844572777,-4.82629386715268,3.217841349169279,0.10633387290466342,0.27505533186557596,9.42398237693203,783,0,0,0.153,0,0.0123
-0.11917244909553625,-0.7427768636909401,9.954747107391126,5.577101723324043,1.9771243589464915,4.97728284218887,-0.15882078437446961,-0.7133875264848776,9.960023203734787,784,0,0,0.155,0,0.0023
-0.08996571549537279,-0.025228213433888595,9.778092943929254,-1.65684113861374,-0.15031553889423746,1.3205548155388105,-0.027756303663894324,0.12655827593783842,9.738676012680566,785,0,0,0.1537,0,0.0025
0.012794185426503322,-0.08622599862367153,9.704389284934688,-3.4437948656680635,3.9983671677400414,1.6068695370681059,-0.016846212006879684,-0.05792538497476189,9.725952475869402,786,0,0,0.1537,0,0.0025
-0.1564097770641667,-0.4630341241017788,9.850808742015623,-3.4472301537358923,-1.1044608197888421,-4.626827215881918,-0.1057178497798744,-0.48966361533370106,9.912319227940381,787,0,0,0.1537,0,0.0124
0.20894743403356505,-0.40881872686136456,9.974762844293394,0.8723641633504187,-1.0253053642116603,-1.7027916144233441,0.20434529239813923,-0.43601419040967543,10.064387424540428,788,0,0,0.1537,0,0.0124
-0.23782356874485455,0.15007635159757457,9.961667380594408,-0.49127870121150896,-0.13488758532378167,-3.5067808828985925,-0.19475377543205535,0.20047861571164335,10.032705017096717,789,0,0,0.1537,0,0.0124
0.12217049819428055,0.1146138919543806,9.555550326001391,-4.80096611477401,-0.010478681380655192,1.6857611824268597,0.16545069724603192,0.14287903862301998,9.609673872046109,790,0,0,0.1537,0,0.0224
-0.16223814216076557,0.49217540094152396,10.071983798010056,-2.5392193904773883,-0.9046772866601172,-6.982792965018607,-0.23062090509231375,0.45891399220767876,10.09040833279499,791,0,0,0.1532,0,0.0003
-0.5377288964055464,0.1235875164851953,9.494255867629356,-5.917971751528661,-0.20691963908390257,-1.7702492219845634,-0.5635741116089604,0.1846270452462396,9.454367099768007,792,0,0,0.1534,0,0.0102
-0.6011716628919044,0.27586775921200085,9.853581766057358,2.971399172948286,2.434502861424013,-3.627792606242701,-0.5460512886869274,0.33259531355116384,9.86067836917516,793,0,0,0.1537,0,0.0102
0.09085838627544147,-0.15023043828733562,9.767778093693547,1.7344979837554175,0.6414686072952651,2.2128381527155545,0.1513136169081828,-0.14490024577975746,9.702182260272297,794,0,0,0.1537,0,0.0102
0.03000066530645215,-0.12649217482132372,9.846979266256389,2.0006097410553756,2.846494194469105,2.520011514629368,0.0039110220751345515,-0.15424195927623766,9.868924378737912,795,0,0,0.1537,0,0.0102
0.05355836001636449,0.41060737355523547,10.120913094737771,-0.23645287257466607,1.8805638048592355,-0.4977813927766046,0.11717230243198136,0.35696358519536797,10.069390902625956,796,0,0,0.1537,0,0.0102
0.012484669254016964,0.4470019721346157,9.856307787164521,3.141503940495274,-1.2131998976256524,4.779982474430163,0.016452841533118313,0.4595019851487917,9.868415929660141,797,0,0,0.1537,0,0.0002
0.2896604227266577,-0.576200655688699,9.72440322081334,-0.02324601302353911,0.9103318565580882,3.121254465414321,0.34526642333496,-0.5832073263411395,9.748658562709727,798,0,0,0.1536,0,0.0011
-0.605073070530271,0.4932456116690772,9.959062081178576,-1.1177826701461826,2.430488280030416,3.107023765824584,-0.6497836623103527,0.45186218993242233,9.96566211538178,799,0,0,0.1534,0,0.0011
-0.22086778712703808,-0.19642751258435678,9.695392466464432,-1.0704094569291396,-0.03569627677559959,-3.003310278806914,-0.18435897130806045,-0.23791237852680158,9.650911967079084,800,0,0,0.1537,0,0.0011
0.3589391782076915,0.28277001659573486,9.855230324465362,1.3774405302700128,-7.134116253413948,-3.4592271059268453,0.38333262215561775,0.3140152494173273,9.888398528683082,801,0,0,0.1536,0,0.0011
0.21914588262864532,-0.12506109601022386,9.722030577294865,-0.5200825002300806,8.23520122096779,2.1896369415646406,0.25643015187464135,-0.16908117007040124,9.728242883749536,802,0,0,0.1469,0,0.0011
-0.0016905163528432427,0.04534861616422946,9.585142231092478,-2.3173452953198312,-2.465105345418303,-1.030249313775709,-0.00821943151342294,0.017631154649212562,9.641522341948853,803,0,0,0.1537,0,0.0002
-0.21001207798810026,-0.19689835309663742,9.730118660335906,-1.2959243092397186,3.2027385310110743,4.546589316137328,-0.15577679717564885,-0.18093367538895175,9.727201070442629,804,0,0,0.1537,0,0.0011
-0.058283241029315834,0.20048407528635773,10.273241055917149,1.3483429653181096,-0.33228001756389597,-2.1109195696557737,-0.0512643339895099,0.20537828385297824,10.290907118077262,805,0,0,0.1501,0,0.0011
-0.08428587729075586,0.3015939533263184,9.61588936965866,0.07327117392439417,-1.2734918098266679,2.37771374684165,-0.02581091187629371,0.30010094153017924,9.69137299559751,806,0,0,0.1537,0,0.0011
-0.7129512594351678,0.15795138881643137,9.727288593277722,-2.1429151363604797,-4.148711685434826,0.6474788648541534,-0.703905098438166,0.14033207922158625,9.707564500276973,807,0,0,0.1554,0,0.0111
-0.03738043355402713,-0.1888855533535376,9.887435376639107,1.0507777702560828,-2.6732935920456056,-1.4838212462275107,-0.01497742601041777,-0.23394328417034785,9.935927008349255,808,0,0,0.1537,0,0.0011
-0.22852061621817635,0.5490513062546406,9.840025025918886,3.320161094521504,-1.691995309345781,3.575424847147716,-0.19962047127673124,0.627462554220718,9.794710006189973,809,0,0,0.1532,0,0.0011
-0.17226930017939304,0.4187495662604272,9.801001292938627,-2.4560168298477185,1.3679860475081331,2.8020435000018913,-0.236594381283398,0.47705091349609163,9.745629767248357,810,0,0,0.1537,0,0.0009
-0.540760254183029,-0.3944804429572008,9.951267719756533,1.5853388501447379,-1.9927537623519544,2.463637711404118,-0.5956856165660983,-0.42866732866896845,9.9068541264335,811,0,0,0.1537,0,0.0002
-0.09867499001885612,-0.39833466621270613,9.961889602321044,1.5511580138379442,2.2471288789673785,-1.3456255030606838,-0.160098915079607,-0.4079825409616024,9.972530223198778,812,0,0,0.1537,0,0.0002
-0.0769895502018746,0.3877215372975376,10.260395056829324,5.187974195360158,-0.7000257525043772,2.620577857756632,-0.06103231710542616,0.29796272229268606,10.25710505351544,813,0,0,0.1527,0,0.0011
0.22292448492073588,0.08413494592110529,10.044598557835931,-2.0135613818415354,1.3947359072947743,-0.011190994109053982,0.11309152007314315,0.11318257254507455,10.061384041207017,814,0,0,0.1537,0,0.0002
-0.0938514805306211,-0.024640522829220798,10.220581726024468,-0.9189247506932587,0.3505632903454811,-0.8237844787059627,-0.04531073135875713,-0.025102023144505332,10.193597711305973,815,0,0,0.1533,0,0.0002
-0.12636518349242265,-0.2598913664668828,10.16381716934213,4.045561840739998,-2.604314608906966,2.411785001342211,-0.04509365500529759,-0.18552167210345294,10.201330036306564,816,0,0,0.1526,0,0.0002
-0.0811786204183241,-0.19900470643070697,10.077285664115223,-2.5889854181674563,-0.9208041770222237,-3.8261498337766895,-0.0878430315038703,-0.19539887283473373,10.154932734933304,817,0,0,0.1537,0,0.0102
-0.08161196774349201,0.4548386763716725,9.376132862036402,3.67838083595608,2.022431269675212,1.6175245072588362,-0.12618691304832283,0.4223955906687709,9.344808339768923,818,0,0,0.1465,0,0.0164
0.2002083407671832,-0.2384166819108731,9.765037372234847,-0.33963903793677785,-0.2696149872604895,6.821724489593809,0.20006378553615406,-0.2564799815150044,9.735654454901612,819,0,0,0.1531,0,0.0165
-0.23404639995326085,-0.015811538333050785,9.969895341843483,3.993197574891487,-0.4426364129449202,-5.700548165117511,-0.31545198467816565,0.04922524410498516,9.985612010390136,820,0,0,0.1537,0,0.0002
0.39825266907730844,-0.026356236828645754,9.937388545953903,3.1835481633121283,1.7572462943798364,-3.4037455331295137,0.3998172983657509,-0.012373922319854843,9.990709155676376,821,0,0,0.1537,0,0.0002
0.0789087590955144,-0.42894397604488194,9.721366080808107,4.428474771913579,-1.235155174788914,1.7457136219947054,0.05125749813638285,-0.38799049151856796,9.658539453526313,822,0,0,0.1537,0,0.0002
-0.34744061186626596,-0.3785885217793267,9.900462935822697,-3.465930030144227,2.6260338260617964,-1.26843510845072,-0.35548261616735144,-0.510275371413333,9.914091876227527,823,0,0,0.1537,0,0.0002
0.12214119969066983,-0.056631259451759244,9.758543132403055,-1.2972169508575448,-2.206714393737505,-1.0299283770816972,0.0928274298661026,-0.08560340877711146,9.799422087474206,824,0,0,0.1537,0,0.0004
0.3777708167861415,-0.5110788297138603,9.944579376779677,-1.017055889755222,0.8752505526504046,6.401216481015885,0.43165434975473105,-0.5128574874838276,9.927389915390481,825,0,0,0.1531,0,0.0002
-0.139522174379842,-0.8448583492558779,10.065970421807089,-0.727566174599765,2.0647479276771206,0.18757500275216554,-0.22283320016407993,-0.7801797861380343,10.004506980604141,826,0,0,0.1496,0,0.0014
0.4175381659135612,-0.12212798675176195,9.91817956174978,-0.3658955411778109,0.4273278654592951,0.05990699480681718,0.3637274496593626,-0.008496927554907135,9.931663846190805,827,0,0,0.1537,0,0.0024
-0.04755834062667722,0.20298064073889197,10.024364841738944,-3.0550262832106765,-0.030265729185719646,0.17154432620022847,-0.009104869328835363,0.17566336137630723,9.983566395681732,828,0,0,0.1537,0,0.0014
-0.023312411313576444,0.15845063221079483,9.905243773022336,-1.0315365675913362,2.3024386781196347,-2.057795203341665,0.06559575243702236,0.06807059600351734,9.859877763986779,829,0,0,0.1537,0,0.0027
0.2593751182568042,0.37037278595726353,9.993513656264533,1.0975247219019377,3.720094651804546,3.0559174752055838,0.19683974986494746,0.37576831830257945,10.008295434173728,830,0,0,0.1537,0,0.0027
0.3609217314736269,-0.5122355643707726,9.887529843017322,1.7173131625691909,1.8589003537757867,4.295991576359491,0.38269868883929814,-0.47406308162294253,9.862666504948269,831,0,0,0.1537,0,0.0024
-0.1305513756687639,-0.25951380567164123,9.696121920909066,4.1002329965216395,0.9269943455373697,-0.050544810643168736,-0.07324231727511704,-0.23304920850357502,9.75274119625246,832,0,0,0.1537,0,0.0127
-0.259436801242581,0.03945057558427495,9.766308845538497,4.086694169735173,0.4317874692669291,4.096739897013286,-0.22495033195743558,-0.024409037138359818,9.761969555488271,833,0,0,0.1537,0,0.0137
0.29157829790498924,-0.3367729650401829,9.546304132619852,4.760452747972339,1.9788500975480592,-2.7019028337407955,0.17569004978734104,-0.32999937088263964,9.531815156797565,834,0,0,0.1537,0,0.0137
0.009439610765697218,-0.5887780211960567,10.284938372085499,-3.221850974835118,2.8922790833130967,-1.347629532354597,-0.009081189779366144,-0.6887270122784628,10.25222777505035,835,0,0,0.1327,0,0.0219
-0.160853754755877,-0.09023108736278411,9.454842581887787,-0.9608731014075923,-3.0570270670849213,7.448967593882876,-0.12756951846551895,-0.13925446171988765,9.48185642226714,836,0,0,0.152,0,0.0379
0.2202574210460029,0.27727885798874535,9.943760635028081,-5.433175464689214,-0.005142751267932994,-3.162062400405346,0.125823730070647,0.2585459428857294,9.972415178194842,837,0,0,0.1537,0,0.0379
0.11268910825549508,0.3824074099511348,9.950771850794073,-5.768947837650808,-3.443768239844366,-0.09129495579033169,0.15844480161775115,0.44517646365701113,9.88285451145025,838,0,0,0.1537,0,0.0322
-0.11588501663778596,-0.13414802889990918,9.530750517561325,-1.3063226192019366,-2.46455521955353,-1.3391151396958318,-0.038266353458879465,-0.10965444405215607,9.439784939404369,839,0,0,0.1534,0,0.0322
0.06289658305205026,0.1309488522550513,9.689938631463827,-2.1792501902661576,-3.310724608425101,-1.7602918155870306,0.10377148277294293,0.15814874475259313,9.697992116080744,840,0,0,0.1537,0,0.0222
-0.40956879802370677,0.360264402810718,9.693540006912308,0.0549239699352216,-5.28846947973598,-0.30206236741117276,-0.3759027751087147,0.24554313902119718,9.68723790241056,841,0,0,0.1537,0,0.0285
0.4061613256611543,0.2916163067574412,9.783439776183396,-3.7774560081732336,-2.179574435851232,-0.3256920506144147,0.37780700294417835,0.24089354757178896,9.769550665289698,842,0,0,0.1537,0,0.0361
-0.1707863599282721,0.12208310852771875,9.852495257102783,3.552689850884445,-1.0147421306034716,4.1226873238887425,-0.17723897089505633,0.16487481716185967,9.808600781627794,843,0,0,0.1537,0,0.0289
-0.20842181950967423,0.4526393487632842,9.959947586303187,2.6480157894419745,0.3123789106961922,-6.602960325802918,-0.15338693051831867,0.4394624618941965,9.923689724378134,844,0,0,0.1532,0,0.0185
0.03503998461868638,0.12772582956856726,9.940558483721954,-5.944182441687377,-2.060724448810451,1.7678773604191285,-0.005337779188317147,0.12119898313194725,9.886195963146298,845,0,0,0.1537,0,0.0185
-0.05088667040980351,0.06556535016552996,9.84783884790119,0.049936356547313626,1.6790264545790816,1.7636427845009082,-0.06432153820842824,0.05224281047691254,9.856648710248363,846,0,0,0.1537,0,0.0291
0.11628357458664686,0.04943649104884264,9.898537302322822,2.884451761868622,3.05945507650154,0.6998806902919565,0.13960647813626967,0.15405018341789734,9.813825088403842,847,0,0,0.1537,0,0.0191
0.04858063933978019,0.17962151084642777,9.971488063040388,-4.3621416633037065,-0.4794523947767736,0.14260837939204818,0.04024672322293373,0.11451926995212419,9.936207080121449,848,0,0,0.1537,0,0.0388
-0.5572583785209526,-0.4908620298150715,9.552368477758185,-0.2489836221997555,-3.2748937267874556,-6.170457251642568,-0.582882947570211,-0.4326138383955753,9.574480905517019,849,0,0,0.1537,0,0.0394
-0.4172190652045897,0.22625174302497358,9.77300783997895,2.4910247784249426,2.605624129591929,-0.3131021736647086,-0.43089364769475086,0.2804170062119371,9.753462717780383,850,0,0,0.1537,0,0.0386
0.43057652425277965,0.10928899295515138,9.81224217760592,-1.5576298930053825,2.2374749131448377,1.1808570016109843,0.4403025640574328,0.13784879587361126,9.820320686615426,851,0,0,0.1537,0,0.0455
0.029972590558684634,-0.2571880516397924,9.992720930458557,3.6213118854046735,-1.9002386457787577,-1.0221872666473413,-0.008917855367124729,-0.32526223808041055,9.952186591273398,852,0,0,0.1537,0,0.0219
-0.03012490340584462,-0.044303936589523314,9.614658275788075,-2.2161510984024835,3.6445383155572952,-1.6068621221730686,-0.027121330540747994,-0.07038420144099014,9.627670950452003,853,0,0,0.1537,0,0.0311
-0.10320092415082976,-0.1888333522331819,9.908266096599215,0.8347112262147205,-3.166055726038997,1.1479616358832838,-0.10702127494124973,-0.18674501177252842,9.908973558115964,854,0,0,0.1537,0,0.0419
-0.024014105812275793,-0.006301586308469503,9.590723090913222,-4.888816225525378,1.1437613100151989,0.86690219438018,-0.07794648054277194,0.008122181901827086,9.599465662339886,855,0,0,0.1537,0,0.0313
-0.5375346007120252,-0.15138522285693837,9.979145122052088,-2.0244021795450573,3.341703301885993,-3.2651622001112797,-0.5715768063328245,-0.12691517294237298,10.015498159035834,856,0,0,0.1537,0,0.0213
0.5000348979654298,-0.03638905212476918,9.924278275853375,-2.0138391806084193,2.4057727851923603,-5.961600171194787,0.5133386635769298,-0.041481074919676515,9.969922272808535,857,0,0,0.1537,0,0.0213
0.00906042891891908,-0.18867729477313294,10.009182892664548,-4.63405587924038,-3.1616520267329378,-4.577210537393274,-0.01347959425988837,-0.1696905418707294,10.083859005835969,858,0,0,0.1537,0,0.0203
-0.17289703447392926,-0.1828477051347399,9.803867950799479,3.1585234454833477,3.268435917713221,-2.9789513362810682,-0.11506541321503921,-0.1353892821952536,9.908862236004849,859,0,0,0.1537,0,0.0075
-0.3131330911446963,0.0020723630849625607,9.694978431314215,-2.7751828096766964,7.210014179462711,1.491255693881298,-0.4134805241283683,-0.02861538384021221,9.726911832497208,860,0,0,0.1481,0,0.0138
-0.05545871660169805,-0.5318340348480834,9.87000690980709,1.7239174121035556,2.158303653022982,-0.20538843566550127,-0.007116449841059934,-0.5375325783172974,9.842050215507475,861,0,0,0.1537,0,0.0138
0.07564586185994822,0.27342252752874446,9.928594567775963,2.6519918595579135,4.070213881678915,0.3569932027760541,0.13802002361099586,0.21647629529531956,9.975331835188715,862,0,0,0.1537,0,0.0138
-0.3872572327136206,0.3325223371709852,9.718847679655134,0.5622164496400166,-0.9699881261047724,-4.148945913492231,-0.35713251067866275,0.3459720679731098,9.784932140039528,863,0,0,0.1537,0,0.0138
-0.07734276191259812,0.4315958215891246,9.553207835342576,0.8438865532468198,5.07403143944545,4.62552682562365,-0.07667327665087385,0.5062173032694708,9.574222295903587,864,0,0,0.1537,0,0.0137
0.4723466715788157,0.3941208503699815,9.985216588339597,3.622338004436541,0.6882695821830271,-0.8888160952139288,0.558660493920738,0.44914046058426926,9.98549976642948,865,0,0,0.1537,0,0.0248
-0.41770681117018743,0.5643869065778376,9.806231606948238,1.5497628567192547,0.16171121922094292,-1.445512113636084,-0.43358700503421194,0.5088619827237237,9.704359942714268,866,0,0,0.1536,0,0.0107
-0.30437922199870404,-0.08529323561945094,9.640938335998674,-7.511164204955942,-1.1963240966390094,8.672834766526542,-0.3291167266086966,-0.01640006191123558,9.71323167672341,867,0,0,0.1476,0,0.0156
-0.15577491513277905,-0.9500523320476757,9.61209655216782,1.7091792336172946,1.5094991632778214,4.435788671001526,-0.17397134962825975,-0.8352359454956544,9.624826983010065,868,0,0,0.1266,0,0.0251
0.24361614199084333,-0.2724395518128646,9.490408319452536,-0.8665396457268655,0.8424919289409276,-5.508054114625549,0.2898498999659939,-0.22495596730965964,9.50440468098075,869,0,0,0.1537,0,0.0248
-0.3944591111175337,-0.15738685789963,9.578203716196223,5.948134225957043,-0.10134182935193464,1.3579668483321976,-0.3568884484974557,-0.13913058342448584,9.534555822541968,870,0,0,0.1537,0,0.0255
-0.19236222568826208,-0.002916804019131344,9.996064625333203,1.2235688046453843,3.7411235306716177,1.0434121338632159,-0.1508084175975562,0.060030763643522195,10.02667054510658,871,0,0,0.1537,0,0.0355
-0.25115346718564674,-0.2586707415974439,10.009630385633153,-2.6069518150843622,-1.3220000673845118,7.3029572354884476,-0.2613019560059836,-0.21958070094961804,10.064936970058483,872,0,0,0.1522,0,0.0151
0.41366864596917413,-0.21463084684592085,9.87466938635861,-1.6305658803692045,-4.1140072422413665,0.17912218153991824,0.4270249807234413,-0.15442269321549257,9.822551074768446,873,0,0,0.1537,0,0.0251
-0.3105165281896234,0.07365457553244238,10.004655948278561,2.7704621223591475,1.9209326279656616,-1.1427484601374938,-0.23849169819700078,0.11593455087829423,9.997207081326254,874,0,0,0.1537,0,0.025
0.06304064134960369,-0.5626711092837416,9.66818315689429,-0.591657392520832,-3.645009358264038,2.8335679014709045,0.032623229520849284,-0.6062546934098352,9.667547989433649,875,0,0,0.1536,0,0.0151
0.22997748615248756,0.7321399474586207,9.759173191651351,7.868316272005698,2.1683697620746467,-0.4646485781005969,0.20587759737108602,0.757592256135815,9.775980268822378,876,0,0,0.1376,0,0.0252
-0.3522337554922323,-0.5493861935460007,10.09219624904982,1.0750220367124612,-0.30112332155613164,-0.1496588304742826,-0.3468096555261717,-0.5831943857280734,10.041887826061615,877,0,0,0.1536,0,0.0148
0.2398717768878677,0.21564622933338168,9.701587927545072,1.2153199571099245,3.084065284112654,-1.2331359379915283,0.24733214551589605,0.22511834190163652,9.69404069686637,878,0,0,0.1537,0,0.0152
0.0766638863820246,-0.38382834006266514,9.89298118561062,-5.173511483597043,5.436880140018923,-1.5208678335949566,0.07541164836712606,-0.3598334612222597,9.886364132006273,879,0,0,0.1537,0,0.0152
0.11669452393049848,0.08382306332521658,9.78915114065049,6.792355952695242,9.643450387305364,-0.048484942873112266,0.16940552306228762,0.11728931374952539,9.791901854779612,880,0,0,0.1304,0,0.0248
0.11869137263892841,-0.3630687384927824,9.743874831251214,1.3758983561975986,1.781384386371193,1.4409901316541633,0.17537539376129332,-0.41421334086005435,9.797713713548745,881,0,0,0.1537,0,0.0114
0.058510074510606996,-0.500297207291502,9.829575154871424,2.201839714804525,2.919876174473078,-3.445361859118316,-0.02528269356800518,-0.4675081657705966,9.710339637228678,882,0,0,0.1537,0,0.0098
0.6683922316008553,0.1693248592364222,9.815002714583418,2.2941073541852504,0.23230378603090276,-0.4287464719304451,0.7646277444606833,0.14381450264188939,9.820578175605172,883,0,0,0.1327,0,0.0037
-0.5806511665082852,0.3568815899203479,9.815688623129342,2.303637868327874,-1.2475762921588474,-1.7950695583947778,-0.607819273271369,0.3742552608269902,9.800698551504658,884,0,0,0.1537,0,0.0012
0.35140734306780774,0.08783871055069344,9.943161407247468,2.2135382461588384,-5.9299713963879235,-1.4345107707933815,0.2747867922588376,0.0739385009293517,10.06378783180671,885,0,0,0.1537,0,0.0005
0.43081302216876016,0.07589372225506079,9.569789896164227,-2.468357812934096,-3.93389795633542,-2.063206305670244,0.4554946869152584,0.15733469096258074,9.619089990726067,886,0,0,0.1537,0,0.0105
0.03994205922996603,0.30398576027082513,9.892796757030721,2.7097394928106473,0.15056725723587816,-7.113020765305592,0.01734873008684496,0.3044418407814215,9.896138347255969,887,0,0,0.1532,0,0.0107
-0.2242839265762243,0.1983503148602375,9.723454384319743,1.7342907844048485,-0.8248718467116727,-0.9406643729174451,-0.2793587025968246,0.1630595246945759,9.691589972398194,888,0,0,0.1537,0,0.0121
0.4412536368937959,-0.17747178878329856,9.974251009202879,-3.356962476244865,-2.481440557973553,-3.5897209288653724,0.4489831991024033,-0.13691540775724564,10.029129619511828,889,0,0,0.1537,0,0.0105
0.19817869917408312,-0.3600609589248912,9.784607309999267,0.7444604974238002,-2.4399779752900117,0.3629075590189019,0.18252676298800813,-0.26132647789483127,9.827575609871694,890,0,0,0.1537,0,0.0105
-0.19025246900676326,-0.14811903258517223,9.606990435036503,-1.6251122654518004,-1.4435856047008175,-2.0463268156497936,-0.15265912198285622,-0.12805933286668186,9.601172523284857,891,0,0,0.1537,0,0.0105
-0.27320660961509163,-0.03178250896083179,9.763082516397674,0.6423665198657217,1.1783095793533365,7.270477608157732,-0.267908547445239,0.0013846513570273597,9.723024020363455,892,0,0,0.1531,0,0.0105
-0.1072183548789357,-0.39566253991803063,9.611465074997213,-3.972932047600311,-2.344588376552685,0.4240000003144156,-0.14415606880552892,-0.3201235225366537,9.611665547183994,893,0,0,0.1537,0,0.0107
-0.058696136040557186,0.40216892538952936,9.962429112327317,1.470734517213374,2.983671400437427,3.1702790915646775,-0.1032912163254814,0.5357069239845708,9.985157771160944,894,0,0,0.1537,0,0.0105
-0.2515745970751824,-0.15331855526753582,9.915129281074455,-5.046643137785633,1.2835481864185376,2.681065398400367,-0.2797528205041312,-0.14235829828185687,9.91361841098184,895,0,0,0.1537,0,0.0105
-0.12602109827673152,0.03490933676620332,9.613279473483102,0.4954306853755987,2.2862386558416423,-5.150158161676023,-0.11050546533111152,0.06344004950337481,9.55789358032296,896,0,0,0.1537,0,0.0104
0.12158056118200136,-0.4387598484355294,10.006988195524444,-1.6816225183667113,5.408027372418876,1.0636872259727164,0.11071797822723377,-0.45747490452900996,9.998724572665628,897,0,0,0.1537,0,0.0004
-0.14554514186155865,0.3322668611590715,9.539945806592915,-0.2474262141411796,-1.6195071429272432,2.7121452697661113,-0.10410097895290063,0.40504073190319395,9.425169868173617,898,0,0,0.153,0,0.0004
0.008674099930382538,0.4581216215449516,9.736837123179198,2.97889993469269,1.4965887938759213,-2.26295603532576,-0.027006882568159425,0.41766798699892926,9.821789893910058,899,0,0,0.1537,0,0.0004
0.13856905842469103,-0.19310456407708088,9.870270812268494,-2.0478277305236783,-0.9570869718320624,-0.6187496088818014,0.10863028816587462,-0.16339948599669932,9.832630339692532,900,0,0,0.1537,0,0.0121
0.24820918612707008,0.021020774280297087,9.843999768467219,-1.8142907534451553,-4.316796140672945,-2.1979683240326553,0.3184101673713592,0.03435395630754556,9.801077687893436,901,0,0,0.1537,0,0.0021
-0.17518491029609182,0.805996664554464,9.850227444800344,1.1627770395202457,2.08363968036731,-2.018812669876847,-0.19202589342292642,0.7747004084921857,9.794772090571616,902,0,0,0.1445,0,0.002
-0.15242884103362683,0.15876240318640442,9.971607565667393,5.574711716716351,2.340009686752398,4.792063034081009,-0.12346444311400134,0.10672014920912162,9.892774728681529,903,0,0,0.1537,0,0.0004
0.14480360288365862,-0.023295461823094558,9.670983067221677,1.1477607785193213,-0.33567708524028284,-3.0508681602431222,0.20432778522413653,-0.04013646898098473,9.713228987187707,904,0,0,0.1537,0,0.0004
0.3103042091377581,-0.06206357128771617,9.939834132137783,-1.102003453638233,-2.17812055092357,0.23682402888386628,0.2615042140167896,-0.05496315290812676,9.955667148159467,905,0,0,0.1537,0,0.0004
0.12946219970553494,0.28510116008099345,9.728487010371325,-0.7992278339441098,0.9825241256002539,5.720881354935337,0.11294721615031802,0.3414141145311958,9.757690768917188,906,0,0,0.1537,0,0.0229
-0.1263042033508045,0.4514294189008783,9.881483633709585,1.716920814703638,5.690861966870257,0.879885284669506,-0.11804960319478741,0.3905813592757963,9.8068236276922,907,0,0,0.1537,0,0.0126
0.5006517382660854,0.24961124125848877,9.811210491380537,0.1282363883102992,0.5913841766332386,3.0617849374773334,0.5175734502741132,0.2979739417206305,9.789590467826967,908,0,0,0.1537,0,0.0126
-0.7476911619817219,0.3543359792188488,9.848267719967076,1.2084406615508314,1.403475920353437,3.61623005051851,-0.7389609466775015,0.38438355190004864,9.88083796915133,909,0,0,0.1683,0,0.0004
-0.5096513083444697,0.14407901787833605,9.731259797267523,0.5461783523801599,0.8009802404800086,1.4314929666619542,-0.5073755066181435,0.11950131317583744,9.769550773090842,910,0,0,0.1537,0,0.0146
-0.02045690902792092,0.37743670750012703,9.693780426391228,1.7515298392366954,-0.057529066581710406,0.17975831559157823,-0.10411763425638085,0.4099376146046865,9.74292398095031,911,0,0,0.1537,0,0.0107
-0.313821390609028,-0.18391266051236874,9.419101023150773,1.3124223476231078,-2.6475561131751535,0.7847171470154235,-0.3026931566342771,-0.2432640588963039,9.475074344903616,912,0,0,0.1537,0,0.0146
-0.19987790416551485,-0.035607225292088804,9.592906007830877,-1.4772659334398293,1.8430842318036809,5.08909828577185,-0.25608706525609687,-0.02020364534556057,9.622527884579712,913,0,0,0.1537,0,0.0107
-0.08218720799837942,0.04362143240457759,9.811855297903671,0.7367810239207497,1.435719894301809,5.614195504870753,-0.1466297695692608,0.03068323029983818,9.862160631616732,914,0,0,0.1537,0,0.0157
-0.13358828255593697,0.6728266171709977,9.751354025728652,-0.07005699919881496,-0.05188425274268967,0.8277286339101255,-0.10695668355424719,0.6488881613917489,9.768805625738954,915,0,0,0.1531,0,0.0058
-0.4612302998390641,0.13855348766759026,9.83265239078293,-1.8528391492527494,-0.9859508973316178,-0.5565823350094793,-0.4977994391056397,0.08336776953469802,9.838970682448192,916,0,0,0.1537,0,0.0158
0.3080926731694749,0.5208867948079717,10.089442551023799,0.29329483983599014,1.5123899666836813,3.1291583163209475,0.3257724432003148,0.5837918048306973,10.082333436250096,917,0,0,0.1518,0,0.0158
0.2818939601927961,0.40557301531944934,10.049332276033697,-3.779604272244981,-4.6483255660157665,0.055595892054562335,0.28602880474867937,0.4215357548057654,10.057196469136173,918,0,0,0.1537,0,0.0106
0.5443654738735445,0.2278542642390758,10.26092913637438,-0.4714648940109476,-0.13105251564185552,-2.918597600908563,0.5959957803261016,0.3110893178658396,10.25358799079051,919,0,0,0.1517,0,0.0113
0.03162134325068527,-0.0582527980395409,9.906527515830133,1.888210182016976,-0.9181768114593283,-2.9601674574779158,0.0083414519977009,-0.00038852995025902975,9.878828417235216,920,0,0,0.1537,0,0.0016
0.343968390821127,0.10385953186457804,9.685438837718968,2.7178184573413153,4.395237006203681,-2.9511151533167146,0.31220808678993267,0.22516575422372379,9.68539941332319,921,0,0,0.1537,0,0.0014
0.028534151718775387,-0.11855105265026708,9.874655323190481,2.524361863925804,1.2533947987494045,4.135734247269326,0.10035935351190009,-0.16627144823043707,9.854395694134388,922,0,0,0.1537,0,0.0013
-0.08279911448091665,-0.39166804801711025,9.520602500264646,5.590305434245825,3.6805865616720244,-2.9944388574879715,-0.0870245688888212,-0.33829390419675515,9.589991389897799,923,0,0,0.1537,0,0.0113
-0.2518798089336627,-0.3171131709120605,9.669715631263383,3.9611868227018263,1.9455992396403377,2.6713921430150074,-0.23671722523097166,-0.3154283105898029,9.656579297374302,924,0,0,0.1537,0,0.0113
-0.31620199146230754,0.5429300718477085,9.767037644011022,3.0493948305123952,1.1821481048808722,-0.17255450451717563,-0.3857270118110199,0.4802042094303571,9.758866143201738,925,0,0,0.1536,0,0.0163
0.4133184490040479,-0.5139967133112499,9.801966653017818,2.705459857034759,-0.8804416819206269,-4.718757746856255,0.5071453684569209,-0.598459385442109,9.831083530078969,926,0,0,0.1536,0,0.017
-0.17815724385878443,0.10036011846978578,9.746045779323953,0.6476556307777073,1.411384460537073,0.390979579885551,-0.24753400338213716,0.08214604706227556,9.787815358908972,927,0,0,0.1537,0,0.007
0.49850722487607185,0.2543080884037933,9.924933247307717,2.710406358746054,-2.7952043153857282,-2.3235789008891095,0.48322465718888413,0.2671816996801589,9.912185131220374,928,0,0,0.1537,0,0.002
-0.27381459250317186,0.051944961235014415,9.611625828572956,-3.105790803625056,-5.708766010296316,1.9048406948193994,-0.3434115185198849,0.07905925717169185,9.644354028546076,929,0,0,0.1537,0,0.007
0.29646931402332816,-0.4564251466126442,9.527283443371678,1.4819875188170126,-4.103892734484506,2.8498266805644743,0.3119709428923964,-0.42368984106830637,9.601713726178533,930,0,0,0.1537,0,0.0063
0.5143365944502849,0.020550795334053764,9.98510163138729,-0.21919429563538362,-2.9410373126160345,-4.050834378647138,0.5843703239892786,0.048154889938810924,9.988414594591434,931,0,0,0.1522,0,0.0017
0.03604647291239943,-0.2490270252249643,9.56702136833904,4.6330678429034835,-3.3116963312589047,1.0314168185200978,0.03031842662636311,-0.2415138891867117,9.548633721700952,932,0,0,0.1537,0,0.0017
0.21101708173318767,-0.44791206382464926,9.566333831459485,0.9307725225974425,-3.489662554903446,-0.8345337755685616,0.23516313565491365,-0.4741380412065702,9.549884932353095,933,0,0,0.1537,0,0.0017
0.17757302155233026,0.3707425360972654,9.776684802537641,-0.9157200296113488,1.8612080961918311,5.290893333963168,0.21904297189878166,0.3094804833329947,9.811913815956057,934,0,0,0.1537,0,0.0017
0.5299983739681601,0.19321665094213597,9.781308532216805,-5.985302093621784,1.362496571337043,-1.8531987453225445,0.47777764366434317,0.2399052021076623,9.83271663099951,935,0,0,0.1537,0,0.0024
-0.004743933761250755,0.4350003209098139,9.821531235359515,1.4101629751767293,2.2651045142164663,2.45075343006276,0.04551880064010202,0.3649048647081159,9.7897152219463,936,0,0,0.1537,0,0.0024
0.581126500761234,-0.1179413859021227,9.801484029857805,0.4575570897261314,1.2372447710518233,3.051691516632892,0.5682892971822767,-0.15059005152463917,9.926907584959656,937,0,0,0.1521,0,0.0024
0.049767242603069584,0.12211925109001764,9.67523609666609,0.8046674953300477,1.656742049262015,0.6046763253297359,0.05950153240401992,0.12448638157228874,9.586538486740105,938,0,0,0.1537,0,0.0024
0.3439799795939184,0.4894174616006279,9.984845634144177,-2.3490479891820604,-0.8080326927268588,2.980309636960093,0.3422797368099886,0.5413833248022968,9.982865574249592,939,0,0,0.1537,0,0.007
-0.15434191154990518,-0.3550300519094471,9.811886068417273,-2.361620442524,0.5821270206227188,-1.8931038932535587,-0.0782934159912648,-0.3625310942436268,9.770375401136668,940,0,0,0.1537,0,0.007
0.33499331698131074,0.0024731565671136458,10.052775875218268,0.5468178006524589,7.486321132945367,1.363123169229433,0.25483604309309327,0.026989713303485558,10.121285405205121,941,0,0,0.1448,0,0.0083
-0.14056708106040192,0.5961674403017116,9.542200654659993,-4.204715235013034,-3.433766860375113,-0.333342541982359,-0.07459473342250617,0.6834414742642623,9.560476180421608,942,0,0,0.1531,0,0.007
0.09835359640209433,0.30659864537937764,9.398411473839408,-2.1809249540416498,-1.302662418161772,4.10123410586113,0.12509784347288622,0.326095554446734,9.418635637534639,943,0,0,0.1505,0,0.007
0.14513290631420075,0.47178347535754617,9.956069334475103,0.839570000634762,-0.7959315794122604,-3.0745947266462887,0.05638674349167676,0.4244696599095964,9.986084834444545,944,0,0,0.1537,0,0.007
0.1999673443819718,0.31088085011160055,9.596086667417337,3.06154020005419,-3.1304698610134603,-2.116789221676492,0.17427517790198474,0.24690904793902377,9.600785932331824,945,0,0,0.1537,0,0.0063
0.37022210539018313,-0.2367825678845358,9.792022953494918,4.15499087369952,1.9683919956311167,-0.12353790946069132,0.3891035841245684,-0.23542336452669138,9.819166864564172,946,0,0,0.1537,0,0.007
0.39493583754319844,0.23553226793067733,9.994104254610164,-4.136620569131563,-1.7268278468076335,1.5084680382741884,0.3895644112943696,0.32742939295816886,9.9726842906907,947,0,0,0.1537,0,0.017
0.004269308668669217,0.160333332245405,9.786976330962784,-0.656160592733741,3.260361461995128,-0.5367128600605862,0.012114883611637362,0.12405096995821945,9.799604271039312,948,0,0,0.1537,0,0.017
-0.48411534385659377,0.4454327232383803,9.77403423804415,-0.14302080777731177,6.402210110708441,-6.570099454804169,-0.5200821223360863,0.5277434738485466,9.813661617591965,949,0,0,0.1532,0,0.0024
0.332910844881873,-0.025613376445487945,9.772680774258669,-1.2282437990286625,4.5193884410331915,-0.4966045841031402,0.34317591030082367,-0.034291628292164984,9.778076931581499,950,0,0,0.1537,0,0.0024
0.3289497865588418,0.03921804161695784,9.81494990567796,-2.076867042051697,2.012556529155833,4.505282076807248,0.3866899146219981,0.0369275395672257,9.899684479730594,951,0,0,0.1537,0,0.007
-0.3493317427944393,0.21247317590578937,10.002907260597695,1.9716282564911656,0.881011106797818,3.515077241257747,-0.33537302883247994,0.2936728355044771,9.99806421610043,952,0,0,0.1537,0,0.0164
-0.0584412648283055,0.263847206669301,9.798615080823943,-1.0265054194768417,5.3990541919911745,2.6553561770952423,-0.06917360179988909,0.27139853690133037,9.844584484929644,953,0,0,0.1537,0,0.0157
-0.09798066549295896,0.18188506863688084,9.58100832627566,1.855673882576471,-3.76358994040198,1.1926748213872918,0.006021591319978731,0.18268639115236773,9.545217015552735,954,0,0,0.1537,0,0.0107
-0.07935579517522998,0.394575898926826,10.169141902130741,-1.7016105385191391,0.5176794340538452,0.8923140368379593,0.03126826518634082,0.3933312991159793,10.171528166079936,955,0,0,0.1537,0,0.0157
-0.15803980807109277,-0.10811661060208225,9.676678628871999,1.7578723114409747,-0.7123455298175658,-0.08303796782154495,-0.1357059967657267,-0.09973477624573869,9.608647597190842,956,0,0,0.1537,0,0.0157
0.44483206048486484,0.03086574741327957,9.798581097004416,0.860947717891132,3.200848879302308,2.071993883424843,0.3716556209981845,-0.00177952045709847,9.888239404950024,957,0,0,0.1537,0,0.0157
-0.0849222188707624,-0.08032943491113248,9.979558422412968,3.120366644719396,0.32836067368923827,0.10524411565579148,-0.09533892929227593,-0.09712933099326808,9.981312125371865,958,0,0,0.1537,0,0.0071
-0.11749820264170521,-0.3287024671383199,9.716111817512312,1.8207779974412677,-2.7653921120618583,6.16959695873045,-0.13875813344842236,-0.2932990854429933,9.766221711348209,959,0,0,0.1537,0,0.0118
0.21125792759964687,0.007440418099911066,9.604368752682035,-0.6280631126207863,0.9170436796340022,2.558797215685357,0.2985003188458909,-0.005078663298629134,9.586150320560236,960,0,0,0.1537,0,0.0139
-0.15201840179017911,0.08704816251534873,9.635368058917566,-2.3904936673814072,-1.2371699029191563,-2.5352261319191296,-0.10952664958195442,0.10717268491474705,9.661117878073064,961,0,0,0.1537,0,0.0139
0.07164253789988054,0.21567144191381268,9.371135263098106,-2.703530389763528,-0.7693753869566071,2.0640812695716795,0.16047311768444028,0.2113758105040834,9.445700059474522,962,0,0,0.1508,0,0.0185
-0.22342639953247426,-0.4188399226168916,9.741960943626687,1.8825973699761345,-2.710849230823934,-1.8558919772316473,-0.10869464619274435,-0.4353594614484625,9.695399950905733,963,0,0,0.1537,0,0.0239
0.26268622242268985,-0.038075213931955086,9.782093314490021,-1.4627989779160888,-2.6078151973752477,0.9872195115802727,0.32190523304749696,0.001949484195502095,9.783216088617676,964,0,0,0.1537,0,0.0245
-0.2014258153219126,-0.45760878579021513,9.590118935980708,4.742004723244974,-0.8300412475335524,-4.537313412124551,-0.2619969293711125,-0.4723268835621447,9.577012731725661,965,0,0,0.1537,0,0.0028
0.054835571983875835,-0.28283013338173263,9.6363280422369,-4.07252622052953,1.1578645923652473,0.6224612634400377,0.010386834813280982,-0.2974751349123983,9.550618135873137,966,0,0,0.1537,0,0.0051
-0.3885633667088524,0.1592007665620658,9.682695424560213,3.0240204399030834,-4.427405520782468,-1.4066012347583712,-0.37490867600214944,0.17403466846156743,9.610599507346995,967,0,0,0.1537,0,0.0137
0.005774012263708707,0.0018561913814145099,9.76172201340011,0.9383733536814642,4.993408923103552,5.29546807317989,-0.00045600239939052375,0.0657732676745813,9.776442735424999,968,0,0,0.1537,0,0.0037
0.3877293040528933,0.06904080518592677,9.89576041126124,2.736411682923023,4.403264125551476,-4.1367167877576865,0.4729744115597869,0.08316648649937916,9.844873036652269,969,0,0,0.1537,0,0.0103
0.06111462667928944,0.03713790234217119,9.534209187674557,3.4999156570221523,4.879803665904804,-2.416539358007579,-0.05174945257044954,0.04563018647547007,9.474339459444224,970,0,0,0.1537,0,0.0002
-0.05912250573300799,-0.04370259488719177,10.078111066345837,-1.2279277719802346,5.6067977296378,1.323564320554493,-0.0015829530257348151,-0.11684427291177449,10.103624508776713,971,0,0,0.1537,0,0.0105
0.0863034026787004,0.361220678374908,9.859369706119255,2.166963271646283,-1.8515537550909964,-2.607890547171483,0.04649999181493997,0.29713487938067196,9.848586417802233,972,0,0,0.1537,0,0.0105
-0.297331292843496,-0.18061269697928825,9.702558595073478,-0.5582558563894716,4.088319755167965,-4.354193417556517,-0.2573770803488745,-0.15800667088463452,9.737997769680257,973,0,0,0.1537,0,0.0103
0.07956642309805649,-0.45180196958398483,9.606238657185408,3.3932989556111646,-5.064984564970673,0.18763550855480826,-0.02082390618437592,-0.347895553768666,9.609022345998056,974,0,0,0.1537,0,0.0006
0.2617567808846423,-0.6763732276130782,9.374109247802568,1.2825268662326637,-2.5174674953868603,1.5166516556861778,0.20560995534062448,-0.6956408737085676,9.431818663585698,975,0,0,0.1491,0,0.0019
0.2986772558757384,-0.31146863749068326,9.46761655498489,0.01453252578656268,-0.9050277629242149,4.908561445727166,0.2794629907329164,-0.23437793273241023,9.435221227082991,976,0,0,0.153,0,0.0107
0.05103509180958298,0.3667278686867307,9.882516028488475,-1.7982159359594052,-1.1245465068340499,2.6755313995335617,0.05219299963464858,0.48792333609382416,9.814371453520495,977,0,0,0.1537,0,0.0118
-0.3537069941659175,-0.3313806015821877,9.653876063270767,4.153289316170823,2.412527120240339,-1.8349074782594808,-0.3838264736499535,-0.4235457601107088,9.61270549020968,978,0,0,0.1537,0,0.0118
-0.07917932212080245,0.23396890074366478,9.573546631844732,-5.295108326843379,1.0653585230782139,-2.7623402323120514,-0.06936734024367423,0.2105032337288868,9.558862158717085,979,0,0,0.1537,0,0.0118
-0.3925349627174557,0.21994970664619157,9.866456472317395,-1.9143406045043638,1.4113266546462704,3.6832809993854063,-0.4614521976842972,0.23432927865251565,9.820769186414823,980,0,0,0.1537,0,0.0218
0.027811319133449933,-0.13344049587558,9.893622119946908,-1.8343649297462483,-2.0914791409671545,5.721413617676388,0.02778398741106551,-0.10319301180083149,9.922111320513643,981,0,0,0.1537,0,0.0131
-0.2779275993290327,-0.32543378134815437,9.906944034886234,1.4543788663933341,-3.6433870773315804,3.5417746808575084,-0.270521984916993,-0.4241103565692969,9.927343054334235,982,0,0,0.1537,0,0.0131
0.438061024773376,0.16526164369969554,9.75253925662006,-5.730184008670937,0.3332291752663832,8.779800042437184,0.43343049913372284,0.11764618309738203,9.747268297884832,983,0,0,0.1503,0,0.0117
-0.2483970484361915,-0.051176017488280004,9.671808188641016,0.4725805483178095,-1.4548357229683633,-3.479037791795079,-0.20721953684939665,-0.07586244856196497,9.701445554628384,984,0,0,0.1537,0,0.0005
-0.5480580507265826,-0.021459289230138952,9.773093375899258,-1.4731716556378456,1.997817083506462,-0.09131812253435598,-0.4811679139191769,-0.06332606676829242,9.827578204900476,985,0,0,0.1537,0,0.0013
-0.22131516440908025,-0.07325876335917095,9.745759366017758,-0.8933365020837649,-3.178987258028297,-2.9869387997927817,-0.2179346106891661,-0.03696005481160539,9.792559210054696,986,0,0,0.1537,0,0.0011
-0.02102176008237113,0.09293046321438764,9.722706337763569,-2.3078183933366083,2.4147526549563456,4.2981692467868164,0.03362512216806574,0.15272192908310162,9.632751063719912,987,0,0,0.1537,0,0.0018
0.19940676662516305,-0.23809874994284136,9.899052654369555,-6.815463517250855,-1.3764670237454513,3.075010194026408,0.08667132075896761,-0.26975714678016466,9.950293426874591,988,0,0,0.1537,0,0.0018
0.18476718813963486,-0.1710554174923312,10.03078894837901,-2.8453399548790306,-1.8249553038559756,0.07295756248953504,0.09693722138756437,-0.2188127301958835,10.032307571479139,989,0,0,0.1537,0,0.0018
0.8221938641963994,0.058622268387764534,9.839221546617493,-0.21836129005591218,0.7496254979477477,2.599207365903006,0.750273235332086,0.11686621634088516,9.861054029905238,990,0,0,0.1575,0,0.0004
0.018020431632097222,-0.33538592098733433,10.008684818487277,-1.3859577893270554,3.2189328356573856,-3.111813638869868,-0.004310590043942013,-0.28069904331878787,9.952302293742468,991,0,0,0.1537,0,0.0006
0.39076235625574157,0.06343958207403314,9.720066012606113,1.1281894580407663,-1.1716609298165905,1.2234495835052521,0.44300884909501215,0.12812273703107663,9.805788460468161,992,0,0,0.1537,0,0.0005
0.41420024218451557,-0.22833411462495398,10.092777463342683,-0.8871555127652145,-0.24914100868486405,-1.3679411128263892,0.3989886134813516,-0.15042047403522257,10.09794140592723,993,0,0,0.1537,0,0.0013
-0.05974055263090648,-0.5477948635808727,9.5681172788715,2.238279720308017,1.793810192989113,4.485843873234142,-0.06068624714259118,-0.5234928596851359,9.540796442722135,994,0,0,0.1537,0,0.0005
0.5968246732662522,0.05874885811064419,10.040165123305764,3.059243050600415,3.993490025550541,1.5651011725694663,0.60111017501383,0.01685659081867205,10.036762944044774,995,0,0,0.1552,0,0.0005
0.15829283481603842,-0.19136018425324003,9.630704932363772,-0.8752148767823484,4.626140553096613,-2.518251467630874,0.190828808652666,-0.26838274425360925,9.657303537916098,996,0,0,0.1537,0,0.0005
-0.289737455317705,-0.15322052092684738,9.823932610903068,-0.13887613099744908,-1.2893722690928777,-2.7022389034922525,-0.28228167679015204,-0.07610611725436998,9.726818980938592,997,0,0,0.1537,0,0.0011
-0.267693563613103,-0.34366571270128854,9.813330739727526,-0.5276237999651368,1.1691487744491726,1.037903141125275,-0.17070144671693394,-0.3904332759156183,9.809476463503996,998,0,0,0.1537,0,0.001
0.1836699615070649,0.03940442738549333,9.43183701934229,-3.3140190576935713,1.9758353909991475,-0.27068277306042066,0.24659629604902372,0.02816897116370483,9.456423533622612,999,0,0,0.1537,0,0.0426
-0.3958770995955013,-0.17096869677735468,10.019470680981584,1.7674836354091634,2.011555142977375,0.606704150463236,-0.4250974976076085,-0.0074267436039308354,10.0871108832828,1000,0,0,0.1537,0,0.0427
0.09012320497913023,0.28303366734707863,9.425827253827528,-2.9999094324960818,1.0023427577775592,-6.524711932152233,0.09699334847072957,0.22858400101189044,9.402274345961198,1001,0,0,0.1521,0,0.0011
0.36686367473837456,-0.28020367089468856,9.804712044399489,-4.415566812645816,1.5045062543324659,-2.8133520171171984,0.37280284316377404,-0.3129309923481644,9.824146073839984,1002,0,0,0.1537,0,0.0125
-0.16363971817928066,-0.2309938555038017,9.751138892365764,-0.42316744335018974,0.7043584286544149,1.3499048660411748,-0.25162341495221174,-0.15629300800469192,9.787902403270495,1003,0,0,0.1537,0,0.0027
-0.14676406158471092,-0.19330944538716033,9.863800626823997,-5.856271946219807,3.8555773688151236,-5.123649031815463,-0.14145438203551125,-0.16295130059476307,9.90140797372484,1004,0,0,0.1537,0,0.0025
-0.07668869191038756,-0.12628069559734437,9.614080951382942,0.2607642301811122,-3.514132089744998,1.0580069500178357,-0.05878139922134348,-0.007833899398342739,9.62212976120994,1005,0,0,0.1537,0,0.0119
-0.1890902161170974,-0.3213385894834041,9.581607472905553,-3.4062378851827484,1.7854107193490059,-5.151098503246157,-0.14169152336005986,-0.29612102894320297,9.609027601548883,1006,0,0,0.1537,0,0.0019
0.21804130100810262,-0.08323886661714885,9.498341580973388,1.2563405584886354,-0.35506783575597123,-3.6119921936253165,0.2529677541404254,-0.009806499092356119,9.473918136648397,1007,0,0,0.1537,0,0.0119
0.671454787668398,-0.5535089272197814,9.907705408711326,-2.7886219818190274,2.522341742290042,-0.39011680745745403,0.698593852016513,-0.5179743235954067,9.89434192966301,1008,0,0,0.1531,0,0.0119
-0.44423698488146623,0.13974507256199103,9.7703004727598,0.2596922116586999,-0.2573408550453645,0.26621722607930953,-0.380287583733661,0.0602716838655972,9.7229235626273,1009,0,0,0.1537,0,0.0005
-0.593574480029144,0.06717820604374475,9.560431151488263,-0.9490864579410274,-1.7149934632919854,3.6845730350898007,-0.6165286437453482,0.15502970133014676,9.528914489159387,1010,0,0,0.1537,0,0.0005
-0.04159857056903566,0.20025515061207652,9.924860392331038,-0.09735223970158896,-2.745711519876764,2.427862024090838,-0.02366823359138075,0.21185562409076136,9.93557023275005,1011,0,0,0.1537,0,0.002
-0.23767164354364764,-0.08664178717096122,9.63531188546268,4.487635266469632,4.6121997183433585,-2.293530584013833,-0.3279885844191836,-0.09797981816386046,9.583750505859301,1012,0,0,0.1537,0,0.0119
-0.09848415650987764,-0.07082631209468072,9.869798668095736,-1.6780469699563536,-0.05106516657660641,0.23206870363516216,-0.047253037608150486,-0.09991249818785247,9.861436016029009,1013,0,0,0.1537,0,0.0119
0.3991063522047423,-0.5288286812830142,9.59441641716052,-0.6186350087497652,-0.2982073437499319,-0.4917212354136165,0.3216192931849815,-0.48032814727172607,9.606708697364178,1014,0,0,0.1537,0,0.012
-0.013925260047517807,-0.4418521406731404,9.901493987048712,1.163064146729523,-2.814107327826674,-2.073065444978493,0.004789271533580119,-0.4534454931482953,9.869094246140037,1015,0,0,0.1537,0,0.0121
0.5528887852694059,0.3722770857990364,9.646364930602417,7.259189762373781,0.33941124605386547,-3.1593833435679413,0.48123441392891947,0.4135833720332339,9.659775868228879,1016,0,0,0.1523,0,0.0105
-0.0019062712319598573,0.29403597918779345,9.555178581778884,-5.464719356075307,-2.556701726830413,5.253316642653589,0.02360188760947435,0.3476290911367091,9.534812795880073,1017,0,0,0.1537,0,0.0104
-0.20046976412234666,-0.2040903936173479,9.749076684674217,-0.566220543422991,-3.5062566869581477,-3.3229736701680634,-0.2550325704532199,-0.14586439972784548,9.715284309796463,1018,0,0,0.1537,0,0.0205
0.21312352255776415,0.07815434583777697,9.781301446196814,0.8342208201831569,-1.62132257595299,-5.2138941898342175,0.22888289547299634,0.10823208899183977,9.81429372343764,1019,0,0,0.1537,0,0.0105
-0.44022185580542134,0.15262395619486394,9.942138361408809,0.2840718476476669,2.2143415528663266,2.0631257672865453,-0.4359623967355913,0.1468351044063342,9.911356491703247,1020,0,0,0.1537,0,0.0108
-0.22354324355723446,0.4034342121020627,9.66181310928862,-1.2765178863498234,1.9618291274880457,-3.131149823152775,-0.18080808215145783,0.4498705204606725,9.763026374815427,1021,0,0,0.1537,0,0.0108
0.4192852848351531,0.16602465256364932,9.756781541241185,-2.1878150476694316,-2.8898883675875533,2.2972120841110955,0.4444639285236196,0.2151251137383743,9.716286989368717,1022,0,0,0.1537,0,0.0107
0.007135384896311322,-0.08137612560039674,9.530446981161504,2.057427730200959,-0.40026466751714596,5.501598220524093,-0.035156902607535595,-0.11517980297988079,9.52273833789898,1023,0,0,0.1537,0,0.0106
0.12791520566038553,-0.04660177786352822,9.79349997730204,0.11210549025553998,-5.426871146047626,0.7425889748343122,0.1422716890305689,-0.04977750768659938,9.792065684953352,1024,0,0,0.1537,0,0.0105
-0.4540077205068845,0.07626616681237094,9.842039520052001,1.8033147990610083,-0.10664586193635363,-0.01799383805762541,-0.4766977900567734,0.10226681643526361,9.87557877281546,1025,0,0,0.1537,0,0.0204
0.42580895363172927,0.3404911798038418,9.679928038485853,-0.2355388924570164,-4.394921852896047,1.4901613089893113,0.505265780290213,0.2643395664546516,9.693992599415287,1026,0,0,0.1537,0,0.0304
0.07117959121374907,0.15894992371266212,9.990881453307342,-1.9650190766675628,4.459864947080952,-2.1107952158165904,0.05996522752060973,0.16304752572073358,10.00792486025338,1027,0,0,0.1537,0,0.0304
0.044661240183123355,-0.2042910589978714,9.687382212602136,-6.71132363441302,-0.7133253072582314,4.242834855406792,-0.03315498897267795,-0.2161923570262316,9.725488051496745,1028,0,0,0.1537,0,0.0403
-0.535546173985119,-0.4757220569319912,9.813612233459288,-0.2321285799973017,-5.519645928388977,-2.3622676997644434,-0.5482733604548208,-0.4115512390877864,9.822125023681973,1029,0,0,0.1537,0,0.0304
-0.22376720978132342,0.2635616546557735,10.234118042411662,0.0710567854090552,0.6031060554082488,1.7961190531690578,-0.26451436418543267,0.28692607300231593,10.261420739897238,1030,0,0,0.1514,0,0.0105
-0.1409219826857544,0.15820027389616814,9.80586802856863,-5.560889749460026,1.1928936936446177,0.49697246130809425,-0.17155989221590676,0.1544583712096201,9.864135485290856,1031,0,0,0.1537,0,0.0005
-0.1861448532254488,-0.12397576606062137,10.203495461787512,-2.9022599604077515,-7.1187487443939945,2.7119299046096934,-0.1735144017713502,-0.17913384391696624,10.237524707431602,1032,0,0,0.1525,0,0.0113
-0.04267589104879098,-0.1408958989680298,9.309531652169756,4.663895513747418,1.5258067035178173,-4.4702733689176455,0.02675528766137472,-0.14994984870430303,9.27795026918281,1033,0,0,0.114,0,0.0313
-0.05471785263804011,0.3740814781569828,10.022068037520521,-1.2722626472152574,-2.719710993857103,2.5715484119687884,0.0398701367060608,0.38040407238465396,10.011107228384283,1034,0,0,0.1537,0,0.0214
-0.37288099135182645,0.12752541719156882,9.545034107465609,-0.9922717859451472,-1.1116531327390449,1.6119411552441805,-0.3913903910935893,0.04249547416286756,9.505910882897568,1035,0,0,0.1537,0,0.0214
-0.23469694497420351,0.05701559726640258,9.934284040157502,-7.502939404854246,-0.7511069926429003,0.8665611754321687,-0.2226312142855539,-0.011662263965746641,9.974378142053114,1036,0,0,0.152,0,0.0313
0.10732206029340939,-0.2799210215267962,10.344277241965468,1.4264674744431654,1.8225004839491987,-1.717052228814381,0.11292591017538542,-0.2531974114511036,10.388409282366592,1037,0,0,0.1032,0,0.0213
-0.04045372829312154,-0.14806622437170444,9.866823386399075,-0.49995720680348976,-0.09929991779140482,2.264551747851854,-0.17197689709773892,-0.13864699378845002,9.828880978465596,1038,0,0,0.1537,0,0.0213
-0.7717505293933703,-0.3133799129460661,9.630370378720212,-3.806003585947832,6.9798353434014695,-4.717986604848349,-0.7542380780918917,-0.3892748399672008,9.70517245904554,1039,0,0,0.1336,0,0.011
-0.20757313828853347,-0.1869988661465155,9.509899901309653,-1.0257808774997508,0.7837281129455174,1.9819317682058988,-0.22336863101182144,-0.17798790965330152,9.545040802827096,1040,0,0,0.1537,0,0.0011
0.3218459087430315,0.3171238678125991,9.801806016440397,-2.369525498346616,-3.659404453779408,-1.4219339554924593,0.2605692088533916,0.3245954895440032,9.803524042436734,1041,0,0,0.1537,0,0.0011
0.1700147304435126,-0.14406713989596806,9.60568770216336,-0.5663549423556375,-3.122812167127286,0.9934766788930486,0.21585583586433896,-0.1562608208561344,9.614963252994862,1042,0,0,0.1537,0,0.0023
-0.1525135759018997,-0.35994550401781555,9.665136078263762,1.8576335929382695,-0.00261215956209249,6.211061753823834,-0.09708794806974592,-0.3035226138624413,9.632711237064965,1043,0,0,0.1531,0,0.0014
0.0983160921529069,-0.2855611872759764,9.835842841674243,-1.3755944298004827,2.19943010377098,2.130027892114406,0.0785893506256976,-0.30093165180779535,9.868129804958702,1044,0,0,0.1537,0,0.0045
0.29936608231856743,-0.16110754932116783,9.985372290184866,8.854018790992729,-3.5550174876690805,4.093943339549595,0.23889586111906508,-0.15364152723439908,10.048055253801092,1045,0,0,0.1196,0,0.0035
-0.08759351360940625,0.019228249771059098,9.869318014168918,-3.0028068040344706,3.932795769824298,2.2882844864958427,-0.16835937299478176,0.04121648743035285,9.886596856102502,1046,0,0,0.1537,0,0.0011
-0.04814806497897756,0.2715457456139867,9.779742039072197,1.2019724856994964,2.0968090426557846,0.167073911595129,0.009969866132080993,0.29778134735431794,9.771149554561418,1047,0,0,0.1537,0,0.0039
-0.22581392157920827,-0.0648338401445866,9.795737501372635,2.9118235189494044,2.924433823154101,1.4498616937166182,-0.2750041498764214,-0.02871545531548056,9.792533558213197,1048,0,0,0.1537,0,0.0041
-0.1067508332156004,0.020607288020982825,9.675802698168054,-1.0817054490469755,-1.5128008736605592,-3.6258631316160104,-0.11606636778024612,-0.004219748461320037,9.667528008290473,1049,0,0,0.1537,0,0.0041
0.06782910589681147,0.1687090739869507,9.980880433067556,4.420622302546867,0.19758803584968265,-7.9320906664388815,0.06352660395143236,0.3278432976570565,9.92299829542542,1050,0,0,0.1514,0,0.0036
0.03832756214870415,-0.34868532085186926,9.783950026499781,-1.3321128582206574,-2.612459492113739,0.4468375856460944,-0.047338411273613025,-0.2795082902239377,9.73378223898523,1051,0,0,0.1537,0,0.0044
-0.11067702967038034,-0.40602934029909626,9.565373810625472,-2.73867236703414,1.0369507820277057,-2.010323137508398,-0.04899595503599652,-0.35827631673466515,9.46667080977499,1052,0,0,0.1537,0,0.0052
-0.09685201858658167,0.1828246261326536,9.615138401982062,-0.007563292412953851,-2.095107429211117,-0.04447594130114996,-0.10138810799073567,0.15314001414427986,9.587736259205,1053,0,0,0.1537,0,0.0031
0.28870390067079005,0.18198512442660758,9.506485800890957,-6.123565758753033,-1.0161172961740421,-1.099843648930804,0.2805184494346656,0.1874484842306195,9.46688855890366,1054,0,0,0.1537,0,0.0019
0.08579925833745033,-0.05542933834410444,9.523437626585201,-3.965718424701662,0.8017200944315866,-1.8024353776808748,-0.005712401031071512,-0.07947993686894136,9.529514162456975,1055,0,0,0.1537,0,0.0038
0.49443470771120357,0.23386621447660635,9.981071383269487,-4.206692574312469,-4.78398892358437,-1.6110211614938685,0.5294107810540304,0.19505949694273064,10.041553925226951,1056,0,0,0.1537,0,0.0109
-0.6640534509435368,0.10926050290990354,9.687594451984982,-2.206660521456885,-1.1936558142449196,5.023388615740863,-0.6374816771266085,0.15441455534535226,9.629090400907787,1057,0,0,0.1538,0,0.021
-0.36733694902512876,0.14199941023419096,9.96254070804985,-4.073450684987233,-0.09229121121349348,3.1797025859403,-0.3842283070808459,0.18524906060725516,10.023647073125506,1058,0,0,0.1537,0,0.001
0.7187305637368924,0.11886741122112489,10.052986566557095,-4.867051679959043,1.5025504375461747,-1.7528336031995624,0.7397237067438982,0.08681153803203007,10.072323850175835,1059,0,0,0.1551,0,0.0009
0.19421142275849557,-0.17134994440173176,10.13083433220389,-2.704857659343931,0.2305199736586388,-0.4949535446754301,0.23682144957350076,-0.1926295247388024,10.023923738874016,1060,0,0,0.1537,0,0.0009
-0.199948796199726,-0.10451487429953349,9.842345504110666,-0.6630244518542284,-3.551890943695379,-1.5031103581201068,-0.2001102122509916,-0.13756169859388276,9.830952947773541,1061,0,0,0.1537,0,0.0009
0.1897438529728596,-0.4667235363174043,9.902269849657548,-1.4162893356347577,1.6328273165359692,-2.1613668815521536,0.22010096481284958,-0.3665237154836438,9.973352827496033,1062,0,0,0.1537,0,0.0009
-0.026499136850035607,-0.1322019975132319,9.765163740586434,-2.1115565746935867,-0.37109724999889315,5.164025549539055,0.013603340220241431,-0.11322529255060729,9.76479896743684,1063,0,0,0.1537,0,0.0009
0.11164813993260086,-0.04412115880313932,9.715918520905136,-3.238077669759498,2.6433335867463623,-0.7533158591743057,0.11161984751528217,-0.013428338302372216,9.78445987176704,1064,0,0,0.1537,0,0.0009
-0.08260381926296383,0.31632473829908686,9.914364504986152,-0.507370136008452,2.3517905201363916,2.789456701447271,-0.006876481085627509,0.3460904766101669,9.888470180663727,1065,0,0,0.1537,0,0.0009
-0.09457646883985119,0.2009985367667226,9.657498848308437,-5.379213804245592,1.2358225741594935,3.350491781836872,-0.011219422670883814,0.1218842912304819,9.649069888909013,1066,0,0,0.1537,0,0.0017
-0.8076360793973087,-0.14435452592535525,9.698727097526394,3.0663445098614384,-5.996720105828297,-5.970676359848701,-0.7729449250973296,-0.11620460109904776,9.73631677945204,1067,0,0,0.17,0,0.0009
-0.13594090403490425,-0.10342173566059691,9.465788062152184,-1.3261382776498674,1.0514863134693924,2.08410845305341,-0.17907202864739624,-0.07407952307021484,9.469465461516688,1068,0,0,0.1537,0,0.0024
0.1725296643548122,-0.3393173094043737,10.040939943720812,-2.8040175866980923,-3.969542598162129,-4.290242551601568,0.19005205693410163,-0.3037423809915539,10.038427544236228,1069,0,0,0.1537,0,0.0031
0.37235717782753697,-0.12057808707739742,9.862280991908394,0.4186432631659771,0.6693023590691475,4.536144216546842,0.33256845842665844,-0.02630455530820279,9.785627630376588,1070,0,0,0.1537,0,0.0009
0.042982430160326164,-0.714578799032498,9.417792994969483,4.619468116381187,3.2165676076002825,-0.164592692454878,0.0578147505053388,-0.6818066646891054,9.464311504151272,1071,0,0,0.1532,0,0.0031
0.4342736893461479,0.32677956601119634,9.974392619057602,3.0916120429029004,-1.167756757598968,-0.8026046403803786,0.40519638433166605,0.3545623411717582,9.98601886010364,1072,0,0,0.1537,0,0.0031
-0.11096947843145608,0.27582274742395185,9.97527072435183,1.2403215720085135,0.03974978639767128,2.574150041310819,-0.10025806913304805,0.2866743142555625,9.986765818895227,1073,0,0,0.1537,0,0.0124
-0.27285514311562764,0.32279443337467517,9.37997570102667,0.9588321183453441,-0.4908472564835332,3.4986938771002922,-0.28434521504673105,0.39830658203734237,9.423270450654316,1074,0,0,0.1508,0,0.0203
-0.475006296778407,0.09874071642452302,9.869127967952487,3.653708458480647,2.0304145272640755,-1.252097278816136,-0.505524330769133,0.08640557369029704,9.798980751582166,1075,0,0,0.1537,0,0.0003
0.33906843844684165,-0.1941632975010176,9.706834050696791,-6.7651096253931415,1.6657840502226815,2.2274945909684822,0.33934438564141806,-0.19545827742451702,9.760671018137673,1076,0,0,0.1537,0,0.013
-0.3624163240352539,-0.06485506824696484,9.760944320553724,0.7934103133496002,0.8738599068007127,-0.6804777191391127,-0.4062731669927348,-0.12929255582092797,9.761863593414631,1077,0,0,0.1537,0,0.013
0.4194717198547318,0.07786431674941602,9.573287663717489,2.85160170927669,-2.2020297881447286,1.5994755840439256,0.4993171546739307,0.031984778953649644,9.54996628387838,1078,0,0,0.1537,0,0.0009
-0.347607355571037,-0.05067977699310726,9.446766577260366,0.329839686456048,-0.9817462775353936,0.9494048376805793,-0.3225812446724435,-0.09924680854178376,9.409844791222287,1079,0,0,0.1527,0,0.0145
-0.28327712233717517,0.1433015954931608,9.886718124593939,-0.27539003500756315,3.398905850434319,-2.836765406524068,-0.22114453838141618,0.17726968805192517,9.896122513840732,1080,0,0,0.1537,0,0.0046
0.11946194503290536,0.2566566246894334,9.812883648780659,0.960145800553643,1.622472365013219,0.4919559083105832,0.1955158272604751,0.3084452029608081,9.836424834290339,1081,0,0,0.1537,0,0.0017
0.1487194488201713,-0.06156126808450091,9.769119789526851,-0.41856082658149063,5.979878396689384,0.774898906914085,0.10993367435063829,-0.03414486753168211,9.742962953883547,1082,0,0,0.1537,0,0.0138
-0.029738254189049518,-0.16868801051299526,9.957718719394853,-5.99664332602601,-2.7760909017129416,-1.9672816881482147,-0.10912034295789048,-0.08021383845918778,9.991416128064287,1083,0,0,0.1537,0,0.011
0.2901737438459272,-0.14950816862674976,9.840124435050123,-4.842300378110471,1.2060191093202033,1.5845092213594176,0.2169475973657368,-0.22760673441576004,9.790384489064266,1084,0,0,0.1537,0,0.0138
0.7214019462656331,0.06413843151850201,9.412285969916466,-2.082825737360519,-0.32932156232640003,4.960743688675167,0.7471464887582381,-0.006454153808845106,9.461559937667092,1085,0,0,0.1535,0,0.0132
-0.1503353443338866,-0.3674648760517897,9.650289142235943,-3.2827843515217903,3.07064343477167,-1.2933321367644488,-0.15061426144750076,-0.23976267568390427,9.627798747660334,1086,0,0,0.1537,0,0.0038
0.5672708298653519,0.3496264532321825,9.964154602734746,-4.249119036156948,-1.9755384553513022,-2.2309806001358163,0.5162443162539437,0.3208324511150737,9.95862881796046,1087,0,0,0.1536,0,0.0304
0.16843247496122316,0.3468193301308784,9.993831401949006,0.8900735619189138,5.531554298588136,-4.767162391151573,0.18092620479405858,0.278488389623288,9.993030725523868,1088,0,0,0.1537,0,0.0403
-0.12261512229651289,-0.10106876691983777,9.951819586276935,-1.042700801043401,-2.7827808438353774,4.511219401032186,-0.12051075211475747,-0.05390780550227334,9.958398584734129,1089,0,0,0.1537,0,0.0304
-0.42842256870327305,-0.9013691639002271,9.948663654417102,2.7044052205778053,-1.7180253439972004,-0.9059757284906749,-0.4882281058026177,-0.82466872837987,9.933810907948429,1090,0,0,0.1442,0,0.0332
0.0020151414344213394,0.33321671705058037,9.595233908769828,4.091786080134377,0.3074557152793455,-4.030882782268778,0.04336063516858658,0.3519252213359937,9.563804365482167,1091,0,0,0.1537,0,0.0278
0.20518626678742458,0.0031351478665797828,9.982838087190364,1.4956227650764369,-2.764610616114708,-3.1113726082542703,0.17918982117772803,0.020711045568542853,9.969077877095346,1092,0,0,0.1537,0,0.0276
0.4477285932814628,-0.04220195143695243,9.385817032239608,-1.4271814119423958,2.8273974795966965,3.528286470367683,0.4711027329051348,-0.028915049047529912,9.274518642887632,1093,0,0,0.0728,0,0.023
-0.43719647916122095,0.4924071929511202,9.998498151343925,-4.8497529830053265,2.310768295535008,1.2267657855459304,-0.38853601874435334,0.4733947042364586,10.105941320649299,1094,0,0,0.1537,0,0.023
-0.42251162396934644,-0.2109223232060546,10.366113821110584,3.7143571271965645,2.941084989599361,-4.705206990182124,-0.3316365087229356,-0.16780688850737274,10.403764842269727,1095,0,0,0.0999,0,0.0103
-0.32551591976247174,0.025733889297901703,9.567685581164517,-0.25418907753564285,-1.0969209786458047,2.606693721837157,-0.24723460063143632,0.04372702217461136,9.557481685728437,1096,0,0,0.1537,0,0.0103
0.36693386486191054,0.23515020110576446,10.025323694815453,1.3867549777663202,-0.3238309231176988,4.105176392122803,0.37146223525859956,0.21683881864044877,10.061489724666158,1097,0,0,0.1537,0,0.0203
0.08113156184808729,-0.5107760395062788,9.99547829263929,-5.156905929091366,-1.2309329905930193,-0.2926443703979654,0.08351964167052846,-0.4759699431756438,9.971797316685757,1098,0,0,0.1537,0,0.0103
-0.34840177415199636,0.32056913403008186,9.68110596514317,-1.1018712528432617,-1.4685838334350176,-4.08367685137984,-0.3412428982882169,0.3001171756215402,9.642052977526575,1099,0,0,0.1537,0,0.0131
-0.022120242975333826,-0.27149657733058735,9.555599552641372,-0.9090764396806086,3.9235163155523383,1.551135248850191,-0.06639090850145563,-0.24889007848983385,9.501756285514602,1100,0,0,0.1537,0,0.0103
0.6141538131226584,-0.013519401784893638,10.02483688711373,1.1358428733124113,3.850028241065873,2.754781873103365,0.5492277052696874,-0.018081338344534157,10.035630782593413,1101,0,0,0.1521,0,0.0103
0.5041131581232934,0.03321187292804861,9.601844188364627,-2.5274918768700596,4.6959477114823525,-0.28063120741183334,0.5471380873722249,-0.01721588413263775,9.557978506506151,1102,0,0,0.1537,0,0.0103
0.5949959587256233,0.20635413967478763,9.882279603915704,-2.1138693537150606,2.4293563345688978,-0.07240433228210437,0.5730402986824717,0.2757900514158848,9.899710495109062,1103,0,0,0.1521,0,0.0103
-0.060980280051940054,0.44530095856064494,9.857811412121103,-1.7003979618199834,0.08652423094483758,-5.93975089044657,-0.022008556635396796,0.506972590554666,9.837792729460654,1104,0,0,0.1537,0,0.0003
0.38894495603849494,-0.01319285554044482,10.436746163490868,1.529893474438162,2.0899834761412754,7.206223856786366,0.4773341724817404,-0.03749981143321636,10.403376282436419,1105,0,0,0.0965,0,0.0025
-0.32822874297588883,0.0828029201296647,9.359367431143346,1.6292936470174468,-4.195786151821559,1.2084558189956758,-0.34790708188503533,0.08042747857708483,9.310178874868726,1106,0,0,0.1473,0,0.0127
-0.154572319721278,0.12318208308081066,10.052740711507617,-5.260925897394156,2.08150057460529,-2.8791952390287596,-0.16452384467303083,0.07926178551461208,9.991423353371914,1107,0,0,0.1537,0,0.0031
-0.22709834198247503,0.08902943789839922,9.769428222680334,-1.4453859569138312,-1.8110282069793706,1.1292380563865985,-0.3451097724417601,0.10281746713289472,9.787905006343037,1108,0,0,0.1537,0,0.0031
-0.5082409438516343,-0.15881710501232327,9.82490594211764,0.27486511148209025,0.4162663534245468,-2.3398363807018243,-0.5727599451136349,-0.19256452168072125,9.850198028231146,1109,0,0,0.1537,0,0.0031
0.0718804803174394,0.6330485743731326,9.739240622537308,2.358581719232914,0.6972775755407261,-5.047657919157084,-0.014383403852411741,0.6433932566631715,9.756479804216115,1110,0,0,0.1531,0,0.0025
-0.13567316166121618,-0.18123133920153522,9.716866738054687,-0.1834848256208047,-1.054508829050087,3.856183397012874,-0.19278086187856647,-0.14735484220560763,9.669786181667007,1111,0,0,0.1537,0,0.0025
-0.003839900304541604,-0.10262166093304649,9.899099448757745,0.1994761057355006,2.424515874799966,-4.953582524682114,-0.029814489825891546,-0.14503094942702716,9.924383049973455,1112,0,0,0.1537,0,0.0025
0.4214904951339273,-0.27337594424318334,9.75453716979015,6.328567976165461,-1.7819357955847064,-0.2344651193672233,0.36200576687327596,-0.29980149550375823,9.754251154957942,1113,0,0,0.1534,0,0.0022
0.23239864414737973,-0.008006371855879898,9.861210982431224,-4.267759682365719,6.233418439515341,1.4023212784619319,0.1770476399990703,-0.011692639324626006,9.90129594003749,1114,0,0,0.1537,0,0.0118
0.07291121511234919,0.07677472943129568,9.782701535246252,0.7459216062725453,3.1606319259536857,4.1129274519218555,0.11778191865538695,0.09848917997480804,9.677204897219037,1115,0,0,0.1537,0,0.0118
-0.41450563215265057,0.3128632668562716,9.90189739663099,-1.1245383246856973,-0.5464955232916973,0.3212035900700351,-0.346105336249687,0.3392018185779004,9.816806451439648,1116,0,0,0.1537,0,0.0022
0.1347094169194854,-0.07871424820269861,9.89788402764002,-3.682297524656657,0.5121550748870554,-0.3051543379721572,0.2425690825251071,-0.10994538265328949,9.96187886870245,1117,0,0,0.1537,0,0.0023
0.010775078456639038,0.45928486892798576,9.989071560407382,3.4048867604573507,-7.486863227774793,-1.8931468083405383,0.06309541497972522,0.36678782027094076,9.95322406106864,1118,0,0,0.1513,0,0.0032
0.07238127852093872,-0.2572143616690144,9.708634421257235,-0.48335293697544435,0.13716486059168748,0.5803346923574855,0.03881389130745576,-0.2646884518254372,9.665026493694885,1119,0,0,0.1537,0,0.0032
-0.3966911324103853,-0.07120733851272518,9.928088494602775,-3.8167271201291397,-6.306785076350446,-2.003188995181918,-0.357731731135865,-0.029885545863945796,9.927096428712721,1120,0,0,0.1537,0,0.0033
-0.1794902251925319,-0.8726923023111987,9.77096329491679,4.3021048665377615,-0.7143213151110972,-2.5786603085792663,-0.14616308613481693,-0.8570151268461977,9.728191226306933,1121,0,0,0.1199,0,0.0032
0.4269782401689472,-0.11721915192724706,9.862467197162802,-3.729663549008537,0.1992477808642646,2.382316873035728,0.41803352745587596,-0.02160296891710352,9.887265541243764,1122,0,0,0.1537,0,0.0032
0.3360377785562997,-0.042597864887332235,9.618273773658819,-4.0512169035388945,3.292061018799196,-1.1655417483516746,0.26743793494714685,-0.020891217628416194,9.609669443855832,1123,0,0,0.1537,0,0.0133
0.007516703816095684,-0.3366349312550738,10.144479126782578,-1.21883672497637,-1.5085179472839554,-1.1216918895592842,0.05695421918898437,-0.31954097460627984,10.174452120902432,1124,0,0,0.1537,0,0.0133
-0.2127915545624499,-0.763759249401016,9.66556630167233,-3.3395435075708617,2.376089669935634,1.8909641884553188,-0.29363742940158066,-0.7657348886329339,9.720692350924876,1125,0,0,0.1508,0,0.0233
-0.2599479786944715,-0.1602489277783908,9.577841925863211,1.6012536886680975,-2.6122100503698023,0.4170027233725234,-0.31473451113831336,-0.1463364362323706,9.57557564476302,1126,0,0,0.1537,0,0.0133
0.48337106899477,0.45589149053080763,9.912674823577605,2.6049187895320616,1.6362990784567566,-1.0171568836821885,0.4297760708029681,0.3884776645523573,9.878121399879824,1127,0,0,0.1537,0,0.0133
-0.35213963770730305,0.09224372836692145,9.424738942382856,2.975991239950508,-5.427548771917451,2.5837512137866776,-0.3489989012349952,0.07470563768425476,9.44582778856109,1128,0,0,0.1534,0,0.0129
-0.046739333854472126,-0.05475688509064039,9.740784815710693,4.712552568746793,4.039098804176275,-1.8475021830397214,-0.04806066134163713,-0.1006385507688899,9.656189303740383,1129,0,0,0.1537,0,0.0117
-0.20204463810599427,0.045839573238601806,10.22434869553944,2.318017358626259,0.5628479590700951,-3.164074818023216,-0.1559377766672831,0.11681792146313888,10.15814011243603,1130,0,0,0.1537,0,0.0117
-0.5087602327538805,0.16076870732445744,10.018175135336277,-0.06553801572440855,1.9973937115372347,0.625623241187611,-0.4893833997854701,0.10163434819982489,9.993967499675868,1131,0,0,0.1537,0,0.0117
-0.17238180361963998,0.1168750366619686,9.707255681357081,-6.488225983430054,-1.5504778058761264,-1.0942928539703234,-0.19657505942715392,0.06133971097939103,9.720219450965653,1132,0,0,0.1537,0,0.0117
-0.5815056514844963,0.05875798499785853,9.604972296407597,2.603656889760468,1.4881303401956116,3.165978471626107,-0.6329631410430824,0.07545448017889088,9.548760383233539,1133,0,0,0.1537,0,0.0021
-0.2275006214963141,0.19223784659944826,9.846335918696527,1.7045475917572728,-2.5396795245840367,-0.7469466807069354,-0.22778976653296673,0.21082106829528735,9.760921208832137,1134,0,0,0.1537,0,0.0021
0.2525380022106895,-0.15378246877256363,9.84113081416904,-0.13180057771183545,-3.076274614742278,-0.9566898893406318,0.26258398737649097,-0.3005292076471311,9.852470790223466,1135,0,0,0.1537,0,0.0028
0.17851708818287929,0.21126285769899864,9.466452434440837,1.7132071680491348,-4.7965704932697,3.5929627092845946,0.18744287117579495,0.15755774071550152,9.499280138650688,1136,0,0,0.1537,0,0.0017
-0.7057768814694746,-0.21429859653325478,9.4891343490574,2.121999725205767,0.07066330458048795,-0.3872485257725211,-0.6800379614887139,-0.23599254488357657,9.463867749773746,1137,0,0,0.1512,0,0.0129
0.32964087726237984,0.39575361823752175,9.723889932459004,0.9267493678963006,-2.0766779127446933,3.1874044747368853,0.3631064664981798,0.4459334029449317,9.729619652802281,1138,0,0,0.1537,0,0.0033
-0.1363466481970526,-0.23379048773383318,10.025321189432026,-3.8097568697428077,-2.071400165420824,3.879102523587097,-0.09518010913625075,-0.18994259007972455,10.054120856916121,1139,0,0,0.1537,0,0.0033
-0.002258039577260309,-0.15483324066755952,9.478981296505712,0.834808190715311,-1.967398396813802,-2.894227421605146,0.0017938422760106617,-0.10462531293271218,9.495512746690723,1140,0,0,0.1537,0,0.0033
-0.006156725236613169,-0.3556091588764763,9.67325171196971,4.916023597898158,2.284235581141134,2.7754156079204817,0.05923302787392345,-0.36541987969737244,9.65506510463769,1141,0,0,0.1537,0,0.0033
-0.34088920840567566,-0.2874426194243967,10.00811473602385,-2.3660333069673527,-1.605333333952159,1.4137245747467515,-0.35949706218678623,-0.3182598644004556,10.004596951302963,1142,0,0,0.1537,0,0.0033
0.5782383190995303,-0.37679782863232564,9.88589183126017,-1.671359724851515,-0.6251416956637903,2.325005328967437,0.5466267036330124,-0.42031648724068804,9.937514106065363,1143,0,0,0.1521,0,0.0033
-0.27919182713997476,-0.14249813417236706,9.602294077110553,-0.8540085053110276,-0.6071816049522858,5.186089496952103,-0.29004942748437973,-0.11370752847777767,9.682992347899852,1144,0,0,0.1537,0,0.0032
-0.19350840595348587,0.5340690762621163,9.647689129094978,-4.944160477977344,0.9499945956072213,-2.37394139031038,-0.14750106020835518,0.6420905350838939,9.652149367617342,1145,0,0,0.1531,0,0.0032
-0.28190019147187045,0.06194765802407608,9.647793505463286,0.6866643362143494,3.403239215929566,-4.813686848841702,-0.322141754288121,-0.018332712849156635,9.703494246561661,1146,0,0,0.1537,0,0.0032
0.2147931599487538,-0.18798816432936294,9.723625051039015,-3.6659137684396432,-0.026612558236163437,-1.5239743354225679,0.26178205765636603,-0.12139310127070045,9.679119407266455,1147,0,0,0.1537,0,0.0032
0.40636808226709786,-0.048306242259793165,9.692870518636468,0.8765363235715065,-5.85208630071763,2.7138670533223057,0.3931921209759801,-0.15277777459729042,9.672139358602433,1148,0,0,0.1537,0,0.0029
0.812400691410261,-0.224888981543465,9.588728132591065,1.5333214879767942,-5.466191984356446,-0.25181813402199965,0.7478329224073159,-0.2960485002240128,9.55095075838289,1149,0,0,0.1567,0,0.0028
0.3350319657067859,0.2762465986566954,9.725640020074492,0.8660075410354005,6.278966376648858,2.189257865296916,0.3318748237701295,0.3239807316253541,9.766166100877422,1150,0,0,0.1537,0,0.003
-0.3504316767643468,-0.13093542936910804,9.935171062781743,-3.03382010168857,-0.8741189121073005,-3.603749289073585,-0.3923257548305224,-0.10657183326132116,10.002038370263934,1151,0,0,0.1537,0,0.0028
-0.019976827025103738,-0.07178993165754084,9.758718358808371,1.0827151297279904,1.9199429476330665,1.3420682993105026,0.014467165224604932,-0.11404394943234075,9.79465886425102,1152,0,0,0.1537,0,0.0028
0.14757821327660273,0.13547941180883152,9.588979491220199,-1.9121619292152654,1.4599207941234953,-1.0507733254241818,0.1883145129410195,0.17365899697791506,9.55750453544592,1153,0,0,0.1537,0,0.0029
-0.2210047368978675,-0.11646983577339301,10.006944030181367,-3.157083251050186,4.307708953030977,-0.5791973136882607,-0.24036037934144927,-0.16443260514519897,10.030715633352223,1154,0,0,0.1537,0,0.0041
-0.3672691560715216,0.20536510775877168,9.416795771537664,-2.5005562185233523,1.1882540642012682,-2.074129749409078,-0.2991217995685511,0.21889888194952503,9.51493507772809,1155,0,0,0.1537,0,0.004
0.026298006683420357,-0.21629167096028315,10.050734744749079,2.0153302618737152,-4.793212597269552,5.55548449986698,-0.013938375336046183,-0.19278449320924335,10.04064018321446,1156,0,0,0.1537,0,0.0035
0.20155114157362625,0.3099655908568122,9.889200560060328,2.3746032575698215,-0.12920336762298085,1.0767899073569445,0.1971328112412755,0.3828753848178398,9.92030852377813,1157,0,0,0.1537,0,0.0041
-0.19856695127159604,-0.24140011933885086,9.532669955647117,1.1636773423840299,0.3231963786135118,-3.9045924585690086,-0.3094009531857851,-0.19903373038979844,9.47096333812555,1158,0,0,0.1537,0,0.0041
0.39885682652819826,-0.8377701596918061,9.68353620377734,-3.6703339358233276,-0.16324834579283717,-0.6970569002246289,0.4462399437995794,-0.9166403840704349,9.693620601745259,1159,0,0,0.0876,0,0.004
-0.392681070938848,0.5295745345825829,9.58359919382077,-2.6515866631138607,2.6701627624428608,-0.6128384729307954,-0.3464475721366651,0.5511558579719095,9.58097077809114,1160,0,0,0.1536,0,0.0037
0.37741976060143617,0.15702628496259988,9.783118154270017,-1.8003929454024745,-4.005070496271822,5.364907493131457,0.3673342662059381,0.13165329752118804,9.862723592209763,1161,0,0,0.1537,0,0.0032
-0.07769521053797972,-0.10188668228969879,9.66130124736302,-1.3053287600545271,0.10411430937066099,-1.8882591743312531,-0.04833826645160611,-0.08327469320270753,9.577475340842716,1162,0,0,0.1537,0,0.0038
-0.1461221183188382,0.4693554928104268,9.750915607921824,-3.2143492403758405,0.9730900681875932,-3.0240691440903538,-0.08164821810530815,0.4173875315569717,9.764030038020978,1163,0,0,0.1537,0,0.0038
0.12287490422248007,0.4334489667754729,9.782299405438966,-2.2127177621201217,4.901502348890972,-4.552895746833904,0.18114696475194736,0.4828899447793777,9.748396494067816,1164,0,0,0.1537,0,0.0038
-0.4418929195851558,0.16972748707194565,9.75570954986148,-2.6981978058187988,-4.945587405189491,-0.551308401854916,-0.425599556397227,0.0991863460100018,9.820252070719198,1165,0,0,0.1537,0,0.003
0.2278626596433,-0.0628601481747677,9.656798579089163,3.583653493613796,4.616507738865779,1.428211568103261,0.10746448959392926,-0.06982862619521377,9.633749962919104,1166,0,0,0.1537,0,0.0035
0.732802972395754,0.25993790997802013,9.929384410781035,7.158508002565201,-4.572753924668137,-0.16293558518458792,0.6663510451073205,0.270625102965329,9.959970653515496,1167,0,0,0.1534,0,0.0023
-0.10044896223384601,0.36476622990765933,9.849537772649306,-2.9840281620408176,-1.5503678777754295,1.8785382858940172,-0.13715914747752442,0.34043470346710736,9.872450484663144,1168,0,0,0.1537,0,0.0022
-0.39068152106446485,0.018576256139988253,9.911915391630393,1.5624830741611144,-2.716412474766779,1.6349622460229836,-0.3027731108034869,-0.01850910544653275,9.876153007478074,1169,0,0,0.1537,0,0.0022
0.4504250837969309,0.37163438324271675,9.696620139277337,5.119323904545066,0.738989558396865,-1.8066759669274008,0.4576772351164557,0.38791322238439924,9.67264355777642,1170,0,0,0.1537,0,0.0022
0.036412708874013676,0.4470363682625766,9.701861688488014,2.0114703162372676,-1.339287947060426,2.1089391324135534,0.015930613152781808,0.48559929416936126,9.735259658448404,1171,0,0,0.1537,0,0.0022
0.6745021286229915,-0.042153628681332225,9.865114641671877,-2.462766791757993,0.026369696250352556,-1.1592812351776782,0.7692655379667995,-0.0021180324924325172,9.791650453225735,1172,0,0,0.1359,0,0.0022
-0.0638216974005045,-0.22863955938132108,10.050842759656081,-0.7976457244252861,-2.5000288779997537,-3.1446492096729957,0.017001238886967723,-0.30696496911607457,10.064058471366335,1173,0,0,0.1537,0,0.0029
0.6595002808294083,-0.26796364441433135,9.617287796267828,0.9352044840866143,-5.56941797788032,1.1614419655063828,0.7292643367755012,-0.25587204997195395,9.607741436349011,1174,0,0,0.1491,0,0.0122
0.18482810287286486,-0.3418920370385857,9.599256251371763,1.4770047177969956,-4.376888439394982,1.7961985920407093,0.1382644497583271,-0.3586654881728756,9.516312229293312,1175,0,0,0.1537,0,0.0122
-0.09783704705579345,0.6028042287171748,9.777544055617883,-4.491454623266575,2.4900658715218498,1.4722595763582733,-0.11752651411966339,0.6764074704666128,9.780207337137222,1176,0,0,0.1531,0,0.0123
0.27916108666439926,0.4113851258989293,9.602444776724774,-1.3850325012237572,0.8009662842894594,0.655176182211999,0.36240224973918284,0.5246778772333591,9.596449632247896,1177,0,0,0.1537,0,0.0024
0.1934732836974698,0.31400742540374876,9.633785936740193,-1.965446242330258,2.2257775831484023,2.3292842018789326,0.18601093153359627,0.34706827001383167,9.623919614596538,1178,0,0,0.1537,0,0.0031
0.30158129296251973,0.11035695526154865,10.010687657236122,-4.942778161162137,3.5477216770919355,-1.9333837950529436,0.3478974287234647,0.014666931999680777,9.989064357717025,1179,0,0,0.1537,0,0.0126
-0.3238704226222156,-0.24785531979290643,9.38037836454884,-2.110729137506535,0.831196273301543,-4.263388744036576,-0.32934986083009227,-0.20680102055143276,9.362571507962562,1180,0,0,0.1469,0,0.0009
0.2748225329479487,0.03488365083059781,9.80187306244666,2.2447863477959222,4.557246885785814,1.46132738954031,0.2052509488735922,-0.02632392626586045,9.74318422218252,1181,0,0,0.1537,0,0.0009
0.016773917502975733,0.4705912445103622,9.991874920445335,-3.1838070981680033,-1.6325574945696535,-0.3283038298787936,0.06112216774780757,0.4701423498520595,10.060047220691464,1182,0,0,0.1537,0,0.0009
0.07873293714543331,-0.083682932996472,9.659933440141325,-5.41316822635909,-0.024070113335384884,-0.0495059149648056,0.05563651558951628,-0.010742374167150417,9.722149683565268,1183,0,0,0.1537,0,0.0009
-0.809446768787158,0.4878170426409876,9.813516188107439,0.2763526076848298,-2.3536834895930676,3.380933705479333,-0.7608530824249919,0.5039149639733848,9.858726019636187,1184,0,0,0.168,0,0.0402
-0.501825313107776,0.14378959768680172,10.02341438897969,-5.924749576566995,-2.4724819229052684,-1.2947942299167323,-0.5232055496971806,0.2012640937252927,10.017262136667073,1185,0,0,0.1537,0,0.0101
-0.32226272955365765,-0.5180610074516774,9.413405050733644,-0.41426377763576705,-1.0342497776101176,-2.9111812364063163,-0.3774861450574877,-0.5162983050443393,9.36646192010261,1186,0,0,0.1488,0,0.0301
-0.282517878589526,0.28883956809710865,9.741726613939727,2.7100435485541503,3.007418247434696,-1.4189819058801172,-0.3136035660138822,0.30455562810979897,9.650782435951198,1187,0,0,0.1537,0,0.0101
-0.12419515834998796,-0.058179818364606624,9.542723780026964,-0.04317874498835742,-2.4751155180926174,3.5178328822410414,-0.07818665917046702,-0.08576374512178378,9.521303401124397,1188,0,0,0.1537,0,0.0301
-0.02204344814797977,0.28563650660351375,9.36660847174907,2.62499688403461,-1.8878709637339783,6.287466224845879,-0.10100795054470528,0.301724106910832,9.380789660061097,1189,0,0,0.1489,0,0.0007
0.5743075166414244,0.5974658848772297,9.661323479460082,-6.719567297403641,1.6005360074879498,-4.369317227614728,0.5710479121633645,0.5545485346192408,9.719115047865726,1190,0,0,0.1535,0,0.01
-0.33675351715131546,-0.7487607300033524,9.991267790285946,-6.5592800262070154,-0.039292711088708965,-1.289615227843952,-0.26256706228004434,-0.7588186139622588,10.086629208960863,1191,0,0,0.1495,0,0.0106
-0.07879953294669549,-0.10381535804825183,9.770566339165848,0.23566917671585197,2.7615384546300614,0.4788036569573011,-0.09064750821857973,-0.12443396278165669,9.753273847526636,1192,0,0,0.1537,0,0.0107
-0.06087639271685739,0.000838655419031186,9.821426445852389,-4.622627804819805,0.843675175825901,-4.829307975229236,-0.04558358103348158,0.019257500994037318,9.80115038800699,1193,0,0,0.1537,0,0.0203
0.34991732952705523,0.15636432860756644,10.212832338028395,-0.7661100365264945,-3.7892826699679425,-1.0092275948468417,0.39017651197659897,0.18742319255684856,10.185699884237554,1194,0,0,0.1533,0,0.0187
-0.05639130658427244,0.14942622238437867,10.150536903650957,-4.950097198659467,-2.993290493535435,-3.212220817242776,-0.12459482917577348,0.13753343174310084,10.119938126857503,1195,0,0,0.1537,0,0.0187
0.17515121809538212,-0.31947789565417645,9.482004479963063,0.6954075597839398,0.865076418469148,-6.67703811982026,0.17675514906206663,-0.2808080886182913,9.458774682240753,1196,0,0,0.1532,0,0.0079
-0.1454787087759476,0.5978311154084647,9.651722317328863,2.9655082249050846,1.1364279392047283,-6.972259606330275,-0.0755946917046343,0.47606671077704177,9.612434047814157,1197,0,0,0.1531,0,0.0179
-0.24819124110332752,-0.029314342604213825,9.56066460305178,-4.5437266612533005,1.8043197082525735,1.3658622428958744,-0.2903616493817362,-0.09692280001420318,9.570160457013595,1198,0,0,0.1537,0,0.0283
0.23275070429811592,0.27036571905428214,9.721162397393199,2.7652804188632363,-4.732972405033245,1.4877577117854888,0.25600965213320265,0.24075133797258808,9.743818122366356,1199,0,0,0.1537,0,0.0283
0.29551800938964584,0.18495180588303464,9.96088563552831,-0.047190848017610365,-0.8880888042734119,3.806924319127636,0.24064918318973053,0.28134298610842273,9.833784129861053,1200,0,0,0.1537,0,0.0383
-0.05150791626637584,0.532546386506811,9.64376988193632,2.097045182170545,-1.2600557096846847,-0.1917766514177564,-0.036700453382850516,0.4831173515215579,9.529972448006582,1201,0,0,0.1536,0,0.0283
0.3083176415483286,0.0361841353974621,9.957923009455243,0.2266076429210817,2.53568680281855,-0.08114168484076124,0.33784961992917667,0.07708909349095418,9.989636342737526,1202,0,0,0.1537,0,0.0283
-0.28789839959732433,0.2494809722370116,9.5467517281825,-0.5720805839211952,-4.918909280731784,0.5459437355957715,-0.3393264788311164,0.30303168571269007,9.466209910310056,1203,0,0,0.1537,0,0.0183
-0.0897969353444035,-0.12314756464961549,9.929575189167998,-0.8763766223764095,2.702212923865751,-1.9142843832805407,-0.029316681485447672,-0.05951954974380122,9.952266539922967,1204,0,0,0.1537,0,0.0183
-0.06007768456055546,-0.2961049302853789,9.758800043574052,-1.4044924983980571,-0.5315984975461019,-1.3556200394278046,-0.05838822898902791,-0.3110641418368881,9.850583320451973,1205,0,0,0.1537,0,0.0189
-0.41912632354519846,-0.27024134117249027,9.798087746790719,-6.195285774473378,-2.67521933226719,-1.196041592734556,-0.3431296965603592,-0.3647029068867238,9.828255463737488,1206,0,0,0.1537,0,0.0229
0.10451473837886484,0.2778166532108113,9.79468102589545,-3.6945549471495474,-1.3623912971158259,5.388205964769765,0.07251182689360325,0.2040453398173952,9.766819114389214,1207,0,0,0.1537,0,0.0286
-0.08282925494657876,0.4913430055721675,9.458514072615985,-4.851122791828,0.9309595781571005,5.585805927621532,-0.1724444019742318,0.5423427676248839,9.480339316849586,1208,0,0,0.1537,0,0.0222
0.3828503949819691,-0.11491817894659402,9.793795979739809,5.878201416591174,0.8746496599316529,-1.9623713458952088,0.4258960580503617,-0.028953705313343306,9.766664465604384,1209,0,0,0.1537,0,0.0219
-0.09091886606731747,-0.010408709916619517,10.064444394061503,-0.32190711132149363,2.111340673531425,2.349156756741941,-0.11370237061089536,-0.007718261058212723,10.07861982185775,1210,0,0,0.1537,0,0.0219
0.4212105867232449,0.22557659433307453,10.217337902986968,-4.071528586102312,0.6558473699388779,-2.14218380449711,0.4081801081192028,0.2782022553874176,10.261249468043953,1211,0,0,0.1514,0,0.01
-0.1063130618968968,-0.25689622892091984,9.906074458353924,0.8886279017173883,0.33355118048779886,-3.999682796816268,-0.1698818846689198,-0.3894250583815836,9.975762327880563,1212,0,0,0.1537,0,0.01
0.4396905069032865,-0.7424171081972684,10.231049520155468,-1.3320054128303989,7.900746607659972,6.580430315768275,0.44156727129793855,-0.8040904968101105,10.24268910804726,1213,0,0,0.1108,0,0.0
0.035673564065100104,-0.06579282110716377,9.676292481011735,-0.9501856467017717,-0.24970222273987305,2.254274017885135,0.035673564065100104,-0.06579282110716377,9.676292481011735,1214,2,0,0.1537,0,0.0
0.022937136758725652,0.006150756755140192,9.582153942818826,7.260014179776582,3.463265024412325,-2.4957615119330683,0.022937136758725652,0.006150756755140192,9.582153942818826,1215,2,0,0.1524,0,0.002
-0.16637904269198922,0.28679995779374917,9.853693162937233,2.259824593946676,-3.9706976623077046,5.940491760907264,-0.16637904269198922,0.28679995779374917,9.853693162937233,1216,2,0,0.1537,0,0.0
0.3731387590612996,0.2786044891840236,9.901028425450482,1.5980392929876337,0.07108800455474422,-2.6846107645227852,0.3731387590612996,0.2786044891840236,9.901028425450482,1217,2,0,0.1537,0,0.0
-0.061654610250507225,0.18924943750503145,9.872477505346955,-4.871084299163394,-2.1989214661300034,1.9698000288311137,-0.061654610250507225,0.18924943750503145,9.872477505346955,1218,2,0,0.1537,0,0.0
-0.2096211038941159,0.029412877865781367,9.76837937519664,2.2513234727941884,-1.1946739203241714,-0.348409663347678,-0.2096211038941159,0.029412877865781367,9.76837937519664,1219,2,0,0.1537,0,0.0001
-0.0816796032915048,-0.11932126435638366,9.807008611317903,2.261424928322255,-2.37029622671931,6.336245283634346,-0.0816796032915048,-0.11932126435638366,9.807008611317903,1220,2,0,0.1531,0,0.0001
0.6058874489449912,0.36673117675317185,9.944873352980638,1.5177425777294362,-3.404560767903834,0.06616043265359813,0.6058874489449912,0.36673117675317185,9.944873352980638,1221,2,0,0.1552,0,0.0001
-0.40031836802548626,0.29802574733872067,9.90662212756495,0.8533083022281498,-1.7349045690286748,1.2435428219245754,-0.40031836802548626,0.29802574733872067,9.90662212756495,1222,2,0,0.1537,0,0.0001
-0.22624825259597145,-0.3762898303118309,9.724832301676091,-6.706037764846496,-0.8385621437936288,3.2453856410259445,-0.22624825259597145,-0.3762898303118309,9.724832301676091,1223,2,0,0.1537,0,0.0101
0.30077508770059747,0.15048697383964169,9.765100355370315,-0.3703538843593998,3.0696325023817206,1.019269212073297,0.30077508770059747,0.15048697383964169,9.765100355370315,1224,2,0,0.1537,0,0.0101
0.023710507394750627,-0.06713199027083834,9.842782223965663,2.224264763137847,-2.298655482306965,-0.36468179961238123,0.023710507394750627,-0.06713199027083834,9.842782223965663,1225,2,0,0.1537,0,0.0101
0.27682795397479254,0.07018113986647184,10.157769834981114,1.6796829105275937,1.9268551713840187,3.8191408953181196,0.27682795397479254,0.07018113986647184,10.157769834981114,1226,2,0,0.1537,0,0.0001
-0.2611583374285391,-0.32764378414022016,9.670923311491258,2.5599410285270774,-3.2783601086473357,2.0767726282164447,-0.2611583374285391,-0.32764378414022016,9.670923311491258,1227,2,0,0.1537,0,0.0001
-0.13181860884747462,0.3299012710945057,10.122908205845897,-1.6090375874990737,-1.1831586429434162,-3.8681763165036065,-0.13181860884747462,0.3299012710945057,10.122908205845897,1228,2,0,0.1537,0,0.0002
-0.12907547431496214,0.7668642047080878,9.570345610634998,0.8326421870804372,2.862000883710858,-2.721305438153889,-0.12907547431496214,0.7668642047080878,9.570345610634998,1229,2,0,0.1499,0,0.0009
-0.3655676650495337,0.13935219524064357,9.65843405374422,3.9265796021937662,-0.9715011230655038,-0.39906059184493026,-0.3655676650495337,0.13935219524064357,9.65843405374422,1230,2,0,0.1537,0,0.0011
0.14490580385391005,-0.4500529892649503,9.741686763633053,1.7833528128269833,-0.8456803146845431,4.999143394119764,0.14490580385391005,-0.4500529892649503,9.741686763633053,1231,2,0,0.1537,0,0.001
-0.38324303474015303,-0.22138287306220666,9.90915353042067,0.10115325796470395,-7.14608961822516,2.050223549937595,-0.38324303474015303,-0.22138287306220666,9.90915353042067,1232,2,0,0.1536,0,0.0101
0.48251714624986114,-0.32196988853993475,10.247567908399324,-2.3795626400825953,-2.280215164704872,0.4650174050049099,0.48251714624986114,-0.32196988853993475,10.247567908399324,1233,2,0,0.1527,0,0.0101
-0.36834577337967384,0.1563061397261815,9.936922694379934,1.890392977137175,4.943375765616126,-3.1365707158643152,-0.36834577337967384,0.1563061397261815,9.936922694379934,1234,2,0,0.1537,0,0.0004
-0.4882327983726808,-0.010148437001551528,9.615349951928613,4.100919370429658,-4.758657596070878,-0.24728623073106593,-0.4882327983726808,-0.010148437001551528,9.615349951928613,1235,2,0,0.1537,0,0.0104
0.029469619355527246,-0.04263291643321898,10.04414550419654,4.145852023084592,0.32145711396632876,2.0962217817959345,0.029469619355527246,-0.04263291643321898,10.04414550419654,1236,2,0,0.1537,0,0.0004
0.32396997462160815,0.014841250332721895,9.659122778566644,0.9452703479759195,-1.0223200699276687,-0.47764316316283595,0.32396997462160815,0.014841250332721895,9.659122778566644,1237,2,0,0.1537,0,0.0004
-0.053380471255504575,-0.29870281367955503,9.49632102030642,-3.1969549672826205,0.2053143899188692,3.58514423286557,-0.053380471255504575,-0.29870281367955503,9.49632102030642,1238,2,0,0.1537,0,0.0009
-0.24167653277103923,-0.6384635477359865,9.729466410458905,2.7974175679833464,-1.9067231231194768,-1.7279422307409256,-0.24167653277103923,-0.6384635477359865,9.729466410458905,1239,2,0,0.1539,0,0.0004
-0.5262589949112049,-0.562338579311546,9.608387239472398,5.007643158601693,0.5491312286026162,3.104050453093485,-0.5262589949112049,-0.562338579311546,9.608387239472398,1240,2,0,0.1536,0,0.0002
-0.15165920524601442,-0.08495720033290687,10.275029336567357,-0.2332199966140595,1.3906714358401833,6.263580334340622,-0.15165920524601442,-0.08495720033290687,10.275029336567357,1241,2,0,0.1521,0,0.006
0.5763032298324106,-0.07804068816934602,9.553256368314575,-0.4536730851368207,2.30061204195747,-3.1880472154657764,0.5763032298324106,-0.07804068816934602,9.553256368314575,1242,2,0,0.1521,0,0.0102
-0.3017057355908307,-0.13929860942720165,9.654094057722684,-3.0965875379978876,3.3223281633537836,-1.3057569785119103,-0.3017057355908307,-0.13929860942720165,9.654094057722684,1243,2,0,0.1537,0,0.0002
0.5310155809558809,0.1554307487033989,9.884173730573933,2.379992353283016,5.132719225995385,1.6020961899946389,0.5310155809558809,0.1554307487033989,9.884173730573933,1244,2,0,0.1537,0,0.0002
0.12644951320385814,-0.17599375160183658,9.631019805951821,1.47778751330059,0.22620818660369607,3.3545725325914706,0.12644951320385814,-0.17599375160183658,9.631019805951821,1245,2,0,0.1537,0,0.0002
-0.00979273519990273,-0.04639706385107654,9.968674806534317,0.5646064315388926,3.13464320284754,0.6145889394009967,-0.00979273519990273,-0.04639706385107654,9.968674806534317,1246,2,0,0.1537,0,0.0008
0.18729792303229623,0.1426125370875662,9.944946406068837,3.0067019518086004,6.2328648152693,-0.8360530487600379,0.18729792303229623,0.1426125370875662,9.944946406068837,1247,2,0,0.1537,0,0.0025
-0.14711886960142387,-0.14070550680609528,9.785716802003693,0.21587672980788486,2.3677335758539444,-0.0449834768142101,-0.14711886960142387,-0.14070550680609528,9.785716802003693,1248,2,0,0.1537,0,0.0005
0.11055858181443284,-0.4633425219371894,9.858287053780808,1.0406174010600757,2.346534030323358,1.597950112132934,0.11055858181443284,-0.4633425219371894,9.858287053780808,1249,2,0,0.1537,0,0.0006
0.15321560548780497,-0.2345212368075034,9.744567571964891,3.9745762906130455,0.06035833802597028,-1.2827527154663978,0.15321560548780497,-0.2345212368075034,9.744567571964891,1250,2,0,0.1537,0,0.0006
0.15264500166514672,-0.04646438373085474,9.894075036766573,-3.9117691765713065,-0.3130578393263387,-0.5821008472933231,0.15264500166514672,-0.04646438373085474,9.894075036766573,1251,2,0,0.1537,0,0.0017
0.14034825122502453,0.427542082312928,9.917341793433394,1.618639720255107,-0.5614041723635942,3.652510925711118,0.14034825122502453,0.427542082312928,9.917341793433394,1252,2,0,0.1537,0,0.0017
-0.7047409877270274,-0.35299954044659515,9.893530889409595,2.289738060777582,-6.861507110984883,-5.420520626064194,-0.7047409877270274,-0.35299954044659515,9.893530889409595,1253,2,0,0.1594,0,0.0004
-0.15449640081271174,0.4853029884511821,9.92556250248679,-2.182247368437789,-0.6486771069221062,-2.9030753805327834,-0.15449640081271174,0.4853029884511821,9.92556250248679,1254,2,0,0.1537,0,0.0004
0.08237711266988244,0.03757553520111667,10.247829560397108,-0.2492349226835681,2.2035549052084784,-2.898810084488535,0.08237711266988244,0.03757553520111667,10.247829560397108,1255,2,0,0.1527,0,0.0004
0.16460024147849325,0.2907126438075881,9.980780308979975,-6.9178647791993395,-0.7200441349501244,0.5209596254068142,0.16460024147849325,0.2907126438075881,9.980780308979975,1256,2,0,0.1537,0,0.0005
0.09800820458294938,-0.26160110356586325,9.881273330932384,-3.875165332704596,-0.12576226608466629,0.07788726619668707,0.09800820458294938,-0.26160110356586325,9.881273330932384,1257,2,0,0.1537,0,0.002
0.15681028842233022,0.0007172154989103912,9.84172400936859,2.7401101632740428,0.7092559602905277,2.0487467247497024,0.15681028842233022,0.0007172154989103912,9.84172400936859,1258,2,0,0.1537,0,0.0013
-0.1573782558853402,0.2666558533799313,9.841028159091168,0.9913878886915746,0.4786708060847721,-1.5228280358245514,-0.1573782558853402,0.2666558533799313,9.841028159091168,1259,2,0,0.1537,0,0.0013
0.26890088232751014,0.006560457022838526,9.938632883025939,-1.0887721660893617,-0.4944297395428219,-4.961499754364889,0.26890088232751014,0.006560457022838526,9.938632883025939,1260,2,0,0.1537,0,0.0113
0.13780943537302204,0.02345115177296779,10.054413757440287,-1.2887490027453543,-0.4957752882842398,1.5052240249482165,0.13780943537302204,0.02345115177296779,10.054413757440287,1261,2,0,0.1537,0,0.0115
0.5651706494476916,0.41299746171968693,9.574443233449399,1.2781280125501522,0.561739375397198,-3.5159973806704974,0.5651706494476916,0.41299746171968693,9.574443233449399,1262,2,0,0.1536,0,0.0113
-0.1309802279663346,0.45763341557535275,10.130820572617028,-0.06299593192113614,-4.152902840793804,-2.0773454822040374,-0.1309802279663346,0.45763341557535275,10.130820572617028,1263,2,0,0.1537,0,0.3039
0.3682354615019741,-0.2711133222603931,9.877891690611001,-5.913403395534098,0.6788894494435617,1.0230066321379458,0.3682354615019741,-0.2711133222603931,9.877891690611001,1264,2,0,0.1537,0,0.3028
-0.03174320667380907,-0.24174080767329403,9.835658616472442,1.3286490675489757,1.5459638636137876,2.2022520903161533,-0.03174320667380907,-0.24174080767329403,9.835658616472442,1265,2,0,0.1537,0,0.2936
0.3210035340446852,-0.43223391361624763,9.95426591461895,-0.030051772539096126,-1.1981867939696165,-0.16638998089275192,0.3210035340446852,-0.43223391361624763,9.95426591461895,1266,2,0,0.1537,0,0.3143
0.20596799802992244,0.36418212696486113,9.795451813531745,1.5707628356023347,0.7186818418512532,-2.2427679061835533,0.20596799802992244,0.36418212696486113,9.795451813531745,1267,2,0,0.1537,0,0.3043
0.03451305507176575,0.10297577308677987,10.041988356394675,-1.6501311145567223,-1.013231132881438,1.1952078742402557,0.03451305507176575,0.10297577308677987,10.041988356394675,1268,2,0,0.1537,0,0.3043
0.18745250130521132,-0.4211854448408134,9.748089311394349,0.9605106617998174,0.6509839682891287,0.7428059738642472,0.18745250130521132,-0.4211854448408134,9.748089311394349,1269,2,0,0.1537,0,0.2943
0.17421153252643085,-0.016029594875148725,9.49714865165818,-1.3915194073311465,3.401379837367003,-2.7537019694753093,0.17421153252643085,-0.016029594875148725,9.49714865165818,1270,2,0,0.1537,0,0.3133
-0.4069400592315304,-0.462116902882324,10.023652980688654,1.6038304037454945,0.2921625334313795,4.058856003949696,-0.4069400592315304,-0.462116902882324,10.023652980688654,1271,2,0,0.1537,0,0.3233
0.04222325456025752,0.13803565714281377,9.53915078813415,0.34693531995021476,0.9092950481504591,-4.478474348445156,0.04222325456025752,0.13803565714281377,9.53915078813415,1272,2,0,0.1537,0,0.3209
0.5193335927030521,-0.6022739296886679,10.065720446163311,-1.6196100370796989,0.2780187747702981,0.22918280848351044,0.5193335927030521,-0.6022739296886679,10.065720446163311,1273,2,0,0.1536,0,0.3132
-16.022858135031623,-14.519636926023876,3.6652360408483062,-223.2783221141828,174.15651685191608,227.56352390956283,1113.890613707169,663.4284461792964,-221.01537488851412,1274,2,2,0.9999,2,0.64
-13.798339394246462,-12.009364060598811,2.2947191853117923,-298.2671399997806,228.6326780372841,-228.41248520523274,-1158.8449190451718,675.0185837299563,-248.14346522192565,1275,2,2,1.0,2,0.73
-19.219035996149785,15.009287983003608,3.1433487950677073,-165.66804881909326,234.65290414637343,124.31079087802144,1030.1067384442283,-614.5861766812233,-329.17712192659053,1276,2,2,0.9999,2,0.87
-12.176402078928998,-10.882621639787693,5.421672440150455,-163.1715171758104,-210.42370870082348,-212.5586118548712,-923.8751005495587,536.1365974425902,-271.8148088091764,1277,2,2,1.0,2,0.87
