ax,ay,az,gx,gy,gz,hg_ax,hg_ay,hg_az,ms,true_label,p1_label,p1_crash,p2_label,p2_crash
0.0712127562090575,-0.1891066111707543,9.482236221285422,-3.16791451653334,-1.1512899301487145,-3.4992138205084093,0.046529410892587074,-0.11070668755417236,9.504502239554899,0,0,0,0.1537,,
-0.36117351424778743,0.3190338656569092,9.966491708938499,3.43000755832138,3.177523135239655,1.8076725026948819,-0.35660993055850854,0.243395244468538,9.972080088655309,1,0,0,0.1537,,
-0.03637748611460494,0.07661509961623175,9.801691990691303,-5.405813678230271,1.0212584672772258,-1.5972274147001286,0.05117399630964237,0.1303423260714403,9.792618452377596,2,0,0,0.1537,,
0.17926961474716074,-0.3897560648621758,9.994999996413224,2.3519488230996615,-1.0983352918994278,3.2907301780709117,0.17306802189590714,-0.32748894784094035,10.026224478624785,3,0,0,0.1537,,
0.15415272361155646,0.06324370029056675,9.970214913823495,1.052402436762917,-1.5906221454560447,-4.87387783229448,0.1707265940118382,0.04585817884172008,9.944055429212996,4,0,0,0.1537,,
0.5176817138245268,-0.3400293517031701,9.956191340054382,-1.120001701631897,2.427065009318755,0.03228372287251335,0.5396213150259074,-0.4444583032027267,9.990000934008165,5,0,0,0.1537,,
-0.15265039272743244,-0.17415401018766177,9.776955799970864,3.879200546537551,3.172685171419429,2.142049426184281,-0.1556012435851339,-0.1107627742706053,9.780918349848008,6,0,0,0.1537,,
0.42340064706625796,0.6123186623690946,9.754854846097857,1.1392883478315312,-0.8672764454412689,1.1564436603378545,0.40095601292008076,0.6132929751138608,9.801081266629271,7,0,0,0.1532,,
0.17493248428786554,-0.17239683350409976,9.764209139837925,4.202766196140884,-6.01584293682384,0.44783462202392654,0.18521061257187243,-0.179150437759162,9.714559746380628,8,0,0,0.1537,,
0.3810200966729732,-0.050811004687636094,9.98054260441693,2.705517933893158,2.4386228727792543,4.196428332466187,0.3699824364049838,-0.059983781432844246,9.992378678909672,9,0,0,0.1537,,
-0.20763343632331788,-0.05226838618164167,9.659042509665793,-1.6575813361084002,-2.94204735220362,-5.067491769097895,-0.19419527909698098,-0.10037591461045844,9.60373406119163,10,0,0,0.1537,,
0.38261893647192113,-0.34145293017491546,9.864277432923192,1.0122839559433543,-1.1700725794848776,1.0092513421670097,0.4134698956230694,-0.36027180012457116,9.888017420299978,11,0,0,0.1537,,
0.015069732972310809,-0.03902971237624989,9.921506618664623,2.558186073728929,-1.8054391620060026,0.6986962455354114,0.014810999308506111,-0.06855009611963368,9.940829444362171,12,0,0,0.1537,,
0.3968231514071155,-0.06716229624617506,9.550395435655249,1.7451532122016966,1.4566155612164393,8.547370007229947,0.39744104601772323,-0.003191323657704942,9.581900341284479,13,0,0,0.1484,,
0.1858515116428578,0.009724315939175625,9.707863478063265,-6.742238588346219,1.9412847684156016,6.572644426930333,0.2077115202083284,-0.05079480456388229,9.792003689591361,14,0,0,0.1531,,
-0.12314085789925167,0.07704235940304248,9.802571881559594,1.5647954972880342,-1.6294046392689805,0.4454005231451271,-0.14460865974745987,0.225356744643202,9.864537236907518,15,0,0,0.1537,,
0.30340790599187567,0.4366314505141334,10.030308574619669,0.7960267852763928,-1.5374299384907189,-1.5706510218070853,0.29026530020966446,0.4640824028358832,9.999143717111934,16,0,0,0.1537,,
-0.053434209424533224,-0.11535415162629215,9.940029330314083,-0.5833609974058096,1.9853318900030605,4.963429302006034,-0.03925618478965322,-0.14557732440877627,9.913794279091382,17,0,0,0.1537,,
0.09664179638123539,0.09807274103095175,9.629091644041292,-2.3848498533226716,1.9810784793696237,0.6628628269355458,0.10227663256887252,0.16522742274344487,9.661690546644252,18,0,0,0.1537,,
-0.2551462680285844,-0.2355998137182241,9.712127114119784,-2.5734565306648767,0.6275271026541516,-3.3311893825540473,-0.21196131296044582,-0.21631847429833373,9.59591808765521,19,0,0,0.1537,,
0.05988602978505826,0.5089929446972903,9.780094078613706,-0.38480030262140097,-1.4162784403432247,0.6865960833386388,0.03303927117891409,0.46773326617411587,9.772025348985293,20,0,0,0.1537,,
0.4457643762370728,-0.20175263660572498,9.836174079881786,3.1263852406601442,1.6365078549452625,-0.48007639938207614,0.4397364508446556,-0.15081863935828768,9.955188342740863,21,0,0,0.1537,,
-0.2717992812259327,-0.31004107641491924,9.849227651529427,-6.1887867945206585,-1.2566614473788544,-2.7467083154847782,-0.2600801317398273,-0.26322114882399944,9.926044174894146,22,0,0,0.1537,,
-0.3234006605732041,-0.25294370797463467,9.674361654255904,-1.3859972313489646,1.3230528005946791,0.07645405990780862,-0.34232926562810906,-0.15373051715317515,9.660907277398879,23,0,0,0.1537,,
0.45160319841446567,0.1799942677989808,9.799574078117383,-3.894531690962081,0.22235345884984115,-3.7511957117147943,0.3746516824196282,0.19243733890020737,9.837018771184383,24,0,0,0.1537,,
-0.45193633878332007,0.41133865955156584,10.128246908679728,-0.7272013332941967,0.06605402476436563,-4.750909606978677,-0.47479289206319875,0.4317039808740062,10.042946048190002,25,0,0,0.1537,,
-0.05914244583143376,-0.08796645904300927,9.765008452427931,0.27104117299193875,3.64961661309844,-2.54612102203776,-0.09458610177298049,-0.17080939749691687,9.716184755572199,26,0,0,0.1537,,
-0.26852235417405634,-0.10571122821146248,9.419606171863425,1.867933814803201,-5.58601008297983,-3.5650960882925107,-0.2734562052666471,-0.1092371498581128,9.359776078095578,27,0,0,0.1473,,
0.4068077437117187,-0.48756499526625907,9.811764746494088,4.346156981007403,-1.5098448186386357,-2.929454246385453,0.3681818984802362,-0.49794082079786117,9.758617453737726,28,0,0,0.1537,,
-0.05645162921818711,-0.16126460801609308,9.613210096711915,-1.836995251524626,1.2664004995033968,2.0508472257051893,-0.029376630759603582,-0.15934473807343058,9.624017533076106,29,0,0,0.1537,,
-0.19552322556626958,0.19050713897902127,9.763129198863266,-2.375998178888838,-1.052333691204499,-2.0582140215753917,-0.24113188974397146,0.19173886454534653,9.782688657384568,30,0,0,0.1537,,
-0.2151287406250041,0.06678479651631543,9.534496145057453,1.3605136999465002,1.8294250761437603,-2.7328320583053167,-0.28013787706704324,0.09333124175235083,9.471080129083878,31,0,0,0.1537,,
-0.5324147793061139,0.21862112140041914,9.632096493341034,1.1307264896347369,-4.9642149028229285,3.7789711322259674,-0.5411566936614343,0.24555798125324932,9.556199673282192,32,0,0,0.1537,,
0.3352218709211176,-0.4637540336076752,9.898072533444639,1.4295139358697426,0.0583686519220343,1.7281071947285116,0.3619891842581856,-0.429146321731197,9.878675557530542,33,0,0,0.1537,,
0.112007503023701,-0.14356558925964535,9.697808070545207,-3.6281917724632313,-0.056181209770462315,1.7892233641027344,0.1584469726829548,-0.19260593759841194,9.745662525031944,34,0,0,0.1537,,
0.32390856171822596,0.3960150181296933,9.903720849549682,2.2027389715923245,1.615970707850531,1.2414661243538725,0.33061941617296164,0.4236589611015669,9.932270490307415,35,0,0,0.1537,,
0.08550534924725754,0.09184646662284143,10.026643277014402,1.4794378880069887,-1.315774942594217,2.7015662747409888,0.023312951591331982,0.10985718261187137,10.07930429974546,36,0,0,0.1537,,
0.6812510307829694,-0.6524000802493359,10.081034223131242,-0.5659505950007074,2.255018613396317,1.5569877568928976,0.6691038221766853,-0.6492004791107973,10.060247719348805,37,0,0,0.1607,,
-0.37298709781579636,0.3225285917863539,9.774289704226849,4.094071232380857,0.9808506130842618,-4.632728886576427,-0.37733503046319755,0.27825021524690075,9.77743394195591,38,0,0,0.1537,,
-0.2989856723979954,0.2107538637416538,10.020905815980969,2.2779116735267233,-3.9326708929653815,-4.743575811442815,-0.295085233100418,0.21620361659080098,10.09320885211929,39,0,0,0.1537,,
0.05870737884957262,-0.4101115949784069,9.574140592834736,1.443989840929539,-0.7681096714239524,3.4261081554645836,0.046429241340024976,-0.4541263939863947,9.514391933535311,40,0,0,0.1537,,
0.28482128595127676,0.013039644829944446,10.145995011055312,0.004404769927863711,1.6305262950171873,0.23497577260050745,0.25116706460006855,0.002454898625352,10.141428866466866,41,0,0,0.1537,,
-0.34457625142828746,0.7634707158969047,10.311256360515275,1.0139880080366335,-1.166260358649906,1.6721043098665849,-0.41605562027337484,0.8877107821571719,10.280522238828496,42,0,0,0.0798,,
0.15661155464687437,0.7108615268277957,9.865093675591243,-5.010673386878158,-0.3997504287620849,4.060482401534104,0.10945107323995257,0.6980769548183573,9.963545144794594,43,0,0,0.1536,,
0.5498978152705511,0.04122712107110439,9.883957167256316,1.632918239616013,-2.8439271433927167,6.372125845430665,0.5555069063187821,-0.027132173138730314,9.922311446973255,44,0,0,0.1531,,
0.1369823799402837,-0.41655246060178575,9.479152966428783,3.0847582080916234,1.0813989936556943,-4.610519945936982,0.09075538242910255,-0.4181091419398634,9.520281647094592,45,0,0,0.1537,,
-0.16155109311158686,0.5112829782834843,9.783278354421714,-3.3644698804829583,-0.12392805581907498,3.0407805620770363,-0.16158930142393624,0.5800173492415673,9.679199623039567,46,0,0,0.1537,,
-0.5091819588643614,0.21174234780026113,9.907988284728901,-7.500177071895698,2.2119487148940653,-8.36780769719694,-0.4748832669523553,0.20516769947963462,9.886729705074229,47,0,0,0.1486,,
-0.0071455520889476725,0.026583453013571894,9.520165147016892,4.895867869013165,6.19397180601059,0.15655986641184383,-0.035937368358181385,0.042111071947789694,9.523490788559558,48,0,0,0.1537,,
0.23059363817376283,0.22608931089536258,9.987868253670845,-0.504911459303153,2.6884763686368123,5.796457437993612,0.23192071922246113,0.23294542415557112,10.033658341719473,49,0,0,0.1537,0,0.0058
0.07618454128492434,-0.2247174840442299,9.788564748376782,1.5147522107043092,-0.905253759698919,-1.2786820668219987,0.022770037480709333,-0.20273488913007887,9.785608995463143,50,0,0,0.1537,0,0.0067
-0.012813780882553423,0.30776657396045043,9.209005604924364,-3.4012395768656667,0.9771918970829783,-1.3803594242744963,0.03508208400162865,0.3558950571753567,9.218303697210779,51,0,0,0.1054,0,0.0174
0.0767843098764941,0.3484742487586663,9.82902863592252,-0.8750285838871257,0.1621267051123501,-5.106349938895892,0.15893100047962094,0.3779434237962175,9.8885916914748,52,0,0,0.1537,0,0.0174
0.14304372986752406,0.17590867504357013,9.560186423395283,-2.001389279932115,0.2808592996026888,-2.124452683019909,0.23515884817718197,0.21380441847008233,9.548035175934116,53,0,0,0.1537,0,0.0264
0.22305064538310557,-0.3541185769396004,9.941118419608268,-0.2597425234402428,4.742300563549804,-2.1239674375788455,0.28994213893670456,-0.3251507996622979,9.908198662092,54,0,0,0.1537,0,0.0117
0.0177676421783148,0.16490585471567815,9.702744414046993,-4.346097334625626,-3.1310033925313028,0.4398538149023973,0.036307397343250995,0.1948096755179103,9.772309548155937,55,0,0,0.1537,0,0.0276
-0.23608795743933136,0.2937587288579665,9.764704797375263,4.416191530113723,2.2025000753638526,1.4341994697121094,-0.27420202525616516,0.21918605463873708,9.801008511852913,56,0,0,0.1537,0,0.0205
-0.2825209457393193,0.24350881569224578,9.674993676925997,-3.4520616548354632,4.208743783947982,1.2182095981571766,-0.2853938137233183,0.27342499378093643,9.702043661950174,57,0,0,0.1537,0,0.0188
-0.24584385618104143,-0.16282286801229293,9.962954444008348,4.281645228624455,-0.8278208282726517,1.0154735737331295,-0.1997344129817838,-0.19983815115874548,10.00632574911796,58,0,0,0.1537,0,0.0412
-0.09828388904928174,-0.18121435954731707,9.421338176372362,3.019160729534404,-3.7861716786570003,-1.2953752551937001,-0.05252377166598597,-0.2023324053105891,9.433243489889731,59,0,0,0.153,0,0.0435
0.049045889412893666,0.24688418675305462,9.991914086510242,-0.709377556498312,4.094694686021535,3.32669690999329,0.01195394116354511,0.24008355228636394,10.049099090793728,60,0,0,0.1537,0,0.0326
0.2354247430619991,0.14730805918550408,9.719933263748503,-3.9892096009488975,-1.2380173918277007,-3.5871183913706632,0.16017486513293802,0.1901559845666328,9.715766245366861,61,0,0,0.1537,0,0.0273
0.06935035774101782,-0.20065375194935972,9.70843894778827,-0.3764182410961898,-0.41071085833019205,2.157625310412757,0.001845473999016592,-0.17879090844093048,9.670159978738189,62,0,0,0.1537,0,0.0487
-0.13538508379367273,0.8130978520198562,9.927365419487948,-1.0864799442594777,-1.4515388375990839,-1.7927873806882917,-0.15687982403080666,0.8192165388391588,9.964500102780708,63,0,0,0.1288,0,0.0236
0.22123909668495392,-0.014025629714869467,9.916510208727109,-0.9737181749557526,-1.2202336040814066,2.443834143184824,0.17047417665035103,-0.160457504982773,9.924017369127913,64,0,0,0.1537,0,0.0237
-0.26588323024435423,0.20973259693217036,9.421379330758455,-3.2632797728154164,-1.6527743381051763,-1.6401853748985138,-0.25019374802495165,0.24555888022700173,9.394579262982262,65,0,0,0.1526,0,0.0336
-0.3897024720598708,-0.061277351254640997,9.475837542578292,0.22774679257946473,1.3920667349311429,0.8989435207493217,-0.3667544415777807,0.025633828527880625,9.429960410533214,66,0,0,0.153,0,0.0283
-0.11623437621623792,0.1909014419971229,9.564292045122075,2.886244852627051,3.8038218654237035,-2.492978063448664,-0.10554932986602122,0.24428141731267197,9.632822265374873,67,0,0,0.1537,0,0.0299
0.28645221524714354,0.1440075717287432,9.752338601386086,1.726997718476683,-4.387740179141625,3.871635105034245,0.34771274628681437,0.16301382889530247,9.795691021641138,68,0,0,0.1537,0,0.0299
0.3490681710825207,-0.13392278195162757,9.53170909050695,0.28926514327631225,-1.736446758752342,2.8212199835226723,0.35567668250534223,-0.05749306667651008,9.411559069896338,69,0,0,0.1527,0,0.0424
0.12588493644795862,0.022140951086608466,9.57114629634327,5.710690301946832,2.3873572439928012,1.3154883353267501,0.05318493436427256,0.033548189367306414,9.450138299700365,70,0,0,0.1534,0,0.0423
-0.015079949692942626,0.24030234643180312,9.9328886291151,-1.1047793941343786,-1.5548845080436946,-1.8792788719613023,0.11640729894742766,0.17024511062543185,9.938179629611877,71,0,0,0.1537,0,0.034
0.24488405680500183,-0.11130844316887716,9.7646779629801,-1.2224142484330751,-3.2327488208142947,-4.430433570379634,0.2501920384464061,-0.10272129119085388,9.769590797690867,72,0,0,0.1537,0,0.0476
-0.06789998160561321,-0.05274525645249336,9.868240923430532,-0.3615740640509816,3.0700285741303954,-1.1837943551079935,-0.06886459016377153,-0.00853206476320436,9.848918861409755,73,0,0,0.1537,0,0.0381
0.5329314448838027,-0.10529262674427382,10.226030827937292,-1.5900807991765056,0.045386640478613655,1.6232729167309357,0.5277668146890919,-0.04834600910170863,10.263705070683672,74,0,0,0.1514,0,0.0481
0.3272460805099495,0.018726759596189545,9.960582833157535,7.296410435477059,-2.323741212929948,8.02098603392841,0.35078151672910374,-0.038159895051015184,10.019287578540109,75,0,0,0.1397,0,0.016
-0.2365388129861372,-0.3836537538705405,9.868116809140712,1.9614703547198258,-3.2362313937034486,0.5256126608234679,-0.27106463614986026,-0.3627191452953594,9.902643743899834,76,0,0,0.1537,0,0.0253
0.24893522949160424,-0.25614748868297765,9.603040263101649,2.0839700830169843,1.2584034275016234,2.3138278612191767,0.26749924688877696,-0.25402694264105147,9.626872788458988,77,0,0,0.1537,0,0.0253
0.11909572972334534,-0.3952899600035576,10.091722152189808,0.27474773303407873,-0.7592617100292847,1.1122004198671378,0.1323398011882481,-0.3378941777913166,10.034333162803573,78,0,0,0.1537,0,0.0207
-0.23560532630977513,0.29673280008877584,9.721310664502443,-4.226462442230671,0.0066482867775812604,2.9310978696036365,-0.24196618723511729,0.35346702372396477,9.791998803473287,79,0,0,0.1537,0,0.0407
0.47358072830629844,0.7015866511927865,9.749255798994943,3.145960969569609,2.3618761341553056,-0.2800881098639371,0.43630317401757107,0.6729992163850208,9.746486477509983,80,0,0,0.1531,0,0.0147
0.12261970014864991,0.08197860771286203,9.87242869696809,-4.813514202370829,0.7512475927538188,1.8791328152363098,0.16214997526093194,0.024255149980260127,9.858282807616359,81,0,0,0.1537,0,0.0461
0.25034350827212704,0.6507174738123302,9.459727143933481,-0.2093784456832166,-4.360200810252994,-1.4529608586809233,0.3008950375632704,0.6732601962795084,9.520328275596974,82,0,0,0.1531,0,0.05
0.2268505041576186,-0.37043550367149797,9.993942090745346,-4.7831273972999755,2.3270977474019694,-4.1866148435853905,0.23528093170567638,-0.3240363218024703,10.007304934418759,83,0,0,0.1537,0,0.0301
-0.12390404015484455,-9.830348329485697e-05,9.884001842858453,-3.639880386333831,-2.3191393775097158,-2.2845994727654406,-0.12319925244522333,0.03113597849748391,9.908214147176306,84,0,0,0.1537,0,0.0201
0.15957357082177828,-0.011522943890310588,9.659959447176329,-1.4111749626262018,-0.5091029525532925,-3.665775564012456,0.18278950677737832,-0.0882367906421265,9.660593363817682,85,0,0,0.1537,0,0.0477
0.1979401081572068,0.15028300499950945,10.306029907176786,2.5641411187642955,-2.8544539503128004,-3.2454957251442442,0.20505468623470763,0.17107676547609996,10.31469725840408,86,0,0,0.1283,0,0.0412
0.25277210979350545,0.2984657939157032,10.257748568802757,3.7063080454522455,-3.1616149498601525,0.3949221744730569,0.25629935017906186,0.32204395361555666,10.286763149991259,87,0,0,0.1476,0,0.0651
-0.19320345265870556,-0.035851618853887095,9.732934667962027,0.11198084493454577,-1.4670393470657088,-4.046647766390719,-0.1246640484362656,-0.07228057145283166,9.7239077732054,88,0,0,0.1537,0,0.058
-0.03579601269869849,0.10090046630918799,9.52659857629356,0.3699802994593488,2.7007844884317933,-2.2623946031782283,-0.042204723214726826,0.03797471497162287,9.615397819423126,89,0,0,0.1537,0,0.0132
0.11586548184445429,-0.13521910707274448,9.87729544265593,-2.9695458638933703,1.070068462521603,1.8767212941052929,0.08515148214729312,-0.2296855813688038,9.897902265347104,90,0,0,0.1537,0,0.0273
0.5005055179596037,-0.2007095985773564,9.868316828568727,-6.4104644127187065,-4.410855188410904,-1.2704877804717538,0.4499931004821092,-0.17313317261114206,9.812177502736235,91,0,0,0.1537,0,0.0495
-0.09342210527915945,-0.3922138189324922,9.418295734669988,-0.9435288193999596,1.2987793450765979,2.482506734232614,-0.12088048573023577,-0.43182963037938527,9.377726526294778,92,0,0,0.1505,0,0.0084
0.6211306145724568,0.2407386235089896,10.188137982574258,-2.1039083297227474,-0.17951973607631502,-0.871110379723246,0.6961648643199901,0.25233659783813644,10.079424069231427,93,0,0,0.1417,0,0.0108
-0.3635856731189015,-0.5681886560360245,9.689136652688221,-5.412881532245331,4.581827353498113,1.3924006203722523,-0.3345726678096652,-0.5441695680738942,9.60499265460072,94,0,0,0.1537,0,0.0133
0.09546955511327453,-0.13382160837363322,9.497498679525158,6.80136556311524,0.8633116197775237,-6.4278663081054805,0.025022333710576092,-0.161021016852538,9.422114078745388,95,0,0,0.1499,0,0.0127
0.03338756760445795,-0.2746927584970745,9.593859913942943,-0.10385266732158449,0.1462819536824329,1.0372147144045956,-0.07937139085643458,-0.23935699730197074,9.588816380291133,96,0,0,0.1537,0,0.0033
-0.02045901725988869,-0.13600154091588948,9.676831299738586,-3.1952268525897374,-0.08725753304988683,-4.009542415828649,-0.03462231835440422,-0.17456643308464198,9.559656213404576,97,0,0,0.1537,0,0.0131
0.3940241840407277,0.14072052948208924,9.763473213085293,2.6066372642715656,4.797776350308559,-1.2535933140035551,0.40415696099377896,0.1858392712045021,9.724900619501172,98,0,0,0.1537,0,0.0134
0.40852102882163616,0.01855825499803336,9.646748276588168,-0.8926792107427775,-4.111554299904889,4.184906748630502,0.38272947914676414,-0.04654885695871731,9.656447038389528,99,0,0,0.1537,0,0.0215
0.2571900370576954,-0.217197194264639,10.012224260659204,1.6753446990358944,2.4358168765904353,2.152950875775926,0.2306654031207876,-0.17720223204580748,9.988934205628848,100,0,0,0.1537,0,0.0214
0.4183998715579957,-0.08245757577509343,9.536553014835858,2.16408811312881,0.875364507695246,0.4076044199124626,0.42470126656426016,0.001328550006700166,9.53161057150154,101,0,0,0.1537,0,0.0115
0.36571728393543335,-0.5233772925424471,9.758455429563007,-1.196591068407582,-4.335800241377859,2.067644271041216,0.44505362512190677,-0.5653398683944647,9.736607920988208,102,0,0,0.1536,0,0.0115
-0.20547087350185317,0.01739065776735867,9.889726434321929,-3.8088648114493076,0.507250511137262,-0.7530169448034729,-0.17712372319054348,-0.03339833145646144,10.00217146020695,103,0,0,0.1537,0,0.0029
-0.002231843318707571,0.2597524894726257,9.765000606721403,0.28886049437190614,0.23245712521314393,2.349515956263747,-0.0755322180554208,0.23932789890158349,9.829002265632695,104,0,0,0.1537,0,0.0024
-0.07299537679692845,-0.33388840744349507,9.803340259606246,-0.4505864896315908,-3.291047105113555,-3.761170742126303,-0.1702439603713899,-0.3603392091539167,9.748998014844773,105,0,0,0.1537,0,0.0018
0.012739511890688981,-0.20690633493748015,9.745102458713351,3.548513907845324,0.14181411285009116,-1.2852124959420115,0.04251101337076343,-0.22954700794700358,9.778152541546739,106,0,0,0.1537,0,0.012
-0.05527694498543629,0.5883286497076464,9.670238787805422,-2.3222391159805977,-1.4086201098372526,-5.702255875675983,-0.1649592928472307,0.5845925243621717,9.665896703445863,107,0,0,0.1532,0,0.0115
-0.055445513032923964,-0.1715895038401187,9.833050957133805,-4.556491225654419,1.1514994599639028,-0.8803631673831142,-0.06253992568724505,-0.1625705878683645,9.827502134968816,108,0,0,0.1537,0,0.0115
-0.3409992270891118,-0.09449281240094796,10.047349890247995,2.0470757080133954,6.616299597349382,-1.0023800185906382,-0.23971262838503277,-0.1544254091267304,10.02496716746919,109,0,0,0.1537,0,0.0213
-0.22013993082773284,-0.17350815209777687,10.270909677874384,0.5691417253546043,-2.7811945390732635,0.054528337434808255,-0.22643469906865343,-0.09907813380013007,10.205933338081945,110,0,0,0.1525,0,0.0217
-0.17385385241588927,-0.27580022702025103,9.700645331308305,1.1064549538044952,-0.2878204726875059,0.681544139422106,-0.16691020055120329,-0.30259712804173433,9.779679514410688,111,0,0,0.1537,0,0.022
0.18417273209164792,-0.06250140360858845,9.579675117092819,-1.6628717006851679,-0.6369214863363679,-0.425000926667518,0.09462991790194099,-0.023265783407436215,9.531830550701587,112,0,0,0.1537,0,0.032
0.07793140264198288,0.4745861514281292,9.761020859023793,-2.1672833819335366,6.776725183545581,3.406960065169009,0.20115781433721486,0.35878784731511615,9.748233248533884,113,0,0,0.1537,0,0.0114
0.3096592850297054,0.0945158809775834,10.047687690216957,0.9699178685063913,-1.0270107548950755,-1.6191241336171749,0.2605823950299602,0.09820462426090858,10.006080502197666,114,0,0,0.1537,0,0.0112
0.020497135076842952,0.06197821131383155,9.72391187894741,5.128542239531528,4.713790609185104,0.1659081720204501,0.061449927191281464,0.006030542811036155,9.72471667120896,115,0,0,0.1537,0,0.0041
-0.42570513247738345,0.6024992074990206,9.48891211384597,-0.5236042815871282,0.34698503061084646,4.013528863101419,-0.3396138535820177,0.6303353208950991,9.522148770777196,116,0,0,0.1532,0,0.0113
-0.08205377039523189,-0.3115103784615821,9.975125802331812,4.254178125869597,-0.24637652336063276,0.766750376783373,-0.044219429742462506,-0.36263911467697696,10.036314300126271,117,0,0,0.1537,0,0.0043
-0.17854827897263553,-0.06520866540499656,9.56740358979441,4.546339328188348,-0.06266556723771011,-2.7131546257648367,-0.23778245653966654,-0.07480528352717633,9.453335350818877,118,0,0,0.1534,0,0.0139
0.342969811665233,0.18314225858993283,10.061953994412468,2.106283845095602,0.09299948327976695,3.6427232799611233,0.36587360739442726,0.24542456910447702,10.034750739700197,119,0,0,0.1537,0,0.0039
0.12012633245690228,-0.0830341826524224,9.676051826592738,-1.1469736040288696,2.7052673767214777,0.04000400861755135,0.095233943738235,-0.12296829444345189,9.580366380099791,120,0,0,0.1537,0,0.021
0.5412716093432667,0.2412083614798855,10.038490993504672,-3.2107776689437073,-2.603762681253772,-3.3938424145623305,0.5801324782191392,0.1857869953081776,10.075291108858538,121,0,0,0.1536,0,0.0215
-0.013826631051123008,0.08708551837660884,9.920373903689356,-4.184112581349492,4.125829365739818,-2.7696311598706416,-0.07639453875083835,0.14075662869256095,9.989331836055925,122,0,0,0.1537,0,0.0115
-0.35457028314193495,0.13528266952132018,9.617300644253753,0.5903976708666723,3.079456037256449,-1.7672728019416584,-0.3834379988750899,0.09557714205407691,9.622688707292026,123,0,0,0.1537,0,0.0215
-0.46893088880031886,-0.013846992292721438,9.734053298045078,-3.027229564183304,3.8484136233984314,-6.149170670858287,-0.45889791800198554,-0.04390044592033752,9.792901893927857,124,0,0,0.1537,0,0.0115
0.6113889842209717,-0.24469760181999048,9.654956320900096,3.633884444057088,1.008374666823987,-0.4398330019519856,0.577952340849631,-0.2799938395848675,9.567773387945591,125,0,0,0.154,0,0.0026
0.00197650208274567,-0.14617011692619686,9.655767671786982,1.7448018091824151,1.214923906064619,4.7932341390399005,0.007310052283909185,-0.22855237673316942,9.639836632436497,126,0,0,0.1537,0,0.0072
-0.4791635020510619,-0.3977027070193682,9.719275702574137,1.524067612050243,-3.568345182727391,-3.034115891019536,-0.5237313773757842,-0.4278548499957139,9.718532695061553,127,0,0,0.1537,0,0.0021
0.16306648762634948,-0.3104999121112452,9.714269651262114,0.605476470179843,1.4716890286656716,-2.7242100871329193,0.07403782009537943,-0.31758632164118883,9.696630528498906,128,0,0,0.1537,0,0.0005
-0.2749340447681802,-0.18295378830701,9.838710049319808,-0.8741193214302436,-3.6985985318572974,1.7223822468324839,-0.3583006287739591,-0.1660120270941932,9.9115686629721,129,0,0,0.1537,0,0.0011
-0.1662524405816482,0.337001318041484,9.690698832779733,-4.124990707543514,-0.9709035087970974,2.2117275482653533,-0.1506194184055131,0.3296237725805681,9.665780372098236,130,0,0,0.1537,0,0.0005
-0.45743981177435883,0.13027272405596071,9.78183209521871,2.1314788589059086,5.111014798461281,1.912797499598765,-0.5304887454573125,0.11434328329647206,9.75789298223278,131,0,0,0.1537,0,0.0005
0.6343528052310231,-0.19144128804182678,9.771705378155765,0.09110287087810788,1.9910579450139392,-7.00322944378938,0.5705718282830872,-0.20728658655112003,9.796279073092023,132,0,0,0.1517,0,0.0015
0.0363622961787141,0.0024991461578752422,9.626629350003867,-0.2829010412708006,0.1770437925161824,-3.4468767906507827,0.12831280965978797,-0.013860903414134956,9.561200838704014,133,0,0,0.1537,0,0.0018
0.31787153029809606,-0.15862534960006539,9.811031102357889,7.421549863194283,3.5976629267742775,1.5723484022563776,0.3136390703657187,-0.16024788455272837,9.900783631851205,134,0,0,0.1493,0,0.0017
0.25487141134935054,-0.12193848731886872,9.921212226456078,-2.788905740516462,0.5768778788982123,0.9218338582689998,0.19155025899151212,-0.11999445859664215,9.882080039415573,135,0,0,0.1537,0,0.0017
-0.005069697087322357,-0.11738408731013161,10.316298244701905,-2.5845405886724073,0.7952685235208521,2.6303034181585527,0.021151666734136654,-0.1350105876659986,10.322679749425152,136,0,0,0.1623,0,0.0017
-0.4504742177917822,-0.21704111990953412,9.752926433343559,2.6957343214728144,5.000019428717049,2.6376336766256347,-0.5826327153694584,-0.2926094019592935,9.811151851755582,137,0,0,0.1537,0,0.0215
-0.3205428065260676,-0.35553117979974025,9.50564103163563,-2.5368111502837998,0.21559832482712965,0.9123342475925533,-0.2952620368266472,-0.42641760574334264,9.471922837087932,138,0,0,0.1537,0,0.0117
-0.012330541157783294,-0.20514114391198637,10.124348616193586,2.88966059235765,-3.454008804229203,-0.7418509614660935,0.015709860400192004,-0.23420772963814318,10.113765126349902,139,0,0,0.1537,0,0.0017
0.5112913144505735,-0.1087069502712998,9.745195274726461,-5.154673696039007,0.03947859652968127,3.7480187443951065,0.5144442126718995,-0.1157033097593266,9.777550912844733,140,0,0,0.1537,0,0.0044
0.8001683602999025,-0.49568657071939437,10.02878821537888,-1.082149275527819,1.7894441470828943,3.6059307811731616,0.8838794030101076,-0.48905056367545796,9.964576597085381,141,0,0,0.1365,0,0.0014
-0.19322812957536492,0.3210614126706456,9.732866667241872,1.3035653280466177,1.4192265826057577,-7.182859998473542,-0.20744324702407388,0.25975164735426093,9.736595764339615,142,0,0,0.152,0,0.0002
0.133933118883433,-0.12577265779999985,9.936731626315993,-0.4309933826732526,-2.6269952713807307,0.1152171005394716,0.1281005688271387,-0.0400763624238859,9.968821520782583,143,0,0,0.1537,0,0.0013
0.12989499745236952,0.01741672231451551,9.687659850542655,1.2655366357124842,-3.7367029050551426,-0.33522303334176634,0.15595440073963965,-0.09395307898276657,9.647561795932052,144,0,0,0.1537,0,0.0214
-0.3009961202547586,0.19155700179678822,9.506003761141391,1.3553357096425818,-4.187751507928791,-1.7706162297494399,-0.40293239005884146,0.14218753430583206,9.511099548399272,145,0,0,0.1537,0,0.0314
0.43265523588072946,-0.01581320368821644,9.943105824137175,-4.540889474960534,-4.888800904226384,1.4807326733524517,0.46955145149028016,-0.017652261427689032,9.88392883163093,146,0,0,0.1537,0,0.0314
0.15753795363774112,0.30395495979372134,10.12736223770323,-1.613737056642123,2.8579689008689004,2.6934661113506224,0.1739099090108521,0.30807881249900004,10.158463800359726,147,0,0,0.1537,0,0.0122
-0.27511685379207884,-0.236660527278302,9.697515306110873,-6.065631748402087,1.3504302651925542,2.0610303967608035,-0.28879972492216455,-0.19181665140225873,9.657420678784954,148,0,0,0.1537,0,0.0219
0.27560029914128314,-0.02214371585204186,9.662794432212122,-2.775628711000392,-2.045009028846671,-0.7072125998152546,0.2748057797464154,0.08217728898838236,9.680926049692498,149,0,0,0.1537,0,0.0229
-0.1247293764072632,-0.004280293593936495,9.676362269255959,0.4024551892751893,-1.6514905002778424,2.301267889744095,-0.08551348760393782,-0.1444198707468465,9.732789777672776,150,0,0,0.1537,0,0.0213
0.06718042220426373,-0.1279905243512384,9.424045357071716,3.360511926053773,1.5286557216384944,-4.708339609201129,0.12041384060730037,-0.14153404061393698,9.431060548112686,151,0,0,0.153,0,0.0213
0.41422803055612284,0.11863366623598114,9.815061943191669,0.19299377228958162,1.057621523587372,-3.5271250437716604,0.3686526649955955,0.049896460520674146,9.905451815565499,152,0,0,0.1537,0,0.0013
-0.33971227779147667,0.301127549707782,9.796579074845297,2.349960883058214,0.7651386763282314,7.344898789426177,-0.32751192206906155,0.27159363241031287,9.715397778652731,153,0,0,0.1522,0,0.0014
-0.13952956054574156,0.43058128891456565,10.006814424197264,-5.429793807826857,0.47259015013867756,0.20194915313212558,-0.025006055308152475,0.4683172574984662,10.021522607762662,154,0,0,0.1537,0,0.0012
-0.42926840549857936,-0.12105894001211771,9.494234188705805,0.4633023385343794,-2.577399045260413,0.7901803173393245,-0.3911890183638877,-0.23755026958722608,9.495827714185339,155,0,0,0.1537,0,0.0013
0.012872753064101398,-0.5578379416699574,9.8858045715274,0.10974565342334186,1.38161610964705,-0.4215215182260524,0.031999928076568776,-0.5292451934160248,9.840839894285113,156,0,0,0.1537,0,0.0015
0.37294965300160526,0.019830472849860163,9.630433916290118,-2.635111853903647,4.2702380613658235,-1.0907207471395057,0.32488680603256265,0.07517386765286618,9.653182508538226,157,0,0,0.1537,0,0.0003
0.3555804180930643,-0.011927674887079643,9.563246266994312,-1.3718937804245637,-4.000793064236047,3.6579264981204016,0.3293258356628853,-0.0429085823596258,9.585412707790697,158,0,0,0.1537,0,0.0003
-0.43950858001552173,0.47655767963699247,9.694796363687551,6.509865321196617,-0.04138371570648919,3.545146173199975,-0.46409672985809564,0.4695583403381157,9.720785452322568,159,0,0,0.1529,0,0.0005
-0.06204337481945528,-0.031145442628026446,9.857559307674089,-3.9899668455919426,5.888617671750509,-0.31017683219712294,-0.11171665181544721,0.017704628606040697,9.756854421765395,160,0,0,0.1537,0,0.0001
-0.16019998676531874,-0.2115554230186515,9.672013223096483,-4.48686739840066,7.808462077837499,-1.3885323465967028,-0.10283313104822445,-0.26960868628338935,9.652906333714677,161,0,0,0.147,0,0.0
0.10383690606187929,-0.15980453619218712,9.778908498301218,-1.9703331534089643,-2.4589284554425914,-3.4843499049945104,0.16764398646313972,-0.16387482413149723,9.822235219121113,162,0,0,0.1537,0,0.0
-0.09559390094008344,0.3834626517500043,9.029278490650965,-0.28125505468881035,1.9395036235314025,-1.4836411145973027,-0.036899750919407816,0.3597050206073214,8.971190705160298,163,0,1,0.0803,0,0.001
0.10626270939697946,0.038200146220498145,9.353908351445689,0.40350180455751994,1.1297146519404142,-2.200359746677942,0.09928061943714,0.04438158157268406,9.309776445590739,164,0,0,0.1473,0,0.001
0.4017631471869271,-0.270246927335198,9.52233617373912,3.1721729681450412,1.9359816918469326,-0.12564476075982947,0.2833273093693604,-0.2125024206277639,9.571150805197915,165,0,0,0.1537,0,0.0012
0.0901106400412892,-0.1413091101685414,9.57126806741527,-3.215740707194427,0.21514261403049303,-0.9779278948971127,0.09642483577438075,-0.20224074825918315,9.555502709229607,166,0,0,0.1537,0,0.0012
-0.6529833651955695,0.3279906708521514,9.994313630001455,-1.444280731674682,-1.517488552318253,-3.401246108456042,-0.5803403635063686,0.4258472023073439,9.93207977172484,167,0,0,0.1538,0,0.0011
-0.25891092502733937,-0.19825623886588165,9.587795792092198,1.392248067546516,1.4589425595214558,-3.7740634630099046,-0.2891700679727218,-0.17597464113290257,9.585874754391783,168,0,0,0.1537,0,0.0012
-0.32116644061705973,-0.2799537682421245,9.875031137508826,-5.822449655439991,-3.354610755840251,1.1981204138840935,-0.27843283651775164,-0.25514117692504457,9.933877721879577,169,0,0,0.1537,0,0.0011
-0.026330358842140234,0.3071894192953272,9.738177230557076,0.8728245850602538,1.522838680843132,-5.69628282367359,0.017353486760841346,0.251903929269679,9.672896017965794,170,0,0,0.1537,0,0.0012
-0.012513799800603917,-0.019145018894728826,9.89550074644247,-1.7920546733744396,0.727159646328665,2.3876412178131843,0.03386365725582481,0.038962953211496815,9.956851369215707,171,0,0,0.1537,0,0.0011
-0.30403552229932496,0.2080220560729346,9.926924288996776,3.2755866435358536,0.4647111969202581,4.415761727489366,-0.2867402914209286,0.15211879377305754,9.980778939649852,172,0,0,0.1537,0,0.001
0.1519647378649228,-0.06592886075849066,10.16241732064101,1.8631843573711402,-2.7694450763744687,-1.0698767045901754,0.12721544587954647,-0.047428332323060776,10.118994919426727,173,0,0,0.1537,0,0.0011
0.05619765340379967,-0.07919617157872459,10.059322546388366,-2.4653362500857763,-2.5844096010934896,-3.2189274011898643,0.029676599335217116,-0.11087041974087226,10.17897053504653,174,0,0,0.1537,0,0.0012
-0.13005495680178586,0.27178681813862926,9.650847099508466,-1.2558004508505505,-2.811344585279816,1.991978489582166,-0.06878260902247124,0.2997444984898575,9.602623820237975,175,0,0,0.1537,0,0.0012
-0.0020405887550420565,-0.034677885465549736,9.567982576881239,3.52642264087438,1.635713109426817,4.766782889589805,0.03350279083604838,0.035319322374044844,9.572916727070496,176,0,0,0.1537,0,0.0012
-0.244207290243689,-0.5527936086767086,9.493617193348692,6.132839094023948,-0.10220659098730028,1.2697966890560257,-0.21735195949106212,-0.41616764356185054,9.522006451328002,177,0,0,0.1537,0,0.0002
-0.4475660220600498,-0.7965971327574342,9.818942983843176,-0.8872264624524733,-1.2657416669565904,-1.0028872575991905,-0.44572026769788814,-0.7855445670135119,9.817292290668915,178,0,0,0.1499,0,0.0025
-0.034259910374493045,0.2126518572875837,10.195987970471618,0.8194617254886044,-3.6498987526053117,1.9939712039461766,-0.08947942907346654,0.23327001656807644,10.192896028221677,179,0,0,0.1533,0,0.0025
-0.24127483239936515,0.18509694666160167,9.843201386474773,0.15384888089803248,5.713833417628942,1.172620494004166,-0.2571854614886416,0.17050231065619492,9.866441702969007,180,0,0,0.1537,0,0.0025
-0.23499137755655003,0.3880480871466646,9.821327265889414,0.11633142536778704,8.972923108749434,-1.1337533010367555,-0.18904290426295933,0.40389123097251556,9.791300324755536,181,0,0,0.1365,0,0.0025
0.3628954628282801,-0.5240797534322327,9.747589859079051,-7.724097723598268,1.935443557721038,-2.145850961770052,0.35091584594785197,-0.4859339091048999,9.674336689114838,182,0,0,0.1511,0,0.0
0.15308824357404646,0.6014988631708535,9.539034577569245,1.1676862353612507,0.6128892541749666,-5.810302642277485,0.21696516366701063,0.6099038695444354,9.529636744019893,183,0,0,0.1532,0,0.0005
0.20781490327076216,0.5926058612794606,9.429007473850254,-2.6152228685246244,-1.1174486794997132,-3.8104470433306004,0.3345561057237466,0.6824118347492788,9.489633611018814,184,0,0,0.1531,0,0.0016
-0.07767542865754791,-0.21051413355946524,9.776284242870352,-1.143677651376825,-0.9056101933192562,2.066452755053537,-0.04005376646072652,-0.3114939175378624,9.821945679957507,185,0,0,0.1537,0,0.0016
0.021061663661403125,0.11335518897201119,9.969346167949972,0.09041187885890355,-1.2496932263805474,-4.753671201098496,-0.1263011285721079,0.17340232653279683,9.952193228358267,186,0,0,0.1537,0,0.0016
0.05459524775800403,0.08875586998044344,9.676187676460506,1.7399403379924478,-2.9096781492921604,0.8559898472818286,0.0881613357128419,0.10372915719075174,9.633686345490851,187,0,0,0.1537,0,0.0026
0.2985614173135917,0.18327307510671662,9.573688501056147,-0.7445046933901454,0.7896434105250798,4.083445093937346,0.3031228008692349,0.20835883677445055,9.497690989845296,188,0,0,0.1537,0,0.0126
-0.12529913892049133,-0.45129616126956784,9.839721912825427,-5.937065071482676,6.394414561620321,-4.323456496960012,-0.08762700496062148,-0.47255224387415445,9.9124325334286,189,0,0,0.1537,0,0.0022
0.18942988793428367,-0.06274254691930356,9.800557213424367,-2.049308286897848,4.228774018589348,0.24538058931314052,0.128611065283737,-0.018894166732232855,9.869040213056936,190,0,0,0.1537,0,0.0122
0.5506163097196841,-0.2922470805986175,9.439965492059263,3.3566797035820843,-4.332021315854662,3.9417708002695555,0.5817379858918369,-0.35798269368043284,9.440524559892733,191,0,0,0.1533,0,0.005
0.264578860103338,0.13456971557763148,9.850417525555219,3.1384795567267654,1.8274672899674278,-1.469562055986102,0.2816696559730688,0.16992213847578552,9.80724339458194,192,0,0,0.1537,0,0.0154
-0.1998342590832957,-0.33144646853656173,9.572833504920162,2.5765135505189214,-0.03241406592886422,5.074636575723621,-0.1904042134228867,-0.4159092452390551,9.57119405361957,193,0,0,0.1537,0,0.015
0.4858890571751876,0.32640364274441114,10.383407383954566,4.484674133502002,1.4389959324624662,-3.0956423156677113,0.4034207583577534,0.31154656997893837,10.381946860426122,194,0,0,0.1153,0,0.0139
-0.41565906374300204,0.06057067905398528,10.062337110876502,4.734282270196723,-1.3005800168233632,-3.540200529325705,-0.43835587259027586,-0.07064013854232282,10.118741839154263,195,0,0,0.1537,0,0.0342
0.24226586776604117,0.1686215363301537,9.82198458129868,-1.0819973438914516,1.5470278617854398,-7.371104252405585,0.3038730697739714,0.15394841256625008,9.841492317455387,196,0,0,0.1514,0,0.0352
0.48628101940491225,-0.17584627907557196,10.029461904131233,-1.8635267470267025,0.2676330204153942,0.8180180583910488,0.4283371552945787,-0.1583896010968403,9.920389373777038,197,0,0,0.1537,0,0.024
0.11403172633734712,-0.01264658974123456,9.44226742032274,-9.071716989583859,-3.8137176481417323,-5.200279425523164,0.10432209421767279,-0.00391805901880855,9.451310886991033,198,0,0,0.1443,0,0.0535
-0.06154362569113556,-0.23030138968429983,10.03302143201643,-2.292598016271199,5.3152425315916485,2.399601568583896,-0.03671348798710509,-0.18710727561609014,10.095804168481433,199,0,0,0.1537,0,0.0683
0.1273524547504545,0.5893057719068139,10.051462144425763,-1.7968515642146095,-1.9709814963733432,-3.662009274014439,0.15214613758364814,0.6595803608913713,9.994079871784962,200,0,0,0.1531,0,0.0594
0.32981008397006933,-0.03420840636016461,9.587650656227355,-3.45755883775634,3.8422584696970636,-4.2473192572954686,0.26912621819949767,0.04557965083426772,9.695968238792222,201,0,0,0.1537,0,0.0594
-0.30909286954947895,0.22803979919689532,9.788390553266286,2.7254053395651927,1.3976047583808888,6.014096996743596,-0.2653341596170821,0.23261056787944842,9.74145675829729,202,0,0,0.1537,0,0.0594
0.08670204748874825,0.37708648942539313,9.754703948383119,1.861453429137242,-1.0243829602163448,-1.334980786384379,0.0957697805060309,0.3766125929271028,9.706389308127633,203,0,0,0.1537,0,0.0599
0.1576750918524098,-0.3777420553527226,10.171814251683363,-1.2419208321926853,-4.132105974042409,-2.2668568047808435,0.14052011835577988,-0.38031849177679333,10.257429659966085,204,0,0,0.1527,0,0.0499
-0.05850031124190859,-0.03598316862343165,10.099072206649135,-1.3618661002586263,2.9526996185062826,-2.11592525107862,-0.07258525955535308,-0.0951178563510354,10.05453275642734,205,0,0,0.1537,0,0.0546
-0.5924514209213714,0.2030130649697268,9.705306860154263,2.5271192745606825,-0.1508950912453737,5.730506326838617,-0.5970222503862538,0.16938095373069567,9.6910011721904,206,0,0,0.1537,0,0.0523
-0.6206436922304035,0.15379431617938868,10.012676778197907,1.4098808556066957,0.08587465823706208,6.2045664343801965,-0.6017924433626276,0.16052827067587389,9.959349472987611,207,0,0,0.1538,0,0.0418
0.23526223645704394,-0.14109779597502822,9.65701997516955,5.153788567041683,-1.217966044801583,-5.532994638839304,0.25782800596282585,-0.1757650878271067,9.601061292078263,208,0,0,0.1537,0,0.0418
0.2527718608918678,-0.04863694602677093,9.623121720991584,-1.3593905727802915,-4.432764062745897,-1.1377676045179792,0.2561601068606899,-0.009986922727791059,9.62269446486161,209,0,0,0.1537,0,0.0478
-0.5042123582132221,0.5868582546700555,9.63565798448572,-2.0557110571196184,0.04690280169484643,3.951831308795632,-0.4405565347741058,0.7088111168996334,9.654298490046564,210,0,0,0.141,0,0.0429
0.47524681997914764,0.530974931034838,9.738987543277306,-5.494017900372755,-3.5195647604512303,6.863147581633536,0.4359588705270985,0.5770068534617223,9.732408707962659,211,0,0,0.153,0,0.0334
-0.03414997118811807,0.08696939683116336,9.694838406214684,1.8250941786802213,-1.0835204232094584,4.678224193143327,-0.05245874337676483,0.0819867879844553,9.560887076371573,212,0,0,0.1537,0,0.028
0.3413188428981615,-0.2416692208909772,9.745407781151473,2.058877980948074,-0.41871891469005607,4.184796938702213,0.27474524834656894,-0.2135730328238898,9.750084463000162,213,0,0,0.1537,0,0.0323
0.44824824934479046,0.12832231344939013,9.532134252676554,-4.147887452744497,4.782983737263656,-1.248479752188306,0.46832373937061167,0.08024298296939811,9.665249063244492,214,0,0,0.1537,0,0.0102
0.08778318398695338,0.012885399565781214,10.035469926636894,-1.004021870806576,-1.0446785607024416,1.375868144762993,0.20727737322491946,-0.028553235535432965,10.049852674952028,215,0,0,0.1537,0,0.0202
0.3825921915109325,-0.5867183999995411,9.85412454700447,-3.6454868518179735,-4.1685466996244465,0.4714638668658075,0.34796725720590194,-0.6015014289582907,9.838405096654482,216,0,0,0.1537,0,0.0052
0.21327781749973437,0.09956888242738109,9.802970926322663,-3.0817617212594293,-1.176428863356002,-0.23209192342892124,0.232154603268669,0.034998163354575756,9.824704514536931,217,0,0,0.1537,0,0.0039
-0.3517580789363886,-0.01426997967238749,9.934981094556278,-0.26926590864830235,0.43164574778513753,1.3513257992371654,-0.34307341988891465,0.0338715085308853,9.985109671785763,218,0,0,0.1537,0,0.0139
0.029823569684732886,-0.43994493220441183,10.032417214211897,-0.3125261261719502,3.630178418907527,-0.37534158906297665,0.028222724626638267,-0.5211939484218588,10.073768092459849,219,0,0,0.1537,0,0.0075
-0.07630909865592024,0.20870116009093334,10.036519568096228,0.5918204962246509,3.257815668172845,3.6825125055245294,-0.023562350064000828,0.14538651523534468,10.04337937082923,220,0,0,0.1537,0,0.0175
0.32104169297199675,-0.22287610956273962,9.721183592239045,2.406009278848313,-3.9884509472848784,-0.7148969744827156,0.36753601819119375,-0.21887093397808519,9.763185323405919,221,0,0,0.1537,0,0.0175
-0.49818345699696087,0.03628286954506437,9.784341324055069,2.570966566611681,3.7970922772882014,-3.751919526746543,-0.49335984416082873,0.08186605885003595,9.76940150665339,222,0,0,0.1537,0,0.005
-0.1504320192204128,0.30346262986830813,9.812876986889677,-3.635581164769474,0.7461430446803582,0.9538216581454589,-0.23465940066663976,0.201894098799204,9.80216286120021,223,0,0,0.1537,0,0.0014
-0.2608890370728028,-0.11959981699236981,9.75877076305428,-1.013885664462864,0.5580141844683975,-3.0791384269494735,-0.25966814209162253,-0.10669058338092424,9.770641783540293,224,0,0,0.1537,0,0.005
0.04544819675682212,0.05285467953226494,9.578435826262407,-0.3755917827784444,1.070736349656768,1.6480885767001991,0.017665124630748416,0.07577953669380122,9.604028358681354,225,0,0,0.1537,0,0.0103
-0.06580089889679006,0.31787236581997835,9.643923565876856,3.007028839589708,-5.864550339474804,-7.183823305104866,-0.008809322306072079,0.349186698254549,9.661093513336066,226,0,0,0.1521,0,0.0044
-0.06787292613543261,0.06217385383230639,9.913956463848125,-0.7326323998491697,-0.03829889846099976,0.8026439149050609,-0.04602102193668417,0.06941936792668088,9.964985999481092,227,0,0,0.1537,0,0.0046
-0.014835106829361322,0.009049740828148583,9.848601504963254,-6.293353662776729,-4.329016138040366,-0.21484319156731108,-0.048661536378800795,0.02630515806992599,9.956476394910217,228,0,0,0.1537,0,0.0159
0.552126747324394,-0.37714463435003925,10.068907866492752,-5.148587985512617,-2.0954475153409824,-0.04920259769047857,0.5572135521406067,-0.3527646101455906,10.051547111854031,229,0,0,0.1536,0,0.0047
0.1176815402227637,0.280029872557053,10.081668430410152,-1.0190699172113717,-3.3135521242936288,1.230330623737799,0.10351057609534485,0.34049014709199965,10.065851979081566,230,0,0,0.1537,0,0.0048
-0.2686661740634757,-0.05486200085988727,9.753723065336047,1.1589827355983018,2.3379995611889366,2.3208710526115603,-0.3457657357585306,0.007479049000928849,9.731721792792918,231,0,0,0.1537,0,0.0098
0.19098890618841527,-0.36849328665332515,9.820839351932932,3.2940988158702176,-3.163788715286882,1.8169112238278988,0.1845197849132178,-0.33269199523269805,9.876190401134235,232,0,0,0.1537,0,0.0048
-0.10031439475630348,-0.08911224573518904,10.134837681406218,-1.092382124821581,-0.3431700579280116,-2.4780240058583605,-0.11586033790673592,-0.14997084070855335,10.162459376143033,233,0,0,0.1537,0,0.0022
-0.04546928264160085,-0.03494846361027304,9.929035524773626,-0.28707751032829143,4.731894984147022,3.1192690686024696,-0.0827944059077215,-0.02479740695629762,9.99410414982054,234,0,0,0.1537,0,0.0259
0.3459814600070107,0.3879305083924302,10.011105104867648,0.08984490861394698,2.9307443056350353,3.4510332963993826,0.31334034728364635,0.3919639143263293,10.045833937166492,235,0,0,0.1537,0,0.0059
-0.12008677930759047,0.21526411609384946,9.61088585197529,-0.768612017784917,1.743073723092738,3.4667694863038463,-0.127591210482811,0.11087470091449021,9.686404897082678,236,0,0,0.1537,0,0.0059
0.24737607595428043,0.4791603064302826,9.66293715119293,1.8394020383249075,4.538147184259003,-2.83239750690376,0.337365322066172,0.5235307774743788,9.57802670747506,237,0,0,0.1537,0,0.0059
0.10280723169799147,-0.19206444898674283,10.016151279384877,2.546224487319605,-3.028298015470108,1.3194073435250866,0.11693877447541608,-0.20055160337774125,9.97140651183362,238,0,0,0.1537,0,0.0059
0.30170088653959143,-0.1305850642596655,9.808035703729576,0.851227132044621,1.5895056602551214,2.1227675012315403,0.2981236002753228,-0.1247635349112429,9.85734757182457,239,0,0,0.1537,0,0.0053
-0.13201170005455815,-0.18374142713835015,10.32831362362188,-7.485730275237732,3.528809460541147,-4.508530536831034,-0.24271991787699862,-0.21011190830022014,10.404196401573357,240,0,0,0.0783,0,0.0039
-0.006197566855580428,0.18633361940497054,9.548355951738634,-3.7047090271025214,-0.0067502320668842986,-2.3082207078772337,-0.004568296577455419,0.14470688733525355,9.547505851623614,241,0,0,0.1537,0,0.0039
-0.03727757424350816,0.5857049549148273,9.98719919722228,0.8725127423345462,-0.793109446686368,1.0926649257939132,-0.04005255231738684,0.5023554405640742,10.062656590423318,242,0,0,0.1536,0,0.0039
-0.1565186491769078,-0.05098323137109334,9.92305334238313,-2.7327161197716814,1.9463310275971835,4.790555977720858,-0.15329491142711354,-0.06426870806984031,9.905245976088707,243,0,0,0.1537,0,0.0039
-0.43939411565396486,0.14965073557349604,9.86234304409939,-4.118216323756512,0.6281804323762139,-0.21923701954680078,-0.4496422761300548,0.13934960902233412,9.88002439889004,244,0,0,0.1537,0,0.0139
0.4070429746824244,-0.1660986523764436,9.987535199683897,0.43330305823894544,-1.0369591107935507,3.793059161090995,0.47057813429526774,-0.2290141896384883,9.903609712266034,245,0,0,0.1537,0,0.0139
0.011144593600730224,0.36797917623479237,9.75337557309596,-3.10571814765353,0.7089608091544694,2.3169099386321554,0.13747935020180402,0.4009690858518794,9.671781664506168,246,0,0,0.1537,0,0.0104
-0.039003167771493964,-0.02045157219052784,9.534180665692357,0.9853137399869349,-4.637347843766866,2.297810657717033,-0.03259009168718942,0.08879696083719002,9.549980811103802,247,0,0,0.1537,0,0.0004
-0.3506052150220442,-0.11356737567191665,9.868602701771644,-0.9801235530641847,0.6163292774841459,-0.2234937583316502,-0.3663954118072049,-0.14075018416107352,9.873950851467919,248,0,0,0.1537,0,0.0151
0.40653830669304475,0.13127142878410564,10.253644610488978,-2.1325679972508604,3.466157123635228,0.693550425527112,0.3676596176305495,0.1355261420129339,10.250562766169832,249,0,0,0.1527,0,0.0151
-0.044228069934918034,-0.31198669310498656,9.975368353425376,3.1330106005905938,-1.2481443824369447,-0.11839317985375494,-0.005582076052273434,-0.24145867652889758,10.018673644267393,250,0,0,0.1537,0,0.0118
0.15254675488188985,-0.1804662612955716,9.975026538632354,-6.18459923133631,-0.31014527736992464,-0.5364184797571532,0.1608367953942835,-0.16926422267590455,9.991586840208582,251,0,0,0.1537,0,0.011
0.0948896210445057,-0.31927206805700153,9.851755906469142,4.151812647574717,-2.8364238960849484,1.8058919871960066,0.11097475478702704,-0.29585661486598847,9.882868317473232,252,0,0,0.1537,0,0.011
-0.40042905064239315,0.13457738785306367,9.438435469193085,-1.245208292642757,0.8058039144004766,-2.097591686775182,-0.5004574986900696,0.02959145495024884,9.448981290106774,253,0,0,0.1534,0,0.0014
0.08167418095441757,0.16595282150783658,9.867292735135605,1.3409906838329833,1.6189626869850788,-4.403178662929942,0.0870882347194939,0.14834878067696528,9.868342517562466,254,0,0,0.1537,0,0.0043
-0.01929594053298954,0.2591358047471036,9.69597491523832,-2.01497051705107,1.6234362476803126,-0.7156727860049399,0.04618480290263527,0.20784094389336139,9.620765844347355,255,0,0,0.1537,0,0.0043
-0.028854049653298106,0.2928428748912419,9.911912496922334,2.550050106877273,2.3984777683209506,-2.815550389982758,0.028987738775107633,0.32474578447101793,9.889854315367518,256,0,0,0.1537,0,0.0047
-0.0746980799859744,0.20163914704523098,9.793200837182873,-0.6264280848633147,-1.0205006855767158,0.20444332262592557,-0.07737212155878596,0.1499863947275709,9.746792659628154,257,0,0,0.1537,0,0.0147
-0.09404622784298772,0.35933259167244774,9.749276365197524,-2.1641118435321447,6.473428435532549,0.024858180645349483,-0.04640163743866214,0.30440065592506566,9.799997974174254,258,0,0,0.1537,0,0.0021
-0.36062094183805665,-0.4419556201773509,9.717350999327946,-3.9274682792170204,-1.9463254474526002,-0.9601443788941082,-0.3556936867437107,-0.509923569763922,9.790097674270154,259,0,0,0.1537,0,0.022
0.10781247539492882,0.005571639238354971,9.681275876810881,5.949753097325681,3.5097420286589003,4.497732597824854,0.043932551336805736,0.06418687154304607,9.638344158693409,260,0,0,0.1537,0,0.0019
0.2227524582851458,-0.0062138891958996734,9.640728684868467,0.19171830130145634,2.1967954124157103,6.157178668255211,0.24576343784436094,-0.04706317607758613,9.631355321206783,261,0,0,0.1537,0,0.0035
-0.1277910774772144,0.19066019710893264,9.750019524773116,-8.20283788652278,2.6132444828741987,3.9384010839099197,0.034734535093568414,0.26692470215428443,9.762582113085914,262,0,0,0.1477,0,0.0335
-0.30927656239756013,0.32116523828372584,9.937503117113446,-4.710438252761561,0.4427239828864902,-2.429159432005017,-0.29676599776945006,0.30408279610371275,9.936223067952547,263,0,0,0.1537,0,0.0324
-0.17983947294905928,0.3348248737386712,9.72190823327883,0.722056028238169,5.125017066371152,-0.21416165908894969,-0.09042426298070441,0.38469009804555077,9.761576630637768,264,0,0,0.1537,0,0.0224
0.06759150363211394,-0.04470800513512428,9.811040006959791,-0.29500270038928855,0.8706556457596137,1.3092748401247007,0.16009486982505913,-0.05123647615187318,9.813334082026813,265,0,0,0.1537,0,0.0224
0.1814634254300718,0.23376676003270896,9.610285476165613,5.5557524312199,1.6850918894578282,0.21468028717936705,0.2046070672074053,0.23965006758485133,9.61986794526541,266,0,0,0.1537,0,0.032
0.04118841495027154,-0.38041165104801755,9.356635210286555,-5.042615916582289,2.479318658361416,-0.6868532713184985,-0.06248808729296052,-0.255895086793006,9.337690966714687,267,0,0,0.1467,0,0.0417
0.019535733699755874,0.10021746553975115,10.101024048322902,6.1118008566281805,-0.03614470943948575,-2.682515336727952,0.07528434127051885,0.08999874557252513,10.071234925505625,268,0,0,0.1537,0,0.0446
-0.4120179384027238,0.5175202949494301,10.244369823569432,-0.11261481634363674,-0.4772183458928063,1.9436041497596745,-0.37590996008957117,0.5113262857635793,10.284629560712354,269,0,0,0.148,0,0.0523
0.3790198537663994,-0.10554201232628115,9.895495098227551,0.7047172036166758,0.3680845988267736,-2.454202941010547,0.2852316114119161,-0.08105622498624243,9.860869380683784,270,0,0,0.1537,0,0.0426
-0.156468448776556,0.19172375762288832,9.865465224660662,5.91547315991587,1.6268203071067842,2.1054751655983797,-0.19791293840575436,0.14911635704882606,9.91589118471071,271,0,0,0.1537,0,0.0454
0.08804156718432508,0.0532255645534114,9.794935158620543,2.0137490874512647,1.9573711864696546,5.527773391749413,0.11892862314717322,0.050578195789851926,9.876163674205795,272,0,0,0.1537,0,0.0483
0.3256560336723425,0.21625884432910192,10.088936266204502,7.497329489914421,-5.09760330654789,-2.3370738954481145,0.3132419346335401,0.21369109543926193,10.053461188212026,273,0,0,0.1484,0,0.0504
-0.326573083984446,0.19624889712327395,9.960502007368103,-3.4747560090135434,-4.67367258025704,-1.5870517702107123,-0.34157207856600635,0.20196797870439173,9.988814923493626,274,0,0,0.1537,0,0.0417
0.28658008691414827,0.06823540559885886,9.981657486221922,2.14319454473171,-2.404429551405901,3.025957573873286,0.1937628308516391,0.04201919167264415,10.00424446751686,275,0,0,0.1537,0,0.0311
-0.317392043526231,-0.0529791115664824,9.74219349004408,0.28985017454237183,-1.8640315648475725,-2.600087633323628,-0.31727677166627116,-0.10795734044774587,9.664011256842176,276,0,0,0.1537,0,0.0312
-0.8854619953518461,0.21527287545117071,9.83049247128787,0.022475327233697044,1.6140906378647348,3.649027492990638,-0.82802490044943,0.2597833245733632,9.873144048262974,277,0,0,0.1602,0,0.0211
0.019818070235278554,0.46060054744347717,9.523402470140155,-0.20620829954493042,-0.7109613407656806,-4.533245219895187,0.020379245004262022,0.4567430946557547,9.410414018733498,278,0,0,0.1527,0,0.0318
0.02195789848415029,-0.07425862617767179,9.819426073024303,-4.025491247086537,2.2611093281209547,-2.137737567826779,0.01840747145432741,-0.07844267558872071,9.806889419668677,279,0,0,0.1537,0,0.0217
-0.26554773447282404,0.5708993512022497,10.140944209667445,-0.909092586055009,-3.0466226890245527,2.5071476723203974,-0.28318199372868075,0.570914420508047,10.08533140038283,280,0,0,0.1536,0,0.0317
0.20373952835209266,0.42940113404968194,9.861451733023786,-3.3808231907403243,-0.7339556637465794,0.5136937903687693,0.26239378956570786,0.48575758081202897,9.825563945314777,281,0,0,0.1537,0,0.0218
0.25338469228900795,0.3202124331018261,9.953215609882111,1.3029652984438518,2.4021211108136447,-3.6630180005891946,0.2488222854829836,0.4154729977135549,9.89406932869187,282,0,0,0.1537,0,0.0212
-0.029947932048251212,-0.6641381636629854,9.58847728400864,0.35491319464326776,0.36424396858897157,-2.0116153630082674,-0.02083864783584624,-0.6868694242263098,9.538091325728054,283,0,0,0.1535,0,0.0012
0.007467822850392943,0.02861026451332391,9.886629160825533,6.519865947421766,-0.8936549879827007,-5.714070534896669,-0.06947000238021142,0.018228432067759315,9.92081202914487,284,0,0,0.1529,0,0.0011
0.19882296273859568,0.4955751651797242,9.642053099846972,-8.274258806852567,-0.8925871498128417,-0.5328912491316875,0.1853005159498466,0.5250430945800671,9.61957729935,285,0,0,0.1469,0,0.0011
-0.2423746124312181,0.14982420390533396,9.932642449910725,5.347454752884732,-3.817768776279059,0.3432765302655734,-0.24797804877189117,0.2546659963750343,9.9124472132566,286,0,0,0.1537,0,0.0009
0.14949988253504023,-0.19115732751786754,9.83215946895766,2.3686868741467686,-1.976211633268119,-1.9300172841152552,0.07950111809517972,-0.25084244076755885,9.88710519469113,287,0,0,0.1537,0,0.0011
0.22595646963701907,-0.12128826535710736,9.905308607315678,2.826771692468597,4.31480857262807,1.1269018662544423,0.21851066991584084,-0.16274124938337997,9.853439732003043,288,0,0,0.1537,0,0.0009
0.032886471429655964,-0.22777220625505407,9.854407134562084,-3.64223763289899,-2.627451384282393,7.356338915453168,0.017742923863006986,-0.1374392734489148,9.791407697339272,289,0,0,0.1522,0,0.011
0.03266126142573936,-0.04534749195640278,9.748469517635304,0.7556646464891742,-1.2319893226274345,1.5152501005542895,0.03757373292914881,0.017911744579538494,9.820240752275735,290,0,0,0.1537,0,0.0211
-0.20830514368518332,-0.15582327737078697,9.449200366521213,-2.0244521718363924,4.981677674894034,-3.6074153328332774,-0.1727139962880007,-0.19255562137734,9.396751423529832,291,0,0,0.1526,0,0.0111
0.009966930036887171,-0.39107697712352557,10.054519265803929,3.9372906563682264,1.9796920401840055,0.610373399785505,-0.057161695991906805,-0.3474192640328905,10.123030566248646,292,0,0,0.1537,0,0.0111
0.04404255783104964,0.3599359462541797,9.787040161966184,0.5369975812977379,0.7903152503436321,-5.195581661245868,0.07968159904406552,0.332176890387368,9.725171281017003,293,0,0,0.1537,0,0.0111
0.24037175592013205,0.10144027295475533,10.071303113435814,-1.2189441752759507,-1.3664857737178477,0.25618575032254054,0.14294664820412994,0.13250803855541524,10.116402973806677,294,0,0,0.1537,0,0.011
0.3308602930090994,-0.3808757804124482,10.113515104470244,-1.432757920785833,-0.4165245527576992,1.33692270511612,0.2805436314108119,-0.33691359706862917,10.077797949755581,295,0,0,0.1537,0,0.021
-0.31815865225338347,-0.30616001171121365,9.83796275399302,-4.823304039276428,-0.9457239912234052,0.471877162495159,-0.3567607258931474,-0.3080124754260045,9.890094338790437,296,0,0,0.1537,0,0.0338
-0.31395462342343294,-0.15838776304130034,9.67721535300683,-0.8596315113503374,2.036774188186443,4.730050929041184,-0.26328887749147684,-0.2675554929407314,9.700727663037378,297,0,0,0.1537,0,0.041
0.26523782819982655,0.061676561377217956,9.744006846418719,-3.9423429326680512,1.5781092322460752,-2.9978453482906104,0.37697726519790425,-0.002818537172126531,9.713397145562531,298,0,0,0.1537,0,0.031
0.026136304780972477,0.5755692986858222,10.17762195799519,-4.590745896742189,4.481496249495738,0.6517496771139297,-0.052755355768780626,0.5370123602786654,10.24787496475696,299,0,0,0.1525,0,0.031
0.17803366775545423,0.3323249511414,9.826522185108322,0.5778313425775177,1.4487805821742215,1.7215732855368215,0.18297234706593696,0.4127618863625425,9.768427691673832,300,0,0,0.1537,0,0.0211
-0.33722608605435717,0.15968223744489346,9.709184153944998,0.13674317855761456,-3.074589843946546,-2.665812833106201,-0.30685694830000376,0.28436819959419046,9.737742363054384,301,0,0,0.1537,0,0.0211
-0.18329155380245374,0.20201659482764295,9.677486963459195,1.327926650579615,-0.3422149803564101,-1.8183966679238721,-0.15785398502789144,0.19805660159809596,9.638246805509379,302,0,0,0.1537,0,0.011
-0.2603967842594901,-0.44474763707057957,9.665603545184545,-0.1436941724302629,-2.5584856292468086,3.184792855229376,-0.1931382562895156,-0.3566099681530538,9.68024456901735,303,0,0,0.1537,0,0.0111
0.44585375011944955,0.10354045955098985,10.05256388675318,-2.133077466929866,-0.31888788216063546,2.08633018734225,0.4905287749833215,0.07881815041912257,10.087725328961277,304,0,0,0.1537,0,0.0111
-0.080590842598897,0.2623571451475695,9.790734919577547,1.4718027525882826,1.1865345216000127,0.9223112575546478,-0.08270560563906622,0.32852581364395944,9.785083572615486,305,0,0,0.1537,0,0.0012
0.17789850291648981,0.3053840654671303,9.893699286345644,-1.1954267266653915,1.3089689128103073,0.782343889202547,0.17383403512461232,0.20576905362942716,9.94888662350479,306,0,0,0.1537,0,0.0012
0.22261645468245764,-0.5813230743447614,9.685934678540466,0.12946683880381005,3.043142251971091,2.076958772717085,0.24413600484067316,-0.5753601383671767,9.663043465260387,307,0,0,0.1537,0,0.0012
-0.17114178585852013,-0.21777723984944294,9.918748338007319,-1.1323476581883831,-0.8858082081732691,-1.8297835734710195,-0.2708666946270224,-0.16973846062418133,9.935862469260295,308,0,0,0.1537,0,0.011
-0.06244673456697323,0.33645646970668197,9.517918270903237,-2.343773171861401,-4.666917037109241,1.1784422854573877,0.009400766663429323,0.3310770573332977,9.556768953246042,309,0,0,0.1537,0,0.0009
0.1372733399432672,-0.2181297558251843,9.684790075859574,-1.9729065256540237,3.8501133401523684,-3.4195994704693495,0.09497311092364699,-0.2252671482982411,9.651993682948893,310,0,0,0.1537,0,0.011
0.0363108506484542,0.09659073062986677,9.994303117995178,-1.3871142834970585,5.122685989963037,-1.347372867202525,-0.0010250108851503,0.07438787615614599,10.004022972563051,311,0,0,0.1537,0,0.011
-0.33573747897756684,-0.13701948210174847,9.745964782254335,1.1932728229909506,-0.46251328990422746,-3.0515575358793905,-0.3061997061073601,-0.09039776320874851,9.855936874545055,312,0,0,0.1537,0,0.0115
0.1344472533144153,-0.011466762696154398,9.669016596580533,-4.34430741362417,-3.4313341902121626,0.6515188907895666,0.10427757523442688,-0.04194813483082961,9.629282461831405,313,0,0,0.1537,0,0.0017
0.2483781870157361,0.33431476502902524,9.571533696343044,-0.749309761463554,-0.11635491785868815,0.4948436057414637,0.21734995868635829,0.36627983013411025,9.50175087739661,314,0,0,0.1537,0,0.0017
0.046949269160208196,0.37258058175037273,10.077957434311982,-5.288678585152584,6.707182060613926,-1.5652682790998584,0.08406594905438713,0.4380787891128228,9.975404187000228,315,0,0,0.1537,0,0.0019
0.2088391892446504,0.6750801599286185,9.603189554548909,1.6564106658992337,-3.2615749928372306,4.167755625164449,0.2040380219915253,0.6216849354200923,9.582732887202416,316,0,0,0.1532,0,0.0019
-0.02951448855724514,0.07106917653604805,9.94516186989409,-1.0160099313338042,-0.4809333365890499,4.714676475144298,-0.09522801771546834,0.05065934977948767,9.922681409998036,317,0,0,0.1537,0,0.0021
-0.09077408585571176,-0.34924566403731466,9.666367459164015,-0.7639884221291022,1.2080732139883381,2.748627290299766,-0.13962638999581423,-0.3920650553156243,9.712219738883567,318,0,0,0.1537,0,0.0021
0.1359972339769997,0.002567342136301872,9.460743387344214,-0.8952555266361293,-1.2208695516953676,-1.5620807480134309,0.13979505538194692,0.061897716996640165,9.428211813304042,319,0,0,0.153,0,0.0221
0.4107191296808308,-0.012721506202128476,9.734149074133073,6.4562812622078125,-4.857723627097096,-4.877665505376712,0.4263523953546344,-0.03879100095557583,9.839577026758995,320,0,0,0.1529,0,0.0013
0.2535215660522007,0.30930049589903835,9.815555506874654,1.5234445168755562,5.836221315160815,-4.365335255010412,0.25896120467162376,0.32130542020525776,9.82741263282043,321,0,0,0.1537,0,0.0013
0.3765640243019437,-0.0572510037520878,9.756443743031596,1.3977644578884814,-4.283825541691531,0.34034064258939833,0.36779710597395376,-0.023076695807521634,9.780913696652423,322,0,0,0.1537,0,0.0019
0.45357193700341314,0.02207375843593656,9.713941355873745,1.782162218960595,-2.9283979865248657,-0.5645943468771648,0.5568133174175005,0.10116633324785707,9.703456605267922,323,0,0,0.1537,0,0.0012
0.22506313433078237,0.30080993308836074,9.911168346900254,0.580921966214862,-4.3845428068655,-0.6826801350611289,0.19985757971308105,0.26921313303048533,9.886861155720498,324,0,0,0.1537,0,0.0004
0.6002051550282289,0.08027972794286901,9.878764891825313,1.1314382172590918,0.7640821482317217,-1.6346362985519511,0.6256613696400417,0.08472187501608858,9.950726463464154,325,0,0,0.1552,0,0.0008
-0.7187017763554562,-0.17818664223027458,9.754014263441219,-0.6027067971315696,0.5495800422387944,0.3648730170490074,-0.7150146771389069,-0.12755970905066857,9.748366874368411,326,0,0,0.1566,0,0.0018
-0.3801190403597348,0.2517343149979557,9.983896820678693,8.826723466211405,0.9610252940886264,-1.5439915760877057,-0.26175313819566864,0.16487968156973912,10.026010605855515,327,0,0,0.1205,0,0.001
-0.09108899681437872,0.22507104611370915,9.711980848464213,0.16614381043606405,2.0266891654803363,-3.61060424220771,-0.0636456867526268,0.17611097326899922,9.646723251408343,328,0,0,0.1537,0,0.0019
-0.05019900045437794,0.1426914083348222,9.671172340090234,-4.718402246138715,-1.1001389366057597,1.2748991222783561,-0.046412472252938194,0.09031422817769401,9.648099323526749,329,0,0,0.1537,0,0.0118
0.20292805840474412,-0.12146749189687772,9.691413988055075,1.6998045738404963,6.29015471303788,3.6303541420404324,0.2153396238288853,-0.12111536595975565,9.73993992685181,330,0,0,0.1537,0,0.0015
-0.13031602136298587,0.23810670156029404,10.041115980176963,0.7827395515772555,0.010728114656317678,-0.2855982344191581,-0.14406879621081065,0.24806455965472743,10.079107455404044,331,0,0,0.1537,0,0.0031
-0.34717157596649423,-0.1579536395169556,9.860088819988594,-0.6024602637265992,0.6828020206630301,0.27326898980438175,-0.38251161899106834,-0.16337326252004672,9.770307932328334,332,0,0,0.1537,0,0.0037
0.2797828813488506,0.022509987129847413,9.690650630247374,-4.021368292253485,-2.592641098978368,-4.150824718127604,0.3536851183597919,0.008237853590391404,9.71379071372998,333,0,0,0.1537,0,0.0022
-0.2837109762039317,0.07519845222561417,9.902021736352006,3.2057934743078222,0.9189937694423815,4.462292057847631,-0.3014199113305197,-0.007123040485647714,9.833612030942957,334,0,0,0.1537,0,0.0028
-0.09183835252194829,-0.34309271976853734,9.642112900233716,4.374593644573018,1.9392906515695205,0.6519761404501878,-0.05850605321708135,-0.33942154726047463,9.610693345883321,335,0,0,0.1537,0,0.0136
-0.34458948289785823,0.35277480266437805,10.065131068062186,-0.8669784747173441,3.008106506285029,-4.728919387402431,-0.38366965887223575,0.3760039888036271,9.983877787046096,336,0,0,0.1537,0,0.0082
0.5299801243348005,-0.262949844904794,9.957043497801068,-3.793601079013992,-1.9408049687856774,-0.0792328102786769,0.4338182565154068,-0.31508392126874646,9.973468282969494,337,0,0,0.1537,0,0.0012
-0.24249242316218952,0.5279311357215557,9.955943091653248,-0.09819800426529068,1.471179015996452,2.157236588013615,-0.1265213028942036,0.5262541322496953,10.012016089131377,338,0,0,0.1536,0,0.001
-0.8826681850559174,-0.10227954861666173,9.443170762812269,0.15099233324263195,-2.1528481117572733,-0.8351453080139997,-0.876860385179065,-0.10443186978335482,9.472432322320469,339,0,0,0.1425,0,0.0168
-0.2976389005455912,-0.12032911350118178,10.023633527416502,6.591399986132279,1.8068531058134765,-0.36983217554433395,-0.3339001364600374,-0.058413617768934556,10.022345740961761,340,0,0,0.1529,0,0.0174
0.21695265180322185,-0.08609937116061422,10.069734848178662,-0.3197762842612857,1.594730055901773,0.4861894593863283,0.16016743127104568,-0.15002608500145082,10.06574155641522,341,0,0,0.1537,0,0.016
-0.5158449048285813,-0.01748253503071021,9.67414668290172,2.8218331185715297,-0.813737620334581,-8.662834461905735,-0.5037064845752134,-0.07665796765004114,9.685035287639542,342,0,0,0.1497,0,0.0162
0.39695464543252784,-0.14730482974123965,10.009724061709504,3.610791360020283,-2.9349430621748924,3.461019897092644,0.4623632777405534,-0.16016385074944106,9.952201636314634,343,0,0,0.1537,0,0.0162
0.029880267033938108,-0.055080491826219886,9.883510904133644,-3.57662661301116,-2.769693042294997,4.636879910452858,0.05073527103179201,-0.12507406179582173,9.918468845522998,344,0,0,0.1537,0,0.0162
0.18677923291995194,0.3755510639663822,9.631748278550596,-0.8773066503868914,-3.47569084478579,-2.4399441995539752,0.12733590283175486,0.4756106910355521,9.651156508143362,345,0,0,0.1537,0,0.027
-0.3208859372767316,0.3291170027165396,9.597181491022232,-3.989984139290465,1.3855205656946514,6.17268001260822,-0.26975623446311425,0.37741221130149544,9.546511179346787,346,0,0,0.1531,0,0.0053
0.11295903685772171,-0.17540926346851285,9.892199835753622,-2.945138295077025,-0.572304957836892,-0.7473809773442438,0.08941321816629755,-0.18410579992191642,9.883995271868228,347,0,0,0.1537,0,0.007
0.401618321998738,-0.2533683790642293,9.522133669033199,-1.323969391106073,0.5708029651515785,3.2391614766053616,0.3784460541686901,-0.23451252960539237,9.513197746662456,348,0,0,0.1537,0,0.0053
-0.1197761873509941,-0.4221199379415968,9.895530971030665,-3.505417716177312,2.6716082721208845,-1.1802280696408567,-0.11157316155496454,-0.3769497253317976,9.968513217650763,349,0,0,0.1537,0,0.0054
-0.07700374655247282,-0.14391684724457426,9.854561306753173,3.1871655802171275,-1.914351256371608,0.5794185542754536,-0.09982321086190835,-0.09317947443169791,9.810911746577126,350,0,0,0.1537,0,0.0054
-0.11297616318985182,0.16324005594458366,10.031582484780944,-0.03548939439882269,-1.6798169305263873,-1.9021473726634226,-0.02810617542998811,0.3182411925058274,9.991759971740237,351,0,0,0.1537,0,0.0053
-0.5397037386442771,-0.09006088011360751,10.000056983548507,3.2146170627533266,-5.666910469012208,-0.1382149704484023,-0.6037243435903736,0.0032807236008480928,10.010996270777776,352,0,0,0.1537,0,0.0069
0.20770598834992243,0.12425178161022711,10.04811836155673,-1.023457445849741,-4.113479039812456,4.446793906448551,0.17023871237221797,0.10924534804134106,10.015184396825111,353,0,0,0.1537,0,0.0213
0.06348142334271727,0.09250179533069454,10.176834726839981,-2.272903093469262,0.20372496944566126,-8.18402361792808,0.15147005684228465,0.0734196242733216,10.135108674398332,354,0,0,0.1485,0,0.0473
0.12523614627984053,-0.08709393936859677,9.9195570344508,-1.9979018929760057,0.749877732936651,3.136893105985032,0.08066398585311513,-0.09654944297306695,9.86102225076042,355,0,0,0.1537,0,0.0422
-0.3227086420026353,-0.08927797816867783,9.77442637466738,-6.998169003517013,0.7933600565678317,1.7021729782054678,-0.33638589390914586,0.05445030847254856,9.821880419419973,356,0,0,0.1537,0,0.0616
-0.2686072000629406,0.23988748229025614,9.755953245491568,3.3093541699516256,-7.740683140860539,-0.643049517683474,-0.2257064740413276,0.2305774907275302,9.775725883444219,357,0,0,0.1498,0,0.0401
-0.09544687011223535,-0.6021918465310291,9.979448820820531,-2.0219234050064374,-2.060646603009051,4.536127607707765,-0.016238261547254496,-0.5828095193402305,10.115743525169352,358,0,0,0.1536,0,0.0601
-0.06939590776484403,-0.367453303965296,9.684600255728098,3.236392428094952,-2.2675601481609386,-1.4128421785128256,-0.10800928882908156,-0.4324852039607652,9.700304700071898,359,0,0,0.1537,0,0.0025
0.11928690477276654,-0.20740288033405194,10.38609316295573,-1.12442042500053,0.7547751114550834,-4.720087992217664,0.16519871697955,-0.26399007342136227,10.367950756436203,360,0,0,0.1237,0,0.0024
0.13315761607521961,0.2609696091979414,10.192876418548371,4.03470022366291,-0.07643633863986288,2.932747997487967,0.18055091984704374,0.2778040149934142,10.160764189964132,361,0,0,0.1537,0,0.0124
0.24357954001478052,0.15788331368874428,9.673400971082138,-0.7705671768187596,-1.3811718847106178,1.8310519189595797,0.23945232606863248,0.12119101237012404,9.67405250066787,362,0,0,0.1537,0,0.0123
-0.29541141465342935,0.03796223624644074,9.936933163311451,0.5353803668238741,6.0274503895901965,-2.0512967419904005,-0.2909866755986995,0.04959708443994597,9.879997966841822,363,0,0,0.1537,0,0.0024
-0.05176940303164811,0.2569755360739072,9.793245025915112,-4.682062813490676,3.085557422183327,-1.0953124213335346,0.011067539157843122,0.2149796335538767,9.805286040575385,364,0,0,0.1537,0,0.0024
0.6498831415217273,-0.04614791636581137,9.794627014502447,0.7341140082685395,-4.183671435580139,-2.742985724358559,0.6583988100370773,0.05631361261941049,9.795466332937403,365,0,0,0.1549,0,0.0123
-0.21232351557916287,0.12562713884845694,9.922850216550197,-3.164400367712659,-2.504052020959073,3.8756682087796133,-0.12763371444720564,0.15427854883350212,9.985260999718953,366,0,0,0.1537,0,0.0015
-0.03290414406972802,0.044740190735215374,10.179286595033538,-2.180637222096419,2.9149930352352906,-0.15750492107033343,-0.013399485696985212,0.0837533154712386,10.203361154946462,367,0,0,0.1526,0,0.0015
0.32299272161781273,0.48905751092826844,10.061353927416906,-1.4811325840388414,0.7382806339472854,1.833116688484933,0.3094037669020248,0.45019849679960267,10.07464071747792,368,0,0,0.1537,0,0.0014
-0.0016211127844720698,0.05649164032728293,10.069309744472873,-0.7403514604340983,1.8425344283236615,-3.610194377441485,-0.02861655217805132,0.10120737645530828,10.047907511153877,369,0,0,0.1537,0,0.0014
-0.2710493604546875,-0.6364737856357499,9.354978974944574,2.137354902055484,3.51931170951474,-1.0044130448440385,-0.29093438871571436,-0.5995726899594235,9.31247284643748,370,0,0,0.1503,0,0.0126
0.2133686504796007,-0.47042308694780743,9.923769022447885,0.07807244881193669,0.617185519103501,2.1738142038700166,0.27407373034178967,-0.38322829600168995,9.879149540438005,371,0,0,0.1537,0,0.013
-0.05589835449035566,0.48777999909515635,9.791072863961103,2.224227667055837,0.5068091627873288,4.330727079240862,-0.1431115645323812,0.3875873059033079,9.775405650546942,372,0,0,0.1537,0,0.0029
0.25375919978965816,-0.25519234455103906,9.802238721544688,-1.4137096570090582,0.8050268917719655,-1.9679254682782834,0.27476171654056214,-0.24237060066990396,9.779026815814078,373,0,0,0.1537,0,0.0029
0.41830192692281265,0.19783999318025325,9.500753102185396,-0.6264970835778277,-4.159619756787946,3.9024201251074637,0.48052538240080833,0.2122435127095656,9.574220163345565,374,0,0,0.1537,0,0.0027
-0.045150593546307065,0.26782891447459956,9.718139661708019,0.009981694242691838,-0.7927723028977034,-1.3849567141387729,0.007634385795311505,0.2415174608765374,9.819692093342308,375,0,0,0.1537,0,0.0013
-0.20815126879832282,0.3462766817171879,9.491414568119852,-3.002558989623364,1.562565785071903,2.7718444565612206,-0.18334425508708843,0.2383632492437293,9.455584762635763,376,0,0,0.1537,0,0.001
0.41680233738758304,0.3146579871893634,9.757283661499395,-0.9688295991905094,3.322590308677988,-1.4973253934104411,0.43439615572407714,0.26631914827157743,9.812547482845476,377,0,0,0.1537,0,0.0206
-0.06700745766016047,0.12776794422300475,9.84558689900213,-0.22499343908647262,-1.0468103606822612,6.445494481709528,-0.10220538785017128,0.07054284838112289,9.833249215039318,378,0,0,0.1531,0,0.0131
0.21355166292368105,-0.4332319811259049,10.009488888378149,-0.38215221597420235,3.805652767763859,-0.9879621251202979,0.1965554600126009,-0.4516415994773468,10.049099467670592,379,0,0,0.1537,0,0.0022
-0.16038311615009737,-0.4466879674517266,9.680740283745976,-2.2916392167972424,-1.8167963754015042,-0.8599823762263298,-0.17874017858699948,-0.5196973180706789,9.705573097191024,380,0,0,0.1537,0,0.0025
0.15195041713423438,0.32627125978462196,9.954520909214922,2.8711729503439973,3.3559203393870813,5.74904637289306,0.18195877331371277,0.3739143237623382,10.033887702141891,381,0,0,0.1537,0,0.0018
0.0014978857192089476,-0.28382712729694515,9.6890533509632,-5.928007193311143,0.08962674452308854,5.4776597493872305,-0.048860191243861165,-0.25241160498975695,9.65908811203837,382,0,0,0.1537,0,0.0107
0.19823867979269214,0.12278860925385403,9.917590754422232,-3.9827676455800347,2.1968819059276354,0.371570218431089,0.22924435609255595,0.19313082842016002,9.95222869938373,383,0,0,0.1537,0,0.0017
-0.09422498356553842,-0.17054575665020585,9.765995113150133,0.7605392401041766,2.158966895913608,-3.371174110552058,-0.0452112708626134,-0.2902123147335161,9.786509414126526,384,0,0,0.1537,0,0.0019
0.06723662820380243,-0.2026771935285636,9.887962853248753,1.1243386625096654,-0.4295217236218024,4.9400883820829815,0.12024629454783144,-0.28381011874900963,9.846575749416045,385,0,0,0.1537,0,0.0119
-0.19724449493331048,-0.19437086712837487,10.023961643065643,-1.4391011601605774,-0.9085672602256682,1.5493204492525434,-0.2588877841654972,-0.19571626438653972,10.11232289903535,386,0,0,0.1537,0,0.0126
0.11672179933782406,-0.03971511704886054,9.733899066437937,0.6645145509567526,0.7069095461011586,4.3331588371888365,0.0546772541243387,-0.15405387325677344,9.7801315084721,387,0,0,0.1537,0,0.041
0.25072112428119275,-0.28987140184179533,9.8046808608746,4.1997989206290125,0.7527739200995828,4.126217842352518,0.26186715735509075,-0.26028236000181426,9.840569867286705,388,0,0,0.1537,0,0.021
-0.495828555958607,0.03178488150285682,9.597612533085485,0.3332326678520379,-2.0796443872268764,3.7514167411108916,-0.4194407236817984,0.052185333653331056,9.519128942444864,389,0,0,0.1537,0,0.0126
0.3442485264253724,0.32664088966556526,9.734338074753845,1.0537793869374734,-2.562885718171837,-1.1515568046815752,0.27698475428414776,0.36049923806585016,9.765659790213526,390,0,0,0.1537,0,0.0247
0.027578220547748607,-0.4915339322788401,9.640109363533602,-2.702243247228627,-1.1097571175827399,3.165583155409954,0.06897526829840521,-0.48801993396135596,9.621891006181464,391,0,0,0.1537,0,0.0307
0.46818964966494525,0.29777995572007215,9.461174064771875,-0.19325048971661185,1.2526284806823882,-1.3743233946243096,0.4304518368283677,0.2981158763779892,9.52012605499829,392,0,0,0.1537,0,0.0356
-0.4481925382287561,-0.18673682492258295,9.659174012129364,5.5130244779925635,2.6848363044016397,-0.32810863527011985,-0.3657865591607913,-0.16728399001296107,9.728450669511938,393,0,0,0.1537,0,0.0248
0.34714474393107325,-0.27431032245010395,9.81315090403951,1.6234785806562377,-6.803081231585126,-0.1936795091972933,0.3180734581592264,-0.2654378320326441,9.822868854550421,394,0,0,0.1537,0,0.0297
0.21814520294172093,-0.48431107078164143,10.009484845084623,2.881846888369169,-1.4178020497343613,-1.397162648245489,0.1856709280725315,-0.5329075961505562,9.968652012722133,395,0,0,0.1537,0,0.0197
0.1010327595879003,-0.15460025874741837,9.936438615377314,-1.7269338578085711,3.705968270702705,2.027682259650564,0.13853327469603727,-0.22383042031487105,9.958513696323106,396,0,0,0.1537,0,0.0138
0.014237285040733835,-0.20945888330143125,9.821632568677693,3.0639167285804865,-0.24760661209662252,1.8131356536804881,-0.02103135292712869,-0.16724871379828016,9.809698289105501,397,0,0,0.1537,0,0.0038
0.08858737511829375,0.29624982349206935,9.682738509912353,1.0300901420399091,-2.953046378687289,-2.3257384786645514,0.17213567599907686,0.4004441968245673,9.694915869581004,398,0,0,0.1537,0,0.005
-0.20557462706392107,-0.016663897392363604,9.671555368666287,7.065223862828152,-1.3587945591666313,-0.059878402463056805,-0.19134516137652652,-0.03564084687294522,9.692836572215876,399,0,0,0.1524,0,0.0207
0.5337652574305498,-0.17024639970512243,9.839948144177024,0.38064513478444895,2.7769533742772117,-0.25501749631486526,0.5107186668920262,-0.2774213554944503,9.919545605659565,400,0,0,0.1537,0,0.0248
0.18277474198621668,0.6256880437593817,9.730409120258741,3.9569010927754116,2.180830495425734,-2.4718811222701778,0.18418882580750595,0.6631049220551714,9.751888574065749,401,0,0,0.1531,0,0.0025
-0.17259242521149926,0.15340779093343956,9.834220985728479,3.8328155051112223,-2.816807576525169,2.3444684129849445,-0.21038991069480675,0.08041338089984863,9.898594612257796,402,0,0,0.1537,0,0.005
-0.1001294534245374,0.37837718364674133,10.237950004754481,-2.3918459171666164,-0.17010682127459406,-1.256874199537153,-0.1261275104162102,0.4408190559592367,10.243803671346942,403,0,0,0.1527,0,0.0037
-0.0072638562805139905,0.18536704769913923,9.691820742669906,-2.945906340652389,2.040178062673646,1.8682785086871447,-0.017380896326283944,0.13688532865926276,9.672028701160443,404,0,0,0.1537,0,0.0361
0.256754454380616,-0.07365820070926501,9.651983639638935,-3.2373226630917076,-2.5246648488152177,-3.5162958175778334,0.23654401258894017,-0.10693447557900923,9.693655772095287,405,0,0,0.1537,0,0.0372
-0.3602058800251239,-0.037397684970980234,9.73415881493608,0.6456301064542584,4.975609176743594,0.7554155987439102,-0.3705538666550053,-0.04841593016421656,9.702712045281675,406,0,0,0.1537,0,0.0274
0.10494607042239054,-0.12428169421894807,9.45190599453039,1.508589316774586,5.173146306719673,-2.495308092687771,0.13427457895671557,-0.06882677606292614,9.429909368697832,407,0,0,0.153,0,0.0167
0.010359821541907987,-0.16496656881642816,9.989280357891596,0.5656888974200605,2.4039502747946293,-0.5696065735430265,0.05761325933193585,-0.17609799120020492,9.978195212801676,408,0,0,0.1537,0,0.0267
-0.07261284226038334,-0.09001239885865195,10.290219464491349,-0.5007706773158176,2.796144186779873,1.1237844511361141,-0.10345641517562405,-0.04768573610290629,10.360435169420557,409,0,0,0.1012,0,0.0267
0.48367017897087095,0.20496872524337076,9.946008421740045,1.4027988507366997,-1.8758229636123043,4.252232869578579,0.5818340882672156,0.1443938025322853,9.874312319999605,410,0,0,0.1522,0,0.0064
0.009392765808087749,0.14731821990876887,9.962470140782072,-3.231818835311488,3.0271851175472735,1.120789708994097,0.02375969470524665,0.16871622443103781,9.988316854044863,411,0,0,0.1537,0,0.0076
0.39098816604730297,-0.3684866221930738,9.459887220123857,1.0397630452535946,-3.2695505118210777,4.7823095118211505,0.4535400284638768,-0.3045448985699757,9.338817673467359,412,0,0,0.1401,0,0.0064
-0.3509022116876915,-0.28208878139874244,10.005257043896009,2.89746517893954,6.275720340216505,-0.8155766231491008,-0.3283177484848844,-0.3293628303748568,9.951834915489975,413,0,0,0.1537,0,0.0064
0.4783051832988791,-0.0383912978323821,10.089508773397988,-0.011468603215066589,2.5773418098937873,-0.19628555673679993,0.47622733881110646,-0.05960550195388149,10.1485440510006,414,0,0,0.1537,0,0.0064
-0.04637886467924423,0.2797417973934403,9.709032783634733,-0.9953344568295839,2.939395397389154,4.550336677393691,-0.03850272084510193,0.300795827907203,9.706964397488385,415,0,0,0.1537,0,0.0076
0.2605377444338772,-0.19361404445675465,9.852810362371873,-0.18112749815273058,-4.486732140616872,-2.1131916143549865,0.16014341338575672,-0.1924227701656824,9.871742799162558,416,0,0,0.1537,0,0.0075
-0.20584465088177137,0.27633565295754287,9.717288952490485,1.8482378019393217,-2.7740595755848796,3.7085181233998235,-0.18454595444550742,0.24807383594108262,9.696730024369506,417,0,0,0.1537,0,0.0076
0.2798866534951643,-0.12385363488168775,10.148455415414675,-5.5110239116802004,1.875090063032807,1.3043682861983377,0.2466020131059016,-0.13942436029901345,9.989912733528516,418,0,0,0.1537,0,0.0076
0.5516872827323506,0.5088235194792642,9.847986368380274,-1.4632720279713651,-1.5893038224189144,3.6537329437966792,0.6391362340434021,0.5894741163964163,9.940191354760316,419,0,0,0.1516,0,0.0164
-0.24973744270164006,0.0073746338861378795,9.644907448373981,-3.9950974602432936,-0.5417228098540869,-5.910423153115302,-0.16692463381627837,0.007544417237904254,9.613690443798584,420,0,0,0.1537,0,0.0024
-0.04561245825514852,0.007899611927910388,9.97495295618394,1.694066393088887,-4.114425163505335,2.0540180287882155,-0.010805786131626964,0.03911617704896611,9.973916888885297,421,0,0,0.1537,0,0.0024
0.171206619148531,0.2049627725504224,9.814746314472405,-0.9446684583123839,3.4904049406834146,2.792803324332409,0.16098725561739052,0.2230416226435368,9.718537496222167,422,0,0,0.1537,0,0.0024
0.15689637237615148,-0.4894104419473352,9.49058710124135,-0.330925372726671,-0.8738755583057968,-2.715558356685754,0.08851262128317272,-0.46170416570674044,9.482405747368047,423,0,0,0.1537,0,0.0008
-0.17628432536858857,0.35776914612607474,10.065629034727577,3.862036254780761,-2.5740277599293293,0.9653427550628274,-0.15211629873927482,0.37897277858717004,10.076797025907966,424,0,0,0.1537,0,0.002
0.2547691757875412,-0.23137363937826463,9.699934006332393,2.0625302832766694,2.991943943118086,-1.533150974620709,0.2667655882670035,-0.2878597310491072,9.757199699570723,425,0,0,0.1537,0,0.0108
0.7577144151507768,0.3765446319165417,9.850431641568813,1.2212459169102705,-2.0511693390788075,0.8178456345887248,0.6966639806815211,0.49050344945721586,9.794349202525833,426,0,0,0.1526,0,0.0009
0.343054459508954,-0.04119390033037773,9.477600476500877,-4.716475438379575,1.479593226569928,-0.9211296585564621,0.38159774661494805,-0.0506719921958313,9.42297245772527,427,0,0,0.153,0,0.0008
-0.07108576469310593,-0.055593826100684064,9.758150512630253,0.1552207954312756,-5.825611632163152,5.738410123334699,-0.018071730892202632,-0.028059260350686656,9.774575964131484,428,0,0,0.1537,0,0.0058
-0.02373720990215451,0.2599950022832899,9.824949628549641,-1.2318902883087597,-0.6391164990422498,-6.6898840121835965,-0.015570916281309978,0.2126071121921033,9.820782895759468,429,0,0,0.1532,0,0.0006
0.2906578356074089,-0.1958104425107147,9.805906349324605,2.8880666775897543,0.2839661095708948,1.4704290779950293,0.18217720562472667,-0.22700609481676418,9.793549678952154,430,0,0,0.1537,0,0.0006
0.10662940977846426,-0.6650563935528702,9.54840458433849,-0.8795123553179088,0.8842421344782754,-1.988693905094318,0.16657673979669274,-0.6070851005989516,9.590262500672116,431,0,0,0.1518,0,0.0005
0.1947701417499191,0.3751421008414683,9.96838176823945,-1.3409414337496153,-0.8915360904508469,-0.2455796825484874,0.0764596382617123,0.48505601603825976,9.986345705141416,432,0,0,0.1537,0,0.0008
0.05078472564211119,-0.2785976318620693,9.917283109796875,1.1516923346997152,-4.104509974951588,-6.714732721373593,-0.038522046566780106,-0.2812690623948237,9.957386318337017,433,0,0,0.1532,0,0.0008
0.19805550542385303,-0.23738513816172258,10.016463019269706,3.4429437203617175,-0.38076784176342704,0.21983698341072408,0.24659573098408039,-0.2479853887700543,10.0287949435278,434,0,0,0.1537,0,0.0008
-0.34760174049831993,-0.531565315234169,10.373282854942936,1.3443016263512484,-11.71517565554045,-5.287174355503906,-0.34058842187154387,-0.6176935937976838,10.415729797862092,435,0,0,0.0707,0,0.0165
-0.08036466704032126,0.036934928678090714,9.536140502335822,1.3115634893194523,-2.4329525263698275,9.353827745608083,-0.08299669165170434,0.024543987175662134,9.58348611142624,436,0,0,0.1504,0,0.0154
0.07058731276977472,-0.44203901907136206,9.681653502001815,-1.0542632343675065,0.8964096860916813,5.216739528541677,0.06820103584723032,-0.38928973647220555,9.650241226294606,437,0,0,0.1537,0,0.027
0.10316578137900477,-0.02714714071198567,9.486995003204255,5.803035721001045,3.486995811391398,-1.1925758352320597,0.15780798256630935,0.04243829871558076,9.48548445824337,438,0,0,0.1537,0,0.0109
-0.5322662488642803,0.13258005418412153,9.890232175465888,-5.4868479793782345,-1.8224040980545608,1.2142011427394723,-0.5155555622202731,0.15843156224014454,9.83246548734019,439,0,0,0.1537,0,0.0154
-0.10269916219231512,0.26260673023912984,9.968031940082879,6.045571642007425,-1.0800362627553355,-1.4515244820810913,-0.060250962058570855,0.22741173188881667,9.978435352733268,440,0,0,0.1537,0,0.0109
0.4751214376442473,-0.34486454953680135,9.567768919504331,-0.6089263528650312,1.870890144219569,5.404175487689646,0.4403377305084224,-0.34943348849352407,9.676987922169996,441,0,0,0.1537,0,0.0301
-1.1164664525533925,0.11610594809882566,9.973241876331555,4.517347082234905,-0.543629508586371,0.9831901709158621,-1.133436148556626,0.14760276441731496,9.900512945240841,442,0,1,0.2156,0,0.06
0.5456614119664278,-0.6600495777736549,9.707071309064501,2.0735492653333,-2.151515171131499,-5.971355841518106,0.6320047105078912,-0.7313234350625584,9.649455754891708,443,0,0,0.1481,0,0.1
0.06260211151058274,0.4933475004674014,9.671790624288104,4.5728180447903854,1.2138518933936475,-3.8110127524353663,0.007560968375893269,0.3842759213167308,9.69174095723474,444,0,0,0.1537,0,0.06
-0.1319370921658699,-0.019242134020815416,9.630142843628096,3.4825733080029875,-5.793975848806591,2.0241269006986915,-0.09396839288694722,0.0582315731901748,9.597170704810859,445,0,0,0.1537,0,0.06
-0.3400646820530493,0.349351970678019,9.5816372067708,2.5208231889764616,-5.797623148197465,-2.339516177069575,-0.3626341072173316,0.37839954691798905,9.620729497994107,446,0,0,0.1537,0,0.06
0.023477601533197025,0.10923246229896562,10.073399894063215,-1.5264489529811556,-3.1076516916128867,5.581010178074064,-0.0065766501471488485,0.12084762607914107,10.08677469509538,447,0,0,0.1537,0,0.07
0.1610721491261665,-0.5151164770206088,9.688824215847546,0.21222532474212724,0.5978153684134795,1.7583007920881586,0.21540147516138158,-0.5275678632706035,9.69318591238444,448,0,0,0.1537,0,0.06
-0.31847915527222875,-0.02351334695502794,9.795094413099346,-3.087665597824577,-0.658120537420927,2.458411548468866,-0.3085467642673846,0.018897036247742024,9.825746970023564,449,0,0,0.1537,0,0.08
0.13677655402405936,-0.059996454385440746,9.447140557344973,-4.57204830855402,0.8602965780312279,-5.393471585179915,0.11800243714638675,-0.09506816114885605,9.423994345961734,450,0,0,0.153,0,0.07
0.03210647799039365,-0.3027392775127892,9.60236148171634,0.9289999296515732,0.07830605601911479,-1.8282231408797243,0.00027777981534401336,-0.30294727943008676,9.627093486345997,451,0,0,0.1537,0,0.0908
0.506071504958488,-0.19222458705901146,10.132480739679425,-0.24799774570248795,-0.2638756638706507,3.3832248902011397,0.5307765241309184,-0.12977275089378953,10.133519404335818,452,0,0,0.1537,0,0.0908
0.4330359041778253,0.3570895776222633,9.919341994885068,-0.040773739352991584,-0.3015581346257795,-1.2807710492666564,0.4628395953661296,0.38083452343661744,9.903621212736153,453,0,0,0.1537,0,0.0908
-0.14537996186874239,0.3515390615850175,10.081130907705568,-0.0798060482127753,-2.931084393051219,-3.51955209071331,-0.16490753535074462,0.3054289595367292,10.091872521871831,454,0,0,0.1537,0,0.1108
0.13643166794166883,0.4025021802096787,9.822928927167654,-2.653821221256623,0.4209641308710581,-1.3061140709084829,0.14757488198228802,0.4937545534546982,9.834844592588231,455,0,0,0.1537,0,0.1008
0.5029341234151388,0.2537082935023159,10.222309054459327,4.070444123366757,2.8749216887255664,1.2123220186137804,0.47146473630822044,0.3811023780721753,10.237899529793234,456,0,0,0.1527,0,0.0908
-0.15781830858562657,0.019115964627495628,10.001022725763768,5.466450570841961,3.7267856636576386,-3.901142620518966,-0.06271575608908736,0.016078019944736278,10.013555270402572,457,0,0,0.1537,0,0.1208
-0.1516328547383539,0.4250311804010274,9.874978547828885,0.04143529649142007,1.313425462261612,-2.1377182188752926,-0.223309913824507,0.4547731944309775,9.980929394539947,458,0,0,0.1537,0,0.1108
0.254031621276583,0.6511342023981751,9.63088205439849,2.615810301646473,-2.772326548794847,-3.1912131285565315,0.21103112587177894,0.5962554869107863,9.631667121607446,459,0,0,0.1532,0,0.08
-0.2939412969132791,-0.1864775150823849,10.002541770502987,-0.8891424505522192,0.16327486818102202,-5.242055005353507,-0.2279623161437402,-0.20819643718349426,9.920809357513376,460,0,0,0.1537,0,0.07
-0.24346070912927462,-0.029925345179730316,9.887987916884327,-3.0066360452844645,3.358615870015233,2.2203682686161508,-0.3017371380755244,-0.040275329325636544,9.91313670760021,461,0,0,0.1537,0,0.07
0.4520258261159221,0.2911642067443872,10.089424643813912,1.4946908142306632,3.2172925574804916,-1.6310442093612687,0.3907366204911389,0.2814488111126648,10.148288070116639,462,0,0,0.1537,0,0.08
0.17714308532662798,0.47222810778694047,9.4861710596746,-4.792352530024843,-2.93605733078707,3.7314160241384,0.16217230827893092,0.4156609735328115,9.543773902069182,463,0,0,0.1537,0,0.0908
-0.06573575893886592,-0.23701260181338918,9.946388406662516,2.1514070760160457,1.2379741753333193,3.3564011977038453,-0.10633664388882949,-0.24655608077136174,9.86199029086227,464,0,0,0.1537,0,0.0608
-0.09841539166217876,0.0661757147181536,9.76947739816971,1.0673529828225716,-1.195924074826217,3.550584908129085,-0.04273294180029886,0.15184581955919313,9.80113850068762,465,0,0,0.1537,0,0.0608
-0.028636508068733833,-0.17388436077389255,9.82525445371479,1.2455428220416074,-0.38226967968285763,-3.2667334001985147,-0.04586398842548882,-0.19011593485548633,9.834950336442992,466,0,0,0.1537,0,0.0508
-0.33518853207404925,0.31823700148865713,9.870956194546892,-0.24397105425168547,-4.819505719065028,-7.42296895223579,-0.35553212251672534,0.3009851892575731,9.82212661777754,467,0,0,0.1514,0,0.0608
0.07753228402945575,-0.46326610588479294,9.678416588322687,2.1937433198851717,1.5326869940292762,1.3581448831614327,0.10857960456964942,-0.46624427546704333,9.610247211730538,468,0,0,0.1537,0,0.051
0.08067449507049115,0.43063163064020626,9.678515911116623,-0.3771202501780885,-4.423467705075575,0.25092655511911477,0.08550887188333739,0.42370616954593965,9.591570650396548,469,0,0,0.1537,0,0.061
-0.3272858362891809,0.46561622063225255,9.234211677025435,-1.1409308288196212,-0.65047096742913,3.0721862436482317,-0.37510967152432395,0.5402861798378125,9.299910212237787,470,0,0,0.1236,0,0.061
0.08686161186091594,0.26154606907337197,9.75575719180357,-1.4645801120391702,-3.016954282450948,-2.1581784895834506,0.05126578359275606,0.3169609841243175,9.787691441101822,471,0,0,0.1537,0,0.061
0.4826864899699711,0.17179128392382575,9.86121934199373,2.210285916167745,1.41962135585303,-1.359245193194003,0.4634703250427942,0.11412425379995858,9.884454372673629,472,0,0,0.1537,0,0.061
0.3675108716645551,-0.16178732226589612,10.364046439249755,-0.14473136123091468,2.3453694810025887,3.028844042614135,0.31147015174510895,-0.19907892216867953,10.312844004290449,473,0,0,0.1474,0,0.0803
0.014363507579168615,-0.030483934255482403,9.853946554921128,-1.3353311722448942,3.748046512257722,6.772422283211597,-0.037180122730567075,-0.07786864353053054,9.768640871374709,474,0,0,0.1531,0,0.0608
0.185504263335481,0.09263320042383515,9.47382682395824,-5.95673897465432,-3.0292624029562063,1.6765202010390805,0.21665719214463103,0.09525231199370741,9.472381854929596,475,0,0,0.1537,0,0.0598
-0.7412450098986239,0.3295516451437657,9.775889570833023,-0.5310653359880536,-0.005941828061036109,2.6393513534474753,-0.723077144638853,0.27808232502568586,9.715224963313565,476,0,0,0.1507,0,0.0602
-0.43539971135822464,0.09386946074526663,10.060212984261693,1.6493110918204832,2.240453484192819,2.8454591597724477,-0.3954925664188533,-0.006062162924404466,10.114814402714023,477,0,0,0.1537,0,0.0808
-0.23381567780641577,0.22610979113335392,9.703914620175667,0.060005858254490174,-4.284277128040728,0.9056392799640587,-0.1956510691359752,0.16892979056560742,9.698778008181788,478,0,0,0.1537,0,0.0705
0.1338411026412676,0.21441614349622432,9.82911380349698,-1.7335057174983666,-1.4410600917838612,0.42178444573844026,0.11951812054579813,0.2903338621543071,9.843599681204806,479,0,0,0.1537,0,0.0903
-0.05207101331290766,-0.11661937796287394,9.929572774661892,4.626639577511327,4.443451930429276,1.2592805592536918,-0.091055635264245,-0.07762993574036128,9.91898589840106,480,0,0,0.1537,0,0.0903
-0.20860072020207132,0.238884933345112,9.654088379718342,-1.6484178468605057,-1.4696376184564808,1.333011680984447,-0.29120629200500614,0.20274738148735152,9.67203176012618,481,0,0,0.1537,0,0.1096
-0.06391275199801809,0.0950672305869371,9.785529789570813,-3.3332583538068175,-2.097502156152734,5.849811393462152,-0.007830391450136504,0.05023536441770017,9.872940209563504,482,0,0,0.1537,0,0.07
0.4037223790113119,0.11548605216781377,9.94963989638462,0.43909872086893437,-0.6729167842771855,4.09985669933233,0.4478800513202942,0.09553571845190344,9.96283922852436,483,0,0,0.1537,0,0.0796
-0.40331943028908473,-0.1392641850275754,9.821417047877391,-1.7421297595291703,-2.417394963655451,1.9960160677273704,-0.3028429121101325,-0.16690720108671883,9.805570315078642,484,0,0,0.1537,0,0.0717
0.7739704656009825,-0.014376679600106594,9.787428415074256,-3.0393005536509543,-2.533895656924449,0.12550218009630615,0.788084908875436,-0.05686740380324787,9.783837294867695,485,0,0,0.1558,0,0.0108
0.4883095037295572,0.4520508306503176,9.788317442503997,2.275292644054715,3.3114522344063726,2.7350477582735992,0.5651308265364291,0.4761455674872195,9.833621546880632,486,0,0,0.1537,0,0.0133
-0.17547530607019024,0.2453911241744441,9.694185911382494,-0.7712459626181934,2.056974978183726,3.7582487309125283,-0.041933011686581506,0.27449855415543545,9.684361757762607,487,0,0,0.1537,0,0.0133
0.0052072272140114865,0.28806920449002066,9.88925049095946,0.5308650714783864,1.648959704032725,-0.5885257540574329,-0.024107481534835728,0.22007034589388724,9.832555054523052,488,0,0,0.1537,0,0.0133
-0.5295240568018036,0.13150194779292285,9.729176947434059,2.1074470467781365,2.136994589308813,3.5103248787419723,-0.5666423423479086,0.1645089529983379,9.744144719481405,489,0,0,0.1537,0,0.0143
-0.05647918939476771,0.06463365316810821,9.871302755856826,0.16501374362712656,1.3248683843681894,2.1645173708710894,-0.13175145877664923,0.023797054379300277,9.85629512573611,490,0,0,0.1537,0,0.0243
-0.5726179201619475,-0.4523731735261418,9.643079842147202,-0.32914691583426015,-1.982404667240868,-0.8342869399679018,-0.6313148690762097,-0.47160718802218,9.580895428052877,491,0,0,0.1537,0,0.0339
-0.09359419786002196,-0.01871378299390468,9.963338046552733,1.2212612160278704,4.441711220808251,-1.526733308525383,-0.07987559277383594,-0.026119517834727705,9.975908640855323,492,0,0,0.1537,0,0.0016
0.1383648224095717,-0.29055629577799214,9.797679745788958,-1.2889509666126315,-6.517839629559309,-3.4028751954689125,0.14003655859692676,-0.2853960892889591,9.764772506226793,493,0,0,0.1537,0,0.0158
-0.05353861832877303,-0.28291575391510587,10.045528615092502,1.746465415075066,-0.7980592777826221,-1.125751617976408,-0.02948970651187248,-0.28166787718466374,10.00278509707824,494,0,0,0.1537,0,0.0114
-0.307289245339857,-0.034456515106474926,9.707508199069716,-2.20751460110779,-7.1890595584438834,0.054799183745703986,-0.4230084803637885,-0.019897958293249213,9.665522950603455,495,0,0,0.1536,0,0.0061
-0.556783808240611,0.28828671832093433,9.941842055495146,-0.18900964943794127,4.020993303943525,-4.270758248708007,-0.5278304997003127,0.2543922874468265,9.932607006981051,496,0,0,0.1537,0,0.0021
-0.3316493877313643,0.24031974756946686,9.867387016589339,-2.975845747833822,3.6614644341882077,4.39363802348047,-0.2855628058880322,0.2912073756176943,9.916972146071421,497,0,0,0.1537,0,0.0021
-0.09857683005752207,-0.06209141692943103,9.792662810264368,-1.3997572917130423,-2.577525556005309,0.3591663635106167,-0.1719049465058026,0.01024839946194922,9.780927068972908,498,0,0,0.1537,0,0.0061
-0.5029009641032436,0.08397780902417337,9.98550156948338,-3.1238954614516024,1.237706362447194,0.8751615537072511,-0.44222184535151376,0.10244763190134035,10.047158832763609,499,0,0,0.1537,0,0.0022
-1.499617444311604,0.44726065087247757,9.606959748503334,-2.3126187438651824,-2.497165819500618,1.9843058150531634,-3.0277178288020616,0.5901774731071088,12.405145544444812,500,1,1,0.0006,0,0.32
0.2885867991097761,0.021980822770971194,9.961800112506367,-8.10726789130949,-0.17754587470401015,-2.1387320893109214,0.38004165206216145,0.04857000304986541,11.142947955028234,501,1,1,0.002,0,0.3
0.34059173417674404,-0.19760141106868262,9.758671386281035,8.664618607240573,1.3789281826330193,-3.8767589206122737,0.6358654104771979,-0.4089671727823996,11.742653854463061,502,1,1,0.0014,0,0.29
0.3758629855431552,-0.3739662939820584,10.053380641902573,5.755625907014801,4.995972426259015,1.5498458795545464,0.8793582146018086,-0.9338162400497613,11.857010896829802,503,1,1,0.0,0,0.26
-0.6780001787412667,-0.19731509398835184,9.892789260645731,-0.14854583606947197,2.97866987908393,-4.121877945104121,-1.3046608535765887,-0.38290853894711424,12.721503436444294,504,1,1,0.0,0,0.24
0.3905533163986781,0.39323597080360545,9.790880908003036,6.121171564175276,10.982217347973432,2.2783695140301283,0.42749696543931,0.9213897167195723,10.357427567508104,505,1,1,0.0009,0,0.24
0.323216941328862,-0.17492317088903617,9.957793168866049,3.3589669606381523,2.258669369570762,2.361445791805955,0.46399379364221,-0.3906378718801372,9.126412357875699,506,1,1,0.0246,0,0.24
0.1784529022592946,0.2955796006143214,10.066623067635671,8.293565993623632,5.779146933369828,2.1557062314100968,0.2860144335085126,0.3488110981637587,9.518138250856735,507,1,0,0.1264,0,0.24
-0.18064742698805938,0.26194017683816556,10.347824506018366,-14.328883091203256,-5.167248473950733,4.876303169540635,-0.3604082452425805,0.6044353980509439,11.092768646645428,508,1,1,0.0021,0,0.2
-0.5611905990086875,0.776082156357817,9.735882944497599,-7.981783528410972,0.8886928678482436,6.972129537709827,-1.1023463831290183,1.41999603342326,10.19256352530113,509,1,1,0.0098,0,0.15
-0.7991911096625927,0.502154689467268,9.45419203380782,0.6317686800804366,5.603314285964051,-5.50871801021744,-1.5627067478812104,1.2261571899732548,10.466855686499484,510,1,1,0.0003,0,0.14
0.137758890962645,0.8066724942101074,10.355275635228212,4.610798250863587,-5.302264192476476,-11.481508090281487,0.31894143537289826,1.2557845747654486,12.200274516360269,511,1,1,0.0009,0,0.08
0.5870842178381147,-0.467295244142169,10.16737756775351,-3.500467529421601,2.205714325679243,-6.04835586422582,0.9531446111058495,-0.9232272159035833,11.764966815968686,512,1,1,0.0,0,0.05
-0.6200859157268678,-0.5503577312044338,9.822189554921014,2.5769631086273264,-2.4446170236583797,13.983424945857482,-0.784892728927875,-0.780425919005042,10.722468537951496,513,1,1,0.0,0,0.02
-0.09283494329386978,-0.14888059252961897,9.671630897735312,1.9983273053486874,1.993310218656076,-2.639930509746973,-0.18187181882501283,-0.30085091444196205,10.478614161053711,514,1,1,0.0029,0,0.02
-0.3285957383888611,1.0832979149781812,10.155947620672482,-0.8483444020768917,3.3169122365632604,-0.8526075752774267,-0.39687025364302947,1.7992628104500654,9.976716100645065,515,1,1,0.0486,0,0.0
-0.5214065878896366,-0.04456375770975312,9.84124097907112,8.780447469147724,-2.9224650646101265,-6.904800713386791,-0.7361455881358233,-0.09671673340733132,10.914394841843354,516,1,1,0.0017,0,0.0
0.8655359013527547,-0.3726913231390981,9.911734056836918,-4.625678702156418,0.7381512664803447,-10.01047470818085,1.2715208603712715,-0.9269171321795758,9.691876429595755,517,1,1,0.0363,0,0.0
0.6654934669450915,0.3488844490410651,10.044991229156544,-3.787910150860389,8.141858958026162,4.563195547234856,1.0919476948298432,0.5209015384269478,9.14151933618294,518,1,1,0.0119,0,0.01
-0.23520477719626845,-0.5572204662587817,9.648028509721373,1.0341377865129142,-0.12371675221605072,1.963576943339839,-0.5015832790449559,-0.7531274285831657,8.990409481308436,519,1,1,0.0104,0,0.02
0.15615144624282792,0.5048588151927373,10.047603319551351,-5.867285552450118,8.45321812128974,-11.175065724219266,0.19445552763690818,1.0534960415083419,9.169653366572781,520,1,1,0.0101,0,0.04
0.2813908233340287,0.45435198241950525,10.036393063137234,-2.752640050334641,1.912704925676311,6.016723000292642,0.33460079856188335,0.623361014282532,12.27463406004231,521,1,1,0.0015,0,0.04
0.09227927169242134,-0.44068492943329235,10.248075659237003,-0.1563265413106998,-11.749809442824644,2.255053479281367,0.21554827112350666,-0.9648697961051899,11.766888778735467,522,1,1,0.0006,1,0.02
-1.1733921230594666,0.4294516110901251,9.575385506833571,-0.787583487314246,-7.8040075852801,11.870356135959796,-2.0217839613104847,0.43786319792476847,8.844631412476446,523,1,1,0.1207,1,0.01
0.2654444761021383,-0.3060150732327335,9.614913767092462,0.27956227889687013,5.898691785434973,-1.4938759979935172,0.4451244358783636,-0.7542417467445108,10.825192456747084,524,1,1,0.0018,1,0.01
0.3818608780750953,-0.2510901433342064,9.779842459954104,5.012867550455775,6.954118181002526,-5.907113196896233,0.860999210167769,-0.26916885077947444,10.46468488476113,525,1,1,0.0014,1,0.0
0.2931711735317873,0.873587016905792,9.715727585973044,-9.05408004143261,3.4208522149473346,0.024882667305403353,0.6156197164572693,2.1541596340144045,10.641761020521377,526,1,1,0.0002,1,0.0
0.058532869723236444,-1.003693479686105,9.814355651910764,1.5215113586336229,1.7249916810799815,3.002807956876676,0.10501989363817275,-2.1518567160145428,10.141448206023652,527,1,1,0.0475,1,0.0
0.36582915845723973,0.3773436157475621,9.970606687211509,-3.9273665869032106,0.21175920305923185,5.388674094137572,0.7988323343123731,0.5306882124246755,9.243671446120269,528,1,1,0.0109,1,0.0
0.5503982230825989,-0.3021762197866977,9.677321200680492,-4.196608308042144,-15.197729038679404,-2.6436520531981107,1.2920599965819526,-0.3617076788697295,11.303837248107952,529,1,1,0.0,1,0.0
0.19451790529517354,-0.11168713419927362,9.7106845874124,-3.1228211622190907,0.7418641599789565,1.3319872299543143,0.28361331726706074,-0.12465819939114002,9.624340961610448,530,1,0,0.1537,1,0.0
-0.8531348515520796,0.017179671388440062,10.312511198555155,-7.93356018773984,4.2621173679635325,-2.6399849527165813,-1.8793192851853044,0.03071892144587163,9.459924747708113,531,1,1,0.0386,1,0.0
1.2477565675428208,-0.20507725651734476,9.441587582859533,-3.558177255968002,-0.6493220134325202,-7.246454880681799,2.585950108991196,-0.41684068763826543,11.708860985238077,532,1,1,0.0,1,0.0
0.06698485624247204,-0.07590952052270196,9.908393217735322,-3.1344013708856893,6.122947072342937,3.5810135675393324,0.15303865846680934,-0.1602229814577053,12.478402073287558,533,1,1,0.0015,1,0.0
-0.9790410063359948,1.1189357585686908,9.576076612221318,-3.7841591629763744,5.458722661368263,6.995518331363573,-1.2510554093932575,1.4572662199978506,10.25657760742186,534,1,1,0.0248,1,0.0
-0.03770751390002834,0.07345768015292313,10.153982082726863,-10.148957023857905,8.29685802366481,3.21417445197918,-0.05614844441328061,0.14192186372027343,10.126326440169123,535,1,0,0.1356,1,0.0
-0.6160823222899386,-0.14403968597646435,9.363323076706093,-1.1448212174285974,-4.076554262528431,-11.952130400395642,-1.2681551231176411,-0.14866005324456136,11.88188746349354,536,1,1,0.0,1,0.0
1.2280543673875024,-0.3836462412889297,9.299746584710695,0.5128441284548324,3.008519935484669,7.23786766219876,2.1085446934863112,-0.7127784294621198,11.258381109148216,537,1,1,0.0,1,0.0
1.3467552066097526,-0.188614885808821,10.281955381067315,1.7526030278916567,-4.8145328994168475,6.524336161753719,3.197643644450289,-0.23214267387815793,12.720821714167014,538,1,1,0.0019,1,0.0
0.09449945397480694,-0.12370923902860115,9.62577505126238,7.558903231435272,13.247063094343881,13.557622252164752,0.1872675214294145,-0.24665395370079812,9.848394394817651,539,1,1,0.2676,1,0.0
-0.07955214979855017,0.31910125399714123,9.93343876491901,-7.53300997915948,-3.1676347767413193,2.613190531512331,-0.18721242460159504,0.7461421121776721,9.683053013686012,540,1,0,0.1301,1,0.0
0.8510570353680817,0.002670234247760452,9.12992446216106,2.39255398149462,-15.517940141165354,-0.6365643196419228,1.4047745634805362,0.006097705352803913,8.48297436812005,541,1,1,0.0127,1,0.0
0.2426373816053508,0.6038914089067756,9.618987764958966,-2.686773271636898,1.1744942472803601,-6.6492151650383216,0.5632673582113649,1.173320310427756,9.276058637899435,542,1,1,0.0035,1,0.0
-0.34694377397715054,0.7931307841692513,10.03332942261006,-1.3676241027176428,-0.0030241836698292803,4.535129954240925,-0.5393515829216843,0.8911692923411026,12.273942469184268,543,1,1,0.0019,1,0.0
-0.1323461410335996,0.12819804082289754,9.841534466391394,-0.4832248710317283,4.696269490955737,-2.01007933023109,-0.24910846116757154,0.2750244171448777,8.993820209565826,544,1,1,0.0248,1,0.0
0.5450770596866004,-0.263615946239494,9.635360961179464,-0.46645771071319236,-5.777362315152042,3.299288039533846,0.8385616490052376,-0.4425510522184486,8.762803324972436,545,1,1,0.009,1,0.0
0.8103750096595175,-0.6999270797447462,10.082926155647977,1.2007232650100415,0.33243373909835927,-2.3922949847372155,1.7880198521436979,-1.6316941467255321,11.75248822841253,546,1,1,0.0,1,0.0
-0.4708270953475756,0.22334505841375557,9.110610304194156,-0.6129199195088857,4.336313697212486,-1.6118215737130224,-1.0450729870368038,0.4757068257016205,9.701889098383122,547,1,1,0.0192,1,0.0
0.0951052115800504,0.4097995456040896,9.99523490865578,2.297139345237764,-12.693709185221536,-6.981843290269335,0.14126523492913204,0.7536648597824811,10.561186939851686,548,1,1,0.0,1,0.0
0.24735185527495215,0.7096639775304759,10.163260217551127,-5.0016795276831,0.24542509299447926,-1.5756992234656562,0.3449268944516563,0.8513692493058356,12.654671207644062,549,1,1,0.0048,1,0.0
0.25316243246308007,-0.641760906000021,9.750413833467439,-3.946443981558823,4.237729097070932,1.514022276276734,0.5853106799068108,-1.1589130836426007,10.432051610093717,550,1,1,0.0,1,0.0
-0.7325888684911784,0.2285952939266169,9.827425053320786,-7.060441454626186,1.4950772122574039,3.749696487967818,-1.1526898054133536,0.24023840289375345,10.559467583382933,551,1,1,0.0003,1,0.0
0.08279527408743133,-0.08772578982065611,10.269956412075787,-3.8057359743880586,3.457115271503058,-3.4504012932024173,0.12000484080297653,-0.17308003138206032,9.645995107617573,552,1,0,0.1492,1,0.0
-0.2106649000127713,0.20258038872248582,9.688887248346788,-3.0390116858332417,-3.56251604789128,-7.378548182718686,-0.40477519751626967,0.25157168713481887,9.371684303107136,553,1,0,0.1342,1,0.0
-0.12096527192143666,0.4077311368506474,10.116191268181238,-3.3532722599652853,-0.17343376586785172,1.0878561552827821,-0.2899418821732719,0.8744523960275512,12.068654788126409,554,1,1,0.0,1,0.0
-0.08852483870855796,0.10153198298784291,9.92814193538214,-5.882154796054069,2.9159527135920147,-2.3965813396981366,-0.1095963492254475,0.11739253515551379,12.833630283540048,555,1,1,0.0015,1,0.0
-0.014234529672535527,-0.36332048859595045,10.11775669726653,0.8135105252585334,-1.9720823922775519,-1.3193052131097462,-0.03535634834074767,-0.8923302934893014,12.81972241654269,556,1,1,0.0018,1,0.0
-1.1880227524418852,-0.20163120387115918,9.675877598587292,-2.1178162631938124,4.491488018037476,1.3601188627560479,-2.2309929222369775,-0.35663518913045855,8.716159482516211,557,1,1,0.0279,1,0.0
0.15253958309208013,-0.3598690892618323,9.626637596634712,-5.364220140062475,-1.5175080867361546,0.2234547587135024,0.2034862093279111,-0.5811113244001431,9.8151259476624,558,1,0,0.1536,1,0.0
0.6224397176673955,0.18534009817594763,9.611454161603039,0.4960607912027274,-6.331799186155953,-1.3990951648075938,1.1403634993723049,0.44820544486055497,11.010902004008353,559,1,1,0.0014,1,0.0
-0.9301501379561604,-0.013834897631609435,10.067966607612263,-3.0816554818511337,1.7960374772130283,-0.8320441992135572,-1.9661864300936798,-0.02988576669706852,12.989411333195026,560,1,1,0.0007,1,0.0
-0.11553469891716149,0.33504935267806135,9.827462313248073,-2.144329429171759,6.790323623764792,3.3624128365196517,-0.22469756728547274,0.6830918999303593,11.003521950368981,561,1,1,0.0015,1,0.0
0.6939548548367669,0.21206713737854854,9.674662133947368,1.2728455803714378,6.845020904293864,-8.060775387870654,1.4083819658203036,0.2599628698711235,9.4857610509972,562,1,1,0.0567,1,0.0
-0.3505024611666557,0.1826454558858348,9.937830553318724,3.4307369464188104,1.3471288556989849,-2.018532811556963,-0.517033509605835,0.1994621949285808,9.043460272566154,563,1,1,0.0247,1,0.0
0.4596057959433174,-0.27452041307955816,9.314087899784447,-2.1652071741277794,-1.34350814531025,-2.3646306502579275,1.0831166826201035,-0.6461558176736215,9.650901859318193,564,1,1,0.0401,1,0.0
-0.4482449959623371,-0.5372973625077445,9.55520237931394,2.650822213077258,2.991365847337134,0.19974495708012896,-0.6360420191014448,-0.84364462589471,10.00501316049906,565,1,0,0.0855,1,0.0
-0.17758083831743415,-0.5047550660359336,9.495430340270712,7.0188771304465405,-1.3330171487205944,6.656576137730886,-0.4403889893547759,-0.9650555747980593,9.53397525083524,566,1,1,0.0541,1,0.0
0.23767238980971928,-0.20561952874751238,9.807282676729264,4.45328427480447,4.6384736636405774,1.418902114407743,0.5085418384216558,-0.33353599740806866,8.867831978932744,567,1,1,0.0239,1,0.0
-0.10358498257011212,0.4002348853567311,9.937771303009237,0.501945893515331,3.2194274374653737,-0.7705116762574565,-0.23922836113917034,0.6115622574808023,10.676234847936476,568,1,1,0.0015,1,0.0
-0.14432488761992915,0.10586782848378165,9.666646174307072,5.0237450721955,-8.44281562201753,-7.126685494410303,-0.2991625965804136,0.23682140993629136,11.19163173018251,569,1,1,0.001,1,0.0
-1.0974327678574758,-0.03022365085855213,9.948560112956223,-1.296615338847603,8.524732215318906,6.667842251884596,-1.4747190717489032,-0.04960857484711674,9.918338173768138,570,1,1,0.0179,1,0.0
0.2012074229379492,0.6457045801076248,10.055810245831093,3.418934419852593,2.141366399796855,-1.3359082578755301,0.42388698395281377,0.8488715256210121,10.929262539737087,571,1,1,0.0014,1,0.0
-1.15999165231889,0.16134040504950958,9.700870784677116,-1.6563901455567547,-3.6665539959999633,0.040592753115788485,-1.361822230307238,0.3761340636748869,11.6235178920276,572,1,1,0.0015,1,0.0
-0.13170562651721707,-1.0499623552493305,10.428410153699962,-6.903395532236786,0.6587530441709134,-2.4597465427587757,-0.29671102793879245,-1.683912547798933,12.379563959754227,573,1,1,0.0016,1,0.0
0.2839362433943121,0.612489772718634,9.8105137567693,-0.05284506107341693,-4.06760634004946,-2.997118947116423,0.6504384030590362,1.0052199660529406,11.048409732836745,574,1,1,0.0004,1,0.0
0.5430729700679386,-0.105482173662002,9.758100746032737,8.27225786436467,-5.769938080904767,5.081786692851415,1.31016767359404,-0.19977227737032882,11.318841692805627,575,1,1,0.0,1,0.0
-0.13289316016936312,0.7907964361198614,10.069293012802477,-2.4951580795424717,-6.023850997157796,12.538230424549218,-0.27582888392067506,1.266020209375164,10.341451205923319,576,1,1,0.0113,1,0.0
-0.2538648309045317,0.48823214592358877,9.970245390043374,-3.286675638843419,-2.303212788360746,8.322276705205574,-0.360791118086081,0.6891445248558795,9.35212077544332,577,1,0,0.1156,1,0.0
0.8373943336785153,-0.15845385841723378,9.570502621767721,2.7943593151593795,-6.253244976837182,5.958063265781904,1.6793004094573187,-0.3713585354286982,11.91788725857484,578,1,1,0.0,1,0.0
-0.2538182081706265,0.21561097404623986,10.276508579517138,4.971663464435402,2.7109214167801277,-3.3875463848417637,-0.40070529921109277,0.4592115664960194,10.593974077813655,579,1,1,0.0038,1,0.0
0.7761035338434802,0.6085871758551181,9.831246397848851,-5.069744359407904,-3.0220694712555014,-4.099248490294446,1.6933695855816626,1.0618041681611716,10.859533389487245,580,1,1,0.0,1,0.0
-0.7323884845057014,0.08114156311766935,9.567826257878448,1.9420105718120184,-3.7079954565592663,-2.870094497474062,-1.0834563193869469,0.16501116426041143,11.375226546345909,581,1,1,0.0002,1,0.0
-0.2562718755947124,-0.5295147019549863,9.920720349365162,-1.587833493288432,-1.2588641080529859,4.351374117868623,-0.3625407006409419,-0.9290708040391468,9.570752413251999,582,1,1,0.0536,1,0.0
-0.5975329385914666,-0.947204371350984,9.693690027312261,-7.771722821305801,5.100497905208111,-5.229694261058409,-1.218834944165578,-1.9480543561942567,10.373421337957847,583,1,1,0.0001,1,0.0
0.0009523132432556873,0.22311047700732148,10.134631485078158,3.3785272283126906,-5.6403470251869905,-6.324718290432992,0.001361526205570806,0.3350808390835914,13.162443553309531,584,1,1,0.0015,1,0.0
-0.5945286145634832,0.1844441752706607,9.908194290334661,2.54717179671792,7.153425219698769,-3.8443700262185447,-0.8478903824245528,0.35061271062052135,9.30937831808972,585,1,1,0.0192,1,0.0
-0.14430946542093243,0.622557796337956,13.318019615803733,16.095058306550154,-22.769784538422975,3.8138232434745145,-0.14889936044308083,1.122397360705559,13.769970284880626,586,1,1,0.0,1,0.0
0.9248382283453165,-0.49503585081395596,14.68097164185027,15.182849338113277,12.942038502562031,-2.4349694369976294,2.1501060628783843,-1.055691351773312,15.19079467162853,587,1,1,0.0,1,0.0
-1.4772442445603082,0.5684449631964406,15.014396350806388,-13.790810631878628,7.417682635660681,4.110774475574516,-2.066080715740864,1.3688839229697485,14.522924540280364,588,1,1,0.0004,1,0.0
0.6587365272947595,0.061155542442937076,15.447086057129347,2.192071404011027,-2.045586495401524,3.1443166599420462,0.8228883647698685,0.0767407891619233,17.59009456096613,589,1,1,0.0029,1,0.0
1.7318235379614142,-0.31523685348081865,15.027784599583079,14.047167669623251,13.729443878012296,-6.753472354262375,3.0254538130365063,-0.349000967394815,13.603651034895007,590,1,1,0.0022,1,0.0
-0.43042894734917225,0.029720544883246176,15.606663120725807,12.134931099523651,-0.891963173860745,12.625688056113997,-0.9691685672299438,0.03746895458573615,17.503287402083103,591,1,1,0.0021,1,0.0
1.1711655389829612,-0.4350431090855073,13.35009270546083,9.07659600069196,-11.329275182766107,-0.427036021056241,2.262661826463924,-0.6204314554748616,14.431344820345332,592,1,1,0.0,1,0.0
-0.3995216730820581,-0.4768869158428362,15.28327995683382,6.293274074855637,-9.83724322395588,-11.19384369397288,-0.46858118230778223,-0.9461807260792781,17.220861759261545,593,1,1,0.0002,1,0.0
0.7481154809931106,0.7357195984356375,15.46337904485623,9.051090664609116,15.153534941655069,0.5867654255114686,0.9426218739298116,0.9157022493691437,14.263061311983401,594,1,1,0.0,1,0.0
1.5890253463910011,-1.4670798765606055,13.031976535585937,-13.745894076387614,-20.950565680369575,-1.0800925449689576,3.505036299539482,-1.5109657758943849,12.17555313635253,595,1,1,0.0,1,0.0
0.5137959796105376,-0.07350424672437839,12.48762460955884,-15.535339573016888,-18.290820096238846,-3.8122093003594233,0.8809709827152951,-0.13599192829794482,11.331227055132874,596,1,1,0.0,1,0.0
-0.7068596748369983,0.6090599955809322,13.40390259703771,17.53664844752784,9.635499286021403,4.073458748681304,-0.9058096528827869,1.2082136135775097,15.517577347484584,597,1,1,0.0,1,0.0
0.5323136277787602,0.5111036364258903,12.927745435450543,17.463943447880006,6.547018507392475,0.023832494744410772,1.1420788236931245,1.1537605322295124,14.052757158862933,598,1,1,0.0,1,0.0
-0.9110039259171006,0.587261417547866,13.10803196191905,-13.274428358553969,2.78833808067461,-4.755757507837053,-1.2595777920509799,1.0135727402959727,13.729113134358991,599,1,1,0.003,1,0.0
-1.8958805640331935,0.21593984821183726,14.673551364474587,-3.635054393833881,11.883762176578681,0.9582151393461937,-1.9268619258492077,0.28517227745272594,18.9378447304182,600,1,1,0.0005,1,0.0
1.5965975578295621,-0.00870194724386826,13.690548414083858,-23.376265651671027,4.794157121414891,-3.239498760475383,3.6596772263755324,-0.016935596642389868,13.811823086547621,601,1,1,0.0,1,0.0
0.4949731536665839,0.6499554232176146,14.415978987103555,8.717160374574783,12.657350535965053,8.142104249790012,1.2364390474889881,0.8175380786318653,15.255868672325812,602,1,1,0.0,1,0.0
0.9314137229452277,-0.03916030870778709,13.19618621384798,14.859916287389055,-11.694167052060209,7.475256143070219,2.246751922999524,-0.052402187784940116,13.084775222625971,603,1,1,0.0004,1,0.0
1.9964877567415424,-0.914071484984901,15.404935005860178,-12.989438561833165,-13.970413114806442,-3.620055502746057,3.3907083137780747,-1.3594708800420134,18.026820972498562,604,1,1,0.0,1,0.0
-2.069434612284753,0.3530885755479422,13.937488316809768,2.497704316224109,5.080684767264014,0.28117508333861585,-2.502724099116393,0.5673899709841504,16.900312827128698,605,1,1,0.0009,1,0.0
0.607996493643435,-0.3179393115964503,14.915990365601388,14.200485361516241,-11.495220628555291,0.9540268246316894,0.9627220244215363,-0.5903133951069113,18.54793170977455,606,1,1,0.0,1,0.0
0.22534306633871048,-0.13102238681194264,14.808803258364286,-12.149343221522903,-16.31902248030144,2.730222107659415,0.3429202636089488,-0.1787860169502603,14.814481767576542,607,1,1,0.0008,1,0.0
0.05912161679641073,0.395007103325143,15.239725146264469,-20.535957480053376,-10.242660807623636,3.120843400530652,0.09715296719617973,0.7201644508467222,19.165315097462628,608,1,1,0.0003,1,0.0
-0.7795557589484606,-0.5641188030115915,9.697635461523815,2.4167420923754657,-8.368819994455665,-5.238670682196527,-1.6742201289091183,-0.6446376342838543,10.370090858956974,609,1,1,0.0003,1,0.0
0.9236204603382748,0.072591136354307,9.759734886810863,3.1251429894790577,-3.9935815008651128,-3.2441696874668557,2.2099955621092406,0.10583439490752633,10.817284979556543,610,1,1,0.0,1,0.0
-0.23957400501639808,0.23072896877601412,9.869419445312836,-1.9063409969245904,2.8789986595880452,0.5710568935380285,-0.4587347492768709,0.2537210588435603,11.793575296075892,611,1,1,0.0015,1,0.0
-0.2121933985553516,0.09406449980037548,9.536447460313973,7.833105274563358,-0.7440564322626336,-0.9853874847107446,-0.22551141483328974,0.1655865169718594,8.96564521028033,612,1,1,0.0223,1,0.0
1.3929151833704978,0.5974694387760231,10.075951209321145,-2.60296828536297,2.2708453611779067,4.793254826312088,2.636091309876528,1.489549109268682,11.676648969839631,613,1,1,0.0,1,0.0
-0.5063585250758565,-0.23041686871613573,9.762755087094959,3.2502697296509773,4.202185888671886,3.000238798390882,-0.5579305371393937,-0.36036756735281383,12.141318649840763,614,1,1,0.0015,1,0.0
-0.1704929058609746,-0.7705867648402073,9.68036235235716,5.830568338317752,6.888430593987276,2.869581182348686,-0.17126215147571278,-1.601917871995673,10.082435203430803,615,1,1,0.0489,1,0.0
0.7026995063439421,0.9031245180445163,9.80114058050283,-1.370218545747735,-2.915377802917996,-0.4287197677130089,1.6979482030335635,1.112298547650036,10.58559704178447,616,1,1,0.0,1,0.0
-0.3917592849592229,-0.38319276388352785,9.537729322326358,4.585712398331697,9.22769104275788,-5.041761772365084,-0.931977150302781,-0.9414171449376835,10.971033898207708,617,1,1,0.0,1,0.0
-0.4100468094868855,-0.7479912298082421,9.994739490707687,-8.113904233789578,3.4610024197779725,0.20515519760016637,-0.6108815149112965,-1.4522164148193475,10.45657808729783,618,1,1,0.0009,1,0.0
-0.3925029237103562,0.6695684962269429,10.045570636859157,-1.8576686003302658,4.401522830610861,0.2873455991985586,-0.6483482691100048,1.2755650105386436,10.55471335345554,619,1,1,0.0,1,0.0
-0.19543849164096452,0.26896812375904305,9.23696382015039,-2.244506860676008,-5.403625890543133,2.2235278780150707,-0.2613012164735441,0.46940220697059176,9.884680791676479,620,1,0,0.0999,1,0.0
-0.3613667049426041,1.0184623270925472,9.739354921051628,5.355314119660899,-3.458038682245723,2.550152587328611,-0.8144376646151845,1.7043338859308281,11.820404761767973,621,1,1,0.0001,1,0.0
-0.0791073686096768,0.701723428132084,9.865630362315894,6.361854239478245,3.2232201935918003,-3.421769025767497,-0.10474460770393527,1.537173793775311,9.312367216985692,622,1,1,0.0162,1,0.0
-0.6482216947600867,0.13579734302719693,9.930145998034336,-5.701042911358259,-7.815149435613085,-3.3152678303667633,-1.3856995888580734,0.28712604240433526,10.155870209031344,623,1,1,0.0444,1,0.0
-0.2705797205859296,-0.38488263391838,9.495820996626897,6.953661309814013,3.1017952101150237,-0.8699649015331394,-0.588822131446873,-0.7379973619606862,9.673423911182255,624,1,0,0.1175,1,0.0
0.3569935086630135,0.19487001114079014,9.85973637179204,-5.40526776477274,-5.758080168769241,1.128081974217452,0.6338598932919183,0.28862980684263445,12.793833079426914,625,1,1,0.0014,1,0.0
0.1335836399494199,0.2425065788608304,9.435329093755874,-4.281985859929066,-4.258103771128089,-6.360398466673484,0.14703682044769115,0.36230445108279236,10.587277989413918,626,1,1,0.0015,1,0.0
-0.3740688705425438,-0.7851012422256654,9.969429863533978,-4.284678181024512,-5.460384154987695,3.3462663875563123,-0.44189468386073344,-0.8153286096266924,9.056323206659668,627,1,1,0.0249,1,0.0
-0.05428797493419899,0.4142467721203769,9.378943665644284,-3.79875097220535,-2.7943419635232667,-0.12356054661007004,-0.1060105973924217,0.6663274155544096,9.996838021198402,628,1,0,0.1484,1,0.0
0.4955926392633624,0.10664343515166233,9.73200032227624,5.734290946744992,-2.30957397961839,-3.42670612029658,1.2141308405771638,0.19942823865403386,8.797704336795576,629,1,1,0.0067,1,0.0
-0.24982883631215033,0.3093539186934884,9.703698199411498,5.039897961717158,-9.228707633511355,3.218205742974261,-0.5719475425109954,0.6041499865098655,9.412971488617266,630,1,0,0.1436,1,0.0
-0.7455204545519408,1.271636689548797,9.584308276133363,1.2359619547757088,8.116061249521989,4.777742934963384,-0.8288296554986396,2.1114551899163208,12.380070495983416,631,1,1,0.0002,1,0.0
-0.05017047184570061,0.2537056113281217,8.980872011199565,4.897743947838959,-6.9589244268378705,3.3691621068590627,-0.08284230355769197,0.5263117912481234,9.990907278236485,632,1,0,0.0998,1,0.0
0.10081634139179663,-0.4196135493631672,9.727331439659103,-5.771253109881882,4.556684908601792,12.590227239057532,0.10637033569480037,-0.4565392792193636,10.254709468116276,633,1,1,0.322,1,0.0
-0.12595965378427063,-1.6665745533806071,9.608859439055559,1.4863355197282222,-2.7101184198398554,-0.3183142372626777,-0.14183985317891534,-3.7170656474733623,11.548918885894667,634,1,1,0.0004,1,0.0
0.9905373435518425,-0.002443940329947755,10.041699032705896,9.491187950650659,-0.5361991801576537,-6.236019842727609,1.03094496860698,-0.004041098073174243,10.698146935161825,635,1,1,0.0,1,0.0
1.0217531815126113,-0.1451879605516282,9.820539755689804,-0.5263530104691387,3.901563565233281,7.509441285720758,2.5333156613731918,-0.2893708259645918,12.29906255757166,636,1,1,0.0029,1,0.0
0.1820334431360826,-0.7283919479936238,9.330458377411817,2.8906764029117404,0.028991566166208523,0.06485121422596749,0.3476106021369974,-1.3867352385240637,10.438104648549121,637,1,1,0.0009,1,0.0
-0.43650752851871155,0.2601306651072497,9.22162647986555,-0.8923107905371551,2.1303068771146334,-6.391652954300627,-0.49795777640502925,0.2716164049702407,10.912767740299039,638,1,1,0.0015,1,0.0
-0.5576419940213377,0.4340042320621983,9.805585233420276,14.592607693388882,7.29187289849237,-11.261772118823522,-1.1939350884551179,0.5426336752712362,12.381196839596432,639,1,1,0.0,1,0.0
0.2394213223660766,-0.3712434308275643,9.755218605502359,0.5078694064524448,2.8220040438275658,5.257494965161964,0.43166004678172304,-0.4437438723363772,10.792371042212888,640,1,1,0.0015,1,0.0
0.015371387796907776,-0.09945367572158932,9.835640941121829,-2.259441115580478,-4.233045477389144,4.242948099812253,0.01546599886184902,-0.1181514124097759,11.340648786905259,641,1,1,0.0015,1,0.0
-0.2802586100434254,0.4956169569142057,10.13591307211474,0.513895829100398,-4.1039525425580905,8.616663636927491,-0.4424491104036207,0.9931219199588066,9.79046036426327,642,1,1,0.0359,1,0.0
-0.6011402293655832,0.1735769841277409,10.152351141030284,5.329150445408715,-3.5820163316486986,-2.412527554894317,-0.6067638581444001,0.19691164264288025,12.042116989767194,643,1,1,0.0015,1,0.0
-0.37609714418725093,-0.37515831612827377,10.16290650952334,1.1957130945662346,-3.2943093746990604,-3.2574314388720205,-0.5680610641803027,-0.8210629134021094,10.133396176407754,644,1,0,0.108,1,0.0
0.5397952976144744,0.5910127364402847,9.947131580383825,-2.747850983866887,8.345706480424706,-1.3920218454926045,0.8293119617909832,0.6578852532166058,11.991506785110985,645,1,1,0.0004,1,0.0
-0.18846030200903305,0.2495562145348425,10.530788500428049,-1.075785491238528,-7.983693707445555,-4.928060242084416,-0.45747635306579715,0.29673282024760145,12.468416068417623,646,1,1,0.0012,1,0.0
0.20517885408246786,0.42588954206198526,10.114033109658035,0.8351428109431756,0.022013206664094186,-6.498325740921081,0.24007546325419699,0.670829016572051,12.800767961384228,647,1,1,0.001,1,0.0
-0.1181835525773776,-0.14048803170922103,9.991475348891434,-0.26674840189696153,-3.8932399111604803,-3.8888601335369466,-0.12569381192617296,-0.26423900171512066,12.773521779386824,648,1,1,0.0015,1,0.0
-0.5571094102147345,0.4404271732542198,9.245759174002266,-8.217516141821225,0.716903243490541,4.262497856401897,-1.3062764634763755,0.7943384320715667,9.590887582743981,649,1,1,0.0157,1,0.0
0.430380376011263,-0.15404798698303354,9.77042418702658,0.43974348246769096,-6.064018094618807,0.20026453897928842,0.5876522928611427,-0.33365718780724635,10.360066830268945,650,1,1,0.0277,1,0.0
-1.0127207302860617,0.700265436631442,10.218896144137132,4.266466347415302,4.3661122487847805,0.4948878285345053,-1.7856083460571541,0.7908737072046406,13.170842007499187,651,1,1,0.0003,1,0.0
-0.5587373798708963,-0.5021116288794198,9.805795794777437,7.365841446760692,-1.8167590617030847,-2.693275055222389,-1.1075872401433207,-1.115305773754824,10.792327021940402,652,1,1,0.0,1,0.0
0.22068109386955334,-0.8901909761280226,9.64220831489301,-6.787418560841684,-4.166290344337462,-9.45490961247863,0.3749101612916338,-1.9435179542737915,10.47683949907676,653,1,1,0.0007,1,0.0
-0.24684203932155005,0.7854475404132477,9.708403751844045,-4.246063096573353,-1.3305920619611267,10.06215087281815,-0.4115357008724225,1.365704091848404,9.318821992274113,654,1,1,0.0116,1,0.0
-1.534123588719131,-0.21830043754741696,9.564039592671605,3.5692758961508675,1.7080960229839435,-0.08979659078832244,-3.695327587177396,-0.5012919048506057,9.842040693221534,655,1,1,0.1157,1,0.0
-0.05275274336065568,0.22203352285077096,9.925810885534462,6.935536473001126,3.2833590672698687,0.9145986938096701,-0.09405891996365763,0.43020317278884695,12.500345687275678,656,1,1,0.0015,1,0.0
-0.22206664426680064,0.5693634311044355,9.892060814761283,-1.2954996670857366,-4.639825507914146,10.78485397189155,-0.4481097101096245,0.8880698607175377,11.5670668682566,657,1,1,0.0,1,0.0
0.9593653702213529,0.344840718643694,10.296873075568259,3.080340818603939,-10.959545180778353,-1.5375191728450504,1.7882144719715682,0.5055559048189769,10.75583598418084,658,1,1,0.0,1,0.0
-0.15255957537026302,-0.18052569587343903,9.157523170074672,3.7001017873342485,1.1686485341590556,5.799955950314905,-0.29450564171723964,-0.4491325471195541,11.414806179801431,659,1,1,0.0015,1,0.0
-0.30334991853017074,-0.06339956220225425,10.035152887795201,-4.683779347776521,1.9259791980251284,-3.3662063867624754,-0.403906686030458,-0.08885088832442342,9.439900379482793,660,1,0,0.1534,1,0.0
-0.0021216537025545053,-0.8893439160035926,9.830827035609003,4.438138805565,1.1659714222352529,-1.6012000160437732,-0.0027361175589464292,-1.6391344642631867,10.99247992293366,661,1,1,0.0006,1,0.0
-0.409194898899746,0.9563324662819156,9.919795443501377,4.331386850661005,1.4506091568098896,0.033734706178719674,-0.564352260878571,1.9626627450556426,12.13257264927775,662,1,1,0.0002,1,0.0
0.007040563394865636,-0.3834501376383453,9.768595263857058,-0.8269215147228004,4.32642374977969,0.7544946760984123,0.01437175941925416,-0.5366186873334219,10.105420712530963,663,1,0,0.1537,1,0.0
0.16727238844684145,-0.5252855103660964,9.396473149056375,-6.120003277167484,-3.9569453967054455,-0.28738624980901945,0.3747804378614735,-1.0118083385144356,10.872460942935069,664,1,1,0.0003,1,0.0
0.26662831677203963,0.6330157507578862,9.889549306138768,-0.7860289849036505,6.878157180684182,-2.142012306280085,0.31277432995404,1.0965991641981658,9.715116448106151,665,1,1,0.0413,1,0.0
-0.11567925798583126,0.4491805727817083,10.590371166148419,-5.452836314202594,1.9441891377385503,-4.886103604404028,-0.28255239559638434,0.6582981786516919,10.096898447703515,666,1,0,0.1132,1,0.0
-0.3232935804538943,-0.588432721308978,9.722297672969722,4.669258145744591,-3.604455041344984,0.11552176348105514,-0.6488836814225571,-0.6200112082096173,11.039389783812274,667,1,1,0.0043,1,0.0
-0.8570781951282097,-0.01406538549295001,9.8918724936527,-6.284567742614277,1.4375884531626182,7.478378127017596,-1.6618083234237055,-0.01487215147237548,12.151853015394153,668,1,1,0.0007,1,0.0
-0.16487621240031006,0.2970941271427334,9.222666480960061,1.2408074794090314,-3.545097771469745,-4.711793962124568,-0.3246627514933886,0.3267840131037088,11.233855082987123,669,1,1,0.0015,1,0.0
-0.2134546151914559,-0.04932763656485353,10.339510184455936,-1.0661858661614712,0.3107498731451907,1.2434353854043523,-0.43838145464357653,-0.06288329261078822,13.167489468319012,670,1,1,0.0053,1,0.0
-0.7007178039000928,1.5225784358079801,10.28818412156663,2.1272111680390178,2.218702476910791,-5.41223628312676,-1.5038017775266133,3.464365053120814,13.085952132373128,671,1,1,0.0,1,0.0
0.12929764097852492,-0.0922175636293231,9.251124040030495,5.7375841396025145,2.9078222013584516,-4.609401563422372,0.14860854495262352,-0.1628507534892831,9.784507944896651,672,1,0,0.0999,1,0.0
-0.38193896663888044,0.8248541523710398,10.135170222084755,0.7022003752109184,2.869034400778385,-2.6126729744490955,-0.8212154698665961,1.0259173112273803,11.405911542688262,673,1,1,0.0,1,0.0
0.3806684079300842,-0.14508069554285416,9.978121725354585,-2.5213626404659335,-8.490813551368063,-4.704405781801036,0.5563030330885693,-0.17025860056132763,9.246562910391892,674,1,1,0.0261,1,0.0
-0.17528484579104078,0.027100926925484353,9.777045820847297,0.16612021789942516,3.28091718376476,-1.977832046536446,-0.3010605146418138,0.044623724513164445,11.207383221484553,675,1,1,0.0015,1,0.0
0.03948762184598644,0.6518257878590422,10.225519487143428,-2.3652126998915803,-4.584736776210857,-4.638436767995303,0.07319957962488233,0.8953728478629414,10.990932700621665,676,1,1,0.0027,1,0.0
-0.0016675760055344534,0.2980148402454691,9.890001593819653,2.727718983264211,1.2796561416085863,-9.646092930398721,-0.0037514874257165336,0.501901913077972,12.482411939071582,677,1,1,0.0006,1,0.0
-0.3307882033866451,0.3060609507352529,9.142091672146918,-8.322318418623858,-2.649324718771614,8.26011893021763,-0.7935250655812426,0.6659103050021191,11.688544536366473,678,1,1,0.0016,1,0.0
0.01726696351913203,0.4419829568361254,9.983532081510447,-3.094217041263643,-1.9776194284408701,-0.27797326320057064,0.02413578127061047,0.9948022079541065,10.51153146717265,679,1,1,0.0002,1,0.0
0.2707708564849577,0.7088148129727893,10.407694159197812,-3.411867165331171,5.325257452621641,6.2514394258588135,0.3551808734238166,0.8528254215819391,9.408513597723696,680,1,1,0.0501,1,0.0
-0.689792740380979,-0.15153743514111354,10.127457716492412,6.303068555963288,0.45388737618550645,7.763354045709967,-1.6689767989758744,-0.2378204951952641,11.087963929557317,681,1,1,0.0,1,0.0
-0.07535480860240726,-0.298411354783102,9.968281475020424,-11.038154093722646,5.426715299749544,-5.341691333691463,-0.11325839969176273,-0.7147646005734914,12.864490651252604,682,1,1,0.0005,1,0.0
-0.3148169211019348,0.9489418534072818,9.840785876345143,9.030224711105578,0.19725172208846478,-3.8244948779136183,-0.3960884357442433,1.7220482175502898,10.633311480854625,683,1,1,0.0002,1,0.0
-0.45760408180206935,-0.17990588233087154,9.81022212451843,2.2839452827632196,-7.931568122882499,7.665117296712664,-1.0994294277613235,-0.35104630320179503,9.190144621408532,684,1,1,0.0073,1,0.0
0.8794328696181583,0.7482988073281926,10.203226637777503,-4.359218383414855,4.786872333612714,1.5331783518942441,2.006385133839411,1.2540431375744459,12.033812864677383,685,1,1,0.0,1,0.0
0.4481124649437488,-0.6975407942144265,9.74060857690106,-5.22007894337173,-2.223303820345231,-11.031982819734008,0.5241099132640655,-1.0438749461158097,9.877370207413891,686,1,1,0.0463,1,0.0
-0.9109563720832742,0.4805030096490559,9.689949314890587,7.062091910582379,2.3302531366453936,8.20997256813571,-0.9281774878532341,0.7456396259480232,12.535678797627016,687,1,1,0.0025,1,0.0
-0.0546089638191722,0.25688940570909535,10.106813275007838,1.22383569144155,7.977209228858614,-1.5648901380663913,-0.12416502207499419,0.4187550679485893,11.846783466740971,688,1,1,0.0021,1,0.0
-0.2298033149447262,0.19743465925111212,9.589910075746724,-4.810060644615408,-5.141400644391333,-0.09416307875828116,-0.5160440092599282,0.47693513694188394,12.326782192472335,689,1,1,0.0015,1,0.0
0.5955732695963037,0.38540845288509973,9.949960124198046,-1.8586714403601192,-0.43975444189151014,4.290929633840405,1.1189429235155208,0.8160158537263662,9.423721056800623,690,1,1,0.0189,1,0.0
-0.6994082510194906,-0.36254397656462295,10.107763252476033,-0.6790972370981645,-8.441546642075348,3.089615517208133,-1.0475090204606863,-0.6481167039309222,13.044583162219732,691,1,1,0.0002,1,0.0
0.5217965511785391,0.3949056243623528,10.030399714037298,6.933863299993794,3.215107156042275,-1.8518835986352664,1.079227453152073,0.43790114959183557,9.370378660090353,692,1,1,0.0382,1,0.0
0.3195141251950844,-0.49324364843164004,9.778891721161227,3.33998522912672,0.11368184451665275,-5.609167724853182,0.48689777119881794,-0.7444329082894937,11.064332412205733,693,1,1,0.001,1,0.0
-0.08730596624111724,0.4183535862352878,10.003973216045589,3.0300150204960907,-0.9356990365793693,3.0745590113879704,-0.1538825162985985,0.5110982180449357,10.201160339566027,694,1,0,0.1511,1,0.0
0.19300227343883175,0.20791396866954295,10.210440974183507,-4.851598514750651,-1.1889760155491245,-3.0910177912745955,0.2165697426733571,0.3992233801427766,9.674582060248206,695,1,0,0.1537,1,0.0
0.41608059114838686,0.7764050284966444,10.022550360830078,2.500624412626555,-4.008785740009812,0.41401478956242965,1.0097885664923294,1.8436453015369612,9.319725912044586,696,1,1,0.0057,1,0.0
-0.2901315037257676,0.6307741005417267,10.021534255163562,-6.127439619131553,6.97680171183491,6.686756723479412,-0.30439567629272535,0.7681151730895275,12.496124105806492,697,1,1,0.0,1,0.0
0.14116756459819127,-0.18777315289150753,9.964850094427057,2.941004420714189,-0.4920651658835732,13.19058413922665,0.29493497224154136,-0.18786676481802414,10.059895990262637,698,1,2,0.3979,1,0.0
0.3256134115124299,-1.0549443144159765,9.974764558216163,8.217930845291104,-3.033011179905813,-2.4127372886236955,0.7364299860230066,-2.4516971103669225,12.897856885589562,699,1,1,0.0,1,0.0
0.3984443420772457,0.28834969886411443,9.809844344495813,5.101632563343327,-1.4887029375443752,-0.029014339212239365,0.3672132083556675,0.3148452198830763,9.810837757528391,700,0,0,0.1537,1,0.0
-0.03820284718162103,-0.2139717532349654,10.00958567468819,0.7291297710814146,2.1563158369542994,-0.8004866282679928,-0.08620984590099899,-0.25467021564333114,9.984041301713699,701,0,0,0.1537,1,0.0
0.3745919808782471,0.029339593127103002,9.540311516505463,-1.4280369455204185,-7.074255058506743,-3.506000093396596,0.39917430420688294,-0.04977823569265548,9.572463905020099,702,0,0,0.1536,1,0.0
-0.03764106573151752,0.17662164115229845,9.73814677906918,0.7694245708347897,-6.655581647546883,-4.417067962356205,-0.037557427909386105,0.22436520380748423,9.760171444191169,703,0,0,0.1537,1,0.0
-0.4479308761689843,0.07703613031212767,9.975352847508438,3.106185905632792,1.128309455093591,3.4716562940973548,-0.48086655478296964,0.12426559676304459,9.988758432406568,704,0,0,0.1537,1,0.0
0.17579453686480423,-0.38010536674030326,9.521055762042336,1.8529777535396845,3.058016476632007,1.0538257281962022,0.1560190433648363,-0.4529715482988973,9.588639087995785,705,0,0,0.1537,1,0.0
-0.20975759011338102,-0.30472401141800565,9.494444770987748,-2.4492301982081854,2.4860081919881862,2.8720790789876958,-0.24334846159913082,-0.30825505378642987,9.57729009293559,706,0,0,0.1537,1,0.0
0.5655886982307048,-0.1330880971125607,9.962474147286928,0.9565078495266286,-1.1697313706696035,5.307100656365362,0.5009633962421665,-0.21896739427735756,9.922177990007503,707,0,0,0.1536,1,0.0
0.26310064207479533,0.08091973882864546,10.056295246537523,2.1517358039369894,0.7794506760585919,2.5449649800029235,0.25723095769701654,0.08218438937458496,9.956665373639671,708,0,0,0.1537,1,0.0
0.1763962914937507,0.20538962860297225,9.703197142459134,4.3220029240656554,-6.863641149250167,-3.7242484551712725,0.19354402614807995,0.3019006969875576,9.700898027481854,709,0,0,0.1537,1,0.0
-0.15571180033608836,-0.043321073548323194,9.764128196944176,1.5197592377125209,-2.3871747396010634,0.5997181615508629,-0.17447841048796928,-0.012068318633394838,9.728651524226608,710,0,0,0.1537,1,0.0
-0.6367193064078779,0.553031879625581,9.745420329438868,2.7916626090995424,-0.5970861123326294,0.19856171660596011,-0.6909487024560347,0.5275970685671527,9.723025808951908,711,0,0,0.1514,1,0.0
0.1712751684757761,0.207407635882497,9.864521333997672,3.5957077861914546,3.0794843508900134,-2.0322924574547607,0.12443194028840723,0.14735374571797205,9.81448322656438,712,0,0,0.1537,1,0.0
-0.34297112044186273,-0.08149726033029865,9.878721367161853,-1.4513444966175237,0.26984629424437906,1.7577806263647147,-0.3987115237042128,-0.045110589756458305,9.85228636041263,713,0,0,0.1537,1,0.0
-0.282312807833729,0.18730162672108616,10.186973078769839,6.6104233015873675,0.6391393876704615,-4.729261441989038,-0.24825986927262528,0.2490985047813984,10.256176823845443,714,0,0,0.1496,1,0.0
-0.169356012295957,-0.23443181456715692,10.010456896260086,3.14007531328446,2.2995543687374296,0.7351041517548806,-0.17382550493891324,-0.22801043732030143,9.965430235384453,715,0,0,0.1537,1,0.0
0.6911255302492926,-0.451293857297527,9.719677966437102,3.7199815383875867,0.06987397579512519,-0.525545081671413,0.7885547734976766,-0.40856032271413695,9.645774509215785,716,0,0,0.1364,1,0.0
-0.05733030917444962,-0.24327391540572332,10.120659344796815,1.4936977158926166,-2.924604303349106,-3.9387923917651966,-0.11689766811826752,-0.2686144842887766,10.071296916469215,717,0,0,0.1537,1,0.0
-0.8345382634925078,-0.25345046309331937,9.683413754882768,2.3413393033555963,-0.4950825810566832,-2.1438427373677262,-0.8856265976169482,-0.2558096223176973,9.763886669481307,718,0,0,0.1498,1,0.0
0.13588923634319863,0.4280944045772531,9.79758440648463,-3.849046300199615,2.9223791158882575,-0.8670817073007475,0.07373954588357803,0.4114501785004665,9.799800862438865,719,0,0,0.1537,1,0.0
0.006600310004953418,0.025476091880165284,9.853786901535486,-3.18132310347627,0.15463113039691434,-1.1239443604944634,0.011899527705798971,0.08399041276763533,9.819003737322285,720,0,0,0.1537,1,0.0
0.06246274584039789,-0.023849730183889695,9.768358942507664,-1.2466496627975188,0.7458771811974996,-1.033905127697098,0.0015076391781317783,0.04421524993451473,9.710097165455736,721,0,0,0.1537,1,0.0
-0.17218847148045274,-0.2384460366319177,10.116997349161629,2.238743381924151,-0.6690410515625899,-0.5261457643521578,-0.1281036740713993,-0.19776836482509894,10.075916875799537,722,0,0,0.1537,1,0.0
0.14385261520555326,-0.3976702232276443,9.88281095172182,-1.3662382169711142,-3.052610323499767,3.6007113874907724,0.1370940554672553,-0.3308305135051316,9.852667930650679,723,0,0,0.1537,1,0.0
0.24175204671206796,-0.3017739307810755,9.966809574226527,4.320327618917915,0.14022119861921226,-0.261116115073123,0.32174756069072863,-0.3795716875602729,9.89325057700574,724,0,0,0.1537,1,0.0
0.07089157581986825,-0.0806499652643381,9.93989804489645,3.98323012271719,-0.6965358206700615,-7.012128264880168,0.045207228227041846,-0.06444510319747947,9.988210786193266,725,0,0,0.1532,1,0.0
0.16318474523223636,-0.11878549151368947,9.700009010425946,5.100529139222097,4.758730049364037,-1.285870859056603,0.16148206481266297,-0.09561705577274236,9.65451213146185,726,0,0,0.1537,1,0.0
0.04525801636730658,0.3645727852823422,9.761079520429169,5.658027218036501,-3.464845250877624,-0.35746204521861974,-0.015545520563581737,0.45767823022457765,9.742959272476744,727,0,0,0.1537,1,0.0
-0.29583250729048344,0.2770713876306882,9.940830858367233,3.1187059264067614,0.9801237583895339,-1.1583295972627892,-0.35770356689365856,0.24060981595869313,9.992478258876925,728,0,0,0.1537,1,0.0
-1.1243785202808614,0.3240587569686449,9.632170555761428,2.8372922168665387,3.2946701352898393,-3.3484314372183652,-1.1535774921228132,0.3451167414850599,9.601470686846444,729,0,1,0.1788,1,0.0
-0.316867420686397,-0.2768115259722882,9.92640500042223,-2.827393244674016,2.3464849399049093,-1.7214088021418785,-0.2841358391169251,-0.25679507021480574,9.966498775977428,730,0,0,0.1537,1,0.0
-0.0971581910660923,-0.5647911330090402,9.89498065463476,-4.133615908165485,3.0058886821501662,5.012064678764196,-0.14561563718174908,-0.5676272596292137,9.828764729691514,731,0,0,0.1536,1,0.0
0.293894167609458,-0.09306258277592296,9.820173016319961,2.6244472557105847,0.2046158714241423,-1.3883345811378394,0.31093306254227676,-0.04777447976443839,9.928871772638123,732,0,0,0.1537,1,0.01
-0.24122155052927727,-0.7425456717196409,9.60045649220062,-3.953098407214131,-2.741613559550022,-3.822141077507707,-0.23443541400705348,-0.7294025662766686,9.575647394823362,733,0,0,0.1516,0,0.0
0.1055306791454449,-0.5164137461984489,9.535865288788514,-2.5096068664461977,-0.6030413520569554,-1.4384510900340923,0.22306286746189352,-0.40293620422760645,9.598598124311511,734,0,0,0.1537,0,0.0
-0.1844242991118685,0.11670768884297707,9.771642773805372,-0.047932039889275455,-5.071673759664352,1.9209751612057808,-0.2300537407869791,0.1660544594751906,9.74153127275031,735,0,0,0.1537,0,0.01
0.04039946137369113,0.0687382797334691,9.739526721354652,1.3352539789934943,-1.958492176071791,7.544603894253894,-0.02556663050731696,-0.0023326195703252117,9.6886023632524,736,0,0,0.1521,0,0.02
0.09803551821746771,0.059308907032443715,10.029123399970965,0.748454961822968,-1.2707348437866108,-3.906759943922994,0.12071649117612598,0.11298870417809273,10.090878363188864,737,0,0,0.1537,0,0.07
0.3893935477123192,0.26826030418023067,9.74535125049164,-3.0339896291269732,0.8526597473926584,0.09195666813932823,0.4700060999596311,0.23974664251448302,9.672115107181817,738,0,0,0.1537,0,0.08
0.16578348717324648,-0.1506972888439696,9.961715409314541,3.004243698832851,6.431384282108489,-7.1322581022186124,0.17005979434285945,-0.2198087890069397,9.969435427651666,739,0,0,0.1527,0,0.08
0.6197967309660454,-0.12291388259144855,9.730035952327702,0.9142491452508252,0.5027565069388402,-2.2380749785838825,0.5745176621950635,-0.16725573711128644,9.743123314151799,740,0,0,0.1521,0,0.08
-0.19770792861037267,0.048917168665723106,9.830623954031562,-4.5320534374830395,2.5794472530319554,-1.6245139206719785,-0.19604451935371575,-0.004842539905341912,9.862098183522686,741,0,0,0.1537,0,0.15
-0.2427594881116757,0.11479575293848455,9.83046611748192,5.426092420547352,-4.606607601362954,1.6722505308729771,-0.19985437277779325,0.16617721879939218,9.815004750639398,742,0,0,0.1537,0,0.0706
-0.025841833631698903,-0.38115842751594237,9.690700812143644,1.793519072719893,0.9750502101890735,1.7627294571435075,0.0417590857096563,-0.3199728615016084,9.64958342093165,743,0,0,0.1537,0,0.0906
-0.2761011900607052,0.14549083675568728,9.827950339047888,1.1029178216427025,3.9405407613195607,-3.374220189873875,-0.2214216343655075,0.07057934837601591,9.861588367030151,744,0,0,0.1537,0,0.0906
-0.30220199146239374,0.2093705363882629,9.729007946138944,-2.2842916913343387,-0.18711892489592724,-0.33359043741831995,-0.26959965043936424,0.1642887744855722,9.712050586842365,745,0,0,0.1537,0,0.1106
-0.0022405605891909893,-0.32767553668360067,9.525632004708987,-1.2874594989067327,-4.305855534203615,-3.4097087583305576,-0.00319805352238476,-0.38513465871483993,9.482876998355767,746,0,0,0.1537,0,0.1406
-0.2943942636762686,-0.12540452506316416,9.681965090293685,-1.7354193667730256,-2.641638234771449,-2.1791390790836997,-0.39254845809768224,-0.17205644500520512,9.64594767265006,747,0,0,0.1537,0,0.17
-0.10837529843047068,0.10474357747900562,9.911892209944199,-1.7157343338645323,1.1068880015944562,4.601378665512913,-0.08989790124001641,0.13158515257290068,9.827077080744326,748,0,0,0.1537,0,0.14
-0.15956603266469074,-0.10108198638296143,9.838845071461686,-2.785162616130452,1.3650847093849117,-1.8494993236745496,-0.22829792096725504,-0.07170562430734262,9.881064754824791,749,0,0,0.1537,0,0.0203
-0.2823516149786025,-0.1927377538627891,9.6905219217353,-4.292127781923496,-0.10971701310938867,-4.78938402512147,-0.2498699716762903,-0.17005740312038906,9.656901882436822,750,0,0,0.1537,0,0.0003
-0.35644923251431365,-0.34759734307865725,10.043845772701916,-3.9075635837338893,3.5325622887439487,-1.4118319560200936,-0.41113897599311783,-0.2810768417593495,10.005502560743095,751,0,0,0.1537,0,0.0203
-0.08543706274109682,0.46017406951026235,9.502955571932057,2.084633219733219,2.398460908845396,0.5753240281447873,-0.06940224666977204,0.45846308739247826,9.474892689920447,752,0,0,0.1537,0,0.0003
-0.22018897231695314,-0.2751172872277596,10.226034622105644,3.8489627826532624,-5.275638866378787,3.762147660958671,-0.2737123324591249,-0.3381322681394006,10.183058891032829,753,0,0,0.1533,0,0.0001
-0.11751082188626087,0.33153584663562535,9.790101267111911,-0.03324403358308755,0.28689857141393466,3.632435335564164,-0.09759012736249714,0.3517931887310124,9.7570053448392,754,0,0,0.1537,0,0.0003
0.08309633386429632,-0.1016473747134586,9.862203167051403,1.3090261747533591,0.12112921741315141,1.4738659368653775,0.06001159764326387,-0.19671217231750107,9.976885805851222,755,0,0,0.1537,0,0.0003
0.2555882830193463,-0.09589655179774664,9.720402480879988,6.386191450710207,-1.2571107071750338,-2.6780605192827647,0.2623366319125722,-0.06100787543991114,9.729504669262752,756,0,0,0.1529,0,0.0103
0.11479414418714404,0.22949309510220267,9.66638699836199,-0.2276415190669711,-3.1632863414346946,-6.059895682688742,0.14153681014871508,0.149226653293356,9.757309400807994,757,0,0,0.1537,0,0.0103
-0.03320066176432344,-0.22553549832395225,9.860209287293168,5.0720446300961655,0.9271227200318592,-5.174972731261999,-0.09243923131271642,-0.23794224396563665,9.958275322936977,758,0,0,0.1537,0,0.0003
0.131302011092875,0.8345232675148435,9.991164550347138,7.367693165397073,-1.0133078110467548,3.154557213288463,0.13102706813474876,0.8166574484794387,10.06687804135757,759,0,0,0.1225,0,0.0105
0.008736934838186848,-0.09494843531367586,9.977148265027305,1.429725802458471,-1.449674467943002,1.5131945984208892,0.11733524764680128,-0.1475013453026082,9.958250531839912,760,0,0,0.1537,0,0.0101
0.25006759804829454,0.26859961341631877,10.049438293497559,1.27005783554102,-0.8296645019109667,-4.729335780885084,0.15673273649795072,0.3041151418375696,10.042335478999991,761,0,0,0.1537,0,0.0003
-0.2801047635360062,-0.30988374716945355,9.474745550765645,-1.3592704229799064,3.129347576444437,0.638914151582364,-0.28033329822535474,-0.3410553218873236,9.500676024959901,762,0,0,0.1537,0,0.0103
-0.026850767048169903,-0.2592396542901549,9.547568910562093,0.4948837194193222,2.9145906105319144,1.3143678358717363,-0.07456355031712733,-0.2451541223492207,9.578600292487666,763,0,0,0.1537,0,0.0003
-0.1361486004846722,-0.00910175089117141,9.126277530743577,-1.3317790601208115,-3.566469119262149,-0.9429309006850279,-0.15289969279377452,0.0074321873698695515,9.109912911111714,764,0,0,0.0759,0,0.0108
0.5592688882404987,-0.42516783609845765,9.837118608695487,2.06942468969263,0.7066715180516949,3.123969525612992,0.6824016119044019,-0.4776715249216402,9.813729803763774,765,0,0,0.1374,0,0.0108
-0.07877225357202557,-0.5195045965717355,10.125437353625712,-3.9367026701454075,-1.4891428340188153,1.9633725882607298,-0.2114263501677971,-0.5300530380400883,10.113255320217934,766,0,0,0.1537,0,0.0074
-0.31679172339772166,-0.2650309430606054,9.717764369747972,2.926796564851987,0.2098278624600088,-2.3204934153736563,-0.31479838061681614,-0.315942676162881,9.673996733708377,767,0,0,0.1537,0,0.0014
-0.605172896963759,0.9815909788354934,9.406454781206811,-0.15858757063115866,-1.2413771080388467,3.4691789064160634,-0.6182289095499914,1.0014207671690616,9.39845108660296,768,0,1,0.0553,0,0.0308
0.13877648468796985,-0.5293768446976377,9.84198326366939,3.5535742320084953,-4.949307861645705,3.803911104464439,0.09823111393580683,-0.46737113216301446,9.801652924093013,769,0,0,0.1537,0,0.0258
0.006767822354341654,-0.40060506770833465,9.633060802693974,4.025766906547162,-9.22275358402607,7.279349516197746,0.12254457988713384,-0.39464405609794057,9.685770689043585,770,0,0,0.1421,0,0.0151
0.01834558954449569,0.3989271697037024,10.231873478672417,0.3944638172705437,1.5128567697598125,-1.0704113811598184,0.004880720885409263,0.4646204264289183,10.226855988760533,771,0,0,0.1527,0,0.0354
0.0448606141748502,-0.11719447209292054,9.581504580958562,1.7513494987217757,-1.6105668842704925,-3.234425866086223,-0.04731407831026256,-0.16139815455393058,9.714816673592251,772,0,0,0.1537,0,0.0351
0.061869387486015094,-0.4049105112833093,9.689440232925032,-0.7214643862208044,1.9312337741845491,0.3874572471081382,0.015285973709552245,-0.38451641945866855,9.736823508208847,773,0,0,0.1537,0,0.0353
-0.04966604707916034,0.029435514767063596,10.125541820018825,-0.23338956777551662,-0.11542217190550097,0.00019069338396086722,-0.008930574627871841,-0.02670364850508708,10.158527329401172,774,0,0,0.1537,0,0.0353
-0.1661883826489763,-0.19940918842728245,9.809981229367077,1.9906725109693795,0.41059681659251657,4.426652130132629,-0.17814318670076734,-0.08154866059117788,9.81991474596398,775,0,0,0.1537,0,0.0353
-0.01976112558063631,-0.29121663028428435,9.680046833672794,1.7473377032836632,-0.6093922330129189,-5.372328496731239,0.029481714601734123,-0.32002784377311394,9.582522178109814,776,0,0,0.1537,0,0.0453
-0.036668256399115806,0.01850858123130627,9.372142802818335,-0.9364628080194681,1.636371024397055,3.756842741344199,-0.037612665090722766,-0.017305911279478163,9.465194157725271,777,0,0,0.1511,0,0.0603
0.010040613941619623,-0.3044433444419279,9.811821548667712,-0.4619495925396971,-1.137116581263216,-2.129239954053921,-0.0030927163194541148,-0.28372482459035625,9.795714672066936,778,0,0,0.1537,0,0.0925
0.5202793185980676,0.2863835564968259,9.767004124848105,-0.8732900892816744,3.73822127039048,-6.785732290059356,0.5119984366333866,0.36265399774931184,9.716025904001729,779,0,0,0.1532,0,0.0745
-0.03988928415020825,0.3106164947627098,9.75702889128754,-0.35406157085305845,3.716722481632994,3.182376379350117,-0.025396790941866868,0.27892485894297087,9.767171650781552,780,0,0,0.1537,0,0.0744
0.06063556898706342,0.1854041728716699,10.105706618143929,1.6184106911952676,-4.871115841134048,-1.0771372878795822,0.03919310522671097,0.1270094641817553,10.045721857783644,781,0,0,0.1537,0,0.0792
-0.5111128031914071,0.21097608423699885,9.614265176915387,3.6991086855972077,3.7179150595028103,-2.8656373607092855,-0.5621796346086153,0.2643372014233124,9.538172622739095,782,0,0,0.1537,0,0.0892
-0.3142505595483037,0.3015040719154442,9.495535280039944,-2.1158051008744154,2.3339082073557025,-3.500371909054193,-0.3116624887191968,0.32354205759598614,9.497562760027218,783,0,0,0.1537,0,0.1044
0.027368249760792534,-0.22271817687985296,9.85254106458612,2.81603167547559,2.5844019281892456,-0.5921158310917042,0.04434182795646604,-0.2865528141117331,9.879446450158179,784,0,0,0.1537,0,0.0748
-0.08127829993149975,0.2164880883808788,9.614083299036377,1.0788365275100542,-1.6656181105040255,2.09754456983608,0.0033382915916289196,0.25142171551809933,9.566919776823022,785,0,0,0.1537,0,0.0948
-0.32468191589678114,-0.5591097832918496,9.834372010737036,0.26706401561440984,1.5648592669082464,0.8763277932997497,-0.3377807327929176,-0.6036743195073705,9.87536705316725,786,0,0,0.1536,0,0.1148
-0.0353987622049928,0.4787587253742601,9.85989258905448,1.6529960395845142,0.15788000400284413,-1.4230297276327997,-0.04470131295793711,0.46148442783642574,9.864667129982987,787,0,0,0.1537,0,0.106
0.020025262837609418,-0.24510427104016727,9.656581379893694,-0.6236321116267607,-0.8495696674945866,1.8770003326814564,-0.030349684208748427,-0.3372182901550376,9.652451301284964,788,0,0,0.1537,0,0.086
0.24543661987727536,0.4451283176626802,9.872814158495004,0.527418992480774,-1.4598007025698236,-4.129856875541261,0.22206404931264395,0.45438773973514984,9.858119265208082,789,0,0,0.1537,0,0.0722
-0.18405001047587743,-0.19801291282996694,10.08619590226212,-6.876383537962409,-1.594929369719822,-0.2109999332946237,-0.1912593487776463,-0.16832877747616062,10.151941246958584,790,0,0,0.1537,0,0.0912
0.11389477566745097,-0.7639801475448739,9.887046405646984,-0.4677396861809255,-4.229691114304772,-1.677624208977547,0.18015976411416748,-0.7837300060752459,9.874644414124543,791,0,0,0.1506,0,0.1205
-0.19288168176932458,-0.11778775126873618,10.005402593755733,-7.619987507765558,0.08188588091237742,4.980022757557245,-0.22143781340999583,-0.11435656752280228,10.036126546764969,792,0,0,0.152,0,0.101
0.12019165691320008,-0.6892858134213634,9.658943857901537,0.22150315031413007,3.914891862213393,0.8362249002473332,0.10610241033955038,-0.6947872285410126,9.58950723856895,793,0,0,0.1525,0,0.0918
-0.19086469205880957,-0.2793720014413223,9.783208940018392,-0.6086627628964371,-0.4154269690314569,-3.4595038135802016,-0.21991748043202114,-0.2943297226879369,9.82646106584052,794,0,0,0.1537,0,0.0988
-0.2982775345764036,0.30008697472460466,9.788335898096893,-1.5811966462862053,1.037159909077693,1.5487547271422142,-0.36328516257928445,0.32837794421565436,9.757651536478013,795,0,0,0.1537,0,0.0895
0.7829407296994751,0.3140905296059759,10.02254384209649,-0.8208692225060996,1.6802750268867208,-4.98643234361568,0.8457587574745872,0.34541604888433664,9.920400128431893,796,0,0,0.148,0,0.0704
-0.10374395313421385,0.25388557319527666,9.663374221506228,-1.1003063128161006,-2.6424296459319803,1.0870987874405458,-0.21050503417039412,0.193837370575372,9.627227555719383,797,0,0,0.1537,0,0.069
-0.5054645047186761,-0.2591850715142105,10.015537575660508,3.1860934469910465,5.564677344328729,-2.2862981397671853,-0.4534313181801063,-0.20755301078108945,10.032094961325956,798,0,0,0.1537,0,0.0606
0.12492347537606781,0.18622342174896597,9.641195519372946,-1.0830089748056424,0.5002506841086369,-3.784583069972587,0.1063180841188898,0.26164825074214526,9.649146741857543,799,0,0,0.1537,0,0.059
-0.1082791828841007,-0.022168579255974034,9.892247417307049,-4.192228967410505,-1.3876669224110216,-2.2608983047969007,-0.16509441484154894,-0.09255698723793093,9.910146750002404,800,0,0,0.1537,0,0.076
-0.014460424605345194,-0.16664560273164017,9.976275342814947,-0.8668853783698862,0.8762240437373519,5.750313910539114,-0.003072461584158538,-0.11691621812674007,10.047488766273906,801,0,0,0.1537,0,0.0643
0.07478691969102944,-0.2755908454631982,9.998548221832687,3.2222861265952387,0.8508328155110088,1.5570819095753077,0.09090967347864086,-0.23430190961879616,10.000650183933416,802,0,0,0.1537,0,0.0884
-0.5541621095980414,-0.3136029180183847,9.53263269516956,-0.5198625066602022,-0.38426123503845433,-0.9238821963400616,-0.5365601845526181,-0.3798525898125318,9.481826975362043,803,0,0,0.1537,0,0.0546
-0.05034108376400135,0.052308804448847064,9.654943348763435,3.901208759023733,-0.5552083154693247,-1.809572624090091,-0.046854075693398556,-0.01612739154262243,9.678740486544141,804,0,0,0.1537,0,0.0738
0.05737868312106703,-0.29191409025437515,10.085532367704381,5.514523990519271,-3.225803764234347,-2.561622035169264,0.12150766834496317,-0.1765241579919994,9.990870301457907,805,0,0,0.1537,0,0.0746
-0.20050234140388093,0.05165842226200124,9.632078093161397,-1.3760199632646763,0.3821209992162611,-2.558731776658964,-0.19840686441623187,0.10113715932895391,9.636687382296515,806,0,0,0.1537,0,0.084
-0.2930906976117865,0.04054797443359977,9.551351016932536,-1.1357704633701684,2.664754408081218,1.1926665014234286,-0.2738787250262104,0.04485963709649984,9.697771212190117,807,0,0,0.1537,0,0.0849
0.13279359718696634,0.007420597196150123,9.758746414387797,2.2635507577222502,2.5983767883380025,-4.391526792660364,0.13319911940586054,-0.08846494606305688,9.75920556471412,808,0,0,0.1537,0,0.0749
-0.27111533508358837,-0.3094996633201319,9.664567316329325,-1.306910730336392,0.3238813514529951,1.5343279866985555,-0.2713723278493168,-0.29197564114481434,9.598526607710212,809,0,0,0.1537,0,0.1122
0.21444073123620586,-0.0735485655507855,9.607027394492873,-1.667068606555283,4.9676265974058165,1.7002012621442644,0.20352628829724345,-0.019049737426002314,9.649513957568642,810,0,0,0.1537,0,0.1066
-0.4147912903888983,-0.16169637006613957,9.630404127954922,-2.9426476810754596,-0.280017871683537,-3.9188217496772006,-0.4380761877551195,-0.09659229565045271,9.66158325655995,811,0,0,0.1537,0,0.0866
-0.23762582292715023,-0.22535533120648563,9.632959637181996,-3.8997010333714286,1.6242751270236822,-2.5443009141406363,-0.20766453400214485,-0.24242725438440352,9.682284927377118,812,0,0,0.1537,0,0.0866
0.023139670019503684,-0.1434232441525409,9.843706682502686,1.7822916771870245,0.9853628018611839,3.92629295714739,0.047585229394243374,-0.1247483771639915,9.748066228393112,813,0,0,0.1537,0,0.0713
-0.4451162968951944,0.12736412999435445,9.955879246068438,-10.113776474332862,-0.18768121195642085,0.1821777838458022,-0.5110431292813443,0.09759485295581864,9.925092162822855,814,0,0,0.1421,0,0.0403
0.07545445086143043,0.22976423088292,9.797098866744191,0.9727879464555722,-2.1850143275584744,-2.258109119951581,0.10907714665214385,0.2039595990401168,9.803323710412922,815,0,0,0.1537,0,0.0591
0.05330690250611688,0.15792166495474103,9.626734579247879,-2.770045241193052,1.124009467714113,-0.10616148110889677,0.06383605752636372,0.11298918711069657,9.657790858777753,816,0,0,0.1537,0,0.0803
0.38970853448653464,-0.13663699896685708,9.4156320798445,4.777506991676131,2.999728610451058,2.8247742866165733,0.3958055696597124,-0.10547293666491624,9.35809874229058,817,0,0,0.1447,0,0.0714
0.09291686718814773,0.030853699932482437,9.371439253346272,6.429880467082029,0.6007135364161201,-2.4068332453736456,0.05561993020107305,0.07780955528982814,9.427234377214157,818,0,0,0.1483,0,0.0224
0.2620872366428179,0.17671125435620455,9.925085082634036,-0.07315207687330882,-2.181567631775649,-0.19889198474092346,0.387975621031423,0.23413707118059368,10.008496907756134,819,0,0,0.1537,0,0.0416
-0.12324276101757743,0.43795630496009547,9.801745112402894,-0.5690102082981623,0.22232988788562524,0.5730903914332323,-0.16250720658162246,0.42006064940225457,9.806710161520787,820,0,0,0.1537,0,0.0327
-0.4908854048468726,0.035888093585432275,9.959978523422203,-0.9099803524931342,1.758911697394058,3.0623166910470543,-0.469629367476334,0.014455093166387163,9.876278769541054,821,0,0,0.1537,0,0.0012
-0.14349083388265574,0.04189405978891055,9.829077577096546,-1.1948181518002414,1.384298825483922,4.153647538292315,-0.043701844202470086,0.022228832413999672,9.851606027623962,822,0,0,0.1537,0,0.0012
0.004300302492812341,0.10287892597259667,9.71581045425673,-1.4910009531257047,0.08134816596347448,-4.525839825959398,0.006182158566638369,0.11621977590646244,9.679083630922296,823,0,0,0.1537,0,0.0012
0.1564875986874351,0.0109009352455741,9.935272871884864,-5.267088566574526,0.07408821011570857,-4.742491824383492,0.17430380109790508,-0.02567469560047488,9.908893920291979,824,0,0,0.1537,0,0.0012
0.2949155314647766,0.2209215842276011,9.841469743966947,-0.006421774137888763,0.5489360828675818,-0.9609370893406506,0.24083685754104744,0.2865842412500583,9.808560141802815,825,0,0,0.1537,0,0.001
-0.094685516694702,0.10474463268472615,10.000789999472877,1.8379935326336887,-2.434541481612309,-2.4784398026002314,-0.09826481864046116,0.039281998564060325,9.979350922648317,826,0,0,0.1537,0,0.001
-0.085110570939944,0.07722677829867813,10.004901619097202,6.950425376844855,-1.0049249966855358,2.3493789171912347,-0.06757075261890089,0.11505015419666587,9.961967697616416,827,0,0,0.1524,0,0.001
-0.29362177220300856,0.6213881095979407,9.873379736375338,-3.0962512743451645,-2.0715867293647663,-3.752542453550882,-0.31790584147901707,0.5437383957669364,9.866746528748486,828,0,0,0.1536,0,0.001
0.29859126468325975,-0.15903115847112712,10.06396980504507,1.3208462447021825,1.1217240076589883,-1.3135680456631953,0.38147650214427214,-0.12531735344937978,10.104636952341846,829,0,0,0.1537,0,0.0073
0.7126640010808184,-0.00012045794970974105,9.565607887669817,-0.2628598322514234,-0.3617711152730983,-1.7288828286490916,0.7274421764456751,0.06499838539311195,9.57829719697152,830,0,0,0.1556,0,0.0108
-0.35502231629011066,0.43278828770619493,9.903216790961281,8.088077669698176,-2.8104151376653372,0.6421067702310481,-0.39873812709291767,0.4436452036748318,9.796750748152157,831,0,0,0.1287,0,0.0012
0.021078316471840455,-0.039060927834789046,9.664219204471268,3.4596508571679183,1.254141952307412,-1.1936352133775487,0.040871552085893346,-0.08542496147162236,9.675230513620523,832,0,0,0.1537,0,0.0012
0.2094885508086253,0.5976041382392644,9.852436540885911,2.4251410317358366,2.121210465091932,0.3776260109637044,0.15457790115712533,0.6155372390707492,9.74757777274483,833,0,0,0.1532,0,0.0014
-0.15819164437169955,0.18638820766564834,9.895857915401084,4.816255790936323,3.2659525499772557,-0.918753413221683,-0.16586079622000038,0.21823685704461143,9.817478368897309,834,0,0,0.1537,0,0.0014
0.04398329115135369,0.37073710318791986,9.75569277817479,-0.3037936255264418,-4.035720092280314,1.8362875661320088,0.028606861134684185,0.4200962582642695,9.749305447020157,835,0,0,0.1537,0,0.0114
-0.18122759210316197,0.15342196910638675,9.831665383943273,1.692180413812154,1.3970638635761228,-2.5020332072103013,-0.2007261934165766,0.1393419485139468,9.760392706443795,836,0,0,0.1537,0,0.0111
0.33528526620682647,-0.14883038663479825,9.986972878762618,4.701213866717335,2.7301509789808533,-0.4083541235739668,0.33753417247201173,-0.18162619583117556,10.016821853386567,837,0,0,0.1537,0,0.0111
0.2287573240151663,0.434000743515551,9.660129841278195,-0.07245835814358677,-1.615550464711998,0.9563098788918492,0.26984373621584085,0.4290559047642845,9.613554934019403,838,0,0,0.1537,0,0.0012
-0.1596505076592905,0.08351856677391722,9.827190318510118,0.002807700875939981,-1.2443707372162502,-1.146426217905102,-0.15424812834468488,0.13310865868644756,9.818842615536957,839,0,0,0.1537,0,0.0006
-0.06216363238248241,0.07627843972268053,9.856080249156674,2.451037654413245,-2.840959411906932,-2.623345387129124,-0.05995710968929635,0.10503664937095528,9.84476101671086,840,0,0,0.1537,0,0.0276
0.13695062250683485,0.1390337098686709,9.605730271950883,2.874648784118775,-3.4720478916894386,-6.784478204446358,0.16912145400554937,0.23880055156684452,9.676693820748342,841,0,0,0.1532,0,0.0201
0.3026566391694958,-0.7464146441209498,9.940875074453286,-1.3370101975516107,-2.0632473521616,1.5218592907527524,0.3278157453076305,-0.695667000723621,9.922614676819354,842,0,0,0.1532,0,0.0258
0.36033474439054664,0.12195573687372982,9.72864043543771,6.034246092559403,2.2559769067314916,3.9425507389970056,0.3488226917852906,0.06920907186955119,9.742705608529363,843,0,0,0.1537,0,0.0212
-0.05958963697067599,-0.09811073796680361,9.936030741210608,-1.5523030952577255,-5.0390778988467275,-6.245539750127378,-0.14932515895165255,-0.11023346077328396,9.949646675878938,844,0,0,0.1537,0,0.0106
-0.04424881810159625,0.1413962431873311,9.595489678879627,-3.6956684670746327,-2.3229505541490765,0.8738491544274782,-0.05070105472820272,0.13604028029860618,9.704799079501324,845,0,0,0.1537,0,0.0006
0.11680514070678541,-0.1510562568816892,9.674740056966177,0.4171701639804677,-3.3792109202052156,-1.3040377482031844,0.07050855310692827,-0.2067409324408283,9.741670981424159,846,0,0,0.1537,0,0.0113
0.06147431761861385,-0.30220785979279624,9.932931923821084,-2.0220560686232076,2.6613700137808767,-0.40056366712446057,0.03629755472361951,-0.39191313057939153,9.931268599902443,847,0,0,0.1537,0,0.0113
0.281882412805457,-0.002154716939102176,9.962522506035388,3.5731802906788612,-0.3655739251274557,-3.375803839382762,0.2833566718250074,0.03478159195582852,9.975638752822297,848,0,0,0.1537,0,0.0115
0.3356320969716911,0.15596505642303185,9.907019971718713,3.93047543733097,-0.20657955603663594,4.309551588863544,0.3410367941205983,0.14692724329779516,9.88046726339391,849,0,0,0.1537,0,0.0109
0.835195148323923,0.1275788205286064,9.85472536531559,-0.6072282423881922,0.14432160107534475,-2.0860492014786205,0.8759572239640161,0.05169700249925821,9.87801280692072,850,0,0,0.1599,0,0.0116
0.16858308089710508,0.36527219068856515,9.68057418942385,-2.4318010366757017,-2.3928260734923543,1.566596582993814,0.20579715364493265,0.3144827663331121,9.685815239179298,851,0,0,0.1537,0,0.0222
0.5828066985583039,-0.17354362191153816,9.81477872669995,1.6418013228193584,-0.5587086175357593,-0.5517637124064495,0.6258537835849594,-0.1814016039276495,9.763594499270546,852,0,0,0.1552,0,0.0214
-0.02118390528142894,-0.09032590348836932,9.726938106683317,1.6812091332404657,6.83701329977278,-3.1833932914288843,-0.017969356159490926,-0.054100986037121206,9.693692034685013,853,0,0,0.1537,0,0.0315
0.0612091962856702,0.3553216336072168,10.024285998677318,-2.172034785589798,2.583924290317806,-1.7341672632216976,0.05051411921596445,0.36972580736566607,9.991336695542172,854,0,0,0.1537,0,0.0215
0.556745662561748,0.05935504475160764,9.746055677285165,5.8575096099923005,1.170617154763792,1.8965308319740233,0.5832079423999507,0.033413166898932346,9.745553097602548,855,0,0,0.1536,0,0.0318
-0.07391076061024697,-0.08207300286162761,9.809162990733777,-2.082242425369889,1.0901749791994373,3.5675050129044803,-0.05623070007660837,-0.17758713091315045,9.889557496499759,856,0,0,0.1537,0,0.0418
-0.6255997751507405,-0.13021494451019444,9.891190964119955,2.9859057431034617,-4.699477540855978,0.20238149681468434,-0.615217431059522,-0.17490719595495374,9.949584547198853,857,0,0,0.1538,0,0.0418
0.710639043453133,0.2718434481361582,9.910452457152697,-0.2272682599871032,5.630479463309042,-1.3513185715462543,0.6822076114008461,0.2811329587011202,9.861630925572792,858,0,0,0.1555,0,0.0442
0.5519253047123042,0.6835561637028437,9.842692541378165,0.3800698203540911,-1.3793416851564575,-2.1678167126321104,0.5175973617810651,0.6436535601481312,9.878143187177015,859,0,0,0.153,0,0.0347
-0.06730149135865232,0.17334493361804565,9.972255230554795,-0.8690231654627285,-1.3589822162603884,5.297900970044919,0.0019328624934671218,0.22472703135105596,9.942729276152566,860,0,0,0.1537,0,0.0527
0.32203267934684887,-0.4120007658648138,9.730316502908089,-2.5762365090393162,-6.166172750480671,0.11555878613264232,0.3656896352576512,-0.3609549447805676,9.711684533484798,861,0,0,0.1537,0,0.0211
0.12293919053502197,0.027991735425266846,9.678493821934946,-4.389147466701018,-0.9402137130790329,1.420112507806348,0.08451160075872657,-0.03998787584627502,9.660329308752887,862,0,0,0.1537,0,0.0235
0.22831922818582742,-0.24432033593808658,9.962719517906757,4.459796292756449,-1.2653578165677966,1.7627410875360967,0.32735750746962394,-0.2602770085676748,9.948348324913344,863,0,0,0.1537,0,0.0105
0.2371292295477108,-0.2545049263393233,9.852757922380693,1.140773032376471,1.3564648399234405,-0.6818398577292665,0.19004958077975836,-0.1700429038393314,9.959634236563652,864,0,0,0.1537,0,0.0105
-0.5706945760465494,-0.11814486258195035,9.57463397473289,-5.798473945577506,-1.121071646579152,-2.8662755728616744,-0.5030196350220573,-0.1255518114098499,9.640915129050248,865,0,0,0.1537,0,0.0005
0.07498746127979923,0.01973868503366294,9.75764180810488,0.2536323303700669,-0.5281382331785651,0.4485044833222318,0.11579342825189512,0.027081560889157256,9.796207112923607,866,0,0,0.1537,0,0.0029
0.6647498406989248,-0.5783832053983655,9.769944797354691,-0.5145108836231518,1.656019162578346,-0.17693995078699037,0.6791552426814207,-0.6300479582306648,9.79349935235002,867,0,0,0.1527,0,0.1603
0.0405945951651206,0.3024129056714843,9.771435836746608,2.5020836064822647,-1.545805522459267,-1.5246869310404094,0.038693813047027105,0.3601991407256661,9.745345836734163,868,0,0,0.1537,0,0.35
-0.023067930728907778,-0.004851539351980857,9.9755719802043,-5.223326844717816,2.7433083011256927,-1.2994734085345176,0.03255090420258942,-0.06497619928997676,10.03066736193938,869,0,0,0.1537,0,0.35
0.27127008190022067,-0.5427643022892118,9.960031858283177,-3.933072122702174,-2.077228280189265,-1.5814317577801367,0.2515195305808519,-0.57525745362198,9.96224832703164,870,0,0,0.1536,0,0.38
0.07301361269380201,-0.22370517703392245,9.588242342029378,3.9725074569088465,-4.20583314930585,2.244447934161425,0.09912549591357614,-0.16600223215600596,9.641145385868926,871,0,0,0.1537,0,0.36
0.402123454319351,0.4551961505475232,10.025124776669033,0.1132485045410736,0.3197600790782302,5.457168787716791,0.39444846788761706,0.46815264909997356,9.96541106059921,872,0,0,0.1537,0,0.3401
0.07536469320685957,-0.10826694400552248,9.791203282446096,-1.2054684785117742,3.7948327881281774,-1.7727151517279216,0.1287901590304894,-0.06979556932884276,9.805296407312616,873,0,0,0.1537,0,0.3401
0.45692235561541117,0.2894617140168492,9.707957760206327,-1.939433557205699,2.230444532403951,-6.219310298343917,0.4595154518582806,0.29242318245371884,9.760806198159841,874,0,0,0.1537,0,0.3301
0.06259585954658305,-0.2401825464033924,9.541363356113415,-4.757031054223034,-1.0224784839750045,2.0910823979867983,0.04562284972016932,-0.18340199768480292,9.497230380531276,875,0,0,0.1537,0,0.2701
0.29142475363795306,-0.13243381328887197,10.21051322501696,3.1735423312008244,-0.31044672519597083,-3.7304206838199425,0.2593424870822679,-0.25207731131640876,10.185950471562204,876,0,0,0.1533,0,0.1414
-0.3999652890890964,-0.523554068825127,9.822080404892798,5.929678509093419,-1.0083854340874816,1.2253668035003094,-0.46880383793788777,-0.542590250845361,9.858169144695523,877,0,0,0.1537,0,0.1414
-0.2538232951953232,0.044305813501973275,9.852498179355687,-0.22604157755643325,-0.4545638837931304,2.4328740018123916,-0.17984489062703116,0.13470971108155244,9.87563425921301,878,0,0,0.1537,0,0.1514
0.7768175144483059,0.11602704236538558,10.100885923498979,0.9406172851593904,0.824462069735755,1.425160911376187,0.7318042583544054,0.13920149796288472,10.078450700431567,879,0,0,0.1556,0,0.1414
0.32393968521562094,0.4030077210406993,9.642593299231754,1.96089975630867,4.661683786441704,-4.651106431610176,0.30254880237829285,0.3711060058862462,9.711113280010483,880,0,0,0.1537,0,0.1308
0.02388146023750988,-0.012176011181725982,9.726307374635685,6.323621306772743,0.47297065580513903,-2.681371485672995,-0.049155742636755956,-0.038520786447973424,9.742624580197988,881,0,0,0.1534,0,0.1308
0.6030371572324126,0.4830548825401273,9.873608071582536,1.4278523998703596,2.5310934267994516,-0.3302853298452187,0.6541392172920875,0.5554132422960614,9.922688049255793,882,0,0,0.1544,0,0.1408
-0.12661630209513208,-0.004271117402329577,9.435783142240664,4.398143666784268,4.554367222723515,-0.4998898485816684,-0.13566343786396365,0.018433490580398133,9.374140159010565,883,0,0,0.149,0,0.0012
-0.2232206560744608,0.013980468202131597,9.51387978651434,2.0658827946795646,2.098204719621512,1.2534404856574106,-0.20187753497760827,0.10784495500943575,9.521242388863282,884,0,0,0.1537,0,0.0106
-0.0908584175149047,-0.21682041934579008,9.755396335272769,-1.3131281470056544,2.343469607305118,-2.4871793222110172,-0.06979134719487703,-0.23297368566060617,9.793211448943827,885,0,0,0.1537,0,0.0106
0.17101162142979015,0.31233756874513946,9.546038726828785,-4.710143444217389,-2.868806965819786,3.2541995690764725,0.1300176879239906,0.3070252527456617,9.558047130600114,886,0,0,0.1537,0,0.0016
0.1595387612144822,0.03550125629681957,9.954336346134863,0.20173899881635943,0.3943737913241201,-0.9641600211268455,0.14157392230618826,0.07367932587069775,10.008824545527048,887,0,0,0.1537,0,0.011
-0.37419706214601645,-0.06016404709322607,9.362091634820707,-3.3804858336587054,0.7998363899696483,-1.0372672374962362,-0.28163067555979265,-0.07655173802103266,9.305474533950788,888,0,0,0.1469,0,0.011
-0.17039556355169605,-0.35316784751399716,9.665125815178882,-4.322593777983773,-1.2805825764719962,1.4928905418599863,-0.12651922391436798,-0.33163221560428235,9.660535872797041,889,0,0,0.1537,0,0.0016
-0.3084884817047082,-0.2761746108975425,9.772810024021027,-4.228089206515273,0.10389435591463503,0.9278328216936216,-0.21442544737430225,-0.23733337843509597,9.766195362931775,890,0,0,0.1537,0,0.0016
-0.03935372411533499,-0.398637033067066,10.086320262640605,3.2259713329670934,1.3680715706467979,1.795053294682666,-0.039035202785033384,-0.43226815837777793,10.176039529803493,891,0,0,0.1537,0,0.0256
0.22561970041382368,0.45668532221106395,9.503931387424442,3.715324081097549,-1.8981580033246792,2.2040990013897335,0.3377437251957742,0.48089496132903453,9.456815318553828,892,0,0,0.1537,0,0.0256
0.1221819633053991,0.6182882959488182,9.743799252029564,-0.8667618975920106,6.374765680156538,-7.094558451995295,0.13132076581688767,0.707396948781329,9.714747888841968,893,0,0,0.141,0,0.0156
0.12873943299016355,-0.4418948991133825,9.38221429344748,2.121783828300566,-5.066560558808054,-2.0975112273644925,0.12905184579528922,-0.41919955847095713,9.405087060904128,894,0,0,0.15,0,0.0162
0.14682013403108607,-0.2454897604334511,10.147049123171534,-2.3887283270709085,-1.0615641711301902,-0.9356096920972876,0.21776620858080986,-0.2008402561552398,10.113659571529379,895,0,0,0.1537,0,0.0356
-0.26399970310567145,0.25231092934305244,10.19692030568036,-2.6806553837440763,-1.1969533813007527,6.897386011887287,-0.1875581676756065,0.3045228093398083,10.140586428633647,896,0,0,0.1531,0,0.0256
-0.06470739261161414,0.6735392950812708,9.717299253096826,1.6527973899643404,0.8624703656126699,-3.990502283271198,-0.014624020489355585,0.7348881231237531,9.67489385086398,897,0,0,0.1515,0,0.0161
-0.2682493799645935,0.385747912644691,10.107055359891712,0.7362529930801267,1.7846060373177428,2.537307262141021,-0.24266071878652168,0.4249809025888332,10.045951769961073,898,0,0,0.1537,0,0.0161
0.20345927398004168,0.00891657779963488,9.684968297994843,-2.086337351397645,1.799568226685451,-1.5748903098796374,0.18770242310669863,0.07093893263445758,9.718253889291287,899,0,0,0.1537,0,0.019
-0.36126787171634744,0.6114185222543536,9.512872398208552,3.7526293526431056,-5.845780714521706,1.79539288630225,-0.44997704035602343,0.5392128009218313,9.439124545501302,900,0,0,0.1532,0,0.0198
0.2330844259710464,-0.06844210442899124,9.97652961310887,-0.9499844561251104,-0.3861751544014783,-2.5502134246039274,0.2421136823397548,-0.052579896538360066,9.955511409091768,901,0,0,0.1537,0,0.0298
-0.4957660500882046,0.10205679676633307,9.854137812295921,-4.562218495120914,1.5331075726943157,-5.847390139821143,-0.5664137639423172,0.09912472517248466,9.967198628304823,902,0,0,0.1537,0,0.0332
-0.13987455212655592,-0.2101295328767249,9.996975768976641,6.000034479629022,-1.3259545246782651,-1.1331229786721926,-0.21426167104878838,-0.20773293230905954,10.037288398828903,903,0,0,0.1537,0,0.017
0.07198844181865019,0.1793189624974695,9.663947856401759,3.5425139243448935,1.0420708379505161,-5.945978981529448,-0.09716213506773402,0.1659021284124775,9.701589954049295,904,0,0,0.1537,0,0.028
-0.05727920548750359,-0.27022370450035454,9.581326516806872,-3.1734866205543755,-2.315145033450157,0.9218606520535363,-0.0179541048475568,-0.3058657992359226,9.506718858486813,905,0,0,0.1537,0,0.0284
0.20093153061738103,0.4625182871811511,9.481662469339094,-1.257180597061137,2.8581877624226966,-0.9919387314762527,0.25488390718187465,0.4970905598738098,9.385784266632536,906,0,0,0.146,0,0.0134
0.20242187661442684,-0.36768295825412195,9.796325559252978,-0.8427080666117626,7.6046558402281,-1.7441242079319337,0.21708851466738827,-0.3109188270890744,9.669181044854678,907,0,0,0.148,0,0.0086
0.08308828734718736,-0.044190704607983654,9.503781821055636,0.27722796929608445,0.29271313053232195,1.0051582870343951,0.09800043846792303,-0.08225967152672739,9.478511754021726,908,0,0,0.1537,0,0.0157
0.0033241623593893103,0.6035139262311001,9.931337995833822,-6.1811214626871305,-2.377269097032498,1.238503513017219,0.03349599267947317,0.625696294340738,9.910616282557651,909,0,0,0.1532,0,0.0257
-0.2672012641334886,-0.3631220036822214,9.728305865712857,1.2161388160950048,0.4182827794580165,-1.044179926875356,-0.1935484714434086,-0.4053647630766758,9.719856431438188,910,0,0,0.1537,0,0.0302
0.17043129081888012,0.27371393916590575,9.80491518882935,-1.622580598801494,-1.2942118311051132,-3.4089749529269477,0.16130461086333767,0.29565963955799346,9.788491284153928,911,0,0,0.1537,0,0.0302
0.023279220701195855,0.04130500146498755,9.938591746007077,-3.3770686972317945,1.555180650800564,-0.9524344757354517,0.07130785839306007,0.02280373026373228,9.962095376433613,912,0,0,0.1537,0,0.0302
0.4337273992939514,-0.02758788254763963,9.786890748649673,1.3516332872890202,-3.8714877151406153,-2.815882196497149,0.4222476109287152,-0.12819829883257672,9.801724198443516,913,0,0,0.1537,0,0.0202
-0.17746518057551344,-0.4930997865632458,9.637610716630679,7.9106066856745,2.361229276801142,-1.3574634189245174,-0.17771517123779712,-0.4672020034711737,9.585431826397798,914,0,0,0.1426,0,0.0105
0.3294674039170715,-0.3932907282650602,9.531241074408815,3.462688260751419,2.5023440704427533,-1.6882616764472869,0.3636466727999951,-0.35306075059606085,9.603008705082491,915,0,0,0.1537,0,0.0333
0.04109851073048838,0.09812885176179335,9.597635264941275,-0.506292576905615,3.636407257552448,1.364678588195795,-0.04469188285511931,0.15271386141361848,9.59733002921915,916,0,0,0.1537,0,0.0234
0.7080867012990587,-0.10446692294629027,9.868554661364236,-5.839876693918883,1.1821255916606979,1.6948015633220563,0.7211234209227575,-0.10910737676913833,9.865366634123076,917,0,0,0.154,0,0.0134
-0.1994244423255692,0.19930809889368162,10.074387251538674,1.7239169478351517,2.83156431518574,-0.6524959540829709,-0.12689557563821127,0.20645862791492653,10.088861395897746,918,0,0,0.1537,0,0.0105
-0.28985537002620804,-0.07049265066242782,10.24338668968233,0.5374387125489817,-0.19876425803532724,0.5160302927571566,-0.29796890982410656,-0.12664733783958565,10.325681354878979,919,0,0,0.1051,0,0.0002
-0.17517405916920034,0.17083656941882647,9.624671410779412,0.30521708545541487,-1.308717330532228,-2.1386801398765356,-0.18866551780015114,0.1340142667649437,9.783068567691402,920,0,0,0.1537,0,0.0003
-0.152852036963803,0.583740334886521,9.733034192576149,-0.21618951246166318,4.1164334598595405,-0.6817061301571282,-0.1515377616854438,0.5783309608631313,9.791366841493133,921,0,0,0.1536,0,0.0003
0.24907699684106957,0.07950181390808642,9.833505327497866,1.0360790008608802,-2.0950076384116727,-1.0242815369522376,0.19052506693971485,0.07782981652121655,9.755542657162124,922,0,0,0.1537,0,0.0039
-0.282484462869014,-0.280806082078353,9.775713382289267,-2.4722057682394873,-0.044569864829773216,0.9790811444034799,-0.2785512760577182,-0.24494806695339208,9.745511895300313,923,0,0,0.1537,0,0.0019
0.18677537833540978,-0.1543054813564344,9.857679311664791,2.108819353033427,1.9560466488880732,-2.065927272742126,0.24480765943099647,-0.10874916482529673,9.760176513037432,924,0,0,0.1537,0,0.0019
0.05449531673577662,-0.4361457885856498,9.789426233366541,-2.5369299602185476,-1.1542037832680851,8.109574709472035,-0.04765834111894926,-0.47941665236010894,9.815717300586114,925,0,0,0.1484,0,0.0104
0.3555989612962947,0.22624143406271352,9.630166273149742,-3.244740475065975,1.5236018450884201,-0.24844438080362358,0.35914920624061103,0.16656680957795011,9.606235638829018,926,0,0,0.1537,0,0.0004
-0.050235838728163174,-0.1295225428880642,9.234443160086725,2.761863699942992,-2.065522150710372,2.3861778588427898,-0.005333139914182966,-0.19731674851792783,9.207715677480879,927,0,0,0.1039,0,0.003
0.04793342119459371,0.2790512261417871,10.144509745246003,-1.8762603645777476,-4.683543143699035,1.2007893258948674,0.1405545585851736,0.3513130290549998,10.119028349073634,928,0,0,0.1537,0,0.003
0.03284230101982268,0.4522664139303789,9.96902594413658,0.08930668962913281,-5.842590325469437,2.845457238960789,0.010430635895876613,0.490747821463805,9.837287423961644,929,0,0,0.1537,0,0.0042
-0.17249778323566944,0.49520874495215633,9.63146025226096,-4.377853577920365,-1.1991255716389733,4.079127146812938,-0.23918300149752897,0.5345738582147292,9.623728072171346,930,0,0,0.1537,0,0.0112
-0.4709742606394873,-0.21667522606394243,9.54157687249725,4.8195345121658795,10.073292425086514,0.7920587296382883,-0.47934528953216404,-0.2652390588583027,9.532442226989515,931,0,0,0.1494,0,0.0113
0.4198992079340905,0.3940588561243278,9.366739596061457,4.449767813561449,-3.589482948259703,4.4089054849999485,0.500333408099878,0.3588866975344879,9.33452017487577,932,0,0,0.1448,0,0.0107
0.23046536851440724,0.12091633797384442,10.145459923179864,-5.244603527884609,0.4182042636893546,-1.739078475294896,0.2803205890032894,0.008889415920768848,10.139040117747696,933,0,0,0.1537,0,0.0123
-0.04477642150024425,-0.2128074583449334,10.012319269883976,1.848994617990527,-0.7417361526993858,4.028419539229899,0.022999688847888687,-0.13695215705391006,10.007165613449912,934,0,0,0.1537,0,0.0028
0.28211536255707037,0.18090786628280411,10.11490946549171,-3.7175182072070063,-1.7455756295171527,2.049638477060147,0.30379232535006495,0.13475087584685602,10.076678607879444,935,0,0,0.1537,0,0.0126
-0.36318804067170124,0.30692918355359194,9.806645666830759,2.838674467319404,-4.158862564381338,-3.1642489915830643,-0.3617511001884982,0.17486707309548527,9.815005729592308,936,0,0,0.1537,0,0.0102
0.4950717830966753,-0.16100409883765843,9.633678506268586,-3.4979681544675163,1.1296644505322075,0.2871193879902077,0.4911124849145523,-0.13385958794553288,9.617818738607035,937,0,0,0.1537,0,0.0113
0.29096378738509276,-0.0719459830357904,9.92856593892025,5.159208345182179,2.7863349792233683,3.309385177990313,0.36484710156064,-0.07063777379055922,9.974918831476623,938,0,0,0.1537,0,0.0002
-0.45969286081501526,-0.571923262091083,9.594421121584674,0.3314613793388325,-2.700876738295287,-6.666580456527456,-0.5565536017146844,-0.5650235488891853,9.613765091938221,939,0,0,0.1531,0,0.0022
0.1292062030600705,-0.23516498151481197,9.885888858793068,-0.4444789391028571,2.9073173721195995,-3.7068432972338576,0.16812530495683725,-0.2721370034220409,10.015835908404295,940,0,0,0.1537,0,0.0002
-0.19234358518497122,0.0745280809699805,10.175249476672013,-3.8150430363199597,-0.4694485520984094,-0.08352448355883389,-0.3039879194146111,0.09362108260033208,10.19781542520734,941,0,0,0.1526,0,0.0002
0.23684658919503587,0.2851400896213808,9.96657702019809,3.177358726113986,0.9734686221241695,0.9337292202176797,0.34371041375758654,0.2547153373073212,9.929980866822632,942,0,0,0.1537,0,0.0002
-0.5748155622418317,0.3552923945229231,9.8076194180882,-0.8608451902650168,-3.222441545533108,0.8911725869198304,-0.5654529869392514,0.3800048979625058,9.77624116485758,943,0,0,0.1537,0,0.0004
-0.1872699078112713,0.5657855470027394,9.699889746675693,-2.1679467687961753,-2.8323379928563632,-1.918372025338582,-0.23245550197569426,0.41983755847660875,9.659532298922608,944,0,0,0.1536,0,0.0004
0.5317476521524903,-0.12361564552568616,9.906452322834463,-1.7134402383186544,-1.3454110217381694,-3.3978566079763666,0.5795084482519184,-0.08365736515099698,9.961663922848055,945,0,0,0.1522,0,0.0004
0.2169504549732239,0.10283755201163385,9.80450113884811,-2.3444725469733205,0.5934069155503114,3.0782323205884756,0.16799960257830016,0.13683091343290985,9.81952278621317,946,0,0,0.1537,0,0.0003
0.12446117168193209,0.08932609904946169,9.952530702134572,0.21779190101053159,2.141473607099002,0.43775242607036186,0.15785219762457256,0.13536590853728492,9.902455551445305,947,0,0,0.1537,0,0.0004
0.12693982080820895,-0.5586242640829325,9.759880391975363,1.5928100685424993,-2.546992486472802,-2.459737493294868,0.1378003836436457,-0.5029827886895148,9.726233937567788,948,0,0,0.1537,0,0.0004
0.13997188884156794,0.07395127094049664,9.935802655584395,-2.1236897358773943,-3.388317194404775,4.68460573557009,0.15789637930254363,0.16134476599375935,9.937696843414415,949,0,0,0.1537,0,0.0003
0.2765691179690741,0.031576408116416606,9.931780579468988,-3.5197241548682268,2.4356434324934684,1.314703106674414,0.1635669215025733,0.010203293595591929,9.998301680437784,950,0,0,0.1537,0,0.0005
0.6637780531755616,0.06959917063530924,9.867163552150163,1.9983226053501864,-0.7797322673180433,-7.312171871444577,0.6523629936881181,0.10590183083449556,9.801057355913974,951,0,0,0.1527,0,0.0004
0.3059756886592689,0.06841476608666848,10.270446158921185,2.241351299242507,0.5984596036517563,-2.605367792798273,0.30532536437524777,-0.012651344581891003,10.275467512074064,952,0,0,0.1497,0,0.0005
-0.6297635766668613,-0.1628999013193626,9.703704116261669,-1.3264963582113314,-0.8466460773785625,-0.31707844601725355,-0.6144344022336308,-0.23459919617581643,9.710613976210494,953,0,0,0.1538,0,0.0004
0.34370673033391325,0.003989892169439712,9.528279278346128,-0.46538411393522006,1.231906249973139,0.0020191282752933934,0.36695182857816894,0.09870400552475922,9.516851080392836,954,0,0,0.1537,0,0.0004
-0.06194557671933694,0.11628511118216951,9.982230824632406,1.8994394911026689,-3.3129560562854046,2.39054613055898,-0.0036106169437543426,0.1447347827858142,10.128755971987832,955,0,0,0.1537,0,0.0004
0.06940272963137727,0.01853144464554528,9.842728266511473,1.6087410018487136,-4.311565182035096,-0.2874784500377711,0.01323842836625623,0.032337232948312436,9.821008745012488,956,0,0,0.1537,0,0.0004
0.019636787697615787,-0.46144557703793776,9.959870477565822,2.450161938053764,4.1761880701556215,-3.4512245161291792,0.030371275760371394,-0.5262081405779346,10.040769652622862,957,0,0,0.1537,0,0.0004
0.15338457747183076,-0.049531159102294796,9.621792873353526,0.2070713783457187,-1.7178191474138758,-2.629160420528862,0.22275443702705705,0.0487830171217545,9.666045439807444,958,0,0,0.1537,0,0.0004
0.1526123631969612,0.15586896293119662,9.795893883162313,0.05167452636994482,-0.029737970850297838,1.0751524700275827,0.13540341789985855,0.11084224364991976,9.842303076727921,959,0,0,0.1537,0,0.0004
-0.1476489351033828,-0.24620373237656012,9.777754422305566,3.7107837406033664,0.7071033811125841,0.15413816202703698,-0.12707886518974337,-0.2853728059390837,9.790254628352342,960,0,0,0.1537,0,0.0005
0.3640620010849351,-0.022134164181936603,10.044029393376055,1.3050712745779482,3.4347297495964444,0.03583651344155984,0.3161447578248564,0.04623041947474284,10.061092605201768,961,0,0,0.1537,0,0.0005
-0.15536042320418036,-0.21106842784318403,9.921169546501012,-3.66606942072775,5.838495385110866,-0.8277392694311492,-0.23171577403782523,-0.1968700763270499,9.921293249207206,962,0,0,0.1537,0,0.0005
-0.30862095266814715,0.09596497272254399,9.668766779972595,-1.6584001654616483,-5.801271757011593,-6.662153307620425,-0.3320474195443611,0.03674966888042788,9.69884992577221,963,0,0,0.1532,0,0.0005
0.3027305928695058,0.39642360982015684,10.041002365554775,1.9517239409621603,1.6746149715494056,3.7782636520467836,0.36976829502912517,0.4534886077437759,10.070180214246756,964,0,0,0.1537,0,0.0015
0.17435554360825936,-0.08347800503982035,10.291598999427126,0.9994724395483858,-0.5543760026520778,-0.9595689346473792,0.16833987810071332,-0.13388185020489124,10.298930623436366,965,0,0,0.1527,0,0.0016
0.10930073294788384,0.16032503372014922,9.752378070680725,-0.22836617964720368,-4.384136105555971,-0.5623090043338831,0.09486620578581614,0.27123698637907123,9.70053950835705,966,0,0,0.1537,0,0.0016
0.3793759963473513,-0.06468895478080808,9.660020033227251,-1.1995068896628693,-2.973699368362824,2.0952178786398608,0.3622333813058545,-0.07464744929895029,9.572347069337214,967,0,0,0.1537,0,0.0016
-0.06283525971463436,0.5337729283431049,9.806515719738004,0.6894667571826445,0.9835590148115518,0.536930381388075,-0.08370254797224502,0.5557928242564023,9.81083910905656,968,0,0,0.1536,0,0.0115
0.24864637854938454,-0.17738128874087342,9.725826731107396,2.2088930297074443,2.451813672151624,0.23312329164744378,0.23575175023417505,-0.2030008761116431,9.759022770707638,969,0,0,0.1537,0,0.0005
0.550125023540131,-0.39761525227280997,9.862815866148138,1.3137983488803018,3.430282038998956,-1.9827493455108682,0.5699093689506194,-0.361753095156072,9.869953784960558,970,0,0,0.1536,0,0.0053
0.025021571154013458,0.007310191221950431,9.932884184520493,0.18193492121629656,-1.7215877881565236,0.6638811988615401,0.08749732077240924,0.029416731369961806,9.919630811217369,971,0,0,0.1537,0,0.0007
-0.12003806806114534,0.10679623455656428,9.696642945146941,0.6588605699040251,0.94953161301199,4.057014003351284,-0.21853535245948263,0.1114921045686495,9.721011269916664,972,0,0,0.1537,0,0.0007
-0.5143815987784751,0.3628438762828244,9.686971271629083,3.21166108764993,0.5997513501672513,-2.245040992224884,-0.564981419826432,0.31253861952359885,9.602050463512446,973,0,0,0.1537,0,0.0007
-0.31802347335556486,0.29321673552154803,9.814189404431097,4.092085252118528,0.6055241304190494,7.501859566185637,-0.25970913868029727,0.34458374700206174,9.724863368521651,974,0,0,0.152,0,0.0107
-0.06228692788242129,0.3824868706215145,9.69353611140395,-2.619241252355313,-3.5991253686459057,2.5554062934746877,0.03234839647836071,0.35493004228006825,9.682852051484112,975,0,0,0.1537,0,0.0007
0.06406193194795488,-0.1998280863723309,9.928940581828517,-2.3947749651842343,1.7895465321101884,-4.503165258763195,0.09005170851922042,-0.27216484985465444,9.946020600494592,976,0,0,0.1537,0,0.0007
0.001981499893378068,0.2132045126275027,9.839614845148821,2.612303812139208,0.7901006873728866,-1.9223943629648101,0.007863219780629824,0.1076270588774674,9.834062564620586,977,0,0,0.1537,0,0.0018
0.3775704437266463,-0.1523704861847505,9.75934933978473,-2.9191680706313883,-0.20129454766232746,-3.234464524430305,0.4101292180455897,-0.18315973120415063,9.716422244435659,978,0,0,0.1537,0,0.0018
-0.3153566227444456,0.5097788112269187,9.91878594445316,-1.413981742417732,-4.125920639100487,-1.2253716757940356,-0.32017405300125573,0.45357633735222336,9.910591170680506,979,0,0,0.1537,0,0.0017
-0.4666894023303459,0.055805075594747976,9.924776416875988,2.491240591110122,-2.111201058852857,-0.8759730112676954,-0.47182776064693294,0.00048135275459915833,9.893978599586147,980,0,0,0.1537,0,0.0026
-0.17682859056660769,-0.12182637899875717,9.57553326272038,-0.48802215377252467,-1.4126452616444567,0.664413524491391,-0.21749189368422056,-0.03256914374014676,9.627530867822022,981,0,0,0.1537,0,0.0325
0.19744629939465608,0.27095202416861697,10.231115585610086,5.932854226317992,-2.660495430955512,-1.6482474268149816,0.1935376221577787,0.2788700345558493,10.246479911288452,982,0,0,0.1527,0,0.0611
-0.4431860580817939,0.022602916746712134,9.745609798200409,3.133044200916391,-0.1659214978131398,0.4739313769928215,-0.4890913151319437,0.027249576306269098,9.790241687952683,983,0,0,0.1537,0,0.0611
-0.32921844250129495,0.0346733148534867,9.870686945297942,-0.3658402566212765,-0.6045203108683661,6.164315932065184,-0.26510647882334254,0.054266843782859536,9.924108562499894,984,0,0,0.1537,0,0.0611
0.026950842494515726,0.3108104132883673,9.954937095784684,-2.4916839721749295,-0.2637252328962805,2.0439653190852924,0.0016664938902434014,0.29835348362978165,9.891038511103279,985,0,0,0.1537,0,0.0923
0.19117215292734638,0.05420362748321547,10.210710707051133,2.1849740243602023,-4.4184285529917915,-1.5751814629820937,0.3080307441796222,0.04150105663381449,10.237171591331515,986,0,0,0.1527,0,0.0711
-0.4662854603865595,0.11301400726907873,9.715139920138578,4.4781950443624545,-6.7294032212870185,0.8546706548167753,-0.4424519870227323,0.06048133651391195,9.7702109258002,987,0,0,0.1537,0,0.061
0.37748493712675246,0.31556897691861724,9.961906137134767,0.4331846320132969,2.6197595791870114,-0.6595725831672563,0.3143166687606801,0.2513976659634314,9.954095730808756,988,0,0,0.1537,0,0.0419
-0.053590247679190676,-0.04735182802796379,9.718785827831043,0.015157665382561605,-2.554864273329702,-1.7508933737223404,-0.041398604853889624,-0.06966866332804218,9.744574290774322,989,0,0,0.1537,0,0.051
-0.020134753901525047,-0.3145441073216191,9.766790452133566,3.7154873868500786,1.0501238832294801,-3.3654056410686652,-0.05788823235746644,-0.3042593002454734,9.730931567846822,990,0,0,0.1537,0,0.055
0.033611496283543325,0.2188883424227672,9.699452024817292,-1.8814508593511592,-2.265129742281486,-0.0307112769421016,0.058212737748909726,0.21527808478176114,9.684229700333415,991,0,0,0.1537,0,0.055
-0.1191144153976656,0.28006079685226215,9.913255134476238,-0.8328709724185933,3.0365015208056265,-0.8734506510595865,-0.18660559687138872,0.161154885067193,9.845762811878942,992,0,0,0.1537,0,0.055
0.6458272617892002,0.02745589769807925,9.772018531575211,-2.106536004672954,-0.6151232965783415,1.331537911489524,0.5336775671289494,0.06825548643552298,9.793805858105781,993,0,0,0.1522,0,0.045
-0.3369837773365812,0.4835872577364319,9.849642618352409,1.3889271732883035,-3.814193043821914,2.9186752018898927,-0.34497118811562005,0.44438999437941956,9.871621121521216,994,0,0,0.1537,0,0.055
-0.2525175123516556,0.2623037983023647,9.633760413846481,3.880861794356921,-2.2843705352652575,-0.2538204928056339,-0.2434342125527181,0.25162248180300634,9.612449774870772,995,0,0,0.1537,0,0.055
-0.09704233007894027,-0.24782499512284004,9.72927920203494,-0.48614370190828626,1.0985027160330838,-3.660091659062606,-0.08865503987984472,-0.22609157669372487,9.74089816088102,996,0,0,0.1537,0,0.065
0.11206879683060361,-0.3914992951159066,10.103290360503967,-3.4394601925323287,-0.449149445873066,-2.302166919275475,0.1257025898672498,-0.4009028242421313,10.064797203969478,997,0,0,0.1537,0,0.055
0.052893143517727,0.18770094020296083,9.595105536645754,-2.8853585319158626,3.3189115623478247,-4.876746513474573,0.10575967720426613,0.23761612975721916,9.62029515397869,998,0,0,0.1537,0,0.0351
0.11823748181327505,0.09547237531974176,9.61676202165253,-2.1371177846988547,0.8925804572112597,0.49471687369229345,0.07106501938446062,0.09226095604187654,9.639486045152697,999,0,0,0.1537,0,0.0551
0.5712967511110189,-0.44370104091106494,9.870333499934574,-0.5262228458945872,-1.7032394685809378,5.899633229129272,0.5875917038212446,-0.4633495700543027,9.951185901902976,1000,0,0,0.1536,0,0.0551
-0.3768782903826226,-0.03448851707691869,9.55472277058952,-4.069912105916485,-3.7539973683257397,1.695040020026797,-0.3603726720223231,-0.032700825981660304,9.487530241511005,1001,0,0,0.1537,0,0.0541
0.16029712735521098,0.0745058518353837,9.959658238058031,-4.278472803428773,-2.9687086952976243,1.552988243949231,0.03735513914508508,0.043177734079562755,10.035386208114055,1002,0,0,0.1537,0,0.0302
-0.26528257749584266,0.036349071661108984,9.662776880956434,-0.40095581240014977,-4.453585093044685,2.00950266448511,-0.218064664702467,0.02283053111190033,9.64063302122848,1003,0,0,0.1537,0,0.0355
0.22122119082143035,-0.22339090002355308,9.511941359172786,0.652124368892627,-0.5159958297281523,5.236809950547208,0.16069167310462912,-0.19630294837703785,9.538828815901214,1004,0,0,0.1537,0,0.0257
-0.11790039534567695,0.054617087048521466,9.823660736091405,-3.0042166692915977,-0.2359503133370212,2.110135900130844,-0.08447811067434477,0.020055868278752664,9.786986841145183,1005,0,0,0.1537,0,0.0218
0.40343685695491527,0.26619938843900226,9.731824155240187,-5.9554432758996905,-4.1869319630677415,1.0821285537563974,0.45571163589614144,0.20392410719977966,9.741009414608923,1006,0,0,0.1537,0,0.0218
-0.5840630663274768,0.36416856196139197,9.819299461980085,-0.08874194143828135,0.2819604199495799,-2.521205334040798,-0.5719302568943521,0.3254195700534105,9.788579512769886,1007,0,0,0.1537,0,0.0318
0.16221660872942492,-0.36853142502472397,10.034480538530323,-5.535903609763366,-3.477072575896462,0.7951430930732595,0.13019694118801653,-0.26589180978919436,10.139793191754325,1008,0,0,0.1537,0,0.0118
-0.04506886211172568,0.1941412067449352,9.532745423561746,0.5043063690393149,-6.223492820888757,-0.4003182979372754,-0.10845766312676672,0.25890053796553464,9.461455596769296,1009,0,0,0.1537,0,0.0204
0.44047762607080304,0.09957379497429052,9.767867337440105,-3.25086854742129,1.9614205303510412,2.288544546308538,0.4746414355780894,0.06840402860367747,9.773221356239988,1010,0,0,0.1537,0,0.0218
-0.12705096432639912,-0.0820703487932204,9.602198688046794,1.2202293919160048,-1.368288834674424,-5.938984047606443,-0.16431881435151008,0.02051679565062231,9.57530484511111,1011,0,0,0.1537,0,0.0104
-0.3758966555647442,-0.6205848844570648,9.431658722157872,5.035071716496452,1.0028325212039952,-2.0465255154173994,-0.45121298061638315,-0.6519825444423538,9.453636321891295,1012,0,0,0.1534,0,0.0004
-0.3383439901408434,0.10381417564387391,9.898751286233813,-4.387946976765324,0.6429020218289928,2.1544672344011575,-0.31955928087229124,0.06558404221598829,9.948228664976568,1013,0,0,0.1537,0,0.002
-0.14108833437337076,0.06555885773593745,9.87730422261308,1.916405010641479,-2.3213276446344686,5.9268430672759775,-0.20045797642432825,0.06307484338365921,9.817899479419907,1014,0,0,0.1537,0,0.0004
0.6727127676045549,-0.2965517302812905,9.696048307000988,-0.41154355054989844,1.4945865137655503,0.11412439503615852,0.6933451401641779,-0.28607172238243644,9.68490810760902,1015,0,0,0.154,0,0.0004
-0.10178094197879041,0.7196843491646179,9.942043677784696,-2.393874579382126,-1.7028552219911717,1.6473908701330942,-0.09628954915895624,0.7910675957284488,9.986439035349225,1016,0,0,0.1462,0,0.0004
-0.025944873917260306,-0.013958733980024396,9.942036526949167,-1.6000194537498167,4.179069831394188,2.7583327042840664,-0.08162126243001022,-0.011186794804510238,9.941318907666664,1017,0,0,0.1537,0,0.0004
-0.35419919577903863,0.23879574045903681,9.448746471134829,1.928837719799033,0.24288108365943373,-1.803510932478595,-0.3888108467525113,0.24273134089866036,9.490356642050143,1018,0,0,0.1537,0,0.0004
-0.2690017109616374,-0.36976563273117474,10.081020499574597,-3.037387268512912,-3.1073354792006924,0.12628681954944998,-0.33126260839549093,-0.3154570020108822,10.118972175979446,1019,0,0,0.1537,0,0.0004
-0.052518495584050334,0.3896907422250575,10.238159423641576,1.6611589052810927,-3.011461609201649,-10.690235675220201,-0.10562366933299927,0.3587797853073458,10.203458772214335,1020,0,0,0.145,0,0.011
0.3265426842660763,0.3028875002699807,9.293870110988276,1.1211941714127676,-4.764410169349922,0.6617266600958598,0.38642378245769005,0.27797653740768674,9.264848405149372,1021,0,0,0.1067,0,0.011
0.014177830634453072,0.22262109090037635,10.14162487192709,-0.5157410361353229,3.214209648387748,0.07618482079705888,-0.008218061945689862,0.09878845600040263,10.199707128807596,1022,0,0,0.1526,0,0.011
-0.33333499700943514,0.5490824242527522,9.933847935332354,3.126666983768997,4.003390631215573,1.0092086490875454,-0.31154182189711443,0.5402928006894255,9.980951301416894,1023,0,0,0.1536,0,0.011
0.4938248880127487,0.26519828079003455,9.99358625967916,2.7680186448873885,0.42932458774083204,1.252370581168958,0.43822642384621363,0.26100672674886105,9.947466803758761,1024,0,0,0.1537,0,0.011
0.3098637772212887,0.2723099417130456,9.35688758610625,2.0426259992986258,-1.8324027429983123,-2.673761411138279,0.24694444916340602,0.21764677430930993,9.385936017814393,1025,0,0,0.1467,0,0.001
-0.50922730786022,-0.863074694651096,9.58413859236839,-1.7704046742285202,1.0255395057259797,-2.026798452911023,-0.46622305591923024,-0.8059828241607989,9.633652868710092,1026,0,0,0.1489,0,0.0009
0.4010317869029326,0.10650470950287051,9.882009882098618,-0.6479766386107109,1.1726635564634473,-1.07353066354557,0.34792567037933947,0.2139011437160726,9.943258058680987,1027,0,0,0.1537,0,0.0009
0.2485906333630246,-0.006891621325502474,9.731165141427507,3.987159147265883,0.8047002495581193,1.7341669928951333,0.25054896214186295,-0.1124605520096032,9.692297063756367,1028,0,0,0.1537,0,0.0109
-0.3935145634154603,0.25725357496152546,9.929914429554836,6.440971055122933,2.6318855231904434,-0.6376731088726606,-0.3515483444888686,0.18057556650875484,9.899299961887726,1029,0,0,0.1529,0,0.0108
-0.30948079881786755,-0.064677021307694,9.830816461970059,-0.3420838604604794,0.83360410271102,2.7514377819823403,-0.2984439369449744,-0.08399130366031982,9.81472619310413,1030,0,0,0.1537,0,0.0108
-0.4079549050361419,-0.1176947242472101,9.834059224721353,-1.0486754633549955,0.4534614605117038,7.775555138421575,-0.507371848785411,-0.06256143732075636,9.748669505498182,1031,0,0,0.1496,0,0.0108
0.0020144916918281093,0.140199838169132,10.224430555156058,0.7812622174311307,-1.480446424446722,1.9580897431645337,-0.0018947031915867826,0.16651879931815564,10.215365580909605,1032,0,0,0.1526,0,0.0223
0.10362572325134332,-0.6945780956469503,10.235617836195319,-2.280833394077217,-5.087634871231732,-0.783364774561341,0.02239825588862912,-0.6718798342342797,10.16868397717805,1033,0,0,0.149,0,0.0223
0.19375518731335323,-0.08085679572889214,9.806163871930144,-1.4983348108201988,3.2247834109141564,-0.9858382391409732,0.13214561788180185,-0.1196465784259898,9.86409853744493,1034,0,0,0.1537,0,0.0223
0.642758939977286,-0.22635354506055327,9.978565010788719,-6.148925410941006,-3.209503249109695,0.8749193686252903,0.7083772531359499,-0.1914617790924592,9.941818846286221,1035,0,0,0.1458,0,0.0325
-0.018615788093025713,-0.10125512233760253,10.11537215131393,-2.441247420555692,-2.4489793832387172,-2.145670288951882,0.0287842989177789,-0.15226529286354287,10.096898724345772,1036,0,0,0.1537,0,0.0225
0.2750347222904028,-0.16025171192269824,9.51971513261688,-0.93763130492723,-1.6908551475028593,-1.7124717688026887,0.18497181022101583,-0.17290737744246054,9.491601325217115,1037,0,0,0.1537,0,0.0326
0.019731473401387315,0.24167539437864388,9.901486786845634,1.7769998807337237,0.6409370049849551,1.5096423783920727,-0.04888758797267062,0.30654733418252655,9.872174885329832,1038,0,0,0.1537,0,0.0226
-0.26660279327126496,0.011551036066596193,9.897935431413082,-1.319251112002392,7.041996513732757,0.2574160663022198,-0.2814716710766068,-0.018762049707849275,9.842196675019185,1039,0,0,0.1513,0,0.0426
0.2554202945596458,-0.10132807809926639,9.879386160061559,2.5740261683375714,-3.7433460546788124,-0.3844594714877479,0.18438012287063882,-0.06545456233429786,9.901601796463654,1040,0,0,0.1537,0,0.0326
0.45867914389012576,0.34243216350383654,9.527573885051831,-5.288999003546254,0.5537297351451612,-6.342480053342381,0.4068522006565265,0.4213566063809865,9.565709513534605,1041,0,0,0.1537,0,0.0329
-0.11222564310259119,-0.15429581652130886,9.705144877920244,-2.811397051521445,-7.68535949651462,0.64481522685808,-0.10931407915314795,-0.1381365788184859,9.786493903159634,1042,0,0,0.1498,0,0.0329
0.1087842507955129,0.42388139291092586,9.56832171240438,0.8860307141141539,3.00781545935406,-4.253300536485158,0.12966685687711094,0.39893725665300306,9.539116625747631,1043,0,0,0.1537,0,0.0229
-0.09514015498921898,0.19991215030491674,9.607088392817108,3.707982400777766,-0.4294330442444659,-1.3415237071914945,-0.021878666884523265,0.21358601356426943,9.64526272707432,1044,0,0,0.1537,0,0.0129
0.3353380975399183,0.25625073207933424,9.829445199145248,0.5871700425492231,1.6582951299508373,-1.734613834121256,0.36452159400374345,0.234323214114461,9.859155472063502,1045,0,0,0.1537,0,0.0229
0.45373421005288334,0.16685243177242554,9.418920644556463,-0.3695187933656112,0.6551170972536258,2.535231019343448,0.37011181598562964,0.18497694889891023,9.423612628630694,1046,0,0,0.153,0,0.0229
0.2851572074521527,-0.2272820170506339,9.89945970452741,-0.7686226135792489,-3.7239455234396903,-0.9878169601575905,0.22466115523302585,-0.2117505420770978,9.931687022936059,1047,0,0,0.1537,0,0.0326
0.13108365062792066,0.9830075100674571,9.823245664387017,0.34035853200837063,1.15721701525944,1.0150837855150705,0.12003002435034736,0.9797384124615595,9.859022077466008,1048,0,0,0.086,0,0.0401
-0.5636529461808341,0.024390073998712784,9.824827590227878,-0.9066052989417608,0.624522598815038,3.6518931589224772,-0.45094357254098777,0.12300223398403481,9.803805419734745,1049,0,0,0.1537,0,0.0501
0.0890428860168305,0.26823883077948124,9.902693577410142,4.17842475282793,0.9730300676855197,-3.9489013715319254,0.06540400454686562,0.19485347273481218,10.06627621688348,1050,0,0,0.1537,0,0.0501
-0.36726473969105417,-0.024494686270611077,9.43233267452897,-1.6401514670374318,0.955338697812289,-0.7128502613938441,-0.3093327748188726,-0.005369493628557178,9.404494261861045,1051,0,0,0.1526,0,0.0601
-0.36402901825452194,-0.38818605257460537,10.007739135572434,-3.126899294980567,-3.048325810162255,-2.0276341904848603,-0.32589249748981947,-0.35583585459829203,10.059186190636394,1052,0,0,0.1537,0,0.0401
-0.03034325484640077,-0.08942970545836204,9.994664491501041,-3.552112726857938,5.537591939841905,-0.6079013317615818,-0.05179347273643427,-0.18377015342663972,10.017049130822244,1053,0,0,0.1537,0,0.0328
0.044709294115604176,-0.1917508685425562,9.849238740947447,0.5312833259852473,-0.2897620440938285,1.6300261248288144,0.10910867918094662,-0.1874553193220918,9.822867566292139,1054,0,0,0.1537,0,0.0328
-0.13897551646722814,0.2212726137200904,9.503580202972055,1.7932667312293358,1.923379384326759,-3.472657894739357,-0.17882733347464744,0.2799321871261698,9.517836531833717,1055,0,0,0.1537,0,0.0392
-0.38982646921969716,0.24133933716110192,9.922070731522496,-0.8850501827557875,-0.7448804968744429,-3.452762060880636,-0.3698215127874156,0.1538724747766066,10.00720728761855,1056,0,0,0.1537,0,0.0232
0.1329751744931051,-0.126709924191064,10.238356946535822,4.760424392463196,4.545639166842988,1.112605406913024,0.05550328502721054,-0.14281651321582636,10.304133041183666,1057,0,0,0.1442,0,0.061
0.09666036925854493,0.2619705621213249,9.605230405479539,3.11597866640275,-0.5742757592071887,3.589401591259726,0.03726264582601158,0.25390869555804835,9.639558681143397,1058,0,0,0.1537,0,0.051
0.18329263480951993,0.4921408939765355,9.486825486096329,-4.157041396612089,0.63180456672873,-2.1731620192550953,0.16070859322084846,0.5082314788458059,9.474179468805975,1059,0,0,0.1537,0,0.061
0.16244640298762483,0.03576511392204319,9.942582823679363,2.034194547887833,-1.2651742506915893,-1.2103140341903567,0.08673166933895718,0.02409061740625703,9.940496256301007,1060,0,0,0.1537,0,0.071
-0.39147505091708684,0.5225664443360277,9.750081697309565,-4.017084210643616,-0.6688837145932874,0.8038268718628425,-0.4142869731478635,0.6143636133335788,9.670866082440039,1061,0,0,0.1532,0,0.051
0.08803897665792708,0.4326039782327276,10.051559123019619,3.6457597917987448,-2.006580110107375,-1.7241591907540679,0.030224056580013745,0.4498528644888877,10.03780914372766,1062,0,0,0.1537,0,0.051
0.8228392522187947,0.12084546910771234,9.816601787723748,0.9002718514099921,0.812605804632722,-0.8815333366920254,0.815699967687107,0.1371051583524158,9.804526638949008,1063,0,0,0.1627,0,0.0504
0.058856143098390386,-0.12291285463861093,9.515886133716226,-1.2325200702483878,2.2752231956128286,-4.0699708656426665,0.0823938842262388,-0.10576540835640696,9.47104707095348,1064,0,0,0.1537,0,0.0504
-1.052943908920499,0.029201463784412025,9.955055823105182,2.192872170457806,-0.2618551226958302,-2.610553811930655,-1.095392638098923,-0.022928602008936226,9.902074781965474,1065,0,1,0.1608,0,0.0511
0.34850355789720416,-0.1608762892483829,9.948204967977176,5.695030145422182,6.4646170662498434,0.28733319402383223,0.34538493469658904,-0.1570065256508454,9.924876831579912,1066,0,0,0.1537,0,0.0494
-0.17513684475526814,-0.019438457602169903,9.980300256277749,0.9914772778026467,4.857323070340252,-0.6178873231644747,-0.1984556137331257,-0.06794248480981879,9.925128623622976,1067,0,0,0.1537,0,0.0494
-0.05649186192600658,-0.09776709488396512,9.48203180743553,1.2269730425506815,-1.0975872001627789,1.8385904075760169,-0.06740190460151521,-0.07101692540590333,9.545073046495022,1068,0,0,0.1537,0,0.0494
0.0002500510206788726,0.06572946078764118,9.683683679228198,0.6718490452230589,0.5530051265485361,2.1208417654655896,0.04466752013661415,0.051883356319215486,9.654499922209235,1069,0,0,0.1537,0,0.0519
-0.2981310925428225,0.5935584545001057,10.155505231567638,-3.1991719823772695,-5.206707082890582,-0.8842585123793556,-0.2802194320343378,0.6501084077941707,10.202911996608686,1070,0,0,0.1511,0,0.0012
-0.09198852346109808,-0.14029601410245915,9.917649626960346,-0.27000054549951424,3.977464750778663,-0.9383494234123253,-0.15323134543623515,-0.19142634587411217,10.009428034317013,1071,0,0,0.1537,0,0.0112
0.05091515483247528,0.48438929615177,9.875727900557697,1.7156817628986731,-2.4941210625849863,3.7879402486687237,0.10693031969248865,0.4851980067541772,9.840352839886977,1072,0,0,0.1537,0,0.0112
-0.16586846705516797,-0.055970872521288205,10.041112751146727,-3.755282554945606,-0.44939728940888707,-4.638903873577066,-0.17941045308297066,-0.04793134727270951,10.058930599391383,1073,0,0,0.1537,0,0.0112
-0.5017632938854601,-0.34743091338508164,10.092104020953165,1.628171072945542,0.9579352920172794,-0.2367361299450389,-0.5831411289246371,-0.34354480335846954,10.065397408235317,1074,0,0,0.1537,0,0.0012
-0.2042088483035046,-0.3240205825209829,10.007495888463515,-0.8561278251869542,-1.4404052735196666,0.5390037147180443,-0.25962415153599905,-0.24180697861948133,10.129749210209178,1075,0,0,0.1537,0,0.0019
0.14413420657889475,-0.32772148352944497,9.509860622070743,2.6958346800140625,-2.381342203640024,6.617904132351237,0.13301225518556858,-0.3802707379299415,9.498099715151024,1076,0,0,0.1531,0,0.0025
-0.19146594412005913,-0.30610095294265854,9.392456414808965,-1.46971707618761,6.177821517467455,-1.8869576241806643,-0.17391687787170707,-0.22769569910337917,9.37391296059568,1077,0,0,0.1495,0,0.0018
0.07841314733018918,0.2162753216677343,9.894996866092471,-1.3039389862839639,2.6302049483874823,-3.1105150695051407,0.10035761391904158,0.23928693768521123,9.847729009963576,1078,0,0,0.1537,0,0.0018
-0.216456624349413,-0.0897022606734986,9.746766144083573,2.4847152650605864,5.6150783963691016,-1.5062485338629061,-0.1545676015096724,-0.11707156900820823,9.767065738903188,1079,0,0,0.1537,0,0.0018
0.07013096412076134,-0.10483367778305451,10.248215468979978,-3.9388735743430705,-6.91042160756367,-2.3675062589313933,0.004934098016749572,-0.14685055880772424,10.309298880492566,1080,0,0,0.1398,0,0.002
0.19671411853321694,0.2809017098333301,9.994861186795944,-3.128454419754396,0.5650263659451947,-4.923204115590636,0.21845421166870052,0.2557976591605436,9.910265823110871,1081,0,0,0.1537,0,0.0014
-0.004024533895560209,0.15676020983793781,10.031403511161828,2.4183760641273513,-1.5144928984271901,-1.2594412154709418,-0.028138543420704022,0.13992882530439643,10.147879797375086,1082,0,0,0.1537,0,0.0114
0.4657867379013425,0.07012339079666295,9.63103209580636,2.7437457902238753,-1.603393299351822,-5.4511415871182765,0.46933593663222256,0.0264342570349841,9.569774766641023,1083,0,0,0.1537,0,0.0118
0.3321427518939721,-0.05295206359633419,9.764472000898495,-2.2525734623496216,-2.68013474278139,-0.4648002504131315,0.35290219369022724,-0.01664253567973288,9.814268499700056,1084,0,0,0.1537,0,0.0118
-0.202568482780699,-0.24383485587122083,9.870900190249001,0.7341277285939325,0.48853399803179065,-3.2527554687771216,-0.25916517467167194,-0.18316815483818172,9.780067486960462,1085,0,0,0.1537,0,0.0118
-0.07305576733785041,0.1259722836669334,9.460168024092535,1.1771986154045102,2.5073233120268235,0.01675697167751975,-0.017987313244415368,0.13254659232284685,9.3340098444293,1086,0,0,0.14,0,0.0216
-0.3975930363824386,0.5981967406782577,10.431133741654106,-4.93257661407863,-2.0077229526188134,2.5270222517335292,-0.4195344806758525,0.6009790708259323,10.41221793241862,1087,0,0,0.093,0,0.0235
-0.018777519600647375,-0.20947762077701218,9.697472169252997,-1.2442936708686743,1.245230574563686,2.7337433547974035,0.07523673438715966,-0.20854456138214394,9.725618147750243,1088,0,0,0.1537,0,0.0135
-0.2959337772997211,-0.19065102765032782,9.927159904870638,-0.303883465823962,-0.05609055131408282,-5.859404226076685,-0.32257181297941734,-0.2144899415548385,9.88616736597286,1089,0,0,0.1537,0,0.0235
-0.1367104808805691,-0.1922871825276006,9.788039453087269,-2.5015863422599915,-0.18928094556181424,0.07351727900022079,-0.11465764819569157,-0.22247420028783255,9.790980226193147,1090,0,0,0.1537,0,0.0235
0.330345527007852,-0.021947051203504982,9.714317684749409,0.574837931518609,0.31076644989920466,0.4207064245269189,0.2687281621310402,0.011446831259251482,9.800074286639884,1091,0,0,0.1537,0,0.0335
0.04722558449502873,0.3746199512222484,9.671236124635193,1.1949936987302912,-5.542854044471427,-1.3474707811641462,-0.05159017593954368,0.3449261947224009,9.632036943035422,1092,0,0,0.1537,0,0.0225
-0.12999546189418867,0.292350003774733,9.654835946298272,-1.0790310509299608,5.943957500253525,4.0127204454345975,-0.24129386569805125,0.2642487863466905,9.731028011368652,1093,0,0,0.1537,0,0.0227
-0.25603631345177963,-0.007803215297060554,9.582794114848289,-4.078296478640111,2.907150211281083,1.6148916685546197,-0.25710609307614357,-0.03470219227044007,9.505411353527537,1094,0,0,0.1537,0,0.0227
0.49449503419162066,-0.2028328007514166,9.869688879816232,-1.0922492998059803,-2.002040351958193,2.8445716806218173,0.3849094648244875,-0.15142903683433173,9.85278672967027,1095,0,0,0.1537,0,0.0127
-0.1640955535066563,-0.027856683623083616,9.94950600525442,-2.0529678690221487,1.3333870942205643,-0.94587964337398,-0.22801557002189776,-0.060690234684275896,9.976810557016567,1096,0,0,0.1537,0,0.0327
0.4562302977833337,-0.10284829324077646,9.805594610426192,3.7955437790794244,-0.6120524313627747,-0.11425332044048025,0.5095414947336642,-0.04568076665388883,9.854139230395267,1097,0,0,0.1537,0,0.0424
0.3335370054673726,0.2577816584829094,10.228256825891338,0.4005424713949868,5.361305816719624,-4.034965495502452,0.19537272690842808,0.18696022620575312,10.291071945894554,1098,0,0,0.1473,0,0.0538
0.04707373750499692,0.17535636597301107,10.043140137884151,3.582920904922471,1.5341739705081097,-7.828655538828897,-0.0025142736679526143,0.2366065693314267,10.057005168243098,1099,0,0,0.1514,0,0.0495
-0.14390407420348184,0.1636156737644282,9.693114797623098,-3.9207389317998405,-2.803472176316771,1.7994592854568854,-0.11057514367361758,0.1647178579261544,9.653368523453533,1100,0,0,0.1537,0,0.0471
-0.16619303462416127,0.6304395400942943,9.637633396795788,-1.3258347197656155,-0.0367067642460103,3.5673836601531033,-0.16809573849979143,0.6942397578750898,9.62602171342585,1101,0,0,0.15,0,0.0383
0.11032032326881913,0.11856201854770104,10.060232209178983,0.14983148169858634,-4.706225180379398,0.30257072595155005,0.13127345877197327,0.08758502932865743,10.065016026602798,1102,0,0,0.1537,0,0.0385
0.13014362621440062,-0.05609659549651149,9.852851883326382,3.067424669017834,-1.0574892358292307,3.4567529469181038,0.0949616764245344,-0.09438758089572974,9.83205482280179,1103,0,0,0.1537,0,0.0385
0.2280693505103763,0.050450986583001775,10.321623550737787,0.1323260843596541,7.085650969830074,-2.8042256892120077,0.14176985465341924,0.09518441227770172,10.370508762902094,1104,0,0,0.128,0,0.0518
0.2622259343088682,0.16599060819002162,9.800940910334209,1.8937149860780251,-1.9842171433772358,0.38838784504038726,0.22710368519835572,0.1380984901447326,9.831833700869982,1105,0,0,0.1537,0,0.0405
0.32552078870580226,-0.17008980812378308,9.529025219514908,3.2076063342521843,-0.9725289625093283,-3.7714456523469417,0.2793985447694849,-0.20634044453719613,9.5927371046089,1106,0,0,0.1537,0,0.0437
0.13283553494986905,-0.2867940219483531,9.76587985901472,2.311956799856653,3.5100727622615144,-0.6600933962340514,0.18872473147841093,-0.37207472478328774,9.853452374618845,1107,0,0,0.1537,0,0.0386
0.17441799883614917,0.08947003024794625,9.817968048661779,2.010982219713819,0.5511969487802486,-1.21945637292733,0.24095747509983895,0.058125741111532,9.798111113286758,1108,0,0,0.1537,0,0.0323
0.054730163196383325,0.03925220378158915,9.998516112801356,-0.17180792581606763,-6.151055805621553,1.2802290169772714,0.021245524721744763,0.06865392784137364,10.101648518776523,1109,0,0,0.1537,0,0.0439
-0.6535770734203342,0.33184024509348065,9.620527897057103,1.5552834097550585,1.5969309324882621,4.165547022723219,-0.7656356370012438,0.41182285528143764,9.717311899020487,1110,0,0,0.1247,0,0.0428
-0.41320712336651894,0.1297105131671971,9.945139105376093,-0.17497354624709893,1.2870411187584405,-3.3785039707824813,-0.43719664658809093,0.0865063934743856,9.96543552868678,1111,0,0,0.1537,0,0.0452
0.25898634040206736,-0.22799485472453876,9.922003636550825,-4.096794756871807,-2.048867423280462,-0.059318839832029,0.31491027306031544,-0.3205344814218848,9.938507588759823,1112,0,0,0.1537,0,0.0418
-0.5897362995786353,0.2448111192590061,9.760314745079445,-1.8314570277306166,-1.888256625272429,-1.9434253443157536,-0.563538485654428,0.15725004546783394,9.809637507136767,1113,0,0,0.1537,0,0.0412
0.03487393559683566,-0.3047586682740551,9.50477137265174,-4.255107719047652,-0.5571522438568026,-4.052387713387534,-0.05682809998939213,-0.29820022446006583,9.566800681348715,1114,0,0,0.1537,0,0.0225
-0.1814955724433158,-0.06081339298315399,9.843210229303759,5.2585453517867435,-1.7177416739391862,1.6721688512195265,-0.1896225958297268,-0.04866535116790296,9.884142366181507,1115,0,0,0.1537,0,0.0137
0.48201295403727257,-0.05180543420898873,9.781813876680822,0.028508757472687704,-1.3626592519759164,-3.033535178595458,0.4983958120366612,-0.16387708236590656,9.765070254607235,1116,0,0,0.1537,0,0.0098
-0.06522872867122789,0.36283072991370907,9.710894560234108,3.0060433930328863,-3.8296195097312324,-7.835387570376311,-0.08248684321620242,0.3609539360220877,9.761375808366347,1117,0,0,0.1514,0,0.0226
0.03144668752731611,-0.29388398915783553,9.541132300855832,3.2083596099319056,-5.4433514260199996,0.9906202936656925,0.05204277851051711,-0.28873885981140884,9.425755280487216,1118,0,0,0.153,0,0.0327
-0.4936974086000032,0.36854207843088416,9.719110460992056,-0.9328498185915788,-4.933450868780108,0.3039927276178373,-0.44957285589222046,0.38048632825472756,9.791864804027583,1119,0,0,0.1537,0,0.0407
0.4233925223182213,-0.217280046749282,10.23422817709333,0.8231369731671738,1.868442325221677,3.424497054770159,0.4955180821557753,-0.12665486482224297,10.226180590421755,1120,0,0,0.1527,0,0.033
-0.3860961121615801,0.2589555211169552,9.794923347138715,1.5838559749992358,3.7328034383578843,6.595452448284268,-0.40731721353151534,0.3109835388199936,9.78241733637316,1121,0,0,0.1531,0,0.0338
-0.03703030769346476,-0.4923910346912928,9.90729395052074,-1.1548623987957163,0.42027801048990643,-1.2068347256310952,-0.09588388776258328,-0.4773648160167382,9.921598961891211,1122,0,0,0.1537,0,0.043
-0.24698856669803526,-0.4768023499223051,9.555591702456837,-2.214749470626643,1.4742746392134782,-2.8991395861073554,-0.27963962943187143,-0.5151052025537498,9.596940551654606,1123,0,0,0.1537,0,0.0332
0.22993512501418206,0.20128246884823478,9.84907712011734,-4.235012049306453,2.1240708704433655,3.6794059398889765,0.27379486882962467,0.1347957458729504,9.817925589433491,1124,0,0,0.1537,0,0.0433
0.33777064852207267,0.5005042733830478,10.081714780914563,-1.6772711027895533,2.1109301029429233,0.6327150570781522,0.3085682466859141,0.465609934584496,9.992484088123991,1125,0,0,0.1537,0,0.0233
0.19556850646520066,-0.26923867910112154,10.207873653415684,4.771432191920758,-2.697113308191634,-0.02618209446802127,0.14628382909561308,-0.19604836642005197,10.238583337523634,1126,0,0,0.1527,0,0.0251
-0.24758134798547343,0.2103459641482417,9.953508588155863,-1.4115677565558025,-2.5859183810102246,4.842597757737386,-0.2525491162097757,0.24449753923023093,10.011858269848755,1127,0,0,0.1537,0,0.0144
-0.1607800443686648,-0.3402356050104593,10.313148403072955,0.7070184220089587,2.7081584241793153,1.7198851398024972,-0.07760515817906957,-0.3132280939707335,10.326118171391359,1128,0,0,0.1374,0,0.0144
-0.6404108347936344,0.0014116929231806886,9.98949710236397,2.999401953635503,3.3227533650943593,2.0625950008494343,-0.6936445489887942,-0.045356740042320716,10.072689726164194,1129,0,0,0.1494,0,0.0241
0.10428206306511757,0.020584459861664635,9.672654851821212,-0.3355933218250364,-2.858200899240685,-2.546204871844057,0.13101616280435083,0.036027474874176346,9.61947127760807,1130,0,0,0.1537,0,0.0145
-0.31238406045654105,-0.19536852472294094,9.75372739830898,5.459195184966811,7.192098852628689,-1.6816369369123931,-0.30554794125935225,-0.24244138827179548,9.75712279284941,1131,0,0,0.148,0,0.0042
0.3198825484602921,0.08135427547428041,9.759443157656397,-3.036598567443437,-3.795628241600162,5.286588657656592,0.34055792937728796,0.10799350266512922,9.811663308373104,1132,0,0,0.1537,0,0.004
-0.7351290549118477,0.07780945151713307,9.675281666210022,-1.9262338999343482,-0.032013406355328664,-4.2875261668716895,-0.7585023282835217,0.036101298414986764,9.617336733028651,1133,0,0,0.166,0,0.0034
-0.159997519019727,0.19351815044357012,9.683473524438742,-0.33776857706256275,4.942269270597379,-0.8712189331889756,-0.20258049323046717,0.2334383133614033,9.744065163798126,1134,0,0,0.1537,0,0.0034
-0.10594331203404804,-0.13039496702478443,9.673520577492638,-0.22271564062801608,3.37850708159818,-5.242719868345086,-0.0867318696534619,-0.14083008426005036,9.672569671005254,1135,0,0,0.1537,0,0.0137
0.05662788569241811,-0.12360292173129675,9.915381461162298,2.1212729918718787,-7.521450856908826,5.635867202105009,0.14481127981541347,-0.1061821470187535,9.973363774493837,1136,0,0,0.1453,0,0.0337
-0.09499030728961448,-0.35353016024562,10.32320198918586,1.4349741489330226,-3.723477345959937,-0.4708655690979714,-0.07407817557772205,-0.3388522318146208,10.289102680407199,1137,0,0,0.1509,0,0.0112
0.14291615010908382,-0.1493532096470549,9.619984506840884,0.8955652024282645,-0.0072348207602421265,2.6904646288298015,0.143269422637928,-0.12134103960232703,9.647647940865822,1138,0,0,0.1537,0,0.0112
-0.45399283183833444,-0.30197724102647194,9.729741978032983,-6.186617587616675,-3.3289660949268196,-0.566386497416974,-0.36304701019416163,-0.27068785421717,9.67972307522671,1139,0,0,0.1537,0,0.0112
0.12129844028884579,0.28543626733758964,9.631869112923512,-7.353813526223933,-0.15329826562151205,4.753324291398811,0.1150845510883406,0.2567606615728002,9.607823913127959,1140,0,0,0.152,0,0.0012
-0.4491409808166018,-0.56472900374307,9.830001989913857,-2.102135963619594,-1.7412678330647686,3.993460329502023,-0.38474779489087335,-0.6389087708609378,9.822203647124105,1141,0,0,0.1444,0,0.0012
-0.18481906331251974,0.39263202004359543,9.660816798842331,0.2678000788096515,-0.20686112757656333,-4.414545204335225,-0.09575005231642444,0.3870797659246853,9.602942552722931,1142,0,0,0.1537,0,0.0013
-0.20538694120564496,0.5046712376220003,9.605425327575968,2.973026160490418,-1.1452553856275696,-5.9472055813164255,-0.22068863812425638,0.5599615329804027,9.617003053120747,1143,0,0,0.1537,0,0.0012
0.2798742768688975,-0.007150185199190896,9.553721420126026,-1.4665316079329271,-1.9893449949129782,1.0934421219478727,0.2938887636277548,-0.03321395369477412,9.59264932155292,1144,0,0,0.1537,0,0.0112
0.03425785536297404,-0.4603508931043722,9.584577504415401,8.585689329555958,0.23319674688458533,-6.19052558042684,0.09802499280632532,-0.5017063362248387,9.60578485096145,1145,0,0,0.1208,0,0.0102
0.25946492363008244,-0.18926596667295165,9.775449294980262,-2.45061269098298,-2.4617618323139387,1.8213904887422006,0.2547210560962103,-0.17001727897804791,9.870152039727298,1146,0,0,0.1537,0,0.0102
0.3363808488757528,-0.1550861538732354,9.608248188171377,-2.1346336980281277,4.4473391072224135,-6.097091773584374,0.2657622819593311,-0.050929361718604654,9.62725337565329,1147,0,0,0.1537,0,0.0102
0.03935392157853869,0.5864239255347383,9.69117643661016,-3.168754204841779,0.967461049850818,0.9121043513158389,0.0655236805962612,0.675422526544328,9.74547624609545,1148,0,0,0.1531,0,0.0102
-0.42603100309292075,0.5902470415034228,9.865311538459776,3.8290571836630516,-2.785238055568393,4.61179151294137,-0.40761455046205297,0.6059390540074285,9.848173964369483,1149,0,0,0.1532,0,0.0214
0.03420603321565829,-0.6375757082753507,10.068275548780324,6.261523546894974,1.571379247453331,0.33479560325743124,-0.05189155996031567,-0.5533906101242925,10.025457967903318,1150,0,0,0.1537,0,0.0101
-0.4444254809153838,0.12064368102217472,9.833372146821533,3.111330944006758,1.5896000681858038,-0.16643706529894448,-0.38618077832793163,0.050461185863114516,9.81343134855239,1151,0,0,0.1537,0,0.0101
-0.04113701989850416,0.06549175669867975,10.01237656351877,-5.047849834938283,1.7085288906796041,0.9513453874786899,0.013345217916051692,0.09641043804697029,10.041197884634498,1152,0,0,0.1537,0,0.0001
-0.29500574886206216,0.435201342679963,9.77243053920726,4.6971643013256275,-4.516457671420252,4.650986497653566,-0.2427140568679274,0.4753365718147352,9.786275846768916,1153,0,0,0.1537,0,0.0002
0.19367890742797159,-0.3106611766702145,9.975853529319526,5.702950849254157,3.591092944799123,-0.9557242312899268,0.2292672379286346,-0.27941893688336483,9.983352657829418,1154,0,0,0.1537,0,0.0002
-0.521858840191398,-0.1619629642005818,9.892795978454592,5.300368005202814,1.6954236961996982,-1.1175188555398545,-0.49596455925469857,-0.1519402772587513,9.867034037841844,1155,0,0,0.1537,0,0.0002
-0.5819057604957875,0.31477036540324427,9.93452442831188,-3.275494461354744,1.6245392510048458,1.228302595434327,-0.5111240363996374,0.368808720012717,9.992506161046236,1156,0,0,0.1537,0,0.0101
0.02846659198268485,-0.010537941622372825,9.730466778032872,0.8033220094282177,-0.8954651968212068,-1.0832405193602486,-0.03378246232453548,0.02420865536287217,9.720492082554099,1157,0,0,0.1537,0,0.0101
0.0668146062603336,0.10290094209099594,9.273982594286776,1.5191474224010357,1.1806237311179428,1.330402658107929,0.05088555849899477,0.14149443921563604,9.282191900350172,1158,0,0,0.1364,0,0.0163
-0.27026662452763484,-0.30797710922075605,10.09413299932675,-1.8275367786210432,-2.9853963082937196,2.377826693514513,-0.29228764279636454,-0.3165671286498317,10.063235759543751,1159,0,0,0.1537,0,0.0163
-0.589415411625801,0.3860747215769873,9.530891034752642,-0.9489061196246068,1.9983239492603853,0.9253502254385818,-0.6036169811532626,0.3608357752225243,9.476598318597965,1160,0,0,0.1537,0,0.0163
-0.14500654758827888,0.16328655312805865,9.767915879399764,3.023569162271905,1.0333283854244741,8.178380104562995,-0.19263009677827891,0.1287297008896211,9.751609542535245,1161,0,0,0.1484,0,0.0171
0.3306679638855747,0.005774676110347112,9.870379026504569,5.520142482871592,0.5328842407259903,1.3297080443307037,0.3701436454267758,0.000596712787465638,9.860331715904548,1162,0,0,0.1537,0,0.0171
0.19654111183224476,-0.24486649952122025,9.7769504505427,-2.1346082851849886,2.9583281241958574,-2.5950265070174448,0.16111281929158147,-0.21421390280654107,9.810780320401069,1163,0,0,0.1537,0,0.0009
0.14685669729447062,-0.03504511284552499,10.101386072789559,1.2342642720322425,1.2940851551585297,-4.215604521096098,0.192287340523327,-0.0321130307450676,10.076150397840005,1164,0,0,0.1537,0,0.0009
0.35909521691370483,-0.4283560955917622,10.040218299170485,-1.1311952420102254,2.5992782768761633,-1.5213566884808352,0.3442360156659149,-0.365641081690327,10.014908988592314,1165,0,0,0.1537,0,0.0009
-0.05028606898157884,-0.10143292439853983,9.575366761873779,2.752967098880917,-1.2155927552341521,0.36530319929404986,-0.06227375439518548,-0.09366731312036349,9.628597771859507,1166,0,0,0.1537,0,0.0009
-0.23591100418402475,0.20011309074299777,10.014495324157423,5.94636773243672,-2.3750247165188876,3.065129294851562,-0.2979498200680724,0.2229749717032616,9.950540858948557,1167,0,0,0.1537,0,0.0009
0.4208377689114761,-0.5032584796029059,9.719821391051731,-1.1694372016823025,4.689318600091025,-1.9307968439919008,0.48405216865079187,-0.5465572591414344,9.68594986507002,1168,0,0,0.1537,0,0.0009
0.3867929679310937,0.1518017176816009,9.616284711376096,-2.6515624836594887,-1.441189849874747,-2.1237556442137646,0.46192765181141554,0.13539382053267218,9.614107372717061,1169,0,0,0.1537,0,0.0009
0.652906048354242,0.4240218204459115,9.9116270304987,-2.3533213969268103,1.5586916368563242,-0.08036042443384195,0.642186498932454,0.4279696981222294,9.936000844156023,1170,0,0,0.1554,0,0.0102
0.22598402531651116,0.015129831287972087,10.198693520632684,-2.1703693754843902,-1.4401988347941543,2.9775463379097937,0.2321981358034855,-0.01916745957336031,10.140185977717968,1171,0,0,0.1537,0,0.0001
0.49914503021110523,-0.25162681540916887,9.702493787623364,0.5005725644208943,-2.8650591833790715,0.6666528707556865,0.587758573390642,-0.20888986072497145,9.674702087903375,1172,0,0,0.1522,0,0.0001
-0.09737114300112189,0.19111441385385125,10.011428510900135,3.3650770590704226,-2.274817894666629,2.65038663902582,-0.0941822967301791,0.21069497827400538,9.971177467482711,1173,0,0,0.1537,0,0.0002
-0.15159626537714146,0.016008302807150602,9.952851338713174,3.950525616991829,-0.14917965268781147,-0.6413123929499773,-0.11838569040474667,-0.10073178917744981,9.994331246856852,1174,0,0,0.1537,0,0.0001
-0.23927030137149521,0.20835380594143194,9.93144073148836,0.6945033594474203,1.2737111846905496,0.6554929652748849,-0.282517663467054,0.30220693685036293,9.994970880921185,1175,0,0,0.1537,0,0.0002
-0.18325055108581967,0.10035730238156439,10.065576156297848,0.4475129755900209,2.1285586577002427,0.47336003717541564,-0.20916725590980764,0.20280374482263663,10.087717450496454,1176,0,0,0.1537,0,0.0002
0.35301901951913683,0.3243285066464486,9.969793680670964,-3.3288729836478854,-3.0458150672859525,1.453320626772209,0.3294823938306227,0.33400740249847666,10.01523084140194,1177,0,0,0.1537,0,0.0002
0.6351362846461893,0.34370274277272,9.838997139351088,0.19774794064608164,-5.088283759933724,-1.6957344266500525,0.6507568372446529,0.23496298377752078,9.862106571277605,1178,0,0,0.1552,0,0.001
-0.4991374648202105,0.41475816343590505,9.64922542454485,-5.24038616938357,0.06175350355106442,-4.741240665404381,-0.4514159222967269,0.3750375636705152,9.675215129939987,1179,0,0,0.1537,0,0.0015
-0.21128767503981158,-0.3188119419158334,9.552091649521774,7.138625807773074,4.562133685735349,0.7496777514401618,-0.08974116180448331,-0.3835682583331394,9.57691239137811,1180,0,0,0.1524,0,0.0015
0.3182452464495859,0.06095252729193153,10.089837952527148,-1.7308601890519375,-0.18195814598272736,-3.789132357049982,0.3026411702540185,-0.013995716590228593,10.082832037682715,1181,0,0,0.1537,0,0.0012
-0.20260104573287335,0.2657906527786693,9.470688109416493,-0.9689068729693632,1.320325615977897,-1.617188229173494,-0.1580753348819118,0.32605218037372313,9.494832564232505,1182,0,0,0.1537,0,0.0016
-0.05221012184357621,-0.2847260359515365,9.989709703984436,1.5361279669169852,-6.943320485819191,2.13615445814796,-0.1327488529281339,-0.3045074783939127,10.003749666259719,1183,0,0,0.1537,0,0.0009
-0.01987381726653196,0.2905938207153445,9.802992086129544,2.421717724663384,1.1226930241583772,1.0754591889826777,-0.021198201734376775,0.35782906670266723,9.852527165227768,1184,0,0,0.1537,0,0.0009
0.14759517793195545,-0.06479525485661174,9.668601847594758,-2.3729818508260863,-0.15490700111804076,-4.081045068696221,0.26865774119190033,-0.077507731626931,9.548949831307251,1185,0,0,0.1537,0,0.0009
0.31263976419584877,0.7608836588986653,9.52745461688423,-0.623811399688865,3.123358322025152,0.2668331505925704,0.33492105008850304,0.7734021698082959,9.56234372031985,1186,0,0,0.1491,0,0.003
0.4425143531695689,0.36998358850695784,9.505876404069408,4.745650478829327,-1.1840841872796055,-4.522795723306998,0.49611427113478845,0.3912826523682972,9.505612664994082,1187,0,0,0.1537,0,0.0071
-0.09443231342934418,-0.20473972798936974,10.037345320630768,-0.7794906739616888,-0.9270902299051289,-3.0074131098481773,-0.19141201814298517,-0.09139399480185478,10.028649564463525,1188,0,0,0.1537,0,0.012
0.053054100403923075,0.29912472939092616,9.829541608804705,5.114714298100973,0.13441447212770893,-0.9002432092875026,0.10849221980508439,0.2807314926888054,9.853644888166349,1189,0,0,0.1537,0,0.0228
0.08037229674560023,0.31772301237810474,9.791508263008428,-1.27508899079246,2.2841734252627375,-2.4473342465156325,0.08745871655693013,0.36778751672067933,9.82420002356989,1190,0,0,0.1537,0,0.0305
0.5146705331663922,0.2739693696938465,9.937043110373143,2.5553323184113763,4.521244089592799,-1.007677137515607,0.4927909638976502,0.19630701991963437,9.914123146317063,1191,0,0,0.1537,0,0.0305
-0.19863406897686267,0.2723248124769962,9.863156385765311,-0.9440641968653632,-3.862576979386499,-3.1781316143651557,-0.21325901529889535,0.2930696145546786,9.831243174002951,1192,0,0,0.1537,0,0.0243
-0.13899196260985242,-0.14129121981196727,9.547460887524023,2.6870406482868794,0.5642901099713367,-0.8837261058289669,-0.11786225634195119,-0.12364796703204993,9.477073399768946,1193,0,0,0.1537,0,0.0405
0.24578684485110397,-0.0774499148766706,9.857105793740159,1.837213404873578,-1.2425134790997743,-3.356201289910377,0.20490296508795514,-0.08556732834363669,9.846566900768574,1194,0,0,0.1537,0,0.0254
0.10441163805117436,-0.2275920985298851,10.012985717402207,-0.038671807246243944,0.9768256513232354,-0.21903560729658694,0.16224455028371665,-0.1829023579685834,10.09326855161744,1195,0,0,0.1537,0,0.0458
-0.2645494569208731,0.3068811329529027,9.865163443112927,-4.542761568680724,7.077825236625889,-1.5146158432614472,-0.3032345976318554,0.34042225119653247,9.824266938796217,1196,0,0,0.1513,0,0.024
-0.24879909882626386,0.33662985644380067,9.18323325123885,-1.7753000305528883,2.1509029457652176,-0.3371943647861381,-0.2500959985738443,0.32993972736395993,9.28476957594285,1197,0,0,0.1284,0,0.0469
0.5439647815863415,-0.5199936728256707,10.041710806638044,1.7433251956170146,-3.6309223271700186,1.2392447325413503,0.5529702700653373,-0.4987175784223957,10.057751548317661,1198,0,0,0.1536,0,0.0469
0.11952186872165481,-0.016341933097103085,9.151324104919786,-2.048420431008995,0.18433508801473847,3.7917772113649653,0.18843704691290059,-0.020496331410082863,9.140472562690837,1199,0,0,0.0772,0,0.0517
0.28400814523753853,-0.30512330506817825,9.953038773279179,0.7878263735198212,-0.9544852722409928,-3.056117674006652,0.3385995009659558,-0.29291831270402574,9.97166197852574,1200,0,0,0.1537,0,0.0381
-0.12646887951069674,-0.07925027543779638,9.464703194400974,2.1241697879068515,-6.4440774118443525,-4.174955077825674,-0.16152904843600047,-0.07446242032613062,9.44142563443197,1201,0,0,0.1534,0,0.0281
-0.03135897398179864,0.08636405202756244,9.644855684634488,-3.6262238323951737,2.356637534337919,-0.8776316041396972,-0.007121932784288687,0.050028901135595404,9.662389884266762,1202,0,0,0.1537,0,0.0331
-0.16311236256888303,-0.49808052367685696,9.891112765926652,2.117164971317637,3.8688644800303216,-3.380082474583821,-0.10959751295085454,-0.5120090614326274,9.90425916425342,1203,0,0,0.1537,0,0.0231
-0.46492486415490625,0.3518791925889518,9.42633173388965,1.816965137378372,-0.08857825092544394,-0.34341603738395854,-0.4437638759951148,0.378191002684514,9.451823657891202,1204,0,0,0.1534,0,0.0534
-0.4088792432013632,0.11182894112799342,9.59640239203626,4.617953744941693,-2.9791578213084486,0.998680517532084,-0.4110878672992528,0.18391871818084943,9.569111386045739,1205,0,0,0.1537,0,0.058
0.056605726524178224,-0.007424620096312097,9.851057280036995,-1.6000944638684358,9.318989515518982,-5.980251590028477,-0.035971846110366454,0.08949089120307147,9.835966775608457,1206,0,0,0.1348,0,0.0732
0.252679064195496,-0.20870113259660053,9.849893045224036,1.706730946530823,0.1315778770376282,0.5494871933839023,0.24297768634821912,-0.24454811609241384,9.82720613938591,1207,0,0,0.1537,0,0.0631
0.39444323319867136,-0.0502731711287539,9.727056193566657,-3.1508781301971553,2.3229956255746527,-6.035554862372856,0.446371335541285,-0.08640375692131932,9.672889398002935,1208,0,0,0.1537,0,0.0237
0.0529541410575762,-0.6155641996911682,9.662777517125301,1.446876396625743,2.6638649336007343,2.0289059068288235,0.11459804225794157,-0.723749504793153,9.74779788030868,1209,0,0,0.1413,0,0.0339
0.28110752308112236,0.482504726493776,10.038238524896014,4.961568108615108,-3.293142270148336,-2.8853740053194588,0.22503386235071177,0.5586313536543364,10.092444689826145,1210,0,0,0.1537,0,0.0282
-0.22975907047431715,-0.14288478129040078,9.51579634014805,-0.18440799200007987,0.10205294732307044,2.000301513902676,-0.23198622116140133,-0.1989594716880216,9.457537554330909,1211,0,0,0.1537,0,0.0443
-0.28275953309116264,0.3205472034119861,9.580206056892893,0.2502979231223063,-1.5673514340184265,-1.5802273927850403,-0.25997390764266237,0.3245529262636681,9.576786330364838,1212,0,0,0.1537,0,0.0647
-0.34760792419914094,0.03686743958361458,9.849319774112553,0.2510852301055151,5.366597932207622,0.09533814386670197,-0.28923767900719943,-0.021545781554176094,9.892416524511763,1213,0,0,0.1537,0,0.0747
-0.16332491112955,0.3833843032040956,9.759536039194332,2.49509453451772,-3.8977771194928073,-2.061715759487682,-0.16332491112955,0.3833843032040956,9.759536039194332,1214,2,0,0.1537,0,0.0647
0.23812860610846415,0.07711267643798109,9.78948743919463,2.3009561712786284,2.6793621428626606,-1.3604807651180106,0.23812860610846415,0.07711267643798109,9.78948743919463,1215,2,0,0.1537,0,0.0567
0.016879449501885514,-0.20093993630850202,10.320110853556637,-2.7251329638333814,-1.2882700168866539,0.6772655816437717,0.016879449501885514,-0.20093993630850202,10.320110853556637,1216,2,0,0.1575,0,0.276
0.17101533687708634,-0.09314763315823701,9.670520620327055,-1.041321025987054,0.8703307737689729,-3.408032652813506,0.17101533687708634,-0.09314763315823701,9.670520620327055,1217,2,0,0.1537,0,0.286
-0.21859629774391173,-0.03937740933508664,9.417579541621405,3.5327594653471097,-0.9499563374963813,0.09122433338193428,-0.21859629774391173,-0.03937740933508664,9.417579541621405,1218,2,0,0.1527,0,0.229
0.165760343616751,-0.11871805379666583,9.898044516817109,2.139721936156707,1.5263081030940449,3.336844945182516,0.165760343616751,-0.11871805379666583,9.898044516817109,1219,2,0,0.1537,0,0.307
-0.42249534244399906,-0.2272687560052844,9.788634911328245,0.33440334326315235,-2.8373725571172375,-1.993771733407016,-0.42249534244399906,-0.2272687560052844,9.788634911328245,1220,2,0,0.1537,0,0.3371
-0.16187569048488779,-0.051591389797054354,9.843907884895806,0.2993566400630928,-1.5622612818822552,6.015821488325289,-0.16187569048488779,-0.051591389797054354,9.843907884895806,1221,2,0,0.1537,0,0.2587
-0.06298063295238088,-0.024291428594717366,9.654692631969096,-4.53832096910271,4.621113857755513,0.3133030865970257,-0.06298063295238088,-0.024291428594717366,9.654692631969096,1222,2,0,0.1537,0,0.2393
0.18411127284075063,-0.25129222160594644,9.892686395706953,-2.5063639182009787,-0.47801560805355425,3.721391879371992,0.18411127284075063,-0.25129222160594644,9.892686395706953,1223,2,0,0.1537,0,0.2393
0.5546556349210496,0.09210234236358934,10.216252342202319,-1.2755528800718618,1.0522506150985573,2.8123310910576436,0.5546556349210496,0.09210234236358934,10.216252342202319,1224,2,0,0.1516,0,0.2586
0.26050890203504756,-0.11492327638999854,10.044670515608818,-3.588703203032199,-6.69701457695068,-0.304003587133307,0.26050890203504756,-0.11492327638999854,10.044670515608818,1225,2,0,0.1537,0,0.278
19.257571273025388,-14.50782812925195,3.174351815308153,-177.45641914479185,192.42292616290862,204.49014248829874,1630.4405023726815,-981.2175867890455,-388.38948619103576,1226,2,2,1.0,2,0.75
20.403191803504715,-8.574199601830905,4.2423770444281645,282.48133082122905,-211.0912815882128,98.78420780875672,-705.896820728313,-444.3542071209215,-122.81202581176444,1227,2,2,1.0,2,0.85
-19.320937654409622,12.555431757686408,2.32835881049685,-211.31065980395545,230.65911216561977,175.99853519681375,1584.5119462489815,-949.7442985843483,-164.80785826923932,1228,2,2,0.9999,2,0.84
