ax,ay,az,gx,gy,gz,hg_ax,hg_ay,hg_az,ms,true_label,p1_label,p1_crash,p2_label,p2_crash
0.34819702819002685,-0.039677071294297955,10.067194667068714,3.2140070042596007,-3.528259895306368,2.326701854468886,0.454400960297331,-0.06698004119256745,10.07481685073786,0,0,0,0.1537,,
0.3891703449569118,-0.29209282287715516,9.810660669134897,3.55586034706473,1.5222768270788078,2.592400154574493,0.35420081159799466,-0.241565605812612,9.81157415348776,1,0,0,0.1537,,
-0.12447143907721818,-0.22960272304665277,9.780174729711648,-5.271662928657909,3.3312381763312744,0.5717332365779229,-0.1728794936019053,-0.2666078349009387,9.835079181298587,2,0,0,0.1537,,
-0.15929933934600513,0.3992607314114847,9.9052040045907,3.6935088229985946,-0.6507990658547466,1.4475231740466166,-0.13419067141582075,0.3942842216481096,9.865386808918498,3,0,0,0.1537,,
0.1420752539351367,0.4014940679027293,9.792985206934953,-1.244313378416437,-3.0845491645135654,-4.062935345967475,0.16218718322722914,0.3479745349988531,9.801502408197956,4,0,0,0.1537,,
0.1647868444599476,-0.17883817557256826,10.083431630721476,0.40982043227874687,0.633613798106853,-1.6883118931354637,0.12580763664130507,-0.18295198425578738,10.096126413343674,5,0,0,0.1537,,
0.004892858924569067,-0.02309278303579375,9.486772430481897,-2.0437533160989396,0.4483774715702234,-0.4268372960651051,0.01390532719597295,-0.0900472892877566,9.549747653885623,6,0,0,0.1537,,
-0.3848788193154849,-0.537499726408751,9.823607562440644,0.8754014144603868,-0.32088818028483107,-6.094081071077753,-0.4004316743569814,-0.5098764327846296,9.862915519641344,7,0,0,0.1537,,
0.5793902362971732,-0.6014917874500277,9.851687671204882,3.6170305354150325,0.12317776141705541,0.3203904708893771,0.6444424357612855,-0.7021865561583069,9.804329887762767,8,0,0,0.1458,,
-0.2564471225200041,-0.25720713221308195,9.945898666790443,0.4688339116890251,1.5533258919113022,-3.804555796056654,-0.3181937064092833,-0.2992397548613361,9.981009662848894,9,0,0,0.1537,,
-0.015270703445442234,0.14111209972538796,9.8671620115565,-3.2771291627264247,-4.282988329105338,3.5691803745973214,0.06946272265909208,0.11638201587763193,9.813218792320413,10,0,0,0.1537,,
-0.1634365260940572,0.5527140753100542,10.113173663515326,0.6274861315843767,-0.978519327440823,4.9479060771003365,-0.14052863969239637,0.6256687500781173,10.02554516267705,11,0,0,0.1532,,
0.0481480641194388,0.14562401364507568,9.805999164799015,3.769001901624637,2.400017700181926,-0.4056538115202736,0.05977318730395586,0.11203965641950395,9.868688319753014,12,0,0,0.1537,,
0.2758790706253121,-0.535192847117953,10.000468779449868,-0.8598262764621234,3.56700111167417,-2.2093075611957964,0.2946030836081693,-0.5261426077755403,10.030345047590016,13,0,0,0.1537,,
0.6243756973181417,-0.06403576040357266,10.073220998576327,-1.3079310988174242,0.27296398714012626,0.11359810229138292,0.6039026321642883,-0.08857208691127999,10.033851599875868,14,0,0,0.1552,,
0.2337216152170547,-0.11912955060603247,10.093742473747977,2.3923704788290987,3.3890736899942437,1.3375691704773884,0.21413527025735454,-0.19118632984947626,10.036757783925788,15,0,0,0.1537,,
-0.1620754749977237,0.1097618419708091,10.00014837010514,-6.808321540061751,1.9980776217193346,-3.6321086620577727,-0.1349159403057175,0.07356527098418474,9.945010905692952,16,0,0,0.1537,,
0.8515757283319029,-0.0010315638460218813,9.701768173261057,-2.1889696546175097,3.4536596917823754,0.1021142127655762,0.9641269798550922,-0.036643399432749905,9.717085462185945,17,0,0,0.1595,,
-0.5888273014634008,-0.5255580705597098,10.08060729074078,2.1270008161189216,3.971940921667934,-3.6968795899141114,-0.6834083291914195,-0.5173784802517071,10.141126402344158,18,0,0,0.147,,
0.0625437870256641,0.08580589329220607,10.391867712650091,5.263272251579091,-1.4827138396052086,3.245703338727827,0.022078280402422996,0.051039758600740934,10.36795962353938,19,0,0,0.1281,,
-0.07507194687512325,-0.5809790054230273,9.941122534602394,-8.256089255751746,-0.32520552122032365,0.7627196033907107,-0.0929935562596403,-0.5247168540077205,9.873234365431255,20,0,0,0.1471,,
-0.5044025461883374,-0.22129631776331501,9.808077297260292,4.2732976876589435,1.548129716207083,-1.4856561629235285,-0.3876289596502105,-0.2829719718101452,9.795986663524301,21,0,0,0.1537,,
-0.3698606653934175,0.23099608577346037,9.536936322833993,1.0801495606695668,-1.2338480731989647,1.1018638171481017,-0.43119390817118575,0.12011446758648701,9.58110036752037,22,0,0,0.1537,,
0.25311312104564504,0.07992456267633073,10.131088343999235,1.4610033681727645,0.030148577742537708,-2.9255326543779554,0.27557299647507527,0.08625220818139297,10.160586769659147,23,0,0,0.1537,,
-0.007871202391720686,0.016414696848781555,9.720320792384793,-0.24729564713613264,5.066956435856874,-1.946152415857588,-0.013971566555194293,-0.01112562709936427,9.752689710730861,24,0,0,0.1537,,
-0.3602136410478796,-0.4011152983393979,9.939317622217752,-2.076577908636026,5.197340678900961,-0.3009156523670957,-0.32198684818442,-0.44388967085726416,9.976561394656656,25,0,0,0.1537,,
0.2597737976411047,0.011881239436037158,9.418625052550253,-2.061455300897296,2.0521821419840856,-0.07033588861590011,0.2984984315939075,-0.007946475959555699,9.392110555238963,26,0,0,0.1526,,
0.124800952320082,-0.04475066336893605,9.532292746999927,-4.384846914394769,1.136350624496318,-0.37703908092370597,0.11683238137045163,-0.05264222576562487,9.438650867603705,27,0,0,0.1534,,
-0.21907808157139638,-0.17172757239406658,9.680655563507155,-1.2530727550952476,-1.0876954908487106,-4.208011363305829,-0.24274663535353946,-0.1671001707671456,9.643362189615939,28,0,0,0.1537,,
-0.21925048112852333,-0.7944112586195519,9.47503358837902,-1.244048617293183,0.2276810959563066,1.63085163719966,-0.2567568005046176,-0.8848163888893522,9.542550585254691,29,0,0,0.104,,
0.059780253903558934,0.02624605185162579,9.865523706822335,2.0011136426329177,0.9346437193067967,-2.0677564918214086,0.02993227167095385,0.035433442765614755,9.895284574865139,30,0,0,0.1537,,
-0.5281761084335745,0.5520833534711906,9.912029913120396,-0.023000313646544247,-1.1476938579503284,0.9410416387098001,-0.5011536995085033,0.5489124473205444,9.927024166020704,31,0,0,0.1536,,
0.5424319688221124,-0.09752757480075429,9.859090526813146,-3.192712041172979,2.813994791265245,-7.4929237239345845,0.5397144338619094,-0.12246559264057522,9.837957147804142,32,0,0,0.1517,,
-0.18513265960366326,0.16784719090386366,9.849231460373552,-0.38628025555716755,1.2360756824968497,0.5788745374147231,-0.16560209100165374,0.1453187654571867,9.81101594255374,33,0,0,0.1537,,
-0.2507955031515853,-0.6461613854746916,9.680515776603471,1.9684684247220208,5.050070816743225,-1.3556151318625997,-0.3039270671741933,-0.6682503947317597,9.66586533435176,34,0,0,0.1541,,
0.5046745233380361,0.13754050879183,10.073251005357502,-5.641190552993471,-0.1583043200597743,-2.386235263853835,0.5046122128449796,0.0620245821437132,10.09782552247694,35,0,0,0.1537,,
-0.12551237925986888,0.108101187222089,9.633413387191155,0.6678385051213804,-1.6170389292752791,-3.3080284872038113,-0.14328518138119015,0.05421162698684416,9.564234684390392,36,0,0,0.1537,,
0.37588323660148126,-0.057035004451611915,9.916412609634092,0.7924108257482675,-0.42983905329528693,-3.085671869141017,0.36834469480239335,-0.07035026148823983,9.93687575566871,37,0,0,0.1537,,
-0.13585155314061742,0.49500524708948745,10.038984650251216,0.5923772301150108,2.7121441072829295,-4.6996387652576175,-0.050462893105095816,0.5146616042402518,10.06019218142243,38,0,0,0.1537,,
-0.3358676118048031,-0.1842447980590677,10.070285367961308,-2.3179995922057723,-5.154665801834138,3.6736269796258547,-0.3998331445357989,-0.21827192636123563,10.04247788973108,39,0,0,0.1537,,
0.2703233684553765,0.3612859868886053,9.822452645516373,-1.1616533244553215,-2.3835573830730317,-1.3249897219613767,0.29545787074562035,0.36571611112470104,9.883116398164594,40,0,0,0.1537,,
-0.06976366171257635,-0.1405718099295883,9.749129637168117,-1.8002587125764178,-0.633613317868212,-1.620246835820205,-0.04901210490281235,-0.14022461409813475,9.837749045677569,41,0,0,0.1537,,
0.26876344853437734,-0.27088954045523894,9.67121363700798,0.5367286398677188,-2.4002822380404174,-2.7612466798045663,0.1972933210693098,-0.27556947349711014,9.578764434478998,42,0,0,0.1537,,
-0.19954396574932634,-0.0558216025354734,9.777858164016504,3.242592397963022,1.31261691413485,2.4282543976903534,-0.19435506537640385,-0.07637240692027902,9.746353089546801,43,0,0,0.1537,,
0.0034201424817753364,0.039716378171414886,9.929622311647483,1.5500523524505398,-0.5434683582096619,-2.761235994777469,0.015478204449270656,0.004971457166040243,9.977573181635428,44,0,0,0.1537,,
-0.0019760933136052103,0.2184194896801111,10.07207907401535,4.538532543420855,-0.38398530344275317,1.1747858151243156,-0.05306015844492593,0.16360640841202176,10.137986789124941,45,0,0,0.1537,,
-0.1513732694470374,0.09493325169961182,9.80547508231677,-4.623282439719615,-1.8996839464303972,1.5687369391016206,-0.22152443429182406,0.08955736169763286,9.862738455410971,46,0,0,0.1537,,
0.2952349210649673,-0.42903267040186266,9.715428383352675,-0.7456178824393023,0.5997896462663124,1.7964592576542122,0.2518874177542938,-0.4669813556311087,9.737869371393076,47,0,0,0.1537,,
-0.22551381699299494,-0.34069318752566674,9.644305739640915,-0.13946071615431094,0.9203638370903561,-0.6092519208694734,-0.13407779389761237,-0.3835416490480156,9.61215192337695,48,0,0,0.1537,,
-0.12071394952795664,0.23628356686322347,9.488543897842236,1.9756321443161853,-2.9277778310920533,1.7025716299313647,-0.16453710650728529,0.24285441308886602,9.46289847419985,49,0,0,0.1537,0,0.0349
0.1277671559415347,0.08811486474087633,9.990604560258205,1.0522145119380777,-0.6319587544585874,1.8806569612224102,0.2112563246036885,0.07809188417182442,10.054193015367254,50,0,0,0.1537,0,0.0449
0.5153271049986613,-0.053364243256540864,9.747799648182893,-2.6475439529584,0.18013331823382803,0.5997434044361396,0.471411322830986,0.08775743073418886,9.69909325296689,51,0,0,0.1537,0,0.0449
-0.5812778037977112,-0.558761933690964,10.117638547920057,-2.5533979139163603,4.816570839462667,0.4950014779037083,-0.59290616123401,-0.5198565435931792,10.131082599475283,52,0,0,0.1537,0,0.0457
0.03664223172621316,0.11042727036344428,9.847170505404476,1.5464433175039596,-5.216982506901456,2.8067951341535977,0.10545762910078513,0.0063413249252049775,9.807551993242493,53,0,0,0.1537,0,0.0247
0.3137072806616924,0.211678153336786,10.053757068188478,2.668782766520546,3.490138026802026,3.5141818030490297,0.2775096096837956,0.16087839976837667,10.07696437655383,54,0,0,0.1537,0,0.024
0.034903587267708557,-0.011644083957968334,9.890795068191311,0.8661757116298967,0.5790631666102122,1.3463757570466506,-0.024378776332647248,-0.03106951054217587,9.90339357836033,55,0,0,0.1537,0,0.0147
0.33122670038504554,-0.8154065204325877,9.823017887189568,-5.232578110779915,-2.054429905005228,3.932198625808586,0.23424243150730037,-0.7401724620177161,9.857060057651617,56,0,0,0.1489,0,0.0139
0.15897946017525474,-0.2488373857944723,9.696518564441545,2.8082682689125886,-0.34567886438026135,-2.494840919929516,0.11739793620685457,-0.3065645984128259,9.659128553690335,57,0,0,0.1537,0,0.0333
0.14192843388691398,0.37988472020695363,9.673557945688623,4.610411115936596,0.12890099894853782,-0.9311312851355873,0.12060495150192999,0.35186575747890503,9.667530339414954,58,0,0,0.1537,0,0.0233
-0.3616036553062801,-0.42028594340486164,9.914575521333022,0.11170782947700411,2.2092134849232483,0.4684974744414432,-0.438766182594972,-0.4249553722816694,9.934864361593268,59,0,0,0.1537,0,0.0233
-0.2679322102323213,0.2086981381525042,9.69241465468607,2.5192130227171425,2.339300044324094,1.4819644248559996,-0.3461076786065152,0.35349203449673483,9.68555345343698,60,0,0,0.1537,0,0.0233
-0.33519065389731706,0.33029144122061943,9.837481652276669,-4.214228110499226,1.4752294120645004,1.7680658434666954,-0.331004587520765,0.35313512217798765,9.77090478031788,61,0,0,0.1537,0,0.0133
0.07176874387101242,-0.4700590758492894,9.923384449141693,-4.508222599276947,5.419722616396075,0.5303722008548724,0.047862042644634485,-0.4927643056722848,9.848547169041435,62,0,0,0.1537,0,0.0131
0.0007421071182034008,-0.055679165408329706,10.067916908723557,1.2123472370960677,2.65064271554427,-1.8856223832260617,-0.023958208738435613,-0.08687653224706755,10.062126669478046,63,0,0,0.1537,0,0.0131
0.01255683997864973,0.40146007794455824,9.881813986181042,2.360159880120738,5.7624628364744215,-6.218884014005512,-0.17246162252247968,0.43845350647722003,9.936142944372037,64,0,0,0.1537,0,0.0021
-0.29307605287303584,-0.511385872653538,9.852989158120174,0.6960975495886894,2.7233569032183915,1.614546948490879,-0.28881461346519954,-0.5463964665653224,9.805968050972307,65,0,0,0.1537,0,0.0021
-0.5083111776821394,-0.13527377412462452,9.832496374782139,-5.478029953542297,1.4136892223986672,3.2310577773469427,-0.4991446816083786,-0.12119657543049783,9.753694173557344,66,0,0,0.1537,0,0.0021
0.6573766079786629,0.02571233111220063,9.675262420455605,2.979114972748606,3.7688615805090526,-5.85574937962771,0.6329753222848399,0.020827409512795672,9.660568204570687,67,0,0,0.1553,0,0.0036
0.0290823750924456,0.16166839275435993,9.84495824792799,-2.9768934412894335,4.222060866729585,4.281007437379545,0.08286941767921668,0.2149141029258957,9.8208562571868,68,0,0,0.1537,0,0.0036
0.5397132495650245,0.3105203467720869,9.654832593648093,1.0225540234080879,-1.2826868272411909,-1.4139990639756321,0.4468994954918589,0.3292530005410461,9.612331211986387,69,0,0,0.1537,0,0.0116
0.45406524860050895,0.555999880814312,9.955373594234105,0.18442564133480663,-1.981379299196354,-2.387041160413986,0.4699647207888923,0.548493799585777,10.009420342158707,70,0,0,0.1536,0,0.001
0.28201402151390403,-0.20698281756876152,9.600891323631268,-4.6794779890244325,-5.920672204552534,0.7624971798501512,0.2881595747761604,-0.2219018951890257,9.561852456179901,71,0,0,0.1537,0,0.001
-0.06664010790804249,-0.19060419064260056,10.095073950028093,-4.757853230657218,-2.010849696907182,-2.065121960744894,0.04443038181012708,-0.2171996451275161,10.030592501190139,72,0,0,0.1537,0,0.011
0.2123314915649782,-0.033064365230444454,9.777358031801194,1.7531380561556875,-4.381869964593179,-2.4800603261217935,0.16913551126417192,-0.02239217620171914,9.803961013680034,73,0,0,0.1537,0,0.011
-0.067416309849875,-0.347914678473853,9.671212531430209,1.105379558594629,-3.835721148601224,4.467339547572108,-0.053112899031412614,-0.3627318121142479,9.67504336009213,74,0,0,0.1537,0,0.0104
0.16059350294377853,0.3821708263373457,9.920944733665934,6.259724370316891,-0.3969327591892712,4.7726237748609295,0.14580768442883055,0.45033991273065965,9.82365508161435,75,0,0,0.1537,0,0.0005
-0.6848726707125514,-0.09130567241606781,9.729805979486615,-2.212692210349233,5.822505809390595,-1.2944407519130798,-0.6832883745719176,-0.05981258760757673,9.740249574620362,76,0,0,0.1518,0,0.0003
0.49057050331091584,0.06458092874536714,9.827977250705016,3.358329536218248,-1.8662094411425203,-2.727630768283257,0.5437770713910421,0.10455970417130125,9.818770484386546,77,0,0,0.1537,0,0.0004
-0.5203327238796217,0.41544047660835126,9.76790928479843,-5.374554713248913,1.0894517214209838,0.525138152756584,-0.5273260439027625,0.49863681571615753,9.791081868123797,78,0,0,0.1537,0,0.0003
0.09988880452176244,0.07421595508455738,9.569399935987276,2.0205373498470927,0.8055167567017171,-4.754629706990812,0.07498230334550549,0.006026466664116839,9.5177577421698,79,0,0,0.1537,0,0.0002
-0.09826273341296571,0.11019760309350925,10.082434411072361,-2.2352135541986247,2.6268182120240473,1.0726314347396926,-0.13566617687155544,0.06839801515361245,10.002367098203825,80,0,0,0.1537,0,0.0002
-0.2539315667233457,0.2239095743786273,9.952783547267456,0.7006383100005023,-5.271796026445215,2.177806201641534,-0.27111775491102075,0.28115326970892085,9.894978826612812,81,0,0,0.1537,0,0.0021
-0.1096863383762529,0.19991262860049602,9.96239600566751,-5.06933725479043,3.769408267981727,4.4553509152575534,-0.12048277403751874,0.2569926051599807,9.89071298681441,82,0,0,0.1537,0,0.0021
0.1358756149399476,-0.39883164384396896,10.019499373525145,-2.9182584406686054,-1.8373581959518113,3.70682869752724,0.10438213692459405,-0.386032199371987,10.140904072044716,83,0,0,0.1537,0,0.0
-0.3076318780919956,-0.2905295629525158,9.724881042302895,-5.320367654798171,-2.2900596168826484,2.1226218939326453,-0.2765307257625958,-0.2709437702493945,9.674987320110244,84,0,0,0.1537,0,0.0
-0.0373349587026461,0.20797779660708246,9.748149994340706,-0.5715942245105194,-2.091025219986609,0.2873962386974033,-0.036546471596729434,0.18647014686786148,9.72726455991178,85,0,0,0.1537,0,0.0
0.45134154116918024,0.11192012128480408,9.650332898567763,2.3417588692510893,-0.6648268241075448,3.4655320538341416,0.47411626797153056,0.20740202674252825,9.685838561588161,86,0,0,0.1537,0,0.0
0.30011564099035093,0.07837568637802207,9.764708400643453,1.7897660434881226,1.1802964947619141,-1.4408326290960867,0.1967855739603569,0.09103610031599951,9.74528152419164,87,0,0,0.1537,0,0.0
-0.5251291036220639,-0.1360673152262927,9.860544217325412,-5.698553176253716,1.060352154341959,-5.858156422688076,-0.5750435353962394,0.020098553191345986,9.878405067621427,88,0,0,0.1537,0,0.0
0.5532380734655868,0.011433985784132593,10.076396026560902,0.6397931789862283,-2.3991031480545058,-0.935053263186476,0.5388030788727205,0.035403425444337326,10.057045782751956,89,0,0,0.1536,0,0.0021
-0.24689965350017423,-0.20272166547289125,9.745840072790038,7.1088635696324545,-1.4066212141261873,-4.487482626581567,-0.24552429443491391,-0.2649155192050274,9.722655755097584,90,0,0,0.1524,0,0.0002
0.41160029572054463,-0.004458101783619711,9.824771019148459,-0.1698597354760803,3.182061687353393,4.132941770696758,0.39153856554982536,-0.05712542576541275,9.79905295898716,91,0,0,0.1537,0,0.0021
0.28945966664598477,0.2735651732661408,9.857181690104527,-1.7241825662442967,-1.131623829513283,2.9519074912771486,0.2837649309342811,0.2845602720795512,9.84712325827078,92,0,0,0.1537,0,0.0021
-0.26687459278332426,-0.07410684603137672,9.764557586635144,-1.316918063984957,0.15091758066629635,4.2079529029336715,-0.313832217073436,-0.01152235854640489,9.77538724363083,93,0,0,0.1537,0,0.0021
0.36990539873200906,0.031558835775280625,9.720991010148076,-0.9324618237356905,-4.5992012547526615,-1.0920723718244878,0.4176282723082824,-0.02916015905985614,9.681346937699464,94,0,0,0.1537,0,0.0021
0.17035645341498543,-0.6225465803575975,9.82608451853916,-1.4015828289113152,-3.8226297191104255,-2.4976797508406863,0.06868224660827212,-0.6212116750678716,9.826707424905969,95,0,0,0.1539,0,0.0021
0.22962507136387833,-0.0733172592267928,9.913945624346104,-3.6926255056413044,4.384242911056788,-3.6547472627324042,0.24788390151410167,0.00603366145228125,9.874981015754384,96,0,0,0.1537,0,0.0021
0.09508549637416185,-0.41427879892752656,9.921045785308024,2.5469870123968184,-0.9167247103794787,-1.1423512270293905,0.06754500148614376,-0.45925141746083475,9.85935032647385,97,0,0,0.1537,0,0.0021
-0.0011528410733019424,-0.3967387432359134,9.85255295626549,1.9532420238920554,-0.10313566828837448,-7.179682992105543,0.023634950164717648,-0.35507088722927455,9.797558688085804,98,0,0,0.1521,0,0.0021
-0.1644074560676507,-0.006106234861897848,10.061107759514844,0.1795195616935279,1.904481696265011,-2.501823800083321,-0.1452430062737204,0.07813829916786905,10.067330204795363,99,0,0,0.1537,0,0.16
-0.42933305714315656,0.26073511461038335,9.813099124834778,0.00891088763162143,-1.4120515319285973,-2.3946561574890195,-0.433609489679672,0.2698355733020002,9.80579860689652,100,0,0,0.1537,0,0.21
-0.06999016572329847,0.45262863005126,10.078027922577492,1.2693750882368795,-2.171662299316905,0.14291755509831547,-0.009145592406905552,0.4429258649872487,10.087122411298983,101,0,0,0.1537,0,0.0301
-0.1381023853992105,-0.1634756173146307,9.626535101223464,-0.012510592766199681,-2.4714263790694053,-0.5856945984945517,-0.06445796200674214,-0.10990639289448062,9.687613547745556,102,0,0,0.1537,0,0.19
0.5619090103820319,-0.5055650642866828,9.719957255814537,-2.6286983148885485,-4.106514400899565,1.823605517227259,0.5183084437361518,-0.43760631997392097,9.636488636899859,103,0,0,0.1536,0,0.1601
0.11441978484269383,-0.11661923860092416,9.884553641354609,5.400679038293308,-0.392439994252631,1.2803481289272998,0.141231819378523,-0.09399860961413466,9.915277188002552,104,0,0,0.1537,0,0.25
-0.14807669877889845,0.10860370013638697,9.75304980227056,-5.58508188149831,0.03446132568735992,-5.148046094404302,-0.1555199597196048,0.08582930636124772,9.842037013901857,105,0,0,0.1537,0,0.26
-0.04492683901002341,-0.10260518500528014,9.789077902075482,1.9978305324574719,4.890026515158159,-0.9213402762391852,-0.06419107302269832,-0.05007259463930392,9.87530349951525,106,0,0,0.1537,0,0.2601
0.09846468043616244,-0.22483306694414074,9.672591374143106,1.3617340828761522,0.571160795938875,-0.09788533737921398,0.011101482619163175,-0.2195911805707684,9.756392933954164,107,0,0,0.1537,0,0.2501
-0.09120078762768404,-0.6468926106113434,10.15691177460141,-0.18574173981678374,-3.3618458474554345,-2.0922580791083045,-0.05731919422838766,-0.6661758769798348,10.043238896993417,108,0,0,0.1541,0,0.1308
-0.4289125458579319,-0.013172188527502475,9.866795296101838,0.6946184018952662,-1.532666238592455,1.5882308600596682,-0.4753242208995484,-0.038914896283725894,10.014326498574977,109,0,0,0.1537,0,0.1008
0.3052758598752327,0.1742697408965449,9.691720958643494,3.807059110319199,0.5459724689569309,5.562441039205643,0.2471931034251252,0.12745469479323188,9.64618894380811,110,0,0,0.1537,0,0.101
-0.2898153033016707,0.05723132556686065,9.449940999938837,0.1434737031928903,2.1239621974170335,3.716269345827228,-0.3191188022334909,0.07991480464144925,9.408329737641058,111,0,0,0.1527,0,0.0119
0.2858662964421727,-0.2953134342233692,10.1621957473044,-7.7130716864251765,-4.116692581791769,-4.648372266690207,0.3724717207161964,-0.1564726622827273,10.153511928651307,112,0,0,0.1511,0,0.0217
0.25458380736071773,-0.21040628204073297,10.000061705045836,-2.4835987703474647,0.1329322819674765,-0.12947679588952543,0.21888783852704496,-0.17580606895072806,10.071122701423475,113,0,0,0.1537,0,0.0275
0.13894820189894286,0.21471351663708044,9.527745435622725,5.593355047674181,3.6068012082911483,2.0131250560411087,0.09979401813791192,0.2051189207738782,9.406522453195203,114,0,0,0.1512,0,0.0117
-0.31230147717244133,-0.0776863092907648,9.986586579029227,5.546365768211616,1.1231712573293202,5.704302416680219,-0.325012008365544,-0.12294382690019715,10.004047048474842,115,0,0,0.1537,0,0.0021
0.13688296177508977,0.13843066144556432,9.801669282739393,-1.0322218348596608,-0.7521811213490781,0.4497656159660069,0.18362473125192444,0.15532592828560915,9.816146986773745,116,0,0,0.1537,0,0.0121
-0.08706039843172553,-0.014392722194760087,10.30949936407305,-2.26909094252206,-10.098351755950144,1.4031770532954448,-0.07563697699188776,-0.06250662728972281,10.28262312715916,117,0,0,0.1335,0,0.0132
0.35296423273940886,0.3860902712123228,9.793228311714083,-2.3204527774719397,1.0288929260732027,1.0650545550274764,0.3816885612136205,0.4583245958894582,9.843935481801378,118,0,0,0.1537,0,0.0123
-0.3587898521202696,-0.3967250039460886,9.784975243639407,2.605751297257328,1.1715489583757153,0.6202785269049428,-0.34298181885063966,-0.38112343782571906,9.796695301414736,119,0,0,0.1537,0,0.0223
-0.09842509206257938,-0.4765466990235222,9.585064719787177,2.321659357834319,1.5502316499787003,-2.3679696648515787,-0.13399958894548575,-0.46704135599938595,9.545329632298824,120,0,0,0.1537,0,0.0123
-0.289634427533212,-0.03508733291841492,9.658725912114287,-4.382322351294031,6.357791082363605,-2.497409017814255,-0.22474187977690932,-0.01755099842437376,9.707174855812642,121,0,0,0.1537,0,0.002
-0.09417322320522217,-0.15516812880874664,10.008411833929852,-2.2941197016882633,0.803631941332974,-3.3000506870784436,-0.1011376796786492,-0.21392843505899364,9.955768079501649,122,0,0,0.1537,0,0.002
0.3807719981283712,0.25787852871065436,9.854341144404204,-3.657274059431174,-3.2521188240869447,-5.158647177487553,0.39313578437272306,0.2515631670694981,9.874421026977457,123,0,0,0.1537,0,0.001
-0.2725855157824215,0.6066134760756002,9.75645195194608,0.6366524904014996,-1.1343964948398444,5.760849547920103,-0.24907741923887225,0.6048245629720324,9.837115283597772,124,0,0,0.1532,0,0.0211
-0.03883857737439243,-0.17237969335650563,9.888450957962274,1.489323919298133,-0.5896410873326253,-0.5872525503173653,0.00607904299594518,-0.10570325846209815,9.902355527123854,125,0,0,0.1537,0,0.011
0.2649137712832688,-0.24780641471583323,9.356057410391333,3.1799585374967645,-3.537925678829601,-3.3640928780922743,0.14021829594900542,-0.2502269898900569,9.321579448671782,126,0,0,0.1476,0,0.0222
0.2583636526890544,-0.2884418153173541,10.170675784619512,1.753713300966968,6.383039700648066,3.6588594196158075,0.25000160114236,-0.26739857389568794,10.129509034704226,127,0,0,0.1537,0,0.0122
-0.20349481485056758,0.4146009368873643,9.807620868195297,-2.0779083257610984,2.4655445262724487,-1.266976695131093,-0.17768716317419156,0.40792278608640126,9.887451721540652,128,0,0,0.1537,0,0.0379
-0.19511320162479784,-0.4951555200763229,10.198550622510648,-1.2466900032296169,-1.9458223507684609,0.9434697918078667,-0.22053713733529215,-0.5016436232829887,10.177493734391131,129,0,0,0.1537,0,0.0022
-0.1039966429556006,-0.1875599358780827,9.49100883697402,-3.59888287230101,3.5526576578862468,-3.844301374629225,-0.06275030952889088,-0.13930163157354525,9.48303075474079,130,0,0,0.1537,0,0.0079
0.021218355101651702,-0.4841165007494349,9.943458897848377,0.45972984301353303,-2.103966846695396,0.7125930607271046,0.013633385521566503,-0.5398812636637926,9.904168799981264,131,0,0,0.1537,0,0.0126
-0.12025638292008908,-0.3917855951010586,9.628550258696627,-1.9969289416996698,2.48617925524539,-12.364097612672218,-0.12060394936851206,-0.3638772432391768,9.61740861295583,132,0,0,0.1505,0,0.025
0.1926867136254635,0.029409176828534108,9.86773466272809,5.324906943091873,-3.027536027734307,0.959331262797571,0.1479063513427697,0.014616366366633306,9.840376706903152,133,0,0,0.1537,0,0.015
0.03370186030339107,-0.4120805294308629,9.773107929456645,0.7540505326978174,-3.192530697520244,1.9448936899080453,0.009317151477834539,-0.47678449697143216,9.80630719091378,134,0,0,0.1537,0,0.025
0.23656722663034072,-0.5680214998631982,9.783920016120817,4.336009507076113,3.277439782797595,4.051815954830616,0.17021166041829927,-0.6372014368241293,9.850778944419806,135,0,0,0.1444,0,0.0151
0.28398940495482566,0.18709566180160217,9.948045155530602,0.8880144493381734,-0.33866505928100693,-3.4827666609949643,0.29884730049118924,0.2248207797778193,9.989245726196291,136,0,0,0.1537,0,0.0162
-0.0400267409955919,-0.44852427015440993,9.762691039913646,-1.7295858408497657,-4.73627834682444,-4.015932620545823,-0.1499286808726903,-0.39629485966510186,9.788765053513258,137,0,0,0.1537,0,0.0362
-0.23477972767565736,-0.22985959591575886,10.109900880376967,0.14420887810489474,4.777239684933531,-1.0170952817117613,-0.18634864426767317,-0.16577831498100598,10.14282207975485,138,0,0,0.1537,0,0.0161
0.3488252306551447,-0.25875157624021444,9.680122373529056,-1.5935721502384241,-1.9893854793346768,-0.9669679541705443,0.32762774651474147,-0.29647685035609694,9.591856647211982,139,0,0,0.1537,0,0.0261
-0.2630084586693218,-0.3610438792106802,10.182741079121532,2.0542168644542116,0.49207254936396305,-2.202951659841976,-0.27414547037867193,-0.424723537080632,10.136751097282694,140,0,0,0.1537,0,0.0273
-0.031120045418272412,0.008148223145390657,9.641712871726897,1.7628714490201842,2.966860068555495,1.5279129466201888,-0.05717982091426632,-0.017682783183445336,9.5473909856651,141,0,0,0.1537,0,0.0473
0.3078475164599784,0.42852088099511626,9.65201265763397,4.2432892609343025,-1.0332528963140484,-0.35497962959661156,0.3214513324471628,0.39333775592764786,9.592486170225511,142,0,0,0.1537,0,0.0263
-0.15637964950750186,-0.17452255588433976,9.705417842173691,0.8961885091264276,0.240632732270219,-1.152218317130763,-0.14641324997400246,-0.1533284242322538,9.61555478633077,143,0,0,0.1537,0,0.0363
-0.8881187983669738,-0.3463127685188264,9.906357800291461,2.252513790681867,-1.6450248769670297,1.5572883356634557,-0.8557896785162278,-0.3343465873898701,9.900664338012087,144,0,0,0.1613,0,0.038
-0.04025444686458774,0.3431591738105884,10.231429552542332,-3.358805455951138,-0.012863435279080543,-3.2003867264675385,-0.01695443736564183,0.3161889641308273,10.157403310232937,145,0,0,0.1537,0,0.0094
0.4565820491664211,0.08830778270771239,9.875305323044238,5.0502301673245675,1.6595101568053245,3.0819924735980213,0.398551876513946,0.10400529245668583,9.891043303588873,146,0,0,0.1537,0,0.0045
0.06612179344991732,-0.25459560474533593,9.61008049845427,-0.692019940265032,-0.5399742415966786,-2.4244737099271596,0.09239799818331146,-0.1849187970933806,9.654132613032502,147,0,0,0.1537,0,0.0143
0.013359299524095213,0.02755572253671632,10.085555250220867,0.3025663470277434,1.2260602020955158,-8.753706162946699,-0.01236225642389533,0.029624465739148623,10.032911215906442,148,0,0,0.1497,0,0.0255
-0.3672370680465028,0.20757638952702892,9.55696626702255,1.7390403677168356,4.4899988884573645,-1.7552193043866378,-0.2928791587997468,0.2474547734481639,9.623568810752664,149,0,0,0.1537,0,0.0143
0.3766955825605307,-0.20549392813543738,9.947776807499531,-1.0846337847879477,0.5972891987797389,0.4387110729427132,0.39143400156446034,-0.13629872352931655,10.018370505819782,150,0,0,0.1537,0,0.0155
-0.03113459790328936,-0.27233227181734854,9.652807193603895,4.410222988028123,1.8498965530260816,-2.2836637845687555,-0.05280281773293165,-0.27614883883895447,9.643759553312142,151,0,0,0.1537,0,0.0456
0.1550178616693673,0.42819045058527944,9.456730983033756,2.9641588954662907,2.622594815425358,4.698380968185816,0.1368935956829334,0.45155841344367026,9.560947744904913,152,0,0,0.1537,0,0.0406
0.02988960837053286,-0.7964474047066353,9.607964503637373,-1.2843105241849266,-0.8536639900479641,0.061801276928175344,0.08968781312851026,-0.8853659718388278,9.556326123117492,153,0,0,0.104,0,0.021
-0.2627371103483044,-0.062494081150929214,9.742410849938585,2.8125272362667495,5.799108143057128,0.25852245624106013,-0.28478011526221625,-0.05979484444001348,9.742701032911361,154,0,0,0.1537,0,0.0143
-0.3482634289173097,0.18474685233166566,9.82100825983989,-2.3090318897114477,2.35311452169394,2.4065139050265314,-0.36619635530437095,0.19436468568182666,9.829031992390965,155,0,0,0.1537,0,0.021
0.08325569374441413,-0.46168178008161476,9.976963493851361,1.3202165930201608,1.5279940581779585,4.147278895282219,0.06389334880940364,-0.5246983296170878,9.941505046151255,156,0,0,0.1537,0,0.021
0.04068349108632722,-0.01623669463360118,9.772545967876855,2.4370164218898585,0.9168793767724903,-0.730655435854585,0.06245973664130541,0.015486054949169069,9.725525548583542,157,0,0,0.1537,0,0.021
0.16911834081373558,0.17733889112629056,9.386524665631264,-1.1821581548886704,-5.424351497606777,0.8712398771729374,0.16468892667609267,0.10450397533262125,9.390663925487305,158,0,0,0.1504,0,0.0593
-0.30599550158719574,-0.16617709544266782,9.712318730993713,-3.8136695491685595,6.077295564942105,1.3110315174996205,-0.32075088350398556,-0.13845039435552675,9.695731873916536,159,0,0,0.1537,0,0.0607
-0.38052844067724384,-0.38571375222925935,9.72418515148437,-0.16439957471754948,-2.546157272346462,-1.312171512039448,-0.41611351752923076,-0.3914160367637003,9.742324237665494,160,0,0,0.1537,0,0.0607
0.5470959764175978,0.2568467650337796,9.947223723977277,-0.45194296811738943,-6.5273121511461145,-3.4990006389772583,0.597098646882467,0.19011722595638522,9.856158732880653,161,0,0,0.1549,0,0.0425
-0.01676816450362909,-0.31320654574768875,9.641547140415003,-4.99988738761418,-0.43583719433109214,-3.376912245368392,0.07370996829118032,-0.3590510963520561,9.628106975154926,162,0,0,0.1537,0,0.031
0.058094738345826194,0.03927223691462207,9.855042479501885,-1.3114482550189432,1.1775134667405474,1.333092824828018,0.05514987073824311,-0.03380441601688843,9.892900246758456,163,0,0,0.1537,0,0.031
0.2882033563151577,0.11359983005229904,9.949026737821534,-4.027284139191692,1.955607670201228,-1.2857995292609303,0.2756516887473473,0.15818759377214853,9.953736263104643,164,0,0,0.1537,0,0.021
-0.01739199933343978,-0.4127322806390253,10.16886670031763,0.4850656030329946,1.5291344470675485,3.592605578357798,-0.11990828408824178,-0.3628654519842288,10.231347864545072,165,0,0,0.1527,0,0.031
-0.3268627669596697,0.575622761946677,10.005254423532847,0.825332771400592,2.3687369235772273,1.8496431204829744,-0.3044514415913915,0.5410785513298958,9.98284643824626,166,0,0,0.1536,0,0.011
-0.12340787274024567,-0.22286823869119934,9.638639037451975,-1.7562198334220198,2.305828209074252,-5.115117446728703,-0.0860901001832092,-0.12620170941707454,9.6755616009628,167,0,0,0.1537,0,0.0233
-0.2236220842209658,-0.22572234986610934,9.847337819845215,-6.293474214014095,-5.447848249002878,-3.004910838350443,-0.3036611548589198,-0.16096689655165475,9.932584620331745,168,0,0,0.1537,0,0.0333
-0.07691854087506862,-0.14868955798329994,10.20167694628311,2.4494421233505568,0.31341148011212183,-4.29980822413188,-0.12257841287324903,-0.15654535785902315,10.17108421750895,169,0,0,0.1537,0,0.0301
-0.30255568062805477,-0.23595246153960067,9.795555421798566,4.246954613042366,3.5676710323291547,0.9057858067127051,-0.2791165444684046,-0.21604020343199765,9.75606198158458,170,0,0,0.1537,0,0.0301
0.017492529218631755,-0.1719450273684763,9.790329496706489,1.6976847815212963,-5.122808677245141,-1.4101459636893052,-0.04967886728799731,-0.24060062996080234,9.912892112164586,171,0,0,0.1537,0,0.0201
0.12628602811934064,0.17709339873865385,9.518702988599792,-1.7212155727420004,1.4263521211099455,-5.367285684367255,0.2211426686726059,0.12106729381220724,9.50954634211638,172,0,0,0.1537,0,0.0201
0.05938945233678722,0.1944387421876133,9.986835763489603,-6.154748057942725,-4.523471129101802,-1.5390268468061001,0.0278737253714922,0.18045450432311477,10.02306121050722,173,0,0,0.1537,0,0.0438
-0.3002184282513403,0.13611331726914014,9.921159435772342,1.683512110896551,3.801213061775494,1.3900005257799197,-0.31215500914942074,0.13593875312613296,9.893609724437733,174,0,0,0.1537,0,0.0506
-0.5951892179302254,-0.16003200280832428,9.931697487295112,-1.2608167470738016,5.404344322114221,-2.8269443913618666,-0.6328650363432093,-0.10047493974886346,9.93656975552332,175,0,0,0.1537,0,0.0402
0.056134080126153334,0.0656886491611677,10.011572152843518,-1.733628277534382,0.2913803885196735,0.9279000485329227,-0.003957609180032538,0.03697804477796028,10.04405418081148,176,0,0,0.1537,0,0.0563
-0.006004550739365755,0.19447138253384633,9.790719347677474,0.12572370806809557,-1.8982928062918683,-3.232772424410441,0.028135717551695187,0.18188476258288516,9.727767204995487,177,0,0,0.1537,0,0.0663
0.33758937278391804,0.06854377340331251,9.963115062495039,1.4475135004396542,-0.12089215892585174,0.44252495044057916,0.4643502298161333,0.04522843096295495,10.034871877337274,178,0,0,0.1537,0,0.0464
0.13167491741197015,0.23289990386151166,9.710219180527258,3.0169615622109127,-1.7073246310585832,1.0571159917299906,0.19338598797411333,0.33555418359710104,9.729415936192337,179,0,0,0.1537,0,0.0563
-0.11265973460106563,-0.18013731410243422,9.922177321956035,0.7687552126758268,0.9441211510603987,-0.21434207661254706,-0.11677711863512576,-0.16776609085956662,9.860917127200944,180,0,0,0.1537,0,0.0563
-0.2268414127118048,0.011977206533032178,9.657309813296028,-1.3880229013557497,2.3817326865269814,-1.1163216202354893,-0.19750477439442846,0.008143606534265399,9.662630714184896,181,0,0,0.1537,0,0.0563
0.05801480906427708,-0.3999722458545762,10.075221569168896,-0.2295919048284212,-0.1096672817369144,-2.0766579946925403,-0.01820577332573569,-0.349768556122945,10.120100016881546,182,0,0,0.1537,0,0.0132
0.12388375687106039,-0.15011569617629208,10.00129678313993,0.48727958568022617,-3.617645015187668,0.6003129073473646,0.12380019340173437,-0.053375922125118894,10.007136357856313,183,0,0,0.1537,0,0.0127
-0.5657986393451496,-0.4675213636705393,9.692742165987598,0.8168808415105986,-1.2655145421547682,5.014651566384819,-0.5205493957750352,-0.5377988919491925,9.736322913172557,184,0,0,0.1537,0,0.0021
-0.5341212657103591,-0.03893755900071522,9.69795420862277,-1.2606859346300527,0.19652024688308287,4.669075904844124,-0.5985068003116384,0.029319759537335018,9.704619758750171,185,0,0,0.1537,0,0.0011
0.3869334985622402,-0.014236947894541468,9.514584507635703,-2.588697194195265,2.975776279915528,3.113786289299418,0.38466663201016293,-0.1164121655278194,9.479116484652822,186,0,0,0.1537,0,0.0014
-0.2732983460603062,-0.45691220350063216,9.738765861001275,-4.199473991208136,2.071434111711455,-3.994975168144827,-0.23691421949015234,-0.4662228849664064,9.69161536708979,187,0,0,0.1537,0,0.0014
0.19254738139937283,-0.5280813445665572,9.31929558715103,-5.0054039969040485,-0.8075653049859901,4.703430406876814,0.1589235444325774,-0.5098606524287297,9.360086530649905,188,0,0,0.1476,0,0.0008
0.32340097490112624,-0.10146760145063977,9.84001816619077,0.15447461916552815,3.89131457795703,-0.40208706365623137,0.31205609407839535,-0.08177307688655984,9.85463477617957,189,0,0,0.1537,0,0.0014
0.35963700075707694,-0.09764249274969311,9.999900981988205,5.592265439912194,4.6595728699777945,-0.8792540299002672,0.31312692392664326,-0.06808224793368883,9.932279227316341,190,0,0,0.1537,0,0.0024
0.23375112572393597,-0.08934197106142534,9.671591345096743,3.419897029567333,-3.888697238930428,1.9893660780697249,0.3172621107678487,-0.06598896432755175,9.747745553621472,191,0,0,0.1537,0,0.003
0.23284001534154758,-0.5743883283242618,9.366011400944979,1.0422117030399447,-1.697308819902324,2.0440589791358694,0.24154290512282403,-0.5441659637202698,9.325204757420295,192,0,0,0.1434,0,0.0108
-0.6604233494051527,-0.1505045077769107,9.956635808859037,-2.0384947183298334,3.7598409977245524,6.1551296631518,-0.6778486402665028,-0.14784863343533,9.895411903738019,193,0,0,0.1536,0,0.0001
-0.008499669948615283,-0.22230246707171672,9.793412686004114,-5.865367832729147,4.191810562636475,0.7494786873867192,0.03184699488224682,-0.23303672005288134,9.75289647969099,194,0,0,0.1537,0,0.0008
-0.20135880327033673,0.023192416825764447,9.603073735798793,1.9321693732556517,0.007308971231697508,-4.789719023240436,-0.11584083149639107,0.12701140516149534,9.572851459745458,195,0,0,0.1537,0,0.0008
-0.1676727759621888,0.3548528074473624,10.180716236648625,0.3048126536186257,-2.047722463824233,-2.9291306875886844,-0.17675327354393197,0.3522353887736373,10.13999780491539,196,0,0,0.1537,0,0.0008
0.04886279566347648,0.7287631310128683,9.959671656394331,-4.280843533374683,-6.121452385798049,2.440369947342688,0.048851738680538166,0.7017956600761383,9.988687350458411,197,0,0,0.1527,0,0.0009
-0.2216956276983363,-0.07247986857660267,10.050163449319756,-2.1227506426068854,1.9462262310074583,1.1281220258375837,-0.13830658154142145,-0.023043615815470063,10.12010703085463,198,0,0,0.1537,0,0.0009
-0.08118630479000552,0.09988170659207568,9.672755290170741,-7.701544031525112,1.9674669690330802,0.19710320051196684,-0.13387566722964184,0.06002809068241968,9.7028084042832,199,0,0,0.1511,0,0.0011
-0.03974591591995286,0.3667629453173974,9.774748499035821,-0.17647375402129645,1.6813954954629386,1.8351927375112256,0.03468627750687685,0.3577509095163582,9.75313371300757,200,0,0,0.1537,0,0.0009
0.5377188303935398,0.14513334153935384,9.79818588058106,1.7521195722577247,1.435956245674254,-3.7384281717625814,0.5031702242321945,0.08387881767377098,9.801008126860337,201,0,0,0.1537,0,0.0004
0.10948239471964784,0.4515535895324429,9.768945613645558,3.4703286735651275,2.1330869207161522,-2.1815960440202185,0.10953464150805378,0.4232614375941913,9.728552202163531,202,0,0,0.1537,0,0.0004
0.024885601827917866,0.14944257382763804,9.77901166863478,-0.9729700853989407,0.8152896680079152,-0.8142935046853363,0.011106506259098224,0.23676569396550373,9.770111131375689,203,0,0,0.1537,0,0.0002
-0.4370351852828145,0.007234781583263624,9.47852101766603,5.191787476742949,1.154991000632639,-0.6502154696105621,-0.3935223672611993,0.0018985174763825738,9.493523955370303,204,0,0,0.1537,0,0.0002
0.06285974129182272,0.02272577549698129,10.024151072438375,-0.09525320221673272,-2.3744645750447586,-1.6730108564556547,-0.0062021703616678275,0.02614660219161953,10.03030812462781,205,0,0,0.1537,0,0.0007
0.7263047247069466,-0.1796007560549258,9.91318696732776,-2.5135806294168113,-2.571796904810044,6.186216102530631,0.7894329642053065,-0.1792697814320453,9.939379434640202,206,0,0,0.1619,0,0.0002
-0.07244635315794504,0.10035343252538213,9.94573866846794,-1.4447946266346539,3.8854197041128957,-0.6134197573284199,-0.09005385949099037,0.16111781843246625,9.942173909657468,207,0,0,0.1537,0,0.0002
-0.49264188790181107,-0.4152126607669208,10.165315974096373,-4.662862337573174,3.6720403499518284,2.747491583108031,-0.5449018819351756,-0.38404887374789637,10.143068259377925,208,0,0,0.1537,0,0.0002
0.3258663417811753,-0.15978494176725158,9.41958084990343,2.0382750411162176,-3.970928990780226,-0.040100093181307236,0.27489355410915123,-0.16187277582507353,9.394554478367892,209,0,0,0.1526,0,0.0002
-0.07011207823534364,0.1932255892069382,10.085280045815246,1.6510861768863907,-2.1851571267167533,-0.9944602729430312,-0.05058526839069126,0.22220992420189145,10.103890443486923,210,0,0,0.1537,0,0.0102
0.12148531464069035,0.14983155852273364,9.732492049227531,2.849519823051826,3.6517222076386506,-1.8702888385423448,0.029396010865774425,0.21465014496413443,9.857645286005928,211,0,0,0.1537,0,0.0002
-0.9695566836588938,-0.40172822225846955,9.667645009274887,4.944467271292547,0.36836183113082455,-3.9309887715486047,-0.8973703886587552,-0.5089097542442105,9.634807806608864,212,0,0,0.1274,0,0.01
0.28362053375097207,0.29781215683200407,10.0219211353885,1.6060153700825968,0.41670354692924455,-5.124508197330369,0.24650944172297834,0.3541851887988431,10.044455178906393,213,0,0,0.1537,0,0.0002
-0.3256389831314127,0.22533464219088734,9.833247492552697,-3.5217256399269177,3.1164224709884003,0.2503948017145729,-0.3317302299663957,0.27879949614917476,9.805722199255161,214,0,0,0.1537,0,0.0003
0.19755216652920093,0.5627057498749845,9.915441990988988,2.324278292585886,0.10456607516992103,-3.927494303140669,0.21372046383674279,0.5945573835146307,9.929949863843326,215,0,0,0.1532,0,0.031
0.11372405614742796,-0.2924301820240741,10.118448170496814,-2.3119009153010106,2.761786915057491,0.9671143997624189,0.18004815441462146,-0.38748767921262883,10.175574383362092,216,0,0,0.1537,0,0.0216
0.19702686025996807,0.12027687198254582,9.652865690422267,-1.24196506426472,5.3214830989993,2.1589217917347674,0.08664080997605765,0.10166291617291678,9.647803835961396,217,0,0,0.1537,0,0.0113
-0.46965402411522694,0.3884169544687263,9.619593169665825,-1.487601465736827,2.855577429705725,-0.359962100715261,-0.5091316419850884,0.28551865847748065,9.611778790278178,218,0,0,0.1537,0,0.0261
0.5464079957552076,0.2881963101654551,10.167575441657034,1.3384001476746508,-0.8714803311020183,-1.8853559689746677,0.6133671063182442,0.20565347635472062,10.166080928010768,219,0,0,0.1549,0,0.0261
-0.6263886419988993,-0.2754822473192615,10.112271064488299,-1.495428595269673,0.48751680522769236,1.356595146992817,-0.7015281171667636,-0.2307181535451278,10.212680211883631,220,0,0,0.1392,0,0.0108
-0.31983855836485253,0.06074880153071992,9.5467438877812,0.5057437362911146,-0.3552069304970926,0.8608989371798575,-0.29016691482390733,0.10110288013389591,9.528494864241775,221,0,0,0.1537,0,0.0109
-0.3440880963787781,0.5386553152484833,9.800324020691974,0.4690775629336945,0.06714273013580067,-1.6906326488283359,-0.36628750988115594,0.5316046152409456,9.771797188935972,222,0,0,0.1536,0,0.0013
0.6308352157559999,0.2509635201091439,9.487766623861672,-4.357904790532459,-0.8781198642173678,2.029424818090213,0.6361440092319776,0.22872804683593398,9.510667189568897,223,0,0,0.1553,0,0.0018
0.2061592947813011,0.20515917001142178,9.84569530239586,3.3260631742829423,0.9649675809936922,-4.380098039902968,0.21497692796449178,0.2830927510246316,9.90874262572455,224,0,0,0.1537,0,0.0109
0.14500376438897444,-0.5573511362830393,9.877101998294476,-0.11513110793533712,-3.8905848286578415,2.802411165348232,0.07598267715076838,-0.6251850365699286,9.943268176277769,225,0,0,0.1461,0,0.0012
-0.2808412194087514,-0.151112760738567,9.704680429567775,3.3023462731457944,-2.0753940639434054,-3.4760749245472553,-0.24775379566394795,-0.2127782946202104,9.721179620317049,226,0,0,0.1537,0,0.0011
-0.3217452671644822,-0.0478195847542627,9.898395433174425,-5.451857246482266,0.5123748652891202,-5.006466295403625,-0.3689298044145515,-0.06977725644294808,9.922642287274913,227,0,0,0.1537,0,0.0111
-0.07792933105200216,0.24211317669528343,10.189517990267515,-4.308914289928098,1.0415124778958547,4.109906379600105,-0.11221297149546072,0.3620804281119175,10.1015634989479,228,0,0,0.1537,0,0.0009
0.18252311553336198,0.17087435070253934,9.85774090827271,3.5217336403012265,5.803907296079509,0.9526870809782881,0.1535085329025821,0.12187401443161189,9.853098816947515,229,0,0,0.1537,0,0.0009
0.0724375160321504,-0.02526317561904433,10.280641103006314,-1.5155097797183203,4.0262664545346745,1.3662833542992512,0.11644047900430271,-0.10764208597644358,10.338872742531462,230,0,0,0.1017,0,0.0002
0.2979770834054305,-0.23801228927998358,9.680718303537848,-2.056423213517756,5.556684471720645,-2.149495026688784,0.32963241669646115,-0.2237656010076189,9.676312617488554,231,0,0,0.1537,0,0.0001
0.23757574255778607,-0.08041057345842643,9.526075265067844,-0.38711309490604173,-0.1259742262787213,-2.143199965459308,0.19762799976042214,-0.20299117661074087,9.556017108953045,232,0,0,0.1537,0,0.0001
0.010399143538441647,0.0818243537540061,10.102289493286644,0.8350286924721133,-2.427283982988231,0.04813247290442881,-0.01136819860894069,0.07518154639319705,10.098674367548158,233,0,0,0.1537,0,0.0001
0.17683063220721126,0.057380529006788736,10.073775697602656,3.8213630864946344,3.0513587878757216,3.0764152492152856,0.19211097958608314,0.045077679154136976,10.096221619009137,234,0,0,0.1537,0,0.0
0.041420123401742205,-0.20528729669093557,9.571030576434579,-0.47194861868097565,2.86300975697421,0.5203828411289274,0.07631473287991969,-0.21872195768902672,9.530768659261623,235,0,0,0.1537,0,0.01
0.25024070611124144,0.3764883523351768,9.494337673283223,0.7559622339474834,4.33744536609216,0.23351048656140128,0.12825320603008297,0.39443038163876837,9.516490073659714,236,0,0,0.1537,0,0.0101
0.20261669954268666,0.2160622348883442,9.591876408268593,1.5001597703387675,-0.44186044077557257,2.3395640183391757,0.21359494650574107,0.1913775349537179,9.66649958540478,237,0,0,0.1537,0,0.0008
0.6748770764254979,0.6092991061978857,9.597463765029755,3.3706227518796834,2.194008153585395,1.7650297950078202,0.6145705689322889,0.6263315607918976,9.65302834164807,238,0,0,0.1547,0,0.0104
-0.9148902310148832,-0.024299722637972664,10.015754371928804,5.676380041629723,-6.290632628159001,3.151914451978465,-0.9143061476383959,-0.05857310859774686,10.036336855342054,239,0,0,0.1495,0,0.0102
-0.022207305254844076,0.11698398163469709,9.756989310055074,2.4849142420459556,0.6400042143622662,2.29024401956896,-0.02850955234448926,0.1152491498157708,9.654847502285163,240,0,0,0.1537,0,0.0109
-0.6113921850757096,-0.04372537310742294,10.089019708651438,2.481237196745758,1.423444410873052,0.7055710716559149,-0.5484552294717641,-0.009236390061694723,10.174388359313882,241,0,0,0.1538,0,0.0109
-0.31721147088963164,-0.3339942470018147,9.609062337804517,7.9273048615924,4.276800325622913,0.273346290770574,-0.3607180510572175,-0.3068055815539774,9.64889297574412,242,0,0,0.1437,0,0.0002
0.2780942608862812,0.640836316023883,9.840363584071023,2.640949765371002,6.742905876505244,2.8648411552033646,0.30680599266953595,0.6400194092304432,9.852400953099558,243,0,0,0.1531,0,0.0098
-0.2619922768378256,-0.36509761017141773,10.059003596666926,0.6816828188748398,-3.2329645086197747,-3.7130649568223584,-0.2711832288457731,-0.3785971634897245,10.09412374560659,244,0,0,0.1537,0,0.0002
0.20685672798259847,-0.16796477076916275,10.011461067508476,6.749793750438508,1.174502113120877,0.9222777155600446,0.26988095884117635,-0.2515951203932596,10.09307290102993,245,0,0,0.1524,0,0.0197
0.1835615253617939,-0.2660627172348515,10.012245802197768,-1.8211728299477372,-6.531448419924118,1.8142807825301661,0.15057080388786886,-0.33782490022326295,9.98371085712972,246,0,0,0.1537,0,0.0196
-0.6007931054958764,-0.24960276911178172,9.856782191356922,3.2956594835529254,1.2632596202377786,5.78171575613315,-0.5824214080463116,-0.20260678574138122,9.841145446779203,247,0,0,0.1537,0,0.0197
-0.11945086074196057,-0.35937152914092046,9.650243008001425,2.14887319826853,2.1613484413640816,-0.349145553764376,-0.01796605410624201,-0.38839786892474,9.67952950656514,248,0,0,0.1537,0,0.0101
-0.12987163213393627,0.08871192636452355,9.841014350220412,-0.2597481656747458,3.0305705451366083,2.8487179230111757,-0.14686979353572147,0.07417374129634363,9.829248016560832,249,0,0,0.1537,0,0.0201
0.050997960906575684,0.11770668112893476,9.947219080572427,-3.400638512571037,-1.3258052128544713,5.877383019556885,0.048184755361430645,0.10293266049423318,9.893009932394225,250,0,0,0.1537,0,0.0
0.13233254010756446,-0.03750486599614018,10.025932474963536,3.231061174113517,0.8594997179553587,4.6988196102778685,0.06943027722668772,-0.08126256715048087,9.913829431277408,251,0,0,0.1537,0,0.01
0.040181407595609016,0.4788563902383416,9.576537359856333,-4.302623254251658,0.40389098453391525,4.653145881620014,0.06717776202166453,0.5410448706462463,9.61348715287712,252,0,0,0.1537,0,0.01
-0.08548821610715206,0.217964778102528,9.275390293260674,-2.9990671738500905,-0.45885322866910494,0.14569947233367792,-0.10341035996409458,0.35142606949293254,9.323395457086734,253,0,0,0.1366,0,0.02
-0.0401080317866446,-0.3427697357442598,9.888408490990853,4.535025939059861,-5.091695861884036,3.978453985757611,0.03358200723351819,-0.3572355427977249,9.846645485113106,254,0,0,0.1537,0,0.01
-0.04621807168874291,0.12722837723866987,9.728475894322317,2.106350352490576,-1.3608438117399535,0.7394526019039721,-0.07845087095729074,0.10655636741185628,9.765901310442633,255,0,0,0.1537,0,0.01
0.2863786473728057,0.13515503130234327,9.809711433188518,-2.706064425505296,2.8622451470833603,5.6697372440282905,0.2920927859472617,0.07136440417563096,9.811980845781653,256,0,0,0.1537,0,0.02
0.011206673303793952,0.14195489658298344,9.646064865103481,1.5874030904678214,-1.3433281114182216,2.843135836888353,0.0037257545321315883,0.113471688870039,9.657977169172636,257,0,0,0.1537,0,0.02
0.3337406064390118,-0.07982206404878962,9.764861050398332,-2.31546056039386,0.273325879060789,4.367927475671394,0.3028897267736241,-0.02890334480943054,9.812421092776939,258,0,0,0.1537,0,0.0
0.034242547930268714,-0.06774244320145678,9.84526394131746,0.8505440119997414,4.083119159392842,-0.2501488670278196,0.12566083937041744,-0.11409103563109163,9.805915099351646,259,0,0,0.1537,0,0.0
-0.10112808715010548,-0.36551255193228843,9.506342733401215,0.4720662101248682,-1.220523945078022,-3.0146595821663347,-0.024321045036891156,-0.3858167202576788,9.532635503889676,260,0,0,0.1537,0,0.0
0.08804298004822501,0.577856186141051,9.81157452586977,-1.721976537699935,0.5103528444726533,-3.229381425191145,0.06280914089575432,0.5690557118220788,9.839587989328104,261,0,0,0.1536,0,0.0
0.4998509283393168,0.7204261087483702,10.103089331969048,-2.5455552688490326,1.0528093045542473,-1.5606937226563828,0.5222443586183643,0.8096254126411456,10.072302453531227,262,0,0,0.1152,0,0.0096
0.22224309472759066,-0.03408688102663034,9.98781516534177,-3.6665522413214466,0.7694313343293604,1.1771624563595182,0.2556521292858546,-0.018224031061655637,9.953969188787815,263,0,0,0.1537,0,0.0001
-0.03620534007423388,0.05038823379296888,9.84635222240504,-3.8512661234294363,5.274682039204135,-2.741797048783917,0.015768196239150253,0.018732096560709198,9.920143028882107,264,0,0,0.1537,0,0.0
0.2981974754012916,-0.13672581463242053,9.691081240717896,2.4360278888169518,-1.4941085383252537,-1.770993153114024,0.2758405587542852,-0.08566616241147759,9.678301740326013,265,0,0,0.1537,0,0.0006
0.2813297128418919,-0.7339298086511725,9.31629375055866,-4.466513059722583,0.08914441920330488,-5.546767771719874,0.25256145762444643,-0.7093077983140191,9.290663846213182,266,0,0,0.1392,0,0.0
-0.12556816159223544,-0.19459972207295684,10.005207470981011,3.575062578964264,0.43363513774262286,0.6722337032912329,-0.23543596933826766,-0.1624990596314698,10.014441353460562,267,0,0,0.1537,0,0.0
-0.4953436118257869,-0.4076699484989424,9.880878127025245,-3.981667463155685,-0.5116164044602339,-0.9699966410105365,-0.4798917025236629,-0.3507636178317883,9.876642380466087,268,0,0,0.1537,0,0.0
-0.43719515777391904,-0.02534183761209647,9.857713683198932,0.6849843715439335,1.9659214582483338,1.2227053491317308,-0.4589224520530706,-0.05510464715857519,9.93075554396045,269,0,0,0.1537,0,0.0
0.2678225317405245,-0.17981975760428467,9.888961462471949,5.777245052075208,3.5202370055578993,2.637235133030189,0.2617152746816598,-0.21952436689877627,9.963912632506778,270,0,0,0.1537,0,0.0
-0.37594009540768836,-0.19769197703390648,9.724247285568184,-2.722279234390465,-1.6350803065827855,-3.3353536901343803,-0.3489876131148183,-0.2544561159453161,9.758784114837956,271,0,0,0.1537,0,0.0
-0.09713325690741063,-0.5109736433832232,9.706371441365999,-1.3480257005238958,4.019301418452113,-3.610375555614112,-0.08988365702336634,-0.6201512276009964,9.65993628644066,272,0,0,0.1398,0,0.02
-0.10343341462089982,0.0397184499373558,10.04728109155595,-4.418443225559501,-2.1154828847112137,8.415675077082476,-0.15236282987085073,0.05825551408736595,10.095665668793547,273,0,0,0.149,0,0.0007
-0.07557084672115832,-0.17786791790275638,9.983261602696205,2.7103823445863444,1.14325884056945,3.105506720867459,-0.1491336435444499,-0.22845899151128402,10.038629550394322,274,0,0,0.1537,0,0.0007
0.05737062304854432,0.3814813635416697,9.925861698048784,2.14063650238699,-0.9155065262018324,6.449871615644064,0.1217882951897415,0.37345190535817296,9.836423776268687,275,0,0,0.1531,0,0.0107
0.17098108321241318,-0.14033534300977013,9.387444941075533,-0.8092328968669062,-8.700113339912765,1.5344998158200567,0.22948321700937205,-0.10879705332761885,9.354965636267696,276,0,0,0.1388,0,0.0205
0.07194340370409086,-0.09976459642129035,9.588997502973237,1.6426047627480722,0.5960343874083613,-1.128260465445963,0.050496632708941114,-0.034947825235238636,9.604724114834859,277,0,0,0.1537,0,0.0105
0.2242296738041628,-0.0387072461915283,10.091628312497633,-3.9252778929623675,5.101364940848193,0.1967792490819476,0.2237938055052755,-0.030698471663984393,10.114863656041665,278,0,0,0.1537,0,0.0105
0.4377789571322341,0.3555717356427102,9.723156375113378,3.691055657928062,-4.136724332287653,-1.7691334539599046,0.490734609966534,0.3040316831291822,9.754626476293566,279,0,0,0.1537,0,0.0105
0.3758950425150828,-0.26759252439673753,9.839156293892438,0.07524393023460668,0.7223517266343522,-1.1951323119025088,0.423031319315571,-0.1735162698479818,9.747758394841568,280,0,0,0.1537,0,0.0005
0.3411044198378396,-0.2326710360257361,9.842667848986117,1.9580964692620015,0.897447482153338,-2.0823210281891753,0.3218163779306985,-0.22958142024437478,9.83073116074173,281,0,0,0.1537,0,0.0105
-0.12721435939241732,-0.326866973420241,9.895682206809182,3.6720745649145936,4.320179127808034,2.5383533703157126,-0.1616267958526258,-0.40118078251957706,9.912407489699683,282,0,0,0.1537,0,0.0105
0.22893351751910962,0.22813008262437195,9.829848085209697,-0.25967025202400373,-3.676549010772949,-1.7602046894993117,0.2222889340839161,0.13256670252724068,9.836249970088101,283,0,0,0.1537,0,0.03
-0.035315824670528066,0.6775897782393857,9.92103967644309,0.9748073573251137,8.456697744305115,0.871129926634661,-0.053567111973505076,0.7419936678143826,9.896198370593437,284,0,0,0.1234,0,0.0016
-0.04709330530378496,0.5271489794404253,9.838847576368995,0.20273741478994914,-2.0673731307098233,4.558171834984232,0.01312234664378608,0.526177723904655,9.831429539328132,285,0,0,0.1536,0,0.0016
0.33366074829953846,-0.4617469745022393,9.896350841374336,-2.5248565718508607,0.148481113107343,-1.0279054511753454,0.35724787994880997,-0.43007866789057125,9.865546875782702,286,0,0,0.1537,0,0.0
-0.07080928319948199,0.07913009096253139,9.898616363124095,1.916090207243149,1.4680197600649951,-1.8402873560419324,-0.020483670968582668,0.10388533338124509,9.917264077365376,287,0,0,0.1537,0,0.0
0.28522577276911787,0.48310268052398364,9.871466626209227,3.1205644314587992,-3.687617835648642,-2.2308700236424235,0.3218611963883967,0.4917050316414587,9.811425626857318,288,0,0,0.1537,0,0.0007
-0.0812894548136832,-0.31032704244805664,9.55912359104369,-0.286149530152526,0.07947834240896476,2.3284793658719627,-0.10530669050040836,-0.26165519071693355,9.49423985660973,289,0,0,0.1537,0,0.0016
-0.5216201755620534,0.0986983843116807,9.571162514473615,1.3343519076366612,1.9799337177216563,3.316081514154976,-0.5158985877347251,0.18589048521497026,9.554298068900172,290,0,0,0.1537,0,0.0011
-0.7916863882761463,0.26267876800703854,10.095146322439776,-2.9633358080718217,2.023182487271863,0.9559255142026453,-0.7983533339702149,0.30834606498593037,10.099596640803519,291,0,0,0.1716,0,0.0327
-0.020092539876023288,-0.5491144990696689,9.815229549783712,0.7102606275854992,2.531771828161827,-2.260369749575826,-0.05619071194160074,-0.5463581840881915,9.75352542368647,292,0,0,0.1537,0,0.0334
0.17360924086898005,0.11727743230723757,9.91845718782345,-4.119272009986796,-0.797825560182337,-5.275658433662015,0.14487348834284505,0.17806720161578554,9.920177557243886,293,0,0,0.1537,0,0.0441
-0.5383890259021413,-0.5104811057242515,9.659331065663801,3.4161415531259545,-0.6019721292959415,-3.864547915400722,-0.5467040204499812,-0.617077887030852,9.597948086527861,294,0,0,0.1444,0,0.0231
-0.0013008843367489124,-0.1711391168621794,9.767716514141904,-0.9567231251931554,-0.45946892331718375,-1.2883001588385603,-0.04515926333833617,-0.22930428931836472,9.760922860077613,295,0,0,0.1537,0,0.0328
0.07996322903518167,0.004816825012860982,9.88795937725063,-0.5166390529001516,1.2184779400462138,3.556148404367896,0.03860121688472507,-0.021098856196205433,9.898092901029225,296,0,0,0.1537,0,0.0278
0.06320272849560053,-0.4904772934720081,9.932006751137513,0.34780250252323375,4.3959193278810735,-2.84965526298999,0.028154898266285623,-0.43603306483575827,9.91333977337072,297,0,0,0.1537,0,0.0388
-0.1847859447699808,-0.03585211479510621,10.100577553981555,-0.1966809917320666,1.36389644814642,2.395237030035271,-0.13348749181595992,0.008866959981314315,10.11257125529491,298,0,0,0.1537,0,0.0301
0.153000310626026,0.06285602990325322,9.686272162588791,5.690846554618854,-4.421865623218026,-5.531513048416384,0.20579393905193327,0.04422396147213786,9.743357962252984,299,0,0,0.1537,0,0.0427
0.032950303829669195,-0.2661146369702787,9.864716167134144,1.4577806414141965,-1.1034993634319998,-1.4962605109407237,0.09321083960131726,-0.2579188707356568,9.937345915841396,300,0,0,0.1537,0,0.0527
-0.2103586156760973,-0.19207213506359735,9.566105362785352,4.206174885995919,-1.120376512416833,-4.528275715381836,-0.22852999299581633,-0.24996395349365552,9.599126538791028,301,0,0,0.1537,0,0.044
-0.09189954995249107,0.15517389701041442,9.53664508480351,-1.4254241741537519,-0.7752842113087834,-1.6700428926278041,-0.112149196157325,0.1299717198597384,9.609140641351148,302,0,0,0.1537,0,0.0339
-0.10803006043787285,-0.2226239657489937,9.794593918598368,-1.000365968560408,-0.686237987561428,-1.1160230842307124,-0.074965370760773,-0.284630643162639,9.771817688326232,303,0,0,0.1537,0,0.0487
-0.20914029730700254,-0.26890128876543684,10.251895281369283,0.8742738031216599,-4.029891799336633,-0.7938144540796147,-0.22902361895380305,-0.25873559462783907,10.262382482280476,304,0,0,0.1514,0,0.0028
-0.1285639278628467,0.5108121136299657,9.661406237819927,4.256777423680763,-2.617604997766312,-0.04124042045558062,-0.06946503480721633,0.5091905204793453,9.711777289696967,305,0,0,0.1537,0,0.0018
0.5892974099336225,-0.151932115974851,9.670990448459474,4.693086731112348,-5.573957941216502,1.9334036878072265,0.45249492351410325,-0.12175830533197703,9.708630951272461,306,0,0,0.1521,0,0.002
0.044648879004611154,-0.2451076238891335,10.03220381186748,6.2549294106074775,-0.3713897542363107,3.3403305001917127,0.028557124913788295,-0.2516297242113728,9.991507851285702,307,0,0,0.1537,0,0.0012
-0.05270737281948903,-0.3573420422380709,9.853646498612171,2.2389888404757077,-1.4613057748262732,-1.8009496862204317,-0.038201337101244036,-0.2976749359522991,9.88511846226431,308,0,0,0.1537,0,0.0012
-0.4895727107974087,0.04235350263387514,9.779516444643724,0.3588520710895477,-4.42018933538314,0.20594755543597149,-0.4944810552426004,-0.04227750736910648,9.757440841343424,309,0,0,0.1537,0,0.0011
0.09786187651896276,-0.2041176480881091,9.583737816768338,-4.36400683549569,0.42320208163897044,-0.9569897856250024,0.06094544830749218,-0.19181372698345342,9.551102705321632,310,0,0,0.1537,0,0.0011
0.4037872887707341,0.1855167178097681,9.831394413353575,0.07507894315380649,5.812673491254582,0.8606712372468002,0.4002342579271481,0.0923582809278502,9.811481771819983,311,0,0,0.1537,0,0.0012
0.41399775726316923,0.347905491677975,9.172059309675493,-4.516039480420754,0.25456914617900195,-2.354953748586864,0.49450561524180303,0.3750258242381567,9.174077830910337,312,0,0,0.0926,0,0.0008
0.07693344553956591,0.036475527582520414,9.689449662167943,4.187669794182849,-2.4709976550968356,0.9482962063058529,0.09573204819517032,0.1289123266015923,9.709040260529404,313,0,0,0.1537,0,0.0008
-0.3158194590756738,-0.24215314931694806,9.838312018992204,3.0925203619402666,-1.6716083674957534,5.775047123462505,-0.3506064339273942,-0.2769330781862979,9.894650119792239,314,0,0,0.1537,0,0.0008
-0.07981261203949876,-0.021162694892933497,9.765060143078578,-1.629919925008911,5.010150082115926,-2.360621517833376,-0.12439476001808067,-0.04012901930773312,9.70976806756083,315,0,0,0.1537,0,0.0002
0.6805176798190761,0.4760157164952368,9.60611039433743,-4.664763244628492,0.9902270775407709,1.9445805758312624,0.675798100986459,0.5264345400468978,9.513293174203513,316,0,0,0.1523,0,0.0124
-0.8600007776492424,-0.27557415160753235,10.162781825218152,0.07401451349189145,-2.4306392909306522,-1.5836334328984853,-0.8639804257279942,-0.23137291037337254,10.162623637828833,317,0,0,0.1669,0,0.0202
-0.3605866303707104,0.5418376570636243,9.932927660862184,1.6827359155212824,-7.91787481524204,2.9927347395617105,-0.3455613274243791,0.5212232970727521,9.958239971405318,318,0,0,0.1497,0,0.0003
0.23107457460335737,-0.2676227768465498,9.861307399194237,-0.19968101330515606,-3.0792147878842817,-5.509019477413366,0.29210812939824343,-0.2986665176260223,9.884859807902723,319,0,0,0.1537,0,0.0003
-0.5463809956918839,-0.12036959303969441,9.804868402192481,-2.0250511410439027,1.9664224118727363,1.1603750792893828,-0.5135714790827888,-0.12961099920212935,9.809191875907258,320,0,0,0.1537,0,0.0003
-0.30554641722280074,-0.37788290785396034,9.825054486406103,-1.0129770156059448,0.17821759219519098,0.6106864869537448,-0.29449094194753533,-0.4184204982342739,9.749660543977768,321,0,0,0.1537,0,0.0203
-0.2695546209201923,-0.2239676242078775,9.555394892733561,3.9054643274936103,-1.030433410727006,6.8398894024462,-0.22365500796350996,-0.2540148299001249,9.55084110855873,322,0,0,0.1531,0,0.0003
0.2648265675659391,0.415153582148404,10.044686236238661,-0.3374111526270341,-2.6177443320604312,3.269498995927764,0.19991112447608406,0.4125102751922735,10.044646736002264,323,0,0,0.1537,0,0.0011
0.47347267186918396,-0.36096015401646364,9.227782176209264,-5.872148106661955,-3.3474871341928814,3.8531230367623017,0.4279854123909392,-0.3706689834395818,9.136504794405655,324,0,0,0.0823,0,0.0209
-0.004134341730797917,0.18413894460569782,10.031691252804022,2.886669499925854,2.8244410433985148,-0.2212514361504576,0.008891995820346513,0.16168963597030378,9.923800419624028,325,0,0,0.1537,0,0.0001
-0.30491863397872154,0.8263719353729513,9.593231291450317,-6.972480941184064,1.9012761529102022,-3.0459128402650775,-0.33165569345733126,0.8511343834755287,9.552358212841954,326,0,0,0.109,0,0.001
-0.13602804966591794,0.22828808687593544,9.969109557679946,1.049831477990399,0.5341685723853845,1.2194556943950783,-0.21285102275550577,0.24992387289869064,10.036067428538258,327,0,0,0.1537,0,0.001
-0.25210303875728246,-0.4750153284806099,10.029862939775393,-0.6221161284969686,-1.5905209768255826,-2.659041528256414,-0.3095760804095714,-0.4997063038715958,9.994431503305295,328,0,0,0.1537,0,0.001
-0.1646183971772941,-0.2602394937104183,9.702455202379596,-5.2742006967822075,7.421916366130162,0.13700963284075385,-0.18627157893890192,-0.2526380336262377,9.676399396273146,329,0,0,0.147,0,0.021
-0.12522533179121592,-0.17808232789025866,9.56355689092114,-1.484419496103823,6.426414160063416,1.4086654433474615,-0.16532134156936007,-0.17490417392012983,9.534697263376787,330,0,0,0.1537,0,0.0
-0.11259772356280759,-0.5885268685563279,9.835973080763553,-5.481011463695215,1.3527141958216278,0.1318199554727895,-0.11407454695874678,-0.5626483562296994,9.795417689778608,331,0,0,0.1537,0,0.0
0.15854252404577848,-0.17526688509449634,9.973822462359944,-0.6207572405922369,1.720514632231724,-7.383591833005651,0.1310759241541971,-0.18925965602463204,9.997338547846251,332,0,0,0.1514,0,0.02
0.13563231531343903,0.18644812584813605,9.673109922006038,0.4532681947689836,2.7755379435342196,-3.226595683765238,0.15946755915678573,0.1645333943111719,9.695235903162576,333,0,0,0.1537,0,0.02
-0.08470965802067015,0.19218984281572324,9.972330187977093,-4.646506590248446,7.088525435880714,-1.1391231016327081,-0.10172506679986963,0.27208246457272095,9.997712697698866,334,0,0,0.1513,0,0.0
0.07665211874723799,0.0971621299493914,9.706676832590624,-0.06826797826649263,2.488753790082849,-5.417600206294351,0.17276452969482833,0.042244346203841474,9.672852448360427,335,0,0,0.1537,0,0.01
-0.24240179897592906,-0.7924056690110979,9.792553426928265,-1.50252221418781,-1.6882518393146513,2.515550106766469,-0.2927626647614573,-0.8025221869353483,9.8483242354688,336,0,0,0.1492,0,0.03
0.227552272485023,0.13270939524564976,9.638542427773034,0.18201213726484639,-0.3907665388030287,-4.1625471578704785,0.26677584242566094,0.1518971681668988,9.63887776505797,337,0,0,0.1537,0,0.0375
-0.08766126246889207,0.2879099464436618,9.898645446207121,2.2693125763572244,-1.9664730560617854,-0.7588911792307802,-0.1459226437440307,0.2944491421367381,9.886513256079322,338,0,0,0.1537,0,0.06
0.09852050564442497,-0.3515885849073309,9.695728754721197,3.4493830445123366,1.250591001148624,0.1374040777068631,0.17499656796211138,-0.35951871628242954,9.703602925665658,339,0,0,0.1537,0,0.01
0.2870072539355987,-0.17719335939159123,9.691035234685527,-0.41248307479058754,-0.6122382462854257,0.6676582687707386,0.2595119571426175,-0.19535575114510367,9.693613993955587,340,0,0,0.1537,0,0.01
0.4287050961907599,-0.14918477191661958,9.895401990424682,-4.129613041454055,-4.467307748399493,-3.5794977613379437,0.4726666754505914,-0.14288439622613272,9.971694627285318,341,0,0,0.1537,0,0.0175
0.18021260050464116,-0.0441950275745349,9.83045846373231,-5.164994536784185,-2.6857109141883306,2.479076631803805,0.1833977919198843,-0.021855444286232022,9.743875804119925,342,0,0,0.1537,0,0.0175
0.393665599867629,-0.18784447148502784,9.873963880997628,-0.0480893269142678,-0.28783124374014046,-1.417315739146319,0.4022850207885508,-0.15931164999328226,9.924809051342086,343,0,0,0.1537,0,0.0175
0.07976869386226938,0.1971414411428679,10.29001871660177,-1.0725921373650908,1.5959868978471539,-7.620966774511875,0.1567501063438677,0.25386050944065314,10.307310597281457,344,0,0,0.1489,0,0.02
-0.2684420985518176,0.41471682104910057,9.41705360502938,-3.294463380855036,0.9925922148009448,4.276991044027077,-0.2589060745833214,0.43527891146127695,9.456198060902965,345,0,0,0.1537,0,0.01
0.14877265434717685,0.1870661690472064,9.616474462344854,0.19690423299018825,-2.405277230823907,-3.8742686400764095,0.13352349903183133,0.2307558995966461,9.57918735757613,346,0,0,0.1537,0,0.01
-0.5565982867374514,-0.020591144272779242,9.924558917242047,0.4518758984285421,2.4258831844793676,-1.0763087142678474,-0.5209721036288114,0.006840199457874237,9.847390793507966,347,0,0,0.1537,0,0.01
0.5784954209511799,0.19329304275780348,10.02214802076954,3.584591688774399,2.095852986681255,-0.6012614306943407,0.5543836367673622,0.2557251035532009,10.058433809910696,348,0,0,0.1521,0,0.0
0.04502114826618532,0.41164868241387575,9.959146230978273,-6.471941214008106,-1.1006917796020315,-4.628606850787001,0.04682922132648375,0.40066329504057974,9.937770980284881,349,0,0,0.1537,0,0.0
0.015145947522000798,0.18823292843470557,9.772071864697788,1.1662812689685444,-4.74888026658836,0.7730115061893335,0.09705552429206445,0.2714732753766489,9.766931453546732,350,0,0,0.1537,0,0.0
0.03072060372204178,0.47836776904526745,9.69261693281073,-1.907071736259398,-4.493525616732878,2.321306048765845,-0.03715553301264881,0.5201933161738687,9.675503724460262,351,0,0,0.1537,0,0.01
-0.008381938182200066,-0.22411448813271426,10.041179770412278,-1.1658013443530146,-2.4619767836283657,-0.6733452911767114,-0.0593242834054577,-0.2697754036617329,10.012298059913462,352,0,0,0.1537,0,0.01
0.08579390073648788,-0.11654159294981001,9.634832178938153,1.2649543573913238,0.9452785655316611,1.454106956680579,0.12208112893496077,-0.09813788134099492,9.642107113829258,353,0,0,0.1537,0,0.01
0.22699445404274043,0.230517431911551,9.805972609475884,-0.9607950156338296,4.117172545094694,8.945830160664254,0.19012049802551642,0.16189341754247877,9.693951402524638,354,0,0,0.1498,0,0.01
-0.26557864816566107,0.16161974314565403,9.97283939444236,0.9308334241977647,2.0322038550413675,-0.7247152255132787,-0.22099077400335418,0.1884013802302373,9.938840819919168,355,0,0,0.1537,0,0.01
0.0505590576250891,0.3573779461471273,9.465508014515787,-7.076270674908553,-0.720851725548981,-0.8676055196428678,0.10934346298850911,0.32688256941357224,9.513397621654004,356,0,0,0.1535,0,0.0
0.302288341729138,-0.3510666690460521,9.678421910841601,0.8528136068426277,0.9356115551161275,0.20821734483925813,0.35512552196794545,-0.324946188533447,9.722977283806951,357,0,0,0.1537,0,0.0
-0.3573345508167083,0.06127829046184817,9.946043954005095,-2.3902966914668267,-2.7793321369108104,-4.617754447371551,-0.34507280021221526,0.027511228115279944,9.927008985916235,358,0,0,0.1537,0,0.0
-0.2479268482402924,-0.011970338152766791,10.088853723937868,2.609914207691536,4.617767083498833,-1.1314283509139236,-0.2948135943473502,-0.00957070057890024,10.093850240841247,359,0,0,0.1537,0,0.0
-0.10002952336151727,0.3413168122107151,9.701924928269646,0.977636338765133,-0.06353936466441601,0.6340952340795618,-0.13689641297757432,0.32665233879475053,9.742208984905735,360,0,0,0.1537,0,0.0101
0.03722612649262599,0.1015616586228719,9.974850885099334,-0.23292833031173954,-3.1403217303809785,-0.8944046566569279,-0.024456691985379413,0.05931835142553299,9.861777245033451,361,0,0,0.1537,0,0.0101
0.2699376561075056,0.36933672703078585,9.716116324972319,-2.0273270680407642,-1.8953410780429623,0.8534827112524024,0.30242969115831686,0.3277601371202088,9.74687471897049,362,0,0,0.1537,0,0.0101
0.44289551118461207,0.23155299601405394,9.587740246669457,-5.453427673827454,-0.6073786267376996,0.46977319662059613,0.4147963218492935,0.26710937966047643,9.48280472789583,363,0,0,0.1537,0,0.0102
-0.39666687265489964,0.2003163707022156,9.660851597153782,-0.35208882944412173,-0.5793509689653393,0.40756163360500774,-0.3476015733194149,0.1615572053127139,9.640804779408455,364,0,0,0.1537,0,0.0111
-0.20468617372443634,0.2737300178881436,9.729170895655354,-0.5883414007999863,1.8610807718454527,4.750680802670834,-0.20050119353747833,0.32304802825594675,9.674039054331619,365,0,0,0.1537,0,0.0211
-0.12535537067718255,0.5164270655211762,10.113280903124506,-3.045770456805651,2.98843643384067,-0.14937951156873155,-0.13852535279896522,0.44306679535682963,10.21220081709034,366,0,0,0.1526,0,0.0011
0.2046740455671074,0.21642978634175,9.856892621056865,-3.400696126024035,-2.1550904809680342,-3.018490642069953,0.27812858783441224,0.3115186021073315,9.8543465297151,367,0,0,0.1537,0,0.0117
0.5608264039322157,0.2092981191762315,9.921713724642819,6.345408105452746,0.1474931944092625,3.7844599628883833,0.5633801402174351,0.21619153911594652,9.921000591319032,368,0,0,0.1528,0,0.0104
0.16385201048327297,-0.011413853170054791,9.908814698551389,7.165156920564898,1.292416333824069,1.5874692171976066,0.19057516742851768,-0.05316189019272527,9.902726297331817,369,0,0,0.1524,0,0.001
0.3985293024641022,-0.2685452979754578,9.611153759645159,3.1813463392232597,1.0732854077922316,-0.30116746266662675,0.41253184417115335,-0.23878244387963615,9.608275372156974,370,0,0,0.1537,0,0.0014
-0.02435005430754266,-0.172395354710732,9.786200851255472,-3.0994857188656857,4.37899011864208,-3.547219412420935,-0.09667947201180324,-0.2252018360496892,9.757210840772288,371,0,0,0.1537,0,0.0004
0.024270312279461248,0.7215936034051613,10.074342332290959,0.1529618101536064,-3.819008236923932,0.9582331019905367,0.032976420711112404,0.6812090324558375,10.1186341810523,372,0,0,0.1537,0,0.0012
-0.10000154276121488,-0.25246637479426287,9.82367125715002,-2.89657783738851,2.786902296119324,0.8616115565171366,-0.18712991270465618,-0.20981844979256406,9.787767902838382,373,0,0,0.1537,0,0.0106
-0.5451971466710606,0.1123488248649283,10.096816657777088,1.2528085282254056,1.6393071550917684,0.860913307954851,-0.6291999784320557,0.12349020181906864,10.128797314362924,374,0,0,0.1537,0,0.0115
-0.12591568543717735,0.11017448722632828,9.727984227556954,-1.5868252909387803,0.01660311746737139,-1.2380173064446724,-0.12157677617817825,0.16318056572234407,9.69179448362566,375,0,0,0.1537,0,0.0178
0.7676249704481948,0.03806013832798926,9.500302121918574,-2.1040875385414513,-0.12431844582117679,-2.818636123457065,0.7858428585793671,0.10917799200607631,9.464820435219798,376,0,0,0.1539,0,0.0083
-0.3692646904451594,0.20251324622343822,9.75814569091082,0.5659918293092493,-0.2610586008246656,-0.41517483345847706,-0.4038426977338837,0.20545632675649994,9.707682780438281,377,0,0,0.1537,0,0.0011
-0.5421170022937442,-0.01996467719988708,9.88014068452627,-0.9192471717907194,-0.06427061358299974,0.7833316506996677,-0.538570430043199,0.061979028396240976,9.8222127800147,378,0,0,0.1537,0,0.0011
0.04969652871506482,0.08170080358332071,9.486372995423075,3.551170794459116,-0.5542122890130197,4.3913181326613735,0.07100283421470037,0.18059708990107018,9.457663864503525,379,0,0,0.1537,0,0.0009
0.1104953013386512,-0.27831927148616187,10.0093547349597,0.7812974110290358,7.406700459566283,0.2726773181890597,0.10905235190728614,-0.28719025484529914,9.955039898266344,380,0,0,0.1477,0,0.0011
0.006556899713107109,0.3762552556267731,10.009442847959109,0.19143583473181588,4.555028496813439,-2.7521669769663744,-0.04037921253603556,0.3668441552904837,10.03417326086498,381,0,0,0.1537,0,0.0076
0.027573946515660072,-0.4085634858299172,9.851244676888301,3.2105183969617013,-3.1040041306682586,-4.496032920144239,-0.028226837032904455,-0.3942565977908786,9.921002102594398,382,0,0,0.1537,0,0.001
-0.028304772260571376,-0.26072064243742965,9.677132421372738,1.6312231375407535,-3.996593824079723,0.5446514188975774,0.04170305577662019,-0.25480764904031017,9.691451465876929,383,0,0,0.1537,0,0.0011
0.09843328450908932,-0.21235636082336196,9.83377856244132,-2.4120175517620943,2.661235606770437,-3.9527527183973845,0.11986780515558071,-0.2575981648866065,9.883114620926754,384,0,0,0.1537,0,0.0011
-0.04327588382638143,-0.0056255258223301165,9.659856018361328,-2.2745197882477814,1.0088149161878728,2.909262814173359,-0.02068906333910337,-0.10139576166647832,9.655684603557987,385,0,0,0.1537,0,0.0017
-0.6993679150937068,0.46963181324465825,9.796236296691344,1.8183357242628913,0.49551985113280805,-4.260806569924627,-0.7918255220907443,0.3981710661163066,9.834615851573348,386,0,0,0.1371,0,0.0012
-0.30189257408819703,-0.10560118678967288,10.004614413031465,2.0404480949266377,3.371180199013895,-6.951607715347467,-0.39193934137089537,-0.09925223595836598,9.986334527868713,387,0,0,0.1532,0,0.0013
0.09243621884390037,-0.17139140408931786,10.227838817474474,-1.3569731244091354,-0.6258745547284531,1.4251204503269828,0.03738908746703308,-0.16561455653114335,10.169567944238128,388,0,0,0.1537,0,0.0076
0.1069661865295604,0.08720283147039179,9.948768187598414,5.211231879332566,0.5660080368223684,3.0681243676833576,0.12942731120846157,0.06831513657344458,9.931726757374866,389,0,0,0.1537,0,0.0074
-0.04603071620253447,-0.12714329584170608,9.937761875047595,-2.562955027271155,-0.43962443679091434,-0.7677763337682215,-0.04548550292964873,-0.10014719128081605,10.026909986203835,390,0,0,0.1537,0,0.0074
-0.14238301119740104,-0.10735266060450051,9.78350985824709,-0.6535839646112303,2.2750179333573266,1.2169763114752217,-0.16882864976075512,-0.12067217608903553,9.735916955077565,391,0,0,0.1537,0,0.0074
0.13076515431756933,0.08527431319509866,9.85125678107151,-0.009718426718473195,-1.823250320921792,-7.601040594083149,0.18805872338226054,0.012986979678962868,9.81423412238612,392,0,0,0.1514,0,0.0068
-0.24952035600181505,0.6673643604103362,9.757903565037038,-0.13296810270735726,-1.7709094858922818,-1.1315723017725539,-0.20358334296218206,0.6685216269732269,9.736038243076507,393,0,0,0.1531,0,0.0071
-0.3720247288051606,-0.46391021341691596,9.825940821659353,1.9416840702832912,-6.056929916881963,-3.526155440980334,-0.3391724040895838,-0.4546896260525822,9.84732264292779,394,0,0,0.1537,0,0.0087
-0.08944213454035604,0.08727681548586184,9.798141998420167,-2.5004790263749426,-7.864560768860477,0.7576181476314318,-0.07796124819611407,0.05931359193866037,9.888814358389773,395,0,0,0.1498,0,0.0118
-0.31464902703328346,-0.6224731038702619,9.384472569788318,-2.936207754152673,4.560246179783204,-1.1163300996226138,-0.3322355242458879,-0.5794716517899979,9.379052447297038,396,0,0,0.1497,0,0.0123
0.2405785184241387,0.06888667638368146,9.875717238513388,-3.175566883184101,-3.407438817038237,2.0157714776974096,0.289356045911935,0.03350836762684503,9.839261390776528,397,0,0,0.1537,0,0.0122
-0.41733286075536774,0.23548825855068356,9.757725339834215,4.8523374063596965,0.32630157202927956,6.473708500387989,-0.48683717708208024,0.3268181549525841,9.731809024877796,398,0,0,0.1531,0,0.0122
-0.09928265163259362,-0.04821130739372167,9.90244196394477,-1.3396684108226444,-1.8677958732241031,2.546636632420026,-0.060146735685280346,-0.059541523708477755,9.944411176406415,399,0,0,0.1537,0,0.0023
-0.4883220475462264,0.7177440881952304,9.60960791848646,0.8049444454017889,0.8559867650250115,-5.279092252261451,-0.45104180121100773,0.843005341317011,9.571824521012944,400,0,0,0.0988,0,0.0126
-0.17893542686562616,0.2804618216252177,9.92310426521933,5.847661826229308,-0.5705467820193076,-0.26533486434945697,-0.15520722124208308,0.2692633859144882,9.910326230300193,401,0,0,0.1537,0,0.0225
-0.42839694696637953,-0.3170876603448334,9.837978869980343,-0.6293641605212495,-3.8845265438738776,-3.262169932587305,-0.454870038771296,-0.2803276249933288,9.887747260368135,402,0,0,0.1537,0,0.0125
-0.25537806978241906,-0.10390534436739655,9.703359318868607,-1.4432968744893002,0.020702563077882867,-4.193478647556313,-0.20449291107643874,-0.16325763761370174,9.68744651797221,403,0,0,0.1537,0,0.0124
-0.2397394925774439,-0.45482317789720156,9.694181225467458,6.593002667048729,-0.9272999086410997,-4.193831013955354,-0.25279741553671853,-0.41371067163791186,9.654843598542117,404,0,0,0.1529,0,0.0208
0.27263048201038237,-0.1192322225249496,9.902921874413739,-0.8072244350956725,0.6798090746447121,-0.9567613449898901,0.2729617777174037,-0.15026554991813273,9.973440783688037,405,0,0,0.1537,0,0.0114
0.2055076488629264,-0.2375253052309308,9.915829230794921,-3.236963022599892,2.5002103439732686,1.0378072324566538,0.25246352794587423,-0.19192238191498853,9.873557094767595,406,0,0,0.1537,0,0.0112
0.033614767994567564,0.2999294336851189,9.636134791702268,2.7026871387477307,-1.751174624790163,-4.165416941440749,0.06493041098311975,0.39069465367765455,9.54405804889076,407,0,0,0.1537,0,0.0118
0.2632870975504387,-0.24941103931279068,9.926186635123313,2.036449301561716,-1.0570503664853317,4.198517522202657,0.29125031969194526,-0.3412831845948527,9.941451859561004,408,0,0,0.1537,0,0.0112
-0.0072930745424826865,0.3317095322757459,9.839070437337831,-0.18469029090555777,-1.7687678542267888,-1.3742310481483069,0.019230013630268827,0.3202261026948929,9.78356825516777,409,0,0,0.1537,0,0.0114
0.38042088761027887,0.5968328001822074,10.127056139551174,0.3581515676075417,-3.6153575978298504,-0.6764982913805907,0.3143338844016085,0.5615068256684973,10.06273162326204,410,0,0,0.1536,0,0.0112
0.2484672454871834,-0.7946532248637485,9.725563589699595,1.634188077597451,1.2113582427471732,-0.825525211292736,0.2429013917727162,-0.7823992855047377,9.73544681794289,411,0,0,0.1499,0,0.0212
-0.3063265355804725,0.20778190491514156,10.157120670733091,-3.2507337991128256,-1.770777437019046,-1.7906336969904273,-0.2859421201993661,0.21850150147990113,10.117597617056209,412,0,0,0.1537,0,0.0112
-0.2172125473285752,0.17357414544708097,9.758099364207203,-2.089908263367208,-2.5639679136095697,-3.195994951895452,-0.33439875567584865,0.12265109787583812,9.741803187682093,413,0,0,0.1537,0,0.0213
0.20266633201463008,0.23719872782663307,9.618047155417443,8.285577592949595,-2.661425653905434,-2.3000177667231796,0.22958444849254342,0.2637735887912746,9.670329044106554,414,0,0,0.1243,0,0.0112
0.43424968915896994,0.3077234494689394,9.868420613869995,2.328478628529148,3.586610098429671,-3.2526233360955557,0.4582335201043915,0.4200833033525993,9.86652904474567,415,0,0,0.1537,0,0.0112
-0.13821880514785273,-0.1449441021473321,9.673138489691457,0.37011795018978194,-5.60787925747343,-1.130519371854497,-0.14280551236955502,-0.11521894697429719,9.674534469585108,416,0,0,0.1537,0,0.0112
-0.12186369007011182,-0.1438578783447678,9.918607248213885,-2.4729959612898265,0.4261154703042205,0.30219020945172415,-0.1474178994726444,-0.10339478146397943,9.945487731166477,417,0,0,0.1537,0,0.0112
0.15173409487185097,-0.013445008637503399,9.421698130481587,-4.003092733905428,2.655806314023603,-0.9619326228487481,0.07336772154466566,-0.02780907486997147,9.369547878579802,418,0,0,0.1505,0,0.0114
0.06394111729446618,-0.024715640347508734,9.717852217443557,3.8545534165211834,0.9102507966996758,-2.829185378819514,0.12093887673969939,-0.030660891579830502,9.702495600990588,419,0,0,0.1537,0,0.0116
-0.002284239274282054,0.365054621499715,9.663102142099502,2.1314345876062823,2.3110459596260693,-3.287362267483317,0.03819934735904038,0.3020199832871229,9.647044773793175,420,0,0,0.1537,0,0.0116
0.25346055093288883,-0.45400351884334766,10.006373539033817,-3.8876902342889683,2.1238948733615195,3.0833335546056677,0.3560710339866539,-0.4656724335419368,10.091977513999499,421,0,0,0.1537,0,0.0013
-0.2120421206565508,-0.021711468209315857,9.590978473810253,-0.11116529353242682,9.93655778323504,1.0147730043627132,-0.2125250772482918,-0.012572467454363514,9.644852077532148,422,0,0,0.1307,0,0.0216
-0.6086273277904589,-0.34069899347175486,10.002557774475953,7.8032943909444645,-0.8983328567243526,0.308846850931099,-0.5128963394036399,-0.3462816888871839,9.962175184482145,423,0,0,0.1467,0,0.0115
0.21200600259361546,0.054268411015750605,10.083627998933075,-4.551304886498521,2.247261417827728,-0.5175163090315238,0.2408033970297367,0.050457222140693245,10.064172711124836,424,0,0,0.1537,0,0.0203
-0.05894257771131996,-0.06477684309741145,9.421072052806853,5.090239476512536,4.657710545749267,-0.8955014060721496,-0.024517749308521353,-0.1596147626691758,9.358794904982222,425,0,0,0.1458,0,0.0017
-0.288278825785767,0.22028956303051736,9.633263551315114,5.634138019285775,-3.8078758462299547,-4.481823773402143,-0.24448274178734694,0.260947953827612,9.68053055926101,426,0,0,0.1537,0,0.0545
-0.4157345093632776,0.16919340431319618,9.85745329892972,0.9049636545335542,-1.7616835460881117,-1.6025416039760623,-0.4281111135370355,0.17859712863904334,9.940949671527694,427,0,0,0.1537,0,0.0545
-0.017679107627010766,-0.4837018146434563,10.024448019556294,1.6528764925153685,0.3003205021401488,-0.6136055396854266,-0.06290011639083558,-0.5202934957864879,10.120308860894527,428,0,0,0.1537,0,0.0545
0.3261731789462731,0.17219463384488135,9.863026164246172,-3.3882381807396067,2.7800306986161387,-1.6176883108151827,0.3151588757854009,0.23581886994214676,9.886290364777002,429,0,0,0.1537,0,0.0448
-0.18322450609409965,-0.23036772938500863,10.189026134727017,1.9824572142079369,-1.4100001941005496,-3.6472550140644873,-0.2092399179019507,-0.2661732745837342,10.223098388354174,430,0,0,0.1527,0,0.0646
-0.4658759165820029,-0.18586957456336944,9.945221627294972,-0.5233908514825651,3.7685076304701424,4.6025867594889895,-0.489431789753893,-0.1772692269580026,9.851690828664632,431,0,0,0.1537,0,0.0654
-0.029546150092941096,0.3163754752344259,9.74084800824843,-1.1033250763846922,-0.7176709428234266,-3.813791089303391,-0.0903271383128358,0.36052884482939673,9.729085451778218,432,0,0,0.1537,0,0.0446
-0.31153818515240517,-0.24054386037013073,9.759009926268904,-0.11872410592382898,-2.7370218011248473,0.3710339297586037,-0.36237910498970144,-0.21875555385114706,9.819666065912315,433,0,0,0.1537,0,0.0559
0.1173521987689265,0.2091569200991535,9.723418669114677,-7.276962660976049,-0.5008825583950948,-0.2442522673036326,0.07576950274137981,0.2394641309041717,9.766489956739646,434,0,0,0.1516,0,0.0466
0.07660322336405596,-0.46924923458222956,9.746523064287398,-5.830891482838091,-2.8893066745248355,-2.74779194820966,0.12299704747403475,-0.49815326353850703,9.764384054640834,435,0,0,0.1537,0,0.0574
0.24500425446822047,0.09882403472779237,9.291044600932084,1.8906187122718618,-2.2110611252581327,-3.533375505700276,0.2510490333111563,0.12105317346109978,9.285034037007081,436,0,0,0.14,0,0.0542
-0.3132065267814373,-0.1094447710735681,9.925063602482096,-2.6579911950759327,-6.705422370018901,1.787627148863292,-0.35330638811617193,-0.12315829224218308,9.903629301323045,437,0,0,0.1537,0,0.0851
0.3308283834720878,0.20403168629942356,9.68361786258965,0.4560751888497121,-1.6705434449255863,8.934619616796745,0.3000893119213077,0.16362542851617237,9.67948035566494,438,0,0,0.1533,0,0.0303
0.30040760662380317,-0.09568100851271352,9.603728266201095,-2.998330641514128,0.4210692657130155,1.2419127074996386,0.31802011180521644,-0.1281445352041726,9.596485226739448,439,0,0,0.1537,0,0.0187
0.40604394765411905,0.16471395373060588,9.938103431804759,1.6200540263412058,9.244426795932476,1.3851003523380423,0.5426403891812039,0.20079866279050437,9.890365896240548,440,0,0,0.1254,0,0.0088
0.04750575298890227,0.0945548599548533,9.995791664214309,4.007331743537469,0.40138470908284896,-2.253881806955469,0.0537122230596173,0.018168877987192744,10.080222589591251,441,0,0,0.1537,0,0.0087
0.03256115240440249,0.0635811876195198,9.373327233369036,2.802198735983191,-1.0726297900315405,-2.0606063418736436,-0.029248027514087102,0.02657579123803791,9.445254150783336,442,0,0,0.1508,0,0.0287
-0.2533367311322009,0.09610459931430794,9.95722977197447,0.06183896380050519,-2.037115392918466,3.166116608153468,-0.3282284787772602,0.03697704930926031,9.972719190230974,443,0,0,0.1537,0,0.0287
0.04584242187948047,-0.30490481979876544,10.144118535821542,3.2881474140958664,-3.2367207747843194,7.9971350731993,0.08341970342492486,-0.3076430442177036,10.110021877961964,444,0,0,0.149,0,0.0287
-0.31478055503666386,-0.2999273052908257,9.540775098920179,0.005453396581543754,5.075333516507704,3.789068250776756,-0.30955593448638774,-0.2819583437645489,9.577389879244562,445,0,0,0.1537,0,0.0207
-0.49787337110691154,0.23126203049158361,10.167804857743201,-1.087856889941944,-0.11645368553663833,2.3354337479007614,-0.5011089418008217,0.22930454389956692,10.17838219647793,446,0,0,0.1537,0,0.0212
-0.03944676280474748,0.05662489127396519,9.86835444012372,-0.6377997025367939,0.8128568905557343,-2.311559066605291,0.0820239574954719,0.00621183015234341,9.793089975401925,447,0,0,0.1537,0,0.021
0.15272215826128896,0.12908320082523275,9.830494321805643,0.5179577839622228,0.6372067638413864,0.15353215117364563,0.14400173780790687,0.150604330196077,9.861400564886994,448,0,0,0.1537,0,0.031
0.7355580878776615,0.6807591424524211,9.712243353833152,2.4276317936610945,-0.7836827749389224,-2.761083737206512,0.7323874888618671,0.6901501820155803,9.736390005084607,449,0,0,0.157,0,0.0203
0.24991699680481225,0.24189747756454974,10.23331212236309,-0.36716550699978534,-5.497806710545559,5.302002985355602,0.17480981698161932,0.23853493744779622,10.281358610103428,450,0,0,0.1466,0,0.0201
-0.030478227738952056,-0.2877250126010077,9.747161263011014,2.03327235545925,-0.5693115658076497,-0.7549562326801368,0.061925323895369,-0.3290916031341606,9.698415952985755,451,0,0,0.1537,0,0.0103
-0.3688143818968505,0.043771731246692605,9.767164533494746,2.2289695137001653,-5.183538064694025,-1.8523363132065453,-0.45402006226256103,-0.029198500937848718,9.735902634392103,452,0,0,0.1537,0,0.0103
-0.6596744317721145,0.4698445612117622,9.769076237090353,0.31719679528714173,3.1928735465997025,-1.410723756894565,-0.6725883761415612,0.4363799066585784,9.762082970310864,453,0,0,0.1534,0,0.0203
-0.3200372510846918,-0.18304488238418967,9.55755488534806,0.08974921655996686,-1.1844491769114827,3.6494675702231865,-0.2962856916280219,-0.09350615893114082,9.545169013650044,454,0,0,0.1537,0,0.01
-0.26106246916308945,-0.15005927825885854,9.673594947491999,-1.0521102938476035,3.089774350601537,-0.19745087085703855,-0.2831264380590117,-0.18430535669402176,9.627883593698334,455,0,0,0.1537,0,0.01
0.2695011063455356,-0.3369598368407591,9.616460366524226,-1.1436974786239678,2.933612376585232,-1.6629159309230408,0.24193494872667587,-0.34952458684312937,9.617849772267169,456,0,0,0.1537,0,0.0102
0.02010437273459906,0.3282985366376466,9.432912052617347,-1.244353864446068,2.363825007702732,-4.078453195579665,0.07963695766928827,0.31878965638133183,9.509509791111627,457,0,0,0.1537,0,0.01
-0.035804090497928306,0.06983246171271792,9.631515508116227,-1.258896544841663,4.215461655980624,-3.4073354789578962,-0.056903196442384174,0.08740138505705902,9.702138521708235,458,0,0,0.1537,0,0.01
-0.7891689677634834,0.2906893603043628,9.920033974303351,-0.46069184962120824,-1.7804863945834373,-1.432417763984227,-0.7924884960752723,0.2277047109155382,9.896120897265883,459,0,0,0.1716,0,0.01
0.1067467442542656,0.3110241858324973,9.78182571206365,1.6218676983595548,-0.06132964069272592,0.8878423071964574,0.07267030485885304,0.3134218823765526,9.816545713903398,460,0,0,0.1537,0,0.02
0.2231043951207861,0.012074164073699116,9.809766923707501,-1.5336821861302692,-5.001897939394782,-1.931528387843644,0.25804883134695455,-0.027711584070628813,9.806335915796284,461,0,0,0.1537,0,0.0245
0.3642709325138627,-0.3566002041127452,10.130190272828735,2.1784934128236317,-3.4280606656986015,-2.887350255488676,0.35584773271584497,-0.34103190040744336,10.054451049438478,462,0,0,0.1537,0,0.0245
0.1157419888420481,0.04487328992542082,9.931181848497864,3.3767702489072664,-1.5978534258805803,-1.6135090560974765,0.15170035107089425,0.04098473920151704,9.898675050618314,463,0,0,0.1537,0,0.0245
0.43785609553262667,-0.4432227951938171,9.77819574776337,-0.779604640861742,-0.6663851026528635,3.297075664643414,0.4243605472666597,-0.3701618753653692,9.731433773508249,464,0,0,0.1537,0,0.0147
0.0049923716027928475,-0.3363200692171172,9.356008038296808,-1.2978056095120791,-3.4992252716048373,2.7503209134826716,-0.026326584120299194,-0.20956766170223243,9.323264561101087,465,0,0,0.1468,0,0.0246
0.0924785897976929,-0.21731836145074473,9.96350491949636,-3.0500005675091555,0.8857045997038931,-4.771899081548644,0.06076742386519489,-0.18930003551031782,9.83910831071761,466,0,0,0.1537,0,0.0245
0.07656371733168897,-0.4523699801780251,9.668195998125347,-4.578282401746652,2.6120316763009495,-0.26168414842939935,0.12437725448853804,-0.3660397440441712,9.671896541379203,467,0,0,0.1537,0,0.0245
-0.01598270939225486,0.10569684373633643,9.723390271198994,-3.7617099033658907,1.3165398394378673,4.034828048058371,-0.043337183553939604,0.09381226334928397,9.658385993745036,468,0,0,0.1537,0,0.0246
-0.14112372012316166,0.041432338534933645,9.827489246316691,1.907418437107715,0.9655643564977423,0.3051611044404695,-0.11048268770006055,-0.003391190225372112,9.799444929258875,469,0,0,0.1537,0,0.0047
0.02572680861829656,-0.19347776857181312,9.749989422958762,1.7186351287965582,3.4270080605001327,3.2069569917950225,-0.021552916138072042,-0.23047775959229064,9.678724032609896,470,0,0,0.1537,0,0.0002
0.12379245230814559,0.2934527831642402,9.424855381515263,-0.808353261090647,5.240596099036191,-3.9552761177677658,0.1158081946644812,0.27234373300765724,9.435055661349178,471,0,0,0.153,0,0.0002
-0.08251370241470624,-0.7077279196275201,9.610984366166146,-3.172620524183651,5.150178553566196,-0.10467103151134072,-0.06071238520099115,-0.7288155464518626,9.659179183185694,472,0,0,0.1516,0,0.0106
-0.28745407006564844,0.04522531180849726,9.822860266488776,4.031478887404374,0.30684662010876324,-2.1276824496244586,-0.3614320731479393,0.0006400393629753809,9.874094963040923,473,0,0,0.1537,0,0.0106
0.3212505380810914,0.015220149243481597,9.870412504025309,1.496357579597125,1.6400060630990794,-0.19079880866755403,0.3167483321289254,0.05702539186123605,9.895338926540969,474,0,0,0.1537,0,0.0101
0.07277811556063948,0.03359832546188928,9.64911920989733,4.181225858069982,0.7628999884021362,-0.9728524555064282,0.16816378713962207,0.07449947388342065,9.620782378416616,475,0,0,0.1537,0,0.0204
-0.18490553852174726,0.0023284594728941784,9.838220598455983,0.3375740890852771,4.343105750879396,3.9286162074989965,-0.08692286857003399,-0.014248792689076572,9.782822306469674,476,0,0,0.1537,0,0.0204
0.13565465040520933,-0.45468661474895633,9.6646227627714,2.218068331693108,2.3390141614743407,4.2817918253992975,0.2064426394089638,-0.5052952394515465,9.641316652197625,477,0,0,0.1537,0,0.0202
0.0961798730538278,-0.4742692065137862,9.949338550409053,4.132356430528881,-0.25760430568109616,4.8373885786960065,0.14741526412788206,-0.4302604349187358,9.960605430258761,478,0,0,0.1537,0,0.0304
0.4123978722353197,-0.1777534799064083,9.793409299747637,-2.11376979803626,-1.690157243111536,-4.930646413848077,0.5020800835488644,-0.22687956179223273,9.792072539777752,479,0,0,0.1537,0,0.0304
0.4299370212095409,-0.36917026349432525,9.42759006791768,3.4546062786764926,-0.4789498071384153,-4.583494910787069,0.5370026778174654,-0.37718220723097257,9.461528744812236,480,0,0,0.1537,0,0.0304
0.08101447025605622,0.22895142888421408,9.720061740721306,5.228896929119821,1.591232924529542,1.1745897351435763,0.05642084167121797,0.24837235491480794,9.622725729813803,481,0,0,0.1537,0,0.0103
-0.3736439950665161,-0.5146846476887709,9.972378547655088,-5.531390421057615,0.6273853935228854,8.43618198259045,-0.4498193572921349,-0.46680728837809,9.95940124139262,482,0,0,0.1484,0,0.0338
-0.01874779980649651,-0.2649130500831193,9.75450341996723,2.8234384658445952,-6.816667527388861,2.525834028240405,0.010881718208807276,-0.2966860113422532,9.825529329030813,483,0,0,0.1537,0,0.0138
-0.27646251927021853,0.6985257124736105,9.89719888194783,-3.8028822143743266,2.2323743081808,-1.7234487247453865,-0.2812525473855242,0.6594952861290789,9.839815397658613,484,0,0,0.1531,0,0.0007
-0.2558354530238331,-0.14044887225835898,9.795760746355782,1.9931411476847192,0.3487266365016898,-1.9118559973469873,-0.2837911264849335,-0.20404254624230367,9.844435848041783,485,0,0,0.1537,0,0.0007
-0.19199662654980895,0.4044963513177104,9.982676213471573,-6.348137799637712,1.449982867895123,-3.57625047754538,-0.1515747274427235,0.3686633771177519,9.90492790706385,486,0,0,0.1537,0,0.0002
-0.3263081119947376,0.26100887133818407,9.826701569495881,-1.2594062789920197,4.725811456998642,-1.3602290339471976,-0.3090300982476835,0.1811007354362419,9.823765979361012,487,0,0,0.1537,0,0.0002
-0.359971596760535,-0.031302111555026386,10.144352183943955,-0.28430375440299005,-3.793750817174487,-0.7430850368895874,-0.34887513096306216,-0.036414548421698965,10.168432032082437,488,0,0,0.1537,0,0.0008
-0.10998255541917071,0.015939939122181536,9.649788796906451,2.293682327515221,1.094412341235133,-0.876275455329519,-0.11757722371443254,-0.10050275778047044,9.797456566748659,489,0,0,0.1537,0,0.021
0.18196463382038655,-0.02655331939143134,9.853788441486588,0.3921752222578653,1.431205159309642,-4.901386202705231,0.2464309526681841,-0.04150785446962969,9.764045543498298,490,0,0,0.1537,0,0.0109
-0.16800222520987557,-0.156891321520901,9.862819446368515,2.1245956086109645,-1.7506297658620955,-2.9816422023174427,-0.13672437508197113,-0.022637240056111563,9.778135892910447,491,0,0,0.1537,0,0.0209
0.3814640848409636,0.5311911896037458,9.689092585906499,-0.9469775102116988,-0.6630221047351256,2.0967740576518388,0.40182510024526163,0.5909106008935499,9.649782333020305,492,0,0,0.1532,0,0.0009
0.09530851459377881,-0.3014584139010204,9.761147707813036,1.1593242647623412,-0.26291130563487913,1.5900779890884087,0.1798028810368033,-0.2691764914595326,9.822160115997644,493,0,0,0.1537,0,0.001
-0.07993817077296035,-0.09407838215631431,9.754776364746867,1.2663734998423943,-6.745602811408077,-0.26655809371349626,-0.12803878942260327,-0.06349483083816936,9.711079309969337,494,0,0,0.1537,0,0.0004
0.04134230343454878,-0.3785849870846458,9.514812936793366,2.80376158922936,-2.4652199701093527,-6.761494249931105,0.0335474579821617,-0.3974983810043344,9.537758410905981,495,0,0,0.1532,0,0.001
-0.14112238294659923,-0.03603465440834727,9.945059162927263,2.2318032612800396,3.5562484647130246,-3.3146773238910674,-0.1294175902128328,-0.029992764516668637,9.959908318551665,496,0,0,0.1537,0,0.001
-0.12819726818571822,0.3697958308015258,9.806094938864568,1.9582246718388934,0.3789810737361191,-5.312240923665159,-0.11761753607916833,0.34209601661144884,9.869781906074087,497,0,0,0.1537,0,0.0111
0.029644464068554123,-0.32718550045922284,9.670395408671283,0.7468399083263303,1.3900149637933592,-1.9734226050956534,-0.007154950939501789,-0.3365715179622933,9.59530754765658,498,0,0,0.1537,0,0.0011
0.011789408159518702,0.044036196854111136,9.56838987215252,-0.27715782219726526,0.4071398757846374,2.994593770171967,0.044778513659620475,0.04757134974335833,9.461096544163675,499,0,0,0.1537,0,0.0009
0.10700564875455218,-0.27673816492652564,9.926122353938792,-2.1958346727259497,2.3649324156838865,0.28814879950146505,0.23593888211501648,-0.6896185294608739,10.88914688487738,500,1,1,0.0015,0,0.0021
-0.10195828014811233,-0.9076290663622613,9.68034548757773,-4.255726079230084,1.6599898456195201,6.500906980113941,-0.12069848788065117,-1.4687484348170896,9.35404215748758,501,1,1,0.0328,0,0.002
0.3350114565894485,0.2089606507898122,9.857882222831236,-8.643496203865938,-3.749086907792326,2.829649310969456,0.6925111557262924,0.3253439302988511,11.981433004512674,502,1,1,0.0014,0,0.0814
0.5030329563877036,0.2256748979658828,10.129177576900585,4.587306991646452,8.89943251278857,-5.574401176846879,1.025919171504148,0.3856731358603209,12.225547388972407,503,1,1,0.0009,0,0.182
-0.47168548482372696,0.2240544524245115,10.100801254386358,-1.9342250715444673,-1.298342128516308,-1.9377916903597303,-0.9001306639763251,0.4935532011409273,11.830896013470351,504,1,1,0.0022,0,0.1708
0.29367927659295257,0.10602146457146563,10.1528231706143,1.2502613082646727,3.768833651127816,9.563850240498349,0.4984450965958451,0.259043152612777,9.816643434807144,505,1,0,0.1504,0,0.1608
-0.5146144134310865,-0.14637104034106124,9.5600084194263,2.707081860570437,4.768614288004944,11.654298755634912,-1.1591947659812416,-0.3372349476550146,11.739047671525253,506,1,1,0.0011,0,0.2007
0.1432134539161483,0.22088767261616293,10.007697988623608,2.1582656183215168,-0.8059184166161442,8.817298363362056,0.274501248871774,0.33015077930554604,9.008645445161608,507,1,1,0.0239,0,0.2
-0.4465696672122333,-0.4682385315219577,9.822111006090541,-7.829695785547295,0.7039200394582366,9.334695609155858,-1.0950851652051388,-0.9490196042791332,11.737665012913522,508,1,1,0.0002,0,0.14
0.30442028932767534,-1.0764701516563313,9.534739651749897,-0.01736145239415052,5.023382792324277,0.8799192620326142,0.46020924394352847,-1.9615219071651997,10.233302730810657,509,1,1,0.0429,0,0.11
-0.47865703803548926,0.6402930516311451,10.008450485108021,-0.24588802867898732,-3.0738203567432603,0.8950892246683051,-0.6820044829856656,0.7921598945424013,12.108367465635025,510,1,1,0.0,0,0.08
0.3644135162710616,-0.8072740534182371,9.85671543534891,5.304187029438888,-5.302046316854026,0.4690750930432635,0.5500624534501288,-1.3691116071914244,11.931033183798505,511,1,1,0.0,0,0.09
0.42521244728623625,-0.04207950112657667,9.71347897458908,-6.864048842511802,10.664268569500262,8.878893374593265,0.48045411586553105,-0.05752887494927144,9.29705483778399,512,1,1,0.0691,0,0.1
0.19860599762649947,-0.08609201532941045,10.193580964989186,3.5901270576495947,-4.6314715793216745,-1.9039509951525,0.26885966681860113,-0.20879806999043588,10.705453203300298,513,1,1,0.0015,0,0.11
0.07880523004957123,0.052285898840059845,9.779688385452115,2.672147753063724,8.30478283267427,-5.6086049206124455,0.09357350273801245,0.09603796878246809,9.129850645673445,514,1,1,0.0292,0,0.08
0.33973814363718907,-0.24533046322462307,10.53066735241926,-5.448831113026671,3.3057245386551197,-5.389960397527927,0.37231445455453016,-0.5756874306160675,10.072335091348716,515,1,0,0.1156,0,0.1
-0.3462108258521335,-0.28845997685604485,9.825008747739059,-3.5697264392108963,2.395667712269088,-3.2247016718899966,-0.7349269729883985,-0.3450072273862938,12.521590095368795,516,1,1,0.0022,0,0.04
0.09333710664046936,0.9484286997968665,9.511707849718315,6.855617334171756,1.428657236208758,-8.028913849989856,0.22755150188399137,1.9397667532734475,11.820386634353987,517,1,1,0.0002,0,0.01
0.2150043179776605,1.223238699039143,9.999904624811995,2.5031660280705386,1.1009048683262932,2.3278207425141835,0.41883025107999944,1.724325945648128,9.165984797669624,518,1,1,0.0055,0,0.01
-0.5040687576795778,0.7767445323536699,10.025504956117768,-2.4415050552525,-2.3240399527510043,8.963702102226918,-1.1660873879781006,1.7692102941087862,12.337441582306552,519,1,1,0.0003,0,0.01
0.3307716890888654,-0.3802294612886615,9.892307857023814,7.621768510016615,2.0178508087346008,-3.0408622467014803,0.36264786706198354,-0.42938520564878824,9.56417569361519,520,1,0,0.1484,0,0.01
0.36450319668522024,-0.29535861254983964,9.318066971901358,1.1754145412544084,4.502160318767338,6.87302669052619,0.4057864326161522,-0.5017078859224005,11.652872309083728,521,1,1,0.0009,1,0.01
0.1710902557073457,-0.14307176288706866,9.207296795961403,-9.693465747209029,0.24091507869166348,3.7412680512793712,0.23136926601183894,-0.2808294261394263,9.355390630254677,522,1,0,0.1042,0,0.0
0.1390548254939581,-0.06838588263945072,10.217065465963424,-1.792337551270911,6.861308479386849,-8.084095043944934,0.2581542692104464,-0.15091954334104038,13.072173837528862,523,1,1,0.0012,1,0.0
0.3410583792269359,0.05904160235130227,9.661736730981264,-1.5205392309660049,-8.254953005438175,4.879985027320329,0.4248694483176946,0.07343332022345575,9.057209765579278,524,1,1,0.0233,1,0.0
-0.3358432583002859,0.346522923571429,9.073185597572568,-2.2986454266720977,-7.310539451250828,2.9391615595164895,-0.5661749160019119,0.5622581633028058,9.959007079236859,525,1,0,0.0996,1,0.0
0.848884622787734,-0.030958463919751367,9.375401805807194,1.7743747948699407,2.2900510694989693,6.210228745603647,1.4956066738180815,-0.05751574402703588,11.103919108973546,526,1,1,0.0,1,0.0
-0.0884741971140926,-0.044905503277709626,10.044937749166156,-6.900029663704286,2.0381103552155206,3.7567341550281435,-0.08899301344123975,-0.063739812071301,10.02288627297709,527,1,0,0.1537,1,0.0
-0.13228112018727164,-0.1934813506029645,9.88302981670656,-4.391519828097593,3.858883135669892,-6.038845243296621,-0.15399345419606397,-0.26787391200378724,12.208114162291873,528,1,1,0.0015,1,0.0
0.11037756260772974,0.06903178063211089,10.08186802371609,0.33897284720487375,6.333230020101338,-2.498919531992911,0.23069331120118092,0.11591683528383283,10.470238638713514,529,1,1,0.0026,1,0.0
0.31077901748809783,-0.3588184673035537,9.697678884181798,7.683393637115422,-2.029153225954819,-6.582413832370787,0.6239627818042582,-0.5134814025394531,9.165806991643622,530,1,1,0.0209,1,0.0
-0.07411285716301032,0.19815801444259024,9.892494445822566,-0.5196747355387108,0.3213398641198629,-6.11545898528869,-0.160038559862842,0.4147238291727523,11.876301805777734,531,1,1,0.0015,1,0.0
-0.4826943514905533,-0.2905314599523205,9.495031415419678,-2.2377831269516992,-5.372809453653831,-1.3567035298236507,-0.7762810199836746,-0.4336385742513644,9.826344125632716,532,1,0,0.093,1,0.0
0.9267548267526985,0.062152537273831424,9.709481170511436,4.698750716925531,-4.342712342929031,-2.5007013270447316,1.3052720024892912,0.13912776070956373,12.617912577132708,533,1,1,0.0,1,0.0
-0.026448941821000937,-0.28345932173426075,9.882874722815844,-0.48449207000091427,-13.47953811534418,4.95824119498698,-0.059651731992248394,-0.6761518583667075,8.945597854767133,534,1,1,0.0152,1,0.0
-0.06480824896758662,-0.24308986992977868,10.0845709693417,1.6300958333589144,7.874259363354503,5.1370952523549205,-0.1148769976820486,-0.4056936775707195,10.322292128232432,535,1,1,0.0489,1,0.0
0.11724140450549414,0.5985522612648319,9.477515728965251,0.7379505190588309,4.986297368506026,-0.5499169513685145,0.13166374427574734,1.313756470314272,11.854398317033688,536,1,1,0.0,1,0.0
1.0997423564878521,0.41233985568978987,9.767419707132978,9.60522559066386,-2.70630397154519,1.8383214902945724,1.232102781439657,0.8858015841300169,8.943305191850575,537,1,1,0.05,1,0.0
0.4373615893873208,-0.9070605994145899,10.127529651349864,-1.7269703572932313,1.141940202548094,0.8315542696331496,0.47817720690735577,-1.7394338614383493,11.704538146801955,538,1,1,0.0004,1,0.0
-0.289759092735859,-0.37575033333739577,10.02888416179816,-4.277207218172034,-2.828436137019782,7.53155603292666,-0.4985024578125187,-0.8992719963129855,10.8038806312445,539,1,1,0.0017,1,0.0
-0.26102712144011114,-0.2276245280910857,9.857799546397551,-0.43744286052467973,0.0050073155528936614,-2.5401898066436344,-0.3082848848411697,-0.48254380857177515,12.573503158938404,540,1,1,0.0015,1,0.0
-0.46266174466610466,0.5792634836345204,9.589694100493425,-2.3227718712652843,-5.688859162307219,-2.547733620075268,-0.8757794226577581,1.3442654032184362,10.388025311753564,541,1,1,0.0,1,0.0
0.011376397736906024,-0.014914612815609506,9.875517737196661,-1.0564725395751124,10.044279618130162,2.144869647965337,0.013806249708257968,-0.03642394805485843,12.515440184203372,542,1,1,0.0006,1,0.0
-0.6192537446737311,0.10325090401168793,9.651540969004342,-0.6609607404665132,1.7336236834257155,0.7048583675605054,-0.922862673009778,0.24270127988361678,11.130306836789075,543,1,1,0.0,1,0.0
0.5858756207441682,-0.490435382501037,9.88654915783376,-6.249711133320089,-1.8941433711463413,2.9591066579627774,0.6279598311640247,-0.9675128721371716,12.632030546392766,544,1,1,0.0,1,0.0
-0.12720170481073442,0.04670352692160611,9.801086036342793,0.7964860055718243,-3.011877426074538,7.112329628430029,-0.18462375652657678,0.07079274745191477,9.605285138737866,545,1,0,0.1531,1,0.0
0.35489003578565526,0.20386981636848972,9.20306637877306,-2.3258301220755353,1.4501199417772854,3.6664307446861706,0.6103939709893098,0.42841314240455103,9.341137378241172,546,1,0,0.116,1,0.0
-0.8313229384710604,0.09063500948051595,10.201717253595092,3.1602125445699913,8.742926297664011,-2.5083615766463003,-1.2483176323717213,0.10463599138688276,10.998510975249737,547,1,1,0.0003,1,0.0
-0.11846551246626189,0.5367323713207155,10.207300778896107,-4.882852075886698,5.464440164012137,1.94041071188099,-0.23761413732956246,0.8852469385768006,12.394021974392874,548,1,1,0.0,1,0.0
0.1302882051015497,-0.7443522970532886,10.082842771545495,8.241285644975223,-6.5945089473694765,-1.3780694026346159,0.17760898649055268,-1.4593501006316758,13.095861419764027,549,1,1,0.0,1,0.0
-0.08374158241333256,-0.7234526914719948,10.168687172873318,0.6588094712708753,1.4508399582121596,-0.3398399713319147,-0.11777545065357611,-1.3367024246741896,12.437153104788571,550,1,1,0.0003,1,0.0
0.8966281992887205,-0.40794940240887345,9.79949966618166,-9.868791811072946,5.61167985328197,-1.6038013538129507,1.42418531356151,-0.6317571159885735,9.031424531633508,551,1,1,0.006,1,0.0
0.011677863378754951,0.22556719154135346,9.757439562244087,-1.8593632547955745,-6.080398815582421,-8.051607596348852,0.028036872917842535,0.5441779075419579,9.6215937551001,552,1,0,0.1513,1,0.0
0.3687965935418023,0.01192679349294835,10.136381559038593,1.614079934966619,3.889024548137892,5.253976042853587,0.7659539877962408,0.02640429904681139,9.981823069388945,553,1,0,0.1015,1,0.0
-0.37194689638838424,-0.16780243418557916,9.436793267832254,-4.477540843927661,8.6824913390852,-2.5708653345087584,-0.489360419187782,-0.32686367413183665,9.864342581650403,554,1,0,0.1282,1,0.0
0.29093176847228663,-0.40472903308368086,9.360896892889821,7.953636213680916,-0.9445980443872388,-5.130311279466411,0.46416043732207396,-1.0007749594486357,11.533439724340937,555,1,1,0.0,1,0.0
-0.07189886807296934,0.35459199267824976,9.819315442084731,3.5328794633102034,-9.300906044074651,-2.1058234398583457,-0.14198142341122405,0.6390597421046077,9.784757503424391,556,1,0,0.1455,1,0.0
-0.28877056670000883,0.47880230904033777,9.95221752141849,-2.215916090590725,6.416786869066247,7.568563001840932,-0.6825573587770736,1.01058301503106,10.036327255430315,557,1,1,0.0349,1,0.0
0.2645071935600317,0.15695246359611434,10.054098138081828,0.8703259567188332,1.5959839435766574,1.0492486165883201,0.6195599557159147,0.3456793445957314,10.641129249804258,558,1,1,0.0041,1,0.0
0.3285283569287837,0.29468783752436245,9.852716690819562,-4.602204531847043,2.1882184313890978,-3.2002902653148944,0.5835593641971082,0.7315978485160931,9.187295988775606,559,1,1,0.0156,1,0.0
0.021370069978782148,-0.7541774147422023,9.63710482158184,4.520978401119663,-8.196878912584026,5.273584697608335,0.03142600322365865,-0.8525661533673254,10.632681593390684,560,1,1,0.003,1,0.0
-0.02206454080730396,0.023465530858170238,9.971069327439123,3.1375022278739872,4.611257445016076,-6.694758115077538,-0.02420599935144084,0.04809607851499757,12.543312841144868,561,1,1,0.0011,1,0.0
-0.8595605812108422,0.4246425339545006,10.176436609247858,1.8256162407751386,-6.854533735894423,0.2231298353788314,-1.4295515380892028,0.6197288158879081,12.091567681707454,562,1,1,0.0,1,0.0
0.01621550179655875,0.44712585071914035,9.272465542970128,2.8531292177815777,3.033159353156423,3.9519712278529577,0.039620595119140685,0.5854470950501683,11.365575291198986,563,1,1,0.0015,1,0.0
0.5678257948950258,0.5185144306833392,9.540365970913268,1.6566505076000768,-2.16208545329714,2.266173863699576,1.0652757984248957,0.7688199060253733,11.97016532920718,564,1,1,0.0,1,0.0
-0.966098149104205,0.18197085235511884,10.179570763919596,-0.19359107033973583,1.0914073822581527,-0.9382181699844105,-1.209733442485314,0.2614803238799143,12.861967879512225,565,1,1,0.0043,1,0.0
-0.21666084191376664,0.4572597827333498,9.636936292272141,8.954012921579782,-6.714575497059294,2.0851304878401287,-0.4142620025716846,0.5188960047522461,11.5109254177034,566,1,1,0.0015,1,0.0
-0.08764166343322669,0.020391792149374352,9.422749311320214,-2.3133094996662944,6.546240055800928,-8.655529221875804,-0.20269622250257854,0.02805359785739441,9.290715949726641,567,1,0,0.1107,1,0.0
-0.1366466622263548,-0.6347070011423062,9.70001376621031,2.1622512973906094,5.590190231282001,-5.333459935364768,-0.18104765466331937,-0.643929217525206,11.706885765712109,568,1,1,0.0029,1,0.0
-0.4946040601421895,-1.1229750518580308,9.557403762901208,0.9371941301134759,4.715070983637088,3.0728662215330593,-0.8715661405338284,-2.59999436319229,9.041529671544838,569,1,1,0.0005,1,0.0
0.0718607987461316,1.148086277228519,9.653348393306612,-10.284846300363139,-1.5420741898499322,6.05004213635606,0.16634089760360052,2.4035331261327477,12.531258552194563,570,1,1,0.0002,1,0.0
-0.15148278756567293,0.08102679632028541,9.631236417457728,1.2328494136654462,-2.9907369519394518,1.0684397135599302,-0.33361780287169546,0.09833959615375922,10.714986237639545,571,1,1,0.0015,1,0.0
0.18026281759498472,-0.39947402071239474,10.480157234861293,-2.1420901628082643,3.6690507381285373,7.692782304045096,0.4368093493480991,-0.9384004652657042,10.338091217575903,572,1,1,0.031,1,0.0
0.04214739830290402,0.3674630134697438,9.561683857235385,2.2652608442907045,-1.6935102707180332,-0.7801492638258423,0.08370132002109272,0.7020237924530003,8.8272346514431,573,1,1,0.0152,1,0.0
-0.4064994144971616,0.5126118441940679,9.5631973413155,6.705652958011104,2.0281919315483816,-6.088104179843609,-0.7985375635789699,0.5995677411914295,9.860473776569172,574,1,0,0.0888,1,0.0
-0.022287451438801502,0.6223712615416669,9.70699218079159,-2.5861883720049965,9.554655507494154,4.896622167006293,-0.04205185835004738,1.2223209955215395,10.412660816854432,575,1,1,0.0007,1,0.0
0.20597910429886915,-0.12196604306785487,10.149381034488474,7.451587608209943,-3.317449664615598,-6.333340564408397,0.3985650976756684,-0.2972559107460474,11.36826047726263,576,1,1,0.0014,1,0.0
-0.3887364046726603,-0.8194424637744606,10.038386029011415,-5.99353362590074,-2.5453083081411303,2.612378319697166,-0.5600233352562317,-2.013843849579803,10.99966075796971,577,1,1,0.0004,1,0.0
1.7307139780287704,0.2975955998752331,9.336960227226234,5.030668261492681,6.628541196883987,-0.6621546769942165,2.5647686313838993,0.31946781768545646,9.87814556444666,578,1,2,0.5284,1,0.0
-1.0128573965415015,-0.03677875999776364,10.21637662217765,0.4782140987721989,0.4522777473388046,5.582942143332223,-1.342505921665546,-0.053908111006549825,12.546329268100122,579,1,1,0.0007,1,0.0
0.6849370870964274,0.26504977047808354,9.683632570580652,2.432310982943318,-14.820555455712817,-2.533549405367708,0.9042605920704784,0.27982826142707184,9.270291201416976,580,1,1,0.0149,1,0.0
-0.5524972732601047,0.605087711780552,9.605433079880637,-7.57377841514674,1.0347333706025692,15.685899581862639,-0.7497703905066379,1.4365379081236125,9.975819496978755,581,1,1,0.4281,1,0.0
0.20244765388860503,0.14206286397696202,13.249477499944819,15.624661746173409,11.36589507613515,-5.239982306104174,0.48049666352181564,0.15892997910087509,14.772908093115488,582,1,1,0.0002,1,0.0
-1.148688047640483,-0.3281723727551986,15.440896876056629,-4.2991704409161695,14.073369998412666,-7.835542889292619,-1.319649424721098,-0.8163223642888077,18.962423414716884,583,1,1,0.0002,1,0.0
-1.368842144509618,1.310706853867584,15.210777326045788,-5.212923840992783,-9.494979459628789,-0.9545590641701849,-2.7931848414141096,2.8207386245594797,15.524271081811342,584,1,1,0.0005,1,0.0
-0.8935870066881606,-0.14684028279526362,14.62871506055172,26.792306476183327,-3.489547776214197,-3.6182764663255496,-1.9382579528389596,-0.197857131331067,18.827262547595627,585,1,1,0.0,1,0.0
-0.9573482187376097,0.24347958439366438,14.984050623385752,4.922728585476014,16.646797136547143,5.056423440067391,-1.2118358998485952,0.5503420220351327,15.95631684183126,586,1,1,0.0004,1,0.0
0.8950915974547485,-0.1907463884120611,14.156393217271173,23.10165640836902,-21.399215754127496,7.38136894716273,1.3805926284272338,-0.4056999749879408,14.67725423398379,587,1,1,0.0,1,0.0
-1.2592267914279969,0.23294900939664479,13.919041614445888,-3.374775298533205,2.047411889511817,3.9743364984643135,-1.4517469975100756,0.4559279783197242,17.51561922345969,588,1,1,0.0018,1,0.0
0.618632770407748,-0.1916611873538432,13.313521497254165,-22.027388679315727,4.313572149123246,7.9829686610850885,1.5270095936137857,-0.4550992076775697,15.291338836941613,589,1,1,0.0,1,0.0
0.12067230908583843,0.24916115476205056,16.086665465194258,3.639865312007692,1.6425149131485068,4.9327163197226085,0.14942489699352068,0.2572771503477282,19.46894950263784,590,1,1,0.002,1,0.0
-1.2142521234954877,0.4006755161447608,12.957650967999014,-3.4443588127402203,17.292202240939314,5.040115616271521,-2.941255272651956,0.5979080841420714,12.500833163005277,591,1,1,0.0004,1,0.0
-1.2449897856309502,0.11366847899264423,14.973681916135574,13.92646658879144,27.703713311677838,-7.5822567599569135,-1.648672095147721,0.15452082130561423,17.393776216064722,592,1,1,0.0006,1,0.0
-0.40818462846918735,-0.6790583379638407,13.32042370377831,-8.992888006829673,-3.1344704877119227,-0.1579767893530225,-0.8502800500692812,-1.4344325195593635,12.702868398266729,593,1,1,0.0,1,0.0
0.019929545486516514,-0.21171045295168298,15.486852875904649,18.84323749150069,12.994067144074352,0.4100186841920395,0.025351385347806253,-0.4064883740746383,16.163742630703343,594,1,1,0.0002,1,0.0
-1.2099624539883214,0.41859410745698783,14.389420878649519,5.455106247965444,-20.10401897467399,-3.8047882772451787,-1.8774619068317182,0.8471203943291774,16.884691423914944,595,1,1,0.0005,1,0.0
-1.092644463540451,-0.4371693226475331,15.328886002576686,-26.45029201334032,1.3861585666571017,-7.602928953528563,-2.454005788887557,-0.9963430847904726,14.286046941890051,596,1,1,0.0004,1,0.0
-0.5547367704597626,0.24266421969364443,15.70721346420548,-15.790316151962077,-11.606620808355634,3.9301981515678523,-1.2761003760629988,0.2981835687608077,19.754933855468686,597,1,1,0.0,1,0.0
-1.4002648892528469,0.47931908387530814,13.910573538394972,11.806161752642014,10.100341221713673,5.368861923690985,-2.999425053359935,0.5899608899420906,16.573664694007817,598,1,1,0.0004,1,0.0
-0.5944744282965974,0.02650353791452385,13.056975060040257,2.405213284184966,6.018896025900096,4.836589667452395,-1.4681935998600215,0.0566416205993736,13.80307914943408,599,1,1,0.0019,1,0.0
-0.48415460506604685,-0.10311207686719619,14.845932032280654,-1.9219976795694511,-5.831532163444891,1.2945043004728602,-0.678630302531383,-0.16302975176482815,14.872275074312721,600,1,1,0.0019,1,0.0
0.44760286386686066,0.03374616648787009,13.873261078297885,-1.0140411913958307,-15.867149925790327,-0.5396260012415908,0.772821503018564,0.08111192966314812,17.973305078121047,601,1,1,0.0,1,0.0
-0.6919288974495564,0.32700092305431616,13.613823982207023,23.02599714119453,11.748888477933182,-9.214559630530037,-0.6955739942649417,0.4091686123254258,13.542603069380144,602,1,1,0.0006,1,0.0
1.847317799354909,-0.7840229700459888,13.57024181943826,-10.94817254501289,1.3640065776778507,1.3521288436984225,3.087696063254728,-0.8546159043584622,16.550325803911942,603,1,1,0.0062,1,0.0
0.4909371795123723,0.5772484110018831,9.654085666522947,0.8357672019769274,5.169441313127388,-1.0947212925409744,0.8852160563697027,0.647806100132522,11.179774300428717,604,1,1,0.0014,1,0.0
0.38897965362780584,-0.33871819144037796,9.651114737757212,8.121264718125232,-4.956609514878303,4.879648087162013,0.44683770587822796,-0.44462952796460437,11.22798877191055,605,1,1,0.0014,1,0.0
0.8881803278369617,-0.07602062404411096,9.024660670336717,1.553428717713341,11.741750112367718,14.477477494301297,1.593475281075524,-0.14054134383694292,8.577096514871851,606,1,1,0.3226,1,0.0
-0.4944323105885616,-0.10590297344953233,9.546092298184881,3.0426077277592207,3.71294091408078,3.9903382646904806,-1.1464399593171002,-0.25828856044950765,10.477792089173873,607,1,1,0.0022,1,0.0
-0.43533939454576903,0.5579333993608211,9.586631399400995,-0.30251293880795094,11.19113084994707,-13.783369115474882,-0.6058431591271702,1.2702350501219226,9.255878684999718,608,1,1,0.0023,1,0.0
0.20029421632959035,-0.004819850233819286,9.925119557975213,-1.1889246896263344,-2.2590300090229256,-3.8722960524752095,0.2395976204450603,-0.005654868622214214,10.239478006764815,609,1,0,0.1496,1,0.0
-0.11878718106254817,0.3518265560610586,9.577901257361047,-10.513476548276097,10.831548835961726,9.833759773522125,-0.19339584274743218,0.5666300982872081,10.631671692971874,610,1,1,0.0001,1,0.0
-0.14392279694826476,-0.5805104939009491,9.74518546696514,-3.854901459320388,0.49121906823498496,-3.298405340277228,-0.29406951906236356,-1.0761211466423868,9.899146069682287,611,1,1,0.0482,1,0.0
-0.20862833349565138,1.1085561411686053,10.072429185810446,0.1562475191226543,0.6124778053448112,-2.2086256657301226,-0.33245785232264774,2.3048359685006723,12.595820954080386,612,1,1,0.0002,1,0.0
0.1420462836853697,-0.06368209879500153,9.609336683330188,-1.4976983618749062,7.504812742919854,9.274668357157216,0.21624240184038368,-0.15522181069992091,11.760507077701476,613,1,1,0.0022,1,0.0
0.08047005124784369,-0.138963157221853,10.124433708733557,-6.288463760880641,-6.050914627241899,11.309839077076568,0.11976451922638237,-0.2940196248987527,10.660287494543178,614,1,1,0.0013,1,0.0
0.752284464956014,-0.25857029421592376,9.79297603000166,6.845235239132963,-0.17696866449054732,-1.7442238527943712,1.0725055822727092,-0.5111159072762365,9.529436071061944,615,1,1,0.0806,1,0.0
0.7550086139111014,-0.3048326643377842,10.320417463681753,-6.917167696988339,1.2512291224258687,2.7825972779200154,1.150097525225846,-0.3280631186552755,12.880719347296832,616,1,1,0.0014,1,0.0
0.22938013262099805,1.2669097588040121,9.572408461935794,-6.744416386942484,0.6180808024853157,-4.763465934870751,0.5381966997864848,2.4807656078133267,9.164186378009243,617,1,1,0.0049,1,0.0
-0.3178768957467149,-0.3142968809583682,9.941787939628968,-5.848054323413242,0.21547232528724827,-5.696175464930484,-0.49908585946371914,-0.7018166561809076,12.308405187116584,618,1,1,0.0018,1,0.0
0.588247515402544,0.12936473714189733,9.519225738875702,7.900188019168738,-1.0521902559615768,2.80483075283104,1.1881724619901615,0.16982840219261353,8.99781026042756,619,1,1,0.004,1,0.0
-0.23365825299503912,-0.2561887459541052,10.0089046244253,6.989463592269631,5.010073846257158,-2.0935627093135,-0.581860906124389,-0.5397103993949598,11.196385764388246,620,1,1,0.0014,1,0.0
0.39634846333593415,-0.7877896113529412,10.123776840836037,3.6467746256971463,-3.004936294755698,-3.5090523323459957,0.5065431119886564,-1.4911105844849497,13.127262887463592,621,1,1,0.0002,1,0.0
0.2230637149473401,-0.4375204749851754,9.53005382757561,2.0062992987857085,-5.743228776387529,3.422266182842342,0.4179353127550503,-0.5438765370642724,8.63553721627167,622,1,1,0.024,1,0.0
0.6262702606015444,0.1788599958457316,9.88095226048413,-0.47855068173769977,0.6061269502505683,-2.420416081874113,1.4457903609285918,0.4074289762936372,11.488265721412915,623,1,1,0.0,1,0.0
-0.12901870939792637,0.6312192913861628,9.91154157238212,-2.0851816220119694,1.5664712757346373,5.783458993577121,-0.3187626644630365,0.9436841148044813,9.162435183506494,624,1,1,0.0057,1,0.0
0.44625485642169277,0.321401786968293,9.68014221659924,-4.96964610272392,8.503243053761366,-7.864650086279987,0.798467106619857,0.5756401371498335,10.184012673090225,625,1,1,0.0604,1,0.0
-0.4414754930812449,0.6082309102198168,9.867480814749864,-3.6199143697090133,-11.687385956535499,-2.7701782834767568,-1.0839090195575294,0.7818381804705754,12.116518603017623,626,1,1,0.0002,1,0.0
-0.117637196692313,-0.2750728255516886,9.747004732987437,-7.187118801873416,-6.2430450195377,5.774848104498842,-0.18520304701230228,-0.6366782589546913,10.037429931561148,627,1,0,0.1331,1,0.0
0.12123954818152213,0.07263457018452038,10.331411026766384,4.302185561803695,1.1124046237078442,-5.508328333959706,0.14596571261352514,0.10907104212951581,9.47469898839968,628,1,0,0.137,1,0.0
0.12992007310075285,-0.17588837406764365,9.798567333520737,-7.01862028792582,3.2022561262205507,0.3375595031325528,0.2822051097253314,-0.40763830555539865,9.959785000146521,629,1,0,0.1537,1,0.0
-0.05397435715413053,-0.06581342543073125,10.199336125634108,-7.157439865633288,-0.7797058680239949,-0.06561473499969739,-0.08622521124175342,-0.0699845900557081,12.142703171366824,630,1,1,0.0015,1,0.0
-1.0344110001196973,0.5042107755482594,9.704891084925674,0.5367316004449172,-1.0163421061876203,-7.260179071575282,-1.7692106381556227,0.5925274102973567,9.029138597006881,631,1,1,0.0197,1,0.0
-0.519219361453894,0.025044949683754557,9.794766531414883,-0.011843695523448196,0.26532081251130735,2.1812118430414023,-1.2174646663714246,0.02940189475593605,9.46922979493025,632,1,1,0.0407,1,0.0
-0.16422323027541672,-0.523137785089482,9.709911689958176,-2.7038888846850515,-2.384915593603644,-2.993891330236518,-0.32978197988701213,-0.9667710347664432,11.583292552944508,633,1,1,0.001,1,0.0
0.4376475245539606,-0.3963617989397355,10.183198259475219,2.6807179081249743,-3.209061312973118,-3.136890844488525,0.7900274668666875,-0.39750104205781617,10.377438601934864,634,1,1,0.011,1,0.0
-0.11881433707907069,0.135927416469625,9.983103752286755,6.057666534359534,5.254709476526606,-2.31668762633868,-0.1303955223459541,0.29548518161012405,11.33235220792751,635,1,1,0.0015,1,0.0
-0.7640811767403551,0.11038787918504124,9.67266353775132,2.1592233522250894,3.05616377745733,3.9286488257776924,-1.0405321571031168,0.21714869665330305,9.648665216888315,636,1,1,0.051,1,0.0
0.2910121055005969,0.006002354930757532,9.85948243080473,6.322723563077284,-4.303568592655174,4.175918810027332,0.49300345768368997,0.008334816536363731,11.378450311180927,637,1,1,0.0014,1,0.0
-0.5165672221182775,0.01633561561862823,10.04297979475705,-2.588976776873918,-1.8687922813875022,-1.1173580750902992,-0.6490247649998714,0.021303319987376636,12.762910211711242,638,1,1,0.0015,1,0.0
0.014245914120552546,0.09236894258896267,10.172033266788182,-3.6096062972082947,2.4122112477439694,-0.5669122119827789,0.018180605935250116,0.10025879433320431,11.61740509920211,639,1,1,0.0015,1,0.0
-0.06968938643316737,0.07909728324083527,10.000316256382703,1.4816613025962844,0.8697068987385506,0.33946438249139294,-0.1302896831953863,0.16562175189614675,12.61484032322702,640,1,1,0.0015,1,0.0
-0.11446015831738995,-0.794023995675453,9.671598897060733,1.1390545898294036,8.625200505282189,3.2697940384995636,-0.13619948474163754,-0.9302976458807101,10.739090011468061,641,1,1,0.001,1,0.0
0.6220012655573273,0.04588125352094116,9.852526127853299,5.01295962738298,-4.2731391963282865,9.151596270406957,0.7584476213364642,0.10598781828219808,8.919517075925937,642,1,1,0.0125,1,0.0
-0.1407563028723488,0.09151997035062706,9.49703408564815,1.8417040141355594,0.8805178061528309,3.9551078849941406,-0.32052545481549943,0.22551607114452765,12.33880165191162,643,1,1,0.0015,1,0.0
-0.7033278776952774,-0.02848779360561332,9.501790942548904,4.400741541245509,7.824932159432473,-4.395632927480229,-1.658602846596472,-0.06015621917876842,9.287577407420399,644,1,1,0.0134,1,0.0
0.2875743996031716,0.20717763731026098,9.213868343584624,0.5640248319894049,-0.09848864200603369,4.112732485669005,0.5324105397263856,0.3925022674597228,9.06146245088318,645,1,1,0.0511,1,0.0
0.5066216312381774,-0.49129013194055665,10.333172092863352,3.804043172065588,7.541804070632079,1.1664820766944475,0.5866193316341832,-0.4947313928621955,12.276636126780016,646,1,1,0.0019,1,0.0
-0.08326697682811712,-0.9026776192073299,10.080269340315501,2.5677242025635447,8.093335139920356,2.4394603572974294,-0.16830941787853704,-1.219977514871867,11.955390421832952,647,1,1,0.0004,1,0.0
-0.21813871114361877,0.47695334816770196,9.53134887917413,-3.757533214429276,10.751079870905242,-2.501127495447947,-0.4772685148305841,1.094838159656986,9.84643843391573,648,1,1,0.0277,1,0.0
0.47979739255124204,-0.15178384926389363,9.816074673522698,-0.8107934337320087,1.9622044170971078,0.3220979950672509,0.49035804695902746,-0.28120205760732764,9.946385586563904,649,1,0,0.1537,1,0.0
0.6671021970601264,0.5346302441672699,9.570656055212607,-0.606622449201495,-8.872402331940322,1.9770429827814717,1.456496061849786,1.3040939252023107,10.384303485997261,650,1,1,0.0,1,0.0
0.43438632492241597,-0.8029288305005989,10.08118671994775,2.912186733896587,-1.8817113531690106,2.2171797136999998,0.8733678078804489,-1.1857444766784582,10.11191967465903,651,1,1,0.0213,1,0.0
-0.09204881107577059,-0.10318893816761256,10.013703320320928,10.61250947463725,-7.268027879396264,-3.5906758500000464,-0.1364534078515511,-0.11093299247324523,9.159346090954081,652,1,1,0.0178,1,0.0
-1.3296529015721177,-0.046827807129714925,9.044015620012532,-0.7188208239120946,7.221095124792343,-5.630478761504741,-2.775384569900179,-0.058019452099462944,11.170339457455114,653,1,1,0.0004,1,0.0
0.03875000650523884,-0.4790563293657921,9.844361549808772,-1.352746800418298,1.3622160860515597,-9.901494932251776,0.09445793943358696,-0.6576698615842236,12.322721627717987,654,1,1,0.0006,1,0.0
0.5284121791603045,-0.6219637746480037,9.882632511866829,-1.791334535858138,3.896304102888297,0.3655079969992129,1.0511688572436975,-0.9183877785323868,11.161061786058472,655,1,1,0.0,1,0.0
-0.15537335241125474,0.5556053841123227,10.081537441381883,-4.009211397169104,-10.034910460288726,8.482639875579581,-0.17691008888402865,1.0409110628604032,9.305986170303125,656,1,1,0.0123,1,0.0
-0.6772354694223929,-0.29893816013969465,10.47271275673923,3.1528195283427616,6.235107463938582,-2.569646870054529,-1.4988052481884575,-0.5800619593907906,9.533011245601616,657,1,1,0.033,1,0.0
0.3474545514107495,-0.3410963713377172,9.739078854167607,-1.2475742029789951,2.711125522504692,3.2868602994926794,0.5302922397381897,-0.4203560304557939,11.251353293657594,658,1,1,0.0015,1,0.0
-0.1247006986114672,-0.20840899458638376,10.070613523730016,6.504243631912,8.076151587487674,2.5560632496309843,-0.13120850834760572,-0.31198743160145676,10.878623985329142,659,1,1,0.002,1,0.0
0.3176245371804921,-0.1736729062392942,9.72422120211709,-3.183239300822635,5.354588863563354,-3.5788092289425637,0.6531780381202592,-0.4269027542320722,10.78182345934972,660,1,1,0.0014,1,0.0
-0.22450343767732847,0.4797919797131247,9.687012474985641,-8.386966195183444,-4.45016200613315,0.9524378952099989,-0.2892562182949149,0.7932222019294131,11.171844640756358,661,1,1,0.0,1,0.0
0.3794525216512776,-0.03647023628059731,9.274846680514843,-5.643535757110911,-4.6490645903244845,6.1276564436946295,0.7947183152301044,-0.05136032219480747,10.314463612841488,662,1,1,0.0339,1,0.0
0.05435352504924816,-0.6513795069718237,9.712473477661662,3.5077280921963867,4.152051564416968,0.8549484612642022,0.0704895515127746,-1.1412044940617176,12.554630139557448,663,1,1,0.0003,1,0.0
-0.5243471352966537,-0.8059841124583815,9.466685170332978,0.3272631814069679,7.3629620408211105,3.10760861973268,-0.8923412366855081,-1.2509369338598673,11.566699032457526,664,1,1,0.0,1,0.0
-0.8668272030331737,-0.034493909822632084,10.00828971592296,-5.935377518170944,0.8204797543555309,-3.9302037531040357,-2.0087362051573416,-0.07639576036277618,12.948679699276425,665,1,1,0.0007,1,0.0
-0.9297478555613221,-0.6609773702301284,9.791810745450386,-5.8589500602613,-3.4915957373579327,2.71098442167514,-1.723221882107104,-0.9556286730250199,11.815157645932858,666,1,1,0.0,1,0.0
0.24828799419378805,-0.28332361416569657,9.2200784221222,3.027467318049226,-7.974479504901134,5.419139525582364,0.28223491280981683,-0.6281739877749283,11.18174827331348,667,1,1,0.0001,1,0.0
0.5259313824161234,-0.8109443748557774,9.796500259880329,-0.4164291660485263,-3.861341349433146,3.4978806580950135,0.7028808239243574,-1.8180259036086683,8.899865328492092,668,1,1,0.0067,1,0.0
-0.07686588627949963,-0.55230982987102,9.564028724669216,5.767386173161794,-2.832842850866793,0.41881928850756245,-0.08855527746385439,-1.0963125226943966,9.89626081651505,669,1,1,0.0482,1,0.0
0.1424001260457473,-0.3157991443181701,9.803063730838609,-2.5756728159805764,-0.5084640782933645,-0.19786733966581327,0.24556946346546252,-0.7823808491041188,10.86250389068537,670,1,1,0.0018,1,0.0
-0.9568447039008142,-0.10522741660101594,9.938243675696093,-2.236700811948975,3.9466750901460843,3.1469942799864157,-0.9810177738930429,-0.1757085837151349,11.974599686659996,671,1,1,0.011,1,0.0
-0.4646546572948513,-0.5945518353845098,9.905327790163685,0.75020234387979,7.081411172199866,-5.863467096505952,-0.8641348113867446,-0.6385103146735461,10.782317794488627,672,1,1,0.0073,1,0.0
0.061783001765592004,-0.38636872892226415,10.25535609584066,2.9880717234310064,-1.9331863804342153,0.5812558936626603,0.11113617444723659,-0.9625572679207932,12.178896758501633,673,1,1,0.0011,1,0.0
0.29273697124699516,0.621960155157778,9.713580053283104,-3.5819179897403712,-6.028314614957081,0.16707376631855023,0.47105836920369765,0.7078450148348269,11.305383587518865,674,1,1,0.0,1,0.0
-0.2877326448048295,-0.29169682745792963,10.291643706346042,0.9436278503532404,-2.7762613628607395,1.1351530483501835,-0.3352609329996001,-0.3898565362848065,9.559415663237935,675,1,0,0.1461,1,0.0
0.08411636675900076,-0.7056887383537229,10.186726858462007,0.5491843107438809,3.957898531858268,-3.3866027572748285,0.14880252786808795,-1.050746057897002,9.232352402307313,676,1,1,0.0071,1,0.0
-0.13910259447851597,-0.23182432499555117,10.012741035284005,4.892591831851377,3.4359236527955006,0.38740590077651466,-0.29816262667744026,-0.24071959892658312,9.0622300491209,677,1,1,0.0252,1,0.0
-0.5187063300428917,-0.10729333059352951,9.574495876333492,2.054432775283444,0.5909052527165628,-3.645030162422847,-0.5218944163452087,-0.1386047167811357,10.397688872686468,678,1,1,0.0068,1,0.0
-0.1026953843537851,-0.01985696029483042,9.372617012673226,-5.322934346693736,-1.198296249119082,-5.316505564915827,-0.2550180292745859,-0.03653910261882284,12.170511600392212,679,1,1,0.0015,1,0.0
-0.8741776296401881,0.8068776254163758,9.185730572285145,-1.7468876749246212,6.926009563893924,-2.418639429218112,-1.6243652692694905,1.0367631970113285,8.818515568664688,680,1,1,0.0028,1,0.0
-0.1937612468034926,0.09090760479944975,9.367612567753689,-1.8657033020946787,-9.818661447358949,4.375964966771826,-0.32955231809917784,0.20716917401264084,9.970898882032335,681,1,0,0.1424,1,0.0
-0.3275806816907106,1.0274148443740614,9.526672487453538,4.31599548769722,0.8788264034038031,4.2737946331755845,-0.35316432810467785,1.502698317626105,12.293107043325852,682,1,1,0.0002,1,0.0
0.4024329869134041,0.16848949396982044,10.096903541892406,1.018033597814486,5.090410486692325,3.2133174957728725,0.40648676252691923,0.3181156288803561,10.798987359028889,683,1,1,0.0015,1,0.0
-1.1451463218950089,-0.9307762303292411,10.092931344173751,11.004148431279894,0.9735880327010129,4.95683901356264,-2.3826513039702264,-2.3136594233408805,10.431371237012366,684,1,1,0.0006,1,0.0
-0.029034946181756012,0.5358045558124288,10.345683859869768,3.6452099341350674,-2.9588325532754807,-0.24458751480944707,-0.037696461679409765,1.3020781553635596,10.187762342983579,685,1,1,0.0237,1,0.0
0.5241471122574984,0.5274753944884305,9.962589500727178,1.178954388534724,9.540662895438773,-3.002163678075724,1.020782765831684,0.65735116652484,12.137336168718086,686,1,1,0.0,1,0.0
-0.8650838703762918,0.22968951984678881,9.473931673394068,-2.4774375002811135,6.3604156116785004,4.080743924529685,-1.7073925109294499,0.5498565889619976,8.93339423557235,687,1,1,0.0058,1,0.0
0.3185168195960887,-0.43460567039167164,9.564368423017124,-11.837409692983684,-1.2579678128906313,3.831544849918796,0.6685851472654654,-0.8062108285311882,10.595424692273827,688,1,1,0.0,1,0.0
-0.05093443300504452,-0.017986155234638625,10.165331780632854,-1.3530148341765713,-4.510938022979369,-1.1526604396686955,-0.11823114029820453,-0.02667719380542442,11.404704646450943,689,1,1,0.0015,1,0.0
-0.4578382070370524,-0.018447342878959105,10.286121067640003,-0.13920761396076872,-0.41023694318540027,-5.59441599275443,-0.5764195984878344,-0.04336492365918447,12.328201605040242,690,1,1,0.0034,1,0.0
-0.23757017281148,-0.9095560679733534,9.71570131363694,-0.06674928718437523,-4.095452814455891,3.8923827944420575,-0.3806412927194371,-1.0135177672356965,12.532800207413409,691,1,1,0.0004,1,0.0
0.04172506455648871,0.838290638252649,10.216866445565035,1.4327941960742914,-2.634648981843364,1.8281425631464803,0.06637569272054353,1.3935836196742233,9.91261684888786,692,1,1,0.044,1,0.0
-0.22531411247217686,0.1065376184682658,10.079137831414888,-5.897538698353909,0.013617276150343385,0.3995681223091247,-0.2433915236006435,0.1757532486068831,10.86547269577292,693,1,1,0.0015,1,0.0
-0.2801270497769849,-0.2364593507722327,10.204448406055434,4.668453394823289,-5.407375685554337,0.42396752956705386,-0.40101677133083447,-0.44591348244561996,10.834390422424471,694,1,1,0.0015,1,0.0
-0.6932463442313455,0.6131853480369824,10.120913506162724,-2.3295947125794965,7.168405711148162,4.511695555729792,-1.4641295185755525,1.1822171307031066,9.155363920340918,695,1,1,0.0009,1,0.0
-0.40888793351250025,0.6366380412364664,9.802039989908216,6.559431700928363,6.1773483735148425,-8.068002098743573,-0.8419684343437012,0.9170344375901842,10.164439912181482,696,1,1,0.012,1,0.0
-0.13416348489404128,0.07234991618154125,9.478833150649038,-13.956782115572162,1.6493367944520911,5.132137923818788,-0.28090375939781187,0.08189072951527947,12.098762515871838,697,1,1,0.002,1,0.0
-0.01923287915230575,0.1799880117989205,10.214240021824162,5.872312862306778,3.6999215554947043,-6.118883366263938,-0.02969488583475828,0.4033307305176444,11.584828307774487,698,1,1,0.0015,1,0.0
-0.8036081213219086,0.3966394220228577,9.394684883226903,8.056551537743879,-4.102766841211257,-2.206638070161451,-1.6812259351824836,0.8922465487932919,11.425166521708036,699,1,1,0.0,1,0.0
-0.013276849374351423,-0.584871669909333,9.883570881974082,1.0989293314468513,0.5181130357935395,-3.694129053967946,-0.05894985075589266,-0.5828907090539791,9.849889000921907,700,0,0,0.1537,1,0.0
0.1476256391404974,-0.5048380338716344,9.94129645867196,-3.8775543446087664,3.671726649991723,-5.722404816263791,0.11112120682683438,-0.5388612651084137,9.888596315643781,701,0,0,0.1537,1,0.0
-0.19223172009992368,0.3971593087183434,9.970360039619367,0.9213668182533314,-0.009987634609031772,-1.0775292924283066,-0.18396653829858467,0.3789353243062056,10.020353850962904,702,0,0,0.1537,1,0.0
-0.8134388716212547,-0.15973614628759214,10.187982038579873,-4.4104341068691255,0.68182986960514,-0.05207586985536652,-0.7858327394367199,-0.17581620284143318,10.211245446775353,703,0,0,0.1882,1,0.0
-0.24595785448580856,-0.05317349773207375,9.78938760740603,-1.7281718082138195,2.399786420091848,1.970314969715428,-0.3033340986217884,-0.026782520160447812,9.78253382520047,704,0,0,0.1537,1,0.0
0.20514468034732553,-0.15406028034304878,9.753433398917977,-2.489437982202914,1.8796370325346563,1.2199278782391891,0.27950894104793234,-0.17034335907749407,9.7431555970909,705,0,0,0.1537,1,0.0
0.07849884033749485,0.30747507308058447,9.544183418024577,-4.994478536644005,-0.8484044215739985,5.428514761683933,0.06455477381491467,0.24425595091084157,9.573852428864196,706,0,0,0.1537,1,0.0
-0.27602047506063365,0.029148931954800582,9.671316016511685,-3.4849399526827645,6.094034439004661,1.9497847266817216,-0.28300368270315257,-0.019351975009940542,9.62953255531868,707,0,0,0.1537,1,0.0
0.18532415050458806,-0.17479280116391863,10.008550772256282,-2.920316758452177,0.8056788862375378,-0.18960911419783566,0.19182881934504326,-0.1755370097043752,10.017037668834227,708,0,0,0.1537,1,0.0
0.2630564900566789,0.27640566296722663,9.686468571943095,5.020143005559708,2.2045719803857167,2.8200967154599703,0.31158560123113965,0.3161146324895178,9.762216279244328,709,0,0,0.1537,1,0.0
0.1906975155057746,0.4493132200960881,10.630370076688,2.1615705197001023,4.52535609813988,1.1457524672263908,0.18786704803866475,0.41168942463115005,10.584376538972945,710,0,1,0.0207,1,0.0
0.019413403005325933,-0.385163913773584,9.99075267260714,-4.068567875927373,5.802902101040333,-1.0886978178032203,0.05128922593699703,-0.3989753858844625,10.033971118775854,711,0,0,0.1537,1,0.0
0.35977046905246896,0.32696130341446383,10.183354341851757,3.376506375605705,-2.5269663368955864,-0.6647962559646103,0.29072683959682355,0.3298156048049835,10.172107190682137,712,0,0,0.1537,1,0.01
0.4961577729884563,0.5646134610712152,9.882426014972443,-0.4765833617266156,-2.487761076616773,-0.827604613218635,0.48926776138973843,0.5100319892506916,9.856621325744436,713,0,0,0.1536,1,0.0
0.14313398645071254,-0.09157075195497219,9.800570510577513,2.1014403896060063,2.3689190807279887,-5.277843624676469,0.16350511191110806,-0.06796609787364954,9.821163519062123,714,0,0,0.1537,1,0.0
-0.2921151954831097,0.26506546790415597,10.074926952445171,-7.174433491653392,0.8259006131118606,3.466569393641842,-0.33506678870647655,0.09653446225233547,10.11270179017782,715,0,0,0.1522,1,0.0
-0.13820044848538393,0.2660977641987697,9.826051104807755,0.5532585018762801,-3.344597706651191,2.9281127383097276,-0.08410580371097048,0.2611334019021911,9.808808526324146,716,0,0,0.1537,1,0.0
-0.24710988766235248,0.27914590590420996,9.82619009253219,3.124856389524155,-0.9678555348298044,-4.5310494742826215,-0.2298079730557691,0.24628962121052256,9.936482319871216,717,0,0,0.1537,1,0.0
-0.0752469332208217,-0.09139086687527216,10.460509909509652,-0.42878298588378827,1.4479037679135713,-4.536480304212551,-0.12998594916186734,-0.033298767098493276,10.387607554783829,718,0,0,0.1124,1,0.0
-0.3225652799865691,0.2438701201839002,9.608042461204787,-0.6023664810167779,-3.0298130952127043,2.731257863208586,-0.2776128018234274,0.21366477730202327,9.530122266893605,719,0,0,0.1537,1,0.0
-0.25798674341069694,-0.1127403435811484,9.68387482618158,-3.0547988305168037,-0.32415420748217705,1.2423896168508934,-0.14981009833590397,-0.1338616974108688,9.724925358888639,720,0,0,0.1537,1,0.0
0.07612111877442286,-0.1989798825623331,9.750375960829782,-3.100468785345697,-0.24680088788427249,-1.7391220996097032,0.14400791457648465,-0.1605451790999847,9.782394629507342,721,0,0,0.1537,1,0.0
-0.3047365719572394,-0.06634320160972468,9.88176259840334,3.4521561382671306,2.834157396869374,-2.9192974455305354,-0.3641777834194705,-0.04815600594820208,9.834299313558256,722,0,0,0.1537,1,0.0
0.3026753295889634,-0.35578901140007585,9.8671202829762,-7.879729433205759,2.0321717863528193,-2.0303019039062797,0.23875012593402872,-0.36432590779719737,9.808225835839671,723,0,0,0.1484,1,0.0
0.4921436178470681,0.5827059894255534,9.874624967515778,-4.606396916778387,0.6478945585405604,-0.5264379918838723,0.5552040050285625,0.5903106526365404,9.808676373842534,724,0,0,0.1532,1,0.0
0.16037933947982266,-0.29271103793544334,9.302274793458125,-2.5120020136891643,1.5644843826602048,-0.3927464723035359,0.09575328968615097,-0.28050862813413857,9.312211420635668,725,0,0,0.1473,1,0.0
0.1786507325842871,0.004386925827216115,9.743795332780087,-2.4521498774289294,-0.8681465544955445,-2.531479644504432,0.05943257886665829,0.004973609791190737,9.73071166246918,726,0,0,0.1537,1,0.0
0.15810177305602105,-0.1732972459931351,9.75751750529203,4.6134243761416736,-0.13980508438705508,-1.1072486700123099,0.1517827234661065,-0.2032258672109418,9.812182972713776,727,0,0,0.1537,1,0.0
-0.009740373290783002,0.02462113679782728,9.815955260488858,-0.47886292676970243,0.8430840523056706,-4.890072345061727,-0.02982475012406457,0.03797084268987101,9.7809602066542,728,0,0,0.1537,1,0.0
0.2776739437828172,-0.477459888220361,9.641375552307725,1.2260686333377597,2.863823133053243,0.8253095560899859,0.2651778764612098,-0.48413294099377036,9.600841503485546,729,0,0,0.1537,1,0.01
0.7873240838983585,0.4667729022981357,9.6968265204381,4.9679662062386605,-2.1244789358109193,0.7572793013809674,0.7369155486846448,0.3489444359595222,9.686031716685042,730,0,0,0.1531,1,0.02
-0.22673857090016847,0.1691381861918625,9.780778525888731,-0.501181295530296,2.81699243156345,-2.5156947662982,-0.19409283027046534,0.14160451796145768,9.69814742931093,731,0,0,0.1537,0,0.01
0.10058203131679655,0.08771210482682269,9.621184472855479,0.28405329245074645,-2.9083915369897233,-0.8483605492524675,0.08944267265003185,0.1460518222698775,9.58365659467309,732,0,0,0.1537,0,0.02
0.1660680050000193,-0.4849214721878058,9.663057780279441,3.016106790213866,1.2535367743746622,-0.7638726539871739,0.12388243500482361,-0.44202595596867433,9.767494341645321,733,0,0,0.1537,0,0.02
-0.08360078205075452,-0.30103786025133594,10.22014997584141,4.613694885493067,0.4808218119980644,0.250138153551678,-0.14548793696212103,-0.3530178345356121,10.23981909365463,734,0,0,0.1527,0,0.06
0.12130690315652581,0.3130463952958921,9.622586906111527,-2.1213338542903153,0.7523234438827338,2.052141920260514,0.1878707935952864,0.3007094080063615,9.55336835406294,735,0,0,0.1537,0,0.07
-0.017753962629408027,-0.2316447174770556,9.959113960783636,1.725704275846035,2.2907739862525043,-0.11360608224041086,0.017570655351396427,-0.2447286589781812,9.960254372458662,736,0,0,0.1537,0,0.1
0.4228483390912034,-0.2619195311298999,9.71525953680735,2.227869568002351,1.987707838102903,1.1618672020144856,0.3987368945992684,-0.27523200842680245,9.719060018507822,737,0,0,0.1537,0,0.12
-0.02537066364584933,-0.19789191660648855,9.754887870082083,-1.9605135437893288,-3.1715657100170436,-6.308599568406514,-0.05334381424042449,-0.23284585584470935,9.773077286046975,738,0,0,0.1537,0,0.15
0.084327281714389,-0.07906823131559536,9.849589945740192,0.6500573450435376,1.6542159947499069,2.211873441503672,0.11468146579228301,-0.06774536987670077,9.72347628618845,739,0,0,0.1537,0,0.17
0.40228347687864024,0.30099154299152064,9.837911803146824,-3.152623266837601,3.979419026448456,3.513710056534588,0.29146458988788854,0.21890979776194602,9.767961976372801,740,0,0,0.1537,0,0.17
0.36500793873532633,-0.5267719324549544,9.555336680467224,1.708784140175151,0.9106826301333523,-1.674371365885847,0.4310994645935601,-0.5367920192750311,9.602354760775487,741,0,0,0.1537,0,0.32
-0.305065042430124,0.27157237091775704,10.075808585031305,-8.87450069255524,1.4902730028118785,0.699694410942693,-0.3648072438266814,0.2191964773743081,10.142097590756487,742,0,0,0.1458,0,0.45
-0.3555581930250971,-0.172194110243293,9.714440107513301,-1.3537945258387156,1.6020471146323088,-0.5684394479702115,-0.3611174971869386,-0.21674359922161293,9.650244894746628,743,0,0,0.1537,0,0.49
0.4707971042210413,-0.6431131804520671,9.651350702018355,-0.043658381585934256,-2.0353914386528196,-0.3286666699165608,0.46888995847260245,-0.6616488678359717,9.656491648494164,744,0,0,0.1539,0,0.48
0.0875192261025534,-0.11845517829251251,9.785616245423983,-4.169957624581414,-2.374769917701455,4.523468266390367,0.0860099706299212,-0.04774509901612914,9.797373684495614,745,0,0,0.1537,0,0.35
-0.6419982023264981,0.13097179157448,9.69540214616137,-1.6407147887314464,-1.5582194018620448,-4.868607706553783,-0.5968719474105825,0.14200058053566553,9.742763839073683,746,0,0,0.1538,0,0.35
0.06247263364421565,0.3298621032774997,9.804473142785227,0.9906821750229249,-0.6337243779520497,-3.2221831877498044,-0.006026187404975278,0.37532522053124523,9.793629086117768,747,0,0,0.1537,0,0.16
-0.035249156167958956,0.5078752613816155,9.573143121852725,-1.7060061917412297,-0.7059902439914834,-0.49511228381159367,-0.015364125826662484,0.5475698852087147,9.579472675271232,748,0,0,0.1537,0,0.1607
-0.05753976476441221,-0.20192023231290232,9.854121889722467,2.018201087634907,0.2557135638016716,-3.7582435846709163,-0.004857685436717926,-0.1122570826164305,9.791703941502211,749,0,0,0.1537,0,0.0218
0.051816353917518994,-0.41178112925512106,9.91165313567734,2.0304513044993007,-2.640230316414734,5.645835613219938,0.0739063012925188,-0.32709825130538595,9.943136511243956,750,0,0,0.1537,0,0.0118
-0.3721259189884129,0.2705321351839976,9.684724104575873,2.444867298407197,2.257673660879556,-2.17468771951375,-0.4318228871107743,0.26506407610182037,9.711944899270767,751,0,0,0.1537,0,0.0218
0.35166851627871953,-0.09104328481504219,9.858705848422877,-1.2096293465691972,-4.247232051892442,1.919924803254352,0.32232381601921845,-0.08660990672144697,9.827663110608219,752,0,0,0.1537,0,0.0118
-0.30766353757006276,0.19310899109038948,10.006758833142948,-2.3349662887536637,4.649972338864501,-1.1862802557211423,-0.276066202766013,0.20140143637164767,10.05708856922723,753,0,0,0.1537,0,0.0082
0.8567608809083841,0.4281178554024928,9.95915925453286,1.8482623575281045,0.22236382632989873,-3.403983238735674,0.8633040377202166,0.43398502132176797,10.005067123155435,754,0,0,0.1527,0,0.0112
-0.0744629703158308,-0.0377415581278478,9.975769580171919,3.9766671442445656,-2.450393174752891,-3.442629033396523,-0.16641228034032574,-0.023021043457229814,9.92122371587456,755,0,0,0.1537,0,0.0111
-0.20761342539015318,0.2989492970937574,9.938882533075052,2.318770119995344,-0.6087416109557277,5.706261634838991,-0.1254382488781004,0.2867089283467205,9.916895355891551,756,0,0,0.1537,0,0.0111
-0.1311430808897384,0.44436669869219997,9.745751089966722,1.6849456956772246,1.9168768687547995,1.4477659687250255,0.02819959803819244,0.3942758713098903,9.730612524054822,757,0,0,0.1537,0,0.0221
0.5051264754424967,-0.13879934739296862,9.698848526665389,-3.138686076411985,-4.037653480302758,1.0593809707384856,0.565322207161417,-0.13826354724666687,9.726199312904013,758,0,0,0.1537,0,0.0121
-0.23659092395881817,0.24277271543756085,9.612891767777167,1.2015339929968207,5.160462168541482,1.772072687828383,-0.2667941760380569,0.1416665920431029,9.600327101060412,759,0,0,0.1537,0,0.0011
-0.3526359935262459,0.17754844811920908,9.681171983930849,-0.007607701301986737,-3.0188322493779625,-2.872940484676014,-0.3761219826081602,0.18508948859894958,9.682279641506655,760,0,0,0.1537,0,0.0213
-0.1774241491695775,0.23686561615933574,10.26307160041086,2.8816215438435746,-4.0863545727770685,-2.1382492142201084,-0.03294130766908174,0.21107657991587858,10.227903924385595,761,0,0,0.1527,0,0.0131
-0.10814657240464841,0.5066675428255397,9.613304238919225,0.3035079579475187,-0.6796002796439504,1.1641662420786572,-0.11932167307223074,0.4322234729314096,9.605679817731053,762,0,0,0.1537,0,0.0073
0.414806572195979,-0.4562475614325961,9.772319577444545,3.2403906959309925,1.0485641733149205,-2.66709563348392,0.3586107517366508,-0.483164525682466,9.661855615183391,763,0,0,0.1537,0,0.0171
-0.23894529018905217,-0.21279742292237597,9.667605524834803,-0.7218768097185655,-1.9754033319978819,0.9046569434331875,-0.28290249825005725,-0.23979462554205594,9.638359088240831,764,0,0,0.1537,0,0.0071
0.10793725563172453,0.16707847317562927,10.043904958731645,-2.6628926870567593,0.837749218482984,-2.251847250943608,0.11398060056185927,0.13796842301301598,10.029904287749794,765,0,0,0.1537,0,0.0277
0.05517436010512505,0.13323530677818263,10.136461663369204,3.34077462277953,0.7636041539179977,1.7112255749666936,0.0008387385100295103,0.10647739330201675,10.116643926742134,766,0,0,0.1537,0,0.0179
-0.10175906754789807,0.09739413923873473,9.681234056526119,-2.9853677108759467,-3.7187811720522816,2.8936480607519215,-0.11083253014049566,0.06648571765440091,9.694214418618474,767,0,0,0.1537,0,0.0319
-0.030515124857901765,0.19739817138564786,9.890807347802658,6.53315531526556,1.3200971843541538,-1.1660537018529964,-0.09341881914621707,0.23069865697591874,9.92545625729611,768,0,0,0.1529,0,0.0174
0.14711806930455507,0.03210576348534057,10.173032747924728,-1.8433027579482693,-4.3186796892658315,1.2647585592674409,0.2119193872607262,0.15485422552584815,10.16091403521476,769,0,0,0.1537,0,0.0328
0.11089215338152651,0.253856668596012,10.06378637591862,-3.3873335167849064,-1.7803289348750848,0.37067359583874565,0.09753825048991206,0.30207342605138343,10.062705006899666,770,0,0,0.1537,0,0.0288
0.03918622927573461,-0.36290803759805423,9.92850460240862,0.30464878620722,2.176910985438978,0.2317741852104615,-0.03161588451473465,-0.3059223474710118,9.89998821865828,771,0,0,0.1537,0,0.0337
-0.5520017856390916,0.2511872414827173,9.372214676260773,1.9086523954045163,-2.815927580096718,5.655723254832097,-0.5797325329285031,0.19378356269875707,9.45479830492754,772,0,0,0.1493,0,0.0194
0.06344363765010835,-0.00037215009775532344,10.05063435806437,-1.821397249005952,-2.3785841242251733,2.2178150701379957,0.041109047094894595,-0.044286529143857174,10.0469476600724,773,0,0,0.1537,0,0.0093
-0.4559889904891965,-0.5172338651268381,10.047744095526381,4.566675694819518,-0.8917900851850173,-3.6929199887005537,-0.5479540048046309,-0.5037126329402741,10.044834341518657,774,0,0,0.1537,0,0.0327
0.1568875933214426,0.3182226432983098,9.989218494152691,-0.5912930852231221,3.9959563810207888,2.665486743330494,0.059629221019361967,0.28447365286567117,9.95303286720009,775,0,0,0.1537,0,0.0127
0.31316211937702504,-0.34259124417470543,9.688382311504325,0.5571406885291144,-3.02960018674632,-0.3698911493684636,0.33469702649667427,-0.37641214221098407,9.713582076196586,776,0,0,0.1537,0,0.0228
0.05186284647826979,0.401485763925308,9.914519911770624,2.6665394614428903,2.6914673526709767,-0.4944331828225862,0.07542581784976785,0.3047496027450584,9.911452144248429,777,0,0,0.1537,0,0.0128
-0.06403293485126373,0.2658607363352117,9.959750223572978,-5.848925639085382,-2.618722316695157,1.4491106035463441,-0.0694682244515425,0.2939049804809074,9.954348538903862,778,0,0,0.1537,0,0.0128
-0.4159304899747262,-0.638137531919612,10.135005220818119,-3.191244595341118,-5.351967268240828,-3.518745857947697,-0.42827141519074663,-0.691020703197477,10.080456689044535,779,0,0,0.1501,0,0.0234
0.32043751752406047,-0.1761294424638589,10.095553340746532,-1.925044775929046,-1.7177982776564313,1.1062706856607099,0.38019030672031345,-0.2324057915429146,10.129637432645687,780,0,0,0.1537,0,0.0276
-0.47507442657547194,-0.10016195110402,9.770096482761943,-0.37429915703019834,-2.341439295189506,4.078344055344692,-0.5353104662972805,-0.21732166895466887,9.82549612217357,781,0,0,0.1537,0,0.0269
0.47509595065745636,0.13445346397129265,9.78092622982704,3.442958143238574,-3.5699880526754564,-5.4375776842313925,0.42911391075977856,0.16279781281141384,9.820613288405836,782,0,0,0.1537,0,0.0112
0.31033587051840905,0.1030534663566921,9.499734279008363,4.193781962792188,0.37870860174042786,-1.1104270103326506,0.29639419624097796,0.1293066390594777,9.528898684739024,783,0,0,0.1537,0,0.0112
0.2965092994840664,-0.1399303547515703,9.618602414292615,-0.18362178529287532,0.8192019292770258,0.49828880740116654,0.3387655327813758,-0.14220883699257747,9.660743195148875,784,0,0,0.1537,0,0.0131
0.0046289753543061855,0.1664550320819506,9.884834341441202,1.5166302711375401,2.255284800196665,-1.78556534519262,-0.061718018550041,0.12013638279464127,9.83601470294197,785,0,0,0.1537,0,0.0131
-0.4059616622339441,0.008334601504660472,9.719593022995774,1.5765084997586911,4.0657104610483525,2.0181881566723368,-0.46405068924011406,0.021341571902101744,9.691573497847918,786,0,0,0.1537,0,0.0031
-0.3242930973250851,0.3581594189614973,9.568845212788336,1.4445620307365967,-2.7328573183726004,-2.774245580086187,-0.3300791873499059,0.33975082549932784,9.52291258319645,787,0,0,0.1537,0,0.0031
-0.30886185795897536,-0.2792203606902098,10.034699094017917,2.4700782170281217,-0.6923548129165942,3.866079270980707,-0.2777887076757807,-0.3407967787064553,9.988293166882023,788,0,0,0.1537,0,0.0053
-0.7343431184896494,-0.3855697971672237,9.804754990842678,-0.36971105816384764,4.702499489786121,3.062594546184165,-0.6688473803651901,-0.37455920047456154,9.759779626393767,789,0,0,0.1534,0,0.0055
-0.4581195651990521,-0.13680493928680626,10.080757943215575,-5.0480209390500494,-2.994017719171987,2.2552940183597596,-0.4896483881242976,-0.18167275506006175,10.143942768888248,790,0,0,0.1537,0,0.0111
0.09555735967483757,-0.26106091772542794,9.659620137252404,-2.7249807777809942,0.4089515608487506,-4.775630939104685,0.04623570401409663,-0.323179431324271,9.601263230316825,791,0,0,0.1537,0,0.0111
-0.20578047271558111,0.14994592723568642,9.936782786563308,-0.49072319392204833,-1.8912787250572576,-2.778467564230364,-0.11109997494614404,0.1798181493552389,9.93641094184338,792,0,0,0.1537,0,0.0845
0.08330828073076965,-0.005163935989700291,9.69645167412411,0.8422575241909149,0.2545256837918384,0.48146845542990635,0.060657641905319665,0.04516352322722374,9.579559115757625,793,0,0,0.1537,0,0.0745
-0.401169176728226,-0.45739719961220593,9.737406135638262,-3.3462109920116427,-0.07756800562441132,5.35762736903527,-0.48505195981632254,-0.4763377596297478,9.689949021429458,794,0,0,0.1537,0,0.0601
-0.09362236178110793,0.6419592740294023,9.7994661920605,-0.8575268787444174,2.717928899870994,0.1944808091241757,-0.01266907086887202,0.7394170389529146,9.780781759676207,795,0,0,0.1438,0,0.0703
-0.45223987127670917,-0.09475136242124066,9.997503305009749,0.9633057138574044,-2.499929307477024,-0.6113249977763907,-0.44886184619697267,-0.1417313746795491,9.935575064067152,796,0,0,0.1537,0,0.0847
0.011880573021552883,-0.03570835878295042,10.293337354300796,3.264270480693731,-7.166231762910117,1.1107399115099097,-0.014087097857484597,-0.1529169937001802,10.21531501728551,797,0,0,0.1509,0,0.0012
-0.0756494643050202,-0.7025876357814638,9.944392964215032,-3.2453283790791496,4.462983478240284,0.5170708720484422,-0.04413888741822257,-0.7063878599064611,9.9235227824396,798,0,0,0.1521,0,0.0112
0.29839369626420653,-0.36484616971689504,10.103622156216288,8.243954295894259,2.630185245041316,-2.2430441596649473,0.2864113715188386,-0.3691517590698711,10.142126404107378,799,0,0,0.1284,0,0.0212
-0.20229042318200743,0.09143529299071762,9.90300946126326,0.3542655872530561,-2.8162760313074218,-0.47407558165166425,-0.21484374491220173,0.09842552694302147,9.906201026450262,800,0,0,0.1537,0,0.0212
0.4027946364928193,0.21327702350759117,9.631956653353386,2.251682009839363,-0.4129225727925851,0.5512184000482253,0.40649385236052793,0.16725956964642477,9.575987376405614,801,0,0,0.1537,0,0.0212
-0.1035727695245057,-0.14231939738747873,9.866039997548832,0.2632158677763737,-0.010072469282139632,-5.856920073155912,-0.12321825153205916,-0.12692642187055603,9.79762907345767,802,0,0,0.1537,0,0.0212
0.1039114244465021,-0.159296247236966,9.81609916719487,-2.478178270998772,-0.9888234007388177,-0.6701535652603899,0.09561720133989642,-0.2666397758441799,9.860204337075267,803,0,0,0.1537,0,0.0112
0.0014009439397563884,0.30765697737266273,9.928407589052611,4.018274286553801,0.19512324859417005,-4.817678292838164,-0.010159934189569739,0.382210637169226,9.939214367179519,804,0,0,0.1537,0,0.0118
-0.298937984563249,0.42371097089455545,9.84236624456038,-1.7591959304152036,1.9974308658095143,-1.992289068376376,-0.3804176581109382,0.4834817865458959,9.774551546673836,805,0,0,0.1537,0,0.0118
-0.3213666037941449,-0.08025826606897925,9.883321337268427,2.916736719366364,1.6227521510292475,-0.23213642455839278,-0.35012249264346473,-0.11969308072836499,9.817073499978813,806,0,0,0.1537,0,0.0124
0.21010870826912414,0.15411314713514304,9.651190227323054,2.6252281120862646,-3.7516530933399737,3.255202666125912,0.16792784984202636,0.11078539235526536,9.62475072052295,807,0,0,0.1537,0,0.0124
-0.011796621329310452,-0.4216092306058309,9.757772098716117,0.6851299303925751,4.26351340792946,3.7118630244333044,-0.07366668581674671,-0.4231264006327635,9.64023442811319,808,0,0,0.1537,0,0.0027
-0.004524075719886341,-0.22434274846944963,9.777917897366208,-2.3087289718314397,-4.740408102064458,4.948097922456539,-0.03161388377800056,-0.24118944575627974,9.7885543861988,809,0,0,0.1537,0,0.0028
-0.2906487217184661,0.04416105503676386,9.941629126512325,6.6691063304543565,0.09847042469086671,-3.8331850393632814,-0.2596083753702776,-0.07549029465494773,9.982357259158762,810,0,0,0.1524,0,0.0133
-0.3717140689296916,0.34301302961932045,9.795782614229092,1.7602272050321872,0.1729431847431723,0.07405806418338903,-0.35784648485940956,0.42697752977847103,9.794784392323177,811,0,0,0.1537,0,0.0128
-0.1716414210345586,0.11501442239075063,9.728182377163954,-0.441929226816963,-3.341952812291602,1.9203027453177748,-0.16000717443928827,0.04585007979722831,9.751145982417079,812,0,0,0.1537,0,0.0133
0.41521367748920673,-0.5968640052902279,9.658043798747377,-2.182714896154746,0.06473119688548876,1.3900179698254806,0.44470143428341075,-0.6200669273795196,9.678228096427722,813,0,0,0.1505,0,0.0133
-0.6638076351240935,0.19552673955219532,9.825366695599941,0.23684103416125046,-0.8815907857064547,0.20821689169266944,-0.6464107678371166,0.14699430849470102,9.84638780186566,814,0,0,0.1534,0,0.0318
-0.39015731208847576,0.3393148077592282,9.572010898522313,-1.705460504024133,-0.10080345058861159,4.702498057730333,-0.398660277220461,0.36202803253906235,9.546768505582236,815,0,0,0.1537,0,0.0018
0.10338320678292112,-0.06160685022309108,9.878201740301295,-6.3020963489180115,-0.9332084362157513,0.7412822315814628,0.15360485882338099,-0.03789301557830696,9.883581441650106,816,0,0,0.1537,0,0.0117
0.3021185929828449,0.36003007692129196,10.247402559345336,2.8449915837292448,1.0072651699187274,-2.779318804669605,0.33222073722324463,0.3840050707676633,10.16297548421038,817,0,0,0.1522,0,0.0217
0.08714048687356037,0.020747699128607317,9.833939725254046,-0.019571407032058227,0.7617395457034881,-0.23145416766499766,0.14437829073390915,0.045354768860253386,9.876478089838058,818,0,0,0.1537,0,0.0117
-0.38806692853667807,0.310331032300527,9.481709340622972,1.3912688650545055,-2.668978586829944,-4.336327403459987,-0.4058995056944301,0.2451762343479166,9.499831737128728,819,0,0,0.1537,0,0.0117
0.23836208115134597,0.1333229558819613,9.719824279515128,-1.3953613568857033,-0.10608725124697183,-3.2302296507180874,0.2514601174165424,0.13364007508062944,9.710215901689699,820,0,0,0.1537,0,0.0117
0.3294061014167812,-0.2229422906780894,9.809113037971859,4.370575310287958,-1.597436139789381,2.1309851792802075,0.3483485775281371,-0.18385697639698156,9.821093415798213,821,0,0,0.1537,0,0.0017
0.5607867770251994,-0.1900179528674685,9.873701699319588,2.162789614548681,-2.4841516372470096,-0.5009274921041013,0.5359494945441408,-0.22066557909367,9.83830966814217,822,0,0,0.1536,0,0.0017
0.38355360814137085,0.03451856185086274,9.934913825069986,-1.2371091191615087,-0.8996409263054337,5.388869461361223,0.38197459743000234,0.05703906611772541,9.94481741180688,823,0,0,0.1537,0,0.0017
0.09315156146270893,0.19965583231203163,9.748016825840734,-3.6376595453824705,2.6822900528562235,-3.3794381213988895,0.06659678172888966,0.2227636079564056,9.782724076491975,824,0,0,0.1537,0,0.0027
0.27919965458487933,-0.5573367509129226,9.95213868741239,5.103552467163093,-0.1884606286415067,1.1875157746718321,0.21853488511525046,-0.5291827338439535,9.959595802458367,825,0,0,0.1537,0,0.0017
0.3780691563148008,0.11042077677505836,9.797843723449644,0.09802170258467635,-6.088597128680127,0.024651398526402135,0.37020666651090384,0.16146772750411587,9.816620500966916,826,0,0,0.1537,0,0.0017
0.2433857543674638,0.3691842849689216,9.69303202980091,5.864295421357139,-2.5188564850976696,0.005399969574668461,0.22591260918752304,0.33468385817324825,9.620113921455882,827,0,0,0.1537,0,0.0017
0.36121788609783306,0.12401664866924197,9.835924583549088,-0.8988851383853311,6.323625682411313,1.4201139010386954,0.38636853332762744,0.12509670800512715,9.806745384939754,828,0,0,0.1537,0,0.0017
-0.11628942443442286,0.7353042373046278,9.814598075353741,-6.565122178844346,0.5952578896005131,-1.5143909369806878,-0.1733648209742471,0.7132979731385571,9.88184742393932,829,0,0,0.1524,0,0.0076
-0.2002513537692167,-0.42906260866973406,9.845060497934707,-2.077791411153066,-4.738754346089453,0.33957511938897833,-0.2146508974973764,-0.47668126419340706,9.856565935900084,830,0,0,0.1537,0,0.0076
0.2298864232712619,-0.4063492814858282,9.879271505552778,-0.9075194589354851,-2.15632126941459,-3.7317811935581737,0.23980415704004068,-0.4260949728692843,9.940783602385508,831,0,0,0.1537,0,0.0076
0.07195626247188576,0.18846267515477233,9.424475752623657,-4.73277419620771,-1.2163623803037968,-1.854743875515535,0.08958174726462755,0.3195131675721077,9.358602231793705,832,0,0,0.1462,0,0.0076
-0.3402329367465176,-0.233015567019776,9.531023523796417,4.5328239039466895,2.2220859577454997,-0.4877826114071847,-0.3529657808431465,-0.22211551316007036,9.477962505955409,833,0,0,0.1537,0,0.003
-0.13009771703502898,-0.1744025665398168,9.913904524879666,1.065394449484675,2.124700944153239,-2.17216309441141,-0.18339169066437078,-0.2392587118520706,9.937958343838808,834,0,0,0.1537,0,0.0031
0.2649574992215011,-0.5319716615321567,9.892298490426127,-0.5781543050919934,-7.175309716780772,-4.7334553875082195,0.30782363726193623,-0.49184148264805455,9.84704075277459,835,0,0,0.1536,0,0.0017
-0.029674489468441326,0.2530369195240875,9.824751053865729,-0.5889543295677474,3.5017016827294203,1.782859492590302,-0.0791723342202949,0.32393923155678395,9.841535245748108,836,0,0,0.1537,0,0.0017
-0.5097269959643629,0.07992905422520742,9.757627368812981,-1.2069359590692645,2.230396784764509,-4.864693311801843,-0.4634612975439218,0.13531309263315838,9.779160421388164,837,0,0,0.1537,0,0.0032
-0.39887135808116936,-0.4006650480698016,9.959251334243337,-1.596533455271155,4.0890726289321115,0.19997604469147554,-0.37200241845406307,-0.47323703342955037,9.924874442736769,838,0,0,0.1537,0,0.0028
-0.3117929462022694,-0.1519996728894525,9.353090872797472,4.691796921206614,-2.4654744982347387,-2.873993245373411,-0.31985837823805585,-0.22263389183230228,9.48081341515615,839,0,0,0.1447,0,0.0018
0.10600540966134565,0.1545167035817861,9.991945457799963,-1.7150580994433293,1.8833723116718217,0.5708617855506899,0.09316131184997371,0.12488666179322036,9.961467403682239,840,0,0,0.1537,0,0.0132
-0.25625874830782674,-0.03761459161064745,10.02628333278468,-1.754658039585279,4.040912774656698,-1.9683365183059611,-0.27848994503249097,0.07994044985908712,10.076319510657694,841,0,0,0.1537,0,0.0034
-0.10430757168554154,-0.41585373055195557,9.71306043262706,-1.110766875704583,-1.1163571981923777,0.8209036566683563,-0.12627452271486722,-0.4610928615530937,9.716564436311295,842,0,0,0.1537,0,0.0034
0.170664594095215,-0.21636430446353658,9.750380860371214,-0.03579645342990788,4.3080364813677665,1.9469903383446732,0.2033907988216207,-0.32207209596279796,9.635238754732645,843,0,0,0.1537,0,0.0034
0.18851606241445198,0.7868435578675242,9.604260487814294,-2.986586812051994,-1.5386085190051606,-3.810244158151033,0.20239529531113737,0.8511071954691758,9.596458176649456,844,0,0,0.1116,0,0.0041
0.2939815800939446,-0.4369619202243878,9.770684762937043,-1.3489642202635093,-0.736611861552448,1.6073098538444186,0.25879777169412455,-0.48603026658641385,9.652582998661927,845,0,0,0.1537,0,0.0036
-0.1521459825470196,0.07619648308282224,9.364840350312228,2.8048823579906177,3.1804642820699947,-1.1842344582463864,-0.09452444992170078,0.08243659117970649,9.458273913070874,846,0,0,0.1511,0,0.0108
0.3110397828617501,0.15598751393013524,9.683653586389239,-1.773999488130064,-1.1389528884588815,2.081962306122353,0.3489885468221495,0.15598906007334556,9.723540725680213,847,0,0,0.1537,0,0.0112
0.11625226711642409,0.2702229496363591,9.635947123010109,9.292266748689721,-0.7434843209160333,4.403297203734703,0.02681173674630652,0.19308090109530585,9.619183356690455,848,0,0,0.1215,0,0.0285
-0.25956995727269644,-0.7968633553363533,9.573012134980067,1.9722708696802127,3.9366595607941095,2.9547839227206154,-0.2959924532851757,-0.7768334093353664,9.58576991753462,849,0,0,0.1499,0,0.0143
0.3196341658755277,-0.25953842743172456,10.18661116777486,-1.3855495834486038,0.692365583998917,-0.7010710327298156,0.34261689316827515,-0.3257153873164369,10.209815456832594,850,0,0,0.1526,0,0.0201
-0.2491229632829969,0.2351078319541603,10.116370529928043,-1.4749887895158769,-0.424377653551182,-4.1401221536304025,-0.2802945240291668,0.3475148161368138,10.140503931533498,851,0,0,0.1537,0,0.0204
0.18041883815329973,0.4668276123640035,9.991739622709783,-0.9544157475939135,4.277818263476097,-0.4905147999095042,0.13106402054042154,0.479672738806793,9.96333515492796,852,0,0,0.1537,0,0.0104
-0.20956130844120252,-0.40440968287933937,9.58541248604542,-1.4926092754832956,0.029657977851163517,-3.8647491862672574,-0.18887299624310053,-0.4502897429682232,9.62730988055275,853,0,0,0.1537,0,0.0097
0.3407992577102295,0.23736966256236242,9.799510190655598,2.399930946593905,3.17008511603014,-1.8836318714862128,0.3362806372671818,0.28394945632055724,9.84952250276097,854,0,0,0.1537,0,0.0194
0.09488003137616434,-0.12575458604085618,9.827572005481013,0.7076176047111693,1.4871018107135683,-4.290843527377168,0.09639232879520893,-0.10975308859394793,9.857332711042234,855,0,0,0.1537,0,0.0462
0.4081602735437772,0.28064915523036343,9.79225931811301,-0.004616916263812875,4.057272266045835,3.35643178180572,0.47346492144277635,0.25711888089577933,9.772075227873456,856,0,0,0.1537,0,0.0178
0.11867506667802462,-0.016147797835331913,10.097728902452262,2.642977936828805,-1.8376744800791083,-1.558283759159532,0.08647876708746219,-0.015545245299408532,10.075111368006947,857,0,0,0.1537,0,0.0253
0.12857986910111677,-0.09667446318638787,10.143720597797584,-0.695523352387274,4.042382508662085,-1.225434010491214,0.11582278159998614,-0.11769334626843142,10.157895352086822,858,0,0,0.1537,0,0.0199
0.19383659801716846,-0.30531185737786554,9.886545440137361,5.899006127147183,0.6612630139478455,-1.8518341661866884,0.24511551144893726,-0.3890398687359497,9.886733343931061,859,0,0,0.1537,0,0.0381
0.6513306438332415,-0.44586685293501566,10.020804891351771,-9.030596195671746,-0.49513103087401567,-1.9250864793248428,0.5800280453397528,-0.4364361305553167,10.087975261540903,860,0,0,0.1459,0,0.0294
0.08001663418161743,0.13180865638079142,9.703618407118103,0.9164450686238763,3.158273009380097,1.4295683041532237,0.08411258976618842,0.2296219666051944,9.775823508450355,861,0,0,0.1537,0,0.0294
-0.5197725615662334,-0.023424047062617418,9.90327328154892,-1.0688674260630862,1.7942744510803386,-1.8698093593853646,-0.5022995055338709,-0.035366883349735354,9.878142195287456,862,0,0,0.1537,0,0.0294
-0.11859221044902163,-0.022159171616692525,9.61613092242693,-1.0881708376773032,0.08970976071420844,-3.901644445436071,-0.12204824484798472,0.04096733865911953,9.585191504666708,863,0,0,0.1537,0,0.0381
0.4407207607675225,0.1452846992902423,9.929582105940192,-0.44058237248744536,-0.26139679023351864,-2.7083173230885964,0.4270840857437999,0.22097974890045044,9.871936998726943,864,0,0,0.1537,0,0.0404
-0.253789233218248,-0.27835581243024726,9.909177182455688,2.364168453921656,4.7636544305788355,-0.9438802422450601,-0.21894328908621036,-0.2529956736901473,9.91754465204588,865,0,0,0.1537,0,0.0208
0.28076475181717475,0.449044262863159,9.76333654464431,3.529580095771683,-3.2753723146412175,0.16431083296217563,0.2680019587727191,0.4390484156268658,9.78171301195351,866,0,0,0.1537,0,0.0306
-0.33592460309233213,-0.10406407059957602,9.614998897209997,0.07460166690593621,1.0530459265347418,-2.6921910768776707,-0.364448985045861,-0.07201838014522643,9.63146435154835,867,0,0,0.1537,0,0.0022
0.044272961615066046,0.0005414344728891282,9.675447362448347,2.6984027996030324,-2.010763341925749,1.2630326185999032,0.10911579418841119,-0.07254002061341604,9.74563721230403,868,0,0,0.1537,0,0.0011
-0.4188607294959524,-0.07720110340911841,9.963408347208215,-7.28629299147536,-2.5359505649578935,-1.815854562103739,-0.4098123896811248,-0.03074923886179516,9.995889271719465,869,0,0,0.152,0,0.0013
0.15377747910343864,-0.18453141774350343,9.89904875830155,3.234994820632525,-0.5754842360093574,0.26909185380420136,0.16351660402032023,-0.1356961829192064,9.849342335282556,870,0,0,0.1537,0,0.0022
0.09577180845749661,-0.15099469863745263,9.940415129944117,2.612139124190123,-1.6290659280884596,-2.6143157954832206,0.08871102159814948,-0.14796058821601024,10.006878557030717,871,0,0,0.1537,0,0.0011
0.07673414024972659,-0.21613859967932494,9.85819920612343,-2.4776480495810143,-2.8006539382188915,1.6326694208590475,0.11799531884646745,-0.27534548425079186,9.872185553906615,872,0,0,0.1537,0,0.001
0.11522606462197092,-0.23366290877668225,9.926438134598925,-5.874904167727208,-2.7550551693769463,0.39357417696472397,0.13925306053188047,-0.23363900883372113,9.900152713252387,873,0,0,0.1537,0,0.0022
-0.07317710849478445,-0.20394523180337298,9.648895117458926,-0.2994850706645837,3.82995102532234,3.809651484525488,-0.05771323248624832,-0.2087643654532422,9.63749606317618,874,0,0,0.1537,0,0.0024
-0.4228914701672283,0.19860320115014204,10.247354182523585,-2.339749808572522,4.190480229140227,1.9905345847468419,-0.45890455485546877,0.19261090532492292,10.187295297114586,875,0,0,0.1518,0,0.0109
0.3472557094881068,0.6125817012703939,9.964144031010157,-3.98045948496275,-7.099573722095812,-2.5100191132722887,0.3022229582577746,0.5698700386498601,9.899349394175939,876,0,0,0.1534,0,0.0122
0.23123454549659483,-0.6237046026896962,9.955412898152215,-0.7033717648432201,1.6183540376256158,0.12952854196174993,0.21307971779394863,-0.7144388371748212,10.028119501840933,877,0,0,0.1469,0,0.0123
-0.18285376286627306,0.1379507210085713,9.942259234990726,-2.4447770939152744,5.045224039046104,0.07532350649587087,-0.282115116681635,0.08531316982818919,9.925850713148142,878,0,0,0.1537,0,0.0214
0.20977233620998745,0.025014585337687904,9.922726534784573,-2.7148041242164425,1.8840453919719755,-0.5245387600343372,0.21301905866478957,-0.022851070388575305,9.965875517600034,879,0,0,0.1537,0,0.0214
-0.13640467009616855,0.26790987770257435,9.843445900426612,2.341253436536179,4.725385410451439,-1.1752152091159684,-0.19794493527297075,0.26764067222034893,9.83387969040115,880,0,0,0.1537,0,0.032
-0.35559034693308106,-0.21491656164704112,9.794679480385328,1.6994844020601039,-4.066503620778355,3.4210808922786597,-0.3744980071639687,-0.1739811789547479,9.92865188665021,881,0,0,0.1537,0,0.022
0.11337967272287713,0.3032875695785512,10.072197547240508,-5.724215648705845,-3.0471152810056914,-0.43628679603325926,0.14764410439999875,0.32826895156581604,10.095639330200395,882,0,0,0.1537,0,0.0221
0.1903808142259764,0.15754733507121718,9.729303043527754,-1.8615349950568003,3.6380851167906987,5.079879105673671,0.1806798179819791,0.13604350774083115,9.639346096734819,883,0,0,0.1537,0,0.0326
-0.06390687395559322,-0.5667199162864235,9.528444355478362,3.1227558963504887,-3.2067894667647185,-1.1047797443423875,-0.1958702035995597,-0.5600944041943752,9.490377357522103,884,0,0,0.1536,0,0.0119
-0.11097022950444568,0.188579211750828,9.461238056146694,1.1565298437290004,2.3357240119977867,1.269990802896047,-0.026588371167863792,0.15616502707707441,9.440703724456151,885,0,0,0.1534,0,0.0282
-0.04893509807750039,-0.7806967800748265,9.612702550346611,-1.3209853484128289,0.2495422546521311,1.3773074947617392,0.020494763444218064,-0.7989717961961653,9.656932669449548,886,0,0,0.1494,0,0.0423
0.6498028935450215,0.34703162740448273,9.968809362466338,-2.5180217872692374,0.6769985993776135,-2.3668297110339274,0.690343856751422,0.32033308627053303,9.909969418967698,887,0,0,0.1537,0,0.0493
-0.0486760162389206,0.537174880469595,9.870439676997245,-0.6252768169942895,-1.5037319132675822,-3.908212564050391,-0.014383211548235172,0.6314007006291711,9.940142723426918,888,0,0,0.1532,0,0.0593
-0.5970584987949417,-0.015061644039769244,9.567696034165373,-2.250863759254723,-2.7475313680311793,-4.129574620977847,-0.600451561047739,0.022338947167911384,9.577315420038023,889,0,0,0.1537,0,0.0411
0.2046811053585032,0.010670743702101358,10.053249268273856,-0.9446146977100869,1.6690036209425227,1.4582403998227003,0.16704663298135736,0.09791770060866484,10.031786286046005,890,0,0,0.1537,0,0.0409
-0.3403545579040173,-0.34942194467897225,9.959697144577182,-2.0779551330708346,-4.713259080077128,-2.077783801946347,-0.2812332533288966,-0.32329615636796066,9.909516442545614,891,0,0,0.1537,0,0.0409
0.48717737656895244,0.20983426130604052,9.676579740301422,-0.09387313342290432,-0.4880996944252963,0.6486202025131099,0.458632935165261,0.21767775172150533,9.747483615107978,892,0,0,0.1537,0,0.0409
-0.12262983248641397,0.36155805078959447,10.157345711734418,5.300256267631014,-3.113705995452422,1.985172422946557,-0.2175568638396146,0.3502791932926288,10.211610549884524,893,0,0,0.1526,0,0.0318
-0.17722909068335457,0.058701061712482155,9.53549932262128,-3.1365692683005992,-2.591272948869,-4.595062968859345,-0.14924872238848474,0.031218771005828854,9.617701593556294,894,0,0,0.1537,0,0.0109
0.15562199856434203,0.32519522631486236,10.255614241114683,0.7316791764240433,-1.9956146960517929,-3.979577875930599,0.11532566505656665,0.28263493694897585,10.259488054180895,895,0,0,0.1514,0,0.0031
0.04896806693899386,-0.19507800598792133,9.744510633407309,-4.156347053321379,-1.6059855126459608,2.4689516076327265,0.10137315465626437,-0.1981977056445844,9.675972747954093,896,0,0,0.1537,0,0.0029
-0.16614639174493703,0.20661928473712757,9.872419503849422,-3.9797729651931615,-0.28232833775191446,3.9559475563383923,-0.12193932703511398,0.26444104187289563,9.93154201783325,897,0,0,0.1537,0,0.0029
-0.15263700286524387,-0.3628555843971782,9.547370253128294,3.0571083286289236,0.6418913074353693,-2.2018957113681945,-0.08407890703656486,-0.3347266019528961,9.53675195600603,898,0,0,0.1537,0,0.0125
-0.29025863660007695,-0.08130096197516026,9.920665816633397,-2.58455245102561,-1.4458809090983058,-4.177522152094313,-0.2251597531792222,-0.058163025029742854,9.847988024454743,899,0,0,0.1537,0,0.0021
-0.15277361814628984,0.08263345118499922,9.78368527202476,3.5769364429245973,-0.5916993095310971,-2.3300780522585494,-0.16441146226464937,0.0038173971488298375,9.702457318685006,900,0,0,0.1537,0,0.0021
-0.6451753164205888,0.11602909449993644,9.678391042621557,-0.3164335843056199,0.44415737699206204,-3.081321192210891,-0.6158720813829474,0.16829428334935548,9.76539060451997,901,0,0,0.1538,0,0.0014
-0.18990714716941334,0.07904551031249984,9.648880669290818,-3.9485164913442463,1.315708849218999,-4.425479716961831,-0.22093495416358178,0.0885848126967057,9.571468102916162,902,0,0,0.1537,0,0.0011
-0.31966052449916327,-0.15323571155532792,9.692570252879698,-1.5725073560755902,3.60618685477428,2.482548153221264,-0.2987642157403028,-0.08967694443645645,9.699531386373785,903,0,0,0.1537,0,0.0007
0.005201017487007966,-0.01576665633923524,9.848658492811376,1.3044559691704096,-0.15337318620119653,-1.4151373821289275,-0.031167800858551684,-0.06029040942304903,9.807930758440074,904,0,0,0.1537,0,0.001
-0.03910959426638727,0.4742860970618681,9.62599505208627,-2.066715459127507,-2.8276376306743884,-0.5409343265040398,0.0268866015654335,0.5315117229107235,9.586664563068668,905,0,0,0.1537,0,0.0022
-0.26389737483558695,-0.1858912510002962,9.730766520109018,-3.9674730711894406,-1.6136417665896765,-0.6737469877728558,-0.2756896222936661,-0.15665606991052358,9.676993856324495,906,0,0,0.1537,0,0.0006
0.1955147563608297,0.49463103071679826,9.9449443593855,-7.269992051937519,-2.1974699271843376,0.5277873054217084,0.16200760490196547,0.44778256214889434,9.89227227170224,907,0,0,0.1516,0,0.0015
-0.059348196801032614,-0.052697795387274864,9.630017255943814,3.524910422158195,-3.92011269056965,9.205354941644483,-0.02347856080361825,-0.14581498890818168,9.713271054141352,908,0,0,0.1498,0,0.0108
-0.03614451056129045,0.0463431487080511,9.89224039203302,-0.2539878291858433,4.3014176289831205,0.09355913434611396,-0.07529782103806201,0.036042570882413104,9.897215723973728,909,0,0,0.1537,0,0.0004
-0.20494549728852643,0.07396095564597342,9.514560497212871,2.5007545701837035,-1.790418821951608,-0.5749059630478254,-0.17747163614121525,0.115574648981431,9.490699762264027,910,0,0,0.1537,0,0.0208
0.49034065157034745,-0.09231432432892843,9.776827601786943,-2.235525902757098,-3.2150484306110583,-2.711615038738664,0.39244510039762154,-0.17157635488796158,9.951251019844005,911,0,0,0.1537,0,0.0107
-0.017413814557074764,-0.15118293056488438,9.736108005077226,-1.7179922067429383,-3.139462049740996,-1.3951323562597824,-0.025020907539274658,-0.1965985559514434,9.665413244233621,912,0,0,0.1537,0,0.0107
0.39344554860510406,0.20589212088403838,9.927782065812417,-2.493476451483052,-0.9530699696991696,0.19899895095393078,0.34773190698739836,0.1289752317869718,9.926791379676102,913,0,0,0.1537,0,0.0113
-0.19102331122150276,-0.0379082529829634,9.516094307611331,4.0874746562205475,-1.4311214529636958,-0.7072092451059787,-0.19605511235832676,-0.09180455712314986,9.457071381358583,914,0,0,0.1537,0,0.0118
0.15453797463929708,0.017358715492016646,9.760211349331687,2.403256099818835,-3.8849927832083013,1.8881367003087468,0.23540623537951805,0.036515887371174845,9.789899928004631,915,0,0,0.1537,0,0.0306
0.5381107600234458,0.2114903465789309,9.807376463374665,-2.4521731102047726,-4.590055685676921,-1.2092812104187396,0.49095661395367435,0.2123581822791852,9.882729302596191,916,0,0,0.1537,0,0.0206
0.4366122093048281,0.04248480808833386,9.612257883313715,0.10591648524282236,3.6213212145150067,-5.422506634863984,0.4571666388151075,0.009886319017108541,9.525637396398022,917,0,0,0.1537,0,0.0389
0.21553072477672267,0.20344759337729476,9.963981950508686,-1.2710061998398543,-0.35476627117718906,-1.1911562027875413,0.2570126632376229,0.2105376713589496,9.991092126815632,918,0,0,0.1537,0,0.0004
-0.3895679135307237,0.4944844919786795,10.151353525913029,-1.6739303502789737,1.470169556646162,3.943717028531728,-0.3632086442684963,0.6267012109407782,10.141676443159117,919,0,0,0.1518,0,0.0112
0.16628569938799043,-0.5462680754436054,9.488121776412466,5.369893519284396,-2.8821703565811405,1.4209688799262021,0.1644377460855717,-0.5542823638810046,9.47523777787227,920,0,0,0.1537,0,0.011
0.36006842061070005,0.2941368681728096,9.604226233822246,-7.004784202872241,-1.4080764511760766,0.21563339783435273,0.38232349151526224,0.25258626305801146,9.609648159099635,921,0,0,0.1537,0,0.0104
0.3318949495435827,0.1930025195617961,9.930257454259468,3.2126178912157526,-3.284806901126941,-5.939575685788628,0.3511466798574069,0.20860584706870067,9.864140908272597,922,0,0,0.1537,0,0.0004
0.05587301953045662,0.35872896730274967,9.55238184998491,-4.270838455739372,-3.79810236655234,0.28347960941137595,0.03545905700804969,0.29896823278298335,9.57012070178899,923,0,0,0.1537,0,0.0004
-0.0728294916272402,-0.08959349920804416,9.86182007155732,4.969889275764657,-0.5407947526928443,0.5026080663445852,-0.026866179510978624,-0.16535093222964292,9.831323955555582,924,0,0,0.1537,0,0.0004
-0.016232362183376033,-0.08194930852528731,9.845467844587427,1.2040496753746597,-4.172145511241766,-1.2133572227207812,-0.047937729237486584,-0.06496486664834344,9.812410526506456,925,0,0,0.1537,0,0.0111
-0.4288200390816199,0.1331489119798268,9.687623870994964,-0.5018702864500904,5.547859182584467,-3.6633064903627135,-0.4162362572913955,0.2097902090774111,9.647434634119177,926,0,0,0.1537,0,0.0011
-0.43695560597707084,-0.1144607856853804,9.721370145568645,1.2478196158850567,0.5313164672963901,-8.701330556484102,-0.37097328145546193,-0.10799670018056863,9.706048016283502,927,0,0,0.1497,0,0.0009
-0.10407458087045697,0.09246887592911941,9.58794672464952,1.204090925761212,2.153076481674373,-0.7114831639952214,-0.06209783777760676,0.043111713824870355,9.604939780805482,928,0,0,0.1537,0,0.0009
-0.4374410129839749,0.6331103798959438,9.906064565248894,5.293234328915134,5.839204955689003,-0.6508758823553742,-0.4359721381554193,0.678392856243706,9.951509973539512,929,0,0,0.1531,0,0.0116
-0.10499181129071403,-0.2249362683155228,9.836698487620598,-2.103299421551622,-0.540211166360794,2.439703923360061,-0.13526971239698815,-0.1963591041412795,9.843280668071598,930,0,0,0.1537,0,0.0116
0.024442011464640027,-0.28445925670471206,9.515096136964916,-1.469056793436801,1.9539070552826208,3.449213139823928,-0.029999420833968747,-0.3308100373123049,9.519349153809706,931,0,0,0.1537,0,0.0116
0.05538463472881984,-0.5756590880307566,9.94719346544212,1.2848091751857733,-3.063728888133852,-1.3197056566801844,0.0728275038642762,-0.6084086391276053,9.841040635423873,932,0,0,0.1536,0,0.0018
0.27749436252417553,0.40741128882015076,9.832892603139364,4.359716659884509,-0.5049998683789891,3.1594638989324313,0.2817744518827757,0.3564882265926511,9.851504507320898,933,0,0,0.1537,0,0.0017
-0.29238793725391204,0.320598332550827,10.111500873670758,-4.003134195812443,0.9140885786085957,-2.9828643798133725,-0.2905848303253768,0.4035537281013363,10.078607487722005,934,0,0,0.1537,0,0.0022
0.1790953912690176,0.27980837362856964,9.765781379154326,3.3165723684929276,0.650408670040131,0.277160584316801,0.09417503624862049,0.2512460383045418,9.845462275840067,935,0,0,0.1537,0,0.0116
-0.15318592628903105,-0.0034315132773090813,10.208877445246019,2.985615376815231,0.7182421488050048,0.2248676490013209,-0.2254797543886357,-0.023943988442306656,10.238715509852561,936,0,0,0.1527,0,0.0113
-0.30080377557460575,-0.03246757443088052,10.016767132478776,-1.5769552166264744,-4.734534634260539,0.6551001377501999,-0.2123429354771199,-0.05611011141919977,10.040603739748148,937,0,0,0.1537,0,0.0008
0.3723707940789334,-0.7142366703797596,9.803264658341488,-0.5962326831024172,1.9433915216864979,-3.518163593775851,0.45304035581995383,-0.7107950179690946,9.796998561744761,938,0,0,0.1541,0,0.0013
-0.1008126215345276,-0.47060238187276515,10.118714364898011,-1.802949871598543,2.9739493923742213,-3.2412177234955273,-0.07971913233299024,-0.4777459131665185,10.18426021301161,939,0,0,0.1533,0,0.002
0.36228020742677564,0.31258435865406126,9.668282051550932,-2.9573387489096206,-0.4539447839080315,0.6788547007508343,0.3206414227740521,0.32407790164156924,9.722213425660057,940,0,0,0.1537,0,0.012
-0.07060914214756253,-0.043713064331785234,9.999856744469483,-0.9835529230326516,5.610427966298933,1.0482485602345,-0.010131619142056653,-0.07491971569062905,10.006397246924244,941,0,0,0.1537,0,0.004
0.4063812457254895,-0.024001476961462924,9.551185909843664,1.2411059554127672,-1.3096754902922907,1.9908142774677269,0.37246034636705144,0.002813082232839041,9.625379902168813,942,0,0,0.1537,0,0.0013
-0.3384067212355287,0.0008488380750931864,9.74497190325838,1.676770558913526,0.26282126411055,2.461626943401794,-0.3357088800535946,0.0690242236404005,9.678985532362224,943,0,0,0.1537,0,0.002
0.1893318362056397,0.1686613172978532,9.640263111230668,-0.007398111906057188,0.22140106083515623,-2.853245093145521,0.20916485054835732,0.20109325456874289,9.630439358178728,944,0,0,0.1537,0,0.0022
-0.5281080065654147,0.30453863617418653,9.773770308149611,-1.8098463751763325,1.190094945536348,-2.244324041650623,-0.562772425272509,0.258264180905164,9.816682737426824,945,0,0,0.1537,0,0.0022
-0.051247779582059394,-0.2251156998531632,9.931310304125095,1.5013142174183822,0.6777694401421882,2.049325020016439,-0.06581586277732965,-0.23841309067841446,10.006506129377698,946,0,0,0.1537,0,0.0021
0.4115002462385179,-0.11170141110755862,9.52586279809056,3.762851518267465,-2.6081742057948927,-4.236332984784286,0.35131166126682306,-0.12058329635643605,9.49167466180312,947,0,0,0.1537,0,0.0121
0.8802914804859007,0.17906274006160852,9.636513845132697,-0.13139100289845634,-1.4226459349305938,-0.46389275950481745,0.8946875444110813,0.1937318353986104,9.702257608243974,948,0,0,0.1739,0,0.0214
0.048482884455435284,0.32350992050002947,9.403660846345202,-2.769215292860278,-1.7539186074391977,-4.395417304603295,0.05325992738206088,0.32537818869870727,9.434815703760297,949,0,0,0.1527,0,0.0235
-0.045235439679897134,-0.04905809596529267,9.580686713577565,-1.234691728072125,1.7034189183350539,-3.1996082604496845,-0.017737538707194283,-0.11971015935854903,9.640015669492684,950,0,0,0.1537,0,0.0214
0.21193123810178596,-0.23110769812150728,9.929388596329153,0.06956094462743981,-4.216125410372312,-3.9707828781537042,0.16084250784945348,-0.18310829209940926,9.839410559441736,951,0,0,0.1537,0,0.0134
-0.17689797405230975,-0.16786061540363598,9.611893039196273,-2.9764492147062205,0.6715502194191583,1.4324329758940446,-0.3024113057061912,-0.13277913748739067,9.513363449737678,952,0,0,0.1537,0,0.0134
-0.21691439603999987,-0.34276625456242943,9.872253919586242,3.2135229865731714,0.3134333848015516,-1.8524651981213136,-0.28641655232159074,-0.31981640736055333,10.046243726354666,953,0,0,0.1537,0,0.0233
-0.09775842185147311,0.38146715167417017,9.749946845458052,-3.773409999746524,-3.652237850902602,0.9943711292874846,0.03150307742882251,0.47309411055389217,9.703434973374033,954,0,0,0.1537,0,0.0031
-0.19176379115955028,0.45496120422476366,9.851309350503218,-1.8050020339897355,2.1672981094952526,1.9694211198454474,-0.20504717163097338,0.4220253020699867,9.823091544082734,955,0,0,0.1537,0,0.0213
0.25941084004075676,0.0490475441606063,9.476707234666517,-0.8374342617376482,-0.5304288430645792,3.2609236729575595,0.22949079832917996,0.02932515221030336,9.542575349200611,956,0,0,0.1537,0,0.0134
0.09901809910765204,0.13734589448479587,9.7420982112537,1.9896629899321996,-4.729284131322087,0.36260490106205423,0.1706765014984949,0.18521773553137522,9.73954935953491,957,0,0,0.1537,0,0.0227
-0.24787209561662024,0.9681820274407857,9.554404726845652,0.5063833708591657,-3.2352760621531376,-0.03724784435568393,-0.21915646295334065,0.9728793800578996,9.616662388707619,958,0,0,0.0873,0,0.0037
-0.5665882198564656,0.02989162840795735,10.043753768249205,-2.7209774265218587,4.638666858288551,-1.8970308580393604,-0.5416192278073955,0.002105608279328,10.005667968138221,959,0,0,0.1537,0,0.0081
0.3650568368285925,0.7397851963051257,9.880585816975442,0.889389056420804,3.0981352383033225,6.4515246532764365,0.44922254471952267,0.6669808601100395,9.930977407446157,960,0,0,0.1531,0,0.0046
-0.08905459010083651,0.4165571024336256,9.848554160768707,-1.0619909037873385,1.5243257634073744,-2.523824880220504,-0.1835235956977182,0.5034132904665383,9.804118163794417,961,0,0,0.1537,0,0.0046
0.18197523424351333,-0.008071624239568503,9.852957685220249,-0.4169094596558641,-5.177287427796671,0.7821478597167695,0.13337547044748033,-0.022723459101144962,9.870798751498175,962,0,0,0.1537,0,0.0046
-0.6237529332009553,0.22468862420932018,9.456894009970412,-0.129361785989565,-1.1305299093238446,1.530956025420758,-0.6425786352260965,0.2579655301467524,9.551696043187432,963,0,0,0.1538,0,0.0022
-0.07877810151702644,-0.008087509451340732,9.534485246307973,-6.340639066058095,1.3118968351800209,2.4412900226512773,0.011052501025000674,-0.13540572474869064,9.37535134434423,964,0,0,0.1402,0,0.0022
-0.29878234859828445,-0.1851614129241725,10.046475567515573,2.4944610349026433,2.2411951163846715,-2.7320521696186257,-0.27082867775303693,-0.2586916287902401,10.061448852594728,965,0,0,0.1537,0,0.0005
-0.27515216523766123,0.0427388869563498,9.66235834868365,3.424294604142747,-0.14818930810254138,0.2916480316898291,-0.23508211855878514,0.05451323325163534,9.593117571401882,966,0,0,0.1537,0,0.0004
-0.5254301788933177,-0.04933963645977919,10.120968852704827,2.079412694117475,1.853732874937858,-3.6002247477612648,-0.5147308168624981,-0.03396515059631322,10.074688514134717,967,0,0,0.1537,0,0.0004
0.3435099694635631,0.162476797421427,10.016157702761637,0.9987915089927561,-3.9545077061673988,-5.191401072656582,0.3464575069165972,0.12680861660235582,9.954970479855549,968,0,0,0.1537,0,0.0004
-0.16170047098352439,-0.2954117807253277,9.984150893546708,-0.7336229943228634,-1.764090416141587,6.43131966440197,-0.21415252079645736,-0.2910201670649168,9.938011708118706,969,0,0,0.1531,0,0.0004
0.37374277255219085,0.3195425464506663,9.847819302923599,-0.1031689259174545,-0.43071128207817705,-3.1553850627715345,0.3142769077732106,0.3925410863358783,9.890571297882909,970,0,0,0.1537,0,0.0046
-0.3403635039822464,0.40608502874428404,9.848947134335042,0.02613200818141401,1.0599921739821194,-6.085839741023432,-0.3786540652546259,0.3862971797289397,9.801463019676596,971,0,0,0.1537,0,0.0002
-0.23768418715927217,0.006475305890527483,10.023633842323834,-2.7298188170348086,-2.8895816157948544,-0.8843923600599066,-0.2683769021902109,-0.004354957228336368,10.056874273591268,972,0,0,0.1537,0,0.0002
0.20145413525283976,0.013094754186881205,10.070664623212599,-0.7083412333009058,3.325000738600548,-0.7970968272754209,0.24648273631329973,-0.028901006020822982,10.077229724901922,973,0,0,0.1537,0,0.0018
-0.5625735036781832,-0.22511018699580126,10.121269139972947,0.7639389819916874,-0.6296528884640179,1.788950182536313,-0.6449431766346931,-0.09638800149752644,10.15249631071405,974,0,0,0.1537,0,0.0215
-0.22297974317675917,0.02546573546848387,9.97695608590168,-3.0403142730150536,2.7296549241098496,3.210731482705408,-0.1898768840366574,-0.00983343277677146,10.032451330580288,975,0,0,0.1537,0,0.0215
0.08473348242364984,0.25855101601477143,10.02767983926078,3.1684665631032143,-1.7785999213221082,2.097550300308327,0.16291106971411007,0.25090788465106517,10.00613917244853,976,0,0,0.1537,0,0.0215
0.47587000185783473,0.008332916311562312,10.118838633152482,0.20955380363537757,-0.15874433589165163,-4.239380333028067,0.5109400746090103,-0.03306794474808962,10.01888800751958,977,0,0,0.1537,0,0.0115
0.22793766449877612,0.37253495991121194,9.760988806818533,5.588073416367393,0.3884835139641514,-0.5284912935000182,0.25177667576170987,0.3995748162743459,9.70989698552216,978,0,0,0.1537,0,0.0004
-0.0256086031274979,-0.0014315482142888511,9.83307578603682,2.9586001891803804,-1.439952334166662,-3.21956233404341,-0.024210971265386568,-0.052123935133776424,9.803794968219224,979,0,0,0.1537,0,0.11
0.21203269457920898,0.43934175650771873,9.276476226975609,0.21207553161629533,-2.321912322042879,1.9806338532808443,0.19625139275990194,0.4198326153763926,9.315437548340457,980,0,0,0.1364,0,0.09
-0.05428916825523234,-0.030551708202116543,9.945492159485607,2.928895396072576,-4.288411037515127,-1.4286154972613085,-0.07158908877552093,-0.0427644384321337,9.973659669139558,981,0,0,0.1537,0,0.12
-0.39317538170150973,-0.020437480136846417,10.183560734339366,4.812890498722938,-2.4363553461946963,-5.601944989046664,-0.5030917126230865,0.05517063306812796,10.125663009781785,982,0,0,0.1537,0,0.0004
-0.1863689125368996,0.041449400709385374,9.986883573123173,2.2288896751164935,2.849071672876917,0.39773973931809714,-0.19453247005111649,-0.0853920207373727,9.911934570783156,983,0,0,0.1537,0,0.0004
0.4327807343560421,0.1503766178039647,9.760861390289532,4.6260222213538,-0.2500598613857111,-3.340841069197985,0.461409122171083,0.16934208048250254,9.707793028264824,984,0,0,0.1537,0,0.0004
-0.06435759343300146,0.4762697724649436,9.754653661835855,-0.49345691461884666,2.1929658963521463,-0.41535522634328337,-0.055123337078453606,0.4956410896581154,9.814194310307355,985,0,0,0.1537,0,0.0004
0.6182022026349495,-0.4747087438124173,9.751321648260973,1.3437323182968728,-1.3649622826688101,1.400550154308816,0.6811327516636835,-0.42284814633058954,9.773467148716021,986,0,0,0.1476,0,0.0155
-0.5053099917286423,-0.2577217525156138,9.70321554994983,-2.5774262537397483,-1.2026521154750758,-4.169417554079125,-0.5408085167014511,-0.23782406100701925,9.662243693023152,987,0,0,0.1537,0,0.0054
0.06887235992004062,0.4691425596845946,9.85370941915086,-0.5273593888734541,3.388875708383486,-1.3307304787675962,0.06526356827622053,0.4956985272644904,9.824190683706963,988,0,0,0.1537,0,0.0054
0.15855033347919117,-0.14517386687476816,9.963247700063482,3.0264430572780743,-0.016459674465142998,-4.272644797116591,0.1309787903800934,-0.11990504776486688,9.98437935563114,989,0,0,0.1537,0,0.0164
0.18080797134642074,-0.21474141125552795,9.923944638343128,-4.398671049079426,-3.9802149010118573,1.5677851536829044,0.21291685865439447,-0.20693318109078424,9.915815097891421,990,0,0,0.1537,0,0.0264
-0.33104785112527,0.18803223933236335,9.881405217109565,1.6856243837766087,-5.615355619663186,-4.819232230029059,-0.32407032392552204,0.19487829974945256,9.831174860856056,991,0,0,0.1537,0,0.017
0.005848874063967045,-0.6437817618956835,10.092495393607281,0.3976530417153843,-3.7673177064516237,2.6260411812195974,0.06225692609281937,-0.7045982444554943,10.141467288675603,992,0,0,0.1501,0,0.0118
0.004201629724131201,0.3266303450376293,9.704727509094885,-0.9432955706742159,5.7276558992125555,0.49895198542926755,0.07853816155045744,0.26890696948027015,9.760256352533174,993,0,0,0.1537,0,0.012
0.03675523850541854,0.43635519768813796,9.855285773111527,-3.6721000603440688,1.451779399793898,0.9187446050627505,0.006409889019002673,0.3775594536756832,9.83881323693182,994,0,0,0.1537,0,0.0118
-0.3794299281666088,-0.12896642883117518,9.517575687533025,-5.5957867551310905,-1.375412951287449,-8.732986697221854,-0.432134504334729,-0.05564764933468763,9.567815592939256,995,0,0,0.1497,0,0.0218
0.3900953219504346,0.46060438795605585,9.964802380835051,-1.968500323650701,0.2473115864151002,1.4672795180893297,0.37738717605570193,0.46971805820939794,9.895272018433625,996,0,0,0.1537,0,0.021
-0.13224354248145517,-0.340133263902874,10.04274830014458,-1.118557358185379,2.2645185848786413,0.28287759633654697,-0.19130131463083105,-0.29553257441890035,9.9982285592681,997,0,0,0.1537,0,0.0211
0.15445678089389586,-0.5523399763256166,9.784735215044773,-3.1411968760951896,-2.3291780926931356,3.618372657693814,0.1722564100613039,-0.4724438824737526,9.786794968006534,998,0,0,0.1537,0,0.0369
0.014139977379935085,0.21394756145075325,9.92609510543619,3.0847111814471435,2.201606361724046,-2.2014189590852893,-0.0036070626368256767,0.23203231104711458,9.950639013903226,999,0,0,0.1537,0,0.0378
-0.7805476245306987,0.33613836655686685,9.560029047715359,-2.256749983734638,-1.523865148275619,4.30371773340338,-0.7792599799005512,0.3249286158255047,9.618922417321883,1000,0,0,0.1726,0,0.0571
-0.31029865911526366,-0.11559870802157421,9.844809307296309,0.5405492724898338,-1.070208382077124,-5.874244590893583,-0.3026132930284297,-0.1471839075925708,9.847109405572557,1001,0,0,0.1537,0,0.0571
-0.4387200558160311,-0.22911038087620922,10.01683019520788,-1.9794132301676362,2.213202198677671,0.4679637180307997,-0.4711685063783088,-0.18130086631519027,10.007580111915866,1002,0,0,0.1537,0,0.0671
-0.3491964307618001,-0.31450458847679047,9.813189574778523,2.121306630767804,2.3947219615914714,0.27503810800181794,-0.374168874710855,-0.34480695502491493,9.808874684203307,1003,0,0,0.1537,0,0.0571
0.038546515813092805,0.027772109580210005,9.949591660913374,-2.855947362133894,0.42528720596631964,1.026447830645119,-0.05841922291326297,0.07265053686718843,9.910359739926108,1004,0,0,0.1537,0,0.0577
0.5266572057693478,-0.1150096549306926,10.408620945895729,-1.2037246818183165,-1.5290889059977952,4.36011580420327,0.5135969185851518,-0.07454986293329627,10.356873901694069,1005,0,0,0.1023,0,0.0233
-0.16307005059697863,-0.5998085721439272,9.889742868978843,1.5714140997109047,1.955883303004211,5.996609072049592,-0.17979088207272165,-0.4448333340101698,9.860528090520388,1006,0,0,0.1538,0,0.0427
0.17947125831610408,0.3611284475373071,10.157696924200838,2.104991346702433,-1.1429733528138732,-5.8803351503956165,0.13034883813474385,0.29287502907529006,10.117065886147122,1007,0,0,0.1537,0,0.0327
0.41288437192269906,-0.4852782547109762,9.86837275600403,3.034535083323304,4.548785421594651,5.843350852716802,0.41873363807123465,-0.5369800531032276,9.955384393956724,1008,0,0,0.1537,0,0.0406
0.5214595000163826,-0.0413340780135548,9.727756011712309,1.528270441664303,0.4471564299645123,-4.842583560998551,0.4947927940817539,-0.052567029343946484,9.7830229829361,1009,0,0,0.1537,0,0.0304
0.8212499859957093,-0.27539412626361814,10.027218873204667,-1.1989414677683947,-4.057037728217707,1.019896349060088,0.8762523503720205,-0.36287229430585494,10.019175751197114,1010,0,0,0.1578,0,0.0369
-0.5286121233597149,0.2371463445962344,9.699605171834177,-1.820738204263178,-3.6724402803543406,1.4175959538135918,-0.6014589365204178,0.11444778124555607,9.688338041662043,1011,0,0,0.1537,0,0.0069
0.22746628073518,-0.5692214133799907,9.640975615467589,2.115483206384428,4.4186617177774705,-2.39608618267787,0.22202672968647294,-0.6492832860841383,9.620136109817684,1012,0,0,0.1444,0,0.0069
-0.18822320377105503,0.3782275650872626,9.665218519552418,2.7599716271364727,4.016599874908126,3.579442936968533,-0.2512564022616596,0.3618150989944918,9.60407062272815,1013,0,0,0.1537,0,0.0068
-0.15352087184888843,0.09851223775082854,9.65884194924681,-4.269594950780625,-0.1226839428356361,-3.4995725597148937,-0.19094411920567633,0.10906625557038009,9.739316217744584,1014,0,0,0.1537,0,0.0068
0.2663212707655413,-0.4172344626369731,9.698409732849363,5.969062799868977,-0.6755063764583737,2.470166887172626,0.3238204923610159,-0.34001125837129154,9.772520239369795,1015,0,0,0.1537,0,0.0078
0.35120542772840196,0.4199247262204017,9.907529430635954,-1.5154520859811327,1.6208356633510328,-4.952227504642979,0.23525621399835228,0.4029116153589014,9.860779858932448,1016,0,0,0.1537,0,0.0078
-0.031935392464386377,-0.12932772979553914,9.592237500681621,0.8691476850428361,-0.9511999311407116,3.9869759512704275,-0.08981182956383868,-0.18577013140126775,9.605539768526505,1017,0,0,0.1537,0,0.0078
-0.08479619435332166,-0.1015098818636734,9.975435790134679,-2.9605911177231783,-3.5852334430500346,-0.41891571282218304,-0.06546758356935994,-0.11865881622739105,9.98150628777588,1018,0,0,0.1537,0,0.0078
0.2358309439213821,0.05103744962700868,10.097543368174362,1.4265135267627336,-1.922946634838604,-4.230436984298037,0.2646918556111643,0.07314394610648561,10.159912247365982,1019,0,0,0.1537,0,0.0078
0.19223119011606105,-0.24262530509157118,9.898474981217188,-0.10373095486836353,3.935388987993645,0.24838809400077627,0.17365930826028128,-0.2880665489408231,9.892175583424102,1020,0,0,0.1537,0,0.0078
-0.6227219662856235,-0.2730719164865379,9.766976884735394,-0.3189827208857136,-0.5795987602226688,-3.4031115256462297,-0.714470576197327,-0.3304627746998237,9.747302455450823,1021,0,0,0.1355,0,0.0028
-0.5342473875347826,0.32913175691776236,10.170189206081698,-1.805969947939083,-2.136028323115406,-3.183979477856564,-0.4979202258356421,0.2671370881958511,10.065368487258363,1022,0,0,0.1537,0,0.0028
-0.37613588169920437,-0.3639432737309316,9.848004288006447,-3.0238518226722175,1.189788345496599,-0.6763776721542014,-0.362059700236833,-0.33750233411918107,9.896056057928057,1023,0,0,0.1537,0,0.0068
-0.10065113401645656,-0.006070561721478005,9.48599508431093,-3.5236923621263205,-4.692015882933932,-3.7056120852085734,-0.14703860898983143,-0.04409127154250557,9.427732463585984,1024,0,0,0.153,0,0.0078
0.3143609220658329,-0.2353528592282234,9.932910996045749,1.7314456705811034,1.8744452892982366,-0.730002182783689,0.322288086664528,-0.29248082386288876,9.918951541116826,1025,0,0,0.1537,0,0.0027
-0.13536363292930184,0.19687585693206036,10.209186368427977,-1.2911747823371487,-0.01804111108452474,1.8381546267439455,-0.1278660978805731,0.20835235980298178,10.225742451668399,1026,0,0,0.1527,0,0.0028
0.45816561940329975,0.1473798662120892,9.804360211477977,-0.5091137924322143,-4.987465411367921,-0.074940987873471,0.37732965618629494,0.13553215319005074,9.798300137243045,1027,0,0,0.1537,0,0.0028
-0.7062176045220449,0.2541965416064837,9.594656094672304,0.2756382987564753,-2.3435322450168075,-1.0899353316756026,-0.7853758802036703,0.18732245790608903,9.543255167749114,1028,0,0,0.1381,0,0.0018
-0.05434057056145466,0.532757349737813,9.64983208644686,1.6205435665731382,-2.0222804158835057,0.28244271550835554,-0.05514718426855813,0.5138768472409443,9.666501896048906,1029,0,0,0.1536,0,0.0019
0.469599424583525,0.6706587417182023,9.772821023558382,6.872313896867066,0.9848867260516213,1.059067357235572,0.5157724061154407,0.6963782226279133,9.89660221351004,1030,0,0,0.1509,0,0.0018
0.6147864928682366,0.21377320707480452,9.706804505689686,-1.5570071497330293,0.7332061670846016,-0.36448887148247405,0.615908733808433,0.1857483763136269,9.766801573856604,1031,0,0,0.1552,0,0.0161
0.21531248413581924,0.43358743367741953,9.677691979607147,-2.157191450289006,-0.5553418232843197,-3.3546474737708483,0.293796425806862,0.4276059071794189,9.666144698288722,1032,0,0,0.1537,0,0.0267
0.016824222853962192,-0.09974194501791205,9.712592175571958,0.18410134220290883,-2.8178220810257186,-3.1826084674687993,0.03418497757005988,-0.13007958776237463,9.62432714545088,1033,0,0,0.1537,0,0.0261
-0.5155139557810212,-0.7519786089184939,10.210659958491686,-1.5124006645258845,-1.2530157628921326,-2.6246650878041513,-0.5349611311767926,-0.8484660288932777,10.220339552012737,1034,0,0,0.1024,0,0.0463
0.41913120944207755,-0.35310027307581804,9.82136195586897,2.431425403268452,0.4481945748755134,-1.9194668975903633,0.44264952799443813,-0.39678553583223014,9.82601741586724,1035,0,0,0.1537,0,0.067
0.10539299032168649,0.4958182178512484,9.704113289630234,1.6374009649983385,-0.22019045146391997,-0.3669245888133884,0.16148225991769355,0.5086276136486463,9.6662190351663,1036,0,0,0.1537,0,0.037
0.30941939204632046,-0.08391127782700629,10.035940271488833,-0.1929171935927752,1.695468673788847,-0.5249142275800672,0.2950805622613083,-0.02275164916164906,10.08774032099014,1037,0,0,0.1537,0,0.037
-0.11714864566275646,-0.18309125248121366,9.799344608142004,1.5774768645757855,0.8642031313199037,-2.216966523611824,-0.11625124115997643,-0.21161754045667855,9.774002241895154,1038,0,0,0.1537,0,0.0267
0.09345783868239305,-0.2545026824587963,9.547290912907174,1.8811746983390374,12.815538966441844,2.6716960711486197,0.18353191750573394,-0.21470258636193873,9.586819401172761,1039,0,0,0.1154,0,0.0153
0.9067183014407139,-0.4705371794085569,10.019247475915922,3.710688928341308,-3.1669598273641584,1.7347374620985807,0.8190126467292584,-0.4979905747304951,10.085447895664545,1040,0,0,0.1712,0,0.0453
-0.6398165124037521,0.24788519602991307,9.681496591406693,6.445466921849796,-1.135855564057548,2.9650111310660865,-0.6273748381053043,0.23652910324361198,9.725337375213071,1041,0,0,0.1542,0,0.0453
0.4668929363696126,-0.5814267913019383,9.810626833196553,-0.6638122398494057,-6.680921847254162,3.0447273560479147,0.44307046889710755,-0.551066493642061,9.838092146891794,1042,0,0,0.1538,0,0.0553
0.22575748039774746,0.25877912881517817,9.915147674864915,2.1092051607244016,-1.2805959231244484,1.456866832974115,0.22142018306210157,0.22165204041274705,9.960387067872025,1043,0,0,0.1537,0,0.0411
0.1310113962151806,0.2930206368014874,9.654059094405799,-2.240675950630779,5.781360226676558,-1.4967350055536364,0.15886447337723586,0.29713140307445274,9.584300231042508,1044,0,0,0.1537,0,0.0411
0.6588069039919683,0.1634154288267097,9.585621191873233,0.5876321163146289,2.7106515755525016,4.020130395040056,0.6527767931266542,0.14262379716978058,9.66209682470379,1045,0,0,0.1552,0,0.076
0.28861231506930407,0.20460599858859582,9.787294436750068,5.512321995731493,-4.936577027264526,-1.7400924892493381,0.32289953044340064,0.10466129030819873,9.744522580486523,1046,0,0,0.1537,0,0.0853
0.42489779716094717,-0.25647273801268167,9.800015301891259,0.44675306233545653,3.642962505150977,2.1956142144271773,0.46176259864057967,-0.30828149215406475,9.848096014230135,1047,0,0,0.1537,0,0.0844
0.47449624283488817,-0.029503816974677112,9.580835259455032,0.8347760970364917,0.7369422990536552,-2.0946773856960554,0.38501922853028997,-0.05445691135481299,9.503943473277936,1048,0,0,0.1537,0,0.1044
0.358260598570741,-0.1270564625176009,9.913507624535868,0.6562339056846478,2.4784209873619614,-2.875787864586515,0.3250362303806442,-0.13750453051852607,10.0171574121564,1049,0,0,0.1537,0,0.1902
0.2998470435446771,-0.353608922761715,9.601572965959276,-0.9697024606980025,-0.6035236101006342,-1.6954843087673055,0.34222444163929966,-0.3581450218304015,9.619795598541302,1050,0,0,0.1537,0,0.0744
-0.026621254227599422,-0.2717411574753438,9.53101802936272,0.3838309512398993,1.2851002283334811,4.373167607406766,-0.11575666766055383,-0.1911002451278644,9.598468942112232,1051,0,0,0.1537,0,0.0444
0.059459399191844724,0.27553589945669543,9.786269614194067,4.2102190721933805,-2.1517644463473045,1.8725981043042133,0.03000352008717624,0.23838364679116858,9.744274150076494,1052,0,0,0.1537,0,0.0644
0.027109167876839823,-0.3595932249657297,9.825443493684745,0.9846854743681818,3.999352409141016,-4.357195722426764,0.04864646547055743,-0.40661918560713783,9.854610501406306,1053,0,0,0.1537,0,0.0444
0.127949886253002,0.21978111848922224,9.586070260512951,6.825225303081753,4.9974187154366145,-1.23476022611676,0.07314605922390743,0.2721305476020672,9.54686458649488,1054,0,0,0.1524,0,0.0444
0.0816148598383446,0.33413928175308877,9.76661545838929,-2.201076282883158,-5.861350040700868,-4.294926460602749,0.08856818256386799,0.33267371697752796,9.794313735877143,1055,0,0,0.1537,0,0.0101
0.4371657513288251,-0.06340726886568425,10.15928947010815,-0.1213052921280793,6.460245899761489,-4.94529184718861,0.446358111660476,-0.03718742555956584,10.165152947664842,1056,0,0,0.1537,0,0.0101
0.10727302227276436,0.05165828377348635,10.240620234556639,2.689069012273182,-5.643867814961755,3.511727800108276,0.12383726441922599,0.012948075053617739,10.236839657691522,1057,0,0,0.1527,0,0.0101
0.16934013227399455,0.07315492563732708,9.85848826478588,2.3310080151255392,-3.9289873770599058,5.150079529602991,0.10085599468706906,0.022424819690258654,9.850527232880454,1058,0,0,0.1537,0,0.0001
0.08558191605305494,0.41949803765365196,9.737267710218623,-0.6409971727998458,3.9319264242024063,6.081349287295986,0.11154044380993722,0.39937335078149694,9.690901420596052,1059,0,0,0.1537,0,0.0001
0.16906155710737428,-0.1400544477334688,9.82308302430696,-4.009357145592167,-2.3952684840292195,-2.4343422479694126,0.16065812728470572,-0.11597713700604413,9.89306567287819,1060,0,0,0.1537,0,0.0003
-0.3673843962745856,0.2975662506979327,9.423940100677182,2.794641291051396,-0.7103590476317699,3.584424847935817,-0.36945594482348726,0.30296419958551885,9.405956622622409,1061,0,0,0.1526,0,0.0003
-0.26029914059422943,0.1975307229199502,10.067207153913083,-0.7769517059093201,-0.6246819348391555,0.06640083499958742,-0.28170164075861615,0.11584467892620791,10.073331852719368,1062,0,0,0.1537,0,0.0001
0.10537747233160376,0.016794869307836392,9.93767939332031,-3.016109606301224,-3.886232111824344,-1.0787960593233876,0.04999665589765039,0.014162411252737817,9.991376938004526,1063,0,0,0.1537,0,0.0003
-0.051667792400861695,0.32825570262728737,9.81145480985117,-4.554608208349443,2.183467906622113,-1.6160663287405788,-0.041670468650721104,0.30387369679323145,9.785360631763693,1064,0,0,0.1537,0,0.0003
0.36789034016872385,-0.035378033504690785,9.980806895623868,3.437972190873392,4.016653218225313,0.7529957577768016,0.3987023373411413,-0.054682301305302716,9.967998839607365,1065,0,0,0.1537,0,0.0003
-0.23955862598099836,0.07809557909819567,9.505432100991484,4.165198138034446,0.40855935662206866,-0.9586451649086731,-0.271972627375825,0.07563000404735841,9.507501873889952,1066,0,0,0.1537,0,0.0009
0.22345105253318248,-0.23867721378874174,9.738429094137624,-3.7824229682505894,3.399191512959031,3.5544920238001767,0.17286504825726146,-0.2240282964424702,9.817097914600502,1067,0,0,0.1537,0,0.011
0.2789033475819659,-0.09992903061767215,9.964763955380432,1.1588593558414044,2.310710387498764,-0.19987637536378378,0.26579057878020296,-0.08691069326760371,9.877242183795492,1068,0,0,0.1537,0,0.0109
0.32771034664596926,-0.12136771562343514,9.70674724267289,-4.113985629163275,1.0574290112721823,-2.210976352604541,0.3238446916653602,-0.17454337798614436,9.735992050436286,1069,0,0,0.1537,0,0.011
-0.03397636827841257,0.2891685923652727,9.707123539333406,-1.2360395629561403,-8.072305797181409,1.8614614361075197,-0.05935041871705108,0.2983567920487952,9.672649930753796,1070,0,0,0.1498,0,0.001
-0.41102180339661687,-0.14591626731422216,9.64635898572326,0.7490417674789518,-5.042938978143114,-1.1253519279131623,-0.4360258638912694,-0.06721947239313272,9.607087527981038,1071,0,0,0.1537,0,0.0004
-0.06459637891732245,-0.3416399791633737,10.072928678635037,-2.8608013716830083,2.251199377446325,1.5135671950418466,-0.1611740448151252,-0.3807441314340756,10.056993965281093,1072,0,0,0.1537,0,0.0004
-0.1499563839329709,-0.04939603071269542,9.702252459886335,6.262204705948127,0.5817392260314851,-3.001090818284518,-0.20010791881110554,0.02937020318335936,9.733720253150022,1073,0,0,0.1537,0,0.0004
0.2987274529181894,0.7772842068102915,9.663813269764713,-0.6814519126691078,0.42199601884603083,0.2976553046452832,0.28464006634160083,0.724754795090364,9.642865985351118,1074,0,0,0.1536,0,0.0003
-0.33262874292024003,0.16719699195088134,9.690148757543469,-1.884351192542443,-0.20063267001767737,-0.9302085970035756,-0.350088007668844,0.25272670237247713,9.701050888277338,1075,0,0,0.1537,0,0.0003
-0.20487364808503353,-0.12929798575668633,9.843004469489996,0.8737957122915297,-5.531019995256608,2.2671933252657244,-0.18739398448997024,-0.06272012138586293,9.821319101627148,1076,0,0,0.1537,0,0.0003
-0.31772795678074583,-0.5956738674953738,9.711366588784442,4.146227357517939,-0.7648441237145234,-1.808440219475084,-0.21917029776445995,-0.5562079205673789,9.719615578714418,1077,0,0,0.1538,0,0.0103
-0.08182856710121209,-0.10024055759984361,10.017708098962027,3.0965082079777795,-3.0628401773482747,2.897378457734815,-0.1525458477427481,-0.10701145533972076,10.005053266397667,1078,0,0,0.1537,0,0.0101
0.07826443316886228,0.10069151811938806,9.593473836141746,-3.2257233173705826,-1.7325499659637529,1.3103917031875474,0.13268450761971115,0.06270433727081812,9.598656779684076,1079,0,0,0.1537,0,0.0101
-0.38070146126677457,0.0506702987777399,10.14608671300813,-2.8048502425785578,3.3970650574381462,1.2703918290456686,-0.393135033787359,-0.028749611790143764,10.067373782751574,1080,0,0,0.1537,0,0.0017
-0.005485832623242695,-0.28788096615114916,9.670213487883428,-0.8901343222338779,0.7035520063025896,-0.17284556659125108,-0.010804665860426844,-0.34883402447561757,9.6730351655155,1081,0,0,0.1537,0,0.0001
-0.35851773921923075,0.4347468956790604,9.582781932817458,1.899195854276833,-0.5185269142103288,3.648274035090163,-0.35721060676812794,0.36988877054697,9.572980306771916,1082,0,0,0.1537,0,0.0001
0.22096469012568423,-0.0010476205768613922,9.8702642146738,-6.160930156594823,-9.334930017875884,-1.301630204339689,0.255826129032832,0.0684766890556678,9.874459298917097,1083,0,0,0.1472,0,0.0017
-0.24202560098799494,-0.02208294099551495,9.765084577148711,-4.629680547679191,1.760237571526442,-2.4600831240114687,-0.18915926424954596,-0.025355532115210456,9.735027747920338,1084,0,0,0.1537,0,0.0001
0.36150975418982567,-0.2869302895067018,9.746413450535133,-3.4805958154765646,-0.13551955797192555,-3.311153296979433,0.4032627942556602,-0.30894001882276856,9.750380357775489,1085,0,0,0.1537,0,0.0001
-0.1491006058247783,0.2618282521272434,10.29349293737087,-3.7563426928593104,1.2246668019595095,0.8287647782910788,-0.10119510877790917,0.22908045450228068,10.328149262533074,1086,0,0,0.1176,0,0.0067
-0.10548255740858564,-0.4389456509854775,10.102149510625583,6.728607857922105,2.816924850882395,-0.4410537561145458,-0.160834767091438,-0.4284661209530332,10.035321861683961,1087,0,0,0.1524,0,0.0067
-0.03856334039369806,-0.04770732547735021,9.66371911728896,-3.5461787928099104,0.46286727799299376,-0.8980600594943106,0.022802055576974338,-0.05635497689484559,9.623268857716972,1088,0,0,0.1537,0,0.0051
-0.32693085525186044,0.24153273801698177,10.034233704193598,5.177229707416723,0.7887186506981113,5.940118875619676,-0.37790364881726235,0.22525011248634094,10.030614948653442,1089,0,0,0.1537,0,0.0071
-0.22468465072281613,-0.5027794331814835,9.962979277416236,-2.9516267156236924,-1.107924119473684,3.588103509203113,-0.12604153982273622,-0.47192088010511335,9.969324512155971,1090,0,0,0.1537,0,0.0019
0.12588917180954726,-0.32998227059666335,9.775494267485142,-0.58180284667722,0.40779260429023734,-0.2825636923950899,0.16960047345218732,-0.384973642295479,9.808136216959083,1091,0,0,0.1537,0,0.0067
-0.22199804941359472,-0.01921341514525442,9.908011269511448,-3.995693709206714,0.8528483980706973,-1.918572681899967,-0.15901190223648903,-0.029446373894259675,9.87059247096062,1092,0,0,0.1537,0,0.0067
-0.014652212847804928,0.4066513367721332,10.10321233171866,-2.36211620785183,-0.27460665948436175,0.8145153490712486,0.06279127109844473,0.44568528999626056,10.072001654659068,1093,0,0,0.1537,0,0.0167
0.1679322237069921,0.4838311662530377,9.637862038361721,-1.221008346793222,2.328325516463087,0.7013560130301179,0.09090884435385395,0.47576504471493153,9.699618694702892,1094,0,0,0.1537,0,0.0067
-0.15205161588667984,-0.10559288478510857,9.528351603180013,1.1068053219554665,-0.5124980679692799,-0.37877681198260005,-0.14988279632694257,-0.13033963481348698,9.480900752664523,1095,0,0,0.1537,0,0.0067
0.06329686778773301,-0.053335622202046115,9.87065071075404,-0.6311006991477435,0.3220199961855212,0.49597636542482787,-0.05218050242093848,-0.041796796489407914,9.841923863905597,1096,0,0,0.1537,0,0.0023
0.10788491510304928,0.04487120126301553,10.01094516170282,1.9425489545047134,1.0291159189950523,-2.658898209111517,0.0650832973535287,-0.017232002868224967,9.996585872589957,1097,0,0,0.1537,0,0.0017
0.0659822210500077,-0.1527952942228357,9.764824385279896,3.831615315678073,-2.513034945597984,-0.7289749461474866,0.08404382534702635,-0.1332975821951517,9.774378628490037,1098,0,0,0.1537,0,0.0067
-0.6913694785287822,-0.0812778833045783,9.655763574687182,-1.2208680377937464,1.8121156211206093,3.698766242741991,-0.6831408408102023,0.01645867037516996,9.623543513575985,1099,0,0,0.1517,0,0.0017
0.780001991932633,0.21448050168874144,9.70073936553713,0.33371246339600524,2.4799781177641624,-1.5689333867425836,0.778654285647194,0.23007529803268773,9.647062192351559,1100,0,0,0.1573,0,0.0118
0.47935135657436967,0.49072721511620393,9.769427768264274,-1.8712628794061414,-1.9924849696094573,-0.19587433344742539,0.5382055797270993,0.47602691985229095,9.762999597399887,1101,0,0,0.1537,0,0.0118
0.14018163316085785,-0.07037525983552788,9.588967119758996,-0.8384158859706059,0.7570086681470184,-1.7540715310292856,0.1442172747721364,-0.13676111826372997,9.590742126344677,1102,0,0,0.1537,0,0.0119
-0.20660542490028203,0.4045618757883479,10.058425996579192,-3.0238728195233446,-0.9955383201889756,-2.5119193583914794,-0.21615048755274535,0.5137170004286498,10.050553414908766,1103,0,0,0.1537,0,0.0118
0.15209228995250682,-0.6362872454160389,9.848722449996762,6.0075687584078885,1.7460692741740913,0.8335166801858597,0.191004229533361,-0.5939257221640584,9.82050978897057,1104,0,0,0.1536,0,0.0122
0.2785401360661684,-0.01751025527426025,9.898154481061448,2.8495329862313152,2.8759180752965907,0.7222502418535094,0.33505184652852077,-0.007672706384488623,9.919102568919268,1105,0,0,0.1537,0,0.0132
0.08900699054130434,0.221953632452897,9.814420772180778,0.2713874892990653,5.629654624874274,1.7781573839612919,0.06422206163834276,0.12229175056402267,9.742046651317537,1106,0,0,0.1537,0,0.0232
-0.13508522554338845,0.4375825581713158,9.821986623315473,-1.8560464964059695,1.0970166997549209,2.2295766870373974,-0.1116690521082982,0.3558908960037127,9.831682803947771,1107,0,0,0.1537,0,0.0227
0.06911934144447861,-0.44384374861393666,9.640946440621006,-3.8833863059473774,2.5322122520227044,-0.5118047200806782,0.10773212881559427,-0.4783911054149814,9.638271768550322,1108,0,0,0.1537,0,0.0327
0.18830645223134235,0.2868092025341439,9.448212921258918,-1.9206584750333464,4.088359781186817,2.1573693409062797,0.15593530062722522,0.21936461181207179,9.468106534228715,1109,0,0,0.1537,0,0.0127
-0.006890661210717463,-0.033507938745339194,9.646066203538505,-7.289441593392649,-1.34310265408988,-4.213117553463151,-0.07735119627657319,-0.025479833343929007,9.676047811327017,1110,0,0,0.152,0,0.0132
0.72372870195798,0.11701541152913573,9.973467920948249,0.6901074844113981,-5.381698116738294,3.586507194629581,0.6651999231469619,0.09377217223665991,9.988422712701201,1111,0,0,0.1539,0,0.0229
0.08984828318333891,-0.035226326225921326,9.835395913453898,3.3409953377597765,1.2893582299336777,1.6635000279490568,0.061279673604678654,-0.021215998125043725,9.811950203264537,1112,0,0,0.1537,0,0.0129
-0.24003258525529517,0.03033450765639737,9.733144808497247,0.46419967366710757,-0.9449391706614473,0.6215043714108585,-0.23460510378049576,0.05408701164884941,9.71229052097676,1113,0,0,0.1537,0,0.0139
-0.06798615910841743,-0.36425205107591974,9.781478952200922,-3.122721039650763,-0.5580636026316069,-2.0686370157671927,-0.13744305207642848,-0.32291128587974083,9.79807157862307,1114,0,0,0.1537,0,0.0139
0.4258125416178998,-0.16879840318442235,10.134208522616904,-1.222172274645203,1.2236865331906217,5.1422416050253545,0.40908042513073417,-0.09690828222355194,10.164148248557051,1115,0,0,0.1537,0,0.0129
-0.28082721933546656,-0.11262075425348457,9.826218756601252,1.4087710857012234,0.09885024341369811,-1.1827450092057634,-0.27653659831790856,-0.15568303399006114,9.754500680857861,1116,0,0,0.1537,0,0.0129
0.2522067407023063,-0.2667567430685408,9.494283441845553,3.123488309921634,3.547385031433492,-2.929376549998254,0.20783808975234047,-0.282639460812037,9.59221931287265,1117,0,0,0.1537,0,0.0129
-0.15803598123857643,0.08987668964397677,9.555349675952638,-2.6099672324400345,1.4364589289796152,1.070211316819404,-0.032613530262965346,0.11280137044334192,9.524767901264283,1118,0,0,0.1537,0,0.0129
0.3616392626696131,-0.18861414986871267,9.718359478310546,8.669871999308285,-1.449274685669427,2.5710969726779265,0.30221499575233735,-0.19972924353390564,9.699467391965879,1119,0,0,0.1215,0,0.0234
0.0030707134912109713,0.17782282826263046,9.842732875704542,-0.48725788584510454,3.8319977497629987,1.7968389362314643,-0.011193772089942499,0.24936934348662565,9.832360915617414,1120,0,0,0.1537,0,0.0134
0.3375025650027747,-0.1226055088758492,10.193271606700812,6.573723305796124,3.5554135270279303,0.7174970822224677,0.3374652751436715,-0.23379773277681076,10.190547173877663,1121,0,0,0.1525,0,0.0034
0.19547674461923037,0.02381132335930117,9.707208813452102,-2.3607772560759166,0.3819466489341542,-3.176716509390854,0.21119257864681346,-0.06283071434706101,9.75591539879405,1122,0,0,0.1537,0,0.0134
0.11359225874647433,-0.01582510367234232,9.726104780142542,1.9325335139093283,-1.2411316567169557,1.0307344658349624,0.05240706361633139,-0.033676053782016546,9.73092701516436,1123,0,0,0.1537,0,0.0134
-0.022173530044057733,0.5737210292644708,9.391012214724377,-0.42425087029178543,-0.325277018330914,1.2753736286360517,0.00835769147920664,0.5608843731380622,9.352828458983494,1124,0,0,0.1478,0,0.0122
0.18739187320088427,-0.12238479194081658,9.851152240499488,0.2570703182559296,-0.3771117259630219,-6.762415758055063,0.26085699049922056,-0.0913187039811896,9.85056132441109,1125,0,0,0.1532,0,0.0122
0.4451334239871951,0.12539860424557356,9.782598595011446,-0.7045812474109356,-3.4826602584183606,2.511434356869047,0.4096281207332977,0.05930496552904378,9.851233990705861,1126,0,0,0.1537,0,0.0122
-0.0490995006985512,0.1869872835290026,10.150968578873863,-0.27133522274566313,5.720689795989081,-3.1219427723035196,-0.0371537534479501,0.1668083446982921,10.170339765298824,1127,0,0,0.1537,0,0.0019
0.16033853503664036,-0.0774185571333249,9.767923065232836,-3.820666433699242,-1.2504431473477124,3.6804847916958683,0.061892125330096415,-0.009724309967869119,9.871820240695605,1128,0,0,0.1537,0,0.0119
-0.09141795360443798,0.05499909993902264,9.978191518065948,-5.207268114736731,-3.450001638461486,8.290286339407174,-0.010977866930677455,0.020002998880176072,9.96384058554856,1129,0,0,0.1484,0,0.0019
0.2855144576378724,-0.41013231075753337,9.743332142656907,0.48599805930319284,3.705495297768881,1.4954766824672785,0.3593852274453755,-0.3859848424425702,9.74631663306244,1130,0,0,0.1537,0,0.0122
0.13719424587981288,-0.502273874634255,9.645682967455592,0.6116770563062942,-0.8299378581610954,3.478660518900364,0.15994467300734128,-0.49640852150728815,9.695027278230654,1131,0,0,0.1537,0,0.0122
-0.5700623553738774,0.26712364272079303,9.692520330435594,-5.6172699274703,-3.4327148024779994,-2.3148822533485633,-0.6097953784994137,0.20752129850840573,9.6867898224644,1132,0,0,0.1537,0,0.0022
-0.15237514011322395,0.19035719882183716,10.20762194741955,6.124322721894541,-6.16641504136473,-2.6601966110572715,-0.09948079370795307,0.11399996241021682,10.23481792846568,1133,0,0,0.1527,0,0.0038
0.031015634281936686,0.021098427266402424,9.717816333682073,-2.9975582758334234,-1.3448998058739416,-2.8035554052912772,-0.022771419294375313,0.03496966411272831,9.695705254388315,1134,0,0,0.1537,0,0.0038
0.4483460996629073,-0.016305371056604373,9.985146802662554,5.4176714005575555,2.5815693334738894,0.2290467345465741,0.4917823439474173,-0.09888233357788048,10.010917608930514,1135,0,0,0.1537,0,0.0185
0.1201230445899207,0.10644576771261482,9.864901891462669,-5.858003490711432,1.8133513742679948,2.7881427514629014,0.05930209211717068,0.1435505977239443,9.803219142631981,1136,0,0,0.1537,0,0.0012
0.27537982787342713,-0.32420218327715533,9.762846343314157,2.454900696554052,2.7662196790474383,1.8619946628975672,0.23794952067507136,-0.3683427835951639,9.802128504667618,1137,0,0,0.1537,0,0.0028
0.6803028237524631,0.37727619551143904,9.64141336887615,0.4107985295840665,-4.30527389895134,3.4611594931260896,0.6353345438728109,0.3758756001308054,9.636230771628247,1138,0,0,0.1553,0,0.0026
-0.28852125703048953,0.3091225578954328,9.946150218175342,-4.091516653638401,-2.5694309889602844,1.9414536401409117,-0.31168861583506896,0.3541569913453093,9.917395305360419,1139,0,0,0.1537,0,0.0132
-0.06387842718699184,-0.2231111192436581,9.983120489934572,4.717984890470833,-3.0493035328860896,3.5441180229376386,-0.08813908617078565,-0.1792439261251071,10.00551424377733,1140,0,0,0.1537,0,0.0033
-0.07906940909751446,0.3549306875764781,9.950136399339707,-1.0725673397886502,0.8646781372262871,-1.4964400488421998,-0.10689127406087504,0.33668727938532583,9.943748475442629,1141,0,0,0.1537,0,0.0017
-0.23046911768370956,0.055173608308457196,9.448908379791567,-3.236555463664451,-0.8777060482729446,-2.957730265331335,-0.18126063922301275,0.08875431145617291,9.430020972917314,1142,0,0,0.153,0,0.0015
0.17535009588816924,-0.0114277844226567,9.766187652746009,-2.656817853712849,0.8599042340804801,-2.3276893769361306,0.1300968216710232,-0.03612317944823999,9.753096566657153,1143,0,0,0.1537,0,0.0081
-0.2792977275146255,-0.06685826819097067,9.710849553322827,-1.506635695209448,-4.78151395396724,4.65864359924339,-0.32656020869944735,-0.09701068862533252,9.697113646088038,1144,0,0,0.1537,0,0.0103
0.052470095782782236,-0.6265933925783121,9.550094533114663,-1.9820568906029308,0.0026921442709528934,-4.137974492488029,0.007759154364214163,-0.5873556279837981,9.667318141315777,1145,0,0,0.1536,0,0.0003
0.2215167020339795,-0.07739868844348953,9.919353705818617,-5.349511355026463,3.6214340744162907,-4.6470712735765,0.21595446422581582,-0.04784999703410585,9.929707277671154,1146,0,0,0.1537,0,0.0003
0.15818487293522882,-0.23598197207806157,9.844097054365166,-1.641271951180062,1.6474681186205793,0.4938828612880974,0.16947254554073066,-0.20779407685582196,9.864886520034384,1147,0,0,0.1537,0,0.0003
-0.6726023216989435,-0.24525289193493943,9.472529690533719,-1.438895019606249,-3.275493479084589,-5.8292725070050055,-0.6995854213121364,-0.27878320397973694,9.461804646223616,1148,0,0,0.149,0,0.0102
-0.05713672568519729,-0.12568388097902172,9.811266912345397,1.1813506935452531,-1.8961669931165752,-1.9520035208297362,-0.05074550428950361,-0.18683632984842782,9.841635060847869,1149,0,0,0.1537,0,0.0003
-0.2983847327400923,0.5775381691464094,9.750954002532614,-4.516670943279266,-4.870567600095066,3.2369777130245074,-0.3765767975970722,0.6162612721785671,9.697215432548296,1150,0,0,0.1532,0,0.0001
-0.6969963657404422,0.4146362153912516,10.034550154448748,0.6416571517300889,5.334102399457872,-0.08974686042940047,-0.7281991058223476,0.37916520407094606,10.047193982224773,1151,0,0,0.1488,0,0.0001
-0.23838609533797056,0.06006769508652955,10.002809951763709,1.7622405397011291,3.706450039408228,-3.3300809346389135,-0.25694261132486435,0.1291152399133703,10.071803287979348,1152,0,0,0.1537,0,0.0017
-0.2313203616793563,-0.282742398051467,9.778098860968734,0.474943632899265,0.7965505190777165,-3.3177972999775163,-0.2344455102616745,-0.28636186049739865,9.752400175683722,1153,0,0,0.1537,0,0.0019
0.07461879485855338,-0.5091525767720363,9.78584437816841,-3.9906181958880165,1.5606436872504779,0.6718285248994992,0.10607027256943127,-0.5107372930189715,9.811969582086327,1154,0,0,0.1537,0,0.0019
0.1740653147748186,-0.3412595408835096,9.576398954091344,-0.8274327466826126,-0.030747394208646264,1.2984950473526788,0.21451294259499865,-0.40969507215732964,9.59049660391925,1155,0,0,0.1537,0,0.0003
0.7867312692028003,0.4879483133764095,9.7645751807691,3.6937051061136037,-1.751007179763105,0.4800689536687387,0.8330832138377041,0.4398394589995957,9.752496351843583,1156,0,0,0.1459,0,0.0001
-0.4624815759577256,0.2694549926419428,9.77497270507994,1.6048997098220323,2.337509412966952,-0.49146632594782025,-0.44665141519198864,0.27160549364534026,9.81876318411907,1157,0,0,0.1537,0,0.0001
-0.18356337136830958,0.27436677058236775,10.066421541993403,8.183320025371337,4.295766257789975,-2.4757867082386076,-0.18316313494733497,0.2850303311040088,10.093350519175296,1158,0,0,0.1283,0,0.0017
-0.05686359335218049,-0.2648692704677168,10.080735036928846,1.6861625798499782,0.8383133554420428,1.368857880312694,-0.02260499830089272,-0.3074488625113546,10.035836938494741,1159,0,0,0.1537,0,0.0003
-0.10840662079476417,-0.13915076335833942,9.87357150288154,0.8871273715965038,-1.887732781274664,-1.6779710501626017,-0.0566287481051122,-0.1767146453603238,9.81342469610224,1160,0,0,0.1537,0,0.0103
-0.19857979342920073,-0.16402356065778106,9.725235045279168,-1.190391629905697,-1.1570002552221779,-1.144274797013362,-0.19801239158992562,-0.1785949663400652,9.6751246249365,1161,0,0,0.1537,0,0.0003
-0.20785145176289058,0.592470286295133,9.981834778513955,-6.400853411274051,-2.081690976409746,2.0329530456860514,-0.23988358708554766,0.6034687376870388,10.022867905900135,1162,0,0,0.1532,0,0.0003
0.05512677142187353,0.456017779729649,9.76899543442485,-2.114634257880754,-0.08254897913922835,-1.5328136926051334,0.12115058420103444,0.44077482539012136,9.7565854586394,1163,0,0,0.1537,0,0.0004
-0.07869108290547622,0.14037516151111878,9.843194014440313,1.4702728197068593,-3.112110353043141,4.1616287723431835,-0.09121323241492267,0.09365402554855015,9.81133096757977,1164,0,0,0.1537,0,0.0003
0.36095090234070953,0.02113632553349415,10.01367096927236,-6.233560017903004,6.237909394222905,-0.8354877975929647,0.3280976904274663,-0.008465456641576302,10.07661213810858,1165,0,0,0.1537,0,0.0003
-0.4024291257179104,0.37485014990734433,9.875888232801985,2.756424831804903,0.29304273162533323,-4.43250175168717,-0.42084506191923776,0.2943011344006552,9.868984827381407,1166,0,0,0.1537,0,0.0004
-0.3622442683005621,-0.21799930473848378,9.978366670160506,4.025487827491899,-0.2909480759791149,0.23180506348300572,-0.33550095474711217,-0.27430708645907065,10.01528932864193,1167,0,0,0.1537,0,0.0004
-0.3817121733078593,0.24253605929136038,9.808393176943879,-3.736645755478259,2.39494879564477,-2.9034750584398474,-0.4581606189682344,0.21823882072337566,9.915863113631717,1168,0,0,0.1537,0,0.0002
-0.33045188510463047,0.19141728288248647,9.726239721532984,-1.362211577962976,1.35398452743739,-0.8738704620463138,-0.28110969957534243,0.26223661612292676,9.780587915014332,1169,0,0,0.1537,0,0.0002
-0.3050517448167373,0.2952815989488066,9.918367104764846,0.6648634610477526,-2.332638361231049,0.14942263094296757,-0.3158726027308267,0.19230627227329145,10.002545923602753,1170,0,0,0.1537,0,0.0002
-0.11172167067731058,-0.2556516833796489,9.735193565143216,0.3122106706792779,0.6487491314526861,-0.07095123017795116,-0.17246103348886832,-0.239790440821141,9.72677009048898,1171,0,0,0.1537,0,0.0002
-0.30033330313408585,0.19086852798797502,9.74681533557897,-2.58570734986223,1.0841757853004403,0.33649014876265826,-0.23379242095524783,0.193433999174211,9.699813297218627,1172,0,0,0.1537,0,0.0002
0.13027243348211,0.18555789923224228,9.6070185976881,-0.3469510227746411,0.5925353038844016,-4.145236182315102,0.11051486228963794,0.2114042237893962,9.67496937681901,1173,0,0,0.1537,0,0.0002
-0.04252085586821951,0.20636822622204692,9.703783696247957,-0.7801745724559421,2.338266842433166,-0.019512407194949864,-0.0929601946964797,0.21966969494601454,9.708682004266675,1174,0,0,0.1537,0,0.0002
0.1270337161339161,0.17369004172005004,9.962339479220814,1.6536935938310298,-0.7787281967287758,2.6176853263582567,0.10770580302911995,0.23869298135577238,10.055625532662154,1175,0,0,0.1537,0,0.0207
-0.1280817923234355,0.2765351214796782,9.811489064444446,0.9269888272022324,0.4389984288466512,-3.524938201422047,-0.08954132793791869,0.2569188658854727,9.734045637386352,1176,0,0,0.1537,0,0.0107
-0.13291933852523946,-0.09692439066164467,9.499405333437922,-3.1363627535183007,-0.008886663544882076,-4.4409548614654994,-0.16806701781991346,-0.10866413198512453,9.501716074082799,1177,0,0,0.1537,0,0.0107
0.2126816801090069,-0.12404011148200644,9.85094053730288,2.284835450758996,-6.865131565476268,0.6004303860073545,0.19876996779299244,-0.1921639401875871,9.783952082021822,1178,0,0,0.1537,0,0.0101
0.663157494959885,0.7308401795717917,9.860384793941682,3.502084703783816,-1.320577104915031,3.939554004093756,0.5788448253825886,0.6880277552015853,9.910352743342745,1179,0,0,0.1549,0,0.0008
0.4210281635322776,-0.4113978031964952,9.755760281133922,0.42089761377865276,1.4838167342503832,0.44890353460182075,0.360410579691773,-0.39876054403931854,9.77945008599722,1180,0,0,0.1537,0,0.0008
0.010150375537025904,0.10355126916567,9.776866718978628,3.3895630333365214,2.216111622933462,-0.3043013659126548,0.02703052717203111,0.15014890095164324,9.869772402929772,1181,0,0,0.1537,0,0.0002
-0.33062935753604555,0.08446108729507502,9.851409838967852,-5.958974591753256,3.320261115382069,-2.7244163491141835,-0.37721172307783407,-0.020477891938288043,9.895183178480528,1182,0,0,0.1537,0,0.0002
-0.28167335283370143,0.043668556333860874,9.63513964778701,-0.9883094368917917,-1.52010372998754,0.6240151659969482,-0.32662278875504624,0.0737105058687394,9.689788819119295,1183,0,0,0.1537,0,0.0102
-0.10754390335782746,-0.24479219818425518,9.871160648435957,-3.6581710792358693,2.9138006517787627,1.9187463262280828,-0.08403656402797897,-0.27395293078821437,9.894540280254155,1184,0,0,0.1537,0,0.0302
0.24658977454539155,-0.16525515291585188,9.629066928547527,1.2213145023116907,-8.722219991750055,0.32993828397720043,0.21773518769007605,-0.14039763216539808,9.64434195416327,1185,0,0,0.1498,0,0.0115
-0.39062840726946274,0.5461936664127012,9.686609200277843,0.7161158622102649,-0.06452305885610045,0.30525098621528435,-0.45857713289283036,0.6068573909195851,9.642791047745435,1186,0,0,0.1532,0,0.0006
0.4930690096936247,-0.7416543840175288,9.506531901317475,-5.405580693219526,-2.3870158419562566,4.279216078774674,0.5030378842841381,-0.8064289289240387,9.441818624570667,1187,0,0,0.145,0,0.0014
0.25317735117168805,-0.3240179514302978,9.76277888790584,-1.0885097480857364,-2.3992059634319367,-3.594245465168332,0.3505587432537613,-0.34087351101650765,9.85124497786572,1188,0,0,0.1537,0,0.0005
-0.060494153595446215,0.1559716001633609,9.607851793557494,-2.919141897102556,0.0927713762716442,-1.7646696839886788,-0.029748155148802538,0.15193069649603755,9.595178182571502,1189,0,0,0.1537,0,0.0214
-0.34988671869886484,-0.5302246993698432,10.083365948116205,1.034942163004003,1.5455329190705513,4.911415211717405,-0.4136807658609585,-0.5403492784510197,10.05980252601663,1190,0,0,0.1537,0,0.0601
0.13602963097053947,-0.3697278858224565,9.663802277386594,-1.6236868091612804,-0.40263950800844955,-3.4601694816731317,0.22732668172588275,-0.3313033875133597,9.66662713122855,1191,0,0,0.1537,0,0.057
-0.034212414488533814,-0.283022789022367,9.87892930673953,1.0264277326562437,5.4645543965292305,1.5620728028618314,0.10505654949025872,-0.2797272871671754,9.801424958841839,1192,0,0,0.1537,0,0.051
0.5484895843208675,0.3593118489379593,10.127873256734366,1.6395035464492884,-1.2673684824369325,0.9781214347164876,0.48696832588519534,0.36040391171885194,10.123964011401316,1193,0,0,0.1536,0,0.051
0.12476845702290998,-0.3459802986630454,9.647567548226789,7.621446314363764,0.5421794145403651,-2.746682553264735,0.11679166262729936,-0.32154834912967156,9.6701849887947,1194,0,0,0.1484,0,0.061
0.1838204341723876,-0.11568107017051875,9.773564387628936,2.851065437993888,-0.6305289093600649,6.389098783950847,0.2260896058229918,-0.04306634037878326,9.745053427426985,1195,0,0,0.1531,0,0.061
0.5844828902461208,0.666782591911787,9.673620232146313,1.1944315710720395,-1.522471503832235,-0.24820576358284538,0.5959490367722878,0.6304315715014911,9.685092438352372,1196,0,0,0.1547,0,0.0516
0.1804681464591676,0.23249994176624367,9.762091128213147,-1.9675901751796971,2.4575849629519735,1.3863085957553822,0.19790463625490787,0.1944190248248393,9.731798330304441,1197,0,0,0.1537,0,0.0516
-0.2406195288602133,0.22400064329667932,10.052972354213686,-3.203271814050683,-0.9536143040384086,2.649938684408793,-0.28260772623706115,0.22988007857520215,10.001801267665275,1198,0,0,0.1537,0,0.0619
-0.16256394416494604,0.08806693288829573,9.724255199109876,0.4420171812742495,4.419836862696142,0.9558144071362611,-0.18014810554776164,0.025943509685406166,9.603599676309303,1199,0,0,0.1537,0,0.0516
0.12093765627825569,0.49946914603598813,9.7117927939616,1.2692396014136997,-1.0281475303598613,-3.25519066630227,0.053995212565036435,0.489990423468473,9.697720896908214,1200,0,0,0.1537,0,0.0719
0.09431494326873278,0.08993517373238576,9.716943745592703,-4.241121004283523,-0.7519702836710054,3.862604128183465,0.13614152154865822,0.055893802135334306,9.729326041373243,1201,0,0,0.1537,0,0.0417
0.30805451228521813,0.16509034833435646,9.839473884929129,0.9344244306816687,-0.7828750087419707,3.9113779544995095,0.25101932650789405,0.2264083802075126,9.8594009057902,1202,0,0,0.1537,0,0.0516
-0.20144893929502614,-0.19689293912827846,9.823810220250362,-1.357021415704751,-2.1993229354571833,2.509473527089632,-0.23187780115673456,-0.10727089005709992,9.842554789406051,1203,0,0,0.1537,0,0.0416
-0.37479426286974754,0.15537242837405016,9.475539172969594,-2.631797574735299,0.9305806485704863,0.06916117981962477,-0.28682063237195826,0.1541786998514778,9.500421314007797,1204,0,0,0.1537,0,0.0316
0.3562863732868428,-0.20348702794389648,9.87779314575237,-0.8526639796368021,-1.3123268348909445,2.034870888527583,0.36891674811093256,-0.178758602426215,9.864445763067286,1205,0,0,0.1537,0,0.0316
-0.2946843359829219,0.19740751194591524,9.741203145999268,-5.0998316654152225,7.84009817058233,0.9426581001933245,-0.25303389299210843,0.1507530469989493,9.811745770231015,1206,0,0,0.147,0,0.0128
-0.2275492975641205,-0.06328159017359684,9.726562220160266,-3.1368496526837344,-0.3229779930611478,-0.4188101560438794,-0.22615903902540277,-0.1652259566499919,9.71364211539122,1207,0,0,0.1537,0,0.0228
-0.019048928340963573,0.4500876707776282,10.145342007999144,-2.15943938653759,3.447285353273119,0.35617713069834467,-0.0064065623092810775,0.475864120179432,10.127169090784736,1208,0,0,0.1537,0,0.0295
-0.2728299152677928,0.5640258050854334,9.994381031394946,-3.8342448635387054,-3.3611110210652533,1.4331511303463917,-0.33143911302663587,0.558298378523386,9.983373392802257,1209,0,0,0.1536,0,0.0195
0.3362049463570139,-0.3641713926396392,9.82996792685116,-2.7512748244750824,2.3410389250659387,0.42217912475123137,0.2602654009154891,-0.3733246885887916,9.720602074212813,1210,0,0,0.1537,0,0.0142
0.16336440100637825,0.010066745113137538,9.827549260963673,0.5681456302175774,-4.912715647290888,-3.2531885948860295,0.12531428335965333,0.078386744812791,9.814510150256913,1211,0,0,0.1537,0,0.0242
0.2293972875592504,0.25303581001761416,9.90508921887679,5.674732610359114,5.170572684828392,1.517993066463164,0.2539107315400299,0.2249046875450129,9.846440398484381,1212,0,0,0.1537,0,0.0142
0.24751268506113555,-0.24447476247559982,10.052198810047262,1.4267258817036654,-5.4632018098086075,-2.2791466634680475,0.2238882066662626,-0.26327547946653795,10.084317453616839,1213,0,0,0.1537,0,0.0142
-0.026308837467652755,-0.2477942048893237,9.841287731134596,3.547945538702157,7.81938114486821,1.6192370546980375,-0.026308837467652755,-0.2477942048893237,9.841287731134596,1214,2,0,0.147,0,0.0136
0.3497696352378625,0.41107936088578945,9.546012901436024,2.6615370326280225,0.629919265362876,5.553347239467594,0.3497696352378625,0.41107936088578945,9.546012901436024,1215,2,0,0.1537,0,0.0142
-0.28817850358579966,0.5386017582523737,9.640965230321738,2.363223918175649,4.78965891122149,-4.620782806596906,-0.28817850358579966,0.5386017582523737,9.640965230321738,1216,2,0,0.1536,0,0.0097
0.12507117991936328,0.2868319831645135,9.917071033510291,2.101481298924962,-0.33826188481091657,-4.559000470460807,0.12507117991936328,0.2868319831645135,9.917071033510291,1217,2,0,0.1537,0,0.0101
-0.008787061770278486,-0.20440506031414934,9.838062485085018,3.020924283498493,1.2378119614328087,4.716557485136238,-0.008787061770278486,-0.20440506031414934,9.838062485085018,1218,2,0,0.1537,0,0.02
0.14239761695643632,0.056064079679590845,9.919422503864205,-1.0761423573805844,4.988757384158641,2.369147679337468,0.14239761695643632,0.056064079679590845,9.919422503864205,1219,2,0,0.1537,0,0.0248
0.27930504837616577,-0.12436609223037166,9.562953633745932,1.2071666389359539,1.201194153072296,4.167783059782573,0.27930504837616577,-0.12436609223037166,9.562953633745932,1220,2,0,0.1537,0,0.0544
-0.08118735259702249,0.3466655015231939,10.056656538087836,-0.011408381286673777,0.57583238714361,3.4081994480846536,-0.08118735259702249,0.3466655015231939,10.056656538087836,1221,2,0,0.1537,0,0.0544
-0.40242155086219017,0.4338341289282548,9.817619449000656,-3.435348100677013,-1.4053823206810334,-2.3439713263260566,-0.40242155086219017,0.4338341289282548,9.817619449000656,1222,2,0,0.1537,0,0.0144
0.027547086782218375,-0.024316006360410206,9.979444326307288,0.3409818225150925,-4.785804752412376,0.8420045939087816,0.027547086782218375,-0.024316006360410206,9.979444326307288,1223,2,0,0.1537,0,0.0344
-0.564422166292841,0.4600013794502381,9.904392057800727,-2.6865672880998797,1.5409571078527082,2.7583714709871816,-0.564422166292841,0.4600013794502381,9.904392057800727,1224,2,0,0.1537,0,0.0031
0.030755088971215067,-0.005902975832517767,10.063114535735364,-1.5515666900677325,0.321775444246175,1.9721348392876452,0.030755088971215067,-0.005902975832517767,10.063114535735364,1225,2,0,0.1537,0,0.0031
-0.012730326499542272,0.22040527663085935,9.548555721020147,-3.1749193299873513,3.874250209103685,-3.924240779803509,-0.012730326499542272,0.22040527663085935,9.548555721020147,1226,2,0,0.1537,0,0.0031
0.21268412780449172,0.06305989364254261,9.923890245866241,0.5654530548124808,-1.0766137242060614,1.2630021630245583,0.21268412780449172,0.06305989364254261,9.923890245866241,1227,2,0,0.1537,0,0.0134
-0.0920938598616366,0.19578811959679607,9.867399167047198,1.4149304885602185,-2.0375788921492615,-1.6871287504603925,-0.0920938598616366,0.19578811959679607,9.867399167047198,1228,2,0,0.1537,0,0.0146
0.3810474254339938,-0.17081660352119432,10.101934141196244,-0.3873904679955364,-2.006633523624091,1.5555746403959012,0.3810474254339938,-0.17081660352119432,10.101934141196244,1229,2,0,0.1537,0,0.037
-0.11255968744842498,-0.13168309855880903,9.391752898639272,-0.44560184810904885,-2.841167335705955,-1.5305200177333196,-0.11255968744842498,-0.13168309855880903,9.391752898639272,1230,2,0,0.1567,0,0.0457
0.04387386461660958,0.2404416709920491,10.025297765843025,0.9705939908413537,-2.208910454503022,0.522055505082103,0.04387386461660958,0.2404416709920491,10.025297765843025,1231,2,0,0.1537,0,0.0459
-1.0304714153094692,0.2443064233251063,9.698661331611088,6.840877331798492,2.868592299036164,-5.566405426915083,-1.0304714153094692,0.2443064233251063,9.698661331611088,1232,2,1,0.1395,0,0.0415
-0.03931773390615819,0.13886299213460748,9.935330209874438,2.925101441735178,0.5251510167109937,-0.15657122810850427,-0.03931773390615819,0.13886299213460748,9.935330209874438,1233,2,0,0.1537,0,0.0122
-0.3317277224661491,-0.2207598344419808,10.163914812490116,3.105968048171439,3.8758376058033672,-4.354962505560093,-0.3317277224661491,-0.2207598344419808,10.163914812490116,1234,2,0,0.1537,0,0.2618
-0.24698913741111075,-0.000325846795127814,9.853132893865862,2.248918741607141,-2.1324828819330435,-0.32662982996814416,-0.24698913741111075,-0.000325846795127814,9.853132893865862,1235,2,0,0.1537,0,0.2511
0.3811868716074555,-0.40704603912614373,9.672194204546765,2.4055385262086713,0.0079371073643425,-0.9009199655730915,0.3811868716074555,-0.40704603912614373,9.672194204546765,1236,2,0,0.1537,0,0.2713
-0.22263904845205348,0.06772501456575847,10.153101249962447,0.03337420700432186,-0.032352463948002716,-3.3136236366652883,-0.22263904845205348,0.06772501456575847,10.153101249962447,1237,2,0,0.1537,0,0.2772
-0.005604972947477601,0.18431915932121648,10.093903023529775,-5.998283505466775,0.9340761521124614,0.9614164072808307,-0.005604972947477601,0.18431915932121648,10.093903023529775,1238,2,0,0.1537,0,0.2771
-0.350784431908719,0.23235852811017352,9.953224574880243,-1.9624791329568425,-3.3586935032121774,0.14804020065048645,-0.350784431908719,0.23235852811017352,9.953224574880243,1239,2,0,0.1537,0,0.2879
0.2797151878634426,-0.0968497248748293,9.493202825313846,0.4038515325170057,1.9618652944734896,4.306627481648573,0.2797151878634426,-0.0968497248748293,9.493202825313846,1240,2,0,0.1537,0,0.2874
-0.154145803710023,-0.2360199671736875,9.52345196530611,0.5315068052443429,-2.6181831520658827,-3.7303811126667115,-0.154145803710023,-0.2360199671736875,9.52345196530611,1241,2,0,0.1537,0,0.2767
-0.48887178244842133,-0.23920979081071672,9.682865839706206,-1.346720707280428,2.152859019519814,1.5700282633109799,-0.48887178244842133,-0.23920979081071672,9.682865839706206,1242,2,0,0.1537,0,0.2674
0.4241885735521407,-0.4479024810996281,10.013235684291347,0.31940571152601177,1.5860749927840698,2.2992889951934568,0.4241885735521407,-0.4479024810996281,10.013235684291347,1243,2,0,0.1537,0,0.2947
-0.07427660416525231,-0.18228407756357004,10.121573861018472,-0.855783259650428,-3.063757855703952,1.53613979286878,-0.07427660416525231,-0.18228407756357004,10.121573861018472,1244,2,0,0.1537,0,0.2874
-0.2588889257115686,0.3754652495398894,9.929856313448973,4.8932656493230375,4.119317239036968,-4.464821188892735,-0.2588889257115686,0.3754652495398894,9.929856313448973,1245,2,0,0.1537,0,0.2783
-0.3056940273591498,0.19376930699988995,9.642482735506709,-0.5846818543698711,-1.601606903362122,1.3849007156364592,-0.3056940273591498,0.19376930699988995,9.642482735506709,1246,2,0,0.1537,0,0.2695
-0.5986125359390805,0.31498396134072987,10.044534466472218,0.698785893261355,1.307191387980051,-0.05672058223130606,-0.5986125359390805,0.31498396134072987,10.044534466472218,1247,2,0,0.1537,0,0.2892
0.2158151262708717,-0.2607947740029212,9.735700334656531,1.4421490371078822,-2.494644476421041,-0.722010228197971,0.2158151262708717,-0.2607947740029212,9.735700334656531,1248,2,0,0.1537,0,0.2692
-0.20732825416594702,0.06988533228330154,9.658055646808135,-6.351476561809227,-1.0272704035000817,-0.23287511300139332,-0.20732825416594702,0.06988533228330154,9.658055646808135,1249,2,0,0.1537,0,0.2692
0.0709731156517531,0.012745376696857358,9.756407424510279,3.7154395897847516,3.557010429498718,-3.873532583646264,0.0709731156517531,0.012745376696857358,9.756407424510279,1250,2,0,0.1537,0,0.2892
0.013464760927497436,-0.07219145398705697,9.876187710372951,-2.6485280622469674,0.988715430740434,4.674104327491252,0.013464760927497436,-0.07219145398705697,9.876187710372951,1251,2,0,0.1537,0,0.3092
-0.3002521061582191,-0.360783814813225,9.820299631170041,-3.1485177922864276,0.10713484560221445,-0.8467842795618314,-0.3002521061582191,-0.360783814813225,9.820299631170041,1252,2,0,0.1537,0,0.3084
-0.7983695484392507,0.16822593046928583,9.832110803437162,1.8540010582069324,-1.450569883065576,-3.0050410429136996,-0.7983695484392507,0.16822593046928583,9.832110803437162,1253,2,0,0.1716,0,0.3383
-17.870053197516306,-14.028372715808631,5.227627569326081,287.73033070836067,-192.70615781259548,-179.44683572171925,1339.4154466936022,800.3429272188624,-321.86384024291175,1254,2,2,1.0,2,0.51
19.048782589985013,10.428173657927406,4.8103016654086534,233.17023019718584,-191.37791552267458,-140.0296901403265,1780.200658629715,1067.1192992817653,-383.3015753069742,1255,2,2,1.0,2,0.62
-15.915949077868731,-15.320384221120245,3.186850510101875,258.56203919410405,214.15226128064933,-133.26380803735594,-1749.3270882363604,1024.7262992739747,-275.1779238344666,1256,2,2,1.0,2,0.73
