ax,ay,az,gx,gy,gz,hg_ax,hg_ay,hg_az,ms,true_label,p1_label,p1_crash,p2_label,p2_crash
-0.028594673682752328,-0.06612524647872679,9.389857401548092,0.8056637029311811,-0.7642207592494249,-5.366419172542817,0.017409368492400462,-0.13698071095710473,9.437877397576013,0,0,0,0.1513,,
0.15229478267673532,0.2475299544207472,9.80407979066334,-2.9548493852087034,-0.9122374487410401,-3.0638799580064253,0.1764758664512671,0.2828294963373761,9.819991026557117,1,0,0,0.1537,,
0.29434386716652733,0.6186636044799136,10.223409769592791,-3.6543342833625116,2.1644906887104174,5.331326045639776,0.27792084733694,0.6170501399057523,10.24300715754409,2,0,0,0.1521,,
-0.06625526084086902,0.03732588479483355,9.870762549112657,-0.22515078508740777,-1.1756155572112568,-2.0519011107363703,-0.11386155188476005,0.01944093149570084,9.894479943019677,3,0,0,0.1537,,
-0.3243630015288099,0.06662140411821886,9.858992723917018,0.28088239917443497,4.2135901503599325,-2.6850455624467546,-0.239125975084477,0.11803729459228382,9.8984193127261,4,0,0,0.1537,,
0.4712541446539336,-0.0716861531375945,9.804825902336137,2.4581094979357774,2.667340201145995,-0.17298541232415088,0.5349949344017131,-0.04118018028140957,9.762604213567515,5,0,0,0.1537,,
-0.00960873389252955,-0.2000260249203771,9.699164535466542,-5.298152919263533,0.8822618195874015,-3.5266295963476555,0.01660460590424001,-0.1829271853062298,9.591332416683667,6,0,0,0.1537,,
-0.4322177613644527,-0.2801671064210908,9.789496422956338,-2.6691524882520423,5.495459845145138,0.09863960046870222,-0.33853907614960865,-0.23058298946910913,9.814079665256479,7,0,0,0.1537,,
0.11155904606830239,0.6286997686670664,9.667361670187702,2.1296831417533544,6.647156780070728,1.9225963663762107,0.08271819992442325,0.6175395691880287,9.661177102831473,8,0,0,0.1532,,
0.04145832420175125,0.3589773491123645,9.643566171640183,3.325067581146131,-1.7235794073386086,3.2215556313543736,0.006281891470009189,0.3356284248625626,9.621836450163604,9,0,0,0.1537,,
0.29027626943910445,-0.1768672964462071,9.777280813058354,1.283214652321643,1.790770543126599,-3.1392787290055937,0.33627350547992146,-0.1933725925732811,9.77264564514017,10,0,0,0.1537,,
-0.17119746374529876,-0.026218813601601502,9.91233507115532,-2.226382178962647,0.1329923890039452,-4.237437036516314,-0.19846392991907713,-0.06957318016045234,9.953307490098657,11,0,0,0.1537,,
-0.04121022988486202,0.3962325966789282,10.165386636301248,3.4924211866819235,7.0663796294688,4.421981721883526,-0.08164533381866129,0.4392731871265318,10.136897101426264,12,0,0,0.1517,,
-0.060376941906058426,-0.2953859226817546,9.914717180706628,-2.472700991961699,0.38614221186363884,1.384381163615543,-0.047767458864261717,-0.3048058615292131,9.944102690699404,13,0,0,0.1537,,
-0.10713354394941262,-0.14328421860900395,9.683293248783713,-1.8764976900322616,-2.6109468322780107,-4.1921963496289205,-0.10727725005440496,-0.19810001567451316,9.750102576798685,14,0,0,0.1537,,
0.048317658988246144,-0.34326320836994306,9.78616233571363,-1.0664367087413589,-2.064380254031051,-1.720195420579503,0.039930622164729146,-0.3695791599020757,9.877904588487002,15,0,0,0.1537,,
0.29921035313646194,-0.29128503709361936,9.661564089498011,-1.878493140924034,1.8513432674956856,-1.6730793739016794,0.29086434775169145,-0.3344059838043855,9.675477092804238,16,0,0,0.1537,,
0.2475717518804818,-0.3002017592078967,9.693065390646666,2.1425327738637776,2.4570920977827844,1.1171637916063315,0.21355392596094602,-0.3118730534164956,9.630776195478134,17,0,0,0.1537,,
-0.5881682145505268,0.03341839785556391,9.781012887392365,-1.6842423501875898,4.874083526093845,8.327928122989102,-0.4818489209955336,0.03675921696707251,9.820032395289058,18,0,0,0.1484,,
-0.1297352057165633,0.42252615791522863,9.696369980760549,-4.806758165385512,-0.6673820943053632,-4.2309172560818835,-0.12503304644866448,0.38769788627956436,9.666825369446896,19,0,0,0.1537,,
0.34460688514063365,-0.14495905457211747,9.833498410611003,-6.695810762710755,1.8570387785528961,3.6821891484511635,0.4107237296376828,-0.1118979713458324,9.801389123604977,20,0,0,0.1537,,
0.372373286726144,-0.263720146642743,9.752755157713077,-1.8397220196911663,5.462017500755009,-2.607440110801183,0.3304304524152586,-0.2487036485929318,9.755753878698393,21,0,0,0.1537,,
0.11409989690141159,-0.04336422253606277,9.823446255208475,-0.021142020046441244,-0.9655999047425359,-0.0825033257555012,0.04200680390710722,-0.02484074365438607,9.909893037276024,22,0,0,0.1537,,
-0.3126957733649845,0.2478336981797568,9.878710259915211,-7.325968392605355,-1.5104231836955022,0.9421177512374751,-0.40116412511919247,0.2506827371739857,9.902930804554563,23,0,0,0.152,,
0.1754588582833292,0.11929122521286707,9.741909750751354,-2.9246124004618492,2.863319567959939,-1.4474599753025048,0.2158350960832186,0.12837202734391204,9.801770148046174,24,0,0,0.1537,,
0.18233337788528212,0.027484311141951396,10.09435926225113,-1.012093916718161,-4.647138404612722,-0.58830740489883,0.18406282883018618,-0.03390958765817234,10.12994425132757,25,0,0,0.1537,,
-0.24884177725126577,-0.5011480749905848,9.618640775536543,2.007631981136538,-1.6485347344981993,-1.479337925739491,-0.2908620100493894,-0.6186474003666727,9.617019087381323,26,0,0,0.1398,,
0.6041749132701115,-0.40551380751932387,9.48888453488034,-1.8419870060662151,2.0470498179794068,1.1451570311730688,0.627189116877341,-0.4576513863305328,9.487792874996906,27,0,0,0.1552,,
-0.27253493216902946,-0.22393638724787587,9.905018105798511,-1.7255252771239382,2.0317859237093234,2.760467591608094,-0.3256005479701676,-0.3036391461815008,9.936577649151511,28,0,0,0.1537,,
-0.39605272223069804,-0.1913537151211412,9.664466187329078,2.70925064391557,-2.3742951009281996,-3.0080502746938995,-0.4424956831661058,-0.11004968436982619,9.667815388846053,29,0,0,0.1537,,
-0.06755016027244955,-0.36231372178841775,9.818337223631024,-4.100747039143796,-2.064742836742426,4.974629038294607,-0.05654726815240201,-0.4397536593593252,9.823322251607202,30,0,0,0.1537,,
0.3479475321408118,0.17305969955026188,9.49945946737178,-7.7841919478481305,-0.3925622413368418,-0.9018339276351629,0.33813394094429283,0.09441185623308282,9.43859209408997,31,0,0,0.1488,,
-0.08328083413689945,0.3383955936896982,9.776125751617924,2.042756543259962,-0.09829841992683763,5.020228290604148,-0.04591326690949514,0.42562932151382216,9.781272906051292,32,0,0,0.1537,,
0.1376571697985114,0.211130514014035,9.904768877166513,3.9254865939964567,2.2013467841132974,-0.6224324168654981,0.12807625484316376,0.18986882703281627,9.980348756619907,33,0,0,0.1537,,
-0.5472599639755598,-0.06788530969132384,9.73631862640178,-2.8419326790933943,0.27939609846135655,0.7193972222774107,-0.5073893302311379,-0.12198297837831208,9.819951364337031,34,0,0,0.1537,,
-0.40926049892692457,0.09876001477175221,9.753393381830822,5.027959471587633,-3.11049310418906,0.6828635781786792,-0.3748928647110248,0.10272986956037147,9.804743949516117,35,0,0,0.1537,,
-0.10249336051457315,0.23229746985639602,9.552157476864076,-3.9453136328843756,-3.363063733277153,1.5577456001779126,0.004897779630330862,0.26868480928475696,9.513012802901358,36,0,0,0.1537,,
0.17839945756636533,0.05411849931176762,9.761784420428945,-0.4547228372439618,-4.770963944094021,-3.457234526162992,0.19614171874416952,0.048122447477792166,9.786288045060592,37,0,0,0.1537,,
-0.32585891919049687,0.21102941553590238,9.956299252611686,-7.164282017718594,-2.127928944879926,2.621810412174129,-0.3177058124020438,0.12368559548018428,10.038074090909625,38,0,0,0.1522,,
0.35811581111369484,0.6651061522216362,9.331665768898382,3.789040260959623,-2.5576732016601214,5.440657680083076,0.44829591114752254,0.6416208009795716,9.368014735165282,39,0,0,0.1465,,
0.07228260615547129,-0.16023408396595618,9.609533336541729,1.2621231141374007,5.569968588708601,-0.11293515572829074,0.08573710109090002,-0.12879585739381852,9.629504686965738,40,0,0,0.1537,,
-0.04656939660957283,-0.6711377386951731,10.149026847669596,-1.0487267250125831,-0.840132725411769,-4.39728866948355,-0.010662844417587226,-0.710432247762408,10.233089391075417,41,0,0,0.1395,,
0.43690635239061676,0.41856758462024446,9.794956981172415,2.3220705248567595,2.4100035246973346,0.5032246620291326,0.44460947615466406,0.38448830128077105,9.870483508455086,42,0,0,0.1537,,
-0.04175091579832522,0.3974039431402511,9.71120277817146,-0.7087994165349056,5.659020961674568,-4.49084837739194,-0.026531583125257344,0.38370508630507466,9.65981795299941,43,0,0,0.1537,,
0.21473852293288073,-0.21518551434102842,9.82693273711217,0.011512470892572749,-0.7538267386976146,-1.9387158482089915,0.22563010941261408,-0.2228739429093856,9.882112026413727,44,0,0,0.1537,,
-0.053526574115363955,-0.3669718881168369,9.971694863827905,-0.003254043740876884,2.1356237183039344,-1.7636341902041561,-0.026001822141524602,-0.3405997590217334,9.923541345027528,45,0,0,0.1537,,
-0.5095254572857562,0.4524011882999513,9.862527237538016,-6.397145483902586,0.38326421040671355,-3.892589337975137,-0.4857739593037512,0.39446103203257254,9.885428429985218,46,0,0,0.1537,,
0.11989997175616494,0.4749139844020418,10.014494393628187,1.3156559115167945,-1.534596053124384,3.3966917715332836,0.12265691671938733,0.5392538226229684,9.979620143031369,47,0,0,0.1537,,
0.2837467748049069,-0.1140896138374163,9.845693908578008,-3.105688482162344,2.946433049254501,-2.9980973194800353,0.2931673913415106,-0.10074475244433902,9.865268590574349,48,0,0,0.1537,,
0.15212258972483508,-0.22864169433572634,9.570013346844007,-4.969578119451594,3.6187706946968916,-1.1126230484424322,0.20586230714776177,-0.14264001060718207,9.541508387666939,49,0,0,0.1537,0,0.0104
0.1533956737155176,0.010374119638649764,9.845993227596166,0.20384349247510475,-2.007084128346487,-3.094020669825274,0.14870124319867462,0.026409758683967895,9.822141480532089,50,0,0,0.1537,0,0.0393
-0.05660793469474349,0.5344745899980156,9.939702701705738,0.7067726805880441,-4.7268988277033035,2.180667313981986,-0.11049308266078126,0.618286564028438,9.851979400712382,51,0,0,0.1532,0,0.0295
-0.4469301833690477,0.5320471201710383,9.605359836945013,-2.2086192133384746,-2.6934001630967632,2.382179323547246,-0.4277435135382747,0.4207254839775592,9.574892088593803,52,0,0,0.1536,0,0.0104
-0.6033104700704954,0.2784700453919577,10.239824619504095,-0.8545065888009096,-3.507905885205173,-2.382888750662483,-0.5791289758459947,0.2846507033374884,10.313288164096576,53,0,0,0.1124,0,0.0193
-0.10500415196437585,0.21757761746123624,10.35107516031869,2.4750779649243957,-1.3658815257399213,0.9139337811696373,-0.0643797433890288,0.21346306630272507,10.322583064507322,54,0,0,0.155,0,0.0212
-0.03803006438028907,0.2274903997853058,9.730660268233049,2.7249929312975034,0.34504471902218586,2.5069246109079817,-0.02152754416633277,0.17630343500197998,9.634976912918956,55,0,0,0.1537,0,0.0235
-0.10302969092736398,0.2838723909745069,9.890964067827808,-1.8622238759421694,-2.4679323980506127,-2.3453292215430706,-0.11241117580975593,0.2081082388826811,9.901578055641908,56,0,0,0.1537,0,0.0235
0.18596673906935904,0.07655544032521482,9.763119756221586,3.3555893379595565,-1.170708557441285,-5.7090295761605425,0.1981546230325303,0.11133950203042996,9.790913319242327,57,0,0,0.1537,0,0.0235
0.4705487437359246,0.1963491722729826,9.828993727582848,-1.7174166810306941,-5.765106821892192,3.9776589165723335,0.445934363073283,0.22363577848365537,9.749586801996147,58,0,0,0.1537,0,0.0524
-0.4005859680848315,0.16300887885520213,9.376160316140751,-1.4145612569643384,-3.860895142246707,-5.409124735101776,-0.4025277489661082,0.2150208387600705,9.357840501151614,59,0,0,0.1465,0,0.0111
-0.07345529279311049,0.1607273743251257,9.624104352107732,0.6838537448434463,-3.5107282465012792,3.4575888044532306,-0.1039682303447753,0.14102990805932847,9.688806830938812,60,0,0,0.1537,0,0.0114
0.27927591923896333,-0.17135073471070777,9.75350183010177,1.5125647793007326,0.5217481812649463,0.734227197122706,0.2774755599755517,-0.20796963337086755,9.764087412680597,61,0,0,0.1537,0,0.0011
0.23177669761755276,0.08150203184364742,9.711356583243143,0.9506900845175977,-1.512587993234817,-4.313973279047678,0.28171297668042605,0.11219141668743224,9.721543273889663,62,0,0,0.1537,0,0.0116
-0.4060657824936846,-0.01779756620955784,9.872245070632365,-6.7916752967331515,-1.4739028966183612,0.22372028390811544,-0.490558033446992,0.03918872149047983,9.907621150522093,63,0,0,0.1537,0,0.0111
0.2051506895304038,-0.03670738447848993,9.910533487330335,-5.119218199697086,5.822221543056214,10.727893842336238,0.2303714402553964,-0.035849884710798995,9.956139317399007,64,0,0,0.1536,0,0.0312
-0.5123570384345444,-0.30336029576361306,9.454094874697509,-6.679865781825708,-1.6190814020761672,-2.0684124426837154,-0.4634407758829864,-0.2859366114475354,9.504817098745159,65,0,0,0.1537,0,0.0212
-0.01888693695965032,0.2011852799379483,9.565380030814008,-5.863359218353011,0.7302269035131885,1.476947283124679,-0.04336724722151471,0.09902455639082562,9.541363331709888,66,0,0,0.1537,0,0.0212
0.19697418053235838,-0.07748102324337629,9.499558596569397,-2.8374404164627425,2.7873153848292427,-4.004662832754518,0.23886647411467693,-0.09708485010706921,9.469214868739185,67,0,0,0.1537,0,0.0223
0.2980707312590417,0.3451468429583607,9.797871954813354,-6.696671757380736,-4.488007955284633,2.656108394219939,0.3006733458862274,0.3257341188024688,9.749345124035532,68,0,0,0.1537,0,0.011
-0.14011641289588309,0.29814132495579615,9.790146589538288,2.768139106862603,-2.9329768108034027,-3.768405494331783,-0.1257297741658024,0.28520708905723885,9.803408830705074,69,0,0,0.1537,0,0.011
0.02919834534940654,-0.05351297395110693,9.887676245540906,2.563877248315549,-2.8532982051772686,-4.073784307531588,0.07419092182100315,-0.05389776992081875,9.857186071816143,70,0,0,0.1537,0,0.0117
-0.3111051165812824,0.5882408741298436,9.849468641160223,-0.6571484132964949,-0.24317089661310817,2.265820342728958,-0.24849579900709862,0.6675392216181468,9.801724278392111,71,0,0,0.1531,0,0.0072
0.2862249117795173,0.3172671412830685,9.791344182198804,-0.4814820834683329,1.79726698302193,0.15359299998512574,0.2752676757751155,0.3440461683021301,9.786711018835003,72,0,0,0.1537,0,0.0019
0.22437327191575587,0.02292665842480027,9.842849740812115,-1.023167472424399,-1.4735408521972988,-3.0498224196467363,0.2159199718289884,0.030489508571912717,9.86437247373783,73,0,0,0.1537,0,0.0119
0.45276302022630527,-0.1064905414884358,9.949544795776939,-2.434755041961175,-1.1349246857812245,-0.4219571382433444,0.5110920670756423,-0.11537727598167744,9.979359681114675,74,0,0,0.1537,0,0.0119
0.07767311976647544,-0.23613338842014148,9.805184213668799,2.3459197576068003,2.0777876499253756,-2.64296872944597,0.1543554702471356,-0.3187597535318996,9.799246964329246,75,0,0,0.1537,0,0.0119
0.09734126694947223,0.04574975929732462,9.646990270639764,2.0962484947801974,-1.1900999447126501,0.5433900056932739,0.08146723399837218,-0.0006817213875808872,9.588356598617242,76,0,0,0.1537,0,0.011
0.3362267532797146,-0.4717771283819573,9.89877100696527,5.200501489516892,-4.056256860755926,-3.164792467213263,0.3748900407530521,-0.4810862771545435,9.920131267184217,77,0,0,0.1537,0,0.0269
-0.3334983619410359,0.04728393750763366,9.629223933597666,-0.07298859495992095,2.234011528001329,-2.9586533902108125,-0.3775143055238045,0.021320290980170842,9.70178917240455,78,0,0,0.1537,0,0.0269
0.021565211834450877,0.12702795535741318,9.753965123868095,3.048437883123497,1.2347135498739603,1.232889660365202,-0.01334829201887703,0.1520591055668093,9.797137470988122,79,0,0,0.1537,0,0.0392
0.2013179246706861,0.42469776064763937,9.669620209382938,-0.29474781586539545,-5.815036769948201,-1.2954134714765915,0.2443152289815341,0.399241614582799,9.691761284817728,80,0,0,0.1537,0,0.0288
-0.1117850377095186,0.0887913858196179,9.520694204876362,-3.4866317271188603,-2.6486857208052257,-0.562555682507228,-0.09320608511686868,0.019404052609447928,9.524160515460112,81,0,0,0.1537,0,0.0434
0.12886778062312945,0.4117816138596396,10.10288238889919,-0.30514173858983556,-5.251972501495364,-5.403197242294414,0.14939182071849585,0.4084507850632358,10.169889604624611,82,0,0,0.1537,0,0.0587
-0.17964670267672225,-0.17796478438106691,9.910711547815604,2.6513998559428864,1.3910303366533967,-0.3596782397197439,-0.18960344917467686,-0.22878435072408293,9.828594595202917,83,0,0,0.1537,0,0.05
-0.06955616438734234,-0.32810278597448395,10.030504261805858,-1.3574672205734717,0.6190633841124057,-1.8105471629560972,-0.06009910167650788,-0.2896561644726966,10.098162891679673,84,0,0,0.1537,0,0.0431
-0.30240541845833313,0.32222929421076746,9.878692242288915,-0.9687422251098343,3.49259979385596,1.940706771578954,-0.34704620385258866,0.28357236567484967,9.960310066677083,85,0,0,0.1537,0,0.0445
0.05116418654117048,-0.04507848242312671,9.486012395941797,-1.4584528585774394,-1.6004536336013362,-1.2889298134475091,0.16943643919608103,-0.0340603273047782,9.481156783315019,86,0,0,0.1537,0,0.0323
0.279566765217364,-0.17921003132364458,9.576340861554687,0.853190695049536,2.0943173051778357,-1.7722330722509536,0.2887788614880943,-0.15542097641504382,9.503097223967051,87,0,0,0.1537,0,0.0331
-0.3044811739539099,0.15218722436553694,9.854623148434333,0.6798868976979938,-0.4077843569578605,-0.23956878934036693,-0.2896865481378863,0.1705463132001757,9.905679902450094,88,0,0,0.1537,0,0.0431
0.024324012351782096,0.12013890602894772,9.889313294957596,-0.5284288180994046,-1.227102399444945,3.065854092805907,0.02995960084428888,0.1540283224502778,9.857769715768779,89,0,0,0.1537,0,0.063
-0.19738674391030894,-0.2048647004734695,9.788286461613493,1.9427290721216206,0.6880912616031888,0.6541998643255722,-0.1602856886849428,-0.16660949917128798,9.849769504467048,90,0,0,0.1537,0,0.0429
-0.03673352154293732,-0.040585993663023,9.832962451265887,6.814797452647609,-1.4188406967450038,4.6107946367808905,-0.040485160443947926,-0.03073138291841895,9.810828491090303,91,0,0,0.1524,0,0.0386
0.23150089754989664,-0.38647877694906635,9.648290035486285,0.4845958702743304,0.14921691304568446,2.3660730612386205,0.25137289012633107,-0.4012752193512916,9.712707034247854,92,0,0,0.1537,0,0.0536
-0.10475298245372527,0.05859561423257072,9.782856055666958,-1.1575491629229158,-1.0744974591009435,-6.78995024861229,-0.11177912415622049,0.04012801108401819,9.861482181002225,93,0,0,0.1532,0,0.0596
0.21349832556871443,0.2764587727228477,9.813577875662702,-2.2137993076406977,-1.9845702074494447,-1.3487668964393476,0.2231226000225846,0.2768545194582418,9.856546301974992,94,0,0,0.1537,0,0.0596
-0.7424202134940662,-0.17809525244378102,9.949659571140456,-3.30435256590056,-0.3121818293550971,0.07320194413227898,-0.7211754429484256,-0.20897082613375612,9.890575874745135,95,0,0,0.1507,0,0.0509
0.12031892242442432,0.04409656158675534,9.847921447875944,1.4915702716173271,-0.9985453913919766,4.449872902767111,0.22503496987220672,-0.006214801214568612,9.819536016973158,96,0,0,0.1537,0,0.0278
0.3456675249062961,-0.48831612238056327,9.676864058387288,-1.793230893577796,5.565469643848539,-3.764236678703862,0.29035356717416294,-0.5055888224781093,9.666526115921878,97,0,0,0.1537,0,0.0309
0.05544817610939679,-0.28411630857937825,9.727522603807259,3.3339735215764,-4.723840423216282,-2.755284995826316,0.003840722964606337,-0.32868480804168426,9.758211551888726,98,0,0,0.1537,0,0.0409
0.04382489349721408,0.167632109929402,9.789799168030028,-1.900420483678392,-0.6961888059069405,-4.504813712596173,0.013460816510053979,0.17572360784681704,9.83070515437461,99,0,0,0.1537,0,0.044
0.0762907936704052,0.2795108773967157,9.784796085542594,0.7602432434663238,-2.5007785925808004,1.1604845363798508,0.016702942325659408,0.37311314426871856,9.808344522146209,100,0,0,0.1537,0,0.0246
0.019241883478539112,-0.15762440886606358,9.518541010027748,-4.6799412135684335,0.49330371767373427,-2.868120000936379,0.04620141930066319,-0.16146371821397124,9.535061283616827,101,0,0,0.1537,0,0.0206
0.13522845845492956,0.02103820963271783,9.880116518370556,-5.707212820403707,2.7300618052588757,0.16106627723382275,0.141244100004822,-0.03336216177225442,9.864403681603862,102,0,0,0.1537,0,0.03
0.035848905717959595,-0.4111827148405486,9.900080410381907,-0.23485059614101167,0.45562714545608557,1.5343683769033345,0.0979282569218241,-0.35482330298364234,9.939515657987886,103,0,0,0.1537,0,0.0206
0.7762660270293721,-0.1827342339016049,9.818224161825821,-1.171150617251331,1.366476269641812,-0.10907606745424125,0.7315055472904511,-0.19112739702040663,9.787843978845135,104,0,0,0.1556,0,0.0312
0.4341119411929006,0.326889620334729,9.69382221473515,1.9366790657158923,0.6808830627677076,-3.681046918692065,0.45759607085423387,0.3529186413846989,9.697307091825785,105,0,0,0.1537,0,0.0112
0.3386196169681872,-0.2838565081340461,9.674919598379713,0.294312812917406,-1.3414363345687834,-0.6294969375519296,0.3622194607818382,-0.23958700359634916,9.687124682445816,106,0,0,0.1537,0,0.0114
-0.19417958460187523,0.21921069402870788,10.015485229199182,1.126548809810483,1.58020574151849,2.750253981772419,-0.21728034468711793,0.2751965210037238,10.003536684944988,107,0,0,0.1537,0,0.0208
0.25670481602857764,-0.4253902630319454,9.907493205717854,4.70091544286082,0.665738450242044,-3.2417231280726932,0.2434848346298189,-0.42736627139347305,9.9130425118151,108,0,0,0.1537,0,0.0416
-0.03550274234598438,0.4743053277948008,9.851752937212371,4.728127178762667,-1.9878076453009408,3.981354148794444,-0.07074321157819358,0.4423171532446521,9.852635433292988,109,0,0,0.1537,0,0.041
-0.4598879623500803,-0.15975985565155812,9.847480183839142,1.7989196175015647,4.9447056287575055,-1.647266670533621,-0.40851592069600295,-0.18315128084862697,9.816299430496562,110,0,0,0.1537,0,0.031
0.014845112087329842,0.5752942297398697,9.584368567808905,-0.7316993747640816,-1.8027995816757252,5.049915327887322,-0.003912193681439195,0.6419341974608515,9.562406550713122,111,0,0,0.1531,0,0.0508
0.3868379105238583,0.1698974797891591,9.414978908185185,1.0826634739203094,-2.026482482234277,-0.06522979687184265,0.4724200537949743,0.11503173063177663,9.42270992872433,112,0,0,0.153,0,0.0308
-0.0911907166469621,0.44787568387684595,9.793202443732072,-4.243872064191991,2.155801379869032,-4.853934555040141,-0.10233593430070417,0.6220144872249469,9.955906563868083,113,0,0,0.1518,0,0.0508
0.1424900911556991,0.5064392061396213,9.890146766382893,-3.965752200666973,2.216957999339894,2.030471312629076,0.18643904248791138,0.5240227509422333,9.912859347129599,114,0,0,0.1537,0,0.0011
-0.06489453420270704,0.06366495455704627,9.77636320220571,1.5251842441398147,2.406329415995927,-0.8766256615577758,-0.0643410937352148,0.0021124527214142277,9.70876344107556,115,0,0,0.1537,0,0.0015
0.06491574888970399,0.2006479113900377,10.050459733133236,2.288805345403762,-3.9994558361347687,-2.2785006461677595,0.028230431463192977,0.16211414669687788,10.068286385714186,116,0,0,0.1537,0,0.0116
0.0909493096275292,0.5458810010537033,9.6560529878697,-0.6130905532499376,-0.7876337803816382,-1.8147806181917634,0.030184331533736813,0.569824907486847,9.707622641219153,117,0,0,0.1536,0,0.0011
0.2418538536626984,0.5383046600074328,9.316608368101422,-4.658060923095905,-1.641452755040127,-2.1096930943210994,0.2978719325857798,0.480197815619146,9.33486743393225,118,0,0,0.1456,0,0.0016
-0.326097657829467,-0.36782001132201764,9.978530543125224,1.0516049365765194,-0.638916618814405,-0.1873269721188943,-0.22137869050695325,-0.2684102310380053,9.922132015433798,119,0,0,0.1537,0,0.0016
-0.30781953876616047,-0.11445211277195869,9.688507028952966,-1.8756309968555223,-6.6326069987252705,2.229178564738684,-0.30691100955882183,-0.1616950254343642,9.728777324357148,120,0,0,0.1537,0,0.0016
-0.08375756202366368,0.014013592774648078,9.796214177107343,-0.13153343174323817,1.846570265710843,2.2684249117147917,-0.07266305096726977,-0.025284656200545326,9.775616453628125,121,0,0,0.1537,0,0.0016
-0.12794893397080603,-0.3784666504111878,9.919281485039852,-8.541947555722762,1.55066435038144,1.2629800241494702,-0.13165640122297334,-0.352860348594353,9.92773419513002,122,0,0,0.1458,0,0.0015
-0.5527766957471576,-0.20364375066421683,9.66774636529488,0.7973377744930328,-4.8175425053986345,-0.40287007050929996,-0.525966908443517,-0.22685896966403596,9.659662741827823,123,0,0,0.1537,0,0.0015
-0.09264415003274283,-0.2491654072455542,9.788674730138082,-2.9863451207240335,3.9712488025331742,4.0239546599303715,-0.04513314125728875,-0.2973867081721599,9.819766294527932,124,0,0,0.1537,0,0.0015
0.035179976769172124,0.4137035912000763,9.818928849021422,-2.4057546110535086,0.2692006878993906,-0.5235901088457631,0.012994063763003924,0.46055366578431384,9.81930897055971,125,0,0,0.1537,0,0.0015
-0.10659861209504258,-0.09718412252522389,9.90150814067368,4.302712546211058,-0.3358769430915619,-0.5508287385372441,-0.13408513377607548,-0.0748853939545027,9.923473571431773,126,0,0,0.1537,0,0.0015
0.3774324575871558,0.8127896739820862,9.799304713776092,2.553476918680577,1.0924988479857518,3.444784786093793,0.47232784253826865,1.0038531332794138,9.92699031874436,127,0,1,0.0715,0,0.0116
-0.057708620487746776,-0.03500688163589995,10.020275468920218,2.6423874587735976,-4.096484252426467,-2.9805967879465607,-0.07509991435013977,0.05544953876652893,10.068337468856031,128,0,0,0.1537,0,0.0131
-0.06290845278981046,0.2359260960428897,10.194562126786595,-0.6549067631081436,-3.3478623745551386,-0.4944121570915195,-0.09961445232838068,0.17904780863371056,10.215266186340616,129,0,0,0.1526,0,0.0141
0.5220569248350894,0.14621875945224758,9.985432181053268,1.0386489449748657,2.5468105501688516,-3.062012327901927,0.5657807101021459,0.18559570518286944,10.026671760909368,130,0,0,0.1537,0,0.0035
-0.13275735827266272,0.054423849313995076,10.000070799619136,0.3238709805977448,0.8336436569745793,-1.773247873268989,-0.17142149727500303,0.03503193841881333,10.03555572939028,131,0,0,0.1537,0,0.0021
-0.19688965375666248,-0.4312501529604113,9.689357400662251,2.8708663235456626,0.4846567071743427,3.1549811262524994,-0.13653145298444466,-0.38868945288850665,9.570362662699214,132,0,0,0.1537,0,0.0033
0.22702205788509322,0.41255094689717753,9.659486370284466,-3.91779297010835,-4.3662661765340385,-0.9209999054578217,0.2726336204899095,0.433436001610852,9.704880250420748,133,0,0,0.1537,0,0.0041
-0.6617418064399638,-0.009951684316231028,9.48427216202354,-3.485841224659949,3.0375544249854114,0.3565444627271775,-0.7303679106580623,0.0007772775172521403,9.550124288498965,134,0,0,0.136,0,0.0223
-0.1543985591831534,0.1255715234446051,10.265151843445839,2.355944535579689,-0.8224906845221306,-4.696690366930014,-0.13592411474250973,0.060391587156479076,10.24307737209787,135,0,0,0.1527,0,0.0249
-0.04452069447041392,-0.005256192796273322,9.963403855841769,3.474651097475764,-0.8886197916388989,-0.9191532099483192,-0.040443404262150005,0.011446691330033301,10.041007503588874,136,0,0,0.1537,0,0.0207
-0.08239112353620758,-0.11356963877418119,9.856546589133103,1.4717741247512817,-0.8775062883864752,0.2007110755787413,-0.04141444687721114,-0.14121600076957874,9.77991089890927,137,0,0,0.1537,0,0.0229
-0.10891967547537117,-0.003788998982920558,9.966926445681791,3.2782047162103582,-2.380031094496449,-6.2144149510968525,-0.12964179002512835,-0.059842153785375295,9.952991186040578,138,0,0,0.1537,0,0.0305
0.014444654417007438,-0.2709125724417778,9.780413765458505,1.166734141907907,0.9051473546958573,-3.9840993873164483,0.057015214277010916,-0.26533955492676986,9.724085755315864,139,0,0,0.1537,0,0.0405
-0.3185992441658099,-0.5177261510501306,9.653272421569463,0.4414488303988564,0.7221085670406915,1.1905083453398209,-0.4122862154302524,-0.4991150367321484,9.665654598890615,140,0,0,0.1537,0,0.0497
0.2738150841192139,-0.05069966283278687,9.76414645310952,-0.8399697430973365,-3.7742836404014453,6.086463272403119,0.4136663254366427,0.00799195950017121,9.78146390789334,141,0,0,0.1537,0,0.0412
-0.06913826432088992,0.14590533433205596,9.901377555506718,1.3380542213683357,-3.4566009261749118,0.3233126008756413,-0.04137234213320891,0.07437346973100101,9.885881009280634,142,0,0,0.1537,0,0.0299
-0.4512802513585238,0.40101616257810685,10.021842178738257,0.8513490295459171,-1.231360535885525,3.4623824255171027,-0.486879945644056,0.36900483148880164,10.01312101365641,143,0,0,0.1537,0,0.0098
0.10673474821654165,-0.059188241064424434,9.737262040952203,2.4702083711481393,-0.8260284634783082,-1.7443558621684332,0.18793941422183003,-0.025449826568836563,9.765689195638231,144,0,0,0.1537,0,0.0098
-0.11458800424125115,0.35261380630364975,9.991266723108295,-2.800792845281444,-6.059857405039956,-3.734487843675185,-0.030148554719432008,0.35193720662274847,9.976221229051353,145,0,0,0.1537,0,0.0329
-0.2008998686030069,0.1597220647142413,9.994802125786343,0.4879831307315594,-4.325867492048964,0.5875533220421196,-0.1833985112143523,0.15602897079335332,10.014017668383332,146,0,0,0.1537,0,0.0228
-0.3341895561062074,0.07717984525207754,9.730971820407714,0.6363155192145175,-1.8895629819291664,-0.05208745380761268,-0.33600617084708645,0.10044954000779979,9.68347697848861,147,0,0,0.1537,0,0.0168
-0.5973320531613582,0.04399950033452436,9.664343842097978,0.5092940880247786,2.1711038774551183,0.8360320433460867,-0.7269115047428174,0.08539453307192207,9.730650951584874,148,0,0,0.1094,0,0.0138
-0.006636975679262467,-0.6569220127833817,9.771683334350515,-2.9248597003433767,2.9026810251444544,-0.47913348338111095,0.0259177979798876,-0.6389691066824467,9.729522705670885,149,0,0,0.1532,0,0.0138
-0.16833854949620838,-0.22395352904552993,10.08303845798814,-7.264955100498414,-0.7476334607051797,3.1710642346699935,-0.16640429229048948,-0.18702869211740447,10.11517642286274,150,0,0,0.1516,0,0.0153
-0.285607562626915,-0.1656316977176036,10.255115709469719,-1.2526910938537963,-0.5841807051506277,2.511533373735433,-0.2523125979629473,-0.2438054977216868,10.328975613888675,151,0,0,0.0985,0,0.0115
-0.11385281711824499,0.1115972277469874,9.886928070258083,1.2752518628662164,-1.9083196756083083,0.16865965717931344,-0.1592169203761578,0.14336428610714055,9.87187885774865,152,0,0,0.1537,0,0.0231
-0.032787105862355274,0.27798780770261455,9.938093958729583,-3.3014689450458548,-1.463482836004442,-5.400145767322152,-0.04425664545217972,0.25361728859795063,9.946060185319112,153,0,0,0.1537,0,0.0194
-0.02006468615449781,-0.5169889441723869,9.790938093085671,-1.9868640366692463,1.6246927343010826,0.03151836709421312,-0.03436425595254376,-0.5170304789973402,9.82310246495472,154,0,0,0.1537,0,0.0202
-0.002172139955629734,0.1176456236469876,9.70745690588097,-0.6608998814007189,-3.7387797350697705,-4.382905703184192,-0.02560342207870039,0.1179433691568567,9.833918299181441,155,0,0,0.1537,0,0.0202
-0.09623840705812367,0.39045441060980784,9.952477952548001,3.534413033108316,-0.8005945288334346,1.06294840670724,-0.04222304296434087,0.4416353763633824,9.963577298899676,156,0,0,0.1537,0,0.0199
0.1760739667894813,-0.19060576504040228,9.739607276963344,-2.558032028829753,2.2575457734500697,-0.88164783485286,0.1363228893423976,-0.12806370565162695,9.782562855059904,157,0,0,0.1537,0,0.011
-0.3947064463073222,-0.013122447743795956,10.024807116455861,3.5583730317931668,-3.2649868973815863,3.5904778454749593,-0.3468280296152656,-0.01873401316851178,9.976942320521397,158,0,0,0.1537,0,0.0303
0.10908086072618237,0.5431697294695902,9.914996333095333,5.867442649817535,-4.641273085608376,-1.0744148773357791,0.13758263085457711,0.4769340299457229,9.926417017275103,159,0,0,0.1536,0,0.0192
0.09106155947690907,-0.8520939486941911,9.497458887275357,0.8754341544448037,-4.236207084291462,-4.157562388547561,0.20028456679476148,-0.7729113305899415,9.545248145263105,160,0,0,0.1477,0,0.019
-0.6329081810106804,-0.2271664163476702,9.76272197133492,0.03611676921585834,3.2880897628763464,0.26062335729511094,-0.5952619424954991,-0.21280910368820624,9.765100080621465,161,0,0,0.1538,0,0.0196
-0.08146438615080438,-0.28532126582020395,9.788184309439917,-2.7884795231804302,-4.8216816554341495,-7.152196365121336,-0.21345888425122622,-0.25862415461047994,9.74623115424201,162,0,0,0.1529,0,0.0306
-0.27969711966479344,-0.20339016105892538,10.082826186302938,-3.4019901667170176,-1.0271683933125086,-0.48999723919203325,-0.2478233864150479,-0.23246012941868316,10.09832710766561,163,0,0,0.1537,0,0.0109
-0.30185977607619735,0.039704834236794294,9.94336131992623,3.2887477127976554,1.1160673948802733,2.3415083837193507,-0.37290567319521994,-0.05733568812583333,9.970919450023022,164,0,0,0.1537,0,0.0109
0.0016753587322705468,0.2053799486656185,9.712213377823629,4.8655760679234366,1.1201584597442005,-1.1199814252681715,-0.06572385151790702,0.2656771788150163,9.780578579417504,165,0,0,0.1537,0,0.0109
0.1544117842858337,-0.08120478371276929,9.550814503894392,4.198056884427791,-0.5687158342852248,3.3961395780468955,0.08493044238586206,-0.04963161670001202,9.456923824180604,166,0,0,0.1537,0,0.0191
-0.06934265686052142,-0.2606558158184987,9.743389150088278,-1.0804087496808132,5.524546735213614,-5.40263871168751,-0.07052263109187484,-0.24373985025631942,9.779021547210359,167,0,0,0.1537,0,0.001
0.12905176020839249,0.4412038466035042,9.814512578461882,0.7925513377246769,-3.8962108497083183,0.48210179909777573,0.15304724470887332,0.432789276462015,9.892001572370061,168,0,0,0.1537,0,0.0137
0.045445038547438414,-0.12129380173971062,9.563970556527048,2.2114747341139234,-6.793444335138813,-3.707121621656321,0.009605863393556804,-0.13199340474168264,9.543863208731704,169,0,0,0.1537,0,0.021
-0.3413804434191415,0.5102078013594875,9.831834341547628,-1.5123796140411794,2.08228995282483,5.214158025982624,-0.39012601159715987,0.6137449515889244,9.850010280614558,170,0,0,0.1518,0,0.0109
-0.011294338132270846,-0.24569933004513855,9.631430763641884,-4.437704843225789,-6.230516322023281,0.9012060432124235,-0.0021983291698508146,-0.2671379340295923,9.583017309998253,171,0,0,0.1537,0,0.0209
0.24391731587252824,0.1952129020431937,9.82001028347463,-2.849973356692937,1.8854539233549272,-0.7431201527206841,0.25958289234592297,0.1377397673142308,9.807523495042313,172,0,0,0.1537,0,0.012
-0.17181098319223756,-0.1798575210079325,9.821467845418272,-0.17997942570536424,3.4503841429426414,-5.220709878596458,-0.207234988887002,-0.15822304262912626,9.792596023305306,173,0,0,0.1537,0,0.022
-0.004276943197239674,-0.28631686771391895,9.714245258039197,1.1001123224661795,-3.323472779513119,-1.5709586060067382,-0.026331144661850346,-0.21495529407087297,9.821278769842886,174,0,0,0.1537,0,0.012
-0.7612608967338663,0.22627632062781666,9.859491383436968,-2.5878177227808505,1.9740266462417426,0.8856803476943196,-0.7475488877697748,0.22964779622195833,9.875543189203817,175,0,0,0.1683,0,0.0119
-0.07113308628754392,0.15943089543708033,9.895394814418339,-0.7992877372792477,2.687429614007018,6.897971795393511,-0.02599634306446017,0.18035194132912258,9.84923901562592,176,0,0,0.1531,0,0.022
0.018444290185766418,-0.12559302791398624,10.136748361129033,2.604051090820455,-2.772774425523032,4.929806356491138,-0.057797985589515724,-0.11311773379407196,10.188000768083862,177,0,0,0.1533,0,0.0212
0.3402900000250864,-0.17047221116567038,9.852039604207272,-5.830341975659517,4.297930502199749,2.9814441790762367,0.4503410096464508,-0.14074601891422459,9.97663116375545,178,0,0,0.1537,0,0.0212
-0.22982331084215196,0.28802050464908996,10.3351908142268,2.618539676147976,-2.76254741148236,-3.694092734539968,-0.2603411192638652,0.3328055858353725,10.379018711918105,179,0,0,0.1147,0,0.0312
0.18818960962843034,-0.25183969301125936,10.091279759998878,2.3611638209743933,-0.8490521915528956,1.934427236625733,0.12036279776937986,-0.3241564390624343,10.119393691988323,180,0,0,0.1537,0,0.0312
0.3387906275855515,0.037314845595689566,9.797763767584051,-3.2373479489805455,-0.40298986426657085,3.8250044004899983,0.2474699321362332,0.07377402639467065,9.86798371293828,181,0,0,0.1537,0,0.0212
0.24106522529282895,0.016616411630829223,9.909077925149635,3.9515873635242373,2.776809630176217,0.7105015485118589,0.22508316776900725,0.06199755770786758,9.934634113920374,182,0,0,0.1537,0,0.0202
0.24939360969112784,0.00023924442946650145,9.674144796332143,2.1124654337144024,-1.1277135514671912,-0.517210244074017,0.19808675170923531,-0.007434356640245165,9.624406770411236,183,0,0,0.1537,0,0.0218
-0.047217210494288314,-0.49910076323435376,9.735658500567267,-2.5737672151362134,1.9544780133753332,-1.5254870100167652,0.006719165024296536,-0.525635718426775,9.757825638344448,184,0,0,0.1537,0,0.0223
-0.35523652343683315,0.08585308188734551,9.307974687796822,-7.877726686672814,-0.6000040028157264,1.1403284858017306,-0.38409578757636287,0.03756189281627258,9.30420534566098,185,0,0,0.1367,0,0.0114
-0.05386519843876317,-0.4948052710696664,10.049418891303969,3.0523523333352065,-2.6143757536670726,-5.730182096762856,-0.060730454866404514,-0.522890710914078,9.946196425035472,186,0,0,0.1537,0,0.0204
0.018289872275550585,0.19780712705917466,10.056783232107161,-0.5257197861714411,-1.1236803649908924,0.618249496005878,0.05423025568516353,0.22233563389172534,9.9835695185862,187,0,0,0.1537,0,0.0212
-0.37461757100699256,0.05626089003015061,9.646093788839297,3.7186901652050284,0.927274162710116,1.492622919296713,-0.381104800082202,0.030709359580932197,9.698875269643011,188,0,0,0.1537,0,0.0212
-0.01519070057658847,-0.6331833705399516,9.57135770604686,-0.284664755910821,-5.825620387387106,-1.6705693121977996,-0.06239531131964922,-0.6590185423015195,9.52483506924174,189,0,0,0.1539,0,0.0215
0.1788534061646537,0.349642407664675,10.066232615691517,2.767888203607979,-1.0765037584864716,-1.1825533309894407,0.22302055556765968,0.3447547768001958,10.17639439371438,190,0,0,0.1537,0,0.021
-0.4521350205555351,-0.06965377373483549,9.856899743244236,3.8178813905245095,-1.6246555673375087,-2.0649236777104862,-0.381538082804893,-0.0697210478459687,9.889304518185691,191,0,0,0.1537,0,0.021
-0.1846928876964746,-0.46507487067075265,9.988857417484141,-0.6510797452671558,3.353952245935308,-2.105158703358834,-0.24043451779657296,-0.49265957358784973,9.992000922659884,192,0,0,0.1537,0,0.021
0.20181470345769162,0.431812535146441,9.936194279942983,3.9573299181247634,2.4602629666204074,2.0437281447647346,0.1562833348100207,0.3671211889569834,9.979370496388613,193,0,0,0.1537,0,0.041
0.08801933897588375,0.00842944717232683,9.7691953470284,0.9232482242911251,-4.395571738889751,-0.338287363186441,0.030129166775759136,-0.043825919674156125,9.843156744431612,194,0,0,0.1537,0,0.041
0.7137067102746286,-0.44999766287913295,9.789115510576785,0.6517251068699844,-0.5970141049561922,5.863822602055734,0.7028118649236202,-0.5402405938955234,9.735226191620171,195,0,0,0.1572,0,0.0217
0.05391109765937856,-0.30075675723679246,9.945614219032361,-0.12687562334926034,-0.06673578272331476,1.7639485423298584,0.009508448288079827,-0.33858944406159247,9.953219794523651,196,0,0,0.1537,0,0.0319
0.3320599048636028,0.021964546361064666,9.797962684607302,5.160294779623907,2.413314682873033,-1.2413049353841816,0.3055991008506032,0.007066052761812748,9.858184210994091,197,0,0,0.1537,0,0.0119
0.1836107565271737,0.30778514106214566,9.830982668405914,-4.252390514714891,-4.5518868871502365,0.9016813137838006,0.23514298418427093,0.33195191174977984,9.939914507323463,198,0,0,0.1537,0,0.0117
0.4785099722999441,0.29303356163596084,9.876492045860916,0.1960398733819324,1.2842018076233677,0.35327067430756326,0.4824318111761608,0.2962145042443837,9.786789452447263,199,0,0,0.1537,0,0.0219
0.5276490799157838,-0.023893998978851992,9.784165777572458,0.44068209291535543,1.6674948279873938,-0.7194760075186729,0.351931876237743,-0.0649698928353892,9.762015248497544,200,0,0,0.1537,0,0.0119
0.11063118820924371,-0.3518826483488268,9.80004346145014,-2.288384034900497,0.27157228444167963,-0.06705605421278261,0.08512706901704747,-0.38510631253585675,9.79412233935816,201,0,0,0.1537,0,0.012
-0.38230650240880903,-0.08522216507178995,9.838397259581917,-0.6741988254025418,4.654873936440234,-1.5548816670438166,-0.4419208402823376,-0.11978361703785934,9.822884426425986,202,0,0,0.1537,0,0.012
0.3201432875916041,0.297919057505519,9.821312202799998,-1.6253064709773146,1.3111018136809107,-3.8222060294011357,0.2620498800106811,0.3851747526009594,9.831555282663738,203,0,0,0.1537,0,0.0009
0.09552470688815967,0.04261221062277788,9.832254804408803,0.6571642589392497,-1.2585854394637903,4.740233075354714,0.1304779841603321,0.02013220652899827,9.88454228829853,204,0,0,0.1537,0,0.0311
0.3749033866053926,-0.04013958641184482,9.917801845548906,2.8838454660008876,-2.3829676218132354,0.6752260642777781,0.4256029663235781,-0.003367172666146334,9.945809065776617,205,0,0,0.1537,0,0.0011
0.07071943387638614,-0.31639151967512574,9.31493042348089,0.23782904388621445,3.040960941041203,3.271494018123489,0.05654300889209002,-0.3521686435885698,9.354289462570248,206,0,0,0.149,0,0.0011
0.34318595219344566,0.012019757755014696,9.68638795056024,-3.63244220245773,1.6050091480110011,-0.7311471350076978,0.288113285298369,0.1061517302429466,9.59101135321157,207,0,0,0.1537,0,0.0111
0.4888766207327745,-0.05257231609136943,9.681807020151766,-2.225336360800375,-3.5205443001992904,-2.771200065437661,0.4970043821288887,-0.1052825015175443,9.669256581390865,208,0,0,0.1537,0,0.0003
-0.20408650682910928,-0.4966388377440188,9.842694987512955,-3.32933795981853,-1.0057158063641163,3.2463361544002605,-0.2691368868084174,-0.5806548279210144,9.825978281446723,209,0,0,0.1536,0,0.0003
0.12258577976491017,-0.034513688629737284,9.904813298612737,-0.9526412221851162,-0.38844139313030646,3.308160218587663,0.1516909656455066,-0.005114401837724242,9.865386673317806,210,0,0,0.1537,0,0.0005
0.26614357447120923,0.3636317221261858,10.013712510048501,0.16696330697323236,-5.173213310633467,0.4031612225073433,0.2930218957547873,0.37911450762757093,10.01138380381891,211,0,0,0.1537,0,0.0011
0.37914371440018335,-0.02284161981784103,10.134024429291248,-3.0676406513912706,-2.006103710802959,-3.2936620195901414,0.4229433059611549,-0.058677732457230694,10.131572613074013,212,0,0,0.1537,0,0.0003
-0.10841106141150555,-0.2488459672764813,9.92068814351627,0.12770720364113958,-1.8856127013366473,4.282990970644576,-0.15541511147019793,-0.2835592492804227,9.944653922514082,213,0,0,0.1537,0,0.0015
-0.21021323180641804,-0.3844328168200678,9.694544797297995,1.7717545925853635,-6.010593968776604,1.7389550081491014,-0.2590130864793339,-0.40593304794105506,9.651361693289426,214,0,0,0.1537,0,0.0004
-0.00043508893114191334,-0.38659926525356136,9.863661630217207,-0.06944264136910402,-1.5883673615962892,-4.6911480173203,0.08533856843433223,-0.4055841620797538,9.896516141606204,215,0,0,0.1537,0,0.0004
0.14590779178390004,0.6999500000290942,10.225059419312345,-2.435378789120845,5.255840165271686,-0.5436673883413916,0.099594669639325,0.6745547655253507,10.232631487353553,216,0,0,0.1512,0,0.0029
0.5074477485112641,0.2652764398797255,9.564321876711361,0.4871593542486205,-4.227873739197442,0.22521566993553838,0.47578665456361807,0.28240619816886936,9.604733582327706,217,0,0,0.1537,0,0.0062
0.02667017415617589,0.3675033939656088,9.79554684693578,4.388703217331713,3.749883795887544,1.8930135449959664,0.11995755384434886,0.30924295824191506,9.772793523152437,218,0,0,0.1537,0,0.0028
0.273688296298069,0.02563640333437233,9.649549097812752,0.5917349671878885,-2.2567790625557413,-2.6858668718971255,0.35511863436202173,-0.0442734265459707,9.664952197198971,219,0,0,0.1537,0,0.0063
-0.010320901716504826,-0.1019285916633282,9.722477406244526,4.302415292413892,0.11746271154884691,1.699888934280875,-0.03392222684875302,-0.12176606276159983,9.79498174149135,220,0,0,0.1537,0,0.0063
-0.2518716707560174,-0.19693890241974987,9.744958239371979,3.8026637727784154,-4.182597458660977,7.226583801153058,-0.24384649836963346,-0.2640923756045722,9.735346758471348,221,0,0,0.1531,0,0.0064
-0.37449015853527834,0.1698381374795563,9.653726447632163,2.7625952040091364,1.983559124302813,-2.9185160136223174,-0.43752506847195793,0.1543964392561514,9.636710365854816,222,0,0,0.1537,0,0.0015
-0.06261319635905097,0.3347176696573267,9.860007939548922,4.078419121932375,-4.178208922312164,1.2506924945767528,-0.01930063653790349,0.30528171082014327,9.894353880345538,223,0,0,0.1537,0,0.0029
-0.4495360586419936,-0.47033006868743926,9.739221893038732,2.516988685853047,-4.349561411533529,-2.2309389627457517,-0.4523463864532079,-0.42074009113032723,9.793456867271402,224,0,0,0.1537,0,0.0006
0.16635284345170243,-0.3129932847631722,9.69198137330838,1.0629567524698411,0.25710214032719036,5.263507707418167,0.021136763081482962,-0.33652399458654664,9.706764612994698,225,0,0,0.1537,0,0.0028
-0.0001542088830389165,0.02386574346168075,9.759305032181931,7.153047140019982,-2.0563765552953743,-1.2836252739346077,-0.008513211179699913,0.03712518355287901,9.790261324140562,226,0,0,0.1524,0,0.0119
0.047387857315047015,0.04324081433467889,10.096157732388477,-2.693625700243935,-2.722790186912495,-0.9222339689211068,0.03738387297194409,0.012350405627953191,10.039312686189056,227,0,0,0.1537,0,0.0171
0.024880490762366668,-0.43314639325008497,9.868341415464604,-3.1753942803774393,-3.5730987617656194,0.30502548584874817,-0.022564055890810335,-0.37727048066604346,9.881658969248335,228,0,0,0.1537,0,0.0173
0.05603064346856073,-0.08331886121546012,10.040850543525613,1.5916106780769712,4.909359571835905,2.4969875681956797,0.012880735580759632,-0.043104109237878094,10.079103593265888,229,0,0,0.1537,0,0.0034
-0.3471307603008589,0.05932403384978803,9.74235254197776,-4.262380529634379,3.133651002040221,5.14827530499629,-0.30542158262462044,0.08717422857353843,9.715912264746247,230,0,0,0.1537,0,0.002
0.3512391093925321,0.40456198454561976,10.000712094954622,1.489637965621394,2.4574346890136387,2.2809228018924657,0.37493106316182717,0.44639022710140214,9.963145773942134,231,0,0,0.1537,0,0.002
0.03638386086397227,0.13256087901178865,9.788529411673109,1.4392206486759127,-0.4538848712853292,-5.255775068194652,0.027640586439651574,0.15656818633988484,9.776895737420293,232,0,0,0.1537,0,0.0073
-0.2223878502548229,0.29165979596225106,9.736142720621027,1.2859989693737641,1.2888006929935794,4.67400721023317,-0.23062673777904655,0.32494574466043646,9.745410959080251,233,0,0,0.1537,0,0.0005
0.1910258098846112,0.007899599433634151,9.576068769420528,1.4996499301495545,-4.340285845147994,-2.863751561702092,0.18645304194350037,0.034593348997542246,9.529258578391929,234,0,0,0.1537,0,0.0005
0.5348370558919107,-0.42822237796403545,9.624110547312734,-0.5664716550578857,-1.8844998347801876,1.123311824648292,0.5400581790419218,-0.3933877059767038,9.656738719419561,235,0,0,0.1537,0,0.002
0.18339692799214735,0.7490397099438045,9.765917426030892,-0.6813528598795558,-1.2114306704392828,5.6688909788331525,0.1549530892968759,0.6632073019825824,9.791519866232726,236,0,0,0.1537,0,0.0028
0.11413382180962636,0.22487137543698554,9.514472770001477,-0.5377522628749644,-1.812352088485072,0.30285369456083394,0.20466569599323559,0.30169048728554804,9.45346867461541,237,0,0,0.1534,0,0.0042
-0.49986675844050465,0.02275887887892856,9.889148973728794,1.042134872364319,1.7648004257340262,2.3650241422491582,-0.4285387203077997,-0.008865449593558224,9.910690227489463,238,0,0,0.1537,0,0.0028
0.0967754535275815,0.03974747983543991,9.78985548882038,-1.4714905898532216,1.0055703376232832,4.147984062248868,0.02817634563051563,0.07179411884577615,9.725641525285877,239,0,0,0.1537,0,0.001
0.14646289740497395,-0.15882377375261356,9.70430437797899,3.8979190574501623,1.5557985197687438,-1.7726001582592756,0.12237004307944115,-0.1783049917438967,9.735968816956946,240,0,0,0.1537,0,0.001
0.25341421617984494,0.20101340690892086,9.652198240094084,-5.725275015560898,-3.8535032218646315,-2.5713486080370416,0.262259809213386,0.21630419512495164,9.580845415741043,241,0,0,0.1537,0,0.0126
0.008487750652102834,-0.03269158538538449,9.487347556461547,-3.5228272070980866,6.5514883053692845,0.42784940669068106,-0.021370093944993396,-0.0549728900902033,9.461402477973634,242,0,0,0.1537,0,0.001
0.5058043531058386,-0.1817818380218516,10.01959225774335,-4.852422481774504,1.1085345971005514,-4.213594578090308,0.5625636230721998,-0.14472941196510947,10.023746949054736,243,0,0,0.1537,0,0.0003
0.11838940350628852,-0.1712262869709507,9.6242490666702,-2.057421385992662,1.2997628273354491,-1.9157927559260162,0.16956950166335757,-0.24307588651172835,9.688859476925337,244,0,0,0.1537,0,0.0003
0.4906246484127496,-0.22687894990080404,9.872036792772334,1.113249184295369,-3.64860920114782,-2.318497981646276,0.46768581438530454,-0.2759193665861339,9.812609571887672,245,0,0,0.1537,0,0.0003
0.24405916765449048,0.2615967264444119,10.082915290397395,1.465729495619464,7.434400515487868,0.6270705127922367,0.2361122969908662,0.24785762632910682,10.039078123202446,246,0,0,0.1469,0,0.0003
0.10215197394800023,0.16645575246971464,9.626026430737749,2.648235480821318,1.8933757972460297,0.6066080725977812,0.07289805151121384,0.21652770757042716,9.636123539005169,247,0,0,0.1537,0,0.0003
0.490192755754992,-0.28579607765586895,9.68240450181802,-1.361873604456586,7.45783178135437,-2.361453920711768,0.48004796023687263,-0.2721297784911386,9.662265270161875,248,0,0,0.1553,0,0.0003
-0.07393668884353394,-0.013694643298586355,9.551511590777517,1.32627214389697,-3.438702749505558,2.3348664436830697,-0.0029490927274000017,-0.0028972978929039557,9.616072206261128,249,0,0,0.1537,0,0.0003
0.36312952918501296,-0.219571488800015,9.839935791814945,0.16248087952145135,1.9581841042281591,0.9777556083585552,0.41549207671011607,-0.15914043445901746,9.841441621424694,250,0,0,0.1537,0,0.0003
0.017046010638495434,-0.3306902480926744,9.713490976038997,2.5607261252796505,0.240632299948273,-1.850579804779482,-0.02482684909452847,-0.3125688051249511,9.67794780587316,251,0,0,0.1537,0,0.0003
-0.6585139914023034,0.326702335723878,9.772226705394436,-4.611035074305089,-0.2604907428419487,2.0779559025111176,-0.7088182782689662,0.30732050343768724,9.782539815658858,252,0,0,0.1497,0,0.0003
-0.28771870058906945,-0.0944023530760902,9.896002525264395,-0.9675517660596585,-4.216384057711805,2.5138062500691527,-0.24390781630135522,-0.07571055618128567,9.807930546330033,253,0,0,0.1537,0,0.0003
-0.13179696344183994,0.36612808863971613,9.609852728270342,0.6048730460010053,-1.7193208957669026,7.857870023989948,-0.16103981685172059,0.4189857383387151,9.628387371254052,254,0,0,0.1485,0,0.0003
-0.15905402882721104,-0.06765190290397109,10.126555650782123,6.674766518773804,-4.06941482565677,-1.8635357011015494,-0.11273057577934836,-0.04393825833951087,10.145250387067401,255,0,0,0.1524,0,0.0003
-0.04173535677168171,-0.010139553724738093,9.976521933421951,0.7774492207104474,3.2174103091028643,-0.5351368320051461,-0.05855151904270425,0.04209538365960459,10.025624969498088,256,0,0,0.1537,0,0.0001
-0.28640061970079245,-0.04770661175731531,9.704732185879317,0.14834049651928713,-0.7371279540713167,-2.1410411662747375,-0.28801825636695383,-0.07580924345302587,9.742102533820308,257,0,0,0.1537,0,0.0001
0.21523416221677286,0.12333699678229161,9.883543641823453,2.9772334222626133,-4.353525067015988,-1.5558855884880205,0.22931304395713534,0.07565309692452747,9.923252432320353,258,0,0,0.1537,0,0.0017
0.30914722707796743,-0.16629243555268194,9.50857602170675,-1.2469009088549714,3.5488290832433886,2.2873131116838072,0.3497930530251432,-0.17319701251626135,9.515058498216943,259,0,0,0.1537,0,0.0003
0.3184457229129673,-0.1281093324492431,9.718602785940467,-1.1251705978415676,-2.480654017468152,3.6014190017447714,0.3591589648841159,-0.1965578620696839,9.75391555479553,260,0,0,0.1537,0,0.0003
-0.1376150483843608,0.20046660763022037,9.884084377205198,0.6241206576721264,2.1510707780299976,5.016222082946592,-0.08434529636557808,0.3045659809896216,9.993657792668513,261,0,0,0.1537,0,0.0003
-0.30870048898021774,-0.09732985506913618,9.402850747464342,2.026319706269373,1.0606125291275443,3.321763298451479,-0.3209857663682405,-0.10978567102016074,9.355491918218354,262,0,0,0.1473,0,0.0104
0.0412628072757319,0.2804902829307945,9.664671602529246,3.279607989808322,1.5346688798637547,-0.7801467768007493,0.04481031955159059,0.2689655283136314,9.729426448626086,263,0,0,0.1537,0,0.0004
-0.21340134872472177,0.16729035054642635,9.497517150797282,-1.2358747831880483,-1.9539504573425406,2.1277942974380992,-0.23009229773365394,0.23303797664769538,9.574987314013354,264,0,0,0.1537,0,0.0004
-0.21827173143682765,0.19501617636456783,9.62397137345799,-4.155513182899309,0.9641160484397578,4.868902886398273,-0.19191611820736285,0.19310398800488554,9.595449609570071,265,0,0,0.1537,0,0.0004
0.2885537799435751,-0.8444604504583165,10.048966257821498,-6.726841432508802,-1.7526876073913114,8.310140973823495,0.3496832855899819,-0.8183413116707887,10.0939876552421,266,0,0,0.1333,0,0.0016
0.23081196605649967,0.09843292632526375,9.868260720889516,6.80353754078536,2.697134034689172,-5.094838110837563,0.262192569295239,0.07971936327196244,9.926799854335245,267,0,0,0.1524,0,0.0116
0.1833537964773965,0.4307266756745342,10.033767532324356,-1.2265894230738255,6.900818165267541,1.31592937230815,0.17203658061292296,0.38449514052391587,9.97470406500649,268,0,0,0.1514,0,0.0116
-0.274018175169728,0.37405701733278357,9.712070160839941,0.04010750102875915,1.4964297896103875,6.649400610447657,-0.18716896561037133,0.33267730181746125,9.789629346988464,269,0,0,0.1531,0,0.0016
-0.34115317401413264,-0.30546060738523717,10.086523686272942,3.879537471955213,-4.41959061321705,-1.6320601950509939,-0.2326886958773038,-0.33993744094590184,10.073788833001027,270,0,0,0.1537,0,0.0115
0.3311010877074762,0.1846133077832156,9.824591498183416,3.6025362914897863,1.0952924687994798,0.591933040799812,0.3119468181702878,0.21096657387979106,9.721136328728278,271,0,0,0.1537,0,0.0016
0.4073075501652684,-0.10905353107480173,9.94277789542472,-2.1475355743997553,-4.417977620533213,2.3194430905911294,0.3773512343485099,-0.12085642387322829,9.829554731152378,272,0,0,0.1537,0,0.0115
-0.6336368313415518,0.4455211968251508,9.971731048616725,3.4089746215618835,-5.463757338661939,2.6565350330124526,-0.6119966384213922,0.4226726214386781,9.90272380582032,273,0,0,0.1538,0,0.0114
-0.26442346914037507,0.03712888460733203,9.820817678643072,-5.915261722656742,-1.7428114528443222,-1.6504838393471686,-0.23334212998226161,-0.019585693689363366,9.844838538855198,274,0,0,0.1537,0,0.0115
0.0539780555229262,-0.3620446024967051,9.72488948845035,-0.367179056335502,-5.578236942110269,1.8355857143607162,0.020344424833717643,-0.3813005524524648,9.775669299882631,275,0,0,0.1537,0,0.0115
-0.2803329403517322,0.013246611528388871,10.17334128709894,2.2645181846604934,8.04221066855231,4.47811687786854,-0.28865420153720206,-0.019554806812124625,10.043242581378372,276,0,0,0.1467,0,0.0516
0.23472061656383583,0.3176947222689478,9.595712043163056,-2.6938523952473696,-0.8636848714900978,0.16394402303350283,0.1670629642977655,0.27113442698499945,9.665368511394304,277,0,0,0.1537,0,0.0453
-0.07583826718363526,0.31526114666001886,9.820702467535588,2.180904505490987,1.863971495290064,0.8635496879936301,-0.07849016055627303,0.36585851252994334,9.920525221011662,278,0,0,0.1537,0,0.0353
0.1254966431780926,0.42330876969789855,9.570857558288603,4.773358712160945,1.6731733008092247,-0.2972641969707228,0.25978539882693596,0.39677981422773834,9.563937729955905,279,0,0,0.1537,0,0.0042
0.030851849964298936,-0.4894016044843705,9.835985030832415,-0.9512094449349756,-4.831097750692107,-4.060756381673537,0.04980833885632165,-0.47779750967948753,9.83413251947205,280,0,0,0.1537,0,0.0153
-0.3690194075564426,0.3717198072365171,9.83852510787828,-4.643926613140693,-2.401460793328822,-1.5519932329819157,-0.2909929550930548,0.4052261611315707,9.829300179582356,281,0,0,0.1537,0,0.0223
-0.25369033491411586,-0.2691500472267222,9.744275731190516,-2.121779347952427,0.1854825793829521,4.28647812148367,-0.19813543502460287,-0.27483798746531746,9.65997039241646,282,0,0,0.1537,0,0.0253
0.21540761961239577,0.3069012035847434,9.45634556075335,-2.283128807422908,-0.9355334735666745,3.2767824770261136,0.27757974918276096,0.20134512990291692,9.425620722363666,283,0,0,0.153,0,0.0353
-0.277470194589692,0.07991222436432514,9.870933117901265,-1.112861011214359,-1.015205316058328,3.307677204146131,-0.2129152390579018,0.1093727671370939,9.977548346034036,284,0,0,0.1537,0,0.0248
0.41436544490314553,0.42920928353588983,9.466623152062315,3.759288840094978,-0.5510746983068006,5.046696284146835,0.30173789444322763,0.42701690464970093,9.478459744639173,285,0,0,0.1537,0,0.0255
-0.43110209180373943,0.4513507636183935,9.78789720397264,1.5105705318697384,4.272530487752807,0.9681802324399069,-0.5189146574673535,0.4581406112974006,9.830277288921524,286,0,0,0.1537,0,0.0137
0.1628402731787318,-0.6433744573934425,9.458637752875116,2.1074304221649336,1.5466242955422702,-3.517447154388598,0.2063639813394673,-0.5977428502573322,9.473133998892592,287,0,0,0.1536,0,0.0237
0.21877016883623948,-0.26872474856577855,10.020233868702505,-6.428387039270093,5.85261999665705,4.642448620906851,0.24401879775500576,-0.3556983748595419,10.071140214045677,288,0,0,0.1537,0,0.0418
0.4309824879930267,0.020949632719453548,9.71790840560402,-3.5948904934638577,-1.3434570713207132,-0.4606417632146033,0.39465352671456716,-0.004289938506772929,9.72815838289488,289,0,0,0.1537,0,0.0237
0.5279467598871228,-0.25926578872589645,9.87373672776705,-1.8943101857950753,0.6513644131812087,3.10274374987773,0.5526410908359631,-0.25860770427703295,9.886761052909153,290,0,0,0.1537,0,0.0237
0.035633355391855505,0.08910861385208853,9.80075563413269,3.211727102181136,-3.147484277089614,-5.2463575929910995,-0.07321669583000354,0.018425859325366375,9.774487112604627,291,0,0,0.1537,0,0.0137
-0.0011423903396774915,-0.2683736749567327,9.923777483488632,-0.7719895081839971,0.12356423084143264,-1.0637922354303608,-0.016442939493277034,-0.2510310848224898,9.89224605818395,292,0,0,0.1537,0,0.0031
-0.09942390299549074,0.12358308406242173,9.830263785536404,-4.389625479964433,-1.3627725764420286,-2.738082016523015,-0.15702548649086043,0.14263284283823557,9.777557755021434,293,0,0,0.1537,0,0.0037
-0.17953162319679003,0.008231268427310237,9.925035184014229,-6.602713832596397,-3.6988067117259282,1.594737309382309,-0.2141913173736857,0.04331352187352881,9.895125480674503,294,0,0,0.1537,0,0.0137
-0.3974792491141603,-0.2335132457812715,9.86288124233046,-0.4965188150050647,-3.0777086851990947,-0.5524391927925663,-0.3979014861602824,-0.1962430312051136,9.909244431026146,295,0,0,0.1537,0,0.0191
0.220499373431076,-0.021591599926827073,9.649317650059738,1.9468855026207228,-1.373780339221422,2.2182032490139325,0.2130309196688451,0.0029572312183518655,9.627365396725418,296,0,0,0.1537,0,0.0118
-0.20026254860518855,0.4805331255238104,9.862471368979707,0.492452177260954,-1.1151796634026354,0.7823961815064131,-0.25544117456623006,0.4554812253735579,9.9164775306793,297,0,0,0.1537,0,0.0031
0.03949063653952611,-0.25935944318459536,9.921950836848065,0.822995720291127,2.136036477259374,-1.5183661921251779,0.03071665963976107,-0.20421114533526089,9.86797128380157,298,0,0,0.1537,0,0.0112
-0.056599819297859,-0.3588385991513949,9.563809948102424,2.7429633525810697,1.2961508154153696,0.20362712942962968,-0.14027273781246063,-0.40296197930982514,9.557435453465576,299,0,0,0.1537,0,0.0288
-0.45829063901652733,0.20750971243316185,9.720820316126964,1.1503082917734422,-2.363141778803788,0.1395225785113577,-0.5045424849882622,0.16063713304337005,9.678488052808854,300,0,0,0.1537,0,0.0288
-0.04928448837205782,-0.04906621413035512,9.895384502289506,-4.150192230482707,-3.8383529499683844,-2.5698139967734352,-0.0690791002947619,-0.005536281690871871,9.901330355168847,301,0,0,0.1537,0,0.0212
-0.013792158101948657,-0.031740626628168074,9.739517018809964,1.494444298792887,-1.1814638296862137,-1.678578714437116,-0.020110919517023592,-0.022821286166377987,9.633893546194129,302,0,0,0.1537,0,0.0312
-0.4114626008249519,0.07860227632064724,9.72934772779538,-3.655712823267884,1.6435465103726188,-4.797934846113609,-0.41532922811468564,0.0842393896937208,9.760716342133156,303,0,0,0.1537,0,0.0212
0.2977487970438301,-0.5706785193934931,10.019281404222346,-3.1406698846272274,-0.3978884154535402,1.178271476301412,0.2679903013997889,-0.6067576089267451,9.985277800770708,304,0,0,0.1536,0,0.0488
-0.1269469803606295,0.10012766491997166,9.355186269369584,-6.253813576928657,2.6755794615751776,0.7958383978891812,-0.11978829255185826,0.09095138319647703,9.372248588822588,305,0,0,0.1472,0,0.0548
-0.27234827366684,-0.04304088012409165,9.825270440798333,-3.2658134255958604,-1.4103156917251543,-1.517004710278326,-0.23133259035432696,-0.03046304376764466,9.754944508244773,306,0,0,0.1537,0,0.0388
0.39537522950118403,0.06986925662066666,9.47943495174332,3.4972895579598386,-0.15940170168669224,1.4653750131179728,0.4008200351860883,0.13053479331716455,9.498479530826287,307,0,0,0.1537,0,0.0388
-0.15295386500884084,-0.365733147922934,9.744160308154834,1.7800632255612219,-1.2490749992068881,-1.7433440031182577,-0.1017054739483812,-0.3830253711153924,9.788350109403524,308,0,0,0.1537,0,0.0399
-0.3986020218105583,-0.21551552620811676,9.771913375414693,-2.3765798073174675,-0.3795063534344527,0.26153203512631296,-0.4712058880045715,-0.2102290509531497,9.763999677990576,309,0,0,0.1537,0,0.0303
-0.25170018409393863,0.0332791944731785,9.798756322810306,3.910190697346894,-0.7649342921434079,-0.19074033331665508,-0.266330485362663,0.0032987088169136244,9.813777121234704,310,0,0,0.1537,0,0.0499
-0.16223776301546225,-0.31864757994355003,10.040343658103954,-1.3375392483090076,-2.8657751541564425,-2.081875360773471,-0.16162837451777398,-0.34364094558171165,10.104532491729168,311,0,0,0.1537,0,0.0499
0.23591492178326234,0.019978502150286005,9.980341162414714,-0.9330461792175474,1.0139676135384954,1.4980776623930245,0.18802043569771817,-0.009295350136417458,10.088020843698517,312,0,0,0.1537,0,0.0549
-0.16033270279495052,-0.029416049405479087,9.514502225294601,-0.027406086969322875,-3.4424607639858995,2.4759872202100333,-0.20074568321999933,-0.022618200234669057,9.47589786292253,313,0,0,0.1537,0,0.0399
-0.16039564590993668,-0.19471301528191584,9.70198316198909,-1.1553025602542837,0.4593169850199649,-4.293419036117113,-0.1618298881756942,-0.21995305970794016,9.7034466247939,314,0,0,0.1537,0,0.0403
-0.2503275762142841,0.3510880635690886,9.54778636138881,-0.989249348949099,-2.795300611566252,3.7116570998886163,-0.20039384886288797,0.3166001216537983,9.542894764544716,315,0,0,0.1537,0,0.0299
-0.005470500353075365,-0.02792181180530256,9.842298461728745,2.126994306398935,2.5009542067969446,-4.163630054086086,0.012072945555740414,0.06299867415145344,9.813733334097503,316,0,0,0.1537,0,0.0119
0.691687203367123,0.04419970284057698,9.642938771974372,-2.262310848142703,1.512716794851873,1.3715912187298507,0.632629057953081,0.0007471737723212385,9.601573307999026,317,0,0,0.1553,0,0.0027
0.31258982330939467,0.14814757416408542,9.955638704343407,2.4285179871878224,2.9569070288692396,3.254393961820596,0.23768988460023116,0.1842757100673095,9.944140488905319,318,0,0,0.1537,0,0.002
-0.07712180746793186,0.19059843260367812,9.900588040337633,2.019329302739344,-0.8643282089090394,-0.5919131046956218,-0.06062321791658684,0.06395220309618665,9.831440105781839,319,0,0,0.1537,0,0.0122
0.29019207863095464,-0.047310497865860904,9.877334072253891,2.2711499696026496,-4.7250402862493655,0.6572432729442079,0.22707016991104595,-0.044767781382592645,9.867087879362368,320,0,0,0.1537,0,0.0131
0.05171632730080325,-0.41307802156278756,10.096199461480042,2.5278561458627666,2.650060765879422,5.1866767374017,0.0026914248391471107,-0.40932469203891475,10.024149488400177,321,0,0,0.1537,0,0.0224
-0.20747926192885377,0.08547311743053228,9.79867155512371,-0.680979463653216,6.703940901527968,-0.9233774779139787,-0.16654500183519733,0.05778272242180149,9.731513921908391,322,0,0,0.1537,0,0.0336
0.45568137516682317,0.018887887368451605,9.45338938001355,-0.19961737227845572,-1.0646495218995489,0.9940531172189144,0.5541062884575594,-0.07037956790739046,9.423147668238943,323,0,0,0.153,0,0.0124
-0.0646127873219213,-0.3984700870861736,9.846767122866874,-0.6710429473520652,3.815374335676574,-2.1869277356174335,-0.09726477430672088,-0.3488162857477651,9.866515112230303,324,0,0,0.1537,0,0.0156
-0.5206099372119776,-0.1467802967518297,9.889653573192927,2.8920506963760566,1.7921197824956634,4.641822273991377,-0.522955824705856,-0.14399308043208395,9.879918747710086,325,0,0,0.1537,0,0.0253
-0.021840201629058,0.4398397188508751,9.537780039321152,4.712882315768054,0.44132430333579187,0.013506474548586438,-0.001517916392841552,0.4428430448382798,9.45344506932853,326,0,0,0.1534,0,0.0139
-0.48281258310621755,0.23203308443187232,10.085349527574323,2.8144791350315104,1.619856511603267,0.31424833242063965,-0.5409641939220593,0.26537737842377096,10.079742753205329,327,0,0,0.1537,0,0.0139
-0.16695503606352666,0.03316549971804209,9.358069388478798,-0.5305765706541961,-2.3844419078430907,0.693675497695216,-0.107973466583179,0.14362167329953193,9.363171302616891,328,0,0,0.1507,0,0.0139
0.48896443343444856,-0.4706133656042033,9.684394076440572,-4.795851751871748,-1.0864452778418894,-4.60446132870224,0.527001959345555,-0.4524163360840027,9.659823140109685,329,0,0,0.1537,0,0.0134
-0.20609138117245662,0.7885834148679561,9.70046166047846,0.8801113798275153,1.5580905406144934,-3.1933874553653085,-0.24668558322521184,0.6997388377956261,9.716915817651532,330,0,0,0.1491,0,0.0015
0.0360238035186899,0.007318839945273015,9.844416058651658,0.3974896709339746,0.2517016321077885,-0.2842889431047281,0.0827266323984153,0.005191446762994434,9.750029918922033,331,0,0,0.1537,0,0.0147
-0.2601583612402882,-0.07041565656247051,10.097687592196197,-1.1084267947030693,1.1265577068618327,2.8538598738359893,-0.2504289422931799,-0.10928156359687402,10.093737077535089,332,0,0,0.1537,0,0.0141
-0.17675539908356372,-0.5068544705005965,10.142423331235982,-1.0132609867436573,-1.1216711633276197,-2.244068226254261,-0.19765493391099595,-0.5158768492880064,10.2075854912664,333,0,0,0.1526,0,0.0118
0.019196216120701024,-0.46212445377416445,9.562848052774276,-0.9973804604954588,-0.1546341099605711,1.628633648373819,0.04482177708895964,-0.38085267861881006,9.551629422419778,334,0,0,0.1537,0,0.0118
0.0190692461383579,0.24329401458368527,10.17756971049931,3.1706627240816534,-2.105195705284058,-1.5585976608514636,0.016181275001953304,0.24252374334203466,10.231263381799957,335,0,0,0.1527,0,0.0118
0.0962087115246126,-0.10606578430399244,10.011943650334965,3.588274475648487,-0.488219954806443,-3.4359562898986917,0.22631808257293706,-0.05545545692628496,9.862036713175224,336,0,0,0.1537,0,0.0147
0.27129560490728516,0.04039177802924948,9.77080572701817,-0.1535545749379582,-6.291009091020141,-7.760460273889507,0.20936420933832117,-0.003247885657482172,9.762150882427232,337,0,0,0.1515,0,0.003
0.15094073026588561,0.14057982846978442,9.64554381641134,-5.49339199329376,2.263099901077651,-0.2350445258269811,0.2154604033313041,0.041530736417226,9.634976228971986,338,0,0,0.1537,0,0.0229
-0.25619726064192505,0.07791759348993632,9.717950212328772,7.453333641330984,1.7450044127398883,4.206482541240173,-0.26833809555284016,0.09878303583531756,9.70834922282849,339,0,0,0.1484,0,0.0206
-0.23017015922625728,0.22553746347252795,9.729249589523612,-7.361116777692899,-1.513073267690222,4.2961530961973375,-0.23262926482442567,0.21413549715975522,9.692934463738727,340,0,0,0.152,0,0.0198
0.11640485335074742,-0.31734180204953333,9.77179373960721,-5.11550084240344,1.2976924939858574,-2.808345125186258,0.09538824078580305,-0.32999485116720284,9.806632744636453,341,0,0,0.1537,0,0.0104
0.04642795077325434,0.25872641376706257,10.123999783254316,3.261797769760854,6.181247626197852,-0.6235937479619948,0.07205845017580904,0.2943198657393081,10.141164738053389,342,0,0,0.1537,0,0.0133
-0.18666567942570972,0.047081074096722096,9.71908818560936,-1.3007501200298788,3.0095920843642645,-4.2186949454020155,-0.2069827712999986,0.07236706578324278,9.745559918590013,343,0,0,0.1537,0,0.0104
0.07475121879379384,-0.055217398503312094,9.99365013432654,-4.931767391816953,1.6613046240676472,3.4946767852863125,0.0901857523182557,0.0018380824794207093,9.981777328145464,344,0,0,0.1537,0,0.0127
-0.2133697272961242,-0.3401288108578481,9.505772572551628,-0.8464183479998746,0.5955383132434998,0.9018094893855315,-0.20328926281016932,-0.3316492672561012,9.459764663529796,345,0,0,0.1537,0,0.0056
0.09795297796114824,0.13366161517635183,9.68636093432107,2.3120675250860434,-1.1126467890363223,-3.8946874405458765,0.04860419103050173,0.13088645557124343,9.693085668454637,346,0,0,0.1537,0,0.01
0.04767230824644609,-0.16884186165796963,9.92349754082455,-5.252864944677607,-4.761603626491296,4.684728984269724,0.07286274488595056,-0.19351563516115527,9.981623346201644,347,0,0,0.1537,0,0.0027
-0.18887293634236127,-0.12384028858634885,9.564721675632745,2.9727732415150974,-0.9042147559354283,0.8256524836703665,-0.14972277187732713,-0.12241757914635126,9.54455938722897,348,0,0,0.1537,0,0.0056
0.19589568356478404,-0.14269042016973127,9.807974559186123,-3.5668946851578878,-4.0009606345333415,-4.095986067308417,0.3017692536064638,-0.15481332584282925,9.79134204554519,349,0,0,0.1537,0,0.0318
-0.3467228390101639,-0.5065512873865538,9.777000271754643,3.00519281202057,-3.878076767252435,-6.188707932637296,-0.3831271133571992,-0.491581070061008,9.794416949360437,350,0,0,0.1537,0,0.0037
-0.157674868543598,-0.417867442507812,9.833938856144735,-1.0348385456023632,0.16603625216582796,0.5811881112940017,-0.12593009336709501,-0.39362555704487545,9.85221481689432,351,0,0,0.1537,0,0.0023
0.17626501272879885,0.25705630116638917,10.016464115203313,-2.357331723113779,-5.409368027134015,-3.5832473161416134,0.177614318240108,0.3121106366527149,10.026523321531094,352,0,0,0.1537,0,0.0022
0.1690851108323861,0.027737913964034914,9.485865593870606,-2.4583823762567394,1.95797815567505,3.071227010098988,0.1518183935845333,0.07075966671927279,9.405967740410116,353,0,0,0.1526,0,0.0053
-0.4517636925749947,0.3994868136464617,10.112582554103838,2.407773486832151,2.8846223854796125,0.4349217634557285,-0.4232482792896912,0.46529727800000714,10.198498335184624,354,0,0,0.1526,0,0.0018
-0.12537407804372472,0.5510071721907139,9.931025962951784,1.7774849790167333,1.056452520522354,-3.488342021865606,-0.10415700647039047,0.5421454900034604,9.92008589096653,355,0,0,0.1536,0,0.0018
0.0333709530883393,0.4323398837916845,9.644427619595904,2.047790649884328,-0.16346065586504172,-2.2268970198079816,0.03710088265122582,0.3726730660497847,9.54597665415247,356,0,0,0.1537,0,0.0018
0.07071142447358536,-0.37089163252687973,10.11571351473831,-0.09531566249047665,-0.8573639184888544,4.937362258176686,-0.05731587370467303,-0.3528169146096667,10.08701097266963,357,0,0,0.1537,0,0.0018
-0.16090959584101294,0.08005399480884173,10.026214076669584,-2.3518945380061678,5.770330089900374,2.6692617052557965,-0.16658471005881426,0.11955534278614087,9.946198084579718,358,0,0,0.1537,0,0.0016
0.09251190645729515,-0.47810250386902364,9.527443741657597,0.21224962061136043,0.8432994327024851,-2.1541529688014656,0.10378735615455263,-0.574368884197092,9.574221306802682,359,0,0,0.1536,0,0.0016
-0.12077253500935337,-0.3254551031933405,9.70935427647539,-1.4427687029012468,-1.390015643661803,1.2191408188100987,-0.1462404181703079,-0.2760511968278578,9.72246285412508,360,0,0,0.1537,0,0.0018
0.2372352749316295,-0.30413141807709654,9.768793622350282,3.903275826478726,-2.8269917790171437,1.1843519424180642,0.21725423115370057,-0.3335621048168684,9.771320802508763,361,0,0,0.1537,0,0.0016
-0.0171747636946853,0.04376082842229077,9.73408414933619,-0.7074242628154039,2.0233013749823785,-4.374538359789797,-0.003865165150752607,0.07735755960947048,9.70156798682713,362,0,0,0.1537,0,0.0012
-0.5500220677285744,0.22331877301621175,9.626306107549675,-6.137372736181956,1.9883555872197887,2.5833269145706943,-0.58125371818075,0.28580628629909927,9.688370966339374,363,0,0,0.1537,0,0.0002
0.10324642591892388,0.32797179838377755,10.019172520765572,3.0287363210224507,1.3029364433969883,1.416690992708688,0.11629456241523595,0.31051918907860837,10.087606949708082,364,0,0,0.1537,0,0.0001
-0.3776831172923522,0.19987567882944962,9.747381475682786,-0.862997986219736,2.973239670075957,1.5444565063075142,-0.45020837969738137,0.25163451814198873,9.63628591329763,365,0,0,0.1537,0,0.0001
-0.06777929044678885,-0.034026484609805126,9.858617023785516,-1.4701015257045538,3.016882536086874,-3.774813663799061,-0.020296233226794524,-0.03740724963301714,9.946910274648479,366,0,0,0.1537,0,0.0001
-0.3423638556163687,-0.1787201633598979,9.75930185417986,-4.072715920319904,0.07810711965489656,-3.673881396250815,-0.3742602290418212,-0.14939222077397024,9.707783072638533,367,0,0,0.1537,0,0.0001
-0.4587948544219818,0.25404450713475446,9.882782173839386,-1.7160124700343466,1.051778864246757,-0.4444351740825608,-0.5666385300360046,0.1883582672492249,9.932385752078591,368,0,0,0.1537,0,0.0001
-0.1305211967098662,0.36894577572997134,9.805799505305725,2.0359233936402426,3.515802997211373,-4.537453427164475,-0.1312219730185975,0.37004528633418354,9.874049375963548,369,0,0,0.1537,0,0.0001
0.24620906158957576,-0.18888019936089867,9.53706965953367,2.2806332025003355,2.9334800322952432,0.9596663289789804,0.2730585225337687,-0.13847309947478018,9.518671240377941,370,0,0,0.1537,0,0.0001
-0.13468946604138274,0.27982843596516577,9.825182072218682,1.8130631037434117,2.8652740399379493,-3.0123285330615754,-0.10105810259869338,0.34255149068569074,9.726812869875078,371,0,0,0.1537,0,0.0001
-0.05432991875828504,0.2969994587184014,9.656138817534902,0.6219174096951641,-4.525243877531204,1.1134370981097552,-0.05055998138267406,0.3103860550547849,9.71625727256451,372,0,0,0.1537,0,0.0013
0.15974081678300148,0.16134139046089147,10.083639724696987,-4.917408168184321,-3.6025699543361287,5.627872052422419,0.20367830117781582,0.19502772758007506,10.06263112594688,373,0,0,0.1537,0,0.0013
-0.42532529457259544,0.19603921382529038,9.63814387555327,0.5027353362125572,-2.2716583237728547,-1.8161890059214119,-0.3855516846311046,0.09892782288223262,9.628078665533982,374,0,0,0.1537,0,0.0
-0.21628342400740144,-0.4687335536775492,9.635996030363932,0.8552336789733532,1.3107575774684073,-1.3964160378656614,-0.23168500581020302,-0.4288012262667469,9.518852963246609,375,0,0,0.1537,0,0.0
-0.24506414324277787,0.5013919994008775,9.649401547820577,0.36108679604873267,3.471201039615128,1.755757871379334,-0.3202843097086654,0.558395000239034,9.639991704161583,376,0,0,0.1537,0,0.0012
-0.23460230397246618,0.3039965769428241,9.964798534382213,0.2041934645226556,0.7062226260718777,-0.39268930656148027,-0.17746818095173758,0.256132742779298,9.937007701879342,377,0,0,0.1537,0,0.01
0.8555918952399387,0.5507562764881565,9.761233147516574,-2.9071359129362704,-0.8178008626864206,0.8648026499006478,0.8090836871241346,0.4825941864352329,9.807841837589006,378,0,0,0.1629,0,0.012
-0.5713949670648412,0.08824805938979637,9.645322918206013,4.584918886292086,4.286819727353179,4.492777902449679,-0.6652431450811863,0.04767703045474091,9.649826698043018,379,0,0,0.1522,0,0.0213
-0.10254456166309621,0.10513241246759371,9.870989352552172,2.681419344371763,2.8519334300044594,-1.7453047130632933,-0.06882901614794729,0.011576253597899877,9.750830550918145,380,0,0,0.1537,0,0.0001
-0.032635956608288566,0.1757721400176748,9.603366300831663,0.9429268892363021,-0.27642143207802633,3.3998389321511437,0.022650288113266068,0.2268297143338442,9.647087766023683,381,0,0,0.1537,0,0.0101
-0.12817099595446796,-0.07336925342309727,9.87254356860674,-2.3480651174702096,-1.8213808672630651,-1.9616282819328177,-0.1300275069331962,-0.05755829556018184,9.846966427861528,382,0,0,0.1537,0,0.0009
0.12879831472700554,-0.500569244506885,9.942787256967222,2.9338097141560766,-1.416555272864071,-2.3366958157721074,0.09924021084616456,-0.4668192195747318,10.000917765981601,383,0,0,0.1537,0,0.0009
-0.03941077399698035,0.18946642334210592,9.891206899619895,-3.662281932951617,-0.41049009395379255,-5.1315566371144925,-0.02361038916353133,0.23529869529598488,9.820842279712094,384,0,0,0.1537,0,0.0009
-0.3626265877882199,-0.01099359744520575,9.756891187818661,3.315515513516301,-1.6665496580189492,-2.0972276403043484,-0.32146518429919113,0.024947403279081043,9.704686117822762,385,0,0,0.1537,0,0.0009
-0.3050433519971814,0.05666579308320416,10.061622466793258,0.20124620241261892,1.040611608800949,0.6687647749118387,-0.34839746960610307,0.046509245348739674,10.099821034492578,386,0,0,0.1537,0,0.0009
-0.2540720966531682,0.08563183887350335,9.772498242199651,-1.4882973362673941,-0.11678399290304699,-5.400815404227026,-0.2657622261910314,0.09467663271085894,9.74077534728016,387,0,0,0.1537,0,0.0
0.10844385471810677,-0.3256144116325764,9.257838833882486,-0.02785831172662448,-0.9292474644169517,2.8923400330877076,0.029023222006200444,-0.4468259638394619,9.353768808391624,388,0,0,0.1159,0,0.0
0.18601955379066631,0.22767940690970026,9.831924415491136,4.586519734823312,-2.3879907824359785,1.7034021325758841,0.1167670819116386,0.2143853530831146,9.8806371304896,389,0,0,0.1537,0,0.0
0.15960295662121843,-0.20601481261350532,9.843304034308968,-3.849743186982095,4.1776443777698224,0.2687586244917949,0.15975857042143282,-0.3074219897892525,9.91066160722864,390,0,0,0.1537,0,0.0001
-0.034711463464543554,-0.6690945445958568,9.48941026241224,2.3193291731083088,-2.049871523472257,4.609650737804113,-0.06902003784496025,-0.6817825038138488,9.597008059992502,391,0,0,0.1532,0,0.0001
0.37094889883812004,0.12288444702623558,9.610964342453864,-0.14785071068839972,4.063217568012448,0.8258160529260737,0.482041443780605,0.1847085324612187,9.57874277164476,392,0,0,0.1537,0,0.0013
-0.4588928237913142,0.04246819397295208,9.71907452881846,3.725698264626917,-0.5484273648083307,1.839370352715187,-0.4770852080505519,0.011488822609394413,9.692158216647643,393,0,0,0.1537,0,0.0014
-0.363612942728984,0.24542557862542472,9.604481787428771,-0.09642798642755684,2.6065435901595855,-0.1812802487165211,-0.27731780109322113,0.19371505553185328,9.55437165873448,394,0,0,0.1537,0,0.0013
-0.05704741918514531,-0.5152853048653953,10.126999184201365,0.05183765568330759,6.643341230049707,-1.4663214375792935,-0.08940335515578178,-0.4988077491720429,10.179113792055745,395,0,0,0.1537,0,0.0001
0.6459044453367075,0.30906232953568247,9.695768980093836,-0.9119355784704443,5.164951276489646,4.559692577443639,0.6131174829491761,0.36767402338451705,9.602700609899959,396,0,0,0.1553,0,0.0001
-0.4018164417388404,-0.11363764542928206,9.539864684141072,-0.8806921177267144,-1.648965443636297,-5.772195752652231,-0.43161540447454505,-0.005286652629275065,9.483094032194485,397,0,0,0.1537,0,0.0001
0.05904077325642569,-0.4041588093422315,9.639873850712267,1.568291002609587,3.3954374155466516,2.461930636062033,0.09388357592663582,-0.38910472549063063,9.691764497776413,398,0,0,0.1537,0,0.0001
0.4968101136233068,-0.059686598019932806,9.986165932259274,-0.2117414809583403,-1.749263664620703,-2.841256020040973,0.417435402440798,0.0027582702477827806,9.943975730754625,399,0,0,0.1537,0,0.0001
0.07509315375303625,0.08365549471651922,9.995993090864971,1.8511292865747306,4.329663598467761,2.5442643447274915,0.00928576674451248,0.044328164101316424,10.036603472800628,400,0,0,0.1537,0,0.0003
-0.043753483486218304,-0.04451670117499496,9.721877536070554,0.44885497943331154,-3.259804153924562,-4.100579101382723,-0.036515370271715156,0.004334082744422124,9.745309069066664,401,0,0,0.1537,0,0.0003
-0.05622012833605199,0.348851778611225,9.671734920232865,4.08458181339432,-1.7148198884866073,-0.9705705035555336,0.0032723629490705175,0.35493801125896857,9.730309306562322,402,0,0,0.1537,0,0.0003
0.16075148463179853,0.2568737377543955,9.848417072251571,2.7544764705024942,5.596955476482262,0.0365150008123402,0.22362973700147637,0.1406549771707058,9.856401254602691,403,0,0,0.1537,0,0.0104
0.2371283536009685,0.2753763668551907,9.861647786321246,-3.413320372188334,2.0443627576198815,5.853858301596249,0.22989372227550792,0.1564182983895313,9.933257807085235,404,0,0,0.1537,0,0.0003
-0.03670798636927468,-0.031573482057520044,9.786747992223606,1.867800960140737,-0.5323233647903509,-1.6049383821495296,-0.055611887747401764,0.06009641476246763,9.725979639404814,405,0,0,0.1537,0,0.0103
-0.16490538021429627,-0.11949667316756256,9.488136509083839,-1.8866359229992007,0.8832377302674341,-2.4111962192514076,-0.15941286627808993,-0.10394510684914236,9.553103908333288,406,0,0,0.1537,0,0.0003
0.17115969062579003,-0.31768134033397233,9.626324865855187,-0.7457462104331746,3.478816258698859,-0.866090936572677,0.12560620876316692,-0.32166988379422023,9.691363574725575,407,0,0,0.1537,0,0.0103
-0.05590849303801675,0.029456830768481105,9.81322907949093,-3.332178405049778,1.3810181843001175,0.0240638163449948,-0.011052121106086533,0.025869949173266082,9.762250232044291,408,0,0,0.1537,0,0.0003
-0.5941865376292196,0.02432981763305973,9.778204698748024,-0.13385659122617619,-0.5288667274548182,-2.274626121143017,-0.5574849193744927,0.09097314944889372,9.6993189722686,409,0,0,0.1537,0,0.0002
-0.2427533287622866,0.0886725227451683,10.343053103708957,-6.104534341880691,3.9047835389431467,1.0432174594120802,-0.20650950451981112,0.1229755141731027,10.321589039616562,410,0,0,0.1565,0,0.018
0.18394582427205883,0.18317995665928938,9.933798565462057,4.103228932537548,-1.6401640562669193,-0.7415164612528449,0.2682298692812073,0.20569797650601362,9.876363350378032,411,0,0,0.1537,0,0.028
-0.36465554072149536,0.14251524275129698,9.724898977664633,-8.834079714918273,2.4770874672075367,4.699445238794107,-0.41243483702450146,0.12386954194644975,9.671205506904583,412,0,0,0.1458,0,0.0357
-0.2364385777725334,-0.3623062619126123,9.892045101945824,-1.2719776068027053,1.7830466745385714,1.2576710794272024,-0.171254268751644,-0.3562929986345732,9.864570401445759,413,0,0,0.1537,0,0.0313
-0.12050995152027039,-8.415585446507703e-05,10.056049041361492,-3.5322242477315626,-1.129279019952819,3.4902640642342955,-0.08408939278599742,0.07615293245148093,10.044233332278814,414,0,0,0.1537,0,0.026
-0.4354747970785252,0.39623947727296127,9.724523472282184,-1.9736159507188502,0.3633699211563174,-1.6139318710430428,-0.45022628476164667,0.4413100478973034,9.643827269732698,415,0,0,0.1537,0,0.0213
-0.18781396904287065,0.35836195170486,9.958758100802605,2.441876226697059,-2.3532566595607523,-3.9806884279309216,-0.15418239931019312,0.38912039459517955,9.993656674709115,416,0,0,0.1537,0,0.0213
-0.2448594945649891,0.2755169797160079,9.63329523765728,0.1307464868628296,2.754212653298458,-1.951802725745147,-0.3068706323141339,0.198643557908886,9.703386596213155,417,0,0,0.1537,0,0.0213
-0.12553401308539341,0.4361867922772834,9.894197824354206,0.1767746117217615,-1.5360899925123481,-0.8030748450687879,-0.18000410279289622,0.452722595031694,9.97101565366178,418,0,0,0.1537,0,0.0224
0.04487338233609553,-0.3446929605276506,10.033806049891043,-2.4196012953426833,-1.7796097656966439,-3.2217013874149445,0.0643251060385262,-0.34366672348702604,10.079695049740977,419,0,0,0.1537,0,0.0224
0.1041961470256212,-0.07666914179000486,9.633964023097231,-0.779643962254073,3.7680408689483955,3.001103973356071,0.0563376372903438,-0.12690659773542498,9.678177812377,420,0,0,0.1537,0,0.017
0.11172527628074913,0.2818342713797921,9.752293008156968,-0.5247642226369429,1.42889381253709,4.465527383768315,0.10041166772636566,0.2599368275807196,9.723661950041242,421,0,0,0.1537,0,0.017
-0.5530839305338465,0.20899486852942536,9.821684858997639,-1.1248759893658005,-1.7433166348147462,-4.876857140566243,-0.5641979612326666,0.1980367492753864,9.786935953571701,422,0,0,0.1537,0,0.016
-0.18055893205774984,-0.0767677142555219,9.8999101380682,0.9896836865392975,-3.3090062884861857,1.4611000001843355,-0.16483915328006588,-0.04570574572547893,9.948513158095524,423,0,0,0.1537,0,0.0167
-0.3970431118657037,0.5249537023608796,9.593736323804878,3.236666410130878,3.754755953544518,-4.276979656353667,-0.4146411294178398,0.5352092561561811,9.52459363555967,424,0,0,0.1536,0,0.0166
-0.48460964596347694,0.21372773935987635,9.610639304169917,-4.160787266779976,0.1403388259995582,1.0139667090248026,-0.47680205493466343,0.27000695405789027,9.685315255132203,425,0,0,0.1537,0,0.0253
0.47455879138848966,0.021172889525047204,10.068778684030729,1.989485111904072,-2.818718923762422,0.08493115440065604,0.43510260124825945,-0.05213431530800387,10.037326701853294,426,0,0,0.1537,0,0.0213
0.3302046912954661,0.2951746910878566,9.679694161213547,0.6916678133358449,0.8449338927117778,-4.308074009149666,0.3080775948223636,0.29057947724483046,9.657579702379564,427,0,0,0.1537,0,0.0159
-0.6025065982134846,-0.25112165969918954,9.386373837388714,0.28025594102216095,-4.377537606757026,-0.9129405802805568,-0.6700135964594972,-0.26181457023210464,9.380165110394135,428,0,0,0.1447,0,0.0262
0.0440640129423469,0.05727999358070232,9.830388729859663,-0.9424142591768647,2.604931064516332,1.0826728057522985,0.12100830451917421,0.09609918766682315,9.826852024733459,429,0,0,0.1537,0,0.0335
0.009852461698464035,-0.12957253585384185,10.159836367722889,-2.8554411942320392,0.18792121113352697,3.602540620626976,0.023462296605246735,-0.03763040162074752,10.20772195669658,430,0,0,0.1526,0,0.0281
0.35217374789973394,0.11240525511692781,9.819073389452024,4.796405761471433,-2.4155064672724498,2.6495922173156394,0.3255899800771876,0.04400851423391604,9.813485240217027,431,0,0,0.1537,0,0.0302
-0.10487882797858163,-0.07566740627726375,9.836542437690312,-5.198554429649164,-1.6753460122395034,1.2204837478355965,-0.15231844084239224,-0.040538678606736815,9.817023884283092,432,0,0,0.1537,0,0.0302
0.34977337942283476,0.084037317664244,10.244309144042562,5.050132762216236,1.132568457669391,3.3633298670844862,0.3467156363759138,0.13508016620016766,10.21144362226081,433,0,0,0.1526,0,0.0093
-0.08255156317496404,-0.031456600179131926,9.948307605303345,-1.1183045415432424,-2.9399674037559493,-2.145562919896987,-0.08405439316923072,-0.07220834274893728,9.964332281590453,434,0,0,0.1537,0,0.0425
-0.40749534074341265,0.42025577105004014,9.891015222848193,-1.4587470419953656,0.8029438466627021,-1.934817784231047,-0.37765977214041985,0.4024073990630351,9.869279821612544,435,0,0,0.1537,0,0.0225
0.3415500039743272,-0.30570174463479255,9.488684371286476,1.2303333169471453,-0.565280906786,-1.4154048127397274,0.2631927328306051,-0.3301695638235583,9.55968993555355,436,0,0,0.1537,0,0.0347
-0.028516317539956846,-0.25780279261527755,10.048974279858458,-1.9613804763082348,2.491120490330465,-0.9999909167161438,-0.04596470311068508,-0.3032608300542348,10.081043544392983,437,0,0,0.1537,0,0.0096
-0.08408957931257072,-0.010241401582420515,9.847685751709475,-5.9961964000902555,0.7925305370155211,-3.742280456527989,-0.0769490838786958,0.10726119613484883,9.821034604345668,438,0,0,0.1537,0,0.0095
-0.11378955537479102,-0.3762378667372462,9.95736821734892,-2.36446035982124,-3.551224024735056,-0.6808410692646988,-0.13644733418866195,-0.35384128148802885,10.00909239619407,439,0,0,0.1537,0,0.0091
-0.45859755776491795,0.023454187669408284,9.47664330904881,4.748592260120556,-1.9746655966222515,2.2578596241485673,-0.46602123525050204,-0.02827972124502674,9.542594713468828,440,0,0,0.1537,0,0.0095
-0.14394046040857908,0.15296798215688118,9.6353442937874,-1.7397860663144982,-5.115416236740143,3.2363423708140022,-0.09952890548639097,0.1810014144309422,9.693593644038252,441,0,0,0.1537,0,0.0381
-0.0934512076035363,-0.02291380413596282,9.420584425257461,-4.003665849122406,-2.2824186401146753,-1.1382523354432537,-0.08430187121774985,-0.058312513149734874,9.380928902323179,442,0,0,0.1505,0,0.049
-0.12661731519819516,0.4623711869283098,9.873540906904058,1.6310033967026114,-0.2641028228885952,-5.981257538877642,-0.10332223658693833,0.5037093004625784,9.879469860952355,443,0,0,0.1537,0,0.0501
0.009003868501084908,-0.163602642721324,9.75516325533394,1.154518925790161,0.9718819277393592,0.046318048394984025,0.05300802776649948,-0.18789126496434772,9.695558344953263,444,0,0,0.1537,0,0.0401
0.4144152021991833,0.19099202321770845,9.283696566181474,4.110775702708147,-2.3773605948299648,-6.2464310520298625,0.4129269114073786,0.29945338928453347,9.24902589375411,445,0,0,0.1135,0,0.0097
0.20889883640458834,-0.23045071147021892,9.642526610926492,0.020459249129745977,-1.314784530677386,4.36665857690182,0.203457713205102,-0.24723488859619674,9.668009096391007,446,0,0,0.1537,0,0.0035
0.038476191612137514,-0.01496631343193572,9.518313373303712,1.4743248816882049,1.6241353260108786,-5.901203075904452,0.02721255955456792,-0.04100960957244587,9.507831673420622,447,0,0,0.1537,0,0.0035
-0.01731699393140169,-0.861118218560034,9.754604776196087,2.525439061680073,-2.0201754965975507,0.5354000104536238,-0.05937224843969384,-0.8478099356068621,9.775557700315868,448,0,0,0.1283,0,0.011
0.04693971233297591,-0.24893315843934719,9.53386544767496,3.4757696748063633,-5.058202931920284,1.9216781217322634,0.09615486581722767,-0.24175954047814285,9.512409511421932,449,0,0,0.1537,0,0.0134
-0.40067163308875725,0.217196227097552,9.974222069602932,-4.976460102746956,3.706906484189829,6.901221594394855,-0.4262351731741381,0.2406873429185506,9.992889123067897,450,0,0,0.1531,0,0.0042
0.42628650877945307,0.09575550954305799,9.593190362495717,-3.9871717667302424,1.9296275571897181,-0.31888621125248157,0.42455329480326254,0.14223440025104012,9.51912140550637,451,0,0,0.1537,0,0.0043
-0.25584285189753253,-0.154066021961724,9.791265814022703,0.9087749915523348,1.3027122340066268,-0.22404204604724862,-0.2022204913557944,-0.06533369905737554,9.861838527056841,452,0,0,0.1537,0,0.0143
0.05925156997558339,-0.14999089266884766,9.774621266527427,3.478302410499503,3.2869579215399156,2.092366103767869,0.059903477670912815,-0.24272782947964558,9.760878267091465,453,0,0,0.1537,0,0.0143
-0.05426862870433729,0.6656334084986558,9.724236532629304,-0.07827519992387338,-1.8880109765966329,0.23043746711930696,-0.016731236836273908,0.7120893793755141,9.71628171511782,454,0,0,0.153,0,0.0047
-0.2686186118240541,0.2418821054860608,9.492580089749014,-3.7680632100881573,-3.313049615675447,1.3842425057814483,-0.23623523416958353,0.1768066180148467,9.50552891454148,455,0,0,0.1537,0,0.0241
-0.11794708029187351,-0.08063012079253586,9.700825024021588,-5.697041142635082,-2.8581123031765543,-1.2411994647259705,-0.1215124648505885,-0.10382787475326428,9.709846987759892,456,0,0,0.1537,0,0.025
0.23252729511806108,-0.1420288091043934,9.512800022635357,-1.8610473132864136,0.010141325386891149,6.825738948375147,0.2002715162979846,-0.10560919357231971,9.41855452515796,457,0,0,0.1521,0,0.0244
0.4872313847105093,-0.06828160071985781,9.667052117742644,2.0152548692141803,-3.1178098119796704,-3.2362419148275867,0.49113553726974757,-0.045500720580698255,9.664029569843681,458,0,0,0.1537,0,0.0031
0.08733038313587697,0.023189498191708808,9.340199426877016,0.6079324611377279,-0.2409418337145906,0.31566779500169434,0.038524015827098065,0.05117740556372574,9.265438221011626,459,0,0,0.0937,0,0.0041
-0.16344455285144716,0.33926170438110803,9.628374716813864,6.284072477577522,-1.6814681739150426,4.942973050254476,-0.17929216119122496,0.2531485272471115,9.696282246040242,460,0,0,0.1537,0,0.0176
-0.07315983877453676,-0.008866451849895584,9.682606338986586,2.185512238983465,-0.5020733279058145,-5.7230456427672065,-0.07013332211148428,-0.02977913358996894,9.67405308133617,461,0,0,0.1537,0,0.0176
-0.571010390975569,0.00614742262474206,9.570124949156705,-1.4265046257578826,3.440199903986124,-0.9128875151244285,-0.588922944368765,0.026334786719709388,9.557178122378568,462,0,0,0.1537,0,0.0077
-0.1713919377429355,-0.40676627378020086,9.741642056574682,0.39740500181728655,-0.42966112120446254,4.752686476824938,-0.1922760608925284,-0.4563599642730915,9.691638684271393,463,0,0,0.1537,0,0.0104
0.053563820702974545,0.2220628778598228,9.68057860160469,-0.16347675732608258,2.515380277937504,5.387465604445065,0.004875036825118639,0.15394831796807285,9.69051417594033,464,0,0,0.1537,0,0.0118
0.2087933713870172,-0.26123086621307984,9.667607525261534,-2.925515753738203,-1.316242334018989,-1.379605596258709,0.21336455190500703,-0.3039867793254563,9.698190644631932,465,0,0,0.1537,0,0.0055
0.4186531355167848,-0.03847618998673297,9.394869757050385,0.8042699940567493,-5.039609602638398,-1.5784912841935201,0.35113339951007355,0.010455717748542613,9.356207420688698,466,0,0,0.1459,0,0.0055
0.09389804761288385,0.17773820402628623,9.543415802661004,3.6327992013387718,1.9314876062401773,0.6030779611265398,0.15806053035864565,0.17311007613273385,9.458763055719292,467,0,0,0.1537,0,0.0118
0.08931330634128443,-0.11116067983531756,9.739203732041327,-4.566964781372022,-2.178704134725262,-5.000196247277239,0.149186685962918,-0.06560419755622682,9.646839463981964,468,0,0,0.1537,0,0.0263
-0.18965307843428217,0.04116274112431773,9.688148050983607,0.40617721511720506,-3.877496475276142,-0.009348296551795717,-0.19003818433363048,-0.061075300333073616,9.753511446610936,469,0,0,0.1537,0,0.0326
-0.12129663354171803,0.16641331203896406,9.670405539548174,-4.527598935767405,-3.0185277618459554,-0.17198873755754043,-0.05823650912091202,0.26650183444748243,9.59430691220972,470,0,0,0.1537,0,0.0326
-0.3207946652722438,0.09939776905724769,9.381179855731931,-4.570534464096262,2.0875803257651935,-5.747510978987946,-0.32425146125630316,0.06492970159030043,9.381092208323798,471,0,0,0.1492,0,0.0565
-0.2703031831040319,-0.008195021538826484,9.892327747283028,3.5733835234826845,-1.9085146553456227,2.9135365370236075,-0.19077809351202346,-0.04571177003488193,9.858509746118559,472,0,0,0.1537,0,0.0419
-0.20175279850372668,0.2792505366409903,9.418819971725787,-0.4488053170713814,-0.9790717336464976,0.08843073339846327,-0.21135971408807727,0.3093653414942316,9.376954966099863,473,0,0,0.1505,0,0.0319
0.2849654702926961,0.2950206929398144,9.805367225850347,0.476335592152394,-2.812704406606498,-0.3985503609431237,0.21811865917924916,0.2149994549198227,9.849832862901296,474,0,0,0.1537,0,0.0303
-0.3984146956967021,-0.11024837008132049,9.672115816535522,-2.202453579347221,-0.13987277245893376,-3.0818314980682615,-0.42678974418142923,-0.03124884947128037,9.681839954949833,475,0,0,0.1537,0,0.02
0.15371449326467587,0.22136782129895907,9.838455221974181,0.860892697679681,3.2633633549837793,-0.9076112687221622,0.1493843805264695,0.2717902278570167,9.851723692481286,476,0,0,0.1537,0,0.0154
0.11036577982384642,0.11281303506257162,9.8234001923629,6.522769559967616,3.9177136764409095,-3.0114304809610712,0.15752858147274298,0.1564246245410126,9.7448608282916,477,0,0,0.1529,0,0.0154
0.14581881876096642,-0.02093164657252583,9.872272298856227,-1.3376979027907707,-0.6877145650428625,-1.6409875437312929,0.12511696829168978,-0.013230323879941604,9.80449147886596,478,0,0,0.1537,0,0.0154
-0.3676231231875402,0.0435979596501923,9.84049390907485,0.6176960020656963,1.8594956818982094,-2.1337124924360413,-0.458991803695569,0.10074922043583456,9.820849226223714,479,0,0,0.1537,0,0.0147
-0.6645012857807966,-0.24146336538681704,9.855500083269549,-3.900255368317275,-2.1342291753259737,1.6206777306979236,-0.6365649094041551,-0.2271879314037834,9.86622766378522,480,0,0,0.1538,0,0.0054
0.07800614498547431,0.10678026872620097,9.775043740638006,6.12580606307943,-0.6196487102753633,-1.0458512662483428,0.04772086717338643,0.1610635252168351,9.781573608419869,481,0,0,0.1537,0,0.0052
0.16209143756502592,-0.05544001582006399,9.72294007715024,0.07212708885006769,0.264210088698601,-3.334030614438756,0.1663343809332264,-0.046203471538967845,9.68459221106656,482,0,0,0.1537,0,0.0052
-0.02081497415063255,0.04068689604274939,9.780885890416961,-2.7090248871729745,-3.6548366998063764,-1.0798928038174433,0.013634721032412995,0.05068656599100752,9.729702772274676,483,0,0,0.1537,0,0.0006
0.06501704465916162,-0.5573710642512452,9.815718107988795,6.474176148144933,-0.5353513280376218,1.2487596506635872,0.06439055849302075,-0.5590131111066704,9.851951757524864,484,0,0,0.1529,0,0.0006
0.35369058703879797,-0.2223402445709634,9.792160481229889,2.175073595828223,2.1364241875937093,-3.3480634278933508,0.3633418500773147,-0.22431865966706113,9.740034866541437,485,0,0,0.1537,0,0.0106
0.7499015340946079,-0.06217175114559012,9.382786759519018,2.2916147823136335,-3.438618013470912,3.4643907408718273,0.7609468822094112,-0.07510290325409,9.336029071636279,486,0,0,0.134,0,0.0309
-0.03630059757026082,0.4119644324730915,9.612073335570717,-2.513088977551287,6.183132850821439,-0.9404718823270477,-0.06607749967329905,0.4230445725878606,9.668766108759733,487,0,0,0.1537,0,0.0206
-0.3287450561031876,-0.011190307739676488,9.949789390583971,0.8573225423878408,-6.092292308957506,-6.2839928050946305,-0.27112132486636187,-0.001799303430596113,9.964595568903842,488,0,0,0.1537,0,0.0206
-0.14387611817174803,0.40430238903014964,9.834476541318706,-1.923354496338394,-1.1715540760559664,2.6902122179334476,-0.19604249852012912,0.30082994176290817,9.820927680904939,489,0,0,0.1537,0,0.0206
-0.4334031305590607,-0.02673260473921633,9.427269760769962,-4.9973412803585955,-3.059738993386099,4.072586272823065,-0.37930418481749517,-0.04884223234691597,9.38109403355219,490,0,0,0.1495,0,0.0206
-0.24806023982217135,-0.3557447695784948,9.950625461325439,2.2593472064684197,-5.5734590416006355,2.9050207901602407,-0.21967553318164554,-0.41286884945570684,9.971962360650819,491,0,0,0.1537,0,0.0206
-0.3334718698009819,0.4474319293247463,9.666903346405714,3.315640744408789,-4.318078872403138,3.131454664771483,-0.38805254450610355,0.419441731127543,9.654759554651031,492,0,0,0.1537,0,0.0108
-0.055146737470178786,-0.35711506083409034,9.843669608507215,0.9296103686733032,2.0391077319418622,4.289686726852378,-0.05108224008983788,-0.3484545387423604,9.819770401045792,493,0,0,0.1537,0,0.0106
0.2737969447476658,0.049044054853342955,9.691488839687858,5.8246099076334374,0.8634964081292291,-0.8410862322555792,0.294190787225564,0.07948088630089692,9.654675578285168,494,0,0,0.1537,0,0.0008
-0.5837236190068215,0.42220620163723793,9.525815653459674,-0.7850455427154492,3.791652044333008,2.3351287269103853,-0.6271897751576105,0.4482043660924145,9.482093239160916,495,0,0,0.1537,0,0.0006
0.10136226524954063,0.3453253416075368,9.466600312296933,1.1152965860363009,3.5662573089886376,1.1943182009596542,0.0921707602252566,0.28741689502467693,9.563752914362412,496,0,0,0.1537,0,0.0006
-0.07504669070728152,-0.0078003798235872415,9.846165115122346,1.166471056137162,1.3697603422947087,3.0019438338267426,-0.05685405655826305,0.08573987529518945,9.86892706505195,497,0,0,0.1537,0,0.0006
0.17428017265868853,-0.20376505118156663,9.745322206666435,-0.6133813265257148,4.480748804288882,1.351672275044927,0.17992134984442368,-0.15881343121023458,9.692078583791066,498,0,0,0.1537,0,0.0102
0.10717792838651008,-0.5238228118591992,9.710738944908531,2.3401844362928075,-0.0019948692468396596,0.8469903364004885,0.13021111454810108,-0.4869880148199203,9.668850317221606,499,0,0,0.1537,0,0.0202
-0.52682977465405,0.7924384470289526,9.722148838927406,-3.1480263556179806,-5.279479116366669,-0.1509291475133759,-1.3015829304192426,1.0269331358678737,12.26948237615221,500,1,1,0.0,0,0.135
-0.29865108594542794,-0.2782519298628349,10.002410324361136,-7.461409224913439,2.4328690416175975,-1.4740228542816716,-0.3433999134200133,-0.6514959545019645,11.394986339705433,501,1,1,0.0015,0,0.2
0.6458962154009017,0.0379543719292805,9.940070064705031,-0.3460390139953953,-5.375858589926991,-2.77101691773878,0.9861649959715101,0.05222205399912767,10.968625982906431,502,1,1,0.0014,0,0.19
0.22041471165868354,-0.14838918645036614,9.659549651679775,-2.591948450326138,1.0156329561249102,-0.24516200026427598,0.46733665620797626,-0.34273475995655295,10.998915366901734,503,1,1,0.0015,0,0.2
-0.1514381221239407,0.5148130102728685,9.780009580416664,0.9057376718242083,5.754617136863628,5.934026628785627,-0.19326269630068893,0.9076032286899908,11.390275456399701,504,1,1,0.0,0,0.2
0.3605864518576828,0.008765461154993952,10.262834101537742,4.045486738955898,-3.7978147496048873,1.9946420036170314,0.39187632151951113,0.012186105210685898,11.581990691145387,505,1,1,0.0017,0,0.19
0.7169164609645063,0.6476277305830446,10.306627164873847,1.1562429074548368,-2.0175583458556403,3.293443079264937,1.2471942502935096,0.8425030172088974,9.969968070864512,506,1,1,0.028,0,0.21
-0.7893374937534428,0.23531493575367562,9.518740392328754,-9.795019193011814,0.6847091660340527,-0.4985740054579151,-1.2849670939591291,0.46057768288880313,9.067272157238156,507,1,1,0.0073,0,0.33
0.2756608554269593,0.0038844410751124334,9.93314484862566,11.728663717736813,4.524927826297325,-2.8983251492962445,0.2944274875799204,0.008195308057912581,11.908616407805015,508,1,1,0.0015,0,0.38
-0.5188025545105721,0.8265272464797864,10.182295014750865,1.7574106824520523,8.295451039920719,5.922546188086476,-0.8887442663123065,1.4693811118561215,12.653802397225896,509,1,1,0.0,0,0.19
-0.43946760885150193,0.21514173099822617,9.954741584003667,-2.3316011302392354,-3.324386920218361,-6.356841620836273,-0.7490969911273264,0.3610982337753013,11.998274774761219,510,1,1,0.0022,0,0.2
-0.42153338293756504,0.9430898633796726,9.636288772428525,-4.091993379620135,0.15556922200644632,0.9514137966606864,-0.9285145601997031,1.3707589456486986,10.847337712248548,511,1,1,0.0001,0,0.1
0.242037246198003,0.3423798218592017,9.489003440699518,-6.876463142958106,3.0239469978615934,-2.7617080649608035,0.3714431355617583,0.611424156585356,9.420186539859744,512,1,0,0.1508,0,0.08
-0.5657577532060133,-0.5874361189653295,9.70451890104081,-0.5818545268674878,-1.567412710592726,1.239119387795137,-1.0211478589646108,-1.4624581216562733,9.802386277974318,513,1,1,0.0132,0,0.07
-0.1559002990422244,0.09189986350748847,9.73071967542213,9.618539252008965,-0.8298314481219589,0.6225605841766058,-0.23541304199694688,0.17631700091600946,9.277613001396643,514,1,1,0.0326,0,0.08
0.01336619153668722,-0.4161595468732498,9.535374807006379,4.77374824304502,-3.546103312764392,-3.039508021472681,0.022678047240162525,-0.4554173205708481,10.886200671754988,515,1,1,0.0015,0,0.08
0.3860509106006037,-0.12203014705781684,9.75255695462322,0.9196815892851334,-10.935927735577017,-5.4439283296802685,0.8843390637108733,-0.3047266357442321,10.283423122772065,516,1,1,0.0349,0,0.08
-0.2545651640294522,0.5292929062973634,9.713384984887206,-1.837958121625804,-7.327192692622955,-1.9566460764549063,-0.27194712754747535,0.9793091031745566,10.563348778462535,517,1,1,0.0,0,0.07
-0.2236258878468187,0.11224075256995039,9.789979469806458,-0.19408673315279845,3.060782038738176,5.037801288050269,-0.28203113931163737,0.23358731193257543,10.191878861626579,518,1,0,0.1533,0,0.05
-0.5140116029977105,0.7975833547084932,9.199452668183344,2.166172156729388,6.6150516624831806,0.6001801236104791,-1.1540573311834592,1.2183441974142004,8.582367096304578,519,1,1,0.0035,0,0.06
0.41216079645958453,0.607184429194688,10.20671042963304,-6.09653005637654,2.1376420833592915,0.4846383247772251,0.41672736616156336,0.8383257427563323,11.927607497259476,520,1,1,0.0,0,0.03
-0.28454495182819994,-0.3403099794802257,10.091117063797137,-3.030054889527725,-0.567019983119345,-1.6979852970863318,-0.3359994691052252,-0.7523054036041872,9.173412198080893,521,1,1,0.0107,0,0.03
-0.2700693688826143,-0.46423053815448445,9.627310220285016,-4.129775724240357,0.9738406690980205,6.460199248031665,-0.5189656663652223,-1.1490369365210338,11.468561141978288,522,1,1,0.0001,0,0.03
-1.031139234762008,0.17235534646633074,9.903105136908922,5.703709257890475,6.54023582593783,3.8226455638933943,-2.2372363703568823,0.38059481012117746,8.94231770376347,523,1,1,0.0071,0,0.03
0.2685150275326951,0.7422301968646279,9.8936733869977,-4.5838248525818495,-6.161589575584587,-3.813755576377203,0.5643362591489651,1.0662063324058269,11.136956242852817,524,1,1,0.0006,1,0.0
0.05072406743270006,-0.34496623498954765,9.870801594500573,8.17631554448229,-7.199282615979562,1.5016407994589178,0.08451545749978517,-0.5971061762008019,10.86827683168656,525,1,1,0.0014,1,0.0
0.48503191858545314,0.9919240914143066,10.760141365835626,0.175501724973771,8.080716410833569,5.312001483450405,0.9455516088767983,1.8050686206115012,13.782509194009725,526,1,1,0.0,1,0.01
-0.30958161846637194,0.6895318773420882,9.74101246607467,-2.8737882284725114,-3.633186786092206,1.3591426529787853,-0.41542798258501634,1.6027126134139082,12.523002951978624,527,1,1,0.0,1,0.01
0.5751744492514854,-0.14945857270473625,9.916743353241335,1.101018967915969,-1.2978683529069277,4.307242683602809,1.1906811190011508,-0.35625974292861756,11.26295003720779,528,1,1,0.0014,1,0.01
-0.1707724375176319,0.04039518378206155,9.4063003139315,0.3501555995980745,-0.01647849153518495,1.3379313616662296,-0.2890833450763222,0.0918477398792642,8.717430838269092,529,1,1,0.027,1,0.01
-0.27481497713225816,0.5535382566614917,9.862629769648189,3.3609217420553827,-3.53924318915338,6.348452065094593,-0.2781609414178204,1.1473943716734887,10.877102304041342,530,1,1,0.0,1,0.01
0.25223319241496694,0.23785937031629126,10.045036394104441,-6.539345655810223,-0.7631440210197145,-3.523256055534758,0.3982800390313336,0.5801654996775398,12.927544870109967,531,1,1,0.0014,1,0.01
0.3629089057716557,0.32279195447321823,9.358059792256828,-6.807383258843021,-1.3400711029796553,0.5734118514202898,0.720864588563215,0.5141683479185183,10.57666068321944,532,1,1,0.0014,1,0.0
0.021036773383258378,0.22558342472334122,10.064711840005002,3.625590448889315,-1.8802170825126034,-6.019202318727045,0.03556552912938802,0.3180415400467217,9.665443479886248,533,1,0,0.1537,1,0.0
0.7146298610366161,-0.4915688879001629,9.669814589062698,2.038427717783114,0.9356176477502948,4.348224910608644,1.7227679275941672,-0.7904636945577689,10.778032855350498,534,1,1,0.0,1,0.0
0.11680823973253782,-0.06224179677591159,9.719992087857834,-3.318517337177758,-2.3438757180319962,-0.009890567071364941,0.13739366024566718,-0.07432532687819804,11.19512500216649,535,1,1,0.0015,1,0.0
-0.24818746114037482,0.26689738216297854,9.602652326686384,0.8999733019722571,6.011507983793825,-1.1892076899373683,-0.4272783215723343,0.6339619030651099,11.675187339196608,536,1,1,0.0015,1,0.0
0.042115958256552254,0.3559942781254837,8.959252765179498,-12.054653972694291,-0.19632884642045992,-10.647337234168695,0.08585433422018013,0.7062532733402682,8.875710899312365,537,1,1,0.0352,1,0.0
-0.42497387743725423,-0.12984636886285741,9.87423216899217,-6.751900306016018,6.668022456975086,-0.0033438060943632927,-0.8476646394437198,-0.27700566800848114,10.171917679184347,538,1,1,0.0457,1,0.0
0.3377854858780858,0.239244360136088,9.4193355141836,-4.0012832260418705,2.191757643439333,-4.47056170047908,0.7295144448235164,0.4866405788783772,10.612128729705361,539,1,1,0.0014,1,0.0
0.37363098537548683,0.3658675895952617,10.042290483738345,-8.556028143755533,-0.7232292869897305,0.6956565247918658,0.5336765460113482,0.5248995484148659,10.619177652708908,540,1,1,0.002,1,0.0
0.4186103039648356,0.40210868861159815,9.763938705861975,-0.5320140137653903,-3.1026658837839993,1.5468508219243946,0.5537952041816221,0.8898901689006633,8.797708396976784,541,1,1,0.0028,1,0.0
-0.5740448095478072,0.011624633119556025,9.651188071052013,14.533883691900218,-10.065823462968023,4.80791348107531,-0.8653392720000094,0.015122534522608023,10.036416923820903,542,1,1,0.0353,1,0.0
0.8805010326518539,-0.02607060496113066,9.620853535186656,2.17138269497645,2.675439678676778,2.786920167695931,2.1466574772177576,-0.06138454722625613,9.203953852770608,543,1,1,0.011,1,0.0
0.48106840966166364,-0.28624197860472006,9.852060378930027,-8.019045186788508,8.965250443740135,1.510425971666849,0.513780509768668,-0.34021027517455665,12.272272879588035,544,1,1,0.0039,1,0.0
-0.612237576504751,-0.1917613236409654,9.715330713838638,-0.09547685321307256,0.3120303029582331,-2.214735845057602,-1.2073182956227053,-0.2142196613648363,12.43162845816811,545,1,1,0.0,1,0.0
-0.08429548324517104,-0.15921676724209818,9.600562020663206,-5.097847499025086,-2.8811958950974184,-5.313430487139733,-0.11095528580914674,-0.20080940109574857,8.897628463843917,546,1,1,0.0252,1,0.0
-0.07347211051960657,0.20450281508371415,9.979823230847606,-5.417831602230319,7.892933567936797,7.341271564332786,-0.11566232579487723,0.36838039104318276,11.33656298059029,547,1,1,0.0021,1,0.0
-0.5472812005500152,0.8128097224452133,9.44406152479108,1.4400497087162565,-8.292258554663443,5.979806887599476,-0.9701685669065626,1.3579824969111916,11.255472963194656,548,1,1,0.0,1,0.0
0.44452102359021345,0.059311106630840174,10.138358672205777,1.894165906100357,4.258349243217045,-3.261945309289569,0.9449101436919358,0.12676349602347867,12.096993558867071,549,1,1,0.0014,1,0.0
0.10607283507099143,-0.0742908340193721,9.633910910061228,-2.9022627404101193,4.188928731465963,3.2973049102573975,0.23703501107355032,-0.12704052551471173,9.684009946611345,550,1,0,0.1537,1,0.0
-0.5138074246054393,0.16456144690347826,9.888388171067172,1.1145042251562436,-1.5643750669472904,-6.36290439813499,-1.21419931853641,0.3521300679401235,8.975970170571093,551,1,1,0.0066,1,0.0
0.2960262003027452,-0.50038388181947,9.949770015721768,7.146966546023497,0.4489723550875377,-2.774859732916875,0.3473872981528404,-1.060331697557335,11.036563460653444,552,1,1,0.0,1,0.0
0.4960707485929967,0.39386404783907697,10.134124874285412,-11.293292423548193,-1.7402664168130695,3.906202871924372,0.5215706511581856,0.945363062520032,11.190557065675645,553,1,1,0.0,1,0.0
-0.4106242874824174,0.6760206064710569,10.213794290760024,1.6226989007983295,-4.87539537237544,2.263143791163452,-0.7685455201270395,1.0347048019473297,10.772853986321909,554,1,1,0.0,1,0.0
-0.40587740134610195,-0.09028205089794634,9.92382743231955,2.828569760702948,0.16977874974091622,0.29674678322678016,-0.6797223782954999,-0.10778683542823637,9.24920638881099,555,1,1,0.0285,1,0.0
0.1798801123254129,0.7181209619810955,9.384823228010864,-1.1337549199236303,-7.5758816955448225,8.88130932070663,0.39725230797080385,1.4251423207561271,9.926150179566593,556,1,1,0.0307,1,0.0
0.6785115498549766,0.16460940771833296,9.830075413301822,2.9836213854815936,-3.9907451504022196,0.0594961739470689,1.0614318892618286,0.31919495668081166,12.497806519599113,557,1,1,0.0023,1,0.0
-0.6030645158125032,0.7876012868584493,9.32747157502131,14.45351247441648,5.61783692689811,-2.3508789166833304,-1.2544586728968814,0.969126393681961,10.733604179543251,558,1,1,0.0001,1,0.0
0.30255732054467926,0.13293587802598633,9.953196738273531,6.461094094018932,0.8111657045778113,-2.6229761847926496,0.7072352864310678,0.3271541015236632,9.202193351848246,559,1,1,0.0127,1,0.0
0.26603731310617795,0.788436721148733,9.49247881624152,-10.439535226324619,0.08551199979265829,7.486377545369075,0.5782715271952216,1.1327944158800052,12.108863492976917,560,1,1,0.0001,1,0.0
-0.12672287922281478,0.48089545727118654,9.880230178551455,0.35614545476041926,-2.1957615960304264,3.2357705058162467,-0.15084722585551832,0.5634222566870256,9.012246180328003,561,1,1,0.024,1,0.0
-0.3748138932272784,0.39266214682019607,9.62253617099938,4.463925129257293,-1.473551586754454,-1.9247568414957366,-0.5933286499587026,0.4558160342303393,9.128924903256657,562,1,1,0.0245,1,0.0
0.23593381007920114,-0.598370499251456,9.790566445397753,-1.317243669479258,-3.261581448220909,-5.760086773263876,0.3748042284535108,-0.6969337839720818,11.27575688541613,563,1,1,0.0032,1,0.0
0.42475170935882045,0.5657658129234362,9.386779598097972,6.089740974009882,-2.1482824527181243,5.513350478473652,0.4508214700753689,0.816708636455064,10.148125634206698,564,1,1,0.0735,1,0.0
-0.9052295565310192,-0.20853441298499567,10.128734400030433,4.332650381522283,11.56031838575657,-5.616592111888648,-2.18690207702239,-0.282563956489142,12.20547533194048,565,1,1,0.0,1,0.0
0.16308941921742642,-0.7035752568537377,9.24896834758548,-2.313502381177847,-2.6995060768309216,7.3265763987362975,0.28410682881457483,-1.161048961198634,8.631812935880987,566,1,1,0.0113,1,0.0
0.695870418549909,-1.0569014066354798,9.90669484551784,-0.1742557573773213,-2.2030340691887407,8.793487678853266,1.0629702569150385,-1.8807582510321452,11.309559345146413,567,1,1,0.0,1,0.0
0.4170554717872764,-0.12770743321670378,9.725944725174582,-0.5879888861761058,9.091938789579244,1.4618625392778808,0.46985247613919595,-0.21848515754409076,8.85264464329808,568,1,1,0.028,1,0.0
0.3102774892999271,0.10533700767754668,9.877051672237643,7.371664435488295,-1.3975901525746435,-3.5044498156952337,0.6406431513251714,0.18251279685310615,11.70328275111333,569,1,1,0.0014,1,0.0
0.18384335707754526,-0.5025105976680592,10.010098349670946,4.950277830505455,2.15163909595253,-4.852808694788993,0.40217988836153196,-0.5672503810981866,10.355855225307366,570,1,1,0.0311,1,0.0
0.444161684188998,0.7604173228117013,9.934958587716162,-4.734734714292773,-4.614403170877857,2.0594623267939216,0.9693788671010617,1.078011336172253,11.075393114624058,571,1,1,0.0,1,0.0
-0.440822084079991,0.7974987153060722,9.4909116292766,3.660346553240532,-0.23944553484725467,0.0939915120294947,-0.7150335483815895,1.956286622104318,9.428215213653168,572,1,1,0.0281,1,0.0
0.06422647663095361,0.7058930010343502,9.933003328078696,9.788535088998522,-8.958705328740363,3.1270172564713024,0.09789099810137226,1.203913229930432,12.215912056278983,573,1,1,0.0,1,0.0
0.6014126928309423,0.2315340616987692,9.869407819802877,-4.8423637855906385,-3.5455456470287765,0.45289400444255423,1.1194944783144758,0.5693654295127759,10.621216300337043,574,1,1,0.0014,1,0.0
0.306584867447797,-0.6007304692568249,9.671036644084571,3.601920065235396,3.9635008328267767,2.120902841781528,0.5831072437257777,-0.6897949067356635,10.190263263271927,575,1,0,0.1382,1,0.0
-0.8118209548815657,0.025755345440085443,9.85465413553705,2.7544943661451238,-0.2278938020886188,0.14434357973950118,-1.838060551503839,0.04029295026146735,9.474808143020004,576,1,1,0.0375,1,0.0
0.5833235208094989,-1.4166765777073294,9.50690711804892,5.621977854651977,-2.3508151896376956,-7.661504618764901,0.88616865388991,-2.063808872987231,9.633667209716217,577,1,1,0.0191,1,0.0
0.05126326478928564,-0.13514361740481917,9.449587055044622,-2.9553390688632817,-3.8018056900015877,-11.602609611867631,0.06843636068149746,-0.2570798002467281,10.674281570584936,578,1,1,0.0006,1,0.0
0.32189975836447154,-0.00870782898764581,9.967560971872109,-7.357701802162374,-0.4217151521361203,-5.789718336988389,0.5258843762399492,-0.013474839022743936,9.351434712984602,579,1,0,0.1303,1,0.0
0.19547635114630757,0.6612425981385655,9.42388704053843,-6.4741879581293995,-4.039310799741534,-3.0001054280971102,0.41970909924930777,1.5969117642141024,8.866027236677386,580,1,1,0.0028,1,0.0
-0.12131489337573273,0.6166727947334931,10.434509742467293,-4.320896354723352,-1.828968153472248,-5.839081647714405,-0.1311237555694714,1.0426321431739685,10.375831248243657,581,1,1,0.0546,1,0.0
-0.1356875131569821,-0.02330396066505065,9.335193719588975,1.5625446092925177,-1.2772279576763115,-7.632296665289628,-0.19301284872305904,-0.03892155288530151,11.944465206054609,582,1,1,0.0011,1,0.0
-0.4006659453784143,-0.3842825585230647,10.194696349256324,4.261582332020685,7.224381484511419,-12.219182257565981,-0.5607517802193781,-0.7961731020069305,12.110333171590005,583,1,1,0.002,1,0.0
-0.742623717235972,-0.32206228136585924,9.55673255340979,-6.938019434332353,-5.579176784885869,-3.151331023544885,-1.802087907219718,-0.6020229725380284,12.417137283982852,584,1,1,0.0,1,0.0
0.6298715009439504,0.11837782398572709,9.622503699363987,-3.113826979466055,2.4042957470616257,1.0680560835265398,1.011759238783531,0.20298495553566287,9.83717081902427,585,1,1,0.0677,1,0.0
-0.04010719047818848,0.083522914076024,10.382961185798276,-5.040246828645953,2.914112672224214,-7.454928407908384,-0.064369202758567,0.11939297319443436,10.833624880014458,586,1,1,0.0047,1,0.0
-0.6306886865792845,-0.8137316585052715,9.655283127174219,7.8407289840907,3.0296353335913198,1.7582213507392428,-1.2691943687712257,-1.422353953296111,11.443983018464028,587,1,1,0.0,1,0.0
0.03543025580279228,0.8829674045131747,10.022154108472861,-7.306121966260724,0.42512916951713375,-3.3189965805787818,0.06621719077361378,1.5298818996460222,11.502032986878662,588,1,1,0.0002,1,0.0
0.2464550482715272,-0.009558624224786228,9.6809881339731,-0.675357111553862,3.401169301355216,-2.8222709761728875,0.4086884152548175,-0.02317767196602093,11.623874194989735,589,1,1,0.0015,1,0.0
-0.2066714277801005,0.30790649213264176,10.05241947876042,4.146369664852701,1.2757626790996093,-4.540974330637663,-0.458211485955841,0.5918428790551953,11.69982999030889,590,1,1,0.0015,1,0.0
-0.21414319601574167,-0.3364184296785689,10.101922114413302,7.673673988645566,-1.399182683982429,-0.654392307079093,-0.3383091750517844,-0.7047439553747268,10.453048235856022,591,1,1,0.0021,1,0.0
0.004683543199531573,-1.005198657252658,9.171243698879643,1.369776788700209,-1.270973493913581,-2.7149819311792713,0.006617720974741478,-2.1648672490736898,9.787214441915713,592,1,1,0.0322,1,0.0
0.0940136836113796,-0.20410060961206816,9.173921108518343,-2.687962226860738,-11.267214326748114,8.856537959067893,0.18462689020123813,-0.41997877201318246,8.42196086245305,593,1,1,0.0441,1,0.0
0.4535799087684653,0.2765999069657735,9.755296930858947,0.6579702139907877,-0.01281520752866824,-3.708978710102897,0.752748580988037,0.31965719042271623,12.012734832790585,594,1,1,0.0014,1,0.0
-0.5319933592000518,-0.858375168304652,9.406110454141173,-2.3423350632445157,3.7022089506259337,-2.6380636017052153,-1.252605036061928,-1.024937085776373,9.962636030627657,595,1,1,0.0179,1,0.0
0.44863828778567183,0.039433471255503665,10.37871047508127,-1.714123032724604,-1.2994071902521056,-7.082685537802269,0.8209406349077195,0.0767792596747659,11.284688138119025,596,1,1,0.0007,1,0.0
-1.4675593244346328,-0.36202303829757154,9.507470275260602,0.2518262897868865,2.0194368678350854,1.7337702140669273,-3.2220677648669054,-0.4867807181218407,12.205898297758651,597,1,1,0.0009,1,0.0
-0.5567392253425484,0.7883563208176664,9.822509313909588,1.565401190737099,-6.173047571038496,0.19885847635885645,-0.6882551962333632,1.482667611250029,10.263448078941916,598,1,1,0.0285,1,0.0
-0.4305275211398476,0.21610926207161785,9.87884637695697,5.90037117970042,0.7544266593895487,-4.5573635423290195,-0.6258526539059932,0.4288730789080572,12.21774058187517,599,1,1,0.0015,1,0.0
0.31292447240270965,-0.20968838878029997,9.729666783632164,0.22961040988970258,-5.732675958608118,0.33736573512661705,0.39769552068058645,-0.27027587158949373,10.785635461250896,600,1,1,0.0014,1,0.0
0.5080036886293028,-0.5633613066107057,9.917324918146624,-0.3094119705970932,1.94034328833905,-3.5256531049638564,1.16492438954521,-0.8299783706850754,12.329193951492641,601,1,1,0.0,1,0.0
0.08873451813081966,0.8431674130175779,9.784942290768754,3.20294378677638,1.022283980838534,-3.0816917062912053,0.19548932871454386,1.8577967286026087,9.744428645614269,602,1,1,0.0441,1,0.0
0.2114423382715514,0.3570013925306071,9.885472214175929,6.58680034156221,-0.6660477296909877,-7.607650967599605,0.4401905217637265,0.631296488638122,9.910093597842097,603,1,0,0.1478,1,0.0
0.11265324053095968,-1.1646929177705847,9.473588564466194,-0.5801956148878505,4.062899724919746,-1.3046242147038336,0.12472867140717518,-2.2942339476783316,10.811371275509872,604,1,1,0.0006,1,0.0
0.45089749779728033,-0.18794445907658638,10.210620627983033,-5.964837904210544,2.8784088703834665,2.2473388534674164,0.5229310543878354,-0.3718886299304744,9.686444082177212,605,1,0,0.1537,1,0.0
-0.24046559861565622,0.15970366823357518,9.919278879917753,5.49402679029408,2.2512348019717847,9.37600525903669,-0.43582311913698424,0.33884799201070537,11.906060938484032,606,1,1,0.0013,1,0.0
0.911195591135579,1.3150917295479518,9.980131994099775,-1.582896112354975,3.504010734477878,-2.0161989386360895,2.1784262597536985,3.233292356196573,9.847231057660844,607,1,1,0.023,1,0.0
-0.6405008820835035,-0.5159455203525678,9.69083015191726,0.2095277123297923,-0.8261275612557663,-2.4746217289924677,-1.084731056607541,-0.8531182974309947,8.777796383602894,608,1,1,0.0023,1,0.0
0.14391546088271226,-0.42580360517415816,9.60832079619155,-7.038332975852347,-5.050937823861449,5.145160110755902,0.15254114017143752,-0.5333227548272157,8.705251898446656,609,1,1,0.0256,1,0.0
-0.162738125075159,-0.2772417310443276,9.408527360513553,-12.19958756136269,5.811947188346275,-10.188305664441472,-0.19435053574271519,-0.5017844922298955,8.607653346354901,610,1,1,0.0203,1,0.0
0.021446979857408566,0.014850247040465088,9.83085187686504,0.5960865477753045,6.068110597217808,-1.203460779017515,0.05330476474174031,0.02873935411940816,10.726947436131605,611,1,1,0.0015,1,0.0
-0.2697261243916263,-0.2972982745921057,9.66434527917049,6.137452452769905,3.123247924931625,0.17685543322929656,-0.4880319064219488,-0.424790994694177,11.1506081854045,612,1,1,0.0015,1,0.0
-1.2846481695628191,-0.10172114763240649,9.987835195539473,15.877080209213446,0.5172722023242048,3.766227386858512,-2.475222488378345,-0.22192981549842447,10.966707161075773,613,1,1,0.0008,1,0.0
-0.37278728993386884,0.007343982021156706,9.612882068676534,-4.313775580953721,5.833517389590063,0.6791614030493858,-0.5629621524471844,0.014525757596828686,9.277746173984236,614,1,1,0.0434,1,0.0
0.09858433765762126,-0.44701066964483627,9.409263429992622,-7.795112309082301,-5.490337900718854,2.0603578608026196,0.15738189745529577,-0.9885296563833811,12.124343417278478,615,1,1,0.0003,1,0.0
0.3324100631492423,-0.007552940712926114,9.751371712911043,2.586212737309448,2.6196559094300618,-5.388012844208791,0.3918377097965745,-0.010502730226219207,10.129877375990151,616,1,0,0.1537,1,0.0
0.22514565378347434,-0.6736845324969087,10.441394206918249,0.31261807696319543,6.803235215698175,-1.6794656071455238,0.4846274643164981,-1.5163067981930123,13.468173556056753,617,1,1,0.0004,1,0.0
-0.40962231586610515,-0.5688930717307195,9.953051769126056,-7.0988275853776965,0.015874508374327544,-7.040176919605231,-0.43972066200808785,-0.6431021582697993,11.286551241300891,618,1,1,0.001,1,0.0
0.03735489850870122,-0.2694526862852959,8.697672306242973,-3.545043549421508,2.3457503168827696,2.894971983510936,0.0915157219474458,-0.2801447418343172,8.53779359949673,619,1,1,0.0486,1,0.0
0.6854781383940405,0.8659895038663786,9.875046777339827,2.959803914898308,-11.997588187617193,-6.178507845518357,0.7620390046995685,1.0533707392726972,12.057156800816008,620,1,1,0.0009,1,0.0
-0.05068822049739838,0.2585273571101875,9.83224477700822,-1.7197092147395732,1.8514130715625159,4.927797215832367,-0.05767997004457521,0.47572402293085225,9.723860969507054,621,1,0,0.1537,1,0.0
-0.213177617068443,0.08827682752627018,10.130474559693296,1.696604711358352,-3.3470618317776353,0.41240020117166254,-0.33668573819052033,0.16451508370490905,12.50174134100776,622,1,1,0.0015,1,0.0
-0.21249145105273015,-0.15230956859347647,10.29830915996512,0.6534077085672528,-1.6623144792748457,3.856454576884085,-0.2445182503788259,-0.25887541086983595,11.545070302437658,623,1,1,0.0038,1,0.0
-0.30304803315597406,0.6814447503243524,10.134308885060552,4.408514680197124,-0.7888132087329154,1.580848563977972,-0.5050115832710258,1.4018664010544097,11.20912121312751,624,1,1,0.0,1,0.0
1.1528785863394868,-0.6948114692148185,10.168181295757913,-10.85526258968428,-2.65883093583944,-2.535343748156547,2.3039354968976773,-1.110979971657122,12.496902472289998,625,1,1,0.0,1,0.0
-0.6787187109602214,-0.015162557512409618,9.402915366182679,-0.726983176614679,1.5443377353195915,1.3130626978803535,-1.694553881339444,-0.019084307154931302,10.10002592348544,626,1,1,0.0462,1,0.0
0.17337575211892892,0.3183432400296091,9.953483755704505,-1.7883751964250016,7.1000061311476905,-2.6670103864694124,0.38994378426293697,0.5298969986965112,11.105662562954235,627,1,1,0.0025,1,0.0
-0.033868956656073396,-0.24082763514488312,9.327495054450692,3.2144778260428186,-5.945345255141742,-3.4628041204721427,-0.049907677050930896,-0.40418981321116826,9.390446932090258,628,1,0,0.139,1,0.0
-0.35229289010342063,0.24590937415784436,9.695768190934073,-2.1591144451524524,3.0779106988637874,1.0221393571219115,-0.4174690781105628,0.28407774058678537,10.575873341397385,629,1,1,0.0015,1,0.0
0.31640024352731677,-0.5004019621001079,9.84918005594965,-1.569537001017188,2.706221340619654,4.205497652835069,0.4700226729099382,-0.6400731168452348,10.646402094440015,630,1,1,0.0015,1,0.0
0.7549094750128653,0.6589598889465565,9.657338182728328,4.274159839580615,6.938780192954411,-0.9881463054402828,1.2391490053134977,0.7841243340442586,9.166091747252045,631,1,1,0.0096,1,0.0
0.6816689912522814,-0.1977731106782915,10.373358226613878,-13.547651680282915,0.6132245899566175,-7.305039706312928,1.3647622920988511,-0.47792595653504,12.944796349501338,632,1,1,0.0001,1,0.0
-0.2757095497489844,-0.11454705562439263,9.819436407323407,-1.8313994337119026,1.846169406096352,-0.8022531420509822,-0.5444438397611042,-0.18113274475170127,9.473847485183509,633,1,0,0.1537,1,0.0
-0.6967064352683712,0.8342148617482474,9.580169069870319,3.29243682275509,-2.6171240044316706,1.551665466059554,-1.691199333404081,1.31610641454972,11.569756705583874,634,1,1,0.0,1,0.0
0.8815421816696519,-0.018496446700988337,9.75589352930337,4.647223160592887,-4.872256083575467,3.523491709179791,1.6413992604175909,-0.020062450699376913,12.65563162108335,635,1,1,0.0004,1,0.0
0.6061431571373516,0.18470879582695024,9.817022666287004,0.8789607807993245,-0.0865840929842093,-6.312046679887398,0.683699991737414,0.432867217535913,10.8549359480389,636,1,1,0.0029,1,0.0
-0.38060350906019413,-0.10754050343109056,9.120382477999105,-2.5675086954924,2.863261025022707,-5.510827481236845,-0.6413915560389342,-0.15698435545019046,11.21011127781652,637,1,1,0.0015,1,0.0
0.8688991583477169,0.5345669149069505,10.213718370746562,8.367402613345227,-3.060381112694341,-17.367162925750264,2.0382105482990416,1.222214389271575,10.271247798018887,638,1,1,0.0417,1,0.0
-0.4487657947970603,-0.008926779652050234,9.483891308511987,3.2358765630058848,6.265635570130776,-1.7522769916471062,-0.8796299080203803,-0.01995563558686417,8.94545332374265,639,1,1,0.006,1,0.0
-0.00823751519089496,-0.3665832093197394,9.82210213675353,2.2624893929660663,0.6020972525549627,5.054470315050091,-0.0185397246639813,-0.6198389803246005,10.66778972095255,640,1,1,0.0015,1,0.0
-1.8552389006902765,-0.36312096309343317,13.334926461787237,-6.721337134798745,18.36913405863671,-0.16747104412463748,-2.6253138365719346,-0.6222202728191477,14.353987937181772,641,1,1,0.0002,1,0.0
-0.05481204093843062,-0.07391630723569136,14.062466809213879,11.479224167716486,12.64009646867969,-2.6681938704397083,-0.11751296633133634,-0.122930582397703,16.915143000983022,642,1,1,0.0002,1,0.0
-1.3278785930217911,-0.2380745217797747,13.032111986311087,5.613926042647059,-6.3408347248220664,-6.734061227715918,-1.9945649897752245,-0.3254654218691845,11.90559564642016,643,1,1,0.0006,1,0.0
0.16945893935151435,0.26568223953872316,16.20690557568558,-4.570733695077765,-7.511687452984197,2.876768991945876,0.269786760850927,0.4199431673070466,18.851779997798975,644,1,1,0.0004,1,0.0
0.34143322657750486,-0.8142037525693925,13.866993776223227,-0.572288946155491,-4.374300496722885,6.793610826210105,0.5379663038474611,-1.301379995034759,14.805626021931545,645,1,1,0.0003,1,0.0
-1.291513375332864,0.3708692485073678,15.126068220331593,3.897225633209887,8.443641617960141,-1.5096092274907433,-2.0382646570204628,0.6568469711747152,17.596553261741963,646,1,1,0.0004,1,0.0
-2.0826703968113494,0.3366566012524649,15.951245700583106,-0.2950279644910374,4.4421017644483,4.250723223525666,-4.256290515070994,0.5141437628624617,18.79030414211438,647,1,1,0.0037,1,0.0
1.3860295778918603,-0.05093743486134406,13.684414091677207,10.42809970929282,8.449738429247734,2.910618011679735,2.189235631687485,-0.09077410399373981,13.412982913742828,648,1,1,0.0004,1,0.0
-0.29248295283739556,0.024046105356874545,15.087607867327463,-10.489353263708505,14.374749958580239,-2.6762512885395653,-0.455188483462089,0.05953431743786644,18.551470859697975,649,1,1,0.0002,1,0.0
0.19709275801242254,-0.3044954753609654,12.869303759241749,-17.7700114764086,5.13033864693315,-9.112811954411839,0.36010052057650305,-0.6080442464466016,16.677543848147778,650,1,1,0.0011,1,0.0
0.20212965006884503,0.16900487521021568,15.051899956221394,-0.7571003538837395,-7.886888090140784,1.5121041128673127,0.42218171126235143,0.24312531356285577,14.308497930319286,651,1,1,0.0006,1,0.0
-1.1879325366557667,0.12677333796827883,15.878378824469642,6.137600091800589,2.728658727109325,-0.40761781503630756,-1.9633333826223738,0.21752188885063922,15.136868963265913,652,1,1,0.0036,1,0.0
-0.07351777178164151,0.034906370568219956,9.89594785219024,2.322938725916054,2.290559763247228,1.5787468338349449,-0.11467349580350077,0.043085739461625805,10.34152881193675,653,1,1,0.0389,1,0.0
0.07192318988457846,1.1143488360831106,10.295325406177145,-0.30233685104328145,-2.1011936588944047,1.2013673625368317,0.10751622380093367,2.7706731835545857,11.18101075988255,654,1,1,0.001,1,0.0
-0.7341036322670276,-0.677271055128333,9.04243784976282,5.088830048151513,9.778613600106377,-0.6120805995887691,-0.7820480156098921,-1.5535334768716,9.347830240008998,655,1,1,0.0299,1,0.0
0.7896507644583448,-0.6210090255791384,9.884530818443556,4.1658480756766645,-0.6405026564871206,13.452047825387902,1.1085085096620722,-0.8152852199085551,10.296439286381492,656,1,1,0.3124,1,0.0
0.27491839754492364,0.5631814775191418,10.119392501147699,-9.314271779132818,-3.909850350076225,2.109671045568395,0.44608113921853354,0.848102004311406,12.573957372606476,657,1,1,0.0,1,0.0
-0.09963182056543302,-0.7235586472866163,9.940585115944604,-6.374712976175245,-8.207822781143191,1.0424569331140168,-0.2021591923087636,-1.2753476532684993,9.182809045666028,658,1,1,0.0082,1,0.0
0.4553170490185956,0.20117164905335544,9.939089176826034,1.2745839825942977,-0.4100402076042473,8.331603094592776,0.4777082323044823,0.4911784835393354,11.725704832337737,659,1,1,0.0017,1,0.0
-0.4897438911978852,-0.15112778319891065,9.816835684555368,-2.6424413130341358,2.8313317210008613,6.697668492647683,-0.7311200923000329,-0.25727806363294264,12.492000383928678,660,1,1,0.0016,1,0.0
0.42648039934990495,0.4667087528762976,10.331154383335718,-6.55009036953013,2.495879030213298,-7.712418437118616,0.6322447781576741,0.9886491106056089,11.67879138249258,661,1,1,0.0,1,0.0
0.23591212397216832,0.023463196343165058,9.931164291666905,-6.7445584012291615,-5.281168267129313,-1.2283820956549272,0.4647717054352005,0.03330079136768815,12.829402298770148,662,1,1,0.0014,1,0.0
-0.1996426175968578,-0.42076965707592,9.713436043267475,-1.3229580247015096,-10.672682532479705,3.0206281101963866,-0.22445219767757119,-0.5321919937985852,12.44321901359488,663,1,1,0.0003,1,0.0
0.3961035973232297,0.6802782499395968,9.368307273812974,-3.037407370829669,-1.2729512176177677,-7.635827023203569,0.7153560757870198,1.6333348914123593,8.718061584291384,664,1,1,0.0019,1,0.0
-0.44700703571918304,-0.7073761727077728,9.863512377945787,-3.571872966991683,2.252199350335474,2.8989448526219377,-0.6745305484953991,-1.3026606284308286,12.456256944954593,665,1,1,0.0003,1,0.0
0.5647208048897874,-0.17542673621738059,9.972646273617798,-9.525498181937843,2.274529699038111,4.138098221685489,0.6346535499751834,-0.3131479596155507,12.206998681086116,666,1,1,0.002,1,0.0
-0.2168318659313366,-1.2437247039586072,10.124459099592725,-3.0860171370850003,5.181730950051855,-6.667237219852823,-0.4755261485339952,-2.042160050141568,12.610886397901922,667,1,1,0.0006,1,0.0
0.6302010045695363,-0.3723111241240835,10.42368527652076,5.320864258077665,0.7393401942653642,-5.479505377857134,0.9414003777177857,-0.5880650689846612,12.18231733629607,668,1,1,0.0014,1,0.0
-0.625351870589567,-0.10438189266065094,9.815014063375846,-12.183881820275072,-1.4040514922960448,11.734143005816048,-1.09486152164466,-0.23819813497723033,9.765526837918001,669,1,1,0.166,1,0.0
-0.6635733383141811,0.6502169971727128,9.720754004718588,-1.5989309691627562,0.11404516973865804,-10.821668377028095,-0.8396186216067952,1.154494527625261,11.833199032966895,670,1,1,0.0,1,0.0
1.0012774303449243,-0.2437484381740968,9.889882956927364,-4.276111484006512,-2.9063925120488237,-5.186241285165435,2.1046227577998615,-0.2721655199661063,10.006307414669338,671,1,1,0.086,1,0.0
-0.4860935217174161,0.7086620115448605,9.380020423267855,2.9785512325223147,-1.2014570998668883,-5.710703903280994,-0.988295758122492,1.3197212919645804,12.161134347649291,672,1,1,0.0,1,0.0
0.8109440256808839,-0.7141497928786428,9.563113000729018,-3.0900449281610998,0.7160655003288061,-1.3347886498445785,1.242602676129067,-1.6281837392046974,11.212450463320748,673,1,1,0.0,1,0.0
-0.3742669101616675,0.43915778816523054,9.79040378208752,-2.2543773726637664,3.435487322163816,1.2331136519206176,-0.7279733416608303,0.747451134986768,10.781924978815411,674,1,1,0.0008,1,0.0
0.7954130724420876,0.14881477670557142,9.325601347453969,11.424432796954987,-0.6444747167585231,-4.46372549192401,1.1475153900284478,0.15634262217298542,11.088263869765548,675,1,1,0.0014,1,0.0
-0.963141181009135,-0.855199187761408,9.763628661412087,4.672211652020273,-0.8571068959460542,-8.420360248677731,-2.3206204688516228,-1.1835348259104999,9.213539335832346,676,1,1,0.0056,1,0.0
-0.9949862561858804,-0.3498522490333664,9.762509742776809,5.308645340671145,-7.075289798440857,4.138633951683763,-2.4480082535354155,-0.45000461109096485,10.111644461268366,677,1,1,0.0773,1,0.0
0.03327049172255801,-0.41196977399800205,10.03451401997948,-2.687821889660639,-5.400628968595704,-5.540715242293755,0.053640585572675446,-0.9086579075377836,13.020851912259047,678,1,1,0.0003,1,0.0
0.13801832061860908,0.17459932158327685,10.254709115681704,3.668818894482688,-2.9846992022016217,-2.219620975817185,0.2466899367230821,0.285535850476946,11.349639251302442,679,1,1,0.0038,1,0.0
-0.9735719948453551,0.13935515233729734,9.874385405395286,5.047653997864931,-0.48345684613499584,-9.865202770973259,-2.0813576016654616,0.34766879314266946,10.71486167002727,680,1,1,0.0007,1,0.0
0.21872139065206533,0.3802774872631209,9.808771136018914,-5.8931668162535775,-4.848883551182225,-11.391305565583341,0.3551814189731191,0.4560232964519576,8.89299867953274,681,1,1,0.0212,1,0.0
-0.3313060989311833,0.5298961586277282,10.249938289186382,-5.832493202822207,-2.6596177967474772,1.6067913122826036,-0.7806325129656202,1.2722328807607446,11.876471988238109,682,1,1,0.0,1,0.0
0.21005218894643618,-0.027866768277837847,10.179024723749334,6.231347181969934,-3.3285251109919485,1.0950622273897321,0.21590733102643217,-0.033161615741456964,11.510912570390758,683,1,1,0.0015,1,0.0
-0.2541802455619508,0.5083491882547864,10.200720429924392,-12.31444302222014,-6.492766040293089,-5.421490506584551,-0.6344526326654693,1.1144658968417813,9.726304224980709,684,1,1,0.0281,1,0.0
-0.05004828827753902,-0.5687084878143688,10.0145777880139,0.9901111165840853,4.436696749731613,2.3317454631226315,-0.09319235350634512,-1.0451699569543258,10.206002447116097,685,1,1,0.0486,1,0.0
-0.27271185912588036,0.27712566410252093,9.904589237377108,-1.682181060480497,4.63383294281836,4.121323038083282,-0.37947045154112297,0.38090898668297113,11.713900069226844,686,1,1,0.0015,1,0.0
0.6229726849944641,-0.42560831199732213,9.624389660627422,-2.210579570353776,-4.004571853828531,4.356423967434574,0.978449651488272,-1.0620614263602455,10.846164867539521,687,1,1,0.0,1,0.0
-0.2560277619759054,0.5359127596092736,9.25728261525645,2.141089274792789,-0.6920757619540908,-3.040500758382598,-0.3027999387620434,0.9120814299929081,9.959247658729867,688,1,1,0.0222,1,0.0
-0.4778364384968521,0.32453985670023416,10.2225788694329,6.753715119359276,0.8791745473907999,1.1146696053164722,-0.6163510727362871,0.7988189472611918,9.682426304850171,689,1,0,0.1133,1,0.0
0.1771642616776184,1.298256556722955,9.637496298222095,-8.71398769729792,3.734233252007018,1.1054330948740878,0.4366909559112482,3.2004539509724927,11.24666725390822,690,1,1,0.0002,1,0.0
-0.11044861087924636,-0.5601082093606258,9.46744008851483,-5.50576536545389,8.050837705311862,1.328768553521432,-0.24678244439733396,-0.969737480013634,8.937904153247962,691,1,1,0.0085,1,0.0
-0.18108982502006912,-0.3534803392062878,9.536952790642335,10.201898549909416,9.247713907338438,-2.9228879762265016,-0.3724375829973339,-0.5471096041788293,9.860640377217129,692,1,0,0.0937,1,0.0
0.6785669433355213,0.20182742228924572,9.782361466812208,-2.514004006085501,1.3427854140065612,-3.397579855078054,0.7545715270475631,0.24437668587152442,9.506876205797585,693,1,0,0.1345,1,0.0
0.6620401982132454,0.3259821408307173,9.482583821953538,-1.3714722143365048,-5.23911437312996,-5.58314800942547,1.0140178794918864,0.627420346545214,11.41155208907386,694,1,1,0.0014,1,0.0
-0.7484537477479293,0.15249669400958618,9.791150860523189,1.9505004472869545,-4.827297408871564,7.628922891250587,-0.9743169653908116,0.20444907065070145,9.057163516525534,695,1,1,0.0081,1,0.0
-0.8716125068781144,0.0935601058711691,9.640397324514105,2.0464259623304506,6.675314144771419,-2.332255580940712,-0.9819301980114725,0.21725857953624061,11.574428572393973,696,1,1,0.0001,1,0.0
-0.2868748765287847,0.39614470754850284,9.696554072284593,8.686086931975233,7.436070881944876,-5.158686739500523,-0.3522464576662564,0.5023847685523352,10.129824341174675,697,1,0,0.1142,1,0.0
0.23985266117865528,0.22640694627675667,9.944709805687902,-6.764748240846727,-3.2566434840043907,2.695429068381861,0.4653077976501757,0.26784987150024825,9.491270439290641,698,1,0,0.1537,1,0.0
0.6442955590431438,-0.14719155669376668,9.978313193317922,-15.393782346286445,0.5412728510955103,4.277369302876713,1.278218914691471,-0.21444266619279778,12.023238891630776,699,1,1,0.0014,1,0.0
-0.22939003588121082,-0.1711983677040633,9.685476919530318,0.7291840132841023,3.7648695475378444,-2.4713371859692415,-0.17604532113612759,-0.18537113297209368,9.737403933777856,700,0,0,0.1537,1,0.0
0.25664173019713765,0.15419772545960245,9.699987108530278,4.5427372053895665,5.802875951496304,-1.3436542655236368,0.30999559375972197,0.25089328179577863,9.723434095522059,701,0,0,0.1537,1,0.0
0.2907965240948404,0.3413949098856494,9.90358873971746,-5.091233940825894,5.016089222721265,-1.938732547603613,0.34171519761088875,0.3365479777490368,9.934470288472394,702,0,0,0.1537,1,0.0
-0.16116753219630917,-0.4126193101770504,9.854391645141735,-0.002410835288461896,1.0090131385169427,-7.137277896260574,-0.2260833049017018,-0.443266549207284,9.763227094124206,703,0,0,0.1529,1,0.0
-0.26270932919891926,0.37584774432722245,9.878378511300449,2.8870132895490874,-1.1400232887509372,-3.266072260334464,-0.2755398413093432,0.4033752280306788,9.915376384778362,704,0,0,0.1537,1,0.0
-0.030314002731385428,0.23157563092302,9.435040818262136,-2.970362714758412,1.1687416969920368,1.353570181833465,-0.054864979860941424,0.2530355855792066,9.509252289030112,705,0,0,0.1537,1,0.0
-0.30739440933101975,0.783360943546823,9.671407551423336,-1.4947364202263544,-0.5273499784293644,2.9889978695363038,-0.32077928698415475,0.7943549384651811,9.732153468561608,706,0,0,0.1447,1,0.0
0.15446198322013624,-0.4375352063224529,9.62733667197424,1.6941017375955623,-0.5164217107430726,2.9127109833448595,0.15048588945443378,-0.4329685753832389,9.563748968377869,707,0,0,0.1537,1,0.0
0.7519986132093691,-0.6100446227052672,10.106477743830924,-2.8536282832361115,-5.819395308646591,0.3823795530864211,0.6472852244607608,-0.612941367609883,10.164918684394696,708,0,0,0.1544,1,0.0
0.11597356272945232,-0.48841985447094405,9.946370332758345,5.190308932969501,-5.749131974967019,1.9034808348606305,0.11152739603900176,-0.5294153155312887,9.920677567450685,709,0,0,0.1537,1,0.0
-0.0793520583889794,0.19349252948892232,9.602732891560708,0.9941830812406178,-2.4945333953930615,0.014997296094686108,-0.09777393592152858,0.10729548087744145,9.620410054674078,710,0,0,0.1537,1,0.0
-0.2711435725523861,0.038989820318695904,9.659655982585912,7.8327930808325394,-1.1253305428120624,0.5187300762964933,-0.2625146071307283,0.11186939379163743,9.528627418567034,711,0,0,0.1453,1,0.0
0.0201933696562896,0.1215904148892644,9.769605781742168,-4.156801255905598,-1.9573317659371543,-2.6766901650916886,0.02251301799298718,0.2816144394974937,9.764719280782211,712,0,0,0.1537,1,0.0
0.04504211335430237,-0.18551747452631986,9.619997982969855,3.3320718174411175,-5.105999494154215,3.5408458044890168,0.07835588458740711,-0.1507306556492751,9.734672331176965,713,0,0,0.1537,1,0.0
-0.38831359510048835,0.11106693806463887,9.923221792373138,-4.699324825749551,-0.8725346169269238,1.0599475453800518,-0.4701573745215343,0.09336140745446278,9.90372840646249,714,0,0,0.1537,1,0.0
-0.7340555155280629,0.36112508674788474,9.719132976600282,-1.0313751854905873,2.9439964128969143,1.622228975807494,-0.7913906086834692,0.3134909555847499,9.731720823962617,715,0,0,0.163,1,0.0
-0.17013026949119744,-1.1200443115371526,9.67340321602348,2.2367622872880006,6.070860643452326,-4.271810082995746,-0.12552774145334034,-1.0650439988158849,9.688867390368278,716,0,1,0.0502,1,0.0
0.20444691444184437,0.1038181174023869,9.800459390773245,-2.1793705383554025,4.317624501844859,0.3897484984372937,0.23388432381946508,0.07890418329379607,9.872386955724204,717,0,0,0.1537,1,0.0
0.3529353833384192,-0.19502415316535335,9.50093680271811,-2.539536393918599,0.181594202786657,3.4332539826885076,0.3517363185640411,-0.1607774985292031,9.464977848352284,718,0,0,0.1537,1,0.01
-0.5370073700332836,0.06693814721943107,9.981689309371937,3.3408042892881467,0.5947813986112479,2.376179680639997,-0.49568375238489015,0.08454572834731544,9.825418861538392,719,0,0,0.1537,1,0.01
-0.039306400446010435,-0.5877633103134876,10.080137315881743,-4.01258888452817,1.1302531924138177,1.6866845269803408,-0.032809206999567124,-0.5155907752542237,10.106813180700032,720,0,0,0.1538,1,0.01
0.24641646172672868,-0.4415868543531256,9.749444122739456,5.01709460847685,-1.1039218437711371,0.8575895443484045,0.21829059754047347,-0.4679733006112955,9.752271557087878,721,0,0,0.1537,1,0.01
0.2476033659822986,-0.2581734355869298,9.883578194244787,4.355344753136954,-4.795431291113491,4.432354916556413,0.25087112525267324,-0.19768548002276884,9.8279742066316,722,0,0,0.1537,1,0.01
0.11255438325519215,0.13607228010939512,9.958169173171322,-2.257031637784535,1.7445869926592519,0.4240512946836407,0.08800932513069117,0.12147820120718239,9.994760798330558,723,0,0,0.1537,1,0.01
-0.3836669329504373,-0.4016825290227145,9.848918500786345,-1.1790901419191369,0.5321843821038046,-0.932347736380851,-0.4422156563530469,-0.3410256012889874,9.828214547891424,724,0,0,0.1537,1,0.02
-0.026090755364647323,0.19041608635915938,10.005901761624704,-5.024970030985827,1.4698791202648682,-0.9459878417294538,-0.06720869447929914,0.07037412735566663,9.945866687226163,725,0,0,0.1537,1,0.0
-0.09620921589915646,0.07664507924467949,10.195748775249232,-2.95501131083569,0.2991475782560347,1.48655508994958,-0.06517814068745383,0.032405931909523594,10.306911024053987,726,0,0,0.1429,1,0.01
-0.13384433558929437,-0.3290885718204866,9.48680633876138,-2.4269893447452238,4.782481721020588,2.7195172252575244,-0.17682341024779574,-0.29407847720910685,9.506778593764752,727,0,0,0.1537,1,0.0
0.4010718840330465,0.3690043995706755,10.05817591397641,-1.5357108865772944,0.61692231051594,-0.8235107644847851,0.36552612640667476,0.3135519016652934,10.095639712660052,728,0,0,0.1537,0,0.05
-0.004763704840722655,-0.08892480976388982,9.586521215550388,4.05070846902248,-0.7838967772068879,4.352616315462955,-0.006472813863531402,-0.13591509496850526,9.583160037963564,729,0,0,0.1537,0,0.06
-0.06359662942682984,0.07817642114297263,9.608848997080452,-1.094387755341613,-0.12606987459813906,1.8339661324425354,-0.09441177777981502,0.06676509539435906,9.596720439808513,730,0,0,0.1537,0,0.06
0.20470025848366227,0.14602986054038722,9.669271138817269,-6.961949446121906,2.75785099309362,5.280647743762979,0.16000993940575092,0.23187791499267885,9.713797537416488,731,0,0,0.1537,0,0.06
-0.15715041104371427,-0.17916771147460667,9.879595516276922,3.056991148698185,-0.004998434083015474,-1.6436709209680576,-0.09374476278775627,-0.1889653644191148,9.859061146689829,732,0,0,0.1537,0,0.06
0.03340392077424173,0.27357881707592235,9.985840915606463,2.3291862756853616,1.9836094353939329,-2.0896043954452264,-0.011851186021194143,0.24556416688915272,10.035480283181975,733,0,0,0.1537,0,0.06
-0.2918558015633354,-0.036757626739813906,9.85299507255172,-0.4733429184177354,0.2554638381994395,3.0329688429521013,-0.36359644041643535,-0.013287491618755667,9.81100590352908,734,0,0,0.1537,0,0.06
-0.3548105942091283,-0.23704713729947396,10.243034240357762,3.2639930909766415,-0.9187303639354303,-0.030256236149829037,-0.3406278594884349,-0.21536311637561578,10.275245334231629,735,0,0,0.1498,0,0.07
0.21652225230406888,-0.08006529164660638,9.471064767146068,1.5418594551104747,3.4047333367080554,2.909993383499904,0.1980033157885396,-0.019667025319267638,9.460495901015559,736,0,0,0.1537,0,0.1
-0.16252790954788288,-0.5439235914581133,9.842304496747492,-1.3301187867646789,1.8339637698430837,-1.4286695847261919,-0.1574726437116766,-0.5162833852077433,9.888610656326684,737,0,0,0.1537,0,0.12
0.2616076299450075,0.0675329656275383,9.81539911269721,-0.48543432675829956,-3.0933087997311386,4.946444355183269,0.21995690890789826,-0.03228025522426478,9.747913452964648,738,0,0,0.1537,0,0.12
-0.006653536534840691,0.1499317324279895,9.69191050057068,1.9148804988744126,2.8283325188218993,0.8541235350171437,0.07360233220050669,0.22457703355716818,9.772383956567282,739,0,0,0.1537,0,0.11
-0.24990099718228015,0.569903160909839,9.695111290930399,-0.23962512218066712,1.611824373720173,2.9893262131581757,-0.1961596944459249,0.558800547830933,9.721133409964567,740,0,0,0.1536,0,0.24
-0.18058620543688406,0.3260082393273272,9.966625729065427,3.58337554036281,-4.969703782923694,1.4517881118435416,-0.20923669692956692,0.37678705612768615,9.99056501463493,741,0,0,0.1537,0,0.25
-0.3236489920655402,0.21670133901987768,9.754166751388729,-4.0684773559312895,1.1101466389961092,1.1819585445562217,-0.3360164954403029,0.20230866857519655,9.791890934389679,742,0,0,0.1537,0,0.27
0.09062275398218848,0.09552094556374416,9.883012330438381,-0.6291934190837948,-0.7124587334962382,0.5766837565859031,0.03148791109460798,0.0908017681921477,9.86354356460679,743,0,0,0.1537,0,0.1901
-0.1803556061629797,-0.42796917739035384,9.65060334406407,-2.2169198066747415,-2.042899173743052,1.758264206746552,-0.19009281684054674,-0.3701254077731207,9.7267740736569,744,0,0,0.1537,0,0.1701
-0.052281389771892256,0.05681755661259749,10.099710258642059,0.25083255487694517,0.3179137657148319,-2.785282385630229,-0.029083596716957812,0.022434592670850663,10.166133529382162,745,0,0,0.1537,0,0.1502
-0.027867799016582127,-0.29055528704400585,9.991157031888385,-2.4232875979820854,0.7154538887473421,-1.0686037629397331,-0.04071132751530637,-0.3046581928994773,10.011761036768222,746,0,0,0.1537,0,0.1402
0.20947029992692132,-0.3666167925656338,9.834214655892174,3.6972702875152232,2.1858577613726173,1.0900693377296515,0.20097615053800483,-0.332418768040517,9.836261913656493,747,0,0,0.1537,0,0.1402
0.27827918597169243,0.33318265265064756,9.61206787829715,-0.8859568693650985,-0.5405174401755606,5.1734523477591825,0.22995115561214724,0.2705559701552994,9.637384926001976,748,0,0,0.1537,0,0.1402
0.3016463143203138,-0.29898829833926815,9.933083170908052,2.2266193104182217,0.2812123446032045,2.3692285518980034,0.3012231986538677,-0.4032625168513043,9.956664277020792,749,0,0,0.1537,0,0.001
0.32980625695827465,0.1107478459917602,9.366498867261612,1.1155306152227538,1.1232339374261606,0.3215366318224915,0.3627211446562735,0.04200534024023897,9.355714754343039,750,0,0,0.1485,0,0.0012
0.10327559948646875,-0.12869598245898117,9.915778118568314,-4.763364499674466,4.980206629889986,-0.38129433430230186,0.16756718687134226,-0.09376105321153712,9.952603943340952,751,0,0,0.1537,0,0.0109
0.3200553804876485,-0.3368674040207736,9.628704094566741,2.5792154833114282,-0.22789380022071554,3.1369932683288724,0.3172983490962496,-0.29536273115396333,9.548710763793983,752,0,0,0.1537,0,0.0121
0.5161466029792344,-0.24800943671355782,9.586518148818511,2.0777151819991917,-3.3931869653236597,2.5269776317989887,0.624067235171535,-0.24205434865682346,9.586984986766453,753,0,0,0.1519,0,0.0204
-0.375062477438991,-0.1015296786685504,9.80252277954229,-0.44778536951834097,6.929796314898972,1.5754570861141435,-0.4048280107556919,-0.10521354682191533,9.790622774961237,754,0,0,0.1515,0,0.0001
0.2178866023753622,0.42862414421049094,9.92816905906986,1.5622655015849618,0.8855679393256033,4.732396508156532,0.1720327079005446,0.47163465356127,9.86439499644621,755,0,0,0.1537,0,0.0004
0.4050764195621584,-0.018682860179381235,9.583845010907359,3.8873725140593605,2.9678735904453264,-2.6690034535333393,0.39322244496406145,0.00948893935703573,9.578840123006083,756,0,0,0.1537,0,0.0001
-0.16830509860773193,0.2634396180187832,10.051796881821812,1.3265250688997128,0.9859935070206942,-0.9246541772173082,-0.1895755237610322,0.2588118060523953,10.056634064333181,757,0,0,0.1537,0,0.0001
-0.23381183160828986,0.2512085618293974,9.624848090363715,-4.82539903015793,2.8651692171948686,2.5596539682631465,-0.199141625696857,0.31495355710949513,9.631252216675245,758,0,0,0.1537,0,0.0108
-0.03374548763967325,0.07835652686478463,9.68609807502094,4.106962978150171,-0.7627446732911587,0.42747323010465577,0.06360724959635175,0.0020360807441612144,9.701237753336162,759,0,0,0.1537,0,0.0208
0.222427673304584,0.04342820022938063,10.229392597626896,-1.7669151592016887,4.1876485933206435,4.3969613685197935,0.29239098956518966,0.04422675758464436,10.21045563034599,760,0,0,0.1526,0,0.0208
-0.10862021533303032,-0.5476420277001798,9.838077814869651,1.7539156672063902,-1.9523850680012327,4.79370334796703,-0.06171311950725072,-0.6205852500863456,9.816224727860494,761,0,0,0.1415,0,0.021
0.14871493365878227,0.02046232266590452,9.909135043816816,-1.9426747328856218,0.3778607737891925,-2.7008834201912313,0.09957777689824893,0.08995941030427472,9.95835605124104,762,0,0,0.1537,0,0.021
-0.17036411519905065,0.22420333971430131,9.866212226554229,-0.526169403012305,-0.60661338536738,3.298525768024774,-0.10586279488964491,0.14188988945935765,9.834899673594737,763,0,0,0.1537,0,0.021
-0.2134903031795067,0.0009099934893510442,9.745233814598045,-0.021323044306242045,-0.4814980561710969,3.941100759525681,-0.1982360774410176,0.09819511285945806,9.72288968136017,764,0,0,0.1537,0,0.0317
0.11429377736053878,-0.03842514698807959,9.487682786084822,4.200866555210044,-2.7546160321343236,4.248631455055201,0.07943750984352328,0.014962405873664583,9.478565291222557,765,0,0,0.1537,0,0.0412
-0.14109637193506286,-0.3004497111647218,9.78172168856101,-0.10605548291048282,2.1576511538467438,1.7598894909625278,-0.15769882084304612,-0.2827991313844361,9.776241208336598,766,0,0,0.1537,0,0.0147
-0.38320084966664697,0.24570856786039785,9.923906040527743,-5.65563333166155,-2.735672119915639,-1.3211231085324164,-0.37917730717068704,0.2950127603472274,9.941942574762887,767,0,0,0.1537,0,0.023
-0.12148876556379232,-0.6314978975643749,9.899862053546503,-0.2676327825162139,-0.05918193150889282,-3.1830908966693165,-0.09578768160066002,-0.7199671714695252,9.904538979279838,768,0,0,0.1469,0,0.0138
-0.10521620549822794,-0.5049491749579096,9.810335761202246,0.5194518994762882,3.424899700957106,-5.087831472253863,-0.11320125913524152,-0.5003769741817966,9.715208207620263,769,0,0,0.1537,0,0.0264
-0.2175067137510827,-0.012317492431424775,9.644544111714655,-1.1815292830891342,2.01217486569833,2.2688530547203305,-0.21122659908055616,-0.013523579584494806,9.65671968103005,770,0,0,0.1537,0,0.0264
-0.3646791192699595,-0.560104854622563,9.708547275575182,-1.5074663694295656,1.3501478049523654,-1.5156740461115439,-0.4388937031461576,-0.49130019016816573,9.755362433133692,771,0,0,0.1537,0,0.0228
-0.2810597997501127,-0.05964514669093792,10.066593465046793,2.128090899077473,-1.046475111009475,-1.700310460770288,-0.2997737096063307,-0.09830347178368859,10.116532875945907,772,0,0,0.1537,0,0.0227
-0.44273747259903795,-0.06480069260284721,9.904856381563713,1.6224708371071888,-7.903113397917741,0.9086377100845768,-0.5089927137469946,-0.14692692130799762,9.887474448441194,773,0,0,0.1498,0,0.0235
-0.28952036077745824,0.16335181783871658,10.102860499913252,1.314752763010794,-1.6970043743009309,-1.842432527940175,-0.23479706850383592,0.05352066985987905,10.15659512049366,774,0,0,0.1537,0,0.0235
0.045580750262366826,-0.048803484268945124,9.753898334660787,-3.4081279802846494,-2.328387133496801,-0.5651829723634185,0.08905067196524552,-0.06584298961890903,9.818658983687461,775,0,0,0.1537,0,0.0235
0.18152298796650354,0.10948737548928182,9.806491767655839,2.811385043768589,1.2889375770644824,-4.453360598195902,0.1699860893585127,0.07838983913115728,9.770997236248306,776,0,0,0.1537,0,0.0251
-0.21400734045868294,-0.33554383487718786,9.684357446364134,-1.929683068579058,-0.479222421609535,2.240954801113781,-0.24876181587544383,-0.3539183898203031,9.704445650200393,777,0,0,0.1537,0,0.0234
0.5273559462512892,0.14707370448098833,9.787669007276984,-1.3196209902789722,0.20837998158422627,-0.056268180928358835,0.4741399964840727,0.09890963143297501,9.821196825321433,778,0,0,0.1537,0,0.0248
-0.3517544741785434,-0.5409218018247226,10.029212853999045,-1.0132100986252834,-0.8086847994036059,-4.851211743225185,-0.3378430123794434,-0.5073835256495245,10.061684271972684,779,0,0,0.1537,0,0.0336
-0.038966302034489676,-0.15366906890909357,9.647972211789831,0.8929413853419661,0.1356683862809063,-3.039465036861098,-0.08628693842335958,-0.10427826822329461,9.65049463502861,780,0,0,0.1537,0,0.033
0.12094688989479206,-0.5113460682515698,9.860123706931947,-1.8177265859954126,-6.8422658774025376,1.9539908673507504,0.08790985650042561,-0.5503990971532333,9.870541894937285,781,0,0,0.1537,0,0.0275
0.11920251572888957,-0.06318245444373116,9.94771882695883,1.3920731845874557,-0.16832835356138423,-0.08533628030564086,0.16854173803763642,-0.07832857386276022,10.044516925980824,782,0,0,0.1537,0,0.0175
0.26291407057091976,0.32285427368141933,9.948387551250981,-6.227033040106717,2.5592506593719317,-3.590232216534072,0.24690331747038796,0.3347699517270256,9.986361259947829,783,0,0,0.1537,0,0.0036
-0.06873354068264223,0.3043734691552406,9.465110453775212,3.0145795356053258,3.0862588147315635,-4.366150099281923,-0.059722344787570145,0.37360879090522037,9.48972101660636,784,0,0,0.1537,0,0.0025
-0.22840644332433913,-0.13741121725795064,9.430240079666152,-5.975818695049197,3.5351645361921094,4.84591019291897,-0.27468891233953063,-0.17612082842003585,9.444298212978511,785,0,0,0.1534,0,0.0077
0.38654868855023156,0.17100631996387214,9.715069444380928,0.22794893067650987,2.0203989180596533,-6.607072443487434,0.3679723960465522,0.1955964126885005,9.726071785682556,786,0,0,0.1532,0,0.0177
-0.04024325101768782,-0.012875411885874965,9.484654946179287,-6.461257577963168,-1.756687021538827,2.7801278154595748,-0.08226448719392387,0.0811387065162954,9.519146453156061,787,0,0,0.1537,0,0.0277
-0.31992097273790654,-0.20670609672753762,9.742554667444107,-3.521664712708815,-0.6229379604050703,5.114867510491464,-0.38854173301680384,-0.10341028204485406,9.7183112214947,788,0,0,0.1537,0,0.0235
-0.36895700439353113,0.16692239442889525,9.915461192572414,-4.218813988507703,-1.1508896169945357,2.2121446192593432,-0.34921383243656695,0.16111456023191062,9.862946443750827,789,0,0,0.1537,0,0.0404
-0.058659785858881534,-0.10158443263404283,9.38494957525213,-3.4156520467374327,1.7613514353519606,-4.532609020762452,0.002788167942815757,-0.11623931565385354,9.342594599922093,790,0,0,0.1469,0,0.0331
0.08642865728245276,0.31877211696398855,9.8509368010185,-1.7629265827980611,4.165112567965063,-3.357900830308143,0.028069558084994485,0.3748436346963205,9.89124670621029,791,0,0,0.1537,0,0.0344
0.2999516302220971,-0.41611062073946686,9.588208777241185,1.0831431681643091,-2.1888169570542773,3.389316316552492,0.3181064005365086,-0.3953760978545134,9.542039044659933,792,0,0,0.1537,0,0.0341
-0.12274752748905893,0.20432765508170803,9.752477856974721,5.672174559590806,-1.5000009153744183,-4.011274259470628,-0.1304229330252534,0.11649888050084857,9.71430890308737,793,0,0,0.1537,0,0.0241
0.13325076342626002,0.04348924882165965,9.96325666035768,0.07441683500471473,2.582721862864294,5.8801151876567355,0.2120460953720476,0.12269078338382466,9.98025433636668,794,0,0,0.1537,0,0.0122
0.6003526979185903,0.17182593776302843,10.128054381854497,-1.919435625524597,1.2958240983879588,-4.417800449152004,0.5186627151260885,0.2004585833168654,10.109547565666668,795,0,0,0.1521,0,0.0113
0.14011097601573533,0.37299512225715126,9.8664853707528,1.4750981575829385,0.5086836874793355,-3.294649583475419,0.22641509994565917,0.3447977018782262,9.841175151445233,796,0,0,0.1537,0,0.0122
-0.01342705845539063,-0.06482778526296018,9.811309478117895,-0.21595021080792426,3.070407976725538,0.5994196438559675,-0.09777963230505413,-0.03739349461803136,9.768672191642645,797,0,0,0.1537,0,0.0122
0.36393585295392766,-0.5012574131578916,9.893622711878137,1.1630960393781982,3.332991188696692,-2.598136137315945,0.33633771818627817,-0.5840294426481533,9.89164081203765,798,0,0,0.1536,0,0.0117
-0.09592066942386478,0.04141203758237813,9.8960343705257,0.035711287973158076,-1.4812956924513125,4.967018113682624,-0.13755998264353128,0.12413329558496206,9.990995901325434,799,0,0,0.1537,0,0.0054
0.4865104022597456,0.3435265600991167,10.030141974230341,-1.7526157781211733,1.5752187960125483,1.9806270156837433,0.42801154557074333,0.2942498681586274,10.022611701101148,800,0,0,0.1537,0,0.0245
0.07963676285229358,0.4074178003150867,9.848679267455777,1.011382787922345,3.6573961772179118,-2.8937108036562944,0.1558715927276123,0.4063228914635685,9.828968902906647,801,0,0,0.1537,0,0.0045
0.336256797351538,-0.024745271764345194,9.656609069372987,4.147369644887059,-3.6649767967321845,-1.997026692589864,0.4738791274137837,-0.007116401570280661,9.693834324823387,802,0,0,0.1537,0,0.0242
0.1227647676848403,-0.1268602493509971,9.466602512770251,-0.9539524257088441,1.2485144635456924,6.273689493341733,0.1059434264651729,-0.15642004715635804,9.479303187459003,803,0,0,0.1531,0,0.0051
-0.18229445486620416,0.47350061603710847,9.680130575649535,-7.072533868620881,-2.7082844442179486,-1.1154124597362207,-0.2073504918475061,0.4732318558877012,9.691575788459598,804,0,0,0.1535,0,0.0045
0.17533938938541302,0.3105279864094795,9.78294665549019,-3.781779135568497,4.278159497091847,-0.9849863070846292,0.12707415316878237,0.25389816501299417,9.821842944664361,805,0,0,0.1537,0,0.0139
0.3159711170631901,-0.4432099627464351,9.75279091485489,-3.0623081579308753,0.1907052500894852,0.6053068113072356,0.39148961096039053,-0.4748127114845941,9.775983010658884,806,0,0,0.1537,0,0.0121
0.5932595420233308,0.09351426541354205,9.932199903853325,2.255445589152985,-4.9519718093652365,4.71298327887576,0.6171476450840527,0.04496955849275312,9.914966866293954,807,0,0,0.1552,0,0.0324
-0.2536783732478611,0.0005605856032503845,10.080923653252624,-1.8514647443871244,-1.2693349510499705,-1.318022301108186,-0.25667773632305574,0.0781624704256625,10.045602437550407,808,0,0,0.1537,0,0.0242
0.31885782921706113,0.09527001150935419,9.92359158246865,-6.871952358030875,0.8377600324730825,-3.874296141428098,0.3560516004139302,0.14156777588952915,9.862264012882301,809,0,0,0.1537,0,0.0327
0.06293127352092459,0.13142299499332766,9.408268258774472,-2.4107807923639077,4.858849270304564,1.4994527187190163,0.07648950367535026,0.20211891751068387,9.454870168335486,810,0,0,0.1534,0,0.019
0.480421147148392,-0.16142661195544217,9.597619793328176,0.342535737425839,-0.5116630412152854,3.2815678318848747,0.5310504442304131,-0.09832543568434739,9.572144515923375,811,0,0,0.1537,0,0.0
0.20604880723365634,0.3107321850228527,9.556162868505206,-1.1280569257002577,-4.188279257058978,1.4251707851115312,0.2339436916418955,0.3659959099984915,9.631188866723017,812,0,0,0.1537,0,0.0
-0.09818968495762133,-0.08813392197373406,9.154894518323406,-1.447882209070107,2.5135156840852866,3.7128859771065317,-0.12539613160260887,-0.12343276914102055,9.180049516780871,813,0,0,0.1002,0,0.0289
0.13019205531967268,0.28712435299398237,9.75441252828467,-1.0924732529749626,-0.6318657752048471,-0.8753460291386335,0.12696896401440672,0.2855682087307792,9.766923717764477,814,0,0,0.1537,0,0.0289
0.08415129594703379,-0.19373650483601687,9.73465264100665,-1.8140344751252153,4.083590127484145,3.3325729482602604,0.11969989648099452,-0.15667252812476054,9.677420181090621,815,0,0,0.1537,0,0.0389
0.23290958831101816,-0.39864409929610795,9.782960968920706,-0.21649715775293016,-1.4502616254130802,1.498846654177546,0.1570379386309746,-0.340926048213297,9.756782680213684,816,0,0,0.1537,0,0.03
0.06865755177131039,-0.8409484502315183,9.645628072316855,-1.044447586700675,0.14866194772769906,-1.257883954610677,-0.012801843157934978,-0.8540081731626731,9.565788014319809,817,0,0,0.1214,0,0.03
-0.00413583903559186,0.2147891452411091,9.966609859880931,-0.5165156609486165,-1.86843862183366,-2.28710933051613,-0.01828375574296652,0.3123574981858988,9.999116485226354,818,0,0,0.1537,0,0.03
0.3208319940637213,0.20154803128415952,9.81745052787136,1.9814689936870384,-0.03583311741260467,0.8280537188108728,0.29034457161116994,0.09117601018162466,9.761487701552502,819,0,0,0.1537,0,0.02
0.1635464452136219,-0.32571052228257236,9.77156716189019,-1.5956698345962872,0.744616499590941,-0.7345657551458022,0.16811316402898968,-0.2791424705452059,9.752214540084577,820,0,0,0.1537,0,0.021
0.11988149968065462,-0.08949623898177037,9.934237577680868,7.954278421293475,-5.393307239065717,2.4835995295177256,0.14273836399314122,-0.07354501320291056,9.915116282111065,821,0,0,0.1428,0,0.02
0.402897417027333,0.16804838111145265,10.251298413612142,-0.34759911473689376,2.040580243459665,-2.231654599319608,0.46531576360915666,0.1876046951356134,10.22321318296906,822,0,0,0.1527,0,0.05
-0.13160739931530516,0.2332807488638486,9.91676755057633,-9.028525882428749,2.717543445653792,-4.308132497955522,-0.18131501232382785,0.3326896652108393,9.856399390208656,823,0,0,0.1458,0,0.0126
0.7051222991916857,-0.2780099256809006,9.945484776660678,-0.2886555842399474,0.35916391329968456,-4.590618668908414,0.7420086785079067,-0.2601237199849797,9.813308722159057,824,0,0,0.1478,0,0.0586
-0.06360918420547487,0.21378160331855758,9.373470637695128,4.417916163450067,-0.25210551134131565,1.2161001566678036,-0.11313588575104627,0.2732179181803035,9.386890888225842,825,0,0,0.1501,0,0.0619
-0.31007279147393535,0.29550366283180945,9.80783817313394,2.6951576119076597,-7.951770492523103,0.8712449260890951,-0.32721146065122136,0.27477677151366997,9.801765193638875,826,0,0,0.1498,0,0.0526
-0.07418703566229315,-0.05090640142921752,10.113563430756539,-3.2280941385148876,-1.6397031520251146,-1.0881177826667028,-0.15689598407557964,-0.09517510482584186,10.113124599188657,827,0,0,0.1537,0,0.0515
0.09137964352458068,-0.14303999609288692,9.477006503425757,1.0555475307813609,-2.3517079257884443,4.919798247245793,0.004268224457860834,-0.12531932260131862,9.54157607736328,828,0,0,0.1537,0,0.0371
0.04083129803161493,-0.3593810065802998,9.783282751747759,-2.4529629272013005,-4.719164896175335,-0.33465316627694475,0.02279602607673489,-0.324785199246164,9.724774714205902,829,0,0,0.1537,0,0.036
-0.6414792490654339,0.5168502191053035,9.842532317873198,1.872930220390359,-2.7974558102278984,6.248913449035966,-0.6496544019170032,0.4713107771110397,9.786824691670244,830,0,0,0.1534,0,0.0428
-0.4021499367836025,-0.22852128937030436,9.44907133881763,0.5642587012848683,3.350552352361814,1.3583514400039134,-0.36488364192796735,-0.1586240275764998,9.480592193903785,831,0,0,0.1537,0,0.0235
-0.11217130680412786,-0.0031713173566942122,9.964698756079912,-3.818120827570591,-2.726894681573322,0.5318647097452747,-0.09532815804600861,0.05781338785103757,9.940024929535785,832,0,0,0.1537,0,0.0233
-0.08879317179286636,-0.1342639555104253,9.808008463511927,0.49556893057878937,2.8063501018432095,1.0029579546512717,-0.16267785693318432,-0.10495564888036898,9.801741903237664,833,0,0,0.1537,0,0.0233
0.05793169983493199,0.09134630416168413,9.612373567149351,0.4235912312311476,4.15052498566575,-4.880803223915631,0.052339966175900886,0.13461639120692692,9.627165948037797,834,0,0,0.1537,0,0.0232
-0.25729528765812343,0.23375089106228109,9.876187569267245,6.513221810331636,-1.7236488926921263,1.1659367379215402,-0.21189760073580496,0.263544488292067,9.862430304927795,835,0,0,0.1529,0,0.0237
-0.48280984268876237,-0.22847914112727796,9.76687506176988,-3.407718130680135,2.7275122808310117,-1.737561267855989,-0.4734746274291677,-0.2531309574012359,9.71722703830785,836,0,0,0.1537,0,0.0127
0.14430220102961422,0.6656636375948716,10.019317550492516,2.054512319235482,1.7795719331461621,5.790510251540882,0.16016837217442087,0.6787025571206101,9.969716989778696,837,0,0,0.1531,0,0.0225
-0.3314257966755978,0.06139988342914749,9.672520486107306,-0.7198517416843941,-0.10216394998797323,1.6003150991429755,-0.32036017953471224,0.13999274047093316,9.707361049310027,838,0,0,0.1537,0,0.0124
-0.0006201928827319784,0.0921101147463148,9.705000594378687,-2.5933649209359753,-0.6529433732256416,2.849228626549145,-0.016645489684049573,0.04039624583292019,9.679696197049356,839,0,0,0.1537,0,0.022
-0.45886702975627647,0.17794365956803282,10.057782750858534,2.252147540787893,1.6042918906030539,0.46651796850429506,-0.4764399154594705,0.17136361754782592,10.071346411474275,840,0,0,0.1537,0,0.0124
0.38455446074403726,-0.06925126153638331,9.726439479662448,6.609375805474832,3.114565152222028,2.351144090372094,0.37952309079534163,-0.14039002008146587,9.724107363288853,841,0,0,0.1529,0,0.0117
-0.26995077587661287,0.3397842646924753,9.683936239818989,-0.7323925491855144,4.107789291254321,1.928956228722668,-0.27447685505399677,0.3182998027467918,9.689572638330871,842,0,0,0.1537,0,0.0317
0.21906670105003645,0.18685693374223758,10.015370098224931,0.2847296835461663,-4.539209487715596,-2.1426175828771417,0.26953242495847013,0.2505537102953805,10.042551792668199,843,0,0,0.1537,0,0.0313
-0.14559522701511654,0.4698093576730126,9.722202584069649,-3.9172552968499987,3.2237587907057903,-1.3862143865862833,-0.1684666581765428,0.4567913289144068,9.761343353082509,844,0,0,0.1537,0,0.0313
0.13876488605876056,-0.31725044084107507,9.64845077600785,4.813856327080783,0.7215513292448124,0.12286205711561052,0.15782327389442757,-0.320146565338054,9.664693350975705,845,0,0,0.1537,0,0.0132
0.14700134436058582,-0.0897659360890346,9.982019959564859,0.9764661026630406,1.0411278247608389,-5.382474677497401,0.19912473691636096,-0.032684940967531,9.902898845278301,846,0,0,0.1537,0,0.0413
0.22505667742311203,-0.2054348456506385,9.800273261351611,-3.3428811835591348,-0.3086139280830935,-2.9932731027642197,0.20893414611489883,-0.1742256747383553,9.700812905796093,847,0,0,0.1537,0,0.0321
-0.36563678862433874,-0.09905206554278467,9.817432945814712,0.694012116675133,0.8681467864225855,-3.1493506846173585,-0.3612745783047691,-0.053991761172675456,9.737976543321057,848,0,0,0.1537,0,0.0124
0.5680821437104668,-0.34320267027210594,9.590577578308404,-3.5282363725617856,-2.163429157105738,-2.101706347764415,0.5239131510615844,-0.3079477913230423,9.656510764068623,849,0,0,0.1536,0,0.012
0.5389459353049799,-0.05276521099210519,9.678383830519149,1.1600964885093403,-3.0010453695296633,3.867979883022487,0.6246234037349527,-0.021108152092286704,9.678746520819917,850,0,0,0.1519,0,0.0225
-0.07112805670920666,-0.28801155782185817,9.70946647196241,-4.341170246768452,5.457096673154382,0.9028894109340313,-0.11190995741851587,-0.29390548120126514,9.753416254342143,851,0,0,0.1537,0,0.0121
0.39046630365947776,0.40885881719376066,9.867540753629457,2.1270119742623765,0.9442058450372778,-1.4913974788798385,0.3668483623305392,0.4170495299034651,9.860834373910873,852,0,0,0.1537,0,0.0116
0.13527544060979876,0.44878776060771924,10.236020316057978,0.323193285115699,-1.8881735873192595,5.057696700872663,0.16677368380539015,0.44879435321323413,10.24297095282072,853,0,0,0.1527,0,0.0116
0.31948170315359153,-0.0918860973966867,9.767571939513987,1.2379503790556878,1.4546843357665216,-3.8889632979375834,0.28049308751445434,-0.08853767188651133,9.738420519042123,854,0,0,0.1537,0,0.0139
0.22931545191617964,-0.20430431493577317,9.900954243119692,-7.0241400619275645,-1.67001127930553,-0.5902038123442994,0.26898787302123084,-0.08038729469000029,9.84822263663342,855,0,0,0.1537,0,0.0139
-0.09264178600684723,-0.10256291946930889,9.736823154364842,-1.4775675780582453,-1.0392602485922775,-0.07533796515262339,-0.11293465650120199,-0.1748500686756152,9.678701056062621,856,0,0,0.1537,0,0.0144
-0.48520263005111824,0.13105271279417316,10.01595694753607,1.3158261986362296,0.6903879114136158,-1.8910197309716155,-0.5387546194137348,0.18705253314790546,10.01166217736715,857,0,0,0.1537,0,0.0306
0.07548807022242611,0.024487193184445297,10.141757371341098,3.7594590766962908,-0.11134306534428902,3.780584687752894,0.07111676092855349,0.0066042884944286125,10.127882530391359,858,0,0,0.1537,0,0.0243
-0.3357389858380688,0.33624861243034576,9.997022600724739,-0.6465001010923338,1.135310377207745,-2.3060841531197576,-0.29299743059168765,0.3432277494136206,9.844727472399926,859,0,0,0.1537,0,0.0237
-0.3226357849217836,-0.2195697078551714,9.985192269769305,-1.169251036812203,2.1752561756200106,1.0723224125094304,-0.32019667385760026,-0.26409157080196277,10.056272141010922,860,0,0,0.1537,0,0.0176
-0.15486636950538868,0.1254743455983563,9.64898428717824,-0.4685000768092628,-5.561962695008376,-0.47934192645277374,-0.1353632246549956,0.1236248477726841,9.598700398182292,861,0,0,0.1537,0,0.0276
-0.05492103190930589,-0.28226201809235757,9.967335735138972,-0.6003385671309831,-0.12984756245855875,2.5008688213060455,0.015586227118635942,-0.3745652000463032,9.960952262695074,862,0,0,0.1537,0,0.0269
-0.0451895546357594,-0.10833163070810498,9.62980363735384,6.959168127357982,-1.8961067011566592,-5.392681565597556,-0.08056300093677973,-0.008501015558872768,9.664750498783878,863,0,0,0.1524,0,0.0131
-0.004694461266394123,0.27137467476810795,9.788242402885155,6.105076624748925,3.7473603946183687,-1.623875912211302,0.043331452954821784,0.28751677701679623,9.790393771463979,864,0,0,0.1537,0,0.0176
0.40448135689421766,0.09385060540486866,9.932266305013503,-1.013122677932832,2.5289123203730606,-0.6469825554940106,0.3880780527387189,0.15881929806070494,9.913232364215778,865,0,0,0.1537,0,0.0227
0.19451836443043796,-0.04913835666451911,9.965013723376625,2.11562425787851,-1.4691151451085895,0.3994999063777995,0.1836840802345585,-0.05013857362634075,10.04825613345265,866,0,0,0.1537,0,0.0423
-0.4562169205506643,-0.3696150450983477,9.551578835227176,-0.19447554799097438,-2.998528658130344,0.5206715483347493,-0.4250968590578318,-0.4417173286221377,9.61107955701233,867,0,0,0.1537,0,0.0039
-0.22007913111726177,-0.632869589599412,10.005816136834055,2.8346256918275357,-0.07484878946582155,1.4852369917464832,-0.23976360831741564,-0.6358050365866937,9.912278815399626,868,0,0,0.1539,0,0.0031
-0.08213963300192241,-0.17672357692589905,10.21190229273403,2.6708016130632237,-1.3531404188544038,-5.016446425528733,-0.07570954561640948,-0.20499372161293639,10.17288678302937,869,0,0,0.1537,0,0.0037
0.3161132504002495,0.24008464021925824,9.896910949507612,2.351643010283076,0.3735598624562199,-1.9328479428024874,0.2884131103850824,0.22469173571528722,9.79743417886617,870,0,0,0.1537,0,0.0025
-0.5935198296495722,-0.4510312403235459,9.522236579398538,-3.5714603931414515,-2.9020392444195493,-2.7216230179983665,-0.619640867513016,-0.5129186684398555,9.524771869963113,871,0,0,0.1537,0,0.0033
0.2281398027423715,-0.034849376289995515,9.954034972590813,-5.310328948278398,-1.1965546435812318,-1.2445641407220804,0.22829505323016197,-0.03545755559236006,9.978340939846502,872,0,0,0.1537,0,0.0019
0.1277985545945644,0.6988207343168208,9.979591577761205,2.9077304011826497,1.474243949062839,1.4999139841433557,0.14894997527838322,0.7212193188343832,10.006270464753616,873,0,0,0.153,0,0.0013
-0.17723276195462487,-0.0704275224550778,9.82244089564313,-0.5508833935076969,-0.03375753607950985,0.6081418941177721,-0.13927517951952756,-0.06763937050372278,9.801955962579523,874,0,0,0.1537,0,0.0014
-0.19923033065313392,0.5338768057557249,9.719646732692784,-3.902005286661547,-4.677776710994472,-2.1417337786153876,-0.15365977492404764,0.5496647293192516,9.676818410442708,875,0,0,0.1536,0,0.0015
0.13119520789106293,0.1416434174349584,10.13266832563677,0.5508638021444114,-2.5011825357847774,4.491725729032967,0.13468831931885922,0.10859986312926789,10.115946216795477,876,0,0,0.1537,0,0.0006
0.13054312724445202,-0.18615095501192572,9.787099068801309,2.3864603591761018,6.176927793753105,3.712620522396064,0.054380277024688936,-0.21316713817942318,9.852019696924232,877,0,0,0.1537,0,0.0006
-0.12103380090773593,0.24329316143531568,10.019122694170562,0.044463660749848505,0.3427293670873726,-2.4292793482587536,-0.1234621663161537,0.21795161478875202,10.062088537463065,878,0,0,0.1537,0,0.0005
0.21297987762888482,-0.4925513334333835,9.814599514737797,-5.40849814314721,-2.2929744181777862,2.6080566710409205,0.23706523885306807,-0.4861135014419325,9.871370017937993,879,0,0,0.1537,0,0.0003
0.09270039262539972,-0.32422294704278215,9.665319504495242,-1.40163149298511,2.316635517444234,4.753733966656728,0.03850902777187218,-0.3017149373693473,9.705764352150492,880,0,0,0.1537,0,0.0009
0.26888031794268946,-0.24303956517221714,9.7688326627559,-2.637421397938675,-2.24794094166296,1.4916499003959398,0.24167269098583874,-0.14487658182605379,9.710310888884218,881,0,0,0.1537,0,0.0204
-0.2203498785886936,0.4640803834141195,10.060323109748571,0.33364663381034826,-3.722240706362452,-1.243755432062378,-0.32697557800273325,0.42982521454974354,10.087893280341461,882,0,0,0.1537,0,0.0303
-0.30907713140606824,-0.26604060113185024,9.851118784038283,1.7261153115733516,-1.817566074042956,-0.24528749537000888,-0.3081310783444759,-0.3146629763688658,9.772280857610115,883,0,0,0.1537,0,0.0302
0.20014814437701753,0.06476437456979935,9.739526569993227,-1.2242797126972709,-3.019280417991043,1.0549530171226356,0.2186496948976614,0.03767343144650949,9.693023470783285,884,0,0,0.1537,0,0.0108
-0.4940423278333967,-0.31648931889362875,9.729268664180017,2.60944719426172,-3.3706369398958964,-2.9424144503565297,-0.49979508818719953,-0.3361072100835426,9.742129486854312,885,0,0,0.1537,0,0.0106
-0.23438428493707358,0.5279187977034235,10.003518440578507,-2.8364029250645117,3.6659078043244397,1.24207850468484,-0.24063230158796414,0.5706895348103235,10.02063272987685,886,0,0,0.1536,0,0.0109
0.2316321420252777,0.14271685651778893,9.910142956465299,0.7509944439983798,-2.090010899270175,1.2928802997075217,0.22638078257391822,0.1193810348354663,9.92051945209478,887,0,0,0.1537,0,0.0103
-0.5027044039872187,-0.35807083201423334,9.799352484724448,2.700251423412916,-1.3839169253550336,0.3712957461803181,-0.5227105868682426,-0.4037463016615807,9.690576145054472,888,0,0,0.1537,0,0.01
-0.4595782582266577,-0.13143715737296818,9.712111790274417,-0.7206890463798582,-0.9619672552659647,-2.2309206514305973,-0.4980265844567829,-0.14968167267596028,9.661593711945985,889,0,0,0.1537,0,0.01
0.3185244776509508,-0.21828080532056138,10.043773958464522,-1.6770544214862122,-4.065492618163157,1.9483412602549595,0.36237016648607545,-0.21103173987898438,10.020473295248014,890,0,0,0.1537,0,0.01
0.06857744931587981,0.3642648236109896,9.571021146736484,2.5517830325001323,0.4848750796587898,-4.354501442772608,0.06964598923237192,0.42098167752173665,9.600566378559735,891,0,0,0.1537,0,0.01
0.15989862616515416,-0.47610936341007787,9.699392741402953,-0.30518758621117764,1.5005289139334395,0.9285131615244716,0.2344583496041553,-0.4523670067602776,9.776005282914944,892,0,0,0.1537,0,0.02
0.1723417814259883,-0.039878104370916864,9.706237369506555,0.058227102331548805,0.5951897178783385,-1.2856712436319238,0.08023398956156237,-0.012509861234535593,9.721668352588374,893,0,0,0.1537,0,0.02
-0.49059603819444236,-0.1095995859012853,9.686609005915276,1.4216614147118363,2.9890415515908386,1.621361409675528,-0.5251121894251073,-0.1702334386852232,9.690428177302563,894,0,0,0.1537,0,0.0201
-0.16989371271809567,0.12673393228614135,9.610280775350706,-1.9388599392278274,-2.5590072981209806,0.6379778717536935,-0.1800687165014619,0.1935352615085709,9.505519521139767,895,0,0,0.1537,0,0.0301
0.10567675555946689,0.002538735418657716,9.831735871826437,1.3022214393450333,0.412489234800994,-2.168955220317767,0.0685500521813526,-0.007743761390732514,9.771026176398992,896,0,0,0.1537,0,0.0201
0.2397493334126231,0.11717539309526771,9.218064098345094,3.561957728574736,2.7456734335011874,2.2138743135631445,0.29516647305143595,0.15611831012171581,9.214073900075098,897,0,0,0.1054,0,0.0009
0.2914801156361534,-0.09357002848382827,9.586313553712241,-2.3506625184574372,0.8247698977818136,0.8714965579172714,0.26115274493303803,-0.05025244483838606,9.646075725745249,898,0,0,0.1537,0,0.0009
0.25080556388592223,-0.2612887480174017,9.838262859400967,3.262481070981549,-4.214871010504929,0.5513746510686185,0.23209572319536892,-0.2693829042547943,9.814443031069878,899,0,0,0.1537,0,0.011
0.3458147408597505,-0.14094256493922927,9.938108527573554,-6.185362491227131,1.9302666466868146,-1.8461836695808849,0.40188128987391825,-0.12737758207280775,9.898520980932549,900,0,0,0.1537,0,0.0012
-0.39784014290485514,0.029718662335817672,9.652759990270292,7.613260349132388,2.7405734886377955,-2.724772376386954,-0.3617841160384721,0.016505637386942218,9.764266256730924,901,0,0,0.1484,0,0.0005
-0.22521171788398833,0.35482635838787135,9.748039208401083,0.4557527364866457,0.749210390480722,1.965006796218472,-0.21546522690407746,0.32988791532898765,9.768952159082444,902,0,0,0.1537,0,0.0007
0.12793781463030024,0.0654029888331165,9.683020042644692,-4.5227468429946915,3.396394622869276,-1.6501073119036422,0.05224367660330112,0.035707832036602355,9.73877312219757,903,0,0,0.1537,0,0.0021
0.05057734706225458,-0.4681024227058921,9.816550024285382,0.42606751353592537,3.3600026838814734,4.823783521222326,0.07604211058354846,-0.4898243031272643,9.806658695537505,904,0,0,0.1537,0,0.0073
-0.20107416601143133,0.2271247178016002,9.53965263421258,-1.9669228335196223,-1.1435741210495523,-0.25713067588424005,-0.16008763496671474,0.22803855519366573,9.597158645002906,905,0,0,0.1537,0,0.0036
0.5566553991538946,0.24150447859566856,10.130492941782235,0.8026244405477614,-2.527334118576689,0.6180684949007236,0.538139654880098,0.1974136835330939,10.131424275116478,906,0,0,0.1536,0,0.0022
0.21577597606575133,-0.19574226062680608,10.012046698425161,-4.5857181106678695,2.949017234015934,-3.8398552526020007,0.18551641384452155,-0.2827991460227401,10.027360878512743,907,0,0,0.1537,0,0.0023
0.1155676933200742,-0.22894042608071277,9.878312111162506,0.7562448542508645,1.4827422333318245,0.3592355278253768,0.2219529254788536,-0.25489659724258523,9.945972333562274,908,0,0,0.1537,0,0.0126
-0.008197423708315303,-0.1601836282056154,9.83406991827869,-0.7478712612997781,-4.737073316023706,0.05533304660567815,0.04756219547264483,-0.11093102627130914,9.836469600748558,909,0,0,0.1537,0,0.0127
-0.5373132598186843,0.5385939393213043,10.323943247401418,2.04545683807387,1.9694130567602408,3.5812643388320833,-0.5303549876734046,0.490333933958178,10.221748003316591,910,0,0,0.1479,0,0.0022
-0.37081694901250195,0.030276823267694222,9.752794831581111,-0.9568903365016832,-1.9743766535860598,6.878221178811609,-0.40586334810888397,0.026033357910227494,9.796813687672172,911,0,0,0.1531,0,0.002
0.6999136940174592,-0.23564890173836714,9.638142088684358,-1.8112820032554526,-0.5873084368143847,-0.5538239838971132,0.678717893098203,-0.2045588264874787,9.564644868743429,912,0,0,0.1555,0,0.0029
-0.059105749989985655,-0.2633919287890599,9.804552707418836,-5.126090799164166,-3.6714639936946147,-0.0063046288046072615,-0.08553210762997225,-0.26684600744526515,9.723789829906085,913,0,0,0.1537,0,0.0028
0.08749862186986875,-0.14376077647745478,9.780650730631555,-1.0509923237166323,0.38009204257954404,-4.069341134558023,0.048644449780140556,-0.16370419968266522,9.741487598893503,914,0,0,0.1537,0,0.003
-0.06548031121254155,0.05054971401469741,9.860068274162929,0.48860033603224773,-1.8513692189037902,1.6577213257957024,-0.17092126143598324,0.04285008726155971,9.866651303885368,915,0,0,0.1537,0,0.0025
-0.24228135757604785,-0.5044544431873191,9.93448360962638,-4.609733890562959,-1.8244993022486342,0.012198748975803999,-0.25769729941613095,-0.43519494584855295,9.928498067031295,916,0,0,0.1537,0,0.0025
0.4217088791384365,-0.2628172448803068,9.791933021639482,3.0079478928820826,-4.21881123083141,-6.021834710216425,0.38431694551391654,-0.2772468695097436,9.800589361191127,917,0,0,0.1537,0,0.0025
-0.23051121197657443,-0.11690126832260395,9.924921613068243,-1.8823764368452511,-1.2868487053690605,3.6966517958702494,-0.20459888785588437,-0.04832359404260912,9.941119556089559,918,0,0,0.1537,0,0.0033
-0.28943009535337694,0.060475768835814916,10.062480660352835,2.793994472853107,0.20557935089401203,-0.3101898394226523,-0.27883487048566746,0.044835522390696284,10.065108775463985,919,0,0,0.1537,0,0.0027
0.1011254756193123,-0.3123997420318102,9.657439704789837,3.6490040024207446,2.1117352948579224,-2.4762294646427545,0.07342939605683677,-0.3088622604786505,9.573848155365061,920,0,0,0.1537,0,0.0026
0.15022587329568163,0.035477493134500715,9.624252152326497,0.10417241930061705,-1.0622297004489774,-1.6188421481939237,0.16599401457229507,-0.022380905716123993,9.800318370869661,921,0,0,0.1537,0,0.0128
-0.07960947554722973,-0.42083696799294545,9.852184440023628,-3.854278780768087,0.3204413345025056,-2.301952322475768,-0.07100704342347924,-0.4177239857544041,9.78373021983793,922,0,0,0.1537,0,0.0228
-0.47611185311109916,0.05206581877016804,10.041133113743298,3.4954737760465315,0.41811417679889795,1.434612888778211,-0.3596334090669589,0.046205174683954214,10.088172488088494,923,0,0,0.1537,0,0.0128
-0.48039024190457824,0.19482239317622632,9.87996213510501,-1.7970094701128638,-3.212304635330414,1.5982380479461655,-0.5008128194502269,0.212895005904698,9.927732009251745,924,0,0,0.1537,0,0.012
0.4801588927241286,-0.1787626422617736,9.748068646470784,-3.521265620127359,-2.4083774370587774,0.19016110733026184,0.5097097966266109,-0.2069076487778518,9.828386420019545,925,0,0,0.1537,0,0.013
-0.050722108236552745,0.4069620867144029,9.888301515104375,0.9825504080020417,1.721814166506526,-0.7163965876897378,-0.010787222118026144,0.4156380396654835,9.90115779894474,926,0,0,0.1537,0,0.0125
0.4288043296234669,-0.10498302922688986,10.064146089136779,1.8691492767244182,1.7355749401709388,1.5259580622714908,0.4640322988859188,-0.13554590361012406,10.131523790894411,927,0,0,0.1537,0,0.0213
-0.3607125416432576,-0.07149389505899106,9.8468939114184,-0.43465707249195906,1.250087369182849,5.576921382314151,-0.46401598107812936,-0.03777347623200334,9.791948771111654,928,0,0,0.1537,0,0.0081
-0.20999244955656024,0.49214196663658527,9.802334804311545,2.1675771727029147,-1.0814877014390976,-8.861544282550147,-0.24989265000202654,0.47274641433236675,9.8430317304365,929,0,0,0.1497,0,0.0186
0.43937644178188834,-0.07041546022832598,9.831484044573365,1.786581366126802,-0.40473534484422313,-6.412645180212127,0.45925899518159174,-0.0880067963308973,9.874718166481527,930,0,0,0.1537,0,0.0172
-0.06984813671310856,-0.1482253458763927,9.810188368848886,-1.54274847267921,5.8967748858518485,-3.5787392393008446,-0.09185235817644445,-0.1319366440807444,9.88458668494443,931,0,0,0.1537,0,0.0123
-0.5631294406748266,-0.0431029162304767,9.447906845715691,3.9086137607411198,-0.4855970134709844,0.9124013809479221,-0.5623837155961336,-0.06463301897879024,9.448156236724392,932,0,0,0.1534,0,0.0236
0.5149593625398179,-0.09070639268457287,9.539944569006233,3.3367374791755267,2.5420752260022663,-4.6551886144365255,0.49646697744737195,-0.05839500045969224,9.595543312441766,933,0,0,0.1537,0,0.0221
0.02040268714095089,0.3597108538857748,10.217099400018705,-0.4217753425407253,-6.776634688924928,0.5310721806097842,0.0555947149420631,0.3598664479773785,10.230815246523903,934,0,0,0.1527,0,0.0121
-0.1474001064257058,0.1498541291609269,9.95374561144313,-0.9716668443112844,6.717340136503223,3.3286302059934165,-0.16103309734045695,0.14768105907378212,10.038271769150764,935,0,0,0.1537,0,0.0219
-0.08713303875141777,-0.15815819523849606,9.725667516451052,-1.9089018458732039,3.4428494931229285,1.6982365914278659,-0.06830325147172839,-0.17368986632549044,9.71608052678975,936,0,0,0.1537,0,0.0124
-0.007779524391286699,0.019053603406393865,9.88449543280479,-4.005677125136228,-1.7556170064677583,0.7123445243519946,0.04460515050452667,0.06887356513652604,9.912917314047297,937,0,0,0.1537,0,0.0124
0.24741972616491414,-0.10005554011772487,9.897144934662743,-0.02005382048327494,2.304845966269271,-3.0874792297805165,0.1595447992277359,-0.09638334474909517,10.001009925127464,938,0,0,0.1537,0,0.0209
0.4748339261646686,-0.21411773909464307,9.781879912297804,-1.4018542121555655,-2.758635460198674,3.0452608654264397,0.5591636687637184,-0.20246419476667002,9.83057427466613,939,0,0,0.1537,0,0.0121
-0.01852273790816193,0.009611364806549588,9.671502707724292,1.7830450612010416,1.0970116038023108,-2.9430136722632914,0.10739843897697128,-0.007106906981039964,9.760787117411084,940,0,0,0.1537,0,0.0123
-0.10563322059585777,0.27678029265635573,9.79019760555843,0.3478695319839371,-4.022869504967123,3.6833518765448225,-0.10531049567024474,0.2602086864336574,9.861729889061568,941,0,0,0.1537,0,0.0235
-0.22860651164576667,0.385728596096604,10.049907868846843,0.4623600551109741,1.6778252261198077,-2.293441337807439,-0.2430799260618124,0.3335677695311542,10.00481603489124,942,0,0,0.1537,0,0.0221
0.30391852758774085,0.030805504463177275,9.615807223885867,-2.875101026361362,0.5917921488991329,-0.5917021272374576,0.19821825564938295,0.020285012942135597,9.599322378842365,943,0,0,0.1537,0,0.0221
-0.007684855648954421,0.03616144984147337,9.611517019089362,1.3918144646549253,-3.7742065900651465,-0.9617312027455569,-0.005325033483092654,-0.004822204514726737,9.52673018589016,944,0,0,0.1537,0,0.0303
-0.41163926677552987,-0.42812536515360977,9.49711472334942,-0.10205270129722978,1.4489744846929673,-1.0354156681481856,-0.4647832584483046,-0.39517446577116516,9.480978969344271,945,0,0,0.1537,0,0.0119
-0.06796979480469957,0.3864229346229748,10.041269059351226,-2.778254664109226,2.360394241040754,-1.358028723671003,-0.050509742586534276,0.39185028829657703,9.94186222831613,946,0,0,0.1537,0,0.0109
-0.28652027027506194,0.3423959470451593,9.825135031014723,2.3199316201378313,4.86542962389013,-5.159682718914115,-0.2339933937311549,0.4360834408981785,9.856385162605001,947,0,0,0.1537,0,0.0024
-0.3806429515208568,0.24181585349238957,10.150682580761654,-0.6807860527195895,1.9178468187717672,-4.250093241405372,-0.34641063501697283,0.23670165459614687,10.14380044955533,948,0,0,0.1537,0,0.0123
0.08027855328440485,-0.6779885802098677,9.742983784298918,-5.923683666218203,3.3536008761077696,0.2274111116637238,0.0639801257712858,-0.6637909142677191,9.699894752946388,949,0,0,0.1509,0,0.014
0.4809945668523592,0.1867118872654872,10.051908558172277,-1.9647536980456017,1.903735391111372,2.508612037001588,0.43463740022315167,0.2407591334156092,10.013238746018143,950,0,0,0.1537,0,0.0141
0.6762851740253705,0.0988399758405685,9.946772162215995,-6.186263114121431,-0.7550795125490992,2.2542684717073724,0.6818282238873213,0.06528356638247781,9.82363931648794,951,0,0,0.1539,0,0.0637
0.19621130001239664,0.17992940351059164,10.033969016696384,0.0017922544834088564,4.632450303537239,1.229669413436719,0.1814958911217591,0.11160757468392196,10.037598690230443,952,0,0,0.1537,0,0.0537
-0.3288114092088569,-0.018127628735161886,9.58599207726104,1.5823909381343375,3.252522891452762,-3.447875723346846,-0.3667458378863667,0.04032654605861054,9.564479674728037,953,0,0,0.1537,0,0.0337
-0.10035024010441641,-0.06748262373556208,9.615200335769778,0.7989828782166999,-4.797379837667129,-3.486094220560523,-0.05054987843001753,-0.0035800117580158386,9.63425687065272,954,0,0,0.1537,0,0.032
-0.48757827522642355,0.03435565558480135,9.595631493198782,-2.04199795369579,-2.68194525756113,-4.071349432765805,-0.49827780988849285,0.05037629085549329,9.577986392417712,955,0,0,0.1537,0,0.0221
-0.40656623895492766,0.13098667325407715,9.874687953821937,0.40948759674667096,3.4159710862454316,-0.10532461292628902,-0.4501070460996797,0.13607290651440573,9.887086338130908,956,0,0,0.1537,0,0.0228
-0.42452875397833173,0.3226940894046687,9.911084153202507,4.536240574196096,1.4708881848424626,-1.6819157021633524,-0.3232306787333784,0.3198547577914097,9.901410977248894,957,0,0,0.1537,0,0.0121
0.040950989892986255,-0.5261149550043702,10.152329895201877,0.9768484989044102,-1.5520238018307744,-0.9796849408324195,0.09960407374427568,-0.5218699542895316,10.1907673465481,958,0,0,0.1533,0,0.0137
0.20301266289255887,0.087176698665567,9.973545067924132,-3.4989880316457365,1.3759770655674788,-1.2354867220848225,0.13857022256007856,0.09903453398260424,9.921080060395283,959,0,0,0.1537,0,0.0137
-0.26054121534843866,0.18121855393404934,9.932811051498202,0.7764042007479308,-7.054504675329874,-2.1418517535148225,-0.35846789978154414,0.193286682626705,9.95669639550524,960,0,0,0.1536,0,0.0024
0.0005128376155088005,-0.6068220840228082,9.603700979408238,1.2575690220804558,-1.8974911686541909,-4.035667893251794,-0.0011017641563132665,-0.5960118445912104,9.606538733927882,961,0,0,0.1536,0,0.0115
-0.2600607049929006,0.08457861921298522,9.503236868804224,-0.9115178361168406,-1.148704211156074,-4.7864543248686475,-0.20612969025201194,0.07988648732508206,9.47908772716064,962,0,0,0.1537,0,0.0116
0.3009872892497308,-0.31695244100816267,9.99939057912233,2.2621403732948577,-1.3995685356284628,1.1013931627404752,0.2634865630587996,-0.34991526694788977,9.997101335348457,963,0,0,0.1537,0,0.0124
-0.4143854598671716,0.038041021676419935,9.829197738764485,4.765520972767854,-2.913761763824399,0.09678907317918864,-0.35118258208493586,-0.008811998836770064,9.743800513189981,964,0,0,0.1537,0,0.0145
0.2725620556026319,0.013026702791844313,9.810991725294645,-2.5411516038033115,-4.776914024805421,3.3863203334939307,0.18692309368496504,-0.06072288281387676,9.7936492016182,965,0,0,0.1537,0,0.0145
-0.05749398809555383,-0.5176182964294933,9.806148503347128,2.6022345431063783,-0.5742773042484528,-0.2853582010202955,-0.15422236847843987,-0.47920059623669103,9.830827428094397,966,0,0,0.1537,0,0.0136
-0.045317350752304454,-0.259350573489057,9.64592474851658,2.0662420266890105,0.44035762244414517,3.487541466261413,-0.07599897911611805,-0.24136012055622463,9.705385592513466,967,0,0,0.1537,0,0.0115
-0.08150586109370359,-0.1800795547423202,10.006408930629762,-2.9666330446486073,-0.7071749980165034,-3.7448530086446867,-0.056191882088221866,-0.2732148576278186,9.920993127410297,968,0,0,0.1537,0,0.0257
-0.033933889352474794,-0.2363682138930781,9.992198686877742,-4.613468458999674,1.11862727278838,0.5933761114342162,-0.03408646284672055,-0.2518474304472854,9.993958298608959,969,0,0,0.1537,0,0.0257
0.6952089333143232,0.32002354743586336,10.207742771265623,4.768526918195636,-1.7373740609418813,2.862835678842559,0.7106508048865583,0.34926779046867057,10.167929553823539,970,0,0,0.1516,0,0.0257
-0.3004925679724746,-0.08810357698625224,9.685582956977777,-3.028285941800613,2.1160412626030722,0.9603778495571436,-0.3126060618163037,-0.11201292049981035,9.67669367784219,971,0,0,0.1537,0,0.0123
-0.020086868397754348,0.03948529630714571,9.684311757624574,-3.1402775791412347,-0.758818445995122,-5.401619063976253,-0.030781499340109143,0.08110905132509345,9.742993314052876,972,0,0,0.1537,0,0.0357
0.1099375462800471,-0.18870689930574733,9.667616371206515,-0.3547115602617943,-2.2950289133514894,-6.13672772147353,-0.026215159200482063,-0.10735517904261499,9.741632868325866,973,0,0,0.1537,0,0.0206
0.01060730549293864,-0.27057029932098936,9.783355950788641,-0.531648388793077,-1.578354721386173,-5.454737643205596,-0.08053542304772672,-0.23903882225505005,9.744508262688022,974,0,0,0.1537,0,0.0105
-0.5328123473231562,-0.07294222869773802,10.278517486951158,-1.2585777182238262,1.0039507366904183,-4.0464515790243505,-0.5038807174729861,-0.004969375620214489,10.276664231028704,975,0,0,0.1526,0,0.0329
0.07041917561404995,-0.04847476217897164,10.053122018694543,-1.4501042162608526,-1.4517910431737993,-2.602000451943148,0.034597326440292356,-0.052253217540320605,10.116551754227535,976,0,0,0.1537,0,0.0129
0.07288088059233572,0.08306452698404275,10.230858158698494,2.7401954869178784,0.35845873495110203,-1.076754799609737,0.027464995339108574,0.07686513033244917,10.235679126309392,977,0,0,0.1527,0,0.0129
0.14650380362249857,-0.15854902664976128,10.138318557208969,0.0795301418005537,1.730353961592573,0.5924190143232287,0.19449461596273007,-0.1669299032472427,10.12232396295597,978,0,0,0.1537,0,0.0339
0.16544187835367818,0.07193217448730352,10.041064677338152,4.358618177760128,-1.1420192210575921,-1.5164935613585193,0.118895012755801,-0.009029343332397605,10.051644797886738,979,0,0,0.1537,0,0.0744
-0.12480835649676045,0.007375503646038432,9.71265904579171,0.3732801321600374,1.3607113167898393,0.2494878130021495,-0.1680038627920562,-0.04323050962989035,9.656564866116687,980,0,0,0.1537,0,0.096
0.18569962266807624,0.16677148575967413,9.593077102177793,-2.119728951261046,0.18725043257158858,-3.868759536596258,0.15323940011850581,0.09731194109561017,9.643385419718733,981,0,0,0.1537,0,0.0848
-0.16625254433728137,0.3317033841539838,9.986929991248571,2.097892133800548,-3.733986989144295,-2.8826167104839593,-0.13235532667852798,0.29897813469007267,10.047639340104356,982,0,0,0.1537,0,0.0936
-0.036121897294203856,-0.40016926714577217,9.871960746136613,4.8253903176185,-2.0490956957788784,3.3201205879712146,0.011178217661238742,-0.45035514658318515,9.92770916702688,983,0,0,0.1537,0,0.0388
-0.4719796019495156,0.21089731655502417,9.775385820182818,3.218969889778486,-5.094454575147933,-5.678267082745782,-0.47449125645922213,0.28489976845914283,9.773994219910858,984,0,0,0.1537,0,0.0502
-0.10050135118430523,0.7697603080400514,9.900660378915132,1.1721796664014652,-0.5541617829969017,5.112770709378054,-0.15840173613625247,0.7286013609829717,9.97825844348283,985,0,0,0.1536,0,0.0346
-0.10352170886623256,0.05589523547640108,10.028391926947274,-5.085292010392249,2.118405249180489,-0.46287285301176606,-0.0325520515958668,0.044403835550291024,9.9694720652387,986,0,0,0.1537,0,0.0346
0.46524618913000315,-0.058098321226321116,9.82350724853853,1.7454918864720221,0.11550189152102378,11.297559332445125,0.43118889301947416,-0.027736446841992408,9.826696645586054,987,0,0,0.1953,0,0.1028
0.33900007109194935,-0.06009071981265034,9.486067294024979,1.3281246650849536,2.104523293255941,-5.964078886836506,0.3484644120727469,-0.03789665993183437,9.50557784332797,988,0,0,0.1537,0,0.1028
-0.24140078325788197,0.6850112384880697,9.726805088876906,1.7197036172278946,-2.9908992482441006,-4.232232922771878,-0.27056037723905807,0.6828432022101987,9.70638964982494,989,0,0,0.1531,0,0.1028
-0.004844257022439738,0.19651834176857322,9.735529831745726,-2.288002209719677,-2.1070098326516273,2.5126586020532136,-0.05286579349765749,0.2274894375596596,9.735079190784047,990,0,0,0.1537,0,0.0828
0.2755069097649804,0.3604224828708191,9.89804194362918,3.9742906352737837,-2.2065825918485538,-0.616465181404834,0.32558765668563916,0.42985454024075415,9.864544969696361,991,0,0,0.1537,0,0.0828
-0.05601170387986039,0.09365036164901581,10.021011545504946,4.564676594367953,0.5957457127086789,-0.3593255957434591,-0.04215075193054586,0.09866998002748845,10.002797941694908,992,0,0,0.1537,0,0.0728
-0.04599696147253755,0.16333051565134907,10.00977914487818,1.9966835029229313,-1.8416086536290952,-1.5635608859916053,-0.07388533248275676,0.18232420379526101,10.041349654678886,993,0,0,0.1537,0,0.0728
-0.16943755591792073,0.3837505224292756,9.755036643278542,6.872291096695379,-2.3246887150783317,0.4440115087843537,-0.1667827410330069,0.3336557746173958,9.76603521217809,994,0,0,0.1524,0,0.0421
-0.23228974055575102,0.40662455352178173,9.622377687992337,0.4167814445317617,3.2603597488305427,-1.8997615591980868,-0.19842292293387004,0.4137419673761969,9.59571583813281,995,0,0,0.1537,0,0.061
-0.05639543323658093,0.07764205291894447,9.90951530596977,1.020610997418541,-1.8650260183966907,-0.34521474195112084,-0.019709871868577082,0.02911861545822924,9.890459470092642,996,0,0,0.1537,0,0.061
0.44277059665953755,0.46772992899812715,9.955863666427842,2.310077785189178,0.7921462747596324,0.7704619509948202,0.45181107939810256,0.5172907988851718,9.933630181936769,997,0,0,0.1537,0,0.0516
0.4274847054893061,0.21566080366713047,9.804950439808543,4.892940022197115,1.2116958195119691,-3.1996063239031325,0.42015060884954675,0.19312464129780402,9.823873964326207,998,0,0,0.1537,0,0.0816
0.019137056168627674,-0.08287458870555178,9.789109816029237,-5.491537222634836,2.467557473348414,0.048547198453914295,0.08171886700736136,-0.1181820030920605,9.695394136193821,999,0,0,0.1537,0,0.0816
0.3441423310045654,0.14025039387722937,9.703904051045697,-0.1293337150938635,0.5979748037162778,-2.0321147495334766,0.355602111592983,0.1890129834607045,9.710248800590657,1000,0,0,0.1537,0,0.1016
0.6886026397077495,0.04167400480530647,9.912228934581098,-0.1479280605533692,-2.2960248573435207,-4.391848466649915,0.6624338752291404,0.046344474544801624,9.966728547011467,1001,0,0,0.155,0,0.1116
0.3466802609480985,-0.27156962584499406,9.826152133918892,4.6207550093198275,-1.1613663099855063,3.3147210961175926,0.36587690268917983,-0.33128633657709405,9.807534438401534,1002,0,0,0.1537,0,0.1172
-0.36535537292597947,0.4260502557966917,10.112968682776547,0.34848213711079506,-1.9049833805151977,1.1668021568682183,-0.3829591931390681,0.39657333419366875,10.124316672240521,1003,0,0,0.1537,0,0.1172
-0.44465885285501383,0.2818408053611359,9.715389833121371,-4.088030751044943,-0.08005780248651703,1.7525080241536841,-0.38264022537707487,0.2199397295368041,9.783334163379683,1004,0,0,0.1537,0,0.0784
-0.4053370953258092,-0.015171565471141263,9.786919976256192,-0.9002010549097713,0.789488670361839,2.7142857765202777,-0.4754618481966281,-0.052954124824245496,9.734482434675273,1005,0,0,0.1537,0,0.0694
0.18746756160578434,0.05797273679986492,9.819243799780233,0.06465442648967781,-4.238989625656466,4.355381450266021,0.2428394479771801,0.047107095489244064,9.803651231986459,1006,0,0,0.1537,0,0.0894
0.3207967351570578,-0.2537738563851141,9.849779558060328,-2.304520309507775,-9.49775528068329,2.656592773967476,0.38387074599958937,-0.20685842588095643,9.842352390845189,1007,0,0,0.1484,0,0.114
0.058516517973422,-0.09071330190849447,10.16240397806785,0.441080901312163,0.32437610751729823,0.887391903995371,0.07648488613349083,-0.1971666875263754,10.180495154708007,1008,0,0,0.1537,0,0.144
0.7552554438810642,0.14057612374145173,9.940830141393274,-3.3794128982759055,-1.5912490237889845,1.5321541272213401,0.7630987665466562,0.11947913989485087,9.902374217867928,1009,0,0,0.1573,0,0.083
-0.5568407184739084,0.4090939368581466,9.597653255547359,1.1670087139210816,-1.9258321516494166,1.4826793048822808,-0.4839892625401733,0.40596424395154496,9.50014648606195,1010,0,0,0.1537,0,0.093
-0.1923807082802292,-0.4502065538102694,9.722541148041136,2.5776911047287103,3.261979338034835,3.022113321150824,-0.2412201471053157,-0.4801755636358311,9.800168560468862,1011,0,0,0.1537,0,0.0525
0.012038274714706839,-0.2192303003725586,9.47731905729918,-1.2145917420044574,-2.2033380824823925,1.0837404510507604,0.050594234262021594,-0.19399570453033138,9.535364422438201,1012,0,0,0.1537,0,0.0525
0.18752795170851147,-0.5182633618252057,9.901498885678784,-0.049036169168333074,-3.795709371929946,1.9552094789733716,0.22315613695331846,-0.6276129331964656,9.888608819584858,1013,0,0,0.1398,0,0.0625
0.3418869643844944,0.21661953672873346,9.66560585033761,-3.3623528968945786,5.283752181748501,-2.8034805231759696,0.2957275583850501,0.2785923090502431,9.720200262712636,1014,0,0,0.1537,0,0.0625
0.041130694487742585,0.026107821898819154,10.041662290822794,-1.5855089663002455,0.2569031153961848,2.9565991397226554,0.027637649250398327,-0.038688954416585285,10.130118249573428,1015,0,0,0.1537,0,0.0825
0.18807088298860838,0.2416732846322886,9.856437917260958,-0.6164722727591918,-2.086900293397338,5.546967716937697,0.15448500422841321,0.2629670637548457,9.907563557564004,1016,0,0,0.1537,0,0.0525
0.24448343163033492,-0.4849960178677666,9.725355492407608,-4.41432935474385,1.7859362496896778,1.6177182739110685,0.17384047424199978,-0.4621173634688188,9.771998514563872,1017,0,0,0.1537,0,0.0725
-0.16616688080231432,0.17637757070508941,9.997614821117457,-0.8910660015065397,0.832806528746785,1.5747787727643843,-0.20579064233609096,0.10305427348234036,10.002863629223267,1018,0,0,0.1537,0,0.0225
0.1937468282056348,-0.26267313499066725,10.123856712063468,2.54268809332955,-3.221083200722134,3.0375276913304186,0.2034209553325877,-0.2487723953272422,10.097137454465734,1019,0,0,0.1537,0,0.0125
0.11341774342522305,0.5039181304213689,9.575720532068345,1.3362118316915437,3.910107265369685,2.7723014749405364,0.0698856791381579,0.43944403197511234,9.629119303629079,1020,0,0,0.1537,0,0.0636
-0.1216260323349867,0.10517124580907722,9.6548727029016,-1.8640488262958703,-0.4908982150743431,-4.045610768018155,-0.14202381243191542,0.13619059156880658,9.639151022260284,1021,0,0,0.1537,0,0.1035
-0.011398187802622972,-0.22358859591636876,10.214695499036132,-0.7464163024898692,-5.960705995063756,0.5717054642307748,0.09384312337840217,-0.17628968302375356,10.17686891832345,1022,0,0,0.1537,0,0.0538
-0.31043473815614875,0.26951873568775164,10.07798796214254,2.3133788037231824,2.633475710875935,5.815818509891352,-0.29212648553670867,0.21286116968239022,10.12361486622537,1023,0,0,0.1537,0,0.0225
-0.5723091642568906,-0.2692223940365365,9.650705563654977,3.1246492234595857,3.4970670821800116,3.1606781597733864,-0.5852484808503936,-0.3116989568129141,9.637805921477653,1024,0,0,0.1537,0,0.0225
0.1527189894721886,-0.010263224322164649,10.050369351383468,1.1464530990375967,1.5080586631194448,1.4847674928756387,0.09921846397320694,-0.06477787790818454,10.022583503250573,1025,0,0,0.1537,0,0.0018
0.6547236867107195,0.1017324446187982,9.90052901761296,-3.4912687129666304,2.342081834022877,5.70246247318609,0.633604215151724,0.1364382964529475,9.83738888646191,1026,0,0,0.1553,0,0.0019
0.06786379317989626,0.8086139742803401,9.802666979264687,-1.455826583625847,-2.5029938677821537,2.881332681632951,0.03643974523442967,0.8357177632842094,9.777794977430329,1027,0,0,0.1227,0,0.0239
-0.45510266915946535,-0.12094107781633412,9.604944995248736,-2.7834114460354216,1.3363520586028996,-4.331924806270619,-0.3895817928186974,-0.17701418163140503,9.513799033556475,1028,0,0,0.1537,0,0.0119
0.40435705172888586,-0.18128760452704892,9.618494334163636,-1.301320031840107,-0.7057383056623588,3.9488859920672916,0.3473267720303239,-0.238051874747575,9.521346350319638,1029,0,0,0.1537,0,0.0033
-0.2321689071448118,-0.12205383587703214,9.627665272301623,4.583904969621368,0.28491497168105046,1.0980868869428233,-0.27988011463032914,-0.10257342497559907,9.632529701731798,1030,0,0,0.1537,0,0.0033
0.273788479188587,-0.1711686424871404,9.995472832319555,7.368887042206419,0.16134500982801614,-0.2804819275690694,0.29076510148029244,-0.2740489369585347,9.979601658796824,1031,0,0,0.1504,0,0.0033
-0.21515363578287877,-0.6353734421909275,9.62000913742019,1.6887614386720484,-3.3539536844201194,-0.9068796550081435,-0.22326013509298445,-0.6089601548153264,9.61151343381019,1032,0,0,0.1536,0,0.0033
-0.3505433888335179,0.22159195817950736,9.697620644697315,-1.005498022360138,4.470782343330894,-3.4617888614368773,-0.42685156886224057,0.1808714358531802,9.612084214638058,1033,0,0,0.1537,0,0.0033
-0.25934727989103906,0.27908749984965814,9.904695275715472,2.6493894115284093,-1.3103480249734771,-1.6962588491469752,-0.23822577332901426,0.28943733422121815,9.925150464098124,1034,0,0,0.1537,0,0.0051
-0.13521362147520813,0.02839558154269437,9.508432347144726,-4.109487718559097,0.31008357770246464,-0.5605174456236112,-0.18212207561439533,0.04395415737324572,9.55399793664363,1035,0,0,0.1537,0,0.0041
-0.040340107239254214,-0.4193045013391162,9.631462204035163,1.9118852731948806,-3.5342101745416388,0.6949659993122671,-0.0093149507336724,-0.4239397986913346,9.660199583427303,1036,0,0,0.1537,0,0.0054
0.02006679255023028,0.06782659884532856,9.77609304268277,2.792685958659677,0.45923962298715004,-2.0378570723753366,0.004738167236545309,0.1037344487283503,9.696490565620568,1037,0,0,0.1537,0,0.006
-0.319159498530262,-0.28073729922507884,9.882326794622681,3.858835133126096,0.983652788837637,-0.28881133243693574,-0.27955032661927914,-0.17402452865868173,9.992498101708177,1038,0,0,0.1537,0,0.0058
-0.40237110303592144,-0.14672526154989998,9.886717213843779,3.5951752242782185,0.9183297424544854,4.342303302878194,-0.4290228892369627,-0.1816087052087041,9.746495654277563,1039,0,0,0.1537,0,0.0042
0.18293789579016861,0.35249523541987005,9.927371443143116,6.143759436929976,0.14421888922502346,1.1349716717471476,0.18379890534542181,0.4040292335650981,9.951979061641302,1040,0,0,0.1537,0,0.0055
-0.391260439055983,0.3597687304490096,9.799390832968683,-4.598774608647307,5.22790042909886,3.6678208244861126,-0.35378323276182577,0.3497891945645059,9.760568597183545,1041,0,0,0.1537,0,0.0042
0.654730515270809,0.4945103409501995,9.5323435100023,-1.6149301864253747,-4.380692619993782,-2.1648009690076417,0.6456027343437943,0.5681879993728018,9.522794078920732,1042,0,0,0.1554,0,0.0052
-0.5160219539679296,0.12705141337459253,9.958327761253695,0.08819721790738026,-0.5608483983875248,-0.32766950731271993,-0.5762290315389422,0.1633154419003066,10.002790211091668,1043,0,0,0.1537,0,0.0056
-0.3243448889712703,-0.04616338294991242,9.59433247094701,1.8279803462011368,2.7288269951257584,4.735061309138197,-0.3700125483173908,-0.06618826515018758,9.618786452061324,1044,0,0,0.1537,0,0.0046
-0.008709563214783089,0.2714412897016243,9.785939858028472,-0.3876438494970392,3.2196108822737735,-1.2081854026617889,-0.004287836713877422,0.29143791987324486,9.78038711739116,1045,0,0,0.1537,0,0.0046
-0.058716605568743585,0.255048366757294,10.187424766626183,-0.35136380367724523,0.14184983430508907,2.2974223024622273,-0.1389785485753397,0.2784508853972043,10.167915364691156,1046,0,0,0.1537,0,0.0042
0.05322635189930831,0.22955673240213964,9.820237239023568,0.6505511584728384,0.09410195300280998,7.211692797256204,0.06038638073482007,0.14966842187591142,9.751595309917715,1047,0,0,0.1531,0,0.0046
-0.22597481529842392,-0.40919488220005334,9.814360820417182,-1.5672868973675227,3.895710954136299,-0.16848448713282196,-0.24086223480449903,-0.3958543227223581,9.786007692459926,1048,0,0,0.1537,0,0.0047
0.012834078867438188,0.06514746762911615,9.612017824349358,2.223345751419415,1.869740863951061,0.35624142609724363,-0.012764983735695052,0.1365682411458355,9.596466163570014,1049,0,0,0.1537,0,0.0047
-0.17415807739745884,-0.6161666017981334,9.586299912500015,3.6529324702489503,-3.6368986357240134,2.820243783363159,-0.2627569482048277,-0.5277952674715106,9.589403324462278,1050,0,0,0.1537,0,0.0156
-0.1777484954526288,-0.12156181935420306,9.88486349040787,-5.252321818951001,0.0686739128130908,-3.9982358284293174,-0.18500475992699073,-0.10306358735616608,9.866496614363495,1051,0,0,0.1537,0,0.0042
-0.243015128364826,-0.21434112716268722,10.14564953388044,1.672839084912018,-0.7694755125097453,-2.2966797675326482,-0.3082835533250446,-0.1877554134233691,10.200656336366288,1052,0,0,0.1526,0,0.0047
0.850730567985947,0.008067605443337596,9.696750925585516,1.5045740790732367,-2.4381026272022193,-0.6720517593191433,0.8871374761435337,0.01744478636028597,9.741045086317033,1053,0,0,0.1653,0,0.004
-0.17437632923384697,-0.4358430724382594,9.924816153489216,-1.9377105056944135,0.39437340330182713,-5.26193562599202,-0.041422781596046454,-0.4690262451093551,9.96888502298229,1054,0,0,0.1537,0,0.0035
0.1563368463685341,0.16716235004794008,9.69056436245816,0.531798719537212,-1.699210986398012,-1.4724048261040263,0.18046347791923567,0.22587413299010478,9.714980876513337,1055,0,0,0.1537,0,0.0035
0.3319774241984584,0.03904900211241406,9.573434845915992,1.8143879281977564,-1.5842835867243745,-3.585307751626858,0.33464401690107926,0.10845243455923911,9.513593987748177,1056,0,0,0.1537,0,0.004
0.3324928546427553,-0.02545531178181066,9.948832416857188,0.4877868137363339,1.0740206502896235,-3.581435375481048,0.3187242380005227,-0.016113382312748885,9.956797566645713,1057,0,0,0.1537,0,0.0159
-0.4819570116074804,0.017415445727008514,9.760520701940168,1.6772733921013199,-1.2358932825205766,0.6654183855467488,-0.540694472230217,-0.03571149082483731,9.704141112450637,1058,0,0,0.1537,0,0.0115
0.17920203773853935,-0.3253340696967976,9.999996757140549,-0.4933926221752952,2.038313985714425,5.305087768631302,0.16811785779410449,-0.26608047973158144,10.02155406476989,1059,0,0,0.1537,0,0.0015
0.14367689244468007,0.28512205627302956,9.994420589407712,-0.4524931962315404,1.462179272130987,1.0665013015370872,0.08815132950133597,0.2922050601694978,10.006034318296262,1060,0,0,0.1537,0,0.0059
-0.3797837413738307,-0.09968682804656823,9.65773426630641,1.9486039791075256,-2.9835908143158507,-2.6893293828888365,-0.40969607085989634,-0.08025328248164662,9.66627784051789,1061,0,0,0.1537,0,0.0059
-0.6338597777947129,-0.19670707665241702,9.62656053582466,-1.3251230134117487,1.133309535671059,-4.420734140753123,-0.6376640636145762,-0.1979047572641945,9.574945326673875,1062,0,0,0.1538,0,0.0155
0.06267397085977676,0.47497444619604684,10.212840924017742,1.2702584239224797,-0.6794671076715918,3.1613376783615763,0.08390801653836281,0.5412726842449279,10.21364352159547,1063,0,0,0.1526,0,0.0046
0.16437831629728106,0.27455202182851035,9.83717190918722,0.6161799762588158,2.9268375160232365,-1.7002117500468739,0.16243687669020648,0.22094253232326003,9.843014080387192,1064,0,0,0.1537,0,0.0056
-0.3163886245151833,-0.06814677907563363,10.264004760614482,-0.8746503940898065,-0.8998425860185895,-0.8582491836689092,-0.36076347024067335,-0.028980410296397092,10.2944708797082,1065,0,0,0.1473,0,0.0004
-0.07214768879123681,-0.28661627439675064,9.78105448010536,1.360447760793323,0.03529777841532687,-1.3500392420305065,-0.015089277450697207,-0.27212665111860845,9.7491987632139,1066,0,0,0.1537,0,0.0114
-0.3337089710533587,0.25251224827185254,10.285472762603797,0.47531978309400347,-0.14682970657752648,-4.452630703853204,-0.34417821414811506,0.21570701453995098,10.278558731564798,1067,0,0,0.1537,0,0.0114
0.12735259780724809,-0.004223319547219437,9.497639478888123,3.7928775950436906,-1.8532641936389052,-3.226057843790362,0.06257915222981052,0.029971806624988783,9.411933119073376,1068,0,0,0.1527,0,0.0014
-0.1238671646163602,-0.5484063898248639,9.797468305848493,1.5824522118352418,-3.743535230592302,-2.6465598583536867,-0.12745694563156398,-0.49465858996276424,9.864692159793071,1069,0,0,0.1537,0,0.0015
0.22183633595305438,-0.08236322312228941,9.934524717333955,-0.14394910448150172,3.9450046126227702,-2.9879037336629968,0.18658317468763702,-0.024909446603057633,9.955394501059683,1070,0,0,0.1537,0,0.0013
0.46138799037174716,-0.38151754047061454,9.66353241762803,4.764998163801977,1.095962720384753,-2.8867931936425277,0.4677575588245782,-0.39206947902161693,9.57769679306907,1071,0,0,0.1537,0,0.0005
0.0464223436442755,-0.3320792720116163,10.180445796854883,-1.214422614509071,2.7353433145598833,1.573493159173033,-0.00806208067116021,-0.3078804320926702,10.103495461753916,1072,0,0,0.1537,0,0.0015
0.18200319206531193,-0.051598277482269625,9.360353489783524,8.893951708422703,1.5926116276764364,-0.8053370285539946,0.20191012262542968,-0.008623751525270958,9.373148927655317,1073,0,0,0.1048,0,0.0005
0.1536445903065279,-0.5263174947356285,9.524718732805798,1.181308056874975,-0.8490964992051411,3.967549954616937,0.15495329415018683,-0.5360497740683455,9.480010115932853,1074,0,0,0.1537,0,0.0005
0.3358735199880491,-0.34629059709174786,9.697201457587349,-1.2268996940777863,-0.2838064056174274,3.276708506487804,0.2646542102685922,-0.4021479264631751,9.691496313168699,1075,0,0,0.1537,0,0.0005
-0.18691352408718676,-0.3573758876163032,9.713489556350526,-2.4568373744649334,-5.566561029258025,0.985761652611681,-0.222024295272285,-0.33191488895994903,9.67194306405768,1076,0,0,0.1537,0,0.0005
0.21766755276226077,-0.30690080085675603,9.858187512998242,3.047318610785884,3.527473985148147,-4.478568971248965,0.2275670008980457,-0.30907079686881855,9.91503752309791,1077,0,0,0.1537,0,0.0103
-0.04223048414334007,0.011777179588960374,9.332256758474696,-0.9687510330887226,1.9461626547226412,2.1153736334119957,0.0114368608006239,0.03625529965139172,9.226038478974727,1078,0,0,0.0978,0,0.0203
0.6578960121515186,-0.015764765255999798,9.534193502440498,1.553351133958343,-1.2725249744565554,-3.401400758317215,0.6783067085427038,0.023733017685412458,9.487206404841865,1079,0,0,0.1537,0,0.0203
-0.41317440892386453,-0.18933316350098917,9.839345238725498,-1.6690054397151743,-5.831547923412742,-1.065173932598186,-0.44913054208193276,-0.21349524730698713,9.893846056623712,1080,0,0,0.1537,0,0.0204
-0.30795774116178026,-0.7090403022699726,10.241030786423469,-1.091167211171753,-2.1564234613567645,3.954384184967928,-0.3880832590550405,-0.7330515804369424,10.296523071261936,1081,0,0,0.1262,0,0.0103
-0.1482162612791755,-0.5137863473091584,9.763652504751173,-2.3727207030186754,1.6235756660665643,-1.3309163414510354,-0.24564603262231466,-0.5413403354602728,9.733633346010043,1082,0,0,0.1537,0,0.0101
0.023129889083912284,0.13295429151439545,9.787886794308568,1.8124425284596628,-4.14338551436157,3.1271118239423243,-0.043494287402943796,0.042069946243013384,9.77427500264586,1083,0,0,0.1537,0,0.0101
0.5665151591539574,0.16613639969105956,9.466860700569493,-1.4715038287240163,-3.1975268999471904,-2.5730239621178415,0.5094275472578689,0.23037689500457115,9.470429435287635,1084,0,0,0.1536,0,0.0203
0.22321136713230563,-0.44398876615072924,9.793377297505568,-0.38847799998324506,-1.0052668283278738,6.316368327810547,0.2071501370305755,-0.4513205384067614,9.767213105281787,1085,0,0,0.1531,0,0.0401
-0.2977610988166975,-0.032235328986834164,9.766217422022086,3.5369769546198166,-1.7436887120959277,3.9417996728926505,-0.30422455550113636,-0.10761481221071593,9.774465090600069,1086,0,0,0.1537,0,0.0301
-0.1718115391392798,0.6270001495583147,9.795894356045121,-2.9041654095407474,1.974430183750274,0.5454862083952823,-0.19024608477884553,0.6516797248810201,9.870850886209933,1087,0,0,0.1531,0,0.0503
-0.011722197492863273,0.35903362165983516,9.976889800581022,-3.079533229773687,-1.3435841969920799,-3.1323331313645317,-0.042897609802393176,0.44002377129712034,9.960237100299825,1088,0,0,0.1537,0,0.0503
0.3622818533770809,0.31400629475436315,10.046397028352205,0.35747156132556446,0.6395698368721219,-2.891556021131586,0.3476581597656363,0.3866411471395399,10.019405213721832,1089,0,0,0.1537,0,0.0003
-0.1629809928669967,0.03977190983464341,9.507193886286455,-3.518045417568068,2.0544204478586887,-1.6541663218367522,-0.19043563203763753,0.04860502793146145,9.485810354251194,1090,0,0,0.1537,0,0.0006
0.10703852145885913,0.22077012039223137,9.908661125950905,3.1186474770795973,2.817457681308641,1.3954757803105133,0.06990738251071799,0.19707462800693426,9.894048766074047,1091,0,0,0.1537,0,0.0313
0.2527940153060342,0.0827814475104216,9.814129032990065,0.4075657613105317,-1.9755034548951924,5.205008987064884,0.23878496796170215,0.18580534343655247,9.814143114907322,1092,0,0,0.1537,0,0.0313
-0.4298230825185546,-0.049476358145979345,9.907479161720051,3.934444861698503,1.4403884054850589,2.2237831001414197,-0.4017678772662892,-0.052955373320607346,9.941160378796612,1093,0,0,0.1537,0,0.0103
-0.1459968892110793,-0.21486464174206163,9.852080412556441,4.0136509511869845,-0.2678105534678097,2.276743522711702,-0.19096800721548562,-0.30393862870356225,9.786437689881554,1094,0,0,0.1537,0,0.0013
-0.47490412210080135,-0.599330025593521,9.727111235310263,-0.2690978454396547,2.462128182658523,2.2648981500654877,-0.46102670859935824,-0.6366756665491032,9.694801182138285,1095,0,0,0.149,0,0.0003
-0.02575436080972915,0.5362237375544505,9.539348366213174,1.7397840222694096,-0.4705250896697315,-4.889985569081604,-0.03393685014215471,0.5614324953806635,9.551087961035327,1096,0,0,0.1536,0,0.0003
0.33962249328876165,0.1430675974822104,9.958926043447153,-2.8860671241897604,2.1128904028225977,-0.5660275513675012,0.31795428956927985,0.07463301870652846,9.988409469805767,1097,0,0,0.1537,0,0.0101
0.03429577523339533,-0.4052400492343239,9.8103429546821,-1.3388565878289636,-4.129156599758664,-5.626034363415073,0.10677095378307835,-0.3634984167852867,9.835897743263937,1098,0,0,0.1537,0,0.0104
0.1382818919035251,0.1319552174942856,10.030091533670362,-0.004197837332876538,2.7346938140011323,-3.946553787371424,0.052246876552298566,0.12542283349203742,10.005825247925072,1099,0,0,0.1537,0,0.0113
0.37798683866131827,0.10899178691105384,10.003462200800918,1.6011781813917443,0.5766209440623025,1.049515978690584,0.3515086879896075,0.12380000050643986,10.015505613332106,1100,0,0,0.1537,0,0.0113
0.032314563031997215,0.29079708847980645,9.589564531033702,-1.7887334653958127,-0.026029187412711256,-1.6429171884347318,0.07901414352841002,0.3788849364709524,9.544556761820248,1101,0,0,0.1537,0,0.0223
0.25255879089235167,-0.007971883004088019,10.069594776468513,2.0542010435795754,0.997029220580425,-1.7035851518193046,0.31376545805346895,-0.04995770335032471,10.097275436762647,1102,0,0,0.1537,0,0.0223
0.04139388405131033,0.0694687249434564,9.812628580957988,2.9080321113894274,5.458775982997174,0.21528168655153915,0.07235546438286557,0.054714469503458416,9.836218524165053,1103,0,0,0.1537,0,0.0115
0.20121633155811633,-0.8836610228898393,9.714987256831943,-3.0317807368125793,-0.635897870554498,-1.7729856339457304,0.22944785159637973,-0.86969686330042,9.700159921355347,1104,0,0,0.1107,0,0.0215
-0.32950642351498965,-0.15329116853595975,9.711745000819707,6.362498299638684,-0.8233071817184254,-5.942698448137898,-0.23052025872309034,-0.08945839943900546,9.684629112471344,1105,0,0,0.1529,0,0.0104
-0.6761183173397943,0.1354870065249501,9.880310524585937,0.3607779107919873,-2.4999973261922124,-0.5778376628858815,-0.6052833854138379,0.1680746894604912,9.833706315532789,1106,0,0,0.1538,0,0.0106
0.15875412815351495,-0.07508228343537413,9.856028151380757,-1.4553124090550993,3.423065773007571,3.7600175415429837,0.1538713173698592,-0.03933366230701206,9.899362667395136,1107,0,0,0.1537,0,0.0104
0.40517795289106223,0.392315205786994,10.06486390474592,-0.356437860860546,1.0048361383779558,-0.5299041441231964,0.47573662856182186,0.3606660249497577,10.043479708150294,1108,0,0,0.1537,0,0.0103
0.19242599525406986,0.5909244125269765,9.848817364296197,-0.9743553244326061,7.115795619560338,3.7579418790101657,0.18905946458674647,0.62566538292986,9.818377071927904,1109,0,0,0.1485,0,0.0104
0.12558222578306816,-0.39749646078543727,9.94459781868375,-2.808121721046672,1.3923891024291781,-0.6532281354998741,0.10121657727409208,-0.359805475065641,9.942343068551445,1110,0,0,0.1537,0,0.0104
-0.053039270378538804,0.21917683482383496,9.666750924803747,4.593498400393585,-0.7576328772359106,-5.770868743336115,-0.1311316709707812,0.2858400554138044,9.609063254464024,1111,0,0,0.1537,0,0.0104
0.30759009834121,0.262531993760604,9.79052889451403,-1.1937596006040816,-5.374598762159393,-2.1675813665432866,0.3944885201094479,0.23912797821761048,9.904485455851768,1112,0,0,0.1537,0,0.0106
0.14658823497453902,-0.29679004174334694,9.93408690283944,-0.7376176449901077,-0.47508854505099585,-0.20021509353652206,0.22666942909100435,-0.362769419367598,9.874937111156042,1113,0,0,0.1537,0,0.0106
-0.09048926617130384,0.3362916126128395,9.978955544709446,-0.30282712150886126,-2.89862832933417,2.2541261169445272,-0.0692359898051829,0.31541851727952325,9.967704163790334,1114,0,0,0.1537,0,0.0106
-0.2401196789302624,-0.11329748371278506,10.061789426653926,-2.190373314899195,2.198198820947747,0.517599714522717,-0.23981794694278682,-0.16222261540307098,10.020930680847101,1115,0,0,0.1537,0,0.0104
0.34270040672690205,0.4156013612289629,9.694284020512494,-1.9595144614166282,-3.8174106002481842,-2.053395308708645,0.3461081394539769,0.39763074273049503,9.610120715190096,1116,0,0,0.1537,0,0.0104
0.1812236608685538,0.001971339622430845,9.542900375864063,2.970457142900851,-7.390471619947385,-4.156479791695739,0.15431198069596447,-0.03389659900955704,9.61202261737279,1117,0,0,0.1535,0,0.0016
-0.12915527176672267,-0.011500219036625042,9.831000465262722,3.198288729597289,-1.6062638993232032,-1.2508281791157843,-0.09353756989624978,-0.011306204332712214,9.84493626021494,1118,0,0,0.1537,0,0.0016
0.09603763139564156,0.05328887750004879,9.86057662865446,-1.9517916138314657,0.385470043887715,1.0026612557251626,0.09021353835649291,-0.0012497165148591602,9.975273276694598,1119,0,0,0.1537,0,0.0013
-0.0572886487662208,0.15434943754236383,9.588869601879114,-3.430747521441905,-2.3778021750563445,-0.2734183222850419,-0.023983006061590893,0.19788956278470923,9.581497466458314,1120,0,0,0.1537,0,0.0013
-0.402534635808748,-0.30363986331147275,9.760403122327489,2.344732355962605,1.014991882817226,1.540784938534732,-0.3582099503987462,-0.3574418035038892,9.789388306047194,1121,0,0,0.1537,0,0.0113
-0.09980912743745403,-0.12338658223866258,9.864743650968162,3.3134843074765916,-0.6144375007771953,2.351802126145767,-0.10130871423174426,-0.09895920546589625,9.781776778829375,1122,0,0,0.1537,0,0.0113
0.26241051340801885,0.40873938886914335,10.045997652260896,-3.6298070602245383,-0.41526886103105076,-1.1588160500710054,0.3006507612202295,0.5094090285989703,9.995445080818701,1123,0,0,0.1537,0,0.0013
-0.3966313607080106,-0.34077208631378075,9.989171889762995,-3.9819994521745894,-2.527790990758473,0.982690314494348,-0.40607717734855686,-0.2970022404932938,9.983282752853523,1124,0,0,0.1537,0,0.0115
0.0672254345300094,-0.4218896439585169,9.922555323247913,0.020649193123992493,-1.7735542913297286,7.107897137271928,0.04727979390860092,-0.423210233804213,9.868134082543023,1125,0,0,0.1531,0,0.0015
0.03911453206320694,0.4702539044481634,9.232092403328409,-1.966931587994261,1.772092314227052,1.3139452730427574,0.0013519792739519892,0.47825666657074695,9.173392617630016,1126,0,0,0.0907,0,0.0129
0.48563416808348353,0.022999769634694456,9.72700064621939,0.3062328975499062,-4.420924771619523,3.269268062705523,0.42280074559916925,0.06910481738076828,9.714539112080567,1127,0,0,0.1537,0,0.0084
-0.3692782170184472,-0.6839710563683389,9.84854975007851,-1.918281074981072,1.96361374365727,8.370435934984622,-0.3863285066840152,-0.6648637786270039,9.748604453830275,1128,0,0,0.1456,0,0.0186
-0.2274011852539993,-0.7663131902538548,9.603129062820566,-1.5206343563068285,-5.4848013921970695,4.7234026830052755,-0.15690926718891254,-0.700988533437528,9.53428826586715,1129,0,0,0.1515,0,0.016
0.388117768581457,-0.28456603260601104,9.717743634172596,2.1085289034198116,0.46641936634173775,2.6229915520168294,0.3874392898699885,-0.28157715119191956,9.693181187510158,1130,0,0,0.1537,0,0.0286
-0.644948191594416,0.06259720638786569,9.705270429006381,0.0034238125187069906,-3.5840882564453076,5.086922538219025,-0.7210482589197956,-0.0022044718854274115,9.70235204127026,1131,0,0,0.1389,0,0.021
0.028755281638706318,0.036884390498898995,9.913081572137138,-4.674725093270963,-0.7535599627630809,0.5449126469357775,0.021727318925346118,0.05281094929608434,9.837915377815943,1132,0,0,0.1537,0,0.0001
-0.4059494360254635,-0.515375846650696,9.942554389168668,1.2026213619824562,-1.4437393871313464,-0.5067022567804355,-0.4161132326044709,-0.5660744524005006,9.935669338703399,1133,0,0,0.1536,0,0.0126
0.08558392765359395,0.17768569080880134,10.078330956552103,-1.1229610601567863,-0.12464004798650219,-0.7510469388456047,0.15733076010720354,0.16825731421000156,10.081134983479146,1134,0,0,0.1537,0,0.0029
-0.02334745069344484,0.71481796725965,10.235134207677465,3.054024459303272,1.6280328391585064,-6.118798992523056,-0.06185887803121849,0.7483900389624122,10.302317533497048,1135,0,0,0.1359,0,0.0086
-0.44384185806727844,0.001563947371255009,9.92604045145437,1.863858454829427,-4.727485777128038,0.6299226405035877,-0.47414667215820344,0.006601217544322594,9.935990508768082,1136,0,0,0.1537,0,0.0086
0.5704177831460335,-0.25106153478630805,9.817151810267072,-3.656759715798674,-1.1394754170272399,-2.2534760595734857,0.5895521739514076,-0.18996724825846018,9.801011234132055,1137,0,0,0.1536,0,0.0084
-0.3368057077183398,-0.2817098129435134,9.694522161060728,2.6054199792533934,-0.987299744153376,-5.657681516001205,-0.3884686443215381,-0.3252154545844671,9.685040089585797,1138,0,0,0.1537,0,0.0084
0.2419000883041943,-0.013378111136049416,9.785559521653385,-3.0254784065096634,3.6792693289913463,-2.2836576277023144,0.21610056756545895,0.03985999452345859,9.703727150587099,1139,0,0,0.1537,0,0.0084
-0.10562891537932263,-0.30025022072319,10.049057525236842,-2.554732893707271,4.393464722358344,-0.2124680662932537,-0.06715270671873873,-0.33999939527528367,10.000675766940173,1140,0,0,0.1537,0,0.0085
-0.19735723016969758,0.16216519944898636,9.659677926728637,0.9797905081322039,0.4757355097208975,1.4508123863556037,-0.2077658789491327,0.25261142901885786,9.681878416485977,1141,0,0,0.1537,0,0.0084
0.05168770531645293,0.23369220214611114,9.781605367930908,-5.31048768687798,1.6737986013712196,-1.1477462395181253,0.09558406167590422,0.1462626835582005,9.700654187359458,1142,0,0,0.1537,0,0.0084
-0.8036390239278701,-0.12782844381055172,9.987837434133995,-3.3831207005043575,4.49419901258317,4.475508172014517,-0.7509019204196461,-0.19687208326146746,9.95818577458556,1143,0,0,0.1683,0,0.0074
0.4711722136323661,-0.3372312954295094,9.87384749451476,-1.944209962353869,0.2858502867372287,2.056763828942385,0.47190939484164457,-0.3178999926878912,9.792449353133883,1144,0,0,0.1537,0,0.009
0.4407959117024313,0.10422833272520618,9.906064090702772,-1.0790751789393644,-4.566784350518408,3.4734664159787902,0.40735362674357734,0.13786930721469032,9.939869535250201,1145,0,0,0.1537,0,0.0075
0.3782300147180974,0.028469855306020253,9.846179741256675,2.268173373904847,3.148459553961648,-5.585892770603665,0.3523997905609787,0.04972833287138855,9.911185297995623,1146,0,0,0.1537,0,0.0068
-0.09070372125647101,0.004381290160034635,9.630190618401807,-1.7469328002580464,-1.148246113498875,6.501282176355247,-0.13091562063045942,0.02505199374855685,9.655151296377326,1147,0,0,0.1531,0,0.0059
-0.8336214834736763,-0.5543497509783905,9.74646197847491,3.1085046728311196,-1.595190739447871,2.662097850219779,-0.8410305885503992,-0.5804228481485395,9.799991383994831,1148,0,0,0.1383,0,0.001
0.26188806138185106,0.2803875649483609,9.813203144734175,2.850926877977953,0.21491994891117353,4.643290919298525,0.18405904074132448,0.27147218357857256,9.815139269325865,1149,0,0,0.1537,0,0.001
0.13483021719410013,-0.2630120123963076,9.702866204264522,2.3087661815659666,2.500252389065292,-1.6480235814970354,0.20431744057880463,-0.2760669522956001,9.678301426605358,1150,0,0,0.1537,0,0.0001
0.07853142546807974,0.9342237679148441,9.84065034613018,-2.2909944432779694,-0.5564449630383494,-2.338200473619762,0.052612806940257204,0.9002788494598388,9.833987764276975,1151,0,0,0.0919,0,0.0001
-0.2757737005117024,-0.3487257808471648,9.75506319996237,3.3888003393982107,-1.522163625303939,4.0564554930603745,-0.25729073895707666,-0.38448679978102773,9.777854584574492,1152,0,0,0.1537,0,0.0001
0.16237031229993237,0.12367875009549156,9.648392748048156,4.372106136869595,3.180680539345307,-1.066920513290138,0.1808286973021661,0.16337808902943546,9.603958629057818,1153,0,0,0.1537,0,0.0001
0.264671965081568,-0.2855740188348108,10.005982376437885,-0.8156818777898638,-1.1174034202656202,2.2904367781424093,0.24916947693540112,-0.3089938045407784,10.007170347560802,1154,0,0,0.1537,0,0.0001
0.37610881926597983,-0.14774846396517435,9.660832000778518,-0.7781919654349305,-0.9487050346366167,2.70112461467156,0.31752415392058303,-0.15034514779649674,9.710386741167492,1155,0,0,0.1537,0,0.001
-0.7181205508389482,0.01613495400625359,9.936472211122538,2.620760856747129,-3.8290416027973713,3.4117554185309853,-0.806142683798207,0.06612987929274917,9.914445360104358,1156,0,0,0.1408,0,0.0001
0.5371520769598811,-0.3527802442987986,9.982465162641317,0.9438700412440586,-1.52920505770618,-1.8809685533877798,0.4945384894843664,-0.3831893989755758,9.977634037232063,1157,0,0,0.1537,0,0.0001
-0.409725631661675,-0.05814773310971272,9.877336281663453,3.313257179517653,0.9645303052046185,0.16114812460753047,-0.40785711956694864,-0.08115444505360966,9.854805469285552,1158,0,0,0.1537,0,0.0001
0.017895835702223264,0.00025359888530109356,9.629412172871868,0.5804530440825527,-1.8562392632885232,-6.813737481194438,0.010049579496637871,-0.002117741936455505,9.67865173743161,1159,0,0,0.1532,0,0.0001
-0.2481832422617719,0.24110110818355607,9.682438915692728,0.3119170980562158,1.8547460717968038,-1.1059382960844066,-0.22314432262705478,0.21242932228401662,9.659592805767762,1160,0,0,0.1537,0,0.0001
-0.36246396176422424,-0.22475112374772818,9.88361844638384,-2.1907913455687766,-0.35237517795404877,-0.8227640520699442,-0.33514113346760926,-0.20309502633716356,9.938434415440026,1161,0,0,0.1537,0,0.0001
-0.6966582089217431,-0.03819058435514546,9.847539059372345,-2.3015092113694657,1.6783761498973844,2.7088755018120407,-0.6715129509531191,-0.11859498247399688,9.911886179220255,1162,0,0,0.1536,0,0.0001
-0.5659666382557298,0.5687725387192534,9.684018229838237,-2.2334271720156016,-2.3207083848125363,-2.255345398118344,-0.4896365640002144,0.5786805405442519,9.683070662467829,1163,0,0,0.1536,0,0.0001
0.1952397318867987,-0.12332456282454203,9.848859850344303,-1.8805830002386548,4.4116160582798924,-0.999365182497417,0.23617245617982502,-0.024303944697464677,9.918451199886936,1164,0,0,0.1537,0,0.0001
-0.11226955249535199,0.0002830854335090356,9.556419238552836,-1.679355417742034,0.5132071960022999,2.3958871319794177,-0.06600129914659483,-0.047122058120175385,9.548611524129976,1165,0,0,0.1537,0,0.0001
-0.3586296686014227,0.515834984488454,9.852110726915422,1.84412442356385,2.74266229142029,4.159563525067042,-0.37927618602077273,0.5103881750544603,9.777657912435187,1166,0,0,0.1537,0,0.001
0.4434158234779509,0.47922070428736085,9.54736494212035,-1.0965837208751337,-1.5314681963512782,-1.8667675965345834,0.4235986669141524,0.49265204565436543,9.534971330239355,1167,0,0,0.1537,0,0.0002
-0.08547382013658213,0.49991287931548933,9.773831021644334,-1.024785448374957,-2.5189036931279256,-0.3785646353311265,-0.06792354923062092,0.5012519116507901,9.65991889449929,1168,0,0,0.1537,0,0.0105
0.21153646695638187,0.15827973005005658,9.589738264441129,0.5583428346272521,1.0399809123061645,-4.774107776807648,0.15271969643160582,0.20550782473452078,9.61006095056736,1169,0,0,0.1537,0,0.0105
-0.090890790844769,0.4241173077004626,10.007972927181118,-2.1518545736683024,4.50983943913586,-2.7965997842792936,-0.14360592410575668,0.3969956664079885,9.997038239112833,1170,0,0,0.1537,0,0.0105
-0.3505579961216912,-0.2988424383634012,10.010846885907343,-0.47131200517427524,-0.5510003985463668,-8.91878306528195,-0.360220119664792,-0.24064054114519903,10.07716286773821,1171,0,0,0.1499,0,0.0305
0.13475665109856494,-0.2780017618660617,10.068908372863008,0.14423401787096335,3.771662368823025,3.7328267181545502,0.1063432659663342,-0.2395725850717629,10.093031741870194,1172,0,0,0.1537,0,0.0305
-0.011080826598146278,0.20773783876038726,9.862506298394875,0.3731198790583933,1.560471003736858,-1.9697022216546904,-0.007111536811940578,0.21829027696894737,9.900671855302914,1173,0,0,0.1537,0,0.0305
-0.22915928745875375,0.3424797193086194,9.977649875677093,2.123559783190995,-0.7675282448393492,0.8846929505099119,-0.29541957741232666,0.36652511352736483,9.956994271174203,1174,0,0,0.1537,0,0.0405
0.2722838079067136,0.36992175901640195,9.76117757015933,3.6447781797360728,3.039103442081395,1.7880563807883523,0.3061482085307388,0.30984700636594886,9.710837963833598,1175,0,0,0.1537,0,0.0305
-0.14571832434161797,0.01860652407330159,10.011047008862159,-0.20500344650603564,7.207670009990011,0.009892883731092785,-0.1333641636676535,0.12062325095985871,9.96327481162686,1176,0,0,0.1481,0,0.0601
-0.10356803386682646,-0.16478186008893242,9.846325389135401,2.2557321651740025,5.8142596163318245,-0.8199300451545106,-0.12173056584731318,-0.21794867067608661,9.80815784695048,1177,0,0,0.1537,0,0.0701
0.2275733881085914,0.303556924035894,9.523255074966032,-2.0893181581214537,-0.3969588580151553,-2.593941527671256,0.31089430354315534,0.26323298741782675,9.566731200469238,1178,0,0,0.1537,0,0.0001
0.20699036952660402,-0.16313549856927786,9.756436184695161,0.08209563878843115,-0.7093743202135063,-1.905715854143813,0.2501227737674891,-0.12396513664902772,9.87768168657929,1179,0,0,0.1537,0,0.0011
-0.028285645460515287,-0.012530342248975129,9.950385524263053,0.5018234672288583,3.868586080944217,-3.147093696228323,-0.05936817908592386,0.10580075116638661,10.018606954624063,1180,0,0,0.1537,0,0.0111
-0.4115184068229132,-0.12471187493784056,9.72259748289159,-1.9251905877435302,-0.08639392371604536,3.003350535753314,-0.4038290716467586,-0.1167539698648494,9.730860358414136,1181,0,0,0.1537,0,0.0111
0.5539299405549125,0.03475933448227043,9.983008698028714,-4.1927091631238325,-1.3070665316708812,4.708993345965583,0.47777547713239954,0.0442379151278544,9.953882956126925,1182,0,0,0.1536,0,0.0111
-0.21791836060193967,-0.20648320098826942,9.78982635609233,5.411221378840537,0.44438130110226925,-0.9716390792903833,-0.17228591748727656,-0.25599918843738323,9.794706501003603,1183,0,0,0.1537,0,0.0107
-0.45245062597604246,-0.0011837282619271707,9.39530575425094,-1.8426037667852744,-0.39443982609784745,-1.6799789215090402,-0.45587251386291827,-0.006100462161111269,9.424880560032879,1184,0,0,0.1496,0,0.0009
-0.1718991034944434,0.27131119659386166,9.888002257877,2.919786331979737,4.785043370517475,-1.6107365116197125,-0.14264146304918252,0.27582833073827273,9.87439576656704,1185,0,0,0.1537,0,0.0009
0.18094471726985678,0.1575821291264566,9.84019349019701,2.327321170913692,1.7390932721518801,0.08311874100978237,0.2126115577608996,0.19484141519112563,9.858619809639125,1186,0,0,0.1537,0,0.0009
-0.1524554073295187,0.2832711412779227,9.57594894714046,4.849567906707126,-0.989445815804012,-2.063151311060113,-0.20967810515221602,0.26667418292357803,9.486151643732546,1187,0,0,0.1537,0,0.0002
0.03059187559739656,0.1573420052701469,9.76875465331515,3.8071598670875217,-1.34307779734856,1.501081181435337,0.037693924196273154,0.15767280319263383,9.641418757656524,1188,0,0,0.1537,0,0.0002
0.10189333722177964,-0.09306656778132007,9.853248289813157,-1.4386617078776478,3.236782359800208,2.378301124075934,0.11094471199719302,-0.14275638539265903,9.777441959782086,1189,0,0,0.1537,0,0.0002
0.5727934645738056,-0.1516933646201824,9.575534039456066,-2.7837084903152256,-0.7214252092122301,2.1586361638561073,0.6461065078400932,-0.1147797195089375,9.577453960706393,1190,0,0,0.1519,0,0.0002
0.12424246274449982,-0.039145433837728,9.740729059244954,-1.1347514021378795,6.525605862156505,1.5040245795091938,0.05884462522615927,-0.035640664904044425,9.799140685496113,1191,0,0,0.1537,0,0.0002
0.04159142196977075,-0.07585969507784987,10.000042084726244,1.429532112823143,-3.7640104685215,1.560707504654527,0.07333401335037892,-0.08723356070292668,10.038038101839405,1192,0,0,0.1537,0,0.0002
0.2686990300379212,0.4067930141671553,9.559052902298745,-2.528884619454564,0.2352671295184986,-1.5364286047305136,0.23549717803312745,0.3636394428098748,9.540342465558103,1193,0,0,0.1537,0,0.0002
-0.23554032663086033,0.02260405474483942,9.879312305544897,1.811260459561025,0.05824531949738853,-0.6389678944814658,-0.27531587455404194,0.05349111641368988,9.882058258237247,1194,0,0,0.1537,0,0.0002
-0.003628341115979076,-0.01934038093353078,9.567912389414284,-5.804368198234065,-4.1025154132149835,0.6412258899974773,-0.0006080345037689653,0.05722614414664513,9.513163026521118,1195,0,0,0.1537,0,0.0002
0.7420512358516456,-0.22682934657802073,9.699066741621769,0.5928553177621607,-3.7000446110303296,-4.559491765292378,0.7596233513978613,-0.2436664225582042,9.75960354902812,1196,0,0,0.1514,0,0.0002
0.1044938803303888,0.22393593568365652,9.9271688561951,2.3946694541096276,-2.276590791505082,-0.12925519987803502,0.16981632300031363,0.39284714152043376,9.856562339427233,1197,0,0,0.1537,0,0.0002
-0.29568906016706664,0.1393207644987333,9.925131372448497,0.255592062202124,-0.6625975946138364,-3.388766281843931,-0.2509213734873733,0.14836847857621105,9.92893690151576,1198,0,0,0.1537,0,0.0102
-0.13976000912245104,-0.27999473022759924,9.66394609562323,5.682941860975096,-3.42222990684631,-2.6246328110501653,-0.16401628264647938,-0.33460685269608864,9.592784671005687,1199,0,0,0.1537,0,0.0012
0.0015528363873929484,-0.3116860993456059,10.068975891402705,1.848798416241193,-0.791107522418943,-0.10810908193717193,0.020523041605465676,-0.270200291931877,10.113313162571828,1200,0,0,0.1537,0,0.0002
-0.03232305507049291,-0.030202178544854352,9.901264461280194,-0.28060843544107716,-10.469347997546151,2.2886400142713943,-0.0039585307569310405,-0.04032905268222973,9.91876870644946,1201,0,0,0.1467,0,0.0212
-0.012836256167788126,0.28235878239935275,10.16267328793351,3.9304118755904085,5.111747733030324,0.5357351042233571,0.02228845460837816,0.2408864338296288,10.167905654248475,1202,0,0,0.1537,0,0.0334
0.42332831772758267,-0.40497167921122784,9.764636463841923,2.616094605716922,0.3806048401837019,0.11014389008073314,0.4616182197121773,-0.4475039011143749,9.785078303795494,1203,0,0,0.1537,0,0.0022
0.06274979215499628,-0.18435679816245518,9.516929836104906,-3.976084311355214,-0.8792661411405093,8.689549725633297,0.1010126610968827,-0.18802484279929715,9.546529360791462,1204,0,0,0.1503,0,0.0018
0.32093510011944376,0.07228124293215009,9.993693770831424,1.403763450173114,3.615102589910263,0.8355300505797548,0.28591251026798126,0.18989908163092045,9.999831856176737,1205,0,0,0.1537,0,0.0118
0.3832597717276382,-0.3370254120385105,9.55915561757736,1.0595755416026549,2.4907031700530826,0.4126835609986703,0.34540159853281,-0.3396114705509214,9.568282579370887,1206,0,0,0.1537,0,0.0025
-0.07504901937149906,0.15280738673340166,9.507428969458598,2.7637386912345567,-9.094323817598381,0.8699948531177246,-0.045563649326125624,0.19955738895258268,9.500357146811885,1207,0,0,0.1484,0,0.0121
0.4848651515647066,0.1311555616951425,9.642370359953338,0.3082364491027893,-2.0012839358076686,-2.392578777363396,0.4501139743939601,0.10089558649098862,9.699687383642951,1208,0,0,0.1537,0,0.0121
0.13619489703111795,-0.2780036015153811,9.908947626069564,-0.2487156093744152,0.16046193455701468,6.002089463310018,0.16335472128651496,-0.2816505825461642,9.987061981314477,1209,0,0,0.1537,0,0.0023
0.3117127564992778,-0.24473638191813246,9.814833944451987,0.22825369133175472,2.4351371479011865,0.25713115869126224,0.23941532819100458,-0.309639605645888,9.78424747734284,1210,0,0,0.1537,0,0.0023
0.03838339901043267,-0.13197484666876091,9.737002333867649,-1.4688092921229488,2.495389583944845,4.5714743159498346,0.03015218555307507,-0.22881608580920698,9.692714690440528,1211,0,0,0.1537,0,0.0024
0.12532784016717752,-0.6704354843018531,9.891112751887258,-1.037078459295264,-2.0941830317064785,-1.2624824553154719,0.15961358861742034,-0.6730209952663944,9.853282217371438,1212,0,0,0.1534,0,0.0027
0.09579672721340698,-0.15744447805969272,9.980645964540205,4.016921477688211,2.1832230248169915,-0.18646000944857627,0.06582600285466138,-0.23945160254819864,9.914186899693767,1213,0,0,0.1537,0,0.0098
0.25884952074029616,0.006767040068032319,9.293590441794532,-2.9083022358888746,0.34597935669217866,2.052714668077436,0.25884952074029616,0.006767040068032319,9.293590441794532,1214,2,0,0.1455,0,0.0124
0.021869525458326725,-0.3720890140334214,9.554777375502328,0.25182751615588717,-4.68205705951703,3.993607437914291,0.021869525458326725,-0.3720890140334214,9.554777375502328,1215,2,0,0.1537,0,0.0117
0.17911953823558507,-0.0328865478952323,9.899820456822958,-1.0256832517797214,0.8739137800672538,0.023574903541693566,0.17911953823558507,-0.0328865478952323,9.899820456822958,1216,2,0,0.1537,0,0.0117
0.0787476739113588,0.5212628347715913,10.018347778843484,2.5503109824642127,-0.6339583737085577,4.143833769392062,0.0787476739113588,0.5212628347715913,10.018347778843484,1217,2,0,0.1537,0,0.0025
0.18094377268108558,-0.6221519280751767,9.58057011777723,0.5654736096437732,0.04425838532957132,5.187256564362993,0.18094377268108558,-0.6221519280751767,9.58057011777723,1218,2,0,0.1539,0,0.0021
0.0716480195657718,0.3437949412068131,9.730617554974078,-1.678392652347799,-3.814910036932692,-3.937222668151053,0.0716480195657718,0.3437949412068131,9.730617554974078,1219,2,0,0.1537,0,0.0025
0.002336222813885698,0.08648958000908993,9.683512262326825,-3.4312018017716532,3.9253314299568336,1.9148184604978438,0.002336222813885698,0.08648958000908993,9.683512262326825,1220,2,0,0.1537,0,0.0025
0.12391567573562602,0.5077620669205113,9.792145549772535,2.374159228905976,-3.231966987936775,-4.133532562548996,0.12391567573562602,0.5077620669205113,9.792145549772535,1221,2,0,0.1537,0,0.0015
-0.07809755100768657,0.008589096486524065,9.845219960566284,-2.531543960317898,-1.3544224670137979,-0.07060629110334865,-0.07809755100768657,0.008589096486524065,9.845219960566284,1222,2,0,0.1537,0,0.0016
0.2329695352084729,0.19755933714385818,9.766583576161983,-1.153257050541943,-0.8797103808784309,-1.6467437278477333,0.2329695352084729,0.19755933714385818,9.766583576161983,1223,2,0,0.1537,0,0.0022
-0.22028292370908056,0.024866665204033463,9.983598849706388,-2.9668111066991987,-4.428949145784054,1.6912756274210399,-0.22028292370908056,0.024866665204033463,9.983598849706388,1224,2,0,0.1537,0,0.0017
0.5676394609497698,0.46354147997426287,9.858591781244051,-3.71487315327849,0.21938297196061096,-8.234566185533323,0.5676394609497698,0.46354147997426287,9.858591781244051,1225,2,0,0.1515,0,0.0027
-0.006286987059222318,-0.2711930573812715,9.651438758066124,-3.1207974162069165,-5.911048099228845,-1.944853545361021,-0.006286987059222318,-0.2711930573812715,9.651438758066124,1226,2,0,0.1537,0,0.0015
-0.12125583741814484,-0.3895458606664526,10.233457643803098,-2.0725191724693985,-6.7752770724594935,-1.7447700103935495,-0.12125583741814484,-0.3895458606664526,10.233457643803098,1227,2,0,0.1527,0,0.2607
-0.2800877685364233,0.007796387648602076,9.881686287581106,4.211839017495427,-3.225731249891008,-2.3915999123522766,-0.2800877685364233,0.007796387648602076,9.881686287581106,1228,2,0,0.1537,0,0.2408
0.14708727096917137,0.4306608210880192,9.909457481906296,-1.347617519600401,-0.5191030850680083,-5.819452845389961,0.14708727096917137,0.4306608210880192,9.909457481906296,1229,2,0,0.1537,0,0.2468
0.11257298415381098,0.6416350458850468,9.649720856968713,-3.5179558730212923,-1.0520135734103504,-2.2599632335707076,0.11257298415381098,0.6416350458850468,9.649720856968713,1230,2,0,0.1531,0,0.2567
0.12401356213817413,0.0835597506735783,9.927638827767975,3.46942629132045,0.6333007910723916,1.607284277719438,0.12401356213817413,0.0835597506735783,9.927638827767975,1231,2,0,0.1537,0,0.229
-0.3456247019376897,-0.2517618064926258,9.94343460586945,-2.7975015350125587,0.7371673231813023,-1.6095892348118372,-0.3456247019376897,-0.2517618064926258,9.94343460586945,1232,2,0,0.1537,0,0.2398
0.05050572833038206,-0.01092093117160648,10.077447005297383,3.4050099854319615,5.7506256221871785,-2.472091244471815,0.05050572833038206,-0.01092093117160648,10.077447005297383,1233,2,0,0.1537,0,0.2107
-0.7943007330488956,-0.49093832292526185,9.921984512795461,-3.50325993914397,-0.3328155206625406,0.1682957509891641,-0.7943007330488956,-0.49093832292526185,9.921984512795461,1234,2,0,0.1733,0,0.2757
0.3570460156240323,-0.44568044777821975,9.862971069014781,-6.8329095215542495,4.250057031449117,0.1860897141993677,0.3570460156240323,-0.44568044777821975,9.862971069014781,1235,2,0,0.1537,0,0.2594
0.0016118297162318555,-0.0788374322816166,10.03570060031925,-5.3774716234413384,2.199749347140338,3.078696111098272,0.0016118297162318555,-0.0788374322816166,10.03570060031925,1236,2,0,0.1537,0,0.2694
0.22164191455597873,-0.3632503451543212,9.643117625244697,1.1937383649826359,1.5099446636809526,1.4089768736314197,0.22164191455597873,-0.3632503451543212,9.643117625244697,1237,2,0,0.1537,0,0.2794
0.02004812023490011,-0.11295335506260021,10.146420609911255,1.3904871903540719,-4.464856850607629,-2.7177578331321306,0.02004812023490011,-0.11295335506260021,10.146420609911255,1238,2,0,0.1537,0,0.3424
0.6129213654043019,0.0740744035413414,9.915346639709611,2.8241721743341466,2.75952688106493,-0.7312808450705179,0.6129213654043019,0.0740744035413414,9.915346639709611,1239,2,0,0.1552,0,0.3235
0.03158479329803779,0.16872931440464378,9.780054292634631,-1.8877447366082964,1.451569858293512,-0.13619630548874953,0.03158479329803779,0.16872931440464378,9.780054292634631,1240,2,0,0.1537,0,0.2835
0.1361096474823325,0.1754760888450638,9.751304981917464,0.18298423344614012,-0.01722400234727345,5.896220927362752,0.1361096474823325,0.1754760888450638,9.751304981917464,1241,2,0,0.1537,0,0.2609
-0.46823351628787335,0.01652730836839056,9.7037516624882,0.739482585378006,5.37109336649962,2.2063432174059705,-0.46823351628787335,0.01652730836839056,9.7037516624882,1242,2,0,0.1537,0,0.3086
0.06270144239185482,0.05966436849464085,9.643928138898417,1.835230954191335,4.23793499785117,-2.768323409693024,0.06270144239185482,0.05966436849464085,9.643928138898417,1243,2,0,0.1537,0,0.29
0.5233523384285227,-0.21866706893797833,9.715718817234158,0.4249241818053061,-1.0670797667020238,-0.708570639798237,0.5233523384285227,-0.21866706893797833,9.715718817234158,1244,2,0,0.1537,0,0.3274
0.2953442420829403,0.35177549723210694,9.374504283752195,1.9242642974879813,4.515062227962245,0.662255133858967,0.2953442420829403,0.35177549723210694,9.374504283752195,1245,2,0,0.1497,0,0.2888
0.041066271795247654,0.036559022205298955,9.604347311672884,-2.62621462608405,5.511503492191942,-4.8616696966863415,0.041066271795247654,0.036559022205298955,9.604347311672884,1246,2,0,0.1537,0,0.2613
0.13745867834045283,-0.15745679690453981,9.530102178222485,-3.4899175194159158,1.0602358944597219,-1.2525937494712398,0.13745867834045283,-0.15745679690453981,9.530102178222485,1247,2,0,0.1537,0,0.2408
-0.03423984568393377,0.07001452776307113,9.431745316048074,-1.3401460875038336,2.757734346208525,-6.078309800925954,-0.03423984568393377,0.07001452776307113,9.431745316048074,1248,2,0,0.153,0,0.2907
0.5971265479373885,0.12053944763303759,9.722875732138345,-8.399768877768718,-0.4548967906654545,-2.2296172572707516,0.5971265479373885,0.12053944763303759,9.722875732138345,1249,2,0,0.1484,0,0.3108
-0.3899739443617738,0.20894735079251972,9.891576841494473,-3.174051753950656,-3.1105530163887862,-1.6738747780323373,-0.3899739443617738,0.20894735079251972,9.891576841494473,1250,2,0,0.1537,0,0.3602
0.35743316228514005,0.48398124478940363,9.863515050462135,2.511842559208877,0.06736295615424337,0.3683957971447588,0.35743316228514005,0.48398124478940363,9.863515050462135,1251,2,0,0.1537,0,0.3408
0.239054604977541,0.22637164067969728,9.645841287559687,-1.985940910303067,0.13192984440102867,0.27941481682117175,0.239054604977541,0.22637164067969728,9.645841287559687,1252,2,0,0.1537,0,0.3761
0.2620151411126005,-0.5761334487162418,9.454624702443112,-0.006796016453024355,-2.2908076211251887,1.9818983871043239,0.2620151411126005,-0.5761334487162418,9.454624702443112,1253,2,0,0.1533,0,0.279
-0.15141516640850486,0.014339957236756191,9.568468714622558,-2.8395089710649897,2.132573154798729,-2.394113207851407,-0.15141516640850486,0.014339957236756191,9.568468714622558,1254,2,0,0.1537,0,0.2754
0.025213205371432807,-0.30863730505770154,9.605187087695557,2.9774243536138463,2.7453994904561045,1.9072037605501697,0.025213205371432807,-0.30863730505770154,9.605187087695557,1255,2,0,0.1537,0,0.263
0.10545614164792194,0.37880403472547564,9.860742026377887,1.8546913841210655,1.5557212407677472,-2.265968813451597,0.10545614164792194,0.37880403472547564,9.860742026377887,1256,2,0,0.1537,0,0.2627
-0.3813377177849802,-0.18993784824680457,10.124650593518403,-3.444289097314536,1.8191528587412789,-0.28069993249532554,-0.3813377177849802,-0.18993784824680457,10.124650593518403,1257,2,0,0.1537,0,0.349
0.015849611739799298,-0.16012975039440133,10.110869727343612,1.7633182772625111,0.2769322609610559,0.485708390847442,0.015849611739799298,-0.16012975039440133,10.110869727343612,1258,2,0,0.1537,0,0.334
0.037189024641244205,-0.23607882537417732,9.661099428939329,0.506244416009393,-5.615513563791819,1.4030885624176408,0.037189024641244205,-0.23607882537417732,9.661099428939329,1259,2,0,0.1537,0,0.339
0.017151386489247272,-0.24908812146999335,9.472584146517175,-2.4709627667848317,0.20492250331721748,2.6990400838008997,0.017151386489247272,-0.24908812146999335,9.472584146517175,1260,2,0,0.1537,0,0.3287
0.5856222460912998,-0.26761974409164724,9.476209112719411,-2.829969754635852,3.257427591358548,1.1151545036711128,0.5856222460912998,-0.26761974409164724,9.476209112719411,1261,2,0,0.154,0,0.3355
-0.16523441216296764,0.32559646535296316,9.996666426163468,-0.14057443076263737,4.9898015855657345,-0.2447397495705404,-0.16523441216296764,0.32559646535296316,9.996666426163468,1262,2,0,0.1537,0,0.3298
-0.3989447584663829,-0.03287806179084403,9.59096630270635,-0.3876917661913213,-1.9434330776078017,-7.364442330862573,-0.3989447584663829,-0.03287806179084403,9.59096630270635,1263,2,0,0.1514,0,0.2679
0.05925866346905813,-0.5429298864332354,10.052311899609379,0.8356766353237941,0.2616187209069141,-3.4694912333451837,0.05925866346905813,-0.5429298864332354,10.052311899609379,1264,2,0,0.1537,0,0.3486
-0.1955305693925643,-0.2981558529156099,9.82130680908554,0.48586441891288046,1.741101383341774,-4.208101487236205,-0.1955305693925643,-0.2981558529156099,9.82130680908554,1265,2,0,0.1537,0,0.3588
-0.490046482735695,0.01626360980430507,10.059951018805522,1.4390246923838828,0.11953290732338535,3.561299170776916,-0.490046482735695,0.01626360980430507,10.059951018805522,1266,2,0,0.1537,0,0.3286
-16.495319686632726,-9.589474896440777,3.8476802545280453,-202.98134960672624,236.84529721265898,247.0423425746108,-1659.2566544728747,-995.246275768186,-160.74983471011765,1267,2,2,1.0,2,0.64
19.39406946534881,12.297653775419034,4.8087463584030505,260.14830146012974,163.6289643935476,-110.58354451212621,-1171.0808384918514,726.5825985497391,-127.85454403197795,1268,2,2,0.9999,2,0.8
17.384604483341324,-14.090646947088844,5.331087349187205,-247.38053712199806,211.7207495579174,157.67773976163778,-557.3473956868213,-358.92984704918644,-380.1533400852784,1269,2,2,1.0,2,0.84
-19.920145235593267,-9.162563069153393,4.78676787078699,191.92475412731042,-179.97764660297904,-168.2895703204304,1602.3845855422105,964.2202753975288,-152.6643440216419,1270,2,2,1.0,2,0.89
