ax,ay,az,gx,gy,gz,hg_ax,hg_ay,hg_az,ms,true_label,p1_label,p1_crash,p2_label,p2_crash
0.02474829128511088,0.33075316316756054,10.014022029979884,-0.591937784486499,0.6034760321383302,-1.1571461878811546,0.03786484497457217,0.3634356749693022,9.895134301548625,0,0,0,0.1537,,
-0.13932552448626565,0.44794039587263323,9.517162908415445,-2.036233092794203,1.174581677292934,2.4042706892560695,-0.16911454799600614,0.5347544108025527,9.529698869865753,1,0,0,0.1537,,
0.015154518892391063,-0.28672524274122296,9.848374039234177,1.8697756984938843,1.6754020582570712,5.471410405421905,-0.009873694213083352,-0.3707991063695897,9.858094900718967,2,0,0,0.1537,,
0.20586924590437897,-0.16179394230161528,10.088188751301454,-1.5658670703483288,5.766902209817711,-1.8651118318209905,0.343391916466398,-0.12613179277350586,10.073118092989148,3,0,0,0.1537,,
-0.5270371516736804,-0.2408973281804196,9.720498749789934,1.9597130847008364,-1.567385074490618,2.0431746856332693,-0.44688315933901757,-0.1787544619782105,9.718684409043318,4,0,0,0.1537,,
0.5053294803418527,0.24964653114836466,9.75760871969948,-4.333431981908372,3.2886871910592266,-3.56067314266526,0.4896874097584254,0.23635065574163702,9.815707395217247,5,0,0,0.1537,,
-0.13735285177913142,0.328180839300875,10.008254432370713,3.0135743807711415,-4.428176496905897,3.445716906004554,-0.1986169593009655,0.33185324651061554,10.066315480646413,6,0,0,0.1537,,
-0.17892602838166433,0.1748125737026687,9.712551084327496,-2.776471885676658,2.44438346150223,3.6412773546723862,-0.08265077892488668,0.09873588626612984,9.748040714000245,7,0,0,0.1537,,
-0.3140902686847278,-0.3114591639499513,9.553278647599331,0.4852659947338006,0.6646336036936669,-0.1345927782634636,-0.31111079870792924,-0.25509360481491544,9.487959231328556,8,0,0,0.1537,,
0.27953760683843865,-0.018793894820002214,10.076971363745491,2.217592254859067,1.8188802330201959,2.4985410715495067,0.23798957931560685,-0.023164656532148012,10.02210090115847,9,0,0,0.1537,,
0.20249414507388158,-0.06564330022832497,9.374974399876756,-2.6251821038063317,3.4218224638748813,0.07810587281946302,0.17305167614583325,-0.06966207053023658,9.413402002881906,10,0,0,0.1501,,
0.3733323605406305,-0.34241365606286095,10.083002255378972,3.6476095647921696,6.592059977869136,-1.3093713143284544,0.41456039441187975,-0.4249462745090483,10.051012068787516,11,0,0,0.1537,,
0.26792622666706467,0.349098750153329,9.935575543073874,-2.068783968070139,3.653859251413439,0.8184703306992902,0.32967539931435996,0.2864971388452745,9.932099182705391,12,0,0,0.1537,,
0.07890148275116451,0.6285689428678053,9.601374998158425,2.335151344473301,-2.2987261749364394,-1.7065307660328326,0.012778989340999677,0.7156729465003625,9.602103733608757,13,0,0,0.1471,,
0.09855535456474974,0.5180060342906401,9.680077017888005,-0.49034922147342475,-3.367450926113715,1.5439969282219637,0.04326484671231965,0.5923713779155055,9.610876907015546,14,0,0,0.1518,,
0.2805731082224609,-0.1776328322219331,9.37576140819785,3.3430567990076754,2.648514699834929,4.7628658665631365,0.2773965909628185,-0.21418776451077917,9.309794664258826,15,0,0,0.1423,,
-0.263283897960501,0.3692969800049053,9.792739312728608,1.9833722626119155,0.9601324751961448,-0.6522931729766455,-0.24524526990410184,0.39404642711541915,9.745465793201332,16,0,0,0.1537,,
-0.013768826515472071,-0.5597550068015013,9.978326700057458,-0.9248456341534397,1.1951291874313719,-0.02941633182619894,0.02704752071862109,-0.478212430000831,9.901775528056515,17,0,0,0.1537,,
0.11456152205557381,-0.36365441397012394,9.748390179923167,3.4943823940676735,-3.3887705031487743,2.079440300828754,0.1715885729727069,-0.3798816434285263,9.839090886562412,18,0,0,0.1537,,
-0.13576169230674182,0.16682657242049895,9.442015039078342,-0.6692949121184675,-0.6852668850596229,0.4224504660171508,-0.11354004141265403,0.07997682409113156,9.3532201880736,19,0,0,0.1458,,
0.2164994644809368,-0.23646140806920646,9.775431862470024,3.7136671533084984,-0.6380873017267921,-2.9943439354279793,0.17424451139703948,-0.27310057828302203,9.775563606160485,20,0,0,0.1537,,
-0.10564902217859219,-0.09043062734252479,9.897666410345602,-5.274343221423272,-4.361610160950706,-4.0200764751872855,-0.07775021396941723,0.01689029568589813,9.925388945161135,21,0,0,0.1537,,
0.20183910736804753,0.5199394804074322,9.812383263738926,-2.2725806428920117,1.5533183600670943,-2.2064759770342692,0.1576157485939625,0.46790522197517426,9.84052498903989,22,0,0,0.1537,,
0.04218698826933482,-0.056069741133868096,9.629410132368255,0.18887424400087138,0.8105138557950391,1.2108134913249387,0.08956335760475247,-0.1917265630626727,9.635510810147196,23,0,0,0.1537,,
0.13876820490307387,0.18945156240425026,9.428673903366374,-5.5879128993856675,-5.588415831725094,0.6015850309088631,0.15192058048508145,0.17334170751865124,9.387612098844933,24,0,0,0.1511,,
-0.4552958744091087,-0.04879104682622081,9.953892261996282,-1.6836078036705397,-0.6379165020744284,-7.269517608989181,-0.4483082394862374,-0.03216641480869441,9.87575217258164,25,0,0,0.1514,,
-0.2580892641707594,0.19484686195601605,9.800294181018685,-6.361707817970126,5.681785243371786,-1.0048175181907195,-0.16345245992282062,0.23066678187442444,9.744279985355805,26,0,0,0.1537,,
0.4033706326270871,0.27626121045602897,9.663169754385986,-3.3505563915889516,3.931442933736466,-2.4378543327320954,0.38147766685396495,0.3234803638288417,9.671367242945928,27,0,0,0.1537,,
0.05342589625120371,-0.06461565543740239,9.953972937711894,-1.364704256511928,2.418468228100274,2.2311589880910123,0.06518067599376175,-0.1010764233482401,9.97125003337143,28,0,0,0.1537,,
-0.024395485748683846,-0.2480440524322739,9.956782651505154,5.088524830644232,4.349829652900123,2.133788737739096,0.01798323625542099,-0.2725007693436974,10.008846655163657,29,0,0,0.1537,,
0.2891102230619404,0.18970072876250868,9.54959135936705,1.628922152479391,-1.7006462169524443,-3.0114188139731652,0.32077539922341347,0.2125535715765006,9.56341001749721,30,0,0,0.1537,,
0.22526667242633697,-0.3524742901684409,9.942506893297296,2.178514296199122,5.855384908321904,3.840493100554407,0.19027860776806288,-0.34158992893404316,9.96197404912451,31,0,0,0.1537,,
-0.014027581694941475,0.30673725732146434,10.18976403232143,-10.462308341065869,2.8399384580041973,1.779106270177667,0.023578944453523203,0.16786157445761551,10.26150591136057,32,0,0,0.1398,,
-0.1929242670069165,0.09272889881305171,10.092520009254764,1.2315040121890508,2.8202299891586033,-4.052964860140718,-0.17464758943651548,0.07182099392163847,10.122393187635932,33,0,0,0.1537,,
0.5882804481690916,0.21182394212837471,9.766569710990806,-0.16284149321633878,-3.154620219244328,4.05811149306668,0.6192692950663419,0.23522613859915772,9.787962057184345,34,0,0,0.1552,,
0.20721613566021352,-0.46760682869322634,9.544234924988865,3.5024387953001663,-2.2876950765012003,3.806648784415538,0.20019389981243832,-0.4971035620997505,9.530798580827563,35,0,0,0.1537,,
-0.4716165334018718,0.4474334907638428,9.756467315574843,-3.3434422019843675,2.607331093222551,-4.05127343072099,-0.4696033622538927,0.5247410216115125,9.619350970367247,36,0,0,0.1537,,
0.25183964058415215,-0.13154934225117698,10.23567056906312,4.329003643509278,2.8304087972362346,-4.675491227850522,0.20160765687806742,-0.1798305975153805,10.151595888744417,37,0,0,0.1522,,
0.2305434037808557,-0.12307237511676192,10.124175505051474,3.5474628750870885,3.683824958087513,3.6695140205732635,0.1914765021598507,-0.08032408144172465,10.151799166329772,38,0,0,0.1537,,
0.24417534192961965,-0.5342926478134907,9.444163672666956,-4.638831038873548,4.310311565627421,1.0952878938388966,0.22571383972695253,-0.5618657069368859,9.357264720135994,39,0,0,0.1422,,
-0.12116845582675326,-0.129855784214031,10.260692021043068,2.2726397261104845,-0.9195528292918261,2.5554559026533106,-0.0999587618524999,-0.1216811641779486,10.277972598704205,40,0,0,0.1483,,
0.44139937485260955,-0.30484366020230386,9.668785887959856,3.0863997545412216,0.3414998522711854,-1.2820030213417672,0.4985805053430177,-0.3454158722175634,9.630100241529775,41,0,0,0.1537,,
-0.22439982428177954,0.30102727665652657,9.886058915815353,-1.2308404694702724,5.169266055597221,-0.7396113388480844,-0.1924506315637325,0.32587624092299294,9.852162915874258,42,0,0,0.1537,,
0.3633406997900303,-0.09872553290953408,9.681033853763916,-1.7299594639115148,2.247224306373456,2.840365947798461,0.33729428391660843,-0.07300291324661774,9.695193045194864,43,0,0,0.1537,,
0.08777593875733838,-0.20691943441915703,9.707398381706234,2.092338140022902,4.765795754949497,-2.302588358232798,0.08558060442315282,-0.17551127411507428,9.699322451297064,44,0,0,0.1537,,
0.5092016688002855,0.3533361685237144,9.861365766456998,0.9120160219760094,3.231417520178314,-6.455742270690232,0.5733339135677794,0.31918057852789855,9.893084697923344,45,0,0,0.1532,,
-0.11658354789195143,-0.4316758656571452,9.830895722857571,-0.6541958129810754,3.756781262765595,-3.4362666584899815,-0.15945976518077504,-0.401749896623342,9.800306621728069,46,0,0,0.1537,,
0.20892718861785323,-0.3588900506473392,9.553888505946329,5.227069178762989,2.6237414633462244,-0.8553524550167583,0.19399760872461116,-0.4195329085904077,9.569794370677716,47,0,0,0.1537,,
0.2534494701659003,-0.21152368399826998,9.808251272841915,2.0449392206810733,3.5453656221892698,1.9083804509373667,0.22475976593812008,-0.18395708096526114,9.82981441597827,48,0,0,0.1537,,
-0.09712820304831081,0.33029589956783595,9.666524929574667,0.11941565022116932,1.674721490684116,0.5073312527287832,-0.04875175694147282,0.31077230980464043,9.618681306675356,49,0,0,0.1537,0,0.0204
0.003375663729377799,-0.22150629518428308,9.752357066548816,1.559947475998959,1.3548810689934052,-1.3408502979908068,0.10217842820012393,-0.17580284052911854,9.754723784299657,50,0,0,0.1537,0,0.0204
-0.12438084350850404,-0.022856267711918433,9.769909140978802,-1.5620926192247822,4.94057848514915,4.237672001003533,-0.16684260234584017,-0.04127627618154498,9.778540696075455,51,0,0,0.1537,0,0.0204
0.1434729856305031,-0.19554038818565422,9.587422135521042,-3.6356033079546117,5.238365151213299,3.4049099149282,0.013514119763333221,-0.23576388203921655,9.581782132951128,52,0,0,0.1537,0,0.0204
0.20656343040415384,-0.351178610564761,9.763427584290664,0.1590142366202849,3.0017147523182435,-0.377406421689989,0.25249761021632805,-0.2812566079731211,9.704817098976184,53,0,0,0.1537,0,0.0204
-0.0874968007878938,-0.09436178288904391,10.041495289111001,3.3356740217899525,-1.8942964937096973,3.272340828240087,-0.08998612083087457,-0.007199168550445514,10.008889305455915,54,0,0,0.1537,0,0.0316
0.10378067865244966,0.051109265312672264,9.8993590840759,-5.6288389787235085,-2.0364109980798535,-4.074103426826584,0.02925278653795499,0.13132879887793572,9.902910366323207,55,0,0,0.1537,0,0.0316
-0.1745655961212704,-0.41958822546922186,9.656002575751527,-10.708724039524853,0.9710711139930888,-2.120316172526821,-0.10706608578031003,-0.4258213996868946,9.550201773703511,56,0,0,0.1422,0,0.0513
-0.1563296583335295,-0.011778933325927582,9.785423737119514,2.5535216070511377,0.6740322824105129,1.2100352560193994,-0.04878741640975513,0.031171724508663533,9.800913046568946,57,0,0,0.1537,0,0.0513
-0.5767760567991335,-0.7148274418423134,9.780048305250125,7.216904234499093,-1.2381685488689347,-2.1628384565233514,-0.611113116044621,-0.691437703820854,9.847534190227668,58,0,0,0.1424,0,0.0301
-0.3522126730957607,-0.3117128248234007,9.768978312096515,-0.053280643282857754,-5.796629845261151,4.781361042837451,-0.3036644243034291,-0.26212138967154663,9.728685667763324,59,0,0,0.1537,0,0.0301
-0.20218011597788002,0.24406975468043624,9.55628352400525,2.31428706782953,6.268399672535696,-0.05939338191389727,-0.16847258325649597,0.2472292437897232,9.532397002324197,60,0,0,0.1537,0,0.0209
0.032454827248485925,-0.08297517183020743,9.75654661895842,1.738743816062065,-6.901589519379516,0.4418692350954852,0.028454607506582602,-0.026931457707773054,9.70414375964604,61,0,0,0.1537,0,0.0309
0.4560989977860743,0.17626453564300554,9.868873441820424,4.882309700956601,3.5861333595589064,1.377099742685564,0.40818536692051155,0.19530359737800246,9.934375417388695,62,0,0,0.1537,0,0.0309
0.08071246527120784,0.3192531851982215,9.608755758773587,1.7068536686035474,3.0280508962365857,-0.6649490270368867,0.13736736691474272,0.2563551163711544,9.665854792953912,63,0,0,0.1537,0,0.0209
0.02740828980537688,0.18498528033444087,9.377957942041231,-2.5377258752313,3.9925661118779967,5.7204152458892334,0.047490393349919016,0.25778850655739516,9.3772741310304,64,0,0,0.1494,0,0.0201
0.10437032430967084,0.0914224171149211,10.001765153350947,-3.1895089755987316,-5.226506128191298,3.364242132562588,0.09379052891291538,0.07977974072111967,10.019428798853497,65,0,0,0.1537,0,0.0201
-0.42044652952982503,0.19824455544547007,9.891147059797573,0.03136260263788459,3.7010778240377658,8.900995536022942,-0.4476982770897703,0.24244225061257635,9.850419026592778,66,0,0,0.1498,0,0.0101
0.014514017616115546,0.02828038544801403,10.03620483847205,-2.3402893290594666,-1.4686580246962215,-3.0705770024601753,-0.08667632027316573,0.05970506801259981,10.066294739691603,67,0,0,0.1537,0,0.0101
-0.26043419755968,-0.11309363605553743,10.195045808318664,-1.7828875570800715,-4.432232867028853,1.2540088879136242,-0.24382933227684342,-0.09135063064988491,10.190805539746513,68,0,0,0.1533,0,0.0103
-0.17211617407274965,0.209525805039089,10.148262739287667,2.9990654810977606,-3.1328325330892333,-0.14411727382171258,-0.1914480892140499,0.28993440186910735,10.152799614081967,69,0,0,0.1537,0,0.0301
0.6108903352312872,0.12159890743937982,9.81677746339359,-0.5083180981408132,2.076476588747121,-0.9810465521828773,0.6876007854411095,0.1298515669772882,9.875664826960747,70,0,0,0.1487,0,0.0404
0.5542118390262345,0.04758532669548999,9.9435365070023,-0.880307630524377,-0.5923491701305286,-4.712386229611898,0.5215945518030811,0.02931077045013702,9.840941289978138,71,0,0,0.1536,0,0.0304
0.293145688609778,0.4541786078223441,9.761117515324205,4.636141291898476,0.21945759269680942,-0.5540076114509334,0.16192887355926314,0.34510541056555555,9.786990553058928,72,0,0,0.1537,0,0.0204
0.16290222928618409,0.10022230082568843,9.85078351067443,-0.17724742139357172,-3.9345466983264195,3.3686000829179443,0.18890707203161272,0.15413227760771833,9.89513662727855,73,0,0,0.1537,0,0.0204
0.15107958738884303,0.7043786450247579,9.877953777392273,-0.11251739672208279,0.0016948835804835231,-4.351582798124703,0.17841584221416767,0.6108612433151126,9.935206202260462,74,0,0,0.1532,0,0.0103
-0.28953565869059966,-0.386819225833754,9.93817400627715,2.9030742887711867,-3.973454863006907,3.305660480321804,-0.37395928081405005,-0.47044568401788744,9.950305077864627,75,0,0,0.1537,0,0.0203
-0.3766352623328908,0.3045894144939034,9.740921797757604,3.637911183772312,0.8899299928138924,1.9152873284234215,-0.33380801219355877,0.26052386340149436,9.726319111992208,76,0,0,0.1537,0,0.0003
0.10041597965808115,0.019160097105131692,9.925049434437101,2.7444823587179323,-5.200742950362446,5.258475085439688,-0.0007529653370474676,0.01900317655634066,9.84272519938658,77,0,0,0.1537,0,0.0003
-0.13415797288806244,0.29725741467850536,9.651517533779067,2.8421595246654534,3.3541380650209964,1.8391145417652344,-0.07476096999693324,0.3068187181203168,9.718070584265408,78,0,0,0.1537,0,0.0003
-0.23301592094764972,-0.11143337901336388,9.505057516531798,-3.2688874878082004,-0.4014702015980336,-0.10474432321413661,-0.18280820850425522,-0.14585434957416657,9.407036755898986,79,0,0,0.1526,0,0.0005
-0.024096719776759774,0.4274040679591347,9.770251199258583,-5.875408902953555,-0.6831919997420676,-1.0465722615026194,-0.004626248824485219,0.4639883365628116,9.768558507875834,80,0,0,0.1537,0,0.0203
-0.021741929733175364,0.38045557916812783,9.99370667857394,-5.540409733158752,-0.7897928295891848,-0.07400636470662088,0.007898569133503657,0.35650785656353956,10.007663522003186,81,0,0,0.1537,0,0.0105
0.05676700291511717,0.1648930253493745,9.654237948896752,-1.748350504899883,-1.21798563002362,5.675878341089593,0.015588660785237143,0.15363959681700226,9.693835879294095,82,0,0,0.1537,0,0.0003
-0.2218799035800889,-0.1790340169923979,9.588825308051717,1.4402220442122782,0.3546470864024932,4.289213981994582,-0.23114911012004605,-0.20901908572338598,9.602742694348718,83,0,0,0.1537,0,0.0003
0.00519237291452413,0.01687753975392819,10.111897936715497,0.9598243148727378,-0.3638752329395142,0.17435383176527236,0.08533490674479663,0.011100182870607949,10.154042604244978,84,0,0,0.1537,0,0.0001
-0.371792270239907,-0.20444178965399765,9.702595319974776,6.0549148288104435,4.313486909300692,2.0707616153997987,-0.356837035493664,-0.2604679400864837,9.751222780637619,85,0,0,0.1537,0,0.0101
0.36804968725913484,0.02108605595497891,9.769150364394532,4.023985153932528,-4.259596715287232,0.7693399757518277,0.3642245003362211,0.09813405039472405,9.749348680850606,86,0,0,0.1537,0,0.0004
0.4557611041363683,-0.4591571423879963,9.993055356374198,-0.2553513827383781,2.6667039022034746,0.6926998956342236,0.5320414590602842,-0.43941740933880624,10.065835018230418,87,0,0,0.1537,0,0.0005
-0.33131969404394784,-0.33894406125599125,9.851003728270674,1.9486310807304905,-4.220766038627208,0.2601019361484235,-0.3240513470587134,-0.2757175049582179,9.89938042112008,88,0,0,0.1537,0,0.0019
0.1281921942910395,-0.41164186926237684,10.104892018356539,3.491121660512582,-0.1817826367424423,-8.31379181808934,0.06721572682838386,-0.40830088954622074,10.0507984182992,89,0,0,0.151,0,0.0241
-0.06629232635731276,0.28755638772898634,9.774774356063302,1.2659535453005462,1.4000219347011442,-0.1876586151609792,-0.10836835357767685,0.25298364434876275,9.83055869557262,90,0,0,0.1537,0,0.0459
0.03411462771842243,0.07739420994199277,9.727010055727835,2.4764906122657977,-0.9045252912714277,-2.626960117691184,0.085023974504804,0.15615863233754157,9.720711215068132,91,0,0,0.1537,0,0.0258
0.01885573303342637,-0.43946957439156387,9.980329765557792,-5.26182148915452,0.005104867341598934,-3.6499192107473197,0.08804920248122289,-0.528452216799547,9.9079809823384,92,0,0,0.1537,0,0.0264
0.35792646195143557,-0.07023167347401273,10.047345802860244,-2.329932398185292,-2.7516584039136225,0.10575278505485979,0.35223247922109785,-0.05943967292607094,10.055315628430268,93,0,0,0.1537,0,0.037
0.165981497923516,0.3911223745913341,9.754488770768656,-3.155300659084931,-1.454301776389316,-2.0732553438715104,0.1387224834749873,0.36708221907011224,9.793170856296278,94,0,0,0.1537,0,0.037
-0.2605552169753042,-0.04463641382080741,9.487093151337524,4.421020722767871,-0.7886684329029103,-2.41903818641393,-0.18075914210754107,0.03734335957217111,9.436849984258583,95,0,0,0.1534,0,0.0364
0.0240544496585994,-0.3673157196993237,9.627449951661365,-0.3228398345777618,1.0105248514525789,2.2327425789825375,0.015628306203325677,-0.31585136912175493,9.59653572748228,96,0,0,0.1537,0,0.0485
-0.005268783064501475,-0.19409471476691115,9.518649782734114,0.53648627610873,-1.6236731218438236,-5.839532688927745,0.011533152745100844,-0.2262251312268292,9.48252899060262,97,0,0,0.1537,0,0.0491
-0.2394687313027217,0.05738829223166242,9.719881719938138,-4.193406071502995,1.3980531252536643,-3.151172724101393,-0.2806951162089457,0.031547284288341915,9.661521360737307,98,0,0,0.1537,0,0.0391
0.06130143539296948,0.34688008150586636,9.79722522867401,-2.86281564324773,-4.6083240296222066,-5.034336214700987,0.08932526469460886,0.3360078020331742,9.809383397326568,99,0,0,0.1537,0,0.0437
-0.00683680267385946,-0.2184238852013003,9.669639334271936,1.7269715725114385,-0.46891403378771335,-0.18072378210596501,-0.012577464482755166,-0.16684320301698127,9.626513825916183,100,0,0,0.1537,0,0.0337
0.4077822040550072,-0.6010088961911122,10.07778751899449,-5.496142697930435,2.384532616281807,2.5206675056768053,0.38541679932824413,-0.5835630818569143,10.123561978882531,101,0,0,0.1536,0,0.0364
-0.05636172201727388,0.10148361030565632,9.753540466766635,2.629781365201092,-0.4085058014125107,-0.624525690087391,-0.004241148312162039,0.0427231612698507,9.786560890446404,102,0,0,0.1537,0,0.0564
0.13229787235145452,-0.0787431258509376,10.024728672661206,-0.7574445762591442,1.0168552190705156,-0.5681403650113556,0.14958166579497068,-0.08904419822558311,10.007308135726326,103,0,0,0.1537,0,0.0457
-0.6743611030560163,-0.47925701795221454,9.67706984859183,2.2845948115709214,1.1679796124294832,-2.948949285081299,-0.7364734113572875,-0.46249943721001047,9.602905497583588,104,0,0,0.1405,0,0.0763
-0.5032832040179366,-0.4458850225585434,9.746212318316905,6.46014342855025,0.6614723463828579,4.485134487080085,-0.5039104119054737,-0.46291813141511234,9.790467464997526,105,0,0,0.1529,0,0.0374
0.09816913557774261,-0.14699005380170949,10.052954231111165,0.5173133396629415,-3.4230324620784933,1.8061251699067808,-0.017618261722097503,-0.09651122794392217,10.103322090146555,106,0,0,0.1537,0,0.0175
0.038714722399632265,-0.47527316391234325,9.560048735719848,-3.1465929725288344,-1.1109761083014886,-4.177158296020239,0.046591058235887176,-0.4765840421290042,9.544378820525903,107,0,0,0.1537,0,0.0386
0.27264575728328844,-0.3874142667013566,9.46204420850622,-2.7807802488393727,1.0448436189608916,-3.3078094744356177,0.27562820906505925,-0.43022564556516635,9.448768297114306,108,0,0,0.1534,0,0.0267
-0.3456727767746276,0.13193137105337158,9.583568496814195,0.6132695294898658,2.0024273514430972,0.8631647853462688,-0.38301791286407105,0.1777645986873207,9.560949848677504,109,0,0,0.1537,0,0.0185
-0.08544577680652335,0.2674170784956527,9.887824354119955,-1.5834591467617516,-1.2335711635964586,-6.795076117493933,-0.027677124982170648,0.2665586485630746,9.8620251446882,110,0,0,0.1532,0,0.053
-0.7477132612539493,0.12727252645636278,9.614036591705387,1.4274628316446472,2.1473801628295606,-0.8236455263087432,-0.7571256814595859,0.17036846451415333,9.609039493907773,111,0,0,0.1684,0,0.0524
-0.2509791310240774,-0.2610153713639297,9.780525549079636,-0.25078949274211293,-4.582497689524094,-2.4483000723943413,-0.21464502972037372,-0.23017711893440015,9.8334761792206,112,0,0,0.1537,0,0.0768
-0.13000099071929225,0.10090484769456722,9.999229804291973,2.012059167788518,6.4322856938914965,-3.3709092671397816,-0.12181010709669102,0.08642407244495684,9.971108969820616,113,0,0,0.1537,0,0.036
-0.029070367120964467,-0.4014544061230371,9.862481527011195,-0.581683450014844,0.6389600246422165,1.1485382913636857,-0.01470973407653928,-0.3618960455765559,9.904128395225202,114,0,0,0.1537,0,0.0639
-0.1664345675577712,0.1983446508409448,9.687859755095634,-0.709946305873705,-2.181518366423306,4.018538169512883,-0.15718393468681832,0.22716753127569714,9.684713331993903,115,0,0,0.1537,0,0.053
0.2862312183328645,-0.13838484331386594,10.143463207349685,-0.8359270982979331,1.6596062447876507,0.3977951244868688,0.4068739837399165,-0.24742658693868289,10.105237706483878,116,0,0,0.1537,0,0.0078
-0.43434482026166893,0.6699446541187782,10.038813895696093,3.891304787975323,-5.506412940381762,0.6945555298153243,-0.34741640508045235,0.7208979894074519,10.063032142095231,117,0,0,0.153,0,0.0174
-0.3849291036272958,0.2417848560958782,10.057325740887887,-1.4844422965114967,-3.810119814351291,-5.764026732627649,-0.3883504627610935,0.27289433391384976,10.00640934028955,118,0,0,0.1537,0,0.0052
0.13810709227458048,0.2236111599399894,9.860959389225401,0.254480370014012,2.1349539362717964,-1.869054942916976,0.15617353067426445,0.19033546088743936,9.78615690138894,119,0,0,0.1537,0,0.0054
-0.11373331748399343,0.10790477816273604,9.872458500377991,-2.115533213106199,1.1140868043563135,2.8453477241022735,-0.029962796296565758,0.08199653235716224,9.8289465545872,120,0,0,0.1537,0,0.0156
0.40096537051838993,0.43718229051076984,9.708104322132957,1.107760381561787,1.9915616760221675,-0.6654494679499229,0.36967889706770274,0.41928632715628095,9.755052201300254,121,0,0,0.1537,0,0.0065
0.20673663795466668,-0.16154465004372306,9.971336257271858,3.8537805749818426,0.26815397291499066,-2.0542668619864575,0.1815981351100579,-0.19117039815787207,9.927153361844452,122,0,0,0.1537,0,0.0067
0.0997994352763892,-0.13705823220094432,9.955426936165182,-3.412218336849187,0.7241912765497112,-2.256874755642555,0.07371332809053963,-0.1051095056098321,10.050227591489618,123,0,0,0.1537,0,0.0017
-0.5142257805482807,-0.25919989835864976,9.862422958517362,-0.3780286501864427,4.137382452982358,1.423813213284159,-0.563144720207414,-0.23670353953083503,9.976989537176063,124,0,0,0.1537,0,0.0009
-0.1852829489961359,0.1609031723412195,9.61482179086999,0.31437415027820265,-5.7613514435490485,0.09438981248661055,-0.14015943429527766,0.1511377433977156,9.530498204058485,125,0,0,0.1537,0,0.0253
0.08039573116894595,-0.22532352461992178,9.893575434937164,-1.8944915257745847,1.7879282579097537,4.304758082456347,-0.009668056093580776,-0.21741791328973178,9.899401834475631,126,0,0,0.1537,0,0.0103
-0.19315354559498246,0.03479848915919811,9.577681657362904,0.22768615105213152,1.126689531410627,1.5740213214923715,-0.11320454502364488,-0.0418740568103269,9.540836107033531,127,0,0,0.1537,0,0.01
0.0846433835990304,0.12037709598806987,9.839859169305251,-2.151643180917983,-0.33254240018578746,-1.7232802752821583,-0.0029677066691211756,0.1382372849402407,9.790097026369217,128,0,0,0.1537,0,0.01
0.08978744799476149,0.42236994880551565,9.599521928991326,1.729623960185243,-1.2639019427779896,0.21873997349520055,0.034053073094960466,0.39984068938400275,9.587940725624689,129,0,0,0.1537,0,0.0255
-0.24937582243145853,-0.6073795302149334,9.494596456557419,3.720256562956216,2.363171677858547,-2.0862708786764252,-0.12258299922997445,-0.714797447380981,9.523455306163697,130,0,0,0.1435,0,0.0145
-0.3341153864856212,-0.37407288088362206,9.901032705418144,-3.078573013024208,5.299730612030057,8.000990189036608,-0.42451133372522015,-0.38302590768978273,9.851018147531295,131,0,0,0.1484,0,0.0208
0.29024868375609847,0.3141684619889232,9.631693424279243,3.2537739464516813,1.6040050088425433,-1.871031412363149,0.2420052618740291,0.30538591579064533,9.580128921818222,132,0,0,0.1537,0,0.0193
0.014498007624890332,0.6114080926330426,9.502610997550606,0.06813600901305551,0.5313899456261051,-1.9380071950453583,-0.009196595585763837,0.6358729752703062,9.419106254116386,133,0,0,0.1521,0,0.0143
0.016494574008766076,0.09976721721873887,9.799950766275218,-2.8627141071489044,3.731788688188132,1.3999172729317606,-0.05215224240789528,0.039054335628543074,9.80480436897198,134,0,0,0.1537,0,0.0812
0.28843124237443335,0.019602758434596575,10.051383274561054,-3.934864084023919,0.60557230529583,0.9623362948310769,0.3629080050354038,-0.04915669371507379,10.136375317502138,135,0,0,0.1537,0,0.0714
0.519961942290267,-0.08840338174495048,9.875853061699344,-4.161242830831461,9.478300786655804,0.420782720783792,0.5476449879685504,-0.0326968089927694,9.889725544024806,136,0,0,0.125,0,0.0767
-0.8428054113715627,0.2980380207189931,9.889989147410372,-0.4268097073609465,0.07756913299499035,-1.4606398531627174,-0.8049503028853522,0.237186921717773,9.821437844863508,137,0,0,0.1712,0,0.0238
0.43637934015066643,-0.004346942435002064,9.600306553887572,-5.194886682938088,4.725100167504612,2.0454701418165597,0.43265103284807216,0.020983530906351307,9.622385042654367,138,0,0,0.1537,0,0.0501
0.29944605643512096,-0.2905970642960732,9.872236966223248,1.765155282058651,-1.7373847148550778,7.192272729128785,0.24317480605999559,-0.2952222942276724,9.882433254947205,139,0,0,0.1531,0,0.0157
-0.08873065109036571,0.334190637205359,9.553464293600987,-1.784211001310248,-0.8459466996390169,0.6197780810858657,-0.13572464577754897,0.4135920330455577,9.533177940236058,140,0,0,0.1537,0,0.0157
0.35389493956871226,-0.28950495932478715,9.510232665709713,0.4364812624167614,-1.6447214952825893,-2.4076945223603206,0.3602415461490755,-0.31407668657016763,9.583649059947216,141,0,0,0.1537,0,0.0257
-0.025049411848867043,0.0732072558744036,10.094683797894207,0.06241302984578691,-0.10381270090222837,2.0800253563376474,-0.11327180100955891,0.13823310707556397,10.03768145087199,142,0,0,0.1537,0,0.0257
0.47913500747042975,-0.018141207933395066,9.898678736274032,6.928739672596141,0.4472724424306761,-1.9831401524898558,0.5304203597380696,-0.011846707875341297,9.796806565871263,143,0,0,0.1524,0,0.0357
0.34179143844774135,-0.31590961911442156,10.020403369142732,-3.5425811412643085,1.3862637529009683,2.6870833812471844,0.33045825278108876,-0.30950009259592354,10.021405487233851,144,0,0,0.1537,0,0.0157
0.12373873622856751,0.010082262459774036,10.277130445515011,1.8849974727790304,-0.5096367004376874,-4.7841679543051985,0.06558086673685351,0.015000349854902006,10.33451758241795,145,0,0,0.1057,0,0.0013
-0.18675752696057446,-0.13548383074306078,9.605877684483932,3.633933527237585,3.2091697749595878,-4.8374516478473275,-0.19175876327236085,-0.15724150816526633,9.689727028462762,146,0,0,0.1537,0,0.0012
0.02621229972558442,0.2592281635210149,9.686132879341239,-0.7043542154320482,5.558075581576221,8.837551395576963,0.10766015669631013,0.302381681451421,9.640477052826682,147,0,0,0.1503,0,0.0053
-0.2626537766498185,0.36113457267779214,9.534806708517378,0.13300899698258617,1.0139214195839912,3.4978125029302998,-0.23592275279890687,0.33333234444160664,9.494267437546943,148,0,0,0.1537,0,0.0012
-0.2105971797192394,0.16010102746544627,10.178290332448235,-0.3690724156340344,-1.3450541023383842,4.134458315641471,-0.23510417678465878,0.23055734091368918,10.165728307913527,149,0,0,0.1537,0,0.0012
0.053936787545763566,0.242707069712085,9.887347702501993,0.4405711274842571,3.002545100473368,1.0687358902762383,-0.01349451939585291,0.27511341003360673,9.867604205462492,150,0,0,0.1537,0,0.0018
-0.0384298747922123,0.13334329005083842,9.896827127674342,2.228440462612133,1.378193169418589,0.05306343863274879,-0.0830573597328094,0.1343412278767947,9.983502196421808,151,0,0,0.1537,0,0.0018
-0.20017227340818816,-0.5685904828878182,9.80559182228795,-0.7482425010030123,0.2874394788227133,0.1369439580670903,-0.2644855806180989,-0.5154138808788765,9.87271395549928,152,0,0,0.1537,0,0.0018
0.49472552225922883,-0.2537052013690815,9.752753510862327,-2.9309409186568383,3.9243817555423153,1.4797880493182118,0.44668216902466634,-0.2154850567411729,9.705016427753597,153,0,0,0.1537,0,0.0009
-0.1659813495576883,0.010975069668126015,9.419466206556892,1.603658505752927,1.8550246061858209,0.03895209343166615,-0.07987393202183769,-0.048694493410177474,9.344821457022865,154,0,0,0.1473,0,0.0009
-0.008713046757465195,-0.0693873922140572,9.656910498674037,3.8986871849222173,5.03181535277171,1.816100616091114,-0.01635706449680791,-0.05925634638103419,9.710944601885695,155,0,0,0.1537,0,0.0008
-0.0007563039105801122,0.2189565872391634,9.829420047581443,-3.861297269109354,-0.6288931633131576,-4.628877136720143,-0.015021671222155567,0.17822365149203795,9.810468248529492,156,0,0,0.1537,0,0.0008
-0.6571919670280754,-0.19718645287335151,9.782324436185052,5.8218107711466,-2.740645299363977,-0.2534082163230191,-0.6290757210344897,-0.12668840356877037,9.74724704913583,157,0,0,0.1538,0,0.0007
0.7849101216393098,0.39204089113582063,10.056718774152687,1.1837780638785969,-5.047015523083414,1.5087887680944927,0.7518548630851882,0.40283097543184354,10.056729048799827,158,0,0,0.1573,0,0.0007
-0.17281113426339778,-0.18231143388475265,10.020436982862279,-0.8712097333424518,5.077906210620329,1.8073366175701406,-0.16100686848406745,-0.13276782276153806,10.008724566837346,159,0,0,0.1537,0,0.0009
0.2215079201923016,-0.4362023607391785,9.678435167263686,-3.0424519859178814,-0.9398226019536847,-1.7083905636242989,0.1880107793028939,-0.4730640125249137,9.691399104438288,160,0,0,0.1537,0,0.0016
-0.6451399680682235,0.10751417753797644,9.766762371444287,-3.457964917461943,-1.9679339263509439,-2.4956729976897143,-0.6234476087157861,0.04799479989629808,9.660771745893772,161,0,0,0.1538,0,0.0013
-0.050336122478727034,-0.17302683466542337,9.958282197726755,1.8693601683232963,4.992210690981619,1.8138624668599608,-0.019858755464819612,-0.1646018889627115,10.014981866595516,162,0,0,0.1537,0,0.0013
-0.49164878827199027,-0.07277235481191902,9.737255227631188,-1.3126259979369865,2.3129019420686556,-4.747378541233036,-0.45222062357746345,-0.16433888233117516,9.70858209619929,163,0,0,0.1537,0,0.0013
-0.15230114507546508,0.4601797992337905,10.050474790609883,-1.2773668754312042,-1.6463926619111695,-2.5476171090152047,-0.2389184854677255,0.4627648065834336,10.058941800690553,164,0,0,0.1537,0,0.0013
0.37965030874010697,0.11976865475930396,9.86034165947992,-0.9442773763164174,-0.39542329131746634,-1.8122593364656958,0.32236516761072664,0.1642831692671804,9.812543686126183,165,0,0,0.1537,0,0.0013
0.2343493212455329,0.12559129773687913,10.031262334891341,-0.5687729303108134,-3.8373497942983743,-0.9463768363055929,0.14915353684145818,0.18854833094505302,10.008141333864677,166,0,0,0.1537,0,0.0013
0.18598760079423607,0.1450837322646706,9.994205734649558,-2.5517300066168622,-1.4058379768298186,2.274657300423639,0.12348905842998528,0.16399386189217374,10.018007435563034,167,0,0,0.1537,0,0.0015
0.15021957262502997,-0.4111385059644267,9.754707310614881,-0.22613145332866058,-1.4020498913686397,-2.277084668123045,0.10600397997768451,-0.37376307102192924,9.693532098206498,168,0,0,0.1537,0,0.0013
-0.5265374014515797,-0.18186709410062654,9.457073350123714,1.6777643918395262,-0.25471362537780445,-2.294545933110168,-0.4824047096955568,-0.24479049814823645,9.398234209108182,169,0,0,0.1526,0,0.0051
-0.341853765937413,-0.19726093317637472,9.949160840547556,-1.1524502103874146,1.366636370043536,2.6179182212662484,-0.3644245637907706,-0.1759444950725506,9.932398171456937,170,0,0,0.1537,0,0.0009
0.1638008115439395,0.24999899163736247,10.198554432020561,-6.2730784872025716,-1.5499255349632848,-0.3749854667074069,0.16154272869710376,0.4041018100984143,10.200639465324176,171,0,0,0.1525,0,0.0016
0.4078600569153185,-0.050556184704066996,9.998372432022078,-2.8822118766112164,2.8838057414744123,3.111519935113491,0.39198903531532303,-0.08743499413749302,10.073196086982335,172,0,0,0.1537,0,0.0016
0.13638748957656568,0.09877376650209026,9.89675867429972,0.6805427250980972,3.4457473179134306,-0.3340678974844362,0.18496681745616686,0.019207808590804426,9.912336090283667,173,0,0,0.1537,0,0.0016
0.17072851013855184,0.03487424833005,9.99052687294264,0.7158608795466636,-2.6244619655478956,0.4991836462239053,0.13345245544886505,0.1430554656860559,9.958859204985156,174,0,0,0.1537,0,0.0016
0.16353604890903686,-0.18577013270661427,10.09495627971355,-3.712882125172362,-5.074500743432938,7.476129416721982,0.15882377497311606,-0.11057432500014963,10.194021296642294,175,0,0,0.1516,0,0.0116
0.20955817565792742,0.43478952730382947,9.453476693209035,5.901540352709985,-0.7029566700073752,1.3538156157780346,0.2407257267554577,0.4895142845503683,9.40195447489324,176,0,0,0.1526,0,0.0016
0.14427078411967992,0.466368093332701,9.905131554770593,-5.3850899385939375,-4.47870879003861,-2.189398227020512,0.030786609774054147,0.5029053023322092,9.908456271249008,177,0,0,0.1537,0,0.0007
-0.3315963663856289,0.3612609607294749,9.922157986302413,2.661009805083923,-6.557270934571875,-0.24745501872056286,-0.3029601572769931,0.33594387492998745,9.96734633906857,178,0,0,0.1537,0,0.0007
0.29184143819635683,0.454055827981593,9.971760656004317,-0.07518281420272489,0.4670482095636397,2.395491296824638,0.29244648757108915,0.42739765517613143,9.929301767534545,179,0,0,0.1537,0,0.0007
-0.2705403582176551,-0.17470891834850377,9.878564186345757,-0.4101986569099621,0.15834186349587737,-1.4346059645944058,-0.20853959482814757,-0.18751631236519023,9.814118689288744,180,0,0,0.1537,0,0.0009
-0.4407266842521643,0.1866022098845731,9.519848575460575,-4.909331024631736,-2.062887882993067,-3.8938428449936007,-0.44463587089080275,0.2057218238490864,9.47132444784927,181,0,0,0.1537,0,0.0008
0.03863750524933179,0.346801188160435,9.710151506917272,-2.158170885053814,-0.4420112379555138,-0.8366335704970078,0.06334305528693174,0.37833760495875424,9.651542723751179,182,0,0,0.1537,0,0.0015
-0.400198275727996,0.41481615007518674,9.908120116584408,-0.4569360178232117,-2.6596094883539285,-0.6010247357163646,-0.4497666593739065,0.44716416737248976,9.916648006847433,183,0,0,0.1537,0,0.001
-0.32448998578941346,-0.42601852047711375,9.808612688837194,0.22957814137465066,0.935565473960928,0.6807400843554734,-0.3588948106522791,-0.4082398748078779,9.836026086079784,184,0,0,0.1537,0,0.0015
0.030530189217183916,-0.30867918346112794,9.698618354530781,0.9242095001965571,-6.351906116032122,0.8522538232480243,0.07070250941910042,-0.3632241174206991,9.675899560772873,185,0,0,0.1537,0,0.0014
-0.246730501344752,0.3041232858636827,9.876154019480905,0.22077233346868982,0.5533786810620979,-0.9941986414692581,-0.2922308858677469,0.2392188348056028,9.922589420908546,186,0,0,0.1537,0,0.0008
-0.2668882203290269,-0.26436260197496936,9.864661824161288,-3.933586832163101,-2.150681237612193,1.8108687434482444,-0.3201215876564345,-0.27685050918145865,9.77548862521587,187,0,0,0.1537,0,0.0009
0.1367721384470619,-0.270372371140393,9.953187694848276,-5.068114916717485,-2.1666597520343993,3.0442001952128352,0.10638904788031933,-0.24167186954927375,9.953201651841093,188,0,0,0.1537,0,0.0018
0.333117227770028,-0.1859239449055349,9.926792784054422,4.5026276944349375,-0.3974254019974775,-1.6770555511937255,0.40184982808162534,-0.1471942365451963,9.993506247759786,189,0,0,0.1537,0,0.0008
0.21932679166745064,0.3126108365075287,9.865673994029958,-2.2512333041084602,-4.54742805412998,2.1433340796912606,0.2501343624010286,0.2421615012916293,9.872151584367682,190,0,0,0.1537,0,0.0008
0.26949217508049605,0.1272066539763077,9.682257521668026,-2.452718121219994,-0.9403736997463599,2.4237875695404343,0.32909711803768527,0.20415342385523466,9.687804896248457,191,0,0,0.1537,0,0.001
-0.44495297172416287,-0.13153199702291746,9.421330718239316,-0.7432591367973804,0.980364632543622,1.0581779114542553,-0.33237001394694937,-0.06091488345347988,9.318538188996602,192,0,0,0.1348,0,0.001
0.1962190722713168,-0.023745307728094106,10.03628284076261,1.0525134939595702,0.36542101586960984,1.1640435717979143,0.2263633225746954,0.11121178925011493,10.132060900281937,193,0,0,0.1537,0,0.002
-0.0039093365307920095,0.30696023593926447,10.265193567628184,5.607844911190563,-1.8941080598640871,5.027676806942217,0.009112999572602979,0.26034991548129977,10.240024636122872,194,0,0,0.1527,0,0.002
-0.21505324738818887,-0.28674406943127345,10.026266552130805,-5.095145602145219,1.763778532621958,-0.706080405864886,-0.23303430443513284,-0.3118509796987292,10.008721797047787,195,0,0,0.1537,0,0.0093
-0.09051932737279483,-0.1256548535600265,10.118900363291724,1.8784992981145257,-7.794911456340827,-7.674466599233524,-0.04521679443675693,-0.14274638637972145,10.20977012420206,196,0,0,0.1383,0,0.0117
-0.11476847633546473,-0.5814628640417178,9.637542596966059,-3.737442737819131,0.5639542965001118,3.3758657267797547,-0.10418803401460719,-0.5224416715860968,9.633002645599797,197,0,0,0.1538,0,0.003
-0.3146972198464281,0.1925117203531657,9.663939480718186,-1.5522431073905083,4.741193971881504,-5.7849674741834525,-0.29387136036452455,0.1711862206177559,9.615021164528532,198,0,0,0.1537,0,0.0118
-0.5849472911446257,0.11152222835921544,9.880154752973484,-0.7590734776924312,-4.9883920385467295,-2.463774137214692,-0.5109393053203481,0.18232695403620963,9.93232974268944,199,0,0,0.1537,0,0.013
0.11112679419624585,-0.5904136504676721,9.823532668462917,1.469232395617244,1.234954170235026,-4.2094964267437955,0.13422007789651874,-0.6418366548005117,9.891956468182052,200,0,0,0.149,0,0.0218
0.07677732412088681,-0.09575288116215555,9.912025141893741,0.20429877310290448,-5.321554481432609,1.295181825176979,0.07451491931124157,-0.12031706064382686,9.907665679521207,201,0,0,0.1537,0,0.0218
0.3988935279373963,-0.8030057909923044,9.490133517772954,3.3748125164334204,4.018217886236085,-0.08436672405396256,0.37491861721863623,-0.7820924633254147,9.52925159873514,202,0,0,0.152,0,0.0219
0.3418482371077706,-0.17994225631279234,9.66226392094094,-3.3139259849361022,-1.3446553563159034,1.0234192909063773,0.3805351451252863,-0.21667111531146557,9.715974252171975,203,0,0,0.1537,0,0.0219
0.05548134019984393,0.12483601415595214,10.140232796626456,1.8240423547361033,4.171673412515093,2.7118990652587676,0.047043562834943944,0.15219160211075272,10.125985042551038,204,0,0,0.1537,0,0.0119
0.2552860797817068,-0.5411494173512611,10.217262118899354,-1.5293729097272926,4.089094185188566,1.702913538736928,0.29815849319486765,-0.5976830497754037,10.251439986447727,205,0,0,0.1525,0,0.0011
0.4616323010233472,-0.46841226750034065,9.851251654254124,-7.114656927592804,2.7490118952704865,-1.7947699909998727,0.4254744941554716,-0.45839899008919727,9.845803136034247,206,0,0,0.1532,0,0.0009
-0.20843697787141505,0.10568591028388134,9.597348760724705,0.3388480951851245,-3.6342973595192274,-1.1791107323181405,-0.230951648829746,0.17073946931038925,9.501144410058087,207,0,0,0.1537,0,0.0009
-0.07873311242781059,-0.30471434877821646,9.801914975516219,0.5718271892363928,1.284499729883593,-0.9650887337115761,-0.053079114942922834,-0.2647184292335325,9.832470553825008,208,0,0,0.1537,0,0.0108
0.08094916466875195,-0.11742959650650311,9.710749671211715,1.5636544887775465,-0.9281187142094842,-0.5465395915241811,0.1006337857933323,-0.19886442764682874,9.700912671599276,209,0,0,0.1537,0,0.0114
-0.40747472328092726,0.16635773400321655,9.575127928702274,4.220838896493865,-1.4284457020097918,-0.39688764106589264,-0.39496915195142585,0.251768981906716,9.640225904874487,210,0,0,0.1537,0,0.0127
-0.32522957868479724,0.4735595390926913,9.62874889877792,6.513003235782517,-1.6363227430509917,1.3801187857619261,-0.27057117977296247,0.49941257256703214,9.557364252806876,211,0,0,0.1529,0,0.0127
0.19837538231679142,-0.18428306991214558,9.634760171041595,-0.6906806880531359,-2.5517350341704983,-3.623143280791438,0.2027024467235577,-0.1757526195900547,9.654278095210833,212,0,0,0.1537,0,0.019
-0.12926339169217063,0.19299398842898,9.567562440525233,2.156668889518615,-0.5214226243238467,-0.7329280903501088,-0.13047596773017692,0.16083899949387917,9.492738021228769,213,0,0,0.1537,0,0.0253
0.13595854873682195,0.6285622628361198,9.921199729657188,1.2866221050725424,-0.31915969459451177,2.1636500447313862,0.16681892198594167,0.6058797037789186,9.94427977532396,214,0,0,0.1532,0,0.0021
-0.03438308153872884,0.10256978987497355,9.369040865551003,3.028260322088488,3.710896742655449,8.87300008680456,-0.1282095428429311,0.037970098882751255,9.373258056466913,215,0,0,0.1459,0,0.0101
0.37023297244762415,-0.01791785138249665,10.117424570108188,-3.1136200248728447,1.0717222132038988,0.3021421652674126,0.40131410938165474,0.043651659656786794,9.995511334369262,216,0,0,0.1537,0,0.0093
0.08235335461784887,-0.2722470271275253,10.374280838705065,2.3170966112536617,2.136237441955335,1.9798312832427865,0.006685622686362802,-0.25660160170230734,10.35322214163571,217,0,0,0.133,0,0.0463
0.039958994531759766,0.2705532127391162,9.967265522673049,0.5439836267874727,-3.3967877598689658,1.1481314429840206,0.07284507377085828,0.34299965599687743,9.981488669909297,218,0,0,0.1537,0,0.0476
-0.08308868216032196,-0.06176315560614841,10.234518378554826,-3.925376251880888,3.960601901251986,-0.6460305111257025,0.011905355460064035,0.011146661325777366,10.28518851515035,219,0,0,0.148,0,0.0408
-0.3073081055761166,0.2971289878235491,9.701325078845564,-1.4180831577794775,0.09608882366011762,-2.9643776177580627,-0.3043599264232588,0.31313649580788655,9.652342370380286,220,0,0,0.1537,0,0.0408
-0.46432990037897603,0.47327128115194633,9.809021555656498,-4.271646596909777,1.4940308131545972,3.349360603201522,-0.49678288090862155,0.4781642843316647,9.732828656878782,221,0,0,0.1537,0,0.0397
0.8002024009634955,-0.1553041743385303,10.030152520347853,-4.372412416222385,-2.6479150544561962,-1.5518427055482338,0.8714630099821922,-0.23501868216721197,10.080516521678545,222,0,0,0.1522,0,0.0106
0.09454411786792542,0.03807124551296613,9.557766781814603,-1.1604582734565465,4.112714440365666,-1.3509554516613285,0.06383724941717767,0.0847490823216685,9.58183434434774,223,0,0,0.1537,0,0.0192
0.30896234621365637,0.06003757044809199,9.63294169611178,0.06226048226979366,4.5675977660251625,4.071856600521068,0.2906350030574324,0.056217254058176944,9.610998282859848,224,0,0,0.1537,0,0.0104
-0.26525693231233655,0.16969137240868726,9.903571676741594,2.735063167966363,-3.942030828556499,-5.558698496121119,-0.21752135343830342,0.18899582153955335,9.892348637175761,225,0,0,0.1537,0,0.0104
0.1410369018328573,0.04999579681551639,9.532479158107083,0.7631515447212831,1.2771121768991094,0.1982292970185409,0.13492172468617242,-0.00379231578741919,9.587025607775114,226,0,0,0.1537,0,0.0005
0.11455456392469318,-0.38644969932458434,9.825546423008687,1.44990467645199,-0.15958287212185,3.1811816707722116,0.17808020592681312,-0.388147484614482,9.852070196800335,227,0,0,0.1537,0,0.0115
-0.25923651478901144,-0.03982608938341217,9.743056592238617,0.8614261192793501,0.16712765920029132,-0.4990107388858206,-0.23053708001842155,-0.09107466996231964,9.816729785075312,228,0,0,0.1537,0,0.0015
0.6054162573059962,0.012370484420677985,9.862956052259387,1.6605539750953544,-4.934517527386459,-0.9237638988567407,0.6892063823500142,0.05338065349244066,9.883286024284638,229,0,0,0.1487,0,0.0014
0.4477128261104916,-0.001453802934434024,10.179292755473233,0.1490466779580133,-3.2384734294356052,-5.365728048620362,0.43976668181190665,0.009593627273243466,10.223229402151514,230,0,0,0.1527,0,0.0005
-0.048159347580887475,-0.28301552859910656,9.640519240619035,-0.6418611905271286,5.27671357552578,0.9196400174350027,-0.039229401318639306,-0.2159956050217153,9.598808494781796,231,0,0,0.1537,0,0.0016
0.3352533311643325,-0.2523022839738998,10.071603799687395,-3.5084118392878114,0.4542602085012278,-1.496424525268918,0.3003675583913941,-0.23779016196804256,10.074755300151855,232,0,0,0.1537,0,0.0016
0.35588926057656456,0.18993255515569143,9.78351882209794,-0.7804125269205184,6.762429455688947,-3.1071205515028177,0.31688213384161423,0.1944493885744765,9.755340336264679,233,0,0,0.1537,0,0.0117
0.17731774980102208,-0.6690069997308904,10.129583144925913,-5.268312127052103,2.0064174666719348,4.235991395564885,0.2592582657275304,-0.6454187296731927,10.14520567043346,234,0,0,0.1513,0,0.0201
0.16235672512629787,0.1554589239450869,9.957853952311106,-4.582050730440908,-0.485813951047147,2.695314877956979,0.20751228769732166,0.16331692556078373,9.944414338382138,235,0,0,0.1537,0,0.0201
0.04376199128603531,-0.0664194665091553,9.842856234897921,2.025233938924317,-1.029752446521222,0.42578647787082036,0.029287385832448772,-0.13141228528673796,9.83874568012162,236,0,0,0.1537,0,0.0161
0.003269884399817444,-0.018119224197422974,9.807132689883673,2.57333543696292,0.724552800899237,-3.9521211110830565,0.0009267818217981081,0.04043442084115158,9.83363539602374,237,0,0,0.1537,0,0.0276
-0.43031114612079757,-0.4601534891605603,9.789480313396279,-3.6221949678428085,2.0752654160529853,1.5498654329116814,-0.4570704134171342,-0.4528268667633342,9.724111489664148,238,0,0,0.1537,0,0.0101
-0.12750251943993193,-0.07317273296428495,9.938422012783272,-3.1129341746178403,0.3589912560337535,2.4221780411689346,-0.13774562234781873,-0.04171016949443246,9.910075577654824,239,0,0,0.1537,0,0.0166
0.13977793353986942,-0.14197846842266645,9.743858052133158,-0.3498370875523179,1.61852180253724,-6.295556289876543,-0.015314156362818215,-0.23164266399479447,9.728965594043261,240,0,0,0.1537,0,0.0369
-0.07418069415127652,0.3893668953500632,9.923371101355489,4.460694375103437,2.9036223331406745,-1.0274024630169543,-0.13920517208555044,0.3932355533444202,9.940638819913909,241,0,0,0.1537,0,0.0379
0.3317348129731445,0.6174957850778998,9.922170175869727,1.6732419941713939,-3.983736301700282,2.189738567022342,0.4004226094358181,0.6155785193363295,9.93108716832942,242,0,0,0.1532,0,0.0146
0.03021505534075277,0.00881513076625943,9.693470372451731,1.3593263027156532,-1.7841667327571913,-5.243270564070642,0.01907940929025078,-0.019333206795774834,9.693326859600251,243,0,0,0.1537,0,0.0035
-0.25047757143025334,0.6837149205866178,9.743762583589861,0.7767872997168999,-1.817635213543352,5.874033048725854,-0.33346069449223387,0.6780626976784004,9.743678367205371,244,0,0,0.1531,0,0.0011
-0.3746239045118573,0.25017297653714327,9.954621628830647,-0.3234537393102836,-0.032395865247929756,0.9352277341009252,-0.4089890041080079,0.2778489252251424,9.94373895972779,245,0,0,0.1537,0,0.011
-0.2775001500888154,-0.005321561079227321,9.84001127719909,-2.038308870355745,4.59099186196401,-3.0664079217861917,-0.19697174753011443,-0.02294989904040447,9.824005576184511,246,0,0,0.1537,0,0.0013
-0.010440543668700678,0.2651265004805958,9.702842900007422,-0.8925921377086179,-1.2740921806427383,1.0593842016757857,0.07306301282869562,0.20738594357333262,9.725029250532657,247,0,0,0.1537,0,0.0112
-0.06399345681173706,0.039323962950153814,9.801303375413037,3.412133424641561,1.5837748387928139,5.201144345491677,-0.10584298631049341,0.0734227514355808,9.775067901060273,248,0,0,0.1537,0,0.0218
-0.8158595454512225,0.2326405027752358,10.032251380081945,-0.5396103628229585,4.375438355949967,2.217525261473919,-0.814904252548319,0.27252166765350805,9.99511983975425,249,0,0,0.163,0,0.0211
0.1627659431827756,0.3983036587820532,9.653302461728194,5.858022404042929,-5.965044169122425,3.2538905616792717,0.14170426953386317,0.41450781581061047,9.714419547867553,250,0,0,0.1537,0,0.0216
0.47784780337709776,-0.17228113986025304,9.611813600001346,5.079166240295781,-1.8193357273141957,-5.153303531318182,0.508746241377654,-0.21162795667719092,9.623483494729975,251,0,0,0.1537,0,0.0007
-0.2081760371913417,-0.12219890795372587,9.843183011026355,-1.1641720342900397,1.429138671762762,1.1467623333002803,-0.24380542618758086,-0.12924804728429953,9.81627562350168,252,0,0,0.1537,0,0.0216
0.13952312858390897,0.3616274170060936,9.812016126903416,-2.616787806845291,-0.20002408355905374,-1.9258605612034105,0.1731011443667238,0.4052304032178383,9.789295315500596,253,0,0,0.1537,0,0.0216
-0.2315432235186741,-0.21955264119979281,9.89747560841584,-4.852699048399094,-0.8960338472636753,-1.5019269164960585,-0.22957261586387956,-0.14483286339013846,9.828169449959782,254,0,0,0.1537,0,0.0017
0.39064304214192225,-0.415224075507628,9.8935174184754,3.219518667195462,-2.3591634787510634,-0.0693888105942452,0.4785111488502361,-0.3335302493368676,9.810449341672046,255,0,0,0.1537,0,0.0019
-0.23931706205801978,-0.19605412823096102,9.673309285313744,-2.0803401274927507,-0.781720623969721,-1.2696365378515966,-0.2700487906437518,-0.08946278683558406,9.73213188194255,256,0,0,0.1537,0,0.0076
-0.053687832393112596,0.00292029079320821,9.815510826548957,-0.9285258955640658,-1.4428930152667983,0.10240752380211679,-0.053995666191312124,-0.08234788935114079,9.82641763317559,257,0,0,0.1537,0,0.0026
0.43182354532455747,0.1033055978051757,9.443011564500358,3.868722123528771,-0.2037677769334419,-0.5584813311158522,0.43143304180492326,0.16024863043408538,9.417167841333336,258,0,0,0.1527,0,0.0075
0.28087903706443157,0.22598332661582063,9.858456228601192,-2.3106719859320917,0.021903900775021454,5.87162759887472,0.34085696235858476,0.2702616098730204,9.867563454641255,259,0,0,0.1537,0,0.0018
-0.09460498296235176,0.25749094473289225,9.736549920275241,1.793124718700132,2.441439064956894,3.231680377727116,-0.10096917732918993,0.28353781980967774,9.694538901440296,260,0,0,0.1537,0,0.0019
0.37089080898862176,0.05752477484238675,10.127631795186382,0.2693383782208234,0.6909258459889355,0.9265553767970498,0.397672511593053,0.0601989384115307,10.132953851349901,261,0,0,0.1537,0,0.0026
0.19208246033145512,0.35144102431597507,9.928228761520113,-2.96445791011782,3.02409506323375,1.4295849411973927,0.2760857102521951,0.4169786397597057,9.98926427615761,262,0,0,0.1537,0,0.0126
0.31936896401652065,-0.5891332240627747,9.54845979251038,-3.989103892327736,-1.5240844559166296,-1.8660349162756464,0.3728188727832701,-0.6133605628910201,9.546796510654385,263,0,0,0.152,0,0.0125
0.46093579194567535,0.003604185132075165,9.847950974337438,3.7741798368848123,3.54493591181817,-0.5192405358665377,0.3978328405046118,-0.031929143965321594,9.799147648694778,264,0,0,0.1537,0,0.0017
0.4900817791575956,-0.2693501045620861,9.915585519307344,-3.5032968740718795,0.18964675918544843,2.2687528156568577,0.42630001999621076,-0.29563190115875027,9.882580394092303,265,0,0,0.1537,0,0.0028
-0.2664286723224224,-0.0720859426182204,9.990746085074681,2.258164546109004,4.773688541658969,4.593547059667702,-0.24142392127070164,-0.08335957347735302,10.010268067130381,266,0,0,0.1537,0,0.0028
-0.24982478671870242,0.35347972934042127,9.560924319999817,0.23952234950571163,1.6535377578737294,4.86190860882615,-0.312423400448428,0.28212978893077506,9.478072409224833,267,0,0,0.1537,0,0.0003
0.15881359282291715,-0.26856799254258984,9.65865874324135,-1.0359166395798374,-0.7758518303976463,-3.886795869784196,0.12647978037204355,-0.2257187581405373,9.73319152253084,268,0,0,0.1537,0,0.0003
-0.08974766840958744,0.2263198280778328,10.00271072497441,2.608710380347435,0.146919850577099,0.043661614568721974,-0.09575573570915222,0.11610895923236136,10.024190529183432,269,0,0,0.1537,0,0.0009
-0.9446471428903117,-0.23501518398563367,9.605860332373533,-3.7130280295472873,7.5328986628850885,1.084535640337857,-0.9165896452318221,-0.19777198527821638,9.661002709828553,270,0,1,0.0773,0,0.0002
0.292807247492023,0.10212529036859345,9.824460220109849,3.3314053337731306,-4.98222791095135,1.1776991314447462,0.19755955184379925,0.11338823009327527,9.746928746499162,271,0,0,0.1537,0,0.0002
-0.37944335969789916,-0.31657677006803536,9.785400003202957,0.7543119032480567,-1.1174594525150932,-2.663654101991075,-0.37081331930102523,-0.3317820017341693,9.760635005767345,272,0,0,0.1537,0,0.0004
-0.08864889087741297,0.14795392959832476,9.885118923535268,-4.6127460777206934,0.5853890321961667,-3.41082157821452,-0.12273625152889028,0.10028307942640939,9.903425140475555,273,0,0,0.1537,0,0.0004
-0.20494454274742366,0.5634552897568883,9.603628497596528,-1.9587333378624296,3.285958446404665,4.534315392042569,-0.16161334641155686,0.576187969117174,9.590075397805855,274,0,0,0.1536,0,0.0002
-0.10490169826012026,0.1716142311713759,9.749019666479667,4.089356413699385,1.1307592439965748,0.752050418185541,-0.12036617530090735,0.24930305263112346,9.762255334010213,275,0,0,0.1537,0,0.0009
0.18746544041038632,-0.2125248996451347,9.547793025469549,3.766769778265405,0.11527797155786107,0.7393479431402853,0.15950785334717585,-0.20276741011080618,9.571449338782683,276,0,0,0.1537,0,0.0001
-0.5428207548941301,-0.04859154798064412,9.4375309355358,0.3921791482141851,-2.4353910929830884,-1.7457725790201968,-0.5550311240762033,-0.064978779955553,9.376771500352373,277,0,0,0.1505,0,0.0003
-0.09436307663162437,0.09194375330484048,9.997813309074123,-1.2534683076691484,-0.9889253222855539,1.8621758841687925,-0.058171482043266144,0.13037440424876012,9.941188088558935,278,0,0,0.1537,0,0.0003
-0.46090080123895544,0.1071865015716208,9.806846695910162,6.861438863464517,6.019887925235125,0.03359967513853875,-0.47224198250017385,0.15527677803383855,9.759642018686776,279,0,0,0.1524,0,0.0003
-0.10043941469537651,0.07379351315424912,9.903227724548168,0.516575613046768,-4.805233024825323,-0.02013192677790316,-0.09755924410595881,0.07664254722215816,9.90789095171438,280,0,0,0.1537,0,0.0001
0.0792143490655011,-0.24814327298501776,9.975086896165829,7.132789306778146,-3.302841981379285,-0.2725802175872548,0.1352559390393594,-0.24711601962535804,10.060723991911821,281,0,0,0.1524,0,0.0003
0.29091516726799654,0.25833381282310464,10.00919275662157,2.2245370525843904,-3.683899959226424,4.956909884691296,0.2556453560997112,0.33355437458851245,9.991484778309715,282,0,0,0.1537,0,0.0002
-0.0726686024347547,-0.4698538858869213,9.711496070993881,-1.9459828943477073,-0.7090705352284707,0.2090581466812117,-0.08100509562225718,-0.4982610389557727,9.748006114699011,283,0,0,0.1537,0,0.0003
0.7444680169001968,-0.09412303806723336,9.67498058739647,2.1813891084219073,0.9261241823449335,1.0162523020748622,0.8369853192996886,0.008686822798594326,9.657880549470592,284,0,0,0.1134,0,0.0002
0.27935297999505315,0.04121018120008204,9.50286920307708,-0.5875074211577133,2.6778400887386984,3.330123188427597,0.2207822181606319,0.04671614762469469,9.443718522643083,285,0,0,0.1534,0,0.0002
0.3707982283732501,0.21380360744995125,9.906643776418829,-3.2015293353834284,-1.1978781310386821,0.1553352911840834,0.41245384000598884,0.24414503630072623,9.863637500045376,286,0,0,0.1537,0,0.0002
0.22173632817734862,-0.2574244465034784,9.508381007536931,3.6321834836919455,-5.857688866834925,0.4182378058274577,0.25288988337898466,-0.2492415629129649,9.5461225625268,287,0,0,0.1537,0,0.0001
-0.07733077510189053,0.17324768487089703,10.149823677511192,1.9514279100106071,-4.5580074755851,-1.7295284389838579,-0.0030288686931520953,0.2208880287687181,10.152637914165625,288,0,0,0.1537,0,0.0001
-0.14306227921305198,0.5176313424167764,9.73026357563394,-0.9683778416695181,-0.7668748611702292,0.7718033859339457,-0.22669881707071454,0.43294734674883817,9.693156010787092,289,0,0,0.1537,0,0.0001
-0.2741329335047872,-0.20188737453777525,10.007273393915977,1.1270665060123521,-6.47222927772617,-2.1072341526800407,-0.2505355052469766,-0.18796860552413897,9.964750635986634,290,0,0,0.1537,0,0.0008
0.009559018932600203,0.19679840693476539,10.072837249484824,-3.129962385460078,1.7709897237934604,3.413826642445791,0.08925459718258243,0.20793091586299373,10.159637460539056,291,0,0,0.1537,0,0.0008
-0.9130034197520319,-0.055680006051056524,9.761227430678995,-1.1049368527402013,-2.0827762568046992,-2.397276122736616,-0.9577332465118903,-0.06317836507921071,9.681436239067654,292,0,0,0.1259,0,0.0009
-0.14598907023816912,0.41596823923799103,9.816396075826958,3.64640344855394,-4.72441977201103,0.6207587634721862,-0.14779933421019487,0.4133596709763602,9.847466807808969,293,0,0,0.1537,0,0.0001
-0.009615630465188303,-0.4749125479595505,9.545365012088826,1.562208571595201,-0.8318835868395695,0.48602539587506444,-0.015324683049698204,-0.43933699143780286,9.507856212106581,294,0,0,0.1537,0,0.0053
-0.41895027777533994,-0.1649644112026837,9.87166073096725,-0.23051231315508924,0.09859782836480602,-0.02598507661575112,-0.39125176280136115,-0.1552120420626343,9.822902028235243,295,0,0,0.1537,0,0.0053
-0.3218341794511565,-0.37523982385165133,9.668414215652913,-0.7015537464702606,1.0843173174469594,0.49156785475222864,-0.3504634069244237,-0.286278807092523,9.698403344273492,296,0,0,0.1537,0,0.0053
0.12125804320507777,-0.5098007439519694,9.835058036629366,-4.818100986303008,4.429996861808176,-4.942388832363977,0.13739036087949144,-0.4718401736691699,9.765042602357157,297,0,0,0.1537,0,0.0051
0.18174753131555543,0.359403267342412,9.839636951895866,-1.1638353701136492,3.9333039989765504,-4.492744234656167,0.17159227514979164,0.4613052057599106,9.744475526797938,298,0,0,0.1537,0,0.0051
0.09332140293710059,0.08661562624306234,9.662104506674435,2.7091147519404215,-2.790609523762518,2.8899663120136614,0.0446071261477091,-0.0010269394199156623,9.66442591014936,299,0,0,0.1537,0,0.0051
-0.6822992737707919,0.09253724703855638,9.845084469271125,-2.183622959040569,-0.7369661361192782,-1.5338610604772285,-0.7535425608109365,0.17838346584143325,9.905814427732908,300,0,0,0.1421,0,0.0051
0.5572471723643105,0.21624320392605223,9.667129320363596,2.287260937251032,-4.063273276573096,-5.269853552553414,0.5805626075530356,0.2801224669504873,9.62446645550069,301,0,0,0.1536,0,0.0051
-0.07004635568983097,-0.5032195579480213,9.705272506344011,4.379755736785211,2.337909924631563,2.9588036801172435,-0.05494630204055593,-0.5690868906590231,9.679221898378954,302,0,0,0.1536,0,0.0052
0.9035623119059298,0.11182219631000512,9.69809374237949,-3.3221022129400737,-0.4124381343181971,-0.7126062733865115,0.8924197433551827,0.10657445215318058,9.68550429873688,303,0,0,0.178,0,0.0002
-0.01320168172358123,-0.24887479700660733,9.68394833191635,-0.6216082308979994,0.5152185757844729,1.956237710227835,0.05541432854582022,-0.2543395919058106,9.725001318945381,304,0,0,0.1537,0,0.0002
0.1614746204845756,-0.35587592608231583,9.755011565555131,0.3180333546228745,0.7273049855155931,2.5947730018280866,0.11447457593834975,-0.4192064711049005,9.825895488581033,305,0,0,0.1537,0,0.0002
-0.1346548247727917,-0.4634587153269672,10.11910413066885,2.1268581999416605,0.687661846406298,-3.2270803594439608,-0.10848017367302949,-0.42090389899149705,10.135485073900654,306,0,0,0.1537,0,0.0002
0.19050521833908107,-0.27885161330003355,10.103711833401887,2.278528244086676,-5.847519718196464,4.270686975560438,0.25565215678199893,-0.2852616411250016,10.11745903723748,307,0,0,0.1537,0,0.0008
0.5152380663478274,-0.5580590649238405,9.791899794439319,0.44388009875341183,1.899622555797068,-2.2552742607673975,0.5240699880341039,-0.45710513667443337,9.747054329762001,308,0,0,0.1537,0,0.0009
0.1462789382805506,-0.17865452322448436,9.83974664287263,-5.50685406757186,0.8309701356909457,3.4729491792015814,0.034600802332413486,-0.23109338041484928,9.813576462406102,309,0,0,0.1537,0,0.0102
0.3038353145647623,-0.2810957169424837,9.96539727752286,-4.376017763168959,1.1908375697613187,-0.21814113574268923,0.3214946109051988,-0.2635742355323282,9.897453414505453,310,0,0,0.1537,0,0.0002
0.2006215214553186,0.17790199192535314,9.70557727315149,5.773070411213078,3.5531015677410327,0.8263744118706065,0.19606431259627108,0.20922901879673636,9.794957002320263,311,0,0,0.1537,0,0.0002
-0.49760640979478943,0.6625825053716963,9.642091857593076,-0.6027019113259916,-2.385399648502629,0.7680171524145414,-0.3955898162429199,0.7679131696688508,9.728820639655774,312,0,0,0.1344,0,0.0001
0.19057362434876537,-0.3651964064537286,9.707286419017372,2.0322654438587833,-6.786856089366382,1.0503901894171226,0.20642779216610183,-0.4354958420739515,9.655157401731351,313,0,0,0.1537,0,0.0001
-0.20599182589515355,0.24900511133126024,9.799550140886266,5.686396498657676,0.8178886730138049,-0.7613221381023644,-0.27034483994330555,0.28666706336785636,9.855221761862168,314,0,0,0.1537,0,0.0001
0.1490159445138459,-0.21843807992297498,9.69747079142439,-1.8474649789905118,-2.528548926604223,-1.1584992744423075,0.15106549893168403,-0.12493636301125854,9.710437360125686,315,0,0,0.1537,0,0.0
-0.2954937352506711,-0.12151156128288827,9.959107310928681,1.0002033974867404,-1.4415599634859355,-0.6341063056194729,-0.2577562516253715,-0.09676468823633402,9.913454304602894,316,0,0,0.1537,0,0.0
0.4031578884926367,-0.09306617016961133,9.989952766788846,-2.590505223139321,-0.4252125766947766,0.9352934485504212,0.4596026346521357,-0.07299841115286779,10.067627565500647,317,0,0,0.1537,0,0.0
-0.1649006339264733,-0.039595135035005696,10.090447532617306,-1.0275062558239978,0.32162976465746534,1.89154952866443,-0.19411316639855092,0.005438399053529497,10.055889043398102,318,0,0,0.1537,0,0.0
0.630099882143098,0.1441416725080766,9.768097820041246,-1.1673155782528128,1.5752344368282754,1.2300859704998999,0.5495630564159782,0.10841554146631062,9.760522418421749,319,0,0,0.1521,0,0.0
-0.1051919595705479,-0.3920113064270565,9.826113782350912,0.9976566258083912,0.1332420240747989,0.21601685704238258,-0.11369534144808831,-0.38944114775465893,9.84584757172112,320,0,0,0.1537,0,0.0
0.26171975913454854,0.3506847614678558,10.160919771492381,0.40538237856383863,-3.0080752823217356,-2.642804016034039,0.24776909257952281,0.37777752744696097,10.186430566153899,321,0,0,0.1533,0,0.0
-0.39231874834382097,-0.4005534515859798,9.677485864162527,-0.635885586903731,3.976728447699287,3.2210026186825544,-0.45024355014957784,-0.4116324902024809,9.580243873858763,322,0,0,0.1537,0,0.0
0.05641554452725589,0.18194279956496737,9.862212375413618,-3.0880899379440647,0.42118417318556567,-7.545096422943729,0.011261936805019128,0.20498608510917551,9.866578324386085,323,0,0,0.1514,0,0.0
-0.22180168371990797,-0.3664049598498737,10.03235239364229,2.2495145988676324,-1.744920694960742,2.0083434853506725,-0.22701082670768755,-0.38727593560183404,10.103548995841845,324,0,0,0.1537,0,0.0
0.17855212594672018,0.2891370541374986,9.599541351215052,-0.5987174839736659,-0.5991953742118074,0.5396255649684039,0.2669480697143215,0.2293988133091882,9.57478999588387,325,0,0,0.1537,0,0.0
0.44066859102747824,0.004619289312911374,9.814340209892636,-2.9483032354843504,2.7360503212510596,-0.6891722339480069,0.4970986274335176,-0.00233153937368421,9.72204344912736,326,0,0,0.1537,0,0.0001
0.33854634513195947,-0.10358446280359265,9.960241910944083,-2.0274584351149105,-1.6830076854218727,1.5649510325984215,0.39552008943281125,-0.1079867443892194,9.985965147182139,327,0,0,0.1537,0,0.0101
-0.18273418721225262,0.6581964030922801,9.601169867261218,4.004416036857077,-4.48132243445092,-0.990574697536857,-0.17454907527220814,0.7461678453088132,9.677732199329709,328,0,0,0.1485,0,0.0036
-0.3558594368238434,-0.06459169627540916,9.857914647536829,1.638514809349462,3.527586610737951,-2.6834013821726748,-0.33053092935671047,-0.0314538217998636,9.768055332462207,329,0,0,0.1537,0,0.0201
-0.10807977115896882,-0.17560246582646485,9.910506287320377,2.906024915085128,-1.112793352746373,1.063843872058633,-0.10889250625643948,-0.2019848009380652,9.827312020912084,330,0,0,0.1537,0,0.0237
-0.31668157591403207,0.060971633953908644,10.073789751808565,5.153205560516344,-0.11647670730876548,-0.19504407941641586,-0.24363925658766133,0.0003511773002303764,10.009277766881498,331,0,0,0.1537,0,0.0136
0.3117160396939604,0.1963815809894557,9.7234757747507,4.910644314274981,-3.019475155802665,2.771178625058231,0.2789545797680829,0.212845356385708,9.810439948412645,332,0,0,0.1537,0,0.01
0.10349920896732291,0.14746106301110418,10.06697352463784,0.967821149086111,-3.9083635548442426,-3.149210348635243,0.09524157866716954,0.15409660130666802,10.130523341281723,333,0,0,0.1537,0,0.0001
0.1765395109287959,0.3078820578142319,10.315460028834073,-0.3391925535145649,-2.0455970076320655,-0.5307331883805833,0.15809007400729927,0.2752660717316229,10.38448319851219,334,0,0,0.1064,0,0.0101
-0.434251798557764,0.20202072450248684,9.585569884499977,4.003405639474313,-2.4990572031378777,-0.5638801487041942,-0.3625565602320894,0.2686560733265967,9.503298191397967,335,0,0,0.1537,0,0.0101
-0.2928609422997334,-0.36751432374803283,9.726591254394032,-3.171947032327626,2.904801815058376,-5.132522704636818,-0.2819458380229981,-0.38017689908667246,9.747057962884648,336,0,0,0.1537,0,0.0101
-0.29042976654046093,-0.12292424346763166,9.698489943984335,-0.4623497147699726,-0.589578615513625,-1.7895155721379647,-0.29446406445241663,-0.20009539478874977,9.708341767945184,337,0,0,0.1537,0,0.0201
0.0966832856853105,-0.027225337318520143,9.630502280997657,-2.8982191420265906,3.2984231624778215,8.836018266730674,0.116304615632611,-0.0008900598324842468,9.6218442845836,338,0,0,0.1503,0,0.0401
0.10703741077132663,0.2769746326702996,9.939173381270916,-0.45703563903512745,3.9403170575933575,-0.24763178641571626,0.1363549173100705,0.3390747591653047,9.933410243667689,339,0,0,0.1537,0,0.0401
-0.6641232251275827,-0.377231123020085,9.807165397514922,-2.2633314519077086,-0.6337922688733368,-0.13267629195542188,-0.6996478802572782,-0.3970552241928954,9.804981969294658,340,0,0,0.1511,0,0.0408
0.37962650462511244,0.009528512824671619,10.02729888831651,-3.641297642579038,-8.068357299872423,-8.001802386889008,0.45148577274109253,0.03541610809016122,9.951941776224013,341,0,0,0.1431,0,0.04
0.5831961856531158,0.1391077495818816,9.553420098069328,3.942405618607605,-1.277725437209597,4.502974577893808,0.5265562760490622,0.07307450182957395,9.573630888910433,342,0,0,0.1521,0,0.04
-0.5421852606322379,-0.43984642639996,10.283690539210443,-4.846107059712828,1.8450774794158358,-1.6701763574785926,-0.6153499392910651,-0.4314399653341684,10.371678086764614,343,0,0,0.0958,0,0.05
-0.26684452011426124,-0.009532577866703867,9.355435853498912,-3.246723484667491,-1.9996339494864244,2.2138939437718586,-0.3605461845685183,-0.06298523509481342,9.277899363728823,344,0,0,0.0972,0,0.011
0.22534298867300787,0.02892129177973266,9.655854470017033,-0.5264620898353176,3.6518239902732317,0.1052272568416169,0.25275940991357804,0.060578723352660346,9.653702441799231,345,0,0,0.1537,0,0.011
-0.23172086153329347,-0.10434120509318726,10.05752945731548,2.5371494698247727,1.1168383958668457,-1.6329987985233045,-0.28527133870078103,-0.08967143726782412,10.091695825553513,346,0,0,0.1537,0,0.011
-0.11148712327432425,-0.05573656077269711,9.854156490324515,0.38557133458297993,1.6848343537968926,4.679875595176853,-0.11781092890953421,-0.0481641690211255,9.861507104094878,347,0,0,0.1537,0,0.001
-0.06306342309684544,-0.1953501487131035,9.772465962132026,0.7580285901742975,1.0181164963932794,-0.5445040525792227,-0.1441270282594525,-0.20555585677913205,9.67530456657287,348,0,0,0.1537,0,0.011
-0.5479848728590071,-0.36605725106311965,9.46083471532167,3.990685824137517,-7.754277713951946,-1.7233479612628302,-0.5572985015116085,-0.2891223304122852,9.479066905382275,349,0,0,0.1498,0,0.01
-0.1720051207086422,-0.03408027587813522,9.814397765318883,-1.21801113053135,-3.8317332921636647,0.3614540382423051,-0.26742608230355164,-0.07794269373443208,9.904066406516238,350,0,0,0.1537,0,0.01
-0.37261181542339944,0.033472713301706106,9.798670171773242,-0.04079404957265625,3.329158434384717,1.2163524802411403,-0.41842426018138124,0.11974724048140413,9.724314042762767,351,0,0,0.1537,0,0.011
-0.11491893354439844,-0.3098270184342855,9.800437718904465,-4.497676392829085,4.69427324491418,0.7877014718526862,-0.08954694344477969,-0.3491938098191599,9.774212089665582,352,0,0,0.1537,0,0.011
0.0001413855535217702,0.015592509735368706,9.834679295848618,-6.326929966403041,-3.096948871211682,0.8708676779545894,-0.03472987732515131,0.023472797510839066,9.822061230535473,353,0,0,0.1537,0,0.0017
0.07841686261381968,-0.2775901198630336,9.704536669171688,2.360378938858341,1.1734478622365532,6.0384718059348135,0.10664865947113836,-0.35841368436925825,9.667364342131563,354,0,0,0.1537,0,0.0017
0.0230191600294994,0.3608112190461004,10.040888932034333,-1.6226720631930873,1.5867945768418954,-3.9101621254102614,-0.019879613896929278,0.3745975127837429,10.060145775976924,355,0,0,0.1537,0,0.0017
-0.22444979678325,0.8726225642919448,9.861046368738972,0.9814025319546265,-1.041623656180929,2.0581183746609595,-0.28871020644293194,0.9273867644850127,9.850939382882649,356,0,0,0.0909,0,0.0129
0.06027203100464873,-0.13383191043716064,9.78890512988988,-0.0451026392018784,-2.4195771269330297,0.6022360484361761,0.043180949419160355,-0.09147827332557165,9.810179796114955,357,0,0,0.1537,0,0.0129
0.6069088641547303,0.5061072606239605,9.627897757677532,-4.566975630834755,-2.9729831266625744,-3.7940398431410096,0.6361044355605944,0.5283327689743335,9.690676560047173,358,0,0,0.1553,0,0.0121
-0.261954093115809,-0.30118419423084075,10.209329580112897,2.7555288855207567,0.27148964298260914,2.198741681219548,-0.25637418350341584,-0.2517303415608229,10.162988629688423,359,0,0,0.1537,0,0.0121
-0.94793853614379,-0.09421155273005065,9.542870010568125,-5.186286777951539,-0.24896924794017636,-1.1017896115285135,-0.9373362935542879,-0.1122424782151065,9.536580019890451,360,0,0,0.1149,0,0.0112
-0.3300545744716326,-0.9175369048396967,9.927903039711653,-3.782514331252532,3.4884509637406627,3.1938978865600998,-0.33756732054175764,-0.9412496926153193,9.952962036789403,361,0,0,0.0855,0,0.0112
-0.3718507794029156,-0.1956935262264262,9.96640999973211,0.8389611893353478,3.3812597733598477,-1.8819035439622276,-0.4136254130131428,-0.09611510371290276,9.933208196931288,362,0,0,0.1537,0,0.0328
-0.5370453121588821,0.17595855391735604,9.800621230735963,4.977562160349452,1.3947089085084599,5.0592894524904795,-0.506463857042567,0.07335286744102888,9.859725445422232,363,0,0,0.1537,0,0.0212
-0.17736970603747207,-0.27893899336652045,10.008228291794074,1.7912753362661404,-0.5182958107177005,-1.87417616752197,-0.2557291683270894,-0.25244093055359645,10.026065353933408,364,0,0,0.1537,0,0.0507
-0.2653221667241498,0.18660938249730102,9.572014139801828,-1.3690839312020338,-4.646518810407486,-4.077186059594689,-0.27240611120973557,0.2005456294150778,9.501432961560187,365,0,0,0.1537,0,0.0407
-0.026700872051742902,0.10093032827108285,9.685387323749518,-0.7756181817685726,0.14152401806420728,1.6603038962690562,-0.016008471845489147,0.1925910218405568,9.66970265972926,366,0,0,0.1537,0,0.04
0.14125968418555862,0.1445136950548017,9.715591157922779,-1.8492367044196314,1.8248588679433655,-3.3023201211486883,0.10896775022198618,0.1874400531620804,9.614184154003134,367,0,0,0.1537,0,0.03
0.7260977619291905,0.048197571238267976,10.014563490933568,-0.7753226834083784,0.12256278319730013,-1.2889048809921486,0.6905759036871877,0.022754041904524343,10.011515671432186,368,0,0,0.1555,0,0.04
0.19001599475645636,-0.14049790508924198,9.523517865963552,2.1492363811619164,-1.463164742981693,-2.413156546707645,0.2342818311697648,-0.13148945573682425,9.481268281555632,369,0,0,0.1537,0,0.0507
-0.02629631176163943,0.17833215929704593,9.66580752177171,-2.5290720138302634,1.9370507015160208,3.281795863752012,0.022575273591268413,0.18504120317375727,9.598049131424379,370,0,0,0.1537,0,0.04
-0.6085507831889699,0.216308779276926,9.692985306524974,5.4022897194905255,2.002547687467945,-0.8672512098578506,-0.5495610474278838,0.26325031337315075,9.777551409967074,371,0,0,0.1538,0,0.0113
-0.4646642114920608,-0.434382104844423,9.845650356552015,1.5009809008899166,5.397556343346983,2.0687980112103888,-0.47857425110281554,-0.3815417050803096,9.983524686552066,372,0,0,0.1537,0,0.0113
-0.3670948870361795,0.13068164682968492,9.929043059790544,-3.5667812564605463,0.9861731711497244,-0.4921281244804375,-0.4336581753670552,0.05190967049916492,9.965471354888852,373,0,0,0.1537,0,0.0112
-0.10753511481723778,-0.4977835381379891,9.889246273182328,-2.7065957824423448,-0.19121086701398815,2.2405119089812695,-0.11588259081879909,-0.5190631554521431,9.865811510178446,374,0,0,0.1537,0,0.0112
-0.6039184981038623,0.3807051971281016,10.037906849866003,2.6106196450004795,-2.4281269877140894,-0.4703963970502779,-0.5579554085355707,0.38292569795155446,10.00775728922324,375,0,0,0.1538,0,0.0113
0.049371993398612625,-0.4027036067712084,9.817205575768055,0.41485387146193886,-1.2151343790127416,-0.025617993714668972,0.0012871123738317017,-0.3803495402867137,9.8366315266687,376,0,0,0.1537,0,0.0112
0.39997348867908417,-0.08338084948705188,9.690128843097884,-5.247606570250039,-6.21449769206791,-2.551223632050253,0.4639257503623351,-0.07891678193131733,9.753710502813858,377,0,0,0.1537,0,0.0114
0.14852223059715314,0.11190607711856089,9.964853254423668,-2.759794999170069,2.910710477672803,0.8321839714021306,0.14279630483833924,0.19802914173368996,9.993229603382824,378,0,0,0.1537,0,0.0115
0.39865072812448143,-0.1358733966336264,9.813780843438229,-2.706163418105128,0.4243374898134737,-3.4078940603866945,0.4542026649192088,-0.17047578767013416,9.730742023573717,379,0,0,0.1537,0,0.0113
-0.08434122450997414,0.24827793844863755,9.803353631431662,-4.083198584997866,1.779245203586685,0.7884206110312378,-0.12777648509136316,0.20802576180577073,9.80283988776901,380,0,0,0.1537,0,0.0114
0.15174737045602027,-0.11775987844550698,9.7836625995356,1.6684452023210121,-3.465795816596064,4.432760946240896,0.11898650688576033,-0.1578578227650785,9.746445372712175,381,0,0,0.1537,0,0.0113
0.022597861923544207,-0.25082111939681284,9.934487741993806,2.9055346882834057,-2.10438993204687,1.037770189236705,0.05489262748305343,-0.22854509397612802,9.894009332757744,382,0,0,0.1537,0,0.0113
0.20317840327831113,0.09126744781503059,9.80725326845293,-0.38115620509183556,0.20380389702091684,-1.7435932291932459,0.19346383331991127,0.15660483590829738,9.818813102188054,383,0,0,0.1537,0,0.0112
0.27726600675346025,-0.0485420789212174,9.354962558878668,0.002979172010351707,0.15861288475315746,1.8670538937901644,0.31353060451896647,-0.07261308614280956,9.372258526212212,384,0,0,0.1482,0,0.0112
-0.3620049308586302,-0.028097924862653674,9.552399679331913,2.683104212171029,-1.2398161388107591,-5.427446213978253,-0.32596576386864906,0.04047234587602647,9.603460570434802,385,0,0,0.1537,0,0.0112
-0.44332401877907957,0.3192307791030567,9.577503025343086,-0.5402885209727359,-6.139412820733882,2.6372825234020083,-0.5108450821011689,0.22106413821366672,9.525171017575783,386,0,0,0.1537,0,0.0112
-0.3206621898863371,-0.43046566888393567,9.709870195333462,1.7625768222397569,-1.937746149686269,0.3489327021050713,-0.37978624642526304,-0.4465288468899143,9.71884486037872,387,0,0,0.1537,0,0.0112
0.3083670798445132,0.0798133470286239,10.063416488221225,-1.5659200556450514,-2.0214721876671127,0.9970189488231271,0.37340945013164295,0.027753184054635664,10.144168885717121,388,0,0,0.1537,0,0.0112
0.15482912564578782,-0.05226903749896171,9.77101673221797,-0.009428272583718422,-2.806764692077326,-4.584805958764422,0.11462324948993334,-0.0443914929572202,9.76990287738701,389,0,0,0.1537,0,0.0212
0.30474703147183624,0.4642869607220476,9.61355852172424,6.142159625941291,0.6669465719179908,-2.7224806853412433,0.2536511548496849,0.530945740779414,9.600374890063767,390,0,0,0.1537,0,0.0112
-0.26677685238526944,0.10908183179320055,9.265910677368257,3.424313329173142,2.076365615163139,-3.5491416340196578,-0.3159432959194444,0.12055598437535055,9.270058386165067,391,0,0,0.1112,0,0.0112
0.026829101805914548,-0.23454727822908572,9.704362370228546,4.540099116383303,-2.791216643092276,4.108689304405351,0.058757402028774566,-0.18124099677781685,9.715832663108673,392,0,0,0.1537,0,0.0112
0.14877347210963407,0.04044489588988141,9.761852396826347,-0.230588664622021,-4.772335986699922,6.036956016715372,0.11832833765832554,0.06640786601807334,9.848544860438974,393,0,0,0.1537,0,0.0216
-0.573543335051338,0.12851595460276025,9.566702254064815,1.7671675974476675,-1.506888225645413,-4.466161173513641,-0.5455948422444654,0.14149398057236284,9.584693850157713,394,0,0,0.1537,0,0.0023
-0.1235040852070538,0.1596531494716914,9.87198143906965,-5.347957922455153,0.8523652083510086,-2.354857270873331,-0.04548050409123243,0.16871088399659614,9.816355808397752,395,0,0,0.1537,0,0.0023
0.09815058638679633,-0.12469205756989485,9.898802430085036,-2.596292717768507,2.0799970126023966,0.6242602283553598,0.1434669701290428,-0.1601818893301281,9.903221697546561,396,0,0,0.1537,0,0.0123
0.07085684580001876,-0.0534190751558371,9.515785947113326,-0.6550932847260608,4.113840198336753,-3.3803920391932842,-0.06636910421118271,-0.00017575886307772542,9.40087679403331,397,0,0,0.1526,0,0.0121
-0.22944883065682095,-0.3028442433955479,9.771493404861989,-2.8968515085847,-0.6487684288815289,-3.016436698811315,-0.15279281649062293,-0.33595321564966524,9.746336753753047,398,0,0,0.1537,0,0.0233
-0.06099195920834348,0.11230610470872261,10.04416311474881,-3.629415406390775,-4.025859801687024,-0.5143416109477635,-0.02842794128829316,0.03017016414982536,10.011601266168716,399,0,0,0.1537,0,0.0109
0.21217440678931174,-0.1689690698585792,10.103488239434991,-1.0285281245316111,2.4806907197815105,1.5377100657183624,0.17966818236411844,-0.23433397738370948,10.039119076110973,400,0,0,0.1537,0,0.0014
0.1581928314413737,-0.31601991499080545,9.553245529512319,2.9482002439001667,0.0848702560728464,2.99273244063303,0.1774771875925544,-0.31813356122246134,9.602349948570641,401,0,0,0.1537,0,0.0014
0.2232847408605659,0.029452378453802802,9.824457550147107,0.3617933652199797,0.8484982140841835,3.4439674984375594,0.3014388941458546,-0.013035550061883505,9.857195465154682,402,0,0,0.1537,0,0.0014
0.12341193380428235,0.1489752610505381,9.880876901285681,-3.241505782451096,-0.5510806779776091,1.282885521364238,0.13763030380531158,0.10458511679228943,9.928154694932136,403,0,0,0.1537,0,0.0016
-0.02691276633403211,-0.06521143357827104,9.642726674326033,-0.7551653330399632,-6.48085338277312,-3.715614149667544,-0.03941120396499905,-0.07725736023230506,9.677418034361267,404,0,0,0.1537,0,0.0216
0.15837847124944546,0.21239851525540082,9.523064880546755,-4.2483467131068195,1.542814847524418,0.9737024240016356,0.13831387422871083,0.18713332589594014,9.497253688432028,405,0,0,0.1537,0,0.0216
-0.05588209002285697,-0.2180068706871589,9.899891730843677,-1.8917321870040764,-2.15670963194471,-5.752382684139308,-0.07024096374348512,-0.21436525737750567,9.990564276040338,406,0,0,0.1537,0,0.0323
-0.5292379925464019,-0.12722557471706716,9.684059856601834,-4.126790553806299,-3.8384400545738195,2.372779360029811,-0.529097454526021,-0.16716710500565873,9.697056018505972,407,0,0,0.1537,0,0.0017
0.08168139160361007,0.28440662573588404,9.692408371870842,4.280633847206286,1.343771778101636,-6.196783143190128,0.07940189203803588,0.30629891491682787,9.625478700604189,408,0,0,0.1537,0,0.0127
-0.42537522205839645,-0.2085265878879504,9.866526116633565,-4.834776984110352,0.45721202226831636,5.3551536135863405,-0.383416616789205,-0.26822446272585326,9.852576644703403,409,0,0,0.1537,0,0.0105
-0.3511523413710684,0.3213227096773103,9.99623583646932,-2.6874752952295613,2.43830271086654,8.41841255999865,-0.28751290644335636,0.31882036422347965,9.949604789016215,410,0,0,0.1484,0,0.0008
-0.15243919471508793,0.49099250100965175,9.646625648317658,0.3168241600865527,0.34046065697244654,0.6437412993581253,-0.18136900899891523,0.43365594049689227,9.671668561865781,411,0,0,0.1537,0,0.0004
0.23648494946561388,0.19294665643118478,9.874808440523012,-2.634878071027604,-4.198113614709385,2.0798717954984025,0.2750734847265619,0.2380390389147559,9.807886776062428,412,0,0,0.1537,0,0.0004
-0.05239296242246173,0.0860906156444838,9.455916565804293,6.373155486837497,4.15746204369483,2.4521787899227663,0.017303420871952045,0.05244947228252364,9.454799032782706,413,0,0,0.1525,0,0.0004
0.6638356880751176,-0.1095195005298835,9.843915459269038,1.110923251804753,3.5067232833744932,-2.35843390938276,0.5974213623125485,-0.11837313553890433,9.835988934699595,414,0,0,0.1553,0,0.0004
0.23301585214579124,0.3320483056742383,9.588284121011064,-1.011017765283489,-2.021629118179113,1.0154449745322687,0.2828002112006736,0.32104510005729037,9.571979328688027,415,0,0,0.1537,0,0.0004
0.034130830405060666,0.19078168941889717,10.057980466177295,0.7155852026508596,1.8474003596388364,3.7649613328688827,0.026468330755483386,0.14065079455029256,10.078462305182063,416,0,0,0.1537,0,0.0004
-0.5945190844047415,-0.2559116313564751,9.897392360919467,0.2219320563262629,1.3165972043569505,0.4916917788170817,-0.5484160054566017,-0.21275546628264672,9.840551080219067,417,0,0,0.1537,0,0.0004
0.2424864675643884,-0.19661694471428492,9.888170351809142,2.441772379367317,-6.515527513618029,2.359644848913516,0.33671337343255353,-0.2500504047775298,9.797210079225142,418,0,0,0.1537,0,0.0104
0.16516894616052447,0.25023576475137904,9.891521408980367,-4.500848534059317,0.920368479397591,2.5672351953909316,0.2056007612672522,0.26349858486762673,9.873245464686292,419,0,0,0.1537,0,0.0104
0.14933077436997205,-0.004305569756824139,9.90970489494667,2.220124604623282,0.6742265407452159,-2.5174658488769035,0.14525855366565507,0.002227456262863925,9.994012424974104,420,0,0,0.1537,0,0.0202
0.048028264405548644,0.6215198086643549,9.656991149476333,-1.379081160233431,-3.818810687609383,-2.2700632589452843,0.1005998502613754,0.5607127808386266,9.553050135664582,421,0,0,0.1536,0,0.0302
-0.08962267148899536,0.05918843597339337,9.76310364497712,0.5789074895202969,1.2177561198560727,-1.169371246579629,-0.14941007818593222,0.054520882233464886,9.72273944132169,422,0,0,0.1537,0,0.0102
0.14870473041260598,-0.1423906774243345,10.054156619972364,0.8482053370903171,0.9758206233585036,-1.0198347983762472,0.1525354961144002,-0.09961314085370365,10.139227221302116,423,0,0,0.1537,0,0.0018
-0.26745945250139985,0.47044701339592987,9.813986444210046,3.421600141621873,-1.2979047144791414,0.3523371949734786,-0.23599323562854346,0.49471206597441164,9.84552513940908,424,0,0,0.1537,0,0.0118
-0.3543829472371502,0.21667651457928827,9.868133762606197,-0.10952890772648269,-6.86774996255166,-1.9276913242842624,-0.3875155571630747,0.20728360003130888,9.91327416103669,425,0,0,0.1537,0,0.0018
0.3275224034450804,0.003476743281826787,9.759543291800465,3.0577644623581217,3.9894139214739655,0.213469525529846,0.30424067711417474,-0.029992267522186464,9.802291168435474,426,0,0,0.1537,0,0.0018
-0.17363146496707574,0.048723813138400275,9.92685702497764,-3.7512343141099977,-0.16130054818178416,5.638959464682834,-0.162901283921771,0.05593320685921013,9.896075063279437,427,0,0,0.1537,0,0.0016
-0.1529598772025055,-0.06617224472454844,9.912662450639552,1.7279566458819984,2.7156515240432553,0.29906434381473124,-0.11149487063226018,-0.13105649940637498,9.9026849076447,428,0,0,0.1537,0,0.0002
0.11429363878284896,-0.033862027700221876,9.789336956249612,-0.30798911160222064,-0.8682555994878056,5.2650885701581345,0.14198965398873942,-0.06430399627765263,9.689752280357295,429,0,0,0.1537,0,0.0002
0.5322789685119669,-0.04795301765448016,10.217454735125294,-2.479360185718866,3.6192553368074067,2.307546098997953,0.4924798283232876,0.057032651981008854,10.14796738634118,430,0,0,0.1537,0,0.0135
0.5728092086937838,0.38028837404586163,9.831444818787167,-1.4814578152913072,-0.22272668888055563,5.286714807767462,0.5684035651159518,0.36475582846996235,9.729406753584355,431,0,0,0.1536,0,0.0352
0.2619323298585251,-0.17910669117995723,10.090938437117538,-0.27775903172664945,-2.341743998157508,-2.163662756642707,0.33367965848305653,-0.1415160777204605,10.041768324300019,432,0,0,0.1537,0,0.0342
-0.5429281163320018,0.05043032532455949,9.861766743961088,-3.4165804503626145,-2.4298139251529247,1.9777894162889411,-0.483265771204915,0.09576735103938977,9.92453688357781,433,0,0,0.1537,0,0.0232
0.3998296619988425,-0.3163146378812269,9.89113360034758,-4.613141546651615,1.3480392317717682,3.1436820021654928,0.33605325027700983,-0.24950705997958506,9.86854459060497,434,0,0,0.1537,0,0.0232
0.5132600641890338,0.6110674252219463,9.717223554128974,-4.474100085805866,5.994770579110806,1.1862092106258288,0.4867101823275218,0.5592097276521008,9.764154138285434,435,0,0,0.1536,0,0.0032
0.03792123344470353,0.10781795939189462,9.60850745572232,1.5853390581643931,-1.5909047397691953,-2.476561091652123,0.09917435835774907,0.11292715694906409,9.601690029996163,436,0,0,0.1537,0,0.0042
0.2271515329142041,-0.5155930904297478,9.751401377118203,3.0792446582125583,0.5148917614999242,-1.6986797388638246,0.19383350400510926,-0.5642720070633506,9.787867968532437,437,0,0,0.1536,0,0.0142
-0.3063038528828224,-0.5470371870761007,9.615634155890332,-1.7857433723078966,1.6262882924638355,-1.7302599976665203,-0.34276504264351865,-0.5451785872545055,9.545852467707974,438,0,0,0.1537,0,0.0041
-0.20183276850530288,-0.24657273470810942,9.46691995356065,3.942923652642769,-2.927054220435527,-0.3733432441486899,-0.11205295144960782,-0.23839402702098364,9.423856009049922,439,0,0,0.153,0,0.0041
-0.02829225311088012,0.5720283692869245,9.980028369166794,-0.7171524462174874,1.0116855476276438,0.04733866298721667,0.01273434519493509,0.5318821903151837,9.973432421344818,440,0,0,0.1536,0,0.0041
-0.0060796531742806584,0.052632140124122824,9.453846415870075,-2.6420789942960226,4.590002477078471,0.13357705636535608,0.11160750531003598,0.05200548676590187,9.48528101897642,441,0,0,0.1537,0,0.0037
-0.018725112474730174,-0.15121917013150057,9.590688570517056,-3.7613025326526834,-0.2977340376445593,6.377252105327141,0.01728593164226782,-0.13846152209750417,9.609835483256546,442,0,0,0.1531,0,0.0237
0.11550588018596852,0.3365931588769625,9.737997946834486,-1.6931972631491574,-3.403381781681944,1.1727992005341763,0.10611781167588114,0.3107897453649627,9.795639820687187,443,0,0,0.1537,0,0.0241
-0.045501600683335204,0.26705273702118804,10.42204631170367,-3.5080474409543454,-2.0399349863340586,1.971877726791862,-0.08410916981013096,0.2342850967816217,10.46609885208136,444,0,0,0.0676,0,0.0003
0.41631758265001223,-0.11994921738894328,9.531412710552424,2.3216347771979997,-1.1151895441290507,-0.9522117155990499,0.4883493468183667,-0.173704606677277,9.532009895922638,445,0,0,0.1537,0,0.0005
-0.489165085350377,0.05482336252931528,9.843875972835955,2.8960820242941776,-2.565167647248351,-5.532326118652253,-0.5034973365084773,0.05376859783857721,9.874967750003037,446,0,0,0.1537,0,0.0004
0.4069129268481644,-0.273546909729972,9.691125099608428,1.8524325597082008,-1.2848293729803173,1.535772962887043,0.44656804614533496,-0.32488383404228427,9.705565839121844,447,0,0,0.1537,0,0.0007
0.32631111478888575,-0.4126255920114585,9.719809618485828,0.8620340513144401,1.0334223147262378,3.368457737462761,0.32007606476947276,-0.3839859530691211,9.673928134784534,448,0,0,0.1537,0,0.0105
0.006402246149339669,-0.2876487255117226,9.996039061305703,2.743483985832245,-5.518918310625912,-1.3164457010884651,0.022093133773980082,-0.2719514303428585,10.038737512219791,449,0,0,0.1537,0,0.0005
-0.076597815268468,0.44758235019821974,9.780670969336365,-2.439847283207337,-0.8014988507353193,-1.0013612754208778,-0.09264033895346473,0.5099820720209998,9.793923818475896,450,0,0,0.1537,0,0.0004
0.21279071564940485,-0.2945607200781647,9.862669917598433,-9.222010678474359,1.1319076508319994,4.948597279835694,0.22689305708546542,-0.35708303399131053,9.874335473145907,451,0,0,0.1458,0,0.009
-0.14223664336880393,0.3834795341121824,9.618729938308073,2.5605077573229034,1.8217489400647926,10.047538086751464,-0.16346639054885664,0.3417745305169323,9.58012900035547,452,0,0,0.1516,0,0.0002
0.18798065824536825,-0.6162306449769738,9.741461884448638,3.6349763777931687,-2.526050085288077,-4.330311544988791,0.14547897367585635,-0.58713822042784,9.72203322006226,453,0,0,0.1536,0,0.0004
0.06892942073178103,-0.5094677555704353,10.012642582891472,-0.9935398768931911,-1.45872182490015,5.121546022603726,0.09818023486467957,-0.5069232224519026,10.064287731611683,454,0,0,0.1537,0,0.0002
-0.2540184527589978,0.3630990169577688,9.531873074516733,1.295723685558356,1.3627644128604324,3.0265992432312085,-0.264779190600395,0.36794656795475084,9.53565956624115,455,0,0,0.1537,0,0.0003
0.4550366418842584,-0.0871995053858542,9.804941127782959,-1.3259387557388018,-1.7530148713817653,-1.194388546571925,0.5181271380961151,-0.07353378242622727,9.81930865389113,456,0,0,0.1537,0,0.0103
0.2491187964640218,-0.11083454974035979,9.541009775405733,-5.1669765836862025,4.464878294333409,-1.8681368432735508,0.286275625240442,-0.13550429200815178,9.543415863995568,457,0,0,0.1537,0,0.0003
0.09236113742786177,0.5656316487222305,9.993041169865947,2.6723217267370414,0.6996339867500563,-1.9017137736528102,0.04980087503509971,0.5357508110459285,10.007449004680048,458,0,0,0.1536,0,0.0103
0.5398685823908864,0.17682431266494078,9.604762893374675,-4.578047790709709,-1.1776690439319446,-2.042076537164597,0.44676221850978964,0.10732330529799682,9.51157118531425,459,0,0,0.1537,0,0.0203
0.43744512287934817,-0.001338868539517361,9.716840960197313,5.388926324047622,-5.567225751150538,-0.5149497926693881,0.40565762901769076,-0.03799169555027631,9.79690592021268,460,0,0,0.1537,0,0.0124
-0.05125564605117052,0.2148318866256266,10.079043611505284,0.2766278794887897,-2.6636171794169465,2.7936387889495347,-0.0458240629001797,0.22208815610112798,10.088378696765346,461,0,0,0.1537,0,0.0019
0.051084059856081776,-0.3427752225030152,10.01139127793574,-2.818768032156753,-2.673628712377809,-0.3167050469051434,0.06863388783045694,-0.2573519983094675,9.98425522090698,462,0,0,0.1537,0,0.0019
0.06898883960961509,-0.1522868935278385,9.96420402115807,-1.2184638634866731,-2.7442973061392752,-3.7783132897363405,0.00721909004738093,-0.22358704530263554,9.921471207588679,463,0,0,0.1537,0,0.0027
0.17707862352740567,0.06316398547308065,9.732587067981628,0.7815961430301868,-0.6654251338108638,-6.810918770004819,0.1131439132418794,0.0259383125009799,9.700260854567137,464,0,0,0.1532,0,0.0127
0.2725716010776533,-0.17176771126150073,9.871943281887583,2.02958240166854,0.44962915949841875,-1.948936453234547,0.3279432929007016,-0.1331362892764385,9.843233905799513,465,0,0,0.1537,0,0.0127
0.1228951633377399,0.16251126777538713,9.88930303873323,-1.3125974940557412,-7.297311479018982,-2.1172328012819333,0.059047439838341195,0.17964502785762168,9.858705284819488,466,0,0,0.1535,0,0.0121
0.05313914989129918,-0.49123470192869767,10.086309240453295,0.4712529937052416,0.43563342470093036,-1.991355220512724,0.029080452748263395,-0.4933988590791119,9.977911529789118,467,0,0,0.1537,0,0.0126
-0.3988428107067025,0.5803351125089063,10.09151809773748,-0.6891553934627515,4.751293721509942,-1.1375988437805766,-0.41088372095444753,0.5543264824918821,10.085123598827867,468,0,0,0.1536,0,0.0233
-0.0849047651110305,-0.2451763099499535,9.715556322261401,-0.7220297572454104,-2.02576294218521,-1.277368883019057,-0.04278368448021348,-0.16394281497677615,9.69050588249605,469,0,0,0.1537,0,0.0232
-0.11621097844956722,-0.3230220339119532,9.546360121209586,-1.7564288366520933,1.6917384024272104,6.941702742002414,-0.16897255602141464,-0.31576919305236395,9.590108127240917,470,0,0,0.1531,0,0.0217
-0.04150918627721723,0.04171174176229246,9.84567520157703,1.2817643124153264,-0.19041650668052287,-6.573563462374658,-0.081429596985588,0.0036169194861664367,9.880395047884207,471,0,0,0.1532,0,0.0298
-0.20959334574884378,0.19396968141954277,9.89751498558516,1.4319983309678328,-1.9955330976060706,4.846851115311459,-0.11976591445123055,0.25413718661809304,9.868572379082037,472,0,0,0.1537,0,0.029
-0.11096939829674206,-0.2719962026150222,9.589954458233796,4.1982869321465675,1.6144664942715266,0.5081532609263881,-0.10375747047348624,-0.2648778391808786,9.61626535834259,473,0,0,0.1537,0,0.0241
-0.32655437487586897,-0.06889551398284931,9.666229433813083,3.191525770393042,0.7331717904236081,5.227619973604047,-0.27773470067162503,-0.04757692947876563,9.724285344478659,474,0,0,0.1537,0,0.0141
0.011850338667492395,-0.16089736888689937,9.97812137787057,-1.171792130791339,2.906381496751196,1.2250445785227746,-0.02547255885895048,-0.15812748329642284,9.969158640524661,475,0,0,0.1537,0,0.0146
-0.3556160949335331,-0.47553742522177633,9.923466257179808,-5.831509769357768,0.1894740788915678,-1.2458138661812193,-0.367388357052895,-0.43600773678301696,9.933702661442567,476,0,0,0.1537,0,0.0254
0.4883321219164867,-0.07453047615863545,9.882679888551007,-3.2678149778592145,-0.13751551708359902,-4.654024534507545,0.5092803448817711,-0.07544868952014123,9.865583395935907,477,0,0,0.1537,0,0.0239
-0.10971025088026391,-0.006389393258737534,9.929080733528027,-2.9079900155115808,-0.5501606872630134,1.3124609721247888,-0.1131887987620416,0.08723115100803902,9.914329700501455,478,0,0,0.1537,0,0.0203
0.4277655704854713,0.04222897788705272,9.760490129220134,-2.152303809781511,3.098503596415802,-1.7122142138469196,0.37764384389353245,0.05659834816560521,9.712051413183751,479,0,0,0.1537,0,0.0203
-0.029257670758357175,-0.18089291066089913,9.618162501042764,-1.1126167738970683,-2.503519889250187,-1.772252609249278,0.008213656389950245,-0.2217686932405944,9.627361667477762,480,0,0,0.1537,0,0.0203
0.03351335816862055,0.09748620437619875,9.617188954866503,2.7007682450150883,0.859444117925264,-1.5044962948173572,0.10045853905511845,0.0875858810092974,9.622419623353467,481,0,0,0.1537,0,0.0119
0.448505831473505,-0.08278952207215518,9.839463756318743,3.179302883754163,-2.533492604305418,-4.455021215339759,0.38226735482142743,-0.11640117422649215,9.89537765323671,482,0,0,0.1537,0,0.0119
-0.047731358095667364,0.4756434236171065,10.149514870871695,3.915595803981473,0.21351429802850763,-2.5197451402186295,-0.11189459260259675,0.5689232879258047,10.188145755749646,483,0,0,0.1533,0,0.0217
0.5544736574238187,-0.05759062674091388,9.817587557853761,0.86010523863178,-1.8349282186231692,-0.7221274912817779,0.5281407091456362,-0.0333719038689499,9.841781352262588,484,0,0,0.1536,0,0.0033
-0.214261302912488,0.08816106346152838,9.934380225358252,2.543497536713773,0.23904747333322068,-0.6559032466544136,-0.2167142562194164,0.12376385489438754,9.970763422380447,485,0,0,0.1537,0,0.0336
0.15147071662866793,0.09524231050183611,10.26263509818657,-0.5293551423733613,0.5385506963525057,-5.840855482215472,0.2024842220153129,0.15467898317585144,10.305233577601275,486,0,0,0.1455,0,0.0324
0.19566888149167153,-0.14742362864625114,9.944575654709288,1.5055541197632047,2.4383553840919867,0.21046419192020993,0.16506705505343613,-0.1975835903345017,9.907181250108824,487,0,0,0.1537,0,0.0216
0.04083296937231191,0.14355815344153752,10.106517072230288,-1.7162170714286982,-2.209576849384979,8.166977884217326,-0.030794029943412037,0.20845590746775738,10.207454893057298,488,0,0,0.1479,0,0.0228
-0.1628610939328893,0.42328800342172085,9.97572748792901,-0.21905607703337365,1.9560582591385458,1.4573597671205145,-0.1394158588275695,0.38518566317391617,9.993950212959898,489,0,0,0.1537,0,0.0129
0.43871630313111076,0.4887733569156968,9.819398313847145,-1.9027647844551496,0.4398970535048265,2.8283918884418386,0.5106565151123837,0.4673380539876013,9.809855944773805,490,0,0,0.1537,0,0.0116
-0.10388376160309885,-0.19249130084124014,9.666019755752881,-1.8011149663695905,-0.2801809817146311,-4.5911214016636,-0.045437494226213196,-0.16340796678791142,9.66559089778424,491,0,0,0.1537,0,0.0913
0.029031169793906544,-0.18994895298388997,9.862225225779484,0.639324684817228,1.3986325565109348,-0.15188036628727158,0.05387650342168662,-0.23230053846122484,9.886089708970102,492,0,0,0.1537,0,0.0906
-0.42329907020629526,-0.03813003071158853,10.256187087328675,-1.8370118903233374,2.067832476277399,1.3992016976708213,-0.4916478391871545,-0.006827456951193044,10.318332267508804,493,0,0,0.1175,0,0.0842
-0.009374003986502396,0.03678005916871499,9.77258985456228,1.8835466834907044,0.18310798072391749,8.945482681599984,0.02650408128237208,0.13978554642806276,9.791839861699458,494,0,0,0.1498,0,0.0542
-0.5020770031899557,-0.36259681125059756,9.544455144779038,-0.7881950019588705,5.9513900192846965,4.622273154293825,-0.4913250642910057,-0.3225611967585933,9.643776491533071,495,0,0,0.1537,0,0.0549
0.36345590820182866,-0.4775223714277256,9.774386183794576,-0.7057696796578566,-0.31353632454123065,5.096844271495512,0.37142451704666535,-0.4079020976639867,9.753640980722016,496,0,0,0.1537,0,0.0455
0.17833542311792835,0.06757781622504609,9.659451287597683,0.32276089038997163,4.526296379656759,-1.2336747490921085,0.24440376550272658,0.17536133827448525,9.733364745260504,497,0,0,0.1537,0,0.0519
0.4339179657827901,-0.031650966752954465,9.759045569324769,-4.3026595746781116,-0.8328437358016462,-2.1462508314991156,0.31014723901699126,-0.008455756744813664,9.701026739444362,498,0,0,0.1537,0,0.0619
-0.012268009593706664,0.06758370604165966,9.985284605803844,1.4515493105271524,-2.7668190695498653,0.5864008324569776,0.044173214041080204,0.11618084400177106,9.977723166884694,499,0,0,0.1537,0,0.0513
-3.081441272264953,0.8262933442007392,9.96667181461092,-0.8710470653521221,12.29131718877724,-5.891159278915281,-6.931889445336502,1.6007887339854172,10.877362570329574,500,1,1,0.0,0,0.22
-2.774183609958818,0.5887428407412966,9.799931572820594,-1.2577626712840508,16.189350789618562,4.559812178279099,-4.642099918332802,1.4367487646460386,12.569558192811066,501,1,1,0.0,0,0.1
-1.6069667064126802,0.29529271925446104,9.522884577499989,-1.4717914527222233,10.269941697400416,5.183953496640214,-1.8924702468263104,0.4546710583202412,10.08886020298587,502,1,1,0.0196,0,0.07
-1.7613972749106699,-0.016708294500514097,9.333974404213249,1.3182558912871791,6.3281684991513005,-1.2008227015274473,-2.1934920039640873,-0.01767468171655225,9.48075343722327,503,1,1,0.0568,0,0.06
-3.352538857396044,-0.12503699662123763,9.947552872921392,1.6324338776490654,7.263397129854856,-4.103450263164019,-6.951939983610179,-0.2631169335134749,11.326354991338954,504,1,1,0.0,0,0.05
-1.7188587711276657,-1.0051708910236343,10.071860778884627,-1.788830484713774,14.89071912791737,-2.614252773291184,-3.2405807544117335,-2.2087876451087656,11.198316217606397,505,1,1,0.0002,0,0.04
-3.0897439483464226,0.41857686795818533,10.268345381448015,-0.5722405902182929,13.970967027980741,5.424650283730868,-4.704999969264642,1.035374267736888,10.392909807988708,506,1,1,0.0,0,0.05
-1.8583384102394829,-0.8840689095823735,10.008656524317844,-3.4538633548901903,10.721794406504422,-5.77317057497027,-4.029950284520562,-2.0614413259855295,11.68650582252379,507,1,1,0.0002,0,0.04
-2.5357429498468465,-0.57209629511916,10.196972810773156,-5.301809155739382,11.911488603999526,7.58819358443786,-4.076962656338079,-1.2241159239733683,10.450061687026169,508,1,1,0.0,0,0.05
-2.108844770168117,0.3661466609168819,9.775843856623599,-0.23759290165620783,9.862084559456688,1.0962199395537846,-2.492305898719906,0.6714015152731008,12.002898002960917,509,1,1,0.0004,0,0.03
-3.0954249501104396,0.4842830115575338,9.605443227295204,8.666307560870605,12.965201991703367,-9.105846429331564,-4.174427311409238,0.5165713846913089,11.879397665375773,510,1,1,0.0,0,0.0
-1.573242074085381,-0.43215514115621756,9.853846341108985,-3.927960975267102,9.110457444232315,9.27729220056658,-2.44568725639948,-0.4690869136029138,11.014601394296403,511,1,1,0.0005,0,0.0
-2.625287381808776,0.060403713808108626,10.294923934918282,1.3663999252210046,14.521666838992228,-1.38127301915631,-3.639730239228056,0.10269776165140466,12.47704650283706,512,1,1,0.0,0,0.0
-3.2804538309657634,-0.60961905278537,10.818006047471949,-4.253507651981291,11.972329647234424,0.885947316577522,-3.9205362310024263,-0.9241042411638889,10.327707969477332,513,1,1,0.0,0,0.0
-3.705180498079338,0.4822198857353078,9.758289600533775,-7.422123380765057,18.81040098334338,-5.784686332386192,-4.807024628839327,0.8256671762466691,10.857666115427731,514,1,1,0.0,0,0.0
-2.667014880157989,-0.7433819997658743,9.479663065120283,0.09703442260958692,12.882908991045609,3.1754800464469035,-5.704037977274363,-1.622583969323149,11.893992140651232,515,1,1,0.0,1,0.0
-2.854584809725114,-0.40377308033994913,9.183437146458358,-7.567220655420775,16.06409985091626,0.49800613621371337,-6.965061237742296,-0.42306635232835077,9.323142777345558,516,1,1,0.0,1,0.0
-3.453786164797816,0.33705905355794424,10.381689672121778,-1.5652914750779612,14.464660840640422,8.732622544239701,-6.061075170191607,0.4695117181956151,10.363888090974166,517,1,1,0.0042,1,0.0
-2.340831370985583,-0.0616697527988089,9.535248426956677,1.2476059447174366,11.71282423129068,-4.980788276385585,-4.638300274233106,-0.07597533638677381,11.510602826006467,518,1,1,0.0,1,0.0
-3.95411894501479,0.46011861629164186,9.757533887010046,-5.022055549896214,18.02185768108108,0.7805640809436298,-4.2180989015193235,0.4765320811456988,11.001677576768506,519,1,1,0.0,1,0.01
-1.8306038121480084,-0.3405317771624999,9.443402071980756,1.4054955694244402,18.017675170846093,-1.8684901449190336,-3.317173307309302,-0.8321812523860063,10.945708028430031,520,1,1,0.0002,1,0.01
-3.604275175255197,-0.46098390983975374,9.556447739500932,1.637555620817551,14.636889987728324,-1.166239533450625,-8.477663664213638,-0.6075660913533665,8.954195536413307,521,1,1,0.0,1,0.01
-3.0174664265948445,-0.24726466102955597,9.68500447682876,6.112355738005155,22.711343851402905,-9.825894819793394,-4.262595600050553,-0.38598169848250913,12.042072072850711,522,1,1,0.0,1,0.01
-2.4936055461853277,0.5408061145153708,9.731828247726604,1.5423822629852177,18.558551598817452,5.075583791281519,-4.6064780164215025,0.7792680242695982,9.521420015980777,523,1,1,0.0,1,0.01
-3.826434744319926,0.7511221498124369,9.505824264338667,0.9908219675571766,10.848640999025692,9.756848113116176,-7.607821460728672,1.375352694234646,11.795841491575016,524,1,1,0.0,1,0.01
-3.624535775336026,-0.5316982009666528,9.562997470863353,-8.381963752425714,17.61664859611003,-1.6031608524240366,-7.588905475838444,-1.269504021776782,10.061388044992661,525,1,1,0.0,1,0.01
-2.450589667539245,0.10318329283122837,9.321581898913179,-4.993227417449137,19.92970739589548,3.318641038978332,-4.099238750958306,0.16086668273259097,12.010657451430557,526,1,1,0.0,1,0.01
-4.107648416921785,-0.23332653922027377,10.066856576990215,-2.038538407542416,16.27858162038342,4.656635071847431,-7.00043732844623,-0.4625562159200086,9.329360727508552,527,1,1,0.0,1,0.01
-4.308535383148667,0.1411350734786899,9.805703879819742,0.5028641156157249,18.710062666584314,-8.706006325489202,-5.801620550282371,0.2308107475898018,11.526720646117655,528,1,1,0.0,1,0.01
-3.636168440334525,0.5916582402762758,9.904461360105653,12.217154162777689,24.072413151236514,3.46465319429341,-7.684421282978024,0.6276711124806714,12.296924460927848,529,1,1,0.0,1,0.0
-3.4379857112466885,-0.11576449093723987,9.905810211031953,-3.8738238339161333,20.41301717389429,4.625033906948347,-5.020147857991781,-0.2126531146276323,9.057546253038145,530,1,1,0.0,1,0.0
-2.3791049369814443,0.7192290406500772,9.215876315701086,5.108110646904209,24.198464267471255,-0.4896816421555249,-3.9780812453016736,1.6146236893745471,8.958294982404748,531,1,1,0.0,1,0.0
-2.6425361655313573,-0.6389965885986197,9.239227806354018,-1.2687293539377162,19.516301721582256,-3.831695797900878,-5.583875882518616,-1.2728461968078448,11.37588011812557,532,1,1,0.0,1,0.0
-2.7128615497353734,-0.6492756772752565,9.981127761328166,4.993820386969982,7.483481624899681,1.9766260183991446,-4.906849057442357,-0.8415775117440163,12.524221851657597,533,1,1,0.0,1,0.0
-3.0850608596012443,-0.28962569503038554,8.994851838989362,6.343120393781114,15.241948640692849,2.33581780795929,-5.875077293024917,-0.5435612251015209,11.636898998217413,534,1,1,0.0,1,0.0
-2.961768383553944,0.29007124326356154,10.178656812346803,-7.753710595407492,7.917468216256848,-4.172684917655626,-4.990945074610665,0.4559845188969789,9.791870988687407,535,1,1,0.0121,1,0.0
-4.820170402976536,-0.3286406510671417,9.531486188843765,8.163355301958834,26.38099396955451,-2.2773051557643162,-9.716515423653314,-0.7434749141030738,10.886911924313122,536,1,1,0.0,1,0.0
-3.796016896415002,-0.11094508203321847,9.509148389835728,1.956044877046467,16.732954237543606,-4.320241297301858,-6.701674051187378,-0.19969427385208052,9.471937102286589,537,1,1,0.0,1,0.0
-1.7873933266972983,0.5793617994949231,9.706997041536075,-0.30512921417479316,19.164536235355627,-6.171436016308297,-3.036773309579422,1.3050323898983245,9.407601893780246,538,1,1,0.0018,1,0.0
-3.1471139345965558,-0.5127209715075887,10.803609048078826,4.489283597629827,14.91039269262162,-2.099554554363109,-6.02980048970616,-0.5932369012079465,13.269483320494718,539,1,1,0.0,1,0.0
-4.353423317522726,0.02413536292125365,9.763858414084046,3.1051043324317815,13.171619711326404,-4.975729565444379,-10.446010224039446,0.04145091934267574,10.806903222343731,540,1,1,0.0,1,0.0
-4.234205543933179,0.3309273774757354,9.868666791498537,2.3934026051433976,10.73398042277754,-2.563520998815909,-4.4532115222538655,0.39207525225818,10.86119118190629,541,1,1,0.0,1,0.0
-4.2423353864930196,0.8159095706961457,9.578025096498962,-1.8189609328294742,20.413468874960195,-2.857038784822846,-9.14089864028744,0.849611347692212,8.885186032141732,542,1,1,0.0,1,0.0
-1.9579240115454393,0.48884362735449016,9.553513243859237,-3.0640217800606617,20.65441210898142,-3.705808606753973,-2.8882671243747047,0.5895586362922911,10.951214302219869,543,1,1,0.0003,1,0.0
-5.48449985004015,0.19247588918353312,9.203104863677067,-4.381521609762476,23.300805391870693,6.475715087632806,-10.442956125764004,0.4142071472838064,8.73094226110597,544,1,1,0.0,1,0.0
-4.953534660175176,0.9657649161878499,10.310238906170733,4.616079577294554,23.676439965680913,-6.395586943064991,-10.553151755750346,1.44006712273449,11.857025370430105,545,1,1,0.0,1,0.0
-3.137268500149071,0.020280702789484448,9.621422204696566,-4.473215280261188,6.617184536833031,-0.0011034349786108453,-3.9739204502350014,0.043032951216820735,11.025883040154547,546,1,1,0.0001,1,0.0
-4.9191460476904085,-0.7020714163160909,9.998051321146894,-0.5886274895611028,23.03699885213491,-4.836249776514285,-5.804779660913864,-1.556573539564786,12.265991911237839,547,1,1,0.0,1,0.0
-4.052516095488343,0.221692011136875,10.072584785419219,-3.1530440213446465,21.823484937220584,-5.793734226622973,-5.716610073976508,0.49379552682337485,12.94677765375174,548,1,1,0.0,1,0.0
-4.038998549676993,-0.041238105151303675,9.626644308988793,-1.4735096943698829,23.716517326216916,0.44616974796571185,-8.876034210695428,-0.06587545280191652,10.528113181759428,549,1,1,0.0,1,0.0
-5.268164397546429,0.25208738647251483,9.996175382566689,-14.61104551420123,25.02210236148547,-9.872442382325113,-6.216564148056632,0.3321935191379779,12.554235035894937,550,1,1,0.0,1,0.0
-5.348696858623353,0.30281279419631996,9.834136976626665,9.790310703380756,21.145631342815957,-6.658520252582121,-7.984915104058578,0.4698381729724394,9.552285345782357,551,1,1,0.0,1,0.0
-5.761878901711864,-0.9911101182461332,9.704545043017896,9.564245982966522,30.53708966674061,1.6836418387658802,-11.999367750444202,-1.128631544379898,9.292590042643873,552,1,1,0.0,1,0.0
-3.879104600063416,-0.9378179553855507,10.133954116901805,-8.78881266113166,26.75347436813414,-2.503001657008894,-7.350398715529444,-1.3623661600326031,11.575153282959993,553,1,1,0.0,1,0.0
-6.477636267094391,0.9690371223510594,9.894837727320184,4.2824965428900255,19.97979985747027,2.060404016327531,-14.215683233868154,1.2866013436999963,9.637417385476365,554,1,1,0.0,1,0.0
-3.525934386167991,0.09712376485423273,9.847270633216542,2.2529446067672847,27.2262745570089,0.3866305448353997,-4.888142177126894,0.11310644040531545,10.18788864634844,555,1,1,0.0,1,0.0
-6.298217720036335,-0.23313670380735768,9.724649252134919,4.36738463476595,15.60415608996235,-6.747867638226641,-12.963071637686783,-0.36852075921698607,10.117254615264201,556,1,1,0.0,1,0.0
-3.8663390178392762,0.6102578351585892,9.152517044903098,1.071537838320324,37.37686199964861,-8.004478529549958,-6.22250440393517,0.7179340669500179,10.029664829170246,557,1,1,0.0,1,0.0
-4.667742467168982,0.07472836100529713,9.98142659294811,6.8673299418327085,14.644079014332526,1.0760794530488633,-7.114841670126617,0.09332632312314189,10.63302454144362,558,1,1,0.0,1,0.0
-4.549725427226217,-0.5090944375609876,9.889157106146705,0.37409623990612006,36.7691155642463,5.481341576162203,-11.256410668763143,-0.7190804641293873,12.525615230690404,559,1,1,0.0,1,0.0
-3.6448216738275225,0.10953183192027059,10.444594994355038,-0.04772397626066973,26.14509993900762,1.5219486688116977,-8.25128731975785,0.18751555210020446,12.76413090478921,560,1,1,0.0,1,0.0
-6.569655411994829,0.08475456440131864,9.90720535916749,1.8857384203402947,14.966700677894693,3.6626743676709723,-7.628964176474723,0.1487141863258113,12.243671329776356,561,1,1,0.0,1,0.0
-4.556911431549606,-0.2652373049235366,8.894642407285136,-1.19122597131267,28.55080385437932,2.1623403023107515,-10.273930701136027,-0.28630220528722977,8.134566714690251,562,1,1,0.0,1,0.0
-6.823048170912237,-0.6757344159445358,9.970050415592503,-5.5970093261598155,25.10859541952926,-9.928651381363544,-14.027710164856225,-1.0877373713804184,12.047450363310707,563,1,1,0.0,1,0.0
-4.83032850744934,-0.944097206743325,10.34453323882947,-9.220311941563825,32.25669532213693,5.2186252914293565,-9.71929966527728,-2.0580462778990567,12.871513681423501,564,1,1,0.0,1,0.0
-3.551976041289463,0.4905348682901486,10.003992727015532,-4.475958647309699,31.31704711590614,-5.513963067200619,-6.444041596222527,0.6056994681713894,11.22075499439403,565,1,1,0.0,1,0.0
-5.178851637912704,0.27548931664750864,8.739836964552307,-1.5337454522735072,22.81780066925446,2.291126690098564,-11.801878863656817,0.6065282440811718,11.164915203919985,566,1,1,0.0,1,0.0
-5.967247197870238,-0.595062158755698,9.77853267918037,0.03368333845213218,30.169370686801255,-8.578102175363325,-9.327502605177667,-0.8457897644590172,11.858475806826018,567,1,1,0.0,1,0.0
-5.764236469273541,0.30735253858565753,9.793572295979152,0.7786856392216694,37.68438867318285,-3.3124708912073633,-8.368316075438354,0.5829323889449145,12.71251437163074,568,1,1,0.0,1,0.0
-5.735164873458898,0.25895881778111746,10.079028962468856,-0.2540705658676662,25.446267425676623,0.3777447308714882,-5.947127262837622,0.4606354553747616,11.010364509666644,569,1,1,0.0,1,0.0
-6.494662174702558,-0.09396729757968622,9.592157260155135,2.7661211325562145,35.51793030463487,7.397786899273401,-10.470319299791521,-0.10521443106334223,10.73317631916365,570,1,1,0.0,1,0.0
-5.523228262970168,-0.034170529125932644,9.868893065381398,7.3139106878955875,19.89712917616752,-1.4088658076815563,-7.9167143011368175,-0.03809039011750845,11.024188948428058,571,1,1,0.0,1,0.0
-6.425379563928215,-0.3029553237187486,9.949429832308098,-8.626733207812844,11.612410650969904,-2.9044469523531813,-13.39315149656037,-0.4803401362560136,11.75393711193252,572,1,1,0.0,1,0.0
-7.2024611993257635,-0.25618261023341565,9.30910515438488,4.263319039766429,23.430869197392305,-4.198922105530053,-14.03523062935088,-0.27037924745717823,9.510288421513101,573,1,1,0.0,1,0.0
-5.627456057385784,0.6001153953869345,10.094545720449176,1.052363584768489,30.376509494483873,4.6768136260275295,-8.919366255193948,0.7956161556108304,12.584778454343553,574,1,1,0.0,1,0.0
-6.540700559256605,-0.48522574751435055,9.632514970774906,-4.531310567639969,33.16227125786367,-2.429915617643169,-9.204319466152468,-0.8684028714409825,11.945683671816848,575,1,1,0.0,1,0.0
-4.897084318625685,0.08299185894231047,9.341179099126572,4.805995576033362,39.87909818535567,4.252332655217555,-10.277740402481065,0.1883540712580411,8.591079770913936,576,1,1,0.0,1,0.0
-5.764505448031465,-0.195518785198049,9.837470497249708,-0.6223054580463196,24.16772257925494,-6.301745181333926,-9.911946095357541,-0.24238684203233102,10.216893131016406,577,1,1,0.0,1,0.0
-5.256770751678121,0.5138879328965207,10.27819116277675,10.747579683701943,27.121522587653715,6.115797446647404,-7.443976548717302,0.7184596014467518,10.007000551014064,578,1,1,0.0,1,0.0
-7.2983730376998075,-0.13694513687687412,9.670831067842547,-3.415231707476634,30.56476886167852,-1.3707058656168016,-7.932066857047011,-0.15301263196777937,12.118803996537828,579,1,1,0.0,1,0.0
-7.311475851291736,-0.3700801535501006,10.296981153259784,-2.626911305664331,40.96599827337663,9.10919575390994,-12.94377236500165,-0.8634813558613478,10.626492378260412,580,1,1,0.0,1,0.0
-5.682855185495016,-0.15343908694537386,10.728274622212458,-6.917665079584202,28.158415330606427,-1.0495993989806107,-12.228141810951211,-0.1959598620998937,12.241043039781767,581,1,1,0.0,1,0.0
-4.339781160417592,-0.4908178370360558,9.792669660497884,7.559734653101411,27.359242976691714,4.3593534791128095,-4.3809798663468955,-0.7985888350309427,11.396961764704711,582,1,1,0.0,1,0.0
-5.479297082785599,-0.5290139820248508,10.160056815285047,5.2604691429860715,41.369275171866335,-9.148407435480744,-11.297388569584212,-0.654487921908123,13.157366501555039,583,1,1,0.0,1,0.0
-5.991071386816756,0.22484663647197128,10.075621166664211,3.792009238888122,27.845186713129056,-2.1852462558279866,-6.89525490757395,0.45198025630803107,12.291215388795633,584,1,1,0.0,1,0.0
-3.738592480203649,0.8999968083690658,10.003834867512232,-0.5701058239323762,37.5983687993302,-4.961671627704111,-3.832096722391058,1.4696251173558583,10.350787705081428,585,1,1,0.0,1,0.0
-6.496278293233835,0.7372348188316965,9.863707657656912,-7.893466585820138,20.757385640407087,-13.045642430859893,-10.884199227771562,1.7456630274346558,11.068875243452089,586,1,1,0.0,1,0.0
-5.73265179963504,-0.20323269894454868,9.401801325272121,-1.0305997400215983,30.020671534335232,-0.00600796959239777,-10.431178852296807,-0.44637676607210947,10.035808031522729,587,1,1,0.0,1,0.0
-7.6753193399712805,-0.28995552451521844,9.316073546893948,-2.6870499627757267,31.667789879617732,-6.387172293958789,-13.115612283313135,-0.4048605642755452,10.996547274015157,588,1,1,0.0,1,0.0
-6.352836904514341,-1.064283168867728,9.958705996516168,-6.675361962114261,13.36180539097665,4.500048932551689,-11.639641340499207,-1.1626210626918068,10.508749758707737,589,1,1,0.0,1,0.0
-7.058876953949709,-0.5747383984379014,9.119646812972212,-2.946646348948633,54.541124002968274,1.577716854333948,-9.64459519850297,-1.4142269382055528,9.185364059526812,590,1,1,0.0,1,0.0
-5.2854357730280945,-0.3868310592233576,9.76368498966017,6.212789271760096,34.07682600854601,-2.6149008698326965,-11.312754624706539,-0.821323843077666,10.503252115641375,591,1,1,0.0,1,0.0
-7.336538029899693,-0.2642088010818602,10.01304535622561,-1.7488768238215404,35.49617225204365,-4.68457514775225,-10.391923708151772,-0.4842495977628281,11.063304213196409,592,1,1,0.0,1,0.0
-8.007833930879874,0.984567737976805,9.373775092438537,-2.867158350260107,29.45320307653063,-2.6270656681169466,-13.726485952891387,1.2568796925762034,10.285914381962947,593,1,1,0.0,1,0.0
-7.243031868235276,-0.01932564058835235,9.955952968324821,-6.6452537195613095,45.45635157418559,-9.655985388408295,-9.8541025747646,-0.044534553836461335,10.120088549994234,594,1,1,0.0,1,0.0
-5.003118080321178,-0.1003099715896285,10.009793808946208,-3.625638650944282,33.86540067058157,-4.035150028863806,-9.99976961045754,-0.11328953235116442,10.013628452467254,595,1,1,0.0,1,0.0
-3.735123272989966,-0.1362802361592262,9.923567030221994,-0.15963626359519104,42.321442783156726,3.2986582924723313,-4.37762702315979,-0.1393568027538655,12.607984846369101,596,1,1,0.0,1,0.0
-8.97149363124494,0.33432278188325787,10.114992175723089,-2.112934432472372,36.733847423329586,-0.6926709781664293,-17.369154213965455,0.3369119260682067,11.927990896387195,597,1,1,0.0,1,0.0
-7.821861403319301,-0.6118005720571391,9.235716170603283,-4.580330431130487,34.20041503193374,0.7658325003967996,-18.99777983883261,-1.4471204080721407,10.947687128636408,598,1,1,0.0,1,0.0
-6.418943009683751,-0.8379315463321221,9.262771661713211,-8.330144540239479,23.54015345970976,1.36865962843447,-8.481525129164083,-1.8850539529785644,8.617396935391785,599,1,1,0.0,1,0.0
-7.59908441047866,-0.18047052796719892,9.77285402051022,1.1929808576364938,29.27007117289782,-6.472216186509449,-13.693820394479058,-0.2149359606128503,9.984367902648518,600,1,1,0.0,1,0.0
-5.050928006973946,0.0912667284098264,9.497381167844473,8.137403538390465,47.57872241604055,5.841552307893112,-7.193142921926293,0.11616498855893256,9.872368694341981,601,1,1,0.0,1,0.0
-6.480399563193718,0.08959981187704158,10.074282637810535,-1.5523834331266921,57.56322558797379,0.19247009512812055,-8.182758819307333,0.10660325900525883,9.568542008013774,602,1,1,0.0,1,0.0
-12.165966951818312,0.9283193043453167,9.746343579878614,-8.776937830158479,36.600534203588616,4.06680730627677,-19.633584634543496,1.5956328259025152,11.66527204326974,603,1,1,0.0042,1,0.0
-7.571255027734236,0.3023753927108674,8.907494742610199,-1.530339895808739,35.15432053052974,0.2934846825326882,-8.236670556069967,0.6173154367199283,9.577964533456095,604,1,1,0.0,1,0.0
-7.034235896610965,-0.6529677097563782,9.865643534579966,-1.5810513289687769,42.496864900723544,-0.2521471120697167,-16.819710029271288,-1.2194913510603367,11.99688173217508,605,1,1,0.0,1,0.0
-3.120140522971467,-0.5306754260780749,9.97158806469672,-0.7632448278242461,43.01015676381981,-8.028208372513154,-5.414521582214584,-0.7434426303246185,11.447476517431337,606,1,1,0.0,1,0.0
-6.753926215099888,0.8629077728444852,9.971990665562211,-3.399218718203432,33.601140351397525,-1.5586856565440494,-10.0578833781198,1.9863888630575823,12.036562756358617,607,1,1,0.0,1,0.0
-5.510644143127643,0.8215634100493057,10.294733965975457,-5.11040231642929,31.276537518446155,-9.293933296130318,-11.348470007524545,1.6290246520098965,10.808841187869405,608,1,1,0.0,1,0.0
-5.649659531266772,0.7128080567071843,9.931598703868824,-4.038221343801611,59.01134108968627,-1.7549051822948083,-6.354048972708609,0.8406073902766366,12.70157521774317,609,1,1,0.0,1,0.0
-9.484648104928292,0.3848838668421223,9.628675440761068,5.844964741832594,38.5261825589784,1.3297560673036593,-15.71087804757916,0.9025098790797135,10.750569679035245,610,1,1,0.0,1,0.0
-4.094407209324331,-0.7510148499138551,9.38749141656651,3.5945289173605897,39.9596276849076,1.771313067538193,-5.398927596151905,-1.0060340883749295,10.639631712592656,611,1,1,0.0,1,0.0
-6.368297909569053,0.11168192607231212,9.316487931664856,-2.7754164448743524,30.70650549125912,-4.0842553298294195,-8.578477744810717,0.25848899324284225,10.72462324082484,612,1,1,0.0,1,0.0
-7.593590959303494,-0.06157301092909828,9.669171453233746,-3.911166682746824,19.647224883536577,-8.562458912989255,-9.998120058029599,-0.14338325380411326,10.92462682522525,613,1,1,0.0,1,0.0
-9.378717314003648,-0.24305784314954973,9.35491636009696,11.618592419293794,27.958522891181026,6.351697195498076,-13.433421944747657,-0.38159657963336185,11.308399828370662,614,1,1,0.0,1,0.0
-5.1580741525095295,0.09892248714888217,9.782520608576773,-3.77718116699313,24.816983486716943,-3.8117465306336475,-12.812111949042796,0.23398239862141862,11.043571751928045,615,1,1,0.0,1,0.0
-6.283358891231848,0.9546908680323524,9.784399230848932,7.490523578997056,35.678231909351176,-1.513365514548069,-10.468307839640998,1.0689536168658944,10.27863157924427,616,1,1,0.0,1,0.0
-8.236918074491374,0.17385291873991823,10.225086201981703,9.383506624573895,32.88845062547977,0.5193703006326343,-19.62395413292973,0.272078478262373,10.797539065848479,617,1,1,0.0,1,0.0
-7.2307962165487725,0.5263179742020685,9.913369382746506,6.535441123604233,13.292135085490568,-7.8754903127228975,-7.786981370126232,0.5820321819010512,11.612670532635853,618,1,1,0.0,1,0.0
-8.739062029890379,-0.4400212299646566,9.851799327417766,-1.6202339491963929,37.64021236688272,-0.49445855900638497,-20.01658355925288,-0.7323234664018377,10.040128751217935,619,1,1,0.0,1,0.0
-8.06860742679126,-0.37605445591670333,9.943108428297437,2.3760392460933937,25.37630574912974,1.698175076417237,-14.055628618920059,-0.8301197311799526,12.37885975733748,620,1,1,0.0,1,0.0
-7.641390334380469,0.9285331823077019,9.735112628336786,7.36099973223809,26.49431632154093,0.7031373363763429,-15.15837985948765,1.1585598462564373,11.504186901199962,621,1,1,0.0,1,0.0
-7.138809007592703,0.10941979551347003,9.179342976864731,-8.436490869279472,47.44131128255595,-3.3216063441566908,-11.951995074397034,0.22747991152006447,11.829087845694815,622,1,1,0.0,1,0.0
-7.212610491431787,0.2680910628662675,10.164192669642462,-0.831240737635375,29.354809765064136,-0.03789254407639373,-14.362087474376416,0.44018360145246116,12.833710416477114,623,1,1,0.0,1,0.0
-5.515158731711578,-0.7756314899475734,9.833854469861157,7.206710271957558,32.62239793059022,8.4765284750185,-11.129551472668126,-1.8895152907175632,11.300356496786119,624,1,1,0.0,1,0.0
-8.464135238667836,-1.0663985500925774,9.887539972604403,-2.66099846304739,37.1579489832536,1.256090494290757,-15.097195376249843,-1.6381052073008477,11.602744584069258,625,1,1,0.0,1,0.0
-4.933737725166844,-0.1919615487411504,10.138198424109298,-0.4943434495815864,36.89909360615663,4.995618228831496,-10.246417476715513,-0.4590905391318061,10.503413907784529,626,1,1,0.0,1,0.0
-4.875626524747954,1.3829510992540215,9.347284872181008,-0.9943975122675011,33.859177647673015,-0.4379191849006552,-10.430587965191387,2.8981284370922253,11.6535449359333,627,1,1,0.0,1,0.0
-8.443782413508881,0.2190866368866778,9.470700337738437,-4.065244308749454,38.02070206607701,0.016242254863521387,-13.517940678469337,0.24535074332065274,11.73149485605115,628,1,1,0.0,1,0.0
-4.838783943236831,-0.4338789333962422,9.796182394127433,2.7470776278283484,40.54317093309778,6.617403888591711,-6.387091504103053,-0.7818471534784539,12.713110567498763,629,1,1,0.0,1,0.0
-5.351955237890923,-0.520778148788855,10.14487270331036,4.150474803698075,15.986284951591855,-7.8857873630575455,-8.896080525308802,-1.2657698124960306,9.681463603259278,630,1,1,0.0,1,0.0
-9.281156616384264,-0.9293592477421613,9.99231630422729,-2.603075700652173,42.64703533069367,1.0130870647917336,-9.293169933827349,-2.0643303797576356,10.206892495505501,631,1,1,0.0,1,0.0
-6.393993815675926,0.6243888818363049,10.566964487868756,-1.8970195754960164,41.28499134713994,0.8682666992294659,-12.247545922454817,1.162162996322482,11.067815445872377,632,1,1,0.0,1,0.0
-6.734574060386242,0.36314117930618356,9.715834773830531,-4.297027261900616,39.587903317179524,1.19215070896905,-12.547940981755339,0.8089226048900101,11.98408144717964,633,1,1,0.0,1,0.0
-7.9566316110261575,-1.1870039351442283,9.904619034705977,-4.140510956990109,40.00743687934507,-2.6391785419270524,-18.875010345156966,-1.9218985281910956,11.338895794258123,634,1,1,0.0,1,0.0
-5.8542055937710895,1.1038217540957156,10.155526634954077,-1.146785911250804,34.50184467578048,-5.912261950433923,-7.0588957588760595,1.8233453254753802,12.28872625186834,635,1,1,0.0,1,0.0
-5.41466247517047,-0.06068130509014796,9.730487891615816,-2.1508915067839984,12.835560554996846,2.444552257346866,-5.867378144884516,-0.07233924173646658,11.302579082932477,636,1,1,0.0,1,0.0
-7.349861148821496,0.6676484148797123,9.729270997446218,-1.1289911212882433,42.622278016760944,-2.1995304586474482,-7.471659189857691,1.6077584984680773,11.084529105039302,637,1,1,0.0,1,0.0
-5.109127276491266,-0.46000575689948664,9.97928220637355,-8.851476514529626,34.47454336302549,0.3232271899329321,-10.752032368331434,-0.8501085417107114,10.51076352249868,638,1,1,0.0,1,0.0
-5.354550711030091,-0.32982932115858504,9.623419222458237,-3.159204949157048,32.74781827953009,2.603424827178937,-9.562786219475573,-0.7940774883244056,9.292196222184156,639,1,1,0.0,1,0.0
-6.017630353396596,-0.2602553881264338,9.94799036817956,3.053193304743027,27.52071991778811,0.6531800340416922,-10.234953617615082,-0.31010325486970364,12.760191497117724,640,1,1,0.0,1,0.0
-3.9778038836191945,-0.2782105475376765,9.347931796757289,-11.475575713306956,18.97819024670088,8.420267023431178,-4.125732922676311,-0.6880096838287115,8.7541592787821,641,1,1,0.0,1,0.0
-5.161597492210242,-0.9813445958525902,9.837341705297145,0.47757946372892013,29.19476763470774,3.7962097584966115,-12.068063680336076,-1.5718773079593187,9.08192295319393,642,1,1,0.0,1,0.0
-7.036378680237417,0.2430853476413104,9.554973333125139,0.7379701140434515,34.267923443304554,-0.8928063970573026,-14.091177337514013,0.5997629803412686,9.60355177554027,643,1,1,0.0,1,0.0
-7.06054478479178,-0.15745060704187272,9.570013199294996,-5.16452145406466,32.80453618768672,-0.07508270538567886,-16.467353827978133,-0.2648501520929982,10.64586300704909,644,1,1,0.0,1,0.0
-7.699583197308598,-0.2566620347140415,10.170128039664766,-12.167242627758817,19.08857952125846,1.1610509218673766,-11.933157970841952,-0.4465536884734765,11.208100317847343,645,1,1,0.0,1,0.0
-7.873044542764124,-0.05658171741633596,9.815189318673381,4.3944506990124275,30.975567270640234,0.6966747398145035,-14.094296064718316,-0.11318662999878228,9.973406665863253,646,1,1,0.0,1,0.0
-5.2873572692250494,-0.39396018386741116,9.918223525652044,-5.91377422804624,39.35722510415913,0.005316313865399975,-7.443046672455979,-0.5614728830733255,12.10555585573728,647,1,1,0.0,1,0.0
-7.097859606381667,-0.17299148717127888,9.900510726869673,7.627515415266624,42.60190328393034,2.317137859070836,-7.828012939916235,-0.40161939161188187,9.624856159954417,648,1,1,0.0,1,0.0
-8.141398095573173,0.6311416168308773,10.115870458014822,2.0611957374535264,38.799333578853215,-3.651216101821739,-17.158351694735245,1.301129089030725,12.982078622414782,649,1,1,0.0,1,0.0
-7.72253646988922,0.11203653395849199,10.078864261320243,-3.079229806970934,31.22036731340641,-0.6204142966642148,-16.816881764025318,0.2023258812597293,10.583528094999146,650,1,1,0.0,1,0.0
-8.929575140820328,-0.313638883611265,10.449971721342163,4.492333889690828,29.681024219892894,-1.5535350111099908,-21.05080542179437,-0.41645821312752607,10.026639651729614,651,1,1,0.0,1,0.0
-6.999005412506118,0.3371022921652167,9.831290161470312,-0.34125902736015595,35.35600065701874,12.161582723042795,-16.777759910923866,0.6069279692058016,11.654005277808725,652,1,1,0.0001,1,0.0
-5.952190378050641,-0.4427575343032593,9.541957480112083,2.710065260681934,50.0518056190045,4.048430821400288,-8.55213319020522,-0.9111101949018532,12.01829569859559,653,1,1,0.0,1,0.0
-5.8200136728775185,0.18411529360827217,9.90658620373298,-1.789529502164282,31.662319769172946,-4.377122297966886,-11.640567662703303,0.2809170953341255,12.724916688906541,654,1,1,0.0,1,0.0
-4.837012391198506,0.3553568058131226,10.151079185370033,-2.074633912602362,37.11709079542949,-1.9160460500072583,-5.079675988076109,0.4688938734739794,9.345896545915446,655,1,1,0.0,1,0.0
-7.300559802807751,0.2638789705431312,10.455169160361777,-14.540557990345944,31.46605503534314,6.906285782350582,-15.705128648769817,0.5028267862281257,11.365587472529372,656,1,1,0.0,1,0.0
-7.845615059826122,0.38193583094880695,9.486348940903808,1.0302316322918466,14.097410669982786,1.8921147650050318,-12.65444083724899,0.7499779785734837,10.194613648085415,657,1,1,0.0,1,0.0
-8.951927450813953,0.23320284939700592,9.735022410500951,-4.679865113627112,41.9937989109174,-8.955778859960265,-16.844686506550822,0.36345687391421405,10.060362907606809,658,1,1,0.0,1,0.0
-3.736141167075301,0.10395574132515292,9.808412925995203,-2.9108199449656587,38.381149173457786,-0.18757581308629967,-6.0397664770401365,0.24278234551664823,10.895791875879237,659,1,1,0.0,1,0.0
-8.982836365149673,0.17262530224611639,9.555086526573596,-3.629047524150475,32.74288719189979,2.182680122062874,-11.931296406561346,0.22683424405811728,8.872657981543021,660,1,1,0.0,1,0.0
-10.101217002854357,0.2776225192132637,9.43245186267225,3.18686518348564,28.5907727540731,0.6254039495254865,-12.519202645157446,0.4073410880059578,8.787457107387198,661,1,1,0.0,1,0.0
-6.61677680824743,0.04805531349153742,9.672983325113021,4.847863439364103,35.99065505096704,-7.731149182140076,-13.861999655228768,0.10590020117017959,10.449013973660913,662,1,1,0.0,1,0.0
-6.6648666896031274,-1.669968767354505,9.225773714922514,-1.0284043600319168,31.138277551668786,-7.1928788707489275,-9.837307558769627,-3.8050060543206095,8.772125542600007,663,1,1,0.0,1,0.0
-8.944421518195053,0.05968200737187036,9.379380460881265,-2.3743102459639562,31.97417199423393,-1.3583219775925124,-14.512345933272513,0.09436243139693717,10.994720391652965,664,1,1,0.0,1,0.0
-5.888625362355665,-0.6062820728208933,9.722534154168859,7.7084925576612795,28.95717073154291,-3.7952161061933394,-12.202068422082332,-1.0133570149229827,12.343389197214805,665,1,1,0.0,1,0.0
-6.387703505708706,0.07678212241898374,10.250869310574089,-0.0896690040744332,40.050214137457104,-6.235083767836019,-6.988479135708833,0.18721513066998743,10.956588422818143,666,1,1,0.0,1,0.0
-7.860720679336236,0.13426018178962376,9.518880342881602,1.6735980115144076,23.364295686779343,-0.040343484603703406,-12.919000353908253,0.25201845759907526,8.66670053894503,667,1,1,0.0,1,0.0
-5.063840345689036,0.3733528975185786,10.243856389611178,-0.8711438782615462,21.799691395016126,0.06896832993053878,-5.1884218667129245,0.3935151699817815,10.853967976120614,668,1,1,0.0,1,0.0
-6.393939303665263,0.2714578997422964,9.288294973497916,1.2716265224230812,38.93150328878918,5.376422905728302,-10.08909635942327,0.36068114685148517,10.065366728708053,669,1,1,0.0,1,0.0
-6.6471641171459765,-0.6800903832307273,9.746854193244085,-2.4506230496668593,21.237209007855878,-3.261119499868691,-15.349401617971798,-0.9882132219133832,10.329619176971153,670,1,1,0.0,1,0.0
-6.154591662457425,-0.09918981312211296,9.58483266049189,-5.820666792334571,35.95620181186644,-0.28778060236881897,-11.883285875572103,-0.18765841668930008,9.163006162279238,671,1,1,0.0,1,0.0
-9.659925382328653,-0.0830401711729594,9.827977134706835,2.0400082437764495,32.848869625460566,5.601903476808438,-14.704914528061858,-0.08453144544344639,12.69198567601583,672,1,1,0.0,1,0.0
-7.17227616476091,-0.17597121732368612,10.270095387882238,7.280339052049153,33.68065682640643,3.931575607551772,-16.02620386659664,-0.24510192301044958,12.068154322867958,673,1,1,0.0,1,0.0
-7.5392027871538945,-0.0728632612211749,10.281634791122928,2.4472592869549774,21.063508445196902,0.7574332813568128,-10.887000608648194,-0.16841509979302555,12.216868500692923,674,1,1,0.0,1,0.0
-6.534431076133976,-0.22060685668218102,10.181447680173866,-2.506224091728893,33.11834212634931,1.7831538131782838,-11.972395060108088,-0.49562479029054224,11.525676933711324,675,1,1,0.0,1,0.0
-7.908722499709518,-0.18235935408881887,9.598035034862923,1.7595786738183556,43.31429501956522,1.699127441581049,-10.583840405563956,-0.38083908644114334,10.75121201815352,676,1,1,0.0,1,0.0
-6.312815998442445,-0.3906645388669229,9.667104857810479,0.8803881207004782,24.51495201197131,9.557486741006512,-11.091103283726582,-0.39610126660342776,10.25879560639425,677,1,1,0.0,1,0.0
-3.5794301613615316,0.43716642606188943,10.138548155316538,-4.514260732907628,36.727045482050755,0.1803845296781541,-8.381353470240805,0.5003647613300184,11.86583840918658,678,1,1,0.0,1,0.0
-6.295418582713978,-0.17243461503004565,9.627430185846778,-6.0966665337612636,34.327253877488744,7.131403661163982,-6.69724894518076,-0.18124668461316953,9.793781177724322,679,1,1,0.0,1,0.0
-6.773868918433426,-1.0676427074236754,10.412409485260412,-6.921718650723929,25.91764801243318,-11.21964219737718,-12.851039171435106,-1.9779327520030963,13.029535602205542,680,1,1,0.0,1,0.0
-6.1506556004854085,0.0467061737654217,9.872339937534072,3.726595949601346,39.405200201458165,7.78757693973234,-13.752794517517561,0.11272003440710017,9.935855462103959,681,1,1,0.0,1,0.0
-7.583415433911835,0.2642274717186438,9.180255411931169,-4.343537974287131,36.73616096272717,0.709018418687202,-8.976123541860412,0.38495282603344205,10.680847059292692,682,1,1,0.0,1,0.0
-6.67680619391734,-0.24311158280535033,9.727455352791926,-2.567429188402417,16.968960062673467,-1.957063662005739,-13.291708431336449,-0.2553120408047666,8.812319545769139,683,1,1,0.0,1,0.0
-6.585659875712572,-0.24718019610846007,9.458893033705614,0.13361539613138324,40.30433542420828,8.915586620053572,-14.652116431121959,-0.5578507513710306,10.146051189692164,684,1,1,0.0,1,0.0
-6.419016574122153,0.422781917439145,10.473360686390231,2.97276818451699,34.5568100734814,4.85281142210421,-10.121808260311713,0.4878792349436421,10.067015109709338,685,1,1,0.0,1,0.0
-8.736362968779812,-1.1153343928383237,9.125648305269205,1.743542622221788,35.592041658583305,-16.528359823179688,-14.583848577533852,-2.6333240449514,8.92026050285414,686,1,1,0.0,1,0.0
-7.298966426738459,0.8430537447245107,10.660969793955775,-1.0232727433497255,41.85027552979476,-2.0804649565043003,-8.50767584509611,1.5111374040381331,12.634977126406747,687,1,1,0.0,1,0.0
-7.133031080052959,0.21881920807459543,9.382009059342128,9.135689720910438,30.370553118295245,4.036198908344364,-16.32176853439,0.5077909652371878,9.751657815802211,688,1,1,0.0,1,0.0
-8.25214245674416,-0.005371420031551615,9.83192839252054,0.14650940306257526,38.35142192999016,3.0743744918914073,-19.75332724351679,-0.011579950290812028,11.753809282925166,689,1,1,0.0,1,0.0
-6.309288047144071,-0.07454763695099192,10.08677606965819,0.6424589009597813,34.25159832725265,6.12333348106822,-9.572190152982056,-0.11413340174050805,12.742610367566249,690,1,1,0.0,1,0.0
-6.8492863682949245,0.6390205285852752,10.180260842616208,0.2202847324929658,24.407351204039877,5.8272944519946615,-16.281002020220452,0.6750785444396725,12.224558014805444,691,1,1,0.0,1,0.0
-6.418112458032821,-0.488500206145642,10.406366100481888,-1.587168261619706,28.003320444822567,-3.620940370704196,-11.846994804116495,-0.9451276043387155,9.960186413733192,692,1,1,0.0,1,0.0
-7.277673967687191,-0.39040615726232103,9.620986618999856,-1.7128015762417155,48.44655242704044,6.275916975719453,-8.522111359825479,-0.5028889040114463,11.99212637726517,693,1,1,0.0,1,0.0
-7.003972230977328,-0.6941712193009059,10.145791608561101,-8.741560378083996,33.80293407109476,-2.2130253543676877,-9.687779397647343,-0.7725577925314142,12.019501386931047,694,1,1,0.0,1,0.0
-4.890577069896034,0.04001714216343245,9.98307747230645,-6.434967762084609,27.20827679266688,11.113521620437147,-8.126213231803426,0.07577797986636763,11.185190963497105,695,1,1,0.0002,1,0.0
-4.849243906232296,0.8050984528943842,9.996607767435716,-3.1322798541923698,36.14961673070636,0.18109958602620901,-5.2156299810780835,1.590814087222047,11.054817678703694,696,1,1,0.0,1,0.0
-5.934321798771207,0.032183988052182276,10.424238086763234,0.7349283226393792,21.38085042091539,1.38742683563042,-9.274700592885221,0.07561027334558128,11.041472663056094,697,1,1,0.0,1,0.0
-7.787065876182634,-0.8790550866091075,9.87998316105224,-0.364831202394203,36.155242090385656,-0.9744769922106109,-11.80617035319229,-1.0415938675307879,12.18890456130011,698,1,1,0.0,1,0.0
-5.486691880702372,0.6835183080711343,9.618355746589287,-6.1085532015982436,34.25739923801652,4.654485068254441,-6.212484035155675,1.1794205747092903,9.823073802705336,699,1,1,0.0,1,0.0
-0.01859180666302814,0.10816624202948136,9.759901888200371,-1.451954381968459,1.271745597654422,-6.450373444185254,-0.05332026788444454,0.1792539444446853,9.761092443849057,700,0,0,0.1532,1,0.0
0.46812609070154515,-0.09976567802591453,10.035395303350105,-1.2958803200061466,3.810948069323512,-2.0253821691992027,0.43284943509750684,-0.16846169264153765,9.969598097218906,701,0,0,0.1537,1,0.0
0.21292116839367867,-0.3593318956907699,9.927927924516224,0.055947107174307675,-1.6003671667455452,3.858336842442819,0.21041841229555736,-0.3469217687378743,9.841642361314461,702,0,0,0.1537,1,0.0
0.0682224741912556,0.039060125796996095,9.593573581598271,-3.738590663868557,-0.6848601304033167,3.262430526209551,0.07885107542546653,0.002707334607583607,9.65241199197267,703,0,0,0.1537,1,0.0
0.1358138870373161,-0.1184975760816527,9.691360078754638,-0.8136271281910004,-1.5629342270086726,-0.4583010017900321,0.03817280444650628,-0.0335537753067017,9.696437889333867,704,0,0,0.1537,1,0.0
0.18387720030508084,-0.10443633960427035,9.461354206556502,-2.1199908704362147,-4.2546411459862,0.19814233007482535,0.08468479664131964,-0.10218205424344483,9.493665477470485,705,0,0,0.1537,1,0.0
0.17539071497817757,-0.015433335773238738,10.026711688910162,0.7902469610434892,4.698893430030618,1.6182550775859288,0.10798671691886967,0.09008096743659934,10.096520487652686,706,0,0,0.1537,1,0.0
0.08725393488676987,-0.2441774304548281,9.796824501064417,-5.603558192454447,2.355790204898173,4.5518259761605355,0.05153982278461466,-0.27535856529352704,9.827948116572975,707,0,0,0.1537,1,0.0
-0.07416378541827179,-0.23438644927255026,9.545613942480948,-2.8358564919372,1.1871950287691033,0.9830502064337203,-0.029677512342064484,-0.3045197136997055,9.537043072796866,708,0,0,0.1537,1,0.0
0.5740200190014413,0.20155286130446617,9.56111142455432,2.9473500900810707,-4.215618616447729,-1.806159245927081,0.49877717816027556,0.17271555981392112,9.537912358097824,709,0,0,0.1536,1,0.0
0.1892644054918373,0.39886439321524997,9.560194319042578,-2.779486816638692,-1.4237825816985579,-2.2392881023960793,0.1618103101393081,0.40046309406760894,9.588165631709673,710,0,0,0.1537,1,0.0
0.00042624699692953895,-0.4355251005494057,9.520953034015875,1.4388400051250305,0.9425090550842736,-0.19266297600591953,-0.04448567440355815,-0.4028031830646875,9.504958766188583,711,0,0,0.1537,1,0.0
-0.06232888389272058,-0.18596393947331116,9.781232805860176,-6.1179199883624795,-1.5933911900378535,0.5441602534855332,-0.043565092277009304,-0.20991396706549928,9.783178497374276,712,0,0,0.1537,1,0.0
0.15609210746056235,0.4049328747560889,9.910112544475266,4.671862428066042,2.508090273506282,-1.5782297199453246,0.20233665247160307,0.4118116921117694,9.863156625795554,713,0,0,0.1537,1,0.0
0.5153383901196171,-0.7137363701305659,9.47905985109088,1.6767275858659068,1.9797956731498254,-1.6937199167484374,0.48918608398049346,-0.7501741526057651,9.468459825998151,714,0,0,0.1514,1,0.0
-0.027316338513704075,0.6882362279701782,9.554954296389353,-6.61338380048444,-4.445643337808363,-1.0187614161131977,0.04854055179267999,0.648015270490629,9.588068759693,715,0,0,0.1531,1,0.0
0.0732932382174604,-0.12764697483174103,9.82233919837348,-0.46176110895910105,-7.671588082732672,1.6086116463828215,0.07857167476330229,-0.1465084697518606,9.812045409045695,716,0,0,0.1498,1,0.0
-0.8338686714430535,0.180483298496194,9.913418972796727,6.507171732046377,-0.09780609536796528,-0.3665325444919041,-0.8188233742454747,0.20790957864612974,9.877600222525414,717,0,0,0.1712,1,0.0
-0.7201890904556926,0.12527236320615492,9.896298513042192,6.250502179665738,1.6725032660059167,-1.603737155556857,-0.6197657423698143,0.08647414331248254,10.024254919170069,718,0,0,0.1541,1,0.0
-0.08279711228309015,-0.12943020159292404,9.542009931510815,0.8952757247610135,-1.2390769517712878,0.9814766290612178,-0.060349597683309865,-0.16098767241776155,9.536520847836032,719,0,0,0.1537,1,0.0
0.06262287985897119,-0.15904378332860072,9.696945993865564,-1.8687345844459275,5.852364464050813,0.21975842803746165,0.16815461949456872,-0.17320454979708724,9.729192313496203,720,0,0,0.1537,1,0.0
0.23321755704653768,-0.12208807195112137,9.818712200205736,-6.918644957529847,-3.202349991079501,0.8984049148011115,0.2814220452924974,-0.09596231411033951,9.85118732884633,721,0,0,0.1537,1,0.0
0.08452346199121363,-0.5111859433445561,9.982843058880126,0.6692742418760536,0.21104140356850698,-0.2181667201965889,0.0055024863918352596,-0.5313270248264511,9.983667593272914,722,0,0,0.1537,1,0.0
0.6211581754199421,-0.13793912037157322,9.994206712759203,2.6310378166343282,5.220351917417764,0.9526666785691235,0.6450146552552246,-0.10021035239403718,9.965907829887048,723,0,0,0.1553,1,0.0
0.28544661156886764,-0.12997512319865845,9.950672619339459,-2.958303105996565,2.8600135553275607,4.601779070842389,0.24452222003604243,-0.1489626670582966,9.958344474047806,724,0,0,0.1537,1,0.01
0.33224211615343174,0.2924622527239928,9.816075069561196,3.6972451714670536,0.2953482008869025,-2.306363645134503,0.30413471971421124,0.33454102632941735,9.882328459808448,725,0,0,0.1537,1,0.01
0.48974530704238795,0.05885003670313314,9.836473045142066,2.4855843037618905,-3.4258519843025415,1.133618854452614,0.5112775381376308,0.07072270959790569,9.807836713822818,726,0,0,0.1537,1,0.01
0.37105573066583913,0.17573434569044125,10.253877279453212,-3.817741813387399,-4.82044912269906,1.7275048522729581,0.4509526658304054,0.13023702982447222,10.239813242497082,727,0,0,0.1527,1,0.01
0.31403852151142103,0.20301415501746764,9.878374232482141,-0.00219532873985974,-2.62583016028638,-4.285909703115822,0.2881573352808714,0.20602931335584723,9.944665757008574,728,0,0,0.1537,1,0.01
0.524889656744103,-0.3073676850022469,9.763200975479878,-2.5145078346888186,0.2670305308796798,-3.903208337157096,0.41090909026208283,-0.29364335399216457,9.751396432447502,729,0,0,0.1537,1,0.01
-0.1457451103965716,0.012955227918566764,10.34177691092522,-1.705741567027189,1.2832183805216975,-4.853246934700307,-0.13686663042021402,-0.007329999917688106,10.313781923248388,730,0,0,0.1527,1,0.02
-0.07784151795409884,-0.33733787332111903,9.746185970003301,-1.3220346741109628,-0.612225735962204,2.466376840407953,-0.12605573566896516,-0.30069092452907087,9.75636728040144,731,0,0,0.1537,1,0.02
-0.07779835269612265,-0.4040621598500037,9.813388567407184,2.839452812851286,0.27926084071554413,-2.478800037017509,0.03457835636234573,-0.5160442332433351,9.760479373014059,732,0,0,0.1537,1,0.02
-0.18753656182897854,-0.24090076984669268,9.536447598870959,1.04220571582091,-0.6057383217664791,-0.1310677089388352,-0.21359918103464015,-0.23465617900847452,9.550764312558725,733,0,0,0.1537,1,0.03
0.08209145333423037,0.055446118843876,9.806326287168329,-3.1127891327178236,2.127156000984748,1.760121058364333,-0.0405937817145474,0.05692030754879297,9.776895016409325,734,0,0,0.1537,1,0.04
-0.2996971463737698,-0.38665498181880686,9.776443570431601,-0.16279957096289618,3.814846353999397,6.339286197121025,-0.3559161284652831,-0.3670525595173305,9.778217017541994,735,0,0,0.1531,1,0.04
0.17502713789630878,0.3456571719136264,9.525448451552146,1.2282864136967582,-0.898830129097056,2.2187880705771197,0.16452492757174525,0.2773761048066194,9.519591651634702,736,0,0,0.1537,0,0.09
-0.2806270182597105,0.019387062655192692,9.83563655213826,2.61195786490497,-0.8386466612615339,0.9542183217848257,-0.32818747162176254,0.012712847825468759,9.761941955008448,737,0,0,0.1537,0,0.14
-0.2444465234362515,-0.254443379373313,9.626122112610709,8.478841405265962,-3.6054401871828015,-1.8923765260455974,-0.26180158838266476,-0.2811792370038266,9.602756743334083,738,0,0,0.1203,0,0.11
0.7920124441033354,-0.0580007289380109,10.255166208161725,1.898707971869424,-3.958766544487621,-2.692414120652436,0.835780714059255,-0.05393903232779034,10.28158793921309,739,0,0,0.135,0,0.12
-0.2369007125932981,-0.5144651819076096,9.94257112023734,-6.459423060974036,-0.18709349584407559,0.6148625451725509,-0.26330601833697365,-0.5631712961614028,9.896470995136761,740,0,0,0.1536,0,0.16
-0.06013467532898714,-0.31443471804009354,9.837075871289189,-9.162207127431616,1.3651981353380478,2.919579096471127,-0.03448360151382847,-0.2705710439096774,9.986743695369197,741,0,0,0.1458,0,0.17
0.21705976523599677,0.25228496705874703,9.936589377012156,6.097287336475796,2.8659351199009846,1.5003863528949521,0.19723826512735998,0.2296842856837809,10.010471740829109,742,0,0,0.1537,0,0.2
-0.118178699233698,-0.12231763821004668,9.455226339046538,-3.8058867157267606,4.562025008896052,0.5716811928000028,-0.12876974077582548,-0.09188803077576622,9.477986114518535,743,0,0,0.1537,0,0.18
0.17402798271583172,0.18985728197765095,9.820435852526646,-4.643754504692546,-8.29601450281253,0.3197310769396059,0.22161762571373078,0.20851868508543184,9.895281886890132,744,0,0,0.1498,0,0.19
0.4346052361932505,0.11725982931823023,10.107355151486493,-0.2449475049405948,1.269133593909713,-1.3799877999840737,0.4284638681501295,0.0811214796171284,10.061983122019992,745,0,0,0.1537,0,0.19
-0.4318497091241071,0.17498719935001295,9.722095118763367,-6.037704461123244,1.6230202353041991,-0.21260125913232197,-0.36760295795236425,0.21247692991287462,9.738159531937091,746,0,0,0.1537,0,0.19
0.12639164362518193,0.19134404056946666,9.949101345748977,5.68168808408275,0.16315188217544757,-3.5553401393739095,0.15812685640268825,0.235120548354391,10.017497261662289,747,0,0,0.1537,0,0.15
0.10697593458791452,0.147566046077634,9.701396825330391,-1.5630595517228723,-5.527351255783446,1.9858073371316212,0.02728815082157289,0.23167462466204286,9.645113830119604,748,0,0,0.1537,0,0.17
-0.04213366675882506,0.5500231298325038,9.478569693162552,-1.2634062416006824,-1.8561513469880246,0.6856886001790803,0.031743721136373984,0.5974308638468643,9.407944014468647,749,0,0,0.1522,0,0.0498
0.1201523477022219,-0.06228376834485218,10.109691917062612,-1.8241320040254227,3.582251804941011,0.3141820787332654,0.13701534636568974,-0.09340976565354622,10.152130213406643,750,0,0,0.1537,0,0.03
-0.06379828265374148,-0.21896480636501248,9.860903004776933,2.917345269320365,0.8169485856897312,-0.008083472364810204,-0.1319950278127566,-0.17888403548385012,9.882673534354183,751,0,0,0.1537,0,0.0498
-0.0026273470221377998,-0.06420087131163756,9.878916489923828,5.785245916592103,-2.3433334665335255,0.5232179881926442,-0.16550873149934436,-0.012281864582373493,9.765207891120827,752,0,0,0.1537,0,0.0205
0.2521547550493914,-0.29986413985745947,9.889445230966889,-2.3515129744333034,4.930485989596994,0.33740096494306104,0.21754270442885715,-0.35376473693020744,9.904773245878811,753,0,0,0.1537,0,0.02
0.1856194115697444,0.43440290266271464,9.872849698087949,2.0165558915662265,-2.1275276416832334,-4.835269910290753,0.1237961320445525,0.4435625327402312,9.959648403713205,754,0,0,0.1537,0,0.02
0.15162600708061688,-0.23248614907999388,9.555037538369692,-0.16058373794211178,0.8918935303862472,4.034334538786133,0.18613861704389997,-0.27264037779420147,9.51994522661384,755,0,0,0.1537,0,0.02
0.013010833606100284,-0.5844793445516764,9.621808473989825,-1.8521402122177169,-1.5849161737472255,4.897769999348033,-0.027344719588081514,-0.6447052278360891,9.558968413388897,756,0,0,0.149,0,0.03
0.34609529364597635,-0.005660216008350723,9.881147002531842,-2.26859461193601,-2.681596178235731,-1.5728081416554012,0.36861435625422334,-0.026267112517022365,9.880617144325143,757,0,0,0.1537,0,0.04
0.11406045235578596,-0.014143740657502044,9.868270183495998,-1.249270327011592,4.3702644239756205,0.6475972014325105,0.13143253699413793,-0.08343310649339317,9.865939641450966,758,0,0,0.1537,0,0.0307
0.5808171446651781,-0.3913093718997794,9.784095667519225,0.9340095088410066,-4.084228872780245,2.7458177039170732,0.6298700845483653,-0.39236076315598534,9.778702137020426,759,0,0,0.1552,0,0.0307
-0.21073149566188265,-0.23738947756327028,9.995233922789314,-2.309625363622829,-1.8426083762059782,4.221238814599908,-0.2315215597578645,-0.2890176042127367,10.08867551789174,760,0,0,0.1537,0,0.0393
0.36041103447890216,0.12732496576217237,10.081095914323212,0.6608803425709144,-0.7018173657807747,1.3618118261673762,0.33587073325738726,0.14925567445239712,10.02241561173853,761,0,0,0.1537,0,0.0293
-0.4216858638159472,-0.16857790276327805,10.0365572394804,2.534110595181476,2.0230117538214327,-0.42696380889777497,-0.43731756346164113,-0.24289422647762932,10.108217169609347,762,0,0,0.1537,0,0.02
-0.4923475764992976,-0.13221140615457003,9.942542910627571,-2.419153730513175,-1.7746453631641994,7.182106413591787,-0.5087303059573804,-0.18681377884505596,9.965433614246942,763,0,0,0.1531,0,0.01
0.6113134983564336,0.14730210637287156,9.717904144934087,-1.2153793549303957,-1.5690181113489041,5.115021286503236,0.5241520096591553,0.08038424327777205,9.749899517191135,764,0,0,0.1521,0,0.0207
0.08585690022972789,-0.2626737349770521,9.850398710432204,0.23387942148944352,3.3501299715790456,0.662207970257869,0.042091260250257154,-0.3306736872547808,9.841970626104194,765,0,0,0.1537,0,0.0214
-0.15942979023649861,-0.25344669387801555,9.716712833597636,-0.8112661941360146,5.109565276115884,-6.95350535105276,-0.21567630698137608,-0.35142370124271194,9.690308810344774,766,0,0,0.1532,0,0.0114
0.627977054500528,-0.16514697145086854,9.953881381838261,-7.586469151374285,0.4364818257713359,2.6767278449559133,0.7122661432988321,-0.2056357089425443,9.835408540636102,767,0,0,0.1412,0,0.0101
0.18555489388151664,0.04336539623496928,9.665710369254718,1.1398537016653592,3.742954711971934,3.529667214476128,0.20766625119979013,0.039625763028775705,9.729401325506352,768,0,0,0.1537,0,0.02
-0.24774177686629464,0.049264976583919214,9.529477017098449,-0.4642325783258664,-2.2401997542256984,-1.6779192855950633,-0.2671857573305626,-0.0009772110028486922,9.579976849134347,769,0,0,0.1537,0,0.01
-0.17299292363100366,-0.10271189089032383,9.749556571371786,-1.8998633107828615,-0.6522376670095906,7.226473974516374,-0.14669412063868928,-0.07049243865363833,9.746540087414546,770,0,0,0.1531,0,0.0138
0.3914969921866552,0.018592097977057704,10.127634840829469,-0.14089060824892108,2.0131444631758004,3.01308026804717,0.4175273330080693,0.01426734369330649,10.200461658870735,771,0,0,0.1526,0,0.0138
0.1778119394148564,0.34917845331241587,9.670376738350498,2.710365119274156,-2.786606077074319,-5.206114853208808,0.15703288562638593,0.3840213297814159,9.70800028488711,772,0,0,0.1537,0,0.0148
-0.8415793872743691,0.16085784562841554,9.569620119751928,-1.4408004899504305,1.4533215942845825,-5.82614972430361,-0.7512904409821625,0.24289451544256901,9.565626080613496,773,0,0,0.1688,0,0.0255
0.03074864073770376,-0.7385090201133548,9.595900156448652,-1.4524078269967566,1.5327187691713862,-3.305244649997707,0.050970128751493315,-0.6151618593632833,9.66363007196867,774,0,0,0.1502,0,0.0145
-0.20450534324463054,0.18245439713123518,9.994631476176266,5.0788054192143886,-2.3588180926910534,1.359408362624997,-0.1313090978534361,0.17412813083272202,10.012285874727846,775,0,0,0.1537,0,0.0145
0.016458454200598455,0.2747021417841642,9.57491560300622,1.3635493003014942,0.8381371977436232,-2.7722006626957847,-0.0302089711011377,0.30880625868232753,9.534185778034455,776,0,0,0.1537,0,0.0145
0.057299884076300274,0.16229741819721114,10.123284268691835,-3.6214137000416593,2.269965061810937,0.8485158508813176,0.005074422734119281,0.18707929486816155,10.116579486996033,777,0,0,0.1537,0,0.0108
0.04183123645938811,0.05657537695074613,10.023313636429235,2.0270047350828286,0.7750866296238819,-2.3667923384185534,0.02529694773593832,0.11879670082515248,9.965681404565021,778,0,0,0.1537,0,0.0107
0.43234505029761766,0.7085637568727329,10.188873571595671,1.7311491096795808,-3.364506830772472,3.6799862631458016,0.33355854531483053,0.6832980105369123,10.14362574225598,779,0,0,0.1537,0,0.0112
-0.13002214232904916,-0.1352324107813228,10.223741761771608,-2.0406932118129335,-0.09442147711581078,1.7667619034685504,-0.11065798591158346,-0.140005733315263,10.246321785680495,780,0,0,0.1527,0,0.0001
-0.06274858179932183,0.10893699114815826,10.043725827079014,-3.941070504948227,-1.374711115898084,7.089864761837345,0.014901720721131856,0.026132255452917266,9.969853467038622,781,0,0,0.1531,0,0.0042
0.28649404034753145,0.3644056437743823,9.969473412918916,0.5093969081605965,2.042342884972946,1.8350318275856414,0.19825545317479037,0.4137104076935782,10.021851292745252,782,0,0,0.1537,0,0.0005
-0.022665766559295666,0.11684921571875626,9.617634596104647,-0.2849976652238961,0.9200772761806981,6.701883082224765,-0.0342460804661666,0.12893696675406346,9.588875235407063,783,0,0,0.1531,0,0.0005
-0.11412441002771136,-0.9689884707350445,9.833721827672571,6.116206919414063,4.502797104162863,7.612127061806209,-0.10501251056003905,-0.9496607751904946,9.851815393462944,784,0,0,0.0791,0,0.0001
-0.2826065204317556,0.15135471043434762,9.51706062342854,0.8991589537529243,-0.19424727229501515,-2.2315867281230615,-0.33232486923323623,0.21310303828489988,9.599894573944349,785,0,0,0.1537,0,0.0037
-0.13432438057988788,0.06583069868838572,9.658116357623287,1.8543549066633607,-1.2773762909812412,-2.552025675348292,-0.17235606453813201,0.09979756093030187,9.588302329845588,786,0,0,0.1537,0,0.0038
0.35877627241318244,0.14637681328573407,9.964794616394155,-1.4591747728624,0.46130584406955866,0.37418491817096566,0.38236138375433626,0.17275180366092466,9.917232876878757,787,0,0,0.1537,0,0.0001
-0.06762224098627549,0.08421038088184443,9.921043546420515,-2.6874588086694624,1.5100935831443483,-3.006360583673815,-0.042295386189264914,0.028117039038329683,9.942325134863472,788,0,0,0.1537,0,0.0006
0.30871614641547845,0.34383831593373226,10.076650242108713,-3.6506955831007066,-1.6045258398270614,-5.533776555900308,0.37903910137990626,0.40152360185595143,10.03752289495774,789,0,0,0.1537,0,0.0102
-0.09394229525097403,-0.31186601055525315,10.126889585531991,4.2729263741301695,-1.2953822365617564,1.4469553773516042,-0.1065155543328702,-0.3439586474611766,10.138936055909863,790,0,0,0.1537,0,0.0102
-0.42286146006433983,-0.1856456970869441,9.652282752457037,-3.0727624552227875,-2.991485975227524,-0.4538702134829291,-0.4678679461062829,-0.21313973967892072,9.825491682059019,791,0,0,0.1537,0,0.0043
0.046780409719953835,-0.15499146224775065,9.814919943426318,2.104066285158643,2.2938227768179873,1.205854640181974,0.08511131259474816,-0.11384083966998586,9.824390019814267,792,0,0,0.1537,0,0.0043
0.0364021153852145,0.2818148111254502,9.891465471619693,-6.403398330767388,1.0074194267735341,1.5495662091607179,-0.008642439568805622,0.30054682455346443,9.932520719918621,793,0,0,0.1537,0,0.0006
-0.017268640176727933,-0.04586448227728534,9.831904324958552,-0.5541014826346321,-4.813755817697314,-4.54575638577644,-0.03753070990082602,-0.003113262055634093,9.779429571005954,794,0,0,0.1537,0,0.0008
0.0994447701252756,0.4137996279454897,9.69263118960971,2.5120788091164155,-0.8832988145243548,-2.5092689084994477,0.06561711427781755,0.4103846795524663,9.697364281210513,795,0,0,0.1537,0,0.0104
-0.015524247298256019,-0.0216856751363039,10.065400262428938,1.0220658648398746,3.021804514456277,-0.21632141813455935,0.04414277292107745,0.05161325345031163,10.113673277196222,796,0,0,0.1537,0,0.0146
-0.1338911879168625,-0.13204805786273127,10.251698865575527,-2.6580081417986445,2.7838782521419363,-1.505834411272955,-0.11713612282562355,-0.08683643304680785,10.223940008539936,797,0,0,0.1527,0,0.0221
-0.4927667614575838,-0.4231163112426453,9.558936551328054,-0.7193885184079283,-1.384972003601367,-3.367797257155525,-0.5358579807702817,-0.46045883195686665,9.662914392086067,798,0,0,0.1537,0,0.0137
0.22938654624450577,0.7688106354256813,9.713666430402888,1.0827215594620794,-4.770577122628732,-4.083876686776663,0.2655401509480926,0.7365645640265704,9.738146218818725,799,0,0,0.1555,0,0.0231
-0.1982947305903234,0.24840569950434832,9.877351485265857,-3.225414070124698,3.5676943740491973,2.562231961585735,-0.1735751659735194,0.3116058327067235,9.933078333079054,800,0,0,0.1537,0,0.0272
-0.11980824209865566,-0.13238568029650333,9.67266585362709,-0.15895649212662644,-5.929653851757886,2.421754722630527,-0.13625674078295058,-0.0840773763106776,9.693843764960365,801,0,0,0.1537,0,0.0231
-0.04126819228784638,-0.14490764831239794,10.074413765900706,-0.672658512733298,-0.11741543402637644,2.5357244099472567,-0.015535745719786193,-0.15061168663712854,10.001564033636733,802,0,0,0.1537,0,0.023
-0.16360869972996528,-0.31090825967096564,9.966363417433229,1.9577556137148813,-2.714826888589184,0.8675384668883064,-0.20533259659946526,-0.32241150050201683,9.929027000646204,803,0,0,0.1537,0,0.033
-0.6324136319607212,-0.3976620599006986,9.661783926889099,4.172520331950372,3.0755230824889046,-3.0148896277615247,-0.627882885016883,-0.3496487422108461,9.628886754364549,804,0,0,0.1538,0,0.023
0.17010699163640525,-0.11062906425155679,9.918916477392091,-0.33243961877553774,2.9830642894782304,-4.030581407354468,0.19551968148758436,-0.13155667981593755,9.926525893868186,805,0,0,0.1537,0,0.0271
-0.13970836870643166,0.23225613311423093,9.631495493142824,-3.7450474538786303,-3.06022247662339,0.5331472302756255,-0.058478942087552374,0.272899510318811,9.676440080281822,806,0,0,0.1537,0,0.0231
0.10803669407290802,-0.2622363646674625,9.779795164766394,3.959459955393881,2.6405491192271024,1.1655675016651534,0.10578261031875948,-0.23113701300997977,9.724820303275928,807,0,0,0.1537,0,0.0231
0.3180043476604804,-0.7500742238813374,9.632150190871132,-5.0644747486501105,-0.4111658570782433,3.8308493506353813,0.3294868714406767,-0.6522790385318094,9.587414260997798,808,0,0,0.1514,0,0.0226
0.35665351648138544,0.22168386818077648,9.777839254828555,-1.5638292907030307,3.4861762978864164,0.85319821286303,0.35500313475631246,0.190170465457765,9.692509699828314,809,0,0,0.1537,0,0.0231
-0.1509233514647374,-0.14031561797757747,9.63779214103855,-0.9137330288127026,-1.5983701872028093,1.3739269043968467,-0.17913157029179697,-0.037230578043483536,9.663233375528245,810,0,0,0.1537,0,0.0231
-0.19750204290409537,0.08668323058332515,9.681781635610715,-1.191273264090175,-3.7536153673915695,7.498716162180443,-0.1408497802456984,0.13585873533804693,9.74379994954788,811,0,0,0.152,0,0.0331
0.48859563332973516,0.4105007173566986,9.725900689085574,-8.280767507599506,4.334461418285702,-0.9472896787391096,0.46739323992936715,0.3581928263621054,9.744557017342057,812,0,0,0.1465,0,0.023
-0.04792068758529586,0.1193201566257449,9.976204745648081,1.7509349029677463,-1.0896809033750956,-1.120366233485174,-0.09884397963574776,0.1254500051759244,9.97589793588862,813,0,0,0.1537,0,0.0226
0.019991245730108423,-0.0398668909561738,9.519778054766324,-2.1934227163898603,-0.8911675756832149,1.9026758284679737,0.06985408447342921,-0.0009312719104131381,9.422887601609435,814,0,0,0.153,0,0.0228
-0.23766010341155205,0.2288032866691765,9.979029697495003,-1.6517002199122208,0.9109021112780509,1.3191250362784754,-0.23238781920181678,0.18475126727690108,10.005268103100004,815,0,0,0.1537,0,0.0282
0.030643010521218195,0.020142705283835643,9.885882086885317,-0.9512818074963879,-1.3893315229231418,2.361249173862213,0.021525320014193598,0.01559157636072556,9.892652954799445,816,0,0,0.1537,0,0.0132
0.10331076523650033,-0.07603851784974276,9.720078295891499,0.7855946248419519,1.794623674700821,2.990822620075887,0.09290391996738104,-0.0494138757743425,9.680850639792233,817,0,0,0.1537,0,0.0132
0.10944706290995178,-0.060518745142308816,9.77897840820147,1.9216612437483356,2.234305291809208,3.5317067696387756,0.11703573424330496,-0.08328899169264356,9.790538445411277,818,0,0,0.1537,0,0.0138
-0.2753902090052978,0.5042624460092293,10.308201580113838,-1.518776847571255,-0.5316804194725051,3.113903245706039,-0.2609588964181304,0.5152997026544216,10.256369232920878,819,0,0,0.1512,0,0.0036
0.19732496362284535,0.21187697453407012,9.71885537424789,0.1275910447658031,4.663523635323121,-5.696172837977954,0.16223653604167348,0.12423106487149675,9.689554488460178,820,0,0,0.1537,0,0.0132
0.4264835538064091,-0.49125509637299186,9.808227655863172,-0.9928623375349742,6.560583349926558,-5.4383320249406015,0.45186886876933674,-0.5342462074374037,9.78195910520059,821,0,0,0.1537,0,0.0134
0.023234629206168856,-0.18538514407228093,9.830699900309947,0.9673159457243534,-6.661723307453347,-2.1731060354930913,-0.008973788199253045,-0.13309677268632691,9.790996945462789,822,0,0,0.1537,0,0.0134
-0.38128647135167276,-0.35415072636503236,9.643023135197412,2.8075267729332785,2.566140384419712,0.1933445976019304,-0.36276657778242394,-0.32354179262106264,9.591165640182172,823,0,0,0.1537,0,0.0244
0.417867852021626,-0.4963161671249551,9.578574220260782,-5.415285057460803,-1.985073020080969,0.23166838402277998,0.38375063406883286,-0.45458029819662765,9.52786327088425,824,0,0,0.1537,0,0.0148
0.2922240251772728,0.30027944152141844,9.867812441380499,1.5218040902096215,-4.81281758327853,1.547570100768469,0.4027727909902967,0.3323918199921114,9.882517852885615,825,0,0,0.1537,0,0.0148
0.07474652477515986,-0.06645203073950506,9.316189881629438,-2.799631624650582,-0.9935690072983551,1.9767758218750875,0.09314669170419158,-0.08549694291035767,9.323446856531937,826,0,0,0.1476,0,0.0048
0.051136422566347685,-0.31102344526282694,9.746932138216378,-2.264884386681667,2.3032384160114523,1.3134958714587674,0.12418518090771682,-0.3854292436404365,9.696817059391632,827,0,0,0.1537,0,0.0144
0.12302324883395704,-0.38938000712478404,9.705576893892049,1.2944866001616273,-1.9472665687859763,0.6951635011087302,0.13895870218930056,-0.4322895264910408,9.6549063486779,828,0,0,0.1537,0,0.0244
-0.08238238036440555,0.402321049844602,9.828529736995,-3.125562239941465,-5.337113752718972,3.777250635088709,-0.08623330391770277,0.3844648342459311,9.795247727411573,829,0,0,0.1537,0,0.0197
0.21545170815482492,0.2087278101867774,9.955159596401305,0.597184876210798,4.027417272079365,-5.389443929943501,0.2558825542511523,0.11651515093664563,9.94148568537816,830,0,0,0.1537,0,0.0135
-0.3352754824259924,-0.48473745615975705,10.006255766761017,2.450439002861865,-0.34964803863141936,1.2008109821577717,-0.34860022030208354,-0.5638615400993915,10.011261254497773,831,0,0,0.1536,0,0.0141
0.09213741056724008,0.19017230464953974,10.061380367035127,0.14634826238276433,0.9518122237284974,0.20121166831232218,0.05818705061638834,0.141204881600911,10.031027517321952,832,0,0,0.1537,0,0.0188
0.32406430296117733,0.21005807044089292,9.930842407873213,-0.41945970762519064,0.009445994342525712,1.4060852169749234,0.3661694256545766,0.17014411216779812,9.936008884696909,833,0,0,0.1537,0,0.0244
-0.13972591953076624,0.0346148991242586,9.662169278893005,4.508541587099444,-3.591180802307314,-1.3193691520553574,-0.10954515629738705,0.08548141630326689,9.652352885383678,834,0,0,0.1537,0,0.0973
0.19188599832206085,-0.015713370617244687,9.917062152297325,2.7315868624317536,-2.0639761523993974,-0.8645963216180423,0.19722291696669594,-0.10268083172066303,9.84444298733694,835,0,0,0.1537,0,0.0582
-0.08820581712674518,0.2180434107030507,9.820819250283318,5.374623396150873,0.6293322852808287,-1.6956004451590099,-0.14683821080515302,0.23793049532257904,9.854193024760827,836,0,0,0.1537,0,0.0393
0.04052411232415198,-0.770789268569116,9.730874583642118,-1.7212451654029621,0.14279047182088717,-0.24688962421474847,0.04069999311139394,-0.8159327008953418,9.735508254746223,837,0,0,0.1481,0,0.0598
0.33748197084622733,0.10284955832548136,9.787744168870097,-3.05747157458582,1.6564951065089297,0.5892142706466289,0.3674630186788543,0.04455033563846547,9.789667250599189,838,0,0,0.1537,0,0.0399
0.300486588448895,-0.46726334998284874,9.999096726039358,-2.2558672073175594,1.3493655075158224,1.3891604151734653,0.3205914183202554,-0.5780519188272671,9.947111188891014,839,0,0,0.1536,0,0.0388
0.2081805173597757,-0.150606224633091,9.892954354365333,1.918170095447547,-5.955739949729388,-1.9346128881073121,0.14927183962235155,-0.07622139851490166,9.893444174159962,840,0,0,0.1537,0,0.0389
0.23047942721094472,0.44159784947668984,9.960241799854186,-2.427080353517839,-0.5706236723060792,2.2755258815572237,0.2537754182419841,0.424492702241132,10.010523275243415,841,0,0,0.1537,0,0.0391
0.10610011365636014,0.28551016931502293,9.808804940759622,2.4485378523870587,4.2626865327983126,4.512339295105053,0.15252193422321714,0.2926843611115257,9.702764422156442,842,0,0,0.1537,0,0.0282
0.3852539717193686,0.30706772597193405,9.637987860213569,-1.915623320396266,-1.255204447467238,3.4677934201243135,0.3743855835207712,0.2755125089758679,9.546160438885178,843,0,0,0.1537,0,0.039
0.059784726063036885,0.35115687658282896,9.862321288722377,-0.5877271580811438,-5.705930836148967,2.0606593763503533,0.15379487723975963,0.4171205415726981,9.742110856620297,844,0,0,0.1537,0,0.0396
-0.133085930512805,0.1925053503371066,9.55927250366829,-1.2933724269831035,2.0671299285531592,-0.7658083409297765,-0.1589676083005325,0.2929985329737397,9.551162339165879,845,0,0,0.1537,0,0.0388
0.26501337238496075,0.32270723434956794,10.013540364082465,3.143153060828011,8.890532131717448,1.7894918248237555,0.2707902412286426,0.39221447347578564,10.031020832556175,846,0,0,0.1364,0,0.0275
-0.48578068573597366,0.04179388965409298,9.602731457300365,1.4694343972348576,2.2626616619741045,-2.761914494360982,-0.4931393896641145,0.04288574509305834,9.593386775023689,847,0,0,0.1537,0,0.0314
-0.19006635466621258,-0.3150377198583328,9.671588327922624,7.399598733249185,0.7702132953688772,-2.127130276071362,-0.14960170905723322,-0.3105388076332957,9.652703623007675,848,0,0,0.1504,0,0.0223
0.12393369026553662,-0.2175661618060029,9.732075497718634,1.7744655547810453,2.7875776394656624,-4.926833166762385,0.17028552857637028,-0.20869724876431123,9.796828276665535,849,0,0,0.1537,0,0.0219
-0.271029206930773,0.13118452478614998,9.94281161303064,5.947277125083543,-1.8171707641956956,-1.7163800022190587,-0.2801816597965504,0.13005034226484333,9.957862423841245,850,0,0,0.1537,0,0.0219
-0.4492963948144757,0.18194148558120135,9.566308547224658,1.762279880921155,4.13418931853232,1.2645975168995371,-0.5318057133714551,0.21994466470094498,9.542764667099714,851,0,0,0.1537,0,0.0225
0.28436246654079267,-0.15803887473153008,9.797796745256962,-0.77653496108982,2.530153933173213,-1.9340486725146646,0.31704308257528613,-0.08279548648284954,9.809265553130928,852,0,0,0.1537,0,0.0215
-0.21448428647294998,-0.2364382337112856,9.878309047853147,-2.9864904783493436,-0.6503289919434052,-5.291058482642774,-0.23575779761491292,-0.1641603061112664,9.805390410972024,853,0,0,0.1537,0,0.0219
-0.501195516981869,0.11426981297053539,10.049832429701063,-1.9838788780065617,4.3482382567240485,1.6674353842474636,-0.48990138797384203,0.05457662352062138,10.033623132995999,854,0,0,0.1537,0,0.0155
0.1764066430734713,0.16790550031633572,9.735385365741061,-2.2823855499246073,-0.874049588929189,-1.9327371350969305,0.26775198795014293,0.16431025372990476,9.692490378910584,855,0,0,0.1537,0,0.0208
-0.08841824361865827,-0.3865442041685166,9.67922129505419,-1.9397568475395208,-3.829430020843197,3.802529587761653,-0.10981309469736264,-0.4211712613605776,9.672925522295314,856,0,0,0.1537,0,0.0219
-0.09948769198216822,0.5834354792644932,9.74666623772952,1.924192307419183,2.091734922609342,-0.23996550791417542,0.031684388944407144,0.6161884442815357,9.853887386205074,857,0,0,0.1532,0,0.0224
-0.5276077604637791,-0.2697374263315285,9.940017332583782,0.38641697119902907,1.4743587154432938,3.454204882890542,-0.4162736050572997,-0.29460836971260146,9.844480860020024,858,0,0,0.1537,0,0.0249
0.10502424551646972,-0.34744242377820644,10.11286679179421,3.413932919692594,3.928506878957709,-6.341300082695312,0.1489015490184804,-0.35698672505525125,10.032846465308618,859,0,0,0.1537,0,0.0146
-0.02026389472690195,-0.27984019498297463,9.88423280013182,1.068836384617389,-2.302444508984249,-0.34626622434755344,-0.03227323838169266,-0.2834316549437286,9.873072831703947,860,0,0,0.1537,0,0.0146
-0.14243102222659584,-0.12749751070886844,9.828725718723742,1.084475576882371,-5.829184775380796,1.1275013212510032,-0.15039248621951637,-0.22999676192701887,9.835545841506516,861,0,0,0.1537,0,0.031
-0.20929598060201982,-0.2195534452737565,9.74257767174181,-3.854928206353872,4.475671096743319,-0.7251572452669058,-0.241415469856587,-0.15620569228321562,9.779324887319037,862,0,0,0.1537,0,0.0214
0.43753417251226984,-0.08487664138837432,9.766411320450239,5.45113619243016,-2.8680729504961993,-4.999291931773046,0.4378394467060482,-0.04108861503788591,9.710657564095124,863,0,0,0.1537,0,0.0277
-0.3952862760148829,-0.2328435849353119,9.656999857034718,-0.9308193147496036,6.668187410181314,-0.2919398758435003,-0.2701688405177253,-0.26816066624349283,9.631460433933501,864,0,0,0.1537,0,0.0377
0.10161590500029621,0.4268321225436343,9.758412085350132,-4.387115731790329,-0.5510072937686852,0.7250647608108984,0.1220709627821299,0.3860224668345169,9.853989909355613,865,0,0,0.1537,0,0.0388
0.03317737614687927,-0.6682495461843877,9.44619671473669,-3.99438111709658,-0.9933387940209484,-1.2823720616451975,0.03294789400092133,-0.7504577861852256,9.492363097770214,866,0,0,0.1483,0,0.0276
-0.224993290495967,-0.09213725621879348,9.886482500320517,5.090945502054389,1.4000327550500502,0.9889750044035919,-0.15835863037698095,-0.007908089813188343,9.820999200629455,867,0,0,0.1537,0,0.0439
-0.318513933737595,0.2395474595551066,9.615171582654952,-0.8795190203185109,-2.654358258770108,-2.934011109407359,-0.3368060349319922,0.1667817902210353,9.646224638622575,868,0,0,0.1537,0,0.0549
-0.18046304736379346,-0.10858514805605263,9.838892730897733,0.29159540222721686,0.6334882608588241,2.0927535511805675,-0.17373810085429914,-0.09755575949727455,9.786865128323281,869,0,0,0.1537,0,0.0835
-0.2454179915674252,-0.17504240590948236,10.023480830246523,0.8070727030085596,-3.5500323784651036,-3.486258595398006,-0.2808449693953533,-0.2000487439193878,9.996172698784482,870,0,0,0.1537,0,0.1039
-0.2850064587950704,0.10057588068647277,9.671869011523139,2.591025902113656,-7.029902536025926,0.5935536550703797,-0.3090001689176482,0.09256582908149734,9.769881635186932,871,0,0,0.1536,0,0.0471
-0.06339243537886476,-0.42872035858119567,9.580176156980851,-0.2257994488503143,-4.10862247480089,8.200837703526208,-0.03598336803634145,-0.4487066309167346,9.616946406639519,872,0,0,0.1484,0,0.0483
-0.18750684883295324,0.5454863279347084,10.035524167682915,-0.31595968084317955,2.4018584327389867,-0.7823478884050357,-0.11785451142118802,0.48852708622401003,10.051651857390874,873,0,0,0.1536,0,0.0696
0.3318315475605112,-0.0027557280245136717,9.822753076775951,-3.403476357437515,-6.981532724140294,-0.8119698928789406,0.33287399965159015,0.0002869972324202031,9.799212394111938,874,0,0,0.1537,0,0.0289
0.01656187260727391,-0.2209949017348138,10.09178865293616,0.11792883916793344,-1.1433068708048229,-0.3313966876770791,0.04131776801482933,-0.24638769789549314,10.0270166684805,875,0,0,0.1537,0,0.0661
0.5357427231182273,0.5800805204368913,9.685575465818188,-2.1376703182188654,1.0047111357997236,-3.717608363008231,0.6173794789104515,0.598182288729399,9.636208593793807,876,0,0,0.1529,0,0.075
-0.22179952457940347,-0.358936937969906,9.840161026427651,-0.03761767884006527,2.151824687196442,0.7215273201867951,-0.22062034333215966,-0.294571824895544,9.755636568808583,877,0,0,0.1537,0,0.056
-0.028841755554616565,0.27961851764172146,9.873013972908621,-2.949708701232777,0.005555480466744727,-2.2267299127692777,-0.057237073422959375,0.286672309771408,9.882238213712132,878,0,0,0.1537,0,0.0829
0.41574041231093894,-0.37114928268603187,9.93861646527188,1.6074025621280885,-1.6773385691965093,7.829782404857856,0.4248068870162167,-0.46382919747135243,9.918812299781205,879,0,0,0.1487,0,0.0523
0.10621146396520338,0.3353983676777347,9.895754918044096,-2.891975848213462,3.5456264637699033,2.751416413847495,0.10935616782516848,0.363633518203364,9.938850269260026,880,0,0,0.1537,0,0.0723
0.3936051510425065,-0.5710917499674448,9.855494205353295,-3.191137088780506,-4.647066404947618,-0.45327142436063317,0.39377159866110467,-0.6224246896680478,9.75057648489778,881,0,0,0.1489,0,0.082
-0.34041047987993706,0.005430815282258426,9.96749767799731,-0.6364731499715751,-2.3533850537613636,-5.256519021232267,-0.4572972167718155,0.1115643911656974,10.001405121185382,882,0,0,0.1537,0,0.0919
-0.12291168068908997,-0.025569100130089926,10.015917659636983,-1.274353412520738,-2.81455395179818,2.6096327152224204,-0.1159689968612106,-0.04932483153702548,10.098294456998893,883,0,0,0.1537,0,0.0721
-0.39304646581150854,0.0017812936462240877,9.680768123233067,2.361162113056899,2.3465608942287464,0.040287192102835476,-0.4920657724891155,-0.031196320742864655,9.64253611643395,884,0,0,0.1537,0,0.0721
-0.09666224416405293,-0.33425413501988205,9.646960677454286,-4.465748314700681,1.9524889660932194,0.15531284954599456,-0.08094852214192783,-0.36211427678382474,9.687843201879595,885,0,0,0.1537,0,0.0819
-0.17571002386300785,0.0886556851363116,10.03394121904227,-0.32057873660999964,3.411108397253061,-2.9264813419028592,-0.1128599718076386,0.11000943072863072,9.92583727143631,886,0,0,0.1537,0,0.0627
-0.37447320340576623,-0.33670663910572385,9.789687381974783,-1.0087546019308664,-1.4608971327666884,-0.29231463097696464,-0.3759140105554305,-0.2813993046646851,9.698863115476435,887,0,0,0.1537,0,0.0527
0.22626668833533511,0.10006968354017272,9.651607512498689,1.616256814878887,-0.2720210641632836,-1.110556299001139,0.20145886344367345,0.1806010393195414,9.712875358372106,888,0,0,0.1537,0,0.0627
-0.5154452055894925,0.005255333649254561,9.824894942786774,3.125418393239723,-2.6433768891674614,2.064619684093825,-0.4032374809373475,-0.03312996556364041,9.798713200198362,889,0,0,0.1537,0,0.0716
0.36035729806615086,0.021635502425682334,9.741487309749985,-0.25598589666406313,1.8525215481411246,1.0713469553205652,0.35780257937126553,-0.049009221675632444,9.720187807785965,890,0,0,0.1537,0,0.0517
-0.2282591666735091,-0.07126808124612462,9.746855408961853,-0.03877248815823357,-0.381258229554909,0.9125835814807135,-0.2527711522719023,-0.14268287243385328,9.724854123484386,891,0,0,0.1537,0,0.0516
-0.1016927028117201,0.3692148327240051,9.976797846291952,1.1938222168822046,3.1113140717892964,3.3368601201971417,-0.131778975092301,0.3864346397227387,10.01687991242568,892,0,0,0.1537,0,0.0519
0.483426937341205,0.09685816437509309,9.877384627489079,-4.144659479531272,3.6996190153477593,-3.348833376804407,0.4496926195896327,0.18390381049469068,9.847354405134478,893,0,0,0.1537,0,0.0618
-0.48536939310017724,-0.16514105333829734,9.801789634527164,-2.378673219739618,-0.5492711689890512,-0.9497588729306037,-0.5513204252376093,-0.14972824956953326,9.770537745494838,894,0,0,0.1537,0,0.091
-0.19524362830067984,-0.021066377631775567,9.913593035223903,-0.42002506843178555,2.8394515393677726,1.781489731022278,-0.2207707552515634,-0.05486856841055028,9.913438077361045,895,0,0,0.1537,0,0.0705
-0.2741898977142197,-0.1562598913815676,9.760954865832257,-0.764308380937857,-1.2263973263920498,-6.120368564211647,-0.2827514823618966,-0.19175129661037968,9.83844613300008,896,0,0,0.1537,0,0.1303
0.15198144636506136,-0.2485021402967613,9.991095885329695,3.440423783623099,-1.767257123733905,3.2787979674285292,0.233785710433196,-0.25511780389226557,9.997087831248141,897,0,0,0.1537,0,0.1404
-0.25519054040840794,-0.15135823195099252,10.207080447241353,4.05121345944409,0.043640350941782015,-2.2688521819410985,-0.20587368321870753,-0.18689631628333087,10.207925114921531,898,0,0,0.1526,0,0.0004
-0.0643737325334593,-0.27662837883979224,9.118723693872262,-3.2848713225280894,0.3869678906293508,-2.2852842450946094,0.025967490588062678,-0.28981292864317687,9.065600975888046,899,0,1,0.0692,0,0.0104
-0.14785019374275266,-0.43809621240967606,9.601498335532286,2.68864995639529,-3.5518171520775548,0.2683086063890706,-0.1534522880832343,-0.4284644654561925,9.567999097695322,900,0,0,0.1537,0,0.0204
0.0260609379893895,0.26253170243093327,9.91780677912809,-3.2475889823452895,-2.027628147978696,-1.9859919787937492,-0.02698573638155568,0.18670040283685507,9.893686122997744,901,0,0,0.1537,0,0.0006
-0.28889001264446873,0.18051764467720285,9.926900330563754,1.4304978171680236,-1.7607033805625312,-4.897543916900366,-0.2773932893968123,0.2799942489125531,9.980244393827103,902,0,0,0.1537,0,0.0206
-0.12097306549165898,0.10774639994422058,9.591348101178777,-0.17743493410692462,6.631869723721829,-3.7355767797300428,-0.16725951530846742,0.15849363644523037,9.574413380852201,903,0,0,0.1537,0,0.0114
-0.08622274367743789,-0.34220127897829666,9.73270142093993,2.86412860527703,0.8490596946159117,-1.3758563980958896,-0.12999183196500208,-0.30863250466342573,9.73857333496423,904,0,0,0.1537,0,0.0112
-0.14265512890821339,0.09950321638196792,9.81034897219202,0.515026565444069,4.698601541997755,6.672228467580718,-0.15405983324886427,0.10951717343637092,9.725725976868867,905,0,0,0.1531,0,0.0204
0.09831508752397229,0.10504232295384847,9.795662230325378,-2.6510237865796253,2.422857071266967,-5.743908316782827,0.04810579383440704,0.01740741141296652,9.797509160796562,906,0,0,0.1537,0,0.0006
-0.057205816009162185,-0.2603516786876275,9.73926306960614,1.414046368848082,-4.104836890453528,-3.5844191728245156,-0.10900960330513085,-0.2668559203304132,9.699889783554083,907,0,0,0.1537,0,0.0104
0.2804284409001197,-0.09172577774528017,9.758085245086427,-3.772509991095372,-5.511222172584432,-2.743682097198694,0.26489849622361566,-0.1727865714103245,9.8141209219606,908,0,0,0.1537,0,0.0104
0.12931066664269708,0.040811912316008496,9.559292644453967,-2.525757365160762,-0.4035222340811555,-5.050786196690472,0.10249505894782102,-0.035980218485238975,9.62214856515415,909,0,0,0.1537,0,0.0002
0.13102834601144142,-0.40439462279633787,9.520397860684444,-3.212671189409118,-1.4088922035418938,4.621986644074165,0.16953135162502814,-0.3755412900511905,9.411225372147644,910,0,0,0.1527,0,0.0002
-0.3355440627877219,0.051893095988179185,9.765563176634553,3.75304278326621,2.9366531856661218,0.9371834788276074,-0.4088916216521319,0.06818844061994,9.785985473015582,911,0,0,0.1537,0,0.0002
-0.013329137540548104,-0.30773204014243544,9.810374887255115,2.196630722249341,6.700963824084857,1.2248621478334651,-0.03900959392496126,-0.28423254908914963,9.868374045641744,912,0,0,0.1537,0,0.0002
-0.1535802720674543,-0.25671213995352454,9.716882564520885,-0.44813321034559217,0.16515765694405776,-0.8594944210478481,-0.12443937664400444,-0.34319193848460505,9.759803150703247,913,0,0,0.1537,0,0.0002
0.44532319741816095,-0.7126756158234031,9.708818438780893,1.965319114197552,-2.006978673879122,1.724917580497152,0.4485463839294681,-0.6382714990840483,9.67820530041341,914,0,0,0.1514,0,0.0004
-0.1363913220254403,0.16991098791936102,9.818734599755215,1.2965169319552414,4.5146871402354005,-7.132174972884417,-0.17187755605154661,0.19212928130525203,9.806965824649316,915,0,0,0.1527,0,0.0002
0.026966976646591572,-0.16855683708828748,9.824689939851005,-4.1941745091853715,2.322165481822495,0.20500576568828172,0.06019680297564284,-0.20506458284026202,9.911418903723327,916,0,0,0.1537,0,0.0002
-0.4229473486650389,-0.33967432597635633,9.638147220293725,-1.3905001219288804,1.1992711338708562,-4.162427176765215,-0.49952448076641287,-0.36587543571200165,9.64962982026898,917,0,0,0.1537,0,0.0202
0.3318151089107557,0.48077681533970557,9.597795509631581,4.232594676689,0.837799854080255,3.5624763674915663,0.354385269513363,0.5229974262768393,9.737924078643108,918,0,0,0.1537,0,0.0102
-0.3208248190221312,-0.4727623926732119,9.435965550348534,-1.9659178566944484,2.092682372071799,-5.825257222706556,-0.3129640264334662,-0.44399775667118624,9.444418105144452,919,0,0,0.1534,0,0.0102
0.41044597387667847,0.25193514032754316,9.99733209879518,1.6094884933109324,-0.270374922616069,3.9925088655334644,0.38403481230426173,0.29230119281774264,10.030143558950002,920,0,0,0.1537,0,0.0002
-0.36734622562532077,-0.19168383870000782,9.913322999810314,2.724033911100584,3.584594355903328,-0.4036596524603935,-0.35826536453255464,-0.25104363105632554,9.843973572636848,921,0,0,0.1537,0,0.0102
0.05936563754059959,0.14915773163367177,9.596413523627529,0.6870572456493753,-0.699112863804406,-2.089339906641978,0.05045640943686382,0.11074906733977474,9.513774183549668,922,0,0,0.1537,0,0.0012
0.09497527079628662,0.28508975821731247,10.083936142352158,-3.9309379483207456,-8.709708563239982,-0.8550644582445632,0.017064313891166125,0.33174541194277785,10.087430890055796,923,0,0,0.1498,0,0.0002
-0.11176761991017443,-0.28503008048003803,9.935065519432092,-1.7293591118999343,3.246265171244608,-1.4898016265085388,-0.2008348122106751,-0.3147549452049155,10.043430107973803,924,0,0,0.1537,0,0.0011
0.2705490475979564,0.24320854262050595,9.814728606165396,1.462334439715463,-2.229888557453389,-2.2474703915905305,0.3520483491690532,0.2537375905720711,9.84984296380726,925,0,0,0.1537,0,0.0002
-0.18566699270164055,0.3374834726809202,10.020758580874404,-2.96389582651267,-1.7222934260234166,4.532982366096198,-0.23882829489322752,0.30522716637255953,10.050565816318663,926,0,0,0.1537,0,0.0202
0.38861824402332157,0.04479750164254862,9.95100321429463,-1.1345781917080109,3.5153093078350466,-2.6630548137131265,0.35052017863810014,0.04630430845386885,9.950559534844643,927,0,0,0.1537,0,0.0202
-0.45392867495178013,0.08194101936136064,10.011122173344667,0.8310197016256673,0.4257877290324862,-5.863568497416908,-0.5301260164495428,0.04266557045684138,9.974241694417339,928,0,0,0.1537,0,0.0318
0.1912253040697595,-0.2049884227162709,10.07879674194035,-0.3051138383827196,6.677954092725313,-4.292509102806873,0.2051401299654852,-0.18676793930052776,10.064139237664193,929,0,0,0.1537,0,0.0218
-0.16453179960318623,0.3201359491656418,9.588371970834368,-0.41027280545945555,-0.4151696348776575,-0.6691861419811294,-0.10972248393418355,0.22950460376712767,9.553421304946625,930,0,0,0.1537,0,0.0402
-0.3941052066980703,0.14866607001606585,9.546383190356837,-3.17111305203557,-1.6628841431481716,-5.859435374129998,-0.3785481859543517,0.20244940734913253,9.620900085317482,931,0,0,0.1537,0,0.0401
0.6251759441014733,-0.1535990886267744,9.834085933914588,-2.583754190524324,1.7026037875036097,3.4259969710424754,0.5866894531454655,-0.30393643301409423,9.951412782572156,932,0,0,0.154,0,0.0202
0.02197212558522651,0.2907721406674445,9.728419263808396,-1.0355124868902847,-0.39867889676585544,2.4511492272267663,0.003244965204734846,0.27044277035154746,9.74218968649288,933,0,0,0.1537,0,0.0202
0.2094007791532386,0.4462232917203383,9.68315051776473,-5.128400741315618,3.207599165783045,3.011618628569206,0.21418267033227498,0.4444851975059865,9.640512755479033,934,0,0,0.1537,0,0.0102
-0.4191288418518139,0.007323780842836965,9.989980631409948,3.744440375966139,-3.8373746981541053,-1.3341573977716366,-0.5139472433665444,0.06864906851066943,10.092782714354534,935,0,0,0.1537,0,0.0002
-0.006951783423560207,-0.08195328794817214,9.896419730705597,0.33418826327131534,3.094006374621771,1.1204640425092869,-0.06302883209997837,-0.08261859517323132,9.919454132336154,936,0,0,0.1537,0,0.0002
0.005863559938694351,-0.010118078687113884,10.224034451635642,4.1786829753856445,-0.569784372048327,1.8579607909663949,-0.029690379338180025,0.014201020360896257,10.271479086291718,937,0,0,0.1498,0,0.0105
-0.2060098522088138,-0.010899361151063993,9.935943841980043,5.910094939713018,-3.4318114895711753,2.051232245724662,-0.2173421989531445,-0.00938738466671198,9.941129782766218,938,0,0,0.1537,0,0.0005
-0.37914182087040255,0.013422731294398554,9.570790857517027,-1.561886220703123,1.5229581971564898,-0.36181204135071826,-0.35995040850500576,-0.03109907743236602,9.637151964911363,939,0,0,0.1537,0,0.0105
-0.06538390842646526,-0.0752967736429273,10.13746732309843,-2.0375889805920684,1.5121468576170942,-2.9505897121650473,-0.08793081629771346,-0.08219509476730545,10.139408630826061,940,0,0,0.1537,0,0.0004
-0.06525421715392014,0.43302532217562334,10.082590361093986,-0.0560907992252856,1.589447280453573,0.9020305056597239,-0.007834498227123801,0.3304786370816619,10.14210065055206,941,0,0,0.1537,0,0.0003
0.45300977633603656,-0.10241773358099675,9.940162560252073,-1.206302577432943,5.325455320900443,0.12237045852863417,0.4124413215000787,-0.12422656661123604,10.053144420686946,942,0,0,0.1537,0,0.0003
-0.035655620970173836,-0.18739651415362396,9.965952103275551,1.2956720075909898,-1.2566976545853445,-0.8359295460267221,-0.02401339565628854,-0.2988748801609601,9.923659099955254,943,0,0,0.1537,0,0.0003
-0.02243037714649194,0.04693833977994558,9.761583704055722,0.4826128606730381,0.8277783895780685,-1.8481324867836042,0.0033830945859990545,0.06346343744510113,9.74612185677136,944,0,0,0.1537,0,0.0003
0.43801347834028287,0.3167574174705786,9.691276203073288,-0.4010748852236481,3.614378466366511,-1.0209804280817885,0.43720007214407175,0.300828322565381,9.711114554024753,945,0,0,0.1537,0,0.0004
-0.006275031030201632,-0.20682631052628028,9.923944372223017,-2.4707139751601574,-2.028198964759193,-1.8611316871635786,-0.07251103863988548,-0.21689113768396293,9.929323038206078,946,0,0,0.1537,0,0.0004
0.09302665690868296,0.1281837243866629,9.680420490044057,-3.4536696943101997,-2.543055674442166,-1.0708436165848576,0.09025502460631801,0.15274699773821657,9.67562702593465,947,0,0,0.1537,0,0.0004
-0.47705306563999006,0.0021397393014737495,9.690761321639979,-1.3058529228959155,1.8432304790970144,-2.0100336075357124,-0.43721502376151766,0.03488556174587034,9.674971951833518,948,0,0,0.1537,0,0.0076
0.3802771989174408,0.09539942816485658,9.856358965256659,0.3723759398111796,1.9870352447942579,-0.41342662267460795,0.4343594481257319,0.10970273583001806,9.885420013031364,949,0,0,0.1537,0,0.0106
-0.7240426571623589,0.36447659628360324,9.873811627364837,1.6847134457817745,2.4904795996357154,1.0406413682549847,-0.7476230707225244,0.3556071577725549,9.88229738636496,950,0,0,0.1503,0,0.0005
-0.07452476380770609,-0.25384627410580923,9.686799423491074,1.31015403241901,2.0296496703504205,2.057376651486099,0.041920147556393894,-0.24179190979737372,9.730270762747047,951,0,0,0.1537,0,0.0105
-0.454024878658692,-0.1624123878131958,9.702725296047724,4.19625193275754,-2.098494293862983,-0.590436616271516,-0.40460368830415033,-0.26767546479393667,9.743890814780762,952,0,0,0.1537,0,0.0119
0.5858694149173758,-0.09323230585841472,10.25655935442535,0.8816708158536903,-2.06671557743147,5.280363239112264,0.5870811061965732,-0.038322824219132606,10.230540731804433,953,0,0,0.1519,0,0.0038
0.3636222254078322,-0.11521659282339533,9.61075207053692,-3.454719062492397,5.180632043647347,-0.9959352656447091,0.3745463384036234,-0.08657675313603375,9.647094217373933,954,0,0,0.1537,0,0.0029
-0.13167105112015182,0.22649250679818572,9.941020175040908,1.6079255568550588,0.4299475517452109,3.0228313840199927,-0.08114509739919443,0.22009978022117138,9.96641663273876,955,0,0,0.1537,0,0.0088
0.24655074610139316,-0.12000720892138154,9.905100375235524,1.9488264771339638,-2.9819061243763536,-1.3083012246092953,0.24480323548293279,-0.09857248454301752,9.90809125862513,956,0,0,0.1537,0,0.004
0.10495263857604083,-0.4313789485894462,9.672364551853494,7.165857350538738,6.89585935544443,1.9104561954926895,0.12388136814649751,-0.4674058842997427,9.711459130243117,957,0,0,0.1494,0,0.0154
-0.12303678350627047,-0.39035556715691117,9.990368695442374,-3.778746925706318,-0.27458682981001054,-2.6661083155575738,-0.11220222377002971,-0.4227163094733011,10.005624962742237,958,0,0,0.1537,0,0.0202
0.2865375874467367,0.1593601246604915,9.652837286446955,2.754487577293078,0.47107913277640645,-1.8011315253049278,0.2236779677846314,0.1445318780631163,9.618776179306824,959,0,0,0.1537,0,0.0204
0.00749374295449276,-0.11143263180944292,9.520195379370493,-5.196041843124247,-2.1949155315103837,-0.1079105516109319,0.053220811041700095,-0.16346742579109508,9.514126759383535,960,0,0,0.1537,0,0.0265
0.136330039927786,0.38090214349837864,9.732728869051426,0.01809542054739939,3.685856860830202,4.148847801333311,0.07627218061151164,0.37071550264146924,9.718419386619965,961,0,0,0.1537,0,0.0156
-0.01435403914576582,-0.15720063746685362,9.819403185082557,3.80744327624532,2.310214596332819,7.633371898537062,-0.010397928802972927,-0.19499874745623616,9.886636748122271,962,0,0,0.1502,0,0.0243
0.01061883869477906,0.4700997926085858,9.575764648637634,0.4800952767505169,-1.9413313220734985,1.68023837039934,-0.009908255297079432,0.36806148200987293,9.596562800608053,963,0,0,0.1537,0,0.0144
-0.1626753397012289,-0.1974254923312345,9.635752749130818,-6.146066234277484,-4.114078433120767,0.7441386106017853,-0.2551865205852497,-0.21882238602828313,9.601217810692846,964,0,0,0.1537,0,0.0125
-0.31596117129089724,-0.3118751708433517,9.960743564288409,-1.4582274635447325,3.472839377981212,-1.341420449841118,-0.2620849301305895,-0.24919867044697377,9.960813757473646,965,0,0,0.1537,0,0.0135
-0.029918604340435542,0.1265462523923981,9.725752827411167,-0.24502035138399147,-1.343323088399277,1.3039419192945407,-0.04009511456203739,0.19860514485128786,9.761977008657698,966,0,0,0.1537,0,0.0148
0.13537908393765397,-0.22696322982197126,9.572350441825314,0.028863169605980617,2.1923205328563666,-2.7076405488179227,0.07277032639739328,-0.1895168813335061,9.499536887414603,967,0,0,0.1537,0,0.0093
0.39920056469343046,0.33660494266365004,9.626213964023858,-0.9582383069580444,-0.17594761463308298,0.34363776322553824,0.4356868567812897,0.36681572767215914,9.660349962823204,968,0,0,0.1537,0,0.0144
-0.6007946739334361,0.8118290477333606,9.792199185402595,3.3527316093186257,-2.684588506030539,7.382373844799232,-0.6038572119031244,0.8057482844501533,9.79636604209726,969,0,0,0.1344,0,0.0048
-0.1045301676860501,0.04083841919542233,9.866342106522286,3.8610032102726857,-1.0089058390283858,-1.235546502889735,-0.10177387282649025,0.06852983740835208,9.838030201345212,970,0,0,0.1537,0,0.0235
-0.4031870910558733,-0.5931431569587673,9.743347850350098,5.303410913028569,-1.6432696748401132,-5.455483966549284,-0.41650510916541594,-0.6314503344554188,9.622740931989128,971,0,0,0.1476,0,0.0119
-0.49190860675684883,-0.07812384368518908,10.013172786657238,-3.5001790825422914,1.7150196898471923,-0.5159328289589479,-0.5106118135423993,-0.06848980151350523,10.018132723081598,972,0,0,0.1537,0,0.0023
0.4080965685935853,0.0058471069559900835,9.951473222642013,-1.3310929087484906,-1.556141688034236,-3.786850808119281,0.4378456197041165,0.02316506615790424,9.901055003172285,973,0,0,0.1537,0,0.0038
0.17107404503054888,-0.13700089340403773,9.892188680908655,-0.25387170895975786,-0.9050219117680219,-0.8055263504122419,0.24013440437094574,-0.13982986230427938,9.993383630795083,974,0,0,0.1537,0,0.0031
-0.004352415525100078,0.052734155760216644,9.59504009328016,3.537862478365925,-2.0097558440419685,1.8382366536746217,0.02680513755391052,0.03200759179969369,9.568337746032396,975,0,0,0.1537,0,0.0031
0.1574790434846027,0.16354194813486314,9.927492606861827,-3.546081382346976,3.3255317832074174,-2.2092572992184674,0.1678308748682553,0.046733050978032625,9.986280483738726,976,0,0,0.1537,0,0.0131
0.015716329602750743,0.5987519287198407,9.766092575526688,3.3672869778484795,-0.31778363291053663,-1.3755631839552822,0.07550238403513937,0.6132968802591114,9.744589892888513,977,0,0,0.1532,0,0.0089
-0.04842013094558401,0.2948413628189639,9.861138810744887,-6.1862901472258836,-1.0519874738446968,-1.6274409907479,-0.012601620061382435,0.22636592196132438,9.853517304937144,978,0,0,0.1537,0,0.0341
0.003346852158775647,0.09824792918031797,9.668984170755746,4.839785119107165,5.08728553843431,-4.698842802762616,-0.04803598924937959,0.07565385756725486,9.639448568261033,979,0,0,0.1537,0,0.0342
0.5750596618992169,-0.11017738114693432,10.179412279157031,-0.022944559174169692,2.2939006738397896,-2.921786849528094,0.5822441421278747,-0.08378481281212552,10.151229203801808,980,0,0,0.1536,0,0.0124
0.13267599781311773,-0.49886437878417583,10.038611078074927,-5.153578868911714,-2.1084512332086027,-1.4099761900892824,0.15046443476222482,-0.39330236710703137,10.064157784918757,981,0,0,0.1537,0,0.02
-0.19786894724176773,-0.2590242877772545,9.932803523104702,4.275329529385343,-5.987745079579421,-1.5970062590318745,-0.20399137164591066,-0.22284346849287695,9.90697790616373,982,0,0,0.1537,0,0.0317
0.6350808291026444,0.31746552383690646,9.857288027139361,-1.5415828820546815,1.0377860986533711,-0.03805870467005304,0.6734398750846325,0.25837834904864765,9.785120410468743,983,0,0,0.1538,0,0.0216
-0.0604495934132007,0.2765930552164806,9.666947044107928,-2.2307583688091306,0.4198037388912873,2.046056352467378,-0.1422835967582672,0.36463377127582314,9.61174464737665,984,0,0,0.1537,0,0.0416
-0.18581175733296681,0.004781303850940289,9.820775227297315,1.857183838241614,3.1128075935112056,-7.080718940352266,-0.22085466521603048,0.07791372477089825,9.814943600482364,985,0,0,0.1532,0,0.0455
-0.10010261040864782,0.35363814280831785,9.722585049472418,-2.072695762539053,0.6145943685815625,-0.5989488983076938,-0.12566614518479052,0.31096807825319905,9.705691413066273,986,0,0,0.1537,0,0.0519
-0.12035317379386705,0.05589641704617821,9.600267793631598,1.7072325299028175,0.845584552955459,-1.053394194429629,-0.06099485753589924,0.09820649556334113,9.582399147285553,987,0,0,0.1537,0,0.0491
-0.05084883809018291,0.4415806811713408,9.99236826969565,2.490821739547343,-2.5195226038653735,-0.07665266075245374,-0.1575014667598895,0.4572592932093132,9.981696975136702,988,0,0,0.1537,0,0.0391
0.20869726039167386,-0.47670953409309136,9.85373424640185,-0.7727575005316649,-0.10987484736541611,-1.5085363629379613,0.17403584237544456,-0.4360948790752507,9.868837922623927,989,0,0,0.1537,0,0.0464
0.28727677183042444,-0.3285010974725166,9.94768566904661,-1.9300147514364057,0.006913252329487743,0.6651733051387825,0.26442066539595677,-0.2704077493631205,9.916139991438094,990,0,0,0.1537,0,0.0351
0.42000078967211435,0.043049140435940235,10.116661436996498,2.0766138436525052,-2.180720322819936,0.270296941596522,0.3245829677249598,0.0705043292137228,10.11987371197822,991,0,0,0.1537,0,0.028
-0.09096094934408439,-0.24143021989921454,9.88598449715835,2.098227106949947,-4.748633423526289,-0.7007091970821564,-0.07484025929748872,-0.3078075876699415,9.935388536444574,992,0,0,0.1537,0,0.0484
-0.03999319511418814,0.36603142007986894,9.54246841918955,1.765070646768311,-3.1248754979372015,0.7379227999411254,-0.07653758453327711,0.39398231606994066,9.59680561410355,993,0,0,0.1537,0,0.038
-0.07267623428363332,-0.06361449530738131,10.155477579517342,-0.2928533231992752,5.515993027001466,0.7824785282792697,-0.029516977488027396,-0.11073066885796051,10.167590907574573,994,0,0,0.1537,0,0.038
0.20662258304707595,-0.005250174062740669,9.803158491816843,5.644282714581052,-1.2450498061514204,1.0050717323874336,0.18957058311953714,-0.058390546577592045,9.773619554010626,995,0,0,0.1537,0,0.0322
-0.062482490155869465,-0.3837200935574076,9.86707541121191,3.124128621586697,-0.5407184489657886,0.06355041831346898,-0.0490552588812267,-0.3488780998387338,9.85046956133964,996,0,0,0.1537,0,0.0326
0.1168265225572415,-0.2877157834371402,9.808651972961126,-1.1422090946120704,-2.592681976754973,-0.024749877562094062,0.0965653802229744,-0.28882964999992683,9.806513434384717,997,0,0,0.1537,0,0.0316
-0.40527094022802934,-0.17946074744349555,9.512427423927086,-2.3535329967250034,4.228235998297688,-2.2345008759388545,-0.4242941445049202,-0.21450436936808334,9.419711068180344,998,0,0,0.1527,0,0.022
0.08614705052024824,0.2727794579442157,9.705950308417252,-2.3350182715802323,1.6248022550180954,-2.18541374619321,-0.01742472730300068,0.2547173728777414,9.648308003208403,999,0,0,0.1537,0,0.047
-0.030828132850528225,-0.20169270105919843,9.805717817232146,-0.5344264786835166,-8.381619395372514,-0.0333655824691141,0.011583206743400194,-0.2176608947282479,9.82149851236991,1000,0,0,0.1498,0,0.067
0.2944078801210043,0.18677261606805964,9.89075246407547,2.7434030930613402,-1.0563504558957681,-0.9952366189173311,0.30131290826448176,0.21792490924584365,9.830448906159067,1001,0,0,0.1537,0,0.0426
-0.07017286988719973,0.13931372387086868,9.759957294632287,1.2672417761317625,-3.490153851671974,-0.7552148955658685,-0.035377500413626084,0.06435257679477387,9.778707191056728,1002,0,0,0.1537,0,0.0672
-0.2096890409628473,-0.07008249543594604,9.874729414519692,1.975739213682237,-0.2996904954859756,1.0520383066310999,-0.23086049660785826,-0.0859129693955144,9.843702806715227,1003,0,0,0.1537,0,0.0945
0.3300698082261987,0.20768467859880915,9.865908132009471,5.68461732239338,0.7402823594429232,1.654040924426797,0.4174510989582073,0.20271927705099696,9.858337312903858,1004,0,0,0.1537,0,0.1249
-0.14634176821870057,-0.08083841588163182,9.788124609946726,3.2887577629214775,-1.2130519287132657,-4.016563397662301,-0.23697432737267476,-0.08533114876317423,9.793228385705055,1005,0,0,0.1537,0,0.1045
0.22653690063055026,0.05064164000261458,9.83168317180334,0.24920678649365752,-5.691487136920824,-2.4237750999530645,0.18918938588258916,-0.0265454087372905,9.829505612018949,1006,0,0,0.1537,0,0.0943
-0.12143448679664356,0.1607596975214712,10.091142658514261,-2.865047854064528,3.2500696909643434,-3.3756131637608706,-0.10751329782252483,0.1616394207214681,10.02800596290001,1007,0,0,0.1537,0,0.0696
-0.20338737391024245,0.32134172482690493,9.792344820257064,-4.767686749580026,0.27820977104600786,-4.940594511361737,-0.3757702772423084,0.3324779273368644,9.818193396539165,1008,0,0,0.1537,0,0.0858
-0.11292230172530367,-0.17702239388404595,9.873598173807558,0.8945844396103595,0.8305202950818891,-5.440013837038881,-0.10763391120899313,-0.20259365450427846,9.855520033538998,1009,0,0,0.1537,0,0.1099
-0.09089351266033298,-0.24411556151571598,9.851182861520218,-1.193373078297316,-4.96724587903668,0.6567583772726923,-0.1388594721894041,-0.22732211558454257,9.88196558343078,1010,0,0,0.1537,0,0.0995
-0.2756523475079283,-0.2483543031876779,10.022941055471883,-3.98673436556048,4.083071505524625,-2.2020463565777155,-0.22381373071574978,-0.16738267150218594,9.938465779518987,1011,0,0,0.1537,0,0.0659
-0.2006331826722627,-0.29679185139523534,9.999242299010676,1.2267579147770817,2.035523013486552,2.428313740098377,-0.17989914597219153,-0.3404303150321226,10.055711294905189,1012,0,0,0.1537,0,0.049
-0.07042603986414403,-0.676183893891714,10.135504624738148,0.050898202781393884,-1.6141504643574893,2.3828986267310457,-0.10527180206212303,-0.7114678295413986,10.131513255717001,1013,0,0,0.1499,0,0.035
0.08648404699434897,-0.2761053726678233,9.79236867809402,4.200521522761841,0.08878496401142312,3.9346985747129253,0.040442964714166495,-0.29516706750312793,9.77488713202787,1014,0,0,0.1537,0,0.0965
-0.3391076502807242,0.14207503571948185,9.687039917044377,-3.9099649173887068,-2.8569805480588286,0.3576015603949427,-0.3819524016217267,0.05707365162169355,9.787403291615295,1015,0,0,0.1537,0,0.0651
-0.28094953375583503,-0.646988970755068,10.092274627924438,0.10275110108496974,-2.7444474158216026,-2.250311338483719,-0.23589512456057088,-0.7053167560476259,10.085381361975072,1016,0,0,0.1501,0,0.0851
0.021259287956982408,0.3382865544921951,9.824811763277063,-8.133288958678476,-5.014438508397001,1.0413357334172217,0.009743246400675178,0.3495590501520729,9.828779656167463,1017,0,0,0.1477,0,0.0556
0.35301970362585006,0.4302156156616472,9.83312773141172,-3.1993263097167324,0.5812942631559863,-0.6596007970077944,0.3959839110686818,0.46099555232370387,9.784561276138747,1018,0,0,0.1537,0,0.0743
0.13042148947540821,0.46444464075177183,10.068319624611293,-2.8611077083597594,-4.674756220775052,4.948618834258513,0.1006753205798529,0.4344833916261912,10.147169401196397,1019,0,0,0.1537,0,0.0603
0.14621952214401546,-0.007165087837444672,9.949338355339448,2.5295550937474376,-4.713814311097929,-0.5328741448655966,0.0556719592324329,-0.12088045409774921,9.983226864165433,1020,0,0,0.1537,0,0.0603
-0.7007669249213588,-0.2157964471757526,9.779603417560397,-3.557911027974476,5.066733965589512,-2.858100305748816,-0.6195047444326631,-0.32489675016480296,9.797762531911312,1021,0,0,0.154,0,0.0615
-0.5207482004424523,0.32950800564637894,9.639355202141063,5.579629128802072,6.3534027805705,-1.667502453855128,-0.481603497061877,0.27616004789932386,9.693466171278946,1022,0,0,0.1537,0,0.0717
0.013134743831433201,0.09992320786479028,9.767785079286242,-5.621970456999649,1.3131966649593831,0.17253312814564226,0.0026347933827315997,0.09177715288402419,9.791346613213548,1023,0,0,0.1537,0,0.0804
0.5563446329788467,-0.1548221373969134,9.92885422297631,-3.2174704464492843,0.6454198564875688,3.4229159476029816,0.4431857487728643,-0.1500158259050964,9.864136670136512,1024,0,0,0.1536,0,0.0725
0.5206509079414868,0.038197059863317645,9.920263300876107,-0.7260327218837904,-2.968591142226535,0.84286848978359,0.4348916021712548,0.07101892208480833,9.804443379872012,1025,0,0,0.1537,0,0.0819
-0.17486067358688465,0.005541294020243861,9.954666478892518,2.030562512469598,-0.8224372850710724,3.064831447740069,-0.11225230877929289,0.02681844733673137,10.055354068223975,1026,0,0,0.1537,0,0.0805
-0.5588809854581536,-0.04869242905895121,10.024140512763859,3.5227772105126354,-2.2503736809604478,0.5836427156563737,-0.5755527258989077,-0.02944352479957046,9.949999291560578,1027,0,0,0.1537,0,0.0806
-0.035541733595199486,0.2920978248817872,9.58161848134162,-3.442361543474532,1.3570040539514334,0.5609905457563256,0.004156505275876077,0.22700178236881402,9.535171248726494,1028,0,0,0.1537,0,0.071
-0.3071148303655163,0.3543332321127653,10.059160356753994,-2.7901243574884402,1.547854387941294,-9.076557161288335,-0.29211004626473686,0.27058151015484055,10.004158839664472,1029,0,0,0.1497,0,0.0805
-0.3142534255332952,-0.0860423764291862,9.648800179334865,2.9443260937628075,4.258289050023708,2.0352474927306865,-0.36415949741254294,-0.10908333892186989,9.672996673318709,1030,0,0,0.1537,0,0.0217
-0.340413727766052,0.7286865766414872,9.993523854566883,1.2617110505491875,-2.8689760955526027,3.1941672905863916,-0.31379432589823986,0.7437069182791511,10.087958188709502,1031,0,0,0.1534,0,0.0227
-0.8153623876324643,0.14285184376219234,9.63619667594353,0.56692029550385,-2.3671207222272863,-2.244466144174306,-0.8877060457868707,0.14711832575677913,9.605706459393279,1032,0,0,0.1403,0,0.0395
0.13791105036287438,0.012229957437523494,9.845927402021074,-7.082297997506413,4.717885620966682,-2.894609002946789,0.24298353383581694,-0.09026249851042703,9.846600003607827,1033,0,0,0.1535,0,0.0311
-0.043408524060124014,0.12003865426519494,9.705480257803437,-2.04837661605087,3.3919357954189806,6.623521196022974,0.05527060857682881,0.0818540326708465,9.702126317090613,1034,0,0,0.1531,0,0.0303
-0.04654258678854084,0.5738441754736967,10.030099543305035,3.522822340655118,0.836088248896071,-5.054338165702196,-0.0006292203852087397,0.5885197373587212,10.026018853597787,1035,0,0,0.1532,0,0.0401
-0.2261583327793606,-0.8195847332704825,9.541387608434963,-0.04118607070461579,-2.389823796838762,6.496347034918566,-0.27643495667483864,-0.8329363281901685,9.527271320364115,1036,0,0,0.1255,0,0.021
0.07798845230039249,0.24887420526488513,10.032279644587696,0.39934662954791106,-1.2631829075136234,-0.5501978980446626,0.09224032211924839,0.28960485826923954,9.98315415423034,1037,0,0,0.1537,0,0.031
0.26650877588834376,0.4271775570848071,9.630448527577459,-1.546101609305119,5.369082603069313,5.004990343663799,0.2415737436833357,0.408859332429311,9.601077082532198,1038,0,0,0.1537,0,0.001
0.0773033531880754,-0.0042777898739910555,9.861035672338408,1.458301636768477,-0.6298163842561455,-5.65627424303806,0.05325240774241992,0.10416844342515018,9.911026372986658,1039,0,0,0.1537,0,0.001
0.15136086917424377,0.077074326824267,9.842413019148937,-0.30930631807109565,-3.6549816927377416,2.684103986223341,0.1499734865529747,0.13908140045200268,9.861266950728046,1040,0,0,0.1537,0,0.0215
0.4627941752671707,-0.3923199982416709,9.686256900489585,-2.1327442101521084,-7.005467591874597,0.268061463750317,0.4609020131990969,-0.46164998556057796,9.637777230839374,1041,0,0,0.1529,0,0.021
-0.3364825185795638,0.06881903770515718,9.535721596902095,0.1245963069387099,0.6976020624217176,-1.6704082909520408,-0.3241311863488101,0.07067353993160548,9.512079732760956,1042,0,0,0.1537,0,0.0009
0.04640208649665417,0.07572741002891634,9.542625086554477,-0.4308055620001693,1.4054146730867096,4.37787589271795,0.013457038857663486,0.09079601270339632,9.602373591944309,1043,0,0,0.1537,0,0.0114
0.05064477200155381,0.08735618293785824,10.094763594157378,1.1038675316518354,-0.8654608632191632,2.751598331715928,0.07599806345588206,0.06791109701075149,10.032172226047825,1044,0,0,0.1537,0,0.0632
-0.056279523437283235,-0.47607037804624114,9.725037965386434,0.5750663559555134,2.556686614682554,-0.41162569357919004,-0.029259668721770736,-0.45153454830260203,9.679918394875811,1045,0,0,0.1537,0,0.0327
-0.37695962271993205,-0.13635960188678387,9.856885345425496,0.6116715291958384,-6.334652892655052,-0.12837571714168408,-0.36662264065688355,-0.05688674750079546,9.760083205412595,1046,0,0,0.1537,0,0.0527
0.5407467463042049,-0.039306876991171406,9.787162114947318,-3.5848383051720756,4.781291844598863,-0.9426021934287867,0.5293080755363214,-0.019687766324815392,9.780648050197106,1047,0,0,0.1537,0,0.0109
0.06674231245248222,0.06905961204477012,9.583126548591144,2.2384221842805774,1.9650483583875293,1.2731399583968086,0.04141254179933125,0.08643663110653776,9.626027779743058,1048,0,0,0.1537,0,0.0109
0.38130211856178625,-0.29318989857001215,9.974195136656759,0.7221314956251496,0.30700620926758254,-0.167658092225288,0.3578109339339508,-0.36517629836643667,9.8252224514827,1049,0,0,0.1537,0,0.0109
0.21324266810236303,-0.060092304413448566,9.837595739980486,2.551649143833722,0.14967018900873177,0.3363426230255315,0.151030947506256,0.003838728948393516,9.875500473852679,1050,0,0,0.1537,0,0.0109
0.2749350188006189,0.10509214533086654,9.889746675850127,-0.7532395392410771,3.7993189381120605,2.51547034924077,0.29834260534735285,0.14776267466789555,9.938572461964695,1051,0,0,0.1537,0,0.0109
0.13781893926341565,-0.16554150145218494,9.849784390456287,0.7047425347893419,-1.4269889471797055,-1.0739627984417424,0.2553819529853606,-0.1279916540540302,9.8352133957326,1052,0,0,0.1537,0,0.0107
-0.7129005364057951,0.11875374933400093,9.73230000845633,-5.773490831010854,-3.2728302107622023,-3.1853723093670334,-0.6539591424838949,0.010332715375718143,9.70116463340877,1053,0,0,0.1521,0,0.0107
0.10598832180275486,0.4275243666464336,9.703539321615418,-0.6141115266291826,0.558861256834777,1.4430665669653993,0.11631459697281765,0.3409138905448684,9.72598975890813,1054,0,0,0.1537,0,0.01
0.3297382478114641,-0.07566614680659256,10.162279390065212,-1.9259635710375045,4.537368782129457,0.5101073103653644,0.400812010053216,-0.0521066445657738,10.194233665918475,1055,0,0,0.1533,0,0.0
-0.4665046830956682,-0.4525377906123984,9.741497288368604,-2.9557271572265007,0.368165936974814,-3.466638722249698,-0.4617377053142502,-0.4467862830405738,9.736348764379898,1056,0,0,0.1537,0,0.0
0.20055426924872402,0.5333513173363331,9.93767833728079,3.7560248017515656,-0.8103472070064449,1.1829575706286302,0.3203628524666955,0.5123902542453523,9.978487019780419,1057,0,0,0.1536,0,0.0
0.32708189866151577,0.1888071055151683,9.96161809484557,2.092569516283423,-4.409173828018319,3.3206290288229128,0.40442469441741885,0.14378821831357713,10.021064805321043,1058,0,0,0.1537,0,0.0
0.03691280986387574,-0.21258694305315506,10.088447137335365,-3.3095345056645264,2.1615807682809085,3.767583238822006,-0.008428300321406235,-0.15524482600711526,10.153715918787864,1059,0,0,0.1537,0,0.0
0.3100450722506169,0.02211689956596954,9.830057441896402,0.554988737458934,-0.3786898772773477,0.09568800663973874,0.3382595571655121,-0.08624845866855976,9.94148244940021,1060,0,0,0.1537,0,0.0
0.28698115978068583,0.07530901470631288,10.20499973726786,-0.2572432290882255,-4.672628137005209,0.8566670091732781,0.21768912015329828,0.1610400978073952,10.23179919487513,1061,0,0,0.1527,0,0.0001
-0.3023862634173719,0.22747967858495122,9.789220292434072,-1.2171644397076777,-4.410558605530495,0.36397760060179907,-0.39454441306361415,0.19958981039393217,9.75283547206473,1062,0,0,0.1537,0,0.0
-0.04249220491119391,0.32068215410603357,10.28197228888306,1.174964026941054,-0.0948458539260978,-6.419313377754416,-0.10522321345461566,0.4085435144355978,10.34390204103112,1063,0,0,0.1019,0,0.0
0.10207997708146388,0.2466983712508204,9.886080148575214,1.2970238584328146,-2.2376673745322013,0.12433587112816843,0.13918953369501086,0.1658130155310595,9.907833991551378,1064,0,0,0.1537,0,0.0009
0.24356104320740418,0.13376559089362156,9.852108898271766,3.6686119022185926,3.797098935690051,-2.6498661073739047,0.20604174136067993,0.16243370622618708,9.862443410858903,1065,0,0,0.1537,0,0.0009
0.3490215236893135,-0.16999754187094543,9.824106491704036,-0.5431571266086082,-0.6209162471682257,-1.493266823710181,0.33996172932316066,-0.1211965427212036,9.916096479729656,1066,0,0,0.1537,0,0.0009
-0.4456883617589398,-0.03464182891213573,10.079299155770322,0.3470539591530343,-4.229057235412328,-0.11227026572405706,-0.4982949759228998,0.002516011364095898,10.14997852244435,1067,0,0,0.1537,0,0.001
-0.04303473346621488,-0.08107859765838148,9.649685455414467,3.5146618646583687,3.255167372956477,0.24867172088084477,-0.0030858355378837674,-0.05245963693712852,9.651845940605897,1068,0,0,0.1537,0,0.001
0.5186021441752535,-0.06939482708843998,10.174902790369195,5.905071194824947,0.9333000509983569,-2.433467506156408,0.5024398778400425,-0.08795380542073673,10.169112603281578,1069,0,0,0.1537,0,0.001
-0.27567475575379263,-0.27329016124836325,9.581928672534389,2.1184309614788894,0.7173567422573196,-2.934043384110245,-0.19664970751059632,-0.3190802716817857,9.561925000860727,1070,0,0,0.1537,0,0.001
0.0501110693634433,-0.3110819843859126,10.094847686967706,-4.99206913831831,1.990339356608695,3.20158568037252,0.02828980573380628,-0.3073724210873729,10.05921211552526,1071,0,0,0.1537,0,0.001
0.3660114438479794,-0.5303325316695264,9.740539250723847,7.292786546801542,-1.411432130006962,1.8097089603589194,0.37384317557822055,-0.5482506518822551,9.71223372805769,1072,0,0,0.1519,0,0.01
-0.062437938706257995,-0.4981512400407269,9.941370998547434,-0.479251020760688,-4.636647213818103,0.4662426939733688,-0.020209666692929604,-0.4262798226952821,9.9115277712215,1073,0,0,0.1537,0,0.001
0.16793257693125394,-0.2699761982096937,10.420497863721284,1.6956462328789779,0.8799825957101919,-2.6355856869254755,0.151155526352224,-0.27049155614935977,10.44296293015121,1074,0,0,0.0747,0,0.031
0.0284476641538828,-0.03390152284237253,10.25668751102452,3.278182097271723,-3.633713871047611,0.22676496433330176,0.11028924350527991,-0.08046978376600303,10.292066569901914,1075,0,0,0.1473,0,0.0303
-0.05978274977669051,0.1678806312662092,9.699827179165801,0.9961124699816861,1.0899403208862495,-1.2113566270287022,0.014518015679137818,0.1768750766175617,9.629293402040753,1076,0,0,0.1537,0,0.031
-0.154187333552865,-0.6250187461518801,9.83834061910831,-4.066639837041923,1.8704137177992881,-3.8069614620777212,-0.10773000048332546,-0.6414856503248215,9.800702311359924,1077,0,0,0.1539,0,0.0313
0.3910671624476139,-0.04405180024145725,9.766744667937695,0.4389071701064985,-0.14429929738428018,1.7564345167102773,0.37006478550982563,0.012515255001142311,9.794249799619838,1078,0,0,0.1537,0,0.0319
0.24237302023709817,-0.39040831753096106,9.797428245524996,-0.22600052386592678,-1.9609791109071177,-0.5415966965761217,0.22861043966337868,-0.42026380503613764,9.702603514102497,1079,0,0,0.1537,0,0.0316
0.1986740394436287,-0.3624220286451059,9.847222226488746,3.29479389812196,2.07664903788574,-4.62907794508077,0.184537200557585,-0.40173792824233234,9.906550339587799,1080,0,0,0.1537,0,0.0316
-0.3725557653391128,-0.1509968375564081,9.694305125046329,2.7265786462185337,-1.1085731167649076,3.5131146430957427,-0.3850839094189729,-0.1328367930608942,9.688363582314759,1081,0,0,0.1537,0,0.0316
0.2770785005433662,0.07926835695587457,9.708749082621178,-0.7902646540294028,0.4904972392081057,-1.4814985937234164,0.23845185611612374,0.0686808978972296,9.674119217987128,1082,0,0,0.1537,0,0.0417
0.12921272223653166,-0.24048834385134746,9.816883933492836,-0.9077909271825271,2.789451802234863,0.6487128956236652,0.12386412238093363,-0.28583112924298326,9.693767181126425,1083,0,0,0.1537,0,0.0517
-0.13065007891459174,0.0012324414323420226,9.720094805819963,2.4822467673323056,-6.3555543767418,-0.815632373545305,-0.12912463488674997,0.023745675633927557,9.733691943836824,1084,0,0,0.1537,0,0.0533
0.2857095155034607,0.3288261620438439,10.171823972616236,0.11031390943558078,-1.826106586624216,-3.823148474960055,0.2905426210518287,0.339816843212694,10.164575823422334,1085,0,0,0.1537,0,0.0432
-0.3755562143936035,-0.07307421044791701,10.020685395788952,3.9299943870161718,-0.21983413093333645,-1.997433756774051,-0.3924711979629488,-0.0696345755943612,9.984938223518235,1086,0,0,0.1537,0,0.0323
0.11680640775826384,0.13724249020735318,9.993334972936857,-7.878024309223477,-4.100305872113514,-2.5946523742025036,0.15378381041033573,0.1455298286254595,10.000028256598643,1087,0,0,0.1484,0,0.0324
-0.6426390828403229,-0.13743623852396109,10.043989903078282,-2.6515788245625593,-0.5078807538689787,-3.965517520553413,-0.7228013896486296,-0.17169793897486418,10.056076372028304,1088,0,0,0.1389,0,0.041
-0.36982222082515714,-0.32276477290142924,9.820628728455553,-1.0445774799521388,-1.8844388325504768,5.786672784429929,-0.3725652851972637,-0.3905253652684274,9.81642499156719,1089,0,0,0.1537,0,0.032
0.28276719943294126,0.4331968038351748,9.7335073440839,-0.9957077010445753,0.0002397000394419423,-2.128945575774411,0.3312481339909483,0.4486290531902488,9.756275722631239,1090,0,0,0.1537,0,0.0311
0.3037045595505018,0.35849123399535676,9.784625578310912,2.01138939023718,0.5832643842995324,4.916817223994258,0.3404777997959632,0.4436926417712836,9.781431529376075,1091,0,0,0.1537,0,0.0413
0.40043905028851134,0.4982475761915803,10.118840085712344,-1.2760403222001535,-1.325395878254621,-1.7440769085492485,0.3773192425568372,0.4583151862764308,10.158216137837586,1092,0,0,0.1537,0,0.0321
0.21056471833111176,0.5477456516348729,9.824648824235341,3.919859374433085,0.04479295815800349,1.1305802425154559,0.19679069084387335,0.5479149809793001,9.873533668911236,1093,0,0,0.1536,0,0.0359
0.04161370917219901,-0.18730945635040747,9.88228239519837,0.14431266251988126,-3.0853515931544395,3.2782450275257506,0.048131327640945284,-0.2805625667472158,9.933500682536826,1094,0,0,0.1537,0,0.0459
0.14494871565817394,-0.6756654446310107,9.989482413223728,-3.5087539456948162,4.2306176012200964,-0.4088580293303763,0.21251155455967813,-0.7098184496981662,9.993169657795805,1095,0,0,0.1504,0,0.0309
-0.019019367002690822,-0.08103663417040842,9.882997483281935,1.6569758459009356,4.2105373412088145,4.144396754932156,0.01931597054353154,-0.13954775945433634,9.963370684106357,1096,0,0,0.1537,0,0.031
-0.19278133436576908,0.04029974103706938,10.156118503836078,-5.7785780996902165,-2.3087396503014728,0.5650389229596139,-0.21572503462633918,0.034743992937923324,10.194944934801448,1097,0,0,0.1533,0,0.0609
-0.267808686994839,0.40437090530890235,9.7783628430718,-2.6560657922877544,1.77646533369184,3.7208535506140565,-0.25706684329527874,0.4417061017844558,9.812691341484017,1098,0,0,0.1537,0,0.0609
-0.3125459989270996,0.18625736985225178,10.14328060357996,2.8222185333144303,2.488793860522742,-2.416285726764815,-0.31501075032598314,0.19259809474376144,10.08661378471634,1099,0,0,0.1537,0,0.0515
0.15380827800273056,0.21971900686844492,9.793700331305349,4.135173320187823,4.0393888666234625,-0.401373662028251,0.12856143538082565,0.1625257449997911,9.746133580294627,1100,0,0,0.1537,0,0.0515
-0.43979799142970377,-0.05904883215186921,9.845873879420234,-0.3996669340804935,-3.3333508865249115,-1.818172602703291,-0.3411869686220452,0.016571868539684703,9.855713565798611,1101,0,0,0.1537,0,0.0515
0.3081231890426583,-0.15123287798996243,9.63589847059198,1.3359915509084113,2.1797560072702664,-3.31934770095374,0.2993968724140614,-0.15956163756244102,9.627876856722262,1102,0,0,0.1537,0,0.0515
0.3412357157897832,-0.1516106346517259,9.92984172988956,0.36388904125195026,-1.6370322861796434,-1.5912099852136625,0.41435298096354967,-0.11583274134695198,9.953365982825408,1103,0,0,0.1537,0,0.0415
-0.0364611804205737,0.06643537955555898,10.007813533219267,1.308887325346336,-2.5096721856096673,-1.145007104273628,-0.017762539311280346,0.032450450924961856,10.104667589931944,1104,0,0,0.1537,0,0.0517
-0.18138114612350387,-0.2143499455849179,9.33505747163938,2.209071051077128,-3.8920460133018535,-3.987336352616489,-0.26115705358588825,-0.18544895668040418,9.290943536853701,1105,0,0,0.1423,0,0.0117
0.34955454959827886,0.2596102403829766,9.542718385643255,4.897875954008252,3.4108045821969912,-4.3211333478095755,0.27861634606803815,0.2604193548707959,9.568012985476697,1106,0,0,0.1537,0,0.0071
-0.2628981829718544,0.47287393638247116,9.91328589102313,-3.4773153841450712,2.4867043750583484,1.1010898057928107,-0.29055387522721726,0.4512986562549247,9.945433125626474,1107,0,0,0.1537,0,0.002
0.04495420656422437,-0.414996334675149,9.925122665871301,3.805009002332417,-5.902504197880879,0.5276405575318509,0.10780388859332685,-0.3648119401030523,9.90848718911726,1108,0,0,0.1537,0,0.0073
-0.47145985719215033,-0.16502511754994476,9.835227543413342,3.330191539520176,-1.483559151408341,-2.217880607654355,-0.37783664092641667,-0.09915882014800316,9.8494620125462,1109,0,0,0.1537,0,0.002
-0.12614955411461165,0.2625446357311596,9.693012535148341,5.870215644782428,5.7165480663243855,-0.04572923623215626,-0.16358232516130464,0.25492038467137806,9.59953954114212,1110,0,0,0.1537,0,0.0014
0.24204088948532443,0.015033362921324815,9.948353490631211,0.42930014870920946,-1.0753439423643978,-1.2918136960528586,0.2291536037638503,0.10223917856318845,9.965855052594684,1111,0,0,0.1537,0,0.0015
0.07504219673708239,-0.16818238074853015,10.015814087624701,0.11228943502518542,4.859853477297943,-4.326829620582101,0.07925752460474171,-0.2453537821490464,9.924411380285175,1112,0,0,0.1537,0,0.0014
-0.18129822601172155,0.6340391863973727,9.977681496257542,-4.622932940745008,0.30666463306330394,-0.9254938256255119,-0.20782340001191113,0.679368368177476,9.888727130049887,1113,0,0,0.1531,0,0.0014
-0.1214472754469926,-0.06375179522971197,9.870979953482529,-2.996592782499915,-2.179062853398548,-0.35862659363827054,-0.21013698580602877,-0.04245728366752454,9.892673486228736,1114,0,0,0.1537,0,0.0012
0.3358879977266022,0.33397373945628744,10.213029912622405,-3.825875269699998,4.191317202833852,0.10097318040636265,0.3136862328545659,0.3039178235873585,10.171860597756424,1115,0,0,0.1537,0,0.0013
0.13410864668945657,-0.127078030036634,9.991499400425099,-2.9790878899702777,0.8796003595426563,-3.3931244797511466,0.07801069723337509,-0.08688009535825013,9.98380423313531,1116,0,0,0.1537,0,0.0012
-0.10683796835300723,-0.10353696145385181,9.794437181573269,-0.4924396637298211,-1.976363374773272,4.398820047542683,-0.12819265176575168,-0.10464685435530685,9.705791952335613,1117,0,0,0.1537,0,0.0011
-0.06845135161019651,-0.19275243747424545,9.758854327578934,2.1715850785215984,-3.217407359888562,1.2528469173482923,-0.09034246245528468,-0.257842827031622,9.78975679244088,1118,0,0,0.1537,0,0.0011
-0.2857928039818338,0.49363702953817346,9.551804493264324,3.1106156199982147,7.219654076271917,2.0414107379790627,-0.31840691042756647,0.446467699398076,9.535576902328426,1119,0,0,0.1485,0,0.0106
0.4346334740868241,-0.08721823717896707,9.716259481193068,0.5544442771287851,-6.924301536250335,4.361203163046925,0.3698496545968567,-0.08858871293475072,9.67051760636287,1120,0,0,0.1537,0,0.0019
-0.06117274077744317,-0.3833810952846004,9.829747143724918,-9.47452161001333,4.832193420445726,-7.171983714951628,-0.028751713858742443,-0.34909798774042106,9.873198285304735,1121,0,0,0.1422,0,0.0006
0.17711420323811508,-0.2047572408227015,10.042269286447324,2.6784997310687624,-6.438969296782105,-3.1824177992248304,0.20978155755919786,-0.27811081746854693,9.974496270021415,1122,0,0,0.1537,0,0.0109
0.19781235097502828,-0.06873618188019467,9.748473543432386,-0.9917852331371897,-1.2668357802654753,-1.804327708561428,0.15802976295953888,-0.01126016311999243,9.777673178049948,1123,0,0,0.1537,0,0.0
-0.48660781728092734,-0.06528482894082342,9.637081871308318,-0.6899435503063552,-1.907080833367975,-3.081041549434972,-0.5558863176990337,-0.060547720794475984,9.550146777416698,1124,0,0,0.1537,0,0.0019
0.15965015310345612,0.3099199669815121,9.595381973222947,2.1340738398471264,5.782244904677061,2.9273564256866202,0.1541768112925649,0.2926420272282834,9.63821788906096,1125,0,0,0.1537,0,0.0084
0.2560878080798428,-0.27563806728629153,9.635458042791743,-0.5637287531873199,-1.671021855780161,5.101735183567359,0.23690972879375727,-0.2380278491019026,9.593633057579744,1126,0,0,0.1537,0,0.0284
0.0805466776633149,-0.30751955125332786,9.546957505760082,-3.5634380937307184,-0.041751555692358874,2.170046098382783,-0.027349545121460858,-0.3099029768351709,9.56597748417431,1127,0,0,0.1537,0,0.0184
-0.2773135401302387,-0.39050210827222737,9.770486077694363,7.894483477213052,-0.8625336161540856,-0.039211587172751895,-0.24279190108698523,-0.3142361873912359,9.820207346579538,1128,0,0,0.1453,0,0.012
-0.18714343487865048,-0.45662461263740084,9.46144104624596,2.6641863723254784,1.041023236741546,2.6643347471433505,-0.27156181474331603,-0.5335975426531999,9.340912903859357,1129,0,0,0.138,0,0.012
0.000868621661644902,0.053475454928175785,9.950571167679598,-2.358436373331407,-2.366447684857569,0.6419887041245516,-0.018468595139204347,0.03367862291718709,10.006518758349781,1130,0,0,0.1537,0,0.002
0.03338330564003915,0.43577295879791345,9.69771302861551,1.8618386354721856,2.5383358645664957,0.6952386499885415,0.0532188437158504,0.4995193843502706,9.627691832579078,1131,0,0,0.1537,0,0.0018
0.15057120036484678,0.04581629500200597,9.856325509085785,-0.16274660761975304,-1.2091780591250514,0.08389138118506179,0.079363708470168,-0.10255063002695981,9.795628411302664,1132,0,0,0.1537,0,0.0118
-0.1990512223962008,-0.4251064797314895,9.965331456839799,0.0025055581501360925,2.9738235041933185,1.9404789019119826,-0.27738915630323674,-0.5210504815338075,9.974103166001088,1133,0,0,0.1537,0,0.0118
0.3472790746969051,-0.0419225684080464,9.515902163771923,-1.4166023225788615,-3.705116188021281,3.745794138491555,0.4386898679493383,-0.11915242713903468,9.523958408789621,1134,0,0,0.1537,0,0.002
-0.22833394233824444,0.10966153520924034,9.600648447659633,-0.5832131259645777,0.9789610310720486,-4.604225346197651,-0.16383696236230372,0.13406425642522066,9.59925098313212,1135,0,0,0.1537,0,0.0118
-0.18211289918312037,0.07911797886341186,9.683117936141873,-3.29339660371334,1.863990286943576,-0.07625299935473297,-0.17763195894398318,0.07727181595278428,9.690048201232791,1136,0,0,0.1537,0,0.0018
-0.14952062729263477,0.13887689218635862,9.99701456711684,-1.562522936610849,2.694028073598644,-4.902747763447812,-0.13917277882321927,0.29728005671945584,9.998891694576258,1137,0,0,0.1537,0,0.0018
0.013908623462248228,0.3416320377611522,9.654957237138165,-5.368599366117287,-2.276965008230044,3.430017684026389,0.060694031614855364,0.3537431248433734,9.682443788335366,1138,0,0,0.1537,0,0.0033
-0.3368189036751991,-0.1909944836578784,9.88187458306851,2.074997000634906,2.1938572708995987,3.6414050778311857,-0.3250197997832062,-0.20116382972594035,9.805348670967344,1139,0,0,0.1537,0,0.0133
0.5102189388451872,-0.3814574361919429,9.772675092691658,4.189669612981501,-2.2415813705068226,1.0444094596514708,0.49002925138381986,-0.4147908055398487,9.829691065616625,1140,0,0,0.1537,0,0.0133
0.21841088095956482,-0.16307514117727914,9.918032793256252,-4.3555743131013696,0.9489877036419196,-4.171510116972193,0.15327352118488388,-0.18412764389148545,9.899204836523287,1141,0,0,0.1537,0,0.0133
0.3340118164235343,-0.05802693961470646,9.830463252331418,0.5972025490355914,-1.6527012969562276,0.8591265555789382,0.24895125981568972,-0.033403410243797484,9.856736638860387,1142,0,0,0.1537,0,0.0133
0.18741482165588477,0.40641204196807107,10.051303382421892,-6.026702148715346,-1.1650336650398478,-4.068299276718113,0.23674738456176853,0.42040786231380345,10.060465802912995,1143,0,0,0.1537,0,0.0133
-0.4204809009041059,0.037742563305536776,9.795720461573096,-2.491769933533196,-0.97043462545554,-3.059815669883363,-0.40688860485193445,0.008753410784643607,9.834692449649774,1144,0,0,0.1537,0,0.012
-0.017235069124762182,0.1170240673243171,9.82967582244994,-1.6612524772654749,4.46755751082461,-2.4972264404868514,0.059794749067831734,0.10783540695096869,9.835523296203409,1145,0,0,0.1537,0,0.012
-0.20165506541462427,-0.40109169854614274,9.975461634612781,-1.595394771957743,-1.8415063155504683,0.5678967337260091,-0.14106840600196693,-0.5214399646680994,10.002556252216229,1146,0,0,0.1537,0,0.012
0.2768705826406843,-0.098359309095109,9.668578915333802,-0.9881333223547579,2.877129423185931,2.2447883911131865,0.27645569953453103,-0.19233731847079738,9.666321767152546,1147,0,0,0.1537,0,0.0118
0.17636247361287638,-0.0829861993385971,9.989948783616603,2.529406764766911,-2.1523282431326143,0.48519029308637474,0.12902663718086144,-0.1005863553405582,9.97075215510766,1148,0,0,0.1537,0,0.0118
0.31727535485046265,-0.06048086688016123,9.979562447983794,2.68301805177692,1.704996432028521,2.3594948699555323,0.2587345700892616,-0.030774224387569354,9.949568543037715,1149,0,0,0.1537,0,0.0118
-0.2967240359058779,-0.013846643192837241,9.518456944274337,2.521234692433838,-3.1058242872787387,-1.4718303859105983,-0.273344044360849,-0.05961502215988382,9.571361740770513,1150,0,0,0.1537,0,0.0118
0.07162225824598037,0.2665653193103219,9.703032965461983,4.579569769686591,5.834650925538482,-4.581399704978978,0.07471346201595551,0.2915889505599749,9.713650281663519,1151,0,0,0.1537,0,0.0118
-0.38068289553032775,0.34055332171418834,10.143994462132826,0.08652178603618749,-0.8509356936177175,2.4613891379146007,-0.4372473629111203,0.3404665056218904,10.156357746656978,1152,0,0,0.1537,0,0.0118
0.0192071411932553,-0.30200110883099685,9.76126609691113,-1.5855141829185273,0.5284651959015548,-3.1320112980441657,0.07225279133063735,-0.337073013165023,9.662063709374179,1153,0,0,0.1537,0,0.0118
-0.5112663932836936,-0.19809780770591937,9.500848176634443,-0.34941436728776853,-9.80565246633721,0.07674287934606204,-0.4643779873364416,-0.2338622727312299,9.457630214001943,1154,0,0,0.1469,0,0.0142
0.050762023713980364,-0.4217947390286501,10.057382582705495,-0.9813452151072513,-0.9046056371131754,2.512761005533991,0.06139713947639066,-0.42851467441841923,10.150232805179128,1155,0,0,0.1537,0,0.0343
0.39399458705908014,0.2931562210198715,9.760827438767711,-0.3328783712916859,-4.649332766964802,-0.20776805135056936,0.32682379201955397,0.2881238732119992,9.71257470318631,1156,0,0,0.1537,0,0.0343
0.020036581716001593,-0.3658239762268076,9.670118019567646,4.210021569629953,1.8469468299826415,1.8161931943151914,-0.016566919453479444,-0.29616654817348653,9.66018219091443,1157,0,0,0.1537,0,0.0555
0.12417568340194257,-0.13577645431002205,9.806819617771792,-2.4663346686256737,-1.752525195232593,-1.1488075439900456,0.11682770230827459,-0.12579325357488888,9.814217715743306,1158,0,0,0.1537,0,0.0455
-0.014110802965550671,-0.11644798184830954,9.774730361506679,1.0016004143368418,-2.412711649316395,0.7193873145263449,-0.13342466694615734,-0.031789014781181665,9.822116461752307,1159,0,0,0.1537,0,0.0255
-0.5852446382770069,0.04934437373857314,9.668583868494522,0.1806829656173619,-6.10304502889996,2.1945437417884373,-0.6133158295615807,-0.009298197441197531,9.708443082250753,1160,0,0,0.1537,0,0.0555
0.07844284933322272,-0.10220635486898134,9.769848578144646,-3.040041155555633,-2.8162170218367386,1.3240629075604113,0.1117926711212806,-0.08940357239676411,9.717032672766553,1161,0,0,0.1537,0,0.0555
0.5493795010758602,-0.3103695346466575,9.870647954543282,-0.329945367262981,-6.803175136865299,-2.9684949841029846,0.47396126009938827,-0.3301190389269578,9.795762258137355,1162,0,0,0.1536,0,0.0738
0.7567822692450602,-0.17050348498801204,9.938567847268688,-1.9071829354408192,-2.383347111838436,7.396949564774351,0.7319417097176713,-0.11109532247299628,9.940399997085866,1163,0,0,0.1622,0,0.0544
-0.3711964636718425,-0.2946672019894627,9.799413741436856,-0.6100884822613655,-4.937752698851704,1.8305116750553503,-0.43254081534491634,-0.30804453938626686,9.753776070549376,1164,0,0,0.1537,0,0.0335
-0.24259942548178032,0.2699211420145375,10.129960679451415,9.835526618433773,2.529800303716025,0.8819650817712277,-0.23959186277127412,0.23097935876431996,10.087105079826102,1165,0,0,0.113,0,0.0009
0.1945015002784725,-0.0006667449359445173,9.85498389087653,-5.916150926996399,3.5652956134084164,-6.271558185276569,0.21031858693947802,-0.041210327407894966,9.936024326657243,1166,0,0,0.1537,0,0.0021
-0.049772658999825845,0.08463317536899648,9.579573362646153,0.613067707544439,7.668113547720911,1.1566783627696937,0.038677670192729066,0.06276176963290908,9.592981399094715,1167,0,0,0.1466,0,0.0121
0.14813691822607206,-0.3529021640364045,9.816230840450888,1.3788896803570396,-1.7687418269480268,2.9904450206933695,0.20451512012498807,-0.43198432796331554,9.819728537419147,1168,0,0,0.1537,0,0.0022
0.20805329422563903,0.29082848522116445,9.65586692609118,-1.2105601969472208,-0.4240301291557604,3.1464374861548348,0.14286273107645814,0.296014311551867,9.70198817502843,1169,0,0,0.1537,0,0.0009
-0.22927476370578537,0.0663632680311208,9.839894479416406,1.6996019392187542,-0.089330081384658,-1.2097822807723928,-0.16856924195213552,0.06832143918315974,9.717399010476543,1170,0,0,0.1537,0,0.011
-0.12997587684823325,-0.046188807074536785,9.805101251199245,4.441428992493422,-1.9574553216229873,1.9876278102653695,-0.13361161031654115,-0.034222007816095315,9.764800674321197,1171,0,0,0.1537,0,0.0201
-0.04952252878121533,0.30272580468899335,9.727046776327798,1.9717596734893412,-2.289262181946259,-1.784311822508698,0.0001968492386865625,0.2912178410449257,9.812925387079343,1172,0,0,0.1537,0,0.0101
-0.04111973474752237,-0.08598758785296286,9.804262929462048,-1.7584641851363316,-2.923674759492431,1.6905851441142343,-0.058184816540109985,-0.059120376318117326,9.844867623316473,1173,0,0,0.1537,0,0.0101
-0.017224145379217588,-0.18918411216187153,9.86763314907202,1.6544101095005257,5.619929713598098,-2.698487305513237,-0.013489040632051058,-0.22492415062775806,9.810508726088907,1174,0,0,0.1537,0,0.0002
-0.13374601623088622,0.2714584312329159,9.47143171697804,2.1406780606568807,-1.2500854533919514,-3.3572270056499582,-0.23427651725426857,0.21411968671473663,9.468168775254293,1175,0,0,0.1537,0,0.0001
0.3721725169777205,-0.13557821773415132,9.627175350416401,-1.2186679689109576,-0.34603475633484615,-0.7133478646823666,0.39377532443135577,-0.11479514279872935,9.677637620640983,1176,0,0,0.1537,0,0.0001
-0.33344926058725755,0.27480976764146164,9.91371380198472,0.9115974117374692,-3.4071963411267436,-2.8713580836856343,-0.2642406378764779,0.3331952567767207,9.875255566228235,1177,0,0,0.1537,0,0.0001
0.2729258276086993,-0.17515741224939513,9.75090756203891,1.6985394876778375,-0.4720516657692202,1.828949367000524,0.2321556454630281,-0.14831891207147707,9.703313099858383,1178,0,0,0.1537,0,0.0002
0.2374215348078707,0.2706861820913277,10.100803084861337,0.10428658640542596,3.240177945423843,-0.3815444739516869,0.2750148890768137,0.29987826486069086,10.107694680284563,1179,0,0,0.1537,0,0.0011
-0.31991092833364093,-0.7692366350562142,9.827263327697695,-4.028045095565211,-1.0271670470423784,0.4966274409170832,-0.2406521452072412,-0.7177292967912339,9.704703160231443,1180,0,0,0.1519,0,0.0009
0.31322158853551674,0.1710204226964127,10.140134062634864,1.342453643964657,0.2692655416185663,3.4900828295703805,0.3808019788984065,0.2315621444313881,10.117516782235885,1181,0,0,0.1537,0,0.0113
-0.03482901364458441,-0.3862594736154163,9.81066453344188,4.752884515675502,2.152692770406134,0.6113175325529316,-0.12970210656519213,-0.3674554417241022,9.817350598329673,1182,0,0,0.1537,0,0.0112
-0.3195994661911123,-0.17195638101417557,9.985488836636845,6.61500677399108,-2.4749267714571808,2.877453687872742,-0.3002621898494595,-0.1164326617079284,10.01676588061315,1183,0,0,0.1529,0,0.0105
0.3412448328871442,-0.4783366402232627,9.66374497101169,-1.526195162031596,3.4569462218664366,2.3835542039867192,0.2261994107634075,-0.5061021987806055,9.625810064329675,1184,0,0,0.1537,0,0.0006
-0.3272595537603794,0.03896904972540803,9.704263270502237,0.14073506721389606,2.3538862655176565,-1.1870744530009327,-0.3677735397208676,0.08849616436766042,9.77216463430212,1185,0,0,0.1537,0,0.0012
-0.08006870292053055,0.37952545047271413,9.714230097009487,1.5197477858417678,-2.2188705334574563,-2.6155057356411846,-0.16058708746951206,0.46200253826600346,9.682263299415967,1186,0,0,0.1537,0,0.0105
0.09044344553571596,0.016474703337859917,9.786901105280945,-2.2347870176719593,-4.773477928585091,1.5124412351579581,0.1250328373553303,-0.008646815527031712,9.738981176559752,1187,0,0,0.1537,0,0.0205
-0.2918608396794801,0.39663417301164117,9.94213506780709,-3.369288417064454,-1.764457865347476,-0.3751023776932871,-0.21378391070257458,0.42063281417888143,9.986945218623294,1188,0,0,0.1537,0,0.0005
0.1263678229054137,-0.2479159108773134,9.730888233042611,4.101635887598229,5.600295270267617,-0.4244880099114212,0.11190200980237174,-0.27608999181760596,9.739136025056832,1189,0,0,0.1537,0,0.0105
0.3319850158574617,-0.5824341285389844,9.618554681690531,-3.138876239071607,-0.9261805762726104,-1.072564175558173,0.35873026665423535,-0.642944275586271,9.466200023789796,1190,0,0,0.149,0,0.0186
0.2534336333428173,-0.28156850892030233,9.527446246748921,3.493180934492007,-2.467610111807282,5.505983680211889,0.1710822984382462,-0.19513398595291542,9.479586652578702,1191,0,0,0.1537,0,0.0201
-0.142055920352879,0.25906460288238975,9.729668009172952,-5.2553596821760955,0.5645158779181352,-1.8973965729674058,-0.21383245914345594,0.20375650096580708,9.85209635825586,1192,0,0,0.1537,0,0.0201
-0.10490185296968713,-0.3174458492096595,9.66065277052501,1.786951003958448,4.014992132044137,1.8602062219001654,-0.14905850919947197,-0.3143619942607622,9.584925546187053,1193,0,0,0.1537,0,0.0101
-0.15651923037599608,0.44170530150337706,9.660541997971892,-8.307506619814493,3.868170091981045,0.06689739664608214,-0.12263855513216174,0.5288780833297302,9.6926509120768,1194,0,0,0.1469,0,0.0002
-0.3529522141894144,0.16210585185372026,9.4820207988405,-2.890127224599488,-2.4069776343291904,1.0948656043785394,-0.24540245938671915,0.12763017087284972,9.420394142634215,1195,0,0,0.1527,0,0.0101
0.5782467962597784,-0.4891155184700512,10.030040519993008,-1.5873921186221756,1.9253433976921903,-1.5867873998592654,0.5589766190999321,-0.4836932064229635,10.034069478196418,1196,0,0,0.1521,0,0.0102
0.29393484737774633,-0.3898409594174082,9.961879626040677,-2.660818055300736,2.110147933552555,-1.7079741209041635,0.29635873388946754,-0.3979766769433286,9.949843619636145,1197,0,0,0.1537,0,0.0202
-0.27507980366841717,-0.12373172680211547,9.625988562367686,-2.9049560714108678,-6.111967941140909,0.5075551297231808,-0.24599090867764037,-0.07143097923126739,9.607731340360248,1198,0,0,0.1537,0,0.0101
-0.2868798568247394,-0.04600050318015706,9.867381823812673,-0.25264002836752203,1.9988973917180348,1.6781730095851541,-0.3806570515738915,-0.0796674454885138,9.900209277019794,1199,0,0,0.1537,0,0.0101
0.0009150095752931247,0.37336683566827583,9.633603757196308,-0.5567413405918639,-0.4803921027384984,1.748271361246044,0.011198241378274526,0.3495321298979543,9.59514997576879,1200,0,0,0.1537,0,0.0201
-0.2503928341617953,-0.4169761639635093,9.845238214799494,-1.156979497059556,-3.08994873425167,-3.8020192147786576,-0.2854964147339981,-0.38827371219209816,9.87209170458862,1201,0,0,0.1537,0,0.0201
-0.14373766621221404,0.023948572374073288,9.79050650959332,-1.198626470808344,-0.14340134663532567,-2.1857624640328774,-0.1375390993972606,-0.017778865145168944,9.758117839844806,1202,0,0,0.1537,0,0.0001
0.15794092814176244,0.03413403139320323,9.414191362808802,-2.5076071548735457,2.088954660096351,-0.9486860130831757,0.11617874215241072,0.03217263730120344,9.366863156973778,1203,0,0,0.1488,0,0.0001
-0.6978969970989283,-0.3294284970006703,9.713012039388785,-1.4135639113697755,-4.878345773892755,2.856472388726598,-0.6308070883390273,-0.3715681198710299,9.679901292332278,1204,0,0,0.154,0,0.0001
-0.07077102360451888,0.39655090845951063,9.935297799346847,-1.9089363884694532,0.02948737511756749,-1.9615521376411915,-0.07260251773938432,0.3438862304102689,10.020971459917764,1205,0,0,0.1537,0,0.0501
0.04979867138039557,0.21534174296900951,9.436269654467566,-3.608094439946877,-1.305754631084715,2.219674639736895,0.11689447494957056,0.2490483871185065,9.453896513183299,1206,0,0,0.1534,0,0.0303
-0.13554849796213522,-0.21204482902568203,9.866213442796552,-1.3507793231782186,3.4366845425135715,-3.471365812282116,-0.10832025081433877,-0.10371527867105826,9.829745220546858,1207,0,0,0.1537,0,0.0203
-0.2267181927928365,-0.22488203279285582,9.65648802037345,2.194032988612831,-3.475922090581963,1.5826767885777588,-0.24243160940606662,-0.327304761672795,9.632079382561443,1208,0,0,0.1537,0,0.0101
0.12774413665314768,-0.37984924952820326,9.617039337137836,-1.3102546513862003,2.19118213289739,0.8900847786585597,0.12141314803923545,-0.2877308731224124,9.650869707913065,1209,0,0,0.1537,0,0.0301
-0.01969399026784818,0.028233835994726043,9.979997444487337,-2.366609056557478,-2.0663306395776706,2.004332687259522,-0.1014365439341981,0.0006039472690813966,9.992524228391334,1210,0,0,0.1537,0,0.0203
0.17464855913274122,0.37122638955591536,9.642177133734188,3.6245965722896933,-2.797817035620068,-1.8430246932150602,0.20203070663809553,0.37987402511560353,9.679800079621453,1211,0,0,0.1537,0,0.0503
-0.035234453291241946,-0.04516409327580476,9.986369060550242,1.3477394251062913,6.360341455367152,-2.125634104509756,-0.07967663076219837,-0.06802277168026241,9.990367340287598,1212,0,0,0.1537,0,0.0028
0.07774432013389797,0.02206445734237616,10.026004214034284,-1.76224099548377,-3.405338295756139,-3.2583187273413827,0.11530455227614005,0.10635483878143727,9.88202887040108,1213,0,0,0.1537,0,0.019
-0.9628307603165395,-0.10288096221295386,9.918252110989007,9.189179588535287,-2.7192097744106873,8.524260663178133,-0.9628307603165395,-0.10288096221295386,9.918252110989007,1214,2,0,0.1412,0,0.0301
0.19293281416761895,-0.056154490309990625,9.663510378525718,4.0373347190598,1.4985771158658545,0.9654274138013142,0.19293281416761895,-0.056154490309990625,9.663510378525718,1215,2,0,0.1537,0,0.0424
0.03530262152221907,-0.0039568772113600425,9.668781262242995,3.081536115585296,-1.127911432329339,-3.6246098422547584,0.03530262152221907,-0.0039568772113600425,9.668781262242995,1216,2,0,0.1537,0,0.037
-0.05717081701192804,-0.022958919714953376,9.556783758963798,4.164872055315998,-1.097220562991684,2.3094201440951685,-0.05717081701192804,-0.022958919714953376,9.556783758963798,1217,2,0,0.1537,0,0.046
-0.21523376130255661,0.016873012154498164,9.864049423742125,2.254582446595546,0.21931304312201644,-2.7428792925524754,-0.21523376130255661,0.016873012154498164,9.864049423742125,1218,2,0,0.1537,0,0.0558
0.4009988249669085,0.08972295575269613,10.009242030261982,-4.417588417038717,4.847477225774747,2.3337949020981172,0.4009988249669085,0.08972295575269613,10.009242030261982,1219,2,0,0.1537,0,0.0356
0.2085600974907527,0.030354096153668214,9.814008666808268,1.9604724349745966,1.2851855849284877,-3.8796671749700513,0.2085600974907527,0.030354096153668214,9.814008666808268,1220,2,0,0.1537,0,0.0356
0.20138110873845577,0.08576484212611876,10.112219781334456,1.275181082222137,-1.2351551238365555,-0.7110542370766764,0.20138110873845577,0.08576484212611876,10.112219781334456,1221,2,0,0.1537,0,0.0356
-0.24742644053090831,-0.13444859571618994,10.195982567233155,-1.2202542349061998,5.8753762204752356,-2.583041124327325,-0.24742644053090831,-0.13444859571618994,10.195982567233155,1222,2,0,0.1533,0,0.3548
-0.06970899881056943,-0.3507037081858178,9.578481277121009,2.3919752748793757,1.7522412054629632,1.5359287217698427,-0.06970899881056943,-0.3507037081858178,9.578481277121009,1223,2,0,0.1537,0,0.3448
-0.43797427602954925,0.39315137850513754,9.616530465662741,-0.8555152185714304,2.900595947421984,3.4976865748914747,-0.43797427602954925,0.39315137850513754,9.616530465662741,1224,2,0,0.1537,0,0.3462
0.18807707557201378,0.2668776070106882,9.73659669842799,0.08454861464098856,1.2691900469095097,-4.407886270995265,0.18807707557201378,0.2668776070106882,9.73659669842799,1225,2,0,0.1537,0,0.3067
0.34090303089845536,-0.1351358291088405,10.110606675560657,4.410049455854608,-1.4566833291430719,-6.920228962113926,0.34090303089845536,-0.1351358291088405,10.110606675560657,1226,2,0,0.1532,0,0.2698
-0.1934732074675854,-0.4866142573559875,9.846728681764521,-1.4343938425271014,-4.7766794637936965,-0.7747955558455606,-0.1934732074675854,-0.4866142573559875,9.846728681764521,1227,2,0,0.1537,0,0.2894
0.11024790703730537,-0.22552413008942626,9.75732702353151,-2.7256610986763454,-1.3352085146694632,0.702249567910591,0.11024790703730537,-0.22552413008942626,9.75732702353151,1228,2,0,0.1537,0,0.2794
-0.19831015785494802,-0.15681868542524427,9.81479160230675,2.4601254131659815,5.8370161053137135,5.082839303691049,-0.19831015785494802,-0.15681868542524427,9.81479160230675,1229,2,0,0.1537,0,0.2708
0.28855390857622387,-0.112100843179755,9.613303637200522,2.0431791081161483,-1.5640228755779204,-5.864883619743873,0.28855390857622387,-0.112100843179755,9.613303637200522,1230,2,0,0.1537,0,0.2608
-0.15245583989038464,-0.4017879502585534,9.37476950593522,-0.26029644061519924,3.012674744093043,-3.6786247357700868,-0.15245583989038464,-0.4017879502585534,9.37476950593522,1231,2,0,0.1497,0,0.2394
-0.40655828956832857,0.35112865745737337,9.707276508880641,-0.3116829283942944,-0.8040876903729364,-2.5912323177428225,-0.40655828956832857,0.35112865745737337,9.707276508880641,1232,2,0,0.1537,0,0.1986
-0.007109070337982325,-0.033064600410040314,9.819529507426248,-2.7630593793083396,-3.8467474971066498,3.292092019907221,-0.007109070337982325,-0.033064600410040314,9.819529507426248,1233,2,0,0.1537,0,0.2301
12.380545640458509,14.297257858533214,4.254376114069354,257.80125919763543,-273.5546832094385,119.78309251993926,-507.3464112998704,326.1334320227306,-292.96550656554615,1234,2,2,1.0,2,0.67
18.294127756686954,9.078193922402315,4.186542552097313,-197.2209526305106,-286.4437599645784,-232.33285635333715,1503.1926737711503,900.0173215310803,-242.13673742123814,1235,2,2,1.0,2,0.84
-15.029886582619689,-13.328587270688875,3.453427684686128,212.991065701012,193.7808052861312,-201.0420904067689,-1607.7041025239866,-968.933116835509,-225.9178579543238,1236,2,2,1.0,2,0.83
12.387396094416564,14.166834260420986,3.2303895933729327,-160.54108797987897,271.1328272517883,-187.61958710567558,1742.7885675187063,1052.4075371149947,-210.60534422139006,1237,2,2,1.0,2,0.87
