ax,ay,az,gx,gy,gz,hg_ax,hg_ay,hg_az,ms,true_label,p1_label,p1_crash,p2_label,p2_crash
-0.30209106363961963,0.2321231691987407,9.771364794926187,-4.647038731193534,-1.1666330597151373,-0.5243962631791401,-0.3121821693838547,0.16818430575371168,9.744192213090242,0,0,0,0.1537,,
-0.3629215612795784,-0.15321573217411463,9.821335303328373,-1.5455374665677377,-2.612973142149768,3.141117120250833,-0.42040265462297777,-0.11140261511016183,9.86819153942309,1,0,0,0.1537,,
0.0900031174993615,-0.07119662166605334,10.067710371597464,0.6151360956619605,-3.613930827094241,0.7417613437919361,0.022103343848043563,-0.05302841387151194,10.095888742832017,2,0,0,0.1537,,
-0.29269801697759024,-0.23723940854432252,9.34827396418529,-0.12294276405009298,2.3722123510244506,-0.10069221427424835,-0.2959472402007849,-0.20775240850766857,9.388113066535562,3,0,0,0.1452,,
-0.02325422427626593,0.03449143113639403,9.951803130795172,2.740052549781675,-3.1894022282270673,3.5552371500523003,-0.007058837668927703,-0.05368201595690857,9.92558229788963,4,0,0,0.1537,,
0.4909441037691667,-0.24037881977451186,9.831895082426376,-4.344340859143018,0.24350006875087843,1.6789280272125362,0.4348633430312193,-0.22713459249544785,9.80524834599385,5,0,0,0.1537,,
-0.5020215891556956,0.6658690601907142,9.346649423563171,3.7241566257835466,1.9072538275921334,-0.2281086481434956,-0.5726180732655822,0.6008143401932973,9.26561178628434,6,0,0,0.0696,,
0.03543287065862783,0.03684712912768868,9.951722540837054,-1.520113095057742,-0.3240223615582979,-2.5269137614472594,-0.03568520682357045,0.07333362282115022,9.952449465074848,7,0,0,0.1537,,
-0.4700303683046886,-0.267755459901989,9.875722043145387,6.374611084756781,-2.0462746706124775,-1.7895227347903644,-0.4839076643133153,-0.2894732156101219,9.92648543193148,8,0,0,0.1529,,
-0.35985787008801556,-0.4810050734811366,10.249609673845695,-2.3369830956662945,0.6040605773075489,1.9432628060952655,-0.36802157499935,-0.48620737703059036,10.25966961083011,9,0,0,0.1514,,
-0.2646629368069092,0.45609464935034577,9.754270713943404,1.184507134353664,-1.4754772769215738,-1.2231647201141487,-0.34761648561734043,0.44323662196959185,9.825478720985934,10,0,0,0.1537,,
-0.7258892749317665,-0.21737425278307043,9.621019057168574,-2.7137002167067816,2.516134781983716,3.7637950950365004,-0.7457888597254942,-0.16833260485982043,9.600701771817919,11,0,0,0.1659,,
0.3759051792111879,-0.16580508261925972,9.794831836921146,2.5665957519883658,5.1478352706329025,-1.806990790665088,0.38280035813819885,-0.15302441069286402,9.78536491525721,12,0,0,0.1537,,
0.17771945852695403,-0.2422099071050875,9.853729806603333,-5.149918979760313,-4.171494690491982,-5.779035451372829,0.09685509022157747,-0.2989231433590697,9.838765621852582,13,0,0,0.1537,,
0.4323874068778779,0.2558221386810514,9.862856985010499,0.5438669104735623,4.245791934820677,7.323221016989674,0.5245498328554344,0.26615572109637486,9.843817753713743,14,0,0,0.1522,,
0.09658447999407821,-0.3679384848509508,10.086946725905705,0.19426551696015712,3.6562238128274895,2.167992206151687,0.07365835932810744,-0.25513167916611196,10.126408551056532,15,0,0,0.1537,,
-0.2776246771130361,0.07336621814222105,9.832068031208834,0.25373853711084665,-0.7074621892366931,1.2836653014445458,-0.2896626391240819,0.16737468336605146,9.858098480082171,16,0,0,0.1537,,
0.5322054706665101,0.40226540686215545,9.80420261458091,-2.549230307371458,-6.057126828756246,-1.1681832690776364,0.5267415929006228,0.413568238458354,9.834885555225544,17,0,0,0.1537,,
0.03436581188593164,0.1549680851472191,9.664636468468085,-3.7871691155672584,-5.585218715983511,-3.4398756890889586,0.01494117923654863,0.18687746960440924,9.77504330738961,18,0,0,0.1537,,
0.009985225303942443,-0.10419664837954058,9.854413923562161,2.6415820249980646,-4.740419437340922,1.711850244380688,0.0031463823779264736,-0.1540919366379884,9.93045724775873,19,0,0,0.1537,,
0.4013061723751712,-0.41708467188061177,9.526871244349769,1.884647438276865,1.6320264374844853,2.841842876421608,0.382650207894686,-0.4263070570029477,9.592225155887059,20,0,0,0.1537,,
-0.2413783913008646,0.3244567404948557,9.778957846683877,-1.8564240375924392,-1.5436005313462426,-0.09688078965824311,-0.1203732920850504,0.29538373886309677,9.710834169485771,21,0,0,0.1537,,
0.24721521561075377,0.04644482488327533,9.931234388715446,-1.0216528171918022,2.481585465056998,0.205074578857998,0.18095497731532612,0.04371224920703575,9.93551931405942,22,0,0,0.1537,,
-0.12144151156644951,-0.02032990872205103,9.849282745022105,-4.425278346827174,1.3721060505966025,-0.9293517613431865,-0.09985748815769806,-0.0028612022213737806,9.961324364223538,23,0,0,0.1537,,
0.017042265413134937,-0.23492374122355741,9.9197030305114,6.138118893656369,1.106595524863744,0.7566189464493112,-0.02626411214864166,-0.287950239143549,9.877264801608362,24,0,0,0.1537,,
0.3160942786240694,0.4581865752662694,9.66122969323635,1.4838671140490818,3.457769780582906,3.242601960775526,0.29917992787256015,0.5271572199862329,9.710315753559373,25,0,0,0.1537,,
-0.24992966904139766,0.1379992102607762,9.996475033187817,-0.39153348082271866,-0.4214155130223554,-2.857524304977351,-0.19246839521143594,0.13252439507369285,10.053274412819231,26,0,0,0.1537,,
0.2373792154232628,0.06368339365409295,9.991931328074154,-1.0969015680244345,1.0790901335839689,-2.838031086264332,0.12799623733431428,0.04969001526768471,10.086563085927343,27,0,0,0.1537,,
0.06666726455732236,0.015343272411205273,9.35747982075966,3.057317164263012,0.1039541161632423,1.9408855816194006,0.11077271443999417,-0.07043740991869944,9.41839078875785,28,0,0,0.1468,,
-0.0796212048233446,-0.2213386898098509,9.807299756136262,0.649837483877301,-6.583949850739167,-2.0887084120313784,-0.14591302697074193,-0.16417440425674404,9.802504585699891,29,0,0,0.1537,,
0.019735911974572248,-0.21198974925427164,9.785705550504954,1.963824305133871,-0.5950536650414815,3.707451085425318,0.069043317795526,-0.30734773361360596,9.76513892406549,30,0,0,0.1537,,
-0.49068110999388126,0.0130780491743391,9.75057021910816,2.9414720219891377,-1.872079580382879,-3.2666127749052825,-0.48948376593515275,-0.031206841517282556,9.702762922398177,31,0,0,0.1537,,
-0.1960294558699539,0.26911658845458464,10.035445170574665,-0.6452665714932261,-4.728548921690031,-3.2694256629798346,-0.18543176925116486,0.31009406603339223,9.969369813297323,32,0,0,0.1537,,
0.2062759323797664,-0.11751224275257206,9.824126934560889,-3.796001680469666,1.1026558804440107,-2.6529788121341245,0.16484241980921605,-0.029954371177345465,9.81512259522808,33,0,0,0.1537,,
-0.4429950310095819,-0.5654679306895496,9.793684444001915,1.242609119861006,-3.490527785660208,-0.8492683137680632,-0.3778700883300791,-0.5742431152528324,9.858697449203971,34,0,0,0.1536,,
0.21679314868494845,-0.25102825002583157,9.655051952183891,-0.8293353091722773,0.9536000255270305,1.0835385326583915,0.21558031664013202,-0.2503986034582136,9.617946205867174,35,0,0,0.1537,,
0.3579767269744908,0.2257313699009457,9.706779952701945,2.077050432358645,1.4852641134433575,-3.1496909170145084,0.3177672952695549,0.2165091599901167,9.656928932947901,36,0,0,0.1537,,
-0.3099130441362106,-0.1801847783042109,9.806627406945855,3.7112610092175444,1.6206950479922773,1.1848015095230222,-0.3300243311580588,-0.3453991095577512,9.761024796336251,37,0,0,0.1537,,
0.052435030346315165,0.4137058025907324,9.59469608605761,6.069319310702808,0.7313734843016658,3.144708154214154,0.00990975605570267,0.4338311450981044,9.532046840416838,38,0,0,0.1537,,
0.4124198493218635,-0.16207886900922894,9.881265844937921,1.35353502099783,0.6410073736555449,-1.2493976156399003,0.483450412625932,-0.17734017074458183,9.792413956466142,39,0,0,0.1537,,
-0.04056110384437924,0.17164302471093537,10.063479797836852,0.3730535539440645,4.527840544293849,-2.0768224720577395,-0.010316527099047453,0.04951405712980553,10.046402394445689,40,0,0,0.1537,,
-0.2303617514929541,0.2729741672546205,9.499601398702328,1.7605394421796299,-2.8480298946243936,-3.423631004861762,-0.2874224859259823,0.27015202990607956,9.514039554049093,41,0,0,0.1537,,
-0.11553463039291056,0.21884460180123208,9.797926631317418,4.278910617420326,-1.1067823837612893,0.057228275904186,-0.2022435839453332,0.15416947242411738,9.817263440860454,42,0,0,0.1537,,
-0.007423667958007324,0.6450630558902298,10.16817197985934,-4.443758121036231,1.710041173052104,-3.9618026606885075,-0.07668634059729779,0.6567850715701722,10.217470626202806,43,0,0,0.1512,,
-0.2793576137729108,-0.2879164781319678,9.74061491647744,0.3759773876565107,1.8788609550507798,0.05111192428086761,-0.2836400942763718,-0.20631775007280045,9.703201629318825,44,0,0,0.1537,,
0.33762822117214114,-0.19054241167206717,10.016595623471032,0.33491359614790206,2.05125765053313,1.0338088554399625,0.3675746644027488,-0.1601421653883594,10.007026026984743,45,0,0,0.1537,,
0.26164868783699785,-0.6367411038510403,10.078369045285529,-2.0406843263562173,0.716664684260027,4.296950260903836,0.23393610380500257,-0.6062942772513995,10.095978226877238,46,0,0,0.1536,,
0.6197896917115749,-0.17491011260684536,9.715063737253182,-2.317903126014975,-3.1333140946022677,-4.1977840813429586,0.6386210085471243,-0.16345651947748935,9.746060707148656,47,0,0,0.1553,,
0.03426698367770775,0.46331171342317945,10.175374978628799,0.498503278700166,3.677830908856027,2.409369761387114,0.042782612620972146,0.4514155380375532,10.118593350343083,48,0,0,0.1537,,
0.10294881574463195,0.5542439935506343,9.769091760750369,-4.172034641773248,-2.816097411695677,-1.4992062103804584,0.04812063962717621,0.4704084092575121,9.846990027294233,49,0,0,0.1536,0,0.0016
0.17385341493184864,0.3169747378782364,9.773376103636645,-2.3461536655336053,-0.06479470860346889,3.6654163644882223,0.18949289558566318,0.3299766477497035,9.730918172229728,50,0,0,0.1537,0,0.0004
-0.6516266587824574,-0.051953928423232154,9.823878552711893,6.46133876406835,-1.2147592652062886,-0.08144076760289892,-0.6703121766586712,-0.01670820426396042,9.827690056147553,51,0,0,0.1538,0,0.0015
0.13187067090191745,0.5168139885777987,9.602103165719384,-0.5012714513759952,0.6120290946457374,-3.5096636178360403,0.23488384270457296,0.5179373544853428,9.549058969823086,52,0,0,0.1537,0,0.0006
0.08179176210798543,0.2310292326181885,9.626822547167016,0.29917280029934945,0.8091420509339298,-4.331429582999258,0.08561483199053531,0.1432703087994135,9.622803724323692,53,0,0,0.1537,0,0.0006
0.4169441533387301,-0.2801508379860338,9.926783912969086,2.69946792515211,-1.196429617163871,-2.240299418232722,0.3966438518619377,-0.27832161164424984,9.934964491286527,54,0,0,0.1537,0,0.0005
0.2381208890611589,0.03643226991792412,9.878251859974284,-2.915431506873177,-1.2045889212219114,-2.8339787087975123,0.2682481643267798,0.0520940495451241,9.83930923779734,55,0,0,0.1537,0,0.0005
0.25230696088941407,0.0798152880180278,9.740254158357256,-9.988288377570417,-4.0944047654621825,4.912570217970629,0.26125203703269084,0.11628746424016079,9.674654927441143,56,0,0,0.1436,0,0.006
-0.38949476974071073,0.3366135759352719,10.169595936760995,-0.5802530160205298,-1.7312461245999602,0.6599822593254476,-0.3374559568927119,0.29447732027614676,10.151112731310784,57,0,0,0.1537,0,0.001
-0.1107526190337783,0.25192236771800564,9.465596119079542,7.0704303080149,-4.540148154093407,-2.043659847065741,-0.10724007468715752,0.2523565717667763,9.441574979836872,58,0,0,0.15,0,0.0013
-0.2584101502525408,-0.03761100868045879,9.805278299163696,-5.8234350134503,0.2864944087423811,-5.328751660960248,-0.28930253759012103,-0.04654060037012152,9.810615885038333,59,0,0,0.1537,0,0.0006
-0.28410109476354445,-0.3121875279021634,9.856168411884362,5.554310694761158,-1.067960597022839,4.007386164116829,-0.24745064864402755,-0.3565968005374075,9.882297033685006,60,0,0,0.1537,0,0.0006
0.103386617100949,0.352924327423593,10.086682224323528,2.842294125911342,-1.7870435853797155,-1.4323383557571203,0.1760278293061413,0.465917333506106,9.99478754887742,61,0,0,0.1537,0,0.0008
0.4540197438591781,0.17605503291620028,10.039908763656209,-0.3301171645501089,3.147163275132918,-5.9502131448867175,0.47488422180941525,0.29064455983676996,9.999775596586005,62,0,0,0.1537,0,0.0004
0.6313162828697906,-0.21911398009570235,9.565022476781007,0.6836416573242443,5.081893067507332,4.710296853904932,0.6404837933899858,-0.27538285166934223,9.592894895403612,63,0,0,0.1553,0,0.0004
-0.002347319271829249,-0.03329430515402212,9.898726360196907,-1.5073211213101723,-0.2334417482376544,-1.0283361285433168,-0.0045027485616055615,-0.00546028490684488,9.913356969315359,64,0,0,0.1537,0,0.0011
-0.3802511629701398,-0.060343432173533315,9.797827545665054,1.6579594368198631,0.058489439672753274,-2.4788043278724454,-0.5324972389494458,0.045066630526024484,9.838792395351632,65,0,0,0.1537,0,0.0011
0.24077004894842613,-0.005990217380237935,9.953876534761376,8.086807101974836,-0.598386072000773,-3.361012794099768,0.28200211058957225,0.06230805697915361,9.939725420683335,66,0,0,0.1309,0,0.0104
0.6248544387928413,0.10674012782274252,9.909090937804727,4.65473265978325,0.7775440599907506,3.729258306977407,0.5995450163734599,0.1272146082164426,9.868111727825854,67,0,0,0.1552,0,0.0004
0.3514076774871743,-0.04091190481513285,9.92267820496979,4.6427558296099285,-4.324154527979966,6.273370392668019,0.28193173413227507,-0.033989636141426895,10.009055093800493,68,0,0,0.1531,0,0.0106
0.1567519097939068,-0.0034237270174071865,9.93746445912636,4.620493373742516,-1.556094753014782,-0.4776597130956596,0.23507095458302887,0.07331616583910898,9.91399996500528,69,0,0,0.1537,0,0.0204
-0.12896559027000473,0.08359526832420096,10.049479074238514,1.4620008224774903,1.570163636685347,-5.914482915942811,-0.07704396274401198,0.057967915461032665,10.073958843502934,70,0,0,0.1537,0,0.0106
0.2975966268481935,-0.26685069133369593,9.722730614775944,-3.959482420264233,-2.0283446523886974,2.3840088145506035,0.32029353330822524,-0.3137648822775487,9.744255232798494,71,0,0,0.1537,0,0.0104
-0.16379467866811734,-0.07560976435961039,10.008891810971688,-2.403046786552603,-3.8475410069777807,1.5709744870262479,-0.07657172265023393,-0.023921750687654057,10.034246877278042,72,0,0,0.1537,0,0.0004
-0.11736409959259353,-0.05002382789215193,10.048917010148257,0.3963264126642767,-1.2732293696285042,-6.338308979731071,-0.09366939252093212,-0.025103284791195692,10.105927106037223,73,0,0,0.1537,0,0.0004
-0.02170562930203616,0.3310619588426986,9.678434132928173,-3.117536448298381,4.28706081332146,1.0293972604161514,0.04472967207100066,0.3521448464415994,9.672861585093514,74,0,0,0.1537,0,0.0004
0.4469539078879335,0.2375074929979781,9.820119762774498,-0.5387309764524373,1.7637057677295278,1.3267848782397182,0.4999594125103118,0.14214912383834288,9.820285829280838,75,0,0,0.1537,0,0.0004
-0.4174733388201676,-0.09892985091583305,9.834944757421635,-1.0355601776055916,1.4658241095755309,-3.988524440734948,-0.44074890659256605,-0.04455924742707966,9.79461325098528,76,0,0,0.1537,0,0.0006
-0.45815891483863197,0.027394477117809422,9.717214145691354,-1.2648343928119954,5.136396133893305,1.0639765289362857,-0.45118016857622123,0.054819497827322226,9.755409764034882,77,0,0,0.1537,0,0.0006
0.007737390498733166,0.30002942853324427,9.79378031348054,1.2931721183787053,3.7817421670243467,3.486208745685646,0.047198565717913046,0.34395722202752355,9.74476863206376,78,0,0,0.1537,0,0.0004
0.2693944962815353,0.48721797103160924,9.778727039098447,-0.45751150381623573,-1.51946251336554,1.6267194663009066,0.24910435906121953,0.4748527421446955,9.740581569924654,79,0,0,0.1537,0,0.0004
0.20534489854976787,-0.44439058444284446,9.883341762031183,-4.78913122528777,1.4842078454359915,2.7733313108956117,0.27291953625525,-0.34867193667973606,9.909866843910306,80,0,0,0.1537,0,0.0104
-0.3838915679455895,-0.10495195427365094,9.746132147184507,1.0819265128553468,2.369290293413987,4.263035793325269,-0.5277428695636199,-0.0854377391219594,9.752431757720103,81,0,0,0.1537,0,0.0104
-0.26665252131094497,-0.2873912241946807,9.70424577816182,-0.7039010880881934,-8.119749735226621,0.40169071922526917,-0.2695908509398432,-0.26156466868780964,9.670722414785043,82,0,0,0.1498,0,0.0202
0.2896564698792797,0.0927088753514389,9.701259496357947,-2.0547849968550165,-1.2498637883161587,-1.4063594597945062,0.2585842123135361,0.12924296768505947,9.770444073974708,83,0,0,0.1537,0,0.0239
-0.12517376227032437,-0.19455411507578127,9.770871583595973,1.0460840654328805,3.587170465157123,5.969415776859252,-0.10367276885643417,-0.16924865034105813,9.734886717077272,84,0,0,0.1537,0,0.0202
-0.08032425952747627,-0.29039151837540694,9.755996114344175,2.886239977331646,0.025125213239279333,0.5830660553576676,-0.028368678278861005,-0.2786490051432994,9.824065219591724,85,0,0,0.1537,0,0.0202
-0.32977731792919734,0.14187190531273622,10.157419931974939,1.900697015772792,7.11475096096384,4.959831992129391,-0.3379486716765151,0.08895788523988776,10.06704660087785,86,0,0,0.1512,0,0.0102
-0.1576383382584889,-0.5154546497648927,9.870131402555122,2.447239418774799,-4.956169465753038,-0.9235213492882088,-0.1394775440031682,-0.5437535204379348,9.86505278554699,87,0,0,0.1537,0,0.0102
0.13183931173653118,-0.2396601046257608,9.365856570709726,-3.3155356876656166,-1.8986497971939849,3.544529176064124,0.16658653143545488,-0.1994533249402778,9.389938379856636,88,0,0,0.15,0,0.0201
-0.034392296360343105,0.16588086474005048,9.743087830944184,-0.13872167211446995,6.961744617900779,-6.053983626118988,0.0111933938965054,0.17638047999627324,9.66081125451685,89,0,0,0.1515,0,0.0103
-0.35165811969298727,0.2914170878954543,9.677619690966797,5.130635468853349,5.958877683009167,0.14312764695492236,-0.3691823148624844,0.235955776479946,9.670606352963595,90,0,0,0.1537,0,0.0108
0.5153691167426765,0.20006831928765928,9.743679762402264,4.41888801824954,0.9277181477328459,7.541239333799554,0.46494705192710684,0.12203732248199957,9.737434962832868,91,0,0,0.152,0,0.0102
-0.10807685436798885,0.3078697583770484,9.859396790574216,-1.303529528556954,-5.969542857628317,-1.1955101337564478,-0.15570507111386783,0.22842182271628975,9.903987766627536,92,0,0,0.1537,0,0.0103
-0.3527744450835303,-0.1314768362468726,9.50550253956151,-2.6552398885113897,-4.372808370409641,3.9051525479701805,-0.37313276674987456,-0.20445148387611684,9.494509691751833,93,0,0,0.1537,0,0.0321
-0.17568018512552713,0.16464819507313555,9.510573310457525,0.16110728754450498,-6.7966336389214845,3.125459984886861,-0.04814376552210517,0.22435436392177982,9.491281863714295,94,0,0,0.1537,0,0.0421
-0.10981585917249342,-0.3638210000499149,9.606216035631473,-0.3739008248694716,-5.290059942461644,-1.3223151263968596,-0.1294133144315065,-0.41030560917392866,9.64651583215464,95,0,0,0.1537,0,0.0321
-0.09179320693583591,0.22626622995421553,10.118691977846815,1.8040012733026458,-2.1531342980499053,1.4424942571935786,-0.07948324199719434,0.2911646261566122,10.022031173728038,96,0,0,0.1537,0,0.0221
0.45031121781365524,0.018480054672788942,10.137771787519856,3.2467651984595944,4.7159994438786805,-2.8001391081845686,0.38715757446813004,0.011180678147057237,10.160099137112994,97,0,0,0.1537,0,0.0321
0.2424509526042276,-0.125447054299552,10.228896400186146,1.8380292154429523,-0.4919289795133949,1.1388273600085028,0.36970862512209357,-0.11449948688532452,10.241844600545177,98,0,0,0.1527,0,0.0025
-0.4347873833079477,0.06373736043066695,9.555532514778816,2.0683640233986864,0.6447717064952676,0.2880851209541351,-0.41361067530069845,0.031868080137729536,9.55843658701792,99,0,0,0.1537,0,0.0003
0.41281557439553235,0.11897195954103372,9.828481203054894,4.063659286999563,3.684598818576492,4.22886628992339,0.4587799489494946,0.08307316253283342,9.86457689502873,100,0,0,0.1537,0,0.0125
0.041026320011284624,-0.06367191415045223,9.758542668751598,3.223488069938456,3.1761287341533606,0.695734309617766,0.01704208525445588,-0.033991689924829774,9.768851350283668,101,0,0,0.1537,0,0.0124
0.030593239551998455,-0.3789817639598263,9.689284767039725,0.6962162296754056,-0.16425494953489084,2.5220095166085983,-0.04252781588708279,-0.3201626458047956,9.735649421804762,102,0,0,0.1537,0,0.0124
0.0458147384191727,0.04682822621785121,9.898971135947919,0.954739232840191,-3.6457162494086477,-3.5569855179400216,0.11068709599945178,0.09869793796409929,9.865349817230864,103,0,0,0.1537,0,0.0124
-0.0120728195187402,0.3279193286411259,9.85053603337831,-4.94634029722814,-8.026030512500778,-1.1733466267039323,0.0064695172921446584,0.2691985260361824,9.823108248196899,104,0,0,0.1498,0,0.0024
-0.3388547399964766,0.3780892992309281,9.9108639100902,-1.9496414669146582,-1.3556925193193707,-0.9622612960706274,-0.3214985967409165,0.39595880263427863,9.929348328848715,105,0,0,0.1537,0,0.0024
0.08293745295639553,0.49087228314264464,10.119608780786047,0.5271739259953221,-4.001739220168607,5.219709866129492,0.08715046745820555,0.4412253190812082,10.121897777792414,106,0,0,0.1537,0,0.0126
-0.17069326910433155,-0.03834095561645422,9.679626571005844,-6.733915195522732,1.4464261816410167,1.469236511939164,-0.19722442001587195,-0.16873290162934612,9.708141152508254,107,0,0,0.1537,0,0.0024
-0.012437867532379536,0.19494645469348887,9.80947687889813,0.8732277049342363,-1.8133939610152485,-5.24476872290286,-0.10554354293471375,0.16052313947433952,9.766910485872184,108,0,0,0.1537,0,0.0024
-0.19040703461604705,0.18347711222260216,9.684146669845887,-0.853036591365448,1.8601717229399104,-0.10934802967068755,-0.16349028434051338,0.26916246540973854,9.809752206396492,109,0,0,0.1537,0,0.0024
0.3474609537071015,0.23268037824773946,9.96137730513576,-1.732219240396709,7.120327824149923,-1.9305962492332733,0.37373410811678526,0.36188676538410136,10.004685117223092,110,0,0,0.1507,0,0.0124
0.41514950753327623,0.2869568292477549,9.598725141528467,-1.9539544748471511,-1.3160572807309914,2.0432191891347973,0.42213465052860233,0.28638077830620357,9.56336540743248,111,0,0,0.1537,0,0.0124
0.08834719864239472,-0.09664665572592947,9.976736075204467,4.844575326353915,-1.6421406274456043,0.5340796306057534,0.06822809998164031,-0.05107814496725583,10.000223813059199,112,0,0,0.1537,0,0.0024
-0.22768262661596406,-0.2758295825014239,9.784933229563201,0.1520295980133226,1.0752291268986387,-5.295202782415178,-0.22882509261612738,-0.2854925845360111,9.756629098454942,113,0,0,0.1537,0,0.0124
-0.5697423088761314,0.1268349787278429,9.922456083068367,1.0820261856478008,-0.47817596944311747,-0.5023616197785967,-0.5713491774411523,0.09740410697542548,9.903431180190001,114,0,0,0.1537,0,0.0224
-0.5175170558092718,-0.11176661185662894,9.541368996074116,2.6697086141251756,4.170868378930532,4.084239100246551,-0.46126727655091226,-0.08947496776332049,9.510185798817755,115,0,0,0.1537,0,0.0207
0.2848246398857354,-0.011737819859900942,9.72057399057732,-2.349259147800848,1.0893710232541018,-2.4641687145951545,0.3508863164286311,-0.023386542404726592,9.728150933313378,116,0,0,0.1537,0,0.011
0.1601458172468792,0.252713729680708,9.854919332087675,-3.60804855019491,1.841152883520217,4.5945321420036835,0.14927809985561968,0.1537077746622211,9.79943414386246,117,0,0,0.1537,0,0.0027
-0.08445276523526082,0.18285969294468524,9.900112662164686,-2.394177348513908,1.8118836665603755,-0.00771424496666873,-0.060020700276042976,0.1609196319514213,9.828136673229862,118,0,0,0.1537,0,0.0027
0.37507476634763703,0.37683896530198474,10.040721038985927,-0.40024439685722857,1.242070535163279,-2.194492756753176,0.39053132652381883,0.25031464349845617,10.087986524666531,119,0,0,0.1537,0,0.011
-0.07975108854821553,0.17286264695759754,9.824320333143515,-0.8299968879931899,-4.275365072298144,1.5002267200233406,-0.11408127055482713,0.1524599289857262,9.821274113962705,120,0,0,0.1537,0,0.011
-0.6819024588599393,0.31105300767990635,9.98507398124786,-0.8187391109150284,0.786102243979081,2.4007895866209745,-0.744232843990629,0.28328768128765136,9.950655967983973,121,0,0,0.1427,0,0.0127
0.09151611042941335,-0.21313972342893353,9.762868860339239,0.04391651882603484,1.9253642122155479,-2.451464355387629,0.12301721879768837,-0.2620609924961499,9.77499885315312,122,0,0,0.1537,0,0.0127
0.01162348325477367,0.3190497179179268,9.68375244254545,-2.73894968613694,-0.30962142513856816,-1.88403683272333,-0.05753268880640088,0.29501987543390196,9.725882562222004,123,0,0,0.1537,0,0.0146
0.06939558361779745,-0.3727027237876758,9.63333743560747,-5.013078122502979,4.8445220154292485,0.7312016348564337,0.11851302922477955,-0.4191521952075514,9.53782495037973,124,0,0,0.1537,0,0.0125
0.26152137216432736,-0.37613032884014025,9.622429135206012,4.563629989067499,4.63536681200579,-4.187320993811408,0.3560190772226845,-0.30132568362520545,9.661708410539806,125,0,0,0.1537,0,0.0125
-0.4099264562667263,0.1089427080188952,9.890844366936115,-1.1493785965618946,-0.616974609113963,-1.3717101646814345,-0.5007388915081112,0.18048698979690248,9.808207477467759,126,0,0,0.1537,0,0.0125
-0.43661099208110804,-0.03477566292348419,9.903268366165637,3.06259997693722,0.4506772906630586,4.739770964704832,-0.4279187679740296,-0.004872217322080794,9.751737781005664,127,0,0,0.1537,0,0.0125
-0.26219899569442734,0.14556381729007536,9.907251256527417,-1.7096060412867602,-3.39235322949693,-1.7038461016397979,-0.23705757990742027,0.20235724077602246,9.85725031899663,128,0,0,0.1537,0,0.0125
0.3735979798584152,0.25710335152167396,9.990296759074013,0.7677124249849043,-1.0292533679052367,1.0731848017465584,0.42804315806338933,0.21477357923837476,9.933460687989157,129,0,0,0.1537,0,0.0125
0.035023274008078704,-0.04395610081882082,9.513745009844634,2.094313104617945,-1.6963103809918163,1.844380713337922,-0.034187452563737696,0.0014001149236537724,9.571718862674901,130,0,0,0.1537,0,0.0125
-0.10881181012611435,0.13871113117710343,9.912254840015903,0.9935635754746441,-1.491868855945631,-7.587415485205067,-0.11482943699642263,0.0892875554316779,9.848377327656653,131,0,0,0.1514,0,0.0127
0.5830362477224729,-0.01076225857278797,9.98685365669333,1.626983152192326,4.323994234430077,-1.038347040034025,0.6401435398171219,0.05958241390080232,10.024565655669665,132,0,0,0.1553,0,0.0129
0.3442559669269081,-0.09022555326958846,9.62038237479106,2.018573457178233,1.288391737596072,-0.5173213656316359,0.3352117728302503,-0.09226231835403759,9.590150956452666,133,0,0,0.1537,0,0.0127
-0.15071119434806615,-0.8660842037190891,9.854547274748489,0.7580919783245021,-0.44630074226536376,0.2971302979050661,-0.13305029848181768,-0.9209007939256004,9.890150000198576,134,0,0,0.0858,0,0.0108
0.03830515362550259,0.345345343753378,9.657620172204085,-6.004031973117218,5.83906448914211,-3.382014706057203,-0.012891096868974494,0.3692014066969594,9.641867793504453,135,0,0,0.1537,0,0.0003
0.2428373860241854,0.04831644990621594,9.793279162896773,-3.6411645033711633,-1.1210858200030491,-2.8651208166983455,0.26154950822192824,0.09482079420296191,9.80510998081391,136,0,0,0.1537,0,0.0016
-0.2753608003929148,0.06585451611888066,10.031520733747026,-1.8267433852143302,-1.260516662473379,4.413610702639897,-0.22222314637260088,0.002226972590736273,9.975034288618456,137,0,0,0.1537,0,0.0108
-0.12678880002425819,0.4932624893194654,9.997719924581489,1.7622750611126665,-0.2812858729176619,-1.8103383426281836,-0.08231188959589139,0.45757218127665883,10.027490940007397,138,0,0,0.1537,0,0.0015
0.22395280552463384,0.01751784592927705,9.64802910446745,2.568012508214585,-2.2984200702114226,-4.333859433066555,0.18543512642139454,-0.06632409654501091,9.724964677299925,139,0,0,0.1537,0,0.0008
0.2772753249185452,-0.014157283965521085,10.199361527291215,-2.1076860314297345,3.563197581947854,-3.6121307263329694,0.23629105790147834,-0.04916679869835812,10.180602573743123,140,0,0,0.1537,0,0.0104
-0.19786803798463348,0.2324118627684368,9.9816834996246,2.6106174851047523,-0.6863099948594904,-2.0827799841429213,-0.2559569582343835,0.17872682208902263,10.012076812693648,141,0,0,0.1537,0,0.0014
-0.01686028110372244,0.14368311241664586,9.772620833894088,2.09917020546517,5.085448002407475,3.288776290056247,-0.023964689778459218,0.12487355436113551,9.814210963142239,142,0,0,0.1537,0,0.0012
-0.17632294221198844,0.5737001448759556,9.902203418418564,-0.2716288970536814,-0.668249833481712,-6.589851078183852,-0.08282200603219639,0.631692560632259,9.909930708955144,143,0,0,0.1527,0,0.0014
-0.03264434334643257,0.23451471388467307,10.11325658273709,-5.287689030022936,-2.404370523236233,-0.7596168710855886,-0.028895337894432417,0.2460352095133037,10.154056513160105,144,0,0,0.1537,0,0.0028
0.05834913236409779,0.2913458028815002,10.038784602312512,2.023122593846853,1.380184354089884,3.999750165274552,-0.038450861758036636,0.33970911375263857,10.00696221087159,145,0,0,0.1537,0,0.0038
-0.006878617276132381,-0.07354759836161223,10.121893393267689,3.228461056358789,-6.960948283436871,-1.3937833330469818,-9.33774957433825e-06,-0.026622727184473963,10.055107225105015,146,0,0,0.1537,0,0.0022
-0.0035126825543169817,0.4320891077518184,9.305388274124669,-5.427224381206241,-0.38208033163079314,3.0459262143052954,0.06845280432498799,0.5449776245158774,9.216610863550013,147,0,0,0.0942,0,0.0118
0.06430614744487717,-0.3145078982020741,9.725848384685886,1.3705813619090748,2.2313494545984187,-0.86851551017349,0.10578468399433359,-0.3247996663676116,9.732079480323119,148,0,0,0.1537,0,0.0187
-0.015980894859209956,0.20715342951675597,9.964310610189376,-3.77693301129422,1.9650459909582088,-3.432233955589899,-0.038232262446525764,0.18753008950075184,9.953297486377116,149,0,0,0.1537,0,0.0234
-0.6323422931983824,0.4419797489466358,10.035829217025485,-0.14862582631930224,1.8108328157025229,-2.5154637431063165,-0.6501216753171808,0.46454747111892847,10.075910605420656,150,0,0,0.1534,0,0.0403
-0.19336160191615934,0.026646330385592127,9.785694247782235,3.465689796637015,1.3958431007409333,4.425727056772358,-0.2871744900282023,-0.049011310567865576,9.850564775355029,151,0,0,0.1537,0,0.0391
-0.1428402418341588,0.431994984807793,9.688864315150177,-1.142884714574068,-0.4939886189832014,-0.6326581771962678,-0.18960875097152585,0.4822845006114148,9.737059548326569,152,0,0,0.1537,0,0.0461
-0.29334470541275975,0.5020872906728232,9.594221541723583,-4.22188908672887,-2.424008240499207,0.048871455054145446,-0.278614680284877,0.5184722813221214,9.622860092339371,153,0,0,0.1537,0,0.0408
0.20563116654515887,0.7530111878540428,10.045813382477585,-0.215899838984718,0.40467348868429265,0.502121358382547,0.2134317029309089,0.7132572198262239,10.12195244767378,154,0,0,0.1536,0,0.0528
-0.27694233111010463,-0.2675563380864337,9.605080151303325,-2.917430270620613,0.10244491276293433,8.502730342747075,-0.21668505840260718,-0.2632829462286489,9.600672762023798,155,0,0,0.1484,0,0.0618
0.15495358007554952,0.40349643454339174,9.733693466176657,1.1254978254346377,-0.9199867810692557,2.267915569565985,0.2091059158028712,0.4514678589030241,9.76580170378729,156,0,0,0.1537,0,0.0211
0.22935913111835501,0.18260901700117663,10.12770691992403,2.0984220184615765,-8.862194266040285,8.599085789324942,0.23965770395461172,0.24295989808052404,10.172653962550468,157,0,0,0.1335,0,0.0357
0.026249567632121756,-0.20568415748521476,10.249256029960101,4.843340545682567,-1.1994433536226463,-4.075943165673431,-0.05114512823734822,-0.27553687415534944,10.264520998286706,158,0,0,0.1514,0,0.0022
-0.28397775617166204,0.3662536225961925,10.139777045377972,3.7480231337046908,1.5662911557716792,-0.18142745955466838,-0.23662951199525814,0.3663378904281804,10.135369418577667,159,0,0,0.1537,0,0.0023
-0.14067047800132162,0.14991989787857107,9.681131311798064,-4.863383491759915,-2.5317669911426752,-0.6009023312701497,-0.05956275099659342,0.07367235378958202,9.686844147468506,160,0,0,0.1537,0,0.012
-0.3903246581519967,0.24096847184666756,9.44776736084794,-0.03617058254787089,-3.2349128439952013,-2.074675525048818,-0.3814786443317426,0.3019732073781152,9.501623385843647,161,0,0,0.1537,0,0.0128
-0.4947760471794316,-0.37023752047347375,9.848742452382139,5.115602219840434,0.018287278081662372,1.250522374450492,-0.5615604822094191,-0.3116352138244183,9.813523278488244,162,0,0,0.1537,0,0.0121
-0.14143746775904478,-0.25239845571483166,9.967616299157543,6.3392813268865105,-5.388560822230032,2.066764595391848,-0.20989035171764875,-0.2957956191603276,9.931600562111473,163,0,0,0.1529,0,0.0017
-0.3360162957873132,-0.09526572003915752,9.892134151908255,-2.308660175443528,0.07557023159393618,-3.9392712795830924,-0.3078625015024239,-0.19932169984276277,9.905245657495586,164,0,0,0.1537,0,0.0115
0.1805108997293467,-0.16321491591049647,9.921438210795685,-0.8553754979761707,-1.8340414813415697,7.475850822539686,0.16812104007957004,-0.15748684847622438,9.94220937186592,165,0,0,0.152,0,0.0022
-0.27134323866302845,-0.5933622108619262,10.009737322431405,2.3554337769338387,-1.6277317221074439,2.3892126053406875,-0.21841693274724905,-0.49737728749709986,9.987695941897742,166,0,0,0.1538,0,0.0125
-0.24472213710414473,-0.091500465551871,10.028023200927208,2.76907380858629,0.5367469060881077,0.8612789788183954,-0.2028514541246997,-0.103880109689926,10.04979470127953,167,0,0,0.1537,0,0.0125
-0.1752225773447487,-0.32088309152661737,9.965899219541486,-0.1288044415498837,0.8416264506328096,3.9652878465547094,-0.16550729662117858,-0.2783903047404233,9.915075634406067,168,0,0,0.1537,0,0.0125
0.5571141496291565,0.3651652471560836,10.083950315974935,0.5625764308288537,4.0503418339483,-0.9892999393125108,0.5004628025633713,0.3581484127516747,10.044356710730984,169,0,0,0.1536,0,0.0123
0.034246207266958206,0.196618427425271,10.03741810155691,-1.2304135011528983,-0.6094327479089292,3.488568726152075,0.07753069826164977,0.21697903408448166,10.059964668358147,170,0,0,0.1537,0,0.0115
-0.21524970244004402,-0.2680396313496238,9.585551489200883,-2.365537398815453,-0.6686243172293705,2.7236672227387175,-0.14308274209216187,-0.318405960949817,9.60746588365917,171,0,0,0.1537,0,0.0117
-0.07665874826527262,-0.2700880287632921,10.18640170760151,0.20967323160815968,-2.755112847029599,-1.655637557996459,-0.0846737817213194,-0.2286131624955609,10.142912837913657,172,0,0,0.1537,0,0.0113
0.3347140667650074,-0.05146716308213843,10.104816764942019,-0.9120228694959827,3.429331598994475,-4.170986220652567,0.26658578501277524,-0.051993029865660116,10.10577987251036,173,0,0,0.1537,0,0.0101
0.14161207817643995,0.13878102319674027,10.152228991244272,4.124403242029561,2.0231606894839014,-0.3932299248246829,0.17628473927380894,0.04554959232133177,10.138331478177463,174,0,0,0.1537,0,0.0226
-0.482631535514534,0.084713466088991,10.025838348129072,-2.910100236964788,4.832956414460536,-0.5112235152572685,-0.5300905739855999,0.08886244133442472,10.081723880152385,175,0,0,0.1537,0,0.0132
0.17256833816307846,0.43009728692505794,10.180883935610412,-0.20264777516801427,-2.0087834566910634,0.19370407784815197,0.14134028794794387,0.49435201615996865,10.21640465557206,176,0,0,0.1527,0,0.0232
-0.45896386485888047,0.3433633155067751,9.810869174735094,2.6338115004273908,5.36936882955373,-1.966864607027645,-0.49720297562577453,0.2794003321539368,9.805313812749691,177,0,0,0.1537,0,0.0117
0.06311660401772386,-0.25140985558961837,9.670303831405466,3.9491669033733956,-4.013049479687808,-3.204997925550092,-0.032821386355751714,-0.24609378579624844,9.692257580249578,178,0,0,0.1537,0,0.0101
0.04193612571231835,0.08750007469908704,9.976456671209348,6.71053512427253,-0.0021133796643477915,-1.9753633643961601,0.048766076226271035,0.1518064978315623,9.93207827873395,179,0,0,0.1524,0,0.0208
0.2782145219933416,-0.3881440809765613,9.942238472979884,2.760295177771245,5.070480828404582,0.14315888603017726,0.18899250490708466,-0.3867634657728655,9.94275270313496,180,0,0,0.1537,0,0.0101
0.4499276992344258,0.09247969219207251,9.981000338717337,0.29664834956199504,0.5707377656371604,-3.629754744708907,0.4666253934771609,0.023986234871795922,10.121909859685562,181,0,0,0.1537,0,0.0213
-0.3573495434853605,0.018733651325493136,9.746115213573301,3.0345627375287876,-0.837769624316465,-2.0090831338388178,-0.4095166941033232,-0.03852428972181264,9.615746808475034,182,0,0,0.1537,0,0.0008
-0.010453036807074595,-0.19019561480324162,9.681025293454736,-3.4357659783450694,-3.4035744057322646,0.276797128224066,-0.026722097051835814,-0.0905073417194028,9.727072975834098,183,0,0,0.1537,0,0.0108
-0.040994205771051,-0.3066421718031746,9.671238685231755,4.667338656084668,2.1173344364929902,2.764392939104848,0.06274288048694426,-0.3603032517426705,9.648292388268871,184,0,0,0.1537,0,0.0014
-0.12426500189097173,0.05594051550365824,9.776455979736664,2.4247365348063803,-1.2867510060141214,-3.4303364211547995,-0.01837942093147467,0.08138945376884246,9.794456707316092,185,0,0,0.1537,0,0.0026
-0.4900660080113919,-0.06260512834319278,9.903625612872219,0.14853268869520708,1.3152969105830377,-0.9355151039957175,-0.5534313935433238,0.004605587616581502,9.935591429323733,186,0,0,0.1537,0,0.0026
0.5586950590268984,0.36172355824648006,9.618883364883649,1.4686027521365936,-5.46775629060145,0.6219691083789439,0.5084641642628285,0.2944673914075832,9.54037578212945,187,0,0,0.1536,0,0.0027
0.4972930371034939,-0.43247732959672286,9.924818170420687,-1.4543997898557264,-5.374513066661485,2.8573533618512292,0.5629885867973359,-0.42282935568779617,9.950673956835928,188,0,0,0.1537,0,0.0118
0.051888463723528934,-0.060451278035675335,9.72359352699054,0.7636149706700568,6.017577504569443,-1.3591804623622317,0.1432717115551709,-0.05965397319148808,9.711354666483823,189,0,0,0.1537,0,0.0016
-0.19196210769153121,0.128101054852966,9.83709682209221,-2.1611765531859164,-0.8023733357276351,4.666453544890787,-0.1384672897005665,0.057953025744543196,9.87800469939977,190,0,0,0.1537,0,0.0067
0.3142711282805099,0.03883294063267547,10.168964850856215,-0.3521406737525432,2.4361981816725127,-2.163370982889044,0.34825886666564654,-0.007057317592520519,10.203645721799806,191,0,0,0.1526,0,0.0018
-0.10200526600912814,0.2533063145667352,9.779455863934846,5.547281438636362,1.0210939488062643,7.571192243983367,-0.07368730755538759,0.17121499850506,9.883869971860543,192,0,0,0.1501,0,0.0018
0.16400711490761188,0.3434371919948883,9.709500603867468,1.7614672369521438,-0.6846133950250821,1.813801805038492,0.1873369795860137,0.3188819439935968,9.659534743975117,193,0,0,0.1537,0,0.002
-0.013734741215641668,-0.24160822405660837,9.949431830771319,-2.758373938316379,-1.4858464702029002,6.409609296544742,-0.06493606444449962,-0.27105670554295186,9.909994979085557,194,0,0,0.1531,0,0.0022
-0.21517959506362505,-0.3144837165539275,9.568189710974544,-0.661833073274854,0.42439002464695513,-3.758635000478404,-0.14178202072944746,-0.3611167453622431,9.575362109853378,195,0,0,0.1537,0,0.0022
0.22380128172276978,-0.10288521108224433,9.748473002759175,0.25254295117590553,2.2596641968952307,3.8222838345136685,0.22757623586150474,-0.14445061153526587,9.70893318595634,196,0,0,0.1537,0,0.0017
0.07502811486266056,-0.5412947556122708,9.842573010314533,-1.0043608813134042,0.7291840530254609,0.3309024750779742,0.001016590461115227,-0.49430134483638494,9.868033875902825,197,0,0,0.1537,0,0.0023
-0.4017891656026745,-0.6357596590424862,9.886627892804087,-3.5623314111286293,3.8901002101870503,5.409423720762755,-0.32833002728597843,-0.585004456083237,9.817823168809959,198,0,0,0.1536,0,0.0017
0.07647274754949089,0.04461770987866596,9.435444148558274,0.10167523200471171,-2.1394486174306313,0.8350951191083307,0.1294311690797726,0.008789063251681259,9.42598395821333,199,0,0,0.153,0,0.0014
0.13600213727573357,0.0035276361275458647,9.51787547512276,-0.20500914477275128,0.7134289730781771,2.4614934644045814,0.12310439471884682,0.051175828387168984,9.532631384520105,200,0,0,0.1537,0,0.0118
0.08028302736119049,0.34073706452643154,9.555574702607785,0.3750064847907582,-0.4103103504700182,6.100616321647603,0.07563940470001791,0.32151760961088527,9.525459151150434,201,0,0,0.1537,0,0.0116
-0.15044081557046765,0.11864255488228785,9.393750342390108,-4.16223595348759,-3.050236679345974,-4.154115742170665,-0.19076234475050086,0.11323873910184809,9.406364288965625,202,0,0,0.1504,0,0.0116
0.28163247162093635,0.411886789084763,9.640984614501656,2.087004601148475,1.2169093346792832,1.8035018134178984,0.28336967375522076,0.4513043197785589,9.639960537680855,203,0,0,0.1537,0,0.0112
0.2593021739695591,0.228149755481445,10.047898990417096,5.2644859402688695,-0.30650728452894943,4.0026120735581925,0.24192154049711403,0.2591669362827101,9.985610459149452,204,0,0,0.1537,0,0.0109
0.19043175754702876,-0.1770645421971301,9.754748292007491,-1.944113560364792,6.095412225074935,-1.768001966402169,0.17320466091857573,-0.15954138377862132,9.741464128428518,205,0,0,0.1537,0,0.0114
0.06483860000418666,-0.5185017250173434,9.64691835536205,0.9690523995146205,4.426608492673308,0.5543836569892093,0.0017474463186316624,-0.45852814983041373,9.642323485359373,206,0,0,0.1537,0,0.0064
-0.6462358996055004,0.18837920746224582,9.903543143943933,-0.0979072655939941,0.9807958970092676,3.0145077726375256,-0.6828433643386105,0.18758586918696257,9.902920313319594,207,0,0,0.1516,0,0.0013
-0.1095385667352023,-0.31499137998278726,9.83875509584804,1.4006053814142474,4.097517453466357,-4.904452428575282,0.013291503668097712,-0.26316230960183284,9.847396348473811,208,0,0,0.1537,0,0.0059
-0.08935010015338686,-0.3623296849122863,10.074141687989602,2.07920927140497,-3.1599289789697638,0.1650119410286751,-0.08259613583661844,-0.33308177291747343,10.129163152087743,209,0,0,0.1537,0,0.0059
0.3152864547876279,-0.024042440154233662,9.280968329978847,-0.45175684459716076,4.474983557017479,1.680165926430027,0.3474905272000906,-0.016450634829695415,9.228834576301294,210,0,0,0.1005,0,0.001
-0.18628796985972684,0.05935061860986182,10.124195409938647,2.1783884094564705,-1.0730308961660295,-0.6383288889689225,-0.16650328110063764,0.06501084002836165,10.193248358275255,211,0,0,0.1533,0,0.001
-0.028851613106126953,-0.2795084258431553,9.86442263579823,6.4804352354987085,5.052266094641624,2.586951726524116,0.016517177249425488,-0.3669397851438867,9.902703669176944,212,0,0,0.1529,0,0.0011
0.21495182448576877,-0.18829518046081659,9.849436519173802,-1.3228232299201035,0.13492946265597897,-0.7440432495847413,0.13517842655817897,-0.1869059605643619,9.742984849836418,213,0,0,0.1537,0,0.0111
0.1644643769320516,0.4815346569566027,9.610157969196687,4.190011331061602,3.6434564389115374,-0.49104611409001164,0.1077519427081502,0.5401469309484804,9.599660715066031,214,0,0,0.1537,0,0.0114
-0.14422123951368845,0.5718617494518773,10.058551196277781,1.6135340783605607,-2.962136622925704,0.1833859442326492,-0.05318010570057624,0.6153331831582296,10.029382160077388,215,0,0,0.1532,0,0.0112
0.3958846451511183,0.027649005918658643,10.052977263179583,4.508175505472033,3.3799486918889388,-0.0963121346576249,0.342962122563929,0.03238972158530892,10.075594381315737,216,0,0,0.1537,0,0.0012
-0.14394337070587426,0.11162945808269455,9.513810111060838,3.9940896695589876,0.26166952615918715,-1.6221361031170258,-0.11866031249989427,0.11258673890963813,9.557573800935584,217,0,0,0.1537,0,0.0011
-0.1718198693875963,0.4936048585673828,10.00513191380642,0.059364442222221994,4.672557459965079,-2.5575612840334387,-0.15068126076962146,0.423202969741459,9.976099430399765,218,0,0,0.1537,0,0.0011
-0.30427077258969776,0.5647141902691952,9.782263868735871,1.7196786701245925,-0.4869346837771923,0.7854857713163884,-0.23993413967275476,0.5661376789170601,9.759017378918793,219,0,0,0.1536,0,0.0111
0.3166829893860566,0.3949154072282933,9.966617496644975,-0.9144656594577592,2.8533882138196573,-5.57095329927227,0.4188972899826056,0.3132271675278487,10.045126144480362,220,0,0,0.1537,0,0.021
-0.24193330809361474,0.18492373849960234,9.70683465989532,-9.61395425832048,1.3077868363191119,2.188324289176154,-0.2387077983269762,0.30158088030328234,9.812285452465172,221,0,0,0.1446,0,0.002
0.033969880909999355,-0.5581975392007816,9.865057797172406,5.70434710191089,-4.430572034277336,2.2076616697177434,0.03297357634401298,-0.6061526572013067,9.848390428520304,222,0,0,0.1536,0,0.0014
0.16357913786069808,0.5492056352038484,9.817013842649262,1.278318474423171,1.5339567976429502,3.231396746111352,0.09383426574175134,0.5548389778889874,9.847930567804012,223,0,0,0.1536,0,0.0229
-0.3858677329033628,-0.0993940444095178,10.333337885419013,1.2409311999288373,-2.7349436111274534,2.796935250788177,-0.334607984257167,-0.03595481415303914,10.317039466748742,224,0,0,0.1481,0,0.0143
-0.5126983642256182,0.18934863234654978,9.731204942255534,0.24782224285235666,-0.8272342917835613,-4.959393830713628,-0.5236270195549562,0.2061732425583208,9.723831710097224,225,0,0,0.1537,0,0.0143
0.019821996892519688,0.0888653969461427,9.701437390660452,1.123076204007876,-0.5744621895534372,1.1892871210300853,0.008262962985981717,0.14821030090248363,9.757435386924973,226,0,0,0.1537,0,0.0048
-0.1642949639362102,-0.2100178187239843,9.89242935255882,2.0063239576164387,3.63654050335657,2.4225795258096934,-0.10635059100375358,-0.2450038200906642,9.801880475105786,227,0,0,0.1537,0,0.0146
0.007765570546446266,0.13408873090169518,9.962215220034134,3.265255444829373,1.5570808316740372,1.5614771136991106,-0.0037361448597092277,0.12189145102104547,9.923183027655572,228,0,0,0.1537,0,0.0091
-0.20038671794595306,0.11169003643185653,9.75287926720544,-1.2112502315155027,-1.025164743598693,-1.0264946749933754,-0.21379114691882375,0.16668488686287256,9.775345725810233,229,0,0,0.1537,0,0.0184
0.173454369807224,-0.054605202709014096,9.81551697346895,1.1233313147374449,-2.1262707819104456,-0.13171349549198585,0.18103338177418177,-0.07934521471934675,9.773447734787151,230,0,0,0.1537,0,0.0243
-0.34826274716687794,-0.1401680240214103,9.434536898315045,-2.8136146985584665,3.348563910860583,1.7766257128622496,-0.33386367627256897,-0.1927816339732275,9.361445531606511,231,0,0,0.1473,0,0.0245
0.11951211710074708,0.2029684640303875,9.93497544893949,0.30590390810536533,0.8246371903218768,-2.7618784676495305,0.10500274882485576,0.1799037559585914,9.889922602770165,232,0,0,0.1537,0,0.0194
-0.20963774776359928,0.29465126388163104,9.691759972337378,1.9367419605624696,-2.694631671309432,2.953875383420768,-0.26966335483102377,0.26481169030227136,9.691604716478404,233,0,0,0.1537,0,0.0194
-0.5139354697433055,0.09896072501460393,9.770574843111183,-4.122414106506127,-0.6215082221041777,-1.8027670874013002,-0.46987930367435854,0.030718838978028837,9.7578928199028,234,0,0,0.1537,0,0.0083
0.19996459296667377,0.4349260185849461,9.656592461347495,-1.9981726491213467,0.4787853955870924,-2.285799145250468,0.16856163725927573,0.4386442892237187,9.626658156394425,235,0,0,0.1537,0,0.028
0.1465001373744385,-0.21757109176830142,9.638711834773225,-0.4348636969445895,-1.720743775423367,-5.315653397239585,0.15126508858694435,-0.1507211737757046,9.681244848143889,236,0,0,0.1537,0,0.0355
-0.277624898243331,0.18112662041947586,9.97984995798262,3.4135549935734977,-2.2711633990297053,-0.3874315228689911,-0.3077127942608446,0.10338019053499337,10.031672442954752,237,0,0,0.1537,0,0.01
0.888720244636751,0.04415927386662566,9.949217964364372,-1.8104948092433266,-0.1314823568372887,1.6077705543010787,0.8730441286330299,0.08014785562761528,10.000657517652826,238,0,0,0.1745,0,0.0259
-0.04596356963433947,-0.23151246916831342,9.723742934135318,-4.375968989167965,0.8196952344320158,-2.7160629291819056,-0.03120104759460325,-0.21789443326397975,9.770993321498114,239,0,0,0.1537,0,0.0651
0.10410943131981006,0.08782213618097123,10.077956821569948,-3.006683034519493,2.8665906951502977,3.648066631677865,0.11686347469751444,0.13676547109460213,10.119505692208156,240,0,0,0.1537,0,0.0259
0.21854718100254886,0.7400918966285986,10.101512025380345,-5.565360131603498,-1.5089536335525913,2.177619851813278,0.16806683080600016,0.8448618702229669,10.147906876939008,241,0,0,0.1101,0,0.0284
0.2350692203799006,-0.30658296578957106,9.91949261424727,6.822212758314095,-4.639731362245229,-1.970937204315627,0.24721185953117591,-0.3271369929476889,9.905950367342408,242,0,0,0.1524,0,0.0281
-0.5056250009113907,-0.30537526891682715,9.717980642413345,0.9980730976157011,-2.4896632992805916,4.036850413086181,-0.46261647928998867,-0.294323074576607,9.784247906182651,243,0,0,0.1537,0,0.0326
0.40652958319292615,-0.40043450313548523,9.844512699846419,-2.5651996969003443,0.7354337456206717,2.981089199910735,0.39933686408051666,-0.4646100825674783,9.857779764772518,244,0,0,0.1537,0,0.0142
0.33315887937335203,0.23866320757835424,9.988395714827199,-2.5760359372217807,2.376167807058718,0.3677167670006606,0.3359997222215366,0.2552471204273241,9.887509403919884,245,0,0,0.1537,0,0.0158
0.21638642995316293,0.6049427012600146,9.69262614560022,-2.5579094277972745,-1.6177229080889388,-0.5436601946741783,0.32764036438231936,0.5466121606175208,9.621175640097974,246,0,0,0.1536,0,0.015
0.14521056166307658,-0.23664405551364875,10.073368520869144,-4.330569721059891,-6.479364745576987,-1.5366681788865741,0.17321245883109157,-0.2357259337770253,10.062142022467714,247,0,0,0.1537,0,0.0028
-0.4287540795668091,0.13766618427229776,9.778161357304342,-2.530348851913333,0.07635366230361965,-1.6602680653602753,-0.4980676925604574,0.1667389233728364,9.801947878163014,248,0,0,0.1537,0,0.0028
-0.04702729651429172,0.0796250386666041,9.63478627087545,-2.852193866725646,0.8664989636989298,7.798316617742081,-0.17224693847633216,0.11269831206072595,9.653785551139007,249,0,0,0.1496,0,0.0028
0.04473708531181609,-0.3112421831837358,9.41983505793662,-2.4538967219406995,-1.1191520078775075,-2.535796836760221,0.06355737831986591,-0.32935026983815313,9.369703005650832,250,0,0,0.1505,0,0.0028
0.4450035446520746,-0.17807570491983124,9.916132467240509,-3.7693415027908497,-2.071736320958383,-2.0874056146000517,0.4573646986396878,-0.19735926448269672,9.939202547933993,251,0,0,0.1537,0,0.001
-0.14443512998017918,-0.13396160658218564,10.031638465983653,0.5118622917368548,0.3105626482983819,1.657984243279118,-0.12129903177130215,-0.04047728199309111,10.016974409387524,252,0,0,0.1537,0,0.0016
0.2508123086221025,-0.2359677307433668,9.746016843845101,1.109702767544475,2.0680854658181596,1.476044931875807,0.2230607699036375,-0.18866739400658505,9.719131459852916,253,0,0,0.1537,0,0.0016
0.7719949916691239,-0.08898627416406127,9.946025939570506,0.1176104700761123,-1.0821986466077373,-0.208557025380119,0.7455678364431615,-0.16773403897416755,9.910919787450961,254,0,0,0.1578,0,0.001
-0.2665415288547421,-0.05788881843060511,9.600685528049215,1.8217428991822815,-0.34476969934615415,-1.2325868795987824,-0.21315802363068126,-0.06450927069051057,9.53748258022075,255,0,0,0.1537,0,0.0013
-0.265236668709551,0.047265223827478726,9.78521840487522,-3.8630080157815305,-3.142067159870259,3.697655750890612,-0.27014303238067433,0.1061462847435327,9.7702875821478,256,0,0,0.1537,0,0.0019
-0.16123661288034422,0.4990325652152811,9.639887988202316,-3.264296590458834,0.07230935209120756,-1.034637723325715,-0.11434646424348413,0.5418860247912618,9.573536389314718,257,0,0,0.1537,0,0.0013
0.5194432931130056,-0.26086412060443265,9.70485891812629,-1.7523666358624053,5.180033564108678,0.9816644923986337,0.5827978771757497,-0.2074497459154842,9.72471237785045,258,0,0,0.1522,0,0.0013
-0.5569302601221229,-0.4925265509018346,9.725150411112809,2.986548417024969,3.2115087819830457,-4.675063142856636,-0.46063130764807814,-0.5100281159902432,9.678444969589593,259,0,0,0.1537,0,0.0017
0.17414765819579298,-0.30598638193817934,9.684426100162957,-1.5714867573712639,0.1333668724728445,-2.989513160332328,0.18775892823038662,-0.35471701654602067,9.656994411943732,260,0,0,0.1537,0,0.0019
0.001956892416164403,-0.16818300070656012,9.786619977088984,2.52608732740893,-0.18219699190413582,-2.544088774171593,0.0558394826735795,-0.07749587706439248,9.779810232098457,261,0,0,0.1537,0,0.0019
-0.5827776172795004,-0.2711413099413969,9.853069040720076,3.641322478230615,1.1635970342739301,4.756705945662336,-0.5754948247921226,-0.34396797709743654,9.87014125205004,262,0,0,0.1537,0,0.0013
0.1188833040160911,-0.6309144601737101,9.907051254523997,0.7582099998521478,-0.03488163449008944,-1.4200620396981123,0.06481060086168058,-0.6273958870118044,9.994262890779817,263,0,0,0.1539,0,0.0013
-0.17510497308149897,0.6859801158774859,9.782386245475639,-2.192134738277785,0.19926554057994728,1.3837973521514488,-0.14531725718608585,0.7831965040410089,9.871400553960562,264,0,0,0.1396,0,0.0023
-0.3508273614153526,0.09458878268596561,9.890404680327839,-1.5483495575580024,0.6806718906188818,0.4469389703060567,-0.3177711931983806,0.07994562716839604,9.891063518844323,265,0,0,0.1537,0,0.0023
0.2563855350356346,0.16750533989705416,9.755716787521266,-3.066182898529723,3.033553050587753,1.3070102919843407,0.1562064936017964,0.1680900241261531,9.763405129971376,266,0,0,0.1537,0,0.0023
0.2251992861624084,0.1251947710225787,9.890702797082689,-0.5422827156452532,1.1340779174235796,0.8203305188798058,0.14480962552070759,0.11101745254122558,9.874469633544553,267,0,0,0.1537,0,0.0123
-0.05261267364257189,-0.2695128961350052,9.622198111774402,0.5922395356621097,1.53846879574074,5.832521865959375,-0.02839189881025573,-0.26311550112619897,9.63398961794668,268,0,0,0.1537,0,0.022
-0.23602292397212277,-0.39425968277552703,9.815837414776267,-1.6865602037283143,0.9726478964986658,-2.060094857409457,-0.28082475400526513,-0.41004241685915527,9.832121666248364,269,0,0,0.1537,0,0.022
0.48679142675822423,0.0414347252179321,9.784081179517507,-0.5012980263267994,-3.569767557079028,2.3368338056294458,0.46500886832222166,0.0052365627702677525,9.787800114427858,270,0,0,0.1537,0,0.0223
-0.18194031788128187,-0.28224720625472055,9.866601716052513,-2.6635002465676663,3.783006501160004,6.377707911152998,-0.1810541768709058,-0.30352797164186224,9.925301243544496,271,0,0,0.1531,0,0.0314
-0.2808702157815696,0.1191045349421846,9.691964364046392,-5.228730867817652,1.856081221914918,-3.450266743533914,-0.24347426648810022,0.1622850323682084,9.710343989550479,272,0,0,0.1537,0,0.042
-0.34422882122169474,-0.09506968339659723,9.771668261722272,-7.994048873137331,-0.28376043633975184,7.04728576094962,-0.3684086531291394,-0.17752515929798396,9.788370578963482,273,0,0,0.1462,0,0.0321
-0.002279769051155399,-0.1527285414651312,9.985713065478446,-3.0826673606114197,-2.1685348851102226,-0.44075049405545885,-0.01137606151837554,-0.08900857792864007,9.977084382649677,274,0,0,0.1537,0,0.0191
-0.23856480188745816,-0.31709459125213396,9.609716553962208,4.17340881097976,-5.279166972651643,1.3916876342590012,-0.23629822685985225,-0.2826514610405933,9.58772321710016,275,0,0,0.1537,0,0.0102
0.07182190740563274,-0.26957743311550575,9.699741184116128,2.7663152780701767,-0.7281283567280733,0.6043741402920428,0.0216815495701754,-0.3572607429457749,9.71546164945289,276,0,0,0.1537,0,0.0202
0.607979144203041,0.31967439820949334,10.032655063469775,2.0858648016981474,0.12481188190553491,-3.003019307844017,0.5454215133391741,0.23677934717732768,10.05749333185061,277,0,0,0.1521,0,0.0102
-0.02338578142775605,-0.010309094043234922,9.743162932201852,-3.6287173989060655,1.464357795533141,1.3786110572043007,-0.025592175588446477,-0.06926172763389729,9.774156520211212,278,0,0,0.1537,0,0.0102
-0.2548534516164086,-0.08111901851787481,9.762096752489867,-1.981679294068988,0.3591250439149244,-0.7274882489653789,-0.318624885883948,-0.1378475334843987,9.870182585578348,279,0,0,0.1537,0,0.0202
0.4919864931084004,-0.08667957269633357,9.591084652190307,2.89809721151347,-1.3794739364720052,1.7520665971490264,0.5247732201924816,-0.13669794051324483,9.667660398387719,280,0,0,0.1537,0,0.0202
0.17864027479389372,0.21754022907537832,10.083474164991596,1.0849057163305444,-0.8546224981665278,0.4476134270853428,0.1989129740301328,0.15420508329540428,10.168510721175027,281,0,0,0.1537,0,0.0112
0.0843146883282362,0.07908326318975764,9.628540616480478,-1.153202176346522,-2.450402867172229,1.671708596988538,0.14579312546185458,0.05113971147501069,9.653226659129603,282,0,0,0.1537,0,0.0112
-0.04610161899032236,1.0298722065863652,9.848455053105377,0.35952051920876155,4.011257313329475,-0.03500747281735404,0.06450379283085915,1.0938106707943915,9.833972255576047,283,0,1,0.0733,0,0.0312
1.0453063845674548,-0.5153986364611285,9.541296074091001,2.714938937976794,-5.424132789169724,-0.8111680071376481,1.0643758671860166,-0.5150969685557817,9.55274044323065,284,0,1,0.2139,0,0.0402
-0.00037864203303088526,-0.5299712160872336,10.007705608121354,-7.417457820111647,0.5512082929272981,4.634573961517486,-0.01633064986009471,-0.47754875965238586,9.997534682617715,285,0,0,0.152,0,0.0502
-0.2534044397094938,-0.32318742911226045,9.86780242410982,0.5537489159391724,3.4120216967214634,-2.6857705052500833,-0.3022867184582386,-0.4239811052829434,9.839863094656817,286,0,0,0.1537,0,0.0502
-0.05227681973196046,-0.08374501804549754,9.66888846176498,-3.2293322662471575,3.033474964451351,2.5396300998213537,-0.02948824941071119,-0.16969005944825694,9.720864022451586,287,0,0,0.1537,0,0.0502
-0.35754901332173644,-0.12478256028590984,9.871066859058283,-0.40969708665847326,-1.5808244537482077,5.786625971600285,-0.3296537104283437,-0.1073066706361144,9.849010172129422,288,0,0,0.1537,0,0.0602
0.07011672479660988,0.18171426980860264,9.678960424942307,0.9772648487780088,6.5224280016723934,2.0436213206103817,0.10301548998054619,0.14589776959757028,9.769952242888392,289,0,0,0.1537,0,0.0402
-0.092588790666543,-0.06231341966405618,10.036377024997083,3.9727037125313878,3.101897389698471,-1.6212035387666597,-0.05804770677615782,-0.002432163570539457,9.98849203653598,290,0,0,0.1537,0,0.0402
0.369696590012712,-0.3624810169909881,9.605441280797654,-5.295663986374744,-2.4821502986460673,2.0034112295818423,0.3842213700707827,-0.34876517288049524,9.575127019731186,291,0,0,0.1537,0,0.0402
0.042318782069834034,-0.36217162848148865,9.940202593273378,1.4690054566248465,2.552653814280614,0.7697326290959279,0.06412890196770091,-0.33261964825880436,9.875061237476281,292,0,0,0.1537,0,0.0202
0.17372559981091762,0.09459579709715593,9.538638343914199,-3.0829084481548295,-3.0120540495655144,0.06737995802846156,0.16463652076737895,0.08722854406049445,9.503969026928,293,0,0,0.1537,0,0.0202
0.06016898245036946,-0.08151495034148949,9.64002721228276,0.11864058785889796,-2.1417503335199295,-1.9622924361147067,0.077104508982018,-0.1471771696714903,9.669530812740888,294,0,0,0.1537,0,0.0202
0.20821858196281923,0.04036746246901548,9.733419392210589,7.1479695541652735,-0.3182715905744546,2.314498411118837,0.14857420303610056,0.06501790272137312,9.698389383964583,295,0,0,0.1524,0,0.0502
0.11995872667454095,0.522036910255332,9.771676689111223,3.6982008148510612,1.7330037530128548,0.11693424433345093,0.07569331156182003,0.5438486847842399,9.773109463206813,296,0,0,0.1537,0,0.0402
0.22021802815703845,-0.036131864431616645,9.576417874222185,-1.1735215330132316,-1.5731515653790002,3.762690110009383,0.3440679939283843,-0.071257195412571,9.601341396762642,297,0,0,0.1537,0,0.0402
0.05135183045676308,-0.64545679464428,9.678723991971802,1.3734292078141848,-3.7862638405708178,2.509390564841424,-0.013315491883149198,-0.7716701066194696,9.671660983213927,298,0,0,0.1437,0,0.0402
-0.008044958660032341,-0.42326312520784193,9.513376797819323,2.113952987476488,-1.4933175084067283,4.895735171565425,-0.02869216057255894,-0.3973518752410492,9.53209869537317,299,0,0,0.1537,0,0.0308
0.04512233866287232,-0.0539589963159157,10.032949537039137,-1.31221843496012,-3.188984907304795,0.1639688406746198,0.06987902183632426,-0.05697015504067677,10.038362617210785,300,0,0,0.1537,0,0.0309
0.25295243016815333,-0.269273449400548,10.012262411530598,-3.527570500065938,0.34194990302953554,2.548668505131175,0.22086949595766933,-0.318377689517469,10.061738287260274,301,0,0,0.1537,0,0.0307
0.1155411167874924,0.10868706746071155,9.92435435850139,-0.7228127778767188,-2.332711884759184,2.225763163775987,0.1898533993413717,0.050629220578191345,9.973452159325308,302,0,0,0.1537,0,0.0307
-0.31932990824418667,0.4325069629133725,10.040836258816425,2.069116845219613,-7.757282537403086,-0.40443904050122126,-0.26633902097924356,0.5063033289355533,9.962163278983493,303,0,0,0.1498,0,0.0316
-0.12975774551675906,-0.041027017318509426,9.489204708955803,-1.0803074217645043,-2.1239387587154,-2.883940101477157,-0.16711802461719522,-0.07036747129645089,9.54848201154692,304,0,0,0.1537,0,0.0316
0.18591905913490994,-0.4173342153439738,9.73628991324478,3.233852446807309,-3.4601790757915936,0.7043515440643023,0.21130515374496664,-0.3769755897683109,9.719545513709603,305,0,0,0.1537,0,0.0216
-0.13504805156603372,0.21544055804325343,9.5942299566971,3.681735531415262,5.526524725286883,5.398882018760492,-0.1732029937415383,0.2106452327845772,9.665356866685284,306,0,0,0.1537,0,0.0311
0.5181272828921184,0.21765340568136332,9.926172231178626,0.9890202991105477,1.8652456127837707,2.1958046395887996,0.5571488037623888,0.23396172051847763,9.884097476601351,307,0,0,0.1537,0,0.0216
-0.11165434794035461,0.1456740291470978,9.92851004013484,1.7573642415927107,-3.0391049703944875,-5.166590619911745,-0.13684818450482392,0.058222968982472756,9.91608895587665,308,0,0,0.1537,0,0.0311
0.3484186593836779,0.16577091224553533,9.733578400813878,2.3638900868361223,0.3692134797329251,1.426486230948475,0.3468786482927407,0.12770275161153707,9.763591002017872,309,0,0,0.1537,0,0.0404
0.579676314568529,0.0802242951131233,9.762929961401081,-2.855910228391828,0.37177391111949054,0.5160155979014973,0.6083214976364941,0.15252243580369435,9.7801388500782,310,0,0,0.1552,0,0.0232
0.052242402157804846,-0.031772949770701886,9.985006433190495,-2.0988154268982973,0.713839329646639,-0.95879890033095,-0.03301025182398766,0.024138134554523086,9.980658770145272,311,0,0,0.1537,0,0.0232
-0.036092660262721135,-0.24745594420270783,9.641286909685109,-3.731515112864061,-2.4813573540964957,-4.235617129648313,0.0006541662023867786,-0.2284696725229461,9.727378938405707,312,0,0,0.1537,0,0.0526
-0.14543225119661163,-0.7351723361309295,9.934712604238591,4.888409915389758,0.27650089327303556,1.3863909982474691,-0.1183093571445336,-0.7912386464422659,9.862392796944834,313,0,0,0.1527,0,0.031
0.1887704776064476,0.32088570741540484,9.624319753567812,0.9732899789109025,-3.716587313781174,1.1031912908775516,0.17132455772690786,0.3683429935379845,9.625292316752608,314,0,0,0.1537,0,0.0511
0.05978839006372229,0.7340010228221516,9.885286975080275,-2.7083388707584573,0.3100462158311025,-4.734889103437239,0.060086770625050606,0.6728950578561125,9.901624695630343,315,0,0,0.1537,0,0.0395
0.16044155728134418,-0.5249805150418659,9.88576733287191,-0.7553635275347574,4.296286868004608,-2.9905781869459847,0.18198347517822352,-0.5139823223772444,9.875051173225314,316,0,0,0.1537,0,0.0395
-0.08342909493693597,0.1440290107182976,9.849492584025699,-2.0800687648714558,5.416337027312658,-4.261482329112778,-0.11039402222752635,0.08573642006639362,9.790986879497668,317,0,0,0.1537,0,0.0395
-0.3346084373614323,-0.22849199482044336,9.639259579721706,0.10260392699712836,7.341839216307685,1.8060295946108877,-0.2942743729249712,-0.26406302023700334,9.584609166150814,318,0,0,0.1477,0,0.0395
0.03542246361886726,-0.011841919021544274,10.149560288097218,5.303806457805849,-5.376045935111055,2.075389164545758,0.009581102655435676,-0.019068368994669245,10.084822389063754,319,0,0,0.1537,0,0.0395
0.09401233849259831,0.6227282477941611,9.957784319375149,-2.146684000510616,-3.0683076731281984,-4.7536382486866104,0.026639569399412866,0.7216997653782515,9.923967168776729,320,0,0,0.1444,0,0.0317
-0.5810967408585649,-0.25547862154407114,9.6921714667561,-1.856260809160704,-1.040784239127064,3.994163617760459,-0.6043284672992019,-0.2642778622893622,9.749519746248595,321,0,0,0.1537,0,0.0195
0.034103451633748345,-0.03780068557931767,9.601422427712516,-4.4077913953076315,3.4268523462593867,2.5970681078181492,0.05095702138925699,-0.045069867623852775,9.521643499826917,322,0,0,0.1537,0,0.0395
0.07313778714956105,0.6576308976996784,10.062854512266595,-3.498851602910078,-4.619837110307188,1.0688815204959379,0.187499526100822,0.6949580900115356,10.086916124295334,323,0,0,0.1534,0,0.0309
0.2982017389788823,-0.2330567306767068,9.8240422675857,-1.435958506004407,-1.7601138238540854,3.3319454815630936,0.26589688773188774,-0.1911752861912094,9.842874675015015,324,0,0,0.1537,0,0.0303
-0.20876596886228357,-0.07964519672750839,10.001150609707311,-0.6358875731615781,-0.15482952063942437,-1.7639991584400232,-0.2506913598468383,-0.07430343796929463,10.003338088714386,325,0,0,0.1537,0,0.0211
-0.005787195430914694,-0.4367633635892405,9.302698330066931,-5.294454328096054,-2.0039537963517127,2.9588145438111413,0.025198853892686134,-0.4394784809955928,9.371070757032324,326,0,0,0.1438,0,0.0356
0.07161589429497135,0.4874787585497579,9.477743828129976,-0.7802951274769205,0.09697855228227659,-0.9446796690215811,0.0258993229791114,0.49780448139910277,9.465081973759188,327,0,0,0.1537,0,0.0311
-0.12603352901224957,-0.6109307030343284,10.209231333112823,2.9065203251647183,3.203825705193775,2.276342929758578,-0.2511354558177399,-0.6200313871518152,10.174144916703854,328,0,0,0.1503,0,0.0418
0.36419398611880976,-0.12807998918921149,9.884334570754353,0.5025693709125771,-3.734988240056208,-2.2094228953972523,0.3873196672664762,-0.1552216405043481,9.862199322642102,329,0,0,0.1537,0,0.0318
-0.42172678450724715,-0.03719228904187444,9.405226277026115,2.3567921456846013,-0.5193715085894555,-3.3214004760201554,-0.4333526022680737,-0.09310826823822901,9.415227787230469,330,0,0,0.1527,0,0.0312
-0.1096098882417759,-0.39684855154029935,9.793483402496824,3.5409580158391964,-5.338560883562351,2.0532228057372732,-0.11357309663761271,-0.4393112887560892,9.846007259124747,331,0,0,0.1537,0,0.0312
-0.4699754146150918,-0.17730601827172712,10.127978002096718,-3.7060709028982974,0.6224736549189489,3.961679138752533,-0.4515324426736412,-0.18906880248242885,10.047572456045602,332,0,0,0.1537,0,0.0104
-0.22276769825125856,0.4333250366771787,10.223777033047766,0.9142668856227179,2.1047187438959445,-3.239178001618576,-0.34665255068680434,0.31490441617374754,10.194252352475702,333,0,0,0.1533,0,0.001
0.09240411245193358,-0.35210082268153214,9.734643258806573,0.5767129833351166,-2.2336043539953465,0.428214993082601,0.1663220731586364,-0.363648721793698,9.723032550291988,334,0,0,0.1537,0,0.0168
-0.08093635719447298,-0.06107949661275575,9.839343275285248,-4.746712598986907,-1.1200920376451,0.32936828395054585,-0.14234298779029902,-0.07101685673459612,9.821239341427018,335,0,0,0.1537,0,0.0174
-0.6240800451572573,0.21346044479299894,10.050788518426229,-5.645127941098802,0.0019000869930260909,4.165088667583604,-0.560421949915097,0.14575972822324956,10.047899765881319,336,0,0,0.1538,0,0.0274
-0.20233263399201315,0.11853500832520154,9.973694369055709,0.2821130518966386,-1.8037395047151596,-7.382976195562841,-0.2216018803981017,0.18847564798823252,9.974630405049442,337,0,0,0.1514,0,0.0641
-0.5458864365468782,0.003790950366006527,9.888889945821386,-4.586780566643418,2.3910436803078112,0.13734961148211317,-0.5126966217071767,-0.06128164288902584,9.914578417111514,338,0,0,0.1537,0,0.0366
-0.319814007017457,-0.1466138026460641,9.491358656621383,5.528274261993239,-4.773669175251344,-3.443081339851456,-0.31989301320732,-0.16445351456702018,9.473198587036789,339,0,0,0.1537,0,0.0562
-0.3640289277820033,-0.0017292221047886123,9.492306781004366,-0.36498915476223864,2.925770186913116,-3.7473704695724477,-0.3632008086436721,-0.007469000470172973,9.502009187271467,340,0,0,0.1537,0,0.0368
-0.18705004489492183,0.5077962822652775,9.962489388874324,2.254905743915814,-1.0595168264490316,0.10000610934594195,-0.2404070292688314,0.5338702378695754,9.887230582177127,341,0,0,0.1537,0,0.0468
0.021175383753182463,-0.41057527582242775,10.031562672730258,-4.417560802001322,0.3988077966529205,-0.5173318954158185,-0.028736612840585474,-0.4141324883499822,10.069246348421458,342,0,0,0.1537,0,0.0355
-0.30791901207875916,-0.1400675211777354,9.934473698552743,1.3916511996416663,-4.561451284196915,1.9560930278463193,-0.2763845171665519,-0.16255141859313782,9.81710822293339,343,0,0,0.1537,0,0.037
-0.19432419841789306,-0.5025750181573172,10.033937878544188,-0.6671504444431595,0.009583009892576013,-2.87658164868083,-0.24141770559805098,-0.5088335566380022,10.00666129366838,344,0,0,0.1537,0,0.0574
0.27729710569064775,0.019688055379273012,10.024042684487814,3.5059437060972805,4.743584509587164,0.039887782607268385,0.19166899845560104,0.002705555954051926,10.099086371083144,345,0,0,0.1537,0,0.0476
-0.08319577208597374,-0.018458786143182988,9.694589717486767,-4.251560257617112,2.9943236046874224,1.5649284214476369,-0.12557324068995307,-0.0004386802110653461,9.56853161880046,346,0,0,0.1537,0,0.035
-0.23714580853779696,0.3132153145571052,9.844773644881624,-5.484372141438511,-4.539571235712509,-6.865443672775436,-0.28508036113371416,0.27681744826502697,9.767956724708215,347,0,0,0.1532,0,0.0547
-0.14840132057117897,-0.09675720389733207,9.829786424793962,2.4230318027548936,3.3580717645360676,-2.003204695158507,-0.1912441465624564,-0.026778391929992013,9.817501970651472,348,0,0,0.1537,0,0.0647
0.11821493560464078,-0.5871419402749595,10.008471499690549,0.3526807329389152,-5.267364969288291,-0.13657780370142658,0.10978548799004281,-0.5429328103589348,10.019856770955702,349,0,0,0.1538,0,0.0696
-0.5802683736943671,0.4882570852893779,9.654695740122474,-0.9282838413033809,0.8615753627661843,-0.3863710908873855,-0.6241518500322627,0.45199521875673415,9.619557907619047,350,0,0,0.1537,0,0.0742
0.40276748507685894,0.12186008648716394,9.885184464728153,-3.107046920175411,-4.326020457429942,0.3981188827975446,0.41791234421039286,0.11712065171635778,9.926650677429407,351,0,0,0.1537,0,0.0388
0.2289545887515878,-0.4118201494852464,9.776091624504204,0.01936381268181082,-1.7467329129790525,-0.23791049882768156,0.24293478577748845,-0.35455603779154893,9.816724156426003,352,0,0,0.1537,0,0.0288
0.03128504048427565,0.04598340744291992,9.730806682485367,1.3770094943838376,-0.37582822620282497,-2.9952328748530928,0.05390800021820262,-0.007804137243088045,9.677752950275883,353,0,0,0.1537,0,0.0088
-0.0551795967474888,-0.08739149250733586,9.925517682189918,-3.879704977039431,3.026087751984693,2.5089853507790814,-0.022040897182915714,-0.13382046080359458,10.075986859720413,354,0,0,0.1537,0,0.0088
0.4627754099911197,-0.1972749509711361,9.810072738814538,-2.5035251366109614,1.445345626853909,-0.1731150757497147,0.4702945700672935,-0.07515695897845008,9.825261954674222,355,0,0,0.1537,0,0.0065
-0.04640681428212224,-0.8521201127550775,10.127371642994861,-0.9601854226904789,2.409887355539246,-0.9513481936849189,-0.023124356630040012,-0.8107569349388308,10.150304308666811,356,0,0,0.1482,0,0.0269
-0.5277104252554919,-0.05897926024282627,9.615108623869544,5.988584711562249,-3.1722084916474316,-0.12960617818589032,-0.6107099561996753,-0.050282704798693525,9.62958605896363,357,0,0,0.1537,0,0.0288
0.654898005886138,0.3545475799314564,10.01052642733499,-1.4407784815399243,4.037199346752218,3.2180216835048654,0.5974053916252648,0.341348096239966,10.030978813020194,358,0,0,0.1553,0,0.0169
-0.19440606530050714,0.16833906525751197,9.890077006976322,4.249402490148405,-5.993796108033143,-1.2964669796264368,-0.20460019633945994,0.1973175886216544,9.94072148943757,359,0,0,0.1537,0,0.0165
-0.11436175135219986,-0.010678854118467635,9.935844230832535,3.0586216190578037,-5.995848824183456,0.600037065585286,-0.09099237003784068,-0.0014828927185995232,9.8398905739552,360,0,0,0.1537,0,0.0886
0.12828021585304164,-0.304206498119246,9.674730704555053,-1.8668967066831845,1.3448650823435018,1.3233023320835087,0.1937078395176529,-0.3169739536712919,9.652776039674855,361,0,0,0.1537,0,0.0762
0.15553617002034037,0.2994080148908756,10.183762492447947,2.831666810083237,-1.5735639936764532,0.26916647098710045,0.13802347614380212,0.2949595073002871,10.21462695112309,362,0,0,0.1526,0,0.0662
-0.049406256410878174,0.6045454832862803,10.248975963072388,-7.1818137793949095,4.212670257675235,-0.4145474907863895,0.06760787424645391,0.5833692536028653,10.229893807568045,363,0,0,0.1489,0,0.0268
-0.3141105503764134,-0.12449246679051318,9.700793239780516,1.0036437986664275,-7.314879589589479,3.619201836107444,-0.33747279858576823,-0.2148473048696158,9.596724472325816,364,0,0,0.1535,0,0.0474
0.09677042466289189,-0.11762219875103996,9.646073525276133,5.222719772422693,-0.6057070285976089,0.6436834050548526,0.08197833171278925,-0.1597437555946799,9.616476598079437,365,0,0,0.1537,0,0.0507
-0.34523274514993085,0.10845996695109526,10.168462886089717,1.3594114999225957,3.3355259392296857,-2.42721541702039,-0.29459542135515115,0.17118677695986537,10.126369724588649,366,0,0,0.1537,0,0.042
-0.31925318645529144,0.44341807676467326,9.99259729784536,2.1760435956214397,-0.6683528909529678,-5.823427080700286,-0.28172634055978046,0.5123906629799198,9.972082160017527,367,0,0,0.1537,0,0.0324
0.24356350181989117,-0.14627631804090113,9.75026253875652,3.7415027053623167,1.3088450812075243,-0.05187069175179143,0.24977957123130276,-0.16994708844150644,9.751791277284454,368,0,0,0.1537,0,0.0302
0.5074770086059536,-0.31638522470595515,9.898801128386628,-0.5695812754278125,-0.1282102828370313,-0.649466822284741,0.42191765005636267,-0.2630319402314155,9.937566130298448,369,0,0,0.1537,0,0.0568
0.22665253544627234,0.35453915644793976,9.843031046321116,4.174408607796638,1.3316326504150418,0.7389722558649001,0.22607641306312656,0.3101202310839022,9.866478897090877,370,0,0,0.1537,0,0.033
0.5408588192518194,0.4664124285354905,9.759959819908383,1.7488741007267306,0.19868641476297338,-1.7979739777943202,0.6327354262195591,0.4456680440878851,9.721610488372033,371,0,0,0.1534,0,0.0479
-0.1708344414753391,-0.06324373978554733,9.73851154465712,0.021502654452454268,-0.7779631457969056,-0.7223582158855962,-0.14586415263973707,-0.09883779410037061,9.641337528916655,372,0,0,0.1537,0,0.0482
0.2593359431605646,0.036059586178318295,9.377115709899103,1.267573982021681,-3.1023541513995845,-2.158021198723342,0.2767973518497788,3.824246442830914e-05,9.381455507490674,373,0,0,0.1497,0,0.0382
0.23126631206325057,0.05486638262662257,9.85196403321093,0.3277452116388255,-1.3259545975531242,4.777382887068413,0.2795659535084808,0.09791869120887137,9.84171661462897,374,0,0,0.1537,0,0.0382
-0.3776309990333997,-0.1432341948664328,10.300579003772715,-6.357419536639467,-1.4231985117861115,-3.2897073882086576,-0.31861691378479107,-0.10996003819171155,10.355645426834762,375,0,0,0.093,0,0.0016
-0.011128738570321296,0.10459417215877902,10.20319274355548,4.467622605624495,-0.03823127338421595,2.6438870119112186,0.05611999717071304,0.040653232979061996,10.262612987648284,376,0,0,0.1514,0,0.0013
-0.3651195206977484,0.03783490789340908,9.638134050815806,1.1462850274854086,-4.861075895593466,1.308371518886629,-0.4112412924767145,0.04020124199033383,9.574749176470283,377,0,0,0.1537,0,0.0117
-0.042161000159713614,0.25614696040216983,9.577077191669279,-1.2675405663855766,-2.332021934614162,-0.2377399794499172,0.0034219940385925088,0.28956025877642183,9.503540574226626,378,0,0,0.1537,0,0.0016
0.07624588698384521,-0.2039202279695514,9.829511922200796,1.8670462471400366,-1.3528128841907916,3.438543557760105,0.07369829219443037,-0.19624300124438424,9.867009322621845,379,0,0,0.1537,0,0.0016
-0.3706967031661847,-0.25701488408456663,9.908648574060152,3.4892992945253463,1.4507362073683288,-0.7264773957942078,-0.4930328023170628,-0.22212785489043776,9.864378536803402,380,0,0,0.1537,0,0.0016
0.23006655492182362,-0.1664820518306091,9.804329774685025,-0.4665776693915652,4.093956789139844,-2.183496362331568,0.2014519315928288,-0.16121776134045315,9.759730305935586,381,0,0,0.1537,0,0.0016
0.17971961595294192,-0.18633664306570338,9.79189344381773,-2.5985140653652063,0.2688382866038166,-7.343934286130882,0.1845335026504872,-0.19864485515031657,9.81979588780928,382,0,0,0.1514,0,0.0016
-0.44514395152015895,0.4664003316543533,9.720571809676196,-1.2399392129794113,-2.3148014455198527,-0.9677269668536626,-0.547267331701817,0.4182224992127642,9.714894904495024,383,0,0,0.1537,0,0.0016
-0.008468492092319691,-0.14298121774518438,9.771847139983596,-2.595188766456724,-1.0398733423144533,0.021180308337958968,0.0736260959368417,-0.012116934888413922,9.72105594006242,384,0,0,0.1537,0,0.0016
-0.1329713540385225,-0.8309382070904306,9.898098947210816,6.406810353117886,-1.0587155510825292,0.49009185072938866,-0.1836691870920382,-0.8249287722079501,9.906971156415592,385,0,0,0.147,0,0.0016
0.3617727924066428,-0.3157460627694726,9.269382407829957,4.141253901229747,1.8083109301468996,0.10225976154663302,0.3466005893778723,-0.2794155763760649,9.313649319149098,386,0,0,0.131,0,0.0022
0.42909216040849585,-0.40767682790481324,9.879360420321682,-3.8130857356127543,1.5474568986466415,2.484506390440344,0.4404142708787924,-0.40492296035002434,9.951357179528383,387,0,0,0.1537,0,0.0014
0.25944753753115424,0.03280865850344103,10.07674810682705,1.8746645140951257,3.9638013733922604,-0.677277841754842,0.274480077786578,-0.03969055583480163,10.098891314280126,388,0,0,0.1537,0,0.0026
0.11082757853904264,0.05345636162746368,9.778739500402333,3.306597274194819,1.0263038761619743,2.260423203960876,0.22949896833052302,0.0033817875337085537,9.767025503177416,389,0,0,0.1537,0,0.0123
0.022047067368338297,-0.033381429199889394,9.706762692818907,4.570877714210642,-0.20611656118539373,-0.47047799914365973,0.06935522574838303,-0.02577290204998851,9.655823645522325,390,0,0,0.1537,0,0.0132
-0.07551798686104429,0.13797485045530447,9.957108468656111,3.121152171312247,-1.6308794966788274,-2.788408056490765,-0.06387630031104148,0.09475969911603024,9.949740699537934,391,0,0,0.1537,0,0.012
-0.3997590949617241,-0.3616817597779767,9.794896036613766,2.9787156978315044,-2.943831391215219,-5.429342125064131,-0.4513119700032272,-0.346612545864079,9.719656525157356,392,0,0,0.1537,0,0.0018
0.41680904026952836,0.16847682597801264,9.503323897394127,-0.9224457600264859,-1.6478459736577253,2.382110345522406,0.4142755036669821,0.10142872898067873,9.503922731798305,393,0,0,0.1537,0,0.0027
0.39108273217702816,-0.07948481747785173,9.861286840209898,1.8497726318640326,0.2770512236669252,-3.3697269686713422,0.3638598087754435,-0.07887255538971136,9.843750459908815,394,0,0,0.1537,0,0.0127
-0.24300382249486194,0.2693898533196951,9.748176392828697,5.454715990934974,-3.821660597409284,-3.155650043510885,-0.14877575048817485,0.3582152902057611,9.779933757965967,395,0,0,0.1537,0,0.0117
0.15753780089535874,0.24748535186999676,9.544661229326746,1.0586247940976907,-2.5461161714787393,2.302472446707847,0.20294765936365106,0.19491047665667435,9.57883151249182,396,0,0,0.1537,0,0.0217
-0.3086119077412042,-0.2592481785514539,9.73283218603996,-1.5720110234283335,0.8109856346973421,5.583671752680242,-0.3999026169785835,-0.3233960175647372,9.625723504763013,397,0,0,0.1537,0,0.0311
0.6005016579799587,0.09263354040873954,10.069161052142872,-0.1570293516997762,2.601691778636995,0.4097102902336185,0.614901062696169,0.11061519396792906,9.971769590005485,398,0,0,0.1552,0,0.0307
0.23665264688001653,0.5723153980421145,9.495688310023887,1.5196426768583504,0.13069630208517335,-1.305285419681383,0.2197327860182822,0.5791751621264741,9.479004773808045,399,0,0,0.1536,0,0.0209
-0.2739570118741715,0.18664887852612042,9.997225388696771,-1.4032668926694485,-0.0802494880901309,-0.08070791883134257,-0.2467935239044644,0.12968953913357828,10.050517308965087,400,0,0,0.1537,0,0.0209
-0.3199840174091965,-0.03669347960517178,9.760333530001656,1.749157383140957,2.6543409693338704,-3.7328255932865124,-0.3512707893807689,-0.033410646051445496,9.696967355288571,401,0,0,0.1537,0,0.0218
-0.20893166058365525,0.12791201343112293,9.604478547846497,0.1802681936971833,-2.4250184118796323,6.649802432998547,-0.22491901749739918,0.14756605960910446,9.60711454780049,402,0,0,0.1531,0,0.0113
-0.13573368708120073,0.06244864752428563,9.674754132412478,2.2337498895789483,1.2979804756748057,-0.48038709222335835,-0.22437492334781733,0.131985798917166,9.697002947993004,403,0,0,0.1537,0,0.0113
0.12468285005073383,0.6685644787042089,10.024550752724915,-3.6626865038458805,0.2678615609325393,-0.6781769718298829,0.13247766997588994,0.6065647292256998,10.020441952227682,404,0,0,0.1532,0,0.0113
-0.5597245451117939,-0.2471657362011554,9.97762714842447,-2.940618821843069,2.7205866318370857,-0.8267424635280638,-0.5670773725609828,-0.2326796477976984,10.078347926057988,405,0,0,0.1537,0,0.0213
0.4430695361346845,-0.006151610684377339,9.596690916045532,1.2264281838238758,-0.9617795461147909,1.0016122984503084,0.466084845701515,-0.11070788679948095,9.523099444694763,406,0,0,0.1537,0,0.0213
-0.09868253271195493,0.3585121288761994,9.480599765164708,-1.8956543100613517,-1.8386201793759476,-1.0371492192401814,-0.04102083552747144,0.3773628952391536,9.564810441901958,407,0,0,0.1537,0,0.0113
0.06968487682485734,-0.005337702817873951,9.98661691111001,-1.6082341932155584,-1.1116585514445794,-1.6985228179641867,0.08089865549598065,0.05017320192589777,9.904628490965187,408,0,0,0.1537,0,0.011
-0.10768511442370542,0.07713656538324933,9.690194963850196,4.50145584685344,1.0544045200652121,-0.1913451029606475,-0.1711708377714941,0.07358312428021808,9.677456146616827,409,0,0,0.1537,0,0.012
0.4040809128169704,0.11750587663135877,9.787112262561351,0.9572743639934156,5.422913460484287,-2.2614063265481024,0.43262744822059146,0.037886365690376636,9.866370212210418,410,0,0,0.1537,0,0.012
0.042879240838338814,0.13815941137506435,10.119407323882953,-6.06681776158508,-0.5402039295687281,1.853076354086053,-0.020117014616826273,0.09392202486556808,10.123886075654362,411,0,0,0.1537,0,0.0136
0.08651768387081152,0.9084358858144214,9.90443218124133,-1.6921374704830585,4.433259599646124,5.21259497526779,0.10751226381285636,0.8121503251696905,9.879656786117438,412,0,0,0.1317,0,0.0113
0.0954444467417576,0.22599051039117352,9.852818875811979,-3.850794787163438,0.6583154902295548,-2.5343145538613863,0.13011501771277456,0.28341846633620477,9.91560198613072,413,0,0,0.1537,0,0.0313
-0.17907986038239632,-0.2983419352706258,9.881024823289588,-0.009679978686819083,-3.9338897208995975,1.5190421352479464,-0.14049437742989954,-0.22245345183767673,9.84519471878006,414,0,0,0.1537,0,0.0305
-0.26471455280265804,-0.20459953350383417,9.431590130563917,-3.137511676613525,2.0039366150042595,0.07031886180884166,-0.28413594802611586,-0.19872220459646742,9.464646857568011,415,0,0,0.1537,0,0.0103
-0.24567934111879713,0.6735344255698015,9.73134239689976,-2.1062747835921902,2.7659872366468203,5.201094753687359,-0.2651060724895974,0.7495015683983053,9.692134475022067,416,0,0,0.1496,0,0.0103
0.15882491312097016,0.5423461397682133,9.462567214901979,-5.198161826280727,2.036051555786828,3.97554621305426,0.09059536474957892,0.5594082251375385,9.387630365562167,417,0,0,0.1484,0,0.0103
0.2679194512848918,0.1787782634536906,9.665465974358835,4.579876791040021,-3.142071120148235,-1.8096175069678773,0.30450965409128705,0.16409867731364947,9.623982361889148,418,0,0,0.1537,0,0.0103
0.16713180539076988,-0.1862373199495262,10.148448027740232,-2.3055417196775405,1.821828785220948,4.782845417229423,0.13169090456838226,-0.21411993891223047,10.153295467347816,419,0,0,0.1537,0,0.0103
-0.1655655132116657,0.3092514683383202,9.897998735097495,-3.216110074059084,-3.840966388048653,0.41158434252098475,-0.12921447334887398,0.36851340315673925,9.863959528138993,420,0,0,0.1537,0,0.0103
-0.12905004168985984,-0.30597911730159494,9.703628510632637,-7.307568354192464,-1.897572648201363,0.4247539201808672,-0.15693437662284454,-0.3319081446255621,9.700418025757559,421,0,0,0.152,0,0.0208
0.09265308490618739,0.14333533498207657,9.618831174724818,-0.7850346687836192,0.5210616301437416,1.2673143761714416,0.10653670841986673,0.14788511502368734,9.642332300049372,422,0,0,0.1537,0,0.0208
-0.48112569694720947,-0.05538038862878279,9.865684843534307,2.889331104138849,3.362553701741879,-2.135791805706564,-0.4797250459531922,-0.020566234238062968,9.895813042427301,423,0,0,0.1537,0,0.04
-0.07947036309662339,-0.09042020598142596,10.051926188432635,0.45478576234513896,1.0880906024471333,1.4554675627979394,-0.060732979026357624,-0.11445064273109135,10.076756236189006,424,0,0,0.1537,0,0.0208
-0.6587383985371166,0.3813978177388685,9.843364489395134,-3.1109164555028848,2.6477886949410694,-0.9568193718708915,-0.708877550662695,0.4286864624915024,9.876271910441725,425,0,0,0.1497,0,0.0103
-0.20636333387025366,-0.8577413914058464,10.033122181297719,-4.726742678358015,-3.1507780615957266,2.4168068890671885,-0.2082094148889379,-0.8558020247103975,10.045335140899967,426,0,0,0.1232,0,0.0119
0.1723809962854059,-0.40699752893590146,9.706115682827932,4.0020213962633315,-1.5127232681838103,-4.57931120322282,0.14857549830120853,-0.43309032581377366,9.665949804454641,427,0,0,0.1537,0,0.0119
-0.2292646699249103,-0.12113876456596093,10.01938590429418,-2.1960110093715177,3.4479760998669633,4.328553668285101,-0.1944997146865292,-0.17366805494307397,10.018339293108529,428,0,0,0.1537,0,0.0119
-0.20575685635684074,0.2643503903541675,9.837739323226332,4.4665009663240225,1.9487960257095227,2.121443736823743,-0.25777631374456517,0.23959017928429674,9.941890167162178,429,0,0,0.1537,0,0.0119
-0.635655468181766,0.3502623764090503,9.424548892180685,-0.8464118717452382,-0.9198576899292841,0.9400062549484556,-0.5446425345639104,0.41438295276484344,9.456896752550524,430,0,0,0.1538,0,0.0119
0.21783041903872533,-0.3652595208272736,9.907629761477265,-2.5307640104498565,3.4608285891511743,-1.7668293485357902,0.1920561851595745,-0.2946218716184452,10.028128182114333,431,0,0,0.1537,0,0.0122
-0.5287526606349926,-0.10098708206000527,9.9256407997991,1.150915127665685,2.2037230210311023,5.3976618142016575,-0.5590621723016679,-0.08486650679566517,9.953603428765504,432,0,0,0.1537,0,0.0122
-0.3058053674467672,-0.07244296133743566,9.717340342702517,2.52048530953978,-3.6361915480294718,-1.9327029081016955,-0.29284019347128054,-0.07090500890888053,9.676426660277992,433,0,0,0.1537,0,0.0219
0.5126054018471753,-0.5104822042928586,10.189611138789257,5.587670974175,2.8330113031580044,-2.514879314746654,0.40549311170390046,-0.413799496064776,10.241224473370522,434,0,0,0.1527,0,0.0008
-0.03521619689315757,-0.409346867739476,9.886979527313128,-0.24884698366328412,0.32940807644851056,-3.819087119272366,-0.020332468582318436,-0.3476690070253682,9.922335337919998,435,0,0,0.1537,0,0.0104
0.26816443408927676,0.4153280198009024,10.32880004401815,-4.730118742319558,1.845542558918507,-4.261443109807784,0.276176966037556,0.46425258188315416,10.312018642111049,436,0,0,0.1494,0,0.0023
0.4480604615988408,0.06421239172954772,9.870232566093438,0.39488887390208804,3.649256394325115,6.227341700669399,0.3681725844119095,0.008899344029561565,9.859564585661861,437,0,0,0.1531,0,0.0022
-0.4336504264578239,-0.5018974067457833,9.558764172533415,-6.256888420862246,3.193645344478003,8.666955316845424,-0.45954181446061865,-0.47427712651364706,9.527227179444992,438,0,0,0.1503,0,0.0024
0.6494426138767709,-0.11498612793121013,9.931166392425922,-3.4292970624711128,0.624101696235341,-0.2650178758769256,0.679347403082308,-0.1111168359126603,9.844992279688595,439,0,0,0.1537,0,0.0024
0.19377170701076799,-0.45692479802235764,9.721681295703863,0.017463893295313188,0.4952439611427563,-6.560125343360016,0.2313380453218594,-0.4849864821357104,9.758766904354639,440,0,0,0.1532,0,0.0024
0.6171600435361614,-0.4306008661229063,9.59732214707827,-0.1489960043899523,-0.2235014225660514,-0.12461596718099378,0.6582713667998894,-0.4669536015919357,9.717151632423969,441,0,0,0.1547,0,0.0027
0.15042571734395171,0.17848916003094142,9.989230326360463,0.24325521976104983,0.32296688469590634,-1.557968199993836,0.08518627837008998,0.15130455001783374,9.950206763711261,442,0,0,0.1537,0,0.0118
0.13889494290297622,0.14716882905973405,9.678447896278374,3.55324532771386,-2.4747861522448424,2.8607184985422998,0.16696603256790882,0.13088835743608307,9.722548944999895,443,0,0,0.1537,0,0.0114
-0.014421278352182171,0.630843274899068,10.010133548283374,-1.2414662042652465,0.9188573163013407,3.603148032122615,0.010575913045122818,0.5850177087242664,10.034729507527503,444,0,0,0.1532,0,0.0117
0.05564653641246021,0.06752618368292027,9.835868155192541,-0.07870479084321136,-2.302390924079825,-3.695016264838687,0.03849047124393415,-0.0017468921269041676,9.796362896420455,445,0,0,0.1537,0,0.0102
-0.676487549197504,0.3528763358327332,9.902332681015775,-1.990117095399869,-1.4816574968003997,1.7467539105186956,-0.6119261752829256,0.34568182380873863,9.92965819994695,446,0,0,0.1538,0,0.0142
0.5638338279417184,-0.24790473278140115,9.49164038586211,-3.543983734389504,-1.4134040316961851,-4.3574217076304524,0.532337048497371,-0.2643508212258821,9.484184994136589,447,0,0,0.1536,0,0.0127
-0.09991387736597825,-0.25866943283038296,9.463242221352585,0.4576292147138778,-0.8074120434099517,-2.779109865134868,-0.08491437217458579,-0.2576811963419738,9.442167436326006,448,0,0,0.1534,0,0.0131
-0.625296662076302,-0.22968735314412056,9.940086514694903,0.11046206340921752,-0.9456036802194634,3.757169789730937,-0.6204674788986331,-0.2424825158643174,9.891096660805049,449,0,0,0.1538,0,0.0217
-0.06320808102212855,-0.5757951076485991,9.993303710034597,0.4375944810475757,3.764380745872593,-5.805878797261181,0.00701213419294569,-0.521941321152344,10.069884349368259,450,0,0,0.1537,0,0.0069
-0.20909775397569338,-0.0250758351343831,9.750621016264175,2.1382707923916713,1.602352886648371,-0.725131252697005,-0.2658059252308073,-0.11464134035965298,9.759590383464628,451,0,0,0.1537,0,0.0073
-0.13928734733421647,-0.2895901221420674,10.019465616590779,-2.6574294034721913,-3.638833673469168,4.233003654508787,-0.1987547217164554,-0.2662258051849061,10.004432657515006,452,0,0,0.1537,0,0.0073
-0.2731571774139014,-0.29032409434924344,9.910272687210272,-2.567853602147183,0.30409990002429027,-2.989979166294611,-0.24051603763895132,-0.21961847404758456,9.893104748488948,453,0,0,0.1537,0,0.0067
0.34493993123759725,0.21466971599286583,9.708549717267967,-4.359618197303861,0.2952480688793362,-3.987060794911149,0.3662229236129315,0.2377637789440625,9.579813234825119,454,0,0,0.1537,0,0.0067
-0.23717373014608775,0.5035266823900353,9.688576634633526,-0.12674390839486044,0.4760672686485301,0.07182181469118948,-0.17988063844789662,0.4753036070603375,9.817555403506717,455,0,0,0.1537,0,0.0073
0.16139259263275466,0.03713418428409192,9.726650583542984,2.233918209593062,-3.0715505513165375,0.3290673563718095,0.07267166701929097,0.08631042624448351,9.788774340765304,456,0,0,0.1537,0,0.002
-0.27868110346945985,-0.46362372297145593,10.035336992635418,2.060567460539538,-0.9686916365586687,-1.9178664185329466,-0.2924618566896131,-0.545549688274664,10.098971992009364,457,0,0,0.1537,0,0.0067
-0.5317063621966985,0.18699966736631246,9.903127926170972,-4.841919843371126,0.8060849365118403,-7.7427686825952025,-0.5890896744941768,0.28169539494359386,9.895989115762266,458,0,0,0.1514,0,0.0067
0.3020495641469843,-0.2884867102672503,9.919168671727695,-3.5697091073971396,3.6554390459962827,-1.4271003281753334,0.36384274225870145,-0.24548966869765404,9.896527457156049,459,0,0,0.1537,0,0.002
0.01796204465219294,0.3426848692657359,9.85331169174236,2.652532059423974,-1.07109274982079,-0.06577756807330137,0.05543967784213909,0.5075321114847762,9.822826632638865,460,0,0,0.1537,0,0.006
0.10227286558457695,0.01776340681665559,9.749084649816007,0.6527962581016092,-3.270091243070379,-2.9869022928487365,0.12951689548944517,0.005841086001777802,9.811389774885047,461,0,0,0.1537,0,0.0067
0.039311375117922015,0.652243394240861,9.808977980087196,3.675871957559895,2.8126083750200355,1.1058413658481214,-0.048425093378612505,0.6250412966895322,9.809769796339218,462,0,0,0.1532,0,0.0066
-0.29071683235395046,0.06635865168506332,10.054364212679166,-3.0996967909389044,3.40716926432341,-4.485015550215792,-0.30125731502204445,0.14271721139787988,10.012822939138731,463,0,0,0.1537,0,0.0068
-0.06040990748526222,-0.10103297491502175,9.729492312041561,0.29154767886006056,2.8476460774792414,1.238940643853244,-0.0031871361677188598,-0.07662463054243435,9.679536922814385,464,0,0,0.1537,0,0.0068
-0.06061440991188619,0.3247782874368028,9.911399449869764,2.2500221758646903,-0.21708850198538165,-6.671001361200877,-0.11415303004957514,0.32970579823262763,9.947323703236348,465,0,0,0.1532,0,0.0061
-0.20760674960206774,0.4490321772327003,9.903237978249596,-2.5512544222147,1.818422100804383,2.933850983600361,-0.16706750589227887,0.460082514186614,9.873134608664133,466,0,0,0.1537,0,0.0058
0.023092872749453312,0.3258931715213662,9.600035679532116,-1.397128124276008,3.76992112823279,-0.4616348726921672,0.0397077108611896,0.251732663043524,9.639706357720428,467,0,0,0.1537,0,0.0065
0.2084630730588151,0.26835027721741894,9.770488493875968,-3.2647028602453427,-3.98899038218899,-5.915042307241398,0.2439454526830212,0.24606881816602955,9.778069691324658,468,0,0,0.1537,0,0.0057
-0.03146200897158379,-0.3052221752618645,9.868310948781945,-1.81256521760398,-4.8609629488817525,-0.49818002053816995,-0.11313885736809262,-0.27759177380498945,9.806595739001398,469,0,0,0.1537,0,0.011
-0.3318012810237821,0.05987083831736608,9.790897684942099,0.6354469005965815,1.0528952769750912,1.9370581845074617,-0.3035645523604305,0.056493477127806266,9.841126337053481,470,0,0,0.1537,0,0.0111
-0.5200875034563162,0.11167785851815461,9.89778241593728,0.012738437825365864,11.389468931541288,-3.3282427191645576,-0.5210436932998026,0.0971446051353976,9.903776875419133,471,0,0,0.1338,0,0.0019
-0.2646802812186137,0.4006594250946607,9.884303538857433,-1.594509373153206,1.869530120279197,-2.666952401533412,-0.2708404419850949,0.4276763082408701,9.977769457588106,472,0,0,0.1537,0,0.002
0.1265512703846757,0.11269366304830838,9.69304782118013,6.323144984843941,-3.777188927250305,-2.523591843136411,0.15039644100044902,0.15090187553924453,9.60121571719266,473,0,0,0.1534,0,0.002
0.16491627253418986,0.07040170806941469,9.516980378148206,5.465063942504743,0.8360363202030434,-5.301132647238329,0.142558688365342,-0.019734831630311048,9.409233844145092,474,0,0,0.1527,0,0.011
-0.4778806967743452,-0.13814519264738104,9.833879298354601,1.0338363924822769,1.9937617881272522,2.207685428610766,-0.5219121374716638,-0.11723417933136333,9.837177853100444,475,0,0,0.1537,0,0.0211
-0.05784215502399437,0.14285911395029102,9.767325667540392,-3.5079714838933365,1.79225699487059,-2.162349508578035,-0.09586406242809994,0.1365333522037328,9.779371784098826,476,0,0,0.1537,0,0.0113
-0.0919691117574588,-0.4456774266456747,9.842391994111582,-1.570348048164274,2.6576841988528783,1.8500914275464164,-0.11186808800523745,-0.33902711564618965,9.826275434886075,477,0,0,0.1537,0,0.0014
-0.026620180810563977,-0.09782365857471677,10.198265252438379,1.171101281564006,2.6991594974569386,-1.534077082371338,-0.011327976113739563,-0.06963752338511858,10.128969086322616,478,0,0,0.1537,0,0.0014
0.24671801222757656,-0.3311881509777789,9.76943297558935,2.136496791566401,2.3740333707133927,0.5736106801618832,0.21341423473038854,-0.3727697686710404,9.784643669035834,479,0,0,0.1537,0,0.0014
-0.13994848052785103,-0.46707812871471377,9.167023558061098,1.4143019356467963,-4.595691513571552,3.635291772260773,-0.1604066901813983,-0.5676219105101876,9.131385016313176,480,0,1,0.0653,0,0.0014
0.16019796346743595,-0.12498461556584023,9.392906230198331,1.257487795273677,1.0364849610946747,-2.8890478394087022,0.13302800517213315,-0.08156887165490628,9.460538026111792,481,0,0,0.1516,0,0.0014
-0.4106074903201382,0.21326761262269384,9.940648503779373,-0.8516428593798344,0.10175677372788958,2.4626201321754566,-0.4331121117533721,0.22024358650803022,9.932438395572154,482,0,0,0.1537,0,0.0064
0.370478111042415,-0.010080189322056976,9.564484498972353,3.516870728273316,-0.5095826356610182,7.0069540092456,0.34250863904914963,-0.08925179947856411,9.545383810252705,483,0,0,0.1531,0,0.0064
0.10660901298514941,-0.3937347984646034,10.122219477033685,-4.576390014808155,-0.021102546665886183,3.4309330978860526,0.1312607728058638,-0.4196845852598749,10.078720266010063,484,0,0,0.1537,0,0.0064
0.06957874102784457,-0.16188382335554477,10.206307435280264,-5.833808610758181,0.8290176639398243,0.9461495687317498,0.03151593473632696,-0.20176794741773219,10.206580393918172,485,0,0,0.1526,0,0.0062
-0.09767651275533484,-0.05105498004250468,9.493249521856667,3.9470584836326204,0.9494894704410712,-3.5652059887369014,-0.13144908579592576,-0.07143221585602558,9.49972494917409,486,0,0,0.1537,0,0.0002
-0.06610208017253699,0.5086724754075114,9.64868096721835,0.2611841225534043,-2.208689863653123,2.1939935387013962,-0.06677166171839391,0.491802053688404,9.680165864614802,487,0,0,0.1537,0,0.0102
0.07848014258070532,0.4062783470454043,10.094316987152016,0.34798705954055587,0.9976643103388173,3.1155062590160068,0.10768646925553428,0.4512000245132311,10.155232426130091,488,0,0,0.1537,0,0.0103
0.46071818719257635,-0.49209444277548187,9.985725287697262,-0.5568994062619056,-2.8398747369738437,-4.118131411526404,0.4797188815267481,-0.4119782039367503,9.961806611456868,489,0,0,0.1537,0,0.0003
0.19891078489470093,0.3923427848109629,9.909113868495847,-5.451295710372838,0.2779965840802993,0.8108425962454853,0.14970576670752295,0.3921101500167551,9.887890201935477,490,0,0,0.1537,0,0.0006
0.4185862411061859,-0.048525014434714166,9.843424137107457,-0.4550735396566833,-0.9350248918447259,-2.3972951014184964,0.4500398483719511,-0.0896109275141023,9.86376802061671,491,0,0,0.1537,0,0.0107
-0.06945435209680574,-0.22025436068336435,10.122384671577542,-1.8998470889955437,-5.154229342333229,6.134270676292656,-0.0035663388188205414,-0.18202660932806494,10.127393250873974,492,0,0,0.1537,0,0.0121
-0.31369068019042834,-0.001974982531363439,9.759454837707432,3.1659697367820074,0.5302544472287646,-5.587645762363142,-0.27459059592067325,0.01129442870073098,9.74598225343554,493,0,0,0.1537,0,0.0005
-0.49647160505844967,-0.2749973471891531,9.941479998977861,3.4768843165198104,-8.418158128285928,-3.8877793161683827,-0.4946716911408723,-0.24269555382005073,9.955033186655188,494,0,0,0.1498,0,0.0003
0.14391382176758769,0.33922608825544315,10.032848237528855,1.6196466603484831,-1.226803651753411,-1.2571377290767765,0.1521265492617804,0.3234671684444208,10.0132515116435,495,0,0,0.1537,0,0.0003
-0.005757054789419139,-0.2886562812038008,9.643099927004855,-3.477989242229661,-0.9078682899380697,5.435486840057486,-0.028301814318465866,-0.3474055039206351,9.640355795146098,496,0,0,0.1537,0,0.0203
-0.16737293629780675,0.16259798043555906,10.072985687825573,-4.070300043775756,8.486084784345602,-3.118908164800178,-0.16307354179294908,0.1755456321262533,10.186463700471336,497,0,0,0.1317,0,0.0201
-0.41973313708848503,0.2586683000380796,9.718575317664305,3.899681161008376,1.31805477707536,2.1983339246291735,-0.4016899140922891,0.22006982745864753,9.65511618400399,498,0,0,0.1537,0,0.0301
-0.3012455080493417,0.2564398653794208,9.633543800134525,-3.1648405022224524,2.005088702437515,-4.983636990151325,-0.2801937443618074,0.28203901781617957,9.597196887516724,499,0,0,0.1537,0,0.0201
-0.423075474933236,-0.656234464815315,10.09048782090594,-2.584499532035982,-1.7560098203432366,9.266802087937583,-0.5683749306769614,-0.9695580841268084,12.684061951174295,500,1,1,0.0004,0,0.164
0.298714155973908,0.05523943687101162,9.848903424389187,0.607281285238299,-2.504967278843355,13.429457287531337,0.30906918515974935,0.11854036626137306,12.643579801840447,501,1,1,0.028,0,0.1605
-0.8898504169302419,0.4466000381010097,10.050765533590203,-0.8037928926097884,-4.140616023235549,4.167315140842937,-1.526801608801979,0.7369523378171412,11.136790388792729,502,1,1,0.0,0,0.2274
-0.2696847459207469,0.573720792289659,9.756611194215349,0.9724844106975988,4.307417174959194,-2.9278528750407657,-0.5952928029000428,0.6279457503729046,9.916779729857137,503,1,0,0.1532,0,0.2374
0.17609931870250767,-0.6187594006625068,10.047569486473083,-6.952211365833221,4.215656267550502,-4.522134864189016,0.24727692351668498,-1.424449262073561,9.419519274871323,504,1,1,0.0462,0,0.2274
0.21273208198230587,0.024648347090605097,12.82416907444748,-8.985686288110696,7.658262348790636,-2.1254433579242904,0.46112458795205036,0.026605870249081252,12.107583069884559,505,1,1,0.0027,0,0.1402
1.1925611829704086,0.32429942366935977,13.210981828720538,10.750720650852555,-5.707551176653891,7.477822481347545,2.2010558573368546,0.7221510584146948,12.667585879034876,506,1,1,0.0,0,0.11
-0.05068100025033917,-0.3983013102351222,14.271979441376207,-7.843153549096291,-2.939958288549944,-3.767933422766523,-0.06777791587223067,-0.8662537303824505,14.599663856325824,507,1,1,0.0004,0,0.05
-0.8030387585982371,-0.15897125133461393,13.437090782261027,4.095861255015698,11.446692828485833,-4.970506562326841,-1.093718484482431,-0.3317786572688981,14.510891316309493,508,1,1,0.0,0,0.06
-0.6990331963390428,-0.45372985392442294,15.168873106619657,-8.887295000124775,-15.61187376678179,3.877674543501948,-1.1045235441118033,-1.0267086915008785,16.563819313732417,509,1,1,0.0002,0,0.05
-1.7505485628584228,0.5200026461513879,13.565559364498668,1.1596163296272444,13.807522116393093,2.7759972390067555,-4.021189135970658,0.6234214790509734,13.393384146942314,510,1,1,0.0001,0,0.02
1.4033796609619347,-0.1843665347385827,13.78382418076944,7.540328706439426,5.7818011143006585,7.579009562979023,3.2742412325396613,-0.28440329953213517,17.833662208127855,511,1,1,0.0149,0,0.02
-0.3371205331088659,-0.3287556231156643,14.320203621269583,-20.45688527925487,-8.83054343657654,-3.505737427009274,-0.3510484797125852,-0.36041859604174037,15.714395632897322,512,1,1,0.0006,0,0.06
-1.2063875502318027,0.09639900347337452,14.58188115332248,-17.985162789143942,14.115007729209314,-8.7622703474932,-2.4805478661363862,0.14251558409845289,14.176023608118179,513,1,1,0.0005,0,0.05
-0.461129008399205,0.7892002281484345,13.8637278747333,20.351857945689964,-23.610436155550815,4.862878922735559,-0.8156028798103218,1.5062888843348232,15.661956721508949,514,1,1,0.0,1,0.02
0.7965643750618538,-0.07022487052238865,15.542517487824249,-13.9669456175803,3.415286242796025,-3.0439391998275562,1.4194018331201244,-0.10801661359107605,14.772919471432157,515,1,1,0.0,1,0.02
-0.853753048046371,0.06347355453761086,13.172161615956275,7.186318639918245,-7.182956240425176,0.29881863077144616,-1.112097396674349,0.13013436970114056,12.564881835638184,516,1,1,0.0001,1,0.02
1.0031968664775472,0.5599269615685107,13.430450111461191,3.4980568857305006,20.295373319098417,0.9856122864792456,2.15222610984032,1.2084130514225013,17.435837474466204,517,1,1,0.0,1,0.02
0.7939159917759658,0.08365469464517093,9.737186074596606,-1.2478914476559435,-1.5197804595070785,-3.37072706934614,1.1969430093145994,0.12367871738678742,12.179375916671027,518,1,1,0.0014,1,0.02
-0.23369465547417112,-0.41314729062218497,10.044088009969176,-0.7959595768074283,2.4894461003238626,-1.3601736011338337,-0.4724320245115995,-0.47051032072647914,11.040114477899683,519,1,1,0.0015,1,0.02
0.1151451458463856,-0.1254093405508406,10.006287117777509,-1.6019608032158765,4.042040919496993,-5.797809274215111,0.1678740020936372,-0.24458241383942916,9.057877796719977,520,1,1,0.0248,1,0.02
0.2577544980903811,-0.4871378218017877,10.072850091342895,-1.097730936277401,-2.3775480898292787,5.005808294093295,0.5728532717479311,-0.8345547175877178,12.472894214547116,521,1,1,0.0015,1,0.02
1.1054967440864658,0.12112533832348897,10.24339707684109,-2.2688431231671986,-0.006724158199217787,1.1488672696707858,1.4692936366964338,0.2809340289206486,12.728750479552376,522,1,1,0.0,1,0.02
-1.0419636526850813,-0.2993546762697851,9.783142948065004,-1.6698905895701883,5.0702384323602825,-2.031812484709033,-1.2844563372753344,-0.7417575405523996,12.629317061062443,523,1,1,0.0,1,0.02
1.0003484716653137,-0.4337684626015832,9.176923228154289,6.39581189842888,5.532097674242022,3.382707418649422,1.58706480420906,-0.7647591637011848,8.679637119319578,524,1,1,0.0136,1,0.02
-0.10226107802367997,0.5536236686666947,10.019312056964534,-2.801780405298269,2.7711402325026557,-9.356137983570735,-0.14476585878287376,0.8520574557859235,9.759054040948067,525,1,1,0.0555,1,0.02
0.5079642282396056,-0.3241740889761393,10.062750048431123,-1.9518356924279565,-4.947266522620222,-4.733641425261229,0.7461471875764965,-0.3833868819375477,10.397470042011136,526,1,1,0.0014,1,0.02
0.34428461455334314,0.52045670018295,10.509293293162262,7.099397554027298,-1.344582935742714,0.37954228246127847,0.7705423525145604,0.7503536984980419,10.592646628005348,527,1,1,0.0177,1,0.01
0.513592429465741,0.5785319869215715,9.873426238048415,-2.863284990260046,8.06221826949962,0.8305538359745422,1.218746789079675,0.9675226656908457,9.659865407943652,528,1,1,0.0321,1,0.01
0.050118504441880124,-0.19356540825585014,9.996547279488581,4.679115244305157,2.951365406312964,-2.4512613822293745,0.10804455399364524,-0.3674600496282548,11.942415153413675,529,1,1,0.0015,1,0.01
-0.28987777926674785,0.001275096561004592,10.154682516389306,-3.7503553757254733,-3.4294114868298013,-9.41675476849642,-0.34899641406088233,0.0025486743012869736,11.359708243383801,530,1,1,0.0006,1,0.01
0.6484878820150641,0.023055543996383116,10.046052169137132,-6.515611557553248,-2.5033124523950283,-7.570329338320172,1.4096398134480734,0.03752109492891004,12.034593452571292,531,1,1,0.0,1,0.01
-0.8302863982298623,0.7619836203119941,9.294846667367853,-4.197270676607642,-3.2922232023221905,0.024995861519730912,-1.398656528805237,1.3865959552113163,10.937755121337975,532,1,1,0.0,1,0.0
0.10276717249278657,0.24042137220150692,9.302189411029037,-4.461859699750714,4.636897394535634,2.9588619209461853,0.13221814449359628,0.4414758784116105,10.100721377661136,533,1,0,0.1358,1,0.0
0.056538208529467025,1.046143112961188,10.308636014156088,-11.245072811155092,-2.5756111984782977,11.045233885431028,0.13261316427039732,2.3415777625284546,11.18607318038861,534,1,1,0.0002,1,0.0
0.011328490700148299,0.6615400740032795,9.73134065966582,-0.17924532684765948,1.1975966951887203,-0.05517301422207599,0.019482181360053263,1.5148764596967152,11.45865389277046,535,1,1,0.0,1,0.0
-0.3205604756600631,-0.6184381154713151,10.087643748384952,3.220079244765885,-7.437533907492511,-3.6027862879269215,-0.6399082034177893,-1.4864686225755988,13.103072346706231,536,1,1,0.0003,1,0.0
0.11105588779051119,0.014323690765770605,10.33393219794438,0.5313558676704364,-7.276897951387191,-6.497835807290969,0.18103159348771672,0.028177615236385407,9.817638289824467,537,1,0,0.124,1,0.0
0.502562152145708,0.8325427391415762,10.35833940687495,-5.562918989418888,4.436676929185705,1.1751750402107342,1.0201370436704496,0.8466124368864232,9.381473722113524,538,1,1,0.0378,1,0.0
0.0339387367934853,-0.019233422727224503,10.1988983492037,-6.761826561988681,-3.624173231818215,4.5729199846654796,0.04622357650493533,-0.02592367947078028,13.154750814360085,539,1,1,0.0015,1,0.0
0.2371455732861697,-0.5483460576875574,9.875725156251375,5.2057523822435865,-4.6947721530215185,3.8164492508593764,0.24385773478662032,-1.064853816947933,10.722653218218246,540,1,1,0.0003,1,0.0
0.12206374073423104,0.12723167483027495,9.703266777527022,4.074565441884245,2.0548623313450745,-5.432658780927934,0.19100241180592475,0.1757835652361526,8.758897692532072,541,1,1,0.0246,1,0.0
-0.057154490313519234,0.40668716636534563,9.57380330004495,-0.4011840644475196,-6.529818986654186,-3.291332679584116,-0.11519828447761507,0.8290280056628945,11.580783351485685,542,1,1,0.0,1,0.0
0.23916418632434347,-0.01982878138763013,10.23992210598324,-2.765794532142824,-0.9016477744152802,0.5411979564337734,0.43467619390889994,-0.030771099106451864,12.799390209581,543,1,1,0.0028,1,0.0
-0.23058157386052117,0.918586547570383,9.418285559641323,4.798241672035522,-11.569529983868863,0.19945579222829687,-0.2957423581271068,1.2569474314661773,11.212225082978124,544,1,1,0.0002,1,0.0
0.1910473739716147,-0.012819093969942602,9.960471763364282,4.833464097175738,-5.646168576743738,7.497327909251426,0.4573164120301288,-0.014680179980205696,9.754882147922306,545,1,0,0.1514,1,0.0
0.31763261074396126,-0.17324485586920824,9.561543480523966,7.672352685565814,-2.658284210147754,9.432119688207672,0.7796885500423667,-0.19531037530676676,11.15795954512199,546,1,1,0.0008,1,0.0
1.3247582620580876,-0.5595311821379242,9.598079378289267,-1.9009713048445547,-3.7099500835594186,5.913564825140779,2.7804557323716153,-0.6102509752303488,9.17627057659082,547,1,1,0.0932,1,0.0
-0.6959504267494167,-0.1228533747815986,9.840901524899113,10.509442287409524,-2.1381498387552145,2.185857866544121,-1.2502100756779269,-0.15201489410709293,10.398555930868877,548,1,1,0.0017,1,0.0
0.000949942192736635,0.09221705653899155,10.095738797512066,-5.092203406497749,-6.57355541908673,0.8548226245868236,0.002170593450102668,0.22944828850562962,11.118751116304866,549,1,1,0.0015,1,0.0
-0.37822018912538924,-0.12971622383266962,9.674628033979227,-6.567976220705825,-7.789084989954242,8.29456525414904,-0.4806709765956122,-0.18862283921828413,12.321890842298105,550,1,1,0.0003,1,0.0
-0.11639446394472455,-0.16853496481516447,9.649955576629196,4.397540366366304,-1.23966563168633,-3.549000237410681,-0.14667761701193793,-0.25357830600389775,9.240800084292557,551,1,1,0.0328,1,0.0
0.27324816562025595,0.010460834967457693,10.207688508082716,-5.671136245415836,0.4853959662005468,0.31863810740009463,0.5584835501939425,0.013148812893074917,9.734349084941506,552,1,0,0.1537,1,0.0
-0.5600415148998442,0.26436990269119387,10.066012510350237,-1.9500169913399288,-7.169836551472742,-1.589388154840873,-0.8312913921377066,0.3631757924767109,12.035307263149091,553,1,1,0.0017,1,0.0
-0.21320001210210007,0.40622781299358,9.980899514491096,-1.5520699825417386,6.381570527801453,-1.1022824383602456,-0.24906620407634308,0.5627759733908093,12.214407660942472,554,1,1,0.0015,1,0.0
-0.38956031101629823,-0.2700895936984971,9.213732400194896,2.393482055664047,-6.317026810448613,-1.4895859277576473,-0.8505692066903808,-0.4121889131226688,8.469607268708087,555,1,1,0.0157,1,0.0
0.0009554365078603972,-0.19166216664980162,9.818021843257132,-0.7787772180656581,0.019305346728983198,-10.445774516948816,0.001288079041132203,-0.19179053861240394,10.605127642962687,556,1,1,0.0006,1,0.0
-0.41174413848734376,-0.26814132170181737,9.582938263056263,4.163421455956585,10.767685403898193,-9.546472904723602,-0.9841038923144583,-0.3745641420136688,11.960141839155673,557,1,1,0.0005,1,0.0
-0.5095518683806846,0.16627671784773204,9.996336966539374,-2.551662534814926,3.21308782738084,0.07777932270584412,-1.0398411421535028,0.3302845557401433,11.295878510741405,558,1,1,0.0014,1,0.0
-0.3839604568712989,0.6760955492380547,9.602963391503119,-15.063121793220438,-5.781333601674947,7.1871224538083816,-0.5362167026672733,0.8874341986225662,10.498629048623211,559,1,1,0.0015,1,0.0
-0.5421337306385309,0.10281119625421112,9.789531553967759,6.059444003401247,3.1938460807415825,12.70479263066317,-0.5797276748416883,0.18426512877669296,9.773737218649012,560,1,1,0.3245,1,0.0
1.0845555766429913,0.4970592796236457,10.13903770020353,-4.117886328380515,-1.0214869692165274,-1.3452524968233959,2.4451273879410276,1.0279462908988324,10.90264632384072,561,1,1,0.0,1,0.0
-0.13246864126496252,0.20987426445956295,9.86210576504496,-2.657194223763905,-1.0848400364251296,-0.5286310203300294,-0.20499387278760126,0.41125082315902767,11.01895060946789,562,1,1,0.0015,1,0.0
-0.4256755475787605,-0.23881616102854764,9.607080774419009,4.551966059407356,8.2352120602553,-4.415388016958004,-0.9244333736041862,-0.5949959934508807,9.332790331231372,563,1,1,0.0178,1,0.0
-0.16899297453861892,0.06156674675876506,10.053119549015411,5.433050845697615,-0.24421170051655178,-0.2858264266868733,-0.27678477996708245,0.14710723388262184,10.372549524053344,564,1,1,0.0241,1,0.0
-0.08253307256955725,-0.17685056730528,10.442209166180962,-0.9314856619906862,0.728371453419459,-8.151571263853864,-0.19095098358274765,-0.2651957174563627,10.209029650879785,565,1,0,0.1154,1,0.0
-0.4641587077448856,0.03192528308130064,9.3490727496072,8.101398809299848,-4.364492308143926,-1.9538762269909165,-0.5292402606968166,0.03512387197149861,11.513045692518428,566,1,1,0.0015,1,0.0
-0.7234963535847297,0.48341427764316774,9.961241332733621,3.7068569382753314,3.0343497668075714,-1.575521716900009,-1.7248055542166656,0.7195979586054104,9.662211611918867,567,1,1,0.0453,1,0.0
0.191143969110743,-0.4493519303685129,10.512852599669076,-12.822214806424881,-1.9552021866625053,-1.2342461344284625,0.25832523646271566,-0.5567700596413228,13.165839103924723,568,1,1,0.0024,1,0.0
-0.11117109580312394,0.16216467900052142,9.602534364391426,-0.890424638271109,-7.336141684979397,0.8415599357691019,-0.20089116871362908,0.33075002544250787,11.338511190644445,569,1,1,0.0001,1,0.0
0.1509215655740424,-0.6761457211074092,10.152193862674444,0.9910673498974782,-0.2238730799550455,-0.47510294671008724,0.2648415783634289,-1.2164927414373818,11.626193537953593,570,1,1,0.0003,1,0.0
-0.3280239197191649,-0.05117583354332858,9.75679942954783,-1.4429501548430093,2.606990026070708,-10.365742256487533,-0.5423047307394503,-0.057465213848758336,10.453025348241143,571,1,1,0.0012,1,0.0
-0.116043493074955,-0.3587531720350524,10.223686426902415,1.8179205618814578,0.8178328217384311,7.084688531429237,-0.2179575948985152,-0.8580341770241501,10.939463753771374,572,1,1,0.0009,1,0.0
-0.03774244193041633,-0.43536275570766714,9.90794916359498,-1.9889195500124988,7.769267846249251,-0.769076151533863,-0.07854476006534382,-0.4482922140274768,9.922572833154456,573,1,0,0.1471,1,0.0
-0.2099083592161693,-1.0271573404264003,10.437426166429551,8.169143955169584,6.336553777825049,1.0846919577225727,-0.3779022576894997,-1.7538919239670216,10.97226910323108,574,1,1,0.0009,1,0.0
-0.18885757126496433,0.3649495224839495,9.890235830201137,6.592510167283835,-8.848425054202021,2.9621269438580056,-0.3151738222960764,0.7478912937990322,11.021199743965097,575,1,1,0.0001,1,0.0
0.746694548261934,0.0889879086924701,9.916800901470216,1.4977303918974825,0.039698170857343146,5.0051369917007005,1.6259096150240577,0.13141560172739286,12.560277023336797,576,1,1,0.0,1,0.0
-0.09829839103987867,-0.31766627622484156,10.231064209984527,-3.590866443160086,5.620806419001787,-8.803652940151876,-0.1070555963143546,-0.46413879706184613,12.936087713502296,577,1,1,0.0007,1,0.0
-0.26634246305446724,0.2808863442743707,9.529032561746481,4.36509276728428,1.96941211045192,4.159697646908657,-0.33007433242793166,0.30933853711420606,10.131166658993989,578,1,0,0.1537,1,0.0
0.34747990344656726,0.27574591021948947,9.873197271698599,-0.4146414697135037,-0.622386408633361,-3.787914198380194,0.47939838134290497,0.5031377583824739,11.220373031961893,579,1,1,0.0014,1,0.0
-1.0189175488711828,0.0487192757608004,9.720407525768636,0.18604980823639156,4.0233777817097485,6.490643294526049,-1.864734095378074,0.08759301992762425,9.73093340192775,580,1,1,0.0781,1,0.0
-0.003912306811238794,-0.8715153797835559,10.358614177417053,1.9222686449238513,-13.272247636129395,-1.7541964818293394,-0.008243846056961017,-1.6072062641170193,13.323415702043908,581,1,1,0.0013,1,0.0
0.09366494248687109,0.5592136651931183,9.864930712224249,-6.8517434417784715,-9.355633493308138,-5.799759534178723,0.2117897458299075,0.8177336868478529,9.589990992682413,582,1,1,0.0698,1,0.0
0.4263511940619846,0.4050579784322246,9.556684075070702,0.6283556385047213,1.4990258230987235,4.786583139826933,0.6081043370100133,0.7948333589548929,11.977404682626995,583,1,1,0.0,1,0.0
-0.9740048139566899,-0.2582133731133751,9.730817849571753,-2.996338281022586,-1.051637988615306,-11.818799410779793,-1.7112892529495458,-0.636996878349265,11.129548380823955,584,1,1,0.0002,1,0.0
0.30973284403279094,-0.1546801879212393,9.547954139931802,0.14691954204229624,4.913815588661902,-0.8728453260557757,0.32011144582439716,-0.2616092981954666,10.538520307844841,585,1,1,0.0015,1,0.0
0.16276541203928968,-0.37159376534991345,9.964729248786949,3.9067614510244453,-4.601427609088059,-2.3715264611216362,0.3266362475832672,-0.8524578421698631,9.237191602264414,586,1,1,0.0123,1,0.0
0.5627253548401623,-0.2124351564364939,10.1832279448086,0.10425100829816128,-3.9044594908754195,-5.506295262439819,0.7977533769495142,-0.3561829449861892,12.939482774733786,587,1,1,0.0014,1,0.0
0.5842653435099648,0.6477271206777545,9.411720412077495,-4.238691020665057,-4.662468659776547,5.090113581600351,1.0095367826604906,0.7978250741917569,8.974112837378227,588,1,1,0.0137,1,0.0
0.46644815517865956,-0.736075975328306,9.923276574212645,8.706690362563783,0.2712550912178143,9.083096282714285,0.9152952753512136,-1.2055088626585384,11.85908731961476,589,1,1,0.0,1,0.0
-0.2614098767584991,-0.917617539297184,10.36321331758222,4.568842229103432,7.2105760963305965,3.8900541369181574,-0.41981771284472386,-1.9871414052242755,11.481131729682653,590,1,1,0.0013,1,0.0
0.2016048403316219,-0.86766787709946,9.776471133367753,3.004527013038854,-8.820553231422435,-2.8529392874718473,0.2262829545451573,-1.1965004174526057,10.915424547527088,591,1,1,0.0004,1,0.0
-0.40887032017613045,0.1408651962052427,10.668951508999992,-2.863045445989866,2.1952158423959207,-0.10206766631803252,-0.5182431821787432,0.17517090027377516,11.619444883699542,592,1,1,0.002,1,0.0
0.32279777196917137,0.18800753675045612,10.101108964837715,4.546216038929846,-1.8514041866010404,4.7525707664765084,0.3469815872781372,0.26720057264856484,9.713991182663872,593,1,0,0.1537,1,0.0
-0.07492018973240049,-0.04656000530019761,9.483324247909787,10.857821672933362,4.85514048140384,-1.0814234148979667,-0.1273473847720343,-0.05124213463113762,10.02424548766796,594,1,0,0.1053,1,0.0
-0.605040059357773,-0.06590055809635183,10.122348045739324,-0.11539691871486782,1.740219721811311,-7.8825962568274175,-1.3459916584527998,-0.08746128739607828,10.888819116200676,595,1,1,0.0,1,0.0
-0.742232429164728,0.07664680814298289,9.600059000028107,-7.166598053608309,-5.957327574809854,4.43085183323796,-1.471579544529358,0.1441756859741637,11.508953933651775,596,1,1,0.0,1,0.0
0.4621804163501551,-0.36708078031585756,10.062572100208717,-3.6219986892713734,-1.6507424705849645,1.8126030364143424,0.840045178583645,-0.7013219683596786,9.7583039309019,597,1,1,0.0472,1,0.0
-1.4288899190588134,-0.47230856372060875,10.076782968867803,-5.019526004294946,-6.722348380546697,7.773285605472395,-2.7658813243357967,-0.9398093890839359,12.926913705995267,598,1,1,0.0003,1,0.0
-0.04409666629822365,-0.5278897069189481,9.999944532162209,0.7440045345775372,6.120349301072724,1.123710130351826,-0.06438454862476152,-1.138188563627445,10.430393668671362,599,1,1,0.0007,1,0.0
-0.04824478718103518,-0.9299196561626476,9.913273451647596,7.86842712692485,-1.876639215221333,0.46920219251866624,-0.08105500686601447,-1.410103142389106,11.523049611958784,600,1,1,0.0002,1,0.0
-0.27601567624795986,-0.5843747777115537,9.576149464345729,0.6034536056719793,-4.409730302146709,8.767831133008132,-0.5275209551657579,-0.9946526303255161,9.995615453714377,601,1,1,0.0559,1,0.0
-0.6678010283598556,0.08772284728981446,9.616096017069227,2.9813513145631747,2.3323013976950273,-7.504320210766638,-0.6888603574513117,0.15862009632343374,8.925495003616204,602,1,1,0.0301,1,0.0
0.09811775305017609,-0.5624215640531568,9.978742304482774,0.31062176163516647,-4.376473577958205,-8.539892699699568,0.19173082200682565,-1.1962618991043728,9.394385115576757,603,1,1,0.0447,1,0.0
0.06237316073993094,-0.5010780348203651,10.050097857276835,-8.026044820772002,2.043915936935012,7.3635861759450885,0.10456368398610838,-0.8221617324498223,9.740098857806997,604,1,0,0.1009,1,0.0
0.4139408726943896,-0.27488403857925475,9.325366718192734,-12.867158832836239,8.11006094204317,-5.974296817441483,0.4897929057549143,-0.32999955194543024,9.443112234436269,605,1,0,0.1241,1,0.0
-0.03548497153154699,-0.1639011671290269,9.789453914380868,7.968199589921149,2.5122665529064743,3.045684876261224,-0.03824665316497732,-0.39723397761847556,10.169687235974765,606,1,0,0.1402,1,0.0
-0.197719096831528,0.37879380646760635,10.036145922429634,-0.2872923803645877,-5.55686928016309,-1.8464087651689147,-0.395237370033606,0.7733693181093112,10.04575394474516,607,1,0,0.1177,1,0.0
0.10777248321470884,0.017156397929411926,10.177913646193993,-3.0786379872749734,-1.6150994568984256,-4.862118000511033,0.1953182840016448,0.040289976259856655,10.500872376920546,608,1,1,0.0021,1,0.0
-0.9089678507316444,-0.629182441951711,9.899784635915353,-8.263529815076572,-0.3636338015108184,2.3391407792463594,-2.180740421397772,-0.7550451080314297,9.54639246989848,609,1,1,0.0276,1,0.0
-0.3583929281194074,0.9593356693905877,10.031250863068983,-8.875381191867753,3.488763194045296,0.9795343421535506,-0.7781292751219876,1.0209868940046185,10.079376068594897,610,1,1,0.0379,1,0.0
-0.36405931095586774,0.7410782678166129,9.55211829669521,-1.4513847397979343,5.699719947770818,-8.019382051316818,-0.57822979412189,1.7274465855505734,12.166109310891287,611,1,1,0.0,1,0.0
-0.6018788808130642,-0.2880239543061455,9.804078973445279,-3.4780667847677034,1.2339606333448012,-1.757919768211241,-1.4594414997152567,-0.39372161508533676,10.870815185620641,612,1,1,0.0014,1,0.0
-0.029474665101535326,0.33269555937592965,9.763404466280459,4.9977068532861075,-3.2423161771526954,-1.0952941843746746,-0.03426887710913739,0.774099078038387,12.52305951691678,613,1,1,0.0,1,0.0
-0.4945227474345225,0.21831828038935247,9.625234511069353,4.136419367202732,-4.4929567732999685,-6.5021111710052395,-0.7916895822078933,0.43814020254883695,11.097094953012215,614,1,1,0.0012,1,0.0
-0.018348993918794968,0.5638513622008227,9.372702843317587,-9.184273012936654,-0.26909667224178047,8.073916359511543,-0.03680628414511495,0.6573051670793211,8.779105632672735,615,1,1,0.0188,1,0.0
1.3685645171571563,0.4587867764474909,9.731288113148823,8.296441051691211,0.4860228250423666,7.3399267586156105,2.7386112976648174,1.0915761415756136,11.944481371332111,616,1,1,0.0,1,0.0
-0.1262893736484591,-0.4607281502169685,9.50215531967162,1.75334097175053,-1.1543922620534124,-0.12499415469514925,-0.2145357499961107,-1.0985126428355239,8.669967570082978,617,1,1,0.0029,1,0.0
-0.060512417030848246,0.6741970001107765,9.771001373324559,7.4303138488153255,2.63024694251587,0.8402727720889248,-0.13158553394055375,1.5028022921554458,10.504453292149508,618,1,1,0.0,1,0.0
0.022387004252085087,-0.3438324629006391,9.358513261965463,1.2349169524380719,-12.590371041406382,-5.865172904965013,0.042411998844015766,-0.45022907894133524,11.760167414078273,619,1,1,0.0003,1,0.0
-0.23403809658289124,-0.5965123876289119,9.657146897758139,3.344130156946425,1.7527005082099505,0.964415785531493,-0.3377115238484002,-0.7149695316353527,9.77923717227072,620,1,0,0.136,1,0.0
-0.020595356902915102,-0.3774203228379178,10.132925968046841,-13.366922210453751,-0.2255829746934685,0.48750927737970323,-0.02244892631561542,-0.3985482805615426,10.888014278293001,621,1,1,0.002,1,0.0
0.27633060096924206,-1.6216488117752264,10.30038436670973,-1.23851216938725,3.2061549333924066,-5.657037548837734,0.40653768937587265,-3.3808155641267046,10.128262380996977,622,1,1,0.0371,1,0.0
-0.5700217797991413,-0.3104188774314786,9.78081684550181,-1.315086533753794,-1.1124076587653016,-9.831768077963574,-1.0715576990595737,-0.5405876671572136,12.007624351017563,623,1,1,0.0007,1,0.0
-0.6463119513168005,0.40715696568143234,9.795526331481089,12.299140162796585,-6.2750804849563915,0.7828783796414028,-0.8198218901390448,0.6876940231471008,11.158359568404084,624,1,1,0.002,1,0.0
-0.60174495450644,-0.7191710603426583,9.63303344892728,9.949168573847105,3.634077025306423,10.566231796762263,-0.9960153390115631,-0.9809227506961854,11.940438966450559,625,1,1,0.0,1,0.0
0.023604195374571122,-0.039417457487706385,9.685251927820863,1.5562728451656938,5.553566982123352,-4.466563831357656,0.04964449923468497,-0.08566992858066423,11.835203498109827,626,1,1,0.0015,1,0.0
0.09174271946713451,-0.04064391246646083,10.166488460195598,5.268951316783834,4.340586843956457,5.098866843711499,0.19434833677878952,-0.0928491202156133,10.847357046094489,627,1,1,0.0015,1,0.0
-0.2825044289550152,0.11234707110253526,9.631226134074659,7.157986830975877,-0.6299499998950684,3.218911873016341,-0.2992336013169206,0.15127940781365906,8.960378936857289,628,1,1,0.0226,1,0.0
0.057150067503838435,0.35557849120671947,9.113809198129031,5.190084930294425,6.058234041998568,-2.9603611138663504,0.10353553772772135,0.6422249554738217,8.353688496164668,629,1,1,0.0431,1,0.0
-0.215581253721281,0.24055156656841448,10.047528483323504,-8.208209453858611,6.208393080325447,-4.734103953842762,-0.4042209623033702,0.25769994684305214,11.037800681725072,630,1,1,0.0016,1,0.0
-0.5500548605835379,-0.42887413579058364,9.747108813158118,0.6879951322495491,2.1312559407725624,-0.6527465744669043,-0.7958238593769725,-0.4846126904356959,10.339406367909028,631,1,1,0.0142,1,0.0
0.20863217161827363,-0.2802917183504611,9.844748831396442,1.1433531082452408,0.021451690948786923,-11.674113466287734,0.47042153835747447,-0.4574859751613761,11.578525450544266,632,1,1,0.0006,1,0.0
-0.4725086176207352,-0.19762165665520298,9.4298652735034,-9.804001488491474,-3.5042384659084123,-7.381535711738786,-1.166821714619982,-0.2515766972465094,12.158588487362989,633,1,1,0.0012,1,0.0
0.009218645403288433,0.3650570611694131,10.09370248531535,7.3845206737581295,7.113491136192335,4.877846797852611,0.013642603894698449,0.5749415003358742,10.514878829702898,634,1,1,0.0014,1,0.0
-0.7372174346808276,-0.6169983410544526,9.43080332701416,4.821931934794848,-5.821735277809092,2.956309381931928,-1.3652690914362957,-1.0874985952691472,11.373591208022463,635,1,1,0.0,1,0.0
-0.3072890581703556,0.07081625431461763,10.31115865473606,-1.3664496042874337,0.3908799870761863,-5.349389436516535,-0.3911530021358349,0.13355765201014116,10.559605898823337,636,1,1,0.0105,1,0.0
0.15805345696237116,-0.08783085232781078,10.037422723671911,5.569953337627872,5.234820277739423,-3.5339194160438163,0.24062142660490704,-0.13079720388211755,11.369970000686676,637,1,1,0.0015,1,0.0
-0.28312841036016373,0.37315200312975944,10.083799008414287,-1.1197428037919768,-1.5723174477872528,1.542400035007274,-0.2847317968502581,0.6966088258087851,9.47103432393097,638,1,0,0.1379,1,0.0
0.988260608073046,0.15238471381132357,9.84919793191482,0.7809921265693964,-1.409387678832019,-1.0155217850297267,1.0043891306870476,0.3345097579636746,11.73541744181366,639,1,1,0.003,1,0.0
0.1394101529324561,0.41813833912392384,9.75250690415257,-3.7613578332957047,-5.1328802455522915,2.203624291767027,0.19912616231797853,0.9219608427067775,11.087121134837878,640,1,1,0.0,1,0.0
0.8165024127236031,-0.778380705777427,9.729786592665983,-0.8649137051293975,-1.4325495096951333,0.6721857183986303,1.0562031062061654,-1.9297676295348969,12.541479689148407,641,1,1,0.0,1,0.0
-0.18822121004091447,0.1496757099557762,10.112523717635716,0.09906094972682636,9.31697542140392,-3.2515371207962707,-0.41915189709678424,0.2056871380626735,12.020083950515543,642,1,1,0.0006,1,0.0
0.5461211375319491,0.4541442166022065,9.581949598108004,-3.283615256631609,-0.30814021854586515,1.155445618056687,1.122278439777464,0.6215797372634783,11.35507490998283,643,1,1,0.0014,1,0.0
-0.7578309441399488,-0.009077754789883583,10.339312126330025,0.32038280468739677,5.376771262177465,4.594787815326507,-1.0569101820841358,-0.012710079156650629,12.144956764413296,644,1,1,0.0003,1,0.0
-0.08250017051753437,-0.38835832138442045,9.780901961831086,4.615880530682514,-4.988730866398129,-2.708286174669366,-0.11753740463538576,-0.9340513345091536,9.669089100894375,645,1,1,0.0523,1,0.0
0.2392979876705483,-0.41610585347933104,9.713930917090751,2.5947113143572764,-1.3712567099151238,9.576666130533116,0.3189258400583502,-0.5931212742818481,11.65888392575378,646,1,1,0.0013,1,0.0
0.3497389937184714,-0.9088824022097827,9.60973088276328,2.4268254736078423,3.7756218061923703,6.888775554268488,0.6507485042455168,-2.23755634595596,10.434959245665436,647,1,1,0.0006,1,0.0
-0.11526236317389867,0.42259336718906454,9.66620759314414,2.977884942747701,6.4848563156912995,-2.9737088683455197,-0.1559804732650329,0.5910235438115453,10.021237155617905,648,1,0,0.1518,1,0.0
-0.24300627129684774,0.163836019824588,9.401650997381688,7.73823234223146,-5.486069174834634,-6.2287649539449745,-0.2801724375505911,0.3822201672599031,10.137369245813922,649,1,0,0.1403,1,0.0
-0.44592163192254236,-0.4026118201239985,9.644795238425884,5.840805974536146,-4.300090291941977,3.040930164239892,-0.7317441323448332,-0.8067505501284373,10.304472364802342,650,1,1,0.0686,1,0.0
0.07211387748610916,-0.7863609588344386,10.414149857734557,11.901955543101668,-1.924737498055117,-0.5476382471529646,0.15275775892238905,-1.7660723836637062,12.178526448092331,651,1,1,0.0007,1,0.0
0.14905585987581899,-1.3387898010322112,9.784904647847398,-7.424529761136858,1.4469778982239432,7.760289095933654,0.30682321829935694,-1.9530329283261492,10.807970581212578,652,1,1,0.0015,1,0.0
0.27991537294195595,0.16681363183526568,10.012233637894452,-2.966172204880463,-9.013368201665417,8.368923471938851,0.371805354465173,0.27700885031115485,12.851741691625657,653,1,1,0.0007,1,0.0
-0.6453984657178542,0.20941964624393022,9.231439982590274,1.4009104340823613,-9.472840836608931,3.6398879049894832,-0.7564533789822154,0.37499307192302594,11.140841646098307,654,1,1,0.0038,1,0.0
0.31089233478061384,0.20993530618700346,10.107617717066326,-5.978344396520666,1.5293659548527316,6.2002425237767325,0.4541199318846644,0.30076127832910426,11.371945184752864,655,1,1,0.0009,1,0.0
0.507526350787901,-0.4665191008224742,9.878877300385742,3.002399391333761,9.52503854969313,0.4686668186734384,0.6423742193204348,-0.5963247611163525,12.064251207173147,656,1,1,0.0001,1,0.0
-0.1501933821794756,-0.1423817334968009,10.147065941700724,-0.843827003363051,4.888751746918599,9.273468563252777,-0.15285052358000073,-0.29170892180483743,10.006642869399894,657,1,0,0.1498,1,0.0
-0.10763988475168026,-0.3202814961757519,9.8508101713106,-4.894905893992859,-7.918679931779548,4.387617815609866,-0.25754981437934055,-0.40711082247831565,12.219360521529449,658,1,1,0.0001,1,0.0
0.14012382683203972,1.177211237493398,10.167689234345053,-5.4692926558670365,-7.649241244610616,1.9427314176627575,0.3439963845924715,1.3281813515617533,10.070032260512296,659,1,1,0.0443,1,0.0
-0.9035200049063172,0.34553820112752925,10.073019396474342,1.6098005087668317,6.931172364666287,2.0336455140788874,-2.0746578949881775,0.7132082864261704,9.148813648965733,660,1,1,0.0021,1,0.0
0.8079310347290269,-0.1843360567466383,10.481982702879884,7.521715106315749,2.3369479064841037,7.736859498689642,1.9887782889911525,-0.19062499579279626,11.07193886372966,661,1,1,0.0,1,0.0
0.47147734462540447,0.24572391971613106,9.945932995312939,-3.9574650033875445,1.4312271609965324,-1.3214618880515763,0.9580943186307185,0.2804077637675221,11.505796878550214,662,1,1,0.0014,1,0.0
-0.08163819506301327,0.9001013678239894,9.757917925769252,-1.0022415524086352,-3.6428987362244056,-9.221498745479739,-0.1123684699491392,1.895409009717498,11.698722753821263,663,1,1,0.0002,1,0.0
-0.236842784825195,0.8475078159135814,9.817887173384365,0.6532961767579246,-5.559975061780605,-10.34364478529708,-0.3683662566465289,1.3210103873395627,12.695469392975848,664,1,1,0.0,1,0.0
-0.4875398282358723,0.05055278496764132,9.660319065567437,-0.3967648568750749,-3.6857956224760553,5.557486589425355,-0.9949626369404649,0.051066713642294634,10.895880927557537,665,1,1,0.0014,1,0.0
-0.007780119097478041,-0.39066276506927683,9.001965400363797,0.16634127885217787,-3.025156149379807,2.1226879069365623,-0.009390910261369548,-0.7538835105630877,9.222751324246092,666,1,1,0.048,1,0.0
0.7476598734082436,-0.37776646527953567,9.369986202911731,0.5186913792237362,-11.572285831574147,-2.2054816366343113,1.07874578199238,-0.5315596587203175,10.94659733013017,667,1,1,0.001,1,0.0
-1.3173288350298964,0.3188217364745076,9.755204457752198,1.5786811243467822,5.320202386142192,5.372164750147077,-2.4674622588290642,0.5411026306334819,10.289218883012287,668,1,1,0.0307,1,0.0
0.2989080829086405,0.05609226991256896,10.117862443351171,5.550737634912418,1.1699602957684059,4.022720338177683,0.671782219413904,0.0841695034649011,9.593676527309933,669,1,0,0.136,1,0.0
-0.18691498339364665,0.528711654084822,9.704445439739414,10.396860570694246,6.684457644428496,1.0677916530160911,-0.30645111511166784,0.7007332511979235,10.765954690019608,670,1,1,0.0,1,0.0
-0.08788117688476108,0.7242738859602752,9.431246705797113,4.4615018460895435,-2.4679542332267785,-5.0461776604510415,-0.18893052963537615,1.3901726317862413,10.139282919600952,671,1,1,0.0383,1,0.0
-0.43070437730925093,0.2852797285366279,9.16677764557419,-1.4669262390693951,1.8845993042826619,1.8002436125880237,-0.9103122525435022,0.3655784662735877,11.885741059241044,672,1,1,0.0022,1,0.0
0.14243835802318558,-0.15301939625705707,10.16232823790269,3.047799400021078,8.076402584331682,-0.6595843008600588,0.32141280097262453,-0.3495061189000661,10.695158292354675,673,1,1,0.0024,1,0.0
-0.39250408343566395,0.3642060290450345,9.36555258193127,7.574711374245508,-1.6833908207017116,0.9200929870057455,-0.6092919808580685,0.4880972629046354,10.305209864436817,674,1,0,0.1192,1,0.0
-0.20181888857295727,0.004444690246046969,9.535125573749896,-3.576604354425721,0.9832884401369536,10.632114589076597,-0.45810016427035705,0.004523546727472732,11.919135956892745,675,1,1,0.0013,1,0.0
-0.5689534039806583,-0.2895111313607528,9.449947482636869,-4.493180580704713,0.04776707166803059,-1.770739673119942,-0.580988977297192,-0.6888961175067667,11.737952729746167,676,1,1,0.0015,1,0.0
-0.3573525483844334,0.47076061249503004,9.8277380666467,6.482876838687298,4.4665561839795815,0.744443996825658,-0.7249830767894488,1.1043212692331814,12.234703347301787,677,1,1,0.0008,1,0.0
-0.9209637464997165,1.1756195019886653,9.02239440268546,-3.3160722587652742,-0.6187624179005538,-0.660692806055978,-2.090792931425723,1.531738507019395,10.204800224039596,678,1,1,0.008,1,0.0
0.3234400564149233,0.7934940103652702,9.453997768215556,11.00504086456112,-0.1578684189952882,-2.7065405175244734,0.6291293263846138,1.1052634402923018,9.853274553286914,679,1,1,0.0299,1,0.0
0.4326809068136306,0.02605783364815398,10.09215181766577,-7.724974935877257,-1.6479629766192192,3.9834374256932366,0.8331042626448569,0.028706418334825238,11.065058791150925,680,1,1,0.0014,1,0.0
-0.026693400091542276,0.6179517508298891,10.142434799258607,5.1887977008744,2.5864383006410963,-0.4159538227777825,-0.03729237349895885,1.1487389203924052,10.803015836493168,681,1,1,0.0,1,0.0
-0.3511123093883577,-0.7927008277728741,9.361357584821615,9.53638740837875,-4.9424317020509285,1.1745276968109748,-0.45023393961516867,-1.4357827127995144,10.412741968854123,682,1,1,0.0006,1,0.0
0.37159154427733165,0.4364775390798619,9.940376536448369,-5.910285538542158,3.950193859045786,3.086081029197581,0.7679427705006648,0.4980188948180061,12.374265260704002,683,1,1,0.0014,1,0.0
0.3391419490770393,-0.5757927808109712,9.820476363178319,5.57565430546759,8.188781833533044,0.5033951771566099,0.4868397127894418,-1.3216109202844313,11.24889130723413,684,1,1,0.0007,1,0.0
0.4940893453412506,-0.7799267715054522,9.976697931048518,11.710217402679685,-10.907694639749385,-6.021851691422796,1.009215514169116,-1.749966152202907,10.534012917683796,685,1,1,0.0,1,0.0
0.12585639601316123,0.3687879808529295,9.265852593986288,7.764851120229556,-0.47445523093069153,-3.1367708885499463,0.16507470525360557,0.44244123619330317,10.11044664821429,686,1,0,0.0987,1,0.0
-0.22854489586344165,-1.027108528318358,10.02383948672413,1.9853654466932031,-5.28317699670251,4.93700142714844,-0.2789990658117152,-1.5177497541604268,11.65802012222333,687,1,1,0.0004,1,0.0
0.08680310707434497,0.5459372569059673,9.784155336040113,-6.2995686937878235,-2.2311327509255183,-2.029737352608277,0.10824540394019516,0.6972483635853232,12.524151624018561,688,1,1,0.0,1,0.0
0.206373809976086,0.7143643384265479,10.271279816045451,3.389628716513217,-9.565728858499238,-2.597165505312096,0.5101427592468102,1.6020988752657135,11.744492252571176,689,1,1,0.0008,1,0.0
0.2520663728249637,0.6157190551650208,9.807567421007073,-3.6070754653010373,-3.8875715968100644,2.730214105334699,0.47124647686546045,0.8115708215452111,9.301578080649863,690,1,1,0.0522,1,0.0
0.08320582475730426,-0.8414508172820792,10.04086217214225,0.052807294146351116,-0.42474684444020794,-1.7554998420754886,0.1931867899819732,-1.26526622651823,9.126808066616233,691,1,1,0.0043,1,0.0
-0.19650708806323275,0.6543845786800988,9.356115780049025,5.316875985390984,-9.787842658533476,7.978295108321635,-0.3540606448576425,0.6546561824524109,9.285048444193755,692,1,0,0.1127,1,0.0
-0.5193427417788873,-0.7701383261498007,9.74543960908113,1.5969086294844388,4.71139319247802,-3.1624477507748776,-1.2322827379596721,-1.1354505116291507,12.380765941636076,693,1,1,0.0,1,0.0
-0.1187446841148609,-0.4680193499343072,10.056153095665998,-7.256422449782695,-9.072518961657059,8.504084137318479,-0.13709878697190103,-0.7066363322079452,9.161706019937483,694,1,1,0.0136,1,0.0
-0.28158720583854224,0.29696510315310565,9.686290627296783,-7.33066964301649,2.8788253767425083,-0.6818987031248409,-0.4203694657914143,0.4671097972418163,9.671796805822272,695,1,0,0.152,1,0.0
-0.3224356971522349,0.6841728099780043,9.838127939975534,1.4604806356042008,-7.565141141344858,3.1389552388545097,-0.3810111674282088,1.4195231212247752,9.918881930721,696,1,1,0.0427,1,0.0
0.6672544689732022,-0.7461543655321861,9.95141996287645,4.786454787083565,5.003683206716735,0.7724128818263694,1.0222405913073116,-1.0874020941860656,11.222337764108644,697,1,1,0.0,1,0.0
0.1180208970316999,0.36482755234094943,10.0629885248729,2.2033351991264016,2.8183947627255854,11.392291792151942,0.1803970691491088,0.5014608513484908,11.300327142347378,698,1,1,0.0013,1,0.0
-0.37228826001441484,-0.8044004685305954,9.927155151837667,3.7288148506125514,4.372967682102105,-4.55637927913288,-0.39582533847279616,-0.9104194810843225,10.92650810445485,699,1,1,0.0011,1,0.0
-0.48983001468651494,-0.09273930362250794,9.653700420073665,-4.205426183319583,-0.27257526823824885,5.1092236156846145,-0.45821620632916915,-0.15164977072130603,9.61662140986908,700,0,0,0.1537,1,0.0
0.053232333398170996,-0.06298368495652086,9.936928656287844,2.721400133621233,0.02461824111760757,5.184568788979709,0.06644372438364751,-0.04542788253391547,9.925932524034334,701,0,0,0.1537,1,0.0
0.12958959018036828,-0.04587054634127596,9.767997869117465,3.237861506083007,-3.1404456454684953,0.031920844514333774,0.07329249723625919,-0.010932138539368245,9.74488571624254,702,0,0,0.1537,1,0.0
0.15419812488423174,0.12659916857735146,9.848176650376988,-3.151829781083186,1.7723946519492397,-2.5503382580139005,0.17835448906984075,0.06367987923844873,9.811168005191293,703,0,0,0.1537,1,0.0
-0.006479414598753643,-0.07839424163781826,9.624781269917435,5.765298542341506,0.695719174434633,1.686531764541025,0.008973061076612467,-0.06150404461532474,9.668081405908827,704,0,0,0.1537,1,0.0
0.163313229507674,-0.022938781475540803,10.107528524659827,1.2402417221718391,-8.608851109376712,-6.393172589296908,0.1852010260094326,-0.12083126687716245,10.12954815912334,705,0,0,0.148,1,0.0
0.03518288185963714,0.3858135896459397,9.956346561777886,0.5768632478745851,0.6416229482254313,6.162301550967728,0.14927613085306468,0.3850812465299903,9.93511067491255,706,0,0,0.1537,1,0.0
0.5679590828249769,0.4920907486864734,9.565314122503564,-0.4298724811815165,4.029578792702276,-2.239239708450367,0.5621239047616133,0.49304041273502464,9.509536048567679,707,0,0,0.1536,1,0.0
0.03174739360842385,-0.075650432086954,9.613611989468207,-2.2996748243671186,6.109447117132216,1.117750717785356,0.06211088614764998,-0.04133599749857278,9.608674645140121,708,0,0,0.1537,1,0.0
0.296591304066267,0.5093342029888014,9.734664536984917,5.7628883525785835,1.8796068286980883,6.461290569642497,0.33200819825460565,0.5245847780633645,9.765374081637548,709,0,0,0.1531,1,0.0
-0.9639908785629165,0.34477790121315394,10.022043138921175,0.7662179854437872,-2.730022664165011,-1.024888715558295,-0.9466347792354552,0.42476940103644856,9.945594991566566,710,0,0,0.1331,1,0.0
0.2756545070299507,0.5862885380039625,9.785342845765015,3.9744964038073816,0.768144110272468,-4.129242872882363,0.25554541543927145,0.49560282386406385,9.802277984093452,711,0,0,0.1536,1,0.0
0.33611574384382875,0.5564769912322068,10.016745709253373,3.892093093367211,-2.1358124040206796,-1.8772659562844471,0.2879723696825425,0.5594596515773334,9.995648703090438,712,0,0,0.1536,1,0.0
-0.2583584134040476,-0.35808115975559274,9.95688713910081,3.3569855397607444,0.7131132337505466,-1.0135111409542576,-0.30622833800390925,-0.28552841977664956,9.97280734318655,713,0,0,0.1537,1,0.0
-0.03476741311154558,-0.03591799494660394,9.733959150285399,1.9742962674790467,6.592782196050656,-5.627564637383809,0.030106897073643092,-0.03910772018015028,9.748710411726401,714,0,0,0.1537,1,0.0
-0.20835742253925085,0.43189618031857424,9.753972174094258,-6.729652346257586,-2.2815713233284516,1.0351441938932326,-0.24772974440881496,0.43203849200398226,9.762531314153573,715,0,0,0.1537,1,0.0
-0.3478871047096416,-0.025753408082124608,9.822835982901914,0.4448939850386694,2.458506509498804,2.7999243033411303,-0.41595876392883463,-0.07967203339133051,9.853678360345349,716,0,0,0.1537,1,0.0
-0.17262381359761414,-0.6180419000259014,10.001938611918153,0.7189384385487316,-1.7806692684675145,5.519906009191939,-0.15838935512639749,-0.6979529725123454,10.028607804738469,717,0,0,0.1477,1,0.0
-0.7051237530612605,-0.08860801047068609,9.718056407895146,-5.187389435774063,6.569120162201164,0.317722783563465,-0.6797422453563532,-0.023781843747387857,9.777427041038424,718,0,0,0.1487,1,0.0
0.24696922985871503,0.6741047728720889,9.698089182671044,-6.367878724963427,2.6003702754550977,4.466837608468609,0.26842664679531913,0.6737278394228988,9.595523569907382,719,0,0,0.1531,1,0.0
0.5626834883792361,0.7122476436569282,9.533476064630474,4.293804216414075,-0.4064267599649819,-1.2549861123883561,0.58677368949963,0.7197429230217668,9.544735268013127,720,0,0,0.1509,1,0.0
0.5935020818521236,0.286609646893001,9.863053388613595,-1.5619129511213599,-1.0738440298877725,-5.682865452372816,0.5959224219120359,0.29742745221914574,9.794540782793108,721,0,0,0.1552,1,0.0
-0.04459679362895318,-0.1268108647836689,9.651686310644223,-1.0987436307812994,-2.6077570576054456,-3.2896001006120335,0.010510698449409744,-0.12881469321720887,9.65366322458366,722,0,0,0.1537,1,0.0
-0.38544542804353893,-0.20674424600796654,10.310822299417458,2.4480766693379366,3.190166501825806,0.518361996514338,-0.3829972486028873,-0.2355726470521152,10.254937801772053,723,0,0,0.1512,1,0.0
0.34888099356770785,-0.1739132847979068,9.675247123101851,0.11275866639236419,0.3240784479339589,-0.3484291913492762,0.36551512269773045,-0.09118940997054378,9.775904280213647,724,0,0,0.1537,1,0.0
-0.212472833995123,-0.3428848064144218,9.735859785728053,2.1166023810136183,-2.303939175749888,4.101301935156615,-0.21397660456014733,-0.30620238255820187,9.688062039004347,725,0,0,0.1537,1,0.0
-0.054403385686562535,0.23823910974621004,9.733153447470396,4.450515937113356,6.192200357978987,-5.423600653841664,-0.03633191362978523,0.28453087409465183,9.818580832227184,726,0,0,0.1537,1,0.01
0.47532713413078725,-0.22370902803318252,9.91526372910806,2.093905331754094,2.0205629036278414,0.7061650694448626,0.42922062687894985,-0.22332433019740716,9.905569068073033,727,0,0,0.1537,1,0.01
0.09036456850054934,-0.09352183718679873,9.819927609707312,-0.9568088426790691,3.263597517218874,-0.5025873641829666,0.13493602549060307,-0.1608001593859296,9.80491349817639,728,0,0,0.1537,0,0.02
0.4832685296888518,-0.13489554212657753,9.573429280002962,5.109399072702294,-0.7083171247253266,-1.4976993167761692,0.4858087234729942,-0.13457021269801175,9.578059211747446,729,0,0,0.1537,0,0.04
-0.11070212765491583,0.30350032267166904,9.734901404089994,-1.4002488987521515,-3.511802854996639,-2.914689508994404,-0.11503134582910289,0.23165892577493133,9.702773550104574,730,0,0,0.1537,0,0.04
0.08588108620270886,-0.21926702076277635,9.626324838249708,0.006085181321346748,3.6060761349781547,-4.009724305940548,0.11116613789775054,-0.1803939915741613,9.601873618901468,731,0,0,0.1537,0,0.04
-0.06886716732507511,0.012125719859105535,9.899437971077464,-4.076608400245101,-1.9657241427796377,-0.22609887423747796,-0.1477202669331756,0.006992964946431377,9.909166654354111,732,0,0,0.1537,0,0.05
-0.12648682583995974,0.48854455327848867,9.939384026947355,-3.8162542777568484,2.1911080637366975,2.2689653123502795,-0.17839503922724234,0.5576155112906805,9.940398479496025,733,0,0,0.1537,0,0.05
-0.4354590089211212,0.42081739816445285,10.122708134588764,-0.44537597814979657,0.4580037097595542,3.0272680422473073,-0.4469049515807711,0.4884565283904659,10.122018298392323,734,0,0,0.1537,0,0.07
-0.30172314370995607,-0.3916664317683509,9.733004268783798,-2.4284300709746014,-2.5917021005484244,-0.21370970390657346,-0.343575642241224,-0.46571466456188615,9.695927267382155,735,0,0,0.1537,0,0.07
-0.8242864812609856,0.30380116880913377,9.831057724743797,-0.3159846716284106,-2.469013287524237,2.6429438566639374,-0.8295090330784429,0.28119628726823087,9.972931089295063,736,0,0,0.1623,0,0.06
0.2035084562445195,0.19326667303549028,9.808692395539945,0.9950425877458682,0.4328184869177668,-1.4031337065365932,0.15124404464087177,0.2456850593022401,9.798308128797492,737,0,0,0.1537,0,0.07
-0.35907127323472915,-0.25552241701057227,9.792595662170447,1.0828153445262196,-2.1757764253569327,3.9511006987755533,-0.4213215457633276,-0.28782920269017187,9.760654529542505,738,0,0,0.1537,0,0.08
0.34741204073047083,0.2225682906376034,9.91920316780697,2.5701704916344825,-7.698146290635602,1.7472922631809187,0.39076627386433127,0.1943600130622407,9.942702034198065,739,0,0,0.1498,0,0.11
0.36031288587909777,0.28044658112277476,9.232449603081648,0.878180120102156,-1.0342028043009959,0.79107166329832,0.3516215542235322,0.2731932126236228,9.223196401029986,740,0,0,0.1076,0,0.17
-0.4123870561415201,0.2479689646966831,9.516604992528116,2.7546136809937405,5.329614306553614,-3.778228537322053,-0.3652759609259822,0.3653601966876262,9.453162883339013,741,0,0,0.1534,0,0.14
-0.39762067531255146,-0.25898208320795474,9.758464305574922,3.885804344399684,-0.5451093666582082,2.5489090712330396,-0.35557474659136595,-0.2837241269431345,9.728950807962297,742,0,0,0.1537,0,0.2
0.03925813148145289,0.1479099339018512,9.775194432166787,-2.9661422213551303,0.8152443808612886,4.6557205055742426,0.09254676522903485,0.17063043861635077,9.812882892845023,743,0,0,0.1537,0,0.0436
-0.15567883229774504,-0.28363355170058346,9.723648362600269,2.184238901215109,1.0781516894300909,-0.8472276347983678,-0.22663963768727852,-0.24409166450790523,9.671665980242752,744,0,0,0.1537,0,0.0336
-0.149148232626186,-0.6017315903267337,9.608084346986836,5.1366349731183085,-2.6367308447578757,3.338916529396524,-0.23303577848995574,-0.5831532967429347,9.516816064415458,745,0,0,0.1536,0,0.0443
0.39972643234531513,0.6638607186655612,9.88197869808814,1.5675507583956554,0.5088842847991105,1.7323048720863228,0.31534513674079423,0.6125268816167473,9.879665168513304,746,0,0,0.1532,0,0.0406
-0.19725703579617707,-0.3054475066641335,9.85315556305267,-1.5866456329957037,-1.986429078651284,1.1546247442549804,-0.20121150727728232,-0.37035133090543426,9.935385615050924,747,0,0,0.1537,0,0.0309
0.6265590984373902,-0.03559895366616758,10.004718401743599,-2.622265063718345,2.35900072784887,-1.9425318995920273,0.5644205069456827,0.02662571713978403,10.046147284593838,748,0,0,0.1521,0,0.0
0.7774006856095436,0.4657374291831497,9.626179679768706,4.804060584789173,1.2180227386081883,1.1199010239175051,0.8111353038004355,0.44993486012733347,9.591799373183768,749,0,0,0.1516,0,0.0007
0.23795153648252415,-0.1754714971854708,9.643733442701611,-0.17800159360965023,0.027784916228358,-5.270978508362565,0.18493058551226324,-0.21570307860249685,9.582063959684747,750,0,0,0.1537,0,0.0107
-0.2903830125818785,-0.6645254645441347,10.007919163799215,0.25570366537465183,-4.377626785006742,0.9344916316210965,-0.22778650043658485,-0.6673197713753578,10.143145114356948,751,0,0,0.1518,0,0.0107
0.22384925626990057,0.303380228636021,9.790059771725778,3.8737278290635757,-1.7587707832425643,-0.9817646382717511,0.21892414086792417,0.31356779466433377,9.881314911401649,752,0,0,0.1537,0,0.0107
-0.5360009970355535,-0.22115409946716488,9.975057257977557,-2.40530886037362,4.374787327865458,-0.40207403430941024,-0.5492079890909002,-0.28823198634343744,9.891321839304124,753,0,0,0.1537,0,0.0007
0.3978434899880266,-0.5943490330951022,9.715581933202207,2.453922879224027,0.5801872875201006,-2.087975911034516,0.4525000031111384,-0.640348266175006,9.732148881081384,754,0,0,0.149,0,0.0107
0.3245058467840971,-0.007222591283331656,9.779364347339698,1.8089045913201862,-0.7906516855464527,-0.884789794495544,0.22477731782429036,-0.10636687623377496,9.769852422853686,755,0,0,0.1537,0,0.0213
-0.07452604756651654,-0.015897101345956403,9.882481890846444,2.86128942018256,-7.575316477775447,2.8295661580011138,-0.07442157104379024,-0.03297642192846432,9.82995045661125,756,0,0,0.1498,0,0.0113
0.07779810784776656,-0.14583589921625562,9.819582300655071,4.511089552718869,-1.4065090141582086,1.6705430500711493,0.07680137566991786,-0.1511893645356048,9.818041898180512,757,0,0,0.1537,0,0.0213
-0.24504046294989767,-0.19113534170210733,9.865887612131788,2.9453150480336037,-0.1595223837716178,-0.29493604526534845,-0.28650834485902293,-0.1416588616726225,9.830061547339376,758,0,0,0.1537,0,0.0113
-0.43415379465567716,0.08917904189457457,9.84462603050587,6.206196227352648,-3.175514888977515,-2.786611649320365,-0.3595795633796659,0.050265577071589886,9.87790095318352,759,0,0,0.1537,0,0.0125
-0.07896152678794706,0.09983484277977613,9.617308214138346,-3.3458477385759267,-0.9828581119761312,-0.34002359279125055,-0.06529765065275399,0.1163367142356421,9.646124067578592,760,0,0,0.1537,0,0.0225
0.461982229254857,-0.23798201094606647,9.623955599048864,-2.5201724880598553,2.448978206079931,0.44604286037732693,0.4071265185952389,-0.19793472661740485,9.611751275275159,761,0,0,0.1537,0,0.0025
0.10149617570942727,-0.05505996023253897,9.49097317662205,0.21523184994776845,-3.1611206591816696,-1.8567866470373433,0.1427787788632541,-0.02372851168641782,9.47053174100721,762,0,0,0.1537,0,0.0171
0.3706780397229117,0.040149613920563064,9.535431494988499,-0.22954689585446908,-2.932985943275604,5.2640450327116,0.3578520137660997,-0.0821218828573829,9.507544154290665,763,0,0,0.1537,0,0.0213
-0.08661122230003006,0.4223483932420261,9.831486673824145,2.952659082392328,1.06655598112301,7.680315839238798,-0.07388570438233741,0.4413691405892646,9.872894265123982,764,0,0,0.1497,0,0.0259
-0.3483579731958601,-0.07917867032396403,9.851381689683592,0.07576322364314378,0.9791187666055012,1.5878891914886344,-0.2880234962762517,-0.1421210911551103,9.87745545038873,765,0,0,0.1537,0,0.0259
0.2268577047906933,-0.42153499035616815,9.57902262234588,-3.197321117564119,-0.4860794730014434,1.7129961827446973,0.2810764333185304,-0.41733441698267604,9.596494348112172,766,0,0,0.1537,0,0.0258
-0.05815932972250261,-0.03057421358329399,10.12169028506819,6.209454169822999,2.3211884594033543,1.5498091485149634,-0.09260842359655011,-0.08995268568594196,10.152917956834173,767,0,0,0.1537,0,0.0259
0.01841732426667453,0.2195225767927413,9.923046664957322,-1.0614060887038173,-1.2733964507892315,-3.8128311398332366,-0.04050511763045982,0.2918980481555614,9.918906521937844,768,0,0,0.1537,0,0.0069
-0.14119026163085407,-0.27035216425945074,10.021676907538664,2.2448328854832895,-3.8287021027229775,-0.07773634289304995,-0.11169795012394476,-0.3247229275674886,10.030104883011425,769,0,0,0.1537,0,0.0169
-0.2247975893951478,-0.162413582567396,9.496511333749075,1.5243070980920335,-3.532730220899859,1.7652528881231295,-0.26036404766174126,-0.16583367294132648,9.538030241681561,770,0,0,0.1537,0,0.0011
-0.27046181431366434,0.3491918106285912,9.679253365695583,-1.3830447293213304,0.7913050452888215,2.373766558396635,-0.23707891880315857,0.41885417066151687,9.705906993227126,771,0,0,0.1537,0,0.0011
0.025551611664698586,0.129779217819758,9.839098830714143,-4.199775848184453,0.0887070972150561,-1.5424661504408976,0.22795149648494362,0.1373549345985844,9.802896609271107,772,0,0,0.1537,0,0.0019
0.6663235162556447,0.06476351867586255,9.994553612425365,-0.41873024182167373,2.893488636926259,2.2118470529096,0.6882493559723362,0.07355184423323036,10.01296330399089,773,0,0,0.1536,0,0.0011
0.36842598686166306,-0.1327183303380118,9.622883357443914,2.604398573330454,-5.077309019654201,-0.8136241548281726,0.25086770916241957,-0.09654747277182896,9.700197951252566,774,0,0,0.1537,0,0.0001
0.11287954159812465,0.20271298311078653,9.711791133446939,0.9363234887358585,-2.859097855940542,-2.620518890643587,0.15416521525046498,0.2436791000583995,9.688566124019715,775,0,0,0.1537,0,0.0002
-0.3982163094867552,-0.5189628913874259,9.783990579171013,2.5633779127958647,3.1681895383640426,1.4410458252587357,-0.26775766563220016,-0.48042790678746333,9.755291247410332,776,0,0,0.1537,0,0.0002
0.23071347458510427,-0.19747732138375734,9.720546853473923,0.24731669181884397,6.21809747911304,-0.8584184342556337,0.21211272631086042,-0.1699231474339736,9.74015369359902,777,0,0,0.1537,0,0.0002
0.3111897051715763,0.02909631212735023,10.00867034275661,-3.865433050345935,1.3370654498047005,5.28443863510958,0.3376796561575189,0.031176787978966464,9.96153829616235,778,0,0,0.1537,0,0.0002
0.13348006117521893,0.6420211372730716,9.881626373611393,1.8969923191890166,2.8918203048924624,-0.7174369882256129,0.12293312727786894,0.6342825186917594,9.845759842230153,779,0,0,0.1532,0,0.0018
0.26628961348584357,0.5262138109664432,10.042341469735947,-9.75301193498151,-1.9469097886808657,2.0613691476799647,0.25011062202092105,0.527489992473993,9.968690894592894,780,0,0,0.1445,0,0.0027
0.23131164616735894,-0.2598658427191006,9.631506779838244,-3.1208166055550097,2.9390438357714905,0.6517491079812288,0.26313806256944866,-0.29741007072749776,9.516090053319296,781,0,0,0.1537,0,0.0017
0.17325294749775477,0.1426384067276076,9.852784606602036,-1.6836453955031252,3.7076098926165324,2.2541893528094628,0.11913400988522388,0.05586022832459761,9.81853341282243,782,0,0,0.1537,0,0.0027
0.11576005594774393,-0.09257225795321743,9.740625817913541,-2.991457145872872,6.730632105500448,-7.337290082716962,0.18029408629354038,-0.08089106683198544,9.714033380400451,783,0,0,0.1514,0,0.0111
-0.1409720602089296,0.09112609688224547,9.64836366990667,1.8003464670537643,1.734666437470787,-0.30287912846598775,-0.13336979753511988,0.1855763457055149,9.652806371698867,784,0,0,0.1537,0,0.0118
-0.1839633908187401,-0.42369246094389423,10.289108702213033,-3.394002660533903,2.4135193486962914,2.432819821550712,-0.20749049348995038,-0.3886958084283302,10.286369235224175,785,0,0,0.1535,0,0.0027
0.09740902344518616,-0.44970358203829336,9.88013834934571,-1.4257292603561194,2.4570203311760985,-2.0462510737068245,0.1812247506866756,-0.35759618339904736,9.792665629110273,786,0,0,0.1537,0,0.0127
0.8348459188938625,0.26982325337928403,9.73036451494661,-5.456792968120079,-3.029558331121976,-5.291049938736858,0.9030469420260805,0.2640159527965728,9.724723529884734,787,0,0,0.1625,0,0.0115
-0.4802932812639241,0.012258683061299935,9.795821340296365,-0.695551793608012,-3.6781943555162773,-5.377261364070226,-0.5856008716684717,0.06840209213533091,9.752678925371617,788,0,0,0.1537,0,0.0115
0.02747672334613099,-0.08850587750031864,9.907763986567577,1.2771912058303365,5.699712009271946,1.9923900622080222,-0.0628833452684608,-0.017155986522888703,9.936422904442317,789,0,0,0.1537,0,0.0015
0.25065273727680953,-0.04373743829177163,9.39632650558696,-3.985299753006786,5.464076674220224,5.048938024775667,0.2613961647549588,-0.030149564412113063,9.355358562314713,790,0,0,0.1466,0,0.0015
-0.1723217398116965,0.4780388988324699,9.803874578006862,0.17125475448752986,1.0796709669214528,-1.5572764408059787,-0.18359340297336463,0.4065571770681389,9.854453547051957,791,0,0,0.1537,0,0.0015
0.13092878201555277,0.03836008694781634,9.99727005046264,-4.05695290299365,4.05104057116314,-1.1925429903345783,0.07848083557382997,0.10540353938130702,9.970059777969992,792,0,0,0.1537,0,0.0015
0.24467929883951556,-0.2519112574154257,9.623264498548728,-2.5323262233335226,-2.0629703007519256,-0.1830149779560045,0.2994092179210045,-0.24458832013178847,9.618924947298117,793,0,0,0.1537,0,0.0015
0.1702111740010704,-0.22937101727255532,9.444395175799526,-0.7220667498010386,0.8619241033767705,-0.12402378958063567,0.20456524456569214,-0.1845931789971367,9.374682915158836,794,0,0,0.1491,0,0.0015
0.3165145487919883,0.17517434886789096,10.07140058536134,3.8189473170823613,-3.648944729322662,-3.217977078898723,0.2908874597386998,0.16158363577845483,10.073384044878633,795,0,0,0.1537,0,0.0015
0.19101801756700268,-0.058925849715838134,9.612950698067946,-0.14734033460956353,-2.1491564181971,1.7586547352893,0.17484178433574457,0.07757223758120121,9.578977588480042,796,0,0,0.1537,0,0.0015
-0.256489071931545,0.641897160575004,9.65477703974427,-1.7201093813034691,1.8048294603865083,-5.093980073893706,-0.27765375732022496,0.5520237802178083,9.690210347348621,797,0,0,0.1536,0,0.0009
0.17296457578187957,-0.308194127006637,9.72608168363238,-1.9228421737396748,1.0437512895345702,-4.262433109873237,0.12075392469773355,-0.3085146981247771,9.73885876794157,798,0,0,0.1537,0,0.0009
0.5686592391168621,0.5299010064870473,10.134002021548383,6.34507188254595,3.253625950934865,-1.5944380305597985,0.5863994449165443,0.4724933508354894,10.138760799818757,799,0,0,0.1526,0,0.0009
-0.5991919056815732,0.09812692368772045,9.654602672909732,0.8003450463629853,-5.484631631321557,0.19241569138211295,-0.6032205260274738,0.08759872254514317,9.706842493340192,800,0,0,0.1537,0,0.0009
0.16469035298468865,0.052705269198256445,9.870911364332892,2.539260642612574,0.4753442329924038,-0.7956693445065263,0.24285491178819735,0.0059122171370834045,9.85096202540144,801,0,0,0.1537,0,0.0002
0.3012183633057129,0.06378118587578753,9.617650925696571,-2.242611137854432,2.048789234361769,-0.9430479553466795,0.3645520280382491,0.010386000196771952,9.488528571390043,802,0,0,0.1537,0,0.0002
0.06613580614056416,-0.35636907122199196,9.927535314342359,2.8156715177383593,-8.473424066787956,-1.4635286068826843,-0.02478786085181639,-0.4069025763300555,9.896525448738572,803,0,0,0.1498,0,0.0009
-0.31010235472915293,0.33061303283347643,10.188601418625518,2.9538820118695908,1.0774494489828248,-1.4501847397622571,-0.39043505109679183,0.3585510279759427,10.193062010840197,804,0,0,0.1533,0,0.0219
-0.23598545719078873,0.7128530066909367,9.558774961649505,0.7100944278148942,-3.566000714106285,-3.0677626393160615,-0.16714590118009348,0.669599640866283,9.63720956045618,805,0,0,0.1537,0,0.0009
-0.5344919689335231,-0.4566609616099181,10.06781392344919,-0.8417621390639782,-0.975779101616238,2.7816066973285722,-0.5111127942222023,-0.5379452197722043,10.02460743161342,806,0,0,0.1537,0,0.0002
-0.022060539590327544,0.32615391956262535,9.717498161519186,-2.6940710686941345,-0.5086594314574969,-1.022304929643886,0.08632516209227276,0.27166783006816525,9.81855044366283,807,0,0,0.1537,0,0.0001
0.3258777654596318,-0.3392733789410393,9.973222660228755,-2.9481303700190544,-0.34938191002769947,0.06074076409903847,0.3030300750337468,-0.38885953451558547,9.917530883920287,808,0,0,0.1537,0,0.0001
-0.15073682979942557,-0.18342100528259417,9.884095945682544,-1.7394967618804373,-0.01675700757751436,2.3044424258775473,-0.1768895165936918,-0.23051223835301748,9.921835177242752,809,0,0,0.1537,0,0.0001
-0.01904830073751913,-0.5071253527981394,9.815935240800322,3.4759619050919417,5.678321065090749,2.4563697628597003,0.014637402938703126,-0.40903337281871277,9.813075623632542,810,0,0,0.1537,0,0.0001
0.46468263355558775,0.31190646222694984,10.127461717054514,-5.699474967343149,0.6790378951464178,4.95437493059775,0.4165550084987705,0.32789692092561523,10.014053640340906,811,0,0,0.1537,0,0.0001
-0.06276260642282451,-0.2317866155772802,9.992579382129104,-4.503613172881639,2.8660728133954336,-2.906148604595235,-0.04765668127252333,-0.2955658708660589,10.069492919628797,812,0,0,0.1537,0,0.0087
0.1554015248087999,0.17794901666833415,9.915711236319675,-1.1206209858986855,3.7975071839820345,-2.389561198767753,0.2460688792970231,0.1277602822414521,9.93288854097429,813,0,0,0.1537,0,0.0087
-0.482957025346754,0.7547505072506672,9.76499239861518,2.3833717694106498,0.46299128360129926,2.8977706068092175,-0.4619822721675922,0.8287674837300278,9.707695798484025,814,0,0,0.1217,0,0.0012
-0.20864896126783428,-0.3637403582129181,9.70753769325602,-4.930334582967897,-1.950816945360219,2.4140810780716504,-0.28196047628431686,-0.3840967503948904,9.744130187754864,815,0,0,0.1537,0,0.0007
-0.2097789678502314,0.5405321682974611,9.752639613559154,3.265680371671357,1.4483937566430398,-6.748467477959062,-0.21236045985128796,0.5803755421349277,9.77388786245615,816,0,0,0.1531,0,0.0033
-0.43985975983333486,0.20965083360250622,9.96957462310476,0.35328998407229023,-4.4132516047162795,1.7968936852514592,-0.3836360560241254,0.11601725335088875,9.977261548825352,817,0,0,0.1537,0,0.0007
0.13969292356405222,0.0615660344129407,9.713471322805802,-2.341272244558956,-2.348456508116186,1.576043379685844,0.16667996597048623,0.11259925709897045,9.69710159498342,818,0,0,0.1537,0,0.0007
-0.3558678613972264,-0.1837584471093281,9.876776607943746,-0.44683209902653687,1.431125807993,0.37915662928330596,-0.2928744708886084,-0.22031460303089362,9.84445022576305,819,0,0,0.1537,0,0.0
-0.04118329997063189,0.20285508154896761,9.357223856331126,0.02697589237964637,0.596639904862165,-1.0531178514429074,0.016067693828169492,0.07213089815996793,9.421113998028844,820,0,0,0.1452,0,0.0015
0.44422821126870643,0.10179418266306131,9.892509005298397,2.0716521893263966,1.7523495845354338,-3.1596028209309823,0.4148206363797271,0.12024132284844441,9.897536201114637,821,0,0,0.1537,0,0.0115
0.0583396022002482,-0.014327508159345808,9.56794356772692,0.48734445619195715,3.6035678441830505,0.5375673918285021,0.012205432911339846,0.09307030051582937,9.66210837223565,822,0,0,0.1537,0,0.0127
0.5133294050549683,-0.42664105886104453,10.040551928845954,3.9598529327098833,-0.21737054216881357,0.9065095817078462,0.5622119726759776,-0.4069626531339164,10.015494383641853,823,0,0,0.1537,0,0.0112
-0.41813542049380686,-0.10747246810578165,9.977222117391346,-1.7003702239626515,1.6630041013759032,-0.25159331307821914,-0.40905406333207356,-0.10761693820529628,10.002315816057617,824,0,0,0.1537,0,0.0112
0.2708689576824145,-0.36193188647932645,9.581219872012662,1.0902283930110683,1.6676845724079183,-2.3957597247942166,0.3570761150904771,-0.3964919123209475,9.649858817456806,825,0,0,0.1537,0,0.0012
0.15587360812515932,0.42018303031887316,9.717390997011131,-1.8473232310634586,2.4603178313082017,-0.8831845632408482,0.17614190858601525,0.42227365139125306,9.775785817035406,826,0,0,0.1537,0,0.0015
0.45795215648351867,-0.6750514414770517,9.793202888478458,-0.8499224936333593,-3.8107548209301707,3.338182632223026,0.46757438381644423,-0.6953031931541401,9.758965587659151,827,0,0,0.1501,0,0.0103
0.19003757576877442,0.33631143489099186,9.750332187989413,-1.3359960940405506,4.784069587734596,1.1033239419246332,0.20758950725112066,0.36419469984756975,9.757628823018088,828,0,0,0.1537,0,0.0118
-0.5746812240359818,-0.2764819822656796,9.648861517434174,1.6956447391099059,-3.6373581804190405,-4.47491639280027,-0.5318591823181973,-0.36784970192236316,9.683376672760433,829,0,0,0.1537,0,0.0
-0.08999998480595214,0.6191180105165331,9.604267859316346,-4.648309915395197,1.8180838657940614,0.15388886367203433,-0.06901711300959859,0.6513727524338178,9.676070852346111,830,0,0,0.1531,0,0.0022
0.10977013546069854,0.837328594993985,9.659996544389218,-1.2712125276966393,-0.3729872754889968,3.6555071765152674,0.09129263795558562,0.8726783527745207,9.606606832006273,831,0,0,0.0949,0,0.0037
-0.39261958293186816,-0.17515054047590492,9.695609796978452,-2.3599261456407583,0.45945486855499396,0.15616991031808927,-0.4014744524487237,-0.2577754770614922,9.756168904386003,832,0,0,0.1537,0,0.0032
0.5081453440357356,-0.18658830633871637,9.830076760040647,2.2062314724532914,1.779795411824542,-7.209879259438889,0.5218264332184132,-0.23542442913507552,9.852170224447097,833,0,0,0.152,0,0.0036
-0.4186506792261269,0.07553365284884578,9.765979504432607,0.6935559533797353,1.4804961846823506,-1.6584418135728116,-0.4340078297412246,0.08417182578591138,9.710844115005116,834,0,0,0.1537,0,0.0036
0.09730552061078954,0.5746360064654384,9.6199162302518,-1.9658462157803536,-0.16676144132300025,-0.004638821953379741,0.0483008794783143,0.569042260339906,9.543995628112892,835,0,0,0.1536,0,0.003
-0.2853473784123539,-0.3750292009006092,9.618119997087303,0.7704305068545273,1.0283285684330852,-0.2721541657518228,-0.335603053754551,-0.3726162107211519,9.63268638216968,836,0,0,0.1537,0,0.013
-0.2614801554216441,-0.3514853539806756,10.053647448489073,1.237587642530992,-5.142308346520106,-1.2902944449964737,-0.25716059595953866,-0.4381541293019067,10.07363042030496,837,0,0,0.1537,0,0.013
-0.3272186274469325,0.23820048894347612,9.905454440214687,-1.3420096508433743,0.94744767480959,-0.3427468411518714,-0.3313501856726293,0.202176882615422,9.884830084531481,838,0,0,0.1537,0,0.013
-0.2569819378590337,-0.09274301910722525,9.764044146716692,-0.5559309425878528,3.6239834767909023,1.7546787657437588,-0.23514770625409512,-0.06208066149201905,9.813963873742532,839,0,0,0.1537,0,0.0229
0.1584612579760748,0.13475532422862324,10.013332616711068,1.9206773936105999,-2.451069669253073,-2.670703010373605,0.06508485149386728,0.1457714463226691,9.908779581348645,840,0,0,0.1537,0,0.0279
-0.11585390595464158,-0.2287719829203378,9.994813845220122,3.4879211497861293,-0.789185040029471,1.325399904405664,-0.06575617317172011,-0.20137743787075052,9.876158626373638,841,0,0,0.1537,0,0.0179
0.35557201890025986,0.04188105080838689,9.69747073236301,-5.711485969124606,0.42443211892836064,2.3170607546562327,0.4093995629697444,0.04003103379728483,9.713059312035627,842,0,0,0.1537,0,0.0279
-0.48071754510163456,0.004228555870577428,9.842778990675004,-2.5528521803770565,-1.8391962270100375,1.1488782440743122,-0.4535791848514886,0.12426606781976691,9.859916248553843,843,0,0,0.1537,0,0.0379
0.092524151136006,-0.054751073048958925,9.78437371020444,-4.174082233096543,-1.0391267439929055,2.440205537200775,0.09667904738824212,0.0027328779793376404,9.79578091429673,844,0,0,0.1537,0,0.0379
-0.2837667921110535,0.31728691357400185,9.980870909378572,0.07006087742323011,0.2232964568497578,-3.0817136236099425,-0.3650118079105281,0.32799899684350714,10.01757000996419,845,0,0,0.1537,0,0.0379
-0.10201571390148154,0.0795923138562797,9.590227054145075,-6.954945598585899,-0.2743006670638187,-3.8649621597434036,-0.07905943205892531,0.08855927622823492,9.490364282255346,846,0,0,0.1537,0,0.0279
0.14461217046745847,0.019902313915417524,9.844107855577931,-2.9232154567366693,-1.476519092563759,1.051191803495182,0.10989930211079557,0.0378596055094923,9.865138634157706,847,0,0,0.1537,0,0.0329
0.7273987831821029,0.24139665282765388,9.625412764463235,-9.147561089291267,0.3072645208465596,-0.14463792345723228,0.6885662571841032,0.1645956388873174,9.673460433947698,848,0,0,0.1467,0,0.0216
0.13475857183218154,-0.09367672892768193,10.04206219893517,1.1122587628238825,0.10071503151063801,-0.058710416244486585,0.14310491773776216,-0.16362900303460637,9.981012544521588,849,0,0,0.1537,0,0.0461
0.45073580144600217,-0.16436197689968024,9.598804893185902,1.6717359251749797,4.667528409336383,2.6669795639287623,0.5059764360658785,-0.21408922445750977,9.635617821331664,850,0,0,0.1537,0,0.0361
0.09602403780058603,-0.21980475604945238,9.794065049634579,-3.0782654793238153,0.3473491950486454,2.008178248330892,0.1366205735056914,-0.1843776237263935,9.834997580915806,851,0,0,0.1537,0,0.0461
-0.3177880512930759,0.08620735723425052,9.620489655073879,0.9938681685545308,-2.671659966494346,0.9878467055009947,-0.25042895761740214,0.06348730252614199,9.694278501494432,852,0,0,0.1537,0,0.0361
-0.21803405369434395,0.10049773029689825,9.967914056737465,0.1701700596488534,2.684299793769725,1.0820163483067968,-0.2521652343596925,0.17780907975564653,9.950357102973165,853,0,0,0.1537,0,0.046
0.17998753794820202,-0.3129638254130733,9.33490284547173,-5.092742233250664,-0.28587345753773535,2.4164822308262566,0.1420642777216474,-0.30652784187165927,9.241511882605879,854,0,0,0.0944,0,0.0594
-0.435249104733132,0.49390616518583624,9.561804317250449,-4.236381987953633,-1.4399309323829041,-4.069833038401837,-0.3967639602930657,0.48160769527550285,9.461814048150515,855,0,0,0.1537,0,0.0448
-0.07156128948820481,0.17229664323327432,10.084612255281568,2.7133607424839132,-3.39156766729679,1.4194741744229242,-0.059130654021619274,0.15844688160564485,9.991411780140778,856,0,0,0.1537,0,0.0248
-0.037598016079698655,0.5278425752665217,9.67075414258188,1.927111844839057,-3.0364935500398413,0.6281017312051516,-0.035856061385764755,0.5339979388861991,9.593455127098867,857,0,0,0.1536,0,0.0201
0.31933672789464007,0.4278613021456968,9.860800854179692,-2.5102876066230504,-1.461900574810763,0.09653978125447049,0.3362459940118111,0.3620635972179792,9.926091710193017,858,0,0,0.1537,0,0.0201
-0.7406234088205658,0.5412580268695238,9.641524515728843,1.362468463919291,0.8286958780209985,2.0258252346685746,-0.7512910809122161,0.553685218248297,9.636045075960094,859,0,0,0.1631,0,0.029
0.32416803853396847,-0.12186231291587005,10.057089390067027,5.292965144694294,-2.6045046722574074,-0.16286268059182166,0.3666393468209522,-0.12774516151699541,9.998369111534934,860,0,0,0.1537,0,0.0716
0.3222642310801304,0.5431917044033112,9.897229064776692,1.3062417619294635,-0.5433970613532925,-2.45208647488532,0.35232081553532124,0.5853416079059194,9.941865590373641,861,0,0,0.1532,0,0.0205
0.04598402211328274,0.14405683420802484,9.87210468927298,-0.8402475606588349,-0.5594616979755754,-1.2473910035202835,-0.0864262353362591,0.08030289070555875,9.879130520484232,862,0,0,0.1537,0,0.0205
-0.0038630159158275124,0.38723351479684637,10.047099854533265,-3.067552139072741,1.1076122140704103,3.242332440471707,-0.015373655317808583,0.35628811769138996,10.065694736485261,863,0,0,0.1537,0,0.0305
-0.16729757505835444,-0.014844120620291374,9.679162596443396,1.0063476145996093,-1.6554160456475633,-3.8693702153997713,-0.11323316023823388,-0.05705505623649061,9.702538204933518,864,0,0,0.1537,0,0.0205
0.45979605450145794,-0.14895975083746663,9.890931679782426,-0.08217837909182568,-0.01800219247012514,-3.086131070594085,0.4494204370308512,-0.08230233055024888,9.858480260132923,865,0,0,0.1537,0,0.0305
0.17046327697303712,0.1274749821256555,9.805985621986533,-1.3518972866698262,-0.41643486485044723,-5.078425689229084,0.27022534084731387,0.14049671785860013,9.796419731832431,866,0,0,0.1537,0,0.0304
-0.12546769142492298,-0.09133196389277112,9.726192365614917,-0.8062818064696751,1.3903259458138029,3.4271142148841647,-0.18156652989742633,-0.083744847956398,9.75136427930593,867,0,0,0.1537,0,0.0304
0.0015658316351127664,0.13885182696519371,9.656065638187957,4.219252047822329,4.07673004043084,-0.19986369139849675,-0.08249126703899677,0.14888849564175397,9.597890393561212,868,0,0,0.1537,0,0.0205
0.021405648992456925,0.2704179226501948,9.667484136707214,0.46121865340598983,-0.2807072645414698,-2.9874501238893068,-0.00481206737211223,0.2797551857029434,9.641176664519932,869,0,0,0.1537,0,0.0205
0.2824386579315573,0.24542865660273527,9.639477363163266,2.419677689063506,3.662787374580693,-1.2871265792271056,0.34692851908954075,0.25255852884926133,9.661088908047658,870,0,0,0.1537,0,0.0259
0.012666419581886,-0.026446132461446357,10.090219705205259,4.748804794299964,1.247696819887811,-1.5681745823169324,0.010439084503076769,-0.02735824873533774,10.089596622688703,871,0,0,0.1537,0,0.0588
0.2393805288859166,0.3497755790723253,9.934506096788882,0.9353969688609287,-5.816950334122263,-4.439904102875064,0.26533249533772113,0.3919499564444958,9.884764952019957,872,0,0,0.1537,0,0.0488
0.1233843481692105,-0.1006013952881845,10.230831529975372,-3.3656790523604907,-5.875662938121379,3.0608702137005146,0.16429346486853547,-0.10108203643503759,10.23719138399996,873,0,0,0.1527,0,0.0005
-0.20491741801955382,-0.04926642941697002,9.668935362977907,-1.6053083132628343,-0.8310395788541893,2.402106623302116,-0.1793120566528724,-0.05359123729176115,9.714647159449376,874,0,0,0.1537,0,0.0305
-0.5525944310500285,0.5956465612045108,9.656675296965163,3.5834819742437514,6.664088613254286,-0.1933797583598869,-0.5409609011405734,0.7025332473423169,9.650995581149102,875,0,0,0.141,0,0.0003
-0.012479162707296198,0.11480719662619668,10.06347804200616,-1.2269851607089433,-3.1898721481252705,0.4737835043864427,0.014135619306482135,0.16976410613739237,10.092380311155663,876,0,0,0.1537,0,0.0003
0.373137574272072,0.47990692658465384,9.880900900345749,0.913961372912659,8.043085585293428,1.1685255364698341,0.4008853766153588,0.4950171740574733,9.90890380914151,877,0,0,0.1428,0,0.0003
0.07500414502642519,-0.4732532741141878,10.152013146075625,1.640411317983557,-1.353452908849812,-3.2484908409549282,0.04992656208484811,-0.5250366128588141,10.016699179861659,878,0,0,0.1537,0,0.0003
-0.08039824011545324,-0.02734718565065446,9.574823913495589,-6.021916744504805,1.283367783706059,-0.47404689925748655,-0.16438973625905107,-0.10754430094493095,9.552777123724605,879,0,0,0.1537,0,0.0003
0.38430149805808655,0.1786169909793158,9.792836786136121,-0.28481567979482436,2.258651277954181,2.661388304176592,0.3309111971507948,0.1760946863443709,9.795062648484626,880,0,0,0.1537,0,0.0003
0.2035298764424747,0.06529583048903652,9.392428504737252,-2.7568833025748827,-1.6587988650480874,1.7431480569385522,0.2818219204189819,0.09766325760097988,9.471002472352902,881,0,0,0.1516,0,0.0003
-0.48080566138439296,0.198993602944814,10.212123158840106,-1.9067501658793593,-1.8161986140136241,-0.5385719493014944,-0.5332555979637524,0.2826470778512405,10.174292947654,882,0,0,0.1537,0,0.0003
-0.06012707104856624,-0.25851301182187647,9.69198263134503,-0.5355234947895586,0.6928685398615188,1.7729450871324195,-0.08378321377000156,-0.25376393235690825,9.727781807397857,883,0,0,0.1537,0,0.0232
-0.27714117419509154,-0.34084900154852055,9.864171104459807,0.73283515826933,1.78894981176329,1.378679033575105,-0.26165748064418687,-0.3794490316515542,9.934894051510003,884,0,0,0.1537,0,0.0103
-0.08733675052331653,-0.2793459549450348,9.80389535711407,2.178330426985672,-2.568998860501619,1.5263647163014629,-0.08678634205609126,-0.2528952642809787,9.844605361803424,885,0,0,0.1537,0,0.0103
-0.33795678689486536,-0.2168154886155521,9.987943815491583,-0.7309462331691898,-5.950446902300545,0.07338856833930792,-0.27752838815934544,-0.19709857603410938,10.012970887017827,886,0,0,0.1537,0,0.0132
-0.3345839270595213,0.9461191910221395,9.857908200986735,-3.030163693400336,-5.004737968312803,1.6446813885103082,-0.343650547958449,1.0002109812637574,9.743313858389756,887,0,0,0.0736,0,0.0303
-0.3578073600700617,0.0281583899824514,9.904981779537184,-2.2604011130379074,0.5594855922221192,-0.19205323072073835,-0.3189830118630789,-0.10687894404463136,9.906817150247191,888,0,0,0.1537,0,0.0303
-0.2278612168474333,-0.21244384455925977,9.625822645050151,1.46198094913579,2.6937828891451536,-1.594076167393889,-0.14429547991709923,-0.2312542017949213,9.572677587670807,889,0,0,0.1537,0,0.0303
-0.4133949483075054,-0.27871229103595646,9.616682788156401,1.755058255721313,-1.7931768399109287,0.7280507100056186,-0.4177843194679004,-0.34159153667929215,9.485427829808998,890,0,0,0.1537,0,0.0303
-0.15392047001043238,-0.08767064341033298,9.57121347072642,0.21692963990818803,-5.082491006545576,-0.5219060522803858,-0.1552663759994658,-0.0967868359303676,9.556200028501195,891,0,0,0.1537,0,0.0303
0.4223689646895599,-0.3636009633343867,9.621741316525299,2.588558911915494,-1.3854312776059747,3.8900044413805706,0.49982461489713137,-0.34416510458148136,9.610043403019803,892,0,0,0.1537,0,0.0303
0.3787034391053341,-0.4514530881637558,9.571712132827717,4.622395202030494,-1.4116843691796228,-4.52141706198999,0.32291956844844927,-0.4178985417439978,9.539014157288726,893,0,0,0.1537,0,0.0403
-0.54090520268413,-0.2117640542143503,10.008231315480893,1.9035229631761428,-4.0852718268484285,0.3562746122367132,-0.4544767692571072,-0.2694250211169066,9.928638101604536,894,0,0,0.1537,0,0.0401
0.6616966772821845,0.12079229311810896,9.96946302648142,1.600595408245177,0.2806855781181044,-6.129289771000358,0.6471379567784138,0.10368240893027887,10.010768079667372,895,0,0,0.1554,0,0.0202
0.15258270150103792,-0.40192588540004354,9.859970626942294,-1.6044957993087352,-6.314919569376011,4.644265992799788,0.23056123968647313,-0.3637122310484494,9.894149121367587,896,0,0,0.1537,0,0.0105
0.054842108136024324,0.08831936195533274,9.761065366087701,5.310820108953503,1.095617797092927,1.034013633832783,0.0679804007325776,0.05605120249803204,9.78370864557435,897,0,0,0.1537,0,0.0109
0.08012975979122909,0.23003601294471526,9.771549780301791,0.8235517047961993,-2.0747404862193255,-2.954363143987729,0.07333913728922563,0.27239482776020274,9.68502653184271,898,0,0,0.1537,0,0.0018
-0.18873867107272307,0.287780595129901,9.88197198303999,-1.5209895345342699,-0.46276352609222476,1.1417718722195123,-0.16758251998489027,0.2929079821045937,9.943320063185778,899,0,0,0.1537,0,0.0016
-0.08744887361250252,0.3735016397144095,9.984808102093032,5.735711153634498,-2.7028600825106164,-2.634777878323784,-0.07256845630430761,0.43162387292992144,10.007464543690173,900,0,0,0.1537,0,0.001
-0.14506467548887003,-0.0629466491759084,9.63332385467973,5.374554940880246,0.8551271959698302,2.802058635774491,-0.0781148431652496,-0.15128113809934018,9.696798062547307,901,0,0,0.1537,0,0.001
-0.3462377521802871,-0.40738329285381525,9.813465598210582,-1.4589763816828853,-0.3176215359830371,-1.652166888350182,-0.34378382317889083,-0.35739704960399576,9.843129798727889,902,0,0,0.1537,0,0.001
-0.03827309602262448,0.16643586532361768,9.78492133702463,3.026241473715299,0.06275142724153632,-1.975808041211477,-0.012400270731756896,0.164483086751204,9.729753282912295,903,0,0,0.1537,0,0.0008
0.3223459612111661,-0.0875453711100984,10.103842353149016,-1.4939820443940168,-0.768303007614016,1.5950322679929134,0.30540556665905966,-0.08336007688198896,10.14435619395136,904,0,0,0.1537,0,0.0052
0.6322355300090445,-0.6044763539076135,9.865509829044555,-3.053148404269228,-3.152555531659961,4.401116371075936,0.60474384648446,-0.6138581714264022,9.855802899682425,905,0,0,0.1563,0,0.0008
-0.017952769715825836,0.1574433703223184,9.58209538600015,-5.527865349929803,6.053053207353621,-0.8159636909537238,-0.08820270532716304,0.09906155614071499,9.60274142702907,906,0,0,0.1537,0,0.0008
-0.33136489418473375,0.3539979773219974,9.768783217229094,5.887078056380809,-1.7256324417418711,-2.978196844193155,-0.3454323475824246,0.37233372775457635,9.822228690130979,907,0,0,0.1537,0,0.0007
-0.5024053609928711,-0.3207567264558117,9.841904706625893,-3.379423721614902,-4.1010363451533145,-3.6301161716418755,-0.43795730454204224,-0.2891204614729635,9.786629469067611,908,0,0,0.1537,0,0.0007
0.24039778557117603,-0.04623437924030533,10.233679376603583,-0.4530781365037605,-2.431754055982789,0.670197976860198,0.21617041129708164,-0.028464178300848447,10.20477745647297,909,0,0,0.1526,0,0.0107
-0.0895417019896012,0.1612455264382744,10.201740625572537,-4.434747187118331,0.9356952460059718,-0.05872773577247211,-0.11948720469510528,0.16010098161762878,10.26835491356166,910,0,0,0.1514,0,0.0107
0.3994451461399241,0.5183647595897093,9.727115563046208,0.39637485524255994,-0.6083059334158503,-4.014846020645351,0.3686126396314662,0.5378125771266645,9.707767161615072,911,0,0,0.1537,0,0.0108
0.04374380571691652,-0.2239518341035088,9.841492096067372,-4.067602976344141,0.23810233630624364,2.4183294774180264,0.01886176429918485,-0.22950036468982998,9.934076934564848,912,0,0,0.1537,0,0.0107
-0.4863303756428029,-0.1671616337594932,9.871814181154564,-0.24121757513347436,-1.5811140676180084,2.1807144027320238,-0.4803504873807303,-0.2512321052104575,9.819903201068822,913,0,0,0.1537,0,0.0007
-0.025321965588039008,-0.06252442950617666,9.585513875844086,1.8480642403221295,-5.808162584474527,3.337245237296978,-0.12494083283145593,-0.03715351489076172,9.63443511212704,914,0,0,0.1537,0,0.0107
0.08646222932707466,-0.7369283349007354,9.663502979334707,3.5715470088576673,3.535864603176067,-3.5813301817248306,-0.05329371379951857,-0.7374640356674468,9.73333129699468,915,0,0,0.1516,0,0.0007
0.1843317449756169,-0.05132139619681745,9.919758471963666,-3.497578684163801,2.9242666182183723,1.8943163290148648,0.3059319292888461,-0.06542439410779942,9.964366966749607,916,0,0,0.1537,0,0.0007
0.06962330795289669,-0.6703958681414356,9.748799638717472,-1.183401382696956,1.1217256063031686,1.0797222125344983,0.1346253400542426,-0.6119991305105499,9.752333288470918,917,0,0,0.1503,0,0.0007
-0.1927974100195846,-0.029721757063016323,9.70238084993034,5.7667614069152,0.5129337463606771,-2.904986732113891,-0.13749410976629345,-0.04592960785383231,9.736736791959418,918,0,0,0.1537,0,0.0007
0.13317446983982614,0.07867866533472576,9.715021120947675,-0.9973519754354827,1.533741000041454,0.47973668645858714,0.16541854431561331,0.10990926726296912,9.720136011839616,919,0,0,0.1537,0,0.0007
0.028701434489945877,-0.020216782821144117,10.000509209710119,-0.9009774459714295,0.9305601066803894,-2.26650158844039,0.09203421145527786,0.048517231505005115,9.988392507139459,920,0,0,0.1537,0,0.0007
0.38548350803619286,-0.1755502463901958,10.065021647339682,1.5019960829101386,1.079438868124818,-0.21362220580842972,0.37120989382580544,-0.0912114366851551,10.048133536343082,921,0,0,0.1537,0,0.0007
-0.08774581061198317,-0.6121949651465936,9.942703239067903,-6.755367918184387,-2.2402683276642295,5.920660813295213,-0.07310259965724089,-0.5300195225004776,9.992461108980292,922,0,0,0.1537,0,0.0007
0.037510282251782566,-0.31054092666526556,9.899361898208106,1.9790343412915994,-1.6203236489431294,-0.6780851033458479,0.07869993977158408,-0.2686312973298268,9.873176024787973,923,0,0,0.1537,0,0.0007
0.0741458536947066,-0.2406092073801741,9.953540678383147,4.248477011688451,5.380632641894662,3.8573027790294274,0.061927411260202264,-0.334564984300218,9.936752076841307,924,0,0,0.1537,0,0.0008
0.2778019401038478,-0.39279677146016384,9.646495429086228,-1.5991140761710088,1.502008567541016,6.84748102474318,0.2682120180716236,-0.5183171831985856,9.662819129254514,925,0,0,0.1531,0,0.0004
-0.0911007948128629,0.6338973879524042,10.145886430126843,-4.583320116544732,1.9544979376111566,4.0777936306300635,-0.13767086563972442,0.660083177367827,10.202237797272181,926,0,0,0.1511,0,0.0005
0.4552363865193259,-0.10382637259165996,9.851665816135744,-3.5564256353311112,2.4516397976721107,-2.329458016125506,0.446356888777564,-0.09463042636673479,9.797578239454444,927,0,0,0.1537,0,0.0004
-0.2031177111801934,0.021201951427919943,9.873161418562292,0.4047386394660166,1.8266349964103221,-1.6876546254392626,-0.17760003666453847,0.053369108284625474,9.890840557088698,928,0,0,0.1537,0,0.0004
-0.3042307371691322,0.32178802054599437,9.840663693837577,0.5798085896572811,-3.9863986635595996,-0.7854291935031306,-0.2551631759409915,0.3045027526801545,9.837984245288142,929,0,0,0.1537,0,0.0004
0.17365836005086568,0.08494025488069874,9.513386255522036,-2.6783015514346604,-1.6647312243296386,-5.606049554006756,0.14921832166327806,0.120890172328938,9.536273917312514,930,0,0,0.1537,0,0.0004
0.12718414826849314,-0.08298872104424598,9.62204305246526,1.5113674993403494,1.3499585605711932,-2.153347726981755,0.0702777764951785,-0.11054769495092126,9.58813924901117,931,0,0,0.1537,0,0.0002
-0.20035903053746137,-0.05765640682643162,9.839719647764346,4.748135800397877,-0.4195251895427168,-0.6728629873482124,-0.20168913104634695,0.004109832560304373,9.813359470502245,932,0,0,0.1537,0,0.0002
-0.033351130755179495,-0.015897995539032185,9.39184462256853,-1.4484630607978757,-1.6467596521915953,2.955836824514235,-0.10411193980655478,-0.06568854594675572,9.375886118303173,933,0,0,0.1502,0,0.0005
-0.15427227949596212,-0.13423729731585496,10.044054933694119,8.405008629292407,-1.5689983266258545,1.2195601397367133,-0.1675315687478053,-0.12435770538770137,10.069803120670944,934,0,0,0.1241,0,0.0004
-0.34858386277273884,-0.22191910241933568,9.708469462479638,-1.5183495729974847,2.4164380691199803,-3.531650184204897,-0.3723982268932995,-0.25740263722657986,9.722892630215174,935,0,0,0.1537,0,0.0004
-0.012540003731597044,0.17117665622190284,9.501248711430778,5.457187516653873,5.310242707504786,-6.27409800565595,-0.02200641806227611,0.15461981167589,9.503617230396028,936,0,0,0.1537,0,0.0004
0.06248510849209767,-0.5550323571088871,9.693846622631977,-2.676398537543,4.551044091654325,-3.3630785899365847,0.08753486032176867,-0.5686356610246738,9.74145101417351,937,0,0,0.1536,0,0.0023
-0.3667846062961527,-0.7105925225930874,9.408782596195442,-4.2622924352296145,0.7183998634925185,3.397009959816713,-0.27660957034464406,-0.6645450685284422,9.38066571726417,938,0,0,0.1435,0,0.0059
0.003062632826943651,-0.012648861735708485,9.657749518959742,2.2804749288975006,2.3558004771132044,6.406826868291973,-0.006547852692254811,-0.07049785722960425,9.672800210064333,939,0,0,0.1531,0,0.0005
-0.04032468269550313,-0.3373600056008314,9.98926655524468,0.0070889812366620114,-1.2698563707956811,2.0801937058086835,-0.06635198414514085,-0.29352588066171026,9.934331692746152,940,0,0,0.1537,0,0.0023
-0.23191751527028487,-0.5566921384905771,9.37975880411023,2.0202114872231345,-1.1346491631895952,-1.6033875971975373,-0.2735476326423133,-0.5778951791290666,9.301702991091537,941,0,0,0.1433,0,0.0002
-0.02028428424484146,0.17670984221734168,9.727028728046404,4.189559751609181,-3.4756409991867385,-2.9614190792741053,-0.03419764706220098,0.17762044303052832,9.726181496572975,942,0,0,0.1537,0,0.0011
-0.06135268964422063,0.11254273489395261,10.084140460362596,-1.8638053882408434,2.5639551751934366,5.492992832326396,-0.04173520629818035,0.1281886573384628,10.046597637175998,943,0,0,0.1537,0,0.0007
-0.33163396899766784,-0.2830085975859936,9.633190675477362,-3.9615585413179533,1.1293842247867434,1.4468459053494973,-0.41116694684769284,-0.30710764000096236,9.710193180450212,944,0,0,0.1537,0,0.0007
0.1220344105750255,-0.014286827137377977,9.711210406205932,0.5209631756198536,0.17060354805265557,3.6151234002610884,0.21940655120210276,5.658132866346796e-06,9.740541050695892,945,0,0,0.1537,0,0.0107
0.3039392988604383,-0.07691130716794872,9.588393138482036,2.7809231431473536,3.8165601416305304,3.1984934323558694,0.3094431787129702,-0.07036153070614468,9.539193237156226,946,0,0,0.1537,0,0.0005
-0.09405940700676814,-0.26621650892299925,9.325347471555045,1.1034007351450947,-3.2564024877760787,-2.225033622455401,-0.010181516031883525,-0.20306260900914852,9.346077476058781,947,0,0,0.1505,0,0.0005
0.04932192361613657,0.1875656703154492,9.978979230587798,-0.3407403971572177,0.12964936329118495,1.4215436457961532,0.1522911019302405,0.13192128590740898,10.029697484486496,948,0,0,0.1537,0,0.0005
-0.16079807818521585,-0.07026224318201395,9.926936344085963,0.12789443900363473,-1.1515934693769259,-0.19634166175614443,-0.13092134865979094,0.06236012842948306,9.916111175759902,949,0,0,0.1537,0,0.0005
-0.33781826825285227,-0.3199534023822653,10.000642613322233,0.33258527852503517,0.9839689544174837,3.136427927331559,-0.3843577390517667,-0.2651911663241859,10.066921975865204,950,0,0,0.1537,0,0.0005
-0.23881753372855133,-0.29570223398716133,10.069480293875722,-0.3340638186253466,-1.3769086724664523,-5.300483742543232,-0.15609439235295264,-0.2902423072434434,10.097456811375087,951,0,0,0.1537,0,0.0007
-0.16196698529171985,0.23283375390831293,9.735375136854573,2.823774820477172,4.199000134627262,-1.9678018984875676,-0.12410950809440141,0.29464045633796243,9.616439722949863,952,0,0,0.1537,0,0.0005
0.26550485582801575,0.32122523969911293,9.719376653825073,-1.8749358702653538,-0.6053948743357919,6.635008753091467,0.23513707359793423,0.3302897327999897,9.748891225547156,953,0,0,0.1531,0,0.0005
0.2183703409330394,0.4744513560491659,9.608239779337927,3.5884673001328324,1.4388539796480375,-4.109113408294039,0.20318273906061923,0.38075175799373234,9.615441828438263,954,0,0,0.1537,0,0.0005
0.14548574150850294,-0.27318618886859203,9.814020196190699,-2.736770623871492,-1.631291563113327,2.3607542491248212,0.16560846217290925,-0.28090795641614624,9.855632029985014,955,0,0,0.1537,0,0.0005
-0.30423484410967755,0.2632101283789252,10.163295031784452,-0.8899062207849799,-2.186202527431848,-2.4182539688368587,-0.4166307827772919,0.2456158234404379,10.146378164115903,956,0,0,0.1537,0,0.0005
-0.3055640814269726,0.0724563768192145,9.803560517685328,-0.82980950380528,2.2599058317528056,2.559455606695507,-0.3318562361308534,0.12028573720302514,9.883704993397496,957,0,0,0.1537,0,0.0005
0.22995380796596016,-0.10286358489492148,9.90079700132871,-1.4359106765257548,-0.8510482825216641,-1.5737362570172766,0.25588423418408013,-0.0522744923347624,9.894595242760472,958,0,0,0.1537,0,0.0005
-0.09271223660556319,-0.5059812880105703,9.827833841243958,2.8614627423205663,1.7253284961152193,2.051346024961862,-0.1397635576121009,-0.5205891957290643,9.81097561564476,959,0,0,0.1537,0,0.0005
-0.05155798501974883,0.6815505553838264,9.952057635111771,0.6263305894286139,-0.10780623976355241,-3.429071569311666,-0.07021365558952715,0.6042952048254211,9.943268120163605,960,0,0,0.1532,0,0.0005
-0.2285266027742199,-0.19421925976898405,9.613569235801531,1.1110971503222353,1.0944666646849697,-3.4644271810039937,-0.22680939894103946,-0.21603956679120434,9.691235049625947,961,0,0,0.1537,0,0.0005
0.09759258570283612,0.2763511224240077,9.639263301004183,-5.788014991899454,-1.9113894792038382,2.7685897254326925,0.04102154207815611,0.1999957876183315,9.695075852907987,962,0,0,0.1537,0,0.0005
-0.3406854930527719,0.5596949471028295,9.822193859107587,-3.015301716077148,3.0806282019255287,6.669261931006303,-0.36239632546897566,0.5601290511849264,9.786508084681454,963,0,0,0.153,0,0.0105
0.1849940895007583,-0.38901062965020855,9.674037493919366,2.23289530317034,0.7788553590684112,-4.646383799478224,0.13801732254550844,-0.4035253364023765,9.664304797170209,964,0,0,0.1537,0,0.0205
-0.05655820609773578,0.32177586507224026,10.099618230633853,5.68903495183777,3.4269006632785204,-9.519538166320705,-0.10766426564299642,0.41491141824299393,10.057695155102577,965,0,0,0.1502,0,0.0105
-0.30493958342449035,0.0027345117138244967,9.592146826648992,0.26762351582713106,-4.300393479019719,-1.1173597800899975,-0.3321516587854584,-0.07364741312632189,9.635585374917296,966,0,0,0.1537,0,0.0105
0.29875370884661734,-0.22505073618245552,9.511581367805295,7.272242580130612,0.7452731576139082,7.037994783648525,0.2675333291958877,-0.25991545858090576,9.527007807539528,967,0,0,0.1519,0,0.0105
-0.04213738642031742,0.1406098901282647,9.991712906608653,-1.6272025741304954,3.1672373779736054,3.55347801283137,-0.1215997040312094,0.15302284211033845,9.963128731858752,968,0,0,0.1537,0,0.0005
0.14757069868805914,0.013293565366183976,9.799440332987619,-2.1819540466321166,3.5226155187840376,-0.7907788737854045,0.1569482131822935,-0.01517092843883332,9.840914700311984,969,0,0,0.1537,0,0.0005
-0.36266438445374344,-0.09622146767025662,9.997227260596535,2.9052985241430562,0.5724781715941951,-0.6202225359748148,-0.3215419780114972,-0.11709013829703696,9.89165640102559,970,0,0,0.1537,0,0.0005
-0.48287022185632145,0.014227287591504014,10.184876996378101,2.8463525536092433,-0.017871398995788157,3.1436027651620604,-0.4691426060451411,0.010928188338827466,10.141939935488608,971,0,0,0.1537,0,0.0005
-0.33834440763518,-0.19206974120889111,9.954189470234565,4.473985993023884,1.4959347812235233,-3.626806297543907,-0.33970455884152306,-0.1364036755026532,9.956535978844995,972,0,0,0.1537,0,0.0106
0.17320001207932445,0.15874340023361985,9.749466974995418,2.9370845022338217,4.573806318695339,1.7318282034715227,0.21190846932053264,0.16737749887973621,9.789926410265457,973,0,0,0.1537,0,0.0106
0.12311508980152276,-0.13082122343108674,9.761613435596963,2.0945672011713095,-4.547674619308369,-6.944278250731773,0.18750489307300836,-0.15465109109560116,9.81301220979383,974,0,0,0.1532,0,0.0106
-0.08479220924225334,0.15207203321423227,9.83979936996652,-1.8008017132588996,1.5595684289811378,-1.6377311720465006,-0.02932700312323147,0.13222318058079865,9.784989030867413,975,0,0,0.1537,0,0.0108
0.1850037530434739,-0.10221292661213646,9.50173753773806,0.9981520955527433,3.515830409104467,-2.7119942553287926,0.2412475130327132,-0.05566921660062627,9.45657041889232,976,0,0,0.1537,0,0.0228
-0.12790903346984805,0.24053441197284803,9.918214636634843,-0.10085141876769109,-1.4050875012261308,-1.9545515998305714,-0.10625523898746027,0.2722355828032401,9.896444984684821,977,0,0,0.1537,0,0.0728
0.206840521336005,-0.23152251754716544,9.824639634196986,-1.21022494799931,-0.02788720835698539,1.2559346179100743,0.2465521712968306,-0.24340055371473812,9.77441561763167,978,0,0,0.1537,0,0.0426
0.2724868463020837,0.2944797444555636,9.882515874031156,4.871371657806167,2.180790186841591,3.2714055227877923,0.279488948985737,0.315759465908713,9.939203136432996,979,0,0,0.1537,0,0.0573
-0.0059487092656409,0.38859493964284164,10.03936032235809,2.733691792441601,1.975951191292372,5.718884953182125,-0.055314325159414625,0.48049616919923877,10.14109852631456,980,0,0,0.1537,0,0.0573
-0.16617889575369169,-0.1035857082087843,9.653943764801124,-1.4844057570055944,-0.8982956854244538,-0.414655860545993,-0.18154905412569972,-0.14866160885231722,9.592921943654197,981,0,0,0.1537,0,0.0573
0.16885567183124975,0.12394169236636866,10.063838897769696,3.3949796224466695,1.1078118047283223,-0.6210646616310749,0.17900629637695842,0.13228196739432585,10.016996985970527,982,0,0,0.1537,0,0.0573
0.2695137417329468,-0.37794033291135815,9.977544485354288,5.294613021128582,-3.2857208678830103,3.058967571791326,0.2855968414266131,-0.40017572099011933,9.995615435226952,983,0,0,0.1537,0,0.0428
0.3342308518804363,0.17732839642788142,9.510422727838572,2.541699179760504,5.592379559128942,-3.031383096533626,0.3318217001489223,0.21709391808545156,9.505131944946271,984,0,0,0.1537,0,0.0528
-0.042564811388271735,-0.18619132209784617,9.614086311719298,0.1448208941232899,-0.482448275192327,-1.5002944514999519,0.00541583952087988,-0.2702406017565307,9.467735371583116,985,0,0,0.1537,0,0.0651
0.17226544813696099,0.12218732439794411,9.85612222294809,2.8856863821232372,2.652333308434574,-1.1666417267608218,0.20397581177639196,0.17146925933189985,9.793544693086924,986,0,0,0.1537,0,0.0754
0.6435214318271643,-0.029328925360714277,9.930694741685063,0.0922364585416475,-0.724907731477894,-4.22151115567336,0.6088804023306582,0.028740230137814952,9.860629350430745,987,0,0,0.1553,0,0.0374
0.010009443937962914,-0.1543821277370244,10.031562072622295,-4.483847023277836,0.885400969321751,-0.3931502478299902,-0.006040252247065838,-0.27542381402126864,10.004548003298156,988,0,0,0.1537,0,0.027
0.4732886408786307,-0.46563197142564916,9.816269332774748,-0.40128721474959694,-1.425037200717441,1.4376416605701154,0.43612933758587424,-0.46529218014835694,9.838951408872028,989,0,0,0.1537,0,0.0334
-0.18752969062524272,0.10661448148249549,9.864350051220011,-2.623738314784447,-2.8024745072624118,-0.03691456026026679,-0.1377271597168059,0.13152713411123518,9.786367073030005,990,0,0,0.1537,0,0.0374
0.1907927210369008,1.1158523101074826,9.565348753191413,-2.953228046143348,-0.39412351523890055,-1.7752702810234355,0.22499588182484134,1.2008527585057327,9.551104762235648,991,0,1,0.0547,0,0.0511
-0.32361380696163095,-0.16159054077163035,9.906055159881513,-3.618398125345603,1.241419915767718,-1.3473516094532265,-0.31064245132476714,-0.1450547634776783,9.935360057341121,992,0,0,0.1537,0,0.0582
0.3429232810155572,0.09426244243914671,10.137966408544557,-3.0286803173067436,2.3467150903703664,0.9843690832631662,0.2671309169817167,0.11261562104876334,10.126898941230413,993,0,0,0.1537,0,0.0729
0.2652530632354737,0.07103331986633732,9.723420265331644,1.084695237619011,-1.8651810747869062,4.440612302327798,0.22313550441019714,0.04310385451386758,9.76896474511624,994,0,0,0.1537,0,0.0341
0.6012760654418295,0.060169851003532525,9.669951120334513,-2.5616035606695546,-2.6173200565015984,-4.039097087876992,0.571751518573368,0.03314324424151902,9.66315390487327,995,0,0,0.1521,0,0.0437
-0.36379849067279596,0.09596627573790305,9.959639848162539,-0.5232395922675874,-2.619404727852199,-2.4956957129096287,-0.462982233488067,0.0744982378540344,10.002066312009667,996,0,0,0.1537,0,0.0409
0.40562764850793104,0.15842351468875818,9.794081278618123,6.770368748314384,-0.1504512133731183,-1.8966358538722279,0.4357231730982029,0.17629160638890357,9.795468722442628,997,0,0,0.1524,0,0.0728
-0.17517576263274962,0.5258098841539023,9.76430134970815,0.8144338783617291,3.1404704031480692,-1.2392532110931207,-0.166110371803437,0.43327948417406625,9.720986176538334,998,0,0,0.1536,0,0.0942
0.4030472711324747,0.06809319564870107,9.505837498421434,1.1045923164728924,-0.15511624408143235,1.1796127353878192,0.4972083623398438,0.12760821253680704,9.441940324507716,999,0,0,0.1534,0,0.0693
0.5462985289936636,-0.1396093292004704,9.598193790414209,5.352886064470648,2.4858456146204575,-1.4960614304822584,0.6351305388547083,-0.14604729904888342,9.577465238207697,1000,0,0,0.1518,0,0.0598
-0.05276902648558716,0.09420290763000143,9.864987747406106,-4.935504437151,2.1702897100742957,-4.470022036958284,-0.016720350457843466,0.0952905087414255,9.893820630034146,1001,0,0,0.1537,0,0.0597
0.4364629413384988,0.17887227541861617,9.809955831948093,0.2734770931136672,-0.9086754681588511,1.8404863987372382,0.38276264080315725,0.17162163930091257,9.747794933361767,1002,0,0,0.1537,0,0.0473
0.018759042579867408,0.02713582032473506,9.813425232134708,-0.22822529265270464,5.537725770425613,1.3265320505876852,-0.08981944280784604,-0.04068053985963502,9.891974292140935,1003,0,0,0.1537,0,0.0733
0.0763096915915263,0.1002763823439312,9.667054376402774,5.604668758008447,4.2460670394524715,2.9230256942950996,-0.007493122720103079,0.0430744122135778,9.710391812293157,1004,0,0,0.1537,0,0.0473
0.03188621138400768,-0.0702568757537104,10.02136378594965,-1.0653830356019678,-2.556683616790732,3.714314613353052,0.0705976524799087,-0.1057499176906665,9.99951639666788,1005,0,0,0.1537,0,0.0515
0.3547255276819922,-0.06380983887136553,9.838504516060743,-1.8681623920271508,8.096709105976563,4.301525147761108,0.4035117144377006,-0.08059793660389343,9.791857639935037,1006,0,0,0.1439,0,0.0577
-0.1465173939888017,-0.1953050601844943,9.629152233759601,5.265963622724984,7.506101237387491,0.525669755298322,-0.18503879996604453,-0.27040814031233973,9.563021009986777,1007,0,0,0.1451,0,0.0429
-0.44047289228918535,0.5503557007942627,9.936633210034989,-0.6899603007394322,7.617603407504291,-3.4031418431330325,-0.5013524891590988,0.4606728200634809,9.887103707900518,1008,0,0,0.1486,0,0.0723
0.1186501723818769,0.05298396855854506,9.51780095509029,-1.1941279562428062,-1.852134635024051,-4.8676134539845215,0.09108384668457911,-0.03578110362398985,9.521982619035528,1009,0,0,0.1537,0,0.0562
0.09162276628801064,-0.18825222879338913,9.769257322393006,0.6429758063264416,2.305178822956784,3.0014529256556948,0.08193253363508513,-0.17920972997509538,9.767119511880251,1010,0,0,0.1537,0,0.0422
0.28327030461215646,0.18370947033583265,9.818734357908955,-0.27528313183048264,-3.3643488669536894,1.6977009386516706,0.25820352133499014,0.16426468379338355,9.720991641768515,1011,0,0,0.1537,0,0.0535
-0.08597992302860362,-0.1730163115937385,10.112978547464621,-6.053363258986787,2.9539638996905673,-4.099268076335279,-0.11739229685315677,-0.14030719174289938,10.110772438434696,1012,0,0,0.1537,0,0.0613
0.19428709504312666,-0.4262547308361539,10.013132955581803,1.388945728210181,-1.8537693194013507,-0.4776816040904872,0.10954254238122595,-0.4839429319129418,10.080007509528308,1013,0,0,0.1537,0,0.033
-0.3724310250934769,-0.019080800855487273,9.82832875815835,0.3807108236584204,-3.0297786923180636,-2.656161368820169,-0.33842587892746756,-0.012678740232441966,9.866227107265608,1014,0,0,0.1537,0,0.0324
0.03382427689927573,0.6415489772242131,9.738186475051453,-3.6660755103087492,3.9934845381239725,0.6239683727619425,0.07470039116488991,0.5513408503418332,9.65904407748494,1015,0,0,0.1536,0,0.0413
-0.03403427771621228,-0.00945741186179914,9.457398188553563,-3.164996377106087,1.298486926460499,-1.5205702556891758,0.0038868965321361207,-0.043789970208846084,9.453261170367497,1016,0,0,0.1534,0,0.0333
0.17999155640407405,-0.7510395580009185,9.59240016277981,2.388848385580024,-1.6529004786161479,-3.1992402198288623,0.25954948141097034,-0.7946825117588202,9.534352914527227,1017,0,0,0.1507,0,0.0529
-0.43389900265464953,0.2219425627385151,9.829232671249299,-1.5060586555105901,-0.48613575869119985,-0.3788938574342091,-0.39642595830922744,0.18721805854057544,9.84999379911578,1018,0,0,0.1537,0,0.0535
-0.3130443318658298,0.4537204077113076,9.83473315516165,-3.924408354066837,5.773709029817163,-2.6661243217459933,-0.28651641851561216,0.45353199623686014,9.79180025584014,1019,0,0,0.1537,0,0.0435
-0.3708619888318888,0.2956583228488973,9.66528038619414,0.843999561690949,0.533831310872752,4.465834005352495,-0.312522290894622,0.23255957176091785,9.749174785411121,1020,0,0,0.1537,0,0.0635
0.000650542783470265,0.3783989380690363,9.93549509885684,-1.7034493507859094,-3.4111643879032574,-1.3014766781279001,0.044659356073730366,0.4083491406837996,9.913393404289545,1021,0,0,0.1537,0,0.0109
0.42220108373601767,0.33999676150686986,10.235549810883349,-2.0953589324894972,5.140581564708148,0.532009145805675,0.5336782834045399,0.25038241215411594,10.227667399968777,1022,0,0,0.1517,0,0.0627
0.24779905521214782,0.30017572154560584,10.059257268276088,-2.132123038374986,0.6565115385541858,3.818117667957579,0.2228004035701384,0.29597515059243257,10.041503393017303,1023,0,0,0.1537,0,0.0537
0.09144967245217099,-0.12032923055061362,9.673864739323985,-0.7773197067674877,-4.234014701541455,1.741276888371217,0.06914739314036075,-0.04621460996369793,9.628406252219529,1024,0,0,0.1537,0,0.0531
0.331052058060707,0.12035042830909996,9.703968180985802,-1.6951843433498044,-0.16662755350435937,-0.28063575732352575,0.2847692292710965,0.04257562804306701,9.626774555117002,1025,0,0,0.1537,0,0.0525
-0.16869084773277387,0.3049780518991089,9.695059124023691,0.8966355238495647,1.2446484657495762,3.0649269563062624,-0.10471553309475826,0.2799109460768016,9.727108890056565,1026,0,0,0.1537,0,0.0435
0.253862391817172,0.16279891370824284,9.921729939958288,-3.7118052663539833,4.418299858681345,0.011650614512457337,0.27754677159970736,0.1476884155342182,9.942798617542305,1027,0,0,0.1537,0,0.0328
-0.44023797436128204,-0.11254731581749318,10.121763970573497,-1.6690617243691608,0.19762919512774108,-3.911020264624508,-0.47053207759725,-0.05092938164866012,10.139509798737086,1028,0,0,0.1537,0,0.0316
0.08540595587697318,0.4497429094226626,10.085692451668656,-1.7542645788035882,-1.5105553343209381,0.5713755662081308,0.1013388326515085,0.565557012561887,10.092321939048546,1029,0,0,0.1537,0,0.0318
-0.5463701372490449,-0.22822902481552454,10.027437395492708,2.2795447065758516,-2.0309801930855005,2.2021111484642324,-0.5161078813623196,-0.2012691665632238,10.013957985070626,1030,0,0,0.1537,0,0.0213
0.5878171247428073,-0.2360989461466581,9.625928786614757,1.5744997556134712,3.5711357245188435,6.3810575730199135,0.5423703613382699,-0.19458776592116764,9.636534411562574,1031,0,0,0.1515,0,0.0332
-0.1447063437117612,-0.3545039157076893,9.631972556988464,-0.1478927839458463,1.1112550830913877,-1.839728885572594,-0.1490474394073918,-0.366165067934042,9.5930982677369,1032,0,0,0.1537,0,0.0127
-0.27903215587525254,0.5399154099645711,10.07738895461437,-0.10738518356118967,3.3252465874860766,-4.836250506010826,-0.260880506331092,0.5028756928211702,10.089141904688768,1033,0,0,0.1536,0,0.0027
0.3108734425536373,-0.06947323392307296,9.490159326099553,3.8197844395912495,-2.474095999909916,7.369543265442437,0.32664010551940126,-0.11796403819527641,9.545462785093726,1034,0,0,0.1522,0,0.012
0.5570639339060851,0.31980249448099485,10.011980648027322,-1.1755503146290993,-0.4807739784585521,-6.131617442775241,0.5895914806017061,0.3484243654242063,10.024808726763712,1035,0,0,0.1536,0,0.0124
0.2509342188279367,0.25423864714235644,10.010947785940424,2.6968091795697693,-0.49544685169598773,-0.08774026651232374,0.25347420909933666,0.16360323393076187,9.977586834063205,1036,0,0,0.1537,0,0.0171
-0.020050090352503457,-0.555776122171702,10.049184798966076,6.61290281777229,0.48887975538192163,-1.9432550348247852,-0.04087592119904731,-0.47411094896663264,10.080073671848037,1037,0,0,0.1529,0,0.0123
-0.2986093761152209,-0.2271674067900702,9.858625607286701,-0.3370050408285499,-2.6156273198497493,1.4549174199452022,-0.32135760319638673,-0.19973033337535573,9.934975623036522,1038,0,0,0.1537,0,0.0167
0.20837595217964205,0.22198888976191064,9.582158409597254,0.8452970293945168,-1.7341372044791883,-3.2264652825910627,0.13414744159193165,0.17322935703363135,9.62529468202088,1039,0,0,0.1537,0,0.0162
0.002867280822872517,-0.12028934699649632,9.7910256130198,-1.5849443626906985,-1.9654845328654262,-0.10123903691508185,0.059327120809140856,-0.08317450654658497,9.806636160520373,1040,0,0,0.1537,0,0.0162
-0.27094769940965324,-0.02863344332940481,10.081192764054348,3.747436414582014,-2.719234115745914,1.2158433435277534,-0.24244861597111164,-0.057317631724946375,9.980872787891604,1041,0,0,0.1537,0,0.0148
-0.22788132378771478,0.26310712482115106,9.907237074480058,-4.070059303607284,0.9981590103408757,-1.6368244278851516,-0.25062402202671763,0.2072124643118596,9.80490690473715,1042,0,0,0.1537,0,0.0248
0.6347412332717667,-0.04236190928631667,9.693071470915585,-3.105828103596493,3.101997193170721,-0.1360693418984799,0.6728781294830697,-0.08914493862084938,9.681001862645866,1043,0,0,0.1538,0,0.0248
-0.4568645272398667,-0.28743503762822226,9.771461687401207,6.050565189274591,-0.37258867809927576,5.770746160447134,-0.46329202736099256,-0.25820932110383976,9.699977926723603,1044,0,0,0.1537,0,0.0116
-0.06375627166896658,-0.12291787900887595,9.814754107633977,3.307909770841732,-0.8070627298027397,-0.5180540095892147,-0.08671782752216695,-0.07112436586890242,9.725601947567522,1045,0,0,0.1537,0,0.023
-0.40525843342798273,0.051394062461749275,10.097959755462968,-2.529043482381812,2.0216594825491323,-2.4513962716242874,-0.42959594641615445,0.012063710347750965,10.14294293618073,1046,0,0,0.1537,0,0.0216
-0.2176611976400921,-0.475114201545529,9.814568769401827,-1.2602828533099164,0.15845644292812822,2.809445727249944,-0.231920679267275,-0.40773264753734206,9.849264608540366,1047,0,0,0.1537,0,0.0116
-0.3561754069361029,0.34603274244411686,9.641381332397316,-0.13681853908961503,-3.6579358167474707,2.9158067387626936,-0.35945843291393903,0.3247793221821527,9.747717862039929,1048,0,0,0.1537,0,0.0102
0.17566004480733072,0.4174487021256364,9.442168234528939,4.587002495323759,-3.7124474141135755,0.7867891584967572,0.015203787711174477,0.37283860835141275,9.434172880659244,1049,0,0,0.153,0,0.003
0.1444133553451273,0.558162950783939,9.969215417444383,-1.097857884911906,5.099389133190483,-3.733611038014778,0.1247662719979234,0.5223922239096072,10.009422320133869,1050,0,0,0.1536,0,0.0246
0.7317864154239535,0.254133938044124,9.942711623448355,-0.8573386197136517,1.4059549850928668,-2.707862855065679,0.7064234556687568,0.1868919446912174,9.910351014380502,1051,0,0,0.1556,0,0.0061
0.2932926829866273,0.05658417049551386,9.636928981561933,2.6871681623446477,3.433460304851275,0.7996705602373477,0.25445076189087623,0.07446797164765595,9.678968631053337,1052,0,0,0.1537,0,0.0261
-0.24844705150719423,0.013031918397982773,9.652169459399255,-0.7715104106682946,3.429398282139455,-3.1525851349626546,-0.2266952638510195,-0.002765423046059574,9.658415829339068,1053,0,0,0.1537,0,0.0305
-0.38776570569505453,-0.0989123954097933,9.790641892900863,2.030790794696231,2.218465128360528,-1.9338251262800012,-0.2938844971950861,-0.1092512632168877,9.795423273801607,1054,0,0,0.1537,0,0.0146
-0.24197264492283932,-0.12447700588228916,9.954050237484179,-0.4739522965781016,-2.8584963272712693,0.8376460676894639,-0.2663326434712909,-0.09255678564120948,9.990996507302079,1055,0,0,0.1537,0,0.0146
0.05298124549050093,-0.21626516059988868,9.960478756636881,-4.3593044384074515,3.1441584807968366,-2.0464302580382565,0.0546569465574398,-0.2213608242124865,9.995074290504675,1056,0,0,0.1537,0,0.006
0.18404476891104019,-0.00225062893059896,9.89905695202983,5.222886772603975,-2.070157968344237,-6.320625640558257,0.15096652660404525,-0.014986636954867998,9.941762912466166,1057,0,0,0.1537,0,0.006
-0.14251481560857218,0.6303082787029526,9.74111516089998,-1.9684776837507139,-0.5854008600300065,4.84399035165767,-0.129794738822117,0.6510884719921332,9.699306098421442,1058,0,0,0.1531,0,0.0166
0.3603056145218152,-0.1624912337385063,9.603656520674823,-1.2311482039097577,2.536951568843938,-2.8361647618080497,0.32014379873188314,-0.18451600850459415,9.541071843253174,1059,0,0,0.1537,0,0.0258
0.12822759823315533,-0.3372040170242973,9.854837471146972,2.892331279969684,-2.932499275734139,-0.6544912477021033,0.17232987753163476,-0.3132767542858466,9.879207793828657,1060,0,0,0.1537,0,0.0228
-0.5260217947071245,-0.07389825211485478,10.172707595487411,-5.751345845904193,-0.999190095938141,-0.7964845891950576,-0.629263447638759,-0.09829575827041193,10.132905865919314,1061,0,0,0.1537,0,0.0113
0.002777366690451756,-0.3954141715970348,10.153962160017677,0.9495201943586578,2.476437645469329,-4.621324332121236,-0.014120105563223661,-0.38333162258492737,10.124930776670196,1062,0,0,0.1537,0,0.0122
0.23400449966106573,0.08573180252434015,9.920755387084958,5.255488471387007,3.035212514652028,0.6150924749952358,0.21400756929132275,0.11496735631933319,9.892228369687636,1063,0,0,0.1537,0,0.0158
-0.023487672430677113,0.047508815616305,9.657970206244817,5.635231499262745,-0.905367103745981,2.8785560193823136,-0.03752898287682964,0.11400185958570788,9.656133099590768,1064,0,0,0.1537,0,0.002
-0.20390814456465406,-0.10560713336231364,9.950727077187594,-0.7466753148182126,-4.43781755009711,3.1988042414323594,-0.17533978704187717,-0.12818646615336193,9.961562481865506,1065,0,0,0.1537,0,0.0112
-0.06048206073623245,-0.49273753194684855,9.864656759235189,-2.049827714371057,6.249338345402103,-3.9567678514881353,-0.08881948798816833,-0.5408074786240445,9.856316012549685,1066,0,0,0.1537,0,0.012
-0.05322980056155534,0.1157999481119498,9.365628431346494,1.7205897625755389,1.952773328934057,-0.5044687153348756,-0.13241412216245096,0.17602740739550765,9.328077237643795,1067,0,0,0.1476,0,0.0213
0.1324881086948314,-0.4433830856200253,9.60914986273192,2.981318723998162,-2.1436886459456588,1.101143416603291,0.10654930124550821,-0.5281562350766914,9.575770626577434,1068,0,0,0.1537,0,0.011
0.17218039580149,0.4686005491873218,9.770852628709779,3.615381386626085,0.05624959293318729,-1.5793707097976886,0.20752048025638833,0.5286572242829934,9.74006462514841,1069,0,0,0.1537,0,0.0114
-0.010022315160496217,-0.04365187066596742,9.686010406326876,-3.3043294608280362,3.6183075659549138,-1.4798661253419132,-0.00462314589476936,-0.002917730317401432,9.6649290844765,1070,0,0,0.1537,0,0.0214
0.2710059322797089,-0.14058000375444968,9.744031136371435,-1.25054574376801,-5.650113364837552,1.3642926495507193,0.29278828493801823,-0.15802476839989268,9.87338836060526,1071,0,0,0.1537,0,0.0214
-0.1967170524924509,-0.0677142000456046,10.104037851381806,0.4928298439585463,2.1222722608465476,-4.085947826814883,-0.31737848724866813,-0.09533315289906782,10.149176414595708,1072,0,0,0.1537,0,0.0363
-0.10606865117657922,-0.02234649153870658,9.643887135179023,-3.455232373936864,-6.878025583347025,3.7700549408267348,-0.10015865692047263,-0.05165452278829717,9.516474659348733,1073,0,0,0.1537,0,0.0259
0.45560759437296044,0.2096953364556332,9.88406478803359,7.526175242037135,-3.904168580357647,0.7918799829995791,0.3695011633088547,0.24194267573579598,9.897494655457605,1074,0,0,0.1484,0,0.036
-0.07736914976022671,0.325729341494306,9.798925074966563,1.9432105595863718,-2.2746581206572634,4.818948329661854,-0.1732583609745726,0.3111638936867131,9.849201486138153,1075,0,0,0.1537,0,0.046
-0.20143436352902463,0.05883282463622393,10.602928956627046,-5.578425172565208,-1.1103954167719827,-2.585926223839965,-0.18943327203107152,0.08944810852238652,10.617286761344719,1076,0,1,0.0127,0,0.0012
-0.17782720852399247,-0.17738451744835762,10.18510446409525,2.9965721072906626,4.357448723469694,-1.341021620643006,-0.08496132482801044,-0.23153467095653227,10.185552065745773,1077,0,0,0.1533,0,0.0011
0.625541382235919,0.26170518228273704,10.01198666201357,8.466286097407338,-3.9834946320547906,-2.5334527862133696,0.5653305044945285,0.30979980438324256,10.015242773454391,1078,0,0,0.1179,0,0.0012
0.1557008374962445,-0.41734194000459435,9.727151457205487,1.8025188476493104,-2.497467223165655,1.0286501883004806,0.20422040770953856,-0.40385386328791256,9.660477104802624,1079,0,0,0.1537,0,0.0003
-0.11242912514000447,-0.05597348480533963,9.568491883614772,-5.823030159457288,0.8882043347289839,-8.52239777316012,-0.06871031334275729,-0.03609460940912666,9.493701959565515,1080,0,0,0.1504,0,0.0002
-0.16110557727287875,-0.0960642051254448,9.524057703968841,6.704334264395379,4.429678795802778,1.1075127613717122,-0.08773821154569486,-0.04823355450365351,9.54036281543544,1081,0,0,0.1524,0,0.0003
0.04746338014698568,-0.18248239317155066,9.649184637350562,-1.842366561086097,1.4254342805890188,3.641967271298106,0.03081913293617505,-0.24937733674574458,9.637573600309159,1082,0,0,0.1537,0,0.0003
0.055720881948021446,-0.2860575588691122,9.824223397620667,2.088124866512547,4.080554436737563,2.9525654106936656,0.008876187976151043,-0.17452114874236874,9.755966200425334,1083,0,0,0.1537,0,0.0003
0.21080326660751172,0.05520034041898514,9.865920718339087,-2.9709387002575562,1.7315546587395496,0.7636320526379993,0.16706851781896778,0.09209934768111575,9.782159166116921,1084,0,0,0.1537,0,0.0003
-0.29147579052857764,0.3493585284284208,9.665185008658861,2.764014098921112,-3.6831337260250714,2.8337877009848436,-0.31814266342094794,0.36333714062007294,9.733729613310452,1085,0,0,0.1537,0,0.0103
0.2517032922275591,-0.667087238014026,9.66491840883517,-0.4475332080046909,2.734690253092312,-1.9960010727385908,0.32252872654529297,-0.6916648664930254,9.598200835782254,1086,0,0,0.1505,0,0.0104
-0.2799216584084392,-0.46083630069261416,10.279399028981736,-1.020385036527629,-3.292643918819647,-4.548898845534705,-0.29115255093105674,-0.532054496038554,10.238024437143876,1087,0,0,0.1525,0,0.0005
-0.09726425043813312,-0.18929041859351892,10.04891281650655,-0.3145491011360934,2.3434866886631944,-1.2269295885304734,-0.08121868564510433,-0.3181117447929348,9.982992510333801,1088,0,0,0.1537,0,0.0004
-0.01671182454528649,-0.18595251365344478,9.852249110492375,-4.09812800334356,2.2203259696024196,-4.824161658922903,-0.02473889879610556,-0.24290153137384182,9.855801012090678,1089,0,0,0.1537,0,0.0023
0.3421825830596718,-0.25343274189372517,9.804289973253681,7.321356862480588,0.7351558137090064,-3.8337472308994323,0.40575816798589914,-0.27146483941355853,9.858356438689896,1090,0,0,0.1504,0,0.0122
0.6755507379255219,-0.3813123745486266,9.856653326978677,3.366627439523043,1.9973334422951994,6.6885798300905455,0.6751618510852044,-0.4087776336405158,9.906524302444621,1091,0,0,0.1609,0,0.0002
0.43599009196221317,-0.060700916576561986,9.592616833609672,-0.8009505141347759,-1.7478556833556889,0.17161531642261657,0.48707955547564513,-0.030118274869985084,9.53299359212298,1092,0,0,0.1537,0,0.002
-0.7678410283152856,-0.09876131190449458,9.935389635691886,1.9551344278883738,4.068536866772754,-4.204495571846493,-0.7677616627130049,-0.10592448246898012,9.996103217189788,1093,0,0,0.1689,0,0.002
-0.16886721906145125,-0.1322101197087507,9.882712511519449,-1.2565911782142458,-1.0818519084985545,-3.387610612197766,-0.1635022285405247,-0.18894098558940228,9.900532438053602,1094,0,0,0.1537,0,0.002
0.26679170350500303,0.3088468087051059,9.923988196572736,-2.329595982392388,-4.48629755892858,-2.5264930909134935,0.12290656091022384,0.35662129200703724,10.005889890209495,1095,0,0,0.1537,0,0.002
0.0011453121785527372,-0.5089098838543941,9.93346917426443,-1.4510700700490013,-1.0682308977590023,-0.9761734400372852,-0.003314155945169431,-0.4775459688345209,9.896216158052024,1096,0,0,0.1537,0,0.0002
0.4230414140035998,-0.4429223360923762,9.903526330292195,8.302657830268771,2.771164593797998,-1.6481279985198236,0.5279159980781132,-0.49465844934329717,9.888826547992883,1097,0,0,0.1256,0,0.0102
-0.4124825386273987,-0.0783326459693857,9.333240520719905,-0.25933288985712355,-4.105693369363662,-3.1274450408146484,-0.4403392476547497,-0.09049945684599915,9.3341693685721,1098,0,0,0.1485,0,0.002
0.33622901236295516,0.08382435231977582,9.854630527008547,-2.3202042385770016,-1.7819055188804223,-4.091784821341433,0.2819873906134791,0.0788487314179304,9.86379067706647,1099,0,0,0.1537,0,0.002
0.2996599794797376,-0.11705994618481919,10.006314228693148,-1.9435178981758265,3.9029491880202367,0.5849388980096889,0.2107968913042271,-0.1791234014187395,9.999722153749717,1100,0,0,0.1537,0,0.002
-0.1855969783264991,0.10604581112895149,9.940287946823776,5.793977537228024,-2.9639009439002075,1.1867026441146684,-0.14637582698416485,0.13202684909371523,9.872080336382933,1101,0,0,0.1537,0,0.002
0.6738130716051207,-0.08614461335780621,9.996236092701734,-0.3990424989293802,1.7377268852251424,-2.8235872570035156,0.637656897696703,-0.034180060232735385,10.025097782568983,1102,0,0,0.1553,0,0.002
0.28287581967342873,-0.15372001270490115,10.03083202142858,0.15578538153282043,-0.4037837927924083,2.9244110012796076,0.30733635534429926,-0.1643530485650811,9.982385093046311,1103,0,0,0.1537,0,0.0029
0.3061773620538293,-0.010635805478836887,9.689222437043055,-2.5626417048259613,5.535648923971315,-0.5735315050731353,0.30171411425645167,-0.06080577199421336,9.644825467793435,1104,0,0,0.1537,0,0.002
-0.13111787474298114,-0.07049032408907406,10.09094271952313,-0.6798288662206812,2.91881983913016,3.0197950751825005,-0.2156724682696495,-0.14847382495772476,10.024632991552734,1105,0,0,0.1537,0,0.002
0.22016368063981295,-0.6605122611122364,9.767478297814376,3.401384913867847,-4.543442988788863,2.4294319906738444,0.1466461622520917,-0.6746156615102832,9.777700926854415,1106,0,0,0.1537,0,0.0002
0.30495431056262196,0.2946653593660009,9.63419196755905,-4.934012702327887,-0.2641375794946433,-2.327013326209356,0.21129388688104322,0.24201004420009,9.57360254531556,1107,0,0,0.1537,0,0.0002
0.0715582015255593,0.2002256472076796,9.76466011373306,-1.7165645917382208,-2.7017838919598063,8.29616149408904,0.04589348830333183,0.24173088286433206,9.795927914635069,1108,0,0,0.1484,0,0.0001
-0.12414300328957512,-0.5712672822612603,9.712654157775878,-2.384146777820182,-4.032459561881822,-1.5110791953356029,-0.23124486143915818,-0.5451130620355861,9.70651934996487,1109,0,0,0.1537,0,0.0101
-0.28856761718707863,-0.17504147850513646,9.865239464843418,1.3584451598681628,-0.26071236701489753,-3.0612085826504067,-0.2503713023819224,-0.1782073516294331,9.816179375110249,1110,0,0,0.1537,0,0.0101
-0.311793936501618,0.2346463585438752,9.891241356115227,-0.34860451333525094,2.122003198833477,5.512369532278138,-0.3609675214065896,0.2749174636492082,9.820278177358343,1111,0,0,0.1537,0,0.0001
0.17708863924219698,-0.01942182107071826,9.66656635913075,0.748763175292106,-2.5150840481246526,5.032737340640702,0.21912111899447317,0.013002660636543945,9.583906559796162,1112,0,0,0.1537,0,0.012
0.30212077343255417,-0.04005266169826513,9.845525679899767,0.0765659999140151,-0.20378023238655624,-1.3480039536557213,0.38972300832034334,-0.009493100930576929,9.88504729633052,1113,0,0,0.1537,0,0.012
0.2058750596516287,-0.21241214456445642,10.008443634863209,-5.198369163540072,2.56757958353457,0.24682454692746225,0.22226600116079645,-0.25636240179397307,9.961802449521272,1114,0,0,0.1537,0,0.012
0.25003490543158574,0.08136702901420546,9.716103776716484,4.777008646611581,-5.3091462240346985,1.7417719293101654,0.2916568052108687,0.04709620736221202,9.83470914297447,1115,0,0,0.1537,0,0.0101
-0.24263906651596404,0.14138085037864548,9.407105531177493,-1.2713292816307509,2.0761810372690466,-3.591646702407507,-0.2522136200329536,0.05530457541989316,9.480115249955668,1116,0,0,0.1537,0,0.012
-0.0576813235923295,-0.20395955406136707,10.014829578853863,-0.5919774844839119,-1.9550532546728114,-3.746125112577604,-0.07102115644596435,-0.21082416985994926,9.987471341607142,1117,0,0,0.1537,0,0.012
0.15519542077831444,-0.20821846109532666,9.85231237500494,1.480864779260206,-2.6518199951107944,0.6621601865689326,0.12283214761977757,-0.17624732875747198,9.88106404597943,1118,0,0,0.1537,0,0.012
0.30544613213226685,-0.27591858689014687,9.792559351906142,-0.6390627598704113,-1.0356456369484799,-6.140286939246881,0.26637485225678215,-0.28312108294985944,9.886513431863817,1119,0,0,0.1537,0,0.012
-0.24225708584745378,0.34871962473430496,9.942810729911182,-5.6009678944829036,0.9922137003404494,1.6412520659584064,-0.25636975251158395,0.41463401085205853,9.936249296020426,1120,0,0,0.1537,0,0.0101
0.12896206474358832,0.06672515750778282,10.262205643520053,8.56570051820285,-2.337664887018892,1.340309468056202,0.0927418199611907,0.06736212172112785,10.189398922001168,1121,0,0,0.1182,0,0.0201
0.022771525543088558,0.3288920248942349,9.73712927400696,-0.6802923410984434,1.8014728887395846,-4.318204166001635,-0.037383409617109634,0.40302421588449533,9.657882683223114,1122,0,0,0.1537,0,0.0101
-0.1552986488945216,-0.11207283689476229,9.62777481388866,5.02237623953628,0.7878364287575719,2.8130159119512,-0.17189545937943157,-0.08791926301052085,9.656406076247011,1123,0,0,0.1537,0,0.0101
-0.237490222234248,0.5052143724897835,9.999384679756805,-2.768269163073455,-0.7703772326838003,0.5536732115206244,-0.154820877219917,0.5331638307691058,10.040777363974808,1124,0,0,0.1537,0,0.0101
-0.12727200962788246,-0.025138914593255166,9.721584303702324,3.5162056062680813,-0.5101546884188611,0.3323454612637731,-0.206561385689693,0.013613275455743548,9.667373911596876,1125,0,0,0.1537,0,0.0101
0.4110942822531075,0.2667475044155327,9.821910270763016,3.338821766556217,-0.15218691487446068,-3.1278761181394588,0.3810430777030146,0.31448106385111624,9.918625261720372,1126,0,0,0.1537,0,0.0302
0.04682723563845058,0.02331259694139605,9.9119342525484,-4.082996293850004,-0.5653006560079713,-7.6716637309396,0.026319183825827777,-0.005388462197351129,9.89413282056465,1127,0,0,0.1514,0,0.0315
-0.16957781418210718,0.1642626583817008,10.10189165556863,1.2795782662865856,-1.2595951090245563,2.7951808284086166,-0.20770112481303166,0.2563267149413613,10.13297227138359,1128,0,0,0.1537,0,0.042
-0.748266726689544,-0.3791692214864612,9.983642768757505,-7.518575337499643,-0.5667582508842401,1.3342822651064004,-0.6755234008436984,-0.49729275798629796,9.884649783834007,1129,0,0,0.1466,0,0.0416
0.37575229089399925,0.21736464378197226,9.530454772977492,1.0294834679009688,-0.4698654657898872,0.10135546417308454,0.31305684378704846,0.20320389348213688,9.448026448498789,1130,0,0,0.1534,0,0.0015
0.2639913308403371,0.18599550591221364,9.554670198743501,4.646647167582178,-0.6816057274491724,1.1922933407189096,0.26763244368457184,0.2665709336996793,9.56057433451987,1131,0,0,0.1537,0,0.0115
0.849279160094473,-0.10426009087270312,9.574395998821425,1.1904043435166636,1.6135579658624755,-1.0290541905696895,0.8360334790925401,-0.08326099736826538,9.576205423307032,1132,0,0,0.1677,0,0.0009
-0.5284653214155323,0.06614135309853973,9.453210201247227,3.697121024249296,2.371695476142791,-0.6820956578738018,-0.43633845892391077,0.09892529013386137,9.436563155713467,1133,0,0,0.1534,0,0.0009
-0.3583654776030247,-0.013552670399751178,9.614139656544511,-0.9081852221500418,-3.002555059877246,-4.216704101952676,-0.3599085101502196,0.00985854908302469,9.607678805074029,1134,0,0,0.1537,0,0.0009
0.07153613642405411,-0.10642737469447242,9.90804227379432,-3.7699407210434774,-0.4300461523678149,-0.3909740203206229,0.11059115449832552,-0.06052208579837635,9.889770207633148,1135,0,0,0.1537,0,0.0009
0.11028174793844138,0.25027519038485224,9.690837163952374,2.1577643308101893,4.0484571340984,-1.2478964813408064,0.2056337444344029,0.27199830076757076,9.74395453635173,1136,0,0,0.1537,0,0.0109
0.21853242650611848,0.2297745481276031,9.743134446387128,-6.1855400802084475,2.379201053550423,-0.1986644333996203,0.16269052676435278,0.19543389866505706,9.679832694173125,1137,0,0,0.1537,0,0.0124
0.683761031049832,-0.19154109656443197,9.644159173840682,-3.953827002807513,2.129686348392689,-2.631300348317101,0.6641637721793197,-0.20392116039155833,9.659743836736741,1138,0,0,0.1552,0,0.0122
0.004272803753620238,0.37498047044055605,9.936867532961314,-1.9424496772168465,-0.08540428488893947,-1.1257396901031687,-0.009227124460584064,0.3469089827096822,9.925630179478302,1139,0,0,0.1537,0,0.0122
0.2982056231366501,-0.06916381775797371,10.045170944820724,-5.092968006910727,2.5032489105557714,4.315278924999744,0.32773301286872725,-0.13443965393451096,10.067316087581279,1140,0,0,0.1537,0,0.0122
-0.007405972371609979,0.051055798911349995,9.774472225309589,3.2086829775739396,-2.3364745653653682,-3.464161678063001,0.013125995706765686,0.02322870886350182,9.652579014657306,1141,0,0,0.1537,0,0.0124
0.024697119632500746,-0.4569260061363904,9.674105066994558,1.3955065733862086,-0.6777176716677031,0.6454505165656605,0.044711255993630364,-0.4148987237933053,9.763030212140835,1142,0,0,0.1537,0,0.0124
0.017830498726614755,0.1862967995462527,10.086071262062719,-4.720137857695193,-1.2872685503279568,0.8780809029750068,0.06803456349805038,0.16463883177731392,10.050493932105613,1143,0,0,0.1537,0,0.0144
-0.05465758603233565,-0.6755313410603372,9.94231242037891,3.624559894678441,-1.3801477326236669,-0.046354141101734844,0.0020904523793670166,-0.628636449633776,9.981662535806569,1144,0,0,0.1506,0,0.0034
-0.5700901146360265,0.5440915367524856,9.695136790445256,-3.5185741583603254,3.8021128791255405,-6.301474808704956,-0.6061504426476111,0.5925086527155642,9.698416986530994,1145,0,0,0.1539,0,0.0014
0.020706485505935606,-0.06584979633565889,9.698964164564732,0.5285686339928917,0.2982744629717575,-4.334436379190262,0.06665799976202168,-0.0039966718484693645,9.728381816605081,1146,0,0,0.1537,0,0.0014
0.05585676698851658,0.245639976701851,9.483877081731853,-0.7196876403313821,-1.940721567912186,1.3842180261054915,0.09142191988589321,0.25950860491913247,9.490970069916331,1147,0,0,0.1537,0,0.0034
0.3906046634913421,0.5410789907011487,10.07179401341707,1.2489922070069062,-0.4957943908821497,-1.7214640288457244,0.45202783750768055,0.6075178524544063,10.098132044283501,1148,0,0,0.1532,0,0.0035
-0.49326480983491344,-0.24355447906490446,9.576221341163423,3.3314692410397626,-2.0605626075451107,-3.1500184218916996,-0.5054052562673128,-0.2607815924308549,9.576626600961923,1149,0,0,0.1537,0,0.0064
0.029287931704012612,0.02489124451972083,9.87280944091119,-0.5875532728068411,2.645621158588255,-1.7402611669731953,0.0442338449297967,0.07004572191276844,9.786488894081636,1150,0,0,0.1537,0,0.0013
-0.25911602200901407,0.2830368007712326,9.533762174464925,-3.296620518334362,1.5029962221084365,-0.9350466976886119,-0.2999968863253543,0.28688800930454006,9.466217581782853,1151,0,0,0.1537,0,0.006
-0.2415515295911303,-0.3534952809302309,10.161147579789905,-1.5952778574690207,-4.037031645547508,5.554792626154891,-0.17586773857821414,-0.376395057626242,10.13119917443327,1152,0,0,0.1537,0,0.0013
-0.24400841824700337,-0.1021445620741443,9.620472996198428,-2.5571638795120277,2.2467627755694255,-0.05511765087601568,-0.19002043006939873,-0.03488602918702556,9.645342050290486,1153,0,0,0.1537,0,0.0013
-0.2864521215620083,0.43656643163778863,9.745965811524806,-1.8310745010990699,2.069417007393555,-1.0345133219823155,-0.2193867079972028,0.46116511253427284,9.814488070225318,1154,0,0,0.1537,0,0.0115
0.2422071660336821,-0.02276205896991904,9.59095930199946,3.558902817696043,-1.9463402287084879,-5.79163401808903,0.28158720409816757,0.036181508465952125,9.632440048286428,1155,0,0,0.1537,0,0.0015
-0.04665622196778018,-0.12653073111976165,9.911306945733582,-5.885038989354137,-1.4914495595756563,2.8485604117838843,-0.05136866552856485,-0.16386008737204824,9.910206326708838,1156,0,0,0.1537,0,0.0015
-0.1660913467248946,-0.06744672064215286,9.74057014364841,1.3582423013137537,1.1579397476987143,3.1874797537175934,-0.08552077868146885,-0.10819204523414344,9.658049186273114,1157,0,0,0.1537,0,0.0039
0.02196675873657324,-0.07923754387397354,9.844798478658328,-1.0430920107026929,0.2843473467712441,-3.495501261686594,0.09221320565833463,0.00013815937624162,9.807978845444874,1158,0,0,0.1537,0,0.009
-0.4208007483744021,-0.16375477941013963,9.662398999646415,1.3793059720170422,-1.2843267928001152,2.3162528693268323,-0.4153752709263396,-0.1471287106452209,9.688801291931245,1159,0,0,0.1537,0,0.0102
-0.8258151805572265,-0.09046166258975825,9.502222054593075,1.6641723563343085,5.098680210280554,-6.453910024876481,-0.9826854105876782,-0.1755620601138146,9.59026133036424,1160,0,1,0.0811,0,0.0049
-0.12621020769954427,0.2575240293567888,9.80566752374628,-1.1956656687391396,2.2630990580573767,-6.1781046685568715,-0.08075292402940434,0.2250503580873455,9.665384390839165,1161,0,0,0.1537,0,0.0049
-0.20510849825629138,-0.08235944468011018,10.118675635149007,1.6048704164470164,0.41311841031502344,0.38835402154188686,-0.2322630279546651,-0.09056768880004731,10.161860047995873,1162,0,0,0.1537,0,0.0097
-0.6447275217595431,0.38396682487509115,9.922678256509682,0.16444654816991772,-4.150704634187859,-2.322567234351064,-0.6875746811274518,0.3650142042075802,9.913765216669567,1163,0,0,0.1507,0,0.0049
0.1528067945209022,0.0897756299388638,9.79637006100741,0.24504620008320277,3.3149363703098724,4.360399074522207,0.16714329502389896,0.15109604282290245,9.73051997271043,1164,0,0,0.1537,0,0.0049
-0.04575448993331095,-0.41286498769511915,10.069365894529707,-0.8589718781222464,-0.5007765417449999,1.7435342238327995,-0.06736004570712845,-0.4200941543174791,10.119789417746286,1165,0,0,0.1537,0,0.015
0.06962024117397062,0.372501542850947,9.805003832005152,-3.639656078853509,-0.5279561444301311,-1.0252282633006031,0.05810576662538437,0.4500656273756939,9.76300467414796,1166,0,0,0.1537,0,0.0166
-0.8300764255403144,-0.7450601904420426,9.316754511643694,0.7271453272664092,0.4828726173373893,-2.2291862763377246,-0.8878103514887503,-0.738826198759057,9.373523345943648,1167,0,1,0.0676,0,0.0114
-0.11163591764148717,0.12475689661912556,9.790860675900575,0.0016413017687177834,-2.3121842124333383,-1.1294020875311717,-0.12616600128129485,0.09843419377127682,9.786995395867876,1168,0,0,0.1537,0,0.0414
-0.08401716979104713,-0.38218316563603044,9.565446432104215,5.52487015788822,0.2903720723473236,7.15255782351185,-0.12360603328130915,-0.44360218353908076,9.600161384739078,1169,0,0,0.1531,0,0.0377
-0.3372575049112753,0.01765511854432944,9.910222932283446,2.7636528611422384,1.5547213846984462,0.22378986375118787,-0.3220972608609342,-0.047446336674278417,10.004240833569638,1170,0,0,0.1537,0,0.0377
0.28762940580469115,0.0015955354484902741,9.860730984513387,-5.009071023401852,0.31005841295491915,-1.108772262962146,0.2967982352677128,-0.08134364108445556,9.79298769579535,1171,0,0,0.1537,0,0.0477
0.4335807030279481,-0.13760459147277163,9.776163688604306,1.0847973661422776,-5.314533507949616,-1.1408268655857032,0.41138122682636147,-0.10099305855245455,9.80280767855615,1172,0,0,0.1537,0,0.0577
0.2385661015871035,-0.0687738465689203,9.908119279191563,-5.838957433948431,-2.4730228423449425,-0.4428446405650267,0.10691470023443037,-0.03735404818618334,9.8649361739853,1173,0,0,0.1537,0,0.0264
0.36232222263329067,0.10298011176875933,10.173110378555176,1.7720600018413655,3.0092092665643486,-6.799427434718381,0.3314223305562777,0.046887073685051975,10.171777596157138,1174,0,0,0.1532,0,0.0414
-0.12383551902702665,-0.13970396437196814,9.487943263042203,0.5632508897477548,1.0665814764146486,0.11505610113349371,-0.10916337936952655,-0.03974179471601508,9.457509767087435,1175,0,0,0.1537,0,0.0414
0.1675587537884703,-0.039269599673073995,9.7835404034209,-0.2722082375360061,-0.8409127594946388,-0.7588864303749487,0.09171262991728361,0.010566335356117992,9.840074580694807,1176,0,0,0.1537,0,0.032
-0.41643157145012316,0.6875957056279612,9.643174479406087,-4.232571558855172,2.9143928876167524,-2.5618882709557833,-0.4595563738121797,0.6970963379431552,9.704571459185496,1177,0,0,0.153,0,0.0467
-0.3583408150046906,-0.9191513025239347,9.99453501503261,5.686576718358354,-0.8412086227700173,2.6960595432469514,-0.3949363870261329,-0.8762691097972907,10.047365977772692,1178,0,0,0.1075,0,0.0364
0.1987111927351717,0.47439843554837957,10.019593778262939,0.7003248391507582,-0.8059255394855007,-4.691653103315375,0.2521910601329068,0.41060425256360317,10.066398881035132,1179,0,0,0.1537,0,0.0368
0.17981767612840346,-0.09238568685751623,9.814716237147229,0.8372143582391216,-1.319653935196533,3.464326722102996,0.2994736997528108,-0.16012574440605196,9.87805213924663,1180,0,0,0.1537,0,0.0268
0.25296591398654433,0.09243033295257135,9.621305387505858,-2.5989237456634022,-0.07154317527510855,-0.854378144107914,0.18447873794595826,0.0927143226728603,9.65825943022022,1181,0,0,0.1537,0,0.0368
0.07417777486909198,0.21337549834002442,9.789096602493467,-4.55514071252186,0.4883884906080055,2.0552501124208202,0.053970677734498804,0.20093581121806023,9.793827308196239,1182,0,0,0.1537,0,0.0466
0.2311321205960426,-0.0229389627016418,9.846091199652667,-2.151329488834164,1.9558313052641556,1.099132738125404,0.2233179879449521,-0.027949855845004333,9.858115660062468,1183,0,0,0.1537,0,0.0511
-0.2180688741940936,-0.5451874169902317,9.433379169848433,0.12089423093426854,-0.1256188312831454,-0.32233265421627316,-0.2778897210776793,-0.564841761631359,9.405021882500108,1184,0,0,0.1525,0,0.0611
0.22627819265016133,0.15726035716334677,9.913564127455086,-0.7709514602163688,0.11021543816054544,2.694714076055143,0.266152319383684,0.16146241433065334,9.883265101583618,1185,0,0,0.1537,0,0.0611
-0.23924014580650302,-0.3483735669579768,10.154442203616265,2.286761282125984,0.4928959479395658,3.1714157149622437,-0.2337199140111109,-0.4079850235396455,10.105166621110202,1186,0,0,0.1537,0,0.0552
0.039204443977253485,-0.29748881407133704,9.42898084381431,-0.7257326972053615,2.6343030648000503,3.15343293272671,-0.025756759494320013,-0.3137875258820504,9.452539268215428,1187,0,0,0.1534,0,0.0314
0.260220833148156,-0.0993598869004061,9.803658573359739,4.157308453109232,3.346794109167536,2.48294441221828,0.3777713562254957,-0.07318397090607587,9.795553337029034,1188,0,0,0.1537,0,0.0614
0.5314903102101418,-0.48322743482117325,9.802404174845183,1.5750082979650788,-3.1141327405776833,-2.1716564417024236,0.5334762147011273,-0.4734804939822462,9.945297177732623,1189,0,0,0.1537,0,0.0314
-0.3173964731931374,0.14011549404191787,10.002711895950192,-1.309502767612099,-2.504821418588522,-7.235545135727369,-0.34478708399820834,0.16708502844408937,9.979805796056516,1190,0,0,0.1514,0,0.0314
0.6676404320641575,-0.2826153779318727,9.731070479044272,-0.6721400403767452,-2.7319923480644,-2.157580941664828,0.74472070148653,-0.28723353180501615,9.732194755336527,1191,0,0,0.1356,0,0.0214
0.0503307469481616,0.6000493742162293,9.818534694294238,-0.20079248550025303,6.188823623097193,3.7766022102609504,0.10332277410031093,0.567610218368461,9.800892823613898,1192,0,0,0.1536,0,0.0214
-0.6175226129414689,0.23139597424056524,9.96713812713217,-2.281203646227593,-2.5334183192355084,-0.13139201703491685,-0.6440730173009401,0.2459066138059015,9.936084006737795,1193,0,0,0.1538,0,0.0311
-0.6868954866493936,0.49514772159533793,9.800323158404728,-0.4848289446962165,-3.284303080768435,0.655913720226136,-0.717036764877351,0.42386757275026865,9.815467472684784,1194,0,0,0.1464,0,0.0263
-0.06244926283437272,0.28211621919884783,9.757927926466193,1.925706924035211,3.427054653200398,-1.6813744495854719,-0.023170701920460175,0.2637442627728368,9.810138161987616,1195,0,0,0.1537,0,0.0161
0.038896801975487005,-0.08907282584624866,10.08793949466642,-5.414427424470421,0.04415793049364744,1.8961078013683932,-0.00201039569578125,-0.12438036859175358,10.201253912507264,1196,0,0,0.1526,0,0.0208
-0.21976419557452337,-0.08166505841164497,9.80110941373945,-0.43484626018051,-2.8314439380540044,-1.348362007206855,-0.19577375490477206,-0.007052731203203447,9.853237479468511,1197,0,0,0.1537,0,0.0208
0.2796111868563461,-0.09322559867620224,9.782757983732061,-3.5322420334712423,3.660387148291428,0.8310700523667575,0.2449915910512383,-0.0811342305249833,9.819103979384012,1198,0,0,0.1537,0,0.0107
0.3201077355094051,0.23445897534480212,10.042026411714499,1.637641440160717,6.1543939715188465,2.269146609788646,0.26374625803915436,0.18553455524344137,9.992703887133814,1199,0,0,0.1537,0,0.0009
0.39153341821410154,0.5714149258026574,9.773170957627205,-6.049149647844828,0.12469390351868219,-1.201649797437041,0.4400621622641963,0.5863548569848188,9.778589064572197,1200,0,0,0.1532,0,0.0009
0.16943277825960415,0.023607223018707595,9.649818346830246,-0.15998434727044755,-0.5209425074857088,-0.44621968510022947,0.13024514709698382,0.10914509345184328,9.73774666287251,1201,0,0,0.1537,0,0.0009
0.13842397672526957,-0.6689168647575082,9.590321388289327,1.9610238406757141,-0.20731618669949034,0.7484232918673945,0.055044552311471304,-0.6732346543426562,9.518390779343564,1202,0,0,0.1532,0,0.0109
0.08150894656299966,-0.38862562952108154,9.728220222396425,-2.6743341569704517,5.9830665710574165,3.1244527304470244,0.07049500252713745,-0.292987910134457,9.710327825719904,1203,0,0,0.1537,0,0.0008
-0.08086739041123692,-0.3839785562315731,9.645607134797663,-3.029748096476795,0.7017202263491028,2.784291168560798,-0.12507114903274696,-0.3758431971112568,9.61117488455511,1204,0,0,0.1537,0,0.0008
0.3047376700100447,-0.19995750542602567,9.793423969713896,1.882798153255292,-0.6834652104130425,-0.46150206487434686,0.3255912016700848,-0.1929716315678448,9.820219433715057,1205,0,0,0.1537,0,0.0108
0.05731296229241223,0.026630165755936956,10.058341519008511,0.9198861839501509,-2.350411805267817,2.23575736744276,0.0826607142174845,-0.019738698516857396,10.05726564202683,1206,0,0,0.1537,0,0.0108
0.3742866301898636,0.11803307246836613,9.700768793617705,0.9458487067235937,-2.9787330473979705,-0.2388661917271619,0.335556423940108,0.12714901374862528,9.723050395595532,1207,0,0,0.1537,0,0.0009
-0.23446433970218625,-0.38665544673698854,9.912907401817664,4.340295871182314,-0.13996632549699922,2.951180264071584,-0.2095239789502435,-0.4193494462734701,9.888452076760403,1208,0,0,0.1537,0,0.0009
-0.21007273141711322,-0.7865830128700468,9.199147108183125,1.2344125828612345,3.605888931985108,-3.222630431289179,-0.20432181971123775,-0.7584745768509867,9.117629235630844,1209,0,1,0.0725,0,0.0028
0.2307040691145904,0.24119380913623756,9.655162144921876,-2.0321352313669263,-0.7564760957420662,-1.8044163265659208,0.19375952331312896,0.35521055904858306,9.633762003112524,1210,0,0,0.1537,0,0.0127
0.016120498547930094,-0.27317558528823427,9.821057273601959,-0.37638923740868724,3.3564176859959307,-1.9966126721055535,-0.01993463412639497,-0.2552430532790684,9.775324707283549,1211,0,0,0.1537,0,0.0233
0.07629440549273789,-0.05439845541891553,9.989586768778764,-4.308944633444199,4.246879060653998,-1.5884509705753822,0.08559119974479626,-0.1352854257513449,9.985083857075233,1212,0,0,0.1537,0,0.0026
-0.2842425585597372,0.49107503929048174,9.985600014487709,-8.80595947944086,1.7913256956020138,-0.37397423805748076,-0.22480429039396574,0.5349228901594342,10.071261169695788,1213,0,0,0.1458,0,0.0033
0.19020933507932342,0.10820048325234732,9.502422529857498,0.3847049913701346,6.004347534463614,-4.245240440966546,0.19020933507932342,0.10820048325234732,9.502422529857498,1214,2,0,0.1537,0,0.0026
0.2523951879734739,0.017090545518618733,9.802969948021246,-1.1202158153033763,0.5935423411570602,-3.692453601808186,0.2523951879734739,0.017090545518618733,9.802969948021246,1215,2,0,0.1537,0,0.002
0.25198218356629876,0.15345527350796695,9.999611435914444,-2.166259026264947,-5.951176045557931,1.1740322416218176,0.25198218356629876,0.15345527350796695,9.999611435914444,1216,2,0,0.1537,0,0.002
0.009645555071838181,-0.004559123862203984,9.864737572391999,0.43978382098069374,3.0422548832722076,2.7397208197067826,0.009645555071838181,-0.004559123862203984,9.864737572391999,1217,2,0,0.1537,0,0.0117
-0.38127407957082626,-0.7222122139721258,9.801084011094186,5.2934633309200905,0.9025266549930357,1.611712550776999,-0.38127407957082626,-0.7222122139721258,9.801084011094186,1218,2,0,0.1517,0,0.0078
0.1345986370278857,-0.06256814153932694,9.762202522337454,-1.451550428954869,2.6641683641495346,-2.7985545122916062,0.1345986370278857,-0.06256814153932694,9.762202522337454,1219,2,0,0.1537,0,0.0078
-0.2261594255137738,0.061563098418780396,9.879604877879066,-4.800570974339598,-3.8622939358902153,-1.817959195400553,-0.2261594255137738,0.061563098418780396,9.879604877879066,1220,2,0,0.1537,0,0.0178
0.016834248357291824,0.5902617121174213,10.064507524610576,4.072870912956747,-0.06970356539201847,4.319907887044291,0.016834248357291824,0.5902617121174213,10.064507524610576,1221,2,0,0.1532,0,0.0078
0.2559298662956263,-0.10082759648868611,9.713222533190672,2.037181331291626,-7.677561352175493,-1.0254294646697995,0.2559298662956263,-0.10082759648868611,9.713222533190672,1222,2,0,0.1498,0,0.0097
-0.04317262883902557,-0.5810639011788711,9.57828811401671,-4.262249829088842,5.785995070288776,1.5019783226567145,-0.04317262883902557,-0.5810639011788711,9.57828811401671,1223,2,0,0.1536,0,0.0046
0.14334781892822168,0.2563612197025084,9.659335748321638,1.1838129174097065,-1.0582904090462164,-3.609093552947118,0.14334781892822168,0.2563612197025084,9.659335748321638,1224,2,0,0.1537,0,0.011
-0.08839225921015534,-0.09876809282282463,10.0472485074785,-2.6725896285785935,1.9597114871371772,-1.0912440176918001,-0.08839225921015534,-0.09876809282282463,10.0472485074785,1225,2,0,0.1537,0,0.0097
-0.7231298805150072,-0.05533481278553204,9.841938853959388,-1.0428959787037801,3.463751151772141,2.3253510824325465,-0.7231298805150072,-0.05533481278553204,9.841938853959388,1226,2,0,0.1551,0,0.0087
-0.13282750115085615,0.019672898233431668,9.553143636115438,6.620778936697158,0.24744998697955678,-1.2094068254536579,-0.13282750115085615,0.019672898233431668,9.553143636115438,1227,2,0,0.1529,0,0.0187
-0.10129459713019344,0.37328349745926154,10.147261431296007,1.04521486694685,-6.338037598974006,1.4870330616971397,-0.10129459713019344,0.37328349745926154,10.147261431296007,1228,2,0,0.1537,0,0.0027
0.14364142370973657,-0.2439463897893254,9.65031400640417,2.4160447407013366,4.769815066941468,-0.3645345184336054,0.14364142370973657,-0.2439463897893254,9.65031400640417,1229,2,0,0.1537,0,0.0043
0.10564906678429777,-0.08139228008166725,9.686582982012006,1.4954965961710747,2.488831022479241,3.0925146493655244,0.10564906678429777,-0.08139228008166725,9.686582982012006,1230,2,0,0.1537,0,0.0018
-0.35010096560949416,-0.059757969362027756,9.850556920597553,2.15333039100451,-0.999273608823989,-2.4170502562279865,-0.35010096560949416,-0.059757969362027756,9.850556920597553,1231,2,0,0.1537,0,0.0027
0.08743853952804002,-0.01227382819309276,9.949085489413234,-4.258251656171239,-3.556156424343344,-2.8701371156861186,0.08743853952804002,-0.01227382819309276,9.949085489413234,1232,2,0,0.1537,0,0.0027
0.23083503300590333,0.0429877528898032,10.082166684772487,2.6085357142228065,-1.4096189065863804,-2.0441242026837414,0.23083503300590333,0.0429877528898032,10.082166684772487,1233,2,0,0.1537,0,0.0011
0.18131567064224144,0.10107656481118747,9.860062455244384,-0.7190240371074347,-0.6770838442091454,2.511650022114169,0.18131567064224144,0.10107656481118747,9.860062455244384,1234,2,0,0.1537,0,0.0005
-0.11852896430919768,0.2872290295167869,9.664815858021049,-1.4236234551116755,1.9831528234046183,2.5124377006717027,-0.11852896430919768,0.2872290295167869,9.664815858021049,1235,2,0,0.1537,0,0.0012
-0.616397520675386,-0.061128499103263,9.626148666000857,-1.3838600842605875,-2.840829765479496,-5.225136747892823,-0.616397520675386,-0.061128499103263,9.626148666000857,1236,2,0,0.1538,0,0.0025
19.210365957140418,-15.164244751510282,3.1172462274866977,220.92710932551026,254.45296780023014,165.608176903447,-1484.0901497575042,886.8160646772764,-204.8801143369122,1237,2,2,1.0,2,0.69
16.949859749102384,13.045820523020035,5.196545438085328,-253.3731905275548,-151.67679220909497,167.56576994390332,869.1676855083392,-498.28487493252203,-302.23732421093246,1238,2,2,1.0,2,0.86
15.494163492694451,8.012640549015112,5.631247516620535,288.9152617352115,205.17566895791407,-245.1334413242787,-1465.5154345514698,-880.5931182774834,-354.9331967459047,1239,2,2,0.9998,2,0.79
-13.638097573196921,8.241048255892217,5.562566492239352,260.9515499162057,176.88172303357246,-149.05942959623488,676.287835631505,-405.7145116669289,-302.11580853030506,1240,2,2,1.0,2,0.78
