ax,ay,az,gx,gy,gz,hg_ax,hg_ay,hg_az,ms,true_label,p1_label,p1_crash,p2_label,p2_crash
0.083486534325848,-0.6454889379676133,9.859211187488055,2.9700930729783757,1.2323464264539692,1.6901467956544738,0.03287120177319185,-0.60149578778495,9.754128040749139,0,0,0,0.1536,,
0.32294928192108346,0.14479740608135774,9.594850261836022,-1.0834833464473541,-4.628381621767527,0.10415124268934695,0.32779694653211616,0.11254684026797535,9.60740220836073,1,0,0,0.1537,,
0.19655567013866615,-0.029488419623236284,9.991611878153579,-1.8149363472761686,-2.169624768198516,-0.4962575824702672,0.17841778041390205,-0.0670959799041492,10.054845523212025,2,0,0,0.1537,,
-0.23120150435952525,0.2766403656840045,9.619407402546194,-0.7044024062332807,0.3190908616568565,3.7464097524806856,-0.24754045120150509,0.28802716023046887,9.594934630405712,3,0,0,0.1537,,
-0.2433003565023772,0.12527630680926144,9.83701920559329,-4.749203728601696,-2.0237966621808967,-1.4553080083949308,-0.3065532463621521,0.10934082782838453,9.789728662502863,4,0,0,0.1537,,
0.2676660110553065,0.005326233025431162,10.033268359521701,4.741220701571223,1.6858844827039206,3.326890842918004,0.2727317273889168,-0.08514224031792948,10.126634901263126,5,0,0,0.1537,,
0.08721315548990818,-0.6973440710857918,10.009630350879101,-3.617495443462923,4.967670015637131,1.0693338862689459,0.1778126469415434,-0.6872729994400737,9.988560477278822,6,0,0,0.1534,,
-0.13995571041302626,-0.2804754565132497,10.174070691501964,1.4021279191475702,0.08289233620702714,-0.34728109168526794,-0.20609774067501208,-0.24751479716757094,10.074439936819896,7,0,0,0.1537,,
0.22782703911758945,-0.10580318413789323,9.639608703109602,1.4432063008853382,-0.4731951347131218,1.8798059966420833,0.2474196657974147,-0.2017504699157952,9.675945060412637,8,0,0,0.1537,,
-0.0785149764219079,-0.05375832907969328,9.888009795986394,2.586280421446646,3.7683761922737453,0.661075819538081,-0.14989341220052352,0.008825699827463458,10.005797000048336,9,0,0,0.1537,,
0.1841568838881259,0.0681842396126853,9.830678538167184,3.564171870288279,-2.6293332566190513,-0.5357718267878818,0.1654695116934423,0.08276948627285799,9.822426177490165,10,0,0,0.1537,,
0.007722209368365677,0.24381599566523934,9.682901805548385,0.1310125563595741,3.7392888601157592,3.1661682233520017,-0.07305398547414821,0.19170740692139981,9.68183470178892,11,0,0,0.1537,,
-0.5418857174941718,-0.5584588899972045,9.703038267890028,-3.17315229257519,-1.408606179147438,2.8306513986001685,-0.5302149400506894,-0.6151280375063731,9.675593354159059,12,0,0,0.1475,,
0.184763696243715,-0.47646250152012903,9.699202220047601,1.5667802045509787,-1.107855274935689,-2.0480499287136746,0.15414457729996472,-0.5321972063431191,9.64352683151198,13,0,0,0.1537,,
-0.2195948858551743,0.09390044560485991,9.527838696994575,-1.3908753687630324,-1.0083817726927498,3.935645861579082,-0.15964987905780215,0.11431312665988677,9.535120696605654,14,0,0,0.1537,,
-0.28072380552335613,-0.1924342882764213,9.84106063109865,1.9188539200847572,3.7036869846454232,2.3299140468367767,-0.3261454929905623,-0.1475308501109868,9.88386696505292,15,0,0,0.1537,,
0.29423447768853583,0.22054214060197636,9.787732853828262,2.5052052640706446,0.8466771341277741,2.5589418425957646,0.37792864397504633,0.21999625664264214,9.847650101035619,16,0,0,0.1537,,
-0.10182239923233023,-0.06801217746247354,10.011762692197276,-0.031524052640839406,-2.2666113236425494,0.1857169450798532,-0.05804091331470114,-0.08143460082727594,10.080524498697864,17,0,0,0.1537,,
0.035750467074712536,0.2269999685909596,9.586093806787465,-2.5417303677286514,1.5165754822474546,-2.030691818169037,0.03382946922639944,0.25599911387769564,9.662724348600738,18,0,0,0.1537,,
0.18272166150915228,0.016350222949707963,9.798010603726544,2.454965503102799,-2.8146432114150794,1.9591853110695125,0.23406147643054506,-0.034098522730692804,9.791117539629445,19,0,0,0.1537,,
-0.19658138138151438,-0.20166804021794393,9.903708132736012,2.032235665816005,-2.33149942072396,-1.5231959309671115,-0.2526861646548198,-0.2029302445326444,9.910719377103234,20,0,0,0.1537,,
-0.18002110012109443,0.4986447945424229,9.573122039857635,-3.5155424804011712,1.911124407082739,0.7943877224129977,-0.1852334799005207,0.517016587321868,9.641690136536651,21,0,0,0.1537,,
0.29405024255215856,0.04064888566042865,9.987122538734386,-4.279954858537177,-2.340203786522656,0.8036123719421595,0.37752949323354623,0.09508635582465721,9.966869189452225,22,0,0,0.1537,,
-0.41876245412187635,0.27642009740651213,9.623120563710758,-1.40420802143404,0.8970249792143838,3.7816032055932585,-0.395229748018008,0.2375819472283786,9.591000921060887,23,0,0,0.1537,,
-0.10987483856722285,0.1830572725055047,10.07754501369517,-0.6637648052424393,3.4773990868439286,-7.9441966830631765,-0.12688988346108607,0.12059320462921252,10.093854665838634,24,0,0,0.1514,,
-0.1295515464933065,-0.35642710696383173,9.936490980389546,-6.147075891979912,0.11670992045086251,0.8816323666394851,-0.11793987745056349,-0.28009751560597107,9.942699748875103,25,0,0,0.1537,,
0.2613879326770135,0.12050313921995238,9.740516419520054,2.585819956690056,2.1388016565105246,-0.9724749581560097,0.26155077524858633,0.08719935979538984,9.822824142327347,26,0,0,0.1537,,
0.22642735482169143,0.6794143161585066,9.793742445377411,3.547192340406408,-2.885116236608429,-3.216832852586708,0.2708057881108956,0.6332333169092799,9.810749413891273,27,0,0,0.1532,,
-0.010903921042151155,-0.03857099735852503,9.919722065593124,-1.6612804342808134,-0.19440461355518138,-0.9753977395261214,0.009375079259718384,-0.08225956818711422,9.937297080676428,28,0,0,0.1537,,
0.16438438357017374,-0.020977780360919702,9.585196228610409,0.11042947405618564,1.6035264707989734,1.0592891198661012,0.17003456782782211,0.0024989226309387394,9.572997257249959,29,0,0,0.1537,,
0.10830397644565644,0.19402921148679766,9.610454895684764,1.4886472155754458,4.423321546687261,-2.9594195479980936,0.14882453932785092,0.22602389053718674,9.672840331962673,30,0,0,0.1537,,
0.2940530552502799,0.14270784428528235,9.626730586416713,0.16804574955310014,-3.6593844328153633,1.771734530437891,0.21957840889546704,0.16740916028160102,9.57009511699636,31,0,0,0.1537,,
0.4427895219770519,0.14296175234899045,9.591800694416724,-3.756017592511377,0.34857908848501207,-1.9275171646242244,0.4646829815640829,0.19037604184520346,9.621335135994487,32,0,0,0.1537,,
-0.08826757217350442,0.43809681628949443,9.614021957533888,0.8811879190953918,4.4440383360214115,-0.0725438410262178,0.017877096743525306,0.39491337046105845,9.627999789839468,33,0,0,0.1537,,
0.03479366258731688,-0.09511261006908887,10.040176065562148,4.94754544859133,2.4295802812017704,-0.5766774701426769,0.08209878174539466,-0.053858720354683455,10.01888518625046,34,0,0,0.1537,,
0.18786548112549623,-0.16651962681140495,9.961536375994996,-1.0505871137752072,4.961245860309489,-1.9533985740305795,0.25270275253824087,-0.09760912361676687,10.043484437965654,35,0,0,0.1537,,
-0.7853916670506551,-0.2536206361661849,10.212685276396686,-1.1210429643141804,4.947320817656573,-5.3115480896509375,-0.8537002863952602,-0.30322234033268225,10.310801265880501,36,0,1,0.0758,,
-0.3078809996358667,0.20492233619410619,9.559341623531513,-2.1505599789118683,4.690300963740282,0.11998217953406667,-0.3156763601573371,0.22515743118634332,9.586268347011199,37,0,0,0.1537,,
-0.3897818155141805,-0.2741618717802027,10.19489082344379,-0.692953319123501,-0.08856049318599482,3.3293994005147702,-0.34585421876215305,-0.18580149472104446,10.17170425667684,38,0,0,0.1537,,
-0.7228162910918529,-0.007705843024612604,10.118017295153784,-1.7616561521892495,0.8025102128970558,0.58108518194986,-0.7666708021179934,-0.019424372555442954,10.075422186176311,39,0,0,0.1469,,
-0.06287204214664426,-0.3365363181690505,9.885945192354887,-6.319734197257213,1.982088681879842,0.9948397739850527,-0.12075694842750037,-0.30367408928889295,9.910284904783,40,0,0,0.1537,,
0.03462386836715866,-0.46026998413629644,9.380277018916122,2.9011819332354527,2.1875656355770223,-2.559955334876206,0.00960026678883718,-0.4973071738565631,9.365851016575824,41,0,0,0.1469,,
-0.17227250134145697,0.3036464080991762,9.737640451672346,-0.6935438160583827,-0.20271889070262727,-2.494405809835965,-0.24936609217597083,0.2667598336005955,9.725832785675303,42,0,0,0.1537,,
0.167446182813666,0.17300415220378546,10.040620612000676,-2.2174708851097114,3.761811107877481,2.981817974878955,0.161900756760672,0.1662937728737967,10.002060375391123,43,0,0,0.1537,,
0.10552362516724915,-0.4263995364386507,10.042457548879447,0.5528876282175306,-0.11749811883881593,-3.8175451745464235,0.0559373054858766,-0.41194066433756055,9.955411839328008,44,0,0,0.1537,,
0.17016561622075962,-0.4737470720248342,10.195977311616101,0.8798775454348986,-0.5653929028757058,-0.4964654560045413,0.12677525470096035,-0.47729932247091456,10.123523233214762,45,0,0,0.1537,,
0.19675446656622492,0.29120523736346293,9.687399391911457,-2.2169846602970633,8.656061977006745,1.94023137978914,0.1882372628802488,0.22650085480273674,9.605371400794981,46,0,0,0.138,,
-0.08194274909259354,0.5218069249471025,9.880352072808732,-2.944491217988062,-8.977514063821415,-4.094328863564156,-0.09135960315471993,0.5215603549395604,9.901387921385707,47,0,0,0.1484,,
0.0784221335594625,0.15412991621142252,10.083328437081358,1.5112067316082234,-1.8224812794270902,1.3207943189808455,-0.01985462652550797,0.12107612982948635,10.07820661767907,48,0,0,0.1537,,
0.15251120494538806,0.5313056598687417,9.710429934790813,0.3956502555623713,0.020718410006613654,2.1104569124779853,0.1194003577735355,0.5343233903689294,9.730503021330849,49,0,0,0.1536,0,0.0522
0.49021249973461206,-0.09887441896328873,9.698530974768353,-1.3316493240584464,-3.379757616581269,0.17846583321997322,0.45547147228792306,-0.10329587477699484,9.700146070440532,50,0,0,0.1537,0,0.0422
0.1316933843896411,0.2457792107398398,9.537571870891114,-4.045358541856777,-0.959127051224399,7.123505416922461,0.06716228088811481,0.21231385943920425,9.542717043517278,51,0,0,0.1531,0,0.0534
0.2723325423456081,-0.4830769051324461,9.737510237878537,2.225235820958145,2.510462479721579,-2.1285158820375116,0.2630317854603698,-0.5232100514458526,9.726496484199139,52,0,0,0.1537,0,0.0434
0.15412514098260532,-0.05248513866890701,10.173544549638986,1.7808798467174647,-2.2753502680109046,-2.7191572382518685,0.2224304594371027,0.06409086874157516,10.098884560006454,53,0,0,0.1537,0,0.0434
-0.544745143053056,-0.17476383475785662,10.007484020754058,-3.5374864131792814,-0.2940883620522433,-1.1536358633767052,-0.5332480783347864,-0.11403707888048537,9.96478032644939,54,0,0,0.1537,0,0.0432
0.23782948385248925,0.5560587666246025,9.877434145324758,2.3918589573509252,1.5758151132108513,-1.2278592904242485,0.13661188326996038,0.5742136652387091,9.892794696740733,55,0,0,0.1536,0,0.0222
-0.4199299810572678,-0.27872952500967824,9.526795584699842,-0.9972768713636166,0.7583562729935158,-1.4349946209291522,-0.4160739023778467,-0.21840921854900505,9.538044493403259,56,0,0,0.1537,0,0.0269
0.038119576421679784,0.09481764862305057,9.793269111397716,0.5510648307017239,-1.7441283571760564,4.257964847911546,-0.04622921221965281,0.0669793168608469,9.782213825225453,57,0,0,0.1537,0,0.0429
-0.3672365271931239,0.14099467713774805,9.828708836591412,-3.8256352877933066,-1.5602020315776188,-0.13189367752085535,-0.36317010627038027,0.07749134416635081,9.844807261750544,58,0,0,0.1537,0,0.0227
0.4714796944272355,0.20321642156762737,9.74916396763915,1.3611106000879556,0.8347065511532341,0.2769515039112259,0.3705219670146872,0.18125716880044718,9.707670328291162,59,0,0,0.1537,0,0.0275
0.2029433459035697,0.19759018533291567,9.750785448767992,1.053087170360135,-0.5507541701362825,-0.9807310550293895,0.1816954702793694,0.19342960041938195,9.847185343937763,60,0,0,0.1537,0,0.0275
-0.16199365189657514,-0.11848917652748438,9.819801544957953,2.62040735274824,-0.1951386347203976,3.144470018974503,-0.19807199262180755,-0.1298469803967148,9.737343335610158,61,0,0,0.1537,0,0.0275
0.0008791406555242596,-0.2682459557191834,10.138899275191724,1.1464499262125862,0.907238350750533,-1.206835837123429,0.0775936300364098,-0.3514481934264698,10.07273366386335,62,0,0,0.1537,0,0.0329
-0.05326843445197962,-0.07430117846969292,9.601650210982406,-3.5638778865300482,-6.121884519852088,1.207987634768275,-0.043164703185936064,-0.07638538816192963,9.638098418499489,63,0,0,0.1537,0,0.0223
0.02183046757084827,0.004890831839753465,9.548695785034807,2.112341481362624,1.0875663005754743,0.1707015048236168,0.06825991151802799,0.034669949171162166,9.471634737413149,64,0,0,0.1537,0,0.0223
-0.26073317072816143,0.09051768565277714,9.983612054568212,2.5527037819144995,0.7518963946364525,4.674162008166588,-0.31592359442874274,0.08834562095664932,9.908286979942929,65,0,0,0.1537,0,0.0229
0.136518380168929,0.5217217866469046,9.708497397533248,1.2133785702389575,-1.5488631710338194,-0.09477350129022544,0.152919592202883,0.45060890217680155,9.733160723029739,66,0,0,0.1537,0,0.0223
0.3397476951057759,0.49303439518641257,9.894496066820338,4.426745126120594,1.798614584184352,4.570027285382316,0.32049775205389974,0.49484967122896056,9.94273505168415,67,0,0,0.1537,0,0.0229
0.2838819849600422,0.2429910016624423,9.705343014582242,-5.911436707688671,-5.9760084121802155,4.916569732846472,0.291421687815591,0.28002515096054587,9.735035366314484,68,0,0,0.1537,0,0.0393
-0.5131927953598773,0.3614498979966338,9.929710497845134,-0.8150357928631842,-1.4012749023470303,-1.9185168708935187,-0.4749713404365061,0.30236434699610243,9.941238844107312,69,0,0,0.1537,0,0.0169
-0.5501449052691689,-0.04648353851640567,9.52204385292122,0.0584106060987373,-3.7378858603262923,2.598832622833375,-0.5853018988965406,-0.01811545362284634,9.565168967741911,70,0,0,0.1537,0,0.0269
-0.3556063406145665,0.4918107532208935,9.66154655762891,-2.0879873701288094,-2.034144261599763,2.183112680452066,-0.2924369504274068,0.5141738795656798,9.6419053038898,71,0,0,0.1537,0,0.0369
-0.583501394627916,0.21522509298711962,9.611344135997223,-2.666161910899421,-3.9912279856640893,1.12350068500225,-0.5037504194458994,0.211596687814828,9.605870977162743,72,0,0,0.1537,0,0.0169
0.056031909156959256,0.8066044820592578,9.595063451222108,-1.1141217705685207,0.9609032122168908,-0.5346356629780664,0.12737759610232446,0.8697195632720669,9.6424981136261,73,0,0,0.0999,0,0.0119
0.034734323194838046,-0.01828976526143566,9.745289721158592,-3.6388237514951127,-6.07649456961102,-3.1166196315865564,0.003842269871910692,-0.026761513079805052,9.771190776236445,74,0,0,0.1537,0,0.0112
0.34579154878746776,0.41409197445202656,9.976979700350293,-3.5310621337482857,0.28224867123553365,-5.863132760542616,0.3771278639121472,0.5007606614029528,10.071523256417615,75,0,0,0.1537,0,0.0025
0.10067852512718632,-0.1632796642212005,10.22953696739465,-2.8958038660072964,-2.037206461133624,5.4668622240302955,0.08216603843708903,-0.2112916954746269,10.29419400051093,76,0,0,0.1473,0,0.0119
-0.006228160869508582,-0.3586114236531627,10.056862007396257,-2.1269878156302595,-4.477004970002631,-4.10842616583011,0.004360021818969959,-0.3642291914713663,10.030896547833612,77,0,0,0.1537,0,0.0219
0.1711928074503695,0.43225758909922113,9.645368939927971,3.100682788102918,0.09700474303075587,-4.523032195812327,0.17563394588007925,0.3430703002160857,9.581490770372222,78,0,0,0.1537,0,0.0119
0.060627959616835654,-0.005949998664701567,9.736130271571989,-1.7798167694433396,-7.492157278925175,-0.6046652728784399,0.04997208020487725,-0.012798059184171208,9.718843239214522,79,0,0,0.1516,0,0.0219
-0.04831813425769403,0.1513217500421605,9.671207813561761,-4.300168056617949,-1.7867203071392919,-1.6639145647605966,-0.06826022983718266,0.09237452977127772,9.652784407512094,80,0,0,0.1537,0,0.0103
0.29576538332959124,-0.17728614301411685,9.830301986008424,-1.0475203323526576,-3.035204306277599,3.9070666239813328,0.2064121451816831,-0.15333277360037556,9.893843456124143,81,0,0,0.1537,0,0.0213
0.15005475925884862,-0.008203960806999802,9.61906745289211,-0.5886377176854605,-0.5889970980886583,-1.331954066120225,0.19178581031315117,0.014937727543222675,9.712162704166719,82,0,0,0.1537,0,0.0203
-0.48453763400532485,-0.15623262468812574,9.783161338861044,6.511366351526826,0.5942963080445487,5.3792770775377186,-0.4422346251471542,-0.12244107338235885,9.659427881233,83,0,0,0.1529,0,0.0103
0.32105872770230626,-0.29468065064325505,9.714469392600394,3.5154111393015155,-0.37210918466141185,-1.0170971212922582,0.3655943548192139,-0.23756704473629112,9.761071885290336,84,0,0,0.1537,0,0.0103
0.17117699633611663,0.41448723570909857,9.667145925585077,-0.9319659809560443,-0.28970891849598945,1.1912900259059518,0.22053691075211085,0.3971277696848681,9.671213901453882,85,0,0,0.1537,0,0.0003
0.58587003955076,0.009800212490885302,9.588466682143318,2.0192771936311202,4.370415273078082,1.9426854543976768,0.6033029933094922,-0.07351243577286415,9.704723152538975,86,0,0,0.1552,0,0.0011
-0.11833526198560411,0.1680398739038708,9.231292607438188,-2.7661428860855373,-0.13241573920326477,3.4118318456879484,-0.1428250157143947,0.12697938702322364,9.241057564746283,87,0,0,0.1049,0,0.0011
0.03233832583090135,-0.05174043202830337,10.101331525123749,0.09288994214003493,-3.52131609682457,-3.0111720871149847,-0.0117299892925537,-0.055327011429118986,10.089652759933307,88,0,0,0.1537,0,0.0111
0.43685031222566456,-0.5817301090923362,9.736565691566362,4.299323285566017,-0.5232108206494476,-2.2659437148248944,0.42661230159778796,-0.5368016091657424,9.720168917552328,89,0,0,0.1538,0,0.0008
-0.1438566921479696,-0.4555919816988798,9.62337117902892,-2.3002212476259043,0.49994251002151757,5.831919682480967,-0.13381605461516183,-0.44891041960829375,9.627593141385313,90,0,0,0.1537,0,0.0008
0.7127087946584865,0.23793386237398947,9.771621532617921,-4.5175310549844925,-2.6011052932520635,-2.9743333689895772,0.7465158926141404,0.1952302603380944,9.742727347060903,91,0,0,0.1428,0,0.0108
0.5138284899448815,-0.22738285218940024,9.970280228303624,1.274012211766621,-1.5601363171896316,2.4090915956227,0.4867736299890196,-0.21789781506965805,9.912642083837806,92,0,0,0.1537,0,0.0008
-0.16368141215043322,0.46280475634051843,9.471905037560132,-5.127425324311714,3.7822450512283536,5.857664429141777,-0.17050659079978173,0.4668569125208084,9.38900172150554,93,0,0,0.1526,0,0.0008
-0.08676907719702104,0.118870366877017,10.06588431942796,0.21785386278391414,-0.3318667665185119,-0.9925078023036462,-0.18349893239492354,-0.0021997333795543694,10.021417173181671,94,0,0,0.1537,0,0.0008
0.09758892574893985,-0.3112691465587602,9.4749982630178,0.02978299547069808,-0.46368571720998475,2.5503766627746134,0.09135148814206236,-0.27676148190463934,9.375288699530536,95,0,0,0.1457,0,0.0008
0.15796723523860393,0.127861254320765,9.482036083711169,0.5811891438600971,-0.5841670649846222,-0.8026813461765225,0.1501473098730674,0.1542123935756808,9.448806300625147,96,0,0,0.1534,0,0.0018
0.33953791912299097,0.3565793444158477,9.698442522323905,-0.13259803327961897,5.720452898419424,2.7660543910345186,0.3621548176170537,0.35340566905168014,9.782699321161052,97,0,0,0.1537,0,0.0008
0.26881636444957147,-0.2633781810014597,9.63517224370385,-1.238850803586434,1.8831548974617829,-4.991063250797327,0.3082494193559116,-0.20677594862970639,9.651385676895183,98,0,0,0.1537,0,0.0008
0.37345665292324626,0.2256126373984795,9.585763991258355,-1.7989511082654044,0.10458046988228734,-4.963709037637883,0.4186966411916962,0.2830798833116054,9.589364602462334,99,0,0,0.1537,0,0.0008
-0.19572743786622063,0.03128431447319995,9.773630411154102,3.6458322262865233,-0.40842733061013087,1.8291446659123278,-0.21273137139874893,0.03370454320870609,9.786138834791611,100,0,0,0.1537,0,0.0008
-0.04572617775434463,-0.27625420633875847,9.706426238819681,0.8170268847188438,2.4606450914828755,0.9671507901430718,-0.07105571729421153,-0.30646911011079425,9.661194772189544,101,0,0,0.1537,0,0.002
0.09137266070643803,0.09122297243264295,9.801070993100852,0.22439247690264408,0.14122663626203893,2.1284976178637383,0.10452434143245251,0.1928551366043274,9.702956434738619,102,0,0,0.1537,0,0.0008
0.19407282804736795,-0.2641199464243354,9.777927126465007,2.244750230448619,-0.801980352724452,-3.65342102268579,0.15633969175249973,-0.28771908131654944,9.771352063024151,103,0,0,0.1537,0,0.002
-0.5765739148382213,-0.06418836017857815,9.716993029241701,5.943693873827457,-0.4359445579004005,-6.108888245084437,-0.5464808513784973,-0.08436038752790624,9.778319861633753,104,0,0,0.1537,0,0.002
0.3751227307403327,0.3934574878097695,9.861874574746146,-1.8809599349476736,-3.2074267504877554,1.5693649349582812,0.4206293127876869,0.38364409899546503,9.803542730853717,105,0,0,0.1537,0,0.0008
0.1613788782831768,-0.04144327066534109,9.862328699080596,-2.2047313480527246,2.469551540697821,2.744165592334682,0.13271906967477828,-0.036020411464660236,9.975201879964896,106,0,0,0.1537,0,0.0008
0.06167580154775968,0.06051812832209989,9.773234847619324,-6.636897026705205,-7.278672036016343,1.1118484111436944,0.061364836331145874,0.1046988761960318,9.788567763122371,107,0,0,0.1519,0,0.002
0.04166521453903792,-0.33708947023835356,9.529875696549274,2.9368566807972165,1.4556997949272976,2.31389266141531,0.03174286537057054,-0.3056102440037154,9.527293362727356,108,0,0,0.1537,0,0.0108
0.333767882583797,0.23613674447641786,9.321463306531722,0.6168862616319266,0.5233560716119603,1.6076234660869568,0.32925624724896974,0.14471172002089921,9.289358944262421,109,0,0,0.1457,0,0.0108
0.11993778006670722,0.37936491931026056,10.05879972129559,4.716267905817267,-1.178007343166282,4.861643324136676,0.16252628150958265,0.3372024357613486,10.029500260580381,110,0,0,0.1537,0,0.0102
0.6090693467424894,0.8531303531911344,9.904691154540126,-4.8667231562643165,-3.624613181094076,-2.657693406539832,0.5962593631581073,0.8461503882732493,9.92415377127002,111,0,0,0.1169,0,0.0096
0.13496174040350914,0.37850070559901045,9.921198096967009,1.003333925371728,2.0276711788324575,1.3209231511513162,0.17851062205093715,0.40807274696681656,9.927639267372173,112,0,0,0.1537,0,0.0096
0.1589881737206775,-0.007863764622447684,10.160053326797076,-1.8989864828002185,-2.765985718566685,-6.803203014332623,0.07408012709772652,0.08728611493316447,10.1621427050176,113,0,0,0.1532,0,0.0041
0.22241586087684473,-0.12173518431570114,9.919100736617958,5.872732371825251,-1.0390591021352502,2.3341894379247834,0.1849534996642481,-0.13877693310169884,9.999087859855006,114,0,0,0.1537,0,0.0041
-0.2462231363483377,0.0025085064122804704,9.895282126985915,-1.6218269572663888,0.8138784191042169,-2.1552870241533015,-0.23014949392186201,-0.0106525413379357,9.859258744838622,115,0,0,0.1537,0,0.0041
-0.16964589745223466,-0.09088884684608375,9.852448935557353,-1.7390783195864,2.0482823999692634,0.5123258566968584,-0.14449962933839033,-0.07631559623058326,9.890074011328629,116,0,0,0.1537,0,0.0
-0.1686331909683305,0.2773067455898637,9.98216243971725,-1.7422782079881194,-0.13418824919432165,-0.1374225965934333,-0.2214690299895184,0.37052350802482115,10.026345858728256,117,0,0,0.1537,0,0.0008
-0.13261482014407272,0.0797375267083233,9.79596314807032,1.0331024267760545,-2.219042277925152,4.11752483156991,-0.16284307017882985,0.0373284148515024,9.861407698821836,118,0,0,0.1537,0,0.0008
-0.09990640652384633,-0.09987364394544329,9.916712169487818,0.5394700247007982,5.979766509388161,-1.337716044172251,-0.12618659411523403,-0.05317981587996065,9.9080205242143,119,0,0,0.1537,0,0.0008
-0.3881547591104551,-0.09052621269625118,9.9372520966122,2.7198549444340383,3.892880095013137,-1.72072093564028,-0.42015300672171846,-0.10847186043955201,9.941332503867441,120,0,0,0.1537,0,0.0008
0.12289980647193924,-0.9863477219683365,9.46287906839877,-2.267105469947049,-3.272823692352259,-1.8877619525913558,0.03846178769931552,-0.9146439160689663,9.471962673350152,121,0,0,0.0814,0,0.0001
0.4497798414190244,-0.19339655028631328,9.398958364850305,1.3857213746104993,1.0786644866209458,1.6607404672622632,0.4733397774230338,-0.19758962232282212,9.473660124299125,122,0,0,0.1516,0,0.0109
-0.1870579024906323,0.2272760034436182,9.712316003250042,-2.7364091083728823,-4.280754083164839,-3.7756589423033846,-0.14937453451201413,0.19544326962443176,9.689696383570988,123,0,0,0.1537,0,0.0109
-0.16176571944233867,-0.32509370854311503,9.534773359281168,-0.08317324634790604,0.8230850832440662,-0.9879314942855115,-0.1535917504043188,-0.31286225454555505,9.592794522961253,124,0,0,0.1537,0,0.0215
0.07378710718018404,0.16560019951429586,9.860720794740983,0.8789516406416471,-4.22925930353531,0.6348297475334674,0.033480160602426576,0.16517911047492173,9.88221560117882,125,0,0,0.1537,0,0.0116
-0.5059820947394749,0.39763776226023395,9.38689480643603,-1.6718372906967787,-4.303915377312483,-1.811168277314508,-0.5456255735730795,0.23570459361507234,9.382334839497618,126,0,0,0.1479,0,0.0108
-0.06434125123978522,0.1311205787472014,9.923436383003223,1.165549928616188,1.414914531741001,1.3686018633757993,-0.09401215089926446,0.05343084610811272,9.95678099304565,127,0,0,0.1537,0,0.0113
-0.5826587755559783,0.03919941331653875,9.628101929434676,2.893757907110837,-0.90726787910691,2.484355703376907,-0.6751680002175342,0.011155178440023748,9.721330752422832,128,0,0,0.1522,0,0.001
-0.016489659417667727,0.49389319869049175,9.983957354027986,-2.0330611763448205,-4.472845324289198,-1.4265050996068096,0.01361611568149285,0.5624219985909005,9.986029487490768,129,0,0,0.1537,0,0.011
-0.16496579297603411,0.352991635772264,10.102593556233614,-1.1744756629136137,-1.362785957367299,-3.1753434217479573,-0.17766518492083133,0.4411019798274371,10.042036497002435,130,0,0,0.1537,0,0.011
0.4400837902506128,0.08660785698147862,9.790269203710103,-4.271970132595311,1.64964633066238,6.883547926603823,0.3370372896658794,0.09117362762870501,9.773493054066195,131,0,0,0.1531,0,0.011
-0.16463004309383608,0.2363357075016984,9.706718018388745,-2.206298736396813,2.877292506957303,-3.601292375840676,-0.09897453880777367,0.17989372237247825,9.692371444862905,132,0,0,0.1537,0,0.021
-0.3203896613956793,-0.2510033823350038,9.331535730554604,1.829707061857296,-0.2585869005127467,-0.39250775646979985,-0.30521289354402736,-0.24252854605933974,9.282032118572541,133,0,0,0.1399,0,0.0113
-0.011822342913640293,-0.3814797612843824,9.734658506204399,-1.2362989862359386,0.2519733522759874,0.8981481289871767,-0.032730942100714956,-0.3893737207129971,9.68584219835811,134,0,0,0.1537,0,0.0113
-0.05647324826175022,0.23551210937353703,9.686746205004047,2.9260959196311114,-2.519517932525409,3.843361138095285,-0.09494870313763781,0.23186993195644667,9.68524054562763,135,0,0,0.1537,0,0.0133
0.5227337060189406,-0.11351299483353601,9.498349683351202,1.931395090469862,-0.47540004445776124,5.258091892531687,0.43852988385462066,-0.08395037235302454,9.45570906984497,136,0,0,0.1537,0,0.0113
0.23907083107584837,0.11022732007271188,9.782282968509724,-0.6831659132921679,1.801928809284275,0.726973441324679,0.3063555953303431,0.08474542015503814,9.744608415663008,137,0,0,0.1537,0,0.011
0.5262449089378997,0.07665928098834973,9.739547904434426,-1.038503084066252,2.549793669644631,-1.7350099724087722,0.527643854323517,0.04539159679675145,9.776299450687528,138,0,0,0.1537,0,0.011
-0.16695826714634196,0.5449805289082622,9.829762536995796,3.6881190271993263,1.879263023694325,-1.5539355132829018,-0.16217132004105206,0.5781073060316659,9.824335025488658,139,0,0,0.1536,0,0.011
0.06916097894931693,0.1235123038227739,9.51490197525482,2.5900266947272623,-5.965629965097317,6.320825177518394,0.01672044727400117,0.11261706555929135,9.529408365446166,140,0,0,0.1531,0,0.0039
0.13006854666969941,0.5920496656460021,9.74064288481479,0.9348047639284116,-3.8447223332456426,1.7271389806249378,0.1562809235597153,0.5717755428538946,9.740062611423399,141,0,0,0.1536,0,0.0039
0.24779733691831518,-0.057646932628275124,9.667288380154728,0.40827897441522787,-1.623704205231067,3.074451412824681,0.16846753371649992,-0.11060387868465389,9.692119426476571,142,0,0,0.1537,0,0.0037
-0.32548493422605884,0.24930484911583345,10.035132326968291,1.7679777853793468,2.9397516403118855,-2.566732030306015,-0.3608461792176141,0.2802013336515675,10.022708989119801,143,0,0,0.1537,0,0.0119
0.2616995971456374,0.020148713874012552,9.990250450916765,-0.42573662385540895,-5.887738609415905,2.173265992056525,0.28839252231455725,-0.03340992737820772,10.121969539827367,144,0,0,0.1537,0,0.0018
0.5272359123746014,0.03665931531007482,9.707754407253494,3.9245736776436804,-4.271145892443013,-3.3574510367760646,0.4778756630390145,0.028834228703523576,9.702100729237522,145,0,0,0.1537,0,0.0107
0.021990352131317163,-0.11458744052112409,9.658653302353635,0.13986691542097246,-1.898848850434886,-0.1462890931165291,-0.018772751103226452,-0.0905416964977313,9.595165025756154,146,0,0,0.1537,0,0.0107
0.2790619179034096,0.18789209184028235,9.711801186634842,-0.3575395038555589,1.6771944196713617,2.726662895000405,0.2897584220818927,0.2042606059258118,9.731317900986566,147,0,0,0.1537,0,0.0107
-0.25726324330401507,0.10077269889716307,9.467439312035031,-2.191679803011489,1.4528514196193387,-0.30147842549144455,-0.19660755190371343,0.15405688597077793,9.441925174263378,148,0,0,0.1534,0,0.0207
-0.022081128183176126,-0.37224772219313684,9.679771074270967,-1.887076610485162,-1.5724130327743377,-1.9248238678164111,0.007427661295670851,-0.3119767379788902,9.671721850835922,149,0,0,0.1537,0,0.0207
0.3625762120748211,0.15930263871720904,9.48679441194933,1.4689942498459718,-0.11986335101291207,-0.8732749338639163,0.31514943280391716,0.15867588136320004,9.52299802289031,150,0,0,0.1537,0,0.0107
-0.08338190823842091,0.3846137404061578,9.673515078017093,-1.9428598174542417,3.064379243031187,3.6422268387176286,-0.07382432732376794,0.30222888831101974,9.657876264407705,151,0,0,0.1537,0,0.0107
-0.025324383171146225,0.06134658004620808,9.795388037743498,6.20532726801063,0.6301399463495599,-0.19761184587496972,-0.023558601029121985,0.07956831923748169,9.709284050728165,152,0,0,0.1537,0,0.0107
0.041159047399465735,0.016434922286961338,9.752958685119815,-6.553180496260566,5.969889867830363,1.7707213215785862,0.10842708874148999,-0.056254010855448996,9.694388800807118,153,0,0,0.1537,0,0.0207
0.19773469991882073,0.008748109297858738,9.74588558496076,-4.02249338180144,-2.5305699408045808,0.9696829936958133,0.23744222823259645,-0.004574741488611563,9.747361831707874,154,0,0,0.1537,0,0.0212
0.37563160535443785,0.2720884067457354,10.14099063672529,-6.017121272213526,-4.813638408878673,1.361582870701631,0.31777987060520896,0.33065172980389573,10.133107773446936,155,0,0,0.1537,0,0.0209
-0.03266766837758264,0.15479348972545506,10.17204156379449,-0.8554609162358824,-3.504837435554067,-1.2355624177250502,-0.14329443186229177,0.15399213993460592,10.225875799329943,156,0,0,0.1527,0,0.0209
-0.4526953310659538,-0.09129214896034972,9.883490628618443,2.40178542819726,1.4615809772824546,3.47607695661611,-0.4470051340939833,-0.06754257693797522,9.973129112633687,157,0,0,0.1537,0,0.0297
-0.08512912134425993,0.08980693307844674,9.687495669295437,4.9336183962526405,1.0328817632158847,-0.848353043234888,-0.07967348050820777,0.0616714049130406,9.614578292562742,158,0,0,0.1537,0,0.0297
0.42750208691234715,0.4955983241365286,9.89609370763745,-2.112167095632242,6.487504425015428,-4.336937336065747,0.3914519389476465,0.4784760134830199,9.870676193967114,159,0,0,0.1537,0,0.0397
0.4052789049747305,-0.17077865288654243,9.595779429863269,0.37558889783830696,-3.4489677952727247,-0.32765697453155057,0.48850642929088817,-0.13815166597863546,9.617428182249345,160,0,0,0.1537,0,0.0399
0.0028015198246346823,0.017916691745710197,9.782869744790467,-2.5057534434834876,0.7136776800120053,-1.3360781157295538,0.01425188405606052,-0.08038952781175236,9.752538332050772,161,0,0,0.1537,0,0.0107
-0.25123998341705317,0.0022940784928001464,9.910334103915106,-2.5553926259578716,-0.3971582916448524,0.5993226434932534,-0.17647273960706353,-0.015892717867538958,9.869326621410796,162,0,0,0.1537,0,0.0207
0.35258472533485474,-0.15694791699468347,9.734448966291236,-1.6686995789273913,2.148955448285094,-1.22129507004023,0.3652716177833474,-0.17972574026687788,9.728547135954443,163,0,0,0.1537,0,0.0011
0.04242355404611362,-0.24183020471263444,9.966000519841424,1.9654790487162872,-0.20260782863920762,-0.21491447909423628,0.04242166695633615,-0.2552361570310881,9.946625611168901,164,0,0,0.1537,0,0.0011
-0.21555513651128558,-0.34522752964540243,9.89039016401431,10.83477055321867,3.9346673339650025,1.5107450075755904,-0.24701649572471546,-0.3605015630861285,9.880722023595489,165,0,0,0.1054,0,0.0009
0.453679815235987,-0.47634932240270056,9.751513584643206,0.641165933159504,-1.205289368332588,1.2127736909833102,0.4427789525154938,-0.5777266993646671,9.629591135198883,166,0,0,0.1536,0,0.0008
-0.08794359455541016,-0.02890650010500721,9.938426461155718,-2.8294081662979123,-2.5389518945517375,-2.7113953484608597,-2.9527027858675114e-05,0.05696456981615268,9.893023426494508,167,0,0,0.1537,0,0.0008
-0.08171454680202449,0.5302234800518425,9.95293329963353,-3.35720729042219,1.8893305733137615,1.1373958240886857,-0.1015561114883594,0.5286933300515889,10.014445527118607,168,0,0,0.1536,0,0.0008
-0.1562357440897002,-0.21393589873957913,9.48174954221241,0.3572154251582432,2.355777509441283,0.5956483946324016,-0.16460164844071867,-0.26620739612905336,9.471167424609579,169,0,0,0.1537,0,0.0008
0.5719405485895231,0.15691236834750985,9.941116696481103,-3.538008477186295,-0.7992334413492134,0.9900758641506424,0.5816641160697792,0.12478835446935302,9.978176772841282,170,0,0,0.1536,0,0.0008
-0.17783496275468544,-0.0932478401563295,9.945367837013434,-3.1913693128926903,1.9426041733049444,-1.2351322968851004,-0.32525843921996367,-0.10166728802521582,9.844929909472055,171,0,0,0.1537,0,0.0111
-0.036843739488950214,-0.20759785858354293,10.021126376341044,-1.806399229068539,1.338239540006807,0.8500037098033963,-0.034234646123909765,-0.13488714966105442,10.012119203505693,172,0,0,0.1537,0,0.0111
-0.07319445520988017,-0.4909404770626416,9.89234860606017,0.07442440484656135,-10.23727052248634,-0.21996140298285421,-0.0627319557110465,-0.46031509975473206,9.873307745008345,173,0,0,0.1467,0,0.0013
0.39244130924647663,-0.28798394886202044,9.542930955867545,5.754991941996408,-1.6738920134869057,-1.9805195769558754,0.4630284331099147,-0.35158794196257787,9.633270694023718,174,0,0,0.1537,0,0.0013
-0.2350415500133244,-0.5404370303325471,9.855476064254935,-3.0604136577856345,4.822364758786083,0.14745789184533714,-0.23548767845508836,-0.49767525120691236,9.879296210179396,175,0,0,0.1537,0,0.0016
-0.15596088097383093,-0.07846897444037751,9.784367536751748,-1.3199816015621582,-1.692726720946481,0.07349945010304594,-0.21726075171874157,-0.15711358891802962,9.728429693804852,176,0,0,0.1537,0,0.0016
-0.11558907689263768,-0.10378934135556642,9.812728759882953,-0.8899982693093914,1.3498739717829207,0.010578994140009571,-0.10786072418809967,-0.05033145873324758,9.788819122928908,177,0,0,0.1537,0,0.0016
0.2304537847869085,0.23630050418626636,9.779602422681437,-0.45211308133168787,1.9120112619744631,-5.4127952608361305,0.22218737000302516,0.19706399779447578,9.695997973130265,178,0,0,0.1537,0,0.0063
0.2259632808408651,-0.08639619962089211,9.858962945749935,-3.745191547568993,-1.8208493969055777,-1.1988608923097859,0.20818960087605998,-0.02614350263674667,9.816129249321401,179,0,0,0.1537,0,0.006
0.2555824575332766,-0.1097973874993212,9.87189703131138,3.3428483654500756,-0.8688013848968361,-0.11551021610371462,0.3143200189711236,-0.12660840252692623,9.736179950453655,180,0,0,0.1537,0,0.016
0.7212297183232287,0.17455952250595633,10.009106098886873,2.7844900717122125,0.2146443681969673,0.41514771515244864,0.7418918892625338,0.26816526652278255,10.020546815747766,181,0,0,0.1491,0,0.0123
0.29605218454969795,0.07666974707160479,9.638530794757955,-2.983783485482465,0.8751716388727273,-0.20264347570210256,0.2953006142690148,0.012331844164865421,9.640648616472626,182,0,0,0.1537,0,0.0123
0.147975408314996,-0.019613514486515257,9.935648210831824,1.39882602375534,0.6032304860563307,0.51629540930731,0.13962988089762812,-0.013822587129987744,9.946008417645182,183,0,0,0.1537,0,0.0123
0.24123611511258736,-0.24197034396472594,9.439433056948323,-0.9115667222834147,-0.010113274489924759,-0.29228096709125484,0.3126132263225065,-0.2600156829384084,9.418587071957436,184,0,0,0.1527,0,0.0223
-0.11528845553039982,-0.011797273694810912,9.921187160821837,0.17419708728634872,5.787247080599015,-2.3451878607748298,-0.13995338899251233,-0.041904848996605876,9.851891164508345,185,0,0,0.1537,0,0.0313
-0.4305018078159392,-0.14715008980895614,9.939020421640988,1.280486428046513,3.2219033565554325,1.625027592303527,-0.49512534617214987,-0.06820641294884283,9.895224575177796,186,0,0,0.1537,0,0.0123
-0.21534343967012262,0.05955891312157102,9.700466827687821,1.262393935516224,-2.973885652468592,-7.133476052085402,-0.28233733046175485,0.12256236518988482,9.71726133565979,187,0,0,0.1527,0,0.0124
-0.017985941556147675,-0.5542574682626337,9.800828098274572,-0.8643042805220684,3.263864639446041,-3.434104326825361,0.0203574150680053,-0.6334049146050287,9.916421222656297,188,0,0,0.1414,0,0.0241
0.38294528508132997,-0.5560699491916571,9.950262850738465,4.361926099884635,-0.025428344571999266,-1.7644237711016175,0.36972521990096696,-0.5187561845139778,9.976586922029725,189,0,0,0.1537,0,0.0341
-0.12830632443706932,-0.045853431484177844,9.751452034631118,2.6447972361568244,-3.457568344696444,-1.3297380227411901,-0.14874420212203923,-0.12291340198405051,9.812013185585124,190,0,0,0.1537,0,0.0268
-0.04690811272175885,-0.45961694728569324,9.799147224980592,-0.12492751931721827,1.3931331654642125,-0.3496872159529046,-0.029566922422980306,-0.4665521546080872,9.801250491849203,191,0,0,0.1537,0,0.0168
-0.2809242839356462,-0.2192525990231659,9.778124647828749,0.04559448155512559,3.7840374321044337,4.211523020273,-0.25134828502559853,-0.2835417805109055,9.797834940647903,192,0,0,0.1537,0,0.0269
-0.13014143110003104,0.03290829851097195,9.745292269274394,2.3992432872439426,3.601351154951179,-0.7345206551313088,-0.04422467654818721,0.006442691756122301,9.72862339358339,193,0,0,0.1537,0,0.0666
-0.29477957614078276,-0.18893571526619307,9.799774148610856,-0.046833471171561905,4.1306718227129195,-0.46650765169923847,-0.2921415178809228,-0.1983909662753551,9.733847022703134,194,0,0,0.1537,0,0.0368
-0.1672385971588488,0.42370090564116447,10.173315800516228,-1.0791236432438533,-1.5916153674281683,0.6161876227020395,-0.21690120670389618,0.41721790648573065,10.220289929472997,195,0,0,0.1527,0,0.0266
0.23769309238217143,-0.21175150179022592,9.799292048114564,-4.418463313529647,-6.083281716998224,-4.491528918274975,0.21367328428278623,-0.19751855302627097,9.814580872645013,196,0,0,0.1537,0,0.0269
-0.684567541815912,-0.3640267346790419,9.868859417567753,2.9906293460500963,3.8219821722300322,4.662660406636085,-0.6786086557267471,-0.42568777479151804,9.838121777237244,197,0,0,0.1531,0,0.0266
-0.19093573332450567,-0.24787383145283418,9.584629373443196,-2.4500908341744463,-5.971270295994894,-0.3672198280602183,-0.21876963086016302,-0.17477847255677953,9.641712313954796,198,0,0,0.1537,0,0.0365
0.10671797799100682,-0.3728845853897174,9.750235707398668,-0.8777305754248712,-0.48188640628613066,0.004019740445658876,0.14142791276648814,-0.33020808950107183,9.759284507866198,199,0,0,0.1537,0,0.0265
0.2991179156529307,0.16040902069253232,9.942983964846833,2.9188409620709583,1.9354291743502934,0.27859359245594545,0.36851275601587763,0.13789407952274754,9.929532843155185,200,0,0,0.1537,0,0.0165
0.25312592065844697,-0.5458770262749401,9.96902313918023,-5.90748474709822,-0.8874123880656142,0.4886914298448848,0.322434546989884,-0.45649197108577316,9.990217646674157,201,0,0,0.1537,0,0.0265
0.24380563845696185,0.20304874392872294,9.755340576605887,1.8073466777095555,-0.4696098700534115,-1.6517800455852822,0.14918317835665346,0.20211745994610197,9.750183492749477,202,0,0,0.1537,0,0.0267
0.19235370549915667,0.1696271518002259,10.03804671853832,-1.7092275701053299,-0.6701729670208753,-1.9722925467349974,0.17783589049490625,0.10838534019616095,9.967420086892421,203,0,0,0.1537,0,0.0267
-0.13816606161186626,-0.02397972577970488,9.481560317859481,-2.8865644242597117,-1.4105384743498166,-2.5218099700904264,-0.08396099319096956,-0.037952023152132405,9.40341242591637,204,0,0,0.1526,0,0.0267
0.07233200899723399,0.13060869449553303,9.828786384424932,-0.7344300868344558,3.5071643650394018,3.4706777990353173,0.0970988010114533,0.13673053538511207,9.819584534814236,205,0,0,0.1537,0,0.0164
0.4073047976582183,0.23196608003127628,9.752965711622569,-2.4116003638884633,1.1936671226621212,-3.0220349399856437,0.383264896546877,0.2218557175563369,9.791186876681692,206,0,0,0.1537,0,0.0263
-0.34927491489229323,0.4100375141738648,10.170531099026766,2.9841125631284418,3.1324128649363328,-7.754913139529831,-0.26526504145626545,0.4448336396061138,10.223252357922128,207,0,0,0.149,0,0.012
0.14075062354179127,0.19184223809008114,9.531869490240162,2.9140544059233306,3.423925953232824,0.09632738637741181,0.24254057175297922,0.13176580825370063,9.597271022934295,208,0,0,0.1537,0,0.0222
-0.43235814748308093,0.2625689204575216,9.966223961170241,0.6773458410200335,2.6156476993115314,4.900637934495117,-0.3974617287011453,0.3072734217785485,9.979736457562097,209,0,0,0.1537,0,0.0164
-0.41777404021753844,0.5043461241531035,9.560203914240873,1.99078167920923,0.1732611617951012,2.5532376237622794,-0.3915180683452296,0.5310174601087252,9.546158948436322,210,0,0,0.1537,0,0.012
-0.07970782218784135,0.06985694205512129,9.830070908718588,-2.140716366969533,3.682774355929254,-3.636567003600633,-0.030627346968417207,0.0036140595599676723,9.853324033587443,211,0,0,0.1537,0,0.0122
0.4190561984758587,-0.2337176202296888,9.599593672221799,1.4619107994689622,0.5220434983198625,3.065831329927152,0.43952269172767366,-0.23725587444492793,9.613219846274484,212,0,0,0.1537,0,0.0122
-0.6434337183883471,-0.22162783178270246,9.404075443599261,2.597547554337997,0.9343712453681448,-0.622016022629782,-0.7113502040413758,-0.16643983841867316,9.394735293723246,213,0,0,0.1498,0,0.0123
0.009130794096820133,0.4289279554291781,9.720722829655024,2.9025341262312208,-2.181883404546983,1.331233671742711,-0.01193555519891452,0.3910806327756083,9.719947553698272,214,0,0,0.1537,0,0.0123
-0.29902666291335656,0.001794735568751857,9.932504764372856,-0.603661736918879,-0.5833377613375215,0.4652421762255804,-0.1880671609453255,0.03278124896744319,9.957888672093212,215,0,0,0.1537,0,0.0022
-0.06670877860295742,0.3074617234155346,9.843509794981307,2.0281419934427287,3.06038289678197,4.2879328534019985,-0.025428455693986093,0.3781877043663865,9.881638712028742,216,0,0,0.1537,0,0.0022
0.7024303144587615,-0.7490380345955032,9.539480040911323,1.6318999256393811,0.4429947068488189,8.59268733643791,0.6902578646563526,-0.6696976899621018,9.623282784949723,217,0,0,0.1756,0,0.0023
-0.13303382003499603,0.07201159174073206,9.790322033520477,0.1468249048895997,1.572403543723203,1.4836922933866703,-0.08709673451474771,0.09224539672038083,9.786402658302132,218,0,0,0.1537,0,0.0023
-0.2530737329967791,-0.4337524431092854,9.46407472880195,3.2499687287405665,4.661595362629871,0.8362394211163424,-0.2442396002538569,-0.4232777238111221,9.490407058810593,219,0,0,0.1537,0,0.0023
0.39427510470926225,-0.10932602854727648,9.62207980833197,0.6150288606076357,3.4227870614971976,-1.6023787667116358,0.3632448453834566,-0.1475841425475077,9.533146590026718,220,0,0,0.1537,0,0.0023
-0.4234832889057409,-0.18943219249507207,9.92941826523677,-1.127577975935005,-2.873731860499011,2.5212271783872264,-0.46789966257219967,-0.2292940028285223,9.910618986895276,221,0,0,0.1537,0,0.0023
-0.3725002728820534,0.05636397376316227,9.39213196155561,-1.3685694617710489,3.872614892981829,1.3537592647845456,-0.355541007147344,0.19115265809473228,9.441002747798636,222,0,0,0.1513,0,0.0033
-0.4281101684125253,0.010799140158779722,10.019329946821529,2.341315550367474,2.316431270710109,-0.5283029578055751,-0.46695388466121657,0.06379044240056994,10.039274321328303,223,0,0,0.1537,0,0.0002
-0.2409381675334921,0.22416867199437365,9.405620976119998,2.0176303198820884,2.591451773899901,2.656485131314735,-0.25785740687858977,0.14878556768018616,9.487408002162267,224,0,0,0.1537,0,0.0014
0.033158849911065796,-0.5914676809612857,9.989823552784532,-4.146705465207419,3.7438295131517494,-0.4916386387405744,-0.006384045866371438,-0.5702139969528504,9.929008820687738,225,0,0,0.1537,0,0.0014
-0.061709257358933456,-0.5198043833188087,9.557547958300356,-0.8820613198181556,5.925354142337294,3.0027382716542355,0.02235587129051539,-0.5162770775106228,9.518757221787698,226,0,0,0.1537,0,0.0003
-0.36090916692440256,-0.25665206287692266,9.819798399099659,13.211673689917422,2.7947844619449658,-2.066311851807078,-0.37525733467674705,-0.22727165818035552,9.77117329081306,227,0,0,0.1022,0,0.0208
0.1796049054805498,-0.10129676089313502,9.855252015489587,-0.22553925183461543,5.457779292564874,1.7050872579020977,0.26363534825209783,-0.19747156914457537,9.87911793214678,228,0,0,0.1537,0,0.0108
0.16646006655403803,0.25168247868460947,9.962951577845253,2.7251247151818916,1.3908961024241857,-0.015551541135818619,0.18749661282603436,0.2529658694033995,10.042442896593071,229,0,0,0.1537,0,0.0108
0.054661654300248504,0.07539800688445238,9.635036279484735,4.3337226068431045,3.1913208057469795,-2.1219370072689965,0.0483297986049297,0.0863904363962678,9.610041511553321,230,0,0,0.1537,0,0.0208
-0.14797926970438927,0.5389113634146053,9.843706835482841,-1.4451982427287144,2.07647151374728,-2.2994128545612798,-0.1244136309694221,0.528125113355678,9.845370975944713,231,0,0,0.1536,0,0.0208
-0.038463945442887774,0.15989638707193904,9.798610086743974,0.6093214554668988,1.8018020860803252,-2.688379513877056,0.064610126795102,0.18221597762144753,9.79216611555673,232,0,0,0.1537,0,0.0202
-0.1886878449786,-0.6501418550918098,9.771653874697883,-6.0953529298362,7.0112505500844104,3.165013679492435,-0.2573884508009087,-0.587662133201278,9.801249922789546,233,0,0,0.1434,0,0.0208
-0.5540580879769663,-0.06582816446017756,9.306782815720231,-3.4093790905775734,-5.364265741645117,-2.8934980081199417,-0.5647033388477125,-0.1422322709103195,9.35626586551744,234,0,0,0.1478,0,0.0102
-0.43571931328689173,0.3228142153825661,10.107600495542826,0.218296162371177,-0.426876088250152,0.7493054622542661,-0.43938710979786866,0.3236333734304929,10.159455534004417,235,0,0,0.1537,0,0.0101
0.20593646303589278,0.18691912345890188,9.855268459453981,-1.3628619084542073,0.3895955738873239,2.3284259906748592,0.1491034006042344,0.2931512487328141,9.87726030387559,236,0,0,0.1537,0,0.0107
0.30720291295977425,0.37523157015002856,9.929656710619595,-0.3303827488987345,-0.09406085335928438,-3.1610073595612294,0.270831713286679,0.3640875198370652,9.950562887151097,237,0,0,0.1537,0,0.0108
-0.028161602430528797,-0.19306971688752703,9.86260077091242,-5.870544591506423,-1.1791567070688074,2.8288093343763925,-0.02530723148975395,-0.22886756501161365,9.897791856579827,238,0,0,0.1537,0,0.0008
0.035910986683996796,0.4471534525520369,9.775337287736848,-5.508941944471153,0.382190331345999,-4.6041099602262605,0.14007976054357008,0.44764045227543653,9.7497754533675,239,0,0,0.1537,0,0.0107
0.25552467042174415,-0.023097051109620445,9.78543319355485,0.07808018500337986,2.850853032139673,-0.10536738183937502,0.33536716322031945,-0.003395391235171817,9.792777840342634,240,0,0,0.1537,0,0.0208
-0.631702381997433,-0.3867619833176779,10.022083468582181,2.579689329652772,-2.6603858876240674,-1.5498045422823958,-0.557162507520849,-0.4469561155948172,10.011005605384684,241,0,0,0.1538,0,0.0007
-0.7782112153079548,0.022225672944563613,10.00689730584161,-2.432278752371954,0.5918134158231102,-0.84499434210605,-0.7475621884736114,0.04295594082530815,10.003559632257028,242,0,0,0.1701,0,0.0208
-0.07988034955880792,-0.4081724345929848,9.859097585969568,1.0883383336438353,-2.6200152889364983,0.2626814318583621,-0.0643326013419058,-0.39232096389003596,9.7844415844732,243,0,0,0.1537,0,0.0108
0.06443674679888653,-0.3657535966684605,9.711727011319551,4.767060375405947,-3.319166721041881,0.09533788009523016,0.06848778192608322,-0.4028031981954737,9.730253183165331,244,0,0,0.1537,0,0.0108
0.1090847361832343,-0.29741775192201547,9.628252376594725,2.20525467752299,-4.242614278395192,-0.33457833875187853,0.06732096850539687,-0.3474896125053657,9.687843311578625,245,0,0,0.1537,0,0.0207
-0.58372384154859,-0.00844053593783873,10.048205880342127,-2.744585715031839,3.2059222410534436,1.0362207912857098,-0.5772535385421818,-0.10714383797578217,10.046656512648452,246,0,0,0.1537,0,0.0108
-0.0615621676401766,-0.3559068040990772,9.714850234430035,4.014637321326706,0.14408992071595852,0.12362507658029293,-0.10074754575307197,-0.40597790820095125,9.68458377787223,247,0,0,0.1537,0,0.0114
0.26620963725590313,-0.09466382411298782,9.678486171673208,1.7562486179019434,-2.753532651263912,0.3738536385136108,0.30678207757533216,-0.08244550802721572,9.656390651819484,248,0,0,0.1537,0,0.0014
0.528393275731568,0.0008304344758742161,9.71562156640319,3.332146109977363,2.9438092354428975,-1.7258350568217957,0.5396385219333005,-0.03030774754173906,9.710914611670608,249,0,0,0.1537,0,0.0114
0.2540735056218416,-0.12208430473808998,9.802716126007665,-2.9811684793283764,1.683366854002708,3.357327185620364,0.33272585718462305,-0.1288647071096292,9.816115805256278,250,0,0,0.1537,0,0.0108
-0.27475811204072903,-0.02897172323251501,10.02488945947954,0.14229344280821388,4.613592547584029,-1.3145342760153675,-0.2896005654607812,-0.032805431512733164,9.918638163490975,251,0,0,0.1537,0,0.0208
-0.43719404841354376,-0.2653989716979915,9.758450985153138,1.603448552072076,-1.5935542096191297,-1.9493759090777232,-0.43265741504338273,-0.3683956788455702,9.796314165141187,252,0,0,0.1537,0,0.0208
0.20423560427330548,-0.21453598684105166,9.67890076517787,-1.894601177389966,4.110643045420643,-4.094431639987386,0.2021832420604589,-0.15576539504270892,9.661442747725157,253,0,0,0.1537,0,0.0209
-0.21708017716947137,-0.6219033533521194,10.041534451750373,0.7050334420119281,-4.098437314502136,1.0750010769946154,-0.17383174643454266,-0.660517053798752,9.974254319015749,254,0,0,0.1539,0,0.0208
0.024922156327692475,0.33099223958637575,9.956216259500616,-4.770592136085947,-5.464783540439346,1.222206059996559,-0.024669515375400863,0.43098458194236555,10.026310800777804,255,0,0,0.1537,0,0.0107
0.28380977487334547,-0.500030552591909,10.022910167904547,-3.6753849379871335,-0.8277579424385189,1.9311135136756197,0.2697960913884378,-0.4325017916299378,10.036633334229965,256,0,0,0.1537,0,0.0107
-0.3046376530773312,-0.36260405951364205,9.912853440509954,5.903419468077319,-2.5366829488444655,0.6673956406196442,-0.385355826341002,-0.4209539023112233,9.887040078913778,257,0,0,0.1537,0,0.021
-0.48924397271336734,-0.3534281804005708,9.697144695170767,3.9691163567204217,-3.795785542764876,-1.2547380094523937,-0.45155312290752647,-0.3537599555243914,9.680145698795739,258,0,0,0.1537,0,0.0309
-0.3065916391997984,0.2846362534808386,9.887534111584486,-2.8200021993289996,-6.797211607238921,-5.567296251884923,-0.30724651360271105,0.25452044195847967,9.893111074309807,259,0,0,0.1537,0,0.0303
-0.22164161367746246,0.20593101900842672,9.686231321186908,-0.8688411062816801,-1.0687422450171595,1.7630875588767407,-0.18360863799305116,0.1910864444537369,9.721039572903607,260,0,0,0.1537,0,0.0503
-0.10117708504567242,0.05955849841689708,9.770514060257403,0.5936076388480453,1.2692191157176311,-0.7089429169069389,-0.16731481373600415,0.14305068188668996,9.882121829348701,261,0,0,0.1537,0,0.0409
-0.3496765035634508,0.5823050529900095,10.109732809597187,2.2187508056600285,0.9677299019113565,-6.395820447471259,-0.3291932001565686,0.49537759000483234,10.009457460914115,262,0,0,0.1536,0,0.0407
0.011293411725965012,0.48534301283773157,10.001024498451196,-1.3356345602868949,3.245112256014794,3.729147928170291,-0.03488817735596996,0.4779018891160258,10.072235940590376,263,0,0,0.1537,0,0.0302
0.0365802210453142,0.32570460979633775,10.233090646289329,1.952791340114299,0.06432846966116194,-5.8529737422468155,-0.005497123263710303,0.32998274378931647,10.24424930047197,264,0,0,0.1527,0,0.0102
-0.05817371713255941,0.10349739792846642,9.816015169173593,0.63627763966444,2.1635206297992764,-5.993818943202701,-0.12495801135854,0.10986119803487791,9.788370619397009,265,0,0,0.1537,0,0.0102
0.026821492167416264,-0.13610890804689685,9.936746010788317,-4.965885063987965,1.3978467684880345,-3.6438578740417347,0.0025664206636959383,-0.1893403420767778,9.953514570064375,266,0,0,0.1537,0,0.0002
-0.0030212617302507227,0.0164291099919511,9.894502529297824,-6.856000933106658,-2.6095833044243393,4.791929071407239,-0.04810630563284487,0.09489406019859095,9.873194511301092,267,0,0,0.1537,0,0.0202
-0.08584913874093941,-0.19822173035810392,9.610378301324754,-2.3101601908748632,-1.5833110976464526,-2.6562238104899616,-0.002221593677127792,-0.28631016167577716,9.594515263622851,268,0,0,0.1537,0,0.0102
0.046561796327138555,-0.2119415288810883,9.821073924936867,-0.04323448926176894,-1.786413649651387,-1.5244125970913802,0.05391471103731178,-0.2679624856175865,9.846510123124105,269,0,0,0.1537,0,0.0401
-0.35723874442321363,0.237864827703839,9.783269080741773,8.974515088097286,-1.6951542593215834,-0.6718419991123576,-0.4229735169939097,0.2127719307945533,9.80042142936268,270,0,0,0.1196,0,0.0501
-0.03931224127471939,0.08041948965350125,9.682403003670427,3.8346520091380354,3.3323858811263793,4.611623944914722,-0.0053802673383388094,-0.015052437978666913,9.676775005649683,271,0,0,0.1537,0,0.0201
-0.17438687255749982,-0.47589871381686755,9.944896995264255,6.373877342807162,2.091882905661724,8.057819795665093,-0.1596800694065351,-0.4316508245753568,9.852416921866904,272,0,0,0.1407,0,0.0108
-0.15834488853325165,-0.4985995374296376,9.920992501688147,2.4010710298254176,0.6338496191818425,0.38439828757232664,-0.11284062825010291,-0.46545008977693025,9.922897682217544,273,0,0,0.1537,0,0.0311
-0.29078024364072913,0.19384522945968655,9.373594901413433,1.9620860879928947,5.608549820835149,-5.288758450010503,-0.3255064699728102,0.19737249555816222,9.318940549811913,274,0,0,0.142,0,0.0508
0.10469657603589518,0.612965337604025,9.396116297501482,1.7299451881361274,3.2446707402052652,2.0886547283446393,0.06649466521358832,0.6396551707075047,9.471242345667225,275,0,0,0.1508,0,0.0508
-0.5594347792827642,-0.09377284564447139,9.639310766004138,0.6401571727998663,1.9542185059532167,5.617415473539549,-0.5965683175325416,-0.09752352471857306,9.696376922597608,276,0,0,0.1537,0,0.0408
-0.08103846546657927,-0.19773536374095504,9.786840258289079,-3.6402666922142473,-0.1502931783329208,-2.9232951851603772,-0.12639470907302328,-0.151957773152887,9.842033252615634,277,0,0,0.1537,0,0.0108
-0.040726889598250146,-0.1816355031616512,9.854914014795048,-1.7767448667049528,-0.6246616205438531,-2.6695778514530897,-0.13182627443273626,-0.25363128393669093,9.817572855638453,278,0,0,0.1537,0,0.0108
0.579484585315153,0.08156203408738998,9.758975723830295,0.9555930612306558,-2.4374610785143678,0.8547950449110919,0.6081765727944827,0.05681087405040286,9.742982321884323,279,0,0,0.1552,0,0.0001
-0.5136617666738942,0.20246528108556583,10.019409680902482,-0.9900261157511667,0.4815629394490779,4.036855621615201,-0.46274551924133156,0.19251392279564972,10.054587793251878,280,0,0,0.1537,0,0.0207
-0.11216543201298466,0.3196290669762684,9.880634874532294,1.4487963816543514,0.4787403487558449,6.931801093188231,-0.09007186677232826,0.23136381380133922,9.938886979122096,281,0,0,0.1531,0,0.0207
-0.15760727231574587,0.2845382737759733,9.83737011883763,0.5569055873487847,1.8594918750745801,0.2800123950031812,-0.14379094269828618,0.30363778072373604,9.830173255078018,282,0,0,0.1537,0,0.0107
-0.28489932664465184,-0.21764603458769205,9.442590905801541,-0.8239522848040912,0.25337778491197005,-0.39758177623855795,-0.22171441324678198,-0.24485679525724924,9.42647739960457,283,0,0,0.153,0,0.0101
0.22982306541816988,0.08061492885289957,9.666561734913726,1.0505774035616273,0.9535898449289745,-0.9292008295686429,0.13481409195124278,0.04598996793170425,9.61375653158563,284,0,0,0.1537,0,0.0107
-0.058035699348796564,-0.16871709405667545,10.05101729587723,0.7633790363538945,-0.17298212159230933,-1.5775657551075866,-0.06636704360159716,-0.12685441843968928,9.954609353027521,285,0,0,0.1537,0,0.0207
-0.05477289899201152,0.180823063748048,10.285809698028313,-4.004110018354433,-2.5847502918295553,2.598964437765902,-0.041927233113664884,0.1714412018259989,10.296088478882567,286,0,0,0.1507,0,0.0101
-0.24221731592601245,0.17605932777117847,9.991533283561555,-1.7542372235176908,0.4251891907607884,0.5879874307661439,-0.2485549825641626,0.21696344717931673,10.06183330548564,287,0,0,0.1537,0,0.0001
0.4135252197476311,0.37120648079835517,9.620310224161761,2.7937354157541865,-1.263171520821036,-1.609304828578074,0.45667485567609706,0.3597157534121521,9.62972224099778,288,0,0,0.1537,0,0.0209
0.24249710552823892,-0.2151795851288121,9.665710915171386,1.8634679505104823,0.03205985902682153,2.2915318982363337,0.19498584269656002,-0.25529842488910437,9.684828930986269,289,0,0,0.1537,0,0.0008
-0.23107900339172374,0.047859808652875646,10.114150876336884,1.8224990017743476,-1.8612847315959118,-2.9219067021425693,-0.32010066635586326,0.04001822291055278,10.089918314848266,290,0,0,0.1537,0,0.0108
-0.17773136679470794,0.019492217851218987,9.592935343331273,-2.8021806698621052,-0.9838737984375162,-4.188775971887067,-0.1462445453002696,0.062166767353863644,9.644401947125537,291,0,0,0.1537,0,0.0109
0.6564651113547496,-0.02375597772889766,10.297553796723749,2.9037360665375904,2.2783620200079904,0.8439818466568088,0.5946514807599941,0.05392385304038487,10.289938797104776,292,0,0,0.1537,0,0.0124
0.08837076337974184,-0.5085263885605151,9.484055139893304,-0.4317999087993437,-3.227532010437967,-1.4933366041575598,0.1486996993926721,-0.4483066655437656,9.54829242154227,293,0,0,0.1537,0,0.0221
0.4043940468943443,-0.2388576774934011,9.95233002826395,1.6988961795374957,-1.0642016924052633,-0.30000960187035847,0.44499748043285775,-0.119322625417357,9.966559807326208,294,0,0,0.1537,0,0.0423
-0.33987635089390983,-0.294560048190907,10.062671191020291,2.7804724515059673,-0.29696793131021393,2.3217671931029233,-0.3312159575372622,-0.2265932503257186,9.97686175999329,295,0,0,0.1537,0,0.0223
0.3163926603285172,-0.043518234111593355,9.737048944520618,-1.974000052572089,-3.4892482187963116,1.0467857203013013,0.3038085177329963,-0.14862318147011683,9.676500776237036,296,0,0,0.1537,0,0.0223
-0.08468525002373664,0.0260625657153194,9.688813014858559,1.5436856519342945,-2.1496251604935184,-0.043957914785557106,-0.014466862815563808,0.05448355652581739,9.627296386033548,297,0,0,0.1537,0,0.0286
-0.06486644708717507,0.12238884160208144,9.958161257683956,0.2772255312616224,1.5691992694521746,-0.44584488535697125,-0.09333986041736919,0.1428574002311293,9.948440736117623,298,0,0,0.1537,0,0.0125
-0.20294246164547233,-0.2796834515207201,10.034942725431376,-3.7001720070999564,-2.1346786008732512,-1.0343168039892285,-0.15776153231015758,-0.24328691386770088,9.992665162942753,299,0,0,0.1537,0,0.0125
0.11373712059684754,-0.07375446114645971,9.807820282711617,-1.6594660833159534,1.0275192757926384,-1.0002860741377755,0.038281499710295375,-0.11628336668711564,9.762684669188092,300,0,0,0.1537,0,0.0349
-0.6606367704012143,0.4629865172434886,9.761426338832155,-4.275436191274462,1.9663493936271677,2.507844657317119,-0.6395983867403408,0.5493278178627001,9.722686859027037,301,0,0,0.1538,0,0.0185
0.4486505323121246,-0.033889820787517524,9.74756796687215,0.5536236449621821,0.9394217747773392,5.707606881385383,0.38162064521057454,-0.07269183116061664,9.648406737946319,302,0,0,0.1537,0,0.0384
-0.1079883108562521,-0.2792162788919642,9.89229519046908,2.11696499930921,-1.7960841625482427,-3.977048951489245,-0.12466789982897827,-0.23457687680744455,9.885581881058075,303,0,0,0.1537,0,0.0378
-0.3645153563129415,0.10378333737693791,9.625199640937591,-6.25026478504212,0.947437791669957,1.1868255843757844,-0.3278495115715391,0.16902804022921442,9.626586293077539,304,0,0,0.1537,0,0.054
-0.46656249602499583,-0.28885664309032294,9.622082480811471,-3.2112432947775598,-3.825878938986984,0.16422664137923818,-0.3323917999123426,-0.2417131329311746,9.659776855026985,305,0,0,0.1537,0,0.0569
-0.04947012606700455,0.4354790204097651,9.738912844398186,1.0474525165668207,-1.4812720731275064,0.8398402180680948,-0.06833800148020538,0.44248458495340126,9.838971353468855,306,0,0,0.1537,0,0.054
0.4630808254876729,0.057233463675461005,9.709546598539545,-1.7523115226036707,0.027082793422887268,2.7700602512199843,0.4349403895795733,0.10360440215865793,9.690613127867339,307,0,0,0.1537,0,0.0619
0.28874450161208953,-0.46758711009701315,9.801547567540396,-0.7552504913121076,2.3241018000547067,-0.614827625944841,0.24385233944424345,-0.5016229676494208,9.727803448324796,308,0,0,0.1537,0,0.071
-0.1422993617666731,0.027914365807088785,9.889997443165754,2.1102804012764365,-3.3137627367834996,-2.04021604539063,-0.21733948274323717,0.08384216925477839,9.830430561301661,309,0,0,0.1537,0,0.0492
-0.1553240631786125,-0.08309511056090009,9.758608089579317,-2.519778765292812,2.017771363957546,0.8631748641292372,-0.18771120776519545,-0.10843494020761996,9.72704696291238,310,0,0,0.1537,0,0.0464
0.29831191879263164,-0.12583513443748665,9.908623317222244,6.233045979448407,0.952135787666481,-0.8937743189994529,0.28549516568198,-0.048960668071381594,9.883839570196937,311,0,0,0.1537,0,0.0474
-0.31919067400554674,0.8624119268398441,9.475888256879601,-3.4034799008822194,-1.1548520228484462,-1.8022141678669037,-0.24963482961369177,0.932009937862844,9.477124918310443,312,0,0,0.0795,0,0.0537
0.12334383835688272,0.49963735478309435,10.29215021157587,3.8110661112753927,-1.6333938784094835,1.2627340458828855,0.11805506494552497,0.39836749960840434,10.36976436431371,313,0,0,0.0938,0,0.0018
-0.0682039142897931,-0.01454176381108025,9.626057334321695,-6.429075514503133,0.48820517006279385,1.9060555344845616,-0.06775903069718256,0.012145213521306535,9.656790946267447,314,0,0,0.1537,0,0.0108
0.17181585551417963,-0.23901384426703495,9.543242578278823,4.796967078739173,2.333838062361094,-2.0362165231165745,0.24949832039334588,-0.27279092066301913,9.521289141096409,315,0,0,0.1537,0,0.0208
0.2241329650951552,-0.08915802784940624,9.922818799223542,-2.325222060266306,-1.673568219911195,-4.794433819719002,0.16908187961089827,-0.12877760853799608,9.930061153964889,316,0,0,0.1537,0,0.0208
0.5081965388317724,0.27454217048515234,9.636318172610922,-4.115877894299382,-4.4312910169853374,-4.187582312367214,0.5243740764712196,0.23824306514965243,9.592276148227299,317,0,0,0.1537,0,0.0006
0.1922836663681486,0.3100156918496881,9.74937103961029,0.6139814154245347,-0.5821321672244358,4.534079956145634,0.23243617616220064,0.2542137356866051,9.680195592897359,318,0,0,0.1537,0,0.0106
0.0019639641459299035,-0.4384797804544276,9.866416387318274,4.003535005644643,-1.774451280585924,-5.061150172808372,0.015418146249696637,-0.38185075415699776,9.81120962873478,319,0,0,0.1537,0,0.0106
-0.33943710367605523,-0.12197928147669454,9.719839406451204,7.3181700759982595,2.037499529314066,2.3634858388265063,-0.3787063353700219,-0.0854761663977772,9.794051509614738,320,0,0,0.1504,0,0.0108
0.3618338195041177,-0.2568942934813808,9.821272254965946,4.456065621425415,-4.669034036732858,0.8167504936533827,0.42601242704847375,-0.2434001727863444,9.852255911888877,321,0,0,0.1537,0,0.0008
0.32047052877980237,0.44997959298260215,9.528123858835317,0.6991652262966919,-0.6170807820342891,4.119357100334724,0.26456351116119414,0.5515360095511028,9.620618140408311,322,0,0,0.1537,0,0.0003
-0.09513702680860874,0.09332737204338579,9.579056230626078,0.554478723715821,0.036772183210269885,-0.5355916737611482,-0.10197299233384731,0.102098897997262,9.587413631171863,323,0,0,0.1537,0,0.0003
0.09606792967870784,0.06235060713237276,9.523495400347613,0.6234513633871439,-0.7908154555302367,0.7300964153455328,0.05845434453467726,0.004187514204180898,9.548433133416955,324,0,0,0.1537,0,0.0111
-0.1389687338626947,0.16860060627723233,9.59251304740017,-1.7766172061530672,-4.160861560516962,1.3720550108475806,-0.06948942441149396,0.11403053363775534,9.665669320513931,325,0,0,0.1537,0,0.0055
-0.13331898076914875,-0.5095687641676643,9.474507121350168,-5.713213174386851,1.428268123631498,0.10850429770922254,-0.18901834828203648,-0.47816826439649385,9.598254349767535,326,0,0,0.1537,0,0.0019
0.3363599929400218,-0.28697785146483534,9.86477281168351,-4.440720754263856,-2.2073475349106326,-3.4157070976267487,0.36063537651162614,-0.3481804247862607,9.904025971484737,327,0,0,0.1537,0,0.001
-0.14577749160013523,-0.1699564104380614,9.91655514476177,-2.7095361179643773,1.1102307738263686,-5.701880970149689,-0.1438229561862096,-0.11335612759208315,9.966611491047757,328,0,0,0.1537,0,0.0015
0.42077481308815956,-0.17155522380247518,9.873673263742765,-7.792545789346664,4.415930615782452,2.185822879544645,0.4607317237622247,-0.18040181677495565,9.857833544453063,329,0,0,0.1511,0,0.001
0.30738491723340644,0.08584171844290114,9.751231537849574,2.422665197142167,1.3244843153525634,-2.2458132391856394,0.279902058633037,0.054604354038192415,9.76581175063866,330,0,0,0.1537,0,0.001
0.8329561879441165,-0.11098894455357414,9.60886724032396,-0.729822118659631,-0.7377318343138066,-0.29415990975324996,0.8495009642324916,-0.17322566943697817,9.525926175541029,331,0,0,0.1612,0,0.0003
-0.08243133957394158,0.03955765766348084,9.681571665539892,2.7922264947169126,3.8369762123426447,4.4809191604992655,-0.2492841540128338,0.09666024702061496,9.78863520581896,332,0,0,0.1537,0,0.0005
0.06831716651249914,-0.18857076896150896,10.012891869468922,3.519548226438639,4.40971587013623,3.443669537545815,0.10401546185363435,-0.1628602014398906,10.030533333161747,333,0,0,0.1537,0,0.0066
0.0895952472230042,-0.049083211724192305,9.736993400201676,-0.28444678250705424,0.09830013702346177,-2.531114064908259,0.12018945787853398,0.06389155376270264,9.699615938097455,334,0,0,0.1537,0,0.0016
-0.2840223160518721,-0.10191307625524244,9.909580914616823,-4.786908499883046,-0.15472655325668086,-3.22015963231562,-0.3376229641683889,-0.055356083690683795,9.945512502633136,335,0,0,0.1537,0,0.0005
0.04056831837160551,-0.02840530529946048,9.620291315922369,-3.366913237756621,-2.0592125422003997,-3.4376961886497117,-0.01120350894847729,-0.014982278879866756,9.558704468933374,336,0,0,0.1537,0,0.0094
0.18828142809275303,-0.29193848420527496,9.91696266375377,0.9184036579414595,-0.5261539545751168,1.1201627196831823,0.17522725712993428,-0.27083213900861614,9.970070811649155,337,0,0,0.1537,0,0.0094
-0.498702950138798,0.49646151122048066,10.261315766768021,-0.8704334086038308,1.9280688646447572,0.9961327814005974,-0.4829419830171155,0.5056007675119762,10.244768596123464,338,0,0,0.1527,0,0.0094
0.4645677402746546,-0.09352948769015572,10.093230227473176,-0.6775127369441684,-1.632296369562652,4.736548196271693,0.5590476071370757,-0.08508857772326674,10.070096482919029,339,0,0,0.1537,0,0.0005
0.3971769424462605,0.492634113838244,9.381567320400148,0.8524402613246929,0.5279272985055579,1.6702044138627143,0.41822166428695595,0.5261375359620826,9.429099557510735,340,0,0,0.1517,0,0.006
0.4107768811044394,-0.20058930482301368,10.019708224675748,5.749488486947618,-2.3264714005501688,1.9572394900469634,0.4427328688053023,-0.1872099295792566,10.028654181868744,341,0,0,0.1537,0,0.0054
0.17571694233207874,0.04594666179575455,9.672586270965024,0.2577944632037662,0.21374044362530398,3.945417018698052,0.1628234594563842,0.054578038148903524,9.698286149723351,342,0,0,0.1537,0,0.006
0.259205071324036,0.38440640850321345,10.116761956461758,1.9714431703351631,1.559881859388239,4.355434275854798,0.22751315494811925,0.42403022326624773,10.075154001440534,343,0,0,0.1537,0,0.0054
-0.3956025369178226,0.3593433887105383,9.74695222829037,3.698656883116744,-2.488472695270736,-0.0807190047254041,-0.3571142210004313,0.30886888782771066,9.759982089811048,344,0,0,0.1537,0,0.0054
-0.22218493109565918,0.15136812270731922,9.783949473879291,-8.1629793694806,-0.7352885955164121,-1.3649813675981304,-0.19275211593073205,0.18718603300126135,9.757091494627486,345,0,0,0.1477,0,0.0055
0.12703711551566263,0.009034775879129264,9.609568210182632,-2.024982139852403,3.1738235603553955,0.18823300516973573,0.12925130817050504,0.0010077550640242034,9.655643954733542,346,0,0,0.1537,0,0.0055
0.16072247597588196,-0.12143732805363619,9.778721670935111,-0.5746581566829698,0.7039787191620567,-0.015334298233643896,0.2347322575089662,-0.07396890611823134,9.877055279846925,347,0,0,0.1537,0,0.0055
0.17705870627500725,-0.4469940730164155,10.122453134002575,-2.259633885570027,2.630379041534721,-0.5981293389928386,0.17100599860437435,-0.4300864066180728,10.181127318735031,348,0,0,0.1537,0,0.0054
0.09269470654799007,-0.7112240220746245,9.920552118780938,4.02135200190473,2.360585369914304,2.566634070782486,0.08066558543059545,-0.7181912769125367,9.936656744062894,349,0,0,0.1525,0,0.0054
0.4632884727660257,-0.21787429205169948,9.504517979482262,-1.6861033133417578,-1.931048952483343,-1.9247737676199455,0.43194190401855564,-0.21490969331020854,9.49170643834805,350,0,0,0.1537,0,0.0054
-0.025941073975703905,-0.02890707748857858,9.507196326681484,0.26608371786818397,-6.208853367975216,-0.5505923046844108,-0.07070524193062672,-0.052451969261350845,9.45500258699162,351,0,0,0.1534,0,0.0154
-0.16239238351863808,-0.05643705640072702,9.595533787820342,3.312459330014323,2.4527985343666807,5.414815196309005,-0.10811181193790745,-0.034210082791683,9.577213394249336,352,0,0,0.1537,0,0.0154
0.2862201016542484,0.32404590525296084,9.727624218156276,-3.3982399411293347,-2.111107528417951,-1.490293531324546,0.2637399040267222,0.27785105105289565,9.694540458505472,353,0,0,0.1537,0,0.016
-0.29564885505028565,0.042666318481451394,9.718916077836845,1.4105645599836631,4.213548274509051,-1.8425363138452384,-0.3243966290601381,-0.0033974831891222315,9.743326092829937,354,0,0,0.1537,0,0.006
0.20668159479958767,0.07608617037222677,9.438769568474754,2.636854519831984,2.213844833734348,1.341193194261069,0.2562279076633908,0.06784409048645565,9.39124613097094,355,0,0,0.1526,0,0.0071
0.29982059878982775,-0.4489919062316012,9.27611807849079,-2.1836980556172074,-0.7696790957969026,1.3516441194971955,0.35346672505994936,-0.40322445858130473,9.210802018319754,356,0,0,0.1015,0,0.0071
-0.3011224891654177,0.03829526971580339,10.103148792768048,3.034653075045131,5.730865639554024,-3.35817116414215,-0.3196763408343115,0.000979123254378933,10.157341828775595,357,0,0,0.1537,0,0.0062
-0.056029648303601486,0.135865033760293,9.532018570709235,1.276825151676924,1.9165945983280537,0.5699130845336366,0.0031655586039050776,0.23284260460499473,9.579384872147516,358,0,0,0.1537,0,0.015
0.5500779640234802,-0.46236738481952705,9.560100827624266,-2.0378659612028365,-4.57894524047731,3.8753753468481076,0.5333430716917605,-0.4609873527043373,9.51239954749348,359,0,0,0.1536,0,0.015
0.49440990632387327,0.32496911849666205,9.713163538245546,0.477320102741147,2.6288207518730164,-2.898957351951987,0.538469868556585,0.29390257057726116,9.744102294044747,360,0,0,0.1537,0,0.005
-0.034904523392468266,-0.3761428848975058,10.106163326636889,-2.2478914229887743,2.8322155808470786,-1.8027405089497903,-0.05752554395335548,-0.39642790632635755,10.126688169933521,361,0,0,0.1537,0,0.005
0.4854000964554713,0.4980996434569376,9.872305089681614,-2.922753221277741,-1.6425321682416854,-3.7456249247831312,0.5447307722932592,0.5740822280886001,9.837440867125286,362,0,0,0.1537,0,0.005
0.06857449990735998,0.4933963099212961,9.355314821918714,4.957025293169144,-3.124643557769466,0.06363238100077169,0.1385487726248271,0.4660271494620252,9.386292216659205,363,0,0,0.1476,0,0.0011
-0.13906531812123085,0.13656861661687386,10.052856980440668,4.539595640161992,-3.1197086601711828,-0.3855493171632742,-0.12250971453692928,0.15049136836664018,10.071248431209906,364,0,0,0.1537,0,0.0011
-0.4604271987892483,-0.5218941080783479,9.66429374501646,-2.0210354183384203,2.0558427482419366,6.123797000914859,-0.3881481345191413,-0.4267827218536887,9.711035508091436,365,0,0,0.1537,0,0.0011
-0.046264121066825696,-0.23694918048456004,9.793383675671633,0.08584236336962572,-6.948910384460052,-0.5515756371825135,-0.050289584244644185,-0.19163182813698038,9.866147295307629,366,0,0,0.1537,0,0.0111
0.15153241976639825,-0.2702231561688348,9.768427434860063,-1.6755476218429926,1.2562170394607546,0.8594071940688055,0.1624503142188885,-0.28799071557681705,9.70765433600706,367,0,0,0.1537,0,0.0121
-0.05860515195675298,-0.22528042667617615,10.112893764568922,1.2504748193013853,1.3229843429121921,-5.269919640015408,-0.03543795133094796,-0.257860180125011,10.097084225398705,368,0,0,0.1537,0,0.0121
-0.28085875797296556,-0.07561572594902383,10.03200305120923,-2.741470245109239,3.4212014950613736,-0.25020811105628327,-0.27041218046801657,0.06956180123736791,9.98441829864831,369,0,0,0.1537,0,0.0221
-0.27193078687898786,0.15477126165242383,9.587684849347829,0.5404875524220053,1.2392622748929276,0.4852090485903108,-0.3115517827415729,0.232879307322217,9.58608736405771,370,0,0,0.1537,0,0.0028
-0.15260574888581266,0.5181122013515889,9.626854393817233,2.104949273567729,-5.395666740773182,-2.243459305784234,-0.20904367153177042,0.5216015150895906,9.564115000695727,371,0,0,0.1537,0,0.0033
0.019755893317645882,-0.4248545308702228,9.823360151103662,-3.9707855302917148,4.478555717293432,-5.036991144130271,-0.008123043266669402,-0.5238919454437619,9.926953892036359,372,0,0,0.1537,0,0.0021
0.24768389945722336,0.34998349955247315,9.795065308246924,4.504220695644611,1.4081050829097483,-4.974312831738903,0.23582372377455038,0.41431912300313833,9.853516365361026,373,0,0,0.1537,0,0.0112
0.5345620690321009,-0.4511421850835578,10.082387145104386,4.495076661245239,-6.922177839297712,-3.248025883396062,0.4987741685031593,-0.47020758175027444,10.102116229309381,374,0,0,0.1542,0,0.0107
-0.5004929446694434,-0.3684937747278389,10.106017153507722,2.6799356507757137,-4.084007961367947,3.24661490946976,-0.5145611226621002,-0.2748064912858965,10.148639550823525,375,0,0,0.1537,0,0.0107
-0.22470106516676205,0.5487766064069458,10.01121424571952,-0.7892803715763662,-1.864678614360379,1.306378861439694,-0.16750501260317918,0.5169661173591772,9.9406136186783,376,0,0,0.1536,0,0.0207
-0.021978388222500988,-0.08762945224032817,9.878355861683682,-0.8812887581332544,0.23295023942523269,-0.43125523011278183,0.006121374576723772,-0.12994907143881126,9.88214764242825,377,0,0,0.1537,0,0.0302
0.3506858505741767,0.05262055037124807,9.743582759641045,-2.0685536601595556,2.002059281352925,9.326368005890064,0.3375741602022242,0.06631600913188808,9.693170108440956,378,0,0,0.1539,0,0.0104
-0.5192149317865173,0.057538242115497566,10.166879288553098,-0.16265576431769463,-1.8615721967769754,-0.07544714516893061,-0.5363748956114819,-0.037564241080628384,10.18712830992483,379,0,0,0.1533,0,0.0203
0.1533626017660628,-0.3748841014036659,9.646085148912373,-2.6521934556692366,-3.6321435297207385,0.10517657692943116,0.16231848891542253,-0.3209667726922423,9.670883074680614,380,0,0,0.1537,0,0.0003
-0.22094942902658016,-0.12313393675160093,10.032623652721618,-2.211861019437395,-1.7205407180135852,-0.3994180355712308,-0.2253756192263827,-0.07910151729453554,10.014524520477744,381,0,0,0.1537,0,0.0118
-0.06443123627670848,0.48014885105657956,9.712242214526883,3.357264659496556,-4.092169351000475,-0.06395635707500147,-0.17214896929192663,0.4435927718854439,9.790198255898387,382,0,0,0.1537,0,0.0125
0.09082290148211927,0.05788531004181687,9.632803511871645,-2.5010453700584385,-2.2502775795015784,2.0551196187445893,0.08178191176076852,0.0576858307099056,9.657861537677068,383,0,0,0.1537,0,0.0128
0.14084163987758502,-0.4977019648874573,10.009640220736424,2.067123383855406,-0.7735800151975648,-1.418663768210082,0.16755261893688278,-0.5136788029190563,10.096926190238971,384,0,0,0.1537,0,0.0132
0.43499982598040404,-0.5660735153614216,9.78254514829974,4.6557087739856415,-1.5832329564844345,3.337317436184147,0.459998466773938,-0.510264696971316,9.814226075625127,385,0,0,0.1537,0,0.0032
0.4705642611357688,0.4221873755410828,9.67101736308979,-2.411690829673409,0.23771913735043848,-1.1795501981150678,0.4465941464309287,0.3798821134514443,9.652813274727034,386,0,0,0.1537,0,0.0326
0.14214562098972916,0.022731440411930943,9.677853551631326,3.279423997886477,-3.696098364292232,-1.9356616046148707,0.22796449868643692,0.0077003492402559544,9.652091991457166,387,0,0,0.1537,0,0.0232
-0.12437425129628071,0.2990877201023218,9.393932225342745,-0.8315342695022513,2.5555396596513256,0.2657976821651241,-0.22849721338258067,0.2704616610212077,9.384778999888987,388,0,0,0.1505,0,0.0018
-0.19461209027278187,0.6592998316050096,9.271981983329713,2.006734090101702,-1.381195483185586,1.1091391666574701,-0.2121053610236387,0.6775288100915804,9.245669545413637,389,0,0,0.0794,0,0.0017
0.21642950582857887,0.09294209224815111,9.940249605424544,0.495698501590596,3.5610410384213926,-3.6341348890959955,0.2239257322606974,0.11949997624831861,9.918531757357586,390,0,0,0.1537,0,0.0018
0.7894047737427518,-0.005781090131553046,9.82732507434488,-5.338736751755562,-5.097520175502929,-1.0518469721720562,0.7256939943341131,0.01867958813479662,9.794576430534352,391,0,0,0.1551,0,0.0111
0.307508744776762,0.5943356063890634,9.84774639439105,1.677418753784786,0.8823093572991569,0.4169281480517173,0.28704965703044005,0.6163339593977109,9.86184272194592,392,0,0,0.1532,0,0.0113
0.7256127168970851,0.17388054902134556,10.168519401887592,5.734850793662795,-3.7635804558404287,-0.1843828125649021,0.787479136043501,0.13092374826035486,10.158526791008638,393,0,0,0.1339,0,0.0009
0.3569420443842127,-0.15560195802145138,9.807233079900058,2.1565865886465696,-3.455960344560009,4.6221988682919095,0.46600905227253514,-0.21418708403621,9.8574926944824,394,0,0,0.1537,0,0.0003
-0.043329747617660445,0.2959167861565273,9.813245992332254,-4.458068922289321,2.4564335777287205,-2.548280095150082,-0.01609487436222974,0.37159943492792635,9.707622002370673,395,0,0,0.1537,0,0.0006
-0.17388523301270603,-0.04945025329132623,9.84801735663714,0.46530773584704677,0.4776179422484838,2.2395773364666907,-0.13896997595782198,-0.017275668077243185,9.888482153902658,396,0,0,0.1537,0,0.0012
0.12964779656152392,0.1293614932523106,9.954949029703519,-3.101132070135826,-0.9114653431556137,-2.913911133846457,0.11509666084706338,0.14809667918627067,9.967070923775148,397,0,0,0.1537,0,0.0006
0.28523876430117373,-0.09125685218570985,9.859219993756001,-4.762593989280963,0.6361577603830605,-0.08821008079432448,0.3265697568957538,-0.10559050817068893,9.894194737155525,398,0,0,0.1537,0,0.0003
-0.3975945660159292,-0.1902731393501728,10.26470822467835,5.8558111200153515,-1.6418575351405535,-0.26535462196136916,-0.36098630010057836,-0.15188039744810927,10.302004267976175,399,0,0,0.147,0,0.0003
0.11032228298295209,0.06421168286028257,9.99789629624717,4.022307602632128,-5.040404868047052,1.6042756735218686,0.11180862535859303,0.08992056496228305,9.994556626667466,400,0,0,0.1537,0,0.0003
-0.0699466757832854,0.1586143773537377,10.031641682081904,1.1037409286432411,2.6043078174471295,-0.5431820114679928,-0.007978165844792183,0.10719327255537761,10.021897022265213,401,0,0,0.1537,0,0.0003
-0.09039285961213267,-0.10593414251868469,9.503176469807544,1.2152180467550866,3.272699471920324,0.9134204226100284,-0.0719571504538088,-0.19639128295273972,9.42491555785658,402,0,0,0.153,0,0.0009
-0.17349028612913656,0.08034584403603397,9.83258350169799,-3.269127250906681,-5.933576798973727,10.907723008425654,-0.11907415229406129,0.14831452076724425,9.7784340637777,403,0,0,0.1624,0,0.0003
-0.30153988555578803,0.1666100406283196,9.934593067781748,-4.680954164330426,1.7063322963211933,-3.983056941300505,-0.3079324434576082,0.13976845674637606,9.979396553537159,404,0,0,0.1537,0,0.0103
0.07578057916689464,-0.3855411619180091,10.192129448655821,-2.1308529850539983,3.139265356089253,-1.1567507436270792,0.0333119793921446,-0.38814520521765833,10.180933992233427,405,0,0,0.1537,0,0.0103
-0.00793700156725559,0.011656082807174891,9.732008895864821,2.606928691991907,9.722883328982888,4.80216804042178,-0.09869874356117249,0.04903361888693768,9.756840533461755,406,0,0,0.1345,0,0.0204
-0.2421096490786959,0.3925822095797779,9.510807174936263,1.3822536815601902,-0.2231470447024087,-3.651703897291549,-0.22268878013760826,0.3956370023699247,9.481442132895475,407,0,0,0.1537,0,0.0204
0.09753859763484043,0.12464471857476517,9.896457869291893,4.789263942963963,0.8651561869987859,-2.556209576642077,0.15471769049488113,0.11765525947951005,9.91203215368477,408,0,0,0.1537,0,0.0204
-0.31661966919690115,0.05951152524309985,9.52586050230752,-3.80007135660664,-0.4464234942830072,-2.7802896553151504,-0.25106798386595364,0.051154710460405664,9.502980999670905,409,0,0,0.1537,0,0.0274
-0.1539581954920641,0.6146391278281623,9.808861953354054,6.507897833220596,-1.0440713825338894,0.8195865935201461,-0.15173307454623258,0.6646897582442639,9.815733124519594,410,0,0,0.1522,0,0.0292
0.13739189821185843,0.12746353906960897,9.56492853813919,-1.6779636268996807,0.9894998720071078,-2.5590270562097235,0.2328100759020822,0.16492075556229943,9.610158974314208,411,0,0,0.1537,0,0.0192
0.3489741408360304,-0.06172665361574067,9.431683890584823,1.9067692209843363,-3.907573803942171,-1.4322727632200045,0.37991186786293474,-0.12333041735290337,9.424633775701182,412,0,0,0.153,0,0.0191
0.46383490409734807,0.06848227462310316,9.948062369204546,0.30160173336025653,-4.295128336803044,5.6435733392939085,0.5163146557447613,-0.04395643363053445,9.98490184092426,413,0,0,0.1537,0,0.0104
0.7959556467415104,-0.01409726500706306,9.423943893802733,-1.0013367099230734,1.606462014474382,-1.0305081097299449,0.804113346139446,-0.035817883828438674,9.40745654468284,414,0,0,0.1442,0,0.0174
-0.8295349839920766,-0.10958545990262125,10.060710531422059,-3.6854624824850255,8.5237727644222,-2.1006736209866057,-0.8528577656606714,-0.10180797252740453,10.069577953729818,415,0,1,0.0478,0,0.0174
0.23676541493091555,0.02266148937337668,10.049112642813604,-1.6681960302494971,1.731603364280744,-0.6765031609310885,0.2500763511202253,0.058312803835072466,10.057162889145683,416,0,0,0.1537,0,0.0192
-0.022961266789850582,0.13117097583804335,9.706150941508323,-0.4113099156588227,-3.68713249205737,-0.13510890843274542,0.1116558063539394,0.13938005595151878,9.704254016947653,417,0,0,0.1537,0,0.009
0.3307583251757531,-0.5205314399489023,9.821853932344146,0.6380049619976381,-0.43832570412171834,-7.027923642000022,0.3125785283432957,-0.5626615276534608,9.81482820378784,418,0,0,0.1531,0,0.0379
0.006984133059255422,-0.12177491155963718,9.738912354055312,-5.224045617908862,1.3329462212734495,-1.237427459909483,-0.02588669836251871,-0.1700445129437342,9.791608426798895,419,0,0,0.1537,0,0.0379
-0.2966273564625042,-0.015408725159231619,10.145359271403764,-3.996427673700781,-1.3575619156678238,-3.5125408382513608,-0.3099938444314293,-0.009303763386512294,10.143167321494554,420,0,0,0.1537,0,0.0379
0.18233137871877697,-0.25530763875931456,9.895171041074484,0.7657624591845957,-1.9386493152469342,3.7828859819061287,0.19970588369824452,-0.10163100039656364,9.898826598084343,421,0,0,0.1537,0,0.0209
0.12290555326205421,0.3101408949577292,9.799177075417166,-3.957186820791554,-1.7083765978976566,3.2088400268256514,0.10220435859792604,0.32796967819633227,9.75959934230699,422,0,0,0.1537,0,0.0196
-0.2482514813033691,0.025917514629958484,10.118128949207932,4.773963491772831,-3.943419600531251,2.8912528153140444,-0.23300621473055008,-0.09803159580364543,10.12531683361098,423,0,0,0.1537,0,0.0126
-0.3128552502872017,0.031994108148880755,9.816491624105748,0.5867386626022576,3.603884915355265,3.7822664312581846,-0.2071560627599474,0.03171077489577211,9.722748132120334,424,0,0,0.1537,0,0.0296
-0.19541606669059414,-0.4433750328042624,10.08453770958283,-3.93928031842234,3.4278974848195802,1.1428444122178631,-0.15869071889502084,-0.3850959177139695,10.103235727616227,425,0,0,0.1537,0,0.0396
-0.513695935224004,0.11665514457101277,9.631548348182035,-0.20595608368637586,5.16130867651944,-2.0179078795782854,-0.43376223037673756,0.15272081906345758,9.716480281245524,426,0,0,0.1537,0,0.0396
0.2746914364414642,0.1848400903345081,9.723277160360496,0.6063619930582596,1.4557596753749595,3.3544248290229888,0.23317349344833976,0.06493664326299402,9.724021771612861,427,0,0,0.1537,0,0.0396
-0.15787523351001193,-0.30463694512119405,9.828620678969578,-0.46053551082294025,-3.1302949332648833,-0.1919465325814702,-0.18148988354545184,-0.2589329748093437,9.810848834517973,428,0,0,0.1537,0,0.0296
-0.04298941508155661,-0.2659975983319259,9.980708784239768,0.8079325356003624,-1.8624939185920648,4.494009208582494,-0.0688773727068964,-0.22670978718616708,9.920381494534205,429,0,0,0.1537,0,0.0026
0.1664451275194596,-0.5120822654783543,9.929378695401846,-3.458139193314106,0.861766357957142,1.493535522983485,0.16842497683666977,-0.5197380563763417,9.954718327557641,430,0,0,0.1537,0,0.0126
-0.24839024066749704,0.2217222964721887,9.784521062151063,0.9284754150902963,0.5090920993096064,1.563711508258745,-0.1730137954480359,0.22746132279395923,9.809232090646116,431,0,0,0.1537,0,0.0126
0.5630871950121412,-0.5105757641821499,10.13523507994666,-6.7944274335089965,2.5119913225731,1.2111833189541859,0.5463918039529345,-0.5333551715697691,10.130793594965537,432,0,0,0.1536,0,0.0126
0.17856566179360273,0.3392980511894815,9.642246882016577,1.6416419768472725,3.617537643453666,-2.5559380009666643,0.09929641072856932,0.4700255321836233,9.662416947885026,433,0,0,0.1537,0,0.0008
0.1547844546940601,-0.24311256424068392,9.94181093774539,5.65506292312039,4.554845965199786,-4.5822773739001965,0.17293724247241737,-0.2584867589863821,10.024267077323936,434,0,0,0.1537,0,0.0008
0.31743720921764135,0.7349182424892967,9.92283332304095,3.0105945567868906,0.47495986002628526,1.13484740557087,0.29048940092748116,0.7562064383313924,9.99464070907961,435,0,0,0.1522,0,0.0026
-0.289400929268272,-0.3960106484385014,9.539259855209586,0.4178396360739759,-4.401012751928267,-0.3505891166278623,-0.3195673654080742,-0.40501285758883165,9.54139321516514,436,0,0,0.1537,0,0.001
-0.13609998433661372,-0.5435095009114057,9.842157339785452,3.1399998064936776,1.8433424443005684,4.291469409374482,-0.12553499437345486,-0.4799325731854937,9.77791324789487,437,0,0,0.1537,0,0.001
-0.35516132413035195,0.2901009694268771,9.971378664983321,-0.439034741718091,3.458906447293228,0.8434369222229045,-0.32797145558680696,0.3482829004811385,10.032621579134295,438,0,0,0.1537,0,0.0009
0.20478430658189972,-0.12375729977591496,10.079813701606941,2.962766601305824,2.364797686428181,2.6306712723504018,0.20371256010101568,-0.12509848786505712,10.040368826573552,439,0,0,0.1537,0,0.0107
-0.24334506970538197,-0.0921387127013876,9.896439214049083,0.24405074314709968,0.43289740221575934,-0.352492292502118,-0.30964790183011426,-0.15063969074831643,9.771916071780687,440,0,0,0.1537,0,0.0108
-0.12907115579407774,0.3372706184918374,9.912239449086874,-2.010913178405314,6.2288979923156536,-0.3741316827724728,-0.03709815505783855,0.28893312549990924,9.887714350768565,441,0,0,0.1537,0,0.011
-0.18937279212719302,0.32768303104679813,10.182506620198467,0.28374730611128174,2.3474520736799485,2.3752038917277414,-0.14166535258426605,0.3478932499272168,10.181141582495322,442,0,0,0.1537,0,0.0108
-0.7517683433271026,-0.28889595754906006,9.591049327385134,-1.334843512758919,-0.3765750564901722,-2.5409831308061555,-0.7936634479353131,-0.2597860402675787,9.624690138912042,443,0,0,0.1674,0,0.0008
-0.4078754602533724,-0.14758352451128884,9.893680782906708,0.2221353244439019,-3.9743494960496166,-0.46444993191760586,-0.46910132253113945,-0.12468144322825822,9.930788023782778,444,0,0,0.1537,0,0.0108
-0.6255462039992296,0.2540524010710081,9.858897280492307,-1.2213616417292554,0.48349962782323047,-6.447438336290798,-0.5476338494674253,0.2862577833293708,9.930934653846197,445,0,0,0.1538,0,0.0108
-0.29279005489001547,-0.43099397431570824,9.488808055781568,-2.556428116149925,-4.819984720186121,5.534649257951995,-0.3271226271731794,-0.3706752752374577,9.554312904685682,446,0,0,0.1537,0,0.0007
0.5145017876239134,0.2662563324061058,10.058178384982813,-4.017855391961065,4.199800247241321,-0.14589301615786837,0.5174255044628994,0.31129775739335647,9.97630996108352,447,0,0,0.1537,0,0.0007
-0.03332133032925569,0.15493398857036664,9.833857368346472,-4.941825620079495,-3.4055828082953337,0.8021298936374437,-0.07729448811005583,0.11344849776824806,9.821452249533824,448,0,0,0.1537,0,0.0007
0.5930916949312975,-0.032374983834601516,9.909126025764472,-0.8728705244554538,-1.0779486578397202,-1.7908709627683914,0.5470802574261614,-0.10787792529814746,9.865967739819727,449,0,0,0.1521,0,0.0007
0.04803366062701829,-0.029275171209995045,9.932627160246764,-4.9079631043481955,2.949277902738105,-3.0459448397603737,0.01716548210121359,-0.026821780082042414,9.89817874624684,450,0,0,0.1537,0,0.0007
0.3291126607678007,-0.11441995365503833,9.785008475348171,4.0480527290883375,-2.8273473341864737,0.4114521930902184,0.3266806870703761,-0.12728838753223476,9.714114785595644,451,0,0,0.1537,0,0.0007
0.319926520889784,0.1386629452934152,9.820538300340585,-3.662009444380672,-4.7694067287613375,-3.3651724506630134,0.24845072652368827,0.1812130655633467,9.87903273314195,452,0,0,0.1537,0,0.0007
0.21953611240083828,0.009586614780413324,10.037028137188042,-0.30757441075042935,-2.838603235474544,-0.8151988519427706,0.22286759841801002,-0.008523021395138771,10.09242247744475,453,0,0,0.1537,0,0.0108
-0.46814464664477046,0.21777916465087685,10.090380220104434,-2.9899523680880167,-0.7058280428056357,3.5148602875647112,-0.4329892087685339,0.14610002030123817,10.117912035393417,454,0,0,0.1537,0,0.0108
-0.35332230659679836,0.31971798468041046,9.912059650228992,-1.8385487698223493,0.5195374911344932,0.6783350136129718,-0.3302918074377232,0.32155800301966275,9.944307977758891,455,0,0,0.1537,0,0.0108
-0.2522469799170137,0.13823552559527452,10.046558703404452,-5.20366404549913,0.6086869701719579,1.2299622161136283,-0.3006029893355596,0.22164622105973658,10.097019086235482,456,0,0,0.1537,0,0.0208
-0.5736940537448271,-0.022758941891441474,9.862495706524221,-1.796716370383669,1.37712135356391,1.2852407058579074,-0.6029253281412431,-0.0287196352481898,9.908649554625033,457,0,0,0.1537,0,0.0308
-0.08285040884461008,0.09544435701855704,10.125788836142299,-1.2419375227771643,-0.9102796848237924,0.2683899985752803,-0.04726893714432064,0.20932288521135917,10.077893943257514,458,0,0,0.1537,0,0.0211
0.2244058689971159,0.2565254472515688,9.625075201765691,6.15171946329388,-3.3185147426709003,1.7228416385750427,0.2304617483343632,0.17943858790581368,9.682566093325454,459,0,0,0.1537,0,0.0209
0.4113544882627269,-0.16417977290503474,10.006523135933731,2.94700111130217,2.556451914010729,-2.7589471542906865,0.41567461743906386,-0.31253023277128356,10.093492729773661,460,0,0,0.1537,0,0.0209
-0.2570391168051294,-0.2198308678640286,9.761075231666544,-0.3768443936802117,4.089399356732385,0.826829295530255,-0.329883580360662,-0.2369914432336126,9.637483943482927,461,0,0,0.1537,0,0.0309
0.28991367480352787,0.07451453295262514,9.370873320037624,-4.85819211406217,0.6661102780706594,0.9484565666907487,0.34979973753862914,0.083431348247679,9.38421072314985,462,0,0,0.1501,0,0.0211
-0.3422201952355033,0.1933121029953662,9.726230059846918,-1.2384118668120097,1.563483460579984,1.7606760846619065,-0.2993527167733781,0.2162640039995994,9.785638986964894,463,0,0,0.1537,0,0.0217
0.18611545289414752,0.2609358454517207,9.63617504635689,2.0815253456985503,-0.6799295912822277,2.7521879415186716,0.1467173452375369,0.2826831163305213,9.663122807470707,464,0,0,0.1537,0,0.0117
-0.002853255065580848,-0.3182255753132408,9.773169800554237,4.047716777432894,-2.670865764589415,2.7425656477275293,-0.06308239730438966,-0.30959536814784905,9.775093580226311,465,0,0,0.1537,0,0.011
0.11116845409522001,0.4362491185563059,10.087761850052074,5.196735459978019,-5.0616148652436355,0.5663821992685316,0.11334685110818067,0.4310363402663331,10.055567630314759,466,0,0,0.1537,0,0.0108
0.18582382791039082,0.3011552121340864,9.773114287834613,-2.999245118187374,-2.8810029575621066,3.7299285749451476,0.19713721169529566,0.3261051746269146,9.7418977775775,467,0,0,0.1537,0,0.0107
0.1541051480207134,0.021243618745033704,9.977425719154757,2.467455313496505,0.32513683707912433,-2.979939194414188,0.1837006212254072,-0.013787477069163893,10.010118696007506,468,0,0,0.1537,0,0.0102
-0.12260287384085657,-0.3141110427160864,9.800028373711411,-5.571520031850356,0.7273860623699799,3.40466744773241,-0.09916964713239748,-0.2279138311254315,9.801456569394972,469,0,0,0.1537,0,0.0101
-0.5816926501242077,0.39840950385743173,9.736337784166794,-1.6957126166358152,-4.616531828446094,-3.4209062991444856,-0.6045497019625632,0.4775583262584849,9.665085883934335,470,0,0,0.1537,0,0.0101
-0.229055609986279,-0.1377107349511581,9.819458014849321,4.615378800668972,-2.071015217776522,-2.9439326416625136,-0.15408544023632997,-0.11643259539093602,9.749021519982275,471,0,0,0.1537,0,0.0101
0.09689124186143303,0.07690122437049295,9.897573308447232,2.23718152941764,0.26674154273332973,-1.1343450986752113,0.1411168501258929,0.0375029269273126,9.900255825619025,472,0,0,0.1537,0,0.0101
-0.11871012207702784,-0.00721792658059925,9.859866054174269,1.6613424719948475,0.5053237601198675,-3.037788239808533,-0.15253774315932395,0.06322365290565386,9.854034561652766,473,0,0,0.1537,0,0.0108
0.5469405651222919,-0.05543268811982424,9.731589868436167,0.49207190108587673,-2.302141915351651,2.555029377879255,0.5083808610907006,-0.06684077815151154,9.739590377282898,474,0,0,0.1536,0,0.0109
0.13719914509272213,-0.22394302389895462,10.008890324966144,-1.9718530254432982,-0.8092038447259368,3.127238255690869,0.07660014573733058,-0.1676138203650785,10.07530305449434,475,0,0,0.1537,0,0.0111
-0.07370047917239622,-0.0543862286631645,9.671535472161779,-1.5030774555427706,1.3756553621041678,-4.598084699817399,-0.0959209761253738,-0.06661133968251937,9.656082957851295,476,0,0,0.1537,0,0.0111
0.0656965002867745,0.14480061815382114,9.724915395710484,-0.03321262997618849,-2.188564579182934,2.0216067223901617,0.13564378777127578,0.1316820957849282,9.760146515535656,477,0,0,0.1537,0,0.0111
-0.3326656466431156,-0.34889643525821123,9.536346768778403,-3.2161614543415267,-4.519787042046156,0.032613272597782995,-0.3518111094490724,-0.2980991789336406,9.50428836701967,478,0,0,0.1537,0,0.0111
0.04788177067416425,-0.06503379833518032,9.74027875828664,-1.43330214061035,4.747001026122161,6.2007898510103825,0.05305311682235391,0.047070674615757035,9.775168408173268,479,0,0,0.1531,0,0.0117
-0.41333667535528557,0.09333631295716469,9.590092926570337,1.0392637287475022,-1.6949250383662178,-1.675481773916721,-0.44160760297600266,0.15511022711940803,9.538090225138417,480,0,0,0.1537,0,0.0118
0.2551461249052651,0.25100637489914723,9.761402080166976,0.9119621140915692,2.2987042406872216,-0.31214118025677234,0.20360046958974318,0.276375099190747,9.735995844573635,481,0,0,0.1537,0,0.0278
0.1562652328121108,0.15337958732956014,9.80614971688543,0.4386342247492059,0.30116002825586,-4.257367243570729,0.19132334380520183,0.1519938185279088,9.688879267324637,482,0,0,0.1537,0,0.0224
-0.48727416332805623,0.22478688421629714,9.722521725060343,-2.456142424918,-4.830089549440454,0.2047243140242803,-0.5061520607459266,0.32813293249042463,9.79017725657317,483,0,0,0.1537,0,0.0222
0.35267193367663846,-0.09706166834161643,9.795953109980099,-0.5323292131503368,6.079184527123808,0.1842168929555127,0.4158725798839221,-0.05353257546960487,9.778620612349881,484,0,0,0.1537,0,0.0323
0.10849276951350158,0.27619725753826996,9.809210579391614,1.2760194107754792,1.6588287198791205,4.489279100252932,0.18811845206584482,0.3959997383041716,9.771742184162886,485,0,0,0.1537,0,0.0514
0.7147870959500583,-0.7774818235023776,9.96196382038365,-3.5493586209040418,1.4135513616307305,-0.6119326449307474,0.6365494558572652,-0.725748115984301,9.980393974613037,486,0,0,0.1583,0,0.0449
-0.1926948324662231,-0.12213089011241887,10.04194063717071,3.9585847998434387,-3.30819040964423,1.5673578700522515,-0.13372046404021803,-0.15410329331541778,10.080314420340228,487,0,0,0.1537,0,0.0825
-0.4225899975108089,0.24818255091857505,9.973956298209892,3.395357906061008,1.3511788359387706,-1.6532364249859994,-0.4377743962035832,0.2810720793023264,9.948636440340225,488,0,0,0.1537,0,0.0731
0.40199387968612366,-0.3595351886443734,9.955191342376972,-6.308173100837923,0.7506834529651589,3.155306499818255,0.40626986125612763,-0.3041829548483805,9.93781493090459,489,0,0,0.1537,0,0.0829
-0.40185653127135607,0.07698209817393283,10.254398224031256,0.5792073233414815,6.144929608067526,0.9210366773994338,-0.44751101259614723,0.04557846392372406,10.26841439195173,490,0,0,0.1514,0,0.033
0.25207664734498747,-0.5482573257542845,9.807241653474088,-3.6565737519452837,-0.2290879923019776,-0.20510091076107778,0.16264835448946352,-0.5909757165305285,9.797068994249413,491,0,0,0.1536,0,0.013
-0.03253961494151276,-0.2853260319744043,9.563391795110991,-3.0643641435163014,1.4380809580251894,-3.438562933933654,0.0026854706916156004,-0.22524582720930805,9.668006108675039,492,0,0,0.1537,0,0.013
0.49357538878112645,-0.4142790114357747,9.420565390315662,1.3892056661015917,2.7096197458278,7.631700974480549,0.43413883124974323,-0.4165323346221022,9.405784076373486,493,0,0,0.1484,0,0.0023
-0.46441202554450817,-0.07425000290810589,9.564523836913075,-0.27223642194553893,2.0035752917575853,-4.745599715715698,-0.4222609801880041,-0.08766492374991522,9.550512265040737,494,0,0,0.1537,0,0.0023
0.06952408339307502,0.2304063209184622,10.126673402698769,-3.9258244802375772,-0.6255689793558792,-1.634702566159537,0.10584613533625253,0.1530379114810505,10.133614953289369,495,0,0,0.1537,0,0.0123
-0.38668555233405877,-0.21825247849965246,10.042130116427407,0.5759372086879602,-1.0287242771091976,0.770428344976508,-0.32190973841260334,-0.15437848299724988,10.078577583813384,496,0,0,0.1537,0,0.0431
-0.04944638389905218,0.29737788111813,9.993703676960873,1.692169292452574,-4.779515565605335,-2.081063892011544,-0.050204359113510434,0.22159072838566563,9.99508104387189,497,0,0,0.1537,0,0.0327
-0.149830091749279,0.02023448393537733,9.424273876486462,0.5544192362533038,-1.5637421432482972,-3.0000653880105093,-0.17946536768143947,0.05761286839514821,9.553252278459903,498,0,0,0.1537,0,0.0426
-0.47090397463335965,-0.010808521692553237,9.945429587530539,-4.357394548572181,-1.4826116647011087,-4.043764750488343,-0.4587402135282589,0.04933334479523433,9.968013102390882,499,0,0,0.1537,0,0.0326
-2.103319647580239,-0.3250071503703426,9.45650898379514,-1.746741338814316,8.934156038628023,-4.222562855463808,-2.7999464169100934,-0.7585235654450996,9.8587677474574,500,1,1,0.0098,0,0.33
-1.9862609210332316,0.16125704114377823,9.403387295329075,8.053634516785003,8.617499958760055,2.035145048451094,-4.7875822928038625,0.36977831773267633,8.658124064787541,501,1,1,0.0037,0,0.3
-1.264819991657912,-0.2799347130368743,9.6301003232375,-0.2183829284921386,9.292042220740013,-0.32747391692813876,-2.5850123919164263,-0.36442772285233094,11.849793531127691,502,1,1,0.0004,0,0.31
-1.9236750388428954,0.2513269920177906,9.90803112035627,-3.6089840481375783,11.45663192454593,1.2606293799381216,-4.3740110491319735,0.45314606346866415,9.75787171466058,503,1,1,0.0025,0,0.24
-1.8623563802138408,0.23603863441099385,10.181671721091336,0.7337414397842645,8.821878611874979,3.7677579622750375,-4.10177455266988,0.4795694787922239,11.72288515981459,504,1,1,0.0002,0,0.19
-2.8551218267844307,0.5020324573036821,10.299632920693648,-6.391328568186111,11.099357114592138,4.98623655441265,-3.2262268757200747,0.664599921465522,9.63734289227685,505,1,1,0.0009,0,0.26
-1.653948653127748,-0.25384905378813943,10.371077117406138,0.6777931168541586,11.356924617728744,0.6895822968999601,-3.52320661569763,-0.5083918058839848,10.210542801358793,506,1,1,0.0025,0,0.25
-2.6584597723678125,0.2820019293102855,8.697087681207929,0.8499306467991556,16.01245592800341,0.43429419182679174,-2.792587724113104,0.7033532457137196,8.636574199003281,507,1,1,0.0021,0,0.17
-2.765081119325318,0.0683237122215013,9.63087923197207,-0.5734876993008937,11.535722124981897,-5.384661068957545,-3.4061308972063102,0.16159045980907427,11.269325793454136,508,1,1,0.0001,0,0.14
-2.7552407011943574,-0.11620036619579346,9.662327468727284,-5.883995965318274,7.716368417972466,2.4051763213391135,-3.754480746418248,-0.15303799110848382,12.06433099134145,509,1,1,0.0,0,0.13
-2.147573122755156,0.03594558124802577,10.27000051359253,-1.958471532443974,17.141934450513297,4.128250529859916,-4.985237169822798,0.055497731392774675,11.431321894691639,510,1,1,0.0001,0,0.1
-1.1227875390224653,0.5161414427332642,9.602928070850416,0.9090712751440033,8.691001776025757,-10.092670536619629,-1.7390948414666785,1.1620014720846032,9.21422282243179,511,1,1,0.004,0,0.1
-2.6527488825281,0.37382131005491576,9.788464773454564,-0.40102359395324205,11.465185659721653,6.431383714778241,-4.885783665231239,0.41961599322161447,12.48522439869629,512,1,1,0.0,0,0.06
-2.6495143226555187,-0.3642599897719583,9.750649374884492,-0.32762694212676663,5.058824249605122,-0.47382151189267313,-3.804404361021721,-0.6285609458235843,9.06927263837548,513,1,1,0.0265,0,0.06
-2.813852635915076,-0.4158906970579171,9.147056695646885,-3.5059258211497495,20.30817613677288,5.452595993130539,-6.21697650932031,-0.6794221082435996,11.557438202498334,514,1,1,0.0,0,0.02
-2.4817612434642187,-0.5646077934040338,9.626610033941239,-4.203209383972387,14.651401294360518,-0.955386535594215,-5.102553575869059,-0.687805847641242,10.359878913182783,515,1,1,0.0,0,0.04
-3.360460760370015,-0.5187854327105199,10.155427710166244,-3.7115786689950534,16.333815044636594,5.291203401531227,-7.675701904764307,-1.0952161624726564,11.73254655712547,516,1,1,0.0,0,0.04
-1.877175561746282,0.32605270448095913,9.014283259680976,-3.779354997032374,12.745232071737695,-7.382096809679077,-2.700492769536208,0.4027640389525677,10.975499233579486,517,1,1,0.0004,0,0.04
-2.6792293689415736,-0.28462541330434243,9.296176444278561,4.064543745588956,19.569600793716553,-9.894396205046606,-4.965865934643876,-0.4974449030723698,11.88443493236289,518,1,1,0.0,0,0.03
-3.4876907186572508,-0.6184053577173688,9.637534748164995,-6.149237643756429,16.568605300449544,1.882758160957665,-7.422652441603273,-0.6547525414091047,9.974037945372219,519,1,1,0.0,0,0.03
-2.62263466731309,-0.6758222498417052,10.621759595640897,3.16757648059062,18.836992697553924,-2.7582910858457033,-6.145843522005242,-0.7232786647237525,12.846730014328049,520,1,1,0.0,0,0.03
-3.373212439469266,0.05428729139309831,9.683195049008361,2.7963648926862925,11.187732536477299,8.634291631487482,-6.00737335249281,0.07682234299920826,11.865657661275558,521,1,1,0.0,0,0.04
-3.9402727895538825,-0.37363892679710303,9.597857389320653,-6.312592707443095,21.50377146143381,5.255934010486996,-6.01683366000278,-0.7713374190445841,11.652315019396731,522,1,1,0.0,0,0.03
-3.28157159664522,-0.7643756420384771,10.097799907902363,-1.4069590161184908,15.559917730039642,3.692677087723854,-3.6258976343235596,-1.363605621858319,10.961689491011821,523,1,1,0.0,0,0.01
-4.080026978533707,0.5519813140531072,10.17865434437285,-2.0765823548103994,15.443249967905397,0.42609911450659904,-5.86861117458499,1.0612569720373057,9.71230634326272,524,1,1,0.0,0,0.01
-4.326471658711628,0.28132634264657874,9.830302949614543,10.750382642395618,14.531844087211127,7.313397665004494,-10.300358651566627,0.6549737764313902,10.219071787923593,525,1,1,0.0,1,0.0
-4.060176091388034,-0.1288146989508567,9.780242617424843,-0.5069223161892815,6.897089032052388,3.334252994528887,-8.665922776953739,-0.17518711452138788,9.660822005201208,526,1,1,0.0254,1,0.0
-3.5452624527953223,-0.20772414170388176,9.249884357593617,0.5520021285533863,22.006956396642742,1.128576933089493,-7.888049530615408,-0.2263061896078309,11.817975812711754,527,1,1,0.0,1,0.0
-5.200937002981683,0.1865887826259389,9.124421898714601,3.4427823175491556,22.07868515846714,-0.2630748602150513,-11.084861986236124,0.37654308441626744,10.523971446308998,528,1,1,0.0,1,0.0
-3.6416949867774626,0.49526586837622255,9.88545713221603,-3.8440088571946855,18.7771087067469,-5.769430866996316,-7.192306737370118,0.6454539602012963,9.036731955958972,529,1,1,0.0,1,0.01
-3.4175252616904084,0.02393322749250445,9.28104537184153,-7.118960878064515,4.578312387252312,4.148119945813865,-8.064568256657797,0.039181496251236396,12.045938154442014,530,1,1,0.0023,1,0.01
-3.4366159116289703,0.6008439892424429,10.148962260904005,-2.52081264975648,22.888834740083475,-9.165931617180066,-7.671625060130976,1.3217771036994237,11.07348067037161,531,1,1,0.0,1,0.0
-3.9309646736509647,-0.57914654588937,9.914313162235347,-4.481356334401726,14.975992363032804,-5.954324947713467,-8.13073213553772,-1.234988832777132,12.607987593461335,532,1,1,0.0,1,0.0
-2.3504504609945833,0.13913142225843664,9.648724905770862,3.7287466628919312,19.09501015728754,1.479365281036428,-5.291256070601936,0.21012518321530735,12.180577636198208,533,1,1,0.0,1,0.0
-3.1651869961155596,0.44630518680320763,10.032171453491047,7.159877390080325,23.99266486307335,5.257210870172143,-7.274411798659998,0.9516691335534186,11.417552450229731,534,1,1,0.0,1,0.0
-4.0720300212877305,-0.0007686502517996558,10.246689178234409,-5.174418072580086,22.40140493850694,-0.5406248367338505,-8.860407659287308,-0.0013983540286388418,12.92507235708931,535,1,1,0.0,1,0.0
-2.808710916368609,-0.26400792119225985,9.699271375150252,3.575110435046922,25.320662594292983,1.681532366466173,-6.656964887729309,-0.4817051844705423,11.31492891794265,536,1,1,0.0,1,0.0
-5.013440217013277,-0.0692162510192236,9.691973813043145,7.5675219193344905,17.80772101698309,-5.94236507182044,-6.187247786035831,-0.08866697732447874,10.456514676892851,537,1,1,0.0,1,0.0
-4.601303044028616,-0.1298931439436828,10.032041456815687,1.3071028749242366,13.583130808535978,-4.552842834343529,-6.003241614585893,-0.1749137057078264,9.398896576347815,538,1,1,0.0,1,0.0
-4.153740850616436,0.03839364482689918,9.737975022128342,4.8920541940860005,15.495640809684504,0.13384514289209923,-7.9017447684966955,0.04980736343318643,9.092220537346497,539,1,1,0.0,1,0.0
-3.615399826474948,-0.23308856192563465,9.882271132270475,-0.4318164593319077,20.642651632217387,2.571673339045921,-4.20223606280211,-0.3816896710880178,10.86357769861372,540,1,1,0.0,1,0.0
-4.412248577204587,-0.09713075514246966,9.553755898784777,2.267066538869014,27.105755011355836,0.8144540222867851,-9.947026772395509,-0.17426128414540754,12.046932321874026,541,1,1,0.0,1,0.01
-3.531109190920377,-0.7427719614053911,9.401792834834655,-3.133083294235931,29.652002162717682,0.3199665709011249,-7.506073700343654,-1.1979521516067808,9.05594488928267,542,1,1,0.0,1,0.0
-3.536085563237388,1.1178370837632856,9.841382955163253,-1.8612866320399404,26.736339289037055,2.346051635889448,-3.7533532168864645,1.4665282836658369,9.13059126774112,543,1,1,0.0,1,0.0
-3.287557537762327,0.6559425107967994,9.70113409479954,2.0469608116916844,26.01993235196597,-8.619604044058194,-7.2580608759704806,0.8155326826042387,12.030237980485659,544,1,1,0.0,1,0.0
-3.983410999897643,0.8008344205821071,9.277001381834799,5.6183501229532595,16.542246452381608,-2.5160967131130825,-4.703130740901604,1.1796700421814297,9.629426057563995,545,1,1,0.0,1,0.0
-6.919500278980789,-1.305580475819489,9.527828635674314,2.605433570199322,6.050017336249342,4.457120446561214,-9.368387124050306,-2.658495688674714,9.983042079337237,546,1,1,0.0303,1,0.0
-3.1852362521812077,0.8081816554108987,9.700046761155392,1.8778751586585793,34.10848343266916,1.9227151507056206,-7.159278710574673,1.609568040412514,11.353325956575759,547,1,1,0.0,1,0.0
-4.582127132189245,0.6551321895281725,9.229186442474571,-2.7646878211615333,25.833315542618784,-6.056173636119188,-8.467043767267423,1.055010514753874,9.904604358083335,548,1,1,0.0,1,0.0
-6.294716678037067,0.755753759750718,9.618146512349023,-11.165751943672028,18.638700702281533,0.4457746792529041,-6.386514643776208,1.7812988717522333,11.815771551955358,549,1,1,0.0,1,0.0
-4.9929004036307285,0.2790498055741351,10.3733993221232,5.3874986660966195,27.293513976318724,5.348815766664476,-10.564645354089867,0.5510716300620001,11.563944687220147,550,1,1,0.0,1,0.0
-4.849825127196341,-0.5455790651383783,9.44897382779799,1.1814049759282064,29.50825865623998,5.8256458259313115,-5.912716918594515,-0.6428445185092637,8.677810150121017,551,1,1,0.0,1,0.0
-3.899168828938116,-0.6540656388347721,9.152969230796526,0.23682405621472807,16.728766866429314,-2.6131260519273534,-8.318019499945317,-1.5565064144323428,11.46984723869426,552,1,1,0.0,1,0.0
-2.6935343635632965,-0.405925617694012,9.333710714111604,-4.058517665051379,33.84290391420672,-2.1919980587323042,-5.46170913548135,-0.9481032167079351,12.057460828146883,553,1,1,0.0,1,0.0
-5.207860129259247,-0.6529082054152301,10.053400523255789,1.1512675180877485,31.49000897557435,8.374645394467576,-7.366434649314862,-1.531975246928459,10.709875850411008,554,1,1,0.0,1,0.0
-5.19134669850061,-0.5138276835952345,9.522243043312722,-0.0679514984498997,26.790839446838646,5.801316551619511,-11.824477443323385,-1.1679024737137125,11.124760335313862,555,1,1,0.0,1,0.0
-6.7011253407162625,-0.521560975820631,10.028578806332574,-2.703723295648018,26.549517587740727,-1.1811641742541088,-7.508526043884164,-1.2156044437579498,11.72054941708462,556,1,1,0.0,1,0.0
-4.366725619575413,0.43572197965209375,9.697731863893551,-10.965902545178261,36.77428097954898,-0.7725123094989071,-6.030170976053617,0.6562712078335022,10.528898263330573,557,1,1,0.0,1,0.0
-4.660950322237116,0.10599517221375022,9.652486050488667,-7.533735887813746,20.382509989391483,2.615644358302227,-10.913505297665075,0.14414387017157507,9.072524340304321,558,1,1,0.0,1,0.0
-5.309004785735683,0.2500545283687188,9.2351821721726,8.304544651449861,17.711475242305546,2.3175216881838594,-10.898147180656037,0.5223876437522835,9.022285663368452,559,1,1,0.0,1,0.0
-2.762739200756608,-0.3128876605146329,9.792978299590363,1.9498175498799752,20.368560007227433,3.853745132390925,-5.040153783427974,-0.47918554383017437,10.443343144907677,560,1,1,0.0,1,0.0
-3.1051118020946653,-0.6670817990867719,9.89277127336501,0.5616883970688912,28.9724037765559,-10.466239459720128,-6.814947676014162,-0.6700108404197553,10.75317784610352,561,1,1,0.0,1,0.0
-3.7949860038616197,-0.2471805148887264,9.384866698008725,-1.9569886649212853,37.81913442614056,0.08049484496548424,-4.7242612790390535,-0.25389467560409323,10.898164518007055,562,1,1,0.0,1,0.0
-3.7959456721740743,0.029233838464448447,9.985799335222021,-1.1603772328656807,19.429992209275348,11.421196268597244,-4.901116591340458,0.04514261788712348,12.590457302181441,563,1,1,0.0002,1,0.0
-3.6069625523214786,-0.2596611161098936,9.656952172541923,5.21173313035744,20.361680750940018,-2.6269436905168546,-7.542866090739132,-0.4751513748108777,12.439736472185002,564,1,1,0.0,1,0.0
-4.058331271076131,-0.04643081481329009,9.100919648510205,0.5217905634781091,35.40410016984305,-2.285413216167923,-5.210028467014478,-0.09858831754672295,9.475103921170838,565,1,1,0.0,1,0.0
-4.684351913117885,0.06316896593056837,10.571381153515464,-6.095061643583904,21.845751842761064,0.4670430304604216,-7.846472436980492,0.12390783342182952,11.359191924683495,566,1,1,0.0,1,0.0
-4.888052875959197,0.4312590349100888,9.886571572135603,-1.5646502802884976,23.66619216221376,7.144091377720985,-12.173237802413167,0.8879775309868057,9.243233451170527,567,1,1,0.0,1,0.0
-7.653190977475388,-0.41997699825284396,9.800538083397495,-1.0550768493831835,25.153167545353014,-8.528541825408125,-18.20968718285028,-0.565032934184639,9.425821032093339,568,1,1,0.0,1,0.0
-4.967353828144185,0.34710587453996244,9.563753660324709,1.5855638096411582,21.185495143369632,11.532063350138568,-7.904450586470235,0.536504007608844,9.909948385072541,569,1,1,0.0014,1,0.0
-8.21377096413018,-0.05915927198547024,9.466139738631705,1.1292226911723429,20.544596642216597,-1.5592134840071221,-20.21034379481631,-0.09406437440182348,10.745512484581573,570,1,1,0.0,1,0.0
-6.457773056049037,-0.7833272889430158,9.835904447991746,-3.090343115490347,19.899239647744132,-1.1508957622065568,-10.900593688894674,-1.7298123463252741,11.718250682288977,571,1,1,0.0,1,0.01
-7.803112460743869,-0.08993668082118665,10.109463443451709,2.4166431042635,13.827631975733754,6.602821455215598,-11.72880619599169,-0.21433316971962899,11.933461652415874,572,1,1,0.0,1,0.0
-4.696258608434013,-0.04139247083457757,10.482255078498339,-0.7165069463315105,26.075660231516984,-3.4637124126601586,-5.642624535666326,-0.05055875767480334,10.515186015764856,573,1,1,0.0,1,0.0
-6.380303927939823,-1.2945237036759645,9.691783823766894,-3.1211252573488233,37.78782037245236,4.37824981876574,-11.787027205083678,-2.3453259611266986,9.774037165774214,574,1,1,0.0,1,0.0
-7.208669351579862,0.846988854256045,9.823334212125593,-3.9231153942438564,28.915072041469877,-4.767247021052925,-15.987870937864024,1.393836114447889,11.951419453908523,575,1,1,0.0,1,0.0
-5.329648729953487,-0.3163376464242208,10.308325637743886,0.20770590492188515,24.461918846271526,6.051762405092837,-11.331488805275072,-0.5712024847115611,10.535856861380164,576,1,1,0.0,1,0.0
-7.20016131924132,0.23074063552069357,10.217191522531568,10.056979954636414,45.451714931138994,-1.4716522753964383,-13.242356021426543,0.5421205427040753,9.831796441343593,577,1,1,0.0,1,0.0
-4.257324942975256,0.10717658253039097,9.915135076222398,0.5257220941705804,16.034573847857693,-3.683987795327554,-9.043375111893337,0.1535252025230347,10.455856149530717,578,1,1,0.0,1,0.0
-10.87003964733647,0.3160613367886355,9.924871589624047,5.096430121775598,34.366297799930905,-7.151692138798509,-24.134645489822564,0.5494692590131087,9.12797080215931,579,1,1,0.0,1,0.0
-8.249679354020635,0.07110056902400852,9.791737159031406,10.411915155868503,26.23304077354917,-3.199429532122593,-16.03524040269403,0.08677052904674677,12.441451648418585,580,1,1,0.0,1,0.0
-4.949657887143354,-0.042373868693989604,9.80540187747566,5.754630438927094,22.257794386939278,4.473339593743912,-12.032809581102661,-0.09371798740277987,11.46170482666961,581,1,1,0.0,1,0.0
-5.022671142562898,-0.17809376886585498,9.757618982908703,-0.919033899477858,43.78497483194625,4.213643829709222,-11.418085907867782,-0.30594597674289725,11.372381396265192,582,1,1,0.0,1,0.0
-5.096818209374292,-0.12913612641724415,10.054543298855352,4.8884123530323125,41.579759314957485,-0.22699310497146158,-12.304641080168313,-0.319071634459805,9.826919456606415,583,1,1,0.0,1,0.0
-7.184143395018109,-0.5109872464897537,9.904904528047147,-5.462937940116265,42.029731701378736,8.789934235527598,-15.220224165253983,-0.8511423740654209,11.293169050107354,584,1,1,0.0,1,0.0
-4.840152535689112,0.23186523274011264,9.276741023626405,11.880383613159802,44.540718345966305,-2.644731236460538,-6.197711867041396,0.30641752947711093,10.781121673594097,585,1,1,0.0,1,0.0
-5.113870770472177,0.14002317511200943,10.278634294608834,-0.43013544869093745,32.186151432196276,-3.631241510735124,-6.619404668957804,0.17019361532607394,11.156362782198,586,1,1,0.0,1,0.0
-7.7047860020503585,0.15968226057319013,9.84248810479969,-3.0431433051938943,40.36434873077006,-3.38168682900685,-13.585110044868536,0.31864998539120803,11.816621438109616,587,1,1,0.0,1,0.0
-7.852061582437467,-0.7082847828903163,9.66092368842829,0.5647423316568103,44.64583883048436,2.9124069115110105,-10.605971870479278,-1.1464250435535406,11.737840868303076,588,1,1,0.0,1,0.0
-7.678180493978587,0.6633518995648313,9.71215913580601,-15.034767316696811,41.89345550079828,-4.419001640653469,-11.655347556541283,0.7793529444398033,9.095447748339813,589,1,1,0.0,1,0.0
-6.501625886296694,-0.059200854644196256,9.877418274288187,0.6213810324489668,36.27265126579048,-1.776098905968634,-8.642869055352532,-0.11278144924839094,12.336574980158037,590,1,1,0.0,1,0.0
-6.00380671453903,-0.5802646176673814,9.929153857622234,5.719704114343566,42.640214582036194,2.9943979953243076,-12.584176406829192,-1.1295345633527731,12.275126714828234,591,1,1,0.0,1,0.0
-6.96696328275119,0.4301141066039029,9.781387101270944,-4.256451010509121,38.86067446077322,-4.710281008214189,-15.00583091905456,0.8695131979857142,10.844077526087215,592,1,1,0.0,1,0.0
-6.982575891679159,1.0462444667027673,10.088334975619215,-5.564887796997474,45.88089268527633,3.5003760598045277,-8.203320971825832,1.400511492345947,11.27482852079828,593,1,1,0.0,1,0.0
-6.969091035992254,-0.5890700731056118,9.814057290261678,-1.2513065946377264,43.76407331061611,0.788551312486599,-10.193985401103642,-1.2092827009213347,11.400781271886412,594,1,1,0.0,1,0.0
-9.282463722056052,0.5936159296176845,9.95768309707393,0.33042215870740843,24.883558638304915,-5.0418736419053936,-14.334460052195592,1.285174499917881,9.290078739673872,595,1,1,0.0,1,0.0
-5.734032273962801,-0.16303947259457288,9.586513326926056,4.91426268033141,26.799672980005912,2.6869795941585704,-13.638061603479272,-0.22510546869673345,8.981073952749712,596,1,1,0.0,1,0.0
-5.819099505603177,0.16031258822733432,9.297210758982768,-3.0937339568524274,38.32182839866142,3.03606909992975,-8.115974966967597,0.22815270219661352,9.40480783769344,597,1,1,0.0,1,0.0
-7.819263654324186,0.9921828344356424,9.76820944180505,6.313623499280956,28.797761280450754,6.7931890787361615,-16.543024667787307,1.3943515843881242,10.353726288840278,598,1,1,0.0,1,0.0
-9.77395744101607,0.37895655747703894,9.581422737688325,-0.4460331686019866,15.242245186112978,3.616593161372097,-20.41039078981041,0.8873836806297903,9.20392127971079,599,1,1,0.0,1,0.0
-6.825383738209382,0.9944870018484071,9.409815814445588,-1.6799592779924188,15.122502727725117,-3.811999728750355,-13.505077691513769,2.4199232997383664,9.342421188011619,600,1,1,0.0,1,0.0
-6.443029302547259,-0.49848870757599256,9.707022803703618,1.56946615863875,43.99465979727463,3.7477684064859824,-14.654323731089317,-0.8998227581121065,10.646282203087837,601,1,1,0.0,1,0.0
-6.947971438931405,0.45682157727997075,10.624321078154129,-1.7035487146963868,25.922860604619572,5.5444998136928945,-12.872666029161008,1.1342005857699846,13.40454250297097,602,1,1,0.0,1,0.0
-6.329049820017208,0.06756951532050587,9.664281360823415,6.548867613965114,36.88125815470128,-10.797059376711607,-6.945583062227246,0.0994469474723563,12.006464651439629,603,1,1,0.0,1,0.0
-6.4395521314226825,-0.21748644246077428,9.90317482140953,-0.8128681980394754,20.821536252602485,-1.85230537699375,-11.031870971000313,-0.3048841447237569,11.861329559997909,604,1,1,0.0,1,0.0
-7.906907644177387,-0.019186050805552857,10.295374723446697,-5.388368688349524,55.103855001079054,3.9668768999439004,-17.513900464648255,-0.032949476900943436,11.197749549103394,605,1,1,0.0,1,0.0
-5.324059773433043,0.20046673035322274,10.323146347135232,-1.1105098977212602,20.554047314066842,5.407340577389586,-8.213973732313288,0.3707642478467311,11.947474083352681,606,1,1,0.0,1,0.0
-7.308553811429018,0.50587158957908,9.863301466453109,7.61505118136988,24.114617655649013,-9.227151576693466,-11.329902154939676,0.9904242139212432,11.923228530404817,607,1,1,0.0,1,0.0
-4.643887731152867,0.5522394526905313,10.112279223185759,-1.676023058791971,9.54566536733207,-5.065097161523671,-5.1198265489318695,1.3623155351742802,10.559555877451674,608,1,1,0.0,1,0.0
-8.820488046406245,-0.2625328131697058,10.64619572587099,7.697950259828693,42.202510499911355,2.551312450482144,-10.367919741195106,-0.3300163916426371,9.946411855829957,609,1,1,0.0,1,0.0
-5.6535441259905035,-0.3415941449382108,9.52073752044892,4.917135972296957,39.97259439771019,1.0262755330939788,-10.510212808267095,-0.741254645140277,10.805785042312344,610,1,1,0.0,1,0.0
-6.448982811143026,-0.6147097801421463,9.073078968624017,-2.9414825088436034,31.204388898027833,1.3958793633716757,-8.4809874764566,-0.8337087055058738,8.781093099701842,611,1,1,0.0,1,0.0
-7.804488049780089,-0.10337953568157976,9.588521461016382,7.998668024150437,32.030491734218046,-5.763468872215144,-9.848254329644547,-0.1827056765504405,11.59294986397045,612,1,1,0.0,1,0.0
-7.7200602680903625,0.0973399187495843,10.82685942473797,-1.1437828301307873,37.70359723218239,6.2991877409359205,-9.784688636645322,0.13641548097990827,13.933677053765615,613,1,1,0.0,1,0.0
-6.979207552662738,-0.08751005363026164,9.188903698600985,0.8173550650840657,29.58137744395013,6.55983230087652,-13.808720099300615,-0.11646498075597295,11.190960709165568,614,1,1,0.0,1,0.0
-6.361275407491557,0.16924997600144004,9.148498890493823,-0.9042792387349934,17.420884425930755,-4.177352004118103,-10.8813570652171,0.22462730509153572,9.330393353254278,615,1,1,0.0,1,0.0
-7.061587430398034,0.0885433943936305,9.917882135010489,3.173565668664133,32.93592160008606,1.7911156769670313,-13.672224977926943,0.21983579424629093,10.591843612633937,616,1,1,0.0,1,0.0
-6.287473029057407,0.0364214991927011,9.598974770718202,2.8661230173937287,26.959780771117213,3.979353331653519,-13.067459006757655,0.049972316453634716,10.472571050659164,617,1,1,0.0,1,0.0
-8.122522511517278,0.21615465148618235,9.366140171850848,-0.023946844033994902,42.904655539039965,3.882783033842447,-14.493369959244397,0.30606597235110033,10.41821046277414,618,1,1,0.0,1,0.0
-9.601416724786917,-0.23939353020747214,9.48128309054892,-2.6397575656886074,37.205030855075854,-9.763004518829687,-12.722214296053334,-0.3547753110587568,12.02477273482442,619,1,1,0.0,1,0.0
-6.351261930678734,-0.11949682070924268,10.252547148648757,3.6500191322803066,38.430537605660106,10.328231372060328,-15.054412301131885,-0.18330188595501656,9.738846635889596,620,1,1,0.0,1,0.0
-6.215582232318364,0.25162224197027505,9.934452466648654,-0.33178787576281776,20.802647533197806,0.3118371875504977,-6.312630195723146,0.5986604345992932,9.23502470376775,621,1,1,0.0,1,0.0
-5.7723719697703775,-0.12941624992077505,9.243046015097905,-3.401957707976125,29.78021437449057,0.6341953900996693,-11.077697895250541,-0.20697749797482393,9.306656674220424,622,1,1,0.0,1,0.0
-9.344930413694236,-0.14240426176429136,9.767115258210437,-6.243629242405851,34.50955919202097,-2.708483808347724,-13.348491269538565,-0.16552875844203246,9.48301195600118,623,1,1,0.0,1,0.0
-5.981193165525552,-0.48202680702205647,9.723887330790276,-4.212172092950463,41.92586551344835,-3.168193800319481,-10.689357903576216,-0.5807315241582033,10.714296261756115,624,1,1,0.0,1,0.0
-6.943513542406511,0.2588904838527665,9.666851166136798,4.292504876597707,40.80653016617043,-8.999324864826828,-16.28174881267084,0.4965961720084217,9.704687460006229,625,1,1,0.0,1,0.0
-6.899089719605602,1.0380723682391586,9.62805008686626,-5.543431604701786,28.353087031105716,-4.585338494036047,-7.765513373896775,1.5662902262608975,11.987045800330073,626,1,1,0.0,1,0.0
-7.391982442316922,0.5165339616587441,8.518451206282228,-3.290448438346871,46.6499401408133,-3.0865384681643078,-14.183057896294068,0.5871086664787648,8.166901226576517,627,1,1,0.0,1,0.0
-9.095678975323889,0.10950430145702245,10.137926136299047,-5.851491936712683,25.579040986723896,-3.4293926866430855,-13.110893853542146,0.20369905285310214,10.60972016590881,628,1,1,0.0,1,0.0
-6.103503496090473,-0.25237897189530506,9.011894278470267,3.3158225538646358,34.02111672112309,-8.06969059465949,-14.25770662250549,-0.5465107491607761,11.44768330250393,629,1,1,0.0,1,0.0
-6.58902260328931,0.0951178814979518,10.339293508058999,12.122410700996761,27.54951614049163,-0.2507893010411157,-12.06855950563393,0.12481181291222802,9.457741452318437,630,1,1,0.0,1,0.0
-7.951111399296146,-0.2229239919078756,10.562550027694908,4.699923261731288,39.353893424901074,3.4805646323825563,-9.827137865169856,-0.3629700268279692,11.371547906523933,631,1,1,0.0,1,0.0
-6.158981931377523,-0.49906886941712286,9.329173232096766,-0.7912321086497592,51.924276538656684,4.568566822482577,-11.085355712414442,-1.1585629850445305,10.485203930708082,632,1,1,0.0,1,0.0
-6.638953614944528,-0.3454248235763702,9.582428360592894,0.8526271948856892,37.9166082158546,1.9028884925217588,-14.316629805259632,-0.7600172143183466,11.297645797658387,633,1,1,0.0,1,0.0
-8.6792443674663,0.8350528338927481,9.836910587506257,2.737375165963843,25.3207330747411,-2.0701706557596484,-13.721861114023286,1.5648901611257586,12.266696729871585,634,1,1,0.0,1,0.0
-7.962843475580574,-0.0852842953107391,10.000750941201778,-1.005059991074548,49.98508212453828,-3.8730467344766857,-8.866460354870147,-0.17767127646352684,9.542035817569605,635,1,1,0.0,1,0.0
-10.060837044422847,-1.1873244275018557,9.220797266294696,-4.243171506267758,38.25280944127439,-10.841150009746963,-20.988486214053484,-2.2340708544146297,9.92751358516743,636,1,1,0.0,1,0.0
-8.7841159862935,-0.65944711706964,9.785290143705403,2.8272947038508884,35.35994777248173,4.827806809624674,-18.08981001079537,-1.016210035723935,11.874788999302393,637,1,1,0.0,1,0.0
-6.828148885199361,0.03179767200031472,10.038345898125526,-8.291168950828148,40.121823194082275,2.7615201402734564,-16.6472222319614,0.0625602937883927,12.658091317450898,638,1,1,0.0,1,0.0
-7.147895127619337,-0.4667465324065701,10.412270665316782,1.4784977531065966,28.22479856127483,-2.4746825256733094,-12.198467316626777,-0.5927050445667512,11.516997724987382,639,1,1,0.0,1,0.0
-8.445138134355304,0.7557245965279814,9.43305153707904,-1.0429601159158055,38.998998389722416,2.9825057365244216,-17.138468253896754,0.972783546400104,9.763214330106182,640,1,1,0.0,1,0.0
-7.742389436145629,0.5393777647906466,9.549571108944406,6.414846759405655,53.14253716785907,-3.7663112502278255,-15.636334730379552,0.6608600072277211,9.637246680936503,641,1,1,0.0,1,0.0
-7.5964433875756345,0.17809369444649006,10.183985540619961,5.540860240666989,41.23534572865037,-8.648346348227388,-18.350796872972953,0.3251982211563154,9.733722102418882,642,1,1,0.0,1,0.0
-6.628566475401177,-0.8177510243963844,9.602800664283404,1.6126083942508607,35.46836985752202,1.229737578275776,-8.588207516120287,-1.942833498142444,12.40845975498657,643,1,1,0.0,1,0.0
-7.452284930555076,0.40169238445999655,10.123514974151668,-0.023591382287241665,33.178166685556334,-10.601030091110463,-18.11450219538132,0.6993805564797793,12.795424394397138,644,1,1,0.0,1,0.0
-5.846623973247633,-0.20809160183772643,9.845903692524816,3.8074891520500604,21.65380195562875,-1.9729672634210749,-12.474521463978862,-0.4780311401137696,9.737928696687117,645,1,1,0.0,1,0.0
-8.469349906903252,0.13849071194909748,10.33679034102616,1.086332169101126,45.70370369786971,3.2725203877581714,-10.374678358124006,0.14269624191797559,13.269209103345919,646,1,1,0.0,1,0.0
-7.911538912559314,-0.304170178789397,9.838856879237436,2.693013371011521,53.87098783545585,-5.749587262154947,-18.092604392566823,-0.4329258422198347,12.218438438000327,647,1,1,0.0,1,0.0
-8.69805665111823,0.17271895852971336,9.648624615322792,7.273757081452736,28.64279455262622,-0.5302358739310191,-12.83772853332063,0.3624872837435599,12.436640282319798,648,1,1,0.0,1,0.0
-8.50355197610621,-0.13236937644753502,9.319114204141659,-10.527602948202295,18.888229893405025,9.702908851109658,-14.275170899843955,-0.22564803877950962,10.052318321079822,649,1,1,0.0,1,0.0
-6.531004553105616,1.0757377398597576,10.1558416431474,4.440746110450628,53.20101320066179,-1.9688122026668804,-12.73681724574619,1.729509169807221,9.754652835220455,650,1,1,0.0,1,0.0
-4.8787820389027345,0.19923707153013898,9.594262263356908,8.29461993308364,45.461593238113664,4.0301171473503095,-5.306164931851109,0.4955363601698523,11.429825053227487,651,1,1,0.0,1,0.0
-7.429979579716783,0.6842674819042132,9.533824753531002,3.6361316206241563,34.884774814561005,-4.100848996685318,-17.99922988773913,1.466889373803725,10.702953588151159,652,1,1,0.0,1,0.0
-9.078573895761728,0.07356152634905046,10.247109279434584,-7.861095253209411,37.75797001168751,-3.2961598667995844,-9.54077304906841,0.1610123495394002,10.946541398102923,653,1,1,0.0,1,0.0
-9.769318156569561,0.3755903154300191,10.07541976359029,-4.559777573120559,40.71079807039559,2.966312744268078,-20.748946267943758,0.7314227648364025,12.393924880172527,654,1,1,0.0,1,0.0
-6.16382613072269,-0.08244326148030887,9.432743745975415,1.6684779989562601,31.725622516143464,-3.1506294010122633,-9.576521324993976,-0.20049473287085537,10.452481594508683,655,1,1,0.0,1,0.0
-6.8945579193209445,-1.2680770874938745,9.760912385455745,0.7785925080252692,13.647649212466959,-4.329754691366755,-15.280352402065867,-2.969380578678671,10.272928826210762,656,1,1,0.0,1,0.0
-7.963206661487744,0.15482476384739344,9.689416254354253,-0.7721600640234548,31.933963511411886,0.4520689420330429,-19.58070447652412,0.2116353956290342,11.06732352579308,657,1,1,0.0,1,0.0
-8.44706791322599,-0.18245418210368855,9.20688664871142,-2.3623502304834867,51.41528003209879,-5.392112610419488,-16.131943775706997,-0.3449564565409925,10.168667878692178,658,1,1,0.0,1,0.0
-6.310710104683177,-0.4834561906973454,10.340455877613456,2.221546717793946,33.229532585302756,-8.700740522023985,-7.7720089101150425,-1.0181256367620914,12.75268343336466,659,1,1,0.0,1,0.0
-9.575373761930818,0.09211537132228659,10.064074887229902,2.8289837446693604,31.049510612980388,8.355939814378825,-20.179149545128947,0.1246834704853712,11.747023412187868,660,1,1,0.0,1,0.0
-7.389632637480762,-0.5515710367477021,10.142149462646707,-1.5103583708110184,38.164545586365286,6.333137427921986,-10.174268360888572,-0.7795070518075752,12.030999810034926,661,1,1,0.0,1,0.0
-6.481560686209276,0.07852137284399353,9.8651751000194,2.883149746401566,45.27907339323846,-11.789021533184524,-11.45155640830885,0.1795839645406712,11.276407246084622,662,1,1,0.0,1,0.0
-4.01870573410423,0.1802999791837485,10.468016344212668,-9.679548771608253,38.03873473623405,-3.3805652226925025,-6.337541826746324,0.40413163329512075,10.981184104847918,663,1,1,0.0,1,0.0
-7.105176901744229,0.8372888031257001,9.949581502247714,-3.8233151520803412,36.88850064122301,5.377152676742488,-10.820745826071471,2.037797506165066,9.137145187039335,664,1,1,0.0,1,0.0
-6.9473185525710255,0.08170297205220135,9.969005010801723,2.393424074407579,45.21389085452738,4.585485043948202,-14.365243418784235,0.18240529472358016,11.500835899423958,665,1,1,0.0,1,0.0
-5.972702411573553,0.502591555052857,10.049088938539231,-10.244379505364039,35.348597658002696,1.1503983788588859,-9.354972038624748,1.0808303071812775,13.033713629375006,666,1,1,0.0,1,0.0
-4.256487430867588,0.7442872661399054,9.584129139005656,-1.6891660995097149,50.743135343729044,1.287845645274999,-6.204044513030432,1.0604772964426208,8.947514774607287,667,1,1,0.0,1,0.0
-8.106074060416915,-0.5031860278989101,9.309650530764413,2.6956276921291256,15.402603419343663,-1.4013472701318843,-10.732023283094827,-0.7359898433386858,10.764737510553644,668,1,1,0.0,1,0.0
-8.8450720906065,-0.6500147994390699,10.143176892271534,-6.106232733495577,44.667611426587214,-3.34056867203748,-15.804150417526037,-1.2833462012698547,13.10852247466824,669,1,1,0.0,1,0.0
-9.539123121009068,-0.29050502588460836,10.676073830216252,-3.4736130843143305,30.62861975784564,-2.0996378630637738,-9.92136413869488,-0.30624437303538893,10.697695291204864,670,1,1,0.0,1,0.0
-8.438716818910796,-1.1451663033720965,10.117093552081164,7.423881839122738,21.65116632177837,-9.00338701368891,-10.231046438177762,-1.2102803288196826,11.828622679682805,671,1,1,0.0,1,0.0
-7.402969768335294,-0.1058964577735329,9.12213046087853,-10.34412419387021,26.66373516065687,-1.5013562210628308,-16.25172298360629,-0.2528078339361589,8.56330134255754,672,1,1,0.0,1,0.0
-5.860648116308524,0.01571069551268662,9.255267041328247,0.9337879115646435,44.15423735410433,2.6347023676113803,-8.857557585499588,0.035155227768204164,11.902192452441929,673,1,1,0.0,1,0.0
-5.288232834758126,-1.0803734814536188,8.953545240288342,-13.219432422694965,50.309950906374326,-0.9638937207368626,-5.443181533145452,-1.252216640642229,8.258464535983874,674,1,1,0.0,1,0.0
-5.324923734365822,-0.07762162070557667,9.942385669433166,2.864556947508088,19.447315979275793,3.546026855213314,-9.178675157015084,-0.18030743811417557,9.624465648493475,675,1,1,0.0,1,0.0
-7.061201431203225,-0.05245303868114541,10.094710636836144,-2.7418163008422973,44.53247822185025,-7.81925800353109,-11.94502295201698,-0.07581946842996654,9.381422558736432,676,1,1,0.0,1,0.0
-9.331719025802755,0.19417876543169332,9.118617082874362,0.8756250047565153,29.678075727868002,-1.4995198022803762,-11.886161422187579,0.4633916708927227,10.791020941160344,677,1,1,0.0,1,0.0
-5.860599635702647,0.29520846319591826,9.29898561113036,1.0349207238628106,44.1428563443538,-0.9629971225517537,-11.663892960594895,0.43254917386100766,11.757685833932207,678,1,1,0.0,1,0.0
-4.963302610042735,-0.6752642627029302,9.085935658801903,3.375105183253297,19.09475318872421,3.0710181556647633,-5.044502344955544,-1.10274362891634,9.482270984096704,679,1,1,0.0,1,0.0
-6.965940427117754,0.5688116838457189,10.326388642363645,7.065067256839768,31.133972825298265,12.197374384558286,-9.711919057925844,0.7916966463245607,12.951542248654958,680,1,1,0.0001,1,0.0
-7.081686519157977,-0.6632259329829313,9.870940710826067,-3.9267947755372354,40.29155380496334,2.2828605062362155,-14.013776323893566,-1.0484405288359187,9.799794027007284,681,1,1,0.0,1,0.0
-9.288253063103783,-0.5028471912605065,10.079367328115975,3.6011287637598404,32.61450009547711,-7.244015854431587,-20.03220282130839,-0.532641772505872,10.249128901143386,682,1,1,0.0,1,0.0
-7.444895782935469,-0.19425291569823838,10.061568978382398,-4.7537978582639235,34.74382271239597,-4.949156551861994,-13.033195760799032,-0.4486352542584919,12.1086362983577,683,1,1,0.0,1,0.0
-8.87598480354248,-0.6321181689329171,9.810031949203948,-6.8209215809740975,41.004121395543066,3.314181326740793,-19.55768106015411,-1.5262558206305332,9.485081791916594,684,1,1,0.0,1,0.0
-5.248576908961498,0.14774926958786536,9.597491504468708,7.206880879538503,29.654227149831875,7.276648372602331,-12.22120816722999,0.1948299344560152,12.251808968180228,685,1,1,0.0,1,0.0
-7.146886015909813,0.26210217557120014,9.536267063152275,-0.5110279954853508,31.39881375906578,3.886084348476491,-8.562408636316306,0.49298157828732897,9.12822790535114,686,1,1,0.0,1,0.0
-9.672472718433701,0.8814149128592512,9.78918439071931,-1.72772197436833,26.905882993179016,0.13377444439427894,-16.19039121234868,2.1360255755080684,10.02888501757021,687,1,1,0.0,1,0.0
-7.835769964621662,-0.135354826110685,9.669493388613919,5.30542338286198,49.9041595688714,0.4826456967425745,-16.805135177145555,-0.29914812444051847,9.465618579414405,688,1,1,0.0,1,0.0
-4.721201593761744,-1.077544641892376,10.055414819385371,2.5318672526728427,46.03328276509425,-5.078954651290946,-7.671499064864511,-1.5453474221878698,11.16901070767104,689,1,1,0.0,1,0.0
-7.866448522971105,0.089722175421303,10.441389447769575,-0.06519823182033113,47.18428205099352,9.700660266366192,-16.421393637885362,0.1725481875484662,10.823804649315175,690,1,1,0.0,1,0.0
-8.557921624074215,-0.5609724458722516,10.43378341293529,4.779778514311942,43.35991126230092,-5.806635126494494,-20.29179060830042,-0.7377127116876353,12.416400457821004,691,1,1,0.0,1,0.0
-6.416468859356527,-0.020866882434020496,9.235324217187856,6.446085940055158,33.71985155255916,10.710307878295733,-14.969820957632727,-0.037567064687722376,9.497444944729725,692,1,1,0.0002,1,0.0
-8.30157295046658,0.3906606231729773,10.719275229996367,0.4001667577092405,50.35302212194813,-3.9546630993804395,-11.346432803474226,0.4913004417518166,11.209919479375253,693,1,1,0.0,1,0.0
-4.182972316589712,-0.7969122264570148,9.795681111883779,-3.943582266423134,26.415042083943373,-0.723600219315019,-10.032845034271979,-1.1713906314340787,10.558775303293926,694,1,1,0.0,1,0.0
-7.262032941987483,0.5084010895458767,9.306708876508226,4.301699180779371,39.49466334073834,-2.0539852643886443,-10.697950450092327,0.5394794546059286,8.611930158978502,695,1,1,0.0,1,0.0
-6.488203437859184,-0.4395564789673828,9.991653120979155,0.46435597515934046,39.738054025898585,1.9618537651882457,-13.244247624219325,-0.735144780536373,10.514299631981041,696,1,1,0.0,1,0.0
-7.454993770212266,-0.12985777828482947,9.14025982136388,-5.991560341365623,35.50965395048801,1.8275840538443737,-18.217744534266814,-0.2539837988553879,10.481802651974812,697,1,1,0.0,1,0.0
-7.677441894399938,-0.15825031496132105,9.744710582856534,0.7181152442882515,50.44058235574738,-8.365904989232357,-10.206824940149392,-0.3710850101309056,12.094728670618789,698,1,1,0.0,1,0.0
-7.4696165457626185,0.052642810595897475,9.282233860095271,7.102733921122827,48.32691937330454,-0.6408906099911533,-15.827746558407958,0.08184593783219689,9.449108548680067,699,1,1,0.0,1,0.0
-0.06249372505140923,-0.5389617648087944,10.208103340858704,2.457384788135684,4.027971262839015,-2.6372010635018857,0.019443713940655603,-0.6385196962877712,10.208334879384118,700,0,0,0.1362,1,0.0
-0.4415563889202926,-0.3729453929164636,10.074580357656794,5.622934793731648,-1.0952090507670453,-0.6816447043477851,-0.41019676852087883,-0.34426644338899215,10.141944900437219,701,0,0,0.1537,1,0.0
0.24784936139627514,-0.13025976914536544,9.505403956944127,2.667551463974176,0.899864657989254,2.008296593127669,0.2471458273572342,-0.14874268158097537,9.553319984990992,702,0,0,0.1537,1,0.0
0.17793247570722262,-0.14032483092943296,9.919521462435922,-2.9064990492656104,-0.12536434316696105,3.3681565821519257,0.11691833172820737,-0.1108542129748131,9.93287887940708,703,0,0,0.1537,1,0.0
0.035750345631453996,-0.1808903397371058,9.830296452253577,3.076295366670071,5.160172559571741,-1.019615230441604,0.030786475477973453,-0.19456158388563685,9.834574712792262,704,0,0,0.1537,1,0.0
-0.02661034291881331,-0.16589366188828641,9.719618172323605,-1.415738780870354,-3.679164530814049,-1.8240179335603988,-0.09751770822379298,-0.12168772284225393,9.801346169981674,705,0,0,0.1537,1,0.0
0.3238314557465851,0.12860107879059185,9.561848177625745,-1.85253082774505,1.5138253509378934,-1.7751421416476303,0.38010491032687754,0.1714352224139021,9.59193039192959,706,0,0,0.1537,1,0.0
0.14500512951829544,-0.07557756234924182,9.483168807290422,2.052173279990015,-3.7281786003290245,3.8207997804242293,0.05471084525953042,0.001495847083795826,9.5206250555221,707,0,0,0.1537,1,0.0
0.2459399625225744,0.0728476389964311,9.569843035383,-3.2365903473001802,-1.1286363575137752,-1.5767802632397194,0.17807931719130432,0.054814048099887436,9.494474579858384,708,0,0,0.1537,1,0.0
0.3902618782612297,-0.49464915839939705,10.184602163346694,-2.4521955320263213,3.759014634663254,2.3145706471245804,0.33986750583415964,-0.39573509121260003,10.201919474793051,709,0,0,0.1526,1,0.0
-0.5059154021473176,0.06928874327735472,9.988394148107792,-3.97183889383916,-1.4503412508589715,2.0470274305402474,-0.4712118496970007,0.0681091450062557,10.002098748706324,710,0,0,0.1537,1,0.0
0.005725573185335858,0.39417026179265857,10.195141072886651,2.824040773956037,-5.202596785087019,-2.0568421252617135,0.0009291944656329813,0.28735811101934416,10.228620877957923,711,0,0,0.1527,1,0.0
-0.3845843855791686,-0.17012538056430232,9.732420659684168,-4.289495601158125,-0.7433718766812837,-1.2146937886620466,-0.3117620578812912,-0.10872064296915222,9.73353202432569,712,0,0,0.1537,1,0.0
-0.06136554805632105,-0.0030187712859211127,9.818394672507855,-8.162398596340289,0.25998898486245275,-0.9162955153013612,-0.11181037074110936,-0.08538578228531939,9.886728552913768,713,0,0,0.1477,1,0.0
0.1641023656517896,0.5711959677612825,10.049966788676926,-1.2069028162172961,4.038519571333589,2.0636683273222625,0.12185132574383399,0.570885356006112,10.09548222247788,714,0,0,0.1536,1,0.0
-0.16106203617457848,-0.035576387880064946,9.598805851563302,2.5378036280256775,-2.388309182539279,3.468376884149961,-0.17197202099491793,-0.008929483037340927,9.662526511503494,715,0,0,0.1537,1,0.0
0.11241283384275323,0.09637595053943808,9.6962091493671,5.147749474741629,-2.4748863126819387,-0.9675709241309386,0.05841318550290347,0.07366712925920156,9.688755557035448,716,0,0,0.1537,1,0.0
-0.24259291221003434,0.12701950867059628,9.931302333896685,-0.4490092064887813,4.354375705545854,1.6642068591489767,-0.22019395166925892,0.13296235757486097,9.95757745044729,717,0,0,0.1537,1,0.0
0.12080477007945263,-0.007465021337443633,9.893820372511264,-4.379295876172383,-1.2825901720347312,1.4291053768507442,0.09718376894542402,0.03286614304749246,9.868621361673169,718,0,0,0.1537,1,0.0
0.4339824781365214,-0.12024547076163067,9.482438789107926,0.10416349163594302,-0.6764796747984916,1.2382795212046456,0.46871145457929786,-0.15652617767473231,9.57901249509013,719,0,0,0.1537,1,0.0
-0.7755968498668961,0.4115121552845526,10.101629318474702,-4.720314888668359,-0.9733210361416711,-1.6519944573168397,-0.8722630785569034,0.4578374702801069,10.04113548486446,720,0,0,0.1383,1,0.0
-0.02739310683012074,0.3902256791631204,9.599220634041775,-1.513596400626355,-0.13270220458679724,1.6606861150042183,0.02737995447150692,0.45580225411421504,9.609672513430038,721,0,0,0.1537,1,0.02
0.008218586974396994,0.11700236431716546,9.72568227318238,-2.148505100265472,2.057785085230492,-0.7287419404592457,0.08863520406782603,0.14521602748870152,9.740140201473489,722,0,0,0.1537,1,0.02
-0.5015200513561033,-0.45228928970222965,9.631200054894647,2.210211573823338,-2.677030896339614,3.843567706108862,-0.5196116444148727,-0.42941548251267764,9.589889324460994,723,0,0,0.1537,1,0.0
-0.6048918527418495,0.1666178194724355,9.945431109505378,2.250578072946522,1.4874139609081451,-0.2335288948153867,-0.5198700137058171,0.20160581050829265,9.905037256791651,724,0,0,0.1538,1,0.01
0.024263524725511774,0.19786750396203726,10.243834606664132,0.22839454784674404,2.7691945244346807,-2.5849919083170665,0.010306900712147357,0.06132867727063748,10.200657936893599,725,0,0,0.1526,1,0.01
-0.5194888608620813,0.38955937733304014,9.78512373467852,1.196426769127988,1.5105893584691268,-1.4492788134797905,-0.5256141660857455,0.41817195635091375,9.759574566317104,726,0,0,0.1537,1,0.02
-0.0997268740527569,0.12741822434698333,9.86661988825337,-2.4840501436408955,-0.16449189823590743,-2.2643950895403644,-0.08784954702269097,0.15386555260409768,9.91289646248683,727,0,0,0.1537,1,0.02
0.1504544431043247,-0.03223563139555456,9.709163743938257,1.4188422081681173,2.062966258872509,0.941168240524968,0.16299559175210948,-0.0656613922286364,9.790391554527643,728,0,0,0.1537,1,0.02
-0.3313412670566191,0.14505449501442794,9.491020870430072,-4.496285537236833,0.6779175354288416,-3.484184825476694,-0.38944234945764555,0.16060082062823647,9.402290286508832,729,0,0,0.1526,1,0.04
0.1290994615902607,-0.0030835616214791453,9.531127981399072,0.5240089830798845,-2.9540764652109495,-1.7918206800328207,0.24945034138648658,-0.004642900206160218,9.50224545164312,730,0,0,0.1537,0,0.32
0.4293519141942365,0.06559509420509765,9.820017548147323,-0.14581650155998355,3.221507700464281,0.5894337648904031,0.49063430295415,0.08426127551027453,9.8341166433258,731,0,0,0.1537,0,0.33
-0.05957971685494207,-0.12863424037508556,9.539084032516481,3.518895645693406,6.193898073295035,4.296629574786447,-0.008166895567013326,-0.20831631006597512,9.559279307976574,732,0,0,0.1537,0,0.4
0.12222933558706515,0.10288360137608188,9.973999214264225,-2.1331997246067482,-2.757842728276608,1.8456689028174296,0.1698310433461641,0.10408594150311132,9.97173364267876,733,0,0,0.1537,0,0.42
0.07421930919220093,-0.1502423466701109,9.972977351437324,-1.9785204393657012,-4.129839420239993,-0.9744519737918038,0.10212427444268689,-0.11299996598888341,10.011368781857003,734,0,0,0.1537,0,0.44
0.13678706100056243,-0.1341021538706699,9.942466624936424,-1.7989380530049166,-6.844327779597507,4.207604024171406,0.23756518653644332,-0.19051883285164353,9.832673899184483,735,0,0,0.1537,2,0.48
-0.2998341797803436,-0.09418941173909799,9.566645633101883,-1.2497055320848771,-8.560514843905356,-2.902136246103852,-0.2723314677049822,-0.1637351649232005,9.544780485264644,736,0,0,0.1498,2,0.55
-0.5011694943729713,-0.24680884210000353,9.901630174362264,-0.2522784301136554,-2.29657803520628,0.41667104478889483,-0.4422261910864786,-0.2575895403728762,9.959819204212014,737,0,0,0.1537,2,0.57
-0.28764827277653165,-0.10242949953107676,9.930941948604225,0.08788385261484044,-3.558683443300144,1.335379880409671,-0.2572614149152024,-0.17586626296262634,9.907427272814019,738,0,0,0.1537,0,0.47
0.25777617219399945,-0.3329201678520816,10.0812119037316,-0.28013140954950366,-4.595542540784927,0.9579278794561378,0.3681027439812419,-0.3108717765682735,10.035024073795967,739,0,0,0.1537,0,0.39
0.4830760740552049,0.07408811306069,9.781976266816942,-1.3969349259761825,0.37537771155430444,-2.038228420980374,0.4334396267997571,0.08521081536713954,9.82980766580952,740,0,0,0.1537,0,0.34
-0.12536761968998256,-0.25722968173096283,10.013053450307643,-3.172883916491919,0.42584942360391437,-0.35431490473056293,-0.09652893498925834,-0.19763863215660496,10.154950079979972,741,0,0,0.1537,0,0.29
-0.18111521541018347,0.11291610445162625,9.850808489916336,3.959993953085286,0.15238161407452844,-0.9715516267984188,-0.16478056700103788,0.13200392004684722,9.85719647607728,742,0,0,0.1537,0,0.26
-0.029815747308081043,-0.15178950082724707,9.88725752634928,3.5732027641659303,-6.025476400994516,-1.1288263983722553,-0.023652189508185296,-0.2113598531909973,9.984774841385846,743,0,0,0.1537,0,0.23
-0.08126989205247383,-0.3344392634179967,9.721630429235391,2.5403474327734386,2.6946917207793515,-3.0451909003623916,0.008455166812624301,-0.26145564278036265,9.77717509420798,744,0,0,0.1537,0,0.2
-0.3287812039574278,0.2695329035186103,9.611434089830057,1.638125313942783,1.5307971566149472,2.3713728707668067,-0.28240093823787565,0.28529468339115255,9.653754579402774,745,0,0,0.1537,0,0.16
0.30631229226080564,0.37851506233945814,9.873116776994996,-5.034162625660312,4.122828384659002,-0.22611518691167193,0.38717061071433156,0.3525182854816212,9.927506192969968,746,0,0,0.1537,0,0.14
-0.10341319029719029,-0.154012008775308,9.622294049289202,0.24030029966084906,-3.789616533676268,-2.6152373628597347,-0.09965856504294658,-0.16982790306857878,9.682807619276888,747,0,0,0.1537,0,0.17
0.1545207260597431,-0.17054199636352813,9.575425902799687,-5.129426776494757,2.889069355706382,-1.6126784544327242,0.1889929694839494,-0.19423037592424497,9.546495878441238,748,0,0,0.1537,0,0.17
0.3707408722116653,-0.2004197305916881,9.734715013720214,4.9037145149038395,-1.110643118778746,8.068072879718212,0.421841129163239,-0.2443356053358351,9.80819263281334,749,0,0,0.1481,0,0.0215
-0.6126549983753886,0.27720453590654326,9.711887045746229,-4.556742778439425,1.1529194829595761,5.213080831400804,-0.6518942787374062,0.28934719012666626,9.71674801980983,750,0,0,0.1534,0,0.0208
0.2054303758964484,-0.09232162079117792,9.917650302192975,1.2397615000490503,-1.52756530149962,-1.6267212084817544,0.19054651541269654,-0.15974806608881875,9.914496329566047,751,0,0,0.1537,0,0.0408
-0.05347140257771589,0.14510352140794708,9.804602550901235,-0.29496049627816845,0.14802601689453618,-3.910947194328333,-0.05543241440494638,0.08692699678986829,9.805340526950186,752,0,0,0.1537,0,0.0508
0.24886258166386052,-0.14819944040341282,9.820736370594485,-1.1884144101924834,1.3603531582345134,0.24982696268655635,0.17271475273902773,-0.19652933132847336,9.82031698574822,753,0,0,0.1537,0,0.0409
-0.2110992139350611,-0.42928852940089507,9.535505550722778,-5.434907625137354,1.1857688992893602,4.9022490526699265,-0.21437518352795984,-0.4708116202590214,9.507154515648793,754,0,0,0.1537,0,0.03
0.2878344811279312,0.19268985581735623,10.012616886722856,5.420493762775524,4.567864906865521,-1.9272331058447785,0.2464429093028636,0.15056456074953606,9.999233947735735,755,0,0,0.1537,0,0.0207
0.1829343110230499,0.05067347240924724,9.790886172697602,3.2424741723110584,0.5816768750503363,1.6716122136699854,0.1422633462147073,0.0708603994982039,9.767818075644044,756,0,0,0.1537,0,0.0207
0.2521654581331333,0.10392031513407221,9.662326988993991,3.075937161924676,2.2828484839676575,-1.6947976928543067,0.26323800957262683,0.12975539871142452,9.58281217981374,757,0,0,0.1537,0,0.0007
-0.056627000248204176,0.17234826491881297,10.052210075393287,2.17919060359468,-0.5915048904433613,-1.9428302992799984,-0.08195640999393701,0.2580996975057875,10.058770498481923,758,0,0,0.1537,0,0.0095
0.043287777510978426,-0.20072102487648605,10.072906141587369,-0.7849437952850526,-3.4416509835889304,4.779352366855592,-0.03459438209671424,-0.21619533213144393,10.110026589323716,759,0,0,0.1537,0,0.0195
-0.36676020799394987,0.20936267279990356,9.905667880287004,-1.9833264447601757,3.1844574437655124,-2.7604674494296364,-0.3204066933808516,0.1624348789296629,9.87403880345214,760,0,0,0.1537,0,0.0295
-0.12666251576568635,0.17120783850025117,10.13799238046661,2.5942997756680737,-2.0531086775443192,1.8054581977794677,-0.1309595543057356,0.22071888895521305,10.054227808613051,761,0,0,0.1537,0,0.0109
-0.1286587851356514,0.12221513713958411,9.616981808148852,-6.048709663757169,2.609714658181911,-0.43569588399039,-0.06323652766660325,0.10799047458951642,9.660089927746947,762,0,0,0.1537,0,0.0307
0.11063719762094901,-1.0121195750238734,9.777272910951186,-1.5012258752025398,0.6536622322203272,-3.997281773554982,0.029550136163317003,-1.0066139998716137,9.802925228516596,763,0,0,0.0716,0,0.0061
-0.13402588432387702,-0.18963454563133272,10.11208427101068,-0.31574952042116233,-1.8698245078237203,0.20509750395188395,-0.1596455998175857,-0.23483396509198867,10.172631386810004,764,0,0,0.1537,0,0.0125
0.0333906701794405,0.126991755449296,10.155579823022247,-0.711951454246804,-1.3067878613572366,4.257471426145404,0.05634191950918882,0.10346351571735479,10.195550134328572,765,0,0,0.1533,0,0.0233
0.0049058708559790165,0.06693624977327897,10.00236541648364,0.9008892751935313,4.25598537796946,0.22015514903966812,0.02740483474508663,0.09763468688683669,10.080952030988996,766,0,0,0.1537,0,0.0233
0.012157908713099637,-0.23249582294642768,9.896531971383252,10.391336871705255,-7.212659313109007,1.185313074652076,-0.023774462678097956,-0.20752070812524673,9.88174640859511,767,0,0,0.1064,0,0.0407
0.3771415345652753,-0.520183654594634,10.182643933396632,-2.5549260795219206,-0.012733549205878006,-5.740175236494757,0.349879179378152,-0.4951676127638343,10.15879070040822,768,0,0,0.1537,0,0.0314
-0.11629583589371745,0.45718225351966935,9.743652059547825,-0.7498531942517473,5.569723758322898,0.9741725307018749,-0.21804918635218823,0.5376326149350643,9.853546950647734,769,0,0,0.1537,0,0.0416
0.14431648759452875,-0.20980462171557052,9.71839243194021,0.5512048478892743,0.34433832709090983,4.4845256421596655,0.08831958563809669,-0.1695206070629589,9.778976954885197,770,0,0,0.1537,0,0.0853
-0.06427246317674157,-0.012235331312184359,9.779929323650064,-4.412445083483477,3.1157118925954252,0.1625914463394413,-0.09571208420663047,0.11669471194677163,9.787925846007527,771,0,0,0.1537,0,0.0847
-0.2909157284741379,0.1136769563349407,9.801450146653504,-4.484548037343337,0.2977795214283514,4.109336294101813,-0.34901748278608447,0.0806823333331606,9.819015465509201,772,0,0,0.1537,0,0.0847
0.26059631453634113,-0.4295596005988102,9.862785820512183,0.3036128155705246,0.17707741210210431,1.296865725693483,0.26253193108999373,-0.4207805246079505,9.774850405326934,773,0,0,0.1537,0,0.1153
0.0758751020858556,-0.1213003628181127,9.618724321254275,1.4586250277863337,-1.4712048268569329,-2.3205109758962283,0.1360706106016228,-0.0862431011429628,9.638045562297224,774,0,0,0.1537,0,0.0853
0.1859875100176142,0.2302691103799684,9.59794911489662,4.20240538766851,-1.365778296642847,0.3955533397823948,0.20103145854914753,0.27889590932780267,9.623296651863098,775,0,0,0.1537,0,0.0749
-0.11634809197789969,-0.2587916104528109,9.460894806704601,-3.2844797498415033,1.0757923138010375,2.2892741055557453,-0.1162553541197859,-0.25679533065893667,9.422123604909626,776,0,0,0.1527,0,0.0749
0.23546828004336662,-0.2916457754280524,9.457563157325948,3.5890467729991,-2.586350588009099,-1.0220852758241017,0.2710133844428307,-0.28177309752738816,9.493857112714846,777,0,0,0.1537,0,0.0459
0.5899532078125025,-0.27786783437858625,9.94425534764453,-3.6321427669504067,1.491142091529973,2.6056484243249693,0.6492970736694627,-0.2578157684698731,9.979000480092063,778,0,0,0.1553,0,0.0648
0.6134268781451513,-0.020145240966023877,9.681855497036462,8.790366431982095,0.27168744978947307,2.221123032077319,0.602820612096378,0.021566281290184407,9.760457679479396,779,0,0,0.1187,0,0.0437
-0.8415408370459839,-0.13103791962325192,10.106953216073995,1.5814770195331522,3.1842272071840485,2.7277147593394115,-0.825075084162379,-0.12823119483338724,10.133720113506444,780,0,0,0.1556,0,0.0116
0.29099761179866024,0.018001044458034184,9.888921558590553,-0.9398553195797184,3.8625846454880683,-0.9027708053723367,0.30294651087783536,0.006351830613343714,9.886436817634955,781,0,0,0.1537,0,0.0326
0.09754258834438995,0.1603494120614101,9.721422967952355,2.9293960574753224,1.393271813203727,-0.6501048388163635,0.06622029033989099,0.1544830317487191,9.694007716778339,782,0,0,0.1537,0,0.0624
0.24688178699217891,-0.3935960696033785,9.886808844847565,1.4538653485828354,3.2512857803179536,-1.3032327044565204,0.2374607347373297,-0.4067034052126443,9.874761489283278,783,0,0,0.1537,0,0.0624
-0.145976810366949,-0.09377727777319234,9.586938020987878,3.0352918036417114,-2.778968970205594,-1.7123509610585113,-0.13798986572562044,-0.24566136580583076,9.619177216994103,784,0,0,0.1537,0,0.0429
-0.0022294767347892834,-0.14692726816535467,9.754810428124687,-1.3365833955884137,2.481992815154135,-1.9846949499406006,0.035122155746017125,-0.1825845991694492,9.767268951011749,785,0,0,0.1537,0,0.0429
0.10199430632654909,0.35501232092210117,9.962097459264221,0.46828285046435814,-2.3878508426097476,-2.3492767735076248,0.16724049814059053,0.2851294401103479,9.923314177138122,786,0,0,0.1537,0,0.042
-0.11984343532539617,0.060572500775571886,9.908090348160298,6.274388238322707,-0.14401953007658977,1.8760605615528636,-0.1867808605220177,0.10286171863168311,10.02585234335046,787,0,0,0.1537,0,0.0725
0.21501618129136768,-0.2367731725384178,9.852119428796343,0.8553890771928561,-0.4243338863622237,1.897179268615617,0.2977959671929713,-0.20913959398278356,9.868461151831553,788,0,0,0.1537,0,0.0723
-0.07204400809907795,-0.11767054654493872,10.108589296725006,-1.832414493937469,-1.4485803088624274,2.5469793504730376,-0.06372534265134956,-0.044133953767789266,10.093655094057958,789,0,0,0.1537,0,0.0823
0.39738282707860034,-0.7101713915807721,9.792426668099713,0.5776277258403468,-1.2487751916313368,6.35805223451483,0.42712957551955416,-0.65936314916006,9.722748619627682,790,0,0,0.1496,0,0.0525
-0.4828275083183811,0.2795717456955313,9.668951468369224,-1.8600575641569717,-0.5349441212527097,3.483409150572662,-0.4858249664820702,0.17412587130626322,9.622737369545748,791,0,0,0.1537,0,0.0625
-0.31239088938164866,-0.07134093026729955,9.706410390004613,3.845579542014039,1.7709036730874603,-1.7323950055924968,-0.3665942975781354,-0.03491736557078567,9.6881337173136,792,0,0,0.1537,0,0.0525
0.19576288341153136,-0.4261347306000602,9.796913247141768,0.27703371515706043,-1.6139724937603912,-3.6821142331467964,0.19076525870537503,-0.4186109861325203,9.702193813523774,793,0,0,0.1537,0,0.0425
-0.15319523634591284,0.07106925843247128,9.778379774221264,1.3130978284821442,1.14601963064362,0.3601945723769171,-0.17522125909536262,0.04896724409520775,9.829013875815786,794,0,0,0.1537,0,0.0525
0.1525659914227738,0.3999870860406095,9.872849528377131,0.4461772729712955,4.551966602300659,6.019640279321621,0.12214335639438333,0.41780622720248517,9.917825524543405,795,0,0,0.1537,0,0.0578
0.25494013834385587,-0.14346219147498365,10.132026645280096,1.7598489764302008,4.0658652065534335,2.7493430750926304,0.22495247075578143,-0.2563615540920928,10.156151208469858,796,0,0,0.1537,0,0.0556
0.5264085010980338,0.19066068486887908,9.715504561505082,-2.8008735997519354,3.9911516783214314,-7.099201944251873,0.5132432268579156,0.15813017005129237,9.687153341800853,797,0,0,0.1532,0,0.0416
-0.2818059875461013,-0.2936128757414398,9.75549805114026,1.6364269653980694,-1.7853704467891491,-4.539192824247137,-0.2710801475243699,-0.19655236445012209,9.665939528469691,798,0,0,0.1537,0,0.0316
0.2821326505329327,0.10514167779862782,9.676273904600297,1.1860883248820002,0.3766225326935213,-1.2657252313976994,0.32261443260894884,0.18691599783076496,9.629761668689893,799,0,0,0.1537,0,0.0213
-0.2130365825647046,0.14901372877550917,9.624322157343553,2.7917338682981114,4.609643942997651,3.2874573830378644,-0.19905377056943396,0.06419864589650495,9.593916008009229,800,0,0,0.1537,0,0.033
0.20180003051068163,-0.015375143345905161,9.486581452491551,6.398002490081231,-5.946712939556725,5.89351546092777,0.13232879333020392,-0.005257398219840177,9.516386019325216,801,0,0,0.1529,0,0.0333
-0.1505964542355774,-0.8676105705161271,10.058088840754078,6.479314135108583,2.6711926202021106,4.991694729299337,-0.14886210955771756,-0.8270045288729151,10.138453659155571,802,0,0,0.1465,0,0.0147
-0.08388817083914273,0.17896683903845195,9.738915078620266,3.875165546096161,1.6045858957996857,-1.0231277874226803,-0.06579024158394159,0.18978997539487852,9.707351111893152,803,0,0,0.1537,0,0.0144
-0.16739451094158622,-0.1700307827833251,9.706344048071607,5.314488158915803,-0.27553781180127557,-0.45693587324494234,-0.19114979614823113,-0.25481991496453305,9.696891466776206,804,0,0,0.1537,0,0.0259
-0.32770947244927634,0.297297427385908,9.60548778642416,0.9478384410529853,3.1629514546821547,3.504742522948689,-0.2632590020092758,0.22389575509677845,9.558746892780977,805,0,0,0.1537,0,0.0346
-0.26643071414722513,-0.1529916102736997,9.543029352708249,1.1987968695935747,-3.565294782755001,3.5766187756793295,-0.267537712533676,-0.09659252229307266,9.474007144007201,806,0,0,0.1537,0,0.0357
-0.4042368346250149,0.5159071475316056,9.525082915819755,1.1836442896642054,0.4948165129546423,2.30938584605203,-0.31258690459664196,0.5070214300999758,9.46218586002145,807,0,0,0.1537,0,0.0422
-0.16335752227877276,-0.060082177946695015,9.671749589061577,3.077806766250787,2.1286032309192664,3.294886988157164,-0.1612319473992939,-0.08788051382108912,9.686073542312357,808,0,0,0.1537,0,0.041
-0.027969797958946,0.34139955352475787,9.765263859216288,3.80121429008125,2.309486857647421,3.7779038320348097,0.025632949028203258,0.3895841575136555,9.746395243069804,809,0,0,0.1537,0,0.0336
0.092804894510214,0.09244646131249415,9.814687431817255,-1.5309310350337304,1.0786038110142644,-0.9882082669607151,0.12686351154376535,0.09365640348474098,9.803299944718274,810,0,0,0.1537,0,0.0336
-0.022327060108245166,-0.16556509142385467,9.871623831228275,-1.7425483278806333,1.6592724355564041,-2.5958935541090113,0.04792546654656584,-0.21692156285051242,9.819283640396028,811,0,0,0.1537,0,0.0336
0.12282008047461615,-0.2542451363189512,9.73293279065596,4.344744821950414,-3.9883276767333937,0.5515536652310166,0.1249788170179752,-0.3291262502775657,9.861670670997778,812,0,0,0.1537,0,0.051
-0.3490788694406294,-0.041674265262508524,9.949495166108075,-2.9025838310676475,0.730903867218344,-4.123921250450557,-0.3173102502264746,-0.06336843650348957,9.962586227413821,813,0,0,0.1537,0,0.0423
0.08386628461528875,-0.37903279891382596,9.330664654417422,3.392807277376103,6.781980988351496,1.133680269299596,0.0867569389150497,-0.3648078965711741,9.341134390297428,814,0,0,0.1485,0,0.0209
-0.5740537045229132,-0.2134410096021127,9.557658045784345,1.9409638897217791,-3.235301500924532,0.7524942675022196,-0.6502970973949521,-0.15716967124979359,9.485203066671437,815,0,0,0.1522,0,0.011
0.005455680391995892,-0.17982901702544352,9.78571244034721,3.726391952648463,5.617162097988368,-2.7499919294399287,-0.013811641227135428,-0.14357627718586324,9.77390635835081,816,0,0,0.1537,0,0.0106
0.24370327557132257,-0.6128042314115322,9.695331413085299,-1.417475275887801,-2.3475733240068486,1.5163545203739113,0.1812995810900721,-0.605407671224356,9.6743673662873,817,0,0,0.1536,0,0.0016
0.32937998107198974,0.26079354262356397,9.483338318576967,-0.495702771451918,-2.6753812931256666,-1.6257927911369556,0.2224367083399723,0.19571613907030727,9.49321416281342,818,0,0,0.1537,0,0.0105
0.2080945968692676,0.29614185472928195,9.684649723714626,1.4608737681956612,0.424760927558713,0.5425876264989443,0.1639020124268381,0.25875342381403427,9.665319031637548,819,0,0,0.1537,0,0.0005
-0.45008487782100737,0.14746481579188478,9.734489164224646,-2.8169044851213476,-1.3587087818044725,-2.22618680635554,-0.48435143346584164,0.046362679642020566,9.702507375324553,820,0,0,0.1537,0,0.0005
-0.17293794311672425,0.40667554878567724,9.802283973938646,1.0180313268179433,1.9604730983283702,0.7796376583271694,-0.22775800234692686,0.38662549877487346,9.816577577005654,821,0,0,0.1537,0,0.0
0.19228506518577862,0.12100465480175168,9.815553499631177,3.4367659740430003,-1.8091357322508363,3.0695479871844324,0.1903285944068503,0.10745622329572452,9.794619695807846,822,0,0,0.1537,0,0.0
-0.5793649783139975,0.2701398983271095,9.727598062145802,-2.4710718709524873,2.6376628614126743,-2.93722114855592,-0.615874751209211,0.2875562419649664,9.716439029485818,823,0,0,0.1537,0,0.0
-0.07698322374664375,0.2925076716238956,9.703976849241169,4.81982757847838,-1.7139026579660301,1.7350084292899794,-0.02185467207645593,0.34652921500161404,9.677740736764141,824,0,0,0.1537,0,0.0
0.030754666025412783,0.2009873961057936,9.79184090221583,-5.8829576808226935,-2.5701792256927947,1.318789863775594,0.0238618171883705,0.1545000852624302,9.779724461556256,825,0,0,0.1537,0,0.0
-0.0524970929544804,0.27475843531121075,9.981797056730114,0.5083106697248896,0.014094504499958367,6.147994223020486,-0.12172868153643335,0.3178165733103666,9.958484331474732,826,0,0,0.1537,0,0.0
0.21914993441782982,0.12951256239038278,10.022716029369166,1.4793378568867812,1.6151880766681728,-2.8543583319095718,0.33341557932416427,0.1317627419790269,9.953969597380468,827,0,0,0.1537,0,0.0
0.01461597744074224,-0.6195648961881217,9.635377286977254,-6.727881892877413,-1.2305077163711624,-2.857791228748341,0.02429921557303727,-0.698082179873498,9.65384007069184,828,0,0,0.1487,0,0.0
-0.24062148380211995,-0.4166601343600124,9.632524007619404,5.351050252684683,-4.563317908070506,2.9880733279233094,-0.2691647486580985,-0.47745828238655863,9.488526855958181,829,0,0,0.1537,0,0.0009
-0.4141385340408504,0.22565268831513147,9.631763241598382,-6.118866588708915,-1.7921931203386492,5.59252375684865,-0.42114532566633267,0.12498785499538434,9.613667642584067,830,0,0,0.1537,0,0.0117
0.16002211549655582,0.003524745174214872,9.967312021244592,0.16562498930467415,-0.016015700460477046,-2.381569757520056,0.1322928274767833,-0.04929655689158374,9.929511322190647,831,0,0,0.1537,0,0.0017
0.12920691734610798,-0.7191980739755369,9.65806937301693,-1.2153238912643556,-0.0566995897977904,-0.2170954530159877,0.15449185669784743,-0.6662720596853197,9.527997016342704,832,0,0,0.1509,0,0.0017
-0.3488761214026764,-0.055543593856888736,9.793720855242988,-1.4661780457789788,1.9231889160005222,5.301670920552891,-0.2986371268203413,-0.02854906601351919,9.781542620464178,833,0,0,0.1537,0,0.0117
-0.02649925735528881,-0.12054889083098061,9.882121693506553,3.163064230940134,3.8018534834236464,2.6011394578422458,0.005268581742797762,-0.08197919519439495,9.819794584831715,834,0,0,0.1537,0,0.0117
0.0051513118631776175,0.036127557675435365,9.583943018320582,-0.9066890195022521,-3.5929896066158866,-3.8820149052196893,0.07818851930399122,-0.008649474243958663,9.545350500899916,835,0,0,0.1537,0,0.0117
-0.23101826298578698,0.6125106912751356,9.846440220591692,0.0004876171087574825,0.6909570186033833,-0.6033276226422505,-0.25121616228332255,0.6338091068096491,9.840726857532209,836,0,0,0.1532,0,0.0017
-0.41875519032857716,0.05155964902217288,9.86271374038273,-0.4846458519717268,-2.9472054832214623,-0.06949547242861649,-0.4096219619268047,-0.05444067271275208,9.836215307265258,837,0,0,0.1537,0,0.0017
0.044948652465033406,0.31635129949900803,9.861911964833986,-4.304574727832396,-0.6927467957834135,-3.3341587279633216,0.05282347914973077,0.345300750918453,9.87836278569569,838,0,0,0.1537,0,0.0117
0.346072790534824,0.15394526376006093,9.918873047028942,-2.3013678207471884,-4.108795736557234,-1.5771724243734313,0.36946860898293576,0.15372434607368518,9.891935713371499,839,0,0,0.1537,0,0.0105
0.17486211253922557,-0.03365167400038876,10.19791594880963,2.348560945005803,-1.096750721510393,-4.8627379541949205,0.10310649744335766,-0.0029211507497346537,10.145581809062753,840,0,0,0.1537,0,0.0591
-0.38836283756570766,-0.25439583440051344,9.742080568092755,1.6400328893827507,1.7778283746059595,-4.728814340365918,-0.3921936175026637,-0.1854457940223958,9.819501910863222,841,0,0,0.1537,0,0.0503
0.20144502115955956,0.25267011699125125,9.808181769415977,7.707317332034041,-1.2054780894002017,-3.0771591587916785,0.2229120674735683,0.2822487683984271,9.80614692881214,842,0,0,0.1484,0,0.0334
-0.0632815538606724,0.02933464694346328,9.907634719812224,0.41466119271154256,-4.653300315710236,2.4933946337337614,-0.09240266213705635,0.045902487211461174,9.93566541481181,843,0,0,0.1537,0,0.0234
0.1491197884537047,-0.379071231490785,9.484783716279974,-0.8622619332352597,-0.8709425843905196,-1.1465776227448512,0.13641235731071935,-0.4217979044639969,9.480940821209582,844,0,0,0.1537,0,0.0234
-0.005471295975378054,-0.12955742842757353,10.056186475184997,3.243613043159194,-0.4433150281841086,2.4200893914707073,-0.03991702044780704,-0.08545510323887362,10.128521891914207,845,0,0,0.1537,0,0.0134
-0.20498572992419586,0.13282077771167464,10.010588627656887,-0.2548833453113363,6.058408604047898,1.7004999382789543,-0.17568817831398603,0.14017133899373768,10.002811867436527,846,0,0,0.1537,0,0.0134
-0.015208603787417098,0.2331742586427976,9.672830719310507,2.949675705703063,5.398625778956735,-3.9421394623566774,0.005404349775710901,0.2642453791169406,9.626150586642858,847,0,0,0.1537,0,0.0194
-0.1976402325004701,-0.07422448718336835,9.98937832112548,-0.218450077329505,-2.7206947111888335,0.23792434148032388,-0.22976562726833447,0.008578467725774988,9.969008194062036,848,0,0,0.1537,0,0.019
-0.10151114339203225,0.7303775845078125,9.714349436417331,-1.1513293362673889,-1.7107581459440353,-0.2723382441530363,-0.15197483920652377,0.8613759228595487,9.790858616262849,849,0,0,0.0948,0,0.029
0.28938970661134567,0.3932147512690353,10.003601737422224,1.2138580540606136,-5.525597582592728,1.0746294236646439,0.2792746303746928,0.42677399451309783,10.020275861538213,850,0,0,0.1537,0,0.0286
0.005999554541797846,0.258097001803924,9.85384821022719,1.5752180217228622,-1.591893826657189,-2.246773629613269,-0.015871307584340556,0.21651986383510033,9.889602966612152,851,0,0,0.1537,0,0.024
-0.031835423077803696,0.14852148005879878,9.687470617824584,0.7490137775587018,-1.185077282915349,2.10835381866763,0.03681831569137431,0.19474115416789825,9.726603858762187,852,0,0,0.1537,0,0.0145
-0.49379817912381796,-0.0360221106515217,9.643605059863436,-8.195495443768657,-1.482468923022369,0.7958324515482575,-0.44618922984110665,-0.030599484952030256,9.745523997770816,853,0,0,0.1477,0,0.0039
0.3125148653612103,-0.4509437306112002,9.929664814919688,0.7266626063902113,-3.475748364833386,3.644783320106167,0.395675115107738,-0.3683504580842113,9.949668399517254,854,0,0,0.1537,0,0.0048
0.02406239434249378,0.4199436422360517,9.61919979624183,1.9708330331408859,0.9012566307318186,0.6154504101433462,-0.030445034450328635,0.39840770099528977,9.689848283701703,855,0,0,0.1537,0,0.0152
-0.03927250579626684,-0.24309584824477962,9.954086637596134,-3.9070692525077213,-3.1963867403982267,4.691218200548427,-0.0037556954824936664,-0.2584559187646701,9.948574147748557,856,0,0,0.1537,0,0.0048
0.15056781115235462,0.059774460122560186,9.881965477184394,-1.3123231840181386,-2.310264890876519,0.2189852309696033,0.13867571332017908,0.10713618041923081,9.914416019726199,857,0,0,0.1537,0,0.0035
0.01038312904854342,0.20283285084080213,9.653958949064258,-0.50306418611232,1.6308196461597557,3.490481243042673,0.014509463168914077,0.20735708499654473,9.705284013247429,858,0,0,0.1537,0,0.0043
0.05982744796255849,-0.06463040021378663,9.8544370590952,-0.664940026451696,-0.10274180328850455,0.6176249487770427,0.053787072526470844,-0.12393030577302405,9.815586454614218,859,0,0,0.1537,0,0.004
0.4007124714302307,-0.45938348470050056,10.190272230002265,2.0998037048089317,-0.3998241137380476,-2.154943929263668,0.5091928490215278,-0.47226185003980403,10.193715052925983,860,0,0,0.1533,0,0.0016
0.25833422707458775,-0.026081065504520193,10.024173933006466,-3.175244475762584,-3.5465353880094606,-4.3490261755240045,0.2537316007541293,-0.06420736650906314,10.043944861859591,861,0,0,0.1537,0,0.0021
0.08716800239857736,-0.5405124407847409,9.71903550286251,4.341001196895357,-2.9871216825276266,-1.2266463162709065,0.042433251307836234,-0.5454018119550366,9.840286614282206,862,0,0,0.1537,0,0.0121
0.08544559788560739,0.3654652140251596,9.92398151376026,2.541421726491493,-3.0335720015471486,-3.5392948729845197,0.08641786923073448,0.30438457974685273,9.857916563351706,863,0,0,0.1537,0,0.0016
0.458080810246286,-0.4165969399733065,9.416318271073578,2.1754029400199153,4.887101063838709,-0.33616635733283934,0.4170697870855042,-0.5473208880626077,9.425452213723183,864,0,0,0.153,0,0.0116
0.09331556656876464,-0.2692328656075483,9.931658784836761,5.244431185127096,4.71885711629539,-1.9086972597170608,0.09878699649622887,-0.23119048634591183,10.015996900291332,865,0,0,0.1537,0,0.011
0.5111815643088863,0.08249850974722749,10.059718041188324,-2.083660971248589,2.404818221140924,3.138621048230309,0.4876423080959799,0.05972178088442348,10.072227149307743,866,0,0,0.1537,0,0.011
0.003193853334795635,0.06713777066142079,9.60748702592121,-3.0760962240073333,-3.91685163906923,-6.072061892484247,-0.013918204104349723,0.03208376623844703,9.60955260910433,867,0,0,0.1537,0,0.0115
-0.012716760801256414,0.06579826580830746,9.595213654464397,0.2620895529433248,1.8357988313086064,1.6348533087103614,0.03147337796262776,0.14406880923514223,9.595612307581861,868,0,0,0.1537,0,0.0115
-0.2352149715347056,-0.12753432627474134,10.536936511820404,3.8034857958955604,-2.4810864960765717,6.045005990920169,-0.27207345589341003,-0.21802350142141919,10.48763129737382,869,0,0,0.059,0,0.0426
-0.24786482186274705,0.3968485288978764,9.715792379376941,-2.657168683917813,-0.803829697433466,-2.985442124839853,-0.260258636824464,0.4753865183363174,9.744447436230162,870,0,0,0.1537,0,0.0426
0.5708066439016478,-0.015952700123043822,9.98993182252202,3.162789017131702,-3.0138792421649683,-3.3174552258176147,0.48135155564342624,-0.03512725377500278,9.996439836736627,871,0,0,0.1536,0,0.0517
0.07093739786562231,0.17455438835394915,9.63676903822436,-3.0663586852715063,-1.8503828038959709,4.863384521054963,0.115507737608122,0.05984104372172,9.609397219381904,872,0,0,0.1537,0,0.0314
0.09669937555199364,0.2354307338530922,9.831689434117958,2.768059473525704,-1.4789198345547836,1.2280447336942113,0.12782922839116986,0.2065176943664373,9.878576215999313,873,0,0,0.1537,0,0.0414
0.057479483509104146,-0.20487180684096343,9.670823733646746,-3.0432725434697137,-4.299169633325526,4.324045751308944,0.078299399258732,-0.2348866699628833,9.754423155575111,874,0,0,0.1537,0,0.0414
-0.1272002268475219,-0.43975717269565345,9.905736108352066,4.5366617430257925,-0.26120587752084645,-0.8209844908411092,-0.09419089017511001,-0.4376759215118288,9.903228767804464,875,0,0,0.1537,0,0.0348
0.44495495157721104,0.2025071758845989,10.193185599474022,2.9029272030457935,-0.7444029635195245,2.8774324136588514,0.5193591516175716,0.15805265923616835,10.18254049105745,876,0,0,0.1533,0,0.0248
0.33303161214303656,-0.03372666692614205,9.966954229725628,2.045394120816303,2.2121978343534003,2.04845219319579,0.36559843462497976,-0.017153482398163698,9.993666091402371,877,0,0,0.1537,0,0.0248
0.3827512374330449,-0.4279946160417302,10.178591401230031,3.937395120240498,-2.0508472403813016,-0.3880603130098108,0.36592434395264484,-0.43486368785619517,10.221005533641284,878,0,0,0.1527,0,0.0414
-0.21537730646732706,-0.3007929545674053,9.713088325495328,-1.2809135142723385,-2.53564248210006,3.6308328005222545,-0.22419381590288062,-0.1681960228518693,9.727400787589142,879,0,0,0.1537,0,0.0514
-0.09631300364251567,0.27325047262158636,9.695682431098396,-2.4119711424830834,4.942447370131229,-0.8244864260279872,-0.0864807763001439,0.23474551976448155,9.714623340459777,880,0,0,0.1537,0,0.0316
0.2789476191629284,-0.23277647032763757,9.903417354624452,0.5773684496499886,3.0439422359641277,-3.617666985903739,0.1839731280743973,-0.12723838589353392,9.845148540507846,881,0,0,0.1537,0,0.0314
0.2422322370548844,0.1425339961814844,9.920579114783544,-3.6199436681479584,-2.590417811533833,-3.888402049607599,0.2615295300273184,0.0637441999090107,9.803910930049444,882,0,0,0.1537,0,0.0226
0.5556302159826543,-0.09954792355679101,10.104714475744078,0.44294120973850265,-4.24771130225122,1.7898304685557007,0.5479239202495154,-0.1657570622455356,10.131012881404065,883,0,0,0.1536,0,0.0326
-0.05749478106403854,-0.03995154813396214,9.894364023393187,0.8836393986074375,5.172692566472009,-0.830740775335203,-0.039922678613803386,-0.11338338334850465,9.881753478192016,884,0,0,0.1537,0,0.0526
-0.4085133198595485,0.2380912724114983,9.939010887552115,-0.3361990726208235,-3.0144803961776647,1.4596837910737164,-0.3928792317023321,0.3333477412260148,9.888075368166465,885,0,0,0.1537,0,0.0522
0.008627129130790384,0.010005265518847234,9.76926475385412,-1.4830319877374967,2.9345366350635804,-0.5722919395587751,0.06059427818914312,0.007314875474778807,9.805588098289094,886,0,0,0.1537,0,0.0326
0.16980950175492604,-0.15371935505642345,9.739947444450555,1.9582800860582832,-2.9663770292980134,-0.6235230023203329,0.08444438848145734,-0.12839804746529876,9.70542881243816,887,0,0,0.1537,0,0.0326
-0.3425850922427466,-0.46046826160642934,9.803252262842172,5.262306614365844,0.6289274752670414,-1.268558832029717,-0.34430679519531315,-0.494645207410008,9.87317996586692,888,0,0,0.1537,0,0.0226
0.11889605170663578,-0.634759129630163,9.619371085589398,-1.8323050289415572,3.517221549631243,6.714107788315657,0.1157596907846083,-0.666370341119732,9.64814815895467,889,0,0,0.1536,0,0.0139
0.04331394125197292,-0.21951150600051803,9.557349969145555,-0.6085955106087557,5.443094847896547,-1.4266523648605833,0.012677704304058474,-0.2043931484493662,9.612306219435242,890,0,0,0.1537,0,0.0039
-0.24272546750413376,0.4063563602603128,9.630251226035579,-3.3980943621149846,0.3507161648878572,4.279884440686682,-0.3588093481962936,0.42814027770803154,9.744642715489618,891,0,0,0.1537,0,0.0215
-0.5806270647062415,-0.09181636421816748,9.860772194705687,3.3337466285027895,-0.23799456518295053,-0.8906031545121047,-0.5664642690263366,-0.05729051025449492,9.895178345678183,892,0,0,0.1537,0,0.0236
0.2393616651130037,-0.26628335747830173,9.971055137903624,-4.776102312614365,4.968766085735453,0.2629087191145645,0.33246848715502486,-0.2202814774926486,9.98859872769966,893,0,0,0.1537,0,0.0224
-0.2986783027460689,-0.3169462515027854,9.821658884452102,-0.055734954506719295,-1.7749060462439818,-1.7050556580329634,-0.2795371313014861,-0.27414221258824834,9.858170861454731,894,0,0,0.1537,0,0.0158
-0.28645734288428415,-0.13647535153592322,9.501486802744033,0.23651477836981782,-1.9687917181747356,0.08168173456467921,-0.3766283482627542,-0.12858164910993086,9.53358804283694,895,0,0,0.1537,0,0.0146
0.006405179313822703,-0.11967367141740683,9.904695784335733,4.877400399954077,-0.8460869666429478,-3.3149734696393236,-0.04923228007609299,-0.10930180947244161,9.968235542450655,896,0,0,0.1537,0,0.0138
0.21199073487057232,-0.02004783439110433,9.93548063987595,2.097239133423069,-4.151951649819019,-2.716328386691901,0.1484201207161512,-0.03698620637963324,9.946371524354719,897,0,0,0.1537,0,0.0036
0.6483144917379596,0.2990955502311573,9.917354094588642,1.6617679805733314,1.4935281604954624,0.057912838361868585,0.6903989068596497,0.3679342804979471,9.892963454997027,898,0,0,0.1537,0,0.0038
-0.059773923960732916,-0.19922381381357965,9.749059781829123,3.0715392819591303,3.691707098939346,1.425933129532091,-0.0713128274659354,-0.27888617559696244,9.72856967399932,899,0,0,0.1537,0,0.0139
0.2300454794943226,-0.12736941188547643,9.598558038973545,3.492559840517257,-1.134859024197691,-1.0483213478171796,0.20046123403981617,-0.06290208605342368,9.554629059236104,900,0,0,0.1537,0,0.0142
-0.22704495405440803,0.04595105433939719,9.800754592307053,5.516701851434746,-1.0603991210308779,-1.5690326215571553,-0.18350580599735966,0.06850577759427376,9.78684291288872,901,0,0,0.1537,0,0.0142
-0.2557976401650264,-0.049125660144677584,9.863386415962637,-2.4180413661137132,-3.2590894345819574,3.069276841805019,-0.22391092425720707,-0.0840566334829371,9.906133354120648,902,0,0,0.1537,0,0.0029
0.2501491148869561,0.09195868303519068,10.200288779657136,0.9290229416680473,-0.4935220880268689,-4.0771677950852645,0.2089292856851283,0.132079137141593,10.269899955345544,903,0,0,0.1514,0,0.0039
-0.6322436480409733,-0.2337344095386808,9.637372200556182,1.15936118601609,1.6922023651039804,0.33055526719614337,-0.6069259759073662,-0.1712485098518492,9.715383647689134,904,0,0,0.1538,0,0.0047
-0.191852820196813,-0.2021241350186036,9.649064332813817,1.0803035771630611,2.0633867703923467,-3.0555514397860666,-0.18266933008064323,-0.20222406928956269,9.588766147809908,905,0,0,0.1537,0,0.0237
-0.4225078954403622,-0.4625088532837072,9.877611553309716,3.774608575242692,-0.8056900424529967,-2.0058089930709633,-0.3764377496003379,-0.4584496282177508,9.976047072065995,906,0,0,0.1537,0,0.0246
-0.026094257020221525,-0.22657304947404364,9.772042003418406,0.5804839880496659,-0.2857524400440471,-3.7282623539986712,-0.0011760978184587843,-0.17393637304153425,9.714505060637764,907,0,0,0.1537,0,0.0237
0.40238979245618073,-0.18839610657415523,10.030137975659164,-1.4824687272784125,5.438571497698602,2.8918803860703717,0.37805351672330123,-0.2339708428773419,10.094531913097336,908,0,0,0.1537,0,0.0237
0.28284452918569153,0.08658436136931942,9.816069674064185,-0.330314126469909,2.400308686237757,-2.588767207283097,0.28924272987464894,0.07870398624667022,9.885005590032646,909,0,0,0.1537,0,0.0335
0.38031994982183687,-0.0625283902555419,9.601826002270691,-1.4879665288336938,-5.244174266993559,2.5545321924963034,0.37595247248737323,-0.08677758211546563,9.614701397743575,910,0,0,0.1537,0,0.0337
0.2758740828861379,-0.1769738079436178,9.453879704761633,3.421600146917854,1.7295357641829792,8.077079246718123,0.2635128206399122,-0.20404986864917823,9.491860481536882,911,0,0,0.1484,0,0.0351
0.422833651451415,-0.33895804776265726,9.759330026503196,-1.654462677184327,-2.5864049975234504,-0.5872436879873357,0.4413463478266712,-0.3503893247670733,9.745925634657922,912,0,0,0.1537,0,0.0351
0.30746345549903376,-0.53748689398889,10.02040088883941,-3.04929530625465,3.8352059611325426,-0.22037477466987923,0.30935703290476185,-0.5312754260683225,10.027496962668039,913,0,0,0.1537,0,0.0251
-0.31355748465777794,-0.5362292975095452,9.924201205435097,0.6710962269874152,-2.0272936919106277,-1.176541660148676,-0.22540816428835128,-0.5623131707476815,9.906746939953225,914,0,0,0.1536,0,0.0251
-0.4417088804127938,0.23069228182102547,9.76552877076555,1.701161192335931,-1.756608499962844,-0.4071853296966295,-0.3808283416493067,0.22180258025433786,9.756616021180351,915,0,0,0.1537,0,0.0443
0.033375379005607865,-0.4829402159438024,10.222996781847419,2.050055158002503,4.344285988407871,4.705676211002347,0.06144838500428724,-0.45670031031569297,10.211597637413467,916,0,0,0.1526,0,0.0127
0.5151795828064961,0.13220272275954756,9.917135612129433,-0.2568425060267983,0.7959155106647597,-3.230018277327041,0.515744730513316,0.08564982621810965,9.82940500260021,917,0,0,0.1537,0,0.0421
-0.06606283722602738,0.19073092438356967,9.836210018663598,0.9629525233593039,3.808944622333584,0.17631926786835833,-0.11218857749501829,0.2203821406836635,9.822232149070004,918,0,0,0.1537,0,0.0321
0.6705017464564053,-0.3007334422596148,9.695871236772792,3.9821405265935326,-3.998168054204376,4.7744251348177835,0.6156399121542707,-0.19099836129877035,9.714724859493963,919,0,0,0.1568,0,0.0114
-0.13539377675992045,0.09480074548335123,9.85333561589977,1.2122642258534218,-3.064056105313229,-2.6996390187616197,-0.17050707246306668,0.06494517009229758,9.838295035756337,920,0,0,0.1537,0,0.0427
-0.07415818777724227,0.30852079412961353,9.955465251673333,-4.102134076303342,-0.07554919544119265,0.8266782197332709,-0.03533542904678637,0.289039161236596,9.993179705067057,921,0,0,0.1537,0,0.0427
-0.013925589202875092,-0.23833831101525768,9.741133243848541,2.6513872174709214,3.3368908194293945,-3.7308859041615188,0.04152188274606297,-0.2555994123479265,9.78978739549009,922,0,0,0.1537,0,0.0613
0.308598257426187,-0.3762516128056176,10.076200559750148,-0.39567139198661133,0.8193203100071929,-0.9726130409359097,0.384938451523377,-0.4203925656981533,10.008051937078255,923,0,0,0.1537,0,0.0613
0.012620847943302359,0.02542117725741816,9.844353361453901,1.0193069285184653,2.4327227858560705,1.4519912200437641,0.012030983038442128,-0.011661052481552879,9.76554694797053,924,0,0,0.1537,0,0.0614
0.17095405071309347,0.21796808246149982,9.973428713473679,-8.303967502070975,-2.3369131599410298,0.09452478197077543,0.12110467283075091,0.24793873329342908,9.989469882355756,925,0,0,0.1469,0,0.0514
0.07948441350824206,0.12316045562768425,9.963259835713277,-0.8790839006882943,-0.828241181300534,1.9704169074901108,0.03633154848498971,0.14016003380130332,9.891153285601737,926,0,0,0.1537,0,0.0414
0.5548076828125077,-0.1087163763512234,9.79713956939549,4.797758595974366,1.0471506892740703,0.24034907919574666,0.5634011032142437,-0.12593091951117652,9.753166219807877,927,0,0,0.1536,0,0.042
-0.2413703264473642,0.16623451363108194,10.048498634508494,-2.8080115284628366,-3.5754191565445144,0.7102224604008412,-0.1633359202087165,0.13266890596361514,10.042708783853293,928,0,0,0.1537,0,0.0516
-0.5587482450952602,0.1593543341278627,9.631998889971802,-7.116759783113322,-0.12923186404384668,-2.096022918370865,-0.510941065194891,0.1683638361744502,9.671475914549546,929,0,0,0.1532,0,0.0422
-0.11167957873326456,-0.12461327428240454,9.828269364056567,1.0140078983224257,1.4475337341639272,3.2179264712812596,-0.16824457220276326,-0.1322775976875269,9.858977438577059,930,0,0,0.1537,0,0.0309
0.006409173420056477,0.5078408012617914,9.914224562057745,-3.696471278016082,1.1897093290934635,0.9900824393903358,-0.050094683534258166,0.5348180477852696,9.928479996642574,931,0,0,0.1537,0,0.0318
-0.027879290396568824,0.35103098029835095,9.585322859683558,5.597105721354133,6.240358040708816,-0.9443945301443011,-0.020615016098262218,0.3956035199542307,9.603064876671581,932,0,0,0.1537,0,0.041
-0.3438636829482395,-0.16590459645413333,9.77714016237133,-0.9059740512813323,6.109132440523378,-4.200570684622382,-0.3578645422694491,-0.22287192895084446,9.71610803262759,933,0,0,0.1537,0,0.0318
-0.0407703577340626,-0.3084914878290121,9.902992662374208,1.0430594686173813,-0.14254998292918042,-1.2944969739796275,0.007288123835315956,-0.36405951625046806,9.92416378335352,934,0,0,0.1537,0,0.032
0.9671197455428642,-0.27048745843445643,9.766065142415552,0.6640832088002738,0.33851680423577635,1.0216198952701807,0.9988789113434763,-0.18475987482248457,9.716256473982044,935,0,1,0.2087,0,0.031
0.23666278784222364,-0.8271609636938683,9.747175345225159,-3.2171582257004756,2.0894503398787236,4.560208286899709,0.31614672606852173,-0.7634480011434527,9.712787906804575,936,0,0,0.1479,0,0.0201
0.4840714474827072,0.5612928587340296,9.908754035500184,-1.0282471200970158,3.9812065218403196,1.7175549528243537,0.5414276506770823,0.5310102082863537,9.840107406308224,937,0,0,0.1536,0,0.0201
-0.14790736049776973,-0.017228125467157258,10.0878869554261,2.1338739121551296,5.142423382352654,3.0671822123078742,-0.17575798869222442,-0.02128440755894407,9.967414774907146,938,0,0,0.1537,0,0.0101
-0.45019290820419644,0.17189073437395094,9.683589287102631,-2.0316578113230372,0.723051818941392,1.9569581635577444,-0.5175722600708935,0.23466477586521517,9.668062625237825,939,0,0,0.1537,0,0.0201
0.010788539551014555,0.09106514937027509,9.69634623029636,0.8729729600479514,5.288736050736958,-2.4486269501720512,-0.07803206086617731,0.12329320952934872,9.700478066094387,940,0,0,0.1537,0,0.0101
0.3192167471025855,0.6545564487857208,9.835495875893436,-3.013628915154455,1.0051554712470874,-0.11063936069807215,0.30097440998872466,0.6706416846111425,9.817874359465193,941,0,0,0.1531,0,0.0201
0.013055866941678793,0.013493323405782682,9.634770678212648,-3.7017416831170404,4.612504830203481,3.7695421396820032,0.055535557115255096,0.043283179605537785,9.620341305121258,942,0,0,0.1537,0,0.0201
0.02534144908141162,0.5481405308036229,9.659468602695158,-1.4732488828229886,-2.133047971773511,0.2921759402402176,0.02380929207550355,0.5640852592452973,9.690922222663007,943,0,0,0.1536,0,0.0204
-0.21074857505299158,-0.5674227416216946,9.488208758009973,-1.2509119177529535,2.206918634734283,0.013415837386243187,-0.15166865007382213,-0.5691695197774345,9.453149922809548,944,0,0,0.1533,0,0.0204
0.46557716319124104,-0.24188528862724554,9.596237816758823,-0.4176311415370876,-2.5109583875994272,-0.13919695625217626,0.3322315236188659,-0.21963375658708778,9.536084310918833,945,0,0,0.1537,0,0.0204
-0.02516792159846107,-0.49781578049340564,9.606898328593342,0.9499536829223798,-2.157669137522875,1.3815355553411313,-0.10207293637189307,-0.46216335265360975,9.62155067863791,946,0,0,0.1537,0,0.0304
0.16533443183475258,0.19671325397524128,9.656438450648796,-0.6746674779045081,1.1102326144824095,4.496546203183218,0.09054345334649315,0.19247175224362778,9.736103513777786,947,0,0,0.1537,0,0.0304
0.02224013642186119,-0.11385862311335979,10.19986299185976,-3.1003072813401458,-1.5008821611575254,-1.0627497580275689,-0.08434342124997349,-0.09846211746546737,10.274043041439938,948,0,0,0.1498,0,0.0003
-0.2109826194938775,-0.5547737164669758,10.036979402307152,-1.4703732795645892,-6.192063628195358,1.372776457786303,-0.131356297218558,-0.5548085428756451,10.015742638220235,949,0,0,0.1537,0,0.0003
-0.257287965629649,-0.0977222255362516,10.027963110650406,6.666008829733947,-0.9220842398613671,-0.048450275318056554,-0.3068989114246752,-0.14589220410053522,10.07394712561733,950,0,0,0.1524,0,0.0002
0.4578465195965584,0.17502369200720727,9.855838133168616,-2.467156487404477,2.4858848218211804,0.5251137114481086,0.4323241090172428,0.15578162824685438,9.859106336578376,951,0,0,0.1537,0,0.0003
0.03339392170586122,-0.32439662152357696,9.928300561865493,1.8370300529163681,2.330789930215351,-0.7394995780674705,0.09365916501570126,-0.36400895820032764,9.904747774735773,952,0,0,0.1537,0,0.0003
0.1015788423916785,-0.29973853860509914,9.847655802878075,7.113786563740431,-4.951504475481725,4.793598261719432,0.1332621731957117,-0.2985158957361802,9.775601545121747,953,0,0,0.1524,0,0.0002
-0.13067357351055237,0.006175892672769289,9.906799843428319,-0.054299021563076935,-2.0448545081465612,6.9152459868583644,-0.09851035779347977,0.05254525775665866,9.959117869963958,954,0,0,0.1531,0,0.0002
-0.7180016190110314,0.3345561883353976,10.210340177868643,-2.6967947748244248,-2.2406733589287837,-1.2231074577350332,-0.7165442614387556,0.4365442436056903,10.18589795782265,955,0,0,0.1645,0,0.0008
-0.27511351471740125,-0.19215919091215858,9.829369331382047,1.6835821794598869,-3.5519119682501974,-0.8134129574289548,-0.3549173398036875,-0.19640720960950542,9.918005921855949,956,0,0,0.1537,0,0.0008
-0.4885222459466998,-0.25983615199785426,9.577119148699943,5.456275695795145,-3.4483310449829494,2.3484583247592488,-0.47624991251419996,-0.22146546334575723,9.527200562549897,957,0,0,0.1537,0,0.0008
-0.06693634327444956,-0.23255545545681625,9.761074099085926,2.2855538051365945,1.3095269953477757,-0.4107838412921143,-0.05706187336592137,-0.15707028342275542,9.847555029356187,958,0,0,0.1537,0,0.0008
-0.14417605018174476,-0.4406634994284739,9.80731683548999,6.8701152681254865,-2.3340854011634664,4.061905073133213,-0.213607886713011,-0.5610063488333198,9.911745115166767,959,0,0,0.1523,0,0.0008
0.42805723928608935,0.4078023382310802,9.884113407761886,-6.696993803654129,-5.33262406977334,-0.027397386941505574,0.4400164392577136,0.4400069897396855,9.93331273831911,960,0,0,0.1537,0,0.0008
-0.16919892486531757,0.14289970077535763,9.77751992476233,1.3703972792460737,-5.649291769235888,5.167845913726592,-0.22728452878736327,0.1297230152009029,9.769630574717063,961,0,0,0.1537,0,0.0002
-0.044871229922422436,0.2819029428301345,9.61298119647214,0.4369544489348758,6.106067510694649,3.292744294585611,0.03393549641295223,0.17273496499429902,9.722269704020333,962,0,0,0.1537,0,0.0002
-0.13340251724813,-0.29246128902522084,9.903433174909681,0.2281582078091891,0.8222678146676863,-1.2867969340633196,-0.17883835758504085,-0.3020334363753324,9.868553363801125,963,0,0,0.1537,0,0.0002
0.3817617503316441,0.25548257187124535,10.00014773912047,3.317128927939611,2.1614348077153824,-7.000327637722997,0.3710574541502669,0.3038438830917829,9.974818076809697,964,0,0,0.1532,0,0.0006
-0.3795759503473771,0.3872652693950707,9.637201409560051,-0.5210365499941267,-0.4658212863061519,0.6169400881337058,-0.329143807832911,0.3611624048745559,9.587166247641457,965,0,0,0.1537,0,0.0006
-0.8716622061217711,0.1540140851444786,9.846458237713701,-0.341281093526507,-3.1839339686225965,-1.1632141913695389,-0.9097740622497494,0.13019799245534586,9.784734226634791,966,0,0,0.1252,0,0.0006
-0.46811080877406575,0.1605799881173939,9.269215893856162,-5.636131293149525,-0.133658018360828,-2.680052851201714,-0.531039039852746,0.16330770730047833,9.368013101019177,967,0,0,0.1178,0,0.0006
0.36701455341062433,-0.10688070038897751,9.826681691927373,-1.0559907201041887,-3.7492247111195125,2.30256942813635,0.4164566267921481,-0.08980828839147514,9.771648064025689,968,0,0,0.1537,0,0.0006
-0.3904338673863493,-0.32521546677739466,9.865491615662453,5.159284444212677,-1.1738840317851333,-1.8597105188316196,-0.4037662411260331,-0.42364376869149967,9.899282313380024,969,0,0,0.1537,0,0.0
0.25049981883329436,0.05098786146488607,9.799704694609188,2.0872786054139074,-2.313419047758814,-1.48919027005216,0.32424260970400315,0.05103116251258474,9.77075711710933,970,0,0,0.1537,0,0.0
0.8875858681452398,-0.4263801295076984,9.467465587862431,3.308572740608174,-0.993860003189204,5.106967470483161,0.9245642697741164,-0.43757986138827804,9.515453317492105,971,0,0,0.1811,0,0.0006
0.3583875442527319,-0.029548224605393004,9.3598089126382,-3.164037056657803,2.157243989560554,-4.564096880412897,0.43734311377420176,0.007499463395222186,9.407555560957391,972,0,0,0.1468,0,0.0006
0.0274109415420269,0.23144418214700388,9.92951923049124,3.8445992538954328,-3.633217954124704,-4.17766808833117,-0.0024881645777731914,0.084760483329542,9.936659930086691,973,0,0,0.1537,0,0.0
-0.07729295966085076,0.5507569589363857,9.475548384007038,0.6965203457015656,0.23397565092525985,1.4889770717516058,-0.04137381043312583,0.5918079107981121,9.518116799000083,974,0,0,0.1532,0,0.0
-0.33966813631303894,0.161154077579822,9.738817442250394,4.920083401071413,0.20285801819628266,-1.3399602164967865,-0.36297010768194043,0.10232931148771823,9.758712342652707,975,0,0,0.1537,0,0.0
0.15313037961839834,-0.33890373926794487,9.62868457424737,2.514701311784881,-2.687920331259927,2.770380078586223,0.21574314464960306,-0.27865950795042244,9.673845777889406,976,0,0,0.1537,0,0.0
0.18051592861908022,-0.004185701185881847,9.640779283179462,-3.5478105962189748,-7.371029068772467,0.3358241193982979,0.26601872811062643,0.029656203271905896,9.679156881396482,977,0,0,0.1535,0,0.01
0.1682370521969085,0.0981751759671096,9.710555567825613,3.0910987778619736,3.6226020438627273,-0.19338204876599682,0.11381797862648058,0.1699843141148844,9.641745637968466,978,0,0,0.1537,0,0.01
0.14753924909724694,-0.10974879389615359,9.543758070153764,5.266479989543475,1.8441474924245278,2.1544710034169765,0.12969943444132234,-0.13262836593252322,9.60512631800785,979,0,0,0.1537,0,0.01
-0.41235524379108757,-0.08976226094736443,9.856573974053099,0.046401020895466445,-2.2204015917186535,7.4030569047881905,-0.44658124465785015,-0.11752256153411364,9.783224857609117,980,0,0,0.1522,0,0.01
-0.26167815602475836,-0.050949543676937596,9.572306959172584,-5.313180006793752,-4.022158694044581,0.8827300527638605,-0.1982732415973096,-0.0003664614990395165,9.599453783665073,981,0,0,0.1537,0,0.01
-0.038235165848402704,0.29590794945073656,10.023364851487564,-0.021516042501050645,-2.9611459689015254,2.4024751110812876,-0.10204942472865575,0.38393365871607066,10.002042789556132,982,0,0,0.1537,0,0.01
-0.46930533269388275,0.11798998600348298,9.433710247824514,-3.5691782224470954,-2.0284768534919992,-2.8535186495759124,-0.46717752571054844,0.07333433391419089,9.439345299432492,983,0,0,0.1534,0,0.01
-0.09062288275555928,0.3287978907099133,9.44335350969494,-3.340847160768985,2.1752291708453506,1.5249818615920234,-0.06574386101100953,0.33541570488295686,9.426645459972024,984,0,0,0.153,0,0.01
-0.04835839621277606,0.3678915549235325,9.82342591455997,0.7533046003629512,-9.823899792261637,2.6637540674589912,-0.04443232259290547,0.2784772868761559,9.872198743060128,985,0,0,0.1469,0,0.0001
0.12140611044276893,0.2551489428562546,9.9127324089304,-1.4577647360654535,-0.7200806780601372,0.10153851115026377,0.08192082730271563,0.22244340113995936,9.96929817815194,986,0,0,0.1537,0,0.0002
-0.042944698733715786,-0.21452977524889108,10.187772669093102,-3.05055385054768,2.246446463327842,1.0981953642215168,-0.09431364529094682,-0.26760744080912513,10.191325324586668,987,0,0,0.1533,0,0.0002
0.46529855942243314,0.3359336968018749,10.103699902006063,4.0919846696624385,1.4716998950026867,2.448160809002856,0.46245969565843487,0.30733955412120284,10.084935308832838,988,0,0,0.1537,0,0.0002
0.3707145928156606,0.15057116893752928,10.162221956799584,-2.293235964200809,-1.2168168437426259,6.370220850000303,0.3449668688744354,0.12147670079245715,10.013117839913031,989,0,0,0.1531,0,0.0002
-0.2888156226443182,0.09229051084983603,9.706405005197366,4.428276917479981,0.8741938788626178,1.648487376634988,-0.2614787958970848,0.10646740821399037,9.749277272560722,990,0,0,0.1537,0,0.0002
0.9463407056501173,0.008495781375136065,9.912799689548544,-3.306281771411275,-0.4632413843833605,-1.3971504525754779,0.8971903577523256,0.0638476858732024,9.972980571609591,991,0,0,0.1923,0,0.0002
-0.16127922781933784,-0.16308497806667746,9.843488957629836,7.114634476745124,2.4855409156775488,-4.220311932573842,-0.18934464679261698,-0.22021523849167504,9.869773026918061,992,0,0,0.1524,0,0.0102
0.3081567657240833,-0.15213879408837944,9.70717562456399,5.098926520264432,-1.3854048324369188,-0.10277999769468926,0.25362957575992606,-0.12683514618766437,9.702365880617709,993,0,0,0.1537,0,0.0102
-0.1300468636051052,0.10102611257449368,9.991700300664556,-0.6146858838485033,-1.3760656743025284,1.1413188863263162,-0.1313033122188149,0.12601853634827054,10.029817859148062,994,0,0,0.1537,0,0.0002
-0.4537085935740742,0.30555354603345747,10.148767734808722,-2.449069322740036,-6.406514887144497,-0.04744841039465514,-0.4646362879273066,0.36766755190457284,10.201308976206308,995,0,0,0.1526,0,0.0014
0.025387993354796308,-0.0578448306958054,9.646416126112062,-1.0187833281228251,-1.70198238111929,-3.7750071745218197,-0.03452559664857325,-0.050467064453450665,9.583947756189968,996,0,0,0.1537,0,0.0014
0.1798192118936663,-0.47386534969535377,10.160541372634906,3.937267767754248,3.89752479015259,-5.214530382903985,0.245532506320429,-0.5157764438343138,10.104890505575232,997,0,0,0.1537,0,0.0014
-0.003375705493108491,-0.38914637233007826,9.635984223908398,-1.5053555747163783,1.2553350306970161,-1.7060794172480338,0.000718438179900797,-0.4528395202755976,9.669708886886507,998,0,0,0.1537,0,0.0114
0.10787279471258514,-0.1653043159372647,9.83219498299506,-1.8374716534940299,-5.422271330659306,-0.7252747146188199,0.06293473138845451,-0.13815014939121056,9.792215535507717,999,0,0,0.1537,0,0.0224
-0.3984160913942119,0.6657984567235254,9.520557753423045,-0.7996447918106797,-2.75457286752666,-1.993073353012155,-0.43382099647730366,0.6388090799328721,9.604067865242765,1000,0,0,0.1531,0,0.0114
-0.2399804282985056,-0.18903782032103666,10.03682280089962,-4.906605737870783,0.5332508549430164,7.422479727385328,-0.3533549339145171,-0.2098168113908409,10.025345080674773,1001,0,0,0.152,0,0.0014
-0.09531924487115061,-0.3638621814603594,9.889110586379033,-0.3922016409605056,4.653482174816828,0.5024728945839866,-0.06017391044113037,-0.29737788745308447,9.852006149215045,1002,0,0,0.1537,0,0.0014
0.4965880534650311,0.1425220203865067,9.741113071909632,-0.6256438905128985,-0.4122268093207535,-4.287102517708986,0.5301439270903076,0.20448348425230473,9.766574112364415,1003,0,0,0.1537,0,0.0014
-0.5330092065526298,0.358730392126313,10.125522764223817,-3.7446298553662762,-2.21994023832284,4.894374081645519,-0.5002105645232245,0.37171234004477766,10.066454834000977,1004,0,0,0.1537,0,0.0014
-0.4051239205275386,0.41160572761177994,9.967477961015748,-0.49785252872895625,-1.3353743227318002,0.1641211029482362,-0.3196463826355407,0.4217937999044633,9.967145429775334,1005,0,0,0.1537,0,0.0014
0.37254460452699556,-0.3781887709889278,9.653634719233475,1.422219724219009,1.810348552480286,-1.5501843155235946,0.34714384462780556,-0.35639446448502354,9.677926627695234,1006,0,0,0.1537,0,0.0002
0.1720771081145461,0.18838480778276914,9.363667519563704,1.7238282066864334,0.0306360573767643,1.4248337180078376,0.144928168531191,0.167023663996046,9.263577320136045,1007,0,0,0.0776,0,0.0001
0.6176544981796983,0.2681817719267551,9.819856720127289,2.9588027310110756,1.7332788943702884,-0.20645932391255323,0.6065378675777511,0.2523505690432761,9.79733057961124,1008,0,0,0.1552,0,0.0001
0.11320215062616372,-0.025485359140115956,9.900417545555115,1.8965706657346852,-0.48494751203994657,5.5300489453525055,0.09327802113026992,-0.09009223590867359,9.804781077967334,1009,0,0,0.1537,0,0.0001
0.36228514515005344,-0.006354817912727882,9.748797084521202,-2.4136902121950894,1.2888301560160367,-6.955295511496027,0.38411212407269363,0.04814495248016734,9.752424274482546,1010,0,0,0.1532,0,0.0002
-0.06883578835586399,0.004256954920677922,9.812668887458143,-3.5353230399112023,2.849260498728528,3.8915006634415246,-0.06536711378414219,0.02094030910370405,9.709101943769646,1011,0,0,0.1537,0,0.0026
0.10547072568633985,0.04981592849446156,9.892016696466676,-0.030524603445658043,4.08431625356437,3.2411944761613523,0.11175328409044968,0.1314446497097083,9.826809265908437,1012,0,0,0.1537,0,0.0026
0.14072670057168404,0.2636763520924759,10.041390372911367,0.8438046713014016,-0.09660645467687473,4.5210110506817545,0.2114328432897175,0.22344909383621406,10.064279331220773,1013,0,0,0.1537,0,0.0026
0.5410460852807121,-0.33349169402336054,10.18486815975781,-1.294661575884334,-0.15121814181191162,3.9517345642501516,0.5169256856428553,-0.38503652890192813,10.175778831822255,1014,0,0,0.1536,0,0.0026
-0.41702639852348283,0.018786106545264705,9.851595973117279,0.49375483717871116,1.6297526678977676,0.061208403844845896,-0.4797633351652615,0.06399847225038441,9.812763027967954,1015,0,0,0.1537,0,0.0026
-0.1583025862014357,0.39898305567442355,9.748027789979723,-2.7006530498650103,3.807697976569269,1.2888008711613,-0.15898432681311708,0.4331801610966797,9.729046306908337,1016,0,0,0.1537,0,0.0002
0.4116437210236366,-0.5706203118329762,9.967964365228884,-4.293647732005282,-3.564114190537893,-2.835604993787997,0.41963519978291786,-0.5760428871289289,9.8652004534296,1017,0,0,0.1536,0,0.0002
-0.032217143515932446,0.24032495430427533,10.017579215423165,-5.355255168629433,-1.3545216078038487,4.031404452871599,0.016378328657010686,0.20677724189355842,9.963780560580155,1018,0,0,0.1537,0,0.0002
0.20258517040993299,-0.37708989060247616,9.580929271664305,-0.05188841330793741,-1.460859414153818,-3.957959487811282,0.23791793489425922,-0.4017357853535888,9.513000954621615,1019,0,0,0.1537,0,0.0001
0.1077350092189324,-0.3484499515633031,9.758940622976851,1.6061267844719018,-3.9746863141556554,-0.49942092610819944,0.032336334923694574,-0.2676813030689353,9.739467390882533,1020,0,0,0.1537,0,0.0001
0.08586572776736076,0.5044444142216609,9.619084782943979,1.2785853684856372,0.5238875903412876,0.22134577419836482,0.154351545062208,0.5280982666457926,9.672533040174962,1021,0,0,0.1537,0,0.0017
-0.37079148476840623,-0.04454541536238391,10.057642696061489,-0.8588005484917998,4.811112406287316,-0.09598469278045448,-0.37291097341779345,0.016940599814481094,10.018333882857725,1022,0,0,0.1537,0,0.0017
0.38360277578405777,0.37978484046440747,9.527801344018458,-4.804444122531809,1.5675468832192907,1.7480090254939937,0.4484632657044542,0.33162785690596885,9.572538308646154,1023,0,0,0.1537,0,0.0017
0.27469438803169416,0.2746801284940206,9.658542758160166,1.7928249225254804,1.0665350581025788,0.9549644135617336,0.27491859245476624,0.22080269727615712,9.672995921167097,1024,0,0,0.1537,0,0.0002
-0.04187078856163194,-0.08439968650302301,9.894703059136758,2.889254958501324,1.0594200380285033,-0.3257747887447308,0.015749770590907236,-0.09945762364851435,9.87532714798905,1025,0,0,0.1537,0,0.0002
0.06273856659590714,0.42741329019076096,9.673182380857114,2.7602579436443904,-2.044687121156222,-7.413325014826887,0.08718770173133591,0.4803185466964908,9.629742898086423,1026,0,0,0.1514,0,0.0002
0.2417220837856204,-0.33443045832098384,9.94816686893336,5.150798091912269,4.413060681481061,0.8402158436893639,0.2334223725565185,-0.3381873217216068,9.878388054550623,1027,0,0,0.1537,0,0.0002
-0.3691103349478983,0.04912907854318791,9.594906523192787,4.53179711330925,3.918561974233727,-0.3757737353605549,-0.4882387970175249,0.022732787726435926,9.62582574003888,1028,0,0,0.1537,0,0.0001
-0.1270554748315269,-0.14647057113363615,9.307944384898255,-1.1255304465400475,4.360340936120344,-7.892986150574654,-0.19381552129651491,-0.21232265522642593,9.336887048367261,1029,0,0,0.1417,0,0.0001
-0.4366906454058317,0.2590815471738862,9.860279277279764,-0.36474659297141343,-0.42800057687581883,1.1903190190859378,-0.4873285377399682,0.3362745152405822,9.881789899811299,1030,0,0,0.1537,0,0.0001
0.022282047435008254,-0.3027566096922375,9.978499317814864,-1.8029883578643329,-3.4934239214641285,-1.6158818968644444,0.08423667202246117,-0.25467997232043,9.943535110000315,1031,0,0,0.1537,0,0.0001
-0.23148328432686244,0.14809555027937152,9.739146653482619,0.17903698917588573,0.19089919069808656,2.0833903004134444,-0.14233798264666714,0.1720054946632591,9.676125176011615,1032,0,0,0.1537,0,0.001
-0.39442655763365453,0.33307672881835676,9.927757651346074,0.8630183570934912,6.899100430339765,-4.982385787912804,-0.4491381653960862,0.38067618830265754,9.94311932896648,1033,0,0,0.1515,0,0.0001
-0.06794541821040478,0.08145161706795251,9.989847351982688,2.7652287625733,1.3681339059701245,-0.8169110077078852,-0.0007584884418729565,0.1344174774881109,10.00102265932377,1034,0,0,0.1537,0,0.0001
0.01924372770451831,-0.04615327094410665,9.844126949513099,-2.4558527575772824,2.3646704565390206,2.8182274168385937,0.06533911489220483,-0.00914355635554858,9.854224464951878,1035,0,0,0.1537,0,0.0103
0.31715283440430975,-0.004658178118006074,9.646414701091553,5.1625904083246485,1.143470751411256,0.5035837954110509,0.27842220904319237,0.08144716038673992,9.605405148821907,1036,0,0,0.1537,0,0.0002
0.09249662584086282,0.13056173381384542,9.702343673462215,-3.120411945305243,4.481557396071512,2.9456451248892,0.11805368180155228,0.133440230238008,9.698102800873794,1037,0,0,0.1537,0,0.0001
-0.22821893862566278,0.22907687918454964,9.750259765957802,3.6439736022854268,1.5952127627979293,5.591058375263865,-0.3185439843288372,0.21591006915055416,9.636065905414073,1038,0,0,0.1537,0,0.0003
0.3249360977165561,-0.28795523855468447,9.677326968920708,0.2883021133916861,0.10553331542824793,4.152824899513213,0.3842528922779925,-0.3409609798856106,9.615312670168999,1039,0,0,0.1537,0,0.0001
0.2284207322517831,0.06486157339432345,9.717672463607423,2.1600044018772158,6.4136239432652955,2.034174406678492,0.22955596303139222,0.02830513423876975,9.728357494384252,1040,0,0,0.1537,0,0.0001
0.900645752031739,-0.20045331345700054,9.96998734680599,-0.77488435675988,-4.408330386824698,-1.3790284150331853,0.8569934445536534,-0.26637151012326776,9.957797911142377,1041,0,0,0.1749,0,0.0001
-0.0259105834265882,0.40174087491317273,9.936081182183136,1.4491820660052217,2.0237497882501927,-1.5585113327261668,-0.07317888088697319,0.4413418202435808,9.9174893838573,1042,0,0,0.1537,0,0.0003
0.17687085480658113,-0.3092133785045499,9.652723175863274,-10.402903592554685,4.5879187884918995,-4.914985798370786,0.15814524804764904,-0.27871319480316625,9.669035178188826,1043,0,0,0.1426,0,0.0137
0.10373792452206508,0.03601204534609943,9.951663338166897,0.5398268010255591,4.050270788566779,-3.28347673762449,0.078394719349282,0.05233160257833505,9.909310171069432,1044,0,0,0.1537,0,0.0037
-0.35484036719806994,0.0445074481348752,9.709095802965734,0.8357702777049396,4.533288087485332,2.127613076506232,-0.30972066805234744,0.01456143956897463,9.698583026915044,1045,0,0,0.1537,0,0.0138
-0.29561975517010747,-0.35153193863031806,9.674749152914623,-1.5842230098010233,-2.9692507791271607,-0.32274469029886044,-0.3300220535812349,-0.3438469138035319,9.695093430070763,1046,0,0,0.1537,0,0.0139
0.5710642186979534,-0.09789027892896053,10.060534996402726,0.3158520460894816,2.341946455633954,5.900148788453639,0.4854549838722245,-0.028432735175351914,10.129870727746727,1047,0,0,0.1536,0,0.0038
-0.4311917203690579,0.23396951487270545,9.699171933438604,2.809657140874075,4.319029432966067,6.759543508455506,-0.4980631040337894,0.23225271197792427,9.691318966662092,1048,0,0,0.1531,0,0.0038
-0.5808221763403437,0.6193204763400668,9.788165326285638,3.1077977443369385,-4.734253044756515,-0.20555426725264597,-0.6656775826351362,0.6561536181382412,9.807347987267384,1049,0,0,0.1523,0,0.0152
0.019698929433660927,-0.13372493800664262,9.935993131580775,0.9211593750032598,-2.880644209849194,-2.571017544801909,-0.03516390497710789,-0.14314890715390083,9.928125816077454,1050,0,0,0.1537,0,0.0038
-0.31444860487395637,0.4855020464845035,9.657874118619395,-2.1458427523500294,1.7704347816821016,-3.9037948442994796,-0.3569774201428736,0.3901943652266089,9.675318861013556,1051,0,0,0.1537,0,0.0153
0.43329380892205654,0.19460730186247593,10.023460566315357,-1.9774061708682458,-1.792077402749365,1.8584998136046655,0.42938978786819354,0.16116044881432715,10.037075916237374,1052,0,0,0.1537,0,0.0052
0.12034858054694925,-0.3520923462595318,9.492729593279703,0.4465197294191521,1.4378233213203622,3.9201072416407,0.18904088554908752,-0.36823969560925585,9.447963010329227,1053,0,0,0.1534,0,0.0152
0.31658412134053193,-0.40822781453600054,9.71549572522219,3.6350755386064653,-1.4129950974384566,3.4732059288109944,0.31936977032004465,-0.450886858821187,9.713089058285428,1054,0,0,0.1537,0,0.0138
0.026595228185012438,0.04282394154674734,9.55093987845097,-3.4821547147149348,-0.9647821236276775,-0.991070966181917,0.04410181692741097,0.07762827844253736,9.498631271952275,1055,0,0,0.1537,0,0.0238
-0.28578018145233314,0.12304562226527023,9.762320321277164,-3.769798873615996,-6.824813673247922,3.9700763662291534,-0.31922934740637166,0.1023775064779523,9.790603197090647,1056,0,0,0.1537,0,0.0152
-0.2777010451475829,0.09081046459854446,9.787800703946129,3.424233366865227,-1.3328112817497044,5.681083653203798,-0.23195631761436533,0.12221145831909264,9.754225466679783,1057,0,0,0.1537,0,0.0137
-0.017732108485682838,-0.33863814895588656,9.919472732022891,-3.7426769102518884,0.38743995309062473,6.4247708764941045,-0.0474812091276276,-0.3681638259360728,9.902880349484294,1058,0,0,0.1531,0,0.0136
-0.32158397302269853,-0.28532291587399244,9.781530969614778,1.7412316403705044,-1.303370056458946,-0.006966090104158986,-0.23003854777393085,-0.28511093216992045,9.775020827500603,1059,0,0,0.1537,0,0.0138
0.14688759688327335,0.3896628123950813,9.897239011825446,1.6804841656784686,-1.607808659561611,1.3215434509825206,0.11082621076823418,0.36087380109823847,9.827804683319359,1060,0,0,0.1537,0,0.0102
-0.16098743827389253,-0.2686195109971391,9.727131670713616,0.9399569518115038,0.4565214964129342,-2.3867786093800483,-0.177159424147805,-0.29882918261277364,9.598762726516565,1061,0,0,0.1537,0,0.0202
0.37622101228394966,0.06520134486695084,9.822086148746964,-8.235144986294904,-3.643187225433958,4.368595150926911,0.4142548445400143,0.04039107594918931,9.938114844203508,1062,0,0,0.1477,0,0.0038
-0.47173438543191515,0.5429468708431594,9.564269460720142,-0.6325729402575355,-4.118591916751721,-1.4114423408646486,-0.48436485613729235,0.598479625951667,9.588067595133113,1063,0,0,0.1532,0,0.0102
0.14711598735760345,-0.09253582906182585,9.925284707899118,1.4920424180733547,-6.883356292186681,2.988774059497234,0.13458728961740604,-0.10566773227355514,9.963770218019222,1064,0,0,0.1537,0,0.0103
-0.4427102968236805,0.03378842530067363,10.379510916230295,1.7688376114399516,-2.4251747084409523,-6.2275196913363775,-0.44716947952503616,-0.003672817327551217,10.36448442647329,1065,0,0,0.1272,0,0.0038
-0.3577337373658415,-0.07115245022184973,9.990728452376596,0.453555160574697,-0.07930674120869695,-4.431584898230174,-0.2976989352302384,-0.11528024161044803,10.077637655019121,1066,0,0,0.1537,0,0.0039
0.23573361372598092,-0.11522550175239707,9.67703368255109,-1.9748103695609502,-1.9468405143327998,1.8284964829520722,0.16906390826791604,-0.11118335009200965,9.609267392539577,1067,0,0,0.1537,0,0.0039
0.30162343226671384,-0.7269044685151006,9.9840664035076,-4.775360086481552,2.4454257295535573,-2.317398973988182,0.35726148924761036,-0.7341192684933892,9.956424632804241,1068,0,0,0.1515,0,0.0038
-0.07131041727230363,0.38191506789000573,9.676072936472144,2.036720101949399,-1.8457147045265403,-0.7083503080714783,-0.10102528555431442,0.3420339175540894,9.702703531654352,1069,0,0,0.1537,0,0.0037
0.14551938058641256,0.46876903844374085,10.009594480168825,5.062207305416264,-1.359694392487032,1.8107109736960196,0.10092178254358627,0.48513995915998365,10.017919854504004,1070,0,0,0.1537,0,0.0038
0.37972282399646506,0.28726908757728775,10.038330789186833,5.219189283235591,0.2848337007057782,-1.926681636644099,0.40239901964397806,0.23130706516527413,10.054687690112805,1071,0,0,0.1537,0,0.0038
-0.20209876403359014,-0.47866902881110784,10.15148847857325,0.7283452584258882,-2.6631600469031467,1.2607711244924846,-0.19587894975141398,-0.4872730564044391,10.192611406919408,1072,0,0,0.1533,0,0.0038
-0.23294438441809762,-0.22478312168183584,9.85671901979982,1.9775877809635616,2.991956589454717,3.4181184685762673,-0.21210146595143603,-0.20071453269801967,9.86016208114066,1073,0,0,0.1537,0,0.0038
-0.2257869164129085,-0.26847468206041974,9.869888530409149,0.730118577918361,3.6728087401725977,-2.3732579981435116,-0.23965645378524159,-0.28334863468087235,9.917292745725584,1074,0,0,0.1537,0,0.0038
0.15420677618944453,0.14570662516812205,9.648955521005673,1.6102532972585237,0.627559517079106,0.10943703227353858,0.18151098828765053,0.07109410519460542,9.606285825005216,1075,0,0,0.1537,0,0.0038
0.47538734255945797,0.03741505605921315,9.791634098497653,-2.5572864711651966,-2.267400140930591,0.5026548938191645,0.4668082209848987,-0.0650493462318291,9.823306087362553,1076,0,0,0.1537,0,0.0003
0.43424516370636157,-0.16738140797418646,9.888718157606851,3.635434894462058,5.4340659098038735,2.180170757049893,0.45289799125211233,-0.13366337352101945,9.913779062368768,1077,0,0,0.1537,0,0.0003
-0.33126875562399444,0.6221722305738517,9.659171759633622,-0.05530493058561414,-3.978631169146825,6.449195464210655,-0.37742902529368094,0.6236053120390951,9.63375406339336,1078,0,0,0.1526,0,0.0038
-0.0614303604697129,-0.2487906584013567,9.75060310733439,0.08949052186704519,-0.3209811943752725,-0.2345510806087403,-0.10792744333578444,-0.24673155051647166,9.75324611163533,1079,0,0,0.1537,0,0.0003
0.27558825374775586,0.5615961290575033,9.795575034176597,2.4442700075917934,0.0533024795302587,-4.854909527990345,0.2965423010701217,0.6058721457510082,9.87969148034849,1080,0,0,0.1532,0,0.0003
-0.4014624685106207,-0.4738358310601165,10.117836072774669,-2.1134762160956075,2.9637342836008234,3.789591915270706,-0.4044912921966691,-0.4756321236192291,10.07115915373964,1081,0,0,0.1537,0,0.0003
-0.3756587116984555,0.21300196931826032,9.860444317206463,2.5647024904723446,5.650202408947576,-3.6578739530439948,-0.3892643288863013,0.23774917638217635,9.784388491981293,1082,0,0,0.1537,0,0.0003
-0.13259193675507816,-0.015055046038832242,9.70706956950211,-1.8470313133000604,3.4506079938050083,-4.116078001016774,-0.14279051731125741,-0.06324015278705461,9.726374261836321,1083,0,0,0.1537,0,0.0003
-0.6414728609058139,0.20834411819442517,9.908863409980583,-1.2673882798016758,3.5053289049905842,0.7102883675708695,-0.5530973032546158,0.13962021793235227,9.941282274507538,1084,0,0,0.1538,0,0.0002
-0.2115524795187181,-0.31607946212688204,9.889888791195517,-0.7877144183280895,4.3741806667242535,1.3829163627351868,-0.2365661553041322,-0.34779811943246064,9.884972180911609,1085,0,0,0.1537,0,0.0002
-0.10287478302736063,-0.11854821775588749,10.119065025852546,-0.6446788222878341,2.7476559812227794,-1.9978292979076095,-0.06593488990312277,-0.15536022977730413,10.09672149258604,1086,0,0,0.1537,0,0.0002
-0.07688450268640865,0.10320912949734863,9.971628470341432,2.581040033826622,-1.4186450631953447,2.1346306935116175,-0.07287093300712263,0.08266607923527412,10.031997107457055,1087,0,0,0.1537,0,0.0002
0.017634804273204036,-0.40918533694886156,9.99181717729388,-3.2612227803803897,-5.861337215659252,0.28912194092520627,0.06311845193827283,-0.46936657675241245,9.969537822511105,1088,0,0,0.1537,0,0.0002
-0.286853525372095,-0.34571348319021433,9.359297021555,-0.48134804896474215,0.7266035235050271,-3.536831593444616,-0.3219380035426721,-0.4191493002506182,9.34357304957811,1089,0,0,0.1507,0,0.0002
0.3594940385686085,-0.36536514546502646,9.831810802127407,-6.756562984903384,-0.6088131487533417,-5.4217999068161555,0.38287059855509137,-0.3223364225712571,9.72277283465106,1090,0,0,0.1537,0,0.0002
-0.48546108650295133,0.28751447620028536,9.603563721985422,0.8380783235341223,-0.04288822746076383,4.718914526133622,-0.4546616841525512,0.3356954629052791,9.599219643029656,1091,0,0,0.1537,0,0.0144
-0.288038959314518,0.5908779820752289,9.686136165362896,-1.3243588274497267,0.17222788397796399,3.7689672279890054,-0.3222975429100416,0.6362630940507138,9.74152354117184,1092,0,0,0.1531,0,0.0044
0.2716538016721279,-0.12181429461244107,9.860670234123688,0.7508168606893668,6.338491575621363,-4.200391668522681,0.2705198152506342,-0.13794274180703384,9.90165872616341,1093,0,0,0.1537,0,0.0065
-0.1618444579607655,0.10616462527969207,9.485864223051308,3.641242622250638,0.8734762123564206,1.0095665901343998,-0.15100927790341087,0.12034029742794866,9.450544193324822,1094,0,0,0.1534,0,0.003
-0.40787236629005613,-0.4464922708139188,9.648111217204722,-1.430717555544118,-2.2536065657165527,2.542597689997366,-0.37516787027157317,-0.4406666867197147,9.639302025996002,1095,0,0,0.1537,0,0.003
-0.2757389996708478,-0.08076484866777837,10.117387091296322,6.226282385542362,2.465947380792111,-0.8051048188760579,-0.3631234956243968,-0.10673421131187573,10.119906722552813,1096,0,0,0.1537,0,0.0028
0.0921815274209923,-0.4642342735567017,9.729328591215415,-4.71155744251028,1.4125330449230011,-1.1156598623132736,0.10746827265607345,-0.405276744553846,9.827482916996482,1097,0,0,0.1537,0,0.0039
-0.2656766837107714,0.34155476853878725,9.925536889981558,1.087178994228148,1.9411304278726966,0.9941326931841004,-0.24006198086184113,0.3678076872870235,9.938409712750188,1098,0,0,0.1537,0,0.0027
0.21090782474388295,-0.0990320399154246,10.076305905449267,-2.8305271025930816,5.541303568724095,-4.787884782547737,0.17112683683647306,-0.13995396311541627,10.025842333866393,1099,0,0,0.1537,0,0.0129
-0.04422159805090801,0.055216323130433786,9.955290917316791,0.32438191835930574,-1.8287358325027117,-5.549227722055048,-0.052461361032155936,0.12628605897724438,9.978587953258753,1100,0,0,0.1537,0,0.0036
-0.12112457117851466,0.07503859237617876,9.82795421181516,-4.24343459180326,0.6119990533832032,1.5910213937954445,-0.09967798335360807,0.11450125331994648,9.790496507567434,1101,0,0,0.1537,0,0.0138
-0.3830415133099502,0.02906043384182487,10.136622427757189,2.1481349344365332,1.9831928428079937,-2.2219534256083495,-0.3696184049415176,-0.0017302271091198078,10.142679989949398,1102,0,0,0.1537,0,0.0151
0.33909188167397836,-0.29111245428994986,9.908763953928178,-0.346767527353844,-1.3488984728901317,-3.2050834723823995,0.30963849354586925,-0.27519456010590493,9.91040734766668,1103,0,0,0.1537,0,0.0051
-0.5309350428886319,-0.9867143030250912,9.65451027420874,-0.7504362585803458,-3.543888672412211,2.0965330839498932,-0.5302130001009675,-1.0889634958636851,9.660979427631837,1104,0,1,0.0489,0,0.0024
-0.6212985850781348,0.2831872843315495,10.033421515370678,3.0330290466724454,0.8495391907029273,1.0497635464005952,-0.627708310886505,0.30716002039314344,10.028449305431055,1105,0,0,0.1538,0,0.0026
0.39884580965823563,-0.45814450389980393,10.009723748347552,-8.583893307985502,-3.966163578780027,3.7710234623775665,0.3657382469008654,-0.4144977511035276,9.975616712783397,1106,0,0,0.146,0,0.0026
-0.08140264750687516,0.0425641048084792,9.94949654526236,-0.9414913869389223,2.1090383436952456,3.993241549061995,0.006293269595094783,-0.0044427331843872805,10.026251010506147,1107,0,0,0.1537,0,0.0026
0.5245704672409578,0.4495799318129514,9.779658301236958,-1.7245801796594458,1.3133143925505704,2.422861730235728,0.5240922751453361,0.3786205210238486,9.874087405261772,1108,0,0,0.1537,0,0.0028
-0.041588277757804736,0.05129697274515308,9.658378792492487,-0.22122999497360277,6.350869578877724,3.215217461301585,-0.005690338415710983,0.1120077929667539,9.617239838943792,1109,0,0,0.1537,0,0.0028
-0.2851087140346651,-0.3225195195951866,9.879509807888905,-3.1445677121379436,0.41787078676234113,-0.2720548694534013,-0.22017090175274656,-0.32782524176757455,9.928285360403818,1110,0,0,0.1537,0,0.0028
0.18542388866134427,0.4799568274724495,9.746935663512852,-2.4911417325492646,-3.339999654803113,0.967958436875922,0.20380970295121464,0.5591494637196099,9.711902745576406,1111,0,0,0.1537,0,0.0128
-0.25321589904963143,-0.34671521389183907,10.381578163430627,-1.1153415358153689,-4.370803611415869,-4.215210086807997,-0.32974531762329234,-0.3604358185077239,10.370987190718875,1112,0,0,0.1195,0,0.0027
-0.33520740903453905,-0.04474803081327303,9.688587393410744,2.878552355071699,-1.2090560535278685,-0.5401189579866893,-0.33683130622128793,0.011569185573705058,9.660075316923777,1113,0,0,0.1537,0,0.0026
0.0789632859002527,0.2260306301594495,9.949349458602988,-2.611152207787376,4.031815683753988,-2.8987332917267525,0.084186385419496,0.2072837325817288,9.896707909615477,1114,0,0,0.1537,0,0.0114
-0.08398636940907031,0.028137910667516468,10.161519570852516,-1.1033097816775643,-4.743273288648219,1.3243854247890747,-0.11809780624671853,0.0814262825467938,10.237079959459903,1115,0,0,0.1527,0,0.0117
-0.5144753139107887,-0.2600266260680333,10.053213948327612,-2.411323485664637,0.8099065096608291,-1.9468387919039816,-0.5490152360153215,-0.23722741480096937,10.112696741419132,1116,0,0,0.1537,0,0.0017
0.12106757002862134,0.15087961829017119,9.724823804589345,3.2137559192070384,3.321331854062974,-1.1754251871995554,0.05279378965749586,0.027717995455031466,9.77727355202895,1117,0,0,0.1537,0,0.0114
-0.5973672225056851,-0.17341409002074096,10.001495192409184,0.5255654713000023,1.9588144712256865,2.1291396193822427,-0.5771362721129824,-0.20501575241557235,9.975973335911128,1118,0,0,0.1537,0,0.0133
-0.1468873038059706,-0.3603263496257466,10.08325222269545,-4.153051958304412,3.5570622803696628,5.090627136129508,-0.1682673735072696,-0.3965977638714736,10.020373463390925,1119,0,0,0.1537,0,0.0014
0.2785390052864113,0.4701403563019228,9.739454979912908,-4.1991525635906015,3.5582843797969974,0.19344367921685768,0.26343316835021846,0.44878019715010925,9.709184580759272,1120,0,0,0.1537,0,0.0114
0.32588979344260366,-0.1372463415552768,9.600321150207527,0.8497338905580323,-0.43035407917128476,1.3544657443631785,0.30255839440734167,-0.046280993706716955,9.566939838723965,1121,0,0,0.1537,0,0.0124
-0.45919704725946914,0.36902736837071887,9.351353639071757,1.6104131455251842,1.7661592932182213,-1.7247351423914838,-0.40042434823664236,0.3970021104459102,9.354697281952246,1122,0,0,0.1493,0,0.0137
0.18364066016091488,0.04220362696422469,10.017102240119081,-2.9811331726241015,2.490695247526136,3.5813605001769075,0.20307052852761565,-0.02776515450778016,9.977428491000307,1123,0,0,0.1537,0,0.0037
-0.20678586615276803,-0.04527070065233352,9.83170909784128,0.7723926689152838,3.92908136995372,2.6004502817460633,-0.15350001232706117,-0.14145568849426418,9.78147319591158,1124,0,0,0.1537,0,0.0037
0.2971785803177443,-0.0635518043329375,9.45483108225262,-1.9131746476246296,-1.8612807228998973,-0.4766125999076865,0.28121671077811317,-0.026076600997617945,9.427506279613125,1125,0,0,0.153,0,0.0037
-0.15826646422851698,-0.4496710185994417,10.039722715825603,-1.965913354657093,1.233364216296368,-0.6308022695149234,-0.19119600896800637,-0.4444372604493959,10.022625617256647,1126,0,0,0.1537,0,0.0037
0.1661288640794615,-0.07446345782720727,9.771286011531968,-1.6154308365530414,1.1479622397551896,-4.445974519078694,0.055638146080481385,-0.04926044025587578,9.854655976334131,1127,0,0,0.1537,0,0.0027
0.3599352001447164,0.02200131338859489,9.694927798548337,0.5948124713182827,4.177698107395525,-2.252269379452847,0.38603056269120933,0.04542615166706995,9.730056866630338,1128,0,0,0.1537,0,0.0016
-0.010827029315559306,-0.09915656024191542,9.932953887133387,-0.572871682435748,1.2556492557095167,-0.14872195042996755,0.021161680207131692,-0.10762702321611443,9.907608819952719,1129,0,0,0.1537,0,0.0014
-0.1983692873095148,0.1938588413397281,9.520147260203382,-0.46739114843768526,0.5328287627784467,4.199319196504172,-0.24137180413851744,0.1886480672919715,9.57719623929715,1130,0,0,0.1537,0,0.0016
-0.06846968338472265,-0.14992313046362618,9.592414944474621,-2.6063387869935144,-2.499946316958725,-5.759183756682171,-0.018426365252619058,-0.09721233569695717,9.661775868472269,1131,0,0,0.1537,0,0.0024
-0.15408308746190127,0.19182463745305536,9.746413830330695,0.7797712850921062,4.213748579930163,1.9760511238716139,-0.09299711049477669,0.2502669656350857,9.711471381683687,1132,0,0,0.1537,0,0.0027
0.3524850397411478,0.4662295405583491,9.716661097476363,-2.929895535907758,-5.9968756135449475,0.4832653212235615,0.3535796687975134,0.43357187244913636,9.746935984158394,1133,0,0,0.1537,0,0.0116
0.35313344490367043,-0.629451500263647,9.944341548240937,4.142890574672114,-0.03789922255512826,5.943876917333617,0.33061786966575646,-0.5883977579627141,9.931998861960816,1134,0,0,0.1536,0,0.0031
0.10042707571182685,-0.44652147472543596,10.14185161007611,-0.2291621105367352,7.418107922508054,-2.8239374813895948,0.09147922712538985,-0.532701061361309,10.193143788676704,1135,0,0,0.1436,0,0.0025
-0.29881676200873786,0.408097864876212,9.530326109705909,-4.963290364929843,7.762802452163948,1.6378324789113208,-0.3011891225721615,0.3404266378061609,9.528930407208266,1136,0,0,0.1466,0,0.0014
0.015733716233705,0.39384275035151173,10.153102062615387,1.606407742163373,-1.0063401291272254,5.299748982290008,-0.08266699894860735,0.39942015370051615,10.21944156295369,1137,0,0,0.1527,0,0.0014
0.4776812607725566,-0.11409662908969315,9.890223270022108,-0.6089974032081743,-1.4599682075981506,-3.8321427576373783,0.46471936026778843,-0.13701550121563724,9.912304213078388,1138,0,0,0.1537,0,0.0014
0.06188532648662198,0.5232375609129966,9.90168690313835,-3.556412768361512,-0.6397736945897682,4.0762902167698405,0.10341542046993007,0.4682822047715306,9.848847553198198,1139,0,0,0.1536,0,0.0014
-0.21930623174535474,-0.34244794381639615,9.605621516836269,-2.695775147681246,-1.8786705431707293,0.464883839070428,-0.21555360397372128,-0.36141223839577,9.603921195068375,1140,0,0,0.1537,0,0.0014
-0.014157070599222707,0.8536599870448874,9.759028393296202,1.1833437709212178,1.056335700300645,2.948001122785277,0.021774766669125374,0.8786070173185794,9.70269132628474,1141,0,0,0.0944,0,0.0131
0.14723281641244165,0.15341340492884872,9.915510824674415,-5.196654005857043,-1.442821281050684,-1.9770885749728335,0.10750578475136753,0.08043068006853861,9.899990848069583,1142,0,0,0.1537,0,0.0128
0.03493322037011424,0.07729430854986137,9.912429780648164,1.3776825740704108,3.3429529692376203,5.396977927204025,0.17690287737047342,0.17788640262110725,9.928804179499698,1143,0,0,0.1537,0,0.0028
0.20696494266922585,0.24863335348897925,10.324719930341704,-3.1336384777788036,-4.783598074629227,-6.0348616949420695,0.09530211675070385,0.28721392100871673,10.345044086681671,1144,0,0,0.1093,0,0.0128
-0.037383903401210575,0.49637813732324537,9.79847039227601,4.88827018902123,-5.073381775668812,-1.3567110234672317,-0.011678586440374863,0.5289288521805471,9.85393487975033,1145,0,0,0.1537,0,0.0128
-0.22262577407097045,-0.48773781925813725,9.87224050434508,-0.09610905739906636,-1.5922422655745534,-1.081504460545634,-0.1783085236928903,-0.5094096966929329,9.908014953459208,1146,0,0,0.1537,0,0.0131
0.19281319454382448,0.19572347533499668,9.930782416506117,2.6992785898700107,-0.9579247460414041,-4.489037409218148,0.13625581897142075,0.2443240986827577,9.831422129237906,1147,0,0,0.1537,0,0.0128
-0.30224188479367314,-0.10488273034633251,9.85451857675977,1.354134218326839,1.6559946578070437,-3.0892828355076913,-0.29278194252552864,-0.1907859592737669,9.905288230379691,1148,0,0,0.1537,0,0.0128
0.24120805451790195,-0.7762229209978836,9.509457385170247,-0.6013583629852866,2.4573022180767685,0.15528792218711787,0.23587354273994615,-0.640901264194915,9.514511605287261,1149,0,0,0.1485,0,0.0121
-0.3902288672839673,0.4331095183517803,9.607734445440448,2.8026440145681035,1.3653894195572944,1.5049573924735333,-0.33716378698750077,0.43231326055622843,9.63447321493206,1150,0,0,0.1537,0,0.0131
-0.35102544446660894,0.2395059583873155,9.573651364118547,-1.354795065643697,-0.7266903976939445,2.1597066460012506,-0.2806046228641685,0.21611826331874823,9.620069562329157,1151,0,0,0.1537,0,0.0041
0.33229057067725243,-0.5556110812926758,9.766177084489506,0.14041654921919516,0.23688835837739142,-1.8536078681207688,0.25761452774858,-0.6438338432217732,9.794476178565322,1152,0,0,0.1399,0,0.0037
-0.3041858934554333,0.09779948939681236,9.74327523439237,3.8423660325616433,1.661154581023699,6.278940271632445,-0.3286782918880843,0.12352013513801266,9.788680742916064,1153,0,0,0.1531,0,0.0041
0.5503084024777463,0.33048917780185455,9.933198495308739,4.483324494678037,4.145651686174544,-4.216385837210741,0.5129959936805519,0.24642353956274177,9.877620250137365,1154,0,0,0.1536,0,0.0054
-0.04394261585925244,-0.03185534327337115,9.661974980149438,-2.7279406281141467,0.032606241305199825,-0.9368463891687108,0.012112468865931467,-0.12824052334303174,9.643645870153293,1155,0,0,0.1537,0,0.004
-0.2983420168180316,-0.398020851776839,9.845897903401216,-4.288250316039643,1.2775564284052963,1.4039434207463848,-0.2512988032955477,-0.36018622194853056,9.824357723144512,1156,0,0,0.1537,0,0.004
-0.5976060166838146,-0.08519061043230478,9.483841943233532,-1.4193657009696787,0.9310094227572463,-0.7204013043437649,-0.5273087140554241,-0.08149798460328034,9.422658274268107,1157,0,0,0.153,0,0.0045
0.4188248630873691,0.10157883200915448,9.704444246753347,2.349527869943068,5.967227890396261,3.6471009408434307,0.47391676650519093,0.16812283518761623,9.814095315893708,1158,0,0,0.1537,0,0.0042
0.27267695305592204,0.12459649378949622,9.647291738277554,2.0323363748336702,0.9010472950981115,3.589599665622697,0.26360671902956,0.1246253547816094,9.649325340147747,1159,0,0,0.1537,0,0.0042
0.11797430142512086,-0.635322737903041,9.902762213046579,-2.424196863174863,3.7448688291786145,-4.546429735145592,0.16482550736127558,-0.5988240925266316,9.970055081313543,1160,0,0,0.1536,0,0.0045
-0.016660012803509844,-0.05259121288906956,10.01143425306276,-4.141835507780363,-5.382682707409584,3.411009740825188,-0.07675740858598354,-0.01991404707371064,10.013497790418,1161,0,0,0.1537,0,0.0042
-0.3232284767763928,0.10166727714808953,9.827735251736058,1.2091734234043643,1.6434661940430484,1.0522864527120621,-0.2834188171232925,0.05568028103232884,9.824088480742255,1162,0,0,0.1537,0,0.0004
0.24725215068387627,0.06811425414207084,9.922909029885801,2.5354659073583785,-1.9243064056055572,4.693731870729122,0.2538790833973202,0.08827488831241811,9.879116395850057,1163,0,0,0.1537,0,0.0004
-0.177921563124636,-0.1355242313790996,9.899143486828192,5.013903562941148,-1.1399926818171198,-2.5244366417942343,-0.2526901969620988,-0.07587670773654259,9.851397346811991,1164,0,0,0.1537,0,0.0004
-0.20729716086270328,-0.19468552892393035,9.675236951593073,8.452377386262544,1.6926228934786542,1.8355717041719057,-0.17017917618357314,-0.1647432582319347,9.675602831411519,1165,0,0,0.1218,0,0.002
-0.020498697706574354,-0.1359224858977702,9.97883976816689,1.748797690460402,-1.3882606295722997,2.536532834168098,-0.04252914038189483,-0.1935831446068123,9.906306668112263,1166,0,0,0.1537,0,0.0018
-0.12543729917331684,0.0028707959158031475,9.895306171365677,2.813171811547967,3.702683706281725,-4.943436441540087,-0.2126090437879905,0.04712892718633449,9.824973258104807,1167,0,0,0.1537,0,0.0018
0.03654564573235044,-0.3156963689589368,9.841739185767954,-4.95991327752872,-2.639957359181164,-0.7860762677896682,-0.0285356233452951,-0.2715915373705605,9.834255055161105,1168,0,0,0.1537,0,0.0018
0.12661696183368001,-0.3900548321252734,9.900471394691028,-6.427856346191176,-4.196767004768694,3.1310653492128946,0.09069165536897428,-0.33598878931786214,9.85007424171024,1169,0,0,0.1537,0,0.0
0.0886175037064109,0.10486599100759554,9.56424045948324,-1.7261373498000199,-1.4226519588136193,1.9883200499915534,0.10848448503819977,0.1735932202159604,9.633619056012453,1170,0,0,0.1537,0,0.01
-0.16311349604745085,0.18842388597415435,9.928915432474966,-5.367361021244723,6.147066751006494,1.3666724150248721,-0.21648344671212874,0.22553321850790836,9.896750052185855,1171,0,0,0.1537,0,0.0016
-0.0127417485199461,-0.10392731488855417,9.98019887539199,-5.365732305749612,-0.8037483426889724,4.409950495304618,-0.024291135107692926,-0.13741387289576368,9.991426800291125,1172,0,0,0.1537,0,0.0104
-0.10203414605538971,-0.21028570420217416,9.864917618575701,-3.2208691720487987,1.0762087594403722,-7.119199693464358,-0.08911159197925239,-0.2898924611452348,9.877406170300574,1173,0,0,0.1532,0,0.0105
-0.27122507164574033,0.09870884804755846,9.86645182763443,-2.443469204546069,-0.3650236042230177,-3.965117614860547,-0.3188733260524553,0.08010240375174651,9.823389092726021,1174,0,0,0.1537,0,0.0205
0.22931407435762616,-0.11230500870325211,9.68912799904672,-3.7186257753264726,-1.2671190484501558,0.2589988645544087,0.2723050226738774,-0.13361557951462774,9.614601895999161,1175,0,0,0.1537,0,0.0105
0.040781730095496536,0.13489755464395864,9.531593965707508,-1.0011398330211634,0.09177101254393787,-1.9203462703138543,0.005994192538698061,0.09711323738275943,9.482561808869336,1176,0,0,0.1537,0,0.0219
-0.01602252996662011,-0.20846797671970077,9.933014423932487,4.299789281279795,-3.6610538125398584,3.3843111687348553,-0.009693225238082952,-0.1780155213455999,9.850052630415819,1177,0,0,0.1537,0,0.0105
-0.5740759100003284,0.30132682688793727,9.991301794584835,-1.5025021632740323,4.378465568843628,1.031436927597325,-0.5060242556074404,0.29127640069139965,9.999483042939211,1178,0,0,0.1537,0,0.0005
0.3926353728825345,0.013703526073982435,9.621941334067953,1.0972440352516157,2.711265063158127,-1.8351425850520875,0.33607120558857373,0.03679301185332169,9.628133011693208,1179,0,0,0.1537,0,0.0105
-0.10727118559643242,-0.4330411689742117,10.123846321295133,-0.9095924882173922,0.31890032628386555,1.8228545928696183,-0.11254290679779895,-0.4773151847685072,10.096916653430187,1180,0,0,0.1537,0,0.0105
-0.19092299807413163,0.23772606807383556,9.622719048566733,2.111460370030427,-1.0368566504543284,2.1598060904515766,-0.14153898846963256,0.16187136659019397,9.623033067344739,1181,0,0,0.1537,0,0.0005
0.20340282014807332,-0.09672313034165231,9.649785884175756,-1.7265569453964926,-0.6453934159996012,-1.5003825612265027,0.11304941482209563,-0.14415449970355948,9.592210777143237,1182,0,0,0.1537,0,0.0005
0.0480186313615788,-0.04952781625376271,9.540194210137553,-1.804895172258946,-2.2661712884472776,1.6192031093779442,0.018901211290151564,-0.07048454226757517,9.530024826738238,1183,0,0,0.1537,0,0.0005
0.37815156214177403,0.23246240574674853,9.740211821202506,-1.2953634347830674,-2.687917097882198,3.34624116818293,0.4093038444622909,0.23598581589774756,9.738896774475066,1184,0,0,0.1537,0,0.0105
0.09033696134155778,-0.2134654866797699,9.659911692720955,-0.08855386784579604,-1.8183166451463393,-1.297678708127405,0.1266434049170657,-0.19080992317830733,9.5949140527236,1185,0,0,0.1537,0,0.0101
0.13442600044728079,0.24202116718293287,9.844170274449874,-0.03144258400465924,2.3696409738256254,-1.006387218750559,0.0726936715634531,0.19233482561253862,9.880957459600838,1186,0,0,0.1537,0,0.0001
0.4350760865127356,-0.08916280044181367,9.975744173340715,-1.0781578354968353,-1.3511449530722006,1.1127336081731163,0.4554072772388417,-0.1675751316476361,9.977110347167141,1187,0,0,0.1537,0,0.0001
0.21875115223791539,-0.40419321649248025,9.58720702632048,-1.0618042971281096,3.143472459724674,5.290329912129417,0.18342891901533792,-0.41410761722853867,9.669295023298481,1188,0,0,0.1537,0,0.0001
-0.18916870415458034,-0.02919577303362649,9.80033696154381,1.4744351631480805,3.388475576650154,-0.6351895725733636,-0.1598475209336208,-0.06215753391637373,9.87532958101049,1189,0,0,0.1537,0,0.0001
0.618090645312713,0.34845006789007077,9.581167168566857,-3.296471000097876,4.006215902451728,4.6300026094250555,0.6314836662164534,0.38725247166743143,9.565672756742051,1190,0,0,0.1552,0,0.0001
0.28536270195291874,-0.014651653875104666,9.686614708954728,-1.2860504657497,2.6342539512076346,4.980202112139732,0.232805270457478,-0.07451901605361005,9.687713679531157,1191,0,0,0.1537,0,0.0023
-0.13257064484423522,0.21100690042442347,9.921962702059814,-2.2126464886706394,-0.9806451714040252,-5.777758502154864,-0.09933966730113289,0.2913527473163716,9.956414287648403,1192,0,0,0.1537,0,0.0022
0.6618767168653796,-0.19315330768063285,9.803984071077156,1.5751325501521627,2.2848641815194832,-1.6118317861451803,0.6347074348190348,-0.14198177511233895,9.833492392370168,1193,0,0,0.1554,0,0.0023
0.4918104347626294,-0.08362985490218075,10.038213657556527,0.4951438954656435,0.3640060947866235,-7.149747485138592,0.3947626649600272,-0.10956206540137875,10.072726946089537,1194,0,0,0.1527,0,0.0317
0.002394647219895792,-0.3080051954169002,9.670374061385695,-0.4644582185355923,2.213603452978778,-3.787745579161339,-0.005410159805277618,-0.26077957210906616,9.783109936503786,1195,0,0,0.1537,0,0.0174
-0.3526690514275234,-0.17238073580987748,10.211982540632224,-0.7337576587210848,-3.7024360238370333,2.3580305389124443,-0.3048887953034054,-0.1867996161919285,10.218275297004416,1196,0,0,0.1527,0,0.0123
-0.4637986336883684,0.07318901268004452,9.931863928377318,-1.0623999019391706,0.9537390470019731,-1.989667229241756,-0.41976022580627953,0.0848110824552948,9.903641890091228,1197,0,0,0.1537,0,0.0223
-0.12840863936906544,-0.83594377664779,9.7884357449873,6.733576999865546,4.402107763245574,-0.7406049442589235,-0.05579862924998387,-0.8192209082652336,9.713770213360922,1198,0,0,0.1481,0,0.0002
-0.16623268851103132,-0.42519885529370066,9.837394571033476,-0.5716534871139048,-3.375158971122568,1.4154733151101957,-0.14331136555156,-0.4644658771720913,9.781088828297019,1199,0,0,0.1537,0,0.0002
0.6306366141296289,-0.49965776180885063,9.678126532216645,0.7823634913211341,-1.416396704368497,-1.660477626426058,0.5371134702040019,-0.5638173847668682,9.613721483241852,1200,0,0,0.152,0,0.0002
-0.6541097470148202,0.21521878322865803,9.680110999461071,0.5305582231016425,2.2682274038563275,-2.9855531767243155,-0.6458615512608629,0.16028261924606485,9.656355393544766,1201,0,0,0.1538,0,0.0002
-0.3786297682673115,-0.14192273510496287,9.881261645221695,-1.1850076835647188,0.6085277902702156,-2.2414476562991505,-0.30408415097802555,-0.1141262597912392,9.867295674061234,1202,0,0,0.1537,0,0.0202
-0.3455202324264444,-0.12050438227656181,9.907358998680564,4.497859965958018,1.7447113575371151,0.6311506149266191,-0.33908877692837036,-0.12525504832900947,9.861306894505262,1203,0,0,0.1537,0,0.0202
0.3047176847389508,0.06504573553237404,10.005396872050595,-1.5293330371177745,0.7642016350366827,-0.08464068543897328,0.2989420150076457,-0.040612281388593616,10.11056181335412,1204,0,0,0.1537,0,0.0202
0.4042604750378252,0.013777871107637705,9.542202236438104,-0.8128869408759125,1.467823711652725,-4.257958763428232,0.42155397582597953,0.02405962127190126,9.448956003376976,1205,0,0,0.1534,0,0.0202
-0.002780514411207529,0.060024868555558025,9.878821512721709,-2.2280734426562105,0.3268339222108641,4.200744562588211,-0.02416539234255111,0.11125580118294769,9.884605899621024,1206,0,0,0.1537,0,0.0202
0.08360549531757307,-0.31632313891227437,9.771150791361904,2.6367328419053844,0.013914622817598598,2.2429408730030373,0.12781168016829245,-0.30976059582213544,9.70420789072722,1207,0,0,0.1537,0,0.0309
0.2190233613376895,-0.2697494879737733,9.788912264538299,6.154289847163394,-3.151920507707607,1.9276917460696643,0.23557686881829012,-0.24108893761382144,9.872323986115902,1208,0,0,0.1537,0,0.0209
-0.244647013663299,0.4056971220541287,9.554422940167939,0.29082261411375787,-3.2308973170917596,6.270871044489272,-0.2768465227743256,0.37958122897236296,9.591734257180509,1209,0,0,0.1531,0,0.0309
-0.4941970325247487,0.19055201585643536,9.90498064223667,-1.4350944949533062,-3.1393729797599086,-3.3940214604363215,-0.49589560808031286,0.19768611276679532,9.961805969242164,1210,0,0,0.1537,0,0.0502
0.22435200166219232,0.04361292418963932,10.011748069792382,-3.5897341316224747,2.309142905052055,-3.634592011966549,0.2154609719343209,0.12309036923900513,10.02722276106991,1211,0,0,0.1537,0,0.0402
0.05697116084779039,0.46492962478577143,9.899099150076724,-2.10333257606601,-4.478026199203238,0.4592662347932203,-0.014276106716946908,0.4797118221249563,9.957952242002094,1212,0,0,0.1537,0,0.0202
-0.3265448655423387,0.45492173922853163,10.198991038183124,3.73005323118052,-1.0357784451663938,1.4439323749307649,-0.3106623256938023,0.4335298117211156,10.121758610724651,1213,0,0,0.1537,0,0.0202
0.10323737522979355,-0.27278269429730023,9.991764482621491,4.1438897593571875,0.4605908824060296,4.165755963383411,0.10323737522979355,-0.27278269429730023,9.991764482621491,1214,2,0,0.1537,0,0.0304
0.09677182891432423,-0.27542780792747357,9.812050953017167,-0.3342136443337171,-4.332168245125707,-3.525078702673963,0.09677182891432423,-0.27542780792747357,9.812050953017167,1215,2,0,0.1537,0,0.0212
-0.08196381915641751,-0.021024752722707374,9.490943834924364,-1.727885970359201,-2.3772975485932655,-6.439834776411578,-0.08196381915641751,-0.021024752722707374,9.490943834924364,1216,2,0,0.1537,0,0.0214
-0.10493037317404542,0.06670990874249123,9.703843781222513,-3.1458655602353645,1.525791942429692,-0.9391081513328288,-0.10493037317404542,0.06670990874249123,9.703843781222513,1217,2,0,0.1537,0,0.0013
0.07227316768871314,0.08534807394833442,9.970885492718152,-0.7943815101918069,-1.9642188691053089,0.41153787809020326,0.07227316768871314,0.08534807394833442,9.970885492718152,1218,2,0,0.1537,0,0.0127
-0.058748277173036,0.11364883707800857,9.786745000627015,-4.4743985716862005,-3.636620678165912,-2.455961148678591,-0.058748277173036,0.11364883707800857,9.786745000627015,1219,2,0,0.1537,0,0.0029
0.0513750582891331,-0.2165504847278527,9.636219783978376,-0.42628369387225346,5.07449306455596,-0.22303309465920534,0.0513750582891331,-0.2165504847278527,9.636219783978376,1220,2,0,0.1537,0,0.0029
0.18136071039876225,-0.03444276510653691,9.667205357409843,-0.21707400703447402,6.07676036071409,3.063490882402286,0.18136071039876225,-0.03444276510653691,9.667205357409843,1221,2,0,0.1537,0,0.0141
-0.16360786528108548,0.08074497835089797,9.683520903922211,-5.667408598169595,-3.675498864501703,1.8854695928740761,-0.16360786528108548,0.08074497835089797,9.683520903922211,1222,2,0,0.1537,0,0.0224
0.08738317997353501,-0.358219476679472,9.996207467665972,-0.6387761977476442,2.823025339849654,3.718582471846706,0.08738317997353501,-0.358219476679472,9.996207467665972,1223,2,0,0.1537,0,0.0115
0.00011587543802276766,0.36210769400368237,9.722425138293952,-3.4569890512373638,2.1231943470072556,1.9110965458682077,0.00011587543802276766,0.36210769400368237,9.722425138293952,1224,2,0,0.1537,0,0.0115
-0.31544647748706434,-0.08740486895534204,9.731550106702212,-1.1985742054140072,2.3876171576339447,-2.330296253484604,-0.31544647748706434,-0.08740486895534204,9.731550106702212,1225,2,0,0.1537,0,0.0115
-0.2951437051638778,0.06403828265769412,9.824280828408916,5.469719017804589,-5.649742284309074,1.218156803795353,-0.2951437051638778,0.06403828265769412,9.824280828408916,1226,2,0,0.1537,0,0.0331
-0.2742263110183708,0.048251014570932324,9.869824825209026,5.776441614650021,-0.9980340123208908,0.5324193960885724,-0.2742263110183708,0.048251014570932324,9.869824825209026,1227,2,0,0.1537,0,0.0223
-0.006997592203704655,-0.00926871315299704,10.249565270173827,-6.431152252455055,4.877856200171424,-0.8736750117860208,-0.006997592203704655,-0.00926871315299704,10.249565270173827,1228,2,0,0.1521,0,0.2829
-0.055769765514622864,0.3995279832312113,9.775927856091494,-1.2629236428903317,-0.5584138002848305,-3.3438681294387615,-0.055769765514622864,0.3995279832312113,9.775927856091494,1229,2,0,0.1537,0,0.2729
0.1513599072814529,-0.17625680556541765,9.722635552202814,-1.7240767504866636,1.4064374486363886,-4.838123798686377,0.1513599072814529,-0.17625680556541765,9.722635552202814,1230,2,0,0.1537,0,0.2854
0.15417513387693163,-0.05455196399089295,9.705462525073305,1.759038866696197,-1.961911061321814,-2.8307454589530896,0.15417513387693163,-0.05455196399089295,9.705462525073305,1231,2,0,0.1537,0,0.2828
0.2011159099008828,-0.0044163569655956275,9.58535668545679,3.5778423998498505,1.315584258634108,-4.062300021596816,0.2011159099008828,-0.0044163569655956275,9.58535668545679,1232,2,0,0.1537,0,0.2841
0.38192598279731393,0.021000884068643123,9.956858277661059,-2.96310286490822,-4.987577618869771,0.5380900716138997,0.38192598279731393,0.021000884068643123,9.956858277661059,1233,2,0,0.1537,0,0.2923
0.3748708194732022,-0.3861771432998972,9.695336565771383,-1.5652016455452702,-3.6369190937663047,-3.1180303948907193,0.3748708194732022,-0.3861771432998972,9.695336565771383,1234,2,0,0.1537,0,0.3023
0.22194949758795995,-0.23446583319701403,9.89452023400417,-6.393741493268543,-1.4801625072696707,-1.762666701976234,0.22194949758795995,-0.23446583319701403,9.89452023400417,1235,2,0,0.1537,0,0.3267
-0.5776704537732197,0.05086004254057328,10.138553258383881,1.394885283021478,-2.802898018906851,3.5233431590138444,-0.5776704537732197,0.05086004254057328,10.138553258383881,1236,2,0,0.1537,0,0.3022
-0.1848186737679986,-0.09524603077720738,10.019550596787878,-6.872262274567557,-4.8228557635321945,-1.2522571409307253,-0.1848186737679986,-0.09524603077720738,10.019550596787878,1237,2,0,0.1537,0,0.3122
-0.15264829765459872,0.09117659544006852,9.815896178004472,1.1176080205766858,3.4114492899543114,2.560295053046604,-0.15264829765459872,0.09117659544006852,9.815896178004472,1238,2,0,0.1537,0,0.2812
-0.16234185856138555,-0.49616637210525494,9.767677429979228,-3.16596035432592,4.249026404507032,4.185069072349606,-0.16234185856138555,-0.49616637210525494,9.767677429979228,1239,2,0,0.1537,0,0.3033
-0.280641103834689,0.4555976524559047,10.009289689219871,-0.12428746489124504,-1.4095035741325161,-3.185569071883399,-0.280641103834689,0.4555976524559047,10.009289689219871,1240,2,0,0.1537,0,0.2772
-0.05715612947945585,0.8176393082335147,9.967153600231988,-0.7500105008403555,2.064946669607287,-1.4148440508215583,-0.05715612947945585,0.8176393082335147,9.967153600231988,1241,2,0,0.1291,0,0.2567
-0.324098907377693,0.38298426772631594,9.94016225982745,-4.486214473927445,4.843244968627537,1.999529675977707,-0.324098907377693,0.38298426772631594,9.94016225982745,1242,2,0,0.1537,0,0.2867
0.2529625793351991,0.10538908049616327,9.775617322341416,-7.2196702696688355,0.15449030599253696,-4.302085639545346,0.2529625793351991,0.10538908049616327,9.775617322341416,1243,2,0,0.1516,0,0.2839
0.027926417622376864,-0.02375350538873836,9.637795888640763,-1.7876674884623203,-1.8636990385331325,-1.8981330269652987,0.027926417622376864,-0.02375350538873836,9.637795888640763,1244,2,0,0.1537,0,0.2738
-0.09303037566816162,-0.02358070569196775,9.769963594279858,-6.8121934269895075,-2.668380736468339,0.2883533732911614,-0.09303037566816162,-0.02358070569196775,9.769963594279858,1245,2,0,0.1537,0,0.2727
0.3954739237122191,-0.10174355994690486,9.789496588943152,1.2807033582615477,0.7778737050207964,-1.3059236985918627,0.3954739237122191,-0.10174355994690486,9.789496588943152,1246,2,0,0.1537,0,0.2821
-0.222736432406522,0.40873716609409394,9.667788948679087,-1.2938543495030292,0.70444841359729,2.1203728703196365,-0.222736432406522,0.40873716609409394,9.667788948679087,1247,2,0,0.1537,0,0.2621
0.0046159980605771905,-0.12046032101028822,9.825769479770617,2.8242471064518724,-0.14846493375057382,0.26542830464605627,0.0046159980605771905,-0.12046032101028822,9.825769479770617,1248,2,0,0.1537,0,0.2914
0.04632483643597444,-0.1156044171693909,9.886384508953375,4.855522130085676,2.771063210861555,-2.014077295545688,0.04632483643597444,-0.1156044171693909,9.886384508953375,1249,2,0,0.1537,0,0.3014
-0.10061975957207389,-0.17270463838701952,9.714120553542347,-2.102403372719545,1.8143181167348097,-0.9926363056117582,-0.10061975957207389,-0.17270463838701952,9.714120553542347,1250,2,0,0.1537,0,0.2519
0.08627925983593364,0.18159957258895118,9.96892517753243,0.7650107942359418,-1.2248913390453824,0.9095297203080234,0.08627925983593364,0.18159957258895118,9.96892517753243,1251,2,0,0.1537,0,0.2419
-0.104801322221183,-0.2560271162026217,10.129020382494955,2.649649292255415,0.7313869319312011,4.697971485597838,-0.104801322221183,-0.2560271162026217,10.129020382494955,1252,2,0,0.1537,0,0.2521
0.10533472566751292,0.2036053633512745,9.946274250130228,5.1610405464345455,1.376836363582627,3.589859483174771,0.10533472566751292,0.2036053633512745,9.946274250130228,1253,2,0,0.1537,0,0.2521
-0.4002279704385487,-0.5423664003978852,9.883739289017766,-2.9729845840139815,-1.3639698420341002,-4.03295711714421,-0.4002279704385487,-0.5423664003978852,9.883739289017766,1254,2,0,0.1537,0,0.2321
-0.0946328924279426,0.5999159743286568,10.133610887498627,2.0305520302952473,3.023699888346324,-3.7657889743283706,-0.0946328924279426,0.5999159743286568,10.133610887498627,1255,2,0,0.1532,0,0.2533
-0.46697007394747125,0.3350094650653082,10.060791449530031,-4.989640653991328,-3.764412981792251,5.243738307808986,-0.46697007394747125,0.3350094650653082,10.060791449530031,1256,2,0,0.1537,0,0.2533
0.017055836514430073,-0.12409661718643195,9.611031112278003,4.812606785097492,3.5157419248918034,2.7090415693448087,0.017055836514430073,-0.12409661718643195,9.611031112278003,1257,2,0,0.1537,0,0.2433
-0.5289052923283507,-0.022124615158193296,9.73260627192923,3.8760612495855136,3.704434962596675,-1.0513227533380127,-0.5289052923283507,-0.022124615158193296,9.73260627192923,1258,2,0,0.1537,0,0.2433
0.3055383690108216,-0.012409402031620857,9.800282012643027,1.5783267041304665,2.331663651021466,-4.741543251372632,0.3055383690108216,-0.012409402031620857,9.800282012643027,1259,2,0,0.1537,0,0.2633
0.2581306171200541,0.06383004564998067,9.808291072601913,-0.6323866415647897,0.04314008862665259,-5.528386251509637,0.2581306171200541,0.06383004564998067,9.808291072601913,1260,2,0,0.1537,0,0.2621
-0.17655993677414988,0.09860688794895975,10.015267822893954,7.388544679542932,-5.398239003985667,-1.3124625824547718,-0.17655993677414988,0.09860688794895975,10.015267822893954,1261,2,0,0.1504,0,0.2521
-0.15589291051653958,0.0571771508041411,9.942671833889657,5.5829079672278175,-3.935177385681742,0.6705755199313864,-0.15589291051653958,0.0571771508041411,9.942671833889657,1262,2,0,0.1537,0,0.2521
0.18285640019171576,-0.14279810747538654,9.938556899473195,-2.089473187969774,-3.967424130724619,-4.1812178080300155,0.18285640019171576,-0.14279810747538654,9.938556899473195,1263,2,0,0.1537,0,0.2221
0.35282712122875276,-0.25284166469051494,9.426865022651551,-6.099080524955265,-5.125540090278119,6.807752018498085,0.35282712122875276,-0.25284166469051494,9.426865022651551,1264,2,0,0.1524,0,0.2521
-0.3337923722829131,-0.22144036511702944,9.782935757133405,-2.709782695848353,0.9253408043527105,6.2518944777831384,-0.3337923722829131,-0.22144036511702944,9.782935757133405,1265,2,0,0.1531,0,0.2521
-0.20506469724559864,0.08516124482778124,9.772889942409938,1.6013739076917661,-1.8220872735377684,1.4702773961139448,-0.20506469724559864,0.08516124482778124,9.772889942409938,1266,2,0,0.1537,0,0.2623
0.34856320183198897,-0.06129917595211978,9.833483100359873,-2.7111701202979615,0.5234148760502139,4.32150813833295,0.34856320183198897,-0.06129917595211978,9.833483100359873,1267,2,0,0.1537,0,0.2623
-0.06803145887499891,-0.4663982075856965,10.333362021415606,-2.7020868477752047,-3.619074655794603,-3.337206850820519,-0.06803145887499891,-0.4663982075856965,10.333362021415606,1268,2,0,0.1248,0,0.2323
-0.23567235829461278,0.27272287407105233,9.912580878716117,1.975936842921704,-3.7751058437985296,-3.3670002144538036,-0.23567235829461278,0.27272287407105233,9.912580878716117,1269,2,0,0.1537,0,0.2523
0.2758443572466127,-0.5429611018299983,9.819501044329312,0.45345392508170523,-0.48067678809275116,-3.1987250213867187,0.2758443572466127,-0.5429611018299983,9.819501044329312,1270,2,0,0.1537,0,0.2327
0.36677267190121093,0.0748375839586179,9.833769453564729,2.0894510357591276,-0.9738300365218138,1.5099132633730976,0.36677267190121093,0.0748375839586179,9.833769453564729,1271,2,0,0.1537,0,0.2325
0.13902889649245104,-0.17651741217257763,9.764387286307421,5.448206577896619,2.4590864791204154,2.100978161842561,0.13902889649245104,-0.17651741217257763,9.764387286307421,1272,2,0,0.1537,0,0.2332
0.10051137404386154,-0.3913325563893359,9.795635744753802,0.7700408799960432,7.842666481088786,-0.10456353046691182,0.10051137404386154,-0.3913325563893359,9.795635744753802,1273,2,0,0.1481,0,0.2327
-0.09141311299935623,0.33812841417880535,10.005528412972092,-1.0466157879834825,-5.477882281943879,-2.7833517419740073,-0.09141311299935623,0.33812841417880535,10.005528412972092,1274,2,0,0.1537,0,0.2427
-0.38149125735157013,0.4632194818545247,9.937117180104309,-1.5193854059470375,-1.2518948056268735,2.8802918128644985,-0.38149125735157013,0.4632194818545247,9.937117180104309,1275,2,0,0.1537,0,0.2327
0.1023151853833238,-0.3222194981186286,10.14516574778968,1.2165192265247553,0.4148575634149342,2.00356570439023,0.1023151853833238,-0.3222194981186286,10.14516574778968,1276,2,0,0.1537,0,0.2027
-0.11411840905723925,-0.01593870863171285,9.577540308074784,4.254410412209066,-2.3298978100714565,-3.0957706132555867,-0.11411840905723925,-0.01593870863171285,9.577540308074784,1277,2,0,0.1537,0,0.2227
0.4030552606457803,0.03187051989718843,9.783146748002359,-9.189018991504199,4.243063641831719,-4.8956733755088555,0.4030552606457803,0.03187051989718843,9.783146748002359,1278,2,0,0.1454,0,0.244
-0.21427116220697776,-0.5907033165883826,10.346502104228385,5.1149844235227055,0.28892170517647053,-1.0170393441763297,-0.21427116220697776,-0.5907033165883826,10.346502104228385,1279,2,0,0.1142,0,0.2232
-0.17033975348613933,0.11432007404185185,10.050304952776036,4.003481623851171,1.462499776071768,-5.699469038164509,-0.17033975348613933,0.11432007404185185,10.050304952776036,1280,2,0,0.1537,0,0.2112
-0.05828751594967295,-0.48698782395312046,9.506631735321491,-0.00525582796047066,-3.22502531165381,-1.1695859387891276,-0.05828751594967295,-0.48698782395312046,9.506631735321491,1281,2,0,0.1537,0,0.2201
0.6424092312487976,-0.014114096940193471,9.718493937546828,1.1151342539844282,-1.8098330127828728,-3.6087813774209625,0.6424092312487976,-0.014114096940193471,9.718493937546828,1282,2,0,0.1555,0,0.2747
0.34298250123278945,0.12823234420682506,9.488704139320285,-2.7029618284109196,4.763480320789811,0.8528188124973176,0.34298250123278945,0.12823234420682506,9.488704139320285,1283,2,0,0.1537,0,0.2902
0.32051864621475956,0.059956462822609205,9.931087011902333,2.222215146340074,2.97870483920748,0.034053148954346885,0.32051864621475956,0.059956462822609205,9.931087011902333,1284,2,0,0.1537,0,0.2494
19.66161515778952,-13.386414850000923,2.3676108859269664,-204.51809788402713,-172.49859524005973,168.2665811377957,1545.7007527196852,-929.0098973871383,-200.74020106284257,1285,2,2,1.0,2,0.72
12.120236027803669,-11.174150701319796,4.58524114408933,208.67330617569672,-255.39110231334536,-216.22958880688256,-1414.409268069651,-867.0918531597927,-274.31724113961104,1286,2,2,0.9998,2,0.73
16.266085224711976,-14.247061255439345,4.361831569482649,-267.3547773521483,273.51182556666595,199.16407727451084,-1439.421145298273,-887.6593995692302,-395.31942992054263,1287,2,2,1.0,2,0.81
