ax,ay,az,gx,gy,gz,hg_ax,hg_ay,hg_az,ms,true_label,p1_label,p1_crash,p2_label,p2_crash
0.09766856428976174,0.38012792958199065,9.739576895291073,3.9692249828897284,1.7016801695155306,-1.8558355583448964,0.09292117842865937,0.42649152454134964,9.693202461767026,0,0,0,0.1537,,
0.2532273682888458,0.17126271466738072,9.945773530622148,6.566936544539559,3.3634853406443685,-1.0787166837041777,0.2306460260536528,0.18378287713294186,10.063660544581236,1,0,0,0.1529,,
0.04266159239292344,0.04567818657978238,10.01910664712395,2.3020520122124433,-2.959678073935322,0.11289465682786709,0.015421477646381493,0.11044082934368554,10.043556099855353,2,0,0,0.1537,,
0.05805880120463107,0.01910765614870439,10.091572272708891,3.4394433331074667,-0.7667995763521824,0.6211605246331237,-0.05194133439265708,0.081589179134187,10.075078924782243,3,0,0,0.1537,,
0.14020906299318628,-0.3370575062530511,9.949487624624272,3.6047018610048855,0.008632167452475869,3.152829632572705,0.24642925360445364,-0.339206987691013,10.007565706081204,4,0,0,0.1537,,
0.06695562797978724,0.07110904374428548,9.47369262872614,-2.8438682576891257,2.3261199591209714,-1.3826407407327512,0.042276250706177056,0.023589908494754043,9.490987203757593,5,0,0,0.1537,,
0.058296665264997834,0.1019115455653249,9.695594425893471,-0.11292849884965185,0.6737573561698555,1.0776441106931496,-0.012136761806999442,0.11446315987022537,9.70989778772692,6,0,0,0.1537,,
0.2581664780522163,0.013811305289605792,9.976178878613283,0.5646965757892857,0.4283414433283734,-2.6849379439913674,0.22421984648485108,0.04053530244186762,9.963432206424292,7,0,0,0.1537,,
0.3650088801784633,-0.15707726251890913,9.803687423494367,7.556401249586079,-1.487017345622801,-2.0512997392684054,0.32996035909514765,-0.14057922562456934,9.806748651090222,8,0,0,0.1484,,
0.45412703214174577,-0.37888613357140716,9.860171165957532,-1.7089071217364122,-1.4633317326490347,3.3729125288399526,0.4702976296824561,-0.2422679180826395,9.903359235544118,9,0,0,0.1537,,
0.3439045261676473,-0.46782654180347233,10.012966140540666,-1.1319349777583592,-4.067257369407879,2.8385579218686874,0.3992566287041498,-0.38831333044287997,10.008065551533521,10,0,0,0.1537,,
-0.3029345412647757,-0.3250468977341076,9.765402299153072,3.7942000217673506,1.4335148492465324,3.3719530605739596,-0.34201035377899974,-0.38087811361525936,9.844405800548776,11,0,0,0.1537,,
-0.3820731195888586,0.2571234326076601,9.624504806060164,-2.693472557144566,1.3973365245910392,4.891839121391801,-0.40030194177146095,0.35764040015823795,9.596637380741269,12,0,0,0.1537,,
0.32182585253804247,0.13061309853291073,9.5973413104645,3.8514739591578993,-2.2345660489240657,3.118928851148741,0.37224330926366034,0.16046463244461984,9.637130363456318,13,0,0,0.1537,,
-0.49548095149765115,0.24367953970840858,9.86837729490978,-1.2427880162930474,5.673778765821991,3.132080031440455,-0.5587101213596146,0.20883244875301954,9.737964305175186,14,0,0,0.1537,,
-0.015723272318663856,0.11092207929025125,9.87617457746798,-0.9304954730273214,1.7449811583309247,-5.068069032357925,-0.0034840565211476503,0.1663260018546373,9.83937758452515,15,0,0,0.1537,,
0.02112264010533756,-0.31581471298028196,9.578054636672574,5.214079327631041,3.0764267276611994,1.9994576219020996,0.016820700230927868,-0.27634271830633117,9.503688080965109,16,0,0,0.1537,,
-0.05964841712662599,-0.08382746314358953,9.955341984894783,0.3945226052016156,-3.802650921891715,2.1568555213850895,-0.0014313568149854836,-0.12044876124216133,9.964168313209695,17,0,0,0.1537,,
0.4620389439599538,-0.1700395387925324,9.675283980391416,-2.6120886889351267,-0.3058600981941174,-1.8130541356845984,0.47549020459944147,-0.2529554048119741,9.719476084434838,18,0,0,0.1537,,
0.003410400082913831,-0.3994470129501716,9.46331117227065,2.256802156452319,1.049186118324874,3.2424640336887767,-0.024117511690674914,-0.41558910775231284,9.505832953654366,19,0,0,0.1537,,
-0.22311604300730117,-0.36864512802754495,9.710940473826577,0.4712597135834075,2.5467887261282094,-0.4250794790021999,-0.2563625786392206,-0.3912721450824973,9.722006552181703,20,0,0,0.1537,,
0.6354379506916549,-0.2839448645077967,9.62822279245908,4.059200620035748,-2.6282742083363724,0.8266157384343684,0.5016781871335306,-0.24348884540319202,9.701757232563152,21,0,0,0.1522,,
0.3835911696418961,0.35734211782645053,9.933548067623445,-1.846604769858192,1.3550617901218864,6.629410430792289,0.3717011164928342,0.34101805874197233,9.895736606283846,22,0,0,0.1531,,
0.053512780353103466,0.006423157822016371,9.871410951619406,3.2878400050948464,3.103707711695038,-5.56298885040515,0.07475727378660446,0.020589082629224528,9.917523940392346,23,0,0,0.1537,,
0.15256384812704213,0.3960113149353233,10.06758669474645,-4.400478692235835,-2.0091337002505103,-1.789708013751893,0.18177746458480037,0.3444708750105061,10.130376989944928,24,0,0,0.1537,,
-0.20712498562452986,0.30685932018943984,10.009795598066473,-3.2900491186946064,2.627910076566242,0.38287983319329166,-0.27999030674638387,0.24136101696831197,9.932489383208798,25,0,0,0.1537,,
0.7534757160431964,-0.27086493183638033,9.477666025506677,-1.6573150879263823,-1.225352718315499,-4.886924953110409,0.7464300048663137,-0.3059421433996157,9.495023817771012,26,0,0,0.1573,,
0.8327815291856048,-0.011651179589504741,9.9294784872966,-1.3147549954664675,2.8639336525669905,6.212414614756144,0.7637748157667221,0.013274868056670597,9.842323527844663,27,0,0,0.1778,,
-0.026441136773652372,0.4547239387531011,10.042937074279095,-1.3224321769887868,-0.657887278349889,-3.816147879520306,-0.02397822109677971,0.48037412098206256,9.973619603853336,28,0,0,0.1537,,
0.057788581832843175,-0.4272132746565435,10.018725955280646,1.1490511605505769,-3.7974958462508663,-4.691371789442586,0.1022471394950816,-0.35991044697040403,9.993596624049845,29,0,0,0.1537,,
0.022846970961610303,-0.045594780204858,9.640526573268763,1.0171244762912899,-1.4941460195727863,-1.6018936516829076,0.09022689379514891,-0.12463297253329614,9.652113282959114,30,0,0,0.1537,,
0.154357904467843,-0.4864635231064377,9.891918013287485,3.347351126464799,-1.3264375859541502,-1.1722570524748976,0.12835421927301496,-0.5044112814068745,9.904803939686559,31,0,0,0.1537,,
0.11102967580752672,-0.2107659129936528,9.64075022582208,1.9530368640687814,6.257963026148483,-0.7239167921267311,0.02520384774576717,-0.22948328754134403,9.66940362169616,32,0,0,0.1537,,
0.32786984534994756,0.3967421843436147,9.916773215603518,-4.026279223618445,-0.1506281910688101,0.1844275909545275,0.3348719761284121,0.3638643482795447,9.946531460330354,33,0,0,0.1537,,
0.3143166689522452,-0.14744384438548774,9.554783709344692,-3.9351607575789975,2.8610968520956663,-2.3162399752026346,0.3106160097372034,-0.1311892426457794,9.520969162709179,34,0,0,0.1537,,
0.2552457501414533,0.17919136128916674,9.4418041589918,1.8576608668043606,2.4464914516056115,2.5216456636973663,0.3399930228080147,0.1800177834443484,9.383347701754737,35,0,0,0.1491,,
0.10111099888879646,-0.04082656588298319,9.839630413503132,0.4785734750152142,-1.037862871717433,-1.6755537808182248,0.11718015739439792,-0.014249803191495755,9.83138685495792,36,0,0,0.1537,,
0.02269176437131811,0.01585969330899817,9.817964110163071,0.2945869441672425,2.0107742117622185,6.220627086777354,-0.016342705866911993,-0.042041308659168,9.820178253544917,37,0,0,0.1531,,
-0.23163384484497584,0.413323451368798,9.588326424729441,-1.7555477824502304,-3.178018599149947,2.0210472896060754,-0.21149512627618006,0.5017307655509637,9.645405596221906,38,0,0,0.1537,,
-0.012928863402331145,-0.16390205576935668,9.73444822411758,0.6439170157444107,-2.6343964838865794,2.4361289626385454,0.06501584695676087,-0.21417872547444372,9.780786396458394,39,0,0,0.1537,,
0.19730271169807534,-0.09348556293124774,10.18920471865842,2.7115124244772177,1.5765669117800778,-3.980319458376483,0.21733217383525347,-0.12595915021846021,10.218631088495542,40,0,0,0.1527,,
-0.18338395030283108,0.5314848637005128,9.82820896848684,1.748776366148544,-1.2561573191210451,1.6809117612866793,-0.25841932428908876,0.5203861338240838,9.814305090393418,41,0,0,0.1536,,
-0.22010464023156023,0.32743507066867134,9.883716407267011,2.8040317050736143,2.082582199203154,1.3031117493631341,-0.29679360505504887,0.22929519458589864,9.822626320681216,42,0,0,0.1537,,
0.4895098872018524,-0.26002734307851233,9.548929620755775,1.9108694949251872,0.13737057004251046,-7.265278602542166,0.4337722501650174,-0.13159571642054088,9.553581067708741,43,0,0,0.1515,,
0.49365986380737387,0.25082315700479535,9.886586914792925,2.371710921317998,2.306344154534856,2.2899039169677575,0.5704421134343107,0.3171276287414914,9.858726410039019,44,0,0,0.1537,,
-0.16589226694423584,-0.14249727689556774,9.661214736030077,-1.3329018489620463,3.380217213023233,-1.3545945791512357,-0.15991575901413435,-0.10805738424483013,9.697736955001387,45,0,0,0.1537,,
0.33710268366848095,-0.2361958434196067,9.82966686931474,2.1167193563576028,2.693341206447524,-2.8438158493849635,0.31641073396436237,-0.305882917610767,9.799712760717247,46,0,0,0.1537,,
0.3648071888401437,0.19820603348063526,10.089881058574557,-2.4312033563405953,-0.006281133897428988,0.3299940101504665,0.42419385885922933,0.27002615231308047,10.057166176288518,47,0,0,0.1537,,
-0.26179351378285687,0.4199623472151414,9.597707899584233,-1.8268908548140628,6.4349306446667125,-5.707061363273264,-0.23646903857355703,0.4058818868120587,9.56210641485418,48,0,0,0.1537,,
-0.5149704756608324,0.10705651078524872,10.109500382399043,1.7026485403772513,5.7349478426781015,-1.6219399896443232,-0.5283999481309243,0.19610315751779153,10.14575704132054,49,0,0,0.1537,0,0.0047
-0.42307067564484835,-0.5433789207300213,9.542604697132928,2.3780501399690612,-1.4136791024762596,-0.7309137143807707,-0.3805553000487492,-0.5528445062275932,9.600719957841145,50,0,0,0.1537,0,0.0047
-0.3577125537381231,0.23923422165318292,9.77759500765997,0.16115206015118963,-1.4654268351938646,-0.24920764480230306,-0.385242523177248,0.241679269673996,9.823233378280943,51,0,0,0.1537,0,0.0048
0.09998288674683178,-0.22238443223578916,10.118479962964392,-2.4848262189056403,-0.24923484086253828,-2.497823050237333,0.083119357335187,-0.2325670854820902,10.224959892558848,52,0,0,0.1527,0,0.0048
0.13020283377934425,-0.24973232151572156,10.103971545781983,-3.700217570191182,3.4331983067106595,1.9324270055609554,0.09575975767891627,-0.22233172754467118,10.186164836171386,53,0,0,0.1533,0,0.0048
-0.2444627920488571,-0.370039383904009,9.939440033443528,-9.288968091112745,0.5782131421625609,1.876550195005057,-0.28134954693504416,-0.4189802292499669,9.950140842073587,54,0,0,0.1458,0,0.0001
-0.10464808640346199,-0.3700607351033512,10.01117829879101,-4.8647196071283325,0.4265980024931472,1.752463867754875,-0.12387335485412215,-0.3097808137864727,10.038466229391231,55,0,0,0.1537,0,0.0001
-0.16501886222010084,-0.14806564571479,9.745594198869345,-3.4560521511930755,4.9554834403885115,-4.189239622078411,-0.1439193882043467,-0.07739370941855854,9.632794284552979,56,0,0,0.1537,0,0.0001
0.014664617104176696,0.1677075779997317,9.744461833873386,-4.413248995929262,4.151266849216026,5.528811609483463,0.04959129503912768,0.22240398125209673,9.687203168674051,57,0,0,0.1537,0,0.0001
0.32396284784073826,-0.34622519644452127,9.87616237595535,-1.2083892039055122,-2.075750988801735,7.236997828004633,0.32205398562459603,-0.2911936412178599,9.845742674613696,58,0,0,0.1531,0,0.0037
-0.5610164617372577,-0.14350466802167122,9.444018054895484,-3.867989479211478,-2.038650224840061,-2.2263858764581355,-0.5207615649208137,-0.2049226093771406,9.371117328028904,59,0,0,0.149,0,0.0037
-0.16591311252154708,-0.2004961924550749,10.167504090845968,-0.20130581036924766,1.2608636311371757,-3.463707307275687,-0.2051361578000544,-0.18223368438646795,10.168127615979818,60,0,0,0.1537,0,0.0037
-0.33073215838039666,-0.06507005452488852,9.802169126759983,0.8610492369478963,5.130051847375907,2.425342808564693,-0.41156558765186496,-0.07689221937584517,9.853906903033888,61,0,0,0.1537,0,0.0037
-0.37464589960407224,-0.5355455607191308,9.68453577489943,-2.1048198597674035,1.784659626915694,0.4655497050126777,-0.29556636423634414,-0.5928161503784637,9.674945539501735,62,0,0,0.1536,0,0.0038
0.11717144082014957,-0.20247984236716113,10.105768674590545,-0.7681974237460674,7.9064274064427,0.9155532176245966,0.1746330245844114,-0.14818642988694294,10.07845370262879,63,0,0,0.147,0,0.0002
0.14008108103534178,-0.12268505271960507,9.577432476179993,-4.376676139310506,-1.3409445929249861,0.32095608545506055,0.07816126935845516,-0.13744892716823753,9.533281762776681,64,0,0,0.1537,0,0.0002
0.2134947625921797,-0.5416283908558461,9.573424767161933,-3.0048332693670115,7.320521124118958,-0.7354193162583063,0.2966816848575164,-0.477580959807114,9.590225924118698,65,0,0,0.146,0,0.0001
-0.19504680538411015,-0.2200791697653938,10.184345413329877,-0.41861852497355817,4.2929896181157465,-2.2876100001713766,-0.2038677279748685,-0.19549980229116984,10.202309528014505,66,0,0,0.1526,0,0.0004
0.14986026388311247,-0.23810922238384494,9.775964469158579,-0.34226795652657843,0.4112775448752925,0.09335937367095376,0.19037981631202205,-0.2177963520880705,9.790294912351987,67,0,0,0.1537,0,0.0004
0.03574245403877888,-0.04378061658615318,10.002510047799195,1.024171850971082,-0.1469149379458356,-3.8349389606161557,0.015896158355479587,-0.07500541425884903,10.006366690040664,68,0,0,0.1537,0,0.0004
-0.15910788170023643,0.45780614382062657,9.645753273446134,4.7651029326092385,3.422233782452559,-2.0429384122300513,-0.1990235628560443,0.4151338086304554,9.638476234402294,69,0,0,0.1537,0,0.0004
-0.028156450893837053,-0.6211038210435318,9.387069269712491,2.546324083555542,1.758505375343326,-0.0008903644846961006,-0.02708886576111407,-0.6784089612016178,9.405136464871683,70,0,0,0.1514,0,0.0006
-0.16549948371177411,-0.1357131264835176,9.545219313217451,-0.43103123939079746,-2.295406265404382,-1.0643890199662345,-0.18591445814262098,0.00398324937489733,9.559920561615227,71,0,0,0.1537,0,0.0006
0.26685820694046114,0.3633059058668162,9.705152976630783,2.715978257014708,4.350202599176871,0.28362096913812473,0.2857129940870019,0.34817039676114653,9.657673465542839,72,0,0,0.1537,0,0.0106
-0.01550993170940027,-0.4068443187327147,9.84413015062822,-0.7639736267943421,-0.06511933669957742,2.959560938995042,-0.005736839947432279,-0.4024035009655065,9.884693594260398,73,0,0,0.1537,0,0.0107
-0.16199477778214988,0.08330879291438385,9.720654595552281,2.7074908406613236,-2.138214884893568,3.639843482719469,-0.11930059020451836,0.12701563087679513,9.71847097153879,74,0,0,0.1537,0,0.0105
-0.1692852836097233,0.5145369524956198,9.660311022073031,1.7618232125131035,-5.839325498585845,0.05884310136666007,-0.26063244891117404,0.5759716403920664,9.72221378430321,75,0,0,0.1537,0,0.0206
0.5950260757425406,-0.00012790840118798394,10.346505965511112,-4.758120099279748,2.2381363578792817,-2.550180869351565,0.6708181251798664,0.020612043697843186,10.414507702525357,76,0,0,0.0533,0,0.0106
-0.1913780110226667,0.21927866772122323,9.805505977464426,-0.14134464003911862,-4.926825422563001,-1.0996577598615436,-0.1812624216776525,0.2889265307374185,9.823854769494194,77,0,0,0.1537,0,0.0128
-0.021753732571670077,-0.13982809478809638,9.581066179481684,-2.6211520695213015,-1.6064900130302173,3.842521056624428,-0.03260511742287627,-0.09219538753169815,9.597432536027126,78,0,0,0.1537,0,0.0109
-0.3798936306011668,-0.06530974418882261,9.84678904349902,0.8656717143292066,4.233080149773647,2.33910411005678,-0.3337014092836216,-0.03022808312939928,9.873958491974818,79,0,0,0.1537,0,0.0305
-0.15231827773008735,0.6302942384751108,10.010825457386343,-2.7886700510422937,0.2848341250891622,-0.25929531730659117,-0.13833290834306866,0.613902347644062,10.026931022385149,80,0,0,0.1532,0,0.0126
0.2566582987220367,-0.31916445275374106,9.969876741238924,-2.031895315075553,1.1825998780810292,-1.651787248823755,0.2466280610429905,-0.27060047383992536,9.981397890286223,81,0,0,0.1537,0,0.0107
-0.07726006862871468,-0.3155381352734647,10.106012216999103,4.057137183770842,1.8711305013084427,1.4838670992254854,-0.03746677490175477,-0.3215790583879662,10.072471662186524,82,0,0,0.1537,0,0.001
0.27863169006667,-0.0910948072868333,9.741787651432391,1.5042959384449799,-2.3857575781508826,-0.07423269577841643,0.2666203816733654,-0.04166282724902064,9.765272881867661,83,0,0,0.1537,0,0.011
-0.3744687455401486,0.4336440981278683,9.802566891994454,-1.0089214067860708,0.015713463763302533,4.662144149465123,-0.3995185710403821,0.44354976957340253,9.819189233045408,84,0,0,0.1537,0,0.0128
-0.3674942995202063,-0.09475866242170686,9.561965760149246,1.132904491841115,-0.1691104686619719,1.9378190033901652,-0.37186730516249594,0.02719753650938188,9.575481919804506,85,0,0,0.1537,0,0.0013
0.017768146069724877,-0.022946924295281824,9.817225330012997,4.6896118927015475,-1.918923078855241,-1.5050076412887972,-0.027954699141237944,-0.028926098935928533,9.832921686304058,86,0,0,0.1537,0,0.0013
-0.2767571040028058,-0.09782811856145456,9.96062037926881,0.23547509946605666,-0.6423217604179979,-0.3767720699831332,-0.21342339236657865,-0.08357024407676394,9.935105235249535,87,0,0,0.1537,0,0.0013
-0.2455833300374925,0.07012271724492405,9.71515468055782,-1.170897852374902,-11.428334953747695,2.917333509132371,-0.23331495905505,0.15782292681941856,9.689951235120098,88,0,0,0.1467,0,0.0223
-0.1388802117944401,-0.19682066688743372,9.548754484601936,-2.6623998039320727,-0.625898317080192,-0.5049400461913208,-0.11581530504126643,-0.02826633777034568,9.580052693709478,89,0,0,0.1537,0,0.022
0.2754068992297802,0.034895156115145765,9.528694799565393,-0.3090046212378158,2.9451314752620434,3.436505447023096,0.25261649205305137,0.023671519737277803,9.544607459778684,90,0,0,0.1537,0,0.022
0.3523514857716246,-0.3129343867579097,9.763201194123937,-1.7672090687985647,-3.6106522043847935,3.5930485398611944,0.3854842587203317,-0.3451870485309358,9.803909504533458,91,0,0,0.1537,0,0.022
-0.20187470338095198,0.004839441038553907,9.814497120271561,-0.28854065649215455,-0.531581744201091,-1.5798430420927345,-0.2344114530194994,-0.006443754922817078,9.723115128951452,92,0,0,0.1537,0,0.0218
-0.5546724271533848,-0.336342969379278,9.915178821287558,0.005595191718166904,2.9058204344563334,0.4325189495112728,-0.5175768890177583,-0.35077030308256657,9.878739865943214,93,0,0,0.1537,0,0.0317
0.5761121762980321,0.2002198839961511,9.522216733306445,0.7017517752421805,-2.096696135423815,-0.34199379864619206,0.5729721518510716,0.21801721495227525,9.53909129076774,94,0,0,0.1521,0,0.0208
0.2930474323571169,-0.46290761984901013,9.93020135362057,-2.817768760597447,4.18400297829337,4.158429218250934,0.2478853346828589,-0.45998435007929606,9.929199788832213,95,0,0,0.1537,0,0.0218
0.11353180544396485,0.5207675454679588,10.059098664428959,1.0443176249042954,1.8138819692591648,-2.600515978518101,0.1352452183602584,0.5424970791966752,10.110064157643409,96,0,0,0.1537,0,0.0317
0.17501953804604675,-0.2941259123190454,10.26682018611991,-5.8203921964619525,-3.133442931219564,-0.4992926574423436,0.1339169457211542,-0.23695246192610922,10.254238535766353,97,0,0,0.1527,0,0.033
0.3972173743596496,-0.3066021821619211,9.680760696043665,-3.0446098220458664,-0.5275736663408744,-2.6754219686272833,0.3744929232385391,-0.3197285117347578,9.752479321730593,98,0,0,0.1537,0,0.0319
-0.6582323113574869,0.5661509882933178,9.857777896780478,5.567045882891273,0.34419290041845385,-4.388490332806048,-0.5906297613240696,0.5821090744032104,9.953560493981232,99,0,0,0.1536,0,0.0215
-0.13196825324993905,-0.1579923701852856,9.753351546988657,2.713438161671097,-4.468044085506285,-2.5071097288643864,-0.1745668228785188,-0.3024035732879444,9.831533341944752,100,0,0,0.1537,0,0.0218
-0.3534698592841612,0.4547100656045273,10.08091117324334,-0.6540090205354233,2.10137007374169,2.0265521084866003,-0.3647195779618838,0.36102138262818795,10.124401718412,101,0,0,0.1537,0,0.0261
0.015371125546519829,0.23095040384500037,9.997353421166855,-0.014676537015000986,-5.11908622079009,0.7500940985848021,0.025961120110245137,0.225114497634343,10.006312605044517,102,0,0,0.1537,0,0.031
-0.09648330358221334,0.2729848167889891,9.524260769151782,6.288352829663854,3.1641008615116593,1.43955658157269,-0.1737494190664181,0.26935762810652025,9.392338521229782,103,0,0,0.1497,0,0.021
-0.5661636910172257,-0.04353312889086053,10.146590657942387,-4.582881719900161,2.0106268210076705,2.230767168874677,-0.5012282410634271,-0.05748374799232444,10.090701632493104,104,0,0,0.1537,0,0.021
0.45289103576539086,0.08297360680423325,9.726295951012789,-4.0090432296612715,-4.818926377941182,-1.411832392116065,0.475005362888802,0.05298793189116417,9.773460165827109,105,0,0,0.1537,0,0.0117
0.1892448245312299,-0.44587664550529166,9.46068608284093,-2.250322157997458,-3.2847019230043797,-1.6905339753872854,0.2278949911401142,-0.4482759736300917,9.471082660496153,106,0,0,0.1537,0,0.0172
-0.06421274958945018,-0.12408146826332955,9.93611633307904,1.4517508511446746,0.8106815306383606,-0.5709571524681034,-0.005124053215057697,-0.13926234333142085,9.97032497949939,107,0,0,0.1537,0,0.0166
0.5542670453562917,-0.04287564505392317,9.953152993726839,-0.26675628759128117,1.0494393594963323,7.133593107179683,0.4676686773077118,-0.003545544739095477,9.948576043166891,108,0,0,0.1531,0,0.0116
-0.25696419452619335,-0.17351979968375655,9.811147165756466,-1.4288488856449661,1.4602487720078523,-4.007364763897648,-0.23574170732270583,-0.11761175646737654,9.8041423266845,109,0,0,0.1537,0,0.0309
0.2960040758804173,0.4307699125361581,10.0865339893715,-0.6869551152180902,3.1219116319970865,-1.843371356157287,0.24721205303716626,0.43458011532356616,10.106071056442628,110,0,0,0.1537,0,0.0309
-0.18242570523753776,-0.03041306502183221,9.981024855658932,0.2791639615912962,-3.703714152374289,2.467858886880605,-0.18217974667575076,-0.0025358474874305863,10.038672048856851,111,0,0,0.1537,0,0.0218
0.1232008367317912,-0.20505043551411084,9.478176535262799,-3.8827873163522506,6.010163543134327,2.4851137327783044,0.10586072951273094,-0.18412942273702607,9.464755628181965,112,0,0,0.1537,0,0.0168
-0.29037508927865463,0.3762997039106702,9.740197513048948,0.7447038026189998,-3.646722593179089,2.945673795372931,-0.32438032124160965,0.2875485817334533,9.778453302318654,113,0,0,0.1537,0,0.0159
-0.20632236352910047,-0.0071864594719562485,9.534707552098574,1.7415036665033945,1.5130035622468183,-4.969143661118101,-0.2549060528873631,0.050460120186846126,9.556580162606327,114,0,0,0.1537,0,0.0116
0.006767104374643499,-0.2296389895660372,9.654420299459911,-1.657369208142851,-2.506918925115951,0.6430655707893757,-0.08608947220064538,-0.24450364966451987,9.670303221620738,115,0,0,0.1537,0,0.0116
-0.5098513852550828,0.05728202850692351,10.097815268828526,5.797375344235424,-4.1866786381017285,2.1139725910252793,-0.484193029018616,0.00071609288510837,10.097762370623613,116,0,0,0.1537,0,0.0114
0.10162132940755933,0.21692914058017118,9.665364628728403,-1.6706082074491255,5.05078217172322,-7.6562342559347645,0.006049228292368952,0.21344202937418966,9.712132971965557,117,0,0,0.1514,0,0.0111
0.22345982508254383,-0.021355784217779585,9.956118009985678,0.833263847927113,-0.20442005427954807,-3.934336647580558,0.2477582655605396,0.0036628775235484842,9.835674368311965,118,0,0,0.1537,0,0.0111
-0.4975464988289369,0.11384127087619478,9.810149042117015,-2.2131275132065653,2.9194720504626637,-0.15634279118236197,-0.5333528764766494,0.17492104725655544,9.796425811292838,119,0,0,0.1537,0,0.0116
-0.27749473419081055,0.0684166114392862,9.544770211613018,-2.4974119632750305,3.1978242844541365,-3.7820655369866945,-0.39897385159000803,0.11023954735520719,9.586177008630068,120,0,0,0.1537,0,0.0311
-0.047372184426255015,0.14993626173812877,9.968128680647593,-4.337284342529959,-1.013309702113644,0.05394113029642525,-0.04513636426831968,0.1726197355917648,9.939278905448061,121,0,0,0.1537,0,0.0317
-0.02712667848452782,-0.20880415871120006,9.683674547288165,1.7391806878987799,0.8830172359205655,1.6201485173419394,-0.0329329279227192,-0.20309568869619302,9.68153418628387,122,0,0,0.1537,0,0.0317
-0.0240371563121277,-0.013527144457880825,10.071328974436444,1.8610129371522408,-5.9979631738630665,2.789096778207119,-0.0815890235776662,0.02175082495453647,10.071798065605488,123,0,0,0.1537,0,0.0206
-0.010012148466199404,-0.37897786515085197,9.760327958307837,3.455356208544541,-3.1225116509664153,4.969756798590796,0.0100738433993635,-0.36471738933993975,9.82057047694307,124,0,0,0.1537,0,0.01
-0.28618019040672626,0.3584966278918118,9.854804541105032,2.0623825315140367,6.256214224765111,-3.4816389501349723,-0.26982637276863713,0.43405003663372116,9.894527353191794,125,0,0,0.1537,0,0.0201
0.12532951930562172,0.41750098201146507,9.959349972990104,-0.7108514941769077,-3.2390929738319163,-1.4051749268960476,0.15731319921765355,0.4256466300208573,9.972386672599864,126,0,0,0.1537,0,0.0329
-0.6253082217041492,0.458433952763921,9.757228975315678,-1.7717423482652874,-3.611452226704846,1.75550765798499,-0.6906537793520896,0.507899274507442,9.790459787166276,127,0,0,0.1445,0,0.002
0.05993032043717791,0.18473677778053238,9.645855439592992,2.0191507554691306,-5.1861920480440995,0.07512205253975295,0.13594119465655777,0.15695491492187302,9.657338871184914,128,0,0,0.1537,0,0.022
0.46782862695386007,0.1258567783931307,9.773362039964036,-1.790529259602445,-4.2591165806956806,-4.347731155418133,0.38871401440452424,0.21987363228073764,9.817942713362582,129,0,0,0.1537,0,0.0212
-0.05157274785898793,0.19598584715635037,9.791122239642304,1.504208588256419,-1.2356166851106987,-3.4677081767493316,-0.035505195099808526,0.22619296105664966,9.802760715275209,130,0,0,0.1537,0,0.0409
-0.27566320012152956,0.3594344921272666,9.956571140355877,3.508406163713775,-3.6991623710526436,3.3367487246874257,-0.2214052576879304,0.37226096102348255,9.99867520898092,131,0,0,0.1537,0,0.0219
-0.3124060314170089,-0.3576316899736817,9.703453452093619,-6.339147342101484,-3.7178714596651234,-2.435468348514503,-0.2888083332496616,-0.34864475199114714,9.743954348802685,132,0,0,0.1537,0,0.0294
0.30908158752400267,-0.39790692913927966,10.323171747149138,2.391322248260807,2.447083231164874,0.017885242680208937,0.3078821842765368,-0.4286911150742603,10.340646507764014,133,0,0,0.1136,0,0.0403
0.35388058032129366,0.4458071732630451,9.905748186282757,1.6955559378202705,1.5550186622437532,-3.803828130889974,0.32403748251929565,0.4095708316133321,9.961519988738663,134,0,0,0.1537,0,0.0403
-0.27697730452880837,0.1541383577148518,9.92076879468518,-0.361393976550905,2.893350880545471,-6.352109409932744,-0.21618474045592675,0.16132231091404167,9.916568638218632,135,0,0,0.1537,0,0.0413
0.15939233125870625,0.07957648577556424,9.817772838245528,-0.49653726600731585,-0.8339586574151348,-0.8751213782930717,0.23235752254327774,0.06303442359638098,9.858246494581344,136,0,0,0.1537,0,0.0413
-0.26332368144437757,-0.05449502213582217,9.728666920462494,0.9543441289239873,-5.646998726136758,-3.686406345267626,-0.31606176431457844,-0.06935853981887581,9.808118646879102,137,0,0,0.1537,0,0.0413
0.3716763619573536,0.2482088858937845,10.001747135043617,0.47368387092170133,3.5380266701753835,2.7567832639070478,0.31740506416820347,0.22206647834260734,10.14681904194433,138,0,0,0.1537,0,0.0013
0.025529190228248493,0.24169803736743714,9.747092590928801,-1.7229072898417135,2.2026634622770382,0.5183891601609772,0.033850361988524716,0.20841989728120675,9.733877604037922,139,0,0,0.1537,0,0.0013
-0.1907954750087069,-0.6129027818840828,9.870325513747465,2.8447639411011543,0.6953837479428593,3.37181111521007,-0.23608042625474418,-0.5749706571629027,9.961781507034486,140,0,0,0.1536,0,0.0013
-0.07111072354590853,-0.3040244259538882,9.591370153290187,1.2961544126417264,0.6234154111065544,0.3657151339154919,-0.041452385639869124,-0.3685550479762223,9.599200293164321,141,0,0,0.1537,0,0.0013
-0.048205376694804354,0.15536747469895348,10.358151663654963,0.8386902203616378,-3.7237653580713497,3.9075144168394447,-0.06092209713425887,0.15257372486051937,10.31336088226356,142,0,0,0.1478,0,0.0027
0.44729692022775686,-0.11027353584523254,9.87743518466092,2.9978713701846162,-1.745131114605606,1.6569615446921013,0.46662022004780057,-0.02433955997237726,9.89130060527651,143,0,0,0.1537,0,0.0127
-0.46380444993350756,0.15000254059842152,10.130390362242554,-2.913564469100353,-3.6008440490646185,3.1117127163871423,-0.4319738013182459,0.1757615803266615,10.111046358365675,144,0,0,0.1537,0,0.0127
-0.1407447272156981,0.18670422592631916,9.831473490538126,1.2199551869902332,1.1063621889603978,2.7268992672935317,-0.14862719297681432,0.1788458270172124,9.87724721573605,145,0,0,0.1537,0,0.012
-0.14654901822177244,0.012012770409053243,9.56286676783219,1.046264736769112,2.4801764580943257,-0.4886824931328303,-0.07049496993533937,-0.10906697993007378,9.52646617094005,146,0,0,0.1537,0,0.0426
-0.12201963650620383,0.5382893381190035,9.561591309858523,0.24040038068017497,1.2175509162246427,2.318851541484287,-0.11830369823313888,0.5208505278228224,9.637655207108441,147,0,0,0.1536,0,0.0138
-0.04836859093450785,-0.11908494019338184,9.709802095503106,2.085021723747604,-6.4774396099923175,0.2635502552178734,-0.08022728481420166,-0.057628257315512264,9.743077962487888,148,0,0,0.1537,0,0.0239
0.46108042036309477,-0.04465851929588253,9.752191173415055,4.730889461780427,-0.44160037088712534,-6.006505621853549,0.5069136691641327,-0.07349847047080324,9.72160684520564,149,0,0,0.1537,0,0.0243
0.18734173682027094,0.17265394058532987,9.861638125805243,0.2192832388896206,3.8677127383123087,-0.34528208336262345,0.1644927735536427,0.15854311392614143,9.779471108490412,150,0,0,0.1537,0,0.0243
-0.13111857657490103,-0.37066754358630416,9.840117550792646,5.239822583365309,-1.2619240671234317,0.9602596501204862,-0.1152625050705694,-0.4029369928124721,9.854620102963192,151,0,0,0.1537,0,0.0243
-0.07264482998391125,-0.3696725046125009,9.755948259623691,-1.2826447267110377,-1.312547553072403,7.464151054489457,-0.05666063839899667,-0.38417687025380537,9.773957611806823,152,0,0,0.152,0,0.0136
0.39910016679117016,0.0850119656643127,9.819229182463431,1.3883953524578039,-3.262996150915857,0.5956156535084548,0.3472241374137954,0.030560134622566557,9.831241831613713,153,0,0,0.1537,0,0.0145
-0.0865348379419434,0.08158227430090248,9.819959293375309,3.830021017370176,2.7364806107711925,-2.8660785541990594,-0.08768688686076768,0.13184943984652742,9.901953612638595,154,0,0,0.1537,0,0.0088
0.058760808112286136,0.06513458946506268,9.771409121360405,0.7350518056728539,-1.484880921716926,1.4614060995091607,0.025112847312541396,0.06763317531333117,9.85892649167492,155,0,0,0.1537,0,0.0041
-0.25205052743909256,-0.01000755454006799,10.04268636996736,1.9733134766076645,-6.37048316619949,1.47438135863683,-0.249084493968653,-0.08805933518313323,10.112197821021832,156,0,0,0.1537,0,0.0336
-0.1887136691017845,0.09563740766898163,9.757008584069983,3.02947821391811,0.10530682838741877,-1.8957404239768663,-0.20923876211787884,0.15853524117716367,9.72199728199439,157,0,0,0.1537,0,0.0041
0.24938303271288545,0.22852576879897457,9.863579252711453,1.336428210022171,2.4579276315804632,3.8442307231775796,0.2706644289486477,0.2284453874100347,9.90621317855426,158,0,0,0.1537,0,0.0141
0.09298191468375466,0.3548820967572193,10.229727254302864,3.376491707221766,-4.081135565462515,-3.5517172510802535,0.051894891079958955,0.3550466156408566,10.258683793868968,159,0,0,0.1527,0,0.0435
-0.24073115431836645,-0.10330681339514246,9.597873607533453,-0.5225736859303605,-0.4263214761519446,-1.536838245102644,-0.19633543827614736,-0.10101974379670743,9.649415984222957,160,0,0,0.1537,0,0.0214
-0.3180708653282415,-0.0905836159414019,9.606645249877028,2.747349781743276,-0.4436843971278007,4.366049789985597,-0.32628452482410575,-0.14784110212849877,9.573838509052571,161,0,0,0.1537,0,0.0241
-0.22591257119251645,0.2911093567059558,10.114550705477182,-2.6087899932674627,3.5045105973995017,1.3977205855052457,-0.27311191262014056,0.24654141627354367,10.116338716441645,162,0,0,0.1537,0,0.034
-0.288796442815439,0.12174301744001699,9.369362207199627,3.7995698915175966,-1.1070259489483307,-3.0008555736677436,-0.2845895820036826,0.1298963060555645,9.33688587880864,163,0,0,0.1443,0,0.016
0.3599433702496411,-0.32135189745418064,9.863747593833185,-1.7953511379425322,-2.4856833508795333,0.8310201346392458,0.3376907624428379,-0.28534113436830855,9.835803319612586,164,0,0,0.1537,0,0.0266
0.34120924689919124,0.4192673158790176,10.063541074786686,2.8397110243280745,4.8290490607794085,0.9815985763532784,0.3252671423792606,0.3432039412158142,10.027750078433598,165,0,0,0.1537,0,0.0463
-0.07409256763857738,0.29257649513048006,9.932587020677193,-6.360078025636571,-1.1777107299959058,1.1932318224738618,0.021618588901503713,0.2755755117322507,9.90705490517479,166,0,0,0.1537,0,0.0445
-0.2031089223771101,0.12114366304352235,9.964016940951616,1.3193584891627075,-0.6446020942623844,-8.625617487697797,-0.2359244111239257,0.11345939979833916,9.949977069678987,167,0,0,0.1497,0,0.0524
0.8111552355494499,-0.20307031493805397,9.918037127631226,1.397901388879631,-3.5047544059498446,0.6781502086739298,0.8827021537338993,-0.21247322888289805,9.782691519160984,168,0,0,0.1591,0,0.0102
0.04122674237602346,-0.4321348245871202,9.851723584513833,-3.376954174915616,0.9751293382091455,0.5537980689608449,0.04416314280497167,-0.47060836421779323,9.768643936921853,169,0,0,0.1537,0,0.0122
0.22541941639499904,-0.5804295362140798,10.049596294964154,2.656247496561261,-1.8909450317651366,-2.100932775321988,0.2939507299676715,-0.5363134991916674,9.970914626842411,170,0,0,0.1537,0,0.0122
0.03462418089255569,0.46797223124628834,9.947042364747556,0.5630706826838848,-0.24250629598555284,2.1162992301981465,0.06674081897267554,0.5473970091415923,9.921077126199053,171,0,0,0.1537,0,0.0222
-0.21306255761951798,-0.5350398312171196,10.052759201254515,1.6674771243970723,2.4263766426007907,-0.16584259860735368,-0.2342910240487015,-0.49150891317235706,10.108656979352975,172,0,0,0.1537,0,0.0322
0.2699864519251317,0.36839861313061273,10.06599913667087,-1.227740774086904,2.020282294616654,1.3483460197351218,0.21791326514247616,0.3557043133087528,10.166342369991817,173,0,0,0.1537,0,0.0323
-0.0027019245830927764,-0.19297944764028604,9.792546675406111,1.343943089684592,5.5135710939857585,1.7296663080972503,0.09645795522017846,-0.22747938043103294,9.808486069821369,174,0,0,0.1537,0,0.0333
-0.06486082028146455,0.10058176045709842,9.490411614397072,2.035465542869706,3.7615104617292996,3.317013593762293,-0.005388314293315051,0.1132431592576045,9.459002923970603,175,0,0,0.1537,0,0.0422
-0.4884343824473875,0.2401535406430265,9.845323178145936,2.4859788462399295,0.5143289586351477,-2.005847853791395,-0.45928347625149685,0.2207531014348328,9.780765134169329,176,0,0,0.1537,0,0.0422
-0.31218085669136275,-0.2896842498777092,9.870289795327087,-7.4193678718504845,0.4493373808742238,-4.2724242544750775,-0.2539660109646339,-0.3150226353670129,9.829049373704965,177,0,0,0.152,0,0.0516
0.05464022439765106,0.11754436249680661,9.745052834964982,-1.6270720840813544,1.7979541355319482,-3.4839762314700495,0.04627977644438212,0.08184318880738647,9.83482609691376,178,0,0,0.1537,0,0.0516
-0.12309068249712928,-0.2432964306803362,9.564995958080154,0.5046910210090465,1.062710341845409,-0.5335854714309249,-0.0623766363627902,-0.24039789494072203,9.534351853331275,179,0,0,0.1537,0,0.0507
0.13274276505922736,0.23695121228544297,9.808630007810873,1.352884046795968,-2.5202649819045018,0.9533241697242434,0.18683006379827602,0.25914369791853703,9.86587255140354,180,0,0,0.1537,0,0.051
0.0877258161833032,-0.2626636671318126,9.4901508882194,1.82547374316422,-1.6936064517931828,-1.639886486747447,0.136488162914811,-0.15791658147056434,9.528686545525968,181,0,0,0.1537,0,0.0411
-0.3123521276897773,0.3101357041053095,9.721204842301084,-0.9190350833216157,5.0446802176168895,0.13664593121287533,-0.28315238694875117,0.3295984830137839,9.690354898884735,182,0,0,0.1537,0,0.041
-0.8239202325747973,0.49143049404148886,9.922939402354553,-5.119468240492712,-3.2053681936247838,1.274206577896765,-0.8590651451926486,0.5480728564929745,9.908582346404192,183,0,0,0.1426,0,0.003
-0.2035531185964818,-1.1190454329259292,10.162445621110503,-1.1457199995297938,-3.566403620113994,0.430563749736369,-0.1253005719594623,-1.060830914441676,10.180080980157255,184,0,1,0.0491,0,0.0128
-0.23466664605117266,-0.0997803694835987,10.05066547121404,0.8895662144574128,-2.0036122385718693,1.6448108288370973,-0.263303060950901,-0.11933473237665873,10.054363013438675,185,0,0,0.1537,0,0.0128
0.6501806171721258,0.09895226888200907,9.749527977893592,4.827064139134929,-5.943419433769009,2.5318061249182904,0.5942714772486126,0.12974379490562657,9.76128056278438,186,0,0,0.1553,0,0.0121
-0.009210825677933602,0.4915029174157402,9.5916661360619,0.2017428945871992,5.653612643685436,-0.003629475269343188,-0.0639554698902476,0.5050055069739521,9.628343798164083,187,0,0,0.1537,0,0.0221
0.16101025470041289,-0.17866896118820227,9.681935248646763,1.098088410034806,2.4921614112999024,3.6766227833663376,0.16399622307713463,-0.21577801532806581,9.711716804884743,188,0,0,0.1537,0,0.0112
0.22081619969895813,0.5190135025613681,10.102711109049096,0.7338090682535461,2.115523986499489,-0.4767308517018526,0.1621527513041161,0.5422418261613817,10.11741957553319,189,0,0,0.1537,0,0.0221
-0.31504186269823237,0.13650158640959423,9.789230666143705,2.872598766177269,1.521391909401399,0.24367228818611278,-0.2969628139803958,0.11770681968683833,9.827021940217726,190,0,0,0.1537,0,0.0121
0.018054797204455714,0.010026937108128567,9.64472602642342,-2.2473413663815305,1.4164904072398867,-0.05423608349367469,0.05377518065811186,-0.022463188022185172,9.680849068588449,191,0,0,0.1537,0,0.0221
-0.2482425321238935,-0.0017637541296675384,9.99379731191411,2.116661534880821,3.75075089892691,-0.995342930749025,-0.29687589921479435,-0.059054259745582864,10.040552096823152,192,0,0,0.1537,0,0.0118
0.45566041651063016,-0.23220156023398292,9.896065341035332,-2.096367033833915,1.040715263369712,-0.3172933322649165,0.5138388292882359,-0.23200495803141075,9.847538629882932,193,0,0,0.1537,0,0.0109
-0.08051210317668582,0.6205215295327956,10.195652433781772,-2.824362115695479,2.2270877467432597,2.7168353761645396,-0.058264003245832155,0.6358279162579981,10.122997595541175,194,0,0,0.1531,0,0.0109
0.5071005438809324,0.36991266678557383,9.847896504185297,-2.0510063988484433,-6.571221430758318,2.3910317091644124,0.5799148757233513,0.2890962041944912,9.915980098279938,195,0,0,0.1522,0,0.0018
-0.08027238806545635,-0.35836146834247823,9.638673215311384,2.093897864969222,1.5147228785818405,-1.4388691719505626,-0.18517930725392096,-0.3759101846737028,9.601945369109494,196,0,0,0.1537,0,0.0018
-0.6376362204643705,0.0018949868104245773,10.035403161814129,4.113372117331744,-8.38946699335066,1.88294424411695,-0.6829643758240761,0.012845530964293804,10.044137448008412,197,0,0,0.1452,0,0.0022
0.2563321255692086,-0.12206450363194643,9.881045829644254,1.7335584649850835,-1.9995757880347809,2.7062080418576313,0.2004266210193421,-0.16443688873550844,9.780785001385897,198,0,0,0.1537,0,0.0022
-0.2199156832134342,-0.5456577978552011,9.758476926200526,-2.022832236146016,-3.4242330687915636,-0.26220236746019293,-0.22219314874006077,-0.628865965104338,9.713019454867547,199,0,0,0.1398,0,0.0016
-0.19389508257188956,-0.18935929966248768,9.930206401060493,1.0974668497241535,1.745459358216132,0.6678286445300077,-0.2301567912055164,-0.23376614206614618,9.94530387593758,200,0,0,0.1537,0,0.0016
-0.014588779578111177,0.10292324986292219,9.933251779421484,-2.059417887345312,-0.7325928121182277,-0.323849272557426,-0.026149236119595413,0.09380601705089849,9.95389503083093,201,0,0,0.1537,0,0.0011
0.05652236222980714,0.23404400838855804,9.673732982368225,3.1686502486602244,-0.7133657065833325,-0.4440067787960284,0.10188355158977855,0.23062926992610358,9.693683846139274,202,0,0,0.1537,0,0.0111
-0.31766679706895906,-0.2169221241635143,9.915232940870535,-1.9523022864186923,-2.017528373371745,5.006519930789865,-0.20052172861432824,-0.19640397841970214,9.955137591945299,203,0,0,0.1537,0,0.0011
0.027345033230454768,0.006137409292810379,9.887165163374073,3.1530630012269105,3.7408050907920822,-0.5307029626421045,0.08565522772600696,0.037516679724346004,9.931046778118093,204,0,0,0.1537,0,0.0011
0.14413025138109858,0.017128665220060357,9.835424141324884,-2.274344737550148,-8.140588141988228,-4.211481123061281,0.14493519331967267,0.0199035306632526,9.759720157866477,205,0,0,0.1498,0,0.0011
-0.19938541582619265,0.4074445922225621,9.782382747998156,1.8312452249778741,0.23276364903439045,-3.456713334261072,-0.3127407563729606,0.43695648880025956,9.76459528613011,206,0,0,0.1537,0,0.0011
-0.07824819417984198,-0.039095712660773226,9.716704135549712,2.619070952493839,-3.5615770846666606,3.9394714523909133,-0.11271002943970607,-0.019713450154396593,9.748740013232272,207,0,0,0.1537,0,0.0011
-0.4077074760306373,0.23716412042659576,9.61060612153121,1.6659896517094992,5.891549290064081,-5.635273974140057,-0.3779181411669204,0.36439579178353393,9.62308913267662,208,0,0,0.1537,0,0.0011
-0.0512017474512011,-0.09688530488245409,9.647279429218985,3.3178933645554682,8.962464054805773,0.048596903150919024,-0.018508836971954032,-0.11207933051838904,9.686638339328558,209,0,0,0.1369,0,0.0012
-0.6267733373513754,-0.3807838653479954,9.465253630484968,-1.6551366451291847,3.5961737000749796,0.3599118157758598,-0.6134536552248577,-0.3545699236787729,9.424461676763041,210,0,0,0.1535,0,0.0112
0.040011164007425194,-0.9043918772083738,10.082239101628131,5.236222013711024,1.897412833521451,-2.552022405814813,0.00045376528102960417,-0.8908107314012159,10.12217573076465,211,0,0,0.1069,0,0.0012
0.1441362645295202,0.19265837574749756,9.63062096055152,2.0492060497797637,-0.6975843254708816,-1.0525469675991832,0.1738260524544455,0.12385997735867933,9.549727592696396,212,0,0,0.1537,0,0.0012
-0.2035269557928056,0.1452752703180053,9.58609889625788,1.5698465342920007,-6.302459404811271,0.9539580153694891,-0.16639409753264361,0.19192684211607397,9.600369145899284,213,0,0,0.1537,0,0.0012
0.07056840848526877,-0.2001094656863527,9.881848409718161,-0.7830121100806655,-0.642824314142241,-1.330998550546851,-0.006137372631495386,-0.2125100169815057,9.844593479343096,214,0,0,0.1537,0,0.0016
0.2807931529574167,-0.03568810508002468,9.987821564954803,1.4096521916683133,-2.034203438505144,6.425431100396283,0.1863762460101547,-0.041194560794755974,9.987327340566225,215,0,0,0.1531,0,0.0012
0.7110218146300769,-0.11286035444171724,10.04439848367251,-0.5128704729285855,6.21259869860833,2.3777775860802466,0.72530893442408,-0.0982877441619687,10.102512821267048,216,0,0,0.1556,0,0.0012
0.29488248971539305,-0.07568839188559447,9.734671820405497,-1.8447118572753052,-1.3340769805787656,-1.8319951609595049,0.26214667512802886,-0.16050933711183588,9.739785175251868,217,0,0,0.1537,0,0.0016
-0.3281925553941221,-0.4179843307371157,9.854008667644113,1.8635293727144906,-3.1926786038584143,-2.2977493742226995,-0.2483149017221699,-0.3310923812019311,9.834236753940777,218,0,0,0.1537,0,0.0016
0.12556538595820638,0.36991521549473605,9.972502298913724,-1.5567573938188446,-1.1737960089763952,4.325766046779212,0.10437159780446362,0.3313855252288458,9.872729952866413,219,0,0,0.1537,0,0.0016
-0.01385584136897586,0.5529281746120839,9.94963139323881,0.44299944951124015,2.540083788852145,-4.475004992937932,-0.04168551520816601,0.5487591436233895,9.959515487166827,220,0,0,0.1536,0,0.0012
-0.4041731162913404,-0.026701394289721923,9.789573694542721,-1.558746153889933,-1.8195240922541616,-4.271072947024716,-0.31847809552821726,-0.06548981199861673,9.81994604582978,221,0,0,0.1537,0,0.0012
0.3431343025223895,0.08845363969679133,9.857852591508044,0.5479860562955714,-0.2908302957890921,-5.145243927999423,0.41636708008387063,0.032150375546362145,9.846016063103878,222,0,0,0.1537,0,0.0018
0.19040643318516895,0.07801886129397023,9.701727804796887,-3.518530768414796,-1.762190535895052,-3.2048460345184506,0.2608011707308338,0.08056000829929225,9.6921339335642,223,0,0,0.1537,0,0.001
0.5526939680820633,-0.09473117486417358,9.953936696566021,-4.280517756318676,-0.5764463175762572,-2.8960440656086757,0.5038787158043363,-0.13404253859717813,9.876469687077973,224,0,0,0.1536,0,0.0002
0.5301447483481531,0.25703441362966584,10.105925282850535,-1.7434124314269095,5.084490276300583,0.4949322801841911,0.5080747438726928,0.26413903685310625,10.140841624889092,225,0,0,0.1537,0,0.0018
-0.5015176278443986,-0.3899211007863965,9.737917063337697,1.0094934590529006,-0.011921562726552768,3.031372783703935,-0.49463905811418185,-0.3602950089578018,9.707263978272712,226,0,0,0.1537,0,0.0018
-0.19806215650730882,0.21492186490241366,9.65650052784875,7.058782522295496,3.3906747216865725,-1.2936148919665298,-0.19417747294605991,0.2524307414776501,9.6692988382426,227,0,0,0.1524,0,0.001
-0.1561446177912257,-0.11111173910247797,9.62740105182862,-0.1252054447247959,-0.9016064671091258,2.056369301893235,-0.2535450734894626,-0.05987646514799999,9.588811722109694,228,0,0,0.1537,0,0.001
-0.33918916576647334,0.0866365622222547,9.974663805053748,0.8145173277183421,-3.024032599953088,-2.8732595918339223,-0.2966128759142291,0.05014654405493801,9.999612178296065,229,0,0,0.1537,0,0.001
0.21202823873756185,-0.16038066682221305,9.614177758793598,-0.7360688325110982,-3.17592454558829,1.0665554337299326,0.17189932296456895,-0.12264112137467473,9.660589923182823,230,0,0,0.1537,0,0.001
0.07042673720830724,-0.38319104975101725,10.282459045598042,1.08368235381169,-7.425530951020823,5.867690377828373,0.0471089663762399,-0.315629526851459,10.289207838307991,231,0,0,0.1465,0,0.001
-0.49090806511509333,0.11222416886982231,9.584808106876133,-2.452694992311135,-0.01240846480092796,3.2680984110168674,-0.4388401628001402,0.11447764163297836,9.571426299476222,232,0,0,0.1537,0,0.001
0.225687205809298,0.6763767951333483,9.977126366646036,2.1269057402443172,0.8411892195964799,1.642880359420339,0.21059163194092892,0.691658337443465,9.967923278959427,233,0,0,0.1533,0,0.0111
0.5461527257241794,0.17233739036162454,10.049893549747033,1.5078565295256174,0.6272360776600742,4.142689368258012,0.5159347458515633,0.19203268297938275,10.047731441876094,234,0,0,0.1536,0,0.0103
0.3790751287698115,-0.1420556299742101,10.018616786916803,-2.2853173255977888,2.784925504974451,-3.2336029046890786,0.3704588627835399,-0.057194394878769636,9.917603814622924,235,0,0,0.1537,0,0.0003
-0.03514427376769263,-0.22469422411469406,10.010977315569935,2.566630792705347,-0.21689548889997817,-2.4697677362609065,-0.1444143470846373,-0.2537691412456773,9.935485778183477,236,0,0,0.1537,0,0.0057
0.2417460368690488,-0.19429911577460937,9.12828071228045,1.0030093059230207,2.425925249422769,-7.046221660397652,0.3032053554750436,-0.06688962247766397,9.069592383357367,237,0,1,0.0652,0,0.0015
-0.194524180450969,0.01052743431176285,9.811892328817782,0.10356327788734876,-3.4694021213791872,-0.38969164383566224,-0.14311339125081235,0.06457054948646167,9.841035376317292,238,0,0,0.1537,0,0.0012
-0.1789009042508888,-0.25000203899882883,10.171792572047035,3.8470378069284252,-3.909828649776547,1.149110816895712,-0.13401536086854132,-0.2745630360968503,10.166084738223518,239,0,0,0.1537,0,0.0002
0.010018648525196336,-0.30359933784987997,9.829170531951123,0.1837704961410351,3.2067121832180776,-3.4216218398783593,0.04880275720593786,-0.3534961458366265,9.759816107281146,240,0,0,0.1537,0,0.0012
-0.1751745240981749,-0.21741911388376484,9.611202474114851,1.5488833244422842,-1.711901475027438,-1.1413168191986403,-0.06044702525674395,-0.2413704677777783,9.555440921351888,241,0,0,0.1537,0,0.0012
0.2375943115739567,-0.37031399254779845,9.866210086459047,0.5604283968706241,0.21360591994411604,-0.295265184952413,0.23665833804424483,-0.42057253837219805,9.863839164666711,242,0,0,0.1537,0,0.0012
-0.032363493155533433,0.2824909207753299,9.561760987089837,3.68707872500101,-0.4754882587883305,1.065375656485323,-0.11362253224596647,0.15953255903628633,9.696383477673708,243,0,0,0.1537,0,0.0016
0.19004948009579128,0.5331578881906531,9.667099133462647,-2.5355745083009262,-0.805592252140739,-0.46660183043764003,0.2664574429317549,0.5281858804055396,9.593611296339022,244,0,0,0.1536,0,0.0089
0.6171208570617984,0.012456618309858744,9.803350198531803,2.710874113432507,1.432643608338282,0.7200525147430008,0.6447146360828376,0.06342796700398333,9.744259231865215,245,0,0,0.1553,0,0.0026
0.6398409049944015,0.21728718352001114,9.938144222046631,-0.5311044948875314,-3.4081653606495736,-3.45490924490263,0.5775234296259262,0.2025399630683796,9.951631355806823,246,0,0,0.1522,0,0.009
0.014742689484319825,-0.18073757656222053,10.164902710321941,-1.2348837887627657,-1.033031710961561,1.3022129107184681,0.01405451852308404,-0.16702376982445094,10.227559942999818,247,0,0,0.1527,0,0.0099
-0.06781212306173234,0.017556155452190587,9.680402741444894,-4.477279941743692,-1.8906130803127172,1.4082733007495916,-0.012100486629558822,0.06060434459622326,9.701852370881216,248,0,0,0.1537,0,0.0101
-0.1979741552435759,0.05375548241196557,9.886319666974558,-3.3988121525019515,-3.720853254168655,-2.605151606257028,-0.24495661841423708,0.030068907449026714,9.858421657614082,249,0,0,0.1537,0,0.0022
-0.09965100378105761,-0.29672771451920216,9.872614396934209,1.486788235829628,-1.7077091232448494,-2.554923786667702,-0.14268399089197262,-0.22721285443521572,9.822298140192284,250,0,0,0.1537,0,0.0219
0.3680800319918747,-0.4386076805542597,9.479724944607797,3.5081579659204416,1.5647161853596336,2.410525654574065,0.32156223945844986,-0.43067199355415475,9.45978906282315,251,0,0,0.1537,0,0.0016
0.12047849098990834,0.14006209800204103,10.019791534451688,-3.039846077781603,2.8624294415852343,3.1446119486418684,0.12091458251020318,0.17748355485955947,10.05127996996951,252,0,0,0.1537,0,0.0006
0.26400310935774685,-0.3302541906810969,9.717952317982222,-0.2134068163388747,-1.5152969835875905,-1.4579329884505494,0.23336093524788185,-0.37771785372195793,9.723863272122891,253,0,0,0.1537,0,0.0016
0.009905419124866614,0.1466645723150077,9.993979193213002,4.963571685287772,3.9708934055932117,-9.034168939879677,0.012076157992459507,0.1678608846584926,10.044228252802634,254,0,0,0.1497,0,0.0007
0.11222788644518995,-0.3229727768509712,9.91837833448086,1.9739160371284803,4.421354058286946,0.6618841878288464,0.18349866801160866,-0.35154699477727896,9.925732878232573,255,0,0,0.1537,0,0.0023
-0.08785543641432647,0.047068816003015955,9.623650894211588,0.6951276071434197,-4.861196499363443,-0.5722786193750804,-0.07574147807159186,0.03426698074926649,9.607298132865612,256,0,0,0.1537,0,0.0113
0.18788909132212137,0.5584530631867263,9.503865017648193,1.8710645807489996,3.7165760114590496,8.497997295717731,0.14625851191583933,0.5956744136189369,9.460207722178561,257,0,0,0.146,0,0.0306
0.41149692985341774,0.30104688119495376,9.440464951810712,0.7280989545526559,-2.2096587736122166,-3.527710897722997,0.413783878939077,0.3383598058508774,9.52595987113106,258,0,0,0.1537,0,0.029
0.048307110702265045,0.4953318375046056,9.702118004887039,-1.5432117886054302,-3.241609745962794,0.965278389084243,0.030604213865991308,0.5255633699700791,9.746882320757825,259,0,0,0.1537,0,0.039
-0.4275833644796167,0.36100480053192757,10.054647738598486,-3.6991037278364907,-0.2432848598178806,-0.5523178500666595,-0.49667665052911086,0.3017648557029533,10.078751756414533,260,0,0,0.1537,0,0.0615
0.4056184155876639,-0.29289386931608946,9.839845172025615,2.8698511426959166,4.175715615399077,-3.2522792121566195,0.33182919544639766,-0.31847774227408937,9.758187307737973,261,0,0,0.1537,0,0.0416
0.7234978296574256,0.11951835843363445,10.334005691455125,-3.2714132898302895,-4.04256890544729,-5.6142219500107915,0.7929102059224892,0.13296153336029065,10.31001869150958,262,0,0,0.1086,0,0.0421
-0.5899724933926438,0.3635655759565989,9.833193493573216,-1.5020046727892398,-3.387174358281552,0.546004652731605,-0.603871251406001,0.30679474077443053,9.908375496118655,263,0,0,0.1537,0,0.0323
0.04655134041643654,0.08786666516762154,9.769356078800298,-0.6524480311490883,-2.184215209705914,3.3463397421260273,0.13906813069745325,0.060715888562748066,9.804032296724664,264,0,0,0.1537,0,0.0323
-0.616165991654116,0.26207714713334646,9.769044452629853,-2.1447779461350356,4.110998707988037,-2.203504175518867,-0.6415123705176234,0.32828673079795484,9.820093950443043,265,0,0,0.1538,0,0.0121
-0.18254677261828858,-0.28690535261073713,9.66065911327071,-0.6974694063097916,-0.010997488141103351,-1.9104206169999307,-0.18996288161213135,-0.32300262416309167,9.73555052875881,266,0,0,0.1537,0,0.0223
0.08147492126253872,0.567659192263459,9.699459285666741,2.3112750554222563,-1.1590899935912136,6.703533919292401,0.16424033972725532,0.501716240704261,9.730256826388025,267,0,0,0.153,0,0.0223
0.10938848480847466,0.2877250169053197,10.012690323209057,3.5405424494293243,0.35069588860194967,0.33104795321331426,0.12689766833007646,0.23401964885768703,10.082616474882132,268,0,0,0.1537,0,0.0223
-0.3619813692274287,-0.28855742634136144,9.718261125892049,4.03405503891373,2.25866125712015,-1.962216911387161,-0.34741582479247124,-0.32053897346403837,9.867062953304846,269,0,0,0.1537,0,0.0229
0.17525420075224224,0.2257551034817835,9.905133628829544,-2.232017069940963,-6.008897206415181,5.251986594702625,0.1772203191215648,0.23106689871282265,9.930703666821731,270,0,0,0.1537,0,0.0318
0.614956419108518,0.12784965648672805,9.902018365228113,-0.3955548236410615,-3.125613546646572,2.7152030044944517,0.6379497216511615,0.06958683386583533,10.003546679308219,271,0,0,0.1553,0,0.0421
-0.11666499361982398,0.25729813912683047,9.887176484481687,6.207637939513203,3.1910962196248427,-2.415330135098044,-0.13013754052012463,0.23054755392374213,9.931636729009556,272,0,0,0.1537,0,0.0112
0.06723487203350403,0.2071625286522172,9.743645412905565,4.483727051107712,-3.13954151956227,0.21664747455320438,0.0627170607897217,0.24212512966256952,9.740219634540681,273,0,0,0.1537,0,0.0382
-0.09023866417331422,-0.38188904262518586,9.78391739445706,2.858909271480969,0.06258738883999651,6.169772054142552,-0.06375145453254581,-0.2687642921245314,9.79558165453518,274,0,0,0.1537,0,0.0205
-0.12970405210493863,0.24815636537817345,9.765768302238971,-1.4427955568127204,-0.9384823733004315,-0.35370732043610625,-0.10369057051979053,0.2835053929974619,9.79022155702353,275,0,0,0.1537,0,0.0287
0.10195754835202181,0.061768867932092894,9.883053164297362,1.3562700853152883,0.6182456084351212,-3.9812580388748504,0.14830742544950762,0.07729701357869669,9.85201035283506,276,0,0,0.1537,0,0.0281
-0.0576400781620469,0.13710813688248258,9.673002824667142,1.8481515485375297,-1.7508143882479668,0.5043072259741342,-0.06537236171536277,0.19474163401914152,9.632029171826963,277,0,0,0.1537,0,0.0112
-0.3241921929102591,-0.0008772409174185044,9.754438538494208,-0.8130659325420437,2.3873024001898315,3.0653589672257624,-0.25506349205250967,-0.0710706921241018,9.67103238757022,278,0,0,0.1537,0,0.0118
0.5427148622803175,-0.2354279695854104,9.817660217502276,-3.2513871182068623,-7.490448690845469,0.8981283140773006,0.5336718132276222,-0.17788442487641828,9.857280591065297,279,0,0,0.1497,0,0.0203
0.5021834870387901,0.2145334627802793,9.730345886929305,2.4100956024747044,-1.7231714647382694,-0.260705651206685,0.5134930566822564,0.20956973024954764,9.814838022153436,280,0,0,0.1537,0,0.0181
-0.7186700921946065,-0.11563162346510197,9.700692571291029,-2.97717896408881,-6.123134506507963,0.8782538485247311,-0.6931921495385466,-0.09033941979921332,9.700215084970889,281,0,0,0.1577,0,0.0018
-0.18849117324320067,0.10733650135583507,9.949557348637386,4.03664062191382,-1.648255442452915,-2.486240978300976,-0.15287400953698949,0.06523016110770083,9.916444662933008,282,0,0,0.1537,0,0.0016
0.10737659593317743,0.011582610561282328,9.374027984383675,-5.737140404460085,-0.4886041594546262,1.1615248056661516,0.07294693275376102,0.004851868915709488,9.34190493429278,283,0,0,0.1454,0,0.0021
0.36431994832935727,-0.29837142662567473,9.80603746601912,0.575346720630347,0.016629738594622967,-3.2202822334305186,0.4030123502853989,-0.2771721644807048,9.809466195853078,284,0,0,0.1537,0,0.0026
0.3811100019305939,0.2107208041106288,9.969377255026709,-2.117585349466035,-4.321846426720297,3.274125154012429,0.3272280945381486,0.2085760933403649,9.960055645918263,285,0,0,0.1537,0,0.0021
0.21452387187559632,-0.29912324749579094,9.9657491567798,6.2864855318801105,-3.5991851835146806,5.297306201651785,0.2925445127695562,-0.24916846192430517,10.000829134346764,286,0,0,0.1537,0,0.0027
-0.012706049751999576,0.31106330826689627,10.044418918172699,-0.32201846961088343,4.360833962182799,2.691966491841436,0.004804021373680351,0.305315995368369,10.001027912743178,287,0,0,0.1537,0,0.0005
0.14641760462250944,0.16508220433261736,10.019127096910674,0.002363867725274494,0.48742092039948626,0.42426980826004657,0.10768633381117006,0.21891149613368793,10.072147679981667,288,0,0,0.1537,0,0.0133
0.35990527080704326,0.23555051281554548,9.295116102652702,-1.0387217703223124,-1.1038176955776309,-2.8687161853269956,0.33480935201535955,0.24474387546888385,9.336920682169799,289,0,0,0.1499,0,0.0018
0.24668555509890522,0.048309767959835534,9.833169775427155,3.2538433621102234,-0.6077770077513072,0.44078113874194436,0.18632061616882337,0.14482245002060826,9.790071308279405,290,0,0,0.1537,0,0.0033
-0.11932339599256456,0.4559250106418467,9.713742500038215,-3.7252094931846464,5.964566270139037,0.6729072124750866,-0.14864693247930716,0.530580903780282,9.670209340975967,291,0,0,0.1537,0,0.0023
0.16749754676058384,0.04730651141444785,9.893891153825257,-0.8787828815647676,3.7973207977287435,-4.074411091434952,0.17394353092494585,-0.05274060100575155,10.028886598353624,292,0,0,0.1537,0,0.0023
0.3666550559961032,-0.14685559759132552,9.739316304027023,3.481594407667118,-1.0568144281317282,-5.172703179961737,0.435107817055382,-0.12611414722587447,9.776445706371073,293,0,0,0.1537,0,0.0023
-0.20394579542685887,0.024254474212731237,9.430621143890285,-1.388174986114875,-1.0376188012726533,0.4255441478898203,-0.24358248519013553,0.0731882989242143,9.41642302987242,294,0,0,0.1527,0,0.0027
0.4424683725359995,-0.24845810845710756,9.626445768727368,-6.821979082261343,2.6760258323465194,0.6889851210705549,0.4976998950731999,-0.22420186414526488,9.62144127096433,295,0,0,0.1537,0,0.0033
-0.22906971847069443,0.12190696552586579,9.920553949677863,6.030203075994624,4.602053678323988,0.45583513457893843,-0.2596163349411809,0.16115109137240638,9.96094040249174,296,0,0,0.1537,0,0.0032
-0.10193059932688926,0.23487571076775368,9.934243227458854,-2.658421516595509,0.5212425104668722,-5.377646775612554,-0.10412965764856856,0.25403721211599845,9.990909321962631,297,0,0,0.1537,0,0.0032
0.11808609460413215,-0.11907400931522047,10.054392469966222,-3.2587332465298453,-1.9929190403072439,-1.0975130490056082,0.13005417692368437,-0.1494434349561,10.098611403207178,298,0,0,0.1537,0,0.0033
-0.715198376389942,-0.0609368357207722,9.292200590891671,1.5605096579452309,-3.2325105373977685,-0.2592892527887497,-0.6967434057214753,0.03525085092639378,9.207377470841756,299,0,0,0.0878,0,0.0082
-0.476711980497426,-0.20434132778530978,9.663382444053443,-3.044422865661995,-0.6244421976755954,3.0190628938916753,-0.5425053317335643,-0.32413960879013903,9.673617013473446,300,0,0,0.1537,0,0.0033
-0.11977490988748611,0.05385647273206028,9.935705780824179,2.7043867966536954,2.4963907697708283,4.2625407882696384,-0.12776656736975067,0.026815262311800495,9.962357325816633,301,0,0,0.1537,0,0.0147
0.013724103131428404,-0.09371335941494156,10.079564218991113,0.608675299360738,3.450786739710934,-5.418941458652527,-0.00038849160013801863,-0.0852126741572621,10.115431294207132,302,0,0,0.1537,0,0.0132
0.05608555787739837,-0.04470005982255483,10.011820720517713,-0.37455984267754394,-1.317863375915516,-1.9035437981300767,0.0497071002160023,-0.02487258342601499,10.094645611590838,303,0,0,0.1537,0,0.0132
0.11157888629114462,0.361158706907536,9.808611157404753,1.9156633808929224,-0.099189739280487,-1.4643906492641035,0.09442908511171334,0.3343943763602657,9.781449608243996,304,0,0,0.1537,0,0.0249
-0.3901842710618367,0.19460101106869987,10.136146669967895,3.372191767887333,1.3882526464915952,-2.030667481580534,-0.4145535610148609,0.15195750857049847,10.148905527312264,305,0,0,0.1537,0,0.0134
0.32000753751680105,0.024163333231453553,10.141790179239104,3.1696237844606694,0.24673334983232814,-1.6828875234606326,0.30629778667778657,-0.022188846693900546,10.073409051847834,306,0,0,0.1537,0,0.0234
0.13040241819699047,0.3617148541231751,9.988868772720897,-2.5247238288062,-1.1041696921870818,-1.305723728814892,0.10299276288318757,0.3202777650207299,9.996982595935602,307,0,0,0.1537,0,0.011
-0.05346427886677036,-0.6285697186029938,9.685610355935232,-2.6613369883889044,-1.404878801123997,-3.473886437071763,-0.06179257226936562,-0.6270049083569202,9.699539458599805,308,0,0,0.1539,0,0.0219
0.2939332691224366,0.2725752025925873,9.577419316220327,1.233481221101124,2.5829759421274106,-1.9259253866788335,0.25543569604484895,0.3246403881761167,9.608750382658007,309,0,0,0.1537,0,0.0108
-0.09324642308206378,-0.0030276812918272945,9.770319605110556,-6.103657455713274,1.8691070773497866,-0.3775215986838959,-0.1770933588557962,-0.05942104396214931,9.803306205883938,310,0,0,0.1537,0,0.0107
0.02035179588237473,0.24321257951167963,10.023117540786345,4.6032911592970684,-2.610349287198149,5.536872251099497,0.07491825128027493,0.27376431085478237,9.971463482388307,311,0,0,0.1537,0,0.0109
-0.20855705549086825,-0.48127960529216757,9.848662279954969,-2.339378492030288,3.5052612472635776,-5.150302724575957,-0.22767204277388922,-0.41600220663104126,9.951346245915044,312,0,0,0.1537,0,0.0145
0.23896636851862246,0.3152895912830222,9.829487954533574,1.128973476100867,3.1975671727405572,-0.0907722734633873,0.24491662265373565,0.3000630636943328,9.86994450644948,313,0,0,0.1537,0,0.0145
-0.36375553126470495,-0.17380265256821495,10.110681356730232,-2.691455583506137,5.37312781496769,-1.0573212440567934,-0.40578718675008946,-0.30260426595578893,10.104625817407106,314,0,0,0.1537,0,0.0145
-0.041863949676653106,-0.050562376690736335,9.870403290717306,-4.336092592068891,-3.965997844149622,5.386761037231373,-0.07580240053347795,-0.0581500211761859,9.80606253212289,315,0,0,0.1537,0,0.0138
-0.31700747584382055,-0.03685091273368652,9.546191670549787,0.4207349823229497,0.8861412921617444,2.4091719416600457,-0.30207413237947056,-0.08517384039906273,9.497855056845639,316,0,0,0.1537,0,0.0159
0.22945656419800153,-0.4508872317172899,10.230970322699125,-3.308482006590915,6.257732997251804,-1.2689114283079805,0.2645690086507263,-0.49620406536974293,10.246541935273989,317,0,0,0.1527,0,0.0145
-0.34037175034398437,0.021382666794095017,9.566653640853998,0.6527789917909034,4.201926834735348,1.593458962453079,-0.2620631285425618,0.0552670709185074,9.587840998088256,318,0,0,0.1537,0,0.0124
-0.009319706491434761,0.04206311352872354,10.076660003007126,0.8530469307778943,-2.838977710834248,-1.720122978222796,-0.029769177850115,-0.0011351309199859674,10.124478518656511,319,0,0,0.1537,0,0.0145
-0.3754679703411632,0.009682210102904513,9.64189107096427,4.311042875942,5.180012910071571,4.3881682673717695,-0.37802913752867373,-0.020812248014089513,9.626860236490657,320,0,0,0.1537,0,0.0124
-0.11001346876172714,-0.6105804463404038,9.814792828501128,-0.8837867096977602,0.3918321774891942,-0.6947329655858124,-0.12672837494555522,-0.6858027322816751,9.87508070537618,321,0,0,0.1496,0,0.0126
-0.023209153064815368,0.05669411990795265,9.930462876019101,4.8711631714742145,0.0868430266105342,1.1868559796829428,-0.1382035682942164,0.07886373073023319,9.944848656997516,322,0,0,0.1537,0,0.0126
0.20913777383838517,0.08981627552502554,9.83741047767239,-1.1087775167492038,-3.4393254604408012,-1.8840265204662294,0.28321441985256945,0.06565711905409255,9.902104454286007,323,0,0,0.1537,0,0.0224
0.32044359352303703,-0.1951009014368277,10.106635208650243,0.9028558639392881,-2.5614764990422114,2.612853017464028,0.3082105762094157,-0.2169329563998589,10.120522594871698,324,0,0,0.1537,0,0.0203
0.1365504668834545,0.4401340921155747,9.733364574705494,-5.2742953042277225,-0.6718661969439162,8.130085333992502,0.08892805249570443,0.39305854634638904,9.723644874268544,325,0,0,0.1484,0,0.001
0.20477710187197373,-0.25552342055293914,9.750049674673152,-2.2763672423799495,3.87896644186728,1.5491594794132375,0.14954770796788444,-0.1957570212606568,9.705459036930804,326,0,0,0.1537,0,0.001
0.03748586126331813,0.3946185692556539,9.70771736745733,-0.25139082574325944,2.176397879622881,-2.2621033151715793,0.026932549326133162,0.46583117214629743,9.614943157244946,327,0,0,0.1537,0,0.001
0.4514879917149326,-0.5151362130770242,10.018855125726043,0.9206282573535387,-0.25202190694319626,-0.6305974337187127,0.4913202303913653,-0.5313889673234119,10.036901589254205,328,0,0,0.1537,0,0.0012
-0.6743570354955578,-0.3077518433561524,10.093951480610977,-6.162075569907598,-1.8957602114699887,0.0037292500426802985,-0.6941839114280475,-0.3501680307645798,10.083947502328956,329,0,0,0.148,0,0.0009
0.1157531116836686,0.14134476465385937,9.884154914001689,-1.0319288231176704,2.194758040688262,-0.6318978047050328,0.13174106567346877,0.15558867518512837,9.924019330526692,330,0,0,0.1537,0,0.0009
0.025230279928729227,0.3888340834488804,10.375316699636084,2.2719822773687066,2.1364988374031073,3.9207431785650906,0.03217709101157405,0.3823745616987707,10.427390081509962,331,0,0,0.0824,0,0.0014
-0.17334748468339853,0.10773830523739435,9.419958600797935,-1.9353728640883616,5.2987402627008615,3.72298881128053,-0.17874477075746353,0.09542801429125637,9.446130146757646,332,0,0,0.1534,0,0.0014
0.03968037940058224,0.3187372702177536,9.64502626818051,-1.9429946912237406,1.873711540870052,-3.6289919967370405,0.023347769784150034,0.25063837530296795,9.622940421556343,333,0,0,0.1537,0,0.0014
-0.3062991970361592,0.11723802930769663,9.854090473102568,-1.3925374799642913,-0.11244405222167579,3.0807219626849465,-0.3940506206904364,0.12742319028016394,9.823653042093445,334,0,0,0.1537,0,0.0014
0.14273869193797975,0.05560324846949086,9.96713558807711,-1.825710206780669,-0.7003844293985688,-4.762831749490083,0.09292110219461308,0.043361927224986434,9.957507632180558,335,0,0,0.1537,0,0.0014
0.10099843040685962,0.04697307722319389,9.41791068437137,-1.826815946976416,2.075445577645395,-5.284393482178787,0.056202140611392365,0.12218690050933817,9.461607692254443,336,0,0,0.1537,0,0.0029
0.2531298538247957,0.2552289497465191,9.75755442195366,2.923476666281919,-0.7650446915186537,1.6959436573373052,0.2638524196180926,0.2397156990742692,9.752193496465747,337,0,0,0.1537,0,0.0019
-0.013813704035568353,-0.2988596353283146,9.828317089462983,2.7029088248459123,0.5006317018016049,-2.902238034476781,0.016728091193742883,-0.28228682690502893,9.899893713048272,338,0,0,0.1537,0,0.0013
0.22779228739076218,0.12534720334395866,9.765711344662513,0.9261101231169979,-5.688750736883495,1.9758768305410266,0.20830855324008543,0.07245813099021095,9.895376411240806,339,0,0,0.1537,0,0.0015
-0.21333383673810233,-0.5867977167834951,10.007656690410638,0.9950535046450939,-5.98911468436973,-0.6015442498240409,-0.13033093545230168,-0.5984884889879079,9.972438344801592,340,0,0,0.1537,0,0.0013
-0.16017510558799217,-0.247172149638849,9.873661869797495,-4.945821202037332,-2.753949028521063,-1.1673660778300667,-0.1175858208766534,-0.20534010607574876,9.754034735865442,341,0,0,0.1537,0,0.0013
-0.05104062188415231,-0.3757790048134449,9.839738678860076,-2.6157434392260037,-0.787406865958274,-0.05757036023529971,-0.07864757559116817,-0.42093800867461256,9.89820482819752,342,0,0,0.1537,0,0.0013
0.5218101097246165,0.11796960281238238,9.84682809971948,1.9492543153757085,1.056115299582043,0.9146880568513993,0.4406442201130343,0.09939531892617065,9.860427047881235,343,0,0,0.1537,0,0.0019
0.4929760716327907,-0.3599155655467506,9.715860505894607,-6.562719192218544,-8.42940580373125,2.1993462253123215,0.41496900378430324,-0.35803934341088356,9.739236819522587,344,0,0,0.1482,0,0.0006
-0.2612542381722314,-0.5022448559866464,10.16892362385599,-0.012096403536666432,4.313142613253918,1.4778304300291567,-0.2577256730947898,-0.4761008616176743,10.154545531905788,345,0,0,0.1537,0,0.0009
0.1739279562807729,-0.04410236119936583,9.66056887781026,-1.0729220025996637,-0.8225103965723553,6.475373385827329,0.18858599284247732,-0.07780492642444548,9.692681690984408,346,0,0,0.1531,0,0.0208
-0.35619373652988134,0.14998221386706018,10.09860379786521,0.49488645350918486,-6.787854309095375,0.14939958092467076,-0.31477650730770834,0.07914129303027478,10.143852803855111,347,0,0,0.1537,0,0.0107
-0.08567623304335471,-0.099883585111099,9.980729928802694,4.712797763195111,-7.593867547546654,1.9091841761299193,-0.03171315616968638,-0.10815585284038398,9.922029000404322,348,0,0,0.1498,0,0.0108
0.18871105503271038,0.008087928889139716,10.003538877114053,-0.9344099869970097,0.1776519253649615,2.9289026150532047,0.21957815161942898,0.011243439818123757,9.990607162915154,349,0,0,0.1537,0,0.0002
-0.5346625908414051,0.02814948245518932,10.125656796298642,-2.5480848227953725,-2.5221818327014405,-0.2108363667660893,-0.4784063916267923,0.010357854785317214,10.087652745839405,350,0,0,0.1537,0,0.0027
0.0890600112667679,0.30790643176653976,9.859896319513345,-2.522044942698158,0.6224477384499211,1.3486610846250635,0.19709741832748306,0.32689026049550823,9.811033057879941,351,0,0,0.1537,0,0.0026
0.3872838974761868,0.2912085727628387,9.976487382208985,-3.404336898365501,-0.5148661167910531,-1.8384792274750619,0.40517680264472977,0.30903787486210527,10.035341726341157,352,0,0,0.1537,0,0.0126
-0.3359793913665909,0.4579729754142299,9.76924198222319,-2.358804936321253,-2.0299501732560774,-4.752036355817804,-0.293666648324031,0.4716958703189781,9.724101489578905,353,0,0,0.1537,0,0.0126
0.5225954521821523,0.35619006149969984,10.082006513443465,-1.3622028508233754,-1.795815336072228,-3.1680313773316238,0.46860292585944013,0.32017487469885747,10.148930780090764,354,0,0,0.1537,0,0.0226
0.3144088284524826,0.2584101745554098,9.828439837029268,0.554377808637194,-5.7685496700580465,2.211567888033778,0.3342863150276481,0.31141671358985573,9.842991722187689,355,0,0,0.1537,0,0.0305
0.4847896565551013,-0.06305159029020838,10.045398886347513,0.19102991018413015,-1.5587782991126007,0.30673458702620193,0.4410675355415156,0.028183541797525594,10.073213054691617,356,0,0,0.1537,0,0.0205
-0.08193058433100013,0.3062989577725928,10.168332210588439,-2.606476868524548,1.3021193823205852,5.245129504462692,-0.0820992513866329,0.32008846860773077,10.145869333579414,357,0,0,0.1537,0,0.0205
-0.29330139404764866,-0.10620339646810531,9.830130555947374,2.2461215039778493,0.2716334410426495,-2.57642148755164,-0.2609156614808647,-0.08218884759292802,9.832000425719492,358,0,0,0.1537,0,0.0127
0.27778481447274656,-0.3770678069747962,9.828118349811303,4.884533465699137,2.151129210179199,1.1891054784224417,0.32919007744610224,-0.3342746311216488,9.868111860652968,359,0,0,0.1537,0,0.0106
0.49448199702766404,-0.16805700589131722,9.860539890176641,3.6931451350658278,0.9400161880698803,5.333617392800615,0.4794557118979171,-0.1383036225789281,9.873045913197354,360,0,0,0.1537,0,0.0105
0.027284393099524778,-0.21375323112718422,9.455067655026285,3.134513710356717,-2.2891720277793004,1.9942190955580423,0.05073313733164764,-0.18828602407453443,9.410068387647224,361,0,0,0.1527,0,0.0105
-0.4175533568115795,-0.056674574101427067,9.767616816854963,-1.861954184240978,2.474973491398022,-4.1045599916895394,-0.4015498672342237,-0.060341012120410514,9.734210054455763,362,0,0,0.1537,0,0.0105
-0.7082703733322037,-0.01805153278722608,9.91154435848352,-0.8536924495338596,2.6026392381618773,-4.276349709736436,-0.8170134307936018,0.006349868108062255,9.916624404075936,363,0,0,0.0933,0,0.0001
-0.20991191839827333,0.0023952539824332523,9.69366168166989,2.859418646285076,-3.459851714314863,-4.966554400443762,-0.21516111067423926,-0.06460248719625347,9.597148400960155,364,0,0,0.1537,0,0.0008
-0.3199449867141,0.5923884858140669,9.925471032779193,-5.199049585423962,0.3136223098638346,-1.6128990011189404,-0.3440183377476374,0.6497961615609373,9.947987032772426,365,0,0,0.1531,0,0.0001
0.07294439271500928,0.28140565012075885,9.993239509736146,3.1591581488911094,2.3351718094563196,0.6917818168519132,0.08811072320254927,0.2757558832759367,10.070894531490108,366,0,0,0.1537,0,0.0002
-0.06618213074645792,0.04980095321702537,9.718383921075278,-2.071229010107322,0.6719201814811231,1.1274992159634944,-0.16252888468610613,0.10418809649761639,9.817375655663096,367,0,0,0.1537,0,0.0002
0.009828962045864465,0.20188394297787424,9.789190222619684,2.530417752061857,1.9954697976918174,2.458819621765846,0.04009338602659493,0.1660986495916847,9.809197509218402,368,0,0,0.1537,0,0.0001
0.36456143160492754,-0.2923018260982863,10.128903846838629,-3.7333186397473948,1.3209136642409989,-3.7767003228779563,0.3742045465530275,-0.29426456417217495,10.149246578282167,369,0,0,0.1537,0,0.0002
0.1209614479864785,0.022879100742258535,9.802527657337082,2.8353364799618896,0.33078287217764824,1.01710878201652,0.20411913850374147,-0.04471811823388139,9.777345433813993,370,0,0,0.1537,0,0.0002
-0.1885938982040846,0.07390322883126137,9.80753603809181,-5.215759906184949,-0.14410273904552728,5.714211369079229,-0.166732963258182,0.12956308341284814,9.797905778240418,371,0,0,0.1537,0,0.0001
0.28919133190897534,-0.4200761978619402,9.669502626969225,1.270764687316207,1.0891563499980683,0.6917061410935545,0.30966159222309697,-0.4063279024816237,9.68375100692787,372,0,0,0.1537,0,0.0002
-0.3966084326103736,0.44195364344638133,9.963760897128116,1.5277382542701412,1.4462743045356046,-4.395676534328602,-0.3796978144838777,0.4487440746197783,9.941697423146584,373,0,0,0.1537,0,0.0002
-0.017600303794837385,-0.11954118707664486,9.986486235075688,2.0367666686464476,-1.4510723972540087,-0.740025753149689,-0.030748325975451896,-0.15971974603731134,10.027389321317768,374,0,0,0.1537,0,0.0002
-0.2884068868596252,0.3139754598604084,10.044497392576833,-3.4793400421760845,-2.0459892515210125,-0.10292104761909776,-0.3975908627723956,0.37948587930599387,10.018028319508353,375,0,0,0.1537,0,0.0012
0.08809612423624948,0.22026799639454803,9.887060857220161,-0.5053394103936469,-0.42760964202970486,-2.409516576356457,0.15694681300889696,0.2496338329683579,9.841710136149368,376,0,0,0.1537,0,0.0001
0.13383505336171994,0.7129552424717464,9.650822188300792,-1.138203851795613,0.9254348792516727,-0.4889114768853521,0.10424754429344288,0.6731099365740444,9.631513699055386,377,0,0,0.1537,0,0.0101
0.2490213202466155,0.3278683649213066,9.852930392313601,-0.2960562991500563,2.521409799252976,1.531158767978664,0.20394198810509212,0.39177154542006504,9.833079448092727,378,0,0,0.1537,0,0.0101
0.5351150648652693,0.6179282119175861,9.70335841212524,-1.6247061216832703,-2.8860094090028303,2.7844941358086888,0.4535421410079908,0.6257036785397971,9.668048392542309,379,0,0,0.1532,0,0.0101
-0.10436244834952098,0.09847559328343651,9.922235746485851,3.015072271938961,4.743012854365039,3.203723278343488,-0.09830478734552954,-0.006579043535753032,9.924846779326302,380,0,0,0.1537,0,0.0102
0.31970478995214013,0.0822908817504142,9.865589162726812,-3.1830353546951953,3.0194567138319126,1.9136816749593324,0.332582646254152,0.13107311655949339,9.876945634709426,381,0,0,0.1537,0,0.0321
0.007902296236288794,-0.024618799208689493,9.994585681881343,1.2525911027172667,0.062457185530236006,1.206867779212323,-0.06680953453689585,-0.004935053115054034,10.05548501048337,382,0,0,0.1537,0,0.061
-0.1279616695623859,-0.36789157483796775,9.452778025122484,0.8543719071914642,-1.243670668817755,1.2138524525641112,-0.17097017689991797,-0.27795900113742333,9.439179835771146,383,0,0,0.1534,0,0.051
-0.05103662845795017,0.4593663416694264,9.582962374441733,0.06327774883518972,5.661657411164663,-3.5023536118932914,-0.05674979745500007,0.4493669272084482,9.54340707198765,384,0,0,0.1537,0,0.041
-0.3464310147313056,0.047493428413387606,9.839586882901786,2.0599746192988784,-0.4074496110368776,-1.6687973471654045,-0.3892098274463419,0.04408621601163512,9.750554332699215,385,0,0,0.1537,0,0.041
0.4555485594833863,0.032578074639001676,9.972749324446738,-3.243555356131825,-1.5040562412814058,-0.6640205275084909,0.5069496326675433,-0.007366269939963636,9.91360108909331,386,0,0,0.1537,0,0.061
0.23032245071944246,-0.2283308450794417,9.973298142594633,2.663767779148076,-0.4678919137919897,-2.444804662584036,0.2506242893747155,-0.2569627100311093,9.944156047343862,387,0,0,0.1537,0,0.051
-0.016343677208661075,0.2559219501710705,10.032188641330292,-0.29558510651720765,1.9241789994126468,-2.430044208765283,-0.004287312263691206,0.2892152550939632,10.112378658466366,388,0,0,0.1537,0,0.041
0.3617186085627038,0.07247142761046223,9.913641199901463,3.6594963168744035,-1.0524804078838859,2.0608685003420177,0.3476643663585083,0.07779767040475175,9.852385773373268,389,0,0,0.1537,0,0.042
0.2142523881802728,-0.08699644475738662,9.3432983550736,-0.4465557642904793,-1.5884071747100688,2.690880864905598,0.2547787478032758,-0.09222906405225278,9.359111527988295,390,0,0,0.1505,0,0.042
0.4281445236117497,-0.25081034172019157,9.464013040772526,0.16555807575490347,3.3267562541096627,0.6100902951506795,0.42582137695507016,-0.2445054585319617,9.446853928545469,391,0,0,0.1534,0,0.032
-0.06327563748899795,0.36208827344410793,9.650803222898595,-1.0863855050613234,-3.3507263395469815,0.17546663744674623,-0.06569229075007806,0.30095893052172423,9.669066587402286,392,0,0,0.1537,0,0.042
0.16665215986467782,0.06134134873792852,9.806458700387953,-2.6355042240684172,2.9002158527603425,-3.8481232872690248,0.13465878256532712,-0.03672144170213191,9.804635305460492,393,0,0,0.1537,0,0.042
-0.11537036334685981,0.49601971792264876,9.700107914048626,1.601116951789701,6.464661735741709,-1.115094131271546,-0.15003098473331203,0.476798964706375,9.69978459501386,394,0,0,0.1537,0,0.042
0.26307494733478864,-0.09461133635515882,9.859435758292147,-1.0564909786110506,-3.003423840821226,-8.536329221215672,0.33699872807620557,-0.1150818463322753,9.81174030142586,395,0,0,0.1504,0,0.0431
-0.3422138443755287,-0.5273100607933293,9.768291081480934,2.069193223408313,-3.6863188498814976,-0.6060640244396438,-0.3677664774347183,-0.6186486737024819,9.749558410277043,396,0,0,0.1398,0,0.043
-0.5598408852248409,-0.1981656365865558,9.257911276052507,-0.5911965745551043,1.386857371285832,1.505293623074192,-0.6216693101602654,-0.16654897644562677,9.280668509809585,397,0,0,0.123,0,0.0321
-0.17197870527903666,-0.10231595970384068,10.032350748653379,3.4987730902635725,0.697188326923798,-0.6022511412799931,-0.21850896488257499,-0.06119931579069747,10.009577277559798,398,0,0,0.1537,0,0.0112
0.1359078558504287,-0.6932077661584334,9.617312508999348,-6.729267621770562,1.5580567555725016,-2.5136468855233076,0.1713258079248847,-0.7072935976997959,9.628842230256192,399,0,0,0.1521,0,0.0112
-0.08911601069526089,0.023360444312874023,9.309047006100066,1.2100464420653645,-5.711740012862423,1.3154885426733551,-0.12857757140310108,0.07693168927485196,9.177810394633042,400,0,0,0.0999,0,0.0216
-0.3067450942402755,-0.40052622227333884,9.896271593156412,-5.95148029082437,-1.2590847713353968,-1.729988142800774,-0.34180938890561885,-0.3798150699311812,9.854217815122743,401,0,0,0.1537,0,0.0218
-0.1153699898924665,0.1679909425784421,9.826953818854582,3.199683693097005,-4.575561696825543,-0.3240420608433574,-0.16267985543713873,0.22289702775614637,9.855410047168562,402,0,0,0.1537,0,0.0518
-0.20600576233508622,-0.32259567949463064,9.710087073538595,0.3039724166029738,0.28860616106918613,1.14061875511959,-0.14016227392535285,-0.2803085694238458,9.795786682209892,403,0,0,0.1537,0,0.0018
-0.2713390235914537,0.2935997737298884,9.812209422036396,-5.8098332773995995,1.3482571602365783,-3.433211420913289,-0.2707185524352971,0.2761971528113437,9.704126515133966,404,0,0,0.1537,0,0.0064
-0.25900618864289376,-0.2064508951106332,9.650157811247734,2.1305606151916017,2.9779353893794696,-1.865591083079495,-0.27827818618381855,-0.2150519561871052,9.632715449507485,405,0,0,0.1537,0,0.0118
-0.14301041516687574,-0.09173081899703521,9.973694425195522,-0.5104903525654566,-0.5243830967646619,-4.779649482029884,-0.09610579638523614,-0.09606283222365804,9.990514028225245,406,0,0,0.1537,0,0.0175
0.03041926073624722,0.13646560450313575,9.970627436963628,2.7324388395668633,3.8459613599942704,-4.1591652453499535,0.04496057320359487,0.23366523202597636,10.018763841416169,407,0,0,0.1537,0,0.0015
-0.07622287151697389,-0.7460910062756275,9.924056485869237,0.04840532407940083,0.08727179934572205,-1.9635506668098608,-0.1430935973355075,-0.7498236368903162,9.9841631844675,408,0,0,0.1518,0,0.0003
0.09141558729944481,-0.2898671048580815,9.96928465128911,0.9258129685767682,-3.0614699815257698,-1.6402492791911463,0.0670557656624797,-0.39812685227354483,10.05375829630928,409,0,0,0.1537,0,0.0014
-0.221144485550369,0.3764877791473168,10.085731609369871,1.0557766633036434,1.0760197424202382,4.251837648625505,-0.2166935979386618,0.2910904031968504,10.039800704664767,410,0,0,0.1537,0,0.0104
0.4333907886711598,0.4062993771520538,10.086591705656991,-3.0240969879065975,-2.641163620268296,0.40245060294093615,0.5504505238944635,0.2904090947461761,10.185850178273041,411,0,0,0.1533,0,0.0009
0.12067990991429471,0.16522482718634166,9.936586408968827,-1.680476516287949,-1.3251259978053067,-1.664549227721766,0.06830094005845165,0.1660184690445125,9.9580704993106,412,0,0,0.1537,0,0.0012
-0.3979485761230539,-0.5880669045810314,10.223649553756184,4.072374716839288,-4.935152433992301,-5.538833635079625,-0.47355163767007186,-0.6521472366011255,10.285042941954046,413,0,0,0.1387,0,0.0012
0.19990574550095683,-0.17567681783761877,10.109171152651319,4.348804181139775,1.4517016024892422,1.1145787307667891,0.20655268033079766,-0.22022465459288845,10.093392387272685,414,0,0,0.1537,0,0.0012
0.09671219292077833,0.21761573223858613,9.680638104715369,-1.9300830950726962,-3.6703957746576545,1.0879929609453383,0.09247122578108986,0.2844926255921544,9.744640071382443,415,0,0,0.1537,0,0.0114
-0.4650603231855788,0.2253291724806968,9.665689431234963,-3.0036298098132272,0.0457613782858725,-4.767376049261291,-0.5519652340065395,0.32827250038949385,9.718653636498615,416,0,0,0.1537,0,0.0108
-0.3387074074656393,0.420896106932381,9.658973449997088,-0.7270187283339644,-3.3841082540066427,1.314457491330602,-0.34418058678146857,0.49459259057260674,9.732704987001437,417,0,0,0.1537,0,0.0083
-0.16005902032714409,0.14456393096204978,9.9477437072568,0.6675385865166199,-5.062707241384882,-0.5377413379947409,-0.1968470022231997,0.09264407195919466,10.007098329887942,418,0,0,0.1537,0,0.0022
0.3069554592289338,-0.23652411927875794,9.780981485474786,-0.5931373485448097,-0.4374525984855532,1.3679001309486003,0.32878110894770035,-0.2950196756777042,9.748156215203343,419,0,0,0.1537,0,0.002
-0.15402078935923,0.2864194408897228,9.932250623809143,-3.3466448979305756,-0.43734029741395175,3.5226187112094562,-0.15844332532801833,0.24949136488511695,9.870899176452774,420,0,0,0.1537,0,0.0014
-0.4334427613499047,-0.22169860582012949,9.886208091698515,-0.07190506277796654,1.9203301928683603,5.760834338091209,-0.4305955236176321,-0.3281841701150612,9.846498033016898,421,0,0,0.1537,0,0.0014
-0.1565379780566513,0.2590290161764332,10.220399084037982,-0.5203509002869358,4.95138838841803,-7.637062408792805,-0.12237273053363085,0.19097760910383405,10.19854905010816,422,0,0,0.149,0,0.0004
0.10726237088750053,0.34342890218867245,10.099240643067535,-0.9709240801184286,-0.162347596068057,0.6935553716960491,0.17504536812854843,0.3289956363828977,10.065157092378648,423,0,0,0.1537,0,0.0004
0.3220744266050751,0.29857478266035276,9.958116396670341,-1.662689531649805,-0.9171791803374161,-1.749501298773525,0.3205054995161776,0.3560508527222979,9.978863378377312,424,0,0,0.1537,0,0.0003
0.05444236568742342,-0.2253448427343435,9.65391821849831,2.9905397986296296,-1.9012201020267758,-0.003261918749132603,0.0919448150738087,-0.1718940265836598,9.62964334891747,425,0,0,0.1537,0,0.0004
0.4305630392746373,-0.174724381570955,10.123342114077824,-3.432625933822523,-0.8589523864472421,1.2956428182659039,0.38764144464870653,-0.15139662520148192,10.18935663035999,426,0,0,0.1533,0,0.0081
-0.29768803606375094,-0.14152582956261123,9.854282959324072,-2.7024886174523646,3.9576293270336125,-1.7185379968174317,-0.3012474213812797,-0.11193085931183307,9.885619476374762,427,0,0,0.1537,0,0.0003
0.1295632611045186,-0.4781397015294517,9.857140867251697,1.3462946262462694,-4.343434219078229,-6.541739483023127,0.12748662984820847,-0.44637822176412784,9.815370507960589,428,0,0,0.1532,0,0.0012
0.23523171713313654,-0.530212999396191,10.081048144248323,3.0858278093562697,0.08887881662595312,5.204233600089218,0.29882472291823564,-0.46561602707667876,10.10886282560371,429,0,0,0.1537,0,0.0013
0.16434418981268997,-0.10366157783548144,9.780495162086648,-2.2613037422795195,-6.5108599436934735,-1.5872232489961207,0.16963946623047826,-0.0850381987739526,9.80188697124268,430,0,0,0.1537,0,0.012
0.40717283413510047,0.35598322545047584,9.571732838299127,1.5319549362835998,-2.2356672329819727,1.34065191183499,0.4410254085383419,0.32447936862009735,9.607162479926902,431,0,0,0.1537,0,0.0195
-0.1361836541203036,-0.09061247283411535,9.595986778548315,-1.8655227504717755,-1.8435974983480374,2.0987706040903644,-0.20382235261803355,-0.013257002012418487,9.588084641503672,432,0,0,0.1537,0,0.0188
-0.06467629975199131,0.16933856825309748,9.815901866447929,2.71298617482745,0.8350091855300222,3.6447382728987128,-0.08389267498482106,0.11971267429564611,9.882182827415201,433,0,0,0.1537,0,0.0188
-0.09090883656634476,0.05292905110065364,9.773503212059126,-2.0584853776906917,-3.1345393226401495,-0.2741401707851121,-0.021215368243505367,0.0678238211866318,9.701233773984978,434,0,0,0.1537,0,0.0109
-0.273382527067847,-0.4638665078769658,9.863373754966664,-6.888535600593744,5.0629827737884385,-3.76664028653063,-0.23697931158532232,-0.4728644968291288,9.881702075452887,435,0,0,0.1537,0,0.012
0.18715616308554583,0.24954013406476383,10.071868787734243,0.8337617319183441,-3.805152900198647,-1.5377489087243204,0.13647457458520418,0.23172796870928616,10.066621906895502,436,0,0,0.1537,0,0.012
-0.0913407686951039,0.3695458152926338,10.011080401828586,-0.6693129765142484,4.850987027180676,-3.801337775013543,-0.014033308135583261,0.35554130235128517,9.943380720884202,437,0,0,0.1537,0,0.022
0.3948500791969539,0.011770155095744738,9.44328171028877,0.8051139109067881,1.737969523102533,4.4385987503558315,0.32557283729021164,-0.05969684954482263,9.48638430672192,438,0,0,0.1537,0,0.0113
0.3952444619182529,0.19434757291983093,9.928866329539247,6.263864698282155,-3.6220346164365456,-3.637841985744128,0.2840703685800351,0.31239645899929697,9.906729961170901,439,0,0,0.1537,0,0.0111
0.27812228349987833,0.4300259020079354,10.006712244904868,-2.1911784709923348,1.6602469815825274,0.22333387133265908,0.3397687127344053,0.3855027520505265,9.962311088528041,440,0,0,0.1537,0,0.0119
0.09988900514220657,-0.4558447281111576,10.007917697758524,2.2990294366679627,-3.0699658373039815,4.044041324253103,0.11263782420721234,-0.48678836203421183,10.034292434482857,441,0,0,0.1537,0,0.0219
-0.3743053169671308,-0.09904145589213424,9.992122127803476,0.7108324895555915,2.283910484900603,-0.40659140253647325,-0.4104958056041712,-0.04223464243767315,10.00267883837031,442,0,0,0.1537,0,0.0219
0.10367715416781356,0.05997745574524357,9.959347209749794,-3.424666905999212,-5.784909527949276,-0.5054328367010796,0.134567552854863,0.06615232530504139,9.964931937864304,443,0,0,0.1537,0,0.0219
0.568173914372737,-0.17917825898990417,9.925715030348956,1.6353236798546842,-0.7921948111305068,5.281969664513104,0.46791218398312645,-0.15999123164836365,9.951597247144566,444,0,0,0.1536,0,0.0364
-0.24075345707810084,-0.1862811840577387,9.684373815686207,-0.755972777975577,-1.042645979282335,3.9297001618377836,-0.3160270038502706,-0.20714751565643416,9.604918462940907,445,0,0,0.1537,0,0.0119
-0.13871484795159358,0.2152254116289702,9.938553289206524,-1.7432423450887333,0.3917995735170297,-5.455804922251078,-0.1885234054298769,0.2452383433569302,9.95403024990142,446,0,0,0.1537,0,0.0119
-0.019350280803150762,-0.20739968933832834,10.127544754873842,6.108459959704444,-4.085988314273323,-3.077946293945603,-0.043107746730255844,-0.2002960013481512,10.16352308281524,447,0,0,0.1537,0,0.0112
0.3862813342660939,-0.3341989708273578,9.952252003674763,2.6756915856262973,-2.418752838953222,0.7834395955200454,0.373968623855701,-0.2900998479119312,10.029366215191496,448,0,0,0.1537,0,0.0112
0.2503010496884986,0.32200034551538614,9.477407223498222,-5.779165848299147,3.2248548081852415,0.4477645682252876,0.3160682600372166,0.35030275901872965,9.473735620204478,449,0,0,0.1537,0,0.0112
-0.15003729528910206,-0.1711373125040511,10.1236660538608,-4.836705119345294,4.088770637512548,4.992389946342801,-0.0782675133340965,-0.20355424387035792,10.185884341560895,450,0,0,0.1533,0,0.0123
-0.14365768175903768,0.18355373034549527,9.81570387195903,2.742819401623513,-3.76138571917957,0.8953370251660381,-0.1516231715038111,0.1388045041832129,9.756334177223263,451,0,0,0.1537,0,0.0113
0.5543028530579763,-0.022635810773859576,10.209712547489953,-0.8113165288868068,2.9155910914589604,-8.501325938825653,0.5863947293555343,-0.0532715186600049,10.3196647777308,452,0,0,0.0872,0,0.023
-0.5004022020575049,0.04501622159845132,9.643972779890758,3.1371797799329117,1.2834697586644754,0.06333059954559545,-0.4815223268859487,0.0758484225007087,9.724257367292287,453,0,0,0.1537,0,0.0235
0.06360947834422506,-0.21388327816078911,10.105381653854073,3.9183084443571623,-3.8169502276013585,-1.2583365421495945,0.11141934144264115,-0.21010033788423907,10.084273989196937,454,0,0,0.1537,0,0.0222
0.005001831358006432,-0.20152901453291855,10.017797520270902,-2.217251670876586,-0.6442808991938288,-0.03299974141890793,-0.019032516826111224,-0.265597918739167,10.033760510394073,455,0,0,0.1537,0,0.0364
-0.34560367893764016,-0.043441767336964136,10.126530855336766,1.0709946244512096,-4.030877163679072,-2.7808889278282987,-0.3217047118767301,-0.036416420656818264,10.2158465203201,456,0,0,0.1526,0,0.0311
0.383924926019736,0.2716222991262729,9.830477081829809,-2.049554605643734,0.5328190478457162,-0.05466070154219922,0.3823679899418529,0.30506641391017203,9.855805720666408,457,0,0,0.1537,0,0.0311
0.01235791073674729,0.3301573833563001,9.818545987824518,4.372860604296148,0.5253887728370298,3.2306687229944435,-0.06035270471618168,0.28421374884059425,9.801827094109928,458,0,0,0.1537,0,0.0214
0.3289519528508661,-0.13790441045889318,9.770307799128055,2.0759231885458584,-1.1080729008606465,-1.9450847323427651,0.32322112270324643,-0.1541331287357001,9.812830952710883,459,0,0,0.1537,0,0.0213
-0.30622574422361315,0.01781338991718102,9.862619791545875,4.997718014675591,-2.667300960304325,0.5495003867736638,-0.35265054727525047,0.02108319567819411,9.888224872842708,460,0,0,0.1537,0,0.0215
-0.4265533175108847,0.24896504760893806,10.06976859949478,-1.9542915551772717,0.28970833717883376,0.44842863554937273,-0.3563336472244265,0.19956402048947938,10.008449317081302,461,0,0,0.1537,0,0.0215
-0.2679200717391075,0.09672446873064058,10.114846303176638,-1.9666983106731621,-0.8665614103815471,-1.353193290204271,-0.25700038926736957,0.1861158813819106,10.108625428738137,462,0,0,0.1537,0,0.0215
0.3203468427470133,0.3198118291908892,9.755400333472785,-3.065069628672644,2.5358045360550614,2.411066269656747,0.35168215931443053,0.21530378877314155,9.67432581040266,463,0,0,0.1537,0,0.0107
-0.2593012460451577,0.16702972953131492,9.693087663622647,-3.6291205717695316,-2.6857551953068155,0.6334400832258849,-0.24152506042227226,0.23834781792804755,9.673380917214798,464,0,0,0.1537,0,0.0116
-0.1329758125029112,-0.32474895803923404,9.515573932386857,0.9509310043490813,-0.9267787577210824,-3.7569988616364487,-0.05948942131865097,-0.3318475130832384,9.51788091051999,465,0,0,0.1537,0,0.0116
-0.4471137168641191,0.3507716912463574,9.44150579934247,2.579866163884883,0.8374042978668125,1.9230154161171022,-0.4119069233029002,0.41118418252927763,9.458796090924602,466,0,0,0.1537,0,0.0107
-0.3168538134571708,-0.2340633401024889,9.84101788965939,1.8199079224682544,1.7777992673029577,-4.524405123506311,-0.21646377389802224,-0.1587933420109374,9.797304925677599,467,0,0,0.1537,0,0.0116
0.13839433784267233,-0.2735746519112628,9.995786765945287,1.2336715376311438,5.12699985065399,-5.227130068224974,0.0895541903654277,-0.19763077841693405,10.045676593938316,468,0,0,0.1537,0,0.0014
0.06473176640072242,0.43185079871439597,9.447208241076439,1.3520825253142945,-2.380176085508876,0.7298873429581724,-0.037384307948783946,0.4271878996886242,9.489282432130423,469,0,0,0.1537,0,0.0003
-0.020294723805030584,-0.2506053281658015,9.676951533110977,-1.8771991197902036,-4.462961523276984,-0.056247250382892036,-0.059181083833198096,-0.3889866949082118,9.694351239069091,470,0,0,0.1537,0,0.0014
0.13616180517533877,0.09006509141254683,9.762898426179559,-5.499523931707842,4.001918967514365,6.449435924906506,0.11771606802958962,0.08222041320996036,9.749429116712637,471,0,0,0.1531,0,0.0009
0.3542500784907928,-0.6602755681476201,9.846083631972325,-1.2115352328223838,0.9134193965699045,1.4486832736456385,0.314172190449065,-0.7095365182603243,9.792521762317135,472,0,0,0.1512,0,0.0062
-0.18761618349352477,-0.02239763301793633,9.795974560022255,-1.4130034162288547,-3.2306240487192195,-3.3085506637273623,-0.22490729702724188,0.05861871114015517,9.740372075197309,473,0,0,0.1537,0,0.0016
0.17775473765689,-0.256198927541119,9.874645296101425,3.61230522471121,-2.266888854007369,-2.0799617031333146,0.16264369217287855,-0.2539411339981526,9.97214975831809,474,0,0,0.1537,0,0.0064
0.2580612185925558,0.038236508415933325,9.672552471552375,-2.958947598127227,-3.042157191880746,3.6395678041413237,0.27876842249406303,0.0219285888340554,9.6033577238709,475,0,0,0.1537,0,0.0016
-0.27749756556177474,0.15958512474322575,9.848421296260105,-3.4508234011196417,1.0497124651340843,0.7153935227778165,-0.2527830084212857,0.12470856035734021,9.914178672049779,476,0,0,0.1537,0,0.0064
0.006030655322921846,0.19972085158241462,10.044140911585762,2.92232946017454,4.377411383765165,1.1733491872003052,0.13229859751015619,0.22327932524155208,9.998235975921862,477,0,0,0.1537,0,0.0011
0.18268527552768263,0.3002501465958866,9.861185204485205,1.491368845008703,0.6041433717395113,-0.8810891249823576,0.1628082717023602,0.3238348206723429,9.82193863855672,478,0,0,0.1537,0,0.0009
0.2600955358396393,0.06540422713704688,9.830266202652389,-0.151475316715941,-0.7186347328819983,4.465525768926442,0.31508744580469816,-0.01908772355934002,9.905859138016575,479,0,0,0.1537,0,0.0009
0.0590295467381219,0.16986271099039285,9.874221876620961,-1.8866975393361498,0.11030490430197616,2.0508932564598057,0.05642193704435465,0.17101421439585576,9.815479985410844,480,0,0,0.1537,0,0.0009
0.23849364846360263,0.3155249205830178,9.562162134466236,-1.0098138811487147,-1.8217581249193688,2.5976546498128457,0.23089108612531617,0.3644717089551459,9.576526449607275,481,0,0,0.1537,0,0.003
-0.14223802446707845,-0.0338810903457928,9.909537695618456,-2.2616599295742184,-5.295580978945313,-0.36432883695153484,-0.14518535465959595,-0.03584143981471611,9.865531779512517,482,0,0,0.1537,0,0.0032
-0.19535280903805863,0.09197880492891998,9.611930871446324,6.96613803559972,5.697722075951538,-1.8838302640912503,-0.15724911350466197,0.10535797691805643,9.718938364886045,483,0,0,0.1524,0,0.0029
-0.032963486987763274,-0.3128123075566138,9.540760152343648,4.411544549325587,3.408970420853082,3.6363901756655053,-0.06622514410765147,-0.32373371571976534,9.574365637309738,484,0,0,0.1537,0,0.0004
-0.3204810784284456,0.4325407673848524,9.910492957456327,-0.9291938978412017,-2.636110834421327,-1.2958856625851796,-0.34922424394745855,0.46549846479771784,9.811232065414567,485,0,0,0.1537,0,0.0004
0.3122144283723769,-0.4510776198188098,9.644388476236433,-2.935108386103539,-1.758803374232925,-2.1175568575978176,0.31374098775995946,-0.506094582895175,9.628816298293248,486,0,0,0.1537,0,0.0003
-0.1062081727666887,0.031526663217743514,9.473179416465422,-4.997349544176355,4.31461649440452,-3.2571335580752723,-0.033332972890027276,0.06400775103098708,9.379854975037855,487,0,0,0.1442,0,0.0003
-0.07450642739408951,0.15209506717829502,9.616329659282421,6.518061781802428,1.2218831585742815,-0.25339803294672525,-0.08419606808205857,0.09359751300766826,9.68272465953338,488,0,0,0.1529,0,0.0003
0.0015852227515215469,-0.18174714629265576,9.776193416192243,-4.86251023746043,-0.6085432340757022,1.2161218429947231,0.07329993776033175,-0.2092164805043325,9.77715549672515,489,0,0,0.1537,0,0.0003
1.2737284264046638,-0.24315922463321307,10.273991931858275,1.7975438926002316,-0.9187631865761158,-0.30132111905944736,1.2407209110851143,-0.18585537380997744,10.255976946584202,490,0,2,0.4474,0,0.0507
0.37774188353748966,0.173409715319536,10.042855949352006,2.099213041265714,1.1682306320649194,0.9266354030048094,0.39487283709417603,0.18590017808732034,9.991337181314735,491,0,0,0.1537,0,0.0507
0.39851520684406005,0.21748950806316503,9.778382154897967,2.5230002126064037,1.5579316862355124,4.535227952852772,0.4191422278693481,0.12379257889905045,9.674222721963522,492,0,0,0.1537,0,0.0507
0.06085314740830041,0.25593553819479054,9.851533571178553,-1.5379004430733045,1.6481492254459797,-1.8618388143796794,0.0010208269793672703,0.3441001948584864,9.83725654285542,493,0,0,0.1537,0,0.0507
0.5307151095775975,-0.00025531540515554474,9.698690085363733,-0.36030440585849915,-0.2636124026926618,0.34359570979511866,0.505323423756052,0.016396493327004547,9.742935850049536,494,0,0,0.1537,0,0.0508
0.27412726546275124,-0.203895830213838,10.102131126634728,-3.0026405695482943,-0.8646814664702833,0.9433679795572116,0.25436765533056593,-0.2766790100634068,10.07981539185968,495,0,0,0.1537,0,0.0608
0.3688524554226897,-0.2200925014864085,9.923777011741725,2.868540514451187,0.023979676778267917,3.7143010279036677,0.4448005197996286,-0.1705295662959144,9.983038273521776,496,0,0,0.1537,0,0.0508
-0.29100734391615585,0.3182512503472204,9.639807724126285,0.1676382507428572,-1.9960681066036035,5.248174406950317,-0.3477800045294884,0.339830371342759,9.590385839247238,497,0,0,0.1537,0,0.051
-0.6323393732075735,0.03562539390741301,9.853835401648327,-1.2649197628644495,0.38785699897327774,3.9666168633384284,-0.5687072024581578,-0.024302074668852855,9.880034760905266,498,0,0,0.1538,0,0.061
0.25070571071257264,-0.32335853507283996,10.028328162984847,1.1800724640811249,-2.253703323660975,-4.253018857114233,0.2598778751560518,-0.2826385921398681,9.957155900203432,499,0,0,0.1537,0,0.0611
-2.2978840352504077,-0.3891891630257415,9.4846667781896,-3.046106312548246,8.31032636764428,2.342233521931096,-4.7031360746947914,-0.5953870196473832,11.726704286003757,500,1,1,0.0001,0,0.2601
-1.5099229344687006,0.3505191596956945,9.565970734956563,2.2624997517441297,10.614120481155453,-6.419344345673183,-1.650167471622376,0.5706464191097732,8.611941292567336,501,1,1,0.0049,0,0.26
-2.2855034852267098,0.15036575226608187,10.598223403566893,-1.5796933879480222,10.043204303997687,4.567056849560341,-3.517760978753477,0.33613151887924675,12.04091412584305,502,1,1,0.0001,0,0.28
-1.98177569317926,-0.4261926403927919,9.877876125411907,7.244141538793583,9.279354430609006,1.498981620979544,-3.4852796827212864,-0.799854286519892,10.229707548281267,503,1,1,0.0042,0,0.27
-2.2715608813564616,-0.3383414312341873,9.484766306854759,-4.3226403054198554,7.411638033190073,-3.222980198023839,-5.540628855714596,-0.4009205897438432,10.699624615685897,504,1,1,0.0,0,0.23
-2.2643708462414196,-0.32897138980195534,8.979199573710071,-3.0510701313161093,10.067775242331539,-2.5937426094200537,-2.9133991181150356,-0.6905456672215341,10.482795746658562,505,1,1,0.0001,0,0.23
-2.3360797800633875,-0.6170753345158373,10.084060729313872,3.308658826692226,10.349270616362075,1.4582673496393783,-3.869135919945096,-0.6997002541906089,9.484169768671599,506,1,1,0.0,0,0.21
-1.7406620684914873,-0.20323188258095218,9.846012118819221,2.9719387056444297,9.120476634463477,-4.639484166887472,-3.614457644960996,-0.32367566943760245,10.758359801891741,507,1,1,0.0003,0,0.2
-2.339387641796132,0.4449971050621228,9.32550361505094,-2.6774208870965595,9.376918157874183,-5.198504592176479,-4.480595190614555,0.9384823687574917,9.440069052144862,508,1,1,0.0,0,0.19
-2.257835569227384,0.7280629564260315,10.08178632281499,5.239328571258257,16.105264466169807,-3.9309756490035275,-2.7454228556718014,1.7182591709136306,11.150621864153713,509,1,1,0.0004,0,0.11
-2.8819160144012557,-0.550987324178809,9.674540367327046,-2.539915562493106,11.662671717711577,-3.9283286154300385,-2.9571886794195343,-0.6945378316716544,10.948317933128672,510,1,1,0.0001,0,0.08
-2.805666904974825,0.7647331975081084,9.687853761027672,-0.2387531265346027,12.27015926839448,-0.0642501399999825,-5.2697473323503266,1.0957186841377127,11.40274189700914,511,1,1,0.0,0,0.06
-2.562259596113008,0.4992793532948655,10.059219139352312,-6.538692826991795,17.303050028448066,-3.5697207919061786,-4.459181780908431,0.6030526627053083,9.20633032935406,512,1,1,0.0,0,0.05
-3.2809572870219736,-0.42892734857899745,9.71885078516026,0.008327235712982625,12.488159503467713,-7.088954650755401,-5.99799587453937,-0.8563904860313248,9.403085140089281,513,1,1,0.0,0,0.04
-2.0847859339435626,-0.28932202609702173,9.759898908374668,9.08690338769577,14.374545806162104,4.15586288901251,-4.0171101752227685,-0.6309568028406431,12.577765966343893,514,1,1,0.0,0,0.03
-3.123508232820596,-0.1420961846360225,9.864973453096695,2.665591744435086,9.177742215971692,-0.9806179869232627,-5.22310379406881,-0.2887172715552409,10.874125785241159,515,1,1,0.0,0,0.03
-2.4983818335965813,0.11317407303715772,9.802363185925598,6.108420438566398,8.703703282362328,7.296741200685174,-4.3299591688480055,0.1397723501766835,9.612845694301948,516,1,1,0.0001,0,0.04
-3.102835531249774,-0.17185882789076568,9.445948568647308,4.835013058283205,24.458010747182175,2.52201562754769,-5.283658669570566,-0.32878661119817854,10.056876250704514,517,1,1,0.0,0,0.05
-3.6361386936678497,-0.7184418772910321,9.5385228244423,-12.52677998587732,9.038671940211454,-0.1641861966648062,-6.3846781929246905,-1.7183445510762296,10.682128095640818,518,1,1,0.0,0,0.12
-1.791194141828889,0.008784133325552345,10.323886339548126,4.291575871076481,21.34469142022571,1.8073820344949378,-3.975678274070058,0.02093451403811369,10.925258196936728,519,1,1,0.0038,0,0.12
-2.4178891583153845,-1.0249160773007597,9.597944077502971,2.7788299147463302,18.815096290485286,-1.4215748403981596,-3.0984120880763033,-2.4695885549425607,9.073540499079156,520,1,1,0.0007,0,0.11
-3.5986036164963395,-0.3489840713565942,10.423122440048944,5.97635061170554,19.381225688912068,3.056395370279787,-5.050721415746093,-0.7656748262956933,9.604840551647634,521,1,1,0.0,0,0.11
-3.7613451592397538,0.15686743472734999,10.03434844808228,8.668475793728561,17.763460079733125,5.094567445462117,-8.361597152477229,0.1948360983611849,11.411136938170722,522,1,1,0.0,0,0.09
-3.6323070504086017,-0.6898054427504989,10.387839446399811,-10.915237231218187,10.089626885441948,7.832771673540279,-5.9445287849372175,-1.5375919244850365,9.682527263301475,523,1,1,0.0,0,0.13
-4.602476327598925,1.0158549999002082,9.694680917583668,-6.026661902097496,22.280887149143336,-0.4377073417321271,-4.675773148928023,1.6715956000701004,11.615935608197503,524,1,1,0.0,1,0.04
-3.204550537300473,0.8339578354228415,10.101497777553519,1.8093636029435067,14.391358253766615,0.23085400532544878,-3.861065461518273,1.2237636863988526,11.65751572890358,525,1,1,0.0,1,0.01
-3.7241722764552523,0.614297625162258,10.053778173812713,6.218316705930369,23.486053375115798,-0.061206056373641834,-5.178287151830899,1.0526323139393596,11.131847913312852,526,1,1,0.0,1,0.01
-1.7428805010175557,0.03220377878841654,9.875980690408191,-0.7980666180275264,22.333634254918092,5.128704159616966,-2.3480158378137164,0.04432565440099487,11.927827104255318,527,1,1,0.0004,1,0.01
-3.029735640920388,-0.5599629676432087,9.409968827258632,0.5824932633944939,28.249633456339712,5.651400759381565,-6.568999370665628,-1.3861400806780284,9.40278434709314,528,1,1,0.0,1,0.0
-3.1753058019614464,0.22915997663536145,9.618605927666568,14.088535375523364,16.766794023092377,1.180065861571328,-6.326958132452602,0.365193162469098,11.426678749726301,529,1,1,0.0,1,0.01
-2.862440331324755,0.032102998975385225,9.825029877617524,-2.315217734549078,17.640812092335747,2.941192439889036,-4.253166499740516,0.0446246466965028,10.69481076700982,530,1,1,0.0,1,0.01
-2.772595028205277,0.7299506218731431,9.066142103506348,-0.7215327672548946,19.916048856401552,-5.3601083381110115,-2.94567498534368,1.1401065878040082,11.097633371485903,531,1,1,0.0004,1,0.0
-3.9171387655291414,0.569520654348901,9.93652714793201,-3.675722713868984,22.856986114723764,1.5992035627384207,-6.185208642051241,0.5945450357498026,12.051165800908706,532,1,1,0.0,1,0.0
-4.669992834351827,-0.5574324630019675,10.059751985023812,-0.24139019924251282,11.089835043613572,-10.875536534491575,-10.513746190559361,-1.2399117664854562,11.492011339315338,533,1,1,0.0,1,0.0
-3.71629448798293,0.21784470261792216,9.708486386314553,5.926715556908183,20.44810210402319,0.2895289457169523,-6.863913957902374,0.436443167535299,12.404404044674125,534,1,1,0.0,1,0.0
-3.737561943068163,-0.47502087942294835,9.508126107478459,1.04989369825513,23.45796097364289,6.02385756993335,-6.668851386590844,-1.133168152216388,10.261289196799403,535,1,1,0.0,1,0.0
-3.373005438362762,0.13497890905123736,9.755826087982793,-1.4760954817672503,22.446365664048855,1.8870466621093174,-6.240842610080036,0.30367701606346964,10.670755559039398,536,1,1,0.0,1,0.0
-2.8970666561955563,-0.18798937922998818,10.315496285718641,2.110741706738776,30.64920512869562,-7.74899540068721,-4.421410761921288,-0.22945111755979072,12.937757759095684,537,1,1,0.0,1,0.0
-4.779293569666667,0.76075355942571,9.210191864433499,-2.2479028775414016,21.94327020762503,1.6614874655969405,-5.095633403055002,1.3793318308398288,11.882934767768873,538,1,1,0.0,1,0.0
-4.74085055115865,-0.4070581669200729,10.086312274734453,-1.2625750406297849,38.32472656237508,-3.854623051603388,-6.326193029610824,-0.741957159614517,9.98780912300502,539,1,1,0.0,1,0.0
-4.354593814878744,0.26410652941262136,9.46466261740843,0.9803585327326749,21.16297581193456,-5.843984020505067,-10.487483136508658,0.32402726748074223,11.920981749751045,540,1,1,0.0,1,0.0
-4.217674110005205,0.1214233758338547,9.932061816288405,1.3287925881292302,13.431504935400545,-0.8160814960609739,-8.417266635502418,0.1509810697353326,11.105674950468508,541,1,1,0.0,1,0.0
-3.3724176223047357,-0.5163563028919036,10.087456747079774,-2.539959785087493,14.6833981013093,-0.0703266932439955,-5.571403634120269,-0.5382350868909831,10.044677889124836,542,1,1,0.0,1,0.0
-3.984740715786733,0.057513387999400103,10.140891462686252,-0.42832289672470236,17.86159042494371,-3.0624232834276577,-7.521394420476543,0.08769912479651491,12.11552291243336,543,1,1,0.0,1,0.0
-3.541371259940655,0.6889458443090822,9.428011493453372,9.781374940989133,25.1466784013867,-0.3710892397210039,-6.924007117429924,0.955354560379633,11.385651451407854,544,1,1,0.0,1,0.0
-3.808875195684635,0.11587268225360574,9.475569463119319,8.127416086197139,15.293115397062063,-6.429692794056468,-8.722950441846493,0.16778140372795863,10.412980974936895,545,1,1,0.0,1,0.0
-5.244036511527281,-0.07437367251017662,9.912915349030508,2.7693620271152497,16.256244711529458,-5.058665773498121,-7.109931255174467,-0.17686656408650572,10.51114447781598,546,1,1,0.0,1,0.0
-2.1366896662925647,-0.3110482001943422,10.31547686401018,3.4443970225912226,6.901792274275844,-7.602013622162266,-2.8232006664197153,-0.4958322354661904,11.348812547778177,547,1,1,0.0002,1,0.0
-3.6993134421818494,-0.48497752959731805,9.646815404761883,0.6812792667002379,22.725806498569547,-0.12275259899204262,-5.443425975560324,-1.063740618897722,10.4845424808962,548,1,1,0.0,1,0.0
-4.216876549682573,0.41551213885652055,9.622162424808433,-0.4992248371679814,23.011765346172787,-4.5241844790358945,-4.473865773273912,0.4290096057758499,10.793705462708427,549,1,1,0.0,1,0.0
-4.751383976878852,0.03177368747459165,10.737200216131136,3.0225369801177537,18.396915905492996,0.2569614987160418,-8.06676758824244,0.05776338121157813,13.874773325367148,550,1,1,0.0,1,0.0
-3.668245773159511,0.25285457075664064,9.370384726595566,3.439366192287604,30.311614479614587,0.5921195773788092,-5.89633580824908,0.4155400325400117,11.636383241070101,551,1,1,0.0,1,0.0
-5.7475827251593605,-0.871436424168706,9.939363064366079,4.1840151538567305,27.520050690790793,-1.1789439295246316,-11.603870952424458,-1.560107662648358,10.540910683435426,552,1,1,0.0,1,0.0
-4.178656089678325,-0.9993035049944057,10.131396467857172,2.975898842817899,30.219949872937093,-0.3079212451352162,-9.173612174167568,-1.1368321276107738,12.800481506325298,553,1,1,0.0,1,0.0
-6.134285583687093,-0.09659394074900388,10.024143868656974,5.68859123591165,34.23834861493497,1.6871601120509512,-11.871533464867811,-0.13596884579034565,9.74043756657923,554,1,1,0.0,1,0.0
-2.711478608244569,-0.07597828855361094,10.14704088258748,-8.675750373572566,18.575382493830098,-7.023561221199088,-4.990148584892894,-0.08452885511570184,10.890893517002356,555,1,1,0.0,1,0.0
-4.321310223779056,-0.5575493420439886,9.56805029125019,2.822936108249497,15.150196278834315,-2.530270371903538,-9.603056278881487,-1.0813526726634286,12.159050391271284,556,1,1,0.0,1,0.0
-4.711738232542974,-0.4519975137329173,9.881897163805514,-1.9441165316695166,30.30523123681537,-4.883462430666826,-10.78590754997792,-0.6832571412602373,12.584291058418026,557,1,1,0.0,1,0.0
-5.036422824805056,-0.45406672487125166,9.617217788030864,-2.2313869126252364,25.695525499125942,2.9835336213717962,-10.014503074620869,-0.5740136902069252,10.073266841617672,558,1,1,0.0,1,0.0
-3.866955694994392,-0.013743153566076905,9.981227999232733,3.2534584445343544,14.836027457619162,3.1918031958404525,-5.56319044909158,-0.0203582692980057,10.84803188917214,559,1,1,0.0,1,0.0
-7.8841237128562,0.4113326924974416,8.893198816974643,-1.0415004625504707,20.294336208200352,-8.185330419197099,-10.334624393123466,1.0237701556102303,8.373701924077649,560,1,1,0.0,1,0.0
-4.779531728599673,-0.2555518076708062,9.595966205199574,2.8610726221616627,17.556787754345425,-5.888023986182729,-9.237468176551419,-0.38093360412611205,11.788709489618043,561,1,1,0.0,1,0.0
-4.652109480425249,0.05132188512538114,9.589356557373893,6.656871079113765,19.8154916671011,3.885095805323532,-5.936443768146676,0.06484168287388561,11.93319112864236,562,1,1,0.0,1,0.0
-5.481710387862697,-0.5394643535027052,10.07629548870951,-1.1112674869459567,19.043193192049397,0.5907046410218839,-12.948470158333706,-0.7727509538847108,12.278512865495294,563,1,1,0.0,1,0.0
-7.413462428851335,0.7044323132158281,9.86720857386756,9.36632767719194,22.279367994032164,-3.1328547149506454,-8.172331413974426,1.4667696311531555,9.994627315144822,564,1,1,0.0,1,0.0
-6.282314903304205,0.09435123976732042,9.414592563758244,-2.6790464210270155,30.406867029802005,-3.697281203698377,-8.157429081128706,0.22518126212876752,9.91766005643847,565,1,1,0.0,1,0.0
-7.0707631503090465,-0.19031322416719265,9.696370420377018,6.807252896318525,39.63103780087744,4.896154960588271,-14.510660766929629,-0.24468687818718812,11.351540303726722,566,1,1,0.0,1,0.0
-5.199080650846243,0.018985628416676965,9.3509584309508,-0.2679829516571665,26.334396664101224,5.916856424322764,-9.576227902402074,0.0318183274303369,10.740073748104246,567,1,1,0.0,1,0.0
-5.284627761112073,0.035293893155075834,10.067481674867057,-4.604603675400118,25.31472906826546,-0.5956119701961593,-9.157270483131677,0.07767226633075426,11.465132934534685,568,1,1,0.0,1,0.0
-4.822804470057006,-0.8170315152402913,9.09283816871511,-4.525397971542876,19.989254744236636,0.053993693323216074,-9.369583935070782,-1.6429379744042207,11.580845788888318,569,1,1,0.0,1,0.0
-4.208278081357908,0.1963058577175528,9.903230464837527,7.486166868175351,35.108326873004316,-2.2437314574130527,-8.55876899965319,0.291435903373794,10.73117177847159,570,1,1,0.0,1,0.0
-5.864629650617308,0.08146995946653716,9.490040609881113,-3.138746712526183,29.547370492036052,6.010576552874285,-8.900436050816044,0.18233535262207193,10.03707064846594,571,1,1,0.0,1,0.0
-6.851518814316479,-0.4917480558414568,9.365211086187143,2.4871952166998055,22.634965548781434,4.312419785977279,-8.537534288574125,-0.8364047451646475,11.210336436338794,572,1,1,0.0,1,0.0
-5.137762559913992,-0.24026002945493466,9.964750634801943,1.35507751251031,35.855087248729824,-5.104245197931877,-6.949414540558579,-0.4420727684892229,12.637680045294605,573,1,1,0.0,1,0.0
-4.646685623793926,0.08476970118651103,9.645527127951073,-2.724320459514906,33.36905169663019,-0.748722524203977,-7.379218797484344,0.12307324710446456,12.29364413126744,574,1,1,0.0,1,0.0
-6.419459748956354,0.2156617241873902,9.735545560973348,3.9931533674068054,35.81957099559481,-3.8979204394956395,-13.998231568082529,0.23169634898708164,12.066893975891881,575,1,1,0.0,1,0.0
-8.684134007637653,0.4119195771340653,9.764649918846219,7.390319775580574,38.83300864764404,-3.4661588238823215,-16.070744332023573,0.8733377179884659,10.483176535724132,576,1,1,0.0,1,0.0
-4.895486110653469,1.1846309577813188,10.30672993149594,-5.940655061725398,25.399291840341053,10.026678176129112,-9.804778537655338,1.6563871768793736,12.985671469994694,577,1,1,0.0,1,0.0
-6.988397983739812,-0.7877558864206986,10.279150505276638,-8.224245922748182,30.971224769380573,-13.716636503744564,-7.712642830561128,-0.931348474133763,9.874778982735608,578,1,1,0.0,1,0.0
-4.312981156135766,-0.9679122961715562,9.74025720782572,-5.287110691093385,32.71063003445364,4.621743349045499,-8.612074619308023,-1.8385417306620793,11.359836473662746,579,1,1,0.0,1,0.0
-6.040165050967617,-0.7737883414481935,9.457939061800365,-6.526527833043967,34.32539430241167,-1.95976244773779,-9.572702021842334,-0.8786470175077593,8.543351907032415,580,1,1,0.0,1,0.0
-3.201154342412018,-0.6634140175677294,10.307887066343046,2.736626067297049,9.321948612918385,-8.26625588529123,-3.5016867639451856,-0.9558165667116383,13.145601564168363,581,1,1,0.0001,1,0.0
-5.855951471457428,0.6003590650847374,9.410641758421756,5.846426851139061,18.42347427868207,6.842626891569477,-10.452678388587815,0.8212095244454687,10.686640391124405,582,1,1,0.0,1,0.0
-7.224763102566071,0.6061862196744473,9.510211761392336,1.2624190221852802,14.34178206370437,-4.125700451249944,-8.613969073217257,0.9685425049538534,9.414475638929295,583,1,1,0.0,1,0.0
-7.0204387714802206,0.8766805618311481,9.957924163626048,-0.8171686101884745,30.08407462306918,-5.090414427042967,-12.55014742018841,1.8169188881416545,12.540175768332073,584,1,1,0.0,1,0.0
-6.8031952958243025,-0.20462046667723968,9.618256212212813,-4.251268184922451,29.310091910684385,4.564180302007436,-11.679531856746204,-0.2925565299439087,10.287264423601453,585,1,1,0.0,1,0.0
-6.899151495475641,0.05511205511546339,9.767540635561863,4.166299407558464,37.34345481322214,-0.7151854472197159,-8.214756496314545,0.11223399885304332,12.494220629789591,586,1,1,0.0,1,0.0
-5.320324245580426,-0.31192334795231225,10.425228822918486,1.9877331762681225,9.442152478197984,7.446950942431925,-10.64193893241344,-0.7772910348548813,10.113257682615952,587,1,1,0.0,1,0.0
-6.3948822267364624,-0.20553995622957197,9.841371713642982,-1.3734574336710774,14.651714172564956,6.970250157829071,-12.363496156100686,-0.2798060439604512,10.642728342195374,588,1,1,0.0,1,0.0
-8.041333915400337,0.2726678589930426,9.840755815365831,0.31295623849832005,34.51310970646348,2.198372746576603,-14.169173568064851,0.33470347091344854,11.692370169287628,589,1,1,0.0,1,0.0
-5.557719321720311,-0.37293890284712305,10.364945304068039,10.202618529072883,25.232860981299407,-3.6544569186902587,-8.705421600329217,-0.5479107741580518,10.670372091698427,590,1,1,0.0,1,0.0
-7.083806304314279,-0.48206204111964984,9.669644277654413,6.8034236061366915,47.613435261827846,2.701262432228761,-15.861204766221556,-0.8933949599987722,12.32271278514712,591,1,1,0.0,1,0.0
-6.650785383329108,0.20043854790987087,9.96526419984265,-1.4092521258184443,35.540787976698624,2.653299804313794,-14.024566571204211,0.3589428253103266,10.809405210426638,592,1,1,0.0,1,0.0
-8.059184080738637,-0.08331628515096329,9.68598501104907,-1.792704826328111,24.567068516282696,-2.1760750179144526,-19.298083314410754,-0.16819084164998477,12.006516058592522,593,1,1,0.0,1,0.0
-8.42731556797525,-0.4543980156787939,9.75417430054943,-3.0399957676439,20.174141109979256,-1.0662918536802453,-13.602572237533257,-1.0908344818079867,8.96838935124922,594,1,1,0.0,1,0.0
-7.29786146442547,-0.48782076227125704,9.472312067780713,2.553671592972138,33.26888435250291,1.8564188163431525,-12.905885364461747,-0.9793127645260714,12.284415211025646,595,1,1,0.0,1,0.0
-8.078468972606052,0.44594019159332915,9.709469020144047,-11.871099950600696,46.77884874581882,5.38164200015232,-14.045620883526116,0.45234804340531204,11.142281702774868,596,1,1,0.0,1,0.0
-4.911021260682468,0.07541142496219728,10.020472614746009,4.661097226748722,32.819866542118305,3.6096131615065117,-10.130218875424228,0.1821023000142051,11.579557866227505,597,1,1,0.0,1,0.0
-6.379770157461672,-0.5822745447650663,9.937080239440354,-3.6629450693019545,32.99890638233458,-2.5912466524908657,-14.803204073775728,-1.261473825165754,11.83457256107402,598,1,1,0.0,1,0.0
-6.943018113299496,0.9814406174492021,10.400927439229305,1.1638776053721513,30.522508882331365,-3.2599858018062253,-8.237704242816687,2.201581145086784,13.263901819710538,599,1,1,0.0,1,0.0
-5.371037030514808,0.11483331864180871,10.07894535339517,8.654764164911978,36.765481545582475,-2.73767351321914,-11.436845301871012,0.2603151345378941,9.67290608667387,600,1,1,0.0,1,0.0
-5.882748920077788,-0.4431660301351521,9.804893398873958,-1.55696192701527,15.180158759090375,1.9250607252139138,-10.358985715064748,-0.6945935834551671,12.42413905610745,601,1,1,0.0,1,0.0
-6.7132007040241595,-0.0211252363414862,9.713152206066837,4.318713676982406,47.547387893204444,0.7817273157092073,-15.969274038750443,-0.028330036745168114,9.646274078484208,602,1,1,0.0,1,0.0
-6.938365108659458,-0.17726956398318755,9.539642969861738,-6.9865585263996905,28.283169839552777,2.0625524822350214,-7.622489025517036,-0.37521392380323126,11.87315902366958,603,1,1,0.0,1,0.0
-7.922130852231795,0.5842524851047615,10.46014733154354,5.5365442824068225,25.449605252109073,19.445993143699262,-16.31777529567852,0.9467736150077669,9.87968772571299,604,1,1,0.2048,1,0.0
-7.131547437106545,0.3489888896740267,9.872278327351262,0.8153846379484735,56.81196479465798,-1.0143031366889315,-13.022403020210348,0.752103906866139,12.362547161506837,605,1,1,0.0,1,0.0
-10.225940419701104,0.4347274077265148,9.493485182280969,-0.931025355718944,37.18948968217096,-8.35596339104716,-24.909271274801412,0.9215228789247696,11.850375988286544,606,1,1,0.0,1,0.0
-8.376472839165539,0.8446556017625072,9.93666000538745,2.356278704922248,46.290866024799456,9.042278237514108,-20.112034777066153,1.822522584145989,11.853713445602278,607,1,1,0.0,1,0.0
-9.523224032336048,0.21031402792249332,10.060256879891181,5.672402267217556,47.58066052609561,1.9984970976089678,-11.036107217950732,0.3341574992081563,10.612711161823414,608,1,1,0.0,1,0.0
-6.624692897667287,-0.48025984844121067,9.527739870317808,-0.01753841989422375,37.02322586085077,-5.222247690174696,-15.806635061046428,-0.6561051553181613,9.921619249382509,609,1,1,0.0,1,0.0
-7.284924777928591,0.324209958329117,10.548655565393926,2.783155352238632,34.15065364964266,6.580130476336227,-15.894252303044548,0.4613716959858955,9.592805850223726,610,1,1,0.0,1,0.0
-7.173451886561006,-0.1944157845052377,9.635357752292947,-0.7446471363175449,43.97866971859747,-11.845432343424084,-11.92621422629277,-0.2144173537636932,11.868862161620973,611,1,1,0.0,1,0.0
-7.116482207588934,-0.4417135474752438,9.77594367622275,-3.238423341355479,20.42219770296131,-8.209991561903685,-10.814064368372584,-0.48228956679265167,9.865950168126721,612,1,1,0.0,1,0.0
-5.62328345060031,-1.0228358973820049,10.572214736511441,0.5367880495490802,33.68239893636959,-0.8652356490515584,-10.254568143042912,-1.6429625223660271,10.760024124815772,613,1,1,0.0,1,0.0
-5.730451631078422,0.3485934451148257,9.4939779377703,5.529369770948843,21.909335735531943,0.7833926221214966,-7.037915042586771,0.3960002695694348,10.691589340494586,614,1,1,0.0,1,0.0
-6.632256645446888,0.7790924047053039,9.903443534776196,1.4924032220559282,13.960603704230223,7.556173338033325,-15.324441492056492,1.544239563586645,9.431142510555185,615,1,1,0.0,1,0.0
-3.717115967640634,0.38572458120244446,10.05669149991323,4.371061035275976,48.046843896959395,-7.258973126294804,-7.768943032374219,0.4025345790979635,10.211048268350988,616,1,1,0.0,1,0.0
-6.61606412345203,-0.3301785573621048,9.668729634929907,0.1776049329039981,37.66484114925138,-0.4105191075694247,-9.670472615292223,-0.7298570259706417,11.398333319361805,617,1,1,0.0,1,0.0
-10.937119951691338,0.32636549890199246,9.575659915595773,-0.19137205384576003,40.54629307433593,2.924218129969225,-17.723574213437782,0.7757826961876553,9.542171096336917,618,1,1,0.0,1,0.0
-6.294773471054014,-0.36568675771544396,9.316394424409003,5.712436113342606,62.29880277418976,8.77160494160967,-15.567936145966636,-0.48519648878936056,10.430920148869893,619,1,1,0.0,1,0.0
-10.187661590184561,-0.8291204259756141,10.06628925861372,-3.068390682211404,50.898504225055774,1.1186911745067982,-18.33548182631417,-2.038809402511253,9.07977571560952,620,1,1,0.0,1,0.0
-6.207266941630225,-0.18320730584334988,10.109118812771568,-4.491871507460785,36.399375956445645,1.6077436742472315,-7.145511981175626,-0.24625679955679888,9.326179133193785,621,1,1,0.0,1,0.0
-6.204370255181632,-0.02185925996730537,9.735332622537525,-3.5224005436684247,41.139789203556106,-1.4291589181649644,-10.673653278258426,-0.04346676152514289,9.904626377250988,622,1,1,0.0,1,0.0
-9.70983095266898,-0.346606713242055,9.708031061352864,-5.9186947638568155,42.17379300140826,10.996750761780019,-20.593751073048054,-0.5104261363588393,10.163144235726001,623,1,1,0.0002,1,0.0
-6.599312151548392,-0.5353166735632134,10.189597224394339,4.201555907001414,20.329536776468295,1.987884609979326,-13.603789381407873,-1.268706828469125,11.892115019237282,624,1,1,0.0,1,0.0
-8.035892058308526,-0.45900171540261064,9.941694835098742,-3.459083475129305,29.031779139022643,1.1776883282270811,-9.438932734607496,-0.504822665270008,10.482177382750075,625,1,1,0.0,1,0.0
-7.4997471999295025,-0.05229527584216103,9.559917767939735,4.492174611603115,10.467652574733588,1.7002495109591784,-16.520519960222973,-0.11358492506599839,12.083256638945834,626,1,1,0.0,1,0.0
-5.642167047770266,0.03487852668176356,10.564026433114455,-1.6888130193092088,38.45177313804662,4.58463537655856,-8.461329546214559,0.04189663430808564,9.763734968448773,627,1,1,0.0,1,0.0
-4.9648222405425715,0.07289313211022809,9.661846730557478,10.832107539346978,41.04147700029063,3.643010576020785,-9.755307570014267,0.09698834200698779,12.487163215825339,628,1,1,0.0,1,0.0
-5.8163520742165975,-0.7231176776259615,9.554779054438114,-0.06380965773780461,47.93726038106278,2.3753781786306405,-13.418520279230599,-0.8013001303409447,9.783253456215208,629,1,1,0.0,1,0.0
-5.075419740798077,0.4138796266220575,9.242247576550566,-3.8815063875156515,46.81901426262533,-2.3648731342423552,-10.236959370044003,0.9754644931507311,11.200400656680573,630,1,1,0.0,1,0.0
-8.093323306610568,-0.24784217627021907,10.621679632101637,5.764764485577691,30.651330040175775,5.030284322347255,-9.155194128136094,-0.5687227126794377,9.832268481443737,631,1,1,0.0,1,0.0
-8.518408084109,0.31220702887431034,10.369145181081208,6.673866816557564,39.96946595965035,-6.5848303941833075,-12.629490162664764,0.40445043871643005,12.992349203843318,632,1,1,0.0,1,0.0
-8.557925129670465,0.09549851513367554,9.258391728666108,-10.822752057754599,39.31890674761688,3.7427666893044513,-16.076790146169994,0.143401069983963,10.777333975962538,633,1,1,0.0,1,0.0
-9.172120353143583,-0.037667990773745906,10.33725524761774,-4.713080603607623,51.749890805757246,-2.7102105033667923,-22.891908549989846,-0.08102976603041563,9.323234296834574,634,1,1,0.0,1,0.0
-5.381025272238563,-0.4374697270705669,10.26302314487356,-11.074676279327607,38.94080435558462,-9.514773761524953,-8.374414610753854,-0.9841216004282665,10.738865592666572,635,1,1,0.0,1,0.0
-5.9604848996521795,-0.05822216279911807,9.713502456457318,1.6953790798111958,42.83707285659743,-2.0629293914444573,-13.577173413030359,-0.07151207033754328,11.683214746427913,636,1,1,0.0,1,0.0
-5.5346817871397445,0.5228599660340466,10.294045888467092,7.630748812510411,28.980916931046877,-4.987307251700683,-8.568352724390957,1.216858017008154,9.390628688092145,637,1,1,0.0,1,0.0
-7.5268525555327095,0.01980189013155746,10.07011152439493,1.1861658204874475,50.32094604613931,7.033381275729422,-15.399069508343697,0.04112952165167144,10.13220809986282,638,1,1,0.0,1,0.0
-7.278553501651638,0.08701526535767391,9.91829282471683,4.773226668953201,34.22621024006431,7.325025110998245,-11.87306274298764,0.16797364518581775,10.924150887399104,639,1,1,0.0,1,0.0
-3.6503623367235822,-0.13023640999124667,10.02746488279514,-1.4193155383520084,24.50582976428337,1.7405027880169555,-8.231301068432051,-0.26718406406595996,11.923612026194782,640,1,1,0.0,1,0.0
-7.724212290071451,0.26770083921570426,9.730023581396045,2.2000779160397848,33.300226176892835,-3.7370615481738954,-15.648917407642541,0.4220031003033746,9.660473151606732,641,1,1,0.0,1,0.0
-4.8058299454373525,-0.37853026237464404,9.706900784464514,1.245742051048325,47.68577680375243,5.833830259642168,-10.23076765440189,-0.7491782045210801,11.895383900697336,642,1,1,0.0,1,0.0
-6.18665296353749,-0.28813222529162874,9.804909910512126,-6.166009620044102,45.708914384393445,-5.309808579224925,-14.834194158328511,-0.5726929901075175,9.630135354927203,643,1,1,0.0,1,0.0
-6.9511191714781315,-0.38822963330679733,9.528518182761998,8.591448006435265,35.72020231076461,-5.09588113089981,-17.219922960364794,-0.9545157759855056,11.381688097150061,644,1,1,0.0,1,0.0
-7.5661610867897044,0.98036212551807,9.258068436912716,5.452369152414319,33.72695490087982,1.5710287904980684,-14.855485125677397,1.2519175390555781,11.462983342470025,645,1,1,0.0,1,0.0
-6.015839028500007,-0.19413130983212476,10.072258961627487,-7.124549747509321,60.63030593826328,1.7079527938794816,-8.657057104592251,-0.2809263683934305,12.077469761146604,646,1,1,0.0,1,0.0
-5.470656583808333,0.9508577430861211,10.772452772594358,6.765971573525792,23.677984187683574,-0.5027495164062137,-11.792998488599364,1.0123526377176753,12.965757413857578,647,1,1,0.0,1,0.0
-7.283182334152579,-0.18217355541227603,9.358493110754345,-2.097202789333466,33.74213150501732,7.3478847794223885,-17.045064991263008,-0.270633433796572,10.55009433450711,648,1,1,0.0,1,0.0
-8.836873649449366,-0.04412956166912617,9.840341857502745,1.2366444573738131,37.85871727229977,10.47987655305814,-14.955281363730528,-0.09886040442949436,11.821490987824847,649,1,1,0.0,1,0.0
-8.883154327569294,-0.26329138957955706,9.488032031977797,-5.585248493513078,48.44740506799235,-6.170737315724218,-12.08881584177652,-0.48667809831069225,11.472031937929101,650,1,1,0.0,1,0.0
-4.978208714715832,0.18441647744389325,9.035320471064804,5.261308432517845,21.758040313720844,3.0576768219380774,-5.392010769128177,0.35241023134533217,8.276943230905353,651,1,1,0.0,1,0.0
-6.165168963709329,0.14523761578668493,9.831178329574412,-5.925335101983377,31.814905578245003,-2.538331907907579,-11.771866874696611,0.28066951482398883,9.76522563101527,652,1,1,0.0,1,0.0
-8.13798648308136,-0.16265575503206198,10.255616664971368,8.56261065501982,29.22772597011611,5.807723476430557,-20.181381722240552,-0.21542656328999438,9.34064094016983,653,1,1,0.0,1,0.0
-8.926673358611147,0.28324128282455996,10.111114759159356,0.0360944550971351,39.967611575571205,0.9121101881130216,-11.827037894871884,0.6117187100292412,9.100917725253225,654,1,1,0.0,1,0.0
-6.885745088700791,-0.234298928687345,10.732438200160756,3.7961958296268583,35.83225784838341,-2.7790833720036905,-16.549123425089828,-0.3091546348189835,12.207664228761493,655,1,1,0.0,1,0.0
-7.537631309922845,-0.318170004194273,10.01950136126978,-0.4695968121893236,46.45748583711085,-1.9704183153194064,-9.038478271606083,-0.38800655931798594,11.696981586080886,656,1,1,0.0,1,0.0
-8.087197441643335,-0.22846145001085283,9.111796243687476,5.6012479909975434,45.1539653940031,-7.307731481429728,-19.251717235977612,-0.5426530073619895,8.912961309783464,657,1,1,0.0,1,0.0
-7.227429925925948,-0.15525182047635516,8.961293254531764,3.0724640334052116,21.651221260867622,-1.0028495670829223,-17.433260146040364,-0.27121939753124963,9.78585820591524,658,1,1,0.0,1,0.0
-8.0699508720035,-1.0505850219234958,9.340862126165797,-2.2905120368488805,42.41843229008844,2.0068919580700606,-8.724269810210004,-1.6317522252435195,11.023853157160088,659,1,1,0.0,1,0.0
-4.6551391716042225,0.6661104367909959,9.659403513499054,0.0968939805208088,39.71996495442018,-0.40454750944918844,-9.797697930724526,0.9339820000526903,9.338445423989326,660,1,1,0.0,1,0.0
-7.974016601744483,-0.15913229177917143,9.50049975093075,7.65574321106199,35.11995527765944,2.9812201978346065,-11.984808317109383,-0.38577497620450807,11.84299970894856,661,1,1,0.0,1,0.0
-8.092711089563647,-0.35533557132133486,10.008972798301798,10.10298391210233,60.060987464303764,-4.169750650891377,-16.226277310795563,-0.78911628436041,12.640287550550731,662,1,1,0.0,1,0.0
-7.494611667777715,0.9357025368444003,9.569162485465142,-2.8287714307441685,39.17142413787359,4.535617043749981,-14.535902406850093,1.093484434679574,10.973956454234107,663,1,1,0.0,1,0.0
-6.767273693509592,0.21367585271099943,9.820420507061352,-2.8500425643312854,45.89985551962992,-0.35880478623964535,-15.809474917476683,0.33067419896159084,12.349040816683818,664,1,1,0.0,1,0.0
-8.459294232303773,-0.5425863253563337,9.592957377391377,6.4179078171732975,37.142818147388056,3.831933989221134,-9.215602778930313,-0.8734491962707015,10.997403174259995,665,1,1,0.0,1,0.0
-4.874725524526413,0.13128673654411652,10.556222285240574,0.7946769669516106,30.57888344744525,0.3466855452714529,-5.752740205132842,0.22980121540989668,10.050832419206413,666,1,1,0.0,1,0.0
-7.858166032483172,-0.4326736162464546,9.92431296019591,-11.618256738823213,6.07708441565196,8.798646729523595,-12.122488710312831,-0.4611805649497778,11.50302291772225,667,1,1,0.0004,1,0.0
-5.233671233447863,0.41785568325844324,9.718870688725152,-3.3981968780546183,42.21916605541925,-3.3560380391899187,-6.512424291150979,0.42548345058983617,9.431577995175891,668,1,1,0.0,1,0.0
-8.074566663124315,0.28837138660459033,10.455008348566636,-5.944889348527683,45.25602198496015,-0.47846212853786774,-16.851685591166923,0.5394396769890476,13.036678274377936,669,1,1,0.0,1,0.0
-6.991392992885318,-0.061183561781528215,9.846531506071857,4.358594440540696,36.02603864468353,3.2575250366026336,-14.699234238430815,-0.14996776857393218,9.984470715404356,670,1,1,0.0,1,0.0
-6.253834530869245,-0.32116109905464413,9.814461094256156,4.709201687434455,35.799111400173224,-0.5918919462697159,-12.627730198614493,-0.7554099297587865,9.661807948911484,671,1,1,0.0,1,0.0
-3.6733080088200616,0.05549924544033275,9.275415651480161,-1.3913124476590122,28.219392681244997,-0.8255183416495004,-4.239295404025382,0.05818112700860101,10.525834494187622,672,1,1,0.0,1,0.0
-7.5335010989716995,-0.6028701673609136,10.150755412282908,3.849554577321674,41.75010650789787,15.124423223754457,-13.831810967911876,-0.9111661249703578,9.730782180560023,673,1,1,0.0235,1,0.0
-6.924981686367908,0.8687222144671894,10.012364925939453,-6.434227269570877,39.453401668300884,6.310444306281534,-15.124619743030648,1.513174325995205,10.195318376359664,674,1,1,0.0,1,0.0
-3.687602223951874,0.580598229530034,10.394152484502293,3.485600925109677,47.4984413776178,3.2200288684941034,-8.676342868636105,0.9829284318008068,11.833350383343841,675,1,1,0.0,1,0.0
-5.062935909334275,0.29128184709456834,9.479369928302084,-4.178930644132839,16.283453224804166,2.3474436723882053,-11.122034945658847,0.49145549448469716,10.332401712127592,676,1,1,0.0,1,0.0
-4.3406504820883764,0.02339715806979198,9.94108887365197,-1.701993946487508,30.90601765484486,8.690609803248787,-5.771186216192393,0.03823183248101382,9.377374210035608,677,1,1,0.0,1,0.0
-7.755375812167805,0.03920940094521842,10.192216582982283,2.879244010167568,33.214605577756856,-2.7452925339091223,-11.894494992146122,0.08123163321009574,10.680786139280237,678,1,1,0.0,1,0.0
-7.997621875735492,-0.081482297601512,9.65780709165548,-3.4121649755315846,32.919348272966,0.10380007948466509,-8.45484794488969,-0.19047814058897652,8.771603895212449,679,1,1,0.0,1,0.0
-6.7801053800151925,-0.18691133550862704,9.666075659642306,-1.0766726514141824,28.836753014653,-0.977057297606758,-10.50155326306901,-0.4007087937780946,9.663899890541403,680,1,1,0.0,1,0.0
-6.175699316923944,-0.535384486258111,10.575554534980796,2.2870074204654953,60.59360727665269,6.536031514158207,-14.063136699993404,-0.8896084767203445,11.79149387120106,681,1,1,0.0,1,0.0
-6.34765261950912,-1.0626127119737852,10.631206894699554,8.535231810356649,30.533311213674367,0.8402852885964931,-7.458122680827408,-2.0677644715217127,12.000202033703943,682,1,1,0.0,1,0.0
-4.979225747769995,-0.09237227987341144,10.164481076426508,4.810890839177538,19.05373928202276,5.356066734467664,-10.022561153623966,-0.17980156046118,10.963928718229294,683,1,1,0.0,1,0.0
-6.274751218375915,-0.2817016943075362,9.982710254743315,-0.22625957800209,29.028535315599157,-4.964401083458123,-7.723791330552109,-0.5802500744828161,9.214948327393802,684,1,1,0.0,1,0.0
-7.5236528863082075,0.603021192680219,10.16448085376611,-2.4357141557091806,29.488181336516565,4.247473780004854,-18.425534782967436,1.211776549708669,10.036465694470431,685,1,1,0.0,1,0.0
-7.411843600794993,0.5559162563206904,9.303851650229076,-2.0013261454532416,21.26689916922313,-0.6213589791939937,-17.337998437439857,0.6744105988993494,8.99854651172674,686,1,1,0.0,1,0.0
-5.466725774117981,0.9009804250629789,9.97354940119099,0.8208882829255161,36.674285287679126,-2.1205359237672794,-8.739072571575429,1.887112495023719,12.768869466165768,687,1,1,0.0,1,0.0
-4.942406800640477,0.40293865193133005,10.434936684972959,-1.5153765094901381,15.402697769387657,-3.7111316626717743,-10.378735022726385,0.8256565380463438,12.39204290883533,688,1,1,0.0,1,0.0
-4.759021782412868,-0.12328693356912707,9.309579776149322,-0.11314136408208952,22.948357191889272,4.231229846863304,-11.18797014939428,-0.15368426535534752,9.48884069091854,689,1,1,0.0,1,0.0
-3.2812993286844643,0.24839298914433006,9.77487902254134,4.47492716426834,45.988990167503935,-3.225588222011943,-7.412790880140693,0.3322867528087896,9.237463949856863,690,1,1,0.0,1,0.0
-5.831937928847529,-0.42730264980562377,10.063139806148222,-12.13609738633413,44.88758321397709,6.773721172382379,-9.340887373702358,-0.9116954131408849,10.016285401452445,691,1,1,0.0,1,0.0
-6.900233710116674,-0.815018375444873,9.622317766459428,2.804311394333008,30.847074702433513,-0.5092166620627823,-11.473433514629026,-1.920132319520264,11.317333198560306,692,1,1,0.0,1,0.0
-5.885034365379653,-0.4948088111249036,10.24672333946472,0.19912095755125375,32.477789698160315,2.5811650508066664,-9.377586488174968,-0.8322377898521524,12.306554134193377,693,1,1,0.0,1,0.0
-6.066100049658652,-0.5932702052052417,9.499470302788454,5.243026244445717,43.41000068617116,2.1854597950047694,-11.134495894229156,-0.6961413393346814,10.333869910718441,694,1,1,0.0,1,0.0
-4.867171999123297,0.014361584184884011,10.730680308842542,-2.090147140317534,43.357869827298245,1.7156160018423694,-8.401964035823745,0.026063822677997176,12.833275961928052,695,1,1,0.0,1,0.0
-6.339186261633299,-0.9417668584469987,9.499003834728239,0.11207121116813636,38.133499051794956,5.58658619437371,-9.97973571675915,-1.0026060493973963,11.41710901342486,696,1,1,0.0,1,0.0
-6.6649487772313485,0.1596845721096599,9.753708921681072,-0.3140616553657466,34.82522155589412,-2.261303664129091,-15.627696658712543,0.28864390766010356,11.780532814561825,697,1,1,0.0,1,0.0
-9.653460408318846,0.7162894732883945,8.725617957767744,-6.201765588779255,38.96325023589715,2.4402898965472226,-23.72916789321167,0.9235072279786067,8.157880784293196,698,1,1,0.0,1,0.0
-10.793370470595125,-0.8109450205789186,9.775221606268595,-7.163176416772127,30.720648065221372,-11.871469320826284,-15.540382931171283,-1.2410221394289336,12.04622966652596,699,1,1,0.0,1,0.0
-0.0803585201568779,0.04847841984960405,9.852768759932353,-0.13834655696053277,2.288788481135236,0.47834460012875557,-0.05879744782148105,-0.025426598670399453,9.93135169186221,700,0,0,0.1537,1,0.0
0.22597169514527962,-0.5971223649192128,9.953846909055226,-0.897890388160923,-2.6857439107724868,0.3145952275021622,0.27122011169640714,-0.6157443634416877,9.894216554002965,701,0,0,0.152,1,0.0
0.2000299673036309,0.16274772462715723,9.987081353023848,0.04441190387250366,2.8468099434277097,2.2294792860711765,0.16035182989377628,0.1354097429509209,10.010396597676126,702,0,0,0.1537,1,0.0
-0.24267697162713323,-0.18438867849991172,9.76734504641475,1.9982709663269809,-1.1410379932264223,-0.8418496503440903,-0.13175441183231082,-0.1447810523445853,9.775009917005503,703,0,0,0.1537,1,0.0
-0.7953558213635356,-0.06711021328690506,9.723912362362546,1.3269169099059543,-1.0639430330053088,-3.416906202818005,-0.8180720879373685,-0.09937143902994974,9.734967963382676,704,0,0,0.1534,1,0.0
-0.12858060850692063,0.3151603213184715,9.42020536234945,-6.3494669402501005,-4.876178325816183,-1.8683256361102454,-0.13136911661337144,0.35755048289465613,9.456241222588286,705,0,0,0.1537,1,0.0
-0.22231189876159765,0.2328266238950377,9.938994844606004,3.466487795136889,-3.4321971501789146,-5.009197408590889,-0.2285058112756074,0.11371855378666065,9.938288201832428,706,0,0,0.1537,1,0.0
0.5241496214255441,-0.18686089151587623,10.324606060138708,1.52925597493119,-2.9287052511625014,3.4405178973349164,0.583025168457223,-0.18470939302354963,10.44211007561241,707,0,0,0.0465,1,0.0
0.18836738163361724,0.28846094938151,10.16640356892631,1.2411667351784064,-1.5095512916890481,0.9926438221820029,0.24776240423959012,0.30392728245805606,10.159262821273966,708,0,0,0.1537,1,0.0
0.08546677068675848,-0.1911845581535532,9.72635758062362,-1.4135980710888774,-2.171425113233858,-9.281756007599974,0.048201133099271466,-0.16458506688423633,9.71172794186157,709,0,0,0.1502,1,0.0
-0.6156560124031152,0.6113404503842081,10.223898057192791,-0.5318195595640494,-1.7928027634744552,2.519486455752543,-0.6063403452707583,0.48877086040097495,10.256753427790509,710,0,0,0.1533,1,0.0
-0.00015367091850402892,-0.24732206010948077,9.962519513140906,2.4891531677749943,2.0552459494988,1.2153914922522362,0.040180766889702076,-0.2790998375910481,9.80131476051379,711,0,0,0.1537,1,0.0
0.17287595974625383,0.293288128399666,10.24489774385386,2.521021090661675,0.1363457892885524,-2.5330969547168194,0.15353242556178015,0.3057820891206666,10.389585067449167,712,0,0,0.0509,1,0.0
0.5903519489400731,0.0564747788460285,9.757449969363885,2.9125462557970594,-2.5328408078643188,1.6959530022199194,0.6198112000119291,0.11212829569949527,9.762928478361408,713,0,0,0.1552,1,0.0
0.41322219328012927,-0.2705676658040151,9.612748579916596,2.7500756773720854,-0.15038836773211822,3.858372170127548,0.4873469112764532,-0.24668458372394456,9.537689524020875,714,0,0,0.1537,1,0.0
-0.0009455584806123688,-0.18374829246731575,9.954050520730735,-3.1486175257448474,0.17767351269322285,-5.961644378121627,0.015286871123699742,-0.12061025994707346,10.057749392525768,715,0,0,0.1537,1,0.0
-0.148359831893044,-0.2644013221035071,9.794596356242609,3.17115912672278,0.8095528029859508,0.4643158680649623,-0.10995083744733444,-0.31235773433195047,9.727603614800602,716,0,0,0.1537,1,0.0
-0.5470726525538543,-0.060762537049027364,9.952942310346721,-1.6768515417252146,6.036487259184957,2.0098420098218472,-0.5899529675154536,-0.08000669044809179,9.95723356765469,717,0,0,0.1537,1,0.0
-0.0260025394742718,0.08681960326081456,9.92668053277226,4.334098207976216,2.254576422164598,2.3193562782330943,0.01812221644990479,0.13399126446055026,9.958710124534715,718,0,0,0.1537,1,0.0
0.8663176839635184,0.04615503372178972,9.926396969564363,-4.215667008019169,1.7872806105303978,-4.423739028687674,0.8587838878959673,-0.03254217603553597,10.068511644569245,719,0,0,0.1754,1,0.0
-0.32940067930789924,0.3728386020862869,9.678915408636406,2.14310652138394,-0.19451849155722167,0.8493398379069401,-0.3234793206825977,0.29115803583398175,9.69666358652006,720,0,0,0.1537,1,0.0
-0.1710989264379559,0.307147944109126,9.868010980315722,-4.759640659564092,-0.8519228385635826,0.5565098091201962,-0.10872520421120724,0.2575249194664232,9.886657067626214,721,0,0,0.1537,1,0.0
-0.48683754418836,-0.6520845826381836,10.067646416823724,-1.3569694201084719,5.536328007299283,4.474585093595812,-0.5741289248918714,-0.710647291300706,10.102713751976086,722,0,0,0.1438,1,0.0
-0.2921086161924003,-0.15507378250722628,9.539949267426591,-0.5680785324371368,-3.4464959373973034,-2.554465340053024,-0.2803982611815221,-0.13894726486361283,9.573952536374078,723,0,0,0.1537,1,0.0
-0.2660540740310545,0.35216734459524957,9.69567643150955,1.105464127904873,4.57976413778268,1.3149037352897102,-0.30668528930246564,0.37377232669365174,9.790999671184125,724,0,0,0.1537,1,0.0
-0.0016053009725722446,0.04159869152446894,9.619375637832515,-0.6055884411170493,-2.364934681478574,-4.448789844111591,0.030340518095596864,0.033580455787461626,9.654025185061231,725,0,0,0.1537,1,0.0
0.22493078283376336,0.33220784201430426,9.783583531472564,4.094038596960157,-3.0289884397744027,6.7429719212452275,0.2658476495263058,0.2938215073686793,9.688991886765201,726,0,0,0.1531,1,0.0
-0.43514560173611855,0.35394120742482404,9.889403178000457,-5.653416195438556,-2.0554188501072743,1.3307555002928788,-0.39547832958258,0.33020965433968097,9.923861694518335,727,0,0,0.1537,1,0.0
-0.44504213389851977,0.12287551077915494,9.401026006892078,1.3338275544867753,-1.6343745199505184,1.3378919152757371,-0.4557550920082889,0.14680545883482382,9.447999017565573,728,0,0,0.15,1,0.0
1.1794687048455306,0.015589418364908587,9.716966056901548,4.403303326961291,0.05816716778029519,1.788127147628698,1.2367535700587817,0.038494131482824226,9.697710518750455,729,0,2,0.3903,1,0.0
-0.10276531788153646,0.03144530657037983,9.62175966387921,1.5026114469723768,0.20473842067189832,-1.2456978471733022,-0.07560408635600284,0.07951962756320094,9.604193483498404,730,0,0,0.1537,1,0.01
0.08935581160505716,-0.18555157109804238,9.343512935247883,2.035052612492693,1.123897799552,-4.744605759042946,0.03909232587754929,-0.17418071529039666,9.353876728434404,731,0,0,0.1505,1,0.02
-0.038857104133627494,0.27147017450477856,9.783817149127165,-3.1136362203694605,-0.029503452098657422,-1.0769912026960329,-0.08192777492744018,0.28937491920368286,9.730828787698778,732,0,0,0.1537,1,0.04
-0.1993462212429434,0.3468907372697384,9.678885236178072,-1.9802933032338221,-0.47873709950849785,-1.2399617117482535,-0.23513572999546425,0.35333126783687774,9.73075460004688,733,0,0,0.1537,1,0.08
-0.08826809272879456,-0.10225723077844656,9.761006823448685,-7.837372046722946,-1.9767129577975184,-4.65747032751386,-0.03382501392182634,-0.09613400784611921,9.690396385729919,734,0,0,0.1484,1,0.05
-0.08244266936201582,-0.1557371587779239,9.854125889035478,-6.536616136855532,9.139992140390538,-6.4516799819245705,-0.07831250502182588,-0.136766411340853,9.85802830319314,735,0,0,0.1337,1,0.07
-0.024072597403948442,-0.09209365516920918,9.738584231493064,4.6961628264209505,-0.46526579987121597,4.176137164371042,0.04005322413942576,-0.14813071952509466,9.699292949353246,736,0,0,0.1537,0,0.07
-0.14967620089257752,-0.2091611073054109,10.022036613187716,2.137327427214935,0.7914931388866151,2.83520073633358,-0.14918104461925788,-0.2631750569416178,9.909480833135104,737,0,0,0.1537,0,0.24
-0.4342507282429204,-0.0735772403484871,9.990565763866048,-1.4168374136511575,-3.3005460730550293,-1.294808289196471,-0.48120129903159947,0.04616825908159891,10.0398233762597,738,0,0,0.1537,0,0.31
0.06655273616259415,0.4597812259457979,9.969338570601462,2.5592534453695013,-0.8912481142656437,2.5475644656277625,0.05829337629621978,0.5674015719359135,10.11866257433201,739,0,0,0.1537,0,0.29
0.24497807023715779,0.6171989643545647,9.619464239231112,0.8715425839725651,3.747534320597605,-1.3430655221554058,0.2479901616513453,0.6418004375606416,9.595018439635862,740,0,0,0.1531,0,0.24
-0.030927945812833164,-0.2278711544797668,9.889003894587459,0.4484173536727905,2.52022936571231,4.22028870886318,-0.0003788665079037454,-0.26849751541403194,9.879138349243219,741,0,0,0.1537,0,0.2
0.30100710283821236,0.13807225283091862,9.743384747324857,-1.2013144122969222,0.6384420570258924,2.1262697419708605,0.24697323464679857,0.15367868243785585,9.719705669796685,742,0,0,0.1537,0,0.23
0.2993775228745857,-0.389778539594909,9.895006924663539,-3.043040190012321,2.590912903091402,2.189413525398215,0.35221126143309267,-0.3978247031972023,9.887292622515947,743,0,0,0.1537,0,0.23
0.013051434944960956,-0.07753202847113606,9.687723449875769,-0.790746352890675,0.543767860966614,2.5430700648186564,-0.06605840681699544,-0.05145360092446634,9.727017154056194,744,0,0,0.1537,0,0.22
0.0016566376295653162,0.6174968877657737,10.077060877265042,2.955614897605151,-4.044654093445162,1.5015020536272181,0.07062711869314116,0.6003303361617673,10.051924280911985,745,0,0,0.1532,0,0.17
-0.4704931528447935,-0.14379207980634418,9.919253605595285,-1.1636068819871097,-5.824730249694462,4.00799951775674,-0.5374789726215577,-0.10480348445117577,9.98827364358301,746,0,0,0.1537,0,0.17
-0.13507985521175322,0.11338181174656502,9.887231735434618,-4.120231397675698,-1.884976673616186,6.591477291368582,-0.12237844214428821,0.12289043710500822,9.939503872242513,747,0,0,0.1531,0,0.13
-0.44923843411651065,0.2209594512512506,9.726945550920082,-3.7619342474313804,2.9408662302033126,9.259530954551654,-0.41836266876575645,0.22408729329795063,9.73390903336383,748,0,0,0.1498,0,0.18
0.2347905519340546,-0.3770644320496414,9.872929081284905,-1.8000311856957247,1.4299849612767601,-1.148057442140097,0.3332443228035798,-0.5284570308162424,9.846999105232625,749,0,0,0.1537,0,0.0793
-0.22649056864284778,0.09382789060329581,9.482039200322815,6.416564313427855,2.8081699391318087,4.251742119662577,-0.21462501928093838,0.09383766721063187,9.457404311548848,750,0,0,0.1529,0,0.0793
0.14662158285451915,0.05192349106308592,9.601413380389513,-1.0455342250051995,-0.054195472410102516,-2.602984210252278,0.16865204327581246,0.0005439792847277414,9.567253584901882,751,0,0,0.1537,0,0.0694
-0.41325655864378413,-0.33627601467214024,9.723392236166617,-0.25117709191594784,-1.9250505154147128,-2.7440863741093375,-0.374694762397458,-0.35532863232083733,9.702728771778737,752,0,0,0.1537,0,0.0694
0.363148120949628,0.18810388762705688,9.814127090401772,-1.9143338836286885,-2.235294396001312,-1.1259664464071122,0.4013861570867765,0.2456420525964012,9.76472078691363,753,0,0,0.1537,0,0.0656
-0.050310263304248606,0.48918971934582384,10.014564115230385,-4.807831422798714,3.4615991042241028,-1.0317960251638305,0.0008099467088442461,0.4196520363074572,10.073538685343209,754,0,0,0.1537,0,0.0657
-0.43770600637656093,-0.14260908780174897,9.788377618290477,-5.819117033433304,0.56864852781662,2.3010361965977673,-0.522419810502176,-0.1223550961061424,9.773736367930185,755,0,0,0.1537,0,0.0657
-0.07005577311918287,-0.4067019678151025,9.739503319922308,0.006966598989793743,-1.7554554377186922,-2.181732525907102,-0.026410212183987675,-0.32008373830842785,9.708923352022321,756,0,0,0.1537,0,0.0658
-0.24396392236130854,-0.03843808556813998,9.845358285594823,6.3437856137056805,2.1580662304770772,-3.1801707564954844,-0.22099992306348068,-0.022125845664462605,9.82074628856228,757,0,0,0.1529,0,0.0458
0.1637163722986655,-0.008269334440864883,9.5507368297774,-0.9152954241039817,1.4071615933135349,3.120974164139966,0.20355771420158056,-0.05292592590766573,9.532728395984611,758,0,0,0.1537,0,0.0458
-0.11190155706885695,0.1340500400730539,9.778279580829754,1.840932536458578,-0.477434248658528,-6.2471496248601746,-0.07108955581042849,0.13423113977586854,9.849957138315382,759,0,0,0.1537,0,0.0451
0.08784494889187432,0.01964084405602753,9.646949672172155,-1.8821767439013204,0.7514323076045097,-4.080807994673457,0.05312863813174017,0.0021440031277444767,9.66872874827453,760,0,0,0.1537,0,0.0351
-0.04024738000965384,-0.0028139049944655397,9.679953373269708,-2.910089431825032,-2.23373215969845,-0.3780206958496114,-1.6620038466919063e-05,-0.019356886764355066,9.776387471650912,761,0,0,0.1537,0,0.0451
0.20942729187427334,0.08186230470351534,9.5723522215954,1.8923183613807124,2.400106990047422,-0.9701574648928861,0.13272306913456838,0.08902862581541247,9.614017354504643,762,0,0,0.1537,0,0.0451
-0.08164621933233511,-0.18419669184756268,9.507273169618395,-2.091854223628111,2.488126486760529,1.3957632588529085,-0.08582390437148289,-0.19122794398390158,9.478263257733637,763,0,0,0.1537,0,0.0351
0.3190162717758415,0.11931564896479926,9.887127382193919,-4.234993260106268,-5.654011866458962,-0.5084770325795487,0.2922678630545923,0.06991515213375019,9.880981182044765,764,0,0,0.1537,0,0.0251
-0.08214451271133262,-0.29396589800129314,9.771420697087864,0.48833943669244806,1.775708045604698,5.548657618986171,-0.057572835101250094,-0.255491008589949,9.791320246385032,765,0,0,0.1537,0,0.0351
-0.7048862571763719,0.39737066423429035,10.20104860096528,-1.7274535738710224,1.0375032224782763,-3.257542912971217,-0.8229510387294736,0.30700387845765037,10.13292957441111,766,0,0,0.0891,0,0.0451
-0.016745444264636054,-0.06499862338447067,9.939241675414355,-1.738739617816611,-3.6577731513496725,0.37473057115384945,-0.022557202265798604,-0.0948689423284574,9.901772771736091,767,0,0,0.1537,0,0.0251
0.5680222255524618,0.06827393946944689,9.867502412011902,-1.8334068966245343,2.1864076664613497,2.377040867737552,0.6285331113598959,0.08125229204935734,9.817654278119218,768,0,0,0.1534,0,0.0251
0.14738662819492296,-0.13420661634911096,9.734236636551115,-0.9087023962900305,-0.1500930398800189,-1.3965040440659693,0.19955414319173478,-0.16822490429760426,9.78106251525893,769,0,0,0.1537,0,0.0251
0.49797057245520204,-0.28942432810394186,9.944392925916947,5.590201641540293,-1.6378961693880147,-3.198873375266711,0.5130026807078486,-0.3354738726517067,9.958059033023684,770,0,0,0.1537,0,0.0251
-0.037920816770617254,0.08783851442902214,10.114599859402292,0.6312085102815821,-1.266408209876475,2.3272554382394235,0.06615591549331357,0.11195265296754262,10.131130456328377,771,0,0,0.1537,0,0.0251
-0.0004537331371946814,-0.45340881258981564,9.85319479586291,2.895763270523405,-3.533043000435212,-0.5104287013158,-0.03261898951558375,-0.42843523844444714,9.901216173300234,772,0,0,0.1537,0,0.0661
0.3567488207019713,-0.48637030386319197,10.029551398405431,-7.777105882896116,-1.3943814533879477,-3.004488370421374,0.4788924421100902,-0.5285916862140775,10.003957071753995,773,0,0,0.1511,0,0.0451
-0.27599618149931576,-0.13177806058464503,9.584443347045875,2.3621466543828524,2.7064792388719594,-0.21421456374952266,-0.3730043374167557,-0.23732616925223848,9.533732776558596,774,0,0,0.1537,0,0.0561
-0.22330201851269338,-0.007509363191867899,9.869193085627607,2.7657437960810993,-3.727504412754679,3.4548664879664996,-0.20156145831555813,0.012541118091842544,9.884865464432508,775,0,0,0.1537,0,0.0461
-0.17619317508341462,-0.6602608770338242,9.723271316944427,-2.2008505874404785,0.09187755048193416,-3.411344082652662,-0.07311287422367481,-0.7026527601154656,9.745310743796232,776,0,0,0.1509,0,0.0351
0.1795853501688937,-0.031396583154809275,9.666918035006102,0.6001796296272969,-4.620578145618154,-1.288545968673763,0.15384131556684272,-0.02078669079420495,9.663492175881347,777,0,0,0.1537,0,0.0451
0.17547312064579326,0.008828631533789807,9.652226205966958,-1.4152241005769373,-2.6407265943335543,0.5722169970827078,0.035876432764447186,0.020066541350936523,9.568770724945681,778,0,0,0.1537,0,0.0551
0.042263596666262414,0.2476080395971028,9.742385356225036,-3.6688617656835034,-1.3103037609720158,2.0035143825291266,0.015101406849660472,0.25021066456133095,9.72774580433099,779,0,0,0.1537,0,0.0054
0.0522638601336003,0.1642126086727761,9.925854466776777,-4.36302791425091,-2.3169298995789323,-0.7277750297719987,0.1149965555576759,0.2151369852748434,9.92394901537665,780,0,0,0.1537,0,0.0402
0.4007534237747117,-0.33124943041944416,9.86756776185974,0.9075219718910368,-0.21056121605063693,0.2317940823509579,0.33071191917104853,-0.32222468076756494,9.866262546083613,781,0,0,0.1537,0,0.0591
-0.020107401959190724,-0.04600367009610699,10.082291522372655,-4.834291561072586,1.6742491196983715,-0.13696028790082557,-0.0401838600740054,-0.04616140146276495,10.14696977439523,782,0,0,0.1537,0,0.0604
0.19112523304221637,0.31083650398518203,9.782633879273556,-6.7087134969077376,-2.181337119038507,-1.6068704080673601,0.14958143362574255,0.276464383644187,9.74705137522408,783,0,0,0.1537,0,0.0504
0.36994254424638084,-0.19352598818674516,9.598049388927748,0.15908570375273573,-1.1284497936706077,-2.929558873966839,0.37748686999168324,-0.25368834895171627,9.583629967716018,784,0,0,0.1537,0,0.0332
0.1873378247486651,-0.4925704725430696,10.254768133110101,3.0474077319671222,-3.949475099871389,4.369743118686177,0.1262942894494537,-0.48444259300021486,10.25128603814409,785,0,0,0.1527,0,0.0125
-0.22613935096416654,0.32755880943706783,9.956768199218828,-1.1099740615618032,1.4952244815051534,-5.445854963688811,-0.24270611069433812,0.29484095403366695,9.924571410363706,786,0,0,0.1537,0,0.0263
-0.14172527281250547,-0.03360073775276318,9.756440085028661,0.5078444945448082,-0.4278561989965103,-6.675101938783078,-0.18464899057843867,-0.04473143264108447,9.755123151649721,787,0,0,0.1532,0,0.0321
0.03152458751804568,-0.2539017555124375,9.68518283526301,-2.69289607673398,2.7260353922125473,0.14781826289757607,0.04795366270731708,-0.2804904208693869,9.723068816256218,788,0,0,0.1537,0,0.0527
0.2493970442976102,0.06486153834267623,9.357016617958584,-1.5117296438648262,-1.254032642017935,2.803725045271939,0.16782270124761137,0.021698964799433763,9.375907534483149,789,0,0,0.1482,0,0.0595
0.10553451077187788,-0.27863678068955317,9.49470010753381,-1.0733050436073492,0.009357683340855792,0.616756869442885,0.07950384943615775,-0.2856732127007897,9.550371634995374,790,0,0,0.1537,0,0.0448
0.3515390564712329,-0.2842569560999889,9.243956907204808,3.258136865821348,-6.317973077426189,-7.225676934124986,0.30155024364780414,-0.24827250478066065,9.250138656775212,791,0,0,0.1025,0,0.0041
-0.398220702001238,0.47543145732249936,9.882162686647632,5.845804618529651,-1.1224982634785432,-5.038542858575788,-0.36529757342098435,0.47065858679005923,9.874620444076298,792,0,0,0.1537,0,0.0318
0.07696471664927856,-0.5263926828949202,9.722714923974666,-6.500690599292012,2.5052857214350652,1.1744324116097191,0.09138096414757624,-0.521215759800005,9.7474650745934,793,0,0,0.1537,0,0.0225
0.5290590265521049,0.4290854083298545,9.654345109194434,1.6909821656440998,0.5711112835613164,-1.7835822451168535,0.47794946354656903,0.3938978426036574,9.7066488073407,794,0,0,0.1537,0,0.0025
0.10565264334304117,-0.013927321844834906,9.866304658567321,-1.9199730152506773,-1.7133028875647134,1.1722613270195503,0.14829273705856233,-0.03613725269484805,10.015725960974391,795,0,0,0.1537,0,0.0125
-0.27147080115045763,-0.10862471930171212,9.552902333703631,-1.688543221214999,-4.92575026832707,2.239079427465759,-0.2496633446221422,-0.0842255364798794,9.500987275488319,796,0,0,0.1537,0,0.0325
-0.33767103222604505,-0.2864669315207052,9.91814786910196,7.119628702392703,-4.737460811314003,-0.06626253361537801,-0.2210302087445708,-0.31368488519422644,9.927746006617427,797,0,0,0.1524,0,0.0125
-0.2132286219739866,0.4757767546758724,10.279506924847523,-3.9219713544190977,-7.249937558504232,0.4165174985499063,-0.22643394032336395,0.5322113056495329,10.383329620301485,798,0,0,0.0738,0,0.0002
-0.3624866045245861,-0.14661881061040835,9.94939046213456,-0.4661349552534608,1.0604370870794584,0.3200942087047197,-0.3758879323493301,-0.16825191061506564,9.950011509543787,799,0,0,0.1537,0,0.0002
-0.19243208898752218,0.062444953854825555,10.05003552375574,-1.359128529967883,-0.5613029343996998,-0.23567530292949762,-0.21251586169402767,0.032397629416271057,10.05931171337477,800,0,0,0.1537,0,0.0009
0.5894085224966499,0.5637632698866494,9.67455311836576,2.229656180840611,0.12153578869643941,2.6524985680752433,0.5331691522886437,0.5130262480982081,9.694451385904431,801,0,0,0.1519,0,0.0002
-0.2729298991757437,-0.9669960335833327,9.749944140840345,0.9581916526318661,1.1230334300447677,1.1194354345860211,-0.2460820566867287,-0.8359111589080231,9.833253203041851,802,0,0,0.1266,0,0.0006
-0.056552308631205084,-0.21994074643074465,9.451707449501534,-0.9050694453901846,1.6601405701876235,-0.06505729164856548,-0.027455067089445843,-0.2547574414230533,9.434259971299282,803,0,0,0.153,0,0.0006
0.3240335094931187,-0.3528641619496812,9.725524280480906,5.038818096439497,6.706318307575094,2.541796522550949,0.3929582056650688,-0.3413837705180703,9.740158860093635,804,0,0,0.1537,0,0.0007
-0.030218645714776796,0.05855732367513765,9.554746709900588,0.8567233673324616,1.2531215647480316,1.4244802061421937,-0.06259363514408,0.11397467393563547,9.584434631451124,805,0,0,0.1537,0,0.0106
-0.4309403522986322,-0.7483222851509623,9.930925512317382,0.512104213703694,4.087690181867694,1.3090084140416276,-0.48271957796987264,-0.7057248423835693,9.874144406178704,806,0,0,0.1521,0,0.0006
0.34818876007831495,-0.15147281880071095,9.986943197294105,-0.9546861273467577,1.5017620997378542,1.364699459024123,0.4171675138732167,-0.1177526699188865,10.050495936508378,807,0,0,0.1537,0,0.0106
-0.18938833113597894,0.07392793466321411,9.859881535032484,-6.777006394281393,-3.6249214125668905,-1.7747989250661336,-0.18992969684279765,-0.04693227601746794,9.879506055030955,808,0,0,0.1537,0,0.0006
0.21174369470918183,-0.157517366064578,9.590920828298666,0.4775809089701815,1.271055454041601,-3.333434188674679,0.17886052265205227,-0.13436146223994405,9.575255853282895,809,0,0,0.1537,0,0.0119
-0.39196326260620157,0.1586978224819556,9.456599007176907,2.4734405163158164,-1.432299480889618,-3.8204895660608997,-0.3325869444070635,0.2905523105695418,9.419074380776244,810,0,0,0.1527,0,0.0106
0.13146446634034262,-0.3752982681680363,10.057396277974219,0.1144688410596134,-2.2016430596847503,-4.246771128121101,0.19597566362489988,-0.3796281451143772,10.054675624319126,811,0,0,0.1537,0,0.0106
-0.175259138707695,0.22722958266289164,9.782670292905067,-0.2316833230256557,2.187072707741348,3.158539767285676,-0.20068109535023673,0.22542932976140878,9.683509843388256,812,0,0,0.1537,0,0.0108
-0.27832246111045905,0.42099786459896754,9.46705235740045,0.7442412001259497,-4.053121209727182,3.733848724999847,-0.21264422223309634,0.4880615540906217,9.466161005818014,813,0,0,0.1537,0,0.0008
0.16858180005322768,-0.0940808254882647,9.860794039165643,1.9998914088400082,-2.5923217947364394,-0.9816230801683983,0.20907320845555935,-0.09569237453944807,9.815278902629373,814,0,0,0.1537,0,0.0108
-0.031316311959241366,-0.0751049922982152,9.854935644951723,-4.950542843225322,2.587746361425268,-3.0635574461564357,0.009429882891099008,-0.03449906320144772,9.881027646588821,815,0,0,0.1537,0,0.0114
0.3137688753248729,-0.04241797413770417,9.585372390860813,-0.5182784900255387,-1.6537715136057503,3.2637297412226856,0.25570521726742396,-0.03779975251363802,9.537178655612472,816,0,0,0.1537,0,0.067
0.4727070923649873,-0.04728191982351914,9.712275041215214,1.366326523423322,7.252219313013658,-4.412861249522426,0.4757639023676118,-0.04343901803098268,9.738865385494092,817,0,0,0.1498,0,0.0407
-0.07645958975042515,-0.5835557333426871,10.109246905778134,-0.82288610722978,0.9235429570176882,-4.016514560281669,0.004277887058926372,-0.5640521300065019,10.161004990332636,818,0,0,0.1537,0,0.0421
0.5170677457337011,0.003748557896356699,9.735663436493716,0.3024183663597742,2.1728364531354174,1.1720030011873797,0.4924107536526688,0.0565428331013826,9.707067717686924,819,0,0,0.1537,0,0.0466
0.32480391327045915,-0.03586076696979854,9.206869825448456,-3.637963594052602,-1.1108261716110892,3.4833482108330855,0.3134194778917909,-0.003233518286637878,9.182815441071197,820,0,0,0.1051,0,0.0575
0.09317383548759119,-0.09220056612983248,9.934342850620054,-0.1441927199335593,-3.33718685881506,1.0758257153836726,0.06667631442683579,-0.07130343767538971,9.988422293574882,821,0,0,0.1537,0,0.0575
0.03824244011907472,-0.14606743872710432,9.569224405665915,0.25104623898346456,-3.4359565472495577,-2.214251586650974,0.028129865338163085,-0.18783494255777042,9.617031814221573,822,0,0,0.1537,0,0.0475
0.04001551200162463,0.6834759991667748,9.943398426442657,-5.525412075849154,0.27248430143276353,3.4865099706743825,0.06457565936472182,0.7353251377199908,9.991967148754412,823,0,0,0.1502,0,0.0132
-0.061488747336901795,-0.33453370860053216,9.553803253817522,0.04379088403304577,0.363317908832982,-0.8181448799468993,-0.08274087180011952,-0.4112786698581836,9.542390940749709,824,0,0,0.1537,0,0.0332
-0.08847693127716204,-0.1147824917219086,9.678863938465252,2.98875734890417,-0.9041263316820461,0.25010094373629066,-0.21320032320109902,-0.1006378995960599,9.69463369810229,825,0,0,0.1537,0,0.0332
-0.10277924214432281,-0.11098643680100433,9.913743661755957,-0.7356148117413417,-0.7939000101754039,-2.677979926321469,-0.14311474381122363,-0.0508871913251152,9.85743462537305,826,0,0,0.1537,0,0.0337
-0.36616018681834367,0.21571721692806284,9.847119217539053,1.4304733849671893,-3.9966671081931273,-3.5048755284950346,-0.2703985318397334,0.21901070181800364,9.830446928860374,827,0,0,0.1537,0,0.0237
0.4756573198789193,0.15731815837373703,10.03108977080081,-2.785303772276689,-0.6936876037426178,-0.13904190294894614,0.4283818805398205,0.21491589782650372,10.006565908663331,828,0,0,0.1537,0,0.0377
0.16323113274196796,-0.18198183671976517,9.758778049254298,2.572155408474531,-1.8616234698451275,-5.32628764101508,0.17410869443072396,-0.17659958946926532,9.779471580472446,829,0,0,0.1537,0,0.0424
-0.18979468071362104,-0.7092513364642107,9.961851418786553,0.5390668111550825,3.2168983563099935,0.5560711125856208,-0.15478883213804662,-0.6802156328425403,9.963252104019016,830,0,0,0.1534,0,0.0233
-0.2807457359770476,-0.2189252508293202,9.872597804766695,-0.09072407998362672,-3.202791475079218,0.293424755212661,-0.30669271306097856,-0.1831755584552412,9.888070878779887,831,0,0,0.1537,0,0.0341
0.37569212293209725,0.10856170324123902,9.808745754100325,1.1527567038177318,3.9095592573206996,-0.36316823357565975,0.32256936838938866,0.07891380932806527,9.80490749507993,832,0,0,0.1537,0,0.0233
-0.2644782299341181,0.0915939539891256,9.794504498614602,1.6567482729022087,-2.3007573489185695,-3.6816778302742557,-0.20215703469438204,0.14236964463753166,9.768506109370316,833,0,0,0.1537,0,0.0246
-0.38414957050793735,-0.16512118980627286,9.757160901134826,3.6440881386474735,-4.020329385227442,3.9865364417795757,-0.39839833968607685,-0.17606874923844115,9.756281019313708,834,0,0,0.1537,0,0.027
0.13222866133167555,-0.3133256610615718,9.431732195073861,0.10088784423373852,-1.6287625404977544,5.303570700698112,0.15246640186044685,-0.31616139516178005,9.345289114792868,835,0,0,0.1473,0,0.0297
-0.10900745482652814,0.5623957755852347,9.813994662381655,0.5502012220762601,0.6536564988320676,-2.906770651398178,-0.09592831377917926,0.534796434499164,9.798774628881494,836,0,0,0.1536,0,0.0244
-0.26765177476435115,0.37215426228034115,9.57138546309353,-1.5578219205673758,-3.2088280545581136,-1.8713988229744067,-0.20408040875810224,0.28009859473023746,9.570774434967312,837,0,0,0.1537,0,0.0127
-0.045618502634174725,0.5695202855147169,9.742829174897022,-1.4407672397375029,-2.219118829188333,-2.2997510642765944,-0.04389228371309118,0.5856154328235889,9.769016305155061,838,0,0,0.1532,0,0.0127
-0.1975024063922034,-0.014003139379858065,10.058173889503948,1.9933932621335155,-1.3596211123925561,1.9992717134618638,-0.18817821312123084,-0.039072285532685734,10.081262235284616,839,0,0,0.1537,0,0.0117
0.4707927734154318,-0.23430388325286183,9.811333231138994,-2.3702466919766096,3.363982761433153,1.1456535997246062,0.5826671886399774,-0.28035235786517654,9.782087439958524,840,0,0,0.1522,0,0.0116
-0.04660534806410503,0.2268998886397825,9.825935343990041,1.5254778393320825,-3.1134453208858184,0.6231188624703654,-0.08852635017312388,0.19549789154330735,9.833806408350991,841,0,0,0.1537,0,0.0119
-0.26430293357841117,0.5095136340532896,10.026091507355176,5.557496850404367,0.4352583980117582,1.0228139137303547,-0.23932305442503865,0.5245175477640046,9.934251478236385,842,0,0,0.1537,0,0.0236
-0.443161279598305,-0.44948926444988085,9.74448252854239,2.5796183870768594,2.1152047179884166,3.8296792258916197,-0.3762722231461216,-0.3357049681690676,9.757836873613552,843,0,0,0.1537,0,0.0235
-0.4823035186112004,-0.08559581666809554,9.501040498635508,3.97076399243849,2.465941557002805,-3.76983804016011,-0.48598690673376993,-0.1275949039599823,9.506290016569636,844,0,0,0.1537,0,0.0237
-0.2879053523536247,0.5595071549943512,9.57543388841592,-1.8814627025511381,0.31102970862589935,7.615299494935459,-0.2965793887942462,0.6083551985423332,9.563193359735969,845,0,0,0.1497,0,0.0134
0.07407814759081713,0.8297177652757376,9.451136361538909,4.403199011169296,-5.48502258254956,-0.2894407803923977,0.019958902599920475,0.8204238350815939,9.478896838097441,846,0,0,0.1223,0,0.0234
0.43339552061701786,-0.3159448362504536,9.824375029595501,2.4991923405609278,1.2895813214604872,3.78717458374803,0.4305879678703325,-0.3274613888090019,9.821239250406435,847,0,0,0.1537,0,0.0233
0.5435854661842155,0.027344385597601897,9.657170032259511,-4.175794385269753,-1.412814241096387,-2.5377968417583956,0.5225521947554703,0.04353652290590443,9.607054893299962,848,0,0,0.1536,0,0.0323
-0.1697722589374389,-0.11363547662537571,9.804306401702668,6.3870534136444,1.003472794419363,-1.4875450154745105,-0.08965023445168468,-0.118717236843817,9.760716552719853,849,0,0,0.1529,0,0.0123
-0.025370804094757584,-0.3763727115818846,9.343472309563554,1.588155493040962,-2.0307877754305337,-4.748433330158757,-0.07840628549357585,-0.4303672440291925,9.292375727121133,850,0,0,0.1419,0,0.0121
0.09933925165316768,0.43281548491475386,10.083949270432583,-1.0301573263603905,-3.719884199755806,1.71075991656005,0.20566171994147742,0.49341142308643127,10.131784423429476,851,0,0,0.1537,0,0.0023
0.1178540952320375,-0.5270386573503498,9.775392424654072,0.9787400918351921,-2.140265160255927,1.6014280407116408,0.14229579104861004,-0.5340336367180005,9.811940519713227,852,0,0,0.1537,0,0.0023
0.028174753463037994,0.07557392562144058,10.153600681904276,3.33145782015355,0.5664233063348139,0.5808624287296684,0.038007824982435094,0.051910396066269224,10.18029277335074,853,0,0,0.1537,0,0.0022
0.10802054890573005,-0.3695541834609682,10.039329479740607,-0.9893186687503217,-1.0685606934532503,2.132523019292444,0.18475267382254368,-0.3460577621050559,10.07186645362546,854,0,0,0.1537,0,0.0077
0.3079594335530135,0.16241591662327132,9.894381827309093,-0.929262300524061,-2.262773843980593,5.6901812206266555,0.3183604215485063,0.08058289891757484,9.911481720299072,855,0,0,0.1537,0,0.0015
-0.15977166511798419,0.3710167225637262,9.61900792669746,3.5138093215612454,1.3560995971605085,0.15966215190779987,-0.15772408489597697,0.3624264721611397,9.63231922183741,856,0,0,0.1537,0,0.0068
0.3864323494356359,-0.17919871136200868,9.77035583311965,-1.1814150532041872,2.927413057485725,1.7141136359419722,0.3633475921984727,-0.17219885731148857,9.798646581657312,857,0,0,0.1537,0,0.0065
0.20187953974390438,0.482684098988448,9.615585026865316,-1.6560860385822762,-5.19161297175679,-6.127501811450404,0.20266798003661163,0.5097088691031932,9.651695860342464,858,0,0,0.1537,0,0.0067
-0.06707870480849035,-0.7883637441251495,9.53900426624668,-1.2508974499545469,-5.519990259639139,4.864745304234338,-0.1009938505488377,-0.7550181369841032,9.476710100291037,859,0,0,0.1462,0,0.0065
-0.5674015581692574,-0.18187881618415483,9.938258133630177,1.3529816909205419,-3.075186645667215,-3.266972923312399,-0.5440793703262853,-0.2142802426329553,9.930903464458375,860,0,0,0.1537,0,0.0013
-0.25798111100390114,0.5504519511091748,9.824702050561905,-0.7459100002326343,-1.1839143928637363,-1.3062958587270341,-0.16885301459965268,0.5802859416617459,9.842804605827114,861,0,0,0.1536,0,0.0013
0.40380420775667364,0.12082061586867963,9.992345644433401,2.4844644381957957,-5.755830680663692,2.957943808406533,0.3798072458479647,0.14972056443276094,9.993085162410608,862,0,0,0.1537,0,0.0013
-0.3417627587203812,0.04436662484768994,10.234339207266647,1.0240948021933778,2.6918444446612595,-0.8283894331581272,-0.3916363167747181,0.03809113518333329,10.27819451073661,863,0,0,0.1483,0,0.0015
0.12753751220686674,0.21400024934125622,10.241804816169548,-0.43537319256262696,1.9643279096267086,-1.0295157298786926,0.1821401707645524,0.13291720604802487,10.32544274196237,864,0,0,0.1063,0,0.0015
0.6414909782815702,0.44802260545682643,9.613581313762372,-1.8878994716380992,0.5445741401148401,6.623503157030953,0.5812609984331277,0.4617099423859033,9.565116715857375,865,0,0,0.1535,0,0.0115
0.18605799350268493,0.5829209981683333,9.723101688537216,-3.100287762021559,-0.4421232495167393,5.13780686342535,0.1902053949611859,0.6038896670643644,9.829077766030434,866,0,0,0.1532,0,0.0015
0.18608833554249601,-0.3336152332810076,9.78866610256172,-3.633986247529081,-0.8874591724054347,1.1343300125073699,0.20189518171997897,-0.3325747043588807,9.68965968872728,867,0,0,0.1537,0,0.0015
0.3712816066035515,-0.28608101849935735,10.069756959179388,4.948515145730318,4.329514500674846,-3.4643609138399665,0.35016242532354375,-0.20912296160980537,10.093251202076733,868,0,0,0.1537,0,0.0008
0.185807966329848,-0.23710423267769473,9.696269115032576,-7.692489580917463,0.16094691122611435,-1.2304791558730317,0.09247801045661917,-0.23537899044625596,9.686639643057742,869,0,0,0.1511,0,0.0106
0.2378849863757425,0.15414188159958844,9.78711253998172,-4.397645006449226,-1.5261998663004488,-0.216739342837993,0.23246744361616056,0.061519866398454345,9.73114009579983,870,0,0,0.1537,0,0.0104
0.5168557420381517,-0.19747427401276393,9.806514465013052,1.807852804532534,1.5928391231439256,0.20506167273441428,0.4858832615030727,-0.2916753324079775,9.910574292359103,871,0,0,0.1537,0,0.0004
-0.4383076145773949,0.42102096800825045,10.023868012805451,4.032459956056507,2.921983042310278,0.20608142725297607,-0.33882532602957793,0.5215486018234877,9.948911448409529,872,0,0,0.1537,0,0.0105
0.15521884250545534,-0.49028687450172326,9.943616378688397,-4.923225888936061,2.4900854543969357,-1.781780283596008,0.2504355444919425,-0.456118341203619,9.936834520536053,873,0,0,0.1537,0,0.0108
0.023900710661296825,0.41125029092743326,9.860337870709785,1.2027773572196718,-0.8559706892598276,-4.897931374790543,-0.13781367074263523,0.3286488342508087,9.927979312355083,874,0,0,0.1537,0,0.0108
0.9184344195992545,-0.09520423986007145,10.185028186048473,-4.083114193343742,2.5848734389119383,1.1081071150870714,0.9954727810267312,-0.040034385949089236,10.209672153354788,875,0,0,0.1884,0,0.0005
-0.12225100387489421,-0.21420130197581497,9.57338636387463,5.0672132887931465,0.6362872828883581,-1.0910058847256991,-0.09350103642589713,-0.0810941396744839,9.509034326834492,876,0,0,0.1537,0,0.0005
0.2780288843905595,0.15121165124995864,9.69255491496917,-1.094544003688656,-3.572471676927983,2.231730967650942,0.26713755707299536,0.19067768937257962,9.633782619627578,877,0,0,0.1537,0,0.0005
-0.2895400956950938,0.0412031722982769,10.194453755936117,2.3201411913353978,5.543989901618015,-1.3639656736780192,-0.2177590666346374,0.05545876082485376,10.171551697817689,878,0,0,0.1537,0,0.0003
0.40853232583525495,-0.13325420917037015,9.583052875188066,1.9367770540756304,1.1438477510477192,2.4909388157250674,0.36237120468844464,-0.10189503657688301,9.632332490839183,879,0,0,0.1537,0,0.0003
-0.08251371415667234,0.027122056669137765,9.968803167503253,-3.8589165413775772,-3.289739359552731,-0.35995073634707153,-0.1358775565359397,0.07772038896716378,9.978497023137539,880,0,0,0.1537,0,0.0003
0.1349032903125383,0.011343338502495541,9.99610046918662,-0.9577171952006716,-5.65718135227986,1.1818742304640697,0.16068687979041046,0.09637389941994795,10.029480326239938,881,0,0,0.1537,0,0.0003
-0.12290316312205994,0.4494692620912505,9.883598987452944,2.616591286804537,2.4019389026162585,-0.18025534655951309,-0.1184145529912059,0.39978882073205807,9.970640512671755,882,0,0,0.1537,0,0.0003
-0.06842644348581135,-0.2690137655942332,9.5780469025886,4.14173662880217,-3.748652327877543,3.1356173768709397,-0.09043111278014249,-0.2818099327226363,9.618773141016602,883,0,0,0.1537,0,0.0003
0.011488497791115422,-0.31718630173412027,9.632539350989713,2.153763269329521,-1.5276052081035059,4.7847377556263675,0.027117988728439353,-0.42777314357088236,9.69864483021069,884,0,0,0.1537,0,0.0003
0.10191815863355033,-0.33603145807455476,9.918105456098035,-3.418881043567275,-6.694195757192141,4.591257527764769,0.12584041419700082,-0.27201986753113744,9.9617037204075,885,0,0,0.1537,0,0.0003
0.1591222615194494,0.571696385114367,9.928565762579112,-1.433149681557051,1.826466970601104,-3.1570182773617668,0.17295260077411975,0.5320640424874702,9.956111994025695,886,0,0,0.1536,0,0.0003
0.30963332379864683,-0.2891610842198149,9.703189976627373,2.3555243246590027,-6.607166075832703,3.29465781716324,0.23278100164040813,-0.2809628698813617,9.632223256963353,887,0,0,0.1537,0,0.0003
-0.041699139063695385,0.12994060062344379,9.823705152211284,-1.1297004369918278,-0.16926145489415137,1.2194793816502658,-0.0591131628712612,0.1618468190171896,9.911683041111655,888,0,0,0.1537,0,0.0103
-0.06458842447657126,-0.35125739993872573,9.880450149411132,0.627641191648701,1.4229898769845521,3.2976674708507376,-0.04597126156747555,-0.39953036460049274,9.88750736959379,889,0,0,0.1537,0,0.0015
0.27862253621325933,0.04646917175895818,9.93822041564778,-0.13410707264733718,-0.15805135980074067,0.7802253747051348,0.3111502597337299,-0.0034834822753569694,9.937522803362347,890,0,0,0.1537,0,0.0115
0.04528987322830172,-0.2085296095452074,9.55069830686268,-1.7974325296908753,-0.6294772598309228,-4.461806611115424,0.042419610302855945,-0.2565407826664789,9.584143252593202,891,0,0,0.1537,0,0.0115
-0.36729894149800874,0.23623270507277988,9.709659610718516,-1.487415366601848,4.33241011187565,-2.7312853644617583,-0.3175016022267931,0.2593704573962234,9.670913411156803,892,0,0,0.1537,0,0.0015
-0.07381368153244565,-0.2085800747176873,9.802906972698965,0.8723350931275686,2.3722541510712025,3.2942238955599414,-0.026696391110880714,-0.19835666949356984,9.771055204926654,893,0,0,0.1537,0,0.0112
-0.10159550477568785,-0.3069250354435148,9.454462543238812,0.9613477102267565,1.3644248465392803,-0.693231398074159,-0.044448407688999936,-0.34300207319008114,9.446033388723292,894,0,0,0.1534,0,0.0215
0.02874003461607109,-0.1408800721899022,9.543472530315182,-0.5976753155745256,-2.959751138245257,5.013562645343723,0.01662480873649478,-0.16217241956126016,9.569241724510192,895,0,0,0.1537,0,0.01
-0.27071422565168557,-0.30376759870720244,9.979186946596473,-0.5710230886745858,-4.302522825155907,-1.805855005156627,-0.26559998819886077,-0.21785460726819633,9.999664142443555,896,0,0,0.1537,0,0.0201
-0.07439006608093283,-0.44922299305037156,9.8609887014342,-0.1391760182448377,1.2941002935390356,-0.8593788936913614,-0.0770086977716148,-0.4109829481261554,9.794673817875463,897,0,0,0.1537,0,0.0101
0.4622722741278563,0.3360834164240045,9.475199046985109,1.8404035512315973,-1.0687765865526229,1.3965661269409158,0.4970573316329695,0.340568397547167,9.396616031134455,898,0,0,0.1526,0,0.0111
-0.16639285701862913,0.20932272313624292,9.451611990708562,0.25151416440116336,-0.22550898431014882,-4.2688214309407915,-0.24741481138303448,0.2133137508949169,9.411502359153559,899,0,0,0.1527,0,0.0111
-0.3411850890162809,0.22453352772337312,10.144661655580284,-5.453028993996368,2.8574899089065733,-1.9879908031343079,-0.3519509278732176,0.25265532946791114,10.20348422358766,900,0,0,0.1526,0,0.0011
0.15020328783891276,0.03136847212895412,9.946260209112609,1.1193815092773594,-1.1845998758622192,2.3423094670480533,0.20221122809362732,0.021820817751806953,9.916946247723585,901,0,0,0.1537,0,0.0008
0.06809844211210676,-0.0074287761200316285,9.73641499606782,5.618377578744587,-1.1427254213364035,-3.6463786630965123,0.12333730164992485,-0.023456486926448118,9.678620884824767,902,0,0,0.1537,0,0.0001
-0.2985344455154339,0.023010755743716353,9.341905305148735,2.372637948169829,-1.325848154015353,-4.788973978620895,-0.3066783057611087,-0.04205257499789911,9.304080645562665,903,0,0,0.1466,0,0.0
-0.19179802480581779,0.28371543277733546,9.896029115831656,0.5037827075981371,-2.8840973327252506,5.502854413030782,-0.21736165929765539,0.340053853277441,9.910085008485485,904,0,0,0.1537,0,0.0103
-0.14277641759327703,0.007695490477085745,9.712044636036476,-0.8220711544920762,-1.291624702376708,2.270402869329327,-0.12421165959957572,-0.0235800541977451,9.714268198872675,905,0,0,0.1537,0,0.0003
0.42074871515620954,0.166487193252411,9.891688509276454,1.0301793700630286,-1.0822169714030174,0.30349367677407924,0.39335792457297797,0.06723999059153254,9.901237139456242,906,0,0,0.1537,0,0.0008
0.020247173659497804,0.34997157227014425,10.10303465761375,2.248640301801976,-0.3540218967516908,0.20381028362454606,0.0932068787178125,0.3794032952243044,10.067466142321056,907,0,0,0.1537,0,0.0001
-0.1949622925538825,0.2727188407392091,9.601020368407625,-1.9318378710911999,-0.17718995762314993,3.3622336310950116,-0.2134278098473695,0.325920084957496,9.636295341647523,908,0,0,0.1537,0,0.0001
0.18019456875303452,-0.0108062658650838,10.130719018452801,-2.7675588402399702,-1.4848159505899936,-1.657584051393088,0.17461178057966406,-0.08470928834911311,10.061027006440803,909,0,0,0.1537,0,0.0053
-0.345804549555775,-0.12351669851107466,10.032773752410177,-1.3504924313910895,0.8553339938207418,5.845921576432116,-0.33485613689982296,-0.12256759091438624,10.040128885593852,910,0,0,0.1537,0,0.0003
-0.17802820675919848,-0.26559276247286545,9.574897663436259,4.046284826960953,0.24736317364330346,-5.278084638180905,-0.07674305085328734,-0.24341988553115992,9.573643866552997,911,0,0,0.1537,0,0.0003
-0.05174331648592951,0.48683798630060326,9.804158598549114,6.961918903550886,3.3891011783588842,-0.9955760328551957,-0.008370527422729722,0.5388346235092881,9.805208816319364,912,0,0,0.1524,0,0.0003
0.7543180178938105,-0.2899959146620832,9.710508183203137,-2.790508160323807,2.0603809109831395,1.934151093674573,0.8088049950105736,-0.34810616398619676,9.748044284024616,913,0,0,0.1506,0,0.0001
0.16882674098992653,0.16784296062178716,10.103080679432528,-1.333716372957388,-3.2423025957402274,0.6672736153228451,0.16455550890300885,0.10118634310402681,10.089516959966112,914,0,0,0.1537,0,0.0001
0.08455825029989326,0.07713873552640164,9.740727866818508,3.2166259870786185,-4.193384036503541,-4.5742444011600405,0.1292698031911947,0.15236105697019187,9.832314360674587,915,0,0,0.1537,0,0.0001
0.3186839716507817,-0.2083302356510132,9.682089792162909,2.856752532426314,0.08683226431666782,2.526871633764151,0.2635594664717721,-0.22657591723076195,9.627669071541561,916,0,0,0.1537,0,0.0001
0.2873682695043446,0.48106468326509516,9.58918615514849,-0.7626446859132725,-0.6800001461919276,1.6933322687786796,0.34890784946171954,0.5426257043661658,9.591859422926834,917,0,0,0.1537,0,0.0003
-0.014138920709525117,-0.022386694537684545,9.797276065301467,0.4237110673496042,-1.36382987640333,-1.0020667648718478,-0.04537030858330401,-0.05787622384139156,9.808449645416152,918,0,0,0.1537,0,0.0002
0.3946796277953188,-0.16363223579380323,9.669976146476518,1.4762902789792192,-0.6092602706465261,-3.4748672469108235,0.35883403622185944,-0.17048584253047916,9.724859384984153,919,0,0,0.1537,0,0.0005
-0.13964256210401055,-0.23601920184000602,9.653528884330994,2.3994585450731427,-0.2158242697657335,-7.570782415749356,-0.1502687012066599,-0.15122789402163714,9.625083212281197,920,0,0,0.1514,0,0.0006
0.028500891658247,-0.11476895922505831,9.827541127242485,5.010677433311704,2.976880899282853,5.297079630278622,0.0493545345220047,-0.1230742929065527,9.811202812279577,921,0,0,0.1537,0,0.0077
0.19151767518404886,0.34376529539947526,9.793030482479077,-0.9556183777599582,-4.592741712579681,4.612193994273012,0.15839955329694594,0.38734217763238793,9.809994711804276,922,0,0,0.1537,0,0.0073
-0.38285260381696856,0.3010036942204577,9.406414689761755,4.672896916507742,3.826996539778136,1.561349388346557,-0.35533349585480056,0.34253643816280127,9.458169333114334,923,0,0,0.1537,0,0.0103
0.09614920092922564,-0.011878559959073018,9.760831413109376,0.42394534711156956,-5.498289597624298,-0.6541529070439457,0.07845444800049928,-0.029408271269488584,9.770224113241625,924,0,0,0.1537,0,0.0003
-0.11797620139102949,0.3297277686902544,9.553980296222171,-3.1409927738775325,2.954163490612345,-0.8398453429802777,-0.1380113080664742,0.3144656949681293,9.59618916359498,925,0,0,0.1537,0,0.0003
-0.6002656486041646,-0.10227495668483759,9.756221693413327,-0.5022607773074343,1.3949423978387943,1.1450071340189893,-0.656133992240149,-0.11236984278172614,9.742091565308487,926,0,0,0.1533,0,0.0003
-0.022477906907688996,0.053089152606565014,9.930330732661924,1.9449605923020334,-1.0214247382726263,-1.8805764093917814,-0.030592400941323126,-0.0340255002328286,9.9694912369018,927,0,0,0.1537,0,0.0103
0.30262229206846264,0.27815315526158446,9.86999090373976,0.16093831039159978,0.02801326745344944,0.8169360487241317,0.28681314048498496,0.3348084013640548,9.921604118365936,928,0,0,0.1537,0,0.0008
-0.5046023670941374,-0.13174437475482637,9.639658827455603,1.9553423482666843,1.6601122592855626,1.3928347997194255,-0.47765413174455196,-0.10718998249628914,9.686683124405379,929,0,0,0.1537,0,0.0015
-0.2790701821639475,-0.8482023069008181,9.794975718174397,4.697884327234717,1.2821647536109466,5.606007624028429,-0.2623248583056369,-0.9286554488601063,9.805825811199457,930,0,0,0.0846,0,0.0028
-0.21671031965391258,0.36499060613387824,9.732512726223229,-1.0547556884375582,0.585182817253271,1.3339337588800029,-0.2232856240165045,0.35054154851048047,9.763169399704768,931,0,0,0.1537,0,0.0023
-0.04202321239178019,-0.38811875469179785,9.637271801373249,3.1934723329628723,1.9012839955178107,3.2778679602579937,-0.05532826540872845,-0.4125134095503291,9.671231999224943,932,0,0,0.1537,0,0.0023
0.060092519888214284,-0.21004592367064484,9.568514996629673,0.9806528541201038,0.9660348742585179,2.037894639510963,0.1248922648223331,-0.2103641521292621,9.583667142626282,933,0,0,0.1537,0,0.0023
-0.35547507673970674,-0.03758207965494711,9.767562959884794,3.8389292542100577,0.8423218965012134,-1.163451874814163,-0.3618097867381022,-0.07095554793650395,9.81031742264715,934,0,0,0.1537,0,0.0115
-0.13516349940759592,0.007053202429569685,9.737458337152738,0.021936223657238737,0.6747850140554337,-4.757419097216745,-0.1002717219031547,0.00023966084595871025,9.769770879679491,935,0,0,0.1537,0,0.0115
-0.23563360689121932,0.07124501076202358,9.798092891871605,4.406374262200883,-3.5839846583504125,5.277444065363983,-0.2693311766635008,0.12068919007219919,9.783853765503789,936,0,0,0.1537,0,0.021
-0.04993586480398583,0.028452220036872596,9.721233633249442,-0.9338762478628957,4.911301465860096,0.03703110988758099,-0.05958770632923367,0.06588924795339729,9.741081393600432,937,0,0,0.1537,0,0.0111
0.19940955321922585,0.6384508592455292,9.870043834100796,-0.03569979837025102,2.180160572593373,-7.012117998154419,0.20881746818136693,0.6677563320146048,9.916978151292568,938,0,0,0.1526,0,0.0314
-0.056924690827180824,0.545786326839841,9.597058144093939,-0.7437424995552759,-1.1577891982784876,4.340618986885711,0.02185735851302323,0.4905104097842944,9.527018492842718,939,0,0,0.1536,0,0.0414
-0.06848729390446186,-0.06956516917982063,9.926924760982002,-4.413134394618659,-3.0181170528199095,4.009077152286838,-0.07298154364980583,-0.05917561213610147,9.928609622377726,940,0,0,0.1537,0,0.0314
-0.2504338571350926,-0.2871740046173826,9.731855866864604,2.8439304315220784,3.229037707913011,-5.183965627024967,-0.234527207276431,-0.298516408199687,9.750109256324539,941,0,0,0.1537,0,0.0214
0.0527344624791147,-0.21145089741576448,10.081494337810723,4.799817990084398,2.9029022770225907,2.3806615362098573,0.020599947715103047,-0.1716256491461641,10.091614745598017,942,0,0,0.1537,0,0.0314
-0.11303107093104602,-0.024292685773363902,9.748256394253044,0.4089524438847455,2.7351101977229426,0.18858174227628582,-0.13523875921073517,0.07091360345922121,9.815799489539263,943,0,0,0.1537,0,0.0214
-0.04934288596554201,-0.029290476053192478,9.816890700310738,1.9518850882086465,3.0237267935666567,-4.12484378079144,-0.11313965282530798,-0.07141033691212305,9.763157719708047,944,0,0,0.1537,0,0.0114
-0.7809454027054913,0.2069108058820445,9.998085661070238,-0.5276409338775495,5.65858076436271,-1.0406889572600069,-0.7429617127301129,0.24683280680443864,9.9962276246413,945,0,0,0.1801,0,0.0214
-0.36367693211604823,-0.25604407994685957,9.891556261085725,-2.8877881165850714,-0.7902499908008798,1.8319136439200918,-0.36337945905737234,-0.21731353868983946,9.829211581618738,946,0,0,0.1537,0,0.0214
-0.5896569219217908,0.10364417705286014,9.836296805957003,5.045629567361602,1.538494816848507,-1.4113249171905478,-0.5417086487015877,0.08476323820367268,9.815979795978892,947,0,0,0.1537,0,0.0006
-0.4390549422251417,0.3891747720967075,10.080900721219356,4.215718883893044,1.2115830444457667,2.6866619312750513,-0.4393508080795006,0.36047970999864537,10.048229075625848,948,0,0,0.1537,0,0.0112
-0.12614768583433583,-0.6580252565712015,9.948328879067821,0.9970191738790776,1.857467725808264,-1.2256985444955075,-0.14738452345806824,-0.6159298142314201,9.975634148427558,949,0,0,0.1522,0,0.013
0.0252051980146643,0.13550997297941816,9.917486889804858,0.4349360135460787,3.183202736544447,0.9740450992309939,-0.017200583376770554,0.14730334576808204,9.985018493100155,950,0,0,0.1537,0,0.0374
-0.33241094431078716,0.860824367831927,9.714283190234642,-3.7758444901139554,2.018100572423916,0.9617888696910533,-0.39611506656533,0.865402556003354,9.75294078179599,951,0,0,0.1012,0,0.061
-0.20698507402806762,-0.11604786804184829,9.627571598701042,3.4397161301497787,-5.459031522981185,2.3024868053434226,-0.1558658019587929,-0.05121316185749446,9.737386354257305,952,0,0,0.1537,0,0.0424
0.1455896448984748,-0.18225136475918072,10.054468780075885,3.82991284120123,3.9543687401305236,-0.6240600516178875,0.24053564426146434,-0.24547396053523388,10.07587877959233,953,0,0,0.1537,0,0.0548
-0.030442434384494548,0.17875233252771394,9.592391789292455,-3.4941047667724847,3.252255303627375,-2.5918760205027414,0.0968624527484142,0.1899131048024343,9.58658252840665,954,0,0,0.1537,0,0.0136
-0.04871866397159456,0.4283069072946309,9.902851980609185,-1.614003026297899,-3.0855155339080884,-1.0282800148307443,-0.09921922220378707,0.4779541321180457,9.985343981446203,955,0,0,0.1537,0,0.0152
0.3659845560704286,0.09766990854811106,10.083390421849577,-0.3316122165812415,-1.5307465176736417,-0.25427659360451466,0.417662400130938,0.10788691554252018,10.050732258201363,956,0,0,0.1537,0,0.0152
-0.18525042671189082,0.37737462496766333,9.501947929503062,-1.7529118569275215,-0.890085136129878,-1.3061526202661748,-0.1751423566979027,0.4251349771123492,9.45113966727235,957,0,0,0.1534,0,0.0348
-0.1949988045390475,0.37151366179112694,10.009301024045767,1.2056271590688987,9.0601614633707,3.3521358418146887,-0.2184582670428274,0.3661379176960646,10.025649519054985,958,0,0,0.1365,0,0.0621
-0.4184493734907927,0.205782153174313,9.859853942047598,3.779990811907747,1.6556340521195452,3.1796640963436062,-0.364894630044045,0.1845526700148292,9.831857098386958,959,0,0,0.1537,0,0.052
0.17670218280782407,-0.35344409817613026,10.024040167899365,4.060962884615424,-1.0883882690175124,0.8345727007532179,0.09134746021514387,-0.3770989006044046,10.010427587058164,960,0,0,0.1537,0,0.042
-0.054450165732664216,0.3032464928762007,9.817233606826715,-1.1490391002262128,-1.2127883104071293,2.02545176785486,-0.061158237673829406,0.26953793188256425,9.828685519489722,961,0,0,0.1537,0,0.012
-0.3233442624770853,0.03003307143335274,9.892380761402348,-2.5817906061087674,2.0848259154509723,-3.5722251878026716,-0.3258002112375677,-0.05089001023587944,9.877155178948296,962,0,0,0.1537,0,0.014
-0.401232996369222,0.3758568767352995,10.103493072271169,1.8133750433453846,0.9202875619086412,0.10089682308162672,-0.4613310356180885,0.302506826880229,10.04352329299629,963,0,0,0.1537,0,0.0276
-0.42440524353696957,0.47043954442632396,9.41960715389827,1.4973911668530746,-1.1297501762649695,-3.833907140119322,-0.40649186147212474,0.48797132043783165,9.41484420199638,964,0,0,0.1527,0,0.0355
0.19624340679622126,-0.3067788111989369,9.813356289166427,-0.8556558735358453,-3.9433675044961998,4.33435698056057,0.16968909850526578,-0.33173735257758014,9.755947950556163,965,0,0,0.1537,0,0.0269
-0.2658443155799583,-0.0070670483543023846,9.853161035339896,2.461320458510975,-4.412784250180136,-0.3917120157936427,-0.28952706062293737,-0.09840562103146444,9.834248263207732,966,0,0,0.1537,0,0.0269
-0.48618889280794386,0.06242490429536027,9.496362511489867,-2.7500697942847587,7.228205111192334,-1.793992883019516,-0.43232621746230804,-0.06989920782825682,9.470477308628254,967,0,0,0.1453,0,0.0555
0.3406047732083407,-0.10649067980459392,9.76460622923443,1.3238801602981098,-1.1229606158753929,-4.170402336658078,0.44238978867362383,-0.14022209378027983,9.728530377225448,968,0,0,0.1537,0,0.0367
-0.1111583433611182,-0.10242511523619732,10.046460584807761,-2.4380652339806943,-2.048274883131417,4.23264073371083,0.006714439362431587,-0.17588142460649725,10.063151088749471,969,0,0,0.1537,0,0.0367
0.031124350797968027,-0.21032065618442608,9.971549065281922,3.6303037470158976,1.9660787728646087,0.6635355474921556,0.016114812550340158,-0.2145364618014075,9.923688532672102,970,0,0,0.1537,0,0.0355
0.06107529101176088,0.20415622552565288,9.696592134770086,-5.11340062542345,4.945887619475171,2.6228228415380617,0.05379811295100766,0.26707807072257816,9.668019292607022,971,0,0,0.1537,0,0.0469
0.003639751771482492,0.34511780432396855,9.759213081619635,-0.3842225681733909,-3.8279293826339273,-0.6100938015037782,0.005304445116248676,0.3464652435107719,9.76771357897187,972,0,0,0.1537,0,0.0269
-0.3816357628365358,-0.06989831965032267,9.575637195790973,1.1173126280973111,-0.10181334363051703,1.2924700366554627,-0.42277355874772105,-0.04044362025513376,9.523633383192438,973,0,0,0.1537,0,0.0253
-0.47919260676286124,0.02962667838489953,9.833994573985493,-3.638573972750277,0.36763046078899514,0.48762893811927827,-0.49962837167005786,-0.0016999357544881903,9.871707632920776,974,0,0,0.1537,0,0.0253
0.2654630621630933,-0.24138249031258247,9.863864818410688,-5.446272571535755,-3.580005241119353,-3.360226192879098,0.3290629628762338,-0.14505682964016112,9.86852201573323,975,0,0,0.1537,0,0.0489
0.511355683134676,0.36383732129573715,9.781303498389532,-0.03428164221900281,1.0395872500652408,2.3264944730883177,0.4730822621058261,0.35794586539049494,9.780274878409932,976,0,0,0.1537,0,0.0429
0.18348529456811855,-0.13186428075988652,9.496880154037797,-1.4650412432832822,-0.9864091346657722,0.35469059836045674,0.22432707852583722,-0.09819652343655351,9.465883103277516,977,0,0,0.1537,0,0.0445
0.3759079155550195,-0.11603601691457795,9.755920335507977,0.19902040763495438,0.027970670825378997,0.0884062049550198,0.34183087377432025,-0.10207406116850797,9.746580836455994,978,0,0,0.1537,0,0.0437
-0.40310964644170416,-0.5758090149513191,9.900336342474981,4.099142928010707,2.0615271950093113,-4.870965646246193,-0.3884308822463477,-0.5937932280863799,9.913225562844028,979,0,0,0.1536,0,0.0323
-0.16127389799034877,0.385763693636285,9.734088148291224,1.1396981621654567,-1.223850012488404,-4.085391889334679,-0.19155797796307178,0.32519539314596635,9.678301069407567,980,0,0,0.1537,0,0.0429
0.07466379361730817,-0.06969814243951088,9.679114391324786,-4.867004902821037,-0.8580985525723204,-3.047208932089233,0.0740587881755749,0.012396540285264393,9.703388063081945,981,0,0,0.1537,0,0.0323
-0.6398777332626536,0.24239444940918567,9.654037952877246,3.7176114179042457,-7.051757303174008,1.5633727787983756,-0.6809999355772798,0.24188805232744373,9.653667631457594,982,0,0,0.1515,0,0.0321
0.45475574688872256,-0.7298154734497425,9.907416723334622,0.2448952767402909,0.13991107943225434,3.479523781702419,0.3765930287459508,-0.7370873540301471,9.853871878820668,983,0,0,0.1537,0,0.031
0.4332879953568279,0.31693226320623696,9.835813207124058,1.394763292992076,2.4987042722855133,0.3558671672969897,0.403106087426317,0.24400714882104738,9.879348471433557,984,0,0,0.1537,0,0.0308
-0.4901224777715464,-0.6123878949443405,9.926142660866976,2.5402589145984353,-0.6459537136784184,-3.939658246499234,-0.5790253959381344,-0.6906084264332074,9.855216734819765,985,0,0,0.1425,0,0.0308
-0.30726789755234096,-0.1480901541369845,9.523109235382496,2.333597842998212,-2.729822491199702,-1.2591269625341694,-0.33111229501572653,-0.0967582674067787,9.530988432759745,986,0,0,0.1537,0,0.021
-0.8934308278149744,-0.10643554103708971,9.632840769191885,-0.6670592296614,-2.3567625597198645,0.15738310585779808,-0.9479895260426258,-0.08019445631314043,9.597771250426215,987,0,0,0.1256,0,0.0316
0.03146515867870118,0.1475851840519076,9.739188614062147,1.097280346002387,-1.2987708410445948,0.776253582215644,0.07991325127291274,0.080847670801788,9.75793609665105,988,0,0,0.1537,0,0.041
0.45766462867944085,-0.2245042521526752,9.820871755003157,0.21852951348591831,-0.07790429021253978,1.0002453366657,0.5542731395716095,-0.1906044103918924,9.794081561119146,989,0,0,0.1537,0,0.0416
-0.14654710527770548,-0.01698155972498169,9.626163759713434,2.489816353621017,0.05638628805524745,-1.3758502452576782,-0.07093362699873074,0.05290699012942948,9.585689946710987,990,0,0,0.1537,0,0.0504
0.5278056562157389,-0.06040700417975156,9.500471621842372,2.734850343650123,2.0547770075682843,2.216590259970981,0.5971818710227839,-0.13448002580292123,9.54724702533814,991,0,0,0.1535,0,0.0563
0.28755126132925796,-0.09531714954280184,9.765638658638943,3.1295669779714195,10.599687342734768,-4.285801046680152,0.2585614550447405,-0.06015765105731668,9.826458548410123,992,0,0,0.1255,0,0.0569
0.016493540736269036,0.01506804442880522,9.695454552199232,7.67643184340812,-1.1949256516152253,-0.28809516337844226,-0.04491074306021328,-0.001578899421116671,9.645834457534455,993,0,0,0.1484,0,0.0656
0.031644485475984266,-0.23731289412973489,9.964394188163576,-0.21308234725337663,3.65842422999396,-0.10382784360879926,0.06728311149976089,-0.2002055001528829,9.9876694166888,994,0,0,0.1537,0,0.0556
-0.36888589263550947,0.3562019402349312,9.697823301758334,3.404162042533714,-6.727857855569136,-4.182359835395248,-0.34198227754342664,0.3538442119707427,9.690956907777288,995,0,0,0.1537,0,0.0456
-0.09511895364451854,0.11119635864867596,9.793509580237595,-0.7275413597776457,-2.8356287505969897,-4.930603136406417,-0.07302199518561346,0.08533130600791022,9.82861522202864,996,0,0,0.1537,0,0.0456
0.22689720687801138,0.2048151293915683,9.803016156201645,-4.506357859156103,0.5921051558058394,0.6896717383337776,0.18213607649480412,0.21166443974338925,9.810161056131806,997,0,0,0.1537,0,0.0465
-0.08352492685128808,0.2792894551019902,9.96074529112794,5.402598045393635,0.948794706045827,-2.6306416372205015,-0.011243720800510892,0.29787437149790574,9.991738723616491,998,0,0,0.1537,0,0.0265
0.16547198445733602,0.4636184825145138,9.75482129138191,-2.478823756522634,-3.9267797902371826,1.1118026153174525,0.15164984645481666,0.48015121489043405,9.783319810719675,999,0,0,0.1537,0,0.0212
-0.09642591125068448,-0.47226246674025757,10.06647857613931,4.259187043837208,1.842112720892361,-2.3953798092403975,-0.16608500152075398,-0.4270344515484696,10.031979429173525,1000,0,0,0.1537,0,0.0212
0.19126356420097804,0.3428300070356889,9.743975629846133,1.8235485987615814,1.857413828385412,-0.755762350838729,0.13121439296136586,0.3661807626904601,9.691409521117055,1001,0,0,0.1537,0,0.0331
0.014248242525166198,0.27445288692576764,9.60400007944963,-3.770763818048777,-1.1011676219196187,3.703223994775943,0.06288152703748458,0.24774035048084542,9.626815988986515,1002,0,0,0.1537,0,0.021
0.2880162243517679,0.3108564219763601,9.84520175349476,0.6874902947166226,-0.7733165922217415,-1.6969338160626797,0.3270248066236322,0.411785053218063,9.789050257509977,1003,0,0,0.1537,0,0.0263
-0.04157826399146673,-0.2592946929198109,9.997140256101874,-0.22822748250196584,-6.260872691370674,-1.4552870509031486,-0.03950973337448345,-0.27539943101458514,9.990086103322417,1004,0,0,0.1537,0,0.0263
0.059987586526889354,-0.19108471828974025,9.667253507546558,0.22325631190070322,-3.2580532860232854,1.1111868017005033,0.11621950256473132,-0.17955776568938542,9.707371223558335,1005,0,0,0.1537,0,0.0264
0.5931701349734485,-0.18219097295690354,9.570095521981003,-3.1873475721005438,4.295016467285723,-5.060901161109911,0.5481011957638243,-0.08770990460882407,9.625105048091795,1006,0,0,0.1521,0,0.0431
-0.08493952779568151,-0.1331137607844151,9.894497243728123,-2.7731496851911404,3.882295045201814,-3.5918763603771,-0.05812452747818211,-0.13482858266924766,9.932168125383525,1007,0,0,0.1537,0,0.0417
-0.5424652169630064,-0.129098911880485,10.065044949963216,-0.028882807424742626,3.7228360927581385,-3.8409992492120697,-0.5951311745855017,-0.07311379661459116,10.113225761631039,1008,0,0,0.1537,0,0.0116
0.03017357914545349,0.14744133881255897,9.744631667325576,-4.43851758291158,0.9526268063989892,-0.255063703693873,-0.06546888922316112,0.14076453710323888,9.817335024621638,1009,0,0,0.1537,0,0.0116
-0.012217535590394108,0.05535547675636692,9.861542762109188,6.38679330385362,3.6533565623007602,-0.8261790143688738,0.02060175754843642,0.12087153363760658,9.86869643312759,1010,0,0,0.1529,0,0.0117
-0.4455627091293123,-0.30257293669814483,9.616483420610992,-1.2483274830281,-0.84410801250025,0.023250512660945473,-0.3586618457959331,-0.22027592257534245,9.690775548725984,1011,0,0,0.1537,0,0.011
0.14303220054844035,-0.08958405374419115,9.607659525171199,1.698515240439546,-0.9508347792637585,1.8424803210841867,0.1264684373477531,-0.14575092587496416,9.591639290606864,1012,0,0,0.1537,0,0.011
-0.4080228200510958,-0.019299535745508457,9.633881587364142,3.4592926254566043,-1.3995483759095586,-1.0970205480871535,-0.4551938592201664,0.037062179264299,9.64418872673698,1013,0,0,0.1537,0,0.021
-0.38834103726438135,0.0709118071454387,9.673414491008486,4.593283071868929,-8.308103047484053,-3.793943057568109,-0.40771621802882013,0.028947323185862697,9.633657748142339,1014,0,0,0.1498,0,0.0201
-0.4655175740425311,-0.01918968602811053,9.568480274031797,1.0438383984757533,0.10883914876151893,-5.292642393843755,-0.5282856357274971,-0.056961505365679954,9.490259614029952,1015,0,0,0.1537,0,0.0201
0.17026361340889246,0.2684155629227031,9.887406867109647,-0.42330968526146795,3.0168467008169544,2.5661359399293575,0.10476264653815931,0.3102605558488683,9.922261956064505,1016,0,0,0.1537,0,0.0217
0.10905926434936168,0.6300375647500027,9.944331266415332,0.5880027063462417,-0.7455999418421942,-3.846219288200797,0.10501520768266845,0.6175457511949562,9.940696780144698,1017,0,0,0.1532,0,0.0116
0.0759421955481646,0.32732649973017125,9.841077464088892,2.660569322002415,1.955607438133121,7.663533598361871,0.038010589219758875,0.3232933925686605,9.782271177905692,1018,0,0,0.1502,0,0.0001
-0.44410612024091256,0.2551733681770208,10.183436387973464,0.3224836459500395,0.3445908328339765,-2.8221408823266416,-0.5392259422198331,0.26889709061522904,10.160127704941063,1019,0,0,0.1537,0,0.0116
0.2657754185948739,0.3782023075886188,9.564768211948902,1.5401470311807202,4.356215900901483,-5.561014109632852,0.31363208006144105,0.29301253009246475,9.51843134489087,1020,0,0,0.1537,0,0.0216
-0.08249131432225966,-0.02757011263414653,10.000817864042668,5.961864187823197,7.105550615071543,0.9779862830529097,-0.08186974238122713,-0.0033825157085904597,10.065954112900451,1021,0,0,0.15,0,0.0216
-0.5199419753523751,0.08013932137112355,9.888560788367709,3.9761583364906072,2.202734536372228,1.3524714925646493,-0.46641290801589436,0.13101264959302106,10.056936191251618,1022,0,0,0.1537,0,0.0313
-0.6188844401231773,0.00445892188529319,9.475203778146046,1.3882405619293925,-4.0883561173588765,-2.619438064876642,-0.6796443541306814,-0.003103277406707461,9.438338014670014,1023,0,0,0.1496,0,0.0213
0.10794563527750668,-0.008320917617913155,9.45537630171479,-4.794447818716785,-3.4147087226887103,-3.0829737983252197,0.10930468641149962,-0.022101735504315552,9.489360173373928,1024,0,0,0.1537,0,0.0213
0.07340876442276535,-0.3835184362453164,9.761964636504704,-0.5302240818461557,-0.33185753919512273,0.009444997799095927,0.06795459097960091,-0.3675478503903604,9.783016884154515,1025,0,0,0.1537,0,0.0213
-0.14759507189230914,-0.271707395493262,9.778965679393195,-1.1299030261790761,0.7725606128053281,1.3658313778983564,-0.20456400168674954,-0.38144764342590753,9.748053517458823,1026,0,0,0.1537,0,0.0213
-0.23009271517897958,0.11034593885490424,9.975615197592333,1.0530954462474813,-2.8540325259242008,-3.322732300042511,-0.2632000762352936,0.08265498565933142,10.011604421506334,1027,0,0,0.1537,0,0.0113
-0.25004810110259995,-0.05877587837204813,9.842433721827291,-7.156122444639854,2.51676886103184,3.3005939774962707,-0.23777799959516607,-0.08844133244586186,9.894112615926042,1028,0,0,0.1522,0,0.0113
-0.2678465370801977,-0.4520424173104691,9.974181861201671,0.39224827917054567,-1.0987419995535697,2.9999508616420645,-0.3216876668979515,-0.4135115373730086,9.981904314525462,1029,0,0,0.1537,0,0.0213
-0.6862765272675307,-0.1588592511861833,9.970229297913345,-1.9887679939105327,2.130775608602204,-5.9034349899145155,-0.59641337915439,-0.14109019570393916,9.928038013031072,1030,0,0,0.154,0,0.0413
-0.0038119189518878377,-0.21647005957057464,10.163278156185656,-1.4295789052430554,0.34462813588686936,1.3449283096535223,-0.04756820392854643,-0.2281255753900995,10.145038833028266,1031,0,0,0.1537,0,0.0313
0.10561752910019465,0.20677519622252732,9.610540729948012,-5.419961233309873,-2.8330556613574007,-1.8662713367676997,0.112264925498214,0.1939306444479747,9.584484019438733,1032,0,0,0.1537,0,0.0115
-0.16354485513913988,0.11920286228514188,10.30471720185924,0.8835400915239833,-1.7771696476208372,-4.11090596845425,-0.2043300444232689,0.1533685086592131,10.280832886995489,1033,0,0,0.1516,0,0.0336
-0.16671041749427976,0.2645502147630477,9.60611082372979,0.307677837169221,2.862073259676484,3.5409653700865222,-0.152097738324533,0.20880224029722827,9.587425855763275,1034,0,0,0.1537,0,0.0236
-0.33206120567339675,0.16547857894424045,9.680326637826267,-2.496168978406751,-3.6075250391710654,-2.368422866702371,-0.2699993489591991,0.18114589382409618,9.666434551456636,1035,0,0,0.1537,0,0.0427
0.7313826155704755,-0.0014752191482150718,10.211965156118014,-3.483570884753301,0.6866797363893886,-0.45947287514120816,0.6882360643979382,-0.014467898146717253,10.307526847731578,1036,0,0,0.1286,0,0.0001
0.5559782859863714,-0.11604589403424276,9.743734465862822,1.0989354371354891,-2.256763907147932,0.7487650181304484,0.5880174286988537,-0.088995409456987,9.718063315671083,1037,0,0,0.1536,0,0.0123
0.26750703707529316,-0.30050006871879587,9.836789304663915,-1.9428671373934128,2.157574431633555,3.1214735389768498,0.272932936236016,-0.20339891475569905,9.875878499479361,1038,0,0,0.1537,0,0.0123
-0.16791713772530786,-0.2517740327931407,10.042274501542582,2.421800614108121,1.392629340270613,0.26883908607501034,-0.16572334089959867,-0.20791982676772486,10.087307209072133,1039,0,0,0.1537,0,0.0223
-0.3020911078324685,0.13999358579886267,9.776721706969171,6.682293173611813,7.00847943804279,-3.152341602281732,-0.2981202597075671,0.11936042934224694,9.743823291426832,1040,0,0,0.1494,0,0.0123
-0.4383953674717033,0.09397935641975973,9.792311436539928,-2.829858848162426,0.46549322340512445,-0.8290461613670519,-0.46178891098802644,0.12287244547325551,9.833186648969086,1041,0,0,0.1537,0,0.0229
-0.40583323656608505,-0.23623551080060523,10.001169419963745,0.8873755850050573,0.40875152222306105,2.5037388514294165,-0.30228924345685043,-0.16741069172669096,9.984741515412212,1042,0,0,0.1537,0,0.0201
0.5163268613662859,-0.21763684267640956,9.649768368296728,-0.690732843549943,-1.6052941265689809,2.108997676256692,0.44860681712690664,-0.1925106288001607,9.69196189609362,1043,0,0,0.1537,0,0.0425
-0.002431712576421993,0.2479657328179576,9.775806495499792,0.39966817474895044,-4.002270773729147,3.3435045739512237,0.029395658111319615,0.23375520109078038,9.704387277092655,1044,0,0,0.1537,0,0.0425
-0.22186510564907871,0.14308314311888756,9.828035355071385,-0.43416401207858835,1.123493357749393,-2.2398428043144705,-0.2857042686575587,0.10652597486387552,9.806147003552123,1045,0,0,0.1537,0,0.0025
0.4168525764914842,0.4738052555608272,9.879311915063205,-1.6145320989146177,-1.9064394546088983,-0.40406465880424347,0.44174093193968156,0.5410431688113759,9.904688570346755,1046,0,0,0.1537,0,0.0231
0.3776856911843861,-0.014120770225736864,9.710860029554038,-3.3848300905625366,0.3310792306363615,-0.5311445568659405,0.37424456834310066,-0.040348387222974125,9.636590131206866,1047,0,0,0.1537,0,0.034
-0.05895144018828871,-0.35532433666216845,9.842770055433723,0.18828125434892645,3.6653532174079464,0.912469384608667,-0.10288193825518416,-0.40921844532183,9.89473650744188,1048,0,0,0.1537,0,0.0112
-0.018806756936708576,-0.397412182134607,9.769392135638071,0.989241983221304,-1.977870723267531,3.138154767803438,-0.0507486644925243,-0.3602087912923478,9.751266220808981,1049,0,0,0.1537,0,0.0233
-0.4164321326168326,0.11030709566950442,9.80342080203176,-0.49188733477613844,0.37365333616570284,0.2754336867902777,-0.39667351018462765,0.1260807141180606,9.734553552490151,1050,0,0,0.1537,0,0.0134
-0.27733461997693076,0.024479104216564396,9.863358021359204,3.963054450023856,3.9144265344238383,2.5568443210985086,-0.24912423262188876,0.04363404087007024,9.867999572903704,1051,0,0,0.1537,0,0.0103
0.3831295899820481,-0.3471502534444933,9.485348549681083,-5.666724842836057,4.187602552158344,1.092375500979455,0.4052415722162181,-0.30550315187316757,9.504444772706755,1052,0,0,0.1537,0,0.0134
-0.2727785859897262,0.08309594061523741,9.727857288111862,-2.78651537672945,-0.9197831470848057,3.8976247929289083,-0.30509222983337947,0.11994998991906919,9.7816137884451,1053,0,0,0.1537,0,0.0102
-0.07495697045352737,-0.18740646057061466,9.726731754478953,-0.404843185532327,-0.5287652973023776,2.2520550138315243,-0.020879095769929246,-0.21655170071416785,9.694239961572833,1054,0,0,0.1537,0,0.0202
-0.3720183097153083,0.20567404157421346,9.845283204712032,1.6257594199787628,-0.3179230204059978,-0.9106031206331658,-0.37538948184747917,0.14694074150349626,9.872458228395633,1055,0,0,0.1537,0,0.0202
0.5061696803879044,0.3564380927571817,10.135479182862435,-1.772112964589075,-0.7733003329502843,1.293011712034196,0.47841441708654053,0.38436144710006226,10.098510270947324,1056,0,0,0.1537,0,0.0202
0.07710290319139063,-0.26465492929067824,9.546304862531368,-3.9191931754693554,-3.842267641758956,-5.974982925865833,0.027122468093771175,-0.2517873828062125,9.5527461211138,1057,0,0,0.1537,0,0.0207
-0.5317760102871675,0.05782676777376981,10.04060021972724,-0.6855852089311243,-6.1518503035124965,-2.6999396553511468,-0.5963838753042958,0.04947670775851508,10.123540626131506,1058,0,0,0.1537,0,0.0107
0.18307878277691567,0.12075625929429759,9.891246993596074,1.453364859554347,1.4923873767718017,3.962551403369614,0.20784208290884146,0.1156804920502934,9.948519003048403,1059,0,0,0.1537,0,0.0002
-0.024171686656735105,-0.3494256428769595,9.642626532025185,-3.7800771816017846,-1.1301880381424745,-5.544058421776722,0.03012197722806743,-0.2693103416385472,9.578230182997094,1060,0,0,0.1537,0,0.0003
0.18632064480547134,-0.3081118592884848,9.959749044507864,-2.4506346057670374,-1.5451230912116336,4.604150019063481,0.2077975344152033,-0.2688563499273148,9.951485050711748,1061,0,0,0.1537,0,0.0026
0.4598403376700026,-0.30522794031392547,9.780811178863939,0.853059898894414,4.543411687343709,1.6447246125077886,0.4000251036103204,-0.3323535215669717,9.851958708485046,1062,0,0,0.1537,0,0.014
-0.3742076908781474,-0.21882146698307986,9.898639157120295,-0.5865491536509628,-3.6903685041169862,-0.20428495705772487,-0.36347886382749767,-0.21710369128333779,9.924517361996012,1063,0,0,0.1537,0,0.0135
0.07121313318889914,-0.13281623114546767,10.169453140666445,-4.209386405325436,2.117395350632789,3.2235574841388757,0.01716243545452871,-0.11812995379521019,10.166083626576135,1064,0,0,0.1537,0,0.0221
0.12617145649100958,0.2836453587121168,9.59825918477988,-0.13237083633231,3.3866077001274437,-2.335217236469912,0.14798831175206034,0.3031803360274253,9.5530891440594,1065,0,0,0.1537,0,0.0015
-0.10292722550462936,0.5136630174257303,9.737620387723165,-3.7663751675206414,-0.1934798124537333,-2.3512471680744556,-0.10102981085312857,0.5924435231037619,9.714694476249385,1066,0,0,0.1518,0,0.0021
-0.029072315767241824,0.09636096622652308,10.358429457255337,-0.7306878051492015,1.0150533853646844,-3.4569313717908607,-0.013269240255208314,0.051480919857056905,10.366729782807367,1067,0,0,0.1188,0,0.0021
0.11630337702019877,0.015584176553827794,10.02377655210057,-1.6312548528834303,1.8965562941587333,1.7349157373567308,0.14662098701555126,-0.07864334523555053,10.031403323850945,1068,0,0,0.1537,0,0.0021
0.2676799791028671,-0.08132077619361407,9.498432515788345,2.697036912885393,-2.005225631128622,2.0933816465393242,0.335145583356463,-0.030115020150978875,9.471965717078714,1069,0,0,0.1537,0,0.0021
0.06376978125811499,-0.6009454458014241,9.697664827361988,1.172952447716757,-3.3507689859355185,-0.4411509385625243,0.12925214862047543,-0.6244155056199541,9.64173199872996,1070,0,0,0.152,0,0.0221
-0.10715024798139738,-0.3286700182276287,10.019433520944224,-4.420196423567018,3.0209389064392167,1.8483143418428882,-0.07143241015387533,-0.40413002667034115,10.031805120491054,1071,0,0,0.1537,0,0.0211
0.3431263949268016,0.10934580606697362,9.530963307032465,-2.156390650016787,3.5522283303988376,-7.567607860152659,0.2867791363039318,0.08625137979379449,9.549172530522572,1072,0,0,0.1514,0,0.0005
-0.05211648400342123,0.08894770904526257,9.53775545339558,3.4152997977936455,-1.5230856839433176,-3.5490011417856424,-0.019545201579277666,0.1746281470203988,9.495239711830415,1073,0,0,0.1537,0,0.0006
0.01678711601495494,0.2189266882330321,9.23485869800184,-5.395369481560084,2.664914299969111,5.570267809863497,0.035822154812139406,0.1984719555465581,9.262036818569687,1074,0,0,0.1073,0,0.0006
-0.02090520678348517,-0.07167977916483073,9.84826999648511,-5.234670291662542,-1.1382611231931317,-6.601714919709727,0.0014902904483997323,-0.013984108847578947,9.80834666531212,1075,0,0,0.1532,0,0.0004
-0.6204334700360804,0.07796640068265664,9.881988689380918,-0.39518329576752165,1.9468151743152897,2.4230336776100665,-0.638723191485875,0.11842267904888837,9.83724607798086,1076,0,0,0.1538,0,0.0004
0.10295638511246068,0.20920688443299515,9.943181975038096,0.173589778252994,4.091603817889293,1.1479493268776362,0.13762631781795936,0.12961588095013815,9.921987493185986,1077,0,0,0.1537,0,0.0004
0.1976424643728544,-0.425114992267609,9.966418700224791,0.023857326091363335,4.28023978614979,-0.75884532174792,0.23354674926921112,-0.4752115913131464,9.944194420881361,1078,0,0,0.1537,0,0.0111
0.2809052415937835,-0.4480097505727363,9.79569267238929,-0.381591593220434,-1.0229545866689853,-0.7883849898340316,0.29711177922744847,-0.4424501954882874,9.767826790834206,1079,0,0,0.1537,0,0.0011
-0.5415259556333637,-0.014066963781298698,10.06973349237813,-1.7671889942049908,-3.5123298059705164,2.5503819820316798,-0.5117396682797765,-0.029970982068431545,10.024579786709626,1080,0,0,0.1537,0,0.0112
0.13381196218086325,-0.16823196911088253,9.967059298860006,-1.3976429979597669,1.8183019296364926,0.712561550841273,0.07749720281624507,-0.1223014362694623,10.033420293601164,1081,0,0,0.1537,0,0.0112
0.4822792877742855,-0.36322377806302536,9.536277339050628,1.7702223120786316,-2.3738512319530116,-0.6038250675297809,0.5133190039790543,-0.36082093719127306,9.536709147992214,1082,0,0,0.1537,0,0.0111
-0.2885969468443665,-0.3237108875571169,9.679248987660664,-1.61713216977066,-2.0438594902194076,1.596273472547127,-0.35642028242627355,-0.3699274064118559,9.661459424634623,1083,0,0,0.1537,0,0.0005
0.09863449029155498,0.11134104135631777,10.102314780053744,-0.20674826081382325,1.3732081568584165,-1.465449055439886,0.07970984021708986,0.23224412714658674,10.071284547761886,1084,0,0,0.1537,0,0.0105
0.6762168674960111,0.0769392656715935,10.193359051121995,-4.088705093520071,-0.46314374361306976,-2.7253767238051836,0.7064631940336283,0.031243903110245497,10.212089677644673,1085,0,0,0.1475,0,0.0111
0.03319072186688863,-0.16768996005889994,9.611794379285715,0.8540621727727596,3.506085666791969,1.3157386785899217,0.04978040748931796,-0.087175326694698,9.608777011437732,1086,0,0,0.1537,0,0.0105
0.21362066958400264,0.5883989856200137,9.756244661605088,4.10856664688649,-0.3588577633024051,2.1303804499567454,0.2405639803469679,0.6118839756347343,9.76659626711372,1087,0,0,0.1532,0,0.0005
0.21450394044131912,-0.3454762119472416,9.649786860916235,-2.749245798574606,0.0761067572963064,3.3499513981602353,0.16941008922323378,-0.38245343833152784,9.745854292451963,1088,0,0,0.1537,0,0.001
-0.7813348181436901,-0.44711256331611415,9.917757154045624,-1.4878074507580434,1.3572946374950576,0.029769124576474952,-0.7748303747053996,-0.46781176365018534,9.970127718143637,1089,0,0,0.1693,0,0.0015
0.3073297171512946,-0.4199881607903904,9.800146846891018,0.5187402324904528,1.6508068311454984,-6.071163550913877,0.28220847809574434,-0.4204828094803733,9.857914554529986,1090,0,0,0.1537,0,0.0097
0.16047823926851576,0.0933461907627823,9.757015147577286,-5.035363882578588,0.0769517000421003,1.588401765060743,0.2172875782547693,0.09904039363995856,9.715300949288784,1091,0,0,0.1537,0,0.0146
0.5181532706494573,-0.45685174685296726,9.689128197423363,-0.32804501090054,-6.707827294935434,-1.2765294369532663,0.4945899276422517,-0.4337353783981891,9.807695272185773,1092,0,0,0.1537,0,0.0246
-0.09628513336887258,-0.36026831752377336,9.625466297097477,-1.147147691184809,-1.378704335165702,-4.871015724637633,-0.1838279724981682,-0.4163644859553157,9.611887592778096,1093,0,0,0.1537,0,0.0246
-0.04041195943025664,-0.10097294491779467,9.641474093815715,-4.236091353524759,1.0741065572759516,3.883176614941009,0.014670130105496393,-0.07378276662525533,9.630783983567271,1094,0,0,0.1537,0,0.0246
0.282764857208847,-0.39423612577806016,9.519184289537453,3.7704933761500223,0.10247641555819907,-2.4684727554095085,0.310419167946819,-0.380400361240805,9.46621682756936,1095,0,0,0.1537,0,0.0246
-0.12096537985297659,-0.19165273985551431,9.906612517415068,-0.09177214152073639,-0.3843603032574323,-9.309813293861447,-0.10445624723550354,-0.2153560645682578,9.961183307857546,1096,0,0,0.1502,0,0.0346
0.3335847201869087,0.15644373429989064,10.105635340868297,2.764777521220482,-0.42768314184779044,-5.278503576916483,0.38739021223298764,0.23262766420300357,10.148234560515737,1097,0,0,0.1537,0,0.0151
0.18241099801828084,0.20795851970315068,9.625365259389262,-1.1871749923868067,2.1265705801776216,-0.28264923512531626,0.1848679126383411,0.21186567222446812,9.656147751352224,1098,0,0,0.1537,0,0.0151
-0.0027500520833409875,0.46172013356348335,9.69975995472179,4.153839484743707,-4.555902549767672,-1.4606766870073937,-0.04448565310127943,0.4439287991715287,9.729769567343588,1099,0,0,0.1537,0,0.0151
-0.42368689471871523,0.3407099029201185,9.576709364759282,2.02547167827149,3.213297425494569,-3.1079838661825447,-0.39265501451740115,0.30692420253718855,9.475952468347273,1100,0,0,0.1537,0,0.0151
0.33870777406516994,0.0367550222321628,9.992386766106495,-0.05168531293868313,-0.6996017470467093,-1.5327820159375194,0.32220103884484247,0.028098598964080596,9.923501925782677,1101,0,0,0.1537,0,0.0151
0.3009030868022898,-0.061220628137990105,9.69666206936034,4.343152603975523,2.3323973888843947,2.631410155742328,0.27552986000686586,0.008839333158286014,9.725566294837934,1102,0,0,0.1537,0,0.0146
-0.27164685492687707,0.2533664696580818,9.619323886799316,2.4796481553712586,3.500976815317646,-0.815711972921392,-0.22886001504185965,0.20580588675840306,9.598993050337146,1103,0,0,0.1537,0,0.0146
0.38929818285655,-0.01171257373095625,9.917244919338383,0.326233704508294,2.1431785087005752,-4.420215739524212,0.3521251559342713,0.03483146824211734,9.947703330873761,1104,0,0,0.1537,0,0.0246
-0.25661382501114777,-0.030815104221955818,10.039622372493008,0.34453706962553265,-4.5623103009589965,0.47469625480204175,-0.22924706010943188,-0.01709994564132907,10.011060818799137,1105,0,0,0.1537,0,0.0051
-0.0020345497278537847,0.19168003258694322,9.420647307111114,0.686242797970481,-3.2386475667627956,-2.9146874091860946,-0.03288221090540744,0.1660428065334219,9.3918644835683,1106,0,0,0.1526,0,0.0137
0.5625273949758787,-0.13517956097114123,10.0109824819624,-2.370001103720488,-0.5035303650503294,1.321918017539682,0.552829282686098,-0.052418849416245514,10.018462046952598,1107,0,0,0.1536,0,0.0137
0.4138285227389123,0.3632521284573003,9.883578181827207,0.4506882240693558,0.5947297405442546,-0.5674758908238658,0.335589997156757,0.31727393462137815,9.883500937118077,1108,0,0,0.1537,0,0.0137
0.07643445343426832,0.1880328749127122,9.8012683154973,-1.3158838240626787,-0.40240803419125504,-3.42431598285716,0.013825695948229952,0.22191381505092259,9.784055522246879,1109,0,0,0.1537,0,0.0051
-0.29647207818267224,0.273801997111189,9.969553747653961,-0.04373426838356838,1.5350975120662813,-1.9769966477362537,-0.2978098386383473,0.3226793826595112,9.934281442446478,1110,0,0,0.1537,0,0.0051
0.14515239964990936,0.34742389413326247,10.197627454706765,0.4385219226076817,-4.1215525672348505,0.7798960351090474,0.21913187195160178,0.3348133197508497,10.235356713240598,1111,0,0,0.1527,0,0.0051
-0.01086019405198928,0.10986845400065749,9.940787638300042,1.441923895783325,-5.846931300969155,-4.894479244834882,0.06509877099887254,0.15021686369313436,10.028988374475068,1112,0,0,0.1537,0,0.0003
0.5583432388365782,0.017136171988503347,9.856878800490758,0.9222591966787916,0.8900621034432958,3.151995357945265,0.5009047680656835,-0.039518029823758495,10.03376604671509,1113,0,0,0.1536,0,0.0051
0.5696280760242,0.27134089176117354,9.857135075680002,1.135374768364613,0.5692436634567055,-0.2912426671005624,0.6152619416629782,0.25116700352774757,9.860732819432677,1114,0,0,0.1549,0,0.0051
-0.16559932634075852,-0.20077869969893306,9.717144116209345,2.758727879298728,3.556604249845366,3.7438012461349306,-0.1930825743807806,-0.22139158457618763,9.662662893064626,1115,0,0,0.1537,0,0.0051
0.0889721141621167,0.12089264855477737,9.695032615801264,2.1421803880912798,1.2361276294356054,-1.9474926659703815,0.08126181144478356,0.2041110882040486,9.685982940566136,1116,0,0,0.1537,0,0.0051
-0.10020947184098193,0.17651650995305304,9.833189943642736,2.9433725696192155,0.08348866169734437,9.455263682530333,-0.05005955925882587,0.21639635757623413,9.787512189061182,1117,0,0,0.1504,0,0.0151
0.3641558373800808,-0.22116245346806457,9.802839226516506,3.75718561478583,1.477164627959339,-0.072425528947519,0.4226717727745362,-0.2549354513722165,9.86421047725001,1118,0,0,0.1537,0,0.0051
0.05484186227890437,0.21093585006430915,9.5308834293719,0.8501964482758744,1.8579140569062553,2.0068628981875345,0.09916537734116676,0.20819535532651645,9.586992749964002,1119,0,0,0.1537,0,0.0051
0.35517286216595206,0.36135729472160477,9.944939444701976,1.4485546020381925,2.547158913759767,-1.9998998268567745,0.39051541043527715,0.413586518413949,9.849862685138913,1120,0,0,0.1537,0,0.0051
-0.4424030124825508,0.2619494357804566,10.21339382418892,0.15830157661296554,-0.6520291939857324,-3.060467824542463,-0.4682200933038379,0.26454605412618404,10.255245969282148,1121,0,0,0.1527,0,0.0088
-0.08184882858837302,-0.022836760696915363,9.804933324805857,1.402724832546095,-1.0604749811482703,-7.7086819057178655,-0.10648971785810832,0.03890429358045675,9.788319086436033,1122,0,0,0.1514,0,0.0098
0.003581454247804772,-0.047222485257632986,9.973171208327946,1.8645801792517447,0.5559461381002578,1.2326388385850664,0.006510689161850337,-0.02688715770729917,9.947784591068544,1123,0,0,0.1537,0,0.0188
0.23665619331798626,-0.44598046932917434,9.996446422993634,-2.940364752139149,-7.28969626014074,2.058408870038112,0.28986937582804884,-0.44398090719441,9.915484286851864,1124,0,0,0.1535,0,0.017
0.5214155142804476,0.16405230994753348,9.837375419211924,2.7226530561571067,0.9761930433222421,-1.6795769666842921,0.46518182758573967,0.04146905315654531,9.877094794910454,1125,0,0,0.1537,0,0.017
0.1006128276067012,0.32330372121597084,9.994435195034026,-0.7045190402823553,-0.21152941836602351,-0.549605081898771,0.1407483317447476,0.3637297272837212,10.011973722889666,1126,0,0,0.1537,0,0.017
-0.4495862310527985,-0.16340578983681722,9.518138736960132,-0.3756506447946378,-1.2473662335070537,3.9493025922432317,-0.41963619052113166,-0.16129102743437282,9.425572535841875,1127,0,0,0.153,0,0.017
0.37094420699662717,-0.38398697910461005,9.36510004996493,3.8824042846919373,-5.179233271441548,-0.0988155261865345,0.36769941607484763,-0.3955544429744335,9.3252386752082,1128,0,0,0.1497,0,0.017
-0.02400764836352676,0.044172733215502934,9.575378014463023,1.956300236167269,-3.362326241193435,2.0974480233286013,-0.041769062832139776,0.06130464772267918,9.55159568059289,1129,0,0,0.1537,0,0.017
0.18294139422777086,0.06749749407986017,9.942600224621113,0.9813192410635939,-1.2829006870983912,1.6291308676480654,0.20170122310658853,0.010755300589118562,9.925115437969279,1130,0,0,0.1537,0,0.0272
-0.04699354428118814,0.4265951641279162,9.933330282579746,3.0172522628334404,-6.498328920414215,-4.59359813819265,-0.04177809758653509,0.43194909383321367,9.98984981595635,1131,0,0,0.1537,0,0.017
-0.18885455036596707,-0.1986273000481469,9.610569162752482,3.098439184813792,2.277738151964428,2.874991479904521,-0.18949497214398897,-0.1550460445787002,9.665352023869017,1132,0,0,0.1537,0,0.022
0.28655225834249354,-0.024419119689491193,10.001801564923912,0.732781673744364,2.6402728779467246,-0.11659898638267926,0.266116775019991,-0.04687388016890194,9.992495086537454,1133,0,0,0.1537,0,0.0411
0.424850341551039,0.477285119156993,10.133907633659005,1.634644036637188,-2.48131830440252,2.554651773620326,0.44221452683928103,0.5465962705468799,10.165679453996967,1134,0,0,0.1537,0,0.0172
-0.4414100681173671,0.3583775921592672,9.470755667703283,2.530656435288303,-2.472304313186676,-0.09103636974867582,-0.5275393059627314,0.37909268591178835,9.35199441840823,1135,0,0,0.1396,0,0.027
0.041124061730036694,-0.2920191946747235,9.820394430041787,-2.084295701399131,3.041443037971984,0.2613043070279276,0.07408010707549766,-0.3596982307698368,9.812520539508577,1136,0,0,0.1537,0,0.027
0.14458571976972096,0.27560238276757304,9.814356218840553,7.332664365386273,1.903183835066627,-3.508740327765501,0.13646018023488932,0.29137478533137234,9.782018502408745,1137,0,0,0.1504,0,0.027
0.07659658595915561,-0.4709301234756607,9.892022111697512,3.1583557934682096,-2.966265449969112,-2.6169495914458314,0.031189845075640543,-0.4888486099114159,9.926216838514856,1138,0,0,0.1537,0,0.0468
0.307577368927288,-0.4385276043080355,10.084174098744564,2.8665529608262323,-1.6361488324128062,8.008630949685294,0.3239543269676739,-0.37768932150331375,10.089129183945632,1139,0,0,0.149,0,0.0393
0.12155265514801315,0.3165836520677913,9.730441229183734,5.172810937950631,-0.7280662705448817,-6.540718315591905,0.10032356640087903,0.3479453639226842,9.771932870335778,1140,0,0,0.1532,0,0.0493
-0.2101620143819026,-0.10503241425912824,9.586514000648,1.1591079034948584,-1.075075441412028,-0.0031906022885899686,-0.19394331929384614,-0.07796910478102334,9.553423613394845,1141,0,0,0.1537,0,0.0393
-0.2721161227525891,-0.19178177637253105,9.721803657938443,-4.939096700569052,0.3497377042361419,1.7610068146080864,-0.2839529816051851,-0.15633123466388962,9.745882286586076,1142,0,0,0.1537,0,0.0483
0.31593630929143396,0.7658267099025894,9.480688716525561,2.095628114040526,1.959547610874567,-1.6112846561450276,0.2989353625905905,0.8285871939299685,9.507097636716814,1143,0,0,0.1198,0,0.0407
0.3205795631273712,-0.427049750750401,9.882125639808573,-4.154273973706578,0.11552318160178066,-3.315577770714954,0.33403145404924806,-0.43945300972795487,9.81034305431527,1144,0,0,0.1537,0,0.0307
0.00487409705600772,-0.388722481750544,9.926088863600127,-0.1331361328648836,1.175063332164588,-1.2850854691286353,-0.02246142184422526,-0.4150967847353819,9.868476936601105,1145,0,0,0.1537,0,0.0232
-0.1670973952433559,0.07776506104759244,10.026648595219665,-0.5068982012809733,-4.693023547547809,-3.655702578119481,-0.12183275547709888,0.1569081468441255,10.129046491847236,1146,0,0,0.1537,0,0.0223
-0.2833976036123348,0.019274555502502407,9.923007302371927,-6.22010513280207,0.7561789542898429,2.1042816030797944,-0.3032974038415064,0.021633120920073967,9.889644035352815,1147,0,0,0.1537,0,0.0115
0.27890457323285384,-0.6156570994051721,10.187806937662176,0.7794134218834163,-2.4564828208361194,7.525212055883189,0.33510478361091095,-0.60231982604243,10.216208838939615,1148,0,0,0.1509,0,0.0116
-0.03596325425655532,-0.0697663788068865,9.789369354565942,1.5631557055098027,0.0028321436181779173,-1.289909217745055,-0.021272218636815513,-0.04893529687726353,9.837864946944359,1149,0,0,0.1537,0,0.0214
-0.0718493502824839,0.13010508188222822,9.734796744338192,7.429068356735092,-6.278588317992309,1.1337865963381275,-0.10764288753371011,-0.023957496091821795,9.784754576342614,1150,0,0,0.1493,0,0.0117
0.35687521819225404,0.29827061596771764,9.892651564454505,-3.367218990956937,-0.4931438684996211,-2.3755528904285734,0.45471338859533833,0.28283422063006836,9.872503403435267,1151,0,0,0.1537,0,0.0017
-0.40948279311232716,0.3309124907357687,9.939629070171074,2.678849410475081,0.6038575939374453,0.5891161306320811,-0.4611022010237562,0.3560416753045039,9.901685990470344,1152,0,0,0.1537,0,0.0119
-0.1116974583818754,-0.0013308179979109511,10.069848947518112,-6.105587607327637,-4.091741859653296,2.9129036617518116,-0.08356323187728913,0.038025900731997575,10.026604523243243,1153,0,0,0.1537,0,0.0014
-0.011397250633961877,-0.1949898617953785,9.604654871280443,-2.3196747250066547,-0.8463486419184222,-0.741494846319423,-0.0154132875285758,-0.1869172343181836,9.568922307779923,1154,0,0,0.1537,0,0.0014
-0.7547575110835657,-0.11260720451821143,9.864418659545475,-3.851414277605861,-3.095021229276385,0.5892850434762957,-0.6755009252402828,-0.15648203187405635,9.830349867644202,1155,0,0,0.1497,0,0.0019
0.7225828431401969,0.4444856669659454,9.723679371431215,-1.2543439385045996,-3.506635558522052,-0.9229386220761533,0.7230538413943681,0.36881500626542774,9.747506138239448,1156,0,0,0.1547,0,0.0114
0.10258257836318839,-0.6246017136311134,9.737677722637656,3.382445997408257,-2.5231025957387603,-1.627516860738474,0.1058009151336336,-0.6178901289589993,9.857831574510175,1157,0,0,0.1538,0,0.0114
-0.2486838311151834,-0.056528625198051755,9.864447650782667,-1.3343823991126582,2.279343975066442,-3.0127505603093923,-0.27170746520815503,-0.03377959457136581,9.964138909008675,1158,0,0,0.1537,0,0.0121
-0.5581500947473876,-0.2866908563408209,9.745557694791408,-1.3605624682019897,-2.7275001272668233,0.7140434381252484,-0.555355316800167,-0.304121010596842,9.65793769842451,1159,0,0,0.1537,0,0.0121
-0.1772219003299593,0.13215621701829908,9.732935056034664,-8.343563748151967,0.35019742150719174,0.3622232756684951,-0.17249421895419254,0.22125628895221083,9.777407241611709,1160,0,0,0.1469,0,0.0122
0.2015983878572017,-0.2591527967835545,9.744262776207654,6.741846475417345,4.736652310402355,-0.8466900743012609,0.1469352997250593,-0.2738885332860898,9.682753986799595,1161,0,0,0.1524,0,0.0016
-0.19417966537067602,0.6083199097761912,9.90863670308267,-0.10909176968766846,-2.7130310969540745,1.6993406400885631,-0.1756164777545824,0.5390472399736448,9.92721821109153,1162,0,0,0.1536,0,0.0022
-0.19710676722726553,-0.5910613843472216,9.8954595319684,3.0625282696093237,1.5071185226365444,-0.4196469700072085,-0.1540917216637011,-0.6787722957727973,9.902687923908744,1163,0,0,0.1432,0,0.0122
-0.3963694562906395,0.011043611001566886,9.831682836620026,-4.389549909286586,1.9563138788977974,8.039720051609166,-0.3692723167892104,0.02799587309299182,9.839451590242316,1164,0,0,0.1484,0,0.0116
0.24030589508386482,-0.04228642137770914,9.982504018610495,0.1281618120373597,6.55528051836404,-0.12583678267534745,0.27105861745732907,-0.05633708005875162,9.959656378807669,1165,0,0,0.1537,0,0.011
-0.2833497256233589,-1.0116544446536397,9.7380812284366,0.004009920075588451,-0.7807019018536682,0.4356935846797304,-0.2182042163106866,-1.0103582577874162,9.683516775090105,1166,0,0,0.0691,0,0.0212
0.6244292573782839,-0.5095676376781161,9.793862760283703,-2.123024438188253,1.8039961313925608,0.8437536506640304,0.5627210627633975,-0.4808443417389129,9.79922964410715,1167,0,0,0.1521,0,0.0011
0.09238384018535539,-0.009356375914288576,9.881790298450587,-2.926737106520795,-4.345920626870723,2.251106220968917,0.07317683527101088,-0.03641593311791064,9.892545482059834,1168,0,0,0.1537,0,0.0011
-0.12095405249066063,0.2608302907868472,9.905779073718566,-0.11192968699347437,-0.9199411178749418,-0.3473438016002121,-0.16831711358928458,0.29212621924020726,9.90639145176111,1169,0,0,0.1537,0,0.0011
-0.2037279586042949,-0.16687200839018887,9.558257296220281,-1.9692635828261118,-4.294139309455312,4.450495025181508,-0.16357319280100074,-0.15070250295479995,9.538143925663322,1170,0,0,0.1537,0,0.0005
0.4423021431007281,0.33267548674868924,9.658597189504171,0.9062203360430117,0.4962461651942033,-6.278820313680461,0.4891720372033429,0.2798511624595935,9.669671393870168,1171,0,0,0.1537,0,0.0003
-0.24434801058890387,-0.5028260315413846,10.039276041174206,1.6092144527480152,-8.114413980509205,-2.9654045259187822,-0.34495845275002696,-0.4094522550288468,10.025134705298886,1172,0,0,0.1498,0,0.0105
-0.21465505209846356,-0.09946335446112296,9.79916376391077,3.588448550339488,3.886667235137053,-3.8797638681367004,-0.2587707684662235,-0.08844319733792791,9.846578883937891,1173,0,0,0.1537,0,0.0105
-0.03532680529631134,-0.38265927665604155,9.753177161926471,1.1675479952258079,-3.4714923608960926,1.043917675694632,-0.0878640008085525,-0.38603637645323935,9.740447999231531,1174,0,0,0.1537,0,0.0105
0.1727761053352246,0.20238197710787567,10.058787032229999,-1.5441302645165766,-6.925514910492786,-0.8006611111609618,0.12670454039249876,0.20766902595383144,10.17139949839278,1175,0,0,0.1537,0,0.0105
0.10165616124321444,0.044356878337033105,9.852252491163197,3.3051111723634228,9.715159985652997,-3.904392366098841,0.1596863575931878,0.13691632511676133,9.94542343050549,1176,0,0,0.1313,0,0.0102
-0.36205319852465795,-0.25133750562320484,9.771622837101992,0.8281388952459912,-0.9196313887855978,0.43888998240826566,-0.37970411865316434,-0.22539254730801977,9.826059888703755,1177,0,0,0.1537,0,0.0102
-0.031787028156560336,-0.1571123907364506,9.755647744294105,0.8670986167155537,3.076772080716524,0.30545673190695916,-0.007270895263151368,-0.1804266763008972,9.805142110191328,1178,0,0,0.1537,0,0.0102
-0.1328151099620628,-0.17440700854092497,9.768753566172391,-0.005666074623022937,-4.092409562983097,0.7728123070131004,-0.07598455981553741,-0.2498119951981778,9.689485838396426,1179,0,0,0.1537,0,0.0102
0.01733008777504485,0.21053411565621125,9.710842327356314,5.62754592079933,-2.759773038882252,6.585281498383587,0.07530895264015341,0.2409277020858583,9.660440897998207,1180,0,0,0.1531,0,0.0102
0.425618324166998,-0.17054905148032698,9.666197351278973,-2.110369269432409,-4.996441148117511,-2.1512703644144096,0.375463691117125,-0.15793146909529027,9.705433137116612,1181,0,0,0.1537,0,0.0102
0.17387969610812962,0.18710082733636405,10.24330990835935,-3.8399915027716496,-3.9004767067877175,0.7162204539989651,0.09987098758139468,0.23568267952305832,10.206042437439358,1182,0,0,0.1526,0,0.031
0.020152756999939958,-0.1747889827023607,9.863338260667152,-0.20542579665401695,-1.6768593216291081,-4.180479114184459,0.03930103872613179,-0.18176907113662089,9.927094332007808,1183,0,0,0.1537,0,0.031
-0.4574087708940678,-0.04010170240499831,9.552963739975317,1.4732321007494462,-0.24853852365524004,-3.6405265281475483,-0.40340397177994264,-0.10901217687624673,9.52714285664714,1184,0,0,0.1537,0,0.031
-0.19274133201122567,0.19844081488712648,9.95058523928296,-4.690329910972158,0.24476727270465798,2.9848114871448335,-0.25704095223439555,0.10428888012083484,9.99952153529094,1185,0,0,0.1537,0,0.0381
-0.13044866419393267,-0.03924948917882225,9.465552014520343,6.60007438164512,-0.018588689265193595,-2.0995368579686104,-0.21991568832952635,-0.011778542153174629,9.595745790868914,1186,0,0,0.1529,0,0.0381
-0.14708914580653978,0.023328286267530782,10.214928536959391,-3.1978835959494205,0.44800237979302177,3.006757510822579,-0.10630646865753265,-0.08018181944426707,10.150619604173974,1187,0,0,0.1537,0,0.0109
0.25381858293469595,0.6954172379432716,9.926055425835457,-0.05935735781907822,0.5543979283091606,5.875983747980825,0.1593428044263931,0.7845696650474575,9.957149912358458,1188,0,0,0.1403,0,0.031
0.050323203983559675,0.7231580091086508,9.857450214615485,4.353734900298635,-1.3861633356719811,-3.7420581463515603,-0.06505734890776989,0.7550516268407561,9.855511733977664,1189,0,0,0.1507,0,0.0409
0.5525264194229691,-0.08512246073420889,9.716749170835907,-3.30994294308919,1.1369326246471265,-1.7028615716466828,0.548354181700033,0.013468772566698331,9.629791087337965,1190,0,0,0.1536,0,0.0209
-0.36895963143138283,0.06443083447324949,9.807380816827306,-0.4837925818016705,-2.7342958043657957,3.5058233322518397,-0.3462877950726953,0.02314332971947257,9.808959804942445,1191,0,0,0.1537,0,0.0209
-0.1595801958861552,0.2616717983277749,9.507827996175076,-0.29310850018647416,3.6029734123088257,1.1982744108636645,-0.10975771544680943,0.19161675702822262,9.452169235203392,1192,0,0,0.1534,0,0.0109
-0.7077806997403021,0.04185404799540751,10.115258412444854,4.313470466415497,-0.9983523182294047,2.7417229712501143,-0.7064866799695817,-0.008094934790724324,10.136253626686107,1193,0,0,0.1573,0,0.011
-0.15254946564250135,0.09797689938228966,9.781962381487254,-5.543703921520721,-3.9993815009749536,-2.194862951562107,-0.12335516695798257,0.05592720391848839,9.77573687048187,1194,0,0,0.1537,0,0.0109
0.44169872554861483,0.2921110372919035,9.843322177668389,-1.4855143009495726,-2.451669123417442,1.8422964423814652,0.3975549277236646,0.24000709203425602,9.852795344971602,1195,0,0,0.1537,0,0.0109
0.05379105059417601,0.17321201520873855,9.660530806083068,5.354041785939146,-5.009152896850586,2.045261633938439,0.13969974964466886,0.08332816400746104,9.647785285700941,1196,0,0,0.1537,0,0.021
0.24100705307521775,0.2458680175249282,10.139349478747205,-4.268957498323875,-0.715953050090294,-2.2028743366988723,0.318143247012043,0.27332379246936045,10.019113517224104,1197,0,0,0.1537,0,0.011
-0.33158332807522933,0.22927834381260762,9.691177436220526,-3.1955201815765557,-0.1434611188602618,-2.7787794236711485,-0.4138806405918801,0.18703760294950544,9.737398216024221,1198,0,0,0.1537,0,0.011
-0.35608562962863205,-0.13599168462732422,10.217314287011098,-2.3376369577000324,-0.6812055571219334,0.33150732797217214,-0.2906658570549821,-0.14042282359487798,10.192518318070585,1199,0,0,0.1533,0,0.0209
-0.3283946182877659,0.20354579842461193,9.965765145380658,1.6418301926429515,-8.046503529626253,-0.42164841410804477,-0.2317443865074963,0.22521874781392803,10.09054262684738,1200,0,0,0.1498,0,0.0009
-0.037638022079477924,-0.28067410020933015,9.900694730569457,1.2050046712191285,1.3886170559923996,4.4444426055498045,-0.037381878151710665,-0.31830691140120804,9.893258200245647,1201,0,0,0.1537,0,0.0109
-0.1665497850398049,0.004002448521208405,9.75409672439297,-5.159788621958938,-6.4867375660198805,1.4370798001089056,-0.19650660489294305,-0.015797048558641832,9.721810234922394,1202,0,0,0.1537,0,0.0009
-0.20779440653650236,-0.23281938859560286,9.833406364400656,-1.6320820525879909,1.9464891201892585,1.3156418763785083,-0.17630231134062227,-0.19260958927551386,9.804463655768739,1203,0,0,0.1537,0,0.0009
0.1731168589696316,-0.13080012231243202,10.017435211409866,-1.9063872482409265,0.5803527625504592,3.116279332850836,0.15417955336441358,-0.19257683878550566,10.057536873654653,1204,0,0,0.1537,0,0.0009
0.8240065217712281,-0.18635643545400762,9.924392918138564,-3.410949034979063,-3.966166663667005,-3.3702106362204236,0.9348917846761746,-0.18310106311378294,9.986661645038723,1205,0,0,0.1562,0,0.0003
0.21241790337339406,0.10037802867136529,10.242697331443765,-2.459836123099185,3.763987062051831,1.0699368027329563,0.2589319472399462,0.10070247452811087,10.236328754548659,1206,0,0,0.1527,0,0.0003
0.06712603184265438,0.018708960560764765,9.784443562733234,0.3635906432595999,4.015325974728066,-4.64009094903746,0.13105935615246972,-0.06687841867907256,9.794887391638744,1207,0,0,0.1537,0,0.0001
0.2814623412592179,0.31004387871247135,9.557774535435952,-0.4333358315973659,-0.5435342280394719,0.3568361831144864,0.20194392310994214,0.21882594156628918,9.53945512056949,1208,0,0,0.1537,0,0.0001
0.23280928533669043,-0.4025341787600118,9.588430961471852,2.7403571225819032,8.270247151346592,0.6166466247798188,0.2574228892645759,-0.44103412068791054,9.587443608162623,1209,0,0,0.1476,0,0.0001
-0.17555855698500564,-0.022651458940258086,9.620975852592988,1.123067321743737,-1.4890776447354839,1.0688745549383076,-0.14847699104250034,0.03236161675015497,9.801083943647086,1210,0,0,0.1537,0,0.0001
0.04237567507828118,0.21664843734286507,10.137083840340829,4.925395260954839,1.147518625150608,-3.923590083604869,0.007083581297950163,0.1269951575537093,10.152757852954931,1211,0,0,0.1537,0,0.0001
-0.08891615378764568,0.02481380828159907,9.78943049501945,2.5504808977571436,3.5249354807724376,-3.4741080718468593,-0.020084802552753148,-0.03226026308745314,9.801901057846202,1212,0,0,0.1537,0,0.0003
-0.5563558736379756,0.3714625692985149,9.771319880327987,0.3658772427966638,-3.9435511678994404,-0.8141024760039923,-0.6713847265699793,0.3771921086725508,9.877103894352713,1213,0,0,0.1522,0,0.0003
-0.21670881552362517,0.40673591877027,10.36958540163069,-0.7892181161330032,-0.7827049796654029,-0.7740607796425867,-0.21670881552362517,0.40673591877027,10.36958540163069,1214,2,0,0.1185,0,0.2101
-0.07964266908046425,0.35793322778024134,9.704292549934726,-2.6086880519881657,0.7569162559693683,4.170788622620194,-0.07964266908046425,0.35793322778024134,9.704292549934726,1215,2,0,0.1537,0,0.1901
-0.0228121121259075,0.5556747604738103,9.926048040331214,-0.8602849685545185,-1.0116607472659664,1.5489570227764387,-0.0228121121259075,0.5556747604738103,9.926048040331214,1216,2,0,0.1536,0,0.2101
0.004025230228575236,0.17446071943297273,9.881228004261695,-1.0783800179502525,2.943513009117698,0.4298582725005936,0.004025230228575236,0.17446071943297273,9.881228004261695,1217,2,0,0.1537,0,0.191
-0.056937737611881256,-0.0028053004606678916,9.541093641304872,3.350423919271445,-0.18518767804247208,3.463991594148791,-0.056937737611881256,-0.0028053004606678916,9.541093641304872,1218,2,0,0.1537,0,0.191
0.16303405786058148,-0.07468753456673587,9.948341812870243,3.063231845619645,0.5527961218210636,-0.6665916165335691,0.16303405786058148,-0.07468753456673587,9.948341812870243,1219,2,0,0.1537,0,0.181
-0.17970554710466752,-0.2275306200495023,9.89728809789042,4.176666329819119,-0.19013903104157448,2.996935247090279,-0.17970554710466752,-0.2275306200495023,9.89728809789042,1220,2,0,0.1537,0,0.181
0.17430334796869482,-0.29183037278490087,9.863426705737213,0.7711186347754573,5.032157826484589,2.0740538048797266,0.17430334796869482,-0.29183037278490087,9.863426705737213,1221,2,0,0.1537,0,0.181
-0.5703702158099377,-0.43484921679549265,9.790989102431038,-2.881692282589871,1.3319208262334716,1.095675932899817,-0.5703702158099377,-0.43484921679549265,9.790989102431038,1222,2,0,0.1537,0,0.2117
0.20878737194961894,-0.05260851777138787,9.761908071377217,-0.9929598209188017,2.676834559872612,-1.0692321167711558,0.20878737194961894,-0.05260851777138787,9.761908071377217,1223,2,0,0.1537,0,0.2524
0.1565566476853735,-0.29935064998150024,9.558974854715638,1.4251937810510527,0.4642338951155096,1.7734861870815861,0.1565566476853735,-0.29935064998150024,9.558974854715638,1224,2,0,0.1537,0,0.2577
-0.17387758211267818,0.4481712321500968,9.912326716112702,0.2843250680407237,-7.609946909683684,-4.753773873908722,-0.17387758211267818,0.4481712321500968,9.912326716112702,1225,2,0,0.1498,0,0.211
-0.04105874428213874,0.0971660549116102,9.639304347696108,4.250106417758682,-0.7402117969158535,-1.8659695409553096,-0.04105874428213874,0.0971660549116102,9.639304347696108,1226,2,0,0.1537,0,0.2019
-0.151204415769375,0.06863443553113593,10.006012912614908,-5.581572118897414,-2.050315837308617,-1.0784835052714978,-0.151204415769375,0.06863443553113593,10.006012912614908,1227,2,0,0.1537,0,0.2016
0.09199309950107243,-0.12230577975389488,10.10065659129353,0.8455137248824763,-3.6154416696685097,-3.3977497944279023,0.09199309950107243,-0.12230577975389488,10.10065659129353,1228,2,0,0.1537,0,0.2216
-0.11407605358244491,0.19839587973525116,9.713582219488803,-0.4839475796454903,-0.3760434082308559,3.5724774310990384,-0.11407605358244491,0.19839587973525116,9.713582219488803,1229,2,0,0.1537,0,0.2217
-0.19206557127892313,-0.2827591190161003,9.695362586850832,-0.2790115640219936,-4.1759619809331525,1.3119834438012197,-0.19206557127892313,-0.2827591190161003,9.695362586850832,1230,2,0,0.1537,0,0.2325
0.19341088241546592,-0.6333496384841962,9.602011907663696,-1.3768531572895528,-2.1021424812936953,1.0717453881966614,0.19341088241546592,-0.6333496384841962,9.602011907663696,1231,2,0,0.1539,0,0.232
-0.25530141949705754,-0.011483669515497296,9.865892221475555,1.2039448895459133,-2.8726841259272176,2.400115313843486,-0.25530141949705754,-0.011483669515497296,9.865892221475555,1232,2,0,0.1537,0,0.2121
0.016063882619771947,-0.24962371185505305,9.988551911095424,4.040808438941677,-2.5810890785018863,-2.392392922029166,0.016063882619771947,-0.24962371185505305,9.988551911095424,1233,2,0,0.1537,0,0.2114
-0.3434531919951442,0.0027417906701250887,10.119416839444794,4.490221829139601,-1.311819835097337,-0.2781205330408151,-0.3434531919951442,0.0027417906701250887,10.119416839444794,1234,2,0,0.1537,0,0.2014
-0.017556231306943927,0.6055140600784541,9.81211458097096,-2.1295559433131594,-1.721927684731724,1.5236279974713711,-0.017556231306943927,0.6055140600784541,9.81211458097096,1235,2,0,0.1532,0,0.2216
0.0344637766968295,0.047766162759577874,9.644838516002942,-1.7639376231733115,5.9164071675239,0.3784267763760392,0.0344637766968295,0.047766162759577874,9.644838516002942,1236,2,0,0.1537,0,0.2427
-0.043999021496677816,0.08066067609542577,9.750438073367894,-3.35731990052053,5.689457936013044,0.7820999012247208,-0.043999021496677816,0.08066067609542577,9.750438073367894,1237,2,0,0.1537,0,0.2335
-0.08301268951073479,0.5785299666113931,9.908312952401639,-1.8712032597161103,-4.419227901127055,2.2216258639960245,-0.08301268951073479,0.5785299666113931,9.908312952401639,1238,2,0,0.1536,0,0.2368
-0.1755067675717239,-0.3266030359290804,9.886930498114731,-4.029087810677551,1.4147710940003067,-4.647185692138377,-0.1755067675717239,-0.3266030359290804,9.886930498114731,1239,2,0,0.1537,0,0.278
-0.03669841955622015,0.16196562456417468,9.992874393136546,-2.779163540997503,-3.5634873773052202,-1.148838436264836,-0.03669841955622015,0.16196562456417468,9.992874393136546,1240,2,0,0.1537,0,0.2663
-0.0062307499173980645,0.3751590696261375,9.76951101430328,-4.12562185269868,-0.0507673387116217,1.0397430668465062,-0.0062307499173980645,0.3751590696261375,9.76951101430328,1241,2,0,0.1537,0,0.2553
0.1607629666773551,0.28624041013875523,9.732410583628157,-0.7325048281890011,3.6135459382391195,0.9242513328982879,0.1607629666773551,0.28624041013875523,9.732410583628157,1242,2,0,0.1537,0,0.2514
-0.24114356093259975,0.04640667115600089,9.935521129903453,-2.556097586111913,-3.3912907414360642,3.7885175102144792,-0.24114356093259975,0.04640667115600089,9.935521129903453,1243,2,0,0.1537,0,0.2163
0.08741967278197636,0.09189428289228456,9.571115469357517,3.0880684601488904,2.8301354791742717,-0.8599809979885126,0.08741967278197636,0.09189428289228456,9.571115469357517,1244,2,0,0.1537,0,0.2442
-0.0615665312895211,-0.21563420295071548,9.522785479269537,0.6203818917489445,-2.136626848077149,2.1526684713771322,-0.0615665312895211,-0.21563420295071548,9.522785479269537,1245,2,0,0.1537,0,0.2642
0.007266564106756737,-0.23115192502834778,9.859517686982851,0.9976072389303234,1.8172012671896383,7.086879031197994,0.007266564106756737,-0.23115192502834778,9.859517686982851,1246,2,0,0.1531,0,0.2442
0.06093724462592526,-0.4268736781458415,9.781531354192465,1.4366947612377874,5.168816103573828,2.625319013089626,0.06093724462592526,-0.4268736781458415,9.781531354192465,1247,2,0,0.1537,0,0.2165
0.1389819985596276,-0.15787840884227627,9.464512344914308,0.08209855917208797,-2.0542013867009405,-3.8727702365393295,0.1389819985596276,-0.15787840884227627,9.464512344914308,1248,2,0,0.1537,0,0.231
0.3789486130764475,-0.03285967332682227,9.30621091982917,-3.7318526940216037,-1.44796499122068,1.5088250462840338,0.3789486130764475,-0.03285967332682227,9.30621091982917,1249,2,0,0.1497,0,0.2162
0.49571430335230166,0.39848167539507606,9.608979983612874,-3.612348264436306,-1.6903656014886743,6.800335649200466,0.49571430335230166,0.39848167539507606,9.608979983612874,1250,2,0,0.1531,0,0.2274
-0.03250386933688419,0.14256002097409942,9.653763356289874,-5.366047350779672,3.3648541732595465,-1.7830029164232224,-0.03250386933688419,0.14256002097409942,9.653763356289874,1251,2,0,0.1537,0,0.2178
0.36964641206741006,-0.5111907442276423,9.728786021200689,6.290742663274422,1.4867700760537734,4.708594128622112,0.36964641206741006,-0.5111907442276423,9.728786021200689,1252,2,0,0.1534,0,0.2272
0.1751415059525508,0.6015569488535332,10.106570146034448,0.0582852914223025,-1.2104520156181167,2.361421521908338,0.1751415059525508,0.6015569488535332,10.106570146034448,1253,2,0,0.1532,0,0.2775
0.23786176617327326,0.13467802182869004,10.077913646984701,-3.363955586895093,3.527644756141693,-3.1025273888895004,0.23786176617327326,0.13467802182869004,10.077913646984701,1254,2,0,0.1537,0,0.2523
0.05447892275585951,0.040716936193040856,9.890615631550492,2.6509503780140964,4.9439700547295224,-6.166615609151275,0.05447892275585951,0.040716936193040856,9.890615631550492,1255,2,0,0.1537,0,0.3293
-0.16124968964654637,0.18482809053797253,9.506693469899373,-0.5770860922468849,-1.4570317420773489,5.2060055742812725,-0.16124968964654637,0.18482809053797253,9.506693469899373,1256,2,0,0.1537,0,0.3484
0.02484452073174954,0.07843179498335044,9.439685474953066,1.8220749335555124,2.1215140165414956,-1.6181630769276372,0.02484452073174954,0.07843179498335044,9.439685474953066,1257,2,0,0.1534,0,0.3384
-0.06511650956134787,-0.09767393951008325,9.868065254155248,0.772471692391388,-1.3973794807505535,-3.1494942871603744,-0.06511650956134787,-0.09767393951008325,9.868065254155248,1258,2,0,0.1537,0,0.3284
-0.034639525818164,-0.22109910820500578,10.052281356706422,2.4000558657039694,-2.983082196650098,-4.60367940267505,-0.034639525818164,-0.22109910820500578,10.052281356706422,1259,2,0,0.1537,0,0.2961
0.07853128651875703,-0.07601444270880298,9.944413736255798,-10.24725358282862,-0.128820961726601,3.6780486504025207,0.07853128651875703,-0.07601444270880298,9.944413736255798,1260,2,0,0.143,0,0.266
0.14863801754473827,0.2497945497028724,9.937768942349521,-1.4248727590240382,-3.489797519896759,3.9224993510153014,0.14863801754473827,0.2497945497028724,9.937768942349521,1261,2,0,0.1537,0,0.2776
-0.5108223971084151,0.3028500970754058,9.699704585598104,0.20484638621404053,4.362193998339395,-5.920550520851388,-0.5108223971084151,0.3028500970754058,9.699704585598104,1262,2,0,0.1537,0,0.2567
-0.022490321484594063,0.30649876955625904,9.619876836342506,-4.080681101433007,3.649139222729077,0.06520579764078915,-0.022490321484594063,0.30649876955625904,9.619876836342506,1263,2,0,0.1537,0,0.266
-0.16697433886881852,-0.009534496865634646,9.852151433855079,3.2751431871663863,-1.8291076528335846,-4.816482100122868,-0.16697433886881852,-0.009534496865634646,9.852151433855079,1264,2,0,0.1537,0,0.266
-0.0072783164957754935,0.010457871669878625,9.816567870870978,-0.5472059724143861,2.6278080534734802,0.6366431753635129,-0.0072783164957754935,0.010457871669878625,9.816567870870978,1265,2,0,0.1537,0,0.266
-0.27012739461919466,0.21044583886177506,9.72473599869605,-5.611422457993312,-6.802013890695988,0.3725731625183685,-0.27012739461919466,0.21044583886177506,9.72473599869605,1266,2,0,0.1537,0,0.276
-0.263046939352238,-0.2599726638211912,9.637854827810626,-5.243029619288826,-0.4182647913668962,0.3602678485221005,-0.263046939352238,-0.2599726638211912,9.637854827810626,1267,2,0,0.1537,0,0.266
-0.018313025639734935,-0.06264427624911399,9.93126875547097,-6.139831345480575,-0.8701044602747793,-1.7805420814188846,-0.018313025639734935,-0.06264427624911399,9.93126875547097,1268,2,0,0.1537,0,0.286
0.17125492150286192,-0.11597528325442652,9.528413116678374,-5.150582390243419,3.0900597527764857,-2.0303031070773607,0.17125492150286192,-0.11597528325442652,9.528413116678374,1269,2,0,0.1537,0,0.286
0.2814758706450686,0.11757394258679672,9.960750519652693,0.8610131607749321,-2.1701235805985593,1.7001872891512226,0.2814758706450686,0.11757394258679672,9.960750519652693,1270,2,0,0.1537,0,0.296
-0.560435608780394,0.05166690140595596,9.893596693033512,8.16334383304996,3.5202255447551076,0.34654891316482217,-0.560435608780394,0.05166690140595596,9.893596693033512,1271,2,0,0.126,0,0.2627
-0.09296600841600534,-0.2633236134000602,9.770067282564112,-0.9878772868732367,0.41509611997063844,2.5884575683676996,-0.09296600841600534,-0.2633236134000602,9.770067282564112,1272,2,0,0.1537,0,0.2759
0.13193928072125963,-0.1927150298609647,9.729742939700051,-6.920329009408072,3.1087475000315496,-3.681694713431817,0.13193928072125963,-0.1927150298609647,9.729742939700051,1273,2,0,0.1537,0,0.2559
0.3037758677471468,0.06381215766389788,9.971438065089771,-1.4423121505086214,-3.9196194809801916,3.5590707186887665,0.3037758677471468,0.06381215766389788,9.971438065089771,1274,2,0,0.1537,0,0.2559
-0.42221742163570336,0.35580323994852386,9.838495905826496,7.582659656531795,-0.7263318252777634,0.971042041678779,-0.42221742163570336,0.35580323994852386,9.838495905826496,1275,2,0,0.1484,0,0.2509
0.1798251447418134,0.2980526391021168,9.770801212385516,0.07105896213428592,-1.13061551659538,2.4565672955654243,0.1798251447418134,0.2980526391021168,9.770801212385516,1276,2,0,0.1537,0,0.2516
-0.1046360100314687,0.10103975667227728,9.791044642758253,2.7740131946524764,-2.011562303858094,2.5670115070789086,-0.1046360100314687,0.10103975667227728,9.791044642758253,1277,2,0,0.1537,0,0.2216
-0.0024753201399260747,0.67900314265943,9.508583221863772,-2.2691872195955747,-2.537527351180859,-0.12945787158792832,-0.0024753201399260747,0.67900314265943,9.508583221863772,1278,2,0,0.1531,0,0.2407
0.0527150890317479,0.09128501305125969,9.93118819088541,-3.6875727338472433,-3.132938764374711,-3.961088154899892,0.0527150890317479,0.09128501305125969,9.93118819088541,1279,2,0,0.1537,0,0.2607
0.4227710416857436,-0.16662830553986083,9.820051689511994,-1.751924265709861,1.878941480935631,2.0787226240582664,0.4227710416857436,-0.16662830553986083,9.820051689511994,1280,2,0,0.1537,0,0.2524
-0.3388480254674763,-0.34319186779807176,9.586944029824108,3.3100691786909264,-0.7912059380885846,-2.9058749897163434,-0.3388480254674763,-0.34319186779807176,9.586944029824108,1281,2,0,0.1537,0,0.2326
-0.03127852858156247,0.23395092852519128,9.656345591445069,2.4159244542365323,-0.1750607140851344,3.0646953396519026,-0.03127852858156247,0.23395092852519128,9.656345591445069,1282,2,0,0.1537,0,0.2526
-0.1263360551864068,-0.5355561387853888,9.990001899254883,-2.220032625558584,-1.9295343111171395,-1.7910191163140352,-0.1263360551864068,-0.5355561387853888,9.990001899254883,1283,2,0,0.1537,0,0.2324
-0.2952642050467357,-0.4449502739947077,9.72871697925048,1.1389810247339542,0.5076453921220976,-0.12661472933120974,-0.2952642050467357,-0.4449502739947077,9.72871697925048,1284,2,0,0.1537,0,0.2224
-0.6278744904715042,-0.30073211048967485,9.759606171375326,-5.12179979730533,1.185777026116177,-2.4357476807297815,-0.6278744904715042,-0.30073211048967485,9.759606171375326,1285,2,0,0.1538,0,0.2024
-0.3162720859807829,-0.3967778974141643,9.960146126842611,-6.865589513751903,4.844793734874915,-3.8818248343202475,-0.3162720859807829,-0.3967778974141643,9.960146126842611,1286,2,0,0.1537,0,0.2328
-0.10505098559758565,0.07886416208827864,9.617084930450407,-1.854815899533424,-4.1395642665258165,1.4793103523047302,-0.10505098559758565,0.07886416208827864,9.617084930450407,1287,2,0,0.1537,0,0.2028
-0.8457441620139524,0.19643173796967076,10.152460380035363,3.8413631440918117,3.6771542139128766,-1.6399816970168506,-0.8457441620139524,0.19643173796967076,10.152460380035363,1288,2,0,0.1548,0,0.2316
0.4233759799666877,0.14205506083396785,9.704863312700567,-3.102695243493155,-2.6788463318241003,0.03505134334259136,0.4233759799666877,0.14205506083396785,9.704863312700567,1289,2,0,0.1537,0,0.2622
-0.21445905424382658,-0.3088419214549881,9.479294088167842,-0.5168283976024121,2.38755065559841,4.577773918095967,-0.21445905424382658,-0.3088419214549881,9.479294088167842,1290,2,0,0.1537,0,0.2222
-0.6916048703495293,-0.4978104583969603,9.79263109499351,-4.465610657647708,-1.7938326966541465,-0.8660602027784806,-0.6916048703495293,-0.4978104583969603,9.79263109499351,1291,2,0,0.1586,0,0.1785
-0.7394286545015384,-0.13149499511470444,9.844864235609387,3.3443451593496007,-4.110090122030351,2.0629382709176864,-0.7394286545015384,-0.13149499511470444,9.844864235609387,1292,2,0,0.168,0,0.1474
-0.20730711943303215,-0.15104951111457524,9.708722624916732,1.8418701421035766,-0.38503630389515814,-0.5660608352543095,-0.20730711943303215,-0.15104951111457524,9.708722624916732,1293,2,0,0.1537,0,0.1474
0.04965239337668076,0.24548914275398712,9.634741619108846,-4.205480916362982,3.03254890701961,-2.818555334508579,0.04965239337668076,0.24548914275398712,9.634741619108846,1294,2,0,0.1537,0,0.1574
-0.2641979151525895,0.49167497765165613,9.772676649752881,-2.5274842778097035,4.799488729487204,-5.761635247314444,-0.2641979151525895,0.49167497765165613,9.772676649752881,1295,2,0,0.1537,0,0.1506
-0.029208711416994017,-0.513088170701183,9.726985628837193,-0.37038929545464033,2.486037516594793,-1.6504615125029394,-0.029208711416994017,-0.513088170701183,9.726985628837193,1296,2,0,0.1537,0,0.1599
-0.41568612330874644,0.3679504392297393,9.948861279128623,2.4439682926298065,-1.6748095438818393,3.6170558114589006,-0.41568612330874644,0.3679504392297393,9.948861279128623,1297,2,0,0.1537,0,0.2195
0.26438552872575455,0.13379922690969404,9.834984389406802,1.1893520143755834,0.7118436622622543,3.8652418473133414,0.26438552872575455,0.13379922690969404,9.834984389406802,1298,2,0,0.1537,0,0.2699
0.11907884114728434,-0.35518142964573746,9.807461429531402,3.6248860555847386,3.775729876836985,-3.0252808319751354,0.11907884114728434,-0.35518142964573746,9.807461429531402,1299,2,0,0.1537,0,0.2795
0.24305911924518203,-0.05290776348887998,9.832265601346066,5.345924832898349,-1.3370007371652013,-5.5199199400467664,0.24305911924518203,-0.05290776348887998,9.832265601346066,1300,2,0,0.1537,0,0.2995
0.5162659876613529,0.6443538507357983,9.854967803265305,-3.4270719862735888,1.869023788083814,7.0196105266543025,0.5162659876613529,0.6443538507357983,9.854967803265305,1301,2,0,0.1525,0,0.26
-0.038057511235116526,0.2713256930848419,9.711266725941819,-0.8977046406410181,-3.1345261121869017,-5.109042978854172,-0.038057511235116526,0.2713256930848419,9.711266725941819,1302,2,0,0.1537,0,0.2595
-0.3917730759238686,0.40125125646225596,9.567796237667206,-1.5397615066849184,0.9892983852164139,-3.0571138704725147,-0.3917730759238686,0.40125125646225596,9.567796237667206,1303,2,0,0.1537,0,0.2603
0.31223985044909963,0.24870359887316312,9.702328733495987,-1.0667594046487963,4.8273679923621575,7.353390124526449,0.31223985044909963,0.24870359887316312,9.702328733495987,1304,2,0,0.1522,0,0.2616
-0.8931968577383596,-0.3420535670755211,9.814789772553578,3.8642895027821,3.2216474698990765,1.7759728353300634,-0.8931968577383596,-0.3420535670755211,9.814789772553578,1305,2,0,0.1342,0,0.2409
-0.5337123104297538,0.49563521595689536,10.054167775663569,-5.127779949974594,5.4742731141718295,-3.817674282350217,-0.5337123104297538,0.49563521595689536,10.054167775663569,1306,2,0,0.1537,0,0.2695
0.1308632673148937,0.8071565867259439,9.980480077759568,-2.772883244809512,-1.0686549685794073,5.6715693533429725,0.1308632673148937,0.8071565867259439,9.980480077759568,1307,2,0,0.1322,0,0.2595
-0.09891787615792157,-0.7197174927572076,9.751154779463382,-1.0917317850068244,-2.3107660608864866,1.0470225073008137,-0.09891787615792157,-0.7197174927572076,9.751154779463382,1308,2,0,0.1525,0,0.2594
-0.14137382743639756,-0.5166099946579064,9.752244954296799,3.4826070158378815,-1.0080489112989963,2.4005254907725,-0.14137382743639756,-0.5166099946579064,9.752244954296799,1309,2,0,0.1537,0,0.25
-0.4170871533629337,0.4569194742711101,9.488380027895978,-2.4923239346901385,2.2027377438178353,1.74278553426789,-0.4170871533629337,0.4569194742711101,9.488380027895978,1310,2,0,0.1537,0,0.2409
0.3028278267224284,-0.008852992870810464,10.140606217244148,-2.157487631743503,-4.2337426287219335,1.9823757758982041,0.3028278267224284,-0.008852992870810464,10.140606217244148,1311,2,0,0.1537,0,0.2301
-0.16713903645715958,0.645159488670496,9.568276242665215,1.180869613822071,0.848267660266699,-4.424302769314666,-0.16713903645715958,0.645159488670496,9.568276242665215,1312,2,0,0.1531,0,0.2409
0.26603866274065197,0.3321820260937704,10.060593741935909,1.6482587137213698,1.0002735951907462,-1.706650161761011,0.26603866274065197,0.3321820260937704,10.060593741935909,1313,2,0,0.1537,0,0.2545
0.35882112448101355,-0.08825217209065854,9.590054872354033,-2.874553070429916,-4.736646034529272,3.7654061171128026,0.35882112448101355,-0.08825217209065854,9.590054872354033,1314,2,0,0.1537,0,0.2451
-0.019035121374970362,-0.15181021873831163,9.795293419943926,5.435176289834484,-2.290565957451863,2.6043914634467376,-0.019035121374970362,-0.15181021873831163,9.795293419943926,1315,2,0,0.1537,0,0.2351
-0.24127156887690812,0.28567287946537323,9.99804561523004,-3.217449279015054,-2.473736358529919,1.5336744492312615,-0.24127156887690812,0.28567287946537323,9.99804561523004,1316,2,0,0.1537,0,0.2251
0.06881551368742432,-0.17148313065804785,10.399931978418875,-4.235622143506648,1.7134767504604795,-3.035731213880066,0.06881551368742432,-0.17148313065804785,10.399931978418875,1317,2,0,0.1166,0,0.2127
-0.5564681019467997,0.4274712813817791,9.961002040613177,-1.9472804309074458,-2.3348952695821827,-6.614484549928876,-0.5564681019467997,0.4274712813817791,9.961002040613177,1318,2,0,0.1532,0,0.2119
0.005215923354739916,-0.06124696243826342,9.803309816940098,3.766078498624533,0.4391061967611556,-5.855888185840075,0.005215923354739916,-0.06124696243826342,9.803309816940098,1319,2,0,0.1537,0,0.2219
-0.15235716168703983,0.29771511855397864,9.92196884138863,0.8714474673183821,-2.0017269586100093,-1.0251490987615817,-0.15235716168703983,0.29771511855397864,9.92196884138863,1320,2,0,0.1537,0,0.2119
-0.4598796479288294,-0.4399804917039762,9.397950571101514,-1.3264431880789052,1.4473114225731696,-0.44402193525623135,-0.4598796479288294,-0.4399804917039762,9.397950571101514,1321,2,0,0.1583,0,0.2301
0.11321824440171425,-0.07714798335562793,9.887586495000567,-3.2586725147301467,-0.2488045650735768,1.593681633855936,0.11321824440171425,-0.07714798335562793,9.887586495000567,1322,2,0,0.1537,0,0.2401
0.21442088208877025,-0.2252293263518051,9.682135361631197,3.881066394159914,2.6170637436812507,2.9463034354292885,0.21442088208877025,-0.2252293263518051,9.682135361631197,1323,2,0,0.1537,0,0.2119
0.20449699314946132,-0.07048756975508284,9.567839801643037,-0.5723531205786325,0.8394159615127952,-4.102018152598843,0.20449699314946132,-0.07048756975508284,9.567839801643037,1324,2,0,0.1537,0,0.2119
-0.39261498513670495,0.016796330803709313,9.270657496667653,-3.2928252835824448,0.11665890913593369,-6.549955711180406,-0.39261498513670495,0.016796330803709313,9.270657496667653,1325,2,0,0.1093,0,0.2319
-0.06823402434921327,0.37199702421902786,9.597241746612033,1.844450010440878,9.749590725796107,0.02904880853249539,-0.06823402434921327,0.37199702421902786,9.597241746612033,1326,2,0,0.13,0,0.2419
0.20292651954978272,0.08032838544067014,9.518300803477402,3.1175357540561697,-0.2549407569816624,-1.1073350041969157,0.20292651954978272,0.08032838544067014,9.518300803477402,1327,2,0,0.1537,0,0.2119
0.5767194341683445,-0.25295472744437897,9.670688392093,-1.674386103263882,-3.9438511534560257,-2.757705670056937,0.5767194341683445,-0.25295472744437897,9.670688392093,1328,2,0,0.1521,0,0.2312
0.09227911533626397,-0.30719566246695207,9.90147668362179,-4.338746487773197,4.247369064360066,-0.17048474710184597,0.09227911533626397,-0.30719566246695207,9.90147668362179,1329,2,0,0.1537,0,0.2312
-0.3723756312353104,-0.08378557542951685,10.02081937393301,3.47736430659247,-2.415426931901626,5.3123447616964015,-0.3723756312353104,-0.08378557542951685,10.02081937393301,1330,2,0,0.1537,0,0.2412
0.10923866642957401,-0.09690937134840655,9.875826806117734,-3.8229591419366056,5.011875762270316,0.4567715102071588,0.10923866642957401,-0.09690937134840655,9.875826806117734,1331,2,0,0.1537,0,0.2412
-0.33584905622662803,0.006057506048919281,9.793641752114558,1.4960954702961755,0.1391911892613173,-1.2519186288334057,-0.33584905622662803,0.006057506048919281,9.793641752114558,1332,2,0,0.1537,0,0.2412
-0.21939518631619717,0.22642953643006597,9.811466080413842,1.7958291155922383,1.2658135984082624,3.9526725984483826,-0.21939518631619717,0.22642953643006597,9.811466080413842,1333,2,0,0.1537,0,0.2412
-0.24742006896892066,-0.39038043620459967,9.898211488457408,0.7453095902535954,0.3889050965798053,7.478633480005079,-0.24742006896892066,-0.39038043620459967,9.898211488457408,1334,2,0,0.152,0,0.2412
-0.17879380401305878,0.2005040756395006,9.76961517371143,2.5254162032101597,4.786874568986218,-3.015030818195404,-0.17879380401305878,0.2005040756395006,9.76961517371143,1335,2,0,0.1537,0,0.2312
-18.465380218699867,-13.041051954959109,1.3220248477759604,-191.52843087414152,-172.67698458308107,-95.20203726137088,816.6598891693473,-514.1162135877873,-197.6416607718436,1336,2,2,1.0,2,0.55
-14.498014558032642,-11.21903173192111,3.799983217050073,156.55082771122005,-187.40704595486076,-245.90040029719245,-1422.4076213393737,833.5267323368836,-391.8820769085232,1337,2,2,1.0,2,0.64
-12.89698800763314,-11.37630570637212,5.138443103481325,-155.65156859363938,-191.54395061044897,-198.78585077311277,1598.3871233315765,-978.1467725098979,-325.5653343469089,1338,2,2,1.0,2,0.73
