ax,ay,az,gx,gy,gz,hg_ax,hg_ay,hg_az,ms,true_label,p1_label,p1_crash,p2_label,p2_crash
-0.09904629426829871,-0.36622442385817067,10.095641562960141,0.8041295150141972,-0.14163264439374573,2.2016553654686066,-0.06878350274276282,-0.3489656429900238,10.050734378925553,0,0,0,0.1537,,
0.18240375408553233,0.20518824585510007,10.253845190476579,0.16995017443303742,0.8987338613091478,2.7724598609912707,0.2105628078095871,0.1341155481649739,10.271716246512893,1,0,0,0.1498,,
0.2541900932562036,-0.04796711255014135,9.638466140836066,-0.40799703592685077,-0.7003873141784885,2.7117992825785153,0.21852669283952306,-0.07261455727986324,9.514648072822041,2,0,0,0.1537,,
-0.29369585487001615,-0.29335150653629866,9.906417885743679,-2.4422748637747085,0.4557243750762875,-2.357525300012323,-0.3255500425182311,-0.18879750271879564,9.8773784510291,3,0,0,0.1537,,
0.04741874433962893,-0.25663249797855137,9.966510741186456,3.110088004454367,-0.8209289042398007,-1.711443575967641,-0.04698794107301305,-0.24811650783142872,9.955640296414051,4,0,0,0.1537,,
-0.5384705145263473,0.045153596874832475,9.824818714642081,3.859583002864561,0.5924319749575606,3.6673580349518327,-0.4949900262511845,-0.010965549833528064,9.793425463269962,5,0,0,0.1537,,
0.15707349598291206,-0.21268374574512536,9.639819610936424,-0.008402956550940586,-5.982316849552076,-2.5535924394849663,0.13426985913914555,-0.2570496061522859,9.627318228468196,6,0,0,0.1537,,
0.2386107066130842,-0.01977718749296189,9.56255526645382,-5.392699172977118,-1.4921648359727275,0.8357765604028751,0.19320472424135512,-0.00418244862774657,9.596938111454168,7,0,0,0.1537,,
0.25564148503626255,-0.16869314280326672,10.15637737959486,2.100596838067603,-5.291804086981788,1.7821903523410128,0.23776752480164243,-0.22637448697645812,10.139872437213327,8,0,0,0.1537,,
-0.32002258470826755,-0.3846802602141401,9.70785918837973,-4.213615855692476,7.012823832683771,-1.4161638419773428,-0.39776010727010336,-0.32936859126198903,9.750715103807654,9,0,0,0.1515,,
0.14582279275901996,0.15269268308378497,9.613933990661288,2.4792787804993304,1.612661526594378,2.9537530038447333,0.3214057609670537,0.14591606918025757,9.59167477446668,10,0,0,0.1537,,
0.002502704019025226,0.13961696007535657,9.950318351156001,4.215738171453609,0.9326094555388295,-3.745353097593253,0.017506843611181436,0.08951567287886608,9.92794871325559,11,0,0,0.1537,,
0.2911819071074173,-0.03014094066207155,9.868576123965576,0.9676759266505052,3.8282441873413555,-5.380963327328117,0.3863007341712711,0.03427840902279158,9.83109268053632,12,0,0,0.1537,,
0.012891524366970277,-0.39862848825041547,9.736725517763583,2.7919102364455526,-0.8462570483002829,2.262883711345145,-0.06563016645570939,-0.3746948642207002,9.754544960502416,13,0,0,0.1537,,
-0.18170931383195355,0.639664577406964,10.083645891498461,-1.3103335852745115,0.3035125475693053,5.448680654173847,-0.23020039414231216,0.6548666743090443,10.040728183432556,14,0,0,0.1531,,
-0.7060741033537753,0.40674035396877817,10.003732252939434,-3.6437689798543165,1.8286289628814107,1.6594744702923545,-0.6874514929673604,0.3526598134904697,9.983686642354716,15,0,0,0.1582,,
-0.0004191233194845361,0.14668084688421212,9.700333884242198,1.3611916979213117,1.2628201603078555,4.064988825631499,-0.04138558257036708,0.1824066991804216,9.72367017326014,16,0,0,0.1537,,
-0.46386353238201006,-0.30668461369914407,9.626214975053863,-0.4955411738767612,-1.870763195456362,4.10708794137291,-0.4243191580048428,-0.31748363996627177,9.723861478898318,17,0,0,0.1537,,
-0.1651973763936687,0.5163459937482672,9.703183229788634,-6.4213864735100525,5.183438721626121,3.3113401224317824,-0.1930734795265257,0.5533110189246756,9.720520358092022,18,0,0,0.1537,,
0.006342823878982264,0.3902848013324086,9.78195745130894,-0.713969415374953,3.559712812009535,0.8708191200168275,0.05808436845646411,0.4073323110419226,9.736120016437322,19,0,0,0.1537,,
-0.2128097564776309,0.062347013998515576,9.922844403027026,-0.4794313432038797,-2.5423018271134104,0.1547142207468126,-0.23216315237502555,0.04415240736431224,9.832560531666674,20,0,0,0.1537,,
-0.1583066519817179,0.1708985633749363,9.810593263814928,2.8847550827690345,-5.950054002297785,1.4315110013608712,-0.1538428207224653,0.2620126312080011,9.716462060352557,21,0,0,0.1537,,
0.20086639146598195,-0.31424221827545146,9.759630415180377,-1.2108889235059488,-1.7521963112626393,-0.49571534944971984,0.22231500977196436,-0.32351740624960335,9.790665814611751,22,0,0,0.1537,,
-0.05876379219061295,-0.02401301502410224,10.02092114006954,-7.749777682053963,0.3217819276749875,-3.0813177943418264,-0.0029105891601630338,-0.07292738475852484,10.037942222851449,23,0,0,0.1511,,
-0.2693972002529324,-0.5651545958217635,9.878596048041338,-1.1617736376431602,-6.327353606648818,0.4858808886725783,-0.32096337843964307,-0.5940122246766929,9.924514650020157,24,0,0,0.1536,,
-0.1091157270874105,-0.07852133720047212,10.231437280540405,-0.5179838407271882,-1.5474456003068127,0.7206566049577268,-0.14981998877935443,-0.1684746133483787,10.199159275062328,25,0,0,0.1526,,
0.345435727382386,-0.08572681327706115,10.065866683798173,-1.2314031446360922,-5.312321157564327,1.7721692180128024,0.27380779793867455,-0.040752655881096236,10.12493287799143,26,0,0,0.1537,,
0.12070153254446199,-0.23011234060593713,9.618939589259574,0.19532003551874527,-1.6688485259750423,0.19015747265894606,0.05773576155909309,-0.26725124985257404,9.59080586434383,27,0,0,0.1537,,
0.35932158374646356,-0.4443050543411437,9.882299588429065,0.04695235757577475,7.212799151054467,-4.008610071656948,0.3070030269034246,-0.4193444379675477,9.856423740853659,28,0,0,0.1476,,
0.3222384321364575,0.526814316825599,9.66180479191918,2.204304352389414,-1.8035994284300223,1.5560615504005748,0.2874990503115181,0.4668030075560058,9.669119986906104,29,0,0,0.1536,,
-0.0955289101406243,-0.09815832400556394,9.816576728249277,-0.12925322463089414,-1.9331231281638603,-1.273547960087592,-0.0510371683454907,-0.1349909996421769,9.917959718255059,30,0,0,0.1537,,
-0.2265908194759779,-0.3105620126531716,9.952281932613026,-2.7135348825309915,0.2909758354921822,2.793626443892111,-0.2276716606165176,-0.31789608025173755,10.041294142707661,31,0,0,0.1537,,
0.28398826723080045,0.16976218396177328,9.675086306089595,3.4560866408265536,-0.5574949919816539,-3.405038686282846,0.3461029682188089,0.12113647594943089,9.70644759105848,32,0,0,0.1537,,
0.14477279244282798,0.11647678681885862,9.922887619110137,-0.4733245144351152,-2.96454953613774,1.6075666143496339,0.106133697080038,0.16877462406690485,10.001676285194778,33,0,0,0.1537,,
-0.14163416175950783,0.48799535971934505,10.034455427345996,3.165977188969845,2.381683090700889,4.700495466054107,-0.13728755952152408,0.45563259800388767,10.067672493475396,34,0,0,0.1537,,
-0.36318190054952654,-0.08374828139764713,9.694245355060914,-5.209956027527331,-0.364058533977203,2.1448712294908856,-0.38796709338298524,-0.11117572959676632,9.684097253591094,35,0,0,0.1537,,
-0.2945591297605975,0.2119151590224417,9.587793972807086,1.0406046132807658,-3.001983519601504,-0.636964625270905,-0.3135438440504981,0.1092569737879474,9.573059389311002,36,0,0,0.1537,,
0.4328698345710945,-0.03334224319251924,9.763321554693551,3.1256039173813743,3.104735069621188,-0.5084397066972606,0.45353406856578027,0.031709805545606935,9.793712162922969,37,0,0,0.1537,,
0.016866382123678317,-0.13201024490215946,9.99629899050208,1.8421551527505753,4.617056556558707,-0.4902069182775953,-0.007473044262951489,-0.10723086200223801,10.054288193365549,38,0,0,0.1537,,
0.5327485234820294,0.6297162423530805,9.838148248944469,-0.6049526975143373,1.0457655240289059,3.939599334101694,0.5277327915418892,0.6601700390677878,9.86148411945791,39,0,0,0.1531,,
-0.0652568263925111,0.4449259321035917,9.815837514562888,-1.3172896433356374,-3.3640732787224668,3.6754344013278706,-0.07187869267083845,0.3713778036413173,9.791410834226628,40,0,0,0.1537,,
-0.38558341833377036,-0.6304834295251378,9.987409843640778,-0.6383892701178313,0.40931265676359174,2.099297939258912,-0.35019954704517,-0.6500476370273587,9.94734736650632,41,0,0,0.1539,,
-0.282272458358643,0.08732708597214067,9.899111019219927,1.4060626337385347,-0.08177522739744317,-3.787654344109999,-0.29180258565839784,0.15554340708483416,9.776695651811544,42,0,0,0.1537,,
0.61755559790044,0.8184829323160643,9.476453406204634,-0.5840903989833539,-2.4916059875659817,-3.2882027630994983,0.66810638147365,0.8911396499120443,9.47460631938593,43,0,0,0.09,,
-0.17257570857399568,-0.2977506781820419,9.872581179194126,-1.871710161289878,-2.6873598261485574,-1.9549580283000496,-0.17779271095358123,-0.3641564443073966,9.94092273668398,44,0,0,0.1537,,
-0.07856644612403374,0.07564788305411291,9.770290909547928,-1.8788029198494158,-0.530873384147456,-0.7793773327255362,-0.10822569817326692,0.11682106153361994,9.78413008254464,45,0,0,0.1537,,
0.10465776119893723,-0.15864569546279142,10.003588311664132,3.836559046190567,-5.1850948791296965,-1.7756577928050956,0.13881198331922678,-0.21105022949584132,9.972040369963137,46,0,0,0.1537,,
0.5771478458223416,-0.10770039959747531,9.650137420868422,4.323313769123235,-5.890716186325386,3.7998308600123587,0.5305290194886046,-0.09674375456015932,9.639423052383048,47,0,0,0.1521,,
-0.2538221934506256,0.07220751884695957,9.794524402598018,-1.4601155260951935,0.4644368717885049,-1.391640717150322,-0.30500270099701154,0.05522580791148396,9.75942115291526,48,0,0,0.1537,,
0.8931938703598749,0.11953743195099419,9.8151041181369,0.9523406588995166,-3.01725766187157,2.3816578188535216,0.8544048105562285,0.11900561149059419,9.74667381590169,49,0,0,0.1757,0,0.0224
0.1807198550376036,-0.019758952432696004,9.31716603268525,1.0627697617752825,-3.8198655119744975,-3.9192940141898935,0.21833417539897665,0.02135060718265037,9.240719335382197,50,0,0,0.1019,0,0.0114
0.1137702061621335,0.10069437489971163,9.650330260119006,0.4120905063919937,-2.677176153646528,-1.7188396454791188,0.21247446787906804,0.09674647050917663,9.697774927502843,51,0,0,0.1537,0,0.0124
0.3117698733782453,-0.5539632862175393,9.782227781934521,-0.44381490910140964,7.785767495504883,2.425177814341584,0.2839201411484155,-0.613287249220616,9.777505508363719,52,0,0,0.1351,0,0.0198
0.03794021804946462,-0.9419037882310917,9.555383134696815,-0.6657615606962505,0.2076214955807496,-0.9637304031519354,0.09692335838145616,-0.9427042513379219,9.54601224205028,53,0,0,0.0835,0,0.0198
0.5982258576785834,0.33629470795602356,9.613229491917231,0.45493817736509046,-0.7024195227592457,-3.1466819232461862,0.580357691534997,0.32212247259883237,9.581147252967561,54,0,0,0.154,0,0.0198
0.33973335226862383,-0.10230195928528915,9.640216540120312,1.2103291808741758,0.3916035524122793,1.636306549341167,0.35697268888463046,-0.1344085208049577,9.60722028934064,55,0,0,0.1537,0,0.0198
0.11797074754520509,-0.0015497714185992552,9.69038419164756,3.4658283899887765,-1.2353346456464622,2.3237790390018196,0.12199334726764934,-0.036148433386950625,9.673809175661916,56,0,0,0.1537,0,0.0127
-0.20385301782403575,0.41893549384425327,10.091766431297948,3.9076968881083705,-1.297975061141501,-1.0461636053515226,-0.21121687356938856,0.40587509840494584,10.044105771608923,57,0,0,0.1537,0,0.0127
0.13738794341137736,0.13752807926807195,9.678872226818891,-3.628166032566078,-1.0297808611650092,-4.760418647175117,0.17112415497058053,0.18708163880963558,9.632184685938835,58,0,0,0.1537,0,0.0114
-0.2382657976341928,0.12302293655971216,10.14969158453316,-0.06383853900553875,-1.4859295062789122,4.62259154966125,-0.20452742193044093,0.1308321408857207,10.164234500606488,59,0,0,0.1537,0,0.0119
0.1565957103623334,0.2836860128435923,9.872443333874987,-3.4337691362555507,-0.792436381500901,0.4793558198407297,0.2746764375653448,0.2746551776525589,9.847619964831747,60,0,0,0.1537,0,0.0119
-0.0485987459786044,-0.13958291723118485,9.95326437432859,0.7592507988083013,-1.0011966956980582,5.357084250329646,-0.11833815911069254,-0.14538173271861604,9.992761831072002,61,0,0,0.1537,0,0.0119
-0.2940832876787687,-0.587688117778737,9.822337782638462,-0.03179652239504748,0.4483362231017334,3.2750390151534994,-0.2715395198108525,-0.5538905776859803,9.800652203396877,62,0,0,0.1538,0,0.0225
0.10822170787509115,0.3718293915576814,9.735393184281815,-9.15140634821762,-1.5115696813717023,4.284308188589476,0.20311690787231318,0.45277669535228554,9.769218746232543,63,0,0,0.1458,0,0.0219
0.3651911786826592,-0.07149647335913137,9.784267071423512,1.5606333953979235,-3.2522811264724547,-0.5169329543663003,0.47071814409274093,-0.09481289735445209,9.800458182029844,64,0,0,0.1537,0,0.0124
-0.10435567303562625,-0.44539650148595744,9.939421947695662,-0.2826369765104849,-3.9920517732547323,1.4896957411578704,-0.04294242053106677,-0.4048769165219997,10.029503874325997,65,0,0,0.1537,0,0.0224
0.22593676583495484,-0.19584870231787405,9.763396934077047,-0.8321186639438753,6.608809005554599,3.8260223512795566,0.24283113324852196,-0.22659220983429182,9.723585337910954,66,0,0,0.1537,0,0.0124
-0.005258275885881547,-0.022745398788096245,9.79692880213656,-4.498605415289854,3.124542639045692,-2.059543060925905,0.021603407766065542,-0.060827773246979744,9.775977076261375,67,0,0,0.1537,0,0.0211
0.3824218926491002,0.14006189023733964,9.406942008110969,-1.3145498437891134,0.12712421136506752,-0.29960557877141736,0.4212727860608683,0.15199974944413133,9.391375341376035,68,0,0,0.1526,0,0.0118
-0.1458686652931901,-0.022614445676687824,9.530470383751087,0.276252975024374,0.2973128577149581,4.029125176663268,-0.12150688444905519,0.028054198654504484,9.544414739516702,69,0,0,0.1537,0,0.0224
0.14525323824753775,-0.5652124308722549,9.994271806932968,-1.83110143393112,-6.6351346307778645,-0.25637473232300123,0.12907241395043598,-0.5661192237536907,9.965290475446407,70,0,0,0.1536,0,0.0224
-0.017900924680553026,-0.17447582440556408,9.674442669533047,-0.1884910544917941,0.8179265131669173,1.5734637869333326,-0.032067321350267124,-0.17091837946502803,9.649011655375839,71,0,0,0.1537,0,0.0124
0.08205874353746029,-0.08743468450099251,9.415262467675891,0.015133524356101179,1.0794282998987925,1.3970736456561839,0.10432538486456683,-0.10905185681772715,9.379046396146197,72,0,0,0.1505,0,0.0318
0.10324037149742812,0.06105656954458886,9.726374014222825,1.5871435541135552,-2.657630898051361,-0.37809387919687815,0.2011015867692766,0.0679027959505955,9.762743797794034,73,0,0,0.1537,0,0.0312
0.02902077523095665,0.22021689362018979,10.054117916329531,0.2229152605623077,2.6098634895218247,-2.6618346917882585,0.006676221748383268,0.17053377298566869,10.04321664095423,74,0,0,0.1537,0,0.0318
0.16987932391896055,0.3601036695534419,9.708950500177652,0.15758962416051003,-0.607410266146973,4.620234802185783,0.202547981663097,0.3472791147966609,9.596638999249002,75,0,0,0.1537,0,0.0209
-0.392483444785685,0.12203702331807625,9.973765403306558,-3.913749148707376,2.367739526592767,1.3489836780755864,-0.38999998108971917,0.044218443288457296,9.974964387889207,76,0,0,0.1537,0,0.0309
-0.09755400873293754,-0.1276260604660818,9.918974856837284,-2.2205583653399925,0.7641265080181067,-1.2051323628949855,-0.19389036383302746,-0.16724586989811097,9.936619996037392,77,0,0,0.1537,0,0.0208
0.020659298792398723,-0.21383567351897131,9.808498490107228,-0.2895477314315245,3.995897838079592,1.9847706513600916,0.0036225344081758544,-0.19984388611130166,9.904169665999952,78,0,0,0.1537,0,0.0214
-0.08660628046586401,-0.26321398806467167,10.032993889618664,5.157348468569233,1.957324113887719,1.7257748411466411,-0.038421366319791914,-0.29472984540183755,9.965272255391211,79,0,0,0.1537,0,0.0404
0.30143232570665607,0.3328409704959766,9.979771751966393,-1.2468837823896908,0.5916016024019785,0.21730272570904036,0.3333011020042147,0.39410412660556204,9.966171013375465,80,0,0,0.1537,0,0.0308
0.09482415849452884,-0.13014184142630114,9.926062208080122,2.0722406115571266,4.329769655479039,-1.945960528898885,0.14789688861588868,-0.1616925698296101,9.86925134925992,81,0,0,0.1537,0,0.0302
-0.1666574211933334,-0.3258310385854314,9.927213194998828,-3.12736607570082,2.1452924918345246,-5.524521270189001,-0.18158943890078377,-0.4126411220364144,9.985880396632297,82,0,0,0.1537,0,0.0108
0.35703548021505666,0.03732167175609209,9.972891943509307,-1.3702085523135878,2.648141966514859,-1.9820158088622355,0.4196249242682766,0.06105074454375728,9.973746366260714,83,0,0,0.1537,0,0.0102
-0.12685356223593644,0.6736853002134829,9.980873851172742,4.338334052325335,1.509908906766703,-1.6422094458878278,-0.10502459093941693,0.6590961363913989,9.978784248180155,84,0,0,0.1531,0,0.0108
0.06468227248726593,0.04511172543132467,9.52474805318644,-1.1848324783391697,-1.899890686495746,-2.8455008611246937,0.027802464730545075,0.08381129205704888,9.47944443752056,85,0,0,0.1537,0,0.0302
-0.12961090892184687,-0.14692327074425193,9.875526816838068,0.5917059621367335,-6.719048814872023,-3.148914242774678,-0.1590489474366363,-0.22114117040644204,9.868715469163316,86,0,0,0.1537,0,0.0156
0.050250042661577066,0.24825711250556887,9.916480928139062,3.718182381359366,0.17397559739753116,1.7693678057774977,0.026885744338149317,0.25810557858565386,9.976780591841683,87,0,0,0.1537,0,0.0212
0.7483187510029977,-0.32821244804819083,9.514854398366074,0.8854404055150524,-0.4106445103077351,5.761615091395726,0.7841051844300271,-0.3627708471931501,9.481700097451329,88,0,0,0.1692,0,0.0202
-0.1694952770807493,-0.17059808669924179,9.809656303011575,1.7299822836696939,3.1552930821163834,1.9463477222489427,-0.16510089383528723,-0.24153143813612057,9.77952824259769,89,0,0,0.1537,0,0.0198
-0.34226413608810713,0.8354835099783703,9.84235088656315,-9.615249658075161,-0.40000731585986726,-3.467552766883694,-0.23916589009324352,0.8985581299821456,9.856320945306786,90,0,0,0.0832,0,0.0003
0.2958288299165571,0.15178246208110094,9.851544434294976,4.736957614582844,1.7537468319840683,5.0809969629050755,0.3317301864442791,0.16353652276849656,9.83339916982108,91,0,0,0.1537,0,0.0099
-0.1798818878147115,-0.5796167548934182,9.82439334311465,-3.0535639200575484,-0.4771124854111379,-0.13372958193390286,-0.21038553635278834,-0.5774995006411823,9.798776292476095,92,0,0,0.1536,0,0.0003
0.13317358553977007,-0.10118025062796308,9.940333725337057,5.591951537787495,-3.553188443438759,-0.045683666500386855,0.13712219297732434,-0.1396439347435161,9.926491859592561,93,0,0,0.1537,0,0.0012
0.4386387533911063,0.00581676955433934,9.967309838460059,-1.4613297398522165,-0.9757865177168416,2.3567428450689594,0.45099443479005685,0.008590296931120955,9.93185021647503,94,0,0,0.1537,0,0.0012
-0.023924599691265043,0.10972788224748083,10.139697869965442,-2.311219937930931,-4.79206840416925,-2.953976804291441,0.09613519026568074,0.08818651961483083,10.105100096145623,95,0,0,0.1537,0,0.0012
-0.040063284999603356,-0.24025056669864187,9.961052307173762,-2.2248683904195903,2.7201335446237724,-3.848008469033356,-0.04788628406901193,-0.24647391599887786,9.999110968478828,96,0,0,0.1537,0,0.0012
-0.9218680182932036,-0.021843580581348856,9.844001067543307,4.547968019863485,-0.46742799461312734,-4.489890781387589,-0.9123216789020755,-0.053498430522298066,9.792465560088877,97,0,0,0.1316,0,0.0106
0.09606159342860905,-0.07363494599999827,9.67697515024332,-0.4649692466952318,-4.376495911116801,1.604683561781073,0.08516010009785233,-0.034958273425783684,9.638714517873918,98,0,0,0.1537,0,0.0104
0.1260724146678391,-0.19926710770134134,9.644834591008408,-2.5463294255112374,-0.4783034735468472,0.9660612654622398,0.09709778067550662,-0.2889846891277451,9.56648917897652,99,0,0,0.1537,0,0.0107
0.2139697846980934,0.1584890232900129,10.073978900756998,2.561900845180986,3.4314824021408312,-0.17745730457444225,0.2708265669330736,0.11603575347962516,10.120183747106347,100,0,0,0.1537,0,0.0117
0.22367887597015837,-0.2690343232951959,9.780891754674707,0.3191035399225483,-1.284764531022381,-2.0084654214605346,0.20572795837516764,-0.3002155271015181,9.788203727374093,101,0,0,0.1537,0,0.0117
0.25120797926557037,0.40381800293177034,9.828914807708545,-5.229624051023067,4.180986246728478,-0.6204030046452929,0.2289614831716208,0.45752090582256266,9.718121466303733,102,0,0,0.1537,0,0.0117
0.27812737088875283,0.0662011148429368,9.933386464266853,0.8192716842736714,-0.44534249166400086,-1.4277026848682701,0.297950161252033,0.03745735586387647,9.944792835956706,103,0,0,0.1537,0,0.0117
0.15333983560245934,-0.10368177233718712,9.658412339854067,-0.8505840402518863,1.3804941632676566,4.548779609082404,0.21723676085206367,-0.0867073688929443,9.747499988254514,104,0,0,0.1537,0,0.0117
-0.12290061896381413,-0.41351074399336524,9.827746564251166,-0.2926900918911586,1.4574395022276634,-1.3064542524488518,-0.12531196709411382,-0.33617623184029727,9.901233553226604,105,0,0,0.1537,0,0.0117
0.5606512546254144,-0.4650549795938551,9.836439386492,0.5678198854265383,-1.3511691977076579,1.701800423342056,0.5761607517448891,-0.46881238400187947,9.938192494050243,106,0,0,0.1536,0,0.0117
0.19199645228831938,0.02879987008410567,10.010524457877422,0.947474561744885,-0.9917144954858287,6.1086329809361,0.19888580492567698,0.004890155381245792,9.99103049506299,107,0,0,0.1537,0,0.0117
-0.3092614649039586,-0.728825283047317,9.783993568204657,3.1900650136509308,-1.0481331811311683,3.602288527242889,-0.30868538949060526,-0.6943858736300588,9.763429721904876,108,0,0,0.1525,0,0.0117
0.393746630033547,-0.15308160536159457,9.396410262414385,-0.7072776851882566,-0.08885283859037015,-0.10428919469974199,0.41469539981682274,-0.1816803942089273,9.430701479751232,109,0,0,0.1508,0,0.0377
0.17340122453008514,0.013124379131085542,9.404325127692111,-5.087718333306066,-3.2003360400230827,0.706018005375743,0.17901787197620955,-0.021758429143073868,9.378919032036421,110,0,0,0.1495,0,0.0701
-0.19896959157825114,0.5765884488122756,9.827612353594809,0.5203245727168484,-2.864586080784023,6.804493969807138,-0.2243193513617742,0.5488569815911144,9.839612260162307,111,0,0,0.153,0,0.0441
0.42909740652421996,1.0015164492216155,9.98554592015593,2.1359573558099556,2.87269577801331,-0.19827843637726722,0.37002371487382824,0.9788025952166698,9.966341171881433,112,0,0,0.0895,0,0.0705
-0.5270082259263325,-0.049307877416398305,9.899752217018662,1.5554906563860151,1.7392668985420174,3.6370139443428116,-0.5679592067172943,-0.07093612326183218,9.949361627378938,113,0,0,0.1537,0,0.0422
-0.7430596808399944,0.6438823855577458,9.955862202462665,0.1271799551506573,-4.326822204723134,1.2933639548917841,-0.7936252814587544,0.7496526615230916,9.969716268820173,114,0,0,0.1312,0,0.0318
-0.5150236524049716,0.024053157011028618,9.964089253576978,2.2323180552161723,0.41873244179166447,3.9347398361599657,-0.4753426262354167,-0.032966110761944584,9.945198930857412,115,0,0,0.1537,0,0.0218
0.11043810828135264,-0.49219814269609613,10.009022274280865,0.7261759999210471,5.037961953323673,3.206430128549137,0.1006685179213992,-0.5420480339860057,9.979434421171343,116,0,0,0.1537,0,0.0112
-0.0294911785328835,0.4236023571683563,9.595636609626185,-0.47297177839634574,1.9686557552273958,1.3199731244350448,-0.00983954494090893,0.39587103969005827,9.59796869672228,117,0,0,0.1537,0,0.0312
-0.5779761420193392,-0.2119809751892084,9.817730347459648,-2.82431713161709,2.932547602173605,2.1905241661948294,-0.5273756645366181,-0.14958507809242225,9.832568322255732,118,0,0,0.1537,0,0.0112
0.6377621821911007,-0.11266614735386128,9.725166997186669,-0.6430283305038841,-2.503783892942445,3.159489383599345,0.7903296236703673,-0.14811238514878075,9.775026262635018,119,0,0,0.1178,0,0.0312
-0.2413277370705795,0.2420035877804425,9.596506462413055,1.1158152938518218,5.527355247206742,-0.6222635360287561,-0.221650170138944,0.2097666815958421,9.54094256329293,120,0,0,0.1537,0,0.0318
-0.3198746067724855,0.34333011349302606,9.8698923202181,1.3975791342226476,2.6226183193209116,-0.6480771025925024,-0.2653332159480593,0.23923112271220998,9.903347912902216,121,0,0,0.1537,0,0.0318
-0.5593881728916296,-0.12067800058470435,9.83918003950188,-1.7752765564192514,1.3639152076400127,1.8205686594638566,-0.5529806617412529,-0.08189940891446404,9.711114464167617,122,0,0,0.1537,0,0.0567
-0.15072691886240483,-0.5064461582338132,9.97853553726363,-0.8414195485839886,-3.5784027352295773,4.02224769309252,-0.18470334214534298,-0.510479227020528,10.04158575007341,123,0,0,0.1537,0,0.0567
0.21199052019492656,0.36350500979387074,9.590145557226695,-0.08273397248466693,-3.9543715303801648,1.314903376987486,0.20765364405114728,0.2783883047085589,9.56574626698715,124,0,0,0.1537,0,0.0406
0.26213112995985144,-0.4100302588565173,9.842685247400748,8.299826517493745,2.4583024276648286,1.9687579881435013,0.30665770261295217,-0.40371429751285504,9.881095723330509,125,0,0,0.1262,0,0.0308
0.2092786946287457,0.055827423296603694,9.718504047374482,0.15140596193017847,-0.5327751888809868,-1.0489016475032547,0.17292119771102832,0.06314108890240684,9.753500821707064,126,0,0,0.1537,0,0.0296
-0.054194205681510524,0.7005381351584566,9.831578765871853,0.10376645804595834,-2.514912185296985,1.4048197683991703,-0.052830734136015155,0.6745775501100442,9.845108345747953,127,0,0,0.1531,0,0.0296
-0.009080456230643337,0.2713517812728987,9.487838785689492,-1.7763640927899689,-2.1622246380113523,2.4318171645080064,0.05588927519898117,0.22440078875246608,9.456217024985712,128,0,0,0.1537,0,0.0296
-0.28300588372060925,-0.18784442659257006,9.846059875138478,-4.185149215438985,-2.69692141803092,0.7479218418344105,-0.33942515378287985,-0.14458534703609863,9.845729026979916,129,0,0,0.1537,0,0.0296
-0.03211680820866612,0.4983553223826124,9.93294594929535,0.2527677816895017,-0.32941672925252496,6.136623653462135,-0.09426351214729005,0.47947029902036337,9.97425549956333,130,0,0,0.1537,0,0.0296
-0.20507807296394603,0.4669135694108273,9.808460487465878,0.25044965624611826,-4.70741241773628,-0.47383566477118266,-0.21349048385304994,0.461101175238777,9.88461872636682,131,0,0,0.1537,0,0.0196
-0.5413747315365544,-0.3664252775232571,9.762485118624452,-2.197121412787659,6.89407827199069,0.12630939248815787,-0.5073772733489382,-0.44153589663774356,9.766422473862287,132,0,0,0.1488,0,0.0402
0.48277524292052565,0.18460391878589452,9.847904534115536,0.047101911238515114,1.9175300288744421,0.4263963994490798,0.3986682489149207,0.2029810132995448,9.850367390226502,133,0,0,0.1537,0,0.0402
-0.1571757409017884,0.28335701498848637,9.888344080327236,-0.33840710398530993,-0.8994139846668052,-0.9571347628345691,-0.20585898015096277,0.30049967982886927,9.934746610758198,134,0,0,0.1537,0,0.0502
-0.254943637987505,-0.11835148359957925,9.755122325125493,-4.751085356497322,0.2086370819401001,-0.599745123370662,-0.23388360240964773,-0.1406110133405632,9.851091572331548,135,0,0,0.1537,0,0.0402
0.16322992227880836,0.3377327747990984,9.824408375880036,-10.994031746176336,-1.0675730783748776,1.2874851701967995,0.11356982317325799,0.3551647261646727,9.77879958387069,136,0,0,0.143,0,0.0593
-0.5741781970922514,-0.09631565334234128,10.043286614904567,-0.7688614842486909,1.0762436845915457,9.363588219951284,-0.6791146038343501,-0.07814523303169901,10.104276506983792,137,0,0,0.1431,0,0.0779
0.21767039344644382,0.5466514054376298,10.204559092214925,3.482761821816989,-3.83341293943306,-1.7699586481532248,0.241065686961119,0.47231174993937225,10.188769219900953,138,0,0,0.1532,0,0.0582
0.056417137268540654,0.12819246070263585,10.133775196470534,0.25270514909968783,4.296180175482269,-3.3568434135390004,0.07761785744699048,0.13697096171217074,10.077679814082337,139,0,0,0.1537,0,0.0582
0.4639762337739701,0.1913864233271753,9.646018423473528,-1.6028262688818375,0.7447540978455842,1.908017340615991,0.4383185174610012,0.11271567245968384,9.652548637925628,140,0,0,0.1537,0,0.0388
-0.25151325720470785,-0.4003285106816834,10.017889099502394,-3.444318634507979,0.20300147646054487,0.20740463983587373,-0.13854269549273318,-0.4389037048717774,10.045364869979602,141,0,0,0.1537,0,0.0396
0.41926040105520807,0.27459640141322045,9.665739906272961,-2.3140992260596223,-2.990247771192165,-4.014093973484878,0.34883567741372873,0.2740574696686277,9.639936618990754,142,0,0,0.1537,0,0.0388
-0.21985869254319257,-0.3679129276275569,9.619658288038147,-1.7778016311211657,0.8658608119193304,3.5096083449194797,-0.13606142333127205,-0.23706262582974996,9.650808831399887,143,0,0,0.1537,0,0.0588
-0.020839439292975968,0.1728516004481703,9.918250093169336,-2.9093600156614703,-2.634798367381256,3.7077238671704187,-0.009156350640412035,0.12299450291320832,9.890969665312491,144,0,0,0.1537,0,0.0597
0.0022745257262583064,-0.23473968576248627,9.48863560154952,-4.003589046227525,10.381037147045923,-3.7756643438574207,0.07705069490739316,-0.20470892096386822,9.45394372449231,145,0,0,0.1144,0,0.0382
-0.12302926426596032,-0.30249214360494653,9.607917246289004,4.435136923964808,3.8744722397000815,0.40764978520443196,-0.10396876308284213,-0.2819302699428246,9.610521269342955,146,0,0,0.1537,0,0.0382
-0.46452063942520627,-0.6308955015030849,9.933154686184961,0.6344954214174907,-2.877914192357771,3.770802589141335,-0.5345307912379677,-0.6524911725556968,9.889003544901607,147,0,0,0.1513,0,0.0688
0.21737470702024284,-0.009128361965687863,9.592064303090316,1.8560718687842572,-5.985562970881986,-1.226362176694628,0.257310667870847,-0.022433823223937624,9.550437727460169,148,0,0,0.1537,0,0.0588
-0.291294439993903,0.06466797456005839,9.757305150556494,-0.3321439635661224,3.0330737103935146,6.232267133007552,-0.25191748981371304,0.0741526980855329,9.761364466369251,149,0,0,0.1531,0,0.034
0.35086790387063355,-0.335682726464964,9.891162168024454,-2.434598255534713,-1.33994305344011,2.3831891557404132,0.32606954352859646,-0.332710903140737,9.761846518420196,150,0,0,0.1537,0,0.0482
-0.33498985180805463,0.3659358547860046,9.696400973016912,-2.9502546747066334,-0.997954700526539,2.7246953861978143,-0.28425674745414353,0.3100673775462732,9.72085655356321,151,0,0,0.1537,0,0.0282
0.3289771238354324,0.04021769730750262,9.466544647576569,-1.3412096558022346,-0.6306909283486398,0.7260678951987197,0.3844054135197606,0.0466311138052762,9.463334521321793,152,0,0,0.1537,0,0.0483
0.09458816132054472,-0.21428608658771142,9.884984867261574,1.7904395918947351,4.8004007217791695,3.345472257751078,0.057232648075778325,-0.23649985790335304,9.944621578218722,153,0,0,0.1537,0,0.0489
0.5441438087982489,-0.05629229465061822,9.73585398348336,-5.2832073191430915,-1.0647475896993592,-1.4329460819685167,0.46885551317473906,-0.010022654235746109,9.630145070853985,154,0,0,0.1536,0,0.0288
-0.5308565362895591,0.14798741796016365,9.600270359791661,1.4034393021333387,-2.149517920582193,-0.7968186177023693,-0.4923462981565888,0.22902848615171015,9.621473610001228,155,0,0,0.1537,0,0.031
0.19567798106860892,0.37393285635266704,9.794352272976806,-6.655823468031682,1.069827376792967,2.070925783661518,0.24967224432689733,0.3163169395869381,9.762640862120838,156,0,0,0.1537,0,0.021
-0.040409030844085134,-0.06517152209263834,9.387142625079116,1.7878869243144513,-1.6166128014878578,-1.969595254137019,-0.015344813062636155,-0.055997224024209286,9.42191503535388,157,0,0,0.1505,0,0.021
-0.22821281409000915,0.2479737014719255,9.796096144007018,0.3460454528926764,-5.557930414790049,3.1815249742372407,-0.2062901485412643,0.30342204100928194,9.770347025839765,158,0,0,0.1537,0,0.0452
0.5214103766111616,-0.1653185063723494,10.135334460467249,-3.000693583103396,-3.8900865029495186,0.17176366188477749,0.5221323868941486,-0.18108960138712696,10.13586572491823,159,0,0,0.1537,0,0.031
0.34275983699332213,-0.0023083450076596566,9.806897233557166,1.6613072184359394,3.25425184821784,0.6279000630057187,0.300711627879773,0.07663773654174592,9.78880293059218,160,0,0,0.1537,0,0.0346
0.18729814747088397,-0.37251482595540997,9.693285246657105,0.241622583256193,4.487267291682386,-2.3594688828998343,0.2332792474660744,-0.40355478656797633,9.692910309141578,161,0,0,0.1537,0,0.0346
-0.18594605196332373,0.20199122722138768,9.893369853422396,-1.604619356187306,2.609602242329694,3.859200898874817,-0.20535870895158728,0.23176471517742261,9.898011201459251,162,0,0,0.1537,0,0.0308
0.13742163472518087,0.16840112674924188,9.910253879610876,-3.470131584388109,-1.1629680769485051,-1.209742065894721,0.04662620482423614,0.12202699520019486,9.923957353700846,163,0,0,0.1537,0,0.0308
0.6689189390267819,-0.31290282732445424,9.7147690622311,2.2175931407041887,-2.4159040291120086,1.7357282088660315,0.6199457864326319,-0.34389432845197715,9.77889441436397,164,0,0,0.1552,0,0.0509
0.12733390115640342,-0.05554475430908588,9.688945784577234,-1.3623595583331,-1.2879523864743834,3.57811213846049,0.0761584631852455,-0.01649312552580883,9.683090995579777,165,0,0,0.1537,0,0.0409
-0.01098744345901998,0.19455201197778202,9.939177995555115,2.1645458716612804,-0.06951944365690915,4.600038253533145,0.044321940300396954,0.1150604105577854,9.96142089496352,166,0,0,0.1537,0,0.0307
0.4467694579400688,-0.3088552575313567,9.608799092264636,-4.598114729732553,-0.9516721401024981,-0.7101198861886651,0.41359479657118137,-0.2984308182978674,9.520689333759723,167,0,0,0.1537,0,0.0307
-0.4527584664691765,-0.1927177294111911,9.656671594767003,0.20122752471047542,1.8283289409112484,-1.0841910800039911,-0.5020782980472944,-0.14548384453040486,9.516708075787301,168,0,0,0.1537,0,0.0309
0.13002248797909396,0.0008406799258000772,9.883117637976701,2.905578442519379,0.2684737924679158,4.43634040595072,0.1208865272580898,0.02221985818535841,9.818982668828804,169,0,0,0.1537,0,0.0316
0.3200138442085676,-0.01440583931987478,10.035273684046727,-1.3669127544615969,2.379434077637961,-4.097482901165934,0.3317806181227597,-0.018561085758792506,10.079317825967873,170,0,0,0.1537,0,0.031
0.2580091028847413,0.1466380061785881,9.802470025623013,0.08950140696132754,-0.006167327338612799,-3.7104702408125423,0.268069366337825,0.11576259871671991,9.806040149102985,171,0,0,0.1537,0,0.0323
-0.18011951038564938,-0.013124414102587613,9.814438487327955,6.329203648229543,1.004644476323702,-4.1210806102795,-0.15268740634580344,-0.025426178998228813,9.801258099129132,172,0,0,0.1534,0,0.0208
-0.730468311506535,-0.03188851693939357,9.623966738052294,-1.1490929161397192,-2.205700779700277,0.9796555890583798,-0.7340844724319653,0.06398913901733136,9.590875423780757,173,0,0,0.1627,0,0.0324
0.17562020655140023,0.2924610157839208,9.938504816126203,5.237044448659674,5.734659436480682,2.9900124978610187,0.1851644055843449,0.2066965913916295,9.955633303667009,174,0,0,0.1537,0,0.0123
-0.24824219817237975,0.364876253586975,9.402600716172374,4.255270092708262,-1.945740978230746,2.526774319423679,-0.2901330670483633,0.31774416599530786,9.453787029735368,175,0,0,0.1516,0,0.0323
-0.5006968390172514,0.34181438210339826,9.88513976941394,-0.7798978121115585,-6.203785072489483,-5.082135880231071,-0.513222527058139,0.3152072140397222,9.739773578880685,176,0,0,0.1537,0,0.011
0.24141017151066071,0.278655903036765,9.952293580655063,0.28052215850228923,4.946221752697664,0.10916695841184834,0.24386685144258743,0.25426817871572605,9.89693074552305,177,0,0,0.1537,0,0.0123
0.2992087613388782,-0.16492041321937134,9.551625643679767,2.2291178854797424,-0.11899733703828033,-2.212042235393397,0.28130143000078744,-0.14706041233222245,9.522404381265046,178,0,0,0.1537,0,0.0023
-0.145007150079433,-0.34052492073941304,9.814970025339326,2.45305155719338,-3.977654558560214,-2.0592627356563415,-0.19462783093971858,-0.3032687904029885,9.776152948087137,179,0,0,0.1537,0,0.0023
-0.16149597519970949,-0.08020000458039468,9.80953546400306,4.4907976744480465,2.3946637757842515,0.4117529991686785,-0.16308527572398718,-0.10364505028242313,9.910835499075715,180,0,0,0.1537,0,0.0023
-0.03265833485522084,-0.054792081015336634,9.954992614941666,-6.124950920181232,0.8495720431597316,4.565408275892365,-0.05468477803152338,-0.05402859208962106,9.995948359276534,181,0,0,0.1537,0,0.0137
-0.3671149470451456,0.1772265069667898,9.981752852074877,0.7124281698410736,5.695776513798872,-2.0967268523935587,-0.36958447591416155,0.24178496907069918,9.97716372293532,182,0,0,0.1537,0,0.0337
-0.11552542744881128,0.039951659644996605,9.901262667043936,2.523741955765152,-0.2644828076437551,0.8714506427166053,-0.18765103420493556,0.06941614892407805,9.890272653361063,183,0,0,0.1537,0,0.0137
0.30507138927461186,-0.27945341324211065,9.946201355500598,1.11950806140174,-4.6630198813108965,-1.953594716709234,0.2721332867504629,-0.21986773507199142,9.92915810606142,184,0,0,0.1537,0,0.0332
-0.09374961118915592,0.2867414851052402,10.08307983125418,3.555196442761135,2.5464802669441813,0.8528035909518372,-0.02847585248017495,0.38208000991157226,10.031743809633788,185,0,0,0.1537,0,0.0132
0.033513178270422495,-0.09107716269792494,9.742936176600255,-3.7977498561260976,-4.1667128885693945,1.1000808512989262,-0.012456242330978251,-0.07861373778077119,9.791534118366002,186,0,0,0.1537,0,0.0233
0.025347184875208893,0.01272615140414848,9.665157772432062,2.7152812382466913,0.03777597860558751,-3.2586951084107465,0.08192784112636055,0.10848367339450704,9.714793672931709,187,0,0,0.1537,0,0.0133
-0.09136310443735828,-0.05839891236697726,9.886066684934516,0.3310643160588776,4.296616859415089,1.2429608825987,-0.016385851704272994,-0.09198719376545644,9.815847510630844,188,0,0,0.1537,0,0.0019
-0.027832749432344362,-0.6131068268253164,9.956379795738387,3.98759909165977,-0.44850297777861947,-1.5983374812088478,-0.10210338688443157,-0.5775202827688377,9.943478648800228,189,0,0,0.1536,0,0.0119
0.09982253576967702,0.003910167909311096,9.635029712372855,-0.8989139860674767,0.09086913775238094,3.1959323724251703,0.07320166629190478,0.012812976304674838,9.62839268917601,190,0,0,0.1537,0,0.0119
-0.3789396366874879,0.117682921187832,9.538438436009312,2.809008495106948,0.5392648114987852,0.5501302671928063,-0.48056687371474044,0.12461711689111558,9.509486603942287,191,0,0,0.1537,0,0.0019
0.5350752169397562,-0.03148731825455601,9.765537116827803,1.1466114538432841,0.2780499007628347,1.940494164546573,0.633387423651888,-0.019617307439710276,9.653800211558702,192,0,0,0.1519,0,0.0025
-0.07634945068039535,-0.19205163833988856,9.655200780621213,1.9538496740735398,-4.354042120998525,2.4190540028724716,-0.12910375632517168,-0.21139479688924329,9.615257177273017,193,0,0,0.1537,0,0.0125
-0.22090986462000348,0.2841667631273417,10.152747197363922,-1.291269551429186,3.0531821207872634,-0.8032293970373222,-0.2426781255409406,0.31847804260664464,10.172886862136783,194,0,0,0.1537,0,0.013
-0.08141354383650745,0.05626501717687147,9.693545496736597,-1.2137016831369212,3.475587544060078,1.4093531560844734,-0.11040594102721155,0.04335297917790213,9.70702125929416,195,0,0,0.1537,0,0.0247
-0.4101528188044964,0.09488480227594807,9.713712228905655,-0.2927515781647131,1.3929301039105222,-1.052953110373039,-0.4331049940414099,0.10867112310228538,9.782292026228088,196,0,0,0.1537,0,0.0148
0.28473549657142005,0.2435905300158021,10.126430973738549,1.5820855676003625,2.7676611985474358,3.0609235529984775,0.350820397595887,0.2266259938751904,10.077229639866548,197,0,0,0.1537,0,0.0127
-0.37652141184066684,0.11194407730652761,9.355056539667183,3.3194547393140486,4.226274329617465,3.4505308702824298,-0.3132061779845584,0.09937481700477149,9.346153556366048,198,0,0,0.1507,0,0.0132
0.16445312366331377,-0.32077272013844804,10.059644279961232,-1.5497140045355817,0.4461827669841047,-4.018185831558466,0.244544576925747,-0.3057471124819972,10.066840512934597,199,0,0,0.1537,0,0.0384
0.2414380416353548,0.08262417332870982,9.539161461381275,-0.2958374518582998,1.8343034017404007,1.6338184017826356,0.24060115582148672,0.03163939016197702,9.532510330803742,200,0,0,0.1537,0,0.0284
-0.12249396630838133,0.21294969098831443,9.74941336997537,0.6404755174965857,-0.3200368784474832,4.302211191122613,-0.20141807697688507,0.28103386015844517,9.750385881196575,201,0,0,0.1537,0,0.0222
0.45325580523494796,-0.08931574793590867,9.606683250190887,7.097255183000687,-1.8615118977945184,2.165669272537691,0.40287296196405,-0.14093326766792014,9.649965227452862,202,0,0,0.1524,0,0.0111
0.37610289731520535,0.3414371831014462,9.991494797683087,-0.9753838403018951,8.611157061360183,-1.5089685647758972,0.3646638763546107,0.2809796598472821,9.926006509620464,203,0,0,0.1361,0,0.0011
0.4803828599042943,-0.17337616484198726,9.682223165550457,-0.4503359986090109,1.7628180974660181,0.3217564098385005,0.5118037940738167,-0.12857992961461082,9.70968624407808,204,0,0,0.1537,0,0.0011
0.06049228662857332,0.4802092560434368,10.026965664681025,2.670299115620889,2.9883141941638085,-0.9341077990270041,-0.0376095961320178,0.5081756964214317,9.996604807277015,205,0,0,0.1537,0,0.0012
-0.12071408096075843,-0.12099200960157103,10.062625001931208,-1.1893112670380872,3.9866203746232802,3.513518936978162,-0.12858130670734064,-0.186130490541054,10.040187269896007,206,0,0,0.1537,0,0.0113
-0.08009404935938298,-0.030688419539252103,9.768977073721977,-0.6307512198858813,-1.9913149630052138,3.0353967259176935,-0.12108951231417538,-0.0923234827829326,9.76269461031599,207,0,0,0.1537,0,0.0113
0.2884331497412214,0.025409908944556754,9.820065253535137,-0.006272578861606697,1.5962951301674169,1.516103214105919,0.2036545669820421,0.05028257390743522,9.811048943806322,208,0,0,0.1537,0,0.0114
-0.41252278461237496,-0.262347157534527,9.684801979970805,3.625110822842033,1.2731956211317206,4.474028398427634,-0.3557502009018465,-0.2656624104581725,9.69228908314565,209,0,0,0.1537,0,0.0113
0.331044620552908,0.03697781272053214,9.940256543726205,-4.75591516077236,-0.6775743376070135,1.0932909704469773,0.29886903315752644,0.0686682937492771,9.972015452417244,210,0,0,0.1537,0,0.0019
0.2075271433293573,-0.05469543616356654,9.630108660203367,-3.0600024786719344,-1.5222550951801925,0.39075099243659983,0.2488824328792057,-0.09171039300503014,9.612297415973018,211,0,0,0.1537,0,0.0019
-0.07196955043689662,0.07374041099947808,9.855505108825952,1.112815267646337,3.037773967567963,-7.529594819678126,-0.10084295936434694,0.14771978582835643,9.893549464762232,212,0,0,0.1514,0,0.0007
0.23889922411567777,-0.1907052960999138,9.837431149038853,-2.126389873038795,2.946645001947595,3.737014557461886,0.22044273658111818,-0.2227491874547114,9.742866655275252,213,0,0,0.1537,0,0.0007
0.027174909743899005,-0.15141626105775996,9.821089472483923,-0.9711067827482154,0.3187049162044283,-0.9734515542302267,0.04581159380281309,-0.1535103146654437,9.866042432932371,214,0,0,0.1537,0,0.0007
-0.21983160367654508,0.11314916529874872,9.580218524846268,-4.029784786693858,1.9213523430725505,3.7485622169764237,-0.21548983640776184,0.16711806962623102,9.531418207471619,215,0,0,0.1537,0,0.0007
0.3508888273374413,0.4953594993098541,9.813533339289998,2.806939859193634,-1.053946114779965,-1.5811241927068356,0.34647015284778016,0.5813069954337691,9.809011363957024,216,0,0,0.1537,0,0.0006
0.4340745700038658,-0.040308862454977924,9.931503159136442,-3.5512531222644848,-3.92327968460274,2.0472438903822834,0.4849871760021067,-0.06881126656628181,9.958506585948994,217,0,0,0.1537,0,0.0007
0.0029607157506027805,0.2304289572773594,9.72172354684569,-5.885390086229755,-5.09433172168343,7.180053327856784,-0.044182190685105066,0.2638629451646201,9.81953341799117,218,0,0,0.1531,0,0.0206
0.22333335000904525,0.01659692173308253,9.535188129803544,-2.7835665553204616,-1.1613441007206855,6.77532187952545,0.18283201353038722,0.017168133973694866,9.582890258532652,219,0,0,0.1531,0,0.0106
-0.22452200900603664,-0.41922762631383503,9.905910128988895,1.4780726165108824,-4.66656274296937,-3.8569175306974306,-0.2074650716464052,-0.30803690714713217,9.880293460400855,220,0,0,0.1537,0,0.0023
-0.0876986505213684,-0.20281840550566257,9.722838125772327,-0.09110372796513848,-1.1727076389886653,1.318407831488616,-0.09831699891860873,-0.14950923431212643,9.761177218303963,221,0,0,0.1537,0,0.0024
-0.08715494454491966,-0.004958971185489988,9.48821426321211,2.545597683729695,-0.38604183538869025,-4.67786101343028,0.009630359046908274,-0.007619389742683886,9.438045080279124,222,0,0,0.1534,0,0.0024
-0.14472036347348016,0.2246792878206477,10.110045362837269,1.5027256159440907,0.4661381478052122,2.23577481918091,-0.09352313476558946,0.2686691340636119,10.1319566543764,223,0,0,0.1537,0,0.0005
-0.36880732017276296,-0.09071746581877402,9.569546937849543,-0.3505944066594645,2.9359098945009654,-1.6726021300587015,-0.3727496757933404,-0.024747945107100267,9.4473760177793,224,0,0,0.1534,0,0.0012
-0.1697076820062759,0.2859882002690808,9.94667162603255,3.043468714897477,-2.1282472847396896,1.11676364979232,-0.18398893864495627,0.26541467193035023,9.937274524329824,225,0,0,0.1537,0,0.0012
-0.3793332082513464,-0.7117942254992262,9.872295997770157,4.831322704871258,-4.406631139995763,-1.1868214069724354,-0.25649575009982234,-0.711730722562604,9.887734985398476,226,0,0,0.1512,0,0.0034
0.0001910561879054973,0.2610597649568349,10.032486447420702,0.6674934152558545,-3.6308888928819365,0.434284061183862,-0.005382275958182831,0.32372057223262896,10.016363964632946,227,0,0,0.1537,0,0.0034
-0.15112986944062995,0.2449024228085404,9.957595448949938,7.626205383387227,-5.800656425471455,-4.5250787488753,-0.15742561929496113,0.20531493401851927,10.083324202976266,228,0,0,0.1484,0,0.0029
-0.3883438341447448,0.3331938079483591,9.5782351899924,-3.8345236816300075,0.45025106970054163,-1.9337805192955142,-0.33739939437620114,0.3395411946232178,9.68369050357666,229,0,0,0.1537,0,0.0035
0.10208631683466994,-0.21433646476322737,9.831921214389704,-1.3423885960112183,-6.5621672392560395,-0.3265873298407954,0.14286164798498457,-0.22857903734707413,9.889766669814575,230,0,0,0.1537,0,0.0029
-0.07538131645353677,-0.37429882147262444,10.183961976004342,-3.570370611496023,-0.2747895114268535,0.7367100522004311,-0.18765666527408248,-0.37730638746500733,10.16002984439734,231,0,0,0.1537,0,0.0154
-0.038073222727472635,0.1966319402298059,9.644347265965003,0.038355387351548004,-2.744039788732869,-1.0997210648583897,-0.0078803327436364,0.19267207199951136,9.59374946716175,232,0,0,0.1537,0,0.0253
-0.3019218187104099,0.1872717404177421,10.105484083982981,-3.9070932646157805,3.235108737661755,2.9838488567304693,-0.29461404922966106,0.25682169972076074,10.147005439475366,233,0,0,0.1537,0,0.0132
0.6050364715732734,-0.031124266026744833,9.836508250123781,-2.2634068871745265,-2.930552811179484,-6.38665272732098,0.6222843610469242,0.014650023219215692,9.938007118595296,234,0,0,0.1552,0,0.0029
0.09829390818967856,-0.08201160290675137,9.558028046918976,-1.1058217793485563,1.4560934661618379,-4.919732303127645,0.12517932190092285,-0.10251262941681623,9.591843622612616,235,0,0,0.1537,0,0.0127
-0.2772412386437394,-0.1294510243264737,9.805354374742851,0.47976332111235853,0.3685076343429036,7.761864378548715,-0.25651458000305355,-0.1518841027807304,9.790843219605115,236,0,0,0.1496,0,0.0122
0.31552061823842553,-0.030514765601613064,9.65915275880275,-3.6163886209452403,-2.5841542479619735,0.6740835084899859,0.3601292819807704,-0.04043390127915141,9.616172349508942,237,0,0,0.1537,0,0.0022
-0.1580498642459732,-0.06722606836506217,10.110013943652692,-8.202573126871558,1.7222049951898875,-5.025788351467187,-0.20839021142906855,-0.10024613377533434,9.986751819812993,238,0,0,0.1477,0,0.0019
0.22837606054491394,-0.14392418747417685,9.747738262447008,-1.1355994292372582,2.815464431191043,1.6347693187975278,0.17051596841352762,-0.170242970116961,9.703184917493545,239,0,0,0.1537,0,0.002
0.36111966478255614,-0.027367510733680378,10.128972966111212,-7.695769295404431,2.5318046445074867,2.0863683067083376,0.34601828230363085,-0.042061359534173635,10.122058859015924,240,0,0,0.1511,0,0.0122
0.16418560840311483,0.5797897014379653,10.026549192253638,-0.4618048375746814,0.8531453881391614,3.5354904413169894,0.2129565851714644,0.6126187902381038,10.023083788540852,241,0,0,0.1532,0,0.0021
0.4712850379904807,0.20277016786019245,9.556210527938605,1.282320423274701,1.5297325330946392,2.580479080618722,0.4601704433592585,0.23463433928688684,9.57617891247796,242,0,0,0.1537,0,0.0121
0.29709477195465306,-0.26298420367603764,9.792554765190143,-0.9974282330647826,-3.610757037106149,-0.3665853169365614,0.24596822471267554,-0.24486489019558258,9.73579639241318,243,0,0,0.1537,0,0.0021
-0.05268473331358948,-0.24507802819950353,9.576741991865832,-1.7235584932235788,-1.1063024173065437,5.637447514775994,-0.043100262366293746,-0.2437241242047897,9.594385390428332,244,0,0,0.1537,0,0.0121
0.3009326563055089,-0.013704866744856957,9.745611552685718,-2.711757236525123,-2.775060088631503,-1.381548668672254,0.34310387863878944,-0.001997433309601721,9.754648210972611,245,0,0,0.1537,0,0.0121
0.3319298255176317,0.0021922732186851405,10.054001233105229,-3.692624961962874,0.6837545266543082,5.048154278222144,0.34760033626088216,-0.05707622960034022,10.027502200251774,246,0,0,0.1537,0,0.0244
0.22306976306111675,-0.33067848657090104,9.484965027008561,2.463456148416789,-4.4825317502498425,-7.263813336888181,0.26553784478682657,-0.3029101369416454,9.576257470700574,247,0,0,0.1515,0,0.0119
-0.11214662182221795,0.09370004791976885,9.83909461823693,3.23875213019109,3.3359834918737787,-1.9754617278096513,-0.11222939822053596,0.12909216789866845,9.919479797226957,248,0,0,0.1537,0,0.0621
0.012219102201778315,-0.20667675878820801,9.723661992494412,0.5564375236115225,-2.6721479710306317,-2.715099507986225,0.04639784969584888,-0.2541740869267932,9.70223562169275,249,0,0,0.1537,0,0.0538
0.1415993400578211,-0.19806468302259278,9.938042435343167,-1.8049045007650597,-4.87561686499811,5.319281890581608,0.09137371731962018,-0.19973150932911093,9.888158402280496,250,0,0,0.1537,0,0.1036
0.008053878596080508,0.05350985863685511,10.024953605014389,-1.8289898465073005,3.3935875165590397,-4.753192786983005,-0.08133660557053539,0.06694394851790406,9.974240941309015,251,0,0,0.1537,0,0.0924
0.24857737152758036,0.6924187602026644,9.849953901159113,3.1217404682061693,1.7033448652008083,5.4696052792600955,0.13541801015818103,0.7029452410375873,9.85868730170164,252,0,0,0.153,0,0.0724
-0.14345561400464332,-0.5925295766348553,9.76945217676261,3.8398567833537944,7.013463849623877,-1.770651710729564,-0.15531010143292348,-0.46900277988665046,9.709623606593215,253,0,0,0.1502,0,0.0529
-0.6202066700373409,0.4826709684642587,9.711982057129529,-1.9208748397412152,1.1972857170807665,-1.8856551049037447,-0.66453610919338,0.5637477112872298,9.699784079253607,254,0,0,0.1534,0,0.0528
0.073539327037108,0.10024020499480733,9.67935340543164,0.20948852531288797,4.744314749883497,-1.3681810517535569,0.07888837331997016,0.1030306256421551,9.606614777495386,255,0,0,0.1537,0,0.0528
-0.49362015242098134,0.16801338692362477,10.143132553152377,-1.9115970192631342,0.4582180321995605,-0.1450971886130725,-0.43648241018957484,0.23639310576099526,10.255304126115137,256,0,0,0.1527,0,0.0006
0.03791141889025981,0.19064017457905377,9.979492639625413,0.46948385289254224,-0.508874179438131,0.42257870289499605,0.059993020895830994,0.17978021312804848,9.817684432103919,257,0,0,0.1537,0,0.001
0.022170005358299636,0.05341490473608662,10.117275858290803,1.0690905425176964,5.337296658362405,5.222644825804217,-0.005328029531429444,0.0640073256223397,10.166299266974013,258,0,0,0.1537,0,0.0011
0.3537051829373608,0.07329991232278024,9.865637552259205,0.7668133227006084,-0.625728290188527,-0.26328478319663867,0.25914657495196847,0.03754638139596304,9.86807644817509,259,0,0,0.1537,0,0.0007
-0.5968872644323457,0.3465573300455794,9.619108048259868,2.6557689055663087,5.971184655322128,4.263516015543422,-0.5802352980906977,0.3336311986398715,9.555271661569854,260,0,0,0.1537,0,0.001
0.10046079686056938,-0.48270121722769654,10.164661786433777,-4.005997137181737,2.743243023256471,-3.12212802621794,0.12173918773225703,-0.5083543276403492,10.060765303641029,261,0,0,0.1537,0,0.0111
-0.06138368954039066,0.10156711686802965,9.852454831011311,-5.5578547037261306,1.6378359214898082,-5.987624578502034,-0.08082399025468055,0.05042160816387204,9.789654178279134,262,0,0,0.1537,0,0.0106
0.11663863908581583,0.039185536654245116,9.796803024639175,0.24689694877028606,3.013094582064821,-2.74771866791154,0.04565119309953444,0.02440366633273554,9.754170059579069,263,0,0,0.1537,0,0.0111
-0.010785319584159216,-0.014590092259740544,9.795016220415818,-4.780363828221073,-0.9903057755950218,-0.23335915503235044,0.043869647557321104,0.03477911726302764,9.788259411365612,264,0,0,0.1537,0,0.0106
-0.3373434688690332,0.13621631462113443,9.717358702691433,3.3815532945284374,-1.74639857959769,0.7329118176341671,-0.27403869520608953,0.08126239992315257,9.705877517551421,265,0,0,0.1537,0,0.0211
-0.8709253716828645,0.4150390605692454,9.905918219609715,-0.6795853122307538,-5.061900474645721,1.350205628905679,-0.8398647490187214,0.40895519058693686,9.805654645128811,266,0,0,0.1613,0,0.0018
-0.04521906006476526,-0.04007137043896086,10.056177187981174,2.4563763839613104,-3.350490671417673,3.8684931992901728,-0.10546139500802822,-0.05969072904647198,10.01157313814118,267,0,0,0.1537,0,0.0008
-0.07482025745229948,-0.17467302457949127,9.732887695054634,6.241497129160551,-0.7926601522015386,-4.440119760102948,-0.09752278890544647,-0.1826960680280856,9.670149468569221,268,0,0,0.1537,0,0.011
-0.18313851129906492,-0.10624164521619844,9.92380808151364,-1.2475020827010046,-0.8827482861595731,-3.1782247466604936,-0.15275224832249598,-0.07650179332752138,9.904606699855279,269,0,0,0.1537,0,0.0019
0.669594017175338,0.23639045768100955,9.956791664331307,3.2593537982188048,0.09084088380934456,-7.122530791326879,0.7353935843128032,0.1932486350438505,9.960679610432146,270,0,0,0.1518,0,0.001
-0.08118971053296577,0.6030648279260865,9.415917736680056,-0.45180081975343234,6.794609685829476,5.296215794861955,-0.1331738566238967,0.578219932300599,9.380742221310415,271,0,0,0.1497,0,0.0008
0.46360290147178473,-0.6064686924079644,9.63901870106163,-1.8993753848866741,0.9780371866601298,1.6097690574007273,0.4488398736940399,-0.6274348559440478,9.574739983753538,272,0,0,0.152,0,0.0006
-0.09069134096380095,0.08685492309923824,9.66986142740202,-3.9161005592306495,2.3801863558473,-3.22990523477728,-0.05775781995040418,0.13692842685224516,9.689616654410353,273,0,0,0.1537,0,0.0008
-0.2747243630299325,0.04106053887521999,9.907305860272057,0.22220712863172684,-6.416580368431152,-6.248713198893055,-0.3461795667521943,0.05250931108538324,9.930078655478582,274,0,0,0.1537,0,0.0008
-0.16868913728481308,-0.12050503744082208,10.204177166173643,4.04964214682,-3.936914374253449,1.4164826792995826,-0.22519254172983008,-0.0797220798763549,10.198656501169356,275,0,0,0.1526,0,0.0006
0.13048918809230645,-0.07585993010895516,9.787872471113081,5.106521391441816,3.4032467829811526,1.9914742185877714,0.14849752296055127,-0.08593573191271914,9.768470082935346,276,0,0,0.1537,0,0.0111
0.2801102749141943,-0.5044082453321652,9.821824001738658,-3.9833127371203796,4.85089425715375,-2.00911076221551,0.25664793915847733,-0.48617127280900946,9.836540627187421,277,0,0,0.1537,0,0.0011
-0.11856939381914341,-0.20920486821311013,9.916198002032715,2.8046862041943132,-4.050106818373989,1.505115523671435,-0.23190483161272876,-0.2179415760553034,9.941008282914519,278,0,0,0.1537,0,0.001
0.17354634860376159,-0.026951431375098898,9.71258589288846,-0.27554653627816816,-0.22217838169857343,-1.8179624537875596,0.09292475897670309,0.008430133754733529,9.688350889241804,279,0,0,0.1537,0,0.001
-0.3644594302716122,-0.0342610654756363,10.129852907204498,1.3701975266379414,1.7871989413093075,-2.1699797976699435,-0.3203348954749877,0.0014463317377162166,10.176130208687173,280,0,0,0.1537,0,0.01
0.14573162190172453,0.5242824196264868,9.540929875516142,1.080048456297564,4.505674167163468,3.1577760240590678,0.09460055673949586,0.5564732931817746,9.440997013917773,281,0,0,0.1532,0,0.0101
-0.38589379403663304,-0.34088863122925656,10.25586074855489,1.3782190152659048,2.849762250047569,-1.210526010682184,-0.3354130868091328,-0.2211032556999083,10.26775251961617,282,0,0,0.1514,0,0.01
0.029708811668999142,0.07094677267571599,9.83151321229217,2.5941375201646877,-2.6702011753370285,0.5093052133310896,0.009554226238366714,0.09745885622779649,9.786854870850876,283,0,0,0.1537,0,0.0001
-0.19299841671389573,0.13761479931442877,9.707563236749499,1.09152411848779,-0.6038915043461227,0.8424360955980833,-0.2063147899164708,0.18544119626751152,9.67359124017221,284,0,0,0.1537,0,0.0037
0.5720416902720485,-0.592044769681039,9.763311296847393,4.007362865720608,1.5267936086034624,-1.3608012764168298,0.5979022507576824,-0.6547380844979709,9.741181895413618,285,0,0,0.1515,0,0.0037
0.22086420209351829,0.056402103102075676,9.763854995106207,-2.4272544291465588,0.1575244578108256,-0.7678446217786623,0.24839336331434553,0.15038295450656025,9.81042811784974,286,0,0,0.1537,0,0.0002
-0.02651257079191044,0.2214529833916239,9.752664002278005,-3.4499411543609,-5.636979616467609,-5.906748144317134,-0.013232071567028119,0.20808044267350662,9.814972017401729,287,0,0,0.1537,0,0.0139
0.2508013054352656,-0.033621057947740215,9.794595618512115,4.601027269360074,1.3597707099545253,3.3404478330155003,0.2263817285401619,-0.045622141451337785,9.748885307973131,288,0,0,0.1537,0,0.0002
0.26519869914260935,0.7467775830303081,10.192588295548553,-2.7589571660930825,-6.809134710830371,3.699025942970109,0.3711428478870643,0.6861102611417655,10.246535738305461,289,0,0,0.155,0,0.0005
0.053782681629368286,-0.6854700629901388,9.71564147577837,2.6878186661375096,-1.252753166148867,-0.8076438706490883,0.1105838133341421,-0.621596709089818,9.63888998277118,290,0,0,0.1506,0,0.0101
-0.48338949444522583,0.4000969213912476,9.86664508490255,2.7962707011469465,-5.714396790632838,-4.3999296914563555,-0.4852954844852948,0.4174039323936418,9.854252448820427,291,0,0,0.1537,0,0.0101
0.2928887199515456,0.48334419279390806,9.555099628376489,0.7410873366534716,5.3950904206215196,3.9163523954687407,0.2659163890893302,0.5657133959272821,9.565998478631979,292,0,0,0.1537,0,0.0101
-0.017558184416792445,-0.1508590538184191,9.685634459109757,0.19801832988591211,-0.4369873191806681,-0.3464986641900482,-0.03007259509991185,-0.2553545048300969,9.590810649289317,293,0,0,0.1537,0,0.0105
-0.34717692057394844,-0.10443995609247812,9.800346601793576,-0.1408660597760497,-2.470355858399372,2.5305521622262646,-0.3835157409058065,-0.11738276638397492,9.816761243266498,294,0,0,0.1537,0,0.0105
-0.29104118206182156,-0.0681434461689279,9.843794638989046,-4.04155889903369,-3.141356991212991,-3.335365469142491,-0.2850247230798411,-0.12134328260811192,9.778203053412462,295,0,0,0.1537,0,0.0205
0.06953146598486386,0.04998454973716756,9.80920143653672,-0.968019392489883,-3.7817967221960043,-2.630546160305386,0.0810692490549415,0.08589844790620521,9.814278823447188,296,0,0,0.1537,0,0.0107
-0.09208239326828635,-0.28076511694018813,9.861903227083925,-2.9794254141427983,-0.026222853322960305,-1.8082521201490653,-0.14165446095232243,-0.24055820135743206,9.824186071559312,297,0,0,0.1537,0,0.0107
0.06625096943647478,-0.13000593056803394,9.981688476789692,0.26818872988738746,0.2679117272951121,-0.6128858596124315,0.04833386442121912,-0.10236676346123035,9.934499880402928,298,0,0,0.1537,0,0.0107
-0.31013792641432697,0.07889564767458893,9.685921765978383,1.5842760524153463,-1.5771555382827844,0.33607767055012194,-0.28043320977212055,0.11103849137425911,9.667793726544284,299,0,0,0.1537,0,0.0107
-0.4992946929872476,-0.09169397098316485,9.555210155945748,-5.763477964298584,-2.337862610035515,-2.5155299826263215,-0.5057444103789583,-0.040834249600426455,9.452222745018684,300,0,0,0.1534,0,0.01
-0.14410246947027994,0.07089904160863819,9.551922682723374,2.926309290573575,-1.3070494496580487,-2.734327403998447,-0.16305158525380345,0.10397886381724988,9.497417759615404,301,0,0,0.1537,0,0.0108
-0.28311193232175147,0.25794903533300684,9.955193669001245,0.6366806113680087,1.921341628712983,-2.165928460681999,-0.278832185216864,0.24529827427574832,9.963927861465828,302,0,0,0.1537,0,0.0108
-0.13758452065891225,-0.384710331611746,9.930630311096923,-0.8741430078844319,4.525162563601253,3.8359547565835372,-0.10169090797427202,-0.3380095926282526,9.96641500332366,303,0,0,0.1537,0,0.0308
-0.4077717451424981,-0.2405964123994329,9.8654642346284,-7.195811873394537,5.586325970465263,1.3385962153483273,-0.385671594858183,-0.3221876979877457,9.833121303869598,304,0,0,0.1522,0,0.0108
0.11208396381119878,0.5525821065999301,9.82936433669305,-0.9198551296987054,1.6776148769398131,-3.732670564938502,0.057362766668669074,0.47980015624537553,9.891509096322952,305,0,0,0.1536,0,0.0105
0.0785271720170325,-0.05582986377804533,9.769790291567784,-0.7945588585213359,0.04222050631647174,7.789089837905074,-0.008473497160293358,-0.0729923130774771,9.77423729728834,306,0,0,0.1496,0,0.011
0.5446294681962234,0.5386989787330698,9.981227936831633,-2.988911856002436,3.489647259180833,-1.6032947391970553,0.49965280584702915,0.5023922895067862,10.09451735998605,307,0,0,0.1535,0,0.001
-0.7949455712667474,-0.18491095602135624,9.723123509780226,1.414936159220002,4.695863567263336,0.6871916120750541,-0.8354027419966694,-0.1759398364744792,9.707925162155915,308,0,0,0.1446,0,0.0003
0.48080631407759095,0.17359169691136497,9.81045296200828,-6.255582001487381,-1.0461268208398602,-2.032962540393876,0.5398338197408027,0.15382604921077497,9.76501393803011,309,0,0,0.1537,0,0.0003
-0.11578116335736896,0.2194276740634706,9.589182705593924,0.3922522465724275,-0.285276677825405,0.8468503489680481,-0.15115013699602767,0.19050645513975376,9.491786530126475,310,0,0,0.1537,0,0.0003
0.31772993733072785,-0.2789253638681169,9.663378829320319,-0.2072080191511419,0.4163768413940955,-2.7115825345008195,0.28901346555518387,-0.2553894810220844,9.581209843760876,311,0,0,0.1537,0,0.0001
-0.31508431388853725,-0.01922161592636394,9.99319623794322,0.18300524368553545,0.060846440010539675,1.5685816763099583,-0.31022001873343885,-0.06650069170242615,9.950986031741335,312,0,0,0.1537,0,0.0001
0.208273042157369,0.4747569471045343,9.146288101274706,1.5117488840109927,-2.3634524628648315,-2.2990890487999747,0.18283330054461408,0.4108049272640218,9.067189548844695,313,0,1,0.0732,0,0.0001
0.13330337003811474,-0.21419800301714323,9.975110748,0.7641318842556558,-3.665852982969645,1.9363464221069004,0.017507486082365395,-0.1862246730300548,9.970824582026603,314,0,0,0.1537,0,0.0001
-0.158685153099507,0.7976666116357399,9.367928765292703,1.3948164448231983,4.741766563550146,-4.321096649512969,-0.1267151924177605,0.8206204394580392,9.310809468220326,315,0,0,0.1023,0,0.0
-0.0010871960556570698,0.09778012947381455,10.062860153457606,-1.5115856531515632,1.5221134449139275,0.25062465417891255,0.05589698963797625,0.14176565570880437,10.124429519463863,316,0,0,0.1537,0,0.0
-0.03632111431779606,0.15672871652401835,9.806192656160539,0.2835933424208288,-4.095994350140552,-2.3651175569043392,0.06140895444435448,0.13437475948629832,9.852186588352195,317,0,0,0.1537,0,0.0002
0.43445583776590446,0.01332635530171487,9.982470332692548,3.9245539049310976,-2.6618425589620474,-0.43377607101880117,0.46397472298349873,0.0012541983240570466,9.951283980419594,318,0,0,0.1537,0,0.0002
-0.03497508790965414,0.5388724169297346,9.837186892516137,4.917009720733063,5.154186573966443,-0.8743253785013247,-0.11270892620309492,0.4931351728244137,9.787273400977986,319,0,0,0.1536,0,0.0002
0.3539478132588335,0.19343383251778776,9.784949308189017,2.0103864548982497,1.110242921081441,-1.9610349970034902,0.40387476026601765,0.12645015072889193,9.751525069471239,320,0,0,0.1537,0,0.0011
0.008041259882825991,-0.47892370726799294,9.886774821328295,2.2238568451955825,-2.974669190939893,2.756398384254587,-0.06157979780253482,-0.48527327414119936,10.005128880807968,321,0,0,0.1537,0,0.0004
-0.42951304294396553,-0.2842025031739383,9.899215025259473,3.929647944049564,1.4532956685058842,1.3294606231711188,-0.4204051335526142,-0.3349087230534029,9.919143050661258,322,0,0,0.1537,0,0.0004
-0.08767952343248529,-0.5238046322428833,9.691148012576516,2.213264832701662,-0.5218757400642546,1.9037702035634712,-0.0961701427985445,-0.5118548101877345,9.608164373878108,323,0,0,0.1537,0,0.0005
-0.28706643218824257,0.2369210517956688,9.944914465698693,-0.19425580375035317,3.071343802743719,2.4786427772074675,-0.2883564810210519,0.19120883550940265,9.955860062874814,324,0,0,0.1537,0,0.0004
0.06709148596945347,-0.3862392190329968,9.851793419609084,1.0873967628711905,1.0494937754793052,-2.4333893587876743,0.04393073678977781,-0.41208257093653894,9.805850949253905,325,0,0,0.1537,0,0.002
-0.43614970932564084,0.12607574182826664,10.014216324743643,-4.653311318382133,-3.5273090852419906,0.7768723450837763,-0.4072758696404372,0.15340740255338947,10.034738402081485,326,0,0,0.1537,0,0.0004
0.08793131723857543,0.48246701922968505,10.091073116297999,-1.0847951309933324,0.12415241226757828,0.2093674466428003,0.026150033288148036,0.4656987853259186,10.140318351433294,327,0,0,0.1537,0,0.0004
-0.15188890298327262,0.2534794336532363,9.885673426670467,-0.2968519825180773,-1.9875692644886072,-1.7730475518819513,-0.18622446837238796,0.283729301016702,9.83604223034304,328,0,0,0.1537,0,0.0004
0.6381147879062957,-0.2486578603062719,9.816009515795194,0.6825891814572596,1.7323098199112326,-0.9470185296496971,0.6723904972370277,-0.2752152827931233,9.822816906185782,329,0,0,0.1538,0,0.0004
-0.2880442951107864,-0.5124882209318988,10.048245274693855,1.5604556746449787,0.5251270535631231,0.4400744975433436,-0.24741688702636677,-0.48752852669358987,10.05775307503021,330,0,0,0.1537,0,0.0004
-0.3595220851299054,0.2777437492734607,9.89914052797411,-4.685620820754604,1.9050612018010538,2.383801596389492,-0.3168826059040707,0.28506549926335295,9.820185860051131,331,0,0,0.1537,0,0.0011
-0.07424931178002646,0.5668714824080515,9.967575100140005,-0.3062248539717003,-0.10543310499830649,2.385263892488825,-0.10908946414682763,0.5420510202970331,9.894898378220102,332,0,0,0.1536,0,0.0004
-0.6709583475358492,-0.38502029424898826,10.100636223260652,3.6782531953163917,-7.175260618521914,-0.22176481709490198,-0.6231368091373178,-0.3620266058053132,10.05482603166016,333,0,0,0.1536,0,0.0011
0.08613354174081726,0.34628170504070144,9.720683078919139,2.6156254411796667,1.1589564923502005,3.931543397698442,0.09404614962470581,0.31007037157201495,9.724315708332643,334,0,0,0.1537,0,0.0011
-0.48864872217554706,0.19426739318648284,9.645616757655423,0.1382058558427069,0.24613304434181088,-0.526174008257918,-0.46917319234301436,0.10732337562507102,9.707681084334919,335,0,0,0.1537,0,0.001
-0.21493302310887813,0.2721707041500739,9.809947004056186,5.142384092023947,-1.911556872886345,2.6002228325371903,-0.27396455973969763,0.30518786741534054,9.811059617795364,336,0,0,0.1537,0,0.0035
0.3432826404904613,-0.17971488023136117,9.755104629336142,-0.08628645639320046,-3.4812939721812435,-3.000567832300603,0.3822296377125747,-0.23019908960309038,9.806570689327753,337,0,0,0.1537,0,0.0027
0.271389156256163,-0.09918994246247186,9.776343035195382,-1.0857464652372202,0.4213847294013857,4.0824706290898565,0.18749799059155986,-0.12272547011831164,9.7038435950369,338,0,0,0.1537,0,0.0226
0.2700839304808968,-0.12697797366509006,9.981783582886175,0.744200297987796,-0.5227837415278945,-2.3371306842177386,0.288028701038473,-0.10581464350317188,9.953154255022575,339,0,0,0.1537,0,0.0121
0.16741516722803665,0.17960345118259796,10.109605476062518,-6.536689907449654,-5.242221828334842,0.9765666941998219,0.20251357231453626,0.17777364065821583,10.208493757061293,340,0,0,0.1521,0,0.0011
0.06315432975244689,-0.28917667719183865,9.656923392308745,-1.764926345955053,-1.1889288965281273,2.7451520352632124,0.06890280131297927,-0.30874987973309953,9.662868188796622,341,0,0,0.1537,0,0.0011
-0.3898424976687776,0.03296162452008234,9.84082149895504,-3.377074352505253,-1.6753430773263904,1.4359790361600853,-0.4207830771192197,0.1003947437363037,9.893970418272186,342,0,0,0.1537,0,0.0011
-0.2690826751090264,-0.20637532371605272,10.196023613358227,-4.879890519117544,-4.226405438176744,3.093073661704892,-0.22064653397447398,-0.2132439445336194,10.22359713557584,343,0,0,0.1527,0,0.001
-0.2973262892982709,0.12823253442894525,10.12573968459988,3.215631756796297,-0.9583605624333076,5.514139484516178,-0.2628141454667872,0.15472668701762346,10.100199896764817,344,0,0,0.1537,0,0.011
0.19201309002021008,-0.07641986025796496,9.738713503410992,-2.058223108957145,-2.9300798203941305,-0.4476584920367996,0.283719659983947,-0.14813532139372743,9.781124034628414,345,0,0,0.1537,0,0.011
-0.20512501773572148,-0.09444860618305194,9.759686277270479,1.468006086335078,4.898122622621969,2.961144967474526,-0.2721220754903427,-0.026490867319415218,9.742152337148012,346,0,0,0.1537,0,0.011
0.32450749831667713,-0.16661175225558197,9.828253009899775,0.363230788944025,0.33647481608445523,4.222221858298373,0.33834899239547994,-0.1443743339477576,9.843146020971126,347,0,0,0.1537,0,0.011
-0.17744398482778287,-0.09607799550239136,9.776695314438465,-3.3233924128067014,-0.7500340323421987,7.942299917196172,-0.1293501956824663,-0.05537776528906217,9.791625464098722,348,0,0,0.1484,0,0.011
0.03600765218569035,0.18340551916881126,9.681591396952772,-0.8774106354725599,1.612818611885852,-4.114720108268843,0.07390390017837933,0.3181085735826938,9.660721132055558,349,0,0,0.1537,0,0.011
0.4570327448408802,0.34022770975106265,9.926677124002039,-0.24101893806861469,-1.0954293735406098,5.747988955182797,0.4696943722765973,0.2668760658974167,9.917541808615265,350,0,0,0.1537,0,0.0111
0.2862203921800071,-0.016866942251979884,9.868278680103513,1.4175084905670767,-4.48370920041561,4.346465884969789,0.3531902987675349,-0.0780442607796018,9.861040007805151,351,0,0,0.1537,0,0.012
-0.011345351232465302,-0.5428038170433361,10.077755450123828,-5.871430953796585,-0.8969816709843208,-7.131710052864113,-0.038575597525743244,-0.5926290691041952,9.9994068036518,352,0,0,0.1528,0,0.0111
-0.1592687221244196,0.24638197016240693,9.49713916309228,4.297557813939662,5.04846915100369,3.169794614671092,-0.10642929836113851,0.2019208091447776,9.49778298270133,353,0,0,0.1537,0,0.0111
-0.2925257544320149,0.3967074488608958,9.87061658070966,6.261092572960569,-2.7363264379821595,0.9552857071507117,-0.3625605665735234,0.3708435786063838,9.802970889505316,354,0,0,0.1537,0,0.0119
0.1638536953076847,0.26488397703115846,9.75963870366493,-2.07050316448868,1.935861890095413,10.367653019810064,0.1772056170553196,0.33729680270051515,9.793718460265755,355,0,0,0.1516,0,0.0105
0.11146323993582351,-0.4634722479917716,9.997744942054673,1.271949829927186,-0.5082055216339039,1.0820406270947034,0.039607263590117014,-0.4300881908392397,10.057944305918541,356,0,0,0.1537,0,0.0105
-0.34533865474484055,-0.2779080301478467,9.99844921545773,1.509777223033512,0.6702348582211836,-4.512788182309324,-0.35423605193542285,-0.2445526728459267,9.963585923437016,357,0,0,0.1537,0,0.0113
0.25930746131398,0.456548162909493,10.042810077842608,2.9415224960710122,-3.7627136240037764,1.5198291361951926,0.2244799260146648,0.5964309764860676,10.070814850607562,358,0,0,0.1518,0,0.0111
0.2788595555588711,-0.378299350760596,9.775242072551396,-2.94150718758819,1.9560314024796734,-1.9409417036777705,0.2935697985425476,-0.3677471172230538,9.824471324515862,359,0,0,0.1537,0,0.0218
-0.7401808030940364,0.17599048272331808,9.914756592320062,0.6579628625186733,-6.57278492908214,-1.961029198691897,-0.7164667579357126,0.14952775674177618,9.919716080137132,360,0,0,0.15,0,0.022
0.07718210794394346,0.017543287685152502,9.854885681213984,-0.6540192944793628,0.16921541348360852,-4.48471650558459,0.13378743795457512,0.03256362020192099,9.849925216719619,361,0,0,0.1537,0,0.0218
0.37902666067805085,-0.10300428627172104,9.951099014121345,-2.7038741013044727,4.145751431569779,2.0450161483209475,0.3918201425909826,-0.11012617943370742,9.901905730079628,362,0,0,0.1537,0,0.0218
0.11602000876570413,0.19768903942924906,9.919274398840395,-3.273813038516505,0.982277603857746,1.2890162561335714,0.11511062439423878,0.20609746281380506,9.958967613216407,363,0,0,0.1537,0,0.0204
0.5796349739415482,-0.2147160164477433,9.441108880956866,0.9554080305587185,-1.2464645009766686,-1.8948751403147144,0.6845409336487726,-0.11141922485791264,9.464101870279073,364,0,0,0.1433,0,0.011
0.17010089684551316,-0.09080112820705798,9.254754984162073,1.9806844506602457,-0.7261098712622455,-2.232284135684922,0.10918288426487731,-0.09789605546976593,9.283329660069722,365,0,0,0.1285,0,0.0211
0.00916629944555892,-0.11107068979662604,9.73443571322611,-0.4435750068503638,2.901274012726705,7.150207779599002,-0.1063326756649146,-0.11504455172057317,9.70135357290878,366,0,0,0.1531,0,0.0305
-0.7146234969919747,-0.10617852158595964,10.037357851226265,0.6523337854157476,0.7884100626342998,-2.09157956208441,-0.7732399499331712,-0.15601400126626297,10.017663939243116,367,0,0,0.1462,0,0.031
-0.021997362708555176,0.34197174442551953,10.075714190093459,0.4694302088337842,-4.357238886303355,1.878731262947039,-0.023427287689804514,0.2992390103101524,10.083031795704544,368,0,0,0.1537,0,0.0317
0.05260364907752573,-0.03196071182125306,9.654473036364736,0.75012245612245,-3.4029238476328394,2.771598692979915,0.146448879888906,0.03862910966423746,9.64581181197272,369,0,0,0.1537,0,0.0218
0.030000795029753724,-0.0032719839799412974,9.529882958220174,1.7798393910796413,-0.4157073001617909,1.7589204974188388,0.02959869217626511,-0.0962788233281284,9.55160557620708,370,0,0,0.1537,0,0.0119
0.3647141677352851,-0.3308390265499793,9.97248425724013,1.4804724983938713,2.08784719880176,-4.461936344057912,0.3780003235004862,-0.3756898564972514,9.921118061000987,371,0,0,0.1537,0,0.0118
0.01998887554272732,-0.039303851323174314,9.233260529076025,2.2604782261930465,0.06961459693396979,-8.465134068669961,0.07354575485030032,-0.08123421019456403,9.254497643792998,372,0,0,0.1049,0,0.0118
0.4292935678286974,-0.26419191462746233,9.825288662737902,3.2176316446693214,-0.8581621960633901,3.7377513796454935,0.3319804464803141,-0.3012830145940841,9.871833608461714,373,0,0,0.1537,0,0.0218
0.013926904467105405,-0.6837276180905468,9.938636731812649,1.0571289885115416,2.851816583729061,3.7546297870333434,0.023975214324841815,-0.6967906209567861,9.848582462004469,374,0,0,0.1525,0,0.0218
-0.32388423545131295,0.19579539290105127,10.097333963733593,-0.7334707809704774,6.754671899896778,2.5622470579044045,-0.3481426580462136,0.23078711403145374,10.060887669753674,375,0,0,0.1537,0,0.0418
-0.03149115514900215,-0.43877913930935486,9.960757661789245,-3.860522332439766,0.2923215027514847,1.583858596032511,-0.02345620392313593,-0.3943463109725933,9.92470191523385,376,0,0,0.1537,0,0.0311
0.027902990326880105,0.03804990218589716,9.845215050601812,2.366631208430014,2.016223611157058,7.90162463181127,-0.05916302921636367,0.01155177697300953,9.72277547484694,377,0,0,0.1485,0,0.0211
0.38821473306662724,-0.09876413490495882,9.465013214244106,-4.992876154084903,2.0883175469903152,0.5027417405187864,0.3739174124063146,-0.1645399621055448,9.429303725493071,378,0,0,0.153,0,0.0002
0.41281480786102703,-0.126421009956182,10.154095316620188,-1.2460235455294135,-1.751803949659842,2.6731890493836445,0.4123803981920334,-0.05908898146938214,10.192821260217933,379,0,0,0.1533,0,0.0002
0.07595526883456438,0.18077765933220005,9.57935044326186,-8.105250040485627,-1.4520227634214362,-0.8377341856528373,0.04357677369125297,0.21512905098721777,9.555674582446654,380,0,0,0.1464,0,0.0045
0.3184858808244253,0.44383430525422074,9.810656512212232,2.3141127654984164,2.523204240308946,3.426328097310564,0.33830842072371986,0.47393095612178116,9.822145026542575,381,0,0,0.1537,0,0.0044
-0.26992929622652734,-0.3674541385687194,9.737563465021916,2.9514600965431947,-5.297769648825144,0.026056810538661906,-0.27478691382593046,-0.44907232138618125,9.746171085073412,382,0,0,0.1537,0,0.0157
-0.8011272763956885,-0.45792504938456446,9.540288052489563,1.663416423742175,-6.418878701235714,-0.30002468739373944,-0.8213241429506233,-0.48269464256281097,9.529481255122105,383,0,0,0.1496,0,0.0144
0.4896342156294162,-0.1482108253902578,9.971536937334138,2.928180031400629,2.1283468300401047,2.659083227421788,0.5853658710297661,-0.10604902150574477,9.97855287209532,384,0,0,0.1522,0,0.0244
0.25787246174806694,-0.019655611842248327,9.916261680628635,3.4605387690917553,2.129982163177854,-4.93468239319653,0.20921002911004793,-0.010991787140358584,9.896781204524025,385,0,0,0.1537,0,0.0144
-0.3560370414678039,0.8060152068082778,9.794933059388619,3.620956308007968,-0.49976480848963495,-2.4605016045278543,-0.3485613662123461,0.8622051474601249,9.666047947306412,386,0,0,0.1057,0,0.0244
-0.06826281650365068,-0.328942913608477,9.876401166904664,7.193498747365336,-5.125965109738993,-4.255336891007286,-0.03004006944060636,-0.28607379979443387,9.84115613414234,387,0,0,0.1524,0,0.0343
0.21312223432927532,-0.08459640785313964,10.152668686546416,-2.85631533801672,-3.2917919435634433,-3.6613719644461904,0.19507666910735846,-0.06617025221721662,10.159040102631161,388,0,0,0.1537,0,0.0418
-0.3067418732734843,0.4008704054029955,9.85974975708511,-0.37193326228111323,1.4239331546762704,3.343360260893882,-0.3337731570552054,0.4247128656410121,9.850049791507814,389,0,0,0.1537,0,0.0418
-0.09915927800947101,-0.05950242690877795,9.917674165869984,-1.2165636115648348,-4.349998762885752,-0.9004923668831368,-0.13579925890029254,-0.05090106179101427,9.92836535274972,390,0,0,0.1537,0,0.0306
0.18637289945690574,-0.5261634407377617,9.892117674207034,2.4042952670355557,0.0018610935363280433,3.8559463528195606,0.2753995247964005,-0.482010970626264,9.936127046136674,391,0,0,0.1537,0,0.0306
-0.21988661666155487,-0.07184635602467884,10.069158600669645,-2.017608769477465,-3.6430379836460935,-0.2894974006540625,-0.26838309836439533,-0.06442769212209401,10.123836632976444,392,0,0,0.1537,0,0.0418
-0.21150738207776676,0.4902876641782196,10.142587529306551,-4.526794189582294,-1.9889574482601158,1.2097016373391793,-0.21702134731493827,0.5993258181569401,10.167486470011587,393,0,0,0.1518,0,0.0306
0.18747549954537948,-0.048853395741944576,9.265786053628245,2.6048698496260716,4.511922897004654,-0.5324195359288775,0.1926451391255454,-0.0002977803731966516,9.266485279577186,394,0,0,0.1052,0,0.0306
0.17621048079170715,0.07398642598479985,9.795822343873164,1.2354545500920922,6.209995008845848,0.06985972765155304,0.18548720228138804,0.07660475462543186,9.889546112587055,395,0,0,0.1537,0,0.0343
0.2961152005179147,-0.2765559530140947,9.945630270551714,5.224493954340294,-4.405211636804162,1.129975172097114,0.3006875965102499,-0.25176535982029014,9.940332826583797,396,0,0,0.1537,0,0.0343
-0.27995785184910854,0.0826995792900811,9.762961392849697,1.390088799738234,-5.986243742354051,-5.0841028699566,-0.2700784826437186,0.13976696833925406,9.762293665318298,397,0,0,0.1537,0,0.0443
0.1779729553175261,-0.5052736431907635,9.740975174991148,1.4399698112852235,-1.7223681165798128,-4.855418677502945,0.15577123719084368,-0.42041942941775057,9.794735281518639,398,0,0,0.1537,0,0.0443
0.0591645832435516,-0.08111949572492158,9.693228209548217,2.6836714247358278,-0.7235896092557517,-5.94827239149316,0.01321208851127166,-0.07250590310624834,9.703244425067126,399,0,0,0.1537,0,0.0555
0.04231820784779466,-0.471662678014492,9.992267367163373,2.3411333751255263,-0.6277782170915659,-0.4347251427512436,-0.002539586161332888,-0.4939363966920461,10.104247281603776,400,0,0,0.1537,0,0.0555
0.40640969312022834,-0.3906498968171823,9.957703081231369,-0.3022249158859246,-4.116729611318601,3.3641161932055703,0.4009217752310118,-0.40589185794676885,9.999260318018228,401,0,0,0.1537,0,0.0655
0.18971026720698692,-0.32362560782361904,9.708091443207717,-2.2832910715529273,3.9222100680971543,1.7801131144980133,0.12583357128871592,-0.22665672405056142,9.649668907112007,402,0,0,0.1537,0,0.0543
-0.09533055497667015,-0.032803208286460495,9.608683335597231,1.1322790627788621,-0.3766940338781751,-2.411080402873233,-0.031156619341080674,0.08529831298828089,9.615273956405806,403,0,0,0.1537,0,0.0543
0.07112287721763139,-0.2922294808422504,10.091867341232309,4.082031597284482,3.5192767309474227,-0.7048812083568662,0.092446185948763,-0.2740979860745972,9.993784159943406,404,0,0,0.1537,0,0.0437
-0.2719728885857045,-0.19197863630129008,10.188271214895142,0.9282404564237784,-4.918056283236416,1.443337698593925,-0.24507304982235945,-0.2118039649139806,10.116577716929251,405,0,0,0.1537,0,0.041
-0.30575515001558273,0.35857804690809797,9.775741871501065,5.166220271389885,-0.7118956088725856,-2.5830822566743703,-0.2891735726577747,0.34783748404493664,9.846476549926257,406,0,0,0.1537,0,0.0509
0.14745466282624112,-0.4860724775212579,9.903007626890767,2.8749683063832037,0.031363175729162696,-2.009550927256609,0.17189511646457392,-0.5158414400038827,9.913944292228411,407,0,0,0.1537,0,0.0409
0.1231465990212019,0.11666390925916328,9.689852678398294,1.4556857686806377,-4.685111252209753,-0.026228572248405982,0.08510756019251886,0.18162237844543788,9.649499435640411,408,0,0,0.1537,0,0.0309
0.8773963657988115,-0.2110691299722307,9.894603944549969,-0.986860164243724,2.8853065004480123,-3.5077541859416703,0.8716803748463187,-0.21482293517116013,9.905857125803994,409,0,0,0.1744,0,0.0309
0.3292655122116104,-0.3816305083738608,10.148846843545119,0.03589269195683798,-1.8968243636525814,-1.1784132673491499,0.37972989984348904,-0.3463221875259489,10.17056277726164,410,0,0,0.1537,0,0.0401
-0.24228814073341573,0.42125756183744806,9.79442625650886,-2.3290211152279277,-0.33796859890030617,-2.4518095398389317,-0.18572386392152324,0.3743218149115725,9.906795128707062,411,0,0,0.1537,0,0.0201
0.3204418594323863,0.48904017435315306,10.031056925819154,3.0054347111171893,3.7530849666628567,3.4393140645155516,0.34418778161149277,0.5014953783992525,10.001791919321366,412,0,0,0.1537,0,0.0401
0.008274129290939916,0.094087714826125,9.980799652532191,0.6538302577856139,-0.6937195979106642,-1.0005933467204287,0.015217575236635767,0.05219490829762471,9.98975807116937,413,0,0,0.1537,0,0.031
-0.3981513472884736,-0.07310550597943581,9.81623019644382,1.2618548523557567,-0.8034690998109315,-1.0713225521695295,-0.5588027928067751,-0.051980299570037705,9.798166815077693,414,0,0,0.1537,0,0.031
-0.2840099701262839,0.05410506213040556,9.600861905907404,2.5396995561313696,-1.2273337502638832,6.488602280868136,-0.306018403516657,0.06621192727658823,9.681288496944898,415,0,0,0.1531,0,0.0509
0.24492207584477693,0.5182455725438656,9.93021693911836,0.026133228395076397,6.824274485741446,0.7085767388323823,0.23723139729821602,0.5118005918349622,9.908854533147979,416,0,0,0.1537,0,0.0401
0.03870171102150284,0.25767029913841166,9.765505763939458,-5.132290311625702,2.1240920817115985,-0.9545513039715967,0.07032610593462224,0.24497644550990152,9.80420077964861,417,0,0,0.1537,0,0.0301
-0.2665130298711287,0.21708501218340506,9.945225202815493,-0.0841106163618196,2.3524796195121125,-1.809095149600242,-0.2691884357581458,0.21882318810179852,9.983581894654606,418,0,0,0.1537,0,0.0201
0.3969850146035691,-0.32959747740987017,9.654971574746328,4.192518834440268,-1.3333120665392826,-0.9454307283419894,0.3882641048153499,-0.28137242873478907,9.640275887976125,419,0,0,0.1537,0,0.0201
-0.3055583879557854,0.15249214611407155,9.943487059263125,4.419818102258901,-1.289551396662966,2.273730262518629,-0.19018053593650264,0.23354994452193995,9.988368923690212,420,0,0,0.1537,0,0.0301
-0.34080904705578696,0.2181405814772425,9.872891617864571,3.18241277076324,-0.6028330442936418,5.954231469128855,-0.38755243185849153,0.2097933251662903,9.887499762811737,421,0,0,0.1537,0,0.0301
0.14238563743569776,-0.7198265154364326,9.848108394757046,-3.411336866318808,-0.8447322690906671,-0.9280508409674397,0.1510522626531875,-0.6787937430457331,9.838197831622802,422,0,0,0.1534,0,0.0338
-0.8333232121416573,-0.029379626086085655,9.535106350178106,2.3013827377597043,0.3742655785642586,3.9194604159284108,-0.8993894432842735,-0.014365713527853482,9.61737337667095,423,0,0,0.1225,0,0.0338
0.12864149315750412,-0.30424490033021373,9.792297356699184,-1.1558134634755381,-6.0414013915523554,-6.576144860369133,0.10719006945522128,-0.2898087848762951,9.789694315941485,424,0,0,0.1532,0,0.0338
-0.12991289787470048,0.44069519260146656,9.883905680321014,4.790550724260295,4.962242661030404,-1.3988407810165662,-0.08333074913081562,0.3747785211115616,9.92075822785454,425,0,0,0.1537,0,0.0338
0.12395464068258365,0.3546518099756813,9.93391989612168,1.5738851778327527,2.621123806643735,-3.465979709307854,0.17110326450242896,0.4798186408721503,9.93680816724581,426,0,0,0.1537,0,0.039
0.16617248226223613,-0.8319306283727463,9.755267061478689,2.4644641045105034,-0.8207176015893585,0.935695498080881,0.10715590431210059,-0.8423127090394622,9.727812189850278,427,0,0,0.1299,0,0.0247
0.1232436006210911,0.029953803783400314,9.946636973498599,-2.720813741593052,-3.096299613369995,3.632410167847124,0.0722556403574661,0.02940560772318902,9.876327437476217,428,0,0,0.1537,0,0.0338
-0.4493011074385185,0.24470747705655418,9.830402489349398,-3.8396959218774698,-4.074425028864219,5.384231563849408,-0.45719563100085525,0.14641924758138541,9.823250763383315,429,0,0,0.1537,0,0.0545
0.03548891512543023,0.2678668994296125,9.712672174776753,-1.8247804845316344,-2.3838500504722857,-2.270812716859813,0.0821392443210978,0.34226744052389246,9.67971604467617,430,0,0,0.1537,0,0.0347
0.021260978736637154,-0.15448419559568413,9.496769901633387,0.41913923611747866,-0.3106523051698049,2.752721604346472,-0.022626779742100048,-0.2287771124256382,9.522387748198025,431,0,0,0.1537,0,0.0147
0.002601289553126405,-0.2030802714410231,10.001797093271767,-2.5497944599169724,-0.8847978144045514,-1.0516002183291464,0.009090041033936862,-0.23510391918968765,10.065564363054289,432,0,0,0.1537,0,0.0344
0.23532924253884252,0.38221292174976945,9.852602098297007,-0.4773662058082757,1.3397036495182144,4.632966289817224,0.31546284594435947,0.4192272195065127,9.912083573497835,433,0,0,0.1537,0,0.0344
0.809027949150525,0.7172750813458031,9.817598885444733,0.6168661233165545,-0.08194752709184511,-5.215417321692665,0.9096015603894767,0.6591908758660902,9.775875925237942,434,0,0,0.1289,0,0.0456
0.005140115618054028,0.4528867461487107,9.754387801800956,3.3164349669127366,-1.8869377954856303,1.8029129015126109,-0.027265180617083374,0.3809044737258482,9.736876743223792,435,0,0,0.1537,0,0.0456
-0.0886506782715128,-0.047985093349858225,9.866407711800983,3.0369620157091077,2.806020957126753,1.1696959178271635,-0.13701564226444007,-0.04078026129202542,10.003075099396225,436,0,0,0.1537,0,0.0317
-0.2117770793553404,-0.29777170317134516,9.938020255941423,-2.7209546778738907,4.001879207886794,-2.162375798081407,-0.26602461812701594,-0.2998601012882577,9.944943125368505,437,0,0,0.1537,0,0.0353
-0.11411521261731315,-0.2086519818816552,9.64152990786914,-2.443312575861417,-5.546007061235075,0.05129194032361208,-0.06544297288243811,-0.2357424505820511,9.657339022034837,438,0,0,0.1537,0,0.0217
-0.05476881351750743,0.1033464601072747,9.94353946319171,3.968369088527389,-2.759511335363726,2.0688486080691044,0.0008516482409186149,0.0574475577072187,9.96884374155501,439,0,0,0.1537,0,0.0317
0.42021021194128727,-0.291729952157285,9.93101274843564,-6.152063255268039,5.147488705224822,-4.2715639446634075,0.39304541240730506,-0.32369705321576064,9.997363853509052,440,0,0,0.1537,0,0.0318
0.035732217586043696,0.4781556960188929,9.86826271398532,3.758111488184942,1.3407065181241964,-1.0707564216758472,0.010789709935486193,0.5456681104971993,9.871476143776404,441,0,0,0.1537,0,0.0309
-0.21860408884766616,0.23351510903230496,9.577100619647073,-5.4745765520892515,2.09353278787637,-0.4608999699643209,-0.17700682083602143,0.21817919146776057,9.558886337216425,442,0,0,0.1537,0,0.0409
-0.21125486480351682,-0.2723085657163782,9.611741302589458,3.398284915914573,2.097026179420391,1.4048701166433186,-0.22548169742657337,-0.23690084723294752,9.624412682265195,443,0,0,0.1537,0,0.0209
0.008910997117660826,-0.26231304230730973,9.815977890296775,-5.909087557741328,-2.278563308490837,-4.502768142020763,0.04503295643025239,-0.2390491604005811,9.868588393198177,444,0,0,0.1537,0,0.0218
0.7301396867748935,0.3567014131006265,9.9182918701126,1.5533321825531772,-2.639522076171802,-7.249095942477693,0.7256578824389771,0.4025425150865462,9.912879019806775,445,0,0,0.1545,0,0.0118
0.12504485709552224,0.293755319522905,9.9406662045955,-1.3905483912836916,0.9377976162909774,4.995059867505155,0.07067620757062851,0.282185848252537,9.943518886575445,446,0,0,0.1537,0,0.0118
-0.6149377229418206,-0.28304680711647967,9.715978060304506,1.35971214555332,-2.5118532833200877,1.5589215666713265,-0.6121456606052197,-0.27261464886572867,9.705524516199766,447,0,0,0.1538,0,0.0254
0.3851516976224645,0.005809354246730779,9.453909169365783,2.014394560479479,1.2793592356508139,-1.9928414330828628,0.4323031221391772,0.02342024078718439,9.480137751712258,448,0,0,0.1537,0,0.0121
-0.0589594816523499,-0.5377319860254355,9.878598454036645,-0.2951468595044513,-1.1501467836988293,2.269208698330599,-0.07627969317138035,-0.538542653587041,9.800438084269075,449,0,0,0.1537,0,0.0257
0.24393298130782612,0.17069724467902514,9.751339721165989,-1.6561783298118056,1.1603429402440089,-3.322387288164162,0.2848662625727077,0.1903387839119336,9.782831273754828,450,0,0,0.1537,0,0.0121
-0.07844736755295274,0.2584937813384958,9.856903793295285,-4.702445255275405,2.615148196912803,1.2956854746554938,-0.08767011176876517,0.24755601007077843,9.820300284820506,451,0,0,0.1537,0,0.0119
0.4079124681212936,0.25300804260306914,9.680709185910095,-3.1093865360595085,-1.6466043221364743,4.385666415638763,0.419823217159421,0.1905845181871521,9.67936829934259,452,0,0,0.1537,0,0.0119
0.18433907408925937,0.5478242805903498,9.710567070483831,-1.2907967083067988,1.6358695576087556,1.5682696746145057,0.10860378350496798,0.5228216066076907,9.689909248593228,453,0,0,0.1536,0,0.0047
0.04928226866771351,0.2659336981834142,9.859190991412563,-1.4472931734128278,4.67120211638033,4.3569978718371365,0.04516204227745007,0.2984232343752414,9.902164422152156,454,0,0,0.1537,0,0.001
-0.3283885705607015,0.21843757272414044,9.678099637150721,-5.57394617301129,0.12345460743876129,4.227081551916271,-0.3143482185916825,0.19102095628116353,9.699707922047299,455,0,0,0.1537,0,0.0003
0.4416049362483139,-0.5837885891652654,10.001163498621754,2.596261828146055,4.5903792378896835,-4.196651066248103,0.47729327619886275,-0.587417137020091,9.983621920646852,456,0,0,0.1537,0,0.0039
-0.39340658854451765,0.05546419863332882,10.061947639119504,3.2165357255233284,0.28660964401659295,2.5406019904042374,-0.4187626393919051,0.12853780778884102,10.047025897472162,457,0,0,0.1537,0,0.0039
0.2969506968921714,-0.9221804223530234,9.992099191532843,1.88230016666133,-0.9865391044931571,4.284784757769565,0.24679426439307406,-0.9118832970758102,9.930497462899035,458,0,0,0.0924,0,0.0039
-0.4105635557428399,-0.06109370929323845,9.455560359381577,-1.8982378997317881,3.3238736783952074,2.3214641364404867,-0.4136630561566515,-0.08605086808035153,9.426530888890351,459,0,0,0.153,0,0.0039
-0.9255552345909306,0.0928273767529449,10.02363913618619,1.6691601624887176,0.6401599158995706,-0.10400664877294091,-0.9800245497408737,0.23068048192114282,9.964185934108752,460,0,0,0.1229,0,0.0047
0.6080713560431634,-0.2523630628690529,9.875647258364047,0.5653114663174719,0.8132390982281448,-1.131818727865747,0.6083299075095934,-0.19679950743000438,9.915459093228453,461,0,0,0.1552,0,0.0147
-0.35278085862027986,0.24781539985820575,9.915503084143937,-2.6620773111724803,4.519058648097197,-0.10690091861994178,-0.2823285985070958,0.16531516562152393,9.869361330719864,462,0,0,0.1537,0,0.0047
-0.15578355277750247,-0.04877694137358334,9.849501553206272,-0.463051554755864,-0.09768875464050669,-2.734788279699994,-0.12214305086452099,-0.04726188282150924,9.798035619893856,463,0,0,0.1537,0,0.0047
0.10512495442305579,0.3140862633697608,9.71407118727583,0.027054437399118544,1.3946957822849555,0.4003893314050979,0.12200445738191147,0.2914780757557238,9.743806084461289,464,0,0,0.1537,0,0.0047
-0.21522990996313976,-0.19205155507884375,9.54145442777999,0.05019509417633679,7.01734184938068,3.8129549753885312,-0.13228947020936604,-0.1778225432807129,9.499166747980896,465,0,0,0.151,0,0.0047
-0.3008836766598111,-0.22948129408723672,10.272585645262316,-7.144923600214591,0.36655906356915147,0.030084390795014425,-0.3372722478552,-0.22842003585880882,10.221418028861704,466,0,0,0.1505,0,0.0012
-0.035271118770276555,0.1750204968273452,10.084382768521754,-1.499004355467464,-0.1371184710649958,4.274522390217746,0.006729735442025167,0.22921322457712578,10.069187346899872,467,0,0,0.1537,0,0.0012
-0.21527801017077589,-0.12386701967059982,9.839220622498766,-3.158169446450782,5.589651607602918,-4.674937149244316,-0.2589657641720412,-0.13963172896535797,9.849461226342354,468,0,0,0.1537,0,0.0012
-0.38783186789626756,-0.046432631125731226,10.079640459503793,1.9891195944485804,2.2869308469058294,-5.199711450070501,-0.3413952987690564,-0.06317729842761677,10.041665342227745,469,0,0,0.1537,0,0.0112
0.22022647887274896,-0.4610518813486092,9.73475657091808,-4.709678537474975,4.133615668786049,-4.501730868133807,0.21274705756332268,-0.46315399237856636,9.776024136513112,470,0,0,0.1537,0,0.0012
0.28647300885936616,0.052341670075271615,10.058918950519894,0.47571345993131586,3.782196429354457,4.390112794864788,0.2843794806145599,0.07736767579318654,10.070581994045622,471,0,0,0.1537,0,0.0012
-0.821870461944568,-0.10687642948994884,10.007631928584415,-3.687754709030119,-0.9694008766478612,-4.361033657089472,-0.8749698904548224,-0.20056501950328182,10.070220527390948,472,0,0,0.1576,0,0.0009
0.05391097759743737,0.6002229440043355,9.895332073158297,0.6732126817464941,-8.266571321536341,0.9931382654634358,-0.03402342458149601,0.570126349759287,9.864195577124125,473,0,0,0.1497,0,0.0012
-0.08818876287020011,0.09368762620302908,9.656673254342456,4.728548660879363,-0.7699173799959266,0.7521094096064496,-0.10530337857708116,0.08736533330419113,9.73063323797386,474,0,0,0.1537,0,0.0012
-0.044538039791364996,-0.2354168222448662,9.782145694279967,0.2637056568540678,1.8868473589438979,1.7666555787948761,-0.028285220043610452,-0.3555638714672569,9.80301672600356,475,0,0,0.1537,0,0.0009
-0.14104530826292452,-0.01633281855094712,9.318744287858003,0.4781802918565919,-1.6142675346153927,-0.7213499734855614,-0.13838992671776346,-0.017917738259030317,9.342248741542376,476,0,0,0.149,0,0.0007
-0.24620628084286295,0.035368015891504026,9.845237017616597,-0.258735490073513,6.214629818502218,-3.7281130042766177,-0.24713385099259397,0.0404401656030774,9.843252860985949,477,0,0,0.1537,0,0.0007
-0.2684075183779369,0.2915582690558349,10.087127403779267,-0.9166951275644288,-2.3679335928338574,-0.8556809460998953,-0.22200867641195174,0.3294100062898035,10.125513754687798,478,0,0,0.1537,0,0.0007
-0.6535813472799297,-0.37003467584640076,9.674528536202144,-2.589227517028586,-3.7553014235444038,-0.5797040066096941,-0.7213505982745451,-0.3486143435093881,9.70848835819195,479,0,0,0.1402,0,0.0008
0.14325503388585062,0.3189710009677748,9.923131795149539,4.403331054046913,2.264144829854856,2.279045334422956,0.07181158809931514,0.2792698910674515,9.963379918728398,480,0,0,0.1537,0,0.0007
0.5202837794238647,0.42355576878394513,9.85231503974201,-1.2992035459351463,0.9263722917824815,0.4834229724267144,0.5283754655385255,0.397710783800153,9.972633846774889,481,0,0,0.1537,0,0.0013
-0.26819904043692144,-0.259824810533571,10.181726652365727,4.085952945888686,-2.63746133166282,1.1424759940426732,-0.16980044726010474,-0.2303942078767721,10.16024799207204,482,0,0,0.1537,0,0.0014
-0.5618862587582634,0.1517123655447302,9.998446600073255,-1.4922865547014517,3.1844418511290646,8.229916800200083,-0.5552582564984448,0.08172677908731817,9.936533573275227,483,0,0,0.1471,0,0.0009
0.17124050021932202,-0.07551387247027173,9.979452399540058,-6.084887631242448,-4.403771958133889,0.02337648149614425,0.15050296378805622,-0.013346483958213258,10.017759111512197,484,0,0,0.1537,0,0.0007
0.1570225685364054,-0.45656483362188194,9.905849976474935,0.44431024242303063,0.0723935552289688,3.2457553656981855,0.1060008934403435,-0.47916429648813047,9.942893115696863,485,0,0,0.1537,0,0.0007
0.3053763485734594,0.36535674074143176,9.569639344493998,2.0724718064917966,3.9769986672259505,1.0393534624449563,0.3911377771846188,0.2820992022889149,9.54387815295736,486,0,0,0.1537,0,0.0007
0.12143117823553091,-0.1555886290065759,9.573514067931297,-0.3318226996734859,-6.052425398108497,-5.052640652534905,0.08921291445487944,-0.18528887908097422,9.624973848199796,487,0,0,0.1537,0,0.0
0.5162160246442785,-0.13306413216148674,9.740625064387965,-6.81409752083219,1.8901124203317148,2.7699484907401377,0.6071317932274685,-0.06489524500554154,9.717439232615051,488,0,0,0.1535,0,0.0
0.2787952453587875,-0.11679306599474736,10.00456313435069,1.7036658337937407,-1.7646089920970933,4.75812939163554,0.259388833124827,-0.062409591117324956,10.018269503575311,489,0,0,0.1537,0,0.0
-0.15612036741535876,-0.7162232403384027,9.923134784222485,-3.3688882188734945,-0.8655932004752943,-2.93276279910524,-0.16587219249275426,-0.7194863794844902,9.930460268001806,490,0,0,0.1525,0,0.0007
0.20557944665042702,-0.23271722524118585,9.830172611046699,1.155519150142566,0.229238865456183,-5.299345065880568,0.20874027995526867,-0.29361695617123273,9.843469770471572,491,0,0,0.1537,0,0.0007
0.12384737055953517,0.14874602205851936,9.825557360246847,-3.1774772589465377,-2.938601514161999,2.248503475560569,0.17723556425376766,0.1310917878438041,9.85299222724168,492,0,0,0.1537,0,0.0107
-0.4962847114232063,-0.022402408138804755,9.917758567076248,1.1957739371801717,-0.49596983448919574,5.415897744606812,-0.4924097529959468,-0.017854041003207602,10.017776696400704,493,0,0,0.1537,0,0.0007
0.22618413806905902,-0.3256826793482386,10.171868742455372,-3.1705643050006493,-3.6283027832372734,1.6791277560644855,0.17809846623698844,-0.36716720845783346,10.253247520137336,494,0,0,0.1527,0,0.0017
0.20067668069302955,-0.47977898906638305,9.869255712426398,0.7708380252407361,-0.6024781014652266,4.7626423282368116,0.11296830262043915,-0.5109339088220715,9.80016538673113,495,0,0,0.1537,0,0.0117
-0.6136988120008879,-0.03606866006837789,9.811910459841286,-4.8262761128215,7.623208009807174,0.7257007912068089,-0.5683936492695365,-0.07845966980277917,9.716741796943841,496,0,0,0.133,0,0.0007
-0.1087768781950627,0.27042964011290604,9.571469365034588,5.298027155800652,-2.2642790380744433,-4.344012601888936,-0.049614402757010595,0.2764641846454097,9.497474337612624,497,0,0,0.1537,0,0.0007
-0.07894236629088043,0.046727189086017785,9.735675829725809,-5.367399513921627,1.2308410617234369,4.339580067126592,-0.048990793611516995,0.016624766650652333,9.702938016097882,498,0,0,0.1537,0,0.0107
0.13759790430050647,0.0893491237517636,9.948425209000279,-1.41214481230117,-0.5555955631574654,-1.173554685209662,0.117862223712496,0.003753256813418815,9.901628140597007,499,0,0,0.1537,0,0.0007
0.47093662933250247,0.4981902647532152,9.992270813928835,4.1755985534495474,-3.814631736362397,-0.5472839446268647,0.9330689567715525,1.177845653367614,11.168873882076456,500,1,1,0.0,0,0.0208
-0.0075133613208454636,-0.12982304804668524,10.017013436535947,0.9100599936420778,1.017507008903042,2.515158876511763,-0.017650477179291416,-0.24836728905509217,12.155493542947395,501,1,1,0.0015,0,0.1308
-0.6274586530083859,-0.018611827785636085,9.870981959899808,2.5537501516799486,-0.32390481487457456,-1.441688299323184,-1.3209947752653552,-0.03044383176145069,11.113853077363267,502,1,1,0.0,0,0.32
0.737797897286205,0.9163211255191122,9.691582643532305,-2.452141335740543,-2.7380495460260716,0.35584417051349654,1.7490394038209691,1.858698839961012,11.256485350638648,503,1,1,0.0,0,0.23
0.11155795373616204,0.12845365670440004,10.290503118702322,2.6543221303846347,8.116237356355228,-3.715738480277305,0.14281078293817195,0.22096964026561158,10.58900230386727,504,1,1,0.0121,0,0.24
0.3947965368229594,0.41043312775675905,10.037255615446469,3.319856486192056,0.7456622533080342,2.521223194952003,0.7367938142065098,1.0089759782938885,12.047748982769974,505,1,1,0.0,0,0.2
-0.18971315393135188,0.25205055690793604,9.362999764958872,-0.7262415681483112,4.972102194472937,-4.421042477740746,-0.2158345390692843,0.5601211302485587,9.290349967869743,506,1,0,0.1401,0,0.21
0.3989633985470818,-0.3433797722382772,10.264749332415702,3.4060012462528206,8.061006617969298,2.381795506728292,0.5528834301907057,-0.6399732660903767,12.438354285424142,507,1,1,0.0008,0,0.08
-0.0032344862678572416,0.12535588840946846,10.069479295149186,4.131299805755838,-5.527468493459359,2.2779034708790706,-0.006496849801254245,0.24136042458083598,12.951725325705649,508,1,1,0.0015,0,0.1
-0.404477440450455,0.4272462743221034,9.594227289582035,1.9421151561834442,-4.95866181959574,-0.23048477346253413,-0.7141643571674666,0.8531764625553402,9.002218797163406,509,1,1,0.0023,0,0.11
0.5037023732038696,-0.48128759446212804,9.799638712062551,2.797304710623872,4.733149709859443,-14.82129434326014,1.1425685988832825,-0.7298808200995117,10.017267706632344,510,1,1,0.0448,0,0.12
0.1188250781768715,-0.1378117123194963,9.41968359458722,4.135424595945002,-0.45410271901573374,3.3625304136245884,0.2899919165694228,-0.13814636127534577,10.470690399346337,511,1,1,0.0027,0,0.12
-0.11998155658676678,0.6231190777281093,9.791068616614378,-1.0709870735218296,-10.606211703933749,-4.866449755920707,-0.1635911968412331,0.6706095243044867,11.024537032143105,512,1,1,0.0003,0,0.07
0.5099954187116319,-0.5393859697802119,9.941504264867357,1.273456975683718,2.7639086790224936,1.5811825360646532,0.5427844545735706,-0.6239547889723448,9.226067876650339,513,1,1,0.022,0,0.09
-0.723614495827454,0.09750699114875176,10.085331671062086,1.4439758971031118,-13.200709438946364,-2.724420547378072,-1.7467837793148968,0.10207723697122918,11.54471844790797,514,1,1,0.0,0,0.05
0.0569333589626314,0.18225775587857176,9.488565928623547,-3.023890299921746,4.433018194683776,-4.3315513818614635,0.09023713206633986,0.3144056259790776,11.28646012095929,515,1,1,0.0015,0,0.05
1.7329399292165617,0.3685800311731507,9.194933610299044,1.3932350077678741,0.5295077235362778,-5.248657476310013,1.770159213733641,0.717943957767088,9.329301245062442,516,1,1,0.4351,0,0.02
-0.3000629566239981,-0.9412591069312857,10.13741806358793,1.949262149693921,-4.207182941093041,5.638476230933959,-0.6794040067459098,-2.0788276244771873,11.284053936604149,517,1,1,0.0001,0,0.0
-0.23461861174597412,-0.22504002047604496,10.076018360814373,-6.7776020648952064,11.424133896572936,-4.01690250267749,-0.2515152828526524,-0.2362908029387663,12.570742642663376,518,1,1,0.0001,0,0.0
0.80424120953246,0.8336405695869206,10.276496747735592,1.25248158430848,-11.662916499232768,9.212891731011778,1.5620789063244593,1.535856207287822,10.625339037117321,519,1,1,0.0041,1,0.0
0.28203552902937534,-0.028605307332740824,9.325704787977044,-2.65471772061449,0.4231986016600326,4.83584735996139,0.32193414906154694,-0.03807999909364598,11.639026083990656,520,1,1,0.0015,1,0.0
0.13783555243511655,-0.28792255825465907,9.93979505486387,3.8599534375625573,-0.624201465463365,0.29833378425327034,0.25067191970256925,-0.5978229245478298,12.792341381064027,521,1,1,0.0015,1,0.0
-0.8007021356208499,0.4167245820331858,10.052564449131745,7.230078137366319,-12.444511135424765,6.2680047817161535,-1.4604096057123914,0.7849692320559786,13.055822361266692,522,1,1,0.0,1,0.0
-0.15787363019112635,-0.4071993578348434,10.104467089073477,6.486942184494423,-6.026433360698524,0.7594865527770279,-0.3222243696782175,-0.5514137945508079,11.452117216620312,523,1,1,0.0015,1,0.0
-0.1446235725649549,0.35202905438668186,10.169460195100232,2.123940387151711,-5.084951448858076,-11.515075341527181,-0.23936043244793648,0.4853810007508509,10.07636952393579,524,1,0,0.1496,1,0.0
0.5757146841227536,1.0631857553975483,10.034163615734363,3.2106065118861222,-2.1759305670578692,-14.399427895770103,0.8909245567773613,1.8868706069782741,10.493191648030832,525,1,1,0.0003,1,0.0
0.14503609514984347,-0.3511870216479418,9.603220701754525,3.1506344299893376,-2.1381084673684625,0.34701633884611305,0.3204911149572706,-0.6483872739593136,11.046536716028154,526,1,1,0.0015,1,0.0
-0.14784462568320833,0.10056314629436612,9.944208635649701,-0.9044471898789825,5.611201751438023,-0.5674616671696804,-0.35104099415550655,0.20158310243557898,12.385353060398621,527,1,1,0.0015,1,0.0
-0.3105710748505019,1.0193565422426432,9.977759173192245,-2.5537284078675992,-2.1486064256635453,-5.487675827753699,-0.5603300669187007,1.448839319725587,9.825706167596426,528,1,1,0.0439,1,0.0
0.14967409855037492,0.40987088920101333,9.72328871211613,1.1399765636052743,-6.011772391422116,12.085900957754577,0.3069947421521382,0.46136046985857104,11.950175047937446,529,1,1,0.0013,1,0.0
-0.7515534929525023,0.2641502192843762,10.010137431655805,-4.581390252121379,4.168928468180024,-0.07402839299875615,-1.6944480409309082,0.37601041769215626,11.567900147390288,530,1,1,0.0,1,0.0
-0.2300339453093001,-0.17224185993197896,9.676454538203988,-1.2583090373915389,-0.526690593256373,-3.978139445841488,-0.4352818010720327,-0.2548247871715223,8.710030095842527,531,1,1,0.0248,1,0.0
-0.33630997807082447,-0.0006229085366274568,9.717692961158061,8.940351525263283,5.99910162022576,-5.005925972242228,-0.6947832842332519,-0.0010756551262805023,11.524086697663293,532,1,1,0.0022,1,0.0
0.42079709568455903,-0.5616218062959905,10.323332396642344,-5.1416482423283325,-3.8410156834026763,1.715615323848434,0.6431757368786927,-0.6564202845429614,11.652108660996934,533,1,1,0.0036,1,0.0
0.7875661274446287,0.48007049769082727,9.66852213561275,-9.332026738065458,5.313485070245322,-3.3857342554378542,1.3499152323834755,0.993796708267357,10.550503649899104,534,1,1,0.0,1,0.0
-0.3136967447700325,0.44936359240658685,10.101011342514823,5.420471917463352,0.8736418395033363,-0.6193384348255343,-0.6008981815403164,0.6214853273054665,11.778623486302811,535,1,1,0.0015,1,0.0
-0.3073838144608684,-0.1834026133076259,9.672638254949447,2.2031806629027346,-3.411702631749816,-0.3324610329388872,-0.31751840595929043,-0.40867025629681913,10.042361092510477,536,1,0,0.1537,1,0.0
0.3844072988085063,0.07957569718915088,9.644591738298224,-6.689716907865083,-7.993424545783317,-2.9054269588800814,0.6382909302057654,0.15686806068324072,8.747059602351278,537,1,1,0.0196,1,0.0
1.257175541921489,0.09468053708397475,9.902588467113642,3.157792841776892,-5.441648584632318,-4.925536268627033,1.482843513630645,0.20126606069124592,10.363516116365037,538,1,1,0.0905,1,0.0
0.19311958283387481,-0.23050869599559415,9.993570827371592,2.540064417269463,-4.631998393276829,0.9493630183047824,0.3739911399009505,-0.4315131291273781,9.862850531037493,539,1,0,0.1537,1,0.0
0.1539171451224379,1.3516105733850867,9.973001450991573,4.405817171328122,2.290949885046676,2.10530381321778,0.19337702451960914,2.41711795271943,10.737646537888745,540,1,1,0.0002,1,0.0
0.3273372397625879,0.6742117781710518,9.805733445170583,-6.142694753560059,-1.0408890607216625,-3.6975591114534834,0.5231869621442466,1.5006225857002764,12.242093803251043,541,1,1,0.0,1,0.0
-0.02879478713688641,0.9847163098400288,9.518130881445922,0.7068826161531516,-4.15098062295343,-4.208926822076654,-0.04013286599285223,2.2404194141147853,10.045775137909025,542,1,1,0.0454,1,0.0
0.5761913613746463,0.4486271014850953,9.740888492384776,-1.6237877536713616,-1.7076703412130314,0.22359101622406427,0.6110690751673243,0.7579900915775504,11.513795524411234,543,1,1,0.0,1,0.0
-0.34062125383506675,0.06966087840099502,9.299498573705197,5.406188419849636,-2.111168141179118,1.1712745150839514,-0.5073323124871612,0.07216052971305537,9.491679172870635,544,1,0,0.1312,1,0.0
-0.2495401077922899,0.4995356603919246,10.06356756669301,0.30978634836963437,-2.0440841735311266,6.1570098057160365,-0.30182419694313806,1.0023427473340563,9.870111698231423,545,1,1,0.038,1,0.0
0.09417630215862645,-0.0137357432121266,9.46316209266795,0.2883472117167769,4.995397158309349,14.767833607838732,0.1527756271071229,-0.01540469954125135,11.817868590806189,546,1,1,0.0239,1,0.0
-0.3062898840728737,0.460321465982824,8.995439249612064,10.188575299009148,0.6588810107612442,-7.569579142116913,-0.3744455122430231,0.9459500877723163,10.244406500561396,547,1,1,0.011,1,0.0
-0.5544580052906176,-0.32857544518800574,9.775965889031438,7.138215038492715,-1.0752089097968798,-2.7301315474348566,-1.0013841497914084,-0.6823109061225306,10.880274790639632,548,1,1,0.0014,1,0.0
0.27170812948294903,-0.11621402944749647,9.355287328746032,-0.27480966640056304,5.434678149212804,3.6665839457901575,0.6117173022130168,-0.21714099176936333,12.15037897540737,549,1,1,0.0015,1,0.0
-0.03308637066245238,-0.4943796485376016,9.906728537905629,-2.604879995349758,-4.960773697857604,-1.867524745461433,-0.07297307688650785,-0.6685059317813932,10.978487938617839,550,1,1,0.0015,1,0.0
0.7812654822479531,-0.11826401806914108,10.117688756217238,0.6190627065698319,0.2695460097604847,7.123045986575233,1.1183397018843546,-0.1996087016802413,12.179927451968354,551,1,1,0.0018,1,0.0
0.21865850793879685,0.4220406635313619,9.597423824026054,5.540442432588516,1.735878763938921,-0.05231636441929348,0.4484148050337241,0.6966325209497495,10.659575893813175,552,1,1,0.0,1,0.0
0.37925756688477935,0.42452156003149394,9.783818640086075,-0.7249792660721477,2.314529353401781,-3.285871702111382,0.606221197263281,0.6002620092175067,12.5488882346294,553,1,1,0.0014,1,0.0
-1.1948680923444046,-0.541419287319113,10.33933766360601,5.54841932114626,-4.7653252512591155,-1.0285458224793111,-2.404503712847169,-0.7990251046122212,12.246242969002294,554,1,1,0.0004,1,0.0
-0.22275907551181928,0.00018263695785858159,9.39363838564822,0.6300416962085797,-1.61694400537962,3.879281408288378,-0.48987701661335464,0.00042718407228567934,11.706325363589682,555,1,1,0.0015,1,0.0
-0.12736646494869577,-0.10305117067894845,9.599127035407824,9.694888823120754,13.573771886245252,5.08841301115634,-0.2857055517301966,-0.23953968265213627,11.199724728661176,556,1,1,0.0,1,0.0
-0.10440365597092174,-0.15977473000483802,9.835194206001596,2.827892240993577,-1.860150271218908,2.5894827372442135,-0.1787546621703654,-0.2171102329621323,12.056368411768965,557,1,1,0.0015,1,0.0
-0.1678619693469345,-0.848303667183111,9.915320767836858,3.241651856366116,-1.3710998044506495,-6.241174332197181,-0.3786877961174271,-1.3796303792977367,12.768786678176124,558,1,1,0.0006,1,0.0
-0.4971804059172075,0.1887694763836254,9.386564059340952,7.702437179062443,-4.074808944288931,0.30442313329419024,-0.5941874031148666,0.23324179365576775,9.818209191186858,559,1,0,0.1399,1,0.0
0.4168972032448093,0.19608836991266396,9.397043038786451,-3.291070357226605,2.935252434447777,2.6249966622126992,0.6312809920761944,0.20170987822729958,12.102112313617326,560,1,1,0.0015,1,0.0
0.61530374569491,-0.6661866281977753,9.676230403617147,9.284811036257569,-1.0271494318999732,-1.9469578721474068,0.6183261661891287,-0.7299136277024593,9.703091841071949,561,1,0,0.1029,1,0.0
-0.7059277500581057,-0.624904625293004,9.79453244497045,-9.39536006956701,-1.4486925602470784,-0.9233536130439752,-1.3329136875426706,-0.9311746324038059,10.719560985648632,562,1,1,0.0,1,0.0
0.20395697898713283,-0.4641676545575255,9.588723196461803,-9.947097573090899,9.068557213779021,7.054908615707529,0.20709844366307167,-0.9469550915341517,9.179243225145193,563,1,1,0.0098,1,0.0
1.05001062963969,0.04527012597128731,10.110574010492428,3.536790011820683,-6.336895223753835,-1.4686315504199237,2.5544973670532545,0.058118883776318214,10.208179361588229,564,1,1,0.0684,1,0.0
-0.1274657466882053,-0.4710529999233977,9.751955729294805,0.16155008940247853,8.57184973259246,-2.360725040193279,-0.29921900254367867,-0.6159201997172823,9.483607099744908,565,1,0,0.1098,1,0.0
-0.04351839121387589,0.033879165805671525,9.619151634323767,3.0834818899032723,-6.1886151798892275,-3.609525279564951,-0.09493482772798043,0.07152875805303098,11.65741164740062,566,1,1,0.0015,1,0.0
0.2871765145234647,-0.6586224343954069,9.960062150814409,-2.121841743950077,-5.771509309612481,-9.6736189603367,0.40146610475316696,-1.0011823306771224,10.174992677246019,567,1,1,0.0515,1,0.0
0.044331479899750226,-0.3843379229060509,9.795394059818179,1.288501078759148,2.554590745733173,-3.2799139488575024,0.07936441892049394,-0.8439375480172282,10.916083125424201,568,1,1,0.0018,1,0.0
1.0739469226507787,-1.0919786278944064,9.645270144305819,-4.436512906803763,-1.5394872181310113,2.7751803533339894,2.5524437560291955,-1.519933642305044,12.367145775285156,569,1,1,0.0,1,0.0
0.2952266855551669,0.6734130904928857,10.109127596128095,5.199267623369606,-0.14006720241618448,-5.660542008947149,0.6592853137151409,0.9444484712712358,10.595479400126175,570,1,1,0.0,1,0.0
0.22309838770822343,0.640151039703651,9.712466401026733,-3.7283108378221073,-6.888657728786845,-4.9001499421302706,0.4531297088884193,1.332196816205843,9.45424340562812,571,1,1,0.0351,1,0.0
-0.48524027148409155,0.6621854764906364,9.694408232848804,-4.758087919869771,1.0504662043963091,-2.3472197495655642,-0.7038199980375506,1.3347040207455254,9.929950441739795,572,1,1,0.0364,1,0.0
0.07343512606347129,0.3220217857087422,9.649379336604152,6.662902062356213,0.4869988781474641,-2.8457386117519885,0.07798404380945735,0.7803121922262699,12.223586049609095,573,1,1,0.0,1,0.0
0.8111891621333307,0.27553719512392644,9.613824710399879,-2.704441675894371,-6.609597963127621,-4.7624491344475315,1.7748514163308933,0.4874753145439641,10.5017294271585,574,1,1,0.0001,1,0.0
-0.5029170401185472,0.10923456711369461,9.955046736041274,0.8961545848528569,2.155050355724571,-5.5830868658576325,-1.15371989496285,0.11175589641217151,12.415676093426796,575,1,1,0.0017,1,0.0
-0.19019442877669554,-0.5224218979549456,10.241109917679351,-0.5011483040719801,-0.3252457890612445,2.1990248866398567,-0.3523754716644522,-1.035593424509855,12.955501740446675,576,1,1,0.0003,1,0.0
0.2639813524869922,-0.18771782453861205,9.798461815204925,-3.3972618315494554,-3.9877540898784023,-4.337216886997777,0.3857584447355099,-0.3762982441169105,11.069660690346044,577,1,1,0.0015,1,0.0
0.264861473090687,-0.45531310299335215,9.590546461010266,6.479188690333314,-0.7305106835157592,4.572956453541526,0.5566099016808569,-0.8430588415318355,12.397258069170007,578,1,1,0.0015,1,0.0
0.2539899803865662,-0.14236391872590648,9.907497906184888,3.770286168775775,-1.545605173860115,5.556255364277999,0.45116217110882434,-0.14354040132190124,10.00309155096723,579,1,0,0.1537,1,0.0
0.4710082139144633,-0.10998633485881758,9.908167610299115,0.22192400248531877,-10.999754570328067,-0.2390486607709114,0.8928702499123098,-0.2704517621696539,12.843545421147562,580,1,1,0.0,1,0.0
-0.7819493315299155,-0.9080319300129137,9.65044141863882,-3.6515687066277014,1.0672626151718332,-8.090093163843315,-1.5063288666756345,-2.114826794815076,11.783525079922487,581,1,1,0.0,1,0.0
-0.46832237257514225,0.20744253708357172,9.799015382263438,-3.9117605948705556,4.848990648836593,4.9409809464245695,-0.5771078488102248,0.43611396199781866,11.201163753377848,582,1,1,0.0015,1,0.0
-0.0007033713235665926,-0.07698315477677178,9.710757327963025,0.10709408234951542,0.9965122754621948,0.6655850180830413,-0.0015679983308163141,-0.11009897164176406,12.317053101516683,583,1,1,0.0015,1,0.0
-0.3307818171907622,0.4836385879220999,9.489800027420992,-3.4416754918560017,0.08916447538036547,0.3696642294645106,-0.6010361853410239,0.6011593181042637,10.314630758049496,584,1,1,0.0743,1,0.0
0.21013907739991927,-0.12131873303681878,9.472592510848184,-4.98445665197072,7.368878387688418,-4.226086848330336,0.22214168010116472,-0.22031748455859063,9.831504428235858,585,1,0,0.1465,1,0.0
0.08664082395262217,-0.20212035571385298,10.18222638712714,4.940071648013108,-2.594144076866192,-8.297372930374948,0.10088721514503922,-0.40124844502698154,11.889877869169899,586,1,1,0.001,1,0.0
-0.01876292119960377,0.3395990997847966,9.673730814744316,5.3361130629214095,3.143728179388223,-0.07007490220783497,-0.03439761865050735,0.70874089561255,11.431813359308594,587,1,1,0.0,1,0.0
0.6479498424970423,0.012428855759806031,9.69861897880837,0.14200073555374249,0.07438538755933703,7.727812479850967,1.513521174876434,0.018602788005587543,9.056371435814377,588,1,1,0.0091,1,0.0
-0.02534137275762625,-0.6992541202780387,10.148531178676844,2.4327015293468826,1.3671687705007685,-3.8631388032788867,-0.053252024986377704,-1.05459493898263,12.682552715849303,589,1,1,0.0003,1,0.0
-0.36878131949792076,-0.4726756621358141,9.781467809923361,0.5097711047881709,-7.085115950360351,-0.7263968619599183,-0.4216988972406448,-0.6054317786589564,12.661378906214946,590,1,1,0.0015,1,0.0
0.5882771397733209,-0.2239824063888459,9.55169604832168,7.562449575199341,1.0633951588513875,3.154048156070051,1.022510530153981,-0.2432341594435757,9.581532298605454,591,1,1,0.0581,1,0.0
-0.40793505351463466,-0.24941048097106744,10.166031588583326,-1.672939652202829,3.2632339593474895,0.5610611857809734,-0.9377029297346668,-0.5759440011568429,11.146922449593008,592,1,1,0.0014,1,0.0
0.3335351548625928,0.4390120631510415,10.473163324128752,-2.1755977649776472,5.455421815100384,-8.467163373406905,0.57550502667785,0.6287607826067799,13.38274836717164,593,1,1,0.0012,1,0.0
0.1941773304883317,-0.4908138037999372,9.597206263361903,6.438984159065855,8.826752074836955,3.2370788980199294,0.4134926088272849,-1.0278025552067458,11.24980231888633,594,1,1,0.0,1,0.0
-0.40005178472043756,0.30312906018653274,9.982063083780055,3.865789453943398,0.28045860517788423,-0.7668906553550724,-0.47542313207720427,0.5397662469492629,10.86613793074195,595,1,1,0.0015,1,0.0
-0.11303934902566634,0.6512140949959729,9.844650066925803,2.00110612417113,6.1424525943697414,0.7866084785239342,-0.13708493978917774,1.4154624915038467,12.021252811872799,596,1,1,0.0,1,0.0
0.2477651528459717,0.18947471519449627,9.607659738125264,-4.5771263499202846,-8.680622489476471,-3.12097166383212,0.5866937636800373,0.4092798931873747,12.321686920662245,597,1,1,0.0001,1,0.0
-0.36448733435837005,0.4515421114252537,10.256929245651259,1.6609587651812623,7.876561144229001,-0.7334968605935617,-0.4246255667412235,0.9940263252926639,12.954145682363745,598,1,1,0.0011,1,0.0
-0.044835110249072434,0.46417129902225496,9.781509544646852,-1.1679902613396056,-6.051035817886153,-1.7223810582413732,-0.057345184859857824,0.7517966937319878,10.783576863948587,599,1,1,0.0,1,0.0
0.5988188348843444,-0.021133303573669666,9.446126893729115,13.08291044078965,-4.247721092663305,-0.5442346333652576,0.864832573170561,-0.03458564333961902,10.508702670899334,600,1,1,0.0014,1,0.0
0.3307965790185508,0.5944055609952202,10.301957011148946,-4.117910304242089,-7.458112329179919,1.575822385997236,0.4696689119524344,0.7363240007000599,13.340518756927663,601,1,1,0.0003,1,0.0
0.5720195180683405,1.2695405817311611,10.122411685769348,-3.1266825612552607,-1.5901320260316836,-6.274141542499676,1.3868898277587505,1.863891501586297,9.702177650222717,602,1,1,0.0217,1,0.0
0.02880830617428647,-0.399063836351852,9.594577556477585,-7.500912084878442,8.701876966696007,2.02063241323296,0.04097827704494698,-0.5650676618141198,10.921026769317663,603,1,1,0.001,1,0.0
-0.8971524047171117,-0.4539240697916727,10.004846392370702,6.211213470314049,3.957409828393649,-3.5655800279602583,-1.63214623207274,-0.9656248863101248,9.645388413587149,604,1,1,0.0256,1,0.0
0.1797713113645458,1.528874497235925,9.82149009955933,1.1593939357718475,8.290230351063517,6.125944769076408,0.27126702561209237,2.2043688882623305,11.149196144950983,605,1,1,0.0,1,0.0
-0.19974477288145867,1.4583568700231186,9.313354810655651,-2.0584712697445475,3.6067805849873835,-1.5457992343880038,-0.49604567510595504,3.1238018002290535,10.09426628936899,606,1,1,0.0369,1,0.0
-0.1412282641477054,-0.31063475405776214,9.390582279930548,6.835101410204446,11.918337550658663,1.5321869019578074,-0.2809607208352034,-0.5388911584779162,11.8711465145493,607,1,1,0.0,1,0.0
-0.2668177537960709,0.462632021844866,9.94366702951118,-3.0604105208435284,-6.436315896838693,-3.0034701555463443,-0.4231373368776244,0.907509738274236,11.834045454604777,608,1,1,0.0,1,0.0
0.5097806364980975,-0.5753825114174824,10.197903171514827,-1.591214508452583,-4.073857066714601,7.483095726340563,0.5961519978335476,-1.0834203457801057,9.984827372090736,609,1,1,0.0493,1,0.0
-0.7277744441289428,-0.1985510608423013,9.850774217056916,-0.2367706017180041,-5.791781778856789,-5.927160999265815,-1.614539797762322,-0.2975682760752764,12.568773079692253,610,1,1,0.0,1,0.0
-0.4797432982344759,-0.17753685925970633,9.841738798660927,-4.173616849561986,-3.3280262281465873,-4.593747807371141,-0.4994229740091566,-0.3090643831095157,10.966652511317582,611,1,1,0.0015,1,0.0
-0.3680938442198242,-0.04743517172975777,10.55390672121453,4.275935970319022,4.0835154314174,5.317919609716856,-0.5802883813505908,-0.069457834195474,10.625220251371056,612,1,1,0.0168,1,0.0
0.7667059498526978,-0.018260761350339095,9.64624930368451,-1.7679173728199737,0.7868775992154746,4.56301223624558,1.4889720499374266,-0.04142641595650905,9.54974902591449,613,1,1,0.072,1,0.0
0.21931142714783153,0.7093352782392194,10.189563586892936,4.009057190004675,6.397086831780097,-0.3140119579820604,0.24638019486470328,1.3259589061602717,10.917806058512548,614,1,1,0.0,1,0.0
0.2765233415861373,-0.3244916942800054,9.971786587574794,-5.9502034248631634,5.723861587521383,9.442319579117177,0.469017738446948,-0.382413085508787,9.338179622834165,615,1,0,0.1192,1,0.0
0.14981647295661998,-0.5185029915267844,9.513172782745572,-3.0631540047953774,5.033925741099411,2.2037848920489567,0.2495201347593793,-1.121149352636715,10.900176147796186,616,1,1,0.0003,1,0.0
0.6832975002899115,0.5226456030815999,9.584646418321006,5.331970964170298,7.608323748567769,-4.914350676522215,0.8278672539038109,0.9941842785732924,9.236028181029925,617,1,1,0.0087,1,0.0
0.23979632485894606,-0.5749385263502012,10.014803828533571,10.147233417666985,5.336148207375027,2.4247572023716635,0.24701562615766365,-0.9472337220698493,11.080189031335028,618,1,1,0.0,1,0.0
-0.19171591162958257,-0.34377137270863717,10.187432644393594,-1.4990720162482543,-5.317115276249201,-2.2096230876986795,-0.4768651624767978,-0.5401910351070079,10.422058715846893,619,1,1,0.0042,1,0.0
-0.23081329230896805,-0.4822353282434119,9.219189052181632,3.6338064314534653,6.205921281731374,-4.524877831900734,-0.35231906103476507,-1.0093691627373225,9.484067684225398,620,1,1,0.0306,1,0.0
-0.7345578678201704,-0.03736653699360643,9.984254233763053,4.757032780372204,7.024866727087594,-10.299945817825877,-0.738172022315858,-0.048384316952824545,9.847594880244012,621,1,0,0.1239,1,0.0
0.3870367119698631,0.1971099052065195,9.490243367764425,3.353236863078597,4.646215863057493,3.5323211439668545,0.8910624885444806,0.20583315457473925,11.430427286905418,622,1,1,0.0014,1,0.0
0.91390230237895,-0.2745533347758653,9.60033477929123,-6.990644013617139,-1.5885543707900684,2.2922145350629064,1.3460410068949031,-0.3774211283287519,11.081309637355785,623,1,1,0.0,1,0.0
-0.15781711763298673,-0.06889707147351747,9.957699306420583,-6.853324864946925,-2.621815068460535,4.919090941137857,-0.34721872730474695,-0.1324449141002849,9.968836776842448,624,1,0,0.1537,1,0.0
0.3041388321900959,-0.10227066460021916,9.854059916719676,-3.7431935563941754,-4.087779234775799,-6.939211941458611,0.35547611194489587,-0.2214277297252872,9.52655809364424,625,1,0,0.1532,1,0.0
0.52483486729802,-0.3305053838675994,9.801395335420034,-13.422937805998018,0.6738282278730792,3.19698903430056,0.6970792975569453,-0.7495706916323543,11.739220058853068,626,1,1,0.0,1,0.0
-0.16885679139857449,0.15416081124702508,9.88195800279436,4.065589953266221,4.661591442014,-1.9606173988616284,-0.18896102619351504,0.3369798493826351,12.658730183861929,627,1,1,0.0015,1,0.0
-0.10936657666247619,-0.31380544654764314,10.033625534423999,-4.4119341804920005,4.965417045726071,-4.599208166936905,-0.2169720649788245,-0.37786683443000485,12.864534390517784,628,1,1,0.0015,1,0.0
0.3517554511270249,-0.5856711786206139,10.031085408275887,4.124697881858037,4.802757378959751,6.546575772388165,0.8758421525191616,-0.8673734593559205,11.907225858925386,629,1,1,0.0013,1,0.0
0.1859484864204801,-0.30251730037695845,9.472340940662017,-7.524429187954144,-1.4044880729822697,4.805712228388898,0.2919798711710049,-0.3734803901948248,9.068126281568716,630,1,1,0.0254,1,0.0
-1.1279493133266842,-0.27336693131254397,10.123897045874044,5.436699437122315,-3.146471626167121,-1.2803506885068257,-2.6423028332547163,-0.4265162796391585,12.358799358250666,631,1,1,0.0005,1,0.0
-0.5192570444379924,-0.9405679024816958,9.216908793354875,7.184991643190882,9.269526386354563,0.7156675248576203,-0.5600452763973934,-1.6269937517932163,10.562089845138193,632,1,1,0.001,1,0.0
0.500194161956272,-0.29290294796494687,9.82039639049584,3.8014392585885037,-5.5937998826841,3.8927251680725017,0.7771452577966121,-0.44977277875800836,9.276904473563294,633,1,1,0.0191,1,0.0
0.1053492210156753,-0.3650729055679992,10.224672073283992,3.5200188425418544,-1.7328657337503561,4.83044075339345,0.13951051860416833,-0.6378911958927339,11.517607240628372,634,1,1,0.0015,1,0.0
-0.20414048463232773,0.511935692464877,10.063434122439206,0.616738574746444,1.1098562072221392,2.034190845938208,-0.5000750223909536,1.2569699279610804,9.363489264202775,635,1,1,0.0225,1,0.0
-0.09531863287434515,-0.7744777306623185,9.878272026510615,4.245977099567981,4.470408509259708,9.160582345473044,-0.09955990476446912,-1.6384776506830097,12.415794556627668,636,1,1,0.0004,1,0.0
-0.07983282449865008,0.4146813561088625,9.799192113145343,1.3546670863776025,2.904975667521676,-0.44504174254173734,-0.1577194494081155,0.9918723508633173,10.40887671352741,637,1,1,0.0005,1,0.0
0.7346220172868468,0.46394929644238275,10.015801942573173,2.0268323870705798,2.9566931234814744,1.7864068500522365,1.1801204511100607,0.8353632198140889,11.712831872283422,638,1,1,0.0,1,0.0
0.48708856487688473,-0.3335230708585606,9.585351204215224,-4.665764252068419,-10.715108689642324,-0.24088627937290108,0.7350705626913789,-0.645072636725479,9.183533752936942,639,1,1,0.0088,1,0.0
-0.23252632486970579,-0.33859174126266794,9.379508986013299,2.4493623834408456,-2.9517911630141724,2.4099144453124883,-0.2830048734828996,-0.6788655726952214,9.053100623029174,640,1,1,0.0144,1,0.0
-0.009511454291306318,-0.12381357265929542,9.484514023106817,0.38158251967776313,-3.1710242922384086,-2.9661496841109676,-0.02016877328284706,-0.2724128727003102,12.224899811576792,641,1,1,0.0015,1,0.0
0.22287995039215439,0.5207860464238353,9.713634442845464,2.0480737765383137,0.6230200159448672,-7.705170320971471,0.5317163001675727,0.9230872401644149,11.689727790715963,642,1,1,0.0,1,0.0
-0.6255991971544088,-0.5757520178909318,9.41779787960601,3.424641243689463,6.802446678128627,3.423907088156055,-1.1441429557947833,-0.8821210605474463,11.954896402075857,643,1,1,0.0,1,0.0
0.26697946392989447,-0.163201244135193,9.742276140025854,-9.531712269431644,3.8881563972854223,0.5318879423969277,0.44996819000563415,-0.1738580810203999,12.334849111746607,644,1,1,0.002,1,0.0
0.42520279112741144,0.7855500128158258,10.290821443357496,-1.101875654503297,0.7523908642522008,-1.2054266896428558,0.9089730332978677,0.7997780805205351,11.205302324653248,645,1,1,0.0032,1,0.0
0.5739006403829064,-0.5444936122528354,10.178609759955993,-1.677844369050003,-2.7129313736702527,1.0209804232087059,1.1882302827589588,-0.732352425392831,11.138056163329548,646,1,1,0.0002,1,0.0
-0.11416678644083705,1.0627546624256932,10.261408394917261,-1.3342701465837825,-8.459751820100172,-11.300974419936784,-0.2515962360299551,1.9303622290509774,13.036670031403517,647,1,1,0.001,1,0.0
-0.48078232980889946,0.067641191635694,9.159021850610664,-4.955310083813494,3.4270687853208543,5.086481133617918,-1.117101501312575,0.08393359987800579,8.987210070995653,648,1,1,0.0182,1,0.0
0.020748924212329024,-0.11891201068293704,9.67181481614965,4.3226861762887125,2.6758204184932173,-3.5241851371339292,0.04047129982654978,-0.15721935155750977,9.613684388675118,649,1,0,0.1537,1,0.0
0.8192637471739423,-0.8375689895994908,9.785550199753184,-1.5030714336349638,-2.2291392781276915,-7.629585569143048,1.1342344417617947,-1.610980174471328,11.571490640017624,650,1,1,0.0,1,0.0
-0.0514584766082173,0.19255330466083806,9.908109992120522,1.996654556221018,2.810445356997255,-4.310857438643828,-0.09878153007983016,0.3784425881112804,9.98735978364246,651,1,0,0.1537,1,0.0
0.28959800625495474,-0.8708008700064721,9.827324401739833,1.8667369856484544,8.638821718343824,0.33484586457265264,0.5665877020261406,-1.5410167826970764,9.36496305866629,652,1,1,0.0194,1,0.0
0.2547980560081976,0.3156986192010655,10.421191771425699,0.5563342429001737,-1.9357467199161873,0.9185278721387369,0.3068644803661647,0.7224911240240931,13.111421440141783,653,1,1,0.0006,1,0.0
-0.05932428931815616,-0.27612352761049863,10.146620789199067,2.0718115377144417,7.029716867011533,6.95013041455881,-0.1332748332557418,-0.3575516828918424,9.660372533598206,654,1,0,0.1498,1,0.0
-0.15121721681129557,-0.6234356941273262,9.32888425201096,5.6095520693297125,4.4610526298456135,0.20612435983403354,-0.25163161307060766,-0.8473055095729172,9.821676632147595,655,1,1,0.0855,1,0.0
0.9246744276295963,0.3910660317047666,9.585981986132936,-2.5656846210359596,-5.320104964136566,-4.379448260769163,1.7142383671929209,0.6816655583932079,8.873555035169757,656,1,1,0.0086,1,0.0
-0.18483053211755984,0.5933454051569584,9.792437757602794,11.102892904256754,5.347975651803299,-3.636838211879671,-0.2639757302467196,1.0889273913839828,9.067218151028754,657,1,1,0.0018,1,0.0
-0.14739849868193472,-0.34788256962883934,9.563999317764758,2.073115429343256,6.9380319560580865,8.216242820869008,-0.30898036092933084,-0.8417373226424496,10.131635591411452,658,1,1,0.0775,1,0.0
0.19041967085114705,-0.7654469086604724,9.406697613304079,-0.7166271022123959,-2.536882260276396,3.354662281172545,0.4431958042197017,-1.260807950598541,9.898359415999078,659,1,1,0.0493,1,0.0
0.37137401698002326,0.11521280561341833,9.891721501744206,-1.4429243604624873,-3.741240540403697,-7.685826214423271,0.4621651201982358,0.1576945603211924,11.85732120315501,660,1,1,0.001,1,0.0
-0.08497509507301677,0.33911089320686905,8.991974613213042,-3.3915538698084906,-5.98678021208068,-0.043736224259438225,-0.12879666730203082,0.7752086217478243,8.256746636248865,661,1,1,0.0255,1,0.0
0.044511704117439335,-0.4835937912246135,9.785590419731163,-0.5182336158121738,2.4240476992502513,-3.1176567880142003,0.09808350165971548,-0.7699052739458297,10.386813106786374,662,1,1,0.0067,1,0.0
-0.49360291217927166,0.6899998901255017,9.87978849124666,1.3651783331126153,-0.2733889094196672,-3.4308000952132782,-0.5929875534856404,1.5700226918589393,12.41095736574463,663,1,1,0.0,1,0.0
-0.3535471195681012,-0.5830368693560986,10.234488299499002,2.5405432528295444,-2.665312562002642,2.4402200669544727,-0.6444396540190777,-1.0972962162694548,11.106100176839703,664,1,1,0.0008,1,0.0
-0.47002269316000095,-0.474320468908087,10.149165402780234,-2.0546161940282666,-0.038580676611834445,3.584652870488449,-0.835896564203271,-0.6592020994771939,9.201377944722196,665,1,1,0.0045,1,0.0
0.17590409865319928,0.08281085567473771,9.60636606795242,2.918273193393075,3.8168450968995367,0.03846014744172795,0.3525386265205262,0.12469333347151437,11.05232002160911,666,1,1,0.0015,1,0.0
-1.0599335579462452,0.5205836196748798,10.36002051758586,0.3031563907176487,-7.444545466612253,-0.7058697680170132,-1.6074893090598417,0.8377286513511225,9.535816003591147,667,1,1,0.0413,1,0.0
-0.1795739759444906,0.13325477080723383,9.996583855266891,-2.1359472253178153,-3.808840968639422,4.796994863369186,-0.28742507083610513,0.3022848130854637,9.841091063704145,668,1,0,0.1537,1,0.0
0.4068668037249382,0.03303437124937318,9.709052729244746,0.6354380660350063,7.070459467796988,-3.8245824726325472,0.5465466550960367,0.0444177702189895,12.495087453920451,669,1,1,0.0027,1,0.0
-0.4940493016461858,-0.25085804139373075,9.478311987353118,4.498612379961353,4.087032462941101,-2.8717873797274103,-0.6781121593285716,-0.39471942816290007,9.584005494737983,670,1,0,0.1507,1,0.0
-0.30278430527382066,0.03377932550483718,10.076429812458999,9.116535941220409,2.6699081791691848,-8.132927957294543,-0.43542045506602295,0.04108154545615888,11.88061832813965,671,1,1,0.001,1,0.0
-1.2067774794212867,-0.25654909101588275,9.626198499822518,0.6232202974197721,1.0437749429642584,4.760409559732498,-1.2578935087863368,-0.5169820601068884,9.437586139933774,672,1,1,0.1321,1,0.0
-0.28428292479781797,-0.5945861432862788,10.031678787833771,10.19824798647927,-9.041376782495666,-5.6795667511960914,-0.544037048464334,-1.2582343180349747,11.938637947718153,673,1,1,0.0002,1,0.0
0.020780391151673332,-1.0103803748837537,10.362499679616494,-3.4439705199922557,-2.2304277007558007,-1.4585393592805094,0.05129875649844605,-2.1279573245327446,10.099854541539212,674,1,1,0.0315,1,0.0
-0.6182775863118782,-0.518095271925409,9.988046350889245,3.128667888713532,2.705964704315514,14.49879509850625,-0.6695285040709322,-1.1039645877915665,10.972103072604202,675,1,1,0.0046,1,0.0
0.028273761650753675,-0.35277148827238364,9.769733149893804,-1.6597790417785732,7.833212902804587,1.5633642945524056,0.053110316489399546,-0.7903803466540551,10.66792456574426,676,1,1,0.0028,1,0.0
-0.3738307255024717,0.2562831301029199,10.10422407453158,0.2195086773889633,0.012883362766260115,-6.686835410491153,-0.740360577327021,0.6162359628076605,11.141949769004839,677,1,1,0.0017,1,0.0
0.26476848395694447,-0.006609937417326632,13.469739339317975,4.392208214522219,7.222102815482999,-7.0106938776573084,0.5444123827984256,-0.006725435071456686,15.583166444868958,678,1,1,0.0008,1,0.0
-1.0537604107222522,0.33737173411993776,14.479242248082969,-2.5977913086209767,-4.097131168066545,-8.06260928589403,-2.2400827555708775,0.48529161124065523,14.18841614051789,679,1,1,0.0013,1,0.0
-1.4925622752499137,-0.27176071216998576,14.72499190533161,-25.306013536486898,-15.645056778494686,2.7367491233357684,-3.7137281990122633,-0.4491031086276548,13.562853124283366,680,1,1,0.0007,1,0.0
0.6655811321008394,-0.2767039851163946,13.7260061219967,-6.860461634682942,-1.6793268870601268,-3.760343743671823,1.4946297117570684,-0.28065075931574734,16.89462805814505,681,1,1,0.0005,1,0.0
0.34028820811174065,-0.3663947022484282,15.037737014898537,-10.614635089310632,-3.773911068170305,3.9445105630816264,0.5914661887786177,-0.791961067494675,16.07473905921076,682,1,1,0.0001,1,0.0
0.07167715039004538,-0.06161345501437857,13.149092716921123,-4.640622976413328,-4.729279709626463,-0.6089940518618215,0.09874170406641604,-0.08829666914324212,13.327927636086196,683,1,1,0.0019,1,0.0
0.0798201730337833,0.3610450322881315,15.057663345541506,4.671801762815613,12.600451584361444,8.291204863516583,0.13796611452691676,0.47147950022943946,16.275697612349077,684,1,1,0.0002,1,0.0
-0.636801666640607,-0.504113094056353,14.725571244313088,-6.600342785640231,15.40064737378512,2.0488303723578505,-0.6640893146929833,-0.7299273153200059,18.972288413428,685,1,1,0.0029,1,0.0
0.2429705395803629,0.18803346659491188,15.642465437000517,23.04537566347262,13.83165970100195,5.266177459478745,0.5654904339839835,0.4181538951608669,17.63244997868177,686,1,1,0.0002,1,0.0
1.4325945258525268,-0.9587793856788741,13.966666610061433,9.68585525803569,2.0077469785875106,-6.451275536108126,3.024152605809205,-1.5117489639057113,16.953606420205777,687,1,1,0.0,1,0.0
-1.0809946250298836,-0.5423129732366901,13.19825181723875,-16.998005317180635,4.739611754246547,-7.160081817734506,-1.9502885852897305,-1.2742130989528522,13.570282998417676,688,1,1,0.0004,1,0.0
-0.7212396868036736,-0.03753790826334439,9.744783107241547,5.852728911277437,-3.524707772451758,3.657380197918058,-1.0644533186935872,-0.05047341016222916,8.979895571524002,689,1,1,0.0064,1,0.0
-0.3611650270620086,-0.14135754659916033,10.2329645009917,-1.0389125910488393,0.9508888067510589,-0.9466997086194016,-0.3661716020762036,-0.2670172384682513,11.827587059660424,690,1,1,0.0033,1,0.0
0.392904395535642,0.5856623082175495,9.370111777567466,-0.31317249920430623,6.663845164939236,-0.3532350816846744,0.8978357616165089,0.8605979185268716,12.113840653618057,691,1,1,0.0,1,0.0
0.1287168898915719,0.8006452334450818,9.710815924948568,-0.9360449134294386,-3.3804346218450125,-4.663696334216752,0.31753484981390157,1.8453925277515504,12.204383509248037,692,1,1,0.0,1,0.0
0.4210681912105901,-0.6398349323550285,9.803001523430586,-2.682313855578509,-2.9177851032716924,-1.9244116475683968,0.8872813887490129,-1.4057814929616137,11.325066874606422,693,1,1,0.0,1,0.0
-0.1329966679669824,0.24526836435123867,9.800667012788653,-5.922116025901122,-1.2709711787613438,-3.71994922145862,-0.21222668524784977,0.42235792783974385,12.142069674990509,694,1,1,0.0015,1,0.0
0.36957957093811766,0.5073280229703184,10.153238913984364,4.935712064780264,5.881248045123336,-0.5544426346171096,0.8316398384467344,0.6606727169102338,10.4308493362301,695,1,1,0.0014,1,0.0
-0.08572345728261213,0.5282743935295835,9.892413097088708,-4.6277528567791535,0.47251402116905034,-0.979222192314988,-0.1633037829547123,1.3179993235445844,10.825546538332214,696,1,1,0.0,1,0.0
0.7779666281040788,0.2576071352460872,9.846280187743375,2.4323160134604205,-4.635115332721979,0.031725931187915314,1.78923368189071,0.6100116505049292,11.955517796992632,697,1,1,0.0,1,0.0
0.35066272805853577,-0.6936316748864435,10.010965757467813,-3.328670455817963,2.5805325038337843,-2.9014621992792766,0.7134116170070228,-1.2236545464199833,10.60919538495468,698,1,1,0.0003,1,0.0
0.3947338226833744,0.5882508920636083,9.671377188548467,-2.9133905063534513,-5.0426535506802095,5.543974416122137,0.8913109726835841,1.465907334856834,9.954128088433524,699,1,1,0.0175,1,0.0
-0.04268208502267904,0.2415209707024658,10.196988533941699,-1.7122546669605363,-4.016985751388863,1.006474902905544,-0.07644724446576373,0.16613318205094307,10.203112208281595,700,0,0,0.1526,1,0.0
0.186861266088986,-0.26395011109625044,9.638115032306228,-0.8838750845378722,-1.246711993032514,-3.3312363894124055,0.22376858539586403,-0.2718830008516274,9.52505638475386,701,0,0,0.1537,1,0.0
0.20699570234415285,-0.6128072265283765,9.799637608990786,0.6802741047001307,-7.621551068251005,0.281905396549045,0.1755811297154825,-0.6524054283752083,9.810438175953818,702,0,0,0.1482,1,0.0
0.43575612864365537,-0.31364640962289586,9.985889604441404,0.7362315827898571,-0.6892844921360706,2.5705694864202027,0.46089381165661314,-0.3441840219848081,9.984356586540052,703,0,0,0.1537,1,0.0
-0.11820286071671211,-0.21867039519145584,9.769997443378267,-1.3859681622551168,1.8404279025564991,-0.16749620367995782,-0.0879189986296786,-0.176565348017311,9.803449534226035,704,0,0,0.1537,1,0.0
0.3373288699888019,-0.0881690254795159,9.536659213137405,3.3799648560602753,3.3628027789838204,-1.5789148706147973,0.30894126414360024,-0.0648648735779655,9.521866606325915,705,0,0,0.1537,1,0.0
-0.6823658626629864,0.23744556800521383,9.881533751810947,-2.9778969961827975,-2.7755831011124448,-3.1639098403253314,-0.6589771303635029,0.21442182306282626,9.854036403286356,706,0,0,0.1536,1,0.0
0.41363907647639053,0.43898734191310534,10.028905607339107,1.639965905007844,-1.787081102985338,-3.0775471201726043,0.4538365646991651,0.42023687374276786,10.028974184744712,707,0,0,0.1537,1,0.0
-0.34224987442762755,0.07151714395353603,9.652197325277013,0.6743775201091111,1.808200588491927,0.44314939400009373,-0.32820440106973575,0.1661496612896191,9.669337998153749,708,0,0,0.1537,1,0.0
0.3507781027113482,-0.08439300258845245,9.87474785052787,4.060087436302718,0.9260943691754909,-5.3806789725475825,0.46558265128670395,-0.02357492071675618,9.868222976712614,709,0,0,0.1537,1,0.0
-0.1404717709253182,-0.47732086610033014,9.377395252830448,2.025718991562912,-4.588747794417811,-0.5496493581225474,-0.15608383355003824,-0.42573411228069097,9.323362368575424,710,0,0,0.1425,1,0.0
0.49428927357990843,0.313836132765878,9.842694614350613,0.5344476312878745,1.4911323513199222,-1.3048866904048557,0.5803991904201931,0.3100236707188782,9.897366635275985,711,0,0,0.1522,1,0.0
-0.014494574047509434,0.3435976656059843,10.065549657318762,-2.9546940546184124,-1.6210229041347546,-5.814646350845054,0.028068736216435467,0.4012953291158531,10.081747951752284,712,0,0,0.1537,1,0.0
0.6217802852200393,-0.19982674822337176,9.958412802998328,0.9595414099661663,-5.865030351106521,-1.743892960754906,0.6337255058049934,-0.25386573678986163,9.990880549434763,713,0,0,0.1552,1,0.0
-0.1390355122496278,0.5463716763629785,9.867538964624082,-9.356304657636496,-2.404315971375351,-0.5174310987756405,-0.1535577592064974,0.5459413307335881,9.85041637067776,714,0,0,0.1457,1,0.0
-0.4455855787245877,-0.3219984775488418,9.995792041072434,-5.243186231067963,-1.7523955603371268,0.7456514386492777,-0.533116499833164,-0.2581036008989833,9.992437465046008,715,0,0,0.1537,1,0.0
-0.35974871251247914,-0.12520386021557364,10.201885651181067,2.2979607543355427,2.080617414422399,-2.2734320056257236,-0.3645411072394039,-0.08018377219137895,10.170791830389431,716,0,0,0.1537,1,0.0
-0.04769936819686214,0.21523948190820757,9.596901248865363,4.140546933211709,-3.5078220174136563,-1.752832558242225,-0.054194147893208366,0.2465667805359449,9.617093735527156,717,0,0,0.1537,1,0.0
0.28007459621654407,0.0011271572739695091,9.775160430110413,4.843752357814073,-1.1010077423143034,6.328786392441302,0.2722656163971861,-0.11666260244919142,9.821710428501806,718,0,0,0.1531,1,0.0
0.09808842481564603,0.3331877233070185,9.776239137695184,-9.402432102116908,0.974445766126255,-0.2507312127755043,0.12958684193647768,0.33916317603846147,9.693440383321496,719,0,0,0.1458,1,0.0
0.16321755032203802,-0.3806015522637476,9.88506153780603,-0.9875303327946408,-0.09645301796904476,2.8307964264704664,0.17381899889264246,-0.339878252414367,9.902036771052323,720,0,0,0.1537,1,0.0
-0.3129837691739608,-0.25421686254874315,9.899928245754069,-4.765355768530408,-2.502625458298609,1.1765230502787798,-0.257251972986426,-0.27058388966101016,10.01344230787694,721,0,0,0.1537,1,0.0
0.28756883609098677,0.1001360187959604,9.490987818979828,-3.014488354756562,-2.4329073648861232,-0.00853837630991932,0.14093379411242293,0.07588539885752671,9.547019362239816,722,0,0,0.1537,1,0.0
-0.04745586049897263,-0.2124360857428301,9.674533290057068,1.2917547366664435,5.04229419532825,-0.4474611023769487,-0.07088080476435504,-0.2031255583021962,9.756798783643154,723,0,0,0.1537,1,0.0
0.09092804881299556,-0.5759813925322822,9.686786803203749,-1.3984305935510093,-0.7449069293799733,-4.965647015382219,0.021728757680441982,-0.640419231059863,9.7706312944873,724,0,0,0.1444,1,0.0
-0.159471480706082,0.12692109457684964,9.760998915564478,-8.687914860711308,5.007451578359419,-2.821532738038874,-0.22833023660799096,0.16977773997783835,9.760101201567155,725,0,0,0.145,1,0.0
-0.3558439128685403,-0.22531171513712106,9.774497809673843,1.9038596593664865,0.15950602808683756,-2.8552273010040876,-0.3360801837697137,-0.2529691751689438,9.778277905542739,726,0,0,0.1537,1,0.0
-0.04202037348702301,0.056908386410582636,9.8237859468067,-0.32218669915595805,2.003126432082792,2.3200622301176823,-0.04289394718578508,0.07134102734558609,9.867541606174216,727,0,0,0.1537,1,0.0
0.06709669770398378,0.23640066121620026,9.648782778695995,-0.3180359483517311,3.3633812985459706,-3.6858886625645533,0.009824089363115858,0.20229665137749572,9.598710086724179,728,0,0,0.1537,1,0.0
-0.23940149567396807,-0.5091832175557082,10.017139418263126,-5.099383250795205,2.0749480313202007,-6.08713874950679,-0.19677232333317146,-0.44321443988546644,10.081715043453121,729,0,0,0.1537,1,0.01
0.29811030033378505,-0.048693349999425796,9.647223313710052,5.563624542909998,4.631179337285691,-3.39486024363069,0.24475808695401288,0.01522991490737493,9.587266566506372,730,0,0,0.1537,1,0.01
0.09552952879799692,0.4553279203357857,10.091523238484852,0.11615663421167907,-0.45985870234101833,-2.1745595832751214,0.1191095901023623,0.5186789579667882,10.115365479663533,731,0,0,0.1537,1,0.01
0.03877284331989932,0.2632532134639149,9.56545333248581,5.665736366100169,-1.1749635159669662,5.06693639968154,0.0363683051204601,0.2766009748858977,9.636571235195047,732,0,0,0.1537,1,0.01
-0.05684250424902361,-0.5928250919598906,9.753532263988271,-2.576495259558964,-4.40947936652854,1.5968480335034432,-0.01573680261054103,-0.5568883929606033,9.85543791200526,733,0,0,0.1538,1,0.01
0.23859668527277605,0.32961048029447265,9.779337367422986,3.2714159044045905,6.784510181457453,-1.643661863790872,0.2953934957304039,0.32065560973753005,9.827576816374458,734,0,0,0.1537,1,0.0
-0.34444430560088113,-0.1864039929661202,9.925599154948815,0.6113390526104803,-3.9253375263760266,-3.382329253005792,-0.3945680068983173,-0.14023157066821848,9.886447717011398,735,0,0,0.1537,1,0.0
-0.06189558351678435,-0.058072734977586034,9.935495465293815,-2.2168666047586565,4.5612239116514655,6.871436776150971,-0.1438113520714812,-0.11296146823998848,9.887028901353396,736,0,0,0.1531,1,0.0
0.23273938176093056,-0.29236617843991314,10.149833116748448,-1.4573107488546333,-0.48093467510705723,-3.6200331472181784,0.21225890929067787,-0.30246376990701734,10.086040461951976,737,0,0,0.1537,0,0.05
-0.06321268676587474,0.4297645218644896,9.813431806082901,3.804673553192714,-5.173145597652921,2.5530410186254744,-0.11314024868303726,0.3603114352834344,9.796023738133835,738,0,0,0.1537,0,0.17
0.07089933891807353,0.2685813094412289,10.040364023951831,-3.515257461009405,1.7216927564621913,0.18213604971332764,0.07469658131626053,0.19136381714598585,10.02594614110777,739,0,0,0.1537,0,0.17
-0.18086386848036187,0.3476821501275474,9.743383083472724,0.6955816574294573,-1.975926276618758,-0.8319982999494158,-0.15651625326795807,0.3111212286980438,9.742597905264834,740,0,0,0.1537,0,0.19
-0.6677633428736421,0.2131242295903613,9.766539111524079,1.4118303969795756,-0.8665189938914585,8.520399783189637,-0.7071232254721713,0.2650551647625928,9.767402471261946,741,0,0,0.1525,0,0.18
-0.1657867918665591,0.7016691682348619,9.860773007945253,2.8406756817180856,2.9484626294003613,-0.34719217951665693,-0.14811540859094713,0.6372656164739362,9.818449918023893,742,0,0,0.1531,0,0.29
-0.20620262025695354,-0.22415217742957466,9.950310383417154,0.8260488068864753,2.6056938019882465,0.8432107920263319,-0.25167912307176876,-0.247304003646768,10.015365735505265,743,0,0,0.1537,0,0.39
-0.3000276565424343,0.13961257382615327,9.634169800119817,1.5351213234320356,2.159843541498419,3.8004672218461604,-0.27757108570169453,0.09536550686550777,9.669177754794191,744,0,0,0.1537,0,0.4201
-0.48510297772675254,-0.06356593414479073,10.04034385186953,-1.7165325654792587,1.8145675781708648,-1.6702871677176674,-0.4639413314614397,-0.11532727838537046,10.095260424726044,745,0,0,0.1537,0,0.3701
-0.2560541902037336,-0.03185431861699737,9.501632620095068,-1.702990910823604,-0.7929399260038673,1.3385831636968957,-0.2352122642200472,-0.09011635677670463,9.509825471913812,746,0,0,0.1537,0,0.3701
-0.11094413209535846,-0.1806547355265602,9.865361720785321,-3.8469787716774304,-4.061703933907503,-3.947149185132589,-0.07235376381205405,-0.2237887962743712,9.848035829246573,747,0,0,0.1537,0,0.0004
-0.06834599408275717,0.2723817771171866,9.897578577428899,-0.849634313120494,-0.370741243464139,4.428751727913513,-0.050323323161380815,0.22587041655288834,9.981140825247131,748,0,0,0.1537,0,0.0101
0.1588915236902045,-0.23070183715372,9.680467549703694,-3.6137489736381294,-2.3947675914924567,-0.10014982401464863,0.13267637681266115,-0.11802995274345536,9.643870378302259,749,0,0,0.1537,0,0.0113
-0.200127956735989,0.19957807607595665,9.589579386871423,3.808065063534719,-1.8184386513266952,1.0249623645129584,-0.1987814253894665,0.27748129697056145,9.577523234783959,750,0,0,0.1537,0,0.0213
-0.1389270966049822,-0.5441044314391091,9.681888049594516,-1.3546816192968958,-4.84741930714547,0.780673652287279,-0.016802175385943224,-0.619995539923499,9.697630518274604,751,0,0,0.1398,0,0.0213
-0.3661639831465111,0.21695988380058256,10.001291521971156,-0.5974624266864448,-1.0807948192735406,1.8900430211231654,-0.40413857168500655,0.2642940020600685,9.993842385539711,752,0,0,0.1537,0,0.0212
-0.12730248525245305,0.04818705362992235,9.942552461635053,0.47385675307283587,4.9277537097593065,-0.3938904791701383,-0.07261415767960949,0.08738268818396785,9.874287333703618,753,0,0,0.1537,0,0.0249
-0.25796872113649977,0.3650962180228003,9.64591507086584,-2.681535975431926,-1.14995766920051,-0.7240481151003957,-0.19744488586460784,0.3946035044092079,9.564501533390802,754,0,0,0.1537,0,0.0331
0.2161227350270697,-0.06415745013871325,10.023694038144567,-0.20954234594324858,-0.5794900295307501,5.1909698318051944,0.18021936389410487,-0.02697187253410681,9.986338180072597,755,0,0,0.1537,0,0.0136
0.45800827655190457,-0.0620543735409007,10.124928922691748,0.9129129958329261,2.421196039066503,-1.7300927266448833,0.42395280012868847,-0.04149288893179746,10.150707502966805,756,0,0,0.1537,0,0.0232
-0.13400887467914546,-0.34992072485563547,9.67907359294164,-0.9189920177240616,5.051066294700087,-0.07276576370042545,-0.013933342490044937,-0.33456864882957293,9.684167686969056,757,0,0,0.1537,0,0.0151
-0.30558585593632914,0.4318896676860315,10.042674178912382,-0.08067056325998584,4.6929349349175205,-1.500265445454044,-0.3126901275110562,0.43850542983305674,10.10777762172315,758,0,0,0.1537,0,0.0252
-0.23740123629951249,-0.23422329744640433,9.83572345630902,1.3000658695109002,1.63084228022493,-0.9421277463970998,-0.13394031126874112,-0.2691835918235361,9.862950441663093,759,0,0,0.1537,0,0.025
-0.37701708803493716,0.3230857535175606,9.95378208645606,0.7082602988656507,3.871306760001662,-2.9982842201481428,-0.4303590849686899,0.36703720276990875,9.952341734040523,760,0,0,0.1537,0,0.0137
0.46182384701705625,0.15767523266365477,10.021927295764579,1.8234179237865535,0.2009804116081791,-2.8695404950655723,0.4745930322776196,0.1809333254442173,9.99652781719035,761,0,0,0.1537,0,0.0235
0.019418216008010046,0.38139148969999437,9.59487209913475,1.7034184968268726,-2.0214248230268574,3.0417430639276883,0.043233100070518025,0.3740189267263708,9.597864320160037,762,0,0,0.1537,0,0.0536
0.32696931607874846,-0.009321003292990621,9.91021228651298,-2.224774825515901,5.695641483672647,-1.4656477043987017,0.2877847373373705,-0.008574753241455232,9.891064662593552,763,0,0,0.1537,0,0.0453
-0.1681016103906245,0.2332373565685675,9.646761405756624,0.9098389605770663,2.7363975307157418,3.4797552872250614,-0.23391719100341207,0.17740964947996035,9.574729816870073,764,0,0,0.1537,0,0.0542
-0.4006781943730042,0.5252482801291266,9.890397334987812,1.9778856107435714,-4.928967039216445,-1.3528155549582928,-0.44312593793130906,0.5850874075025349,9.870805705237494,765,0,0,0.1532,0,0.0742
0.07779641408165829,0.23013139833216462,9.778335574643018,-1.669468965537592,-3.187731379424411,-0.9885881632996582,-0.01458550068670815,0.2637993688725007,9.67113462167466,766,0,0,0.1537,0,0.0325
0.055389907586089394,-0.0426972656380692,10.040019246111825,1.3229235822373449,-0.33774952436569505,-1.2440003369457358,0.06967016336419125,0.000983961657039227,10.1333710068546,767,0,0,0.1537,0,0.0325
0.19053396261112418,0.2160947775329159,9.728231044957992,-0.8062160070588412,-1.402789933468145,4.9144490788571735,0.19879836887328095,0.18780808917639213,9.750436391512991,768,0,0,0.1537,0,0.0325
0.11610048808959655,0.11665268414702148,9.68275566379527,-2.5906848662787163,2.525482203954528,0.7369950145321311,0.07163527477397136,0.10438984652197665,9.661347918700274,769,0,0,0.1537,0,0.0218
-0.5070560165724857,-0.27277027908855683,9.888384069166287,2.7537003970512055,-0.9698979320879215,-2.0675759147384274,-0.530559936639592,-0.3292151688555115,9.840530659940592,770,0,0,0.1537,0,0.0518
-0.36062381466479215,0.18050901287293608,9.705526987245523,2.0622091789172954,1.6741426908571233,0.9933505893303736,-0.3643980263039628,0.20172871953715568,9.608829274165396,771,0,0,0.1537,0,0.0318
-0.3551386393795077,0.38332871718451883,9.857706140935832,3.0642584995468365,2.055932602589851,-1.6483206967997774,-0.34188461232089884,0.4035107960541384,9.89847574205698,772,0,0,0.1537,0,0.0502
0.2766059838559627,0.1526341643932604,9.95212905016119,-1.7255801291353288,-2.6740443487096464,-2.8691726618057247,0.2273097880295645,0.1145828349540425,9.944704317496758,773,0,0,0.1537,0,0.0402
-0.0468253998013296,-0.03535172900648161,10.155592513410136,0.33741763246060025,1.348162538692818,1.2868173285496673,-0.0738841643304329,-0.000793806340668543,10.132191202145696,774,0,0,0.1537,0,0.0414
0.5244653697122549,-0.5267951153676071,9.917709424001458,3.5474469349080757,0.9084526748857681,2.8214285745206444,0.5605608966915713,-0.539687276719986,9.914596364580493,775,0,0,0.1537,0,0.0414
-0.4100171524025032,0.24610064062187476,9.619192685621151,2.203001994518702,-4.215452048071985,2.7409124551939046,-0.4735711117363956,0.2474861457189789,9.583053142098272,776,0,0,0.1537,0,0.0413
0.2469740957453577,-0.0063343565335429765,9.70647540146952,2.6560469704964222,-2.4319808285557745,-1.4693702730458986,0.28808064708249964,-0.04252739664528493,9.667148142759656,777,0,0,0.1537,0,0.0504
0.290658737201417,0.29386009727638085,9.73480990550488,-3.2245006107457916,3.791584375310171,-3.93064344945848,0.24241549211914415,0.2881011145809191,9.680037660426617,778,0,0,0.1537,0,0.0304
0.025664927387113377,-0.09687039374766768,9.903566457512389,-1.9585585416364348,4.881400094203199,1.8608250587262263,0.04455323812054025,-0.09738557172069562,9.913423001014735,779,0,0,0.1537,0,0.0422
-0.3972313282354351,0.020925435390235145,9.63819092457036,0.03362688896590052,5.502073877490037,3.6267492978262674,-0.46104158095642733,0.032373984773247946,9.66375574639713,780,0,0,0.1537,0,0.0381
0.23070907347112773,-0.16412993309234566,9.631517570269292,-0.8372744933161325,-5.250430236941117,-3.9823106098078185,0.1502628272477369,-0.2018976754094481,9.559034877688083,781,0,0,0.1537,0,0.0321
0.33858547017725277,-0.11849518398796366,9.645539804061805,-2.6361207053505376,-4.647459314518706,-0.7155290706997929,0.40449707601048746,-0.08947808225493506,9.56827230207776,782,0,0,0.1537,0,0.0841
0.05885646357355919,0.051960529871640966,9.778532304626653,3.4727464652086883,-8.632188386756297,-4.103503516465433,0.0498389717360955,0.07815553432615435,9.797392120235559,783,0,0,0.1498,0,0.0742
0.3115214796427714,0.45791699703844246,9.911640109837826,2.746420812265227,1.1590436027347548,1.9612697724093304,0.30594487014040306,0.45315689997393904,9.998968875555704,784,0,0,0.1537,0,0.0942
-0.02188701931828065,-0.3426639743476641,9.853163589053157,-0.7294888517208952,4.0854769288186645,1.7308688937167573,0.094164046594735,-0.36222267820317755,9.777347610237344,785,0,0,0.1537,0,0.0942
-0.1992779192599383,-0.10437554072938329,9.664805001079808,-2.0861644838533833,1.1513513138063676,-5.2616326293706335,-0.13599512319989276,0.013105024814889996,9.643177566013382,786,0,0,0.1537,0,0.1042
0.1527109374199763,0.34473052613869987,9.464559249987671,-0.3878298368632598,-2.333436961899735,-1.0269851465627524,0.13059892003445106,0.29697960999845957,9.423030385592602,787,0,0,0.153,0,0.0643
-0.1581345209666706,-0.02863584936323265,9.983924007459176,3.2808014320820407,-1.0415427880819832,-0.49257802040202453,-0.17263992412818008,-0.044964858148153694,10.058367655399655,788,0,0,0.1537,0,0.0746
0.2035210592902643,-0.06923211509231328,9.844802104264712,1.8168877098459881,0.17647889150909346,1.931090739478602,0.1418808027670176,-0.11881160374346761,9.917948626251519,789,0,0,0.1537,0,0.0846
0.0973351516673488,0.3427856323789583,9.776993547370711,1.6127294166895765,2.688607905929432,-1.8999762395276536,0.13373169360774834,0.381834077492584,9.660523775086403,790,0,0,0.1537,0,0.0745
0.34395415622746334,-0.10952064313077203,9.97270715564792,2.4899423610792013,2.4766237714496224,0.5893319948514181,0.41639718842603235,-0.12367889564320073,9.984218948267651,791,0,0,0.1537,0,0.0809
0.1755557035510496,0.322073166986656,9.743988583740164,-0.7109576567761379,5.7919586016742715,-6.668993221338967,0.18166636213723056,0.3554487130250435,9.763816862831346,792,0,0,0.1532,0,0.0807
-0.23074349536270117,-0.059554740346184964,10.088145064526598,-2.674374388674936,1.41563458203559,2.1643205897999014,-0.2070178068804692,-0.09765414205616937,10.124731164107494,793,0,0,0.1537,0,0.0713
0.07591358390080248,0.3382339409288187,9.882050819028544,2.2361262837062315,-2.6790428492400764,3.3837192085796333,0.03344011033902918,0.4325475341619366,9.880050863616109,794,0,0,0.1537,0,0.0607
0.1522581533101313,0.21829007894912592,10.060464363434944,-0.20333075004596934,2.410682146713819,1.1450896297969073,0.21811630371323193,0.2455843077568538,10.008217590995079,795,0,0,0.1537,0,0.0612
0.10886479540782451,0.055761004031778284,9.942330920449796,-0.44282840625532366,-1.4203026394984484,-4.238248934648773,0.14680331593837498,0.09034132357745542,9.973109133511674,796,0,0,0.1537,0,0.0659
0.27055777673253456,-0.6099204188405497,9.716249762159803,-3.9819794906002532,2.3561616671308556,4.828507291442381,0.22338895149421484,-0.641155028715388,9.722368944787066,797,0,0,0.152,0,0.0656
0.18994652351464417,-0.25128651659670764,9.721146999603832,-0.6510518620060474,1.394697757307013,-3.0567955984352126,0.13620317881017008,-0.16495634610071006,9.84447410910033,798,0,0,0.1537,0,0.0563
-0.07144296878536494,-0.5179227243771557,9.75256713683513,-1.496554149658418,0.5892716926357529,-0.6043833332415309,0.028259163895963946,-0.6091134139804433,9.778982433982254,799,0,0,0.1536,0,0.1263
0.3058946487746578,-0.17858778023315333,9.827692287459158,0.04651884650686767,-1.2353563848530216,2.2745298627390587,0.3250788351968834,-0.11589062157277895,9.880349196965158,800,0,0,0.1537,0,0.2498
0.15489981523207222,-0.2773309289184897,9.810209678759925,-0.04522616482797399,-2.976865796346641,0.899511175214482,0.18786401540379755,-0.34310774642581865,9.801221128633541,801,0,0,0.1537,0,0.2341
0.0925527800099995,-0.27851958161034196,10.008989786369565,-1.7594191706968565,-2.0458744298278857,-1.1801233501124964,0.09208692212150754,-0.25323327224142783,10.023575345220815,802,0,0,0.1537,0,0.2541
-0.18930829308181363,-0.5073252118001936,10.017475386413885,-2.8590744141355393,1.376727917557027,-2.9873409141003653,-0.20406457098108366,-0.3959394054101546,9.937162971459175,803,0,0,0.1537,0,0.1657
0.014296239520603288,0.2238476613303338,9.881794494065414,2.55068204245931,0.30131050392921654,0.9759917471968226,0.058227353222824116,0.1958260696626295,9.861220757779249,804,0,0,0.1537,0,0.1852
0.39960688698340185,-0.4434931045921739,10.176640209023446,-8.083857726210216,-1.7334469312256886,4.323352628131629,0.3789915716479003,-0.47915316679815745,10.128489055559992,805,0,0,0.1478,0,0.0885
-0.23873455540723973,0.26418170997381485,9.536367159894851,-0.7789205366832338,-7.712212365563708,3.3427899528974754,-0.2360872700688745,0.2837226570729723,9.620238786652976,806,0,0,0.1498,0,0.0491
-0.25187648150666553,-0.034203041861313475,9.63776208579533,-1.6370968887546327,-0.07631468177549178,1.9206599085604987,-0.2806063629095447,-0.06811833837289653,9.66552142951302,807,0,0,0.1537,0,0.0491
0.28921118655792694,-0.48153582901561537,9.40739807007856,-1.167851914040729,-0.2888408922847297,-3.8794048653796374,0.28270179837608733,-0.4507108103571741,9.37245586575835,808,0,0,0.1505,0,0.0488
-0.15572056788158503,-0.3270568728432125,9.772754343596825,-4.84468597771776,4.030542890734095,-2.0369726523332266,-0.09798370688719346,-0.4285395154439754,9.762160464527769,809,0,0,0.1537,0,0.0583
0.1468349665813237,0.42833278139384595,9.524492274629756,3.6649148685179886,0.6181231446143463,-0.7720760000352191,0.1813236878451566,0.4108054842358585,9.495480792592506,810,0,0,0.1537,0,0.0927
-0.3241799485259214,0.1370054768556826,9.70004753075083,2.888906056560265,-3.284358635531121,-1.2236381999216297,-0.2779812159253165,0.13749190405078496,9.642861547341838,811,0,0,0.1537,0,0.0726
0.16587200481952555,-0.32601739134285707,9.657779650914776,-3.9637376048200785,2.966356137003466,1.6355480591558886,0.2332178698670312,-0.3867351262325538,9.68937411574534,812,0,0,0.1537,0,0.0726
0.04130196769977645,-0.21600319250453864,9.472014768342245,2.8612394084121617,-2.4960185428632253,-0.1301059893420541,0.02638022162124991,-0.2559932493064476,9.465376376800059,813,0,0,0.1537,0,0.0632
-0.2628486863354872,0.29394912783776356,9.682568739479544,-2.8426479678159744,1.557933650295329,-1.8952990240461296,-0.19622019570098465,0.3501532624289295,9.654102829775395,814,0,0,0.1537,0,0.0665
-0.2940380847022378,-0.011161814386062957,9.590387974094671,3.7249040845048986,-1.6497107524729642,0.9290422976218977,-0.352712062476528,-0.04328600008264452,9.602334757612306,815,0,0,0.1537,0,0.0257
0.03694719102093192,-0.02816557181150295,10.21010543094707,-4.267094971995002,-0.41112067681751335,0.975224425404857,0.10076685734377477,-0.0018928553446569511,10.196936867503329,816,0,0,0.1533,0,0.0443
0.06857888690184419,-0.09424705592951765,9.782291932959323,0.7956430569097224,4.084376108294876,4.076569068306251,0.038035629698338756,-0.12362086618118201,9.767779344281406,817,0,0,0.1537,0,0.025
0.22630297863276289,-0.11336309822031804,10.023660826076563,-2.92686164563787,-1.2023992080257782,-5.48527882217261,0.25541147253865726,-0.08738719025898967,10.053309572529168,818,0,0,0.1537,0,0.0447
-0.2797960653135027,0.0589507456578022,9.642669477139403,-1.146335784195177,0.9486351192591572,0.558618381628467,-0.3283253898287559,0.11073162392487082,9.669203583662252,819,0,0,0.1537,0,0.0547
-0.013308168343997904,-0.03196895089321319,9.873555641392763,-2.333224154415549,-3.903019020959384,-1.6607617281248706,0.04407364913263286,0.05680107972033616,9.924421675447434,820,0,0,0.1537,0,0.0356
-0.022944961800674263,-0.005600519371872894,9.720534608676054,-0.05708027764883271,2.1390841458167964,-7.845833555713069,-0.0025064967567520503,-0.08933290745614564,9.646780020453313,821,0,0,0.1514,0,0.0356
-0.05395807978307434,-0.019708904156364504,9.931005657703118,-3.949824538005015,3.00538270058542,0.5063341366212117,-0.0976118539633361,-0.0011407752169220568,9.92414976270931,822,0,0,0.1537,0,0.0341
-0.05995482993964868,-0.16850782300960793,9.980649869434163,-0.6841251312657092,-5.030529734859802,0.9293038900634986,-0.07946458842992819,-0.17512553981390416,9.948256995551334,823,0,0,0.1537,0,0.055
-0.04851898978343921,-0.3365259122056248,10.381852113872972,-0.2793846698405086,0.2908523152278689,2.728409041144977,-0.011056238910479847,-0.3695198581476473,10.338560148781768,824,0,0,0.1273,0,0.055
0.0615172193052108,0.17888641778761838,9.581666025088591,0.4123848034189498,-6.489061473897966,1.2650589744570655,-0.02406010084121514,0.11295599203534179,9.593578512599365,825,0,0,0.1537,0,0.0629
-0.07009935242060161,-0.3817420384453324,10.049466146788927,-2.0320479770270854,-2.8970305503408773,1.0308549269417127,-0.04974234679510292,-0.34021260663000763,10.041568428980243,826,0,0,0.1537,0,0.0742
-0.10544089437986585,-0.17999949688104766,9.954061463890541,1.1581468630759382,1.5442855990207396,-0.4390291797027944,-0.06381315145249682,-0.1058944647753741,10.002615006230155,827,0,0,0.1537,0,0.0542
0.4440019335987125,-0.5702984654821106,9.679155085281204,-0.4941442045935083,0.40050725200300213,5.908096287300723,0.4291131881138166,-0.6128056461087181,9.759273798385284,828,0,0,0.149,0,0.0436
0.22998456934769743,0.26492058691501347,9.993634891505097,0.9845109465587758,-1.4487986658833711,0.18934884745688707,0.27278673922303065,0.21140277950139857,9.951318857421787,829,0,0,0.1537,0,0.0635
0.5261460481498422,-0.24894050549523145,9.980112866779304,1.1694014562811421,0.5756129361114521,0.29082720791482264,0.5454856482299022,-0.14661283535826997,10.001689333818758,830,0,0,0.1537,0,0.0511
0.2507373805836291,-0.33494080532839265,9.741087677900104,-6.775573615361598,-1.809475846318644,-0.8614657192828025,0.21305985003691455,-0.29407764886952864,9.74934655239029,831,0,0,0.1537,0,0.0411
0.7715705315718132,-0.2506879057045579,9.591004363080389,0.7667554156847488,4.181693663447128,3.2107203890960223,0.8363499047132407,-0.29251211617077705,9.610929477765636,832,0,0,0.1374,0,0.0127
0.37122787689516146,-0.09760103627347123,9.741743636360043,-1.4954625005201456,1.3419780481191406,-1.8019000654333528,0.4065483920661992,-0.11180691341338156,9.659759471992471,833,0,0,0.1537,0,0.023
0.030657057121028283,-0.03067423079342752,10.331371426033131,4.71040056993048,-0.7669295627583463,-0.19577281782432865,0.037718681504094305,-0.0679247098342014,10.429015069590742,834,0,0,0.0777,0,0.0111
-0.4042857089650545,-0.12881234126145716,10.036941729833721,-4.754119360034355,-0.526090160104913,2.0740346301299333,-0.37546482448669777,-0.10024731112622416,9.988392725489906,835,0,0,0.1537,0,0.0111
0.4939568290305769,-0.37384323166320554,10.206445814889308,1.4085635408931518,5.500881376386846,3.006164924528772,0.47736995862769455,-0.38832435620146993,10.21331432832007,836,0,0,0.1526,0,0.0114
-0.03553105995780993,0.2316328319496195,9.859957153659604,-4.477987186066662,0.6947790119161297,-1.1144006044193868,0.008669796722681505,0.2044301645336174,9.917173815805832,837,0,0,0.1537,0,0.0115
0.09680256127493589,-0.018650962390582424,9.98584266361833,-2.4345372773773857,-0.5983740150534613,-0.9588710349690917,0.0861961762416005,0.004136206960074246,9.975649590123323,838,0,0,0.1537,0,0.0115
-0.19157584262785338,-0.1492883677342075,9.988490632059218,-1.4891074624727954,-2.4595450899335556,-0.0032888186315040775,-0.19104086009906063,-0.15020945879721598,9.991640670007627,839,0,0,0.1537,0,0.0215
0.10867624387138082,0.1317591888444904,9.407769653878091,0.16740958065385944,-0.7886043619475619,-2.8939393309073105,0.08791391806689625,0.1111070218001636,9.432994532593268,840,0,0,0.153,0,0.0214
0.2824192762659111,0.31287414060331464,9.893660458560756,-2.35631260484298,-0.38878052065009994,-0.6570073496247162,0.3130755833114729,0.28663491826857584,9.832296369545832,841,0,0,0.1537,0,0.0314
0.4994028886078444,-0.21076398357014411,9.502185890319023,1.668637352812222,-4.905661124235718,2.411193487708604,0.5169743897201919,-0.2447870358341993,9.523144134948387,842,0,0,0.1537,0,0.0214
0.03430046482169321,-0.06214546859232136,9.917891643646724,2.0788190614127706,4.513403115663394,-1.6118448221800485,0.037349140922691156,-0.03576450020088075,9.905716279226699,843,0,0,0.1537,0,0.0214
0.20521407636134475,-0.0031722941592913774,9.494598536052827,-0.13489557502880511,1.0409764394182415,-2.284757147384943,0.2662831780380428,-0.03891179171426736,9.444210228171915,844,0,0,0.1534,0,0.0114
-0.3189274143189382,0.7234612588710876,9.668041549225808,0.13497716155191503,1.2254441117657322,2.915292484149142,-0.3091351927948145,0.7644695461367286,9.647915236926337,845,0,0,0.1485,0,0.0114
0.07589186895761207,-0.05499238853420924,9.77701186618134,-0.03139287520605673,-1.4516685669627483,1.1560628555194823,0.08383928645095631,-0.006110971994507872,9.755345889924858,846,0,0,0.1537,0,0.0114
-0.17507951662917726,-0.12914700900997636,9.811232991139832,4.142678578951379,2.4402499729575946,0.5303535201701914,-0.14995912774537395,-0.11306910092622201,9.815672954403729,847,0,0,0.1537,0,0.0214
0.05298321513304153,-0.12996663671943778,9.681913206808206,0.7222588844774912,0.6592578768880322,9.961717017675042,0.07962967782257802,-0.14278658383535378,9.627701646534556,848,0,0,0.1516,0,0.0314
-0.015834096057361562,0.3062473899805686,9.95702066133438,2.4317691177971126,2.1806388677429673,-2.9054992495219483,-0.02821036285138635,0.24773232720342453,9.888027227063592,849,0,0,0.1537,0,0.0314
0.3537176369799871,-0.01984571395935451,10.084249375622228,-0.37589353236882944,1.312860474563228,0.2432252082290075,0.40632959436792226,-0.02396139386887599,10.085149356783162,850,0,0,0.1537,0,0.0404
0.4414093378433796,0.20169778779968056,9.96001202507846,-1.1772388504358968,0.683000747790393,1.8881962080382986,0.428515639828178,0.237891957704427,9.999106179495904,851,0,0,0.1537,0,0.0304
-0.04219197647734875,-0.6097765697261438,9.85613731813972,-4.25615020131236,-1.391048729717201,2.4052386335009617,-0.039494496221892675,-0.6512128908808904,9.88429350126312,852,0,0,0.152,0,0.0314
-0.004511808997495778,-0.31328260299043514,9.90329542435686,-0.73776322613745,1.003764202675269,-1.4543033375038394,0.10056195306325198,-0.455850913312835,9.843993079083463,853,0,0,0.1537,0,0.0314
-0.3667732388802495,0.40461049182871556,9.741327075974084,-1.6141407345964462,-0.6703340933597262,-2.383398965636366,-0.3102496822358392,0.32786574445166033,9.78847465948393,854,0,0,0.1537,0,0.0314
0.36498265956037423,-0.43369044729214146,9.835815332428577,4.402607677693389,-2.357565884032363,-1.8707097595728823,0.3965079150260002,-0.4570672822901416,9.844525548552095,855,0,0,0.1537,0,0.0104
-0.37502709774933024,0.2755324488080966,9.742688219302595,-0.17002067833843978,2.0195366162954653,-0.6294422474232217,-0.4147501017177813,0.27401909280800163,9.750490375344693,856,0,0,0.1537,0,0.0007
0.047086231665622875,-0.1535283595703655,10.136062803622783,4.807776262612542,-1.081207952289507,-1.1751923380288216,0.011386387658217513,-0.10288295843948408,10.254302948532704,857,0,0,0.1527,0,0.0007
-0.14520047564171198,0.058173958436299154,9.313252838912913,0.43099766750822593,1.0358562459022513,7.755747573365611,-0.1561486481105317,0.10422578130215787,9.233125602634288,858,0,0,0.1055,0,0.0007
0.22778949746680502,-0.11768052779636268,9.6345197405053,5.240443952931507,4.085184426103058,0.4837918499844346,0.1795050034620991,-0.08491467143125991,9.666240041269264,859,0,0,0.1537,0,0.0107
0.42348570057459733,0.5282138144216914,9.639045385778838,-0.12059382069705155,-4.18426711250393,0.5854855168254168,0.47380228422534343,0.582166832098682,9.630558203497237,860,0,0,0.1536,0,0.0007
0.6381097900402835,0.30925224581619354,9.584966724833219,-7.389695722846167,-2.437429368234819,6.055116145866938,0.7148113809706864,0.29507867083776657,9.572687295914886,861,0,0,0.1429,0,0.0105
0.46095127321416446,-0.34448301678157817,9.661562704213818,-3.0704195367192666,1.1768887986510554,0.5035970188582366,0.4302011866449013,-0.3742478793104996,9.669575281748136,862,0,0,0.1537,0,0.0105
-0.07409489861077952,0.03513855442109729,9.810396746723105,0.8077398852903099,-3.6250437739730907,-1.1577870994265729,-0.06999250675777577,0.035991841834860414,9.75428581349966,863,0,0,0.1537,0,0.0005
-0.1451776668909331,-0.33325206702050897,10.072332524809795,-0.623965368300302,0.10623443841371542,1.8845688859069083,-0.15214318305675403,-0.29790896613361123,10.184882335800854,864,0,0,0.1533,0,0.0005
0.2569414115124359,0.14338559005253892,9.86184038384553,-2.9871030620410575,5.94807944422402,-4.39916686303442,0.1861512604864982,0.1028103723035374,9.91719055909354,865,0,0,0.1537,0,0.0005
-0.5300430472409273,0.24298600822777142,9.610242246548948,-0.37438298492413197,-2.2178415229059945,1.6728018041086088,-0.5389785933290774,0.2742034636829136,9.626121730015653,866,0,0,0.1537,0,0.0005
-0.4223800734870722,-0.37943799573583015,10.089494577047768,2.8385194591051834,0.4540594471081827,1.6776993051287383,-0.480753313160553,-0.37269533513338216,10.108930454630373,867,0,0,0.1537,0,0.0005
-0.16084842693821502,-0.5954362743191481,9.860520733398804,0.6230075379012139,-1.416658815052651,-1.1711865011411924,-0.1857076473872455,-0.6420125186812085,9.833061165174179,868,0,0,0.149,0,0.0005
-0.492459341839582,-0.16770386354458933,9.710903389081631,2.04123938569165,-2.009903363585662,-1.0437429316173192,-0.4582719248278893,-0.1805071451795868,9.671743879781586,869,0,0,0.1537,0,0.0005
0.35589826674024083,0.25425166326538584,9.636534814004742,1.0205205911384598,2.765354135759857,0.004610082634102024,0.3386296752055886,0.20563177703781188,9.717200974578347,870,0,0,0.1537,0,0.0003
-0.5090561174561251,-0.168114619717352,9.813434668296265,-0.20642112655036687,3.1068454205410188,-4.879435912821404,-0.47366774469549705,-0.15222551341315477,9.861011221337813,871,0,0,0.1537,0,0.0003
-0.4160641094839673,0.06457694919370084,10.331187111361237,0.023783836370313553,-2.6902855198831954,-0.5666175709550159,-0.4480607426314849,0.040840269221562475,10.349932557236087,872,0,0,0.1233,0,0.0305
-0.07659626366590122,-0.23172898414833631,9.797190513766251,-2.1196116192719865,-1.3630189536513253,0.7674518271999454,-0.0751025087781911,-0.28807890588963037,9.796722582234192,873,0,0,0.1537,0,0.0103
0.5145924445214275,-0.24222072918787046,9.532213711890753,-1.2385051152100717,1.2546699892176019,4.032637984481864,0.4480966430970357,-0.24806732861241867,9.514758956119445,874,0,0,0.1537,0,0.0103
0.3934277791117485,-0.08482848445665361,9.746923631060898,-1.3440714571204497,-0.2639918629264234,4.282357692944931,0.44003947901199325,-0.09538389065886703,9.787256988783712,875,0,0,0.1537,0,0.0303
0.5262522737711379,0.09233352307423308,10.0045757957956,2.7982989214128753,1.069679922462963,-2.7080902385448864,0.5685078211475101,0.11500276819043045,10.080606808656862,876,0,0,0.1537,0,0.0303
0.3411087049949762,0.5352485838581693,9.802606337183281,1.640679432803877,-2.331109620875598,1.77230106409365,0.2664744576121833,0.5494686288975484,9.798455098412754,877,0,0,0.1536,0,0.0205
0.021370876750989833,-0.19555156452211056,9.799230271700905,2.1790333725137736,0.8833822707789842,-6.122764301685203,0.04987199738011838,-0.16998701142912453,9.772257257615221,878,0,0,0.1537,0,0.0315
-0.39061777540743564,0.037210856963114644,9.693871061834308,-1.5300888035526021,1.8163097542157827,-0.9606843661876504,-0.33369192365866523,0.016723797143399336,9.680155816698939,879,0,0,0.1537,0,0.0211
-0.11420036934975059,0.013484670151861194,9.778056600787611,-4.232544692757322,0.09381253025570402,0.5792768699616493,-0.08881128156789295,0.03713831130737691,9.717259944928863,880,0,0,0.1537,0,0.0111
-0.1940631819568352,-0.18022934850858094,9.715708202877602,0.27166394192827104,0.19157296943357954,-1.651711610601403,-0.22895584370460148,-0.17362534749999226,9.7307223823786,881,0,0,0.1537,0,0.0111
0.19673503900524583,0.09386907123892561,9.880099131508272,1.7894116707462588,0.4418221174228688,5.419331750119858,0.2547239778974546,0.1893244720054575,9.823159636951848,882,0,0,0.1537,0,0.0012
-0.5404180892733625,0.35326276924007666,9.739364945779533,3.316499320068829,0.6418501663339061,-3.4614812460146904,-0.5581868188248774,0.3424204717091552,9.712727833723442,883,0,0,0.1537,0,0.0012
-0.5172089518567844,-0.3924864692290444,9.966135644759419,-6.612336340651409,2.733727839672076,-1.7021178785158735,-0.47129739187575875,-0.4432212626935532,9.94428482427582,884,0,0,0.1537,0,0.0114
0.23038627622459174,-0.14380797393548456,9.773814203650362,-2.3324888181220116,3.2183526309968142,0.6938949699939392,0.1973686110422807,-0.1592855406169801,9.808904611732924,885,0,0,0.1537,0,0.0012
-0.6990087188281504,0.6340263629294717,9.633279718438052,-1.9428411202954758,0.30524459114008123,0.567202071976948,-0.8079438619391053,0.6723977826840015,9.636304851308811,886,0,0,0.1204,0,0.0003
0.5168636564003609,0.26627698260746413,9.965455329859696,0.35134209591544385,0.6802572976216156,-5.288461559856018,0.5073824300831461,0.31754191205978594,9.88149501315412,887,0,0,0.1537,0,0.0003
0.03163560024436482,-0.13551902316752934,9.91065247819603,3.0210648226011667,-2.218141739348509,2.4718216927010563,0.0047109142871999965,-0.13430216008626705,9.926852295678673,888,0,0,0.1537,0,0.0104
-0.1831306928720166,-0.9306227191055692,9.783752558828013,0.7807574616520367,-2.526923089094292,1.3452863407303004,-0.07206222185755543,-0.9231201658845792,9.654946063464314,889,0,0,0.0845,0,0.0121
-0.15594555542360158,-0.14215392517229236,9.70441927805381,-2.7205011362363867,-0.26898327675384454,2.4304786516447523,-0.1320852486154158,-0.19897639441173423,9.687001218751622,890,0,0,0.1537,0,0.0121
-0.31707702768972834,-0.22419334204400115,9.794787230085856,2.4164278901050213,2.416816882203168,-2.008949944626014,-0.2958323387349618,-0.20235852509495547,9.786622641477322,891,0,0,0.1537,0,0.0121
0.002076802986384495,-0.1156472037002622,10.087382123288382,1.8348642995836215,3.303081005615012,-2.661588413426926,-0.06115070467335499,-0.17094588982617961,10.07466181491566,892,0,0,0.1537,0,0.0131
-0.1517477503043834,0.31612653703627863,9.904471195138996,-0.08797453814985555,-0.13136007564679553,-1.5772693642340327,-0.11231126692133304,0.35316947982434466,9.91222826568812,893,0,0,0.1537,0,0.0131
0.38774864325026376,0.4069423671033342,9.228900292654403,2.0176308782873784,1.5374531669515052,4.872895673801752,0.5315682115087595,0.38688157387745475,9.189956984666132,894,0,0,0.0946,0,0.0121
-0.4279336761422327,0.10031778004283681,10.141471668178031,1.0758115065717022,-1.4029360191451428,2.3156648419108197,-0.47247947451799666,0.01895170543094933,10.194765440286758,895,0,0,0.1533,0,0.0131
-0.15380460833307302,-0.1809285081443504,10.00033490263017,-1.2605684079323294,-3.4770318090988197,3.69654570486672,-0.23463502735705755,-0.23263079218232666,10.006914772742471,896,0,0,0.1537,0,0.0031
-0.3767534461770492,-0.6042129257372253,9.677855421425194,-1.2416387873889307,-5.154022771769236,1.126172869455262,-0.37622894696928283,-0.4888960475341698,9.690558475890116,897,0,0,0.1537,0,0.0028
-0.018535899608514587,-0.2718739652145042,9.88424585880671,-2.9233216489535923,-0.1687485708077544,-1.0619140534755056,-0.11768748646017915,-0.29001440753391866,9.94020051499546,898,0,0,0.1537,0,0.0129
-0.44390722741908095,0.09830578518628827,9.85973867695205,-0.28246538187717823,-0.8549308004488458,-3.3754630230702363,-0.5016903073741202,0.14418847384473693,9.842646916421327,899,0,0,0.1537,0,0.0029
-0.04102479741159394,-0.1128498834695951,10.064351076628016,1.890297957826312,-3.1252691542965474,2.351009926398553,-0.027357353963589355,-0.06662463965119197,10.060366787181819,900,0,0,0.1537,0,0.0129
0.03662388398533495,-0.4797420429538942,9.614066582062376,2.8855798820368688,5.409133976974944,-1.7936650951079396,0.03613843245057841,-0.4576304634880179,9.565491983008657,901,0,0,0.1537,0,0.0036
-0.03619674244621,0.030625145539977312,9.710958404472207,-1.502472989207177,-2.5680428124397165,-2.0903095587592775,-0.05004258966625667,0.03456117295615395,9.623873763946708,902,0,0,0.1537,0,0.0121
0.11522670761424632,-0.17488749484348676,9.769201449873794,4.0271636649855385,2.806180479093759,1.487371335152789,0.061500915918305255,-0.20971776529128217,9.81135678955728,903,0,0,0.1537,0,0.0009
-0.1447531334748428,0.061521380098501624,10.080292723297674,-0.5989300881593475,-4.033277816712431,-2.3638684142293522,-0.08620198219650094,0.016499140509347067,10.117733404497047,904,0,0,0.1537,0,0.0003
0.11000675395194075,-0.5296107658530337,9.744848580242653,7.612192060864035,3.3241428195598735,3.8389654892106253,0.1104005080714828,-0.5419385641554213,9.804589042586558,905,0,0,0.1484,0,0.0002
0.6258032395517479,0.4924560222248444,9.756050644443246,-0.13094995149188554,2.940207292531574,-0.9255673627102474,0.6273958622383908,0.4145859397593027,9.773259835148837,906,0,0,0.1552,0,0.0018
0.4651807499079888,-0.02816546116011314,10.055912364707655,4.184147865467835,-3.9878238083032667,2.1039729937103924,0.46470115291148884,-0.10051144059218556,10.053095847688489,907,0,0,0.1537,0,0.0018
-0.0635594691564285,-0.010881254028930578,9.435331889719036,0.8378695351242231,1.3420992768216318,4.244877156779627,-0.09084485787993858,-0.028658186581741033,9.442604945903511,908,0,0,0.1534,0,0.0002
0.5907908191614607,0.26438660247537493,10.278635124796331,-0.6396466628176811,-0.6617661973839205,3.8396282366627696,0.5107389311826906,0.23160937782934815,10.297533180406482,909,0,0,0.1484,0,0.0018
-0.2617681400523299,-0.10626944977512133,9.879751086489065,3.801118326516118,0.42966171758767696,4.895571578154353,-0.18566465583117178,-0.16779218036529037,9.964723193963613,910,0,0,0.1537,0,0.0002
0.27900114288216527,-0.3627580131460863,9.507697966985567,3.693134518261883,-1.3467672590936952,0.9975887005480828,0.3889817921794436,-0.36662676879163136,9.618045678826606,911,0,0,0.1537,0,0.0002
0.33680475246010977,-0.013927965901708644,9.981556880340134,-1.108147917133514,2.304398781832802,-0.5947368650502269,0.36384246828543426,0.0954046096630129,10.007073549956289,912,0,0,0.1537,0,0.0002
-0.36224338547008306,-0.4668729657451872,9.651701230335329,4.371315035161283,-1.7150218618120097,0.22288668414028806,-0.3677345870413172,-0.44001635746676393,9.659517870387983,913,0,0,0.1537,0,0.0002
-0.6600659389393381,-0.21687762966313134,9.506644779613275,-4.754413352081264,-5.3813158531233185,-3.2348328114091407,-0.625543953206155,-0.1296123931833424,9.495833746029819,914,0,0,0.1538,0,0.0002
-0.29835063254268046,-0.21818518129133083,9.941064134062442,0.3334224232313421,-2.317069486009483,-5.90443987555907,-0.20068146405696774,-0.22466282415140576,9.971945120577239,915,0,0,0.1537,0,0.0002
0.13785454043521492,0.2911618456749849,9.911161834579614,-2.888677156447509,4.486549349127068,4.154098316337896,0.13985650185785065,0.2995425314453856,9.931720899226937,916,0,0,0.1537,0,0.0002
-0.1777796340551557,0.43078356525377604,9.86117476504238,1.4293038489544714,6.552966416176046,-1.6812698602694618,-0.12341841722727034,0.40620281113745244,9.734384487696119,917,0,0,0.1537,0,0.0002
0.041697904988183564,-0.27920549456444493,9.29606613612453,-2.461242166611077,4.081074226701645,-2.211644317487914,-0.01501820853652254,-0.3039294997771885,9.394741230300003,918,0,0,0.1329,0,0.0002
-0.07592189156967835,0.27686989650889343,9.593069117631865,2.609105387074643,-0.08548209171512638,0.1544481255106413,-0.06682756407892891,0.3181171404905127,9.597856138306119,919,0,0,0.1537,0,0.0002
0.0411029584876893,-0.2674744163956946,9.595696989852177,-1.887807200498516,4.437026121603022,-4.468856847302169,0.030951879545243324,-0.27675711617147364,9.571311271919283,920,0,0,0.1537,0,0.0002
0.1268661994353963,-0.20891504241036052,9.752601911196443,4.024721253600359,-1.7028370782588989,0.10446275807573774,0.08977042662649737,-0.15829379289650491,9.775559800335518,921,0,0,0.1537,0,0.0002
0.15107430580330775,-0.01449571662011937,9.687468629266151,-0.48923475466493055,-1.1509690889217923,-3.818178883216926,0.15494873654897093,0.041025777358299854,9.65348130595506,922,0,0,0.1537,0,0.0102
-0.05328799740989359,-0.10985729067939987,9.939552196425703,-2.840338157519195,0.35748820628834577,5.642196359273951,0.030696189429468786,-0.11975604191362045,9.978473463809555,923,0,0,0.1537,0,0.0002
0.1740159859055022,-0.14777545139683315,9.45768551617926,8.171405680676457,-6.9952819663562895,3.8362688193454124,0.14350878920829044,-0.1039749603720245,9.471852178238507,924,0,0,0.12,0,0.0001
-0.5546626941967756,0.11799335651981628,9.762569771702799,-2.4493136541040696,0.11087405710982001,-1.8703111318437458,-0.5129949294989216,0.05408822403495171,9.748435392510883,925,0,0,0.1537,0,0.0006
0.261399324191684,-0.05911484159312598,9.784182784864132,-0.0376230182764478,2.8593093807650405,-0.4981163732634186,0.22536549349930848,-0.07215759414151178,9.734631546822737,926,0,0,0.1537,0,0.0016
0.5115372284853323,0.06257282856614263,9.92576019615599,2.1057701553030603,-0.12744798007377603,2.072504402734546,0.4970403478671864,0.11186643881256329,9.979730332903422,927,0,0,0.1537,0,0.0016
-0.4094925750484353,0.42497178980871997,9.896371752983942,-1.177212698882834,-0.12192811949210783,4.55463186000769,-0.3956844390248073,0.4837180941911009,9.872341723579341,928,0,0,0.1537,0,0.0016
-0.5578104395055679,-0.5834765749503408,10.021416258484098,4.532001207429157,3.9409204604142785,-4.257449356661641,-0.5852548423363386,-0.6098885510790426,10.072850530933135,929,0,0,0.1521,0,0.0006
0.06708730996643009,-0.06714183355458686,9.731122910019486,2.3030573415720608,0.07523666314576136,2.085664299344369,0.12641388824224065,-0.067827423146436,9.658465120459097,930,0,0,0.1537,0,0.0006
0.2428425575860703,0.19284311520840972,9.881945038075711,-3.266759732026368,-2.3845076984986586,3.0682415520452775,0.23839802715313196,0.1532246925114061,9.875441556838654,931,0,0,0.1537,0,0.0
0.13371618090736745,-0.08669443203959748,9.63385139495755,-1.5366218071679558,-3.2849720961722135,-2.305015050973051,0.08247450532528762,-0.12192992357350346,9.629936667262303,932,0,0,0.1537,0,0.0
0.0670638327775299,0.07507292442858222,10.03006108657313,-5.814137045330735,1.3485410327758713,0.3980193169825178,0.04672359775969634,0.01948598338537827,10.042655372753137,933,0,0,0.1537,0,0.0
-0.07423626719042707,0.10216038343212176,10.006423756116096,1.368024213842641,-0.585126978841816,-1.1214433904871193,-0.07671659467031178,0.09285860877695142,10.039898691849102,934,0,0,0.1537,0,0.0006
0.11932888563821349,0.20797843518231884,9.838112024436331,4.858023218131439,-0.43144948294209645,-0.25559775093434706,0.1612780144129974,0.24929177201536673,9.900748609203628,935,0,0,0.1537,0,0.0017
-0.2862379405543973,0.14721263855360842,9.67799363890716,-0.06763585458081445,-0.5256960010442949,-0.9261783324231898,-0.28039065600437296,0.06975098327219677,9.67793463689847,936,0,0,0.1537,0,0.0024
0.2867290567176002,0.1105853705832076,9.9319233057065,-1.6042889842168522,-1.6007046280783945,-4.778930693432862,0.23518172898677078,0.05738117367938222,9.895996745138815,937,0,0,0.1537,0,0.0024
0.13237600449749598,-0.2892276810075467,9.878202758430975,-3.3368163368007457,2.8500094107865284,0.3643999510386252,0.09418932242592572,-0.2882386174451552,9.83938436759798,938,0,0,0.1537,0,0.0024
-0.12822937062572476,0.5346619845842644,10.027961309613433,-0.6179855417098644,-5.330821906743475,-0.8891686931949926,-0.1109540058938145,0.5582565552100103,10.002498223755758,939,0,0,0.1536,0,0.0012
-0.19095609975213407,0.06004467691395489,9.874591546162376,0.16314276943209555,-3.2017813956033327,-0.637331464048079,-0.27216725946363496,0.06501251055362889,9.951628938637858,940,0,0,0.1537,0,0.002
0.20925871196203105,0.15950275107346565,10.019403220543435,-0.07209885059638856,1.2745114667852107,3.1290706517451095,0.2754104071343164,0.1822674834246329,10.081001792461352,941,0,0,0.1537,0,0.0019
-0.3847780997090538,-0.4527915226290188,9.40437868569353,-2.8634936563085005,-2.077501716559129,3.601657086315322,-0.4161519562010451,-0.3923284692607606,9.456378910393527,942,0,0,0.1537,0,0.002
-0.008892483798763855,-0.2977285240748672,10.054818301442971,3.2466110676991464,2.6831788772210707,-1.9392007137921459,0.0613365666220885,-0.3758370879377488,10.031548439848688,943,0,0,0.1537,0,0.0004
0.15531977315008882,0.4578683509939637,9.97070190181916,6.151254567263475,1.6078087837823336,-3.176489093587464,0.15502964087636986,0.5170866499756428,10.001194526387206,944,0,0,0.1537,0,0.0006
-0.6326007221111738,0.08990879381036936,9.673034286631069,4.416242148432649,-1.29961334912003,-3.7607281802666837,-0.6314442793921153,0.10211179165524598,9.67377516195566,945,0,0,0.1538,0,0.0004
0.23883724424592523,0.4990708552865277,10.368003105158252,1.8129148414506966,3.6734294010082866,1.607951270669795,0.21471780553750663,0.47403815154889095,10.534783776399143,946,0,1,0.0307,0,0.0004
0.3592681875156351,-0.053829515072747046,9.631791113715128,-4.062287451831416,0.020222145896301315,2.4736563172720434,0.3448408706696223,-0.12813218882240146,9.723485668682706,947,0,0,0.1537,0,0.0003
0.7938664692595565,0.07335140960045364,9.966887947882693,-2.6228292236243034,-1.1334632049543765,5.980168594102864,0.8602983738819694,0.04315114355035429,9.96133084413294,948,0,0,0.169,0,0.0
0.3597916491023508,-0.03217429584794144,10.121797795276263,4.1623311932073275,1.2937526308697542,-3.733751910045756,0.2832057066994481,-0.07608979647451479,10.072919540378155,949,0,0,0.1537,0,0.0
-0.08065925260364508,-0.4074607269763021,9.780049998133867,-1.3764097462199496,0.2681517790663658,-0.5618846626057672,-0.05418923164616203,-0.3631519504304258,9.740173889068744,950,0,0,0.1537,0,0.0001
0.13317699401058644,0.28635186953192765,9.73339250259082,3.847970495347099,0.5707290910401983,0.8732102257748684,0.13385629639552313,0.32094556098060434,9.73446677828777,951,0,0,0.1537,0,0.0
-0.14741727666969512,-0.09662656994641695,9.863143250537119,-0.7271145204557292,5.312374333020919,-0.0681099169209212,-0.2262238143494436,-0.06405553150521714,9.938822341457882,952,0,0,0.1537,0,0.0001
-0.06931743651251941,0.08194859876583956,9.681782722077141,4.071707609373965,-6.3205864882127525,3.7446090706333863,-0.0911833511136077,0.06923040140404627,9.709377031628703,953,0,0,0.1537,0,0.0
-0.036426947438558566,-0.1110240946912261,9.7635729868799,2.71547623013997,-3.1631269412800025,-0.11998977587800475,-0.037619981997425014,-0.06127166190647491,9.858612243662993,954,0,0,0.1537,0,0.0001
-0.020095031236195406,0.390989824401742,9.430425633528728,0.8706323505355393,-2.175329590787271,4.08612090684537,-0.025300465883526174,0.4474765995069743,9.51830187368956,955,0,0,0.1537,0,0.0001
-0.2453703384918357,-0.19107449217833636,9.770521163027533,2.4710623238588503,-2.224571015132566,-2.134059347055191,-0.13194260088787252,-0.20396157525309752,9.766401684837856,956,0,0,0.1537,0,0.0001
-0.155411888926715,0.14997908849959926,9.757471997604197,-0.8721048831438555,3.886810690892547,-0.8136947871527904,-0.23525173365998667,0.19265754197139834,9.62795053587579,957,0,0,0.1537,0,0.0001
-0.10114527458089209,0.19101797780706897,9.977594394937807,6.995169200244982,-1.1459989544747529,2.2080447320680436,-0.10004620120640409,0.1663657322164725,9.98995311724072,958,0,0,0.1524,0,0.0001
0.21027015076500244,0.01952900708382239,9.634166316350328,1.748754452146641,0.7189724220673128,-0.17510531319627662,0.19770271044962462,-0.0532457828793404,9.606959139570115,959,0,0,0.1537,0,0.0003
0.5808278306110038,0.16020215521147838,9.805239282917238,2.8953585645562043,-1.7397066656908002,-1.1018628408034346,0.5380457251669338,0.1174049796849288,9.726009675239506,960,0,0,0.1521,0,0.0001
0.2912264190204976,-0.49012686619227086,10.068099896851036,2.758380400836538,-0.5608498001169271,-3.7085208473753846,0.241781339049983,-0.4934928417418149,10.095207398774033,961,0,0,0.1537,0,0.0001
0.13405504053104314,0.24023648239914913,9.924382500851078,1.2883760777605033,2.067325416507315,2.2587406443841016,0.10903739634889134,0.2522303001109901,10.01370493485912,962,0,0,0.1537,0,0.0001
-0.14287879822505511,0.3925692272121984,10.037203974669549,-0.5673411101969327,-0.3948147777542036,-1.8196979465334453,-0.2172576254918802,0.38823664654349205,10.070078962794945,963,0,0,0.1537,0,0.0003
0.11207900483762649,0.04567190217189264,10.05918801344281,1.4791820506703355,3.2626487590253936,3.5744687684535537,0.18662713111314524,0.037056692864723725,10.09155878610849,964,0,0,0.1537,0,0.0013
-0.1495130914794833,0.013955187442256472,9.96642648656927,-2.0234875136552337,1.1031940426170546,3.1990215443427195,-0.16506605751811926,-0.07193329721448517,9.982147381136876,965,0,0,0.1537,0,0.0012
-0.08543914702617961,0.3585594716308126,9.924866515119733,-2.441154921363032,-0.3947520149561614,-1.341693269681711,-0.08902968656746875,0.380139925272892,9.887824385245569,966,0,0,0.1537,0,0.0013
-0.08647533446985876,-0.05501539203518507,9.509801800440986,1.5706202139948375,0.9186696045089755,-1.5105425077416084,-0.09777519446099285,-0.09479663796061441,9.58249593464223,967,0,0,0.1537,0,0.0014
0.31632987559115555,0.42116715178112346,10.167599921741727,-1.2145016301087617,-1.5516940440140243,-4.70996165850792,0.36226925151148914,0.3812126820443408,10.158112993363755,968,0,0,0.1537,0,0.0015
0.1618743444008567,0.4639899923250239,9.825740449994495,1.9179630057252925,4.305595435792522,-2.4144384893963124,0.0636960152854136,0.4448254698550167,9.843664563074078,969,0,0,0.1537,0,0.0015
-0.09493516952981906,-0.0089952520349211,9.492908602565711,-3.7475486638995017,2.2854796460801357,1.2914649221968704,-0.13082270044001088,-0.10901652419038807,9.570523151626317,970,0,0,0.1537,0,0.0013
-0.36570361991251943,0.08392405523208912,9.858266982086088,-3.040672479278258,8.562770121653237,-1.1563396051125374,-0.3996266215903586,0.0757788631813877,9.834812485762487,971,0,0,0.1385,0,0.0015
-0.12175793330407125,-0.19216293622802963,9.863037630033327,-7.869772961869279,-2.5508685858000453,-2.355491634475852,-0.1519033503996405,-0.16899783844597432,9.82907614653157,972,0,0,0.1484,0,0.0031
-0.6595675407294456,0.2803722823552286,9.642199118046282,-1.8880006985403295,4.0223419731279355,-1.0184439245858596,-0.5492156621437733,0.3003588360563505,9.630520649069346,973,0,0,0.1538,0,0.001
-0.37047410791977525,0.15155920748246568,9.919852332559271,2.1793766312452414,1.853901797253451,3.978402373444225,-0.4188730479717611,0.22347091064975283,9.830170176025673,974,0,0,0.1537,0,0.0005
0.2185883255730398,0.06543575408177987,9.601755843567343,1.6372305542709362,0.9650558647135723,-1.0975290093474608,0.2872168472578529,-0.03889117891340699,9.59785817189688,975,0,0,0.1537,0,0.0006
0.05640915579539156,-0.17752073725175802,9.888586012327945,-0.5711483200623582,2.8660744194573167,3.271822022843704,0.07351889042222967,-0.20732167598723925,9.896363378531785,976,0,0,0.1537,0,0.0011
0.0751969626812546,-0.13158650334642824,9.792508105331832,2.149486929056735,-5.502350161119203,-1.2926344930239835,0.06497507367656247,-0.16305531617043295,9.786996715035608,977,0,0,0.1537,0,0.0007
0.17284979093315478,-0.2793697798691553,10.0208086565045,-1.7197294880301475,-2.897194727520052,1.3577864337225087,0.16126666857985147,-0.27288114220502613,10.098047668539156,978,0,0,0.1537,0,0.0112
-0.06587148181709154,-0.0021909274156750014,9.88846122554078,-2.048561811296941,-1.308196796012891,-3.1016175220027695,-0.02050327700559157,0.026365984310199753,9.85733731819038,979,0,0,0.1537,0,0.0307
-0.22064303202067606,0.006652441783598425,9.79604639721661,-1.2532593235301543,0.9874118133358143,-1.6089506869268597,-0.17337403556322092,-0.03764736488436942,9.764408647406851,980,0,0,0.1537,0,0.0307
-0.3606983891000405,-0.35541457867064996,10.01513849845061,3.8597510639895307,-2.4980809287580503,4.743429147510484,-0.3040944676938409,-0.3855745760790897,10.065112816129394,981,0,0,0.1537,0,0.0264
-0.33890866335374337,0.3224969383601531,9.945821972956404,7.70526424449009,-0.8172036040166154,2.4403662604474756,-0.33334507946186925,0.22161062160311212,9.962094310776445,982,0,0,0.1484,0,0.0109
0.31101180960009905,-0.2678181062666087,9.819710547848228,0.05259654216748653,-0.946776365080657,1.4220066322974274,0.24376056854171957,-0.2696350293381254,9.784533983589032,983,0,0,0.1537,0,0.0009
-0.2733075189536505,0.06319137636617134,9.54918150072655,0.977919632344741,5.037899974917751,-0.7743175149864787,-0.27388318124583916,-0.010015082204837156,9.601520923165484,984,0,0,0.1537,0,0.0109
0.07201033463057674,0.7872988651256917,9.78711215859737,3.6778938469577596,6.171908512126925,8.03436030223671,0.049161887851375624,0.7528937826092648,9.839342390979393,985,0,0,0.1358,0,0.0005
0.037121682441454334,-0.011617873559494896,9.698381670622101,-1.682179798129736,3.954937879860814,1.0390509122272145,0.005931849464880189,-0.01473586456306664,9.683580326243359,986,0,0,0.1537,0,0.0005
-0.004965845058412445,-0.32717565802112497,9.810202733458542,-0.9986095710829002,6.025249515819298,3.9599734263625974,0.035976161363834365,-0.30072115118823806,9.721475173386514,987,0,0,0.1537,0,0.0005
0.20135964695257783,-0.08102963963984106,9.640321015729919,-5.2908550121490965,-3.3178058230456235,-2.135990464748651,0.2251395287719389,-0.13985754806238224,9.711274827192165,988,0,0,0.1537,0,0.0005
0.3000062700321214,-0.12491659426339796,10.15265810398949,-3.8825629026893003,-1.5783715465664216,0.36503152563959707,0.31857621577623185,-0.1292436621244469,10.09524763243996,989,0,0,0.1537,0,0.0005
0.25947715585374603,-0.011149536994999988,9.897877071294044,2.9805236141216094,-4.124536752884221,1.852132362171649,0.3358632427731914,-0.0013446782708698268,9.900379967816988,990,0,0,0.1537,0,0.0005
0.19458690827277492,-0.09637613326713276,10.008730940910883,-2.2099731371898037,6.040064783461334,-6.875698724966043,0.24622903383596573,-0.1443707387307681,9.929841000677579,991,0,0,0.1532,0,0.0012
0.1734782473358844,0.2387920209362502,10.100676673621928,-0.2911858801800726,1.2125555177145173,0.16818554979578268,0.040005682026920036,0.14967802524116808,10.170553203834753,992,0,0,0.1537,0,0.0012
0.09554113461186912,-0.19458463823023112,9.598813859529669,1.0752004132566948,2.1066067734289966,3.0117539756913434,-0.013798061334428319,-0.2048258719766516,9.58083320178795,993,0,0,0.1537,0,0.0012
-0.5582010003098546,0.33201632679561666,9.932389387731611,2.0465257693589685,-4.202201408317544,-4.096486632792553,-0.5327461824046371,0.3560087251801228,9.978926767800528,994,0,0,0.1537,0,0.0012
-0.0012567012874856586,-0.1576685520194531,9.983122198166988,-1.6028454828070369,-0.6510379492067824,-6.442046133641898,-0.026169034307730935,-0.11105561494287186,9.891087856422562,995,0,0,0.1532,0,0.001
-0.07739519581682722,0.29827312958941726,9.609345300706424,2.4062366589534694,-3.3513759254318862,-1.4446902172035676,0.0003476734675878501,0.32075316783183616,9.542103022319388,996,0,0,0.1537,0,0.0521
0.41575608218146876,-0.4025471186556516,9.443831351645501,-1.5995599195976666,-1.8626801237427357,-10.124822980337928,0.3421616808086357,-0.38348982770418305,9.33192053184634,997,0,0,0.133,0,0.0118
-0.2074319235369419,-0.17411534989821714,10.08358286553918,-1.4811162929322679,-1.3666749180657385,-0.7488161461557039,-0.1544402732109999,-0.10004960132353995,10.087588674743259,998,0,0,0.1537,0,0.0063
-0.7764703908109905,0.23657091844856368,9.823105710257261,2.771884022876147,-2.2928359444954487,0.4177060211742336,-0.806300779098131,0.293994088446181,9.803118833324277,999,0,0,0.1693,0,0.0231
-0.4043469462543259,0.2929017319133319,9.77662651106976,3.1942757794587986,-2.583201407615639,2.7879547057358676,-0.36409170447274947,0.2849248148352903,9.80842104073005,1000,0,0,0.1537,0,0.0331
0.4756562950774884,0.09953122140920212,9.330178328399647,1.4684371780228895,-2.059107120296872,-0.6662579310337676,0.46598836107854114,0.03213795531293431,9.353117071034218,1001,0,0,0.1525,0,0.0431
-0.3625101690558439,-0.13339097642043488,10.025979886274195,-4.358030477671696,-1.582739575719427,6.5858926514177085,-0.40980551365502516,-0.1706422659565989,9.97375916981572,1002,0,0,0.1531,0,0.0363
0.06447854246157621,0.33420214389428055,10.01512061097274,-5.124765286214574,2.0052219553919475,-2.0405018689241654,0.10930717166219406,0.3385774425467846,10.074419266300696,1003,0,0,0.1537,0,0.0173
-0.40244577246257457,0.5981526074555088,9.461991148465177,6.491314150132066,7.124590676775805,-6.252355174043023,-0.4249459037476441,0.5745916297547712,9.508538536189254,1004,0,0,0.1483,0,0.0322
0.0441715382173436,-0.04898864859330271,9.43751361730859,2.939842050003497,-1.3401221104338688,2.4439337926973517,0.04601045492215449,-0.0012046474049415556,9.429575503795856,1005,0,0,0.153,0,0.0322
0.07253085101557055,-0.02030958214765138,9.744799625974236,0.7063830294224008,-4.012308327485973,2.1564742740321172,0.08221284301879994,-0.04698328114750076,9.796845064085467,1006,0,0,0.1537,0,0.0433
0.3706281277390992,0.12224202594275498,9.834533070340967,4.661051224754065,-1.5689563133215598,-0.3813154838421452,0.37107435267374506,0.17244231231752855,9.890916187850266,1007,0,0,0.1537,0,0.0423
0.09191617832387979,0.005422905188245341,9.86160594191783,-3.6299062363489263,-0.8366891646870979,6.227231613091344,0.11288043000414563,0.0017796793498754504,9.838237061406495,1008,0,0,0.1531,0,0.0433
0.19388127699194738,-0.010347976832587428,9.618742690190274,0.46648025736187293,-0.6575054796743555,5.885089533552611,0.12214369102748762,-0.027795876037470482,9.655215615125453,1009,0,0,0.1537,0,0.0172
0.5868304946973265,-0.4229219545882175,10.23255228228725,-1.4255357702369316,-2.5957792102453583,0.47536942744713045,0.6124874586852599,-0.46622969070966425,10.223931805090121,1010,0,0,0.1532,0,0.0172
0.3429886648647413,0.1614463783957871,9.766532767406504,-0.3303913335704411,0.6072309803763637,0.5751609008790488,0.38798034107318813,0.2224174728713148,9.697459909081264,1011,0,0,0.1537,0,0.0162
-0.06347313930606374,0.2609654339629835,9.867760744384483,4.245415941266768,-2.8519616008646693,-5.135154273641878,-0.10921716162819417,0.214769606859027,9.873310628228555,1012,0,0,0.1537,0,0.0162
0.15674885536659308,0.22289202076003256,9.780703332392616,-7.031676972120454,2.3735670849257127,0.2580715980496957,0.12982870786151451,0.23165314618375224,9.80420367202135,1013,0,0,0.1537,0,0.0273
-0.20383576704462422,-0.22958084490385147,9.276834888409304,-6.120366108699511,-4.504134647477058,-2.2672871830135026,-0.14053276594192218,-0.22927671102538882,9.297339471012556,1014,0,0,0.1401,0,0.035
0.5816441000668948,-0.3579481543442255,9.45247428007572,0.3750612604536143,4.033802180898894,3.234703757622303,0.5643356953399147,-0.4449506748406495,9.375847180016335,1015,0,0,0.1469,0,0.014
0.46540357829916834,-0.3239583157737499,9.645377288474572,1.5600309112517858,-9.113130655705994,-2.233466667331331,0.4809927379902115,-0.3375129463728269,9.678428261403543,1016,0,0,0.1475,0,0.0264
-0.3547751758658003,0.24388767795375677,9.64421266529376,0.8856314150602252,-4.611066869021165,-1.7700971374422703,-0.3722804468086558,0.2838128699747485,9.646193509305,1017,0,0,0.1537,0,0.0229
-0.1817801576167059,-0.48600697667573023,9.698942771197048,0.24151262915363347,0.5445097701976663,-0.1507885061016233,-0.19959678755483984,-0.4865179727590676,9.811607604638178,1018,0,0,0.1537,0,0.0029
-0.07984446814603832,0.5194955899537052,10.110840300561431,0.0024759876718067047,1.877981834390156,-1.223917158593766,-0.17568090277815054,0.5689790484796318,10.06899536272892,1019,0,0,0.1537,0,0.002
-0.24253514419829814,-0.17927127790608424,9.686964108640165,-1.0827068854023545,-1.9618841429257916,-3.937844062710245,-0.19117155630126945,-0.15522818112740266,9.732414538321803,1020,0,0,0.1537,0,0.002
-0.02164560170907887,0.07619462793910341,10.034059817764547,1.025365748953354,-3.483961477874862,3.4523403821865797,0.11510690685449826,0.05431245333365928,10.064135084618789,1021,0,0,0.1537,0,0.012
0.15347696466285565,0.4328138727146208,9.974448469580553,-7.520733338351298,5.293708881258878,-0.8377825479099003,0.24113313836928557,0.498630667569677,9.944248331815619,1022,0,0,0.152,0,0.022
-0.019572823238535167,-0.33596833298210643,9.742722008961918,-5.188754272130224,-2.2810728546694374,2.764132548340928,-0.005405144576852962,-0.33008568568109353,9.734355270345988,1023,0,0,0.1537,0,0.002
-0.04209214347833587,-0.22681158014469985,10.08018453060516,-0.2221258104518076,4.279288415281434,-2.874101946109637,-0.06467374764454034,-0.2165575989049373,10.068160240132714,1024,0,0,0.1537,0,0.0116
-0.04449279403770316,0.5074470540166054,9.683687968293814,-1.9976229922186697,-0.9317191341732651,-3.773912389692547,-0.10021632474108629,0.5096142943662748,9.724563849317827,1025,0,0,0.1537,0,0.0226
0.2944026709464376,-0.18353080613820896,9.939670925144224,-1.3473245248105563,0.27817504896781114,2.6268814498521085,0.35612259661183876,-0.20181125999417593,9.869299294342092,1026,0,0,0.1537,0,0.022
0.2523904169986106,-0.1712162561264249,9.624480073423063,-0.22934324232351444,2.321392834508925,2.078989730650158,0.28694719921069256,-0.18844904292452314,9.585872947463852,1027,0,0,0.1537,0,0.012
-0.018944271356836823,-0.10780240924769763,9.803811779497572,2.458841084509306,2.178515312294602,-2.376411799832302,-0.05605739362714653,-0.1663381287875184,9.769190798484175,1028,0,0,0.1537,0,0.0031
0.26317300462207854,0.5851905477571243,9.864280860146366,-3.2085117087290147,2.6595748674416946,3.6911166773308484,0.29584191801045,0.5136038083585296,9.847080053362518,1029,0,0,0.1536,0,0.0208
0.12117724603600774,-0.025840118213765858,10.059694575666983,-1.2482446666743634,-4.689781852243171,2.3099025897448975,0.2240548564869762,-0.08812727397656558,10.068026306294138,1030,0,0,0.1537,0,0.0308
-0.18498460365750435,-0.06603462403091089,10.181999813708378,-4.086809886082065,3.0618978852289915,-0.744602835755733,-0.1199432355561619,0.08148456022206992,10.179726255321162,1031,0,0,0.1537,0,0.022
0.11358750909223095,0.24129478230552776,9.568325257382103,0.8422835871533623,-0.2976746669926906,-0.22644253573570913,0.09415409687811041,0.21310815582618173,9.596175229530836,1032,0,0,0.1537,0,0.0528
0.0765463760368353,-0.29361110047871336,9.937139778808648,4.212134608273606,-1.462978956363943,-2.5835788871599057,0.04991853496454807,-0.26167614193127364,9.91737236888185,1033,0,0,0.1537,0,0.0529
-0.0926091944591969,-0.027333511690465967,9.829020468129706,3.8174515896874155,1.657524779866592,0.22281891586691738,-0.09951297315924414,0.0639107444903891,9.776832442913895,1034,0,0,0.1537,0,0.0529
0.4934175477336002,0.4428533809073849,10.261854325682835,-3.854664030395867,-0.636624259189104,0.8746068663064677,0.53314241053142,0.4304141814447613,10.278512689598235,1035,0,0,0.1474,0,0.0203
-0.14313659351339691,0.19173911566156498,9.628347314940088,-0.20856211743069386,-1.3607975390478115,-0.9839424047746662,-0.058393628096984285,0.14982002841732237,9.64150705757932,1036,0,0,0.1537,0,0.0303
-0.566211847656389,0.1586726014397216,9.999745881204552,3.2840897877219994,3.853980298700945,4.08188305047776,-0.632086381718039,0.17273485382716583,9.98617302433407,1037,0,0,0.1537,0,0.0101
0.35309008595905667,-0.049064843680081884,9.941316511047392,1.0566296032326332,6.341238496249845,-1.1586386774496007,0.32111573248612296,-0.06840413165937542,9.897648648038885,1038,0,0,0.1537,0,0.0101
-0.22084639712322476,0.005050497100230102,9.469235535868602,-0.2853897631045032,-3.5364410717088015,4.317395078724268,-0.22785843406345282,0.03438451881044094,9.471683397823533,1039,0,0,0.1537,0,0.02
0.41851250957622327,0.13325959327759979,9.964721580765474,1.6921748939919565,-3.318195762424288,-4.01866370984367,0.36484492764328824,0.17860066097559157,9.935868907596694,1040,0,0,0.1537,0,0.02
0.7234101548994395,0.3337091155937594,9.83078546738281,-4.589396372743527,1.2711189709937598,0.6143858292392645,0.7422840746274857,0.27035466365122207,9.90337890458553,1041,0,0,0.1486,0,0.0001
0.5580218262826699,0.21498583466023877,9.828567244167166,3.808153174999847,-4.843050904866961,-1.600821927410712,0.5840005966393588,0.30990401609050006,9.800166653678167,1042,0,0,0.1536,0,0.0001
0.012605022456237736,-0.31095225884459404,9.675300218718965,0.9130352866372071,5.391172654129776,-0.27321617685410565,0.025966494340544627,-0.31993673033729886,9.609578485409392,1043,0,0,0.1537,0,0.0001
-0.06891074147997917,-0.1316259670923302,9.664041124838173,2.415748242733567,0.5983296672131185,3.9213362407820758,0.020223380888439543,-0.20825699047359428,9.661510324510772,1044,0,0,0.1537,0,0.0002
-0.05320559195454636,0.20271516780808319,9.518016133767276,-2.4050895161421852,1.0166816719924305,0.4306892446338487,-0.02744037369473105,0.21073762755158737,9.548633897129335,1045,0,0,0.1537,0,0.0002
-0.7040594404701184,0.14923937728326298,9.73759607731497,-0.30693734643207393,5.935700311887064,-3.365210017968117,-0.6808492250623284,0.18389402921048617,9.829058232179255,1046,0,0,0.1517,0,0.0002
0.3829066155075181,-0.24155248558764467,9.945002316660798,-3.1158797441891215,2.3236493639698415,4.689875957743715,0.4524952328222061,-0.2935010397295417,9.945316780586491,1047,0,0,0.1537,0,0.0002
0.4581359806644363,-0.1318007350750929,9.830547983336846,0.33215085081390483,1.1632055511726964,0.4272995185852879,0.4276217469442858,-0.14521751910984132,9.828145767156466,1048,0,0,0.1537,0,0.0002
-0.20849707926826969,-0.3855512460140109,9.6961706325242,-1.3639321233567392,1.802872686214805,2.883810484292279,-0.17741394046066997,-0.4772274341589974,9.786760752393171,1049,0,0,0.1537,0,0.0004
-0.5310455923921068,0.5268626714018826,9.931593352726619,-0.9621742216971026,-0.6122599876633356,3.2873825805327206,-0.6020133174013163,0.4985694576310551,10.029511206400654,1050,0,0,0.1536,0,0.0004
-0.17147632460663786,0.2710655519417505,9.736446682974767,4.130884034695144,-3.4986346878778964,-0.42210974199880097,-0.19585339093161577,0.33000505199001906,9.601980494041822,1051,0,0,0.1537,0,0.0004
-0.25450844759003105,-0.4720867494250962,9.90640145559145,-1.667309984267094,-6.2610966608589305,0.33076200025975516,-0.22594180409543216,-0.43412609692604354,9.839508697250787,1052,0,0,0.1537,0,0.0003
0.08361112816007565,-0.07415779816073144,9.79930744110532,-2.1044698696162496,1.838756785485294,-4.241101222405617,0.18489687492112752,-0.14641442018790607,9.755412065694783,1053,0,0,0.1537,0,0.0003
-0.2755162474408194,0.059346920928397204,9.960431874262536,3.230851264939977,-6.880360070078236,3.1499381553036336,-0.2959543946470475,0.014751225381558437,9.948880540124108,1054,0,0,0.1537,0,0.0004
0.266638696734304,-0.10518476084310396,9.854738249168557,-1.14541259462538,-2.7617493020206743,0.4734869251897258,0.299984137742714,-0.052506592413683516,9.93402996321825,1055,0,0,0.1537,0,0.0004
0.035396580346907125,0.0901595371203145,9.673013258410142,3.451279864211798,0.061046804969878285,1.2978739492788862,0.05239500638932834,0.07485144821142481,9.68273933779516,1056,0,0,0.1537,0,0.0004
-0.40596330323961693,0.2031831042174304,9.632143867081568,-0.26727315080258407,0.488504704064988,4.5076007199368116,-0.38008819024269924,0.29092294254224754,9.727666292641558,1057,0,0,0.1537,0,0.0105
0.12276515145939701,0.058498931516829916,9.930387780112163,0.980776599677976,4.212442222428283,-2.276539585726868,0.06375274407035941,0.17174584694268763,9.921628721048178,1058,0,0,0.1537,0,0.0111
0.42710396445102167,0.3396199091136756,9.534669155415555,-0.20056019449680673,-5.488063040417082,-0.6670608323839863,0.3321044742482224,0.4102546845116432,9.491206035786051,1059,0,0,0.1537,0,0.0111
-0.003384401009621177,-0.2784834553191592,10.090754122051033,-1.0775477252726522,-7.689661344653137,-3.806539103383149,0.001967732041908659,-0.29178652424516655,10.122751425400319,1060,0,0,0.1498,0,0.0211
-0.30529681857972024,-0.23446923814485368,9.66905481458635,-4.99605996901692,0.3153330947762585,-1.7161637120880369,-0.35138721628551545,-0.27796850429207853,9.65043942963995,1061,0,0,0.1537,0,0.011
0.28982715868363834,0.0031572925384154207,9.998405106939288,0.9686975173913652,-5.575853747304782,4.6048287023736485,0.27388722767741924,0.0704119912171962,9.984122309001474,1062,0,0,0.1537,0,0.0209
-0.11680129770672747,0.381927208209631,9.843497534178944,6.260591921185531,-0.8320428372487998,-1.1285599814520433,-0.20243953205283555,0.4279399327173872,9.80790417833052,1063,0,0,0.1537,0,0.019
0.054598188199100936,0.5991497127560973,9.941655584002884,-3.8654530827579983,1.8212256629345407,-4.369744567120752,0.04097719185636795,0.5827569822063287,9.893682290647078,1064,0,0,0.1532,0,0.0114
0.35228783928262447,-0.1381040468487422,9.484472008525172,3.1502337156801747,0.5899750139579742,1.0132311175028013,0.3822170611569743,-0.09393519604304457,9.572741934504661,1065,0,0,0.1537,0,0.0108
-0.6108190138906026,-0.007533884473802785,9.673936926624267,4.218626140543654,1.4776008200866846,0.8043567460316154,-0.6001045781338877,0.12930390744874293,9.59911604383904,1066,0,0,0.1538,0,0.0109
-0.22301667650262724,0.4769730782038522,9.574627741612762,4.567875186441537,-0.5870879063550706,1.9340021468623774,-0.23846913897056213,0.45857568725337816,9.623436430029694,1067,0,0,0.1537,0,0.0008
0.32983470758031047,-0.6304602963344319,9.725166906424116,-2.162478637796378,0.9747084814740443,-5.757951765677708,0.36807057230760687,-0.658927154212351,9.699135002309802,1068,0,0,0.1532,0,0.0004
0.5046378454962945,-0.5025237101993788,9.791538837432409,-0.4831405808812549,1.0000294469738473,-3.2579382932481233,0.4134147173215939,-0.5167209283786303,9.738640747720142,1069,0,0,0.1537,0,0.0004
0.2860551533893232,-0.4349030641885497,9.74952676049553,-4.012904658018117,-0.8411686813926234,-1.1605914169057738,0.3124728725261624,-0.43291556169270884,9.751258836442073,1070,0,0,0.1537,0,0.0004
0.24712070986618914,-0.28848836520677584,9.619521632616843,4.981201408707733,1.022423705994257,-2.171603807036505,0.2738764133062476,-0.23780291762211808,9.530280798325919,1071,0,0,0.1537,0,0.0002
-0.36188953034793186,-0.2230783448684075,9.49733866406423,-3.073534546557207,-5.33212565769769,-4.0387369747903605,-0.3322382696500324,-0.2042588330575492,9.388448710303987,1072,0,0,0.151,0,0.0004
-0.5192716005187106,0.015072549566787566,10.24082551593124,2.0739276344158775,-0.20843233678894882,3.282485327117614,-0.4929383203063344,-0.02824036983460626,10.219138394213578,1073,0,0,0.1527,0,0.0002
-0.15561209947765015,-0.21665760217892438,9.650800547783547,0.11563486460024877,1.6897764123110537,2.7368532356855515,-0.1925485452766983,-0.19729592100847387,9.702427775856481,1074,0,0,0.1537,0,0.0002
-0.705180256097888,-0.2886646842904229,9.861157357305464,-0.8897482887512539,3.1562973038865616,-5.458558790366807,-0.6852353067921889,-0.2802573328614534,9.853015979871811,1075,0,0,0.1529,0,0.0002
0.14053304313936635,-0.27293891447287044,9.450851384242089,-3.2509496161465696,-0.07236150125546612,2.0588958763734464,0.18941758676052473,-0.24949627979669808,9.470724650840188,1076,0,0,0.1537,0,0.0002
-0.08500001875737774,0.5300888189314539,9.735454664898146,-0.8631239878988771,4.270525625880112,0.03275365936191499,-0.15536145199158674,0.5606446865128345,9.760670254535668,1077,0,0,0.1536,0,0.0002
-0.08726908663008788,0.3915221054444072,9.682931332276784,0.6097943999504177,5.736651603051949,1.52055358739571,-0.03961616474030628,0.4029392308431052,9.666723519278632,1078,0,0,0.1537,0,0.0002
-0.3094617082265077,0.41222696149649696,9.740266674666168,-3.731941819578795,-1.135749974288242,-2.9419290350602596,-0.31821114959680813,0.38445966834915646,9.699731564672694,1079,0,0,0.1537,0,0.0003
0.36547705369759853,0.07804538081541251,10.336443200136687,-2.1377394834883114,1.9788396359472942,-2.1080136571811745,0.4690737100387259,0.07721815503313104,10.298576086431662,1080,0,0,0.1329,0,0.0016
0.3108839883652352,-0.1581936732869931,9.85208010207716,2.715231795785476,8.090445526744253,4.737986814164116,0.34371041231358507,-0.21034364104064754,9.81301897170018,1081,0,0,0.1445,0,0.0017
-0.07784036091467729,-0.37547106925285106,9.503255508241297,-7.786671085415959,3.848701394145116,-0.6601880153379531,-0.041885784464149214,-0.30326031194678216,9.539931905715676,1082,0,0,0.1499,0,0.0016
-0.41515379365816424,-0.1119785194600583,9.699639405778656,4.71822457079641,-2.179756957598098,-3.7746372722828894,-0.38057568235755806,-0.10723133461054313,9.70775168311999,1083,0,0,0.1537,0,0.0016
-0.24911111663895275,-0.24008390445874422,9.845540999877704,-4.1676126664133095,0.7117212870376746,1.2693046647042951,-0.2965109070382828,-0.25644853544311647,9.780399773114539,1084,0,0,0.1537,0,0.0016
0.1622255344410771,0.18832682556147456,10.017593089428717,-0.5740838470944534,6.190215131244062,-0.4157604975876531,0.21835399833684532,0.1876709483588597,9.98938230510324,1085,0,0,0.1537,0,0.0016
-0.03726789183605667,0.08415804389265676,9.505404702157074,2.061392678940145,0.6776887741754696,-1.824882478466841,-0.0791138528573502,0.0806217716544452,9.570370606873027,1086,0,0,0.1537,0,0.0016
-0.14909118431519913,0.2865314648688468,10.038286744725255,0.2749545247931067,2.900089187086327,1.8703504861270357,-0.13046728758571174,0.3248420391332031,9.981677490764637,1087,0,0,0.1537,0,0.0016
-0.1005371345921814,0.1833621678004868,9.754813932927615,-0.29568795737341125,-1.8440672711058101,1.0639684059550938,-0.02864254287661358,0.22535053117495557,9.8410557977699,1088,0,0,0.1537,0,0.0018
0.034809027448720095,0.5518061879166247,10.035435885474682,-0.061661623458202405,1.0450673525077931,5.122279841757893,0.09559083401422078,0.5252630236154261,10.006500012803619,1089,0,0,0.1536,0,0.0016
-0.3968223890782647,-0.09959242663332342,9.780141589368974,1.6038045515477506,-1.362285346243424,-1.907810653037425,-0.4232081943309447,-0.12761457497998827,9.859476920913538,1090,0,0,0.1537,0,0.0016
-0.07838314516804777,-0.0015021926768788493,9.748342599895778,2.8370140120854908,-1.3962450957781667,-5.460428501909354,-0.058697187004755444,0.04917417450038246,9.802186147887156,1091,0,0,0.1537,0,0.0016
0.555911017224133,0.3082101851846765,9.485424001374268,4.119143582632823,0.3257096618707533,-3.221024362505548,0.5986644342331375,0.2905835897053848,9.454554247725117,1092,0,0,0.1546,0,0.0116
-0.11216322199891207,0.18026287191736248,9.838601046161205,3.145831813181757,2.405212385998584,2.1796072152661754,-0.12806388456836038,0.12936791377143025,9.841177577209452,1093,0,0,0.1537,0,0.0016
0.2081458189725844,0.38479284769770233,9.703648594105154,2.186476684351996,7.483623075731437,2.0306748133925487,0.2440732149310989,0.36515966894174623,9.684681569378537,1094,0,0,0.1469,0,0.0016
0.13319217354156748,-0.7887329071882437,9.704542436163065,0.8157701981986936,0.5955745535032386,-0.6001412783100872,0.053611675603555564,-0.8316085534920176,9.684280496815289,1095,0,0,0.1313,0,0.0015
-0.1845183999816427,-0.3386995992707856,9.636480500168206,-0.6034382627338183,1.1386747486564115,-0.3735568040227804,-0.2260440340622497,-0.3832195672670717,9.569758039914891,1096,0,0,0.1537,0,0.0015
-0.6143303055560566,0.32627060918379325,9.654446095226925,0.5259754347995674,2.755327957079058,2.2688147465067514,-0.6336272282995987,0.27608856113483643,9.602703550919383,1097,0,0,0.1538,0,0.0022
-0.37166173959598064,-0.3125053453273819,10.137656073305811,-2.8869660005692053,-1.8116511680610037,3.2604474094520888,-0.349197030577723,-0.392339894494637,10.213663567721513,1098,0,0,0.1526,0,0.0015
-0.07877254238303409,0.016947774649969882,9.771842813429673,2.442289392981139,-2.1711855240627242,-3.959952407481004,-0.02088084947054731,0.0027837820904342697,9.789053069057818,1099,0,0,0.1537,0,0.0015
0.5096122850135768,-0.18782801392615728,10.199571010165009,-0.9044079980834872,1.8647767301241096,-0.6171451370199109,0.4827006417186603,-0.21203143199024238,10.256993823216284,1100,0,0,0.1527,0,0.0015
-0.1616324054373935,-0.06626427518912412,9.830110600886098,-2.3920859223689677,3.999815957422463,-1.2008887282462701,-0.053081851745123615,-0.06463977914054168,9.773234311973926,1101,0,0,0.1537,0,0.0015
0.14581955630472493,0.08570220112274471,10.026603139568513,-0.004865230082289824,-0.014085613615273166,3.9786583630347208,0.12074031017475224,0.04862006824892063,10.062361353110273,1102,0,0,0.1537,0,0.0015
-0.060541201228227405,-0.4121563105146271,9.760046262101246,2.106424927131644,0.2419024438843483,-4.47978201991582,-0.05423346617769787,-0.36481759562905447,9.725593293359802,1103,0,0,0.1537,0,0.0015
-0.8102601760996395,0.2504655117191948,10.020000146513397,-0.01658247519690674,-2.2621772091980716,-1.3950900681106524,-0.832289038277051,0.21755035393669464,10.039014524165152,1104,0,0,0.1541,0,0.0219
0.08249793912129828,0.007165303235284065,9.8386463271455,-0.1833482081470117,-2.925298673934429,2.88621352815188,0.04630377356511229,0.020108318487947332,9.85825754747435,1105,0,0,0.1537,0,0.0119
-0.12739986157345604,0.16618054900447982,9.782218872805464,2.111024796669725,-2.659397097507007,-1.54984120781545,-0.1297194396011487,0.21980575648675107,9.816377910035621,1106,0,0,0.1537,0,0.0119
-0.4300557296094379,0.38570380362106155,9.713865246827154,-2.0778690687004815,0.6133396302449325,-4.186177983255753,-0.31290473107267813,0.3762395614731857,9.740553102823108,1107,0,0,0.1537,0,0.0019
-0.6739372627852585,-0.2558160644076361,9.866515192072418,0.9318448300032106,1.4754882234513116,-2.9682336044774296,-0.6618473953051232,-0.25619045079387376,9.961060318947709,1108,0,0,0.1534,0,0.0019
-0.3528517236384628,0.12220625723403324,9.401499815030467,1.1787674075399766,0.3844260739091967,-0.7118098797434661,-0.2660054666933091,0.13040518606297907,9.348205508134594,1109,0,0,0.1473,0,0.011
0.062249583724643384,0.25596249285849665,9.896555074942013,-0.39759933459204555,7.780466102343146,-1.3738243694948444,0.01745280782202204,0.24755726125580776,9.90731438052432,1110,0,0,0.147,0,0.001
-0.4518769690138118,-0.025521770700753402,9.608131405001032,-0.0737654572613785,0.8375619858970349,1.8295201473461011,-0.4085401400912261,-0.05150592637814229,9.56242966956655,1111,0,0,0.1537,0,0.011
0.1274886649480675,0.058773568059897426,9.843172380061079,-3.7014942059036726,-3.0723978811329067,-2.7472892039606736,0.10997975877934793,0.06675121114403636,9.808749831074145,1112,0,0,0.1537,0,0.001
0.13364832251910805,0.15812361051476168,9.78966083059979,-0.33832703125828495,0.4176024975500936,-5.256960894719594,0.1172756130084481,0.14773932375916332,9.774846331065094,1113,0,0,0.1537,0,0.001
-0.5771746952351652,-0.35485862597163215,9.95458927985605,0.9859642285968266,1.3940769863688727,3.1235532306805114,-0.4946443204051564,-0.4235388993496086,9.935679416019944,1114,0,0,0.1537,0,0.0108
-0.6374340338545532,0.15456587578282574,9.960104912203041,4.29190390072147,-1.9928809785593473,4.298564688198402,-0.5747517546005115,0.2026683200330216,9.935454216928791,1115,0,0,0.1538,0,0.0108
-0.0813829159096072,0.20524337322967645,9.620998015164835,-0.9277305171136416,-0.20326537521179433,2.080681391954632,-0.10908784783354565,0.21803283007658433,9.596065260189254,1116,0,0,0.1537,0,0.0108
-0.0894663425807342,0.27782490357744677,9.55297241975788,0.09913521964121233,3.547955921716222,0.2763086271268297,-0.1271052275009613,0.24378925749659827,9.475729170006396,1117,0,0,0.1537,0,0.0108
-0.23678908962193113,-0.16973883202903925,10.076489407439416,5.152360329771307,3.190612303549846,3.1852585129395807,-0.14777038062379735,-0.06775274223607103,10.00465799914087,1118,0,0,0.1537,0,0.0008
0.03501422631527594,0.06991646797009231,9.938376207826526,-6.63166842660166,-1.5341807648625134,-1.9189140470144408,0.07537053048373459,0.04164414081171949,9.899889984085954,1119,0,0,0.1537,0,0.0008
-0.3047626372483149,0.5959876435545988,9.80063144681413,-0.49320786890263496,-3.719352009092434,3.7226506090437055,-0.27501188187070286,0.6591897082778776,9.759211095687311,1120,0,0,0.1531,0,0.001
0.4975261824147868,-0.2811566932407252,9.494819957313478,-1.2301087145693188,2.6974646133613955,3.307688245291269,0.4665399724933576,-0.24755290065311933,9.563014001702697,1121,0,0,0.1537,0,0.001
-0.39764638019175286,-0.015721137412927463,10.150599582743254,-2.0228276318442786,-2.553871266160299,2.302291628057757,-0.39959707966755165,0.037604189556550704,10.140474473352517,1122,0,0,0.1537,0,0.0031
0.10514454356061367,0.13209729686826166,9.77731924902348,-6.86067097912206,-0.8775585543573288,0.06690676731947139,0.196712504274978,0.2532341861248143,9.853981943258766,1123,0,0,0.1537,0,0.0024
-0.018407493147638225,0.1259048806753406,9.809923321932613,1.4406662684360447,1.5000154894454296,2.0471779979000555,-0.054968461727962735,0.1183932232585622,9.893347447396335,1124,0,0,0.1537,0,0.0024
0.44577224070939914,-0.23259055192209116,9.43992559765012,-1.5806316302921264,3.3900681486002453,1.448361301707769,0.4220224136176102,-0.25018808118618,9.471373023345887,1125,0,0,0.1537,0,0.011
0.28916418772135694,-0.2964741832259171,9.986533075392982,1.6755801183899393,4.706699927707448,1.4824308870715113,0.2835117098643435,-0.28823408901433956,10.04900629093791,1126,0,0,0.1537,0,0.0116
-0.32456571321097777,-0.7122113940213819,9.736967135244328,0.5266108879714616,1.603920825473898,0.17196233951668158,-0.3720822731287414,-0.6983560071606614,9.709788101871746,1127,0,0,0.1525,0,0.0016
0.48485873945559876,-0.1179202930235148,9.920633838578704,0.024919134589509263,0.708882767964991,-6.270773765741302,0.4998261630664481,-0.06805138665932328,9.914360772058135,1128,0,0,0.1537,0,0.0019
-0.9612813544323225,0.20690227801570749,9.865552815260266,1.2719711539685985,2.6886212483653313,-4.8998092989742705,-1.0460016741648153,0.24401383814399025,9.833953237754912,1129,0,1,0.1194,0,0.0016
-0.13060418274299587,0.4070529345290044,9.483597848834487,-5.632030699387868,-3.702030856175267,-0.762430650267898,-0.09349581986070413,0.3593182548521268,9.554101219475536,1130,0,0,0.1537,0,0.0001
-0.3615360330187262,-0.16711093532098997,9.447473316875012,-1.1441271992751745,-3.322130773014412,-4.193121515816817,-0.30180681929889147,-0.15498865113544386,9.38370396194198,1131,0,0,0.1491,0,0.0001
-0.08473516896239776,0.15102726081546358,9.99888931236642,2.2749767854847858,-0.08854228066982411,-1.1103539874434372,-0.0817775385685858,0.10472086245790582,10.077553377558846,1132,0,0,0.1537,0,0.0001
0.1961410965305102,-0.05750644768096016,9.483240563388721,-1.0997892475410573,-0.7388996595575881,-3.6353830730653103,0.21688623970968726,-0.07622962247291588,9.550431770594331,1133,0,0,0.1537,0,0.0001
-0.3550910537971588,0.1342804092304051,9.576648469577247,-1.0558037098600952,-2.0230586009252463,-0.46247334048361655,-0.3830230940208719,0.07499268208497756,9.582591110725472,1134,0,0,0.1537,0,0.0103
-0.08335642184605167,-0.18332672186319462,9.66391283818078,1.0103914596077024,0.728960761789897,2.444874626385057,-0.13398132810616908,-0.18300922471644154,9.743450004307089,1135,0,0,0.1537,0,0.0101
-0.25043837323444207,0.28666930037937755,10.058285798771166,-6.470620113693746,2.8036518188878228,-2.5848214874814595,-0.3247505343710442,0.18456726358568473,10.054559092664398,1136,0,0,0.1537,0,0.0001
-0.25721842554159763,0.660016208812899,9.960089430411307,-5.7849458844162305,-1.563427465785185,1.8482735851508516,-0.26326600168564623,0.6490563038265471,9.965016032962803,1137,0,0,0.1531,0,0.0001
0.2997931968203834,-0.39770468106735274,9.69533619321227,0.4264135808648407,1.8003336827086305,1.1464124759706227,0.31717983938204014,-0.4735065972116655,9.62638134330957,1138,0,0,0.1537,0,0.0001
0.08742252769889043,0.044253542094424246,9.794944623164143,5.21115716395838,-1.8868970712803559,-0.4833845522025926,0.03362758895853592,0.04369586254423232,9.779009198039379,1139,0,0,0.1537,0,0.0001
-0.0023392597763928894,0.25126704618143386,9.596290705092072,-2.183840333031242,0.050660357022154115,-2.3391726870864704,0.019742125786437536,0.22611668031338317,9.599634798993499,1140,0,0,0.1537,0,0.0001
0.29576005438197484,0.20678885410819173,9.964492676394219,-1.3318259909709071,3.434520813781591,-0.3655794984726134,0.3643672810521372,0.15820497925306012,9.9584858901206,1141,0,0,0.1537,0,0.0003
-0.600781172540304,0.1548376712451336,10.10857346519754,1.2053679731688052,2.152329045789746,-0.8287566872710662,-0.5181776922330747,0.11739166906436127,10.039041645896713,1142,0,0,0.1537,0,0.0003
0.31122225700575384,-0.28037972389887234,9.838247277199358,0.10507829159925404,-6.239451936899159,4.583148591822169,0.3484328052365815,-0.3232001863832246,9.862112604668477,1143,0,0,0.1537,0,0.0003
-0.3251195554237734,0.04179164643399708,9.712294817621249,-0.6357484114040672,1.0335595984373855,0.1601431712327545,-0.24442249958082246,0.010588413925973865,9.599358998685156,1144,0,0,0.1537,0,0.0003
-0.17801518967232033,-0.07632957171118372,9.826985451213941,0.48584396538450103,6.600799689750191,-2.2594008618533423,-0.20835123513371628,-0.07136058019211128,9.808511332661016,1145,0,0,0.1537,0,0.0006
-0.5140374012785166,-0.04813508221422448,9.592895133886591,-4.413527526694388,5.7464390950249395,5.7201596759332975,-0.5198974515278172,-0.023168580415326448,9.574696705742133,1146,0,0,0.1537,0,0.0006
0.7345193399500974,0.5101103288854366,10.06571144175713,-3.5780771239644165,0.22196814048669025,3.2474109083621885,0.6836699067317056,0.46599656604722306,10.069239072490166,1147,0,0,0.1547,0,0.0072
-0.0426620262595325,0.09520058476746074,10.087730776349279,2.30095928295745,2.3671741907467663,3.339257647174563,-0.06964311794822173,0.1039888908789276,10.08889156381815,1148,0,0,0.1537,0,0.0072
0.2045970276627109,0.15594148304575792,9.948343619303701,-2.231897765370108,-2.1681431969541256,2.047686351994843,0.2552067363636277,0.07158050548125322,10.029618069493699,1149,0,0,0.1537,0,0.0072
0.3495636186322922,-0.2666135754517147,9.788906676717597,-2.790772370431453,-0.045512363209351946,-0.9177433828406578,0.3792157145833439,-0.22372512593286384,9.810061163723216,1150,0,0,0.1537,0,0.0113
-0.10425014801930307,0.021141861435564843,9.774862058793323,-9.197951857267586,1.7385360084542087,-1.648231145029285,-0.13181555997534855,0.09048867500588878,9.729123302711827,1151,0,0,0.1458,0,0.0112
0.18257657488285706,0.17736035977285985,9.794996821627251,2.7443954838424194,4.631558845905936,-3.950832238773715,0.16363430105331592,0.12432038854723551,9.776330807336597,1152,0,0,0.1537,0,0.0065
-0.06771474009042922,-0.18286480381886017,9.666292101371393,-4.240275278492363,-0.8039516451386521,4.688828975653534,0.0048671779730287,-0.22891249399246605,9.664038535321904,1153,0,0,0.1537,0,0.0012
-0.5060589896732892,0.06298853507699936,10.13841093945128,-3.9710212209494324,3.655164745374746,1.0198749932816116,-0.5677556556991084,0.015159931392683026,10.075375041400157,1154,0,0,0.1537,0,0.001
0.19425941532447635,-0.0168755149891199,9.823327504736776,2.1857558727261965,2.7350233678302467,-0.3075144838588065,0.11639213848836688,0.029515453802635074,9.848885761994696,1155,0,0,0.1537,0,0.001
-0.35288571854363576,0.68651729257044,10.0371301701807,-5.529204953553276,2.2947184739441777,3.539297661259429,-0.3791709833194561,0.6463191804038575,10.024805150439834,1156,0,0,0.1531,0,0.011
-0.059641955668635484,-0.3396084660171504,9.329355604011733,-0.23103785672171206,-7.404585213035201,-3.430463444354308,-0.001293540758279997,-0.3638085654988977,9.389398962591029,1157,0,0,0.1386,0,0.0122
0.39373534202190574,-0.5176966006637315,9.618728910050965,-3.341231271997531,2.587394488309677,-1.600032056195725,0.3647497446450007,-0.5012704431323667,9.61801443128427,1158,0,0,0.1537,0,0.0022
-0.483210127170492,-0.22390876292086023,10.172902949293793,3.1443580016288126,1.6678143553909726,1.397825554853561,-0.5255282311820288,-0.25663697787737993,10.222397862534068,1159,0,0,0.1527,0,0.0101
0.01640233968590928,0.20541973649776132,9.680258324003098,-2.0388896461963286,1.666178559822349,-1.421833159945447,-0.00987226021505045,0.27461366865748743,9.716532120808083,1160,0,0,0.1537,0,0.0101
-0.22107805604291403,-0.5786722023547055,10.05249770581909,2.1570530147756446,2.571505983067539,4.750781998822081,-0.22371966693982012,-0.6118105980183617,10.134370205115456,1161,0,0,0.152,0,0.0001
0.34633179247060797,-0.3984978275442979,9.90202556375925,-0.2914141127719024,-1.0084033000932124,-2.4715880700649477,0.33491208601835243,-0.42028617491871184,9.931485621425509,1162,0,0,0.1537,0,0.0001
-0.20217173815407458,-0.6243205784176431,9.415814486736453,-6.749270195041662,2.461020727563217,-5.415389832463479,-0.18128389783902818,-0.6850170909692265,9.43079388230441,1163,0,0,0.1514,0,0.0001
-0.21512626694166923,0.7100868857555316,10.186917487302964,0.7567045994305374,-0.8981339503016926,-3.68480866434194,-0.23295514499918168,0.6719645957400467,10.160933449152369,1164,0,0,0.1537,0,0.0001
0.5410289196425256,-0.0017781213121822533,9.913213436160325,-0.30304870673976414,-0.07374347702192735,2.001934423607733,0.49897907742646663,0.08722988035400948,9.939794630913118,1165,0,0,0.1536,0,0.0001
-0.38927578397068563,0.013647518815197674,9.818772624231334,-1.3187336000119079,2.256638730901062,-0.4770377219727572,-0.47048961690394125,-0.03221831547436321,9.919785037465807,1166,0,0,0.1537,0,0.0001
0.1485783219620483,0.15631176893721788,9.583731488912,0.8492844072867982,-3.7343027288285073,6.289526231126587,0.04770400805434523,0.0995003961367909,9.637879681439953,1167,0,0,0.1531,0,0.0001
0.18351103827625914,0.46742042884352797,9.555086008817268,-2.9398732037017634,10.191048459308362,7.770105461058586,0.17602095643887014,0.4279671411309788,9.610127938425602,1168,0,0,0.1223,0,0.0001
0.00979576985625483,-0.14386194576269182,9.926300757482057,-0.05155210537007551,-3.1270794324538524,-2.7115108030754,-0.06444187168749252,-0.2619049204225425,9.890906699850404,1169,0,0,0.1537,0,0.0001
-0.13164210755256378,-0.5274599374153364,9.82947831695333,3.8591944526421953,-4.199276528674915,5.700977138446433,-0.1838598512733638,-0.5994557169125074,9.766108991253468,1170,0,0,0.1536,0,0.0001
-0.019781269349706476,-0.4249813016904449,9.692353266603744,1.0897639813325886,-1.7434657978160364,-2.1058931753461407,-0.08483167553787699,-0.34658617666741987,9.76008265546546,1171,0,0,0.1537,0,0.0001
-0.23655354643700802,0.14814214524425917,9.718163277139297,2.012093012969422,-1.8684699179511761,-0.24093856594600377,-0.23082928048588566,0.22004317290573902,9.721712659077228,1172,0,0,0.1537,0,0.0003
0.4215506988340692,-0.35780393836088914,10.071315999306838,-1.2687218201101058,0.3374695136208121,-1.57385571886087,0.4764185243383151,-0.35253260821151156,10.0218674940453,1173,0,0,0.1537,0,0.0003
0.039135314493950434,-0.08980898140691392,9.971110379683873,-0.4790192303491445,-1.5859829706236688,1.8698254643625276,0.04109119587119855,-0.057211365630674325,9.992685869664454,1174,0,0,0.1537,0,0.0003
0.7653053767587195,0.01724269660764777,9.604074382800812,-1.5863858063381027,0.6553453645284231,2.6505467800206945,0.8340081266834602,0.10337381861904753,9.62277563713026,1175,0,0,0.14,0,0.0003
-0.022610488712442704,0.34555142201785377,9.612153404089616,5.574666313586907,6.782110128128803,-2.612573807851877,0.010038040643892045,0.4553781599215225,9.558158592998977,1176,0,0,0.1537,0,0.0003
0.1450945776716669,0.3990948806039412,9.812006710870364,2.239682201224287,-6.584558487922102,-3.0837544730917896,0.11432793745452063,0.43626288327725615,9.711519331238522,1177,0,0,0.1537,0,0.0003
0.062199010156023214,0.03894323774635023,9.624971738560193,1.648596125710232,0.5624430129499177,0.9245523288968409,0.02248958029260014,0.11376738859408331,9.542596399646296,1178,0,0,0.1537,0,0.0003
0.46631968617787856,-0.21576409176087483,9.98616735449147,2.700964139024159,-4.526768316848173,3.4767045768257647,0.5447480385511574,-0.15605518945695462,10.04043420255287,1179,0,0,0.1537,0,0.0003
0.14939609844189358,0.13844101608000733,9.75588832772732,-0.7677248371340998,1.7756885208120927,0.5478401900334455,0.10741250871335065,0.08979568431000981,9.63810426870665,1180,0,0,0.1537,0,0.0003
0.47031230103008126,0.10256922995319184,10.460500282150402,3.0275898227015143,3.6032300462953257,0.48433000412309035,0.4741901511460675,0.1640927846370795,10.417093895734775,1181,0,0,0.0863,0,0.0089
0.16800152237950758,-0.47716380091188354,9.594747996732528,-3.8570620449389974,1.9414403410999563,1.647604498785852,0.17143839745649103,-0.5303602286006271,9.61529298424694,1182,0,0,0.1537,0,0.0089
-0.15968595781667683,-0.3554899226496404,9.438013222975085,-0.15244498447966595,1.8574582986118258,3.3478586841529223,-0.20785991067557913,-0.38531204612418396,9.4993757049656,1183,0,0,0.1537,0,0.0089
0.16469468432936218,0.25307862748814314,9.449989579768486,0.4982775987448724,-3.75350929515211,-4.387832863677994,0.21827139058661338,0.26747450686946445,9.401632082942726,1184,0,0,0.1526,0,0.0087
0.48348432356956494,0.18902970964167734,9.819965299475625,-3.6081188850596777,4.480301940971787,2.0861405650783222,0.4154625568911974,0.173114460396218,9.835644971178839,1185,0,0,0.1537,0,0.0087
0.17763070988886945,-0.4509264673504083,10.39742784804057,-2.762645115132964,-0.3083845788460656,3.1700225608903274,0.23872263722721543,-0.54389491791516,10.354431237045953,1186,0,0,0.1138,0,0.0087
-0.6707887495374321,0.7056634331056257,9.714557806202864,0.01526364197438584,-1.1866836470744047,-3.9284303781266754,-0.6567465775269644,0.7595974105199297,9.685479237159425,1187,0,0,0.1592,0,0.0086
-0.19280092622966458,-0.16916673128616805,9.54223218227271,2.620515418547421,-2.2006054128701438,-1.7628386011239956,-0.1527742183944542,-0.23646982669783642,9.589179018649391,1188,0,0,0.1537,0,0.0188
-0.0799035183085324,0.20148267588903138,9.599017075781033,-2.696706370507069,-1.1942968227897592,-4.644959784812524,-0.09912741946015173,0.16295520008442801,9.521172072435668,1189,0,0,0.1537,0,0.0086
-0.18174549605110804,-0.05273336452178953,9.676393048912896,-6.374990223941893,-3.8729173938396877,0.6729050055990042,-0.2494407454921156,-0.07381841083191218,9.680191142527697,1190,0,0,0.1537,0,0.0086
0.4217450134328704,-0.34981923500843465,9.920209421747673,0.14318383706691662,4.332402146270008,6.077683093567685,0.5506638354535733,-0.26691104753592604,9.910877597559615,1191,0,0,0.1537,0,0.0386
0.242140919403616,0.687918818856009,9.907540274529437,-0.22941510361962597,1.9842257362649058,1.914697625226696,0.25273612264546047,0.7514640510796864,9.871170165592611,1192,0,0,0.1513,0,0.0
0.027212936145904965,0.3499162649645338,9.831770518973322,3.7240720621994146,-1.8636087873181124,-1.457582193214203,0.009822861389136833,0.4310400171589732,9.861616974031449,1193,0,0,0.1537,0,0.0
-0.08395002830958655,0.3965176851486951,9.840634778826729,-4.152602665754105,-5.8109216076077,-2.7000781362828867,-0.02295285107340951,0.3683081906750961,9.856998756256704,1194,0,0,0.1537,0,0.0086
0.39561723443970986,0.2606532951622203,10.057126561684266,1.6276955715799413,4.230107285483285,-3.531937411275509,0.3949495256839814,0.3058192806036613,10.099599483790891,1195,0,0,0.1537,0,0.0086
0.3603813269378294,0.04779224062650933,9.8954963046438,0.7353376481541767,3.564121909676727,-2.958955012966668,0.4208438637540684,0.10396347935849538,9.950018738144635,1196,0,0,0.1537,0,0.0288
0.3262148171806073,-0.3038612658633347,9.82259226643114,8.444440425908637,-1.3745605925154827,-1.4616415989869735,0.33881306184023274,-0.36034088689079363,9.804697162022833,1197,0,0,0.1218,0,0.0088
0.3479138733296105,0.17781110718051588,9.594385043522825,-0.08064148253583528,2.808091941327588,-0.6022364352663852,0.2997499478002101,0.20577036628177803,9.673415052051144,1198,0,0,0.1537,0,0.0002
-0.2364917251544143,0.3305798466805451,9.762958829278697,0.5697587767574002,-5.206591177878418,2.7422616793704795,-0.16268976585506947,0.4158621135920839,9.74562247270216,1199,0,0,0.1537,0,0.0002
-0.41034844657506325,-0.5926840707027331,9.720782603781766,0.330163691549055,-2.0538344589508704,0.7645359717865505,-0.4618638607807719,-0.6557790191421801,9.728682022188941,1200,0,0,0.149,0,0.0002
0.11798571855491675,-0.14281251827157002,9.8370298998928,-2.245966824952035,-0.6696399280589964,-4.934287482561119,0.13961689492625656,-0.0496676973994179,9.805337795357925,1201,0,0,0.1537,0,0.0003
0.33167734406272587,0.2964136948323765,9.814850031583713,3.8228644878582063,0.21639152634093065,-1.4812266590404224,0.31151479744302135,0.1587944097308236,9.817369623367039,1202,0,0,0.1537,0,0.0003
-0.36033128113589813,-0.1204694415173864,9.509583908190283,-0.7227894034766151,-1.4171807517858253,-1.4414550621891837,-0.39935856485887095,-0.08933237976020919,9.559644023851172,1203,0,0,0.1537,0,0.0003
0.4705715448152014,0.11490941616573677,9.90122762823101,0.739664574366368,-1.551133995552105,3.9516184160134156,0.4218207802455437,0.039486253275837685,9.875800446331786,1204,0,0,0.1537,0,0.0103
-0.10297558653020457,0.11768416361058022,10.15464539137822,5.554824770457238,4.901125686037251,1.3864284052141604,-0.07514935071122797,0.14466785083810169,10.164329898247324,1205,0,0,0.1537,0,0.0103
-0.8122165083283671,0.03608248924348834,9.782725762867795,2.9454212614932525,-0.17535912849588675,-2.48709219973861,-0.877972153464665,0.07241549824923102,9.717910928600318,1206,0,0,0.1481,0,0.0003
-0.006430028443234896,-0.46476252873918067,9.870014701037759,-0.1888725884855213,1.9910104669657234,-0.286102817477215,0.08322473812925621,-0.4131022694860366,9.829965710345306,1207,0,0,0.1537,0,0.0003
0.08132607766786513,-0.3664097171806384,9.821962195467668,-4.042028986890291,0.7377460291344166,-2.7105116792076767,0.07731849737379501,-0.3010952056267834,9.780034629599042,1208,0,0,0.1537,0,0.0003
0.44997593518361684,-0.23091794088012477,9.584424782750082,-4.00732284028679,3.6304536055488636,0.7171196974578947,0.4113493096578703,-0.24847972465477258,9.620227223164514,1209,0,0,0.1537,0,0.0003
-0.049657422463482245,-0.04290272321314544,9.824522548812935,-3.815401892941258,1.3232097667720133,0.5364626897996041,-0.09632515270388177,-0.02940422377684551,9.861028005345705,1210,0,0,0.1537,0,0.0003
-0.1597263279930509,0.14896716252727232,9.67415098674409,-0.22835931516707586,-1.565028866933818,0.40292788913014366,-0.22641746994638626,0.18040693622115117,9.697408198244625,1211,0,0,0.1537,0,0.0003
-0.4043023031168461,0.10591416263302687,9.759291873697908,-1.394907941986234,1.4028915743090664,-3.3106976560178296,-0.42218890347663723,0.18445698240836816,9.711917956961365,1212,0,0,0.1537,0,0.0003
-0.26186872615515683,0.44157169794991113,9.974052819369353,1.7212038699530603,-0.7542835302038746,-1.597015308734747,-0.29451397581879135,0.4668564685678194,10.037250138189506,1213,0,0,0.1537,0,0.0006
-0.2029927112274756,0.3720437344120137,9.8611946220563,-3.595135455749077,-4.810530324406316,-1.1310312456790943,-0.2029927112274756,0.3720437344120137,9.8611946220563,1214,2,0,0.1537,0,0.0003
-0.1968019746425829,-0.04007346810674238,9.708646099207217,1.2675867045426399,4.977746448739886,-6.151593748645084,-0.1968019746425829,-0.04007346810674238,9.708646099207217,1215,2,0,0.1537,0,0.0004
0.11931372549189782,0.11516983183064021,9.782361925645182,2.8063253443524636,1.8997626560913399,2.5094848061189277,0.11931372549189782,0.11516983183064021,9.782361925645182,1216,2,0,0.1537,0,0.0104
0.2737283681969927,0.27744956713205016,9.845975806207473,1.7809014081597565,1.7911105931119695,-1.5255738982995197,0.2737283681969927,0.27744956713205016,9.845975806207473,1217,2,0,0.1537,0,0.0004
-0.11221554925476482,0.2989801787713263,9.811522222165546,1.2656894119813566,4.2780587319109875,1.3755091465064586,-0.11221554925476482,0.2989801787713263,9.811522222165546,1218,2,0,0.1537,0,0.0111
0.004512950593411858,0.7665190922067616,9.690691430711375,0.21830543594985263,1.7780700934351688,-0.020298094409916766,0.004512950593411858,0.7665190922067616,9.690691430711375,1219,2,0,0.1501,0,0.0111
0.1307610970328397,0.14080807256884695,9.590476665837631,5.892260224823289,-4.589816864955821,2.5940934648998275,0.1307610970328397,0.14080807256884695,9.590476665837631,1220,2,0,0.1537,0,0.0111
-0.12032584944754635,0.1387287171622545,9.63479572390971,8.92245485515509,-1.2613567428241614,3.393321376028429,-0.12032584944754635,0.1387287171622545,9.63479572390971,1221,2,0,0.12,0,0.0007
0.32947860129019974,0.33912976107374776,9.912928942580587,-2.1984077396065924,-7.313783226568978,1.5190462247106127,0.32947860129019974,0.33912976107374776,9.912928942580587,1222,2,0,0.1535,0,0.0007
-0.18903496297730454,0.18600558120839475,9.688954119326441,-9.42889263393232,0.27368271836337515,3.5709142110404652,-0.18903496297730454,0.18600558120839475,9.688954119326441,1223,2,0,0.1446,0,0.0007
0.4041941856380956,0.23941303414497028,9.845473696992615,-0.7539158486824908,1.7551923442864918,-4.388387830959693,0.4041941856380956,0.23941303414497028,9.845473696992615,1224,2,0,0.1537,0,0.0101
-0.44935514463718124,0.09270815487644861,9.950082133941493,2.2436931500660893,-4.655984250304143,-1.6619553993798335,-0.44935514463718124,0.09270815487644861,9.950082133941493,1225,2,0,0.1537,0,0.0208
-0.20639880995418303,-0.037592648162895224,9.777147195075095,1.8087242980458411,6.599189564836537,1.7663242907158216,-0.20639880995418303,-0.037592648162895224,9.777147195075095,1226,2,0,0.1537,0,0.0108
-0.06373073759257952,-0.4693441101411421,9.623566389853556,-4.310619477960264,4.079959756183164,-1.8698697760138767,-0.06373073759257952,-0.4693441101411421,9.623566389853556,1227,2,0,0.1537,0,0.0114
-0.22238384766967165,-0.22597194642990218,10.132766337697804,2.472223148752201,0.9410788910512875,-0.656336530123176,-0.22238384766967165,-0.22597194642990218,10.132766337697804,1228,2,0,0.1537,0,0.0021
0.18510431991600318,-0.5976792502465437,9.656743479604536,1.319339978196237,4.80682469779639,-1.2335700254511606,0.18510431991600318,-0.5976792502465437,9.656743479604536,1229,2,0,0.1537,0,0.021
-0.20144222400664355,-0.234000030070657,9.657916756557944,0.23689821227484406,1.3788552732219426,3.077655073847241,-0.20144222400664355,-0.234000030070657,9.657916756557944,1230,2,0,0.1537,0,0.0126
0.40201961775960426,0.06410083708174254,9.717195800848554,1.9874368235870092,2.392086560300839,-1.5922334903265591,0.40201961775960426,0.06410083708174254,9.717195800848554,1231,2,0,0.1537,0,0.0126
0.6433990550219899,-0.36801002192162174,9.452461105247846,0.061558297449920876,-8.446803234711282,3.497037815695255,0.6433990550219899,-0.36801002192162174,9.452461105247846,1232,2,0,0.1494,0,0.0013
-0.40185367296025204,-0.020024730684282045,9.873122946692343,6.496119340403826,-1.3254599910524407,-1.0380408031086867,-0.40185367296025204,-0.020024730684282045,9.873122946692343,1233,2,0,0.1529,0,0.0019
0.30273420600519246,0.6159161927212028,10.037979481632817,-8.325764625281664,1.4558920234703958,5.242681215300202,0.30273420600519246,0.6159161927212028,10.037979481632817,1234,2,0,0.1438,0,0.0013
-0.17024877725392418,0.4614437884190017,9.73904805253642,2.792869704427701,-2.453319712608697,-2.882778643468915,-0.17024877725392418,0.4614437884190017,9.73904805253642,1235,2,0,0.1537,0,0.0013
-0.11824250922812402,-0.05504786590868027,9.699222652657618,-1.942284361117876,-1.6294206813365324,-0.47616231997253367,-0.11824250922812402,-0.05504786590868027,9.699222652657618,1236,2,0,0.1537,0,0.0019
0.014701713998051412,-0.3024319062943141,9.773981720957075,-0.2785524360630298,-1.0702596723481073,2.670377136329436,0.014701713998051412,-0.3024319062943141,9.773981720957075,1237,2,0,0.1537,0,0.0019
-0.42708070318133373,-0.4182271782990427,9.876924236191478,-0.3589897145279612,2.2149094929567528,-4.2133000785027805,-0.42708070318133373,-0.4182271782990427,9.876924236191478,1238,2,0,0.1537,0,0.0013
-0.4907965645542758,0.7049287548208548,9.916284510263543,-1.3624055113139075,0.5915748724356173,1.024384904017393,-0.4907965645542758,0.7049287548208548,9.916284510263543,1239,2,0,0.153,0,0.0006
-0.39177643078361774,0.18471007536715103,9.914706732712784,-0.9866915277069175,-4.113024816327504,1.1456196625831243,-0.39177643078361774,0.18471007536715103,9.914706732712784,1240,2,0,0.1537,0,0.0006
0.03509630079306756,0.11041415061833337,9.63141784497978,5.4211033021777855,0.9466064468300518,-0.6907205094814481,0.03509630079306756,0.11041415061833337,9.63141784497978,1241,2,0,0.1537,0,0.0013
0.41638081584107234,-0.004867685030271534,9.780718951708161,0.7463735900835302,1.2909729586494625,8.241301265058071,0.41638081584107234,-0.004867685030271534,9.780718951708161,1242,2,0,0.1484,0,0.0015
0.12481322383859444,0.4244522321371366,9.943654232940577,3.1736340641331955,-1.8725166986504158,-3.204876425995037,0.12481322383859444,0.4244522321371366,9.943654232940577,1243,2,0,0.1537,0,0.0015
-0.13538328785309586,0.00715442925636225,9.780809846782981,-1.0351556946294171,0.9512907135182112,4.164027206930257,-0.13538328785309586,0.00715442925636225,9.780809846782981,1244,2,0,0.1537,0,0.0014
0.3167160208308252,0.05407421255159175,10.384256229910298,3.1984926000745717,4.109742579660623,1.1831425668645537,0.3167160208308252,0.05407421255159175,10.384256229910298,1245,2,0,0.1191,0,0.2815
-0.0374612352658499,0.36599665865913905,9.947120253902048,1.0938492188207567,3.088973733277982,5.178625082629534,-0.0374612352658499,0.36599665865913905,9.947120253902048,1246,2,0,0.1537,0,0.2613
0.22247913158363658,-0.19091759636869723,9.670868969011979,-1.0429973405232023,0.99510626726122,-2.5798792862426456,0.22247913158363658,-0.19091759636869723,9.670868969011979,1247,2,0,0.1537,0,0.2312
0.24627907270584434,0.08342801104148578,9.981925938633532,3.2943172129022757,0.5286289184052559,-2.3134100801699162,0.24627907270584434,0.08342801104148578,9.981925938633532,1248,2,0,0.1537,0,0.2813
-0.14321925713206504,0.1550317032780283,9.755250145824816,1.7581367534274785,-0.7878262768346806,-3.6205858589048088,-0.14321925713206504,0.1550317032780283,9.755250145824816,1249,2,0,0.1537,0,0.3013
0.6262377574328387,0.2018495233939899,9.774802902228709,0.6552620563290343,2.286609956403172,2.1293170608662946,0.6262377574328387,0.2018495233939899,9.774802902228709,1250,2,0,0.1552,0,0.2912
0.029664966507448414,0.14681230828278496,9.873309551412271,3.043410007540842,-1.187796510443841,2.9368841811719246,0.029664966507448414,0.14681230828278496,9.873309551412271,1251,2,0,0.1537,0,0.263
0.44818072277510934,0.4657081437003924,9.827516852453181,5.037944395570327,2.9854772926690636,-3.440310756814597,0.44818072277510934,0.4657081437003924,9.827516852453181,1252,2,0,0.1537,0,0.263
-0.43504915472548616,0.32113270400486876,9.642734346738848,-6.209615403026434,-0.9537193349125808,5.927341694444944,-0.43504915472548616,0.32113270400486876,9.642734346738848,1253,2,0,0.1537,0,0.261
-0.10294871264786971,0.06538271003839433,9.49457156537655,1.1947780848122982,-1.1070630119142169,-1.704464711764926,-0.10294871264786971,0.06538271003839433,9.49457156537655,1254,2,0,0.1537,0,0.2515
0.0061580272213635125,-0.1538051853116342,9.879292704576054,-1.3820779599216555,-1.2093130395299723,1.480764957606901,0.0061580272213635125,-0.1538051853116342,9.879292704576054,1255,2,0,0.1537,0,0.2717
0.2273011302099157,0.42725351823696806,10.164914143935928,3.2053944788657582,-2.273840609194389,5.32006025635749,0.2273011302099157,0.42725351823696806,10.164914143935928,1256,2,0,0.1537,0,0.3036
-0.2836652603398429,0.026592237464751124,9.708834146747343,-1.4704008994578603,-1.1133254181183332,3.611066042797867,-0.2836652603398429,0.026592237464751124,9.708834146747343,1257,2,0,0.1537,0,0.2736
-0.2113751771476618,-0.07334108803503987,9.530995690501816,-5.274885912747605,7.307589942907043,-2.1445197531656732,-0.2113751771476618,-0.07334108803503987,9.530995690501816,1258,2,0,0.1473,0,0.2322
0.6710393960474029,-0.08411734207299656,9.578923538096689,-3.1072019186003077,0.31206144247631507,3.6566651752269577,0.6710393960474029,-0.08411734207299656,9.578923538096689,1259,2,0,0.1555,0,0.2522
0.12290187787856877,-0.15399789229493502,9.609546151408436,0.3163514755897124,-1.4977655865961068,-3.1282735493720617,0.12290187787856877,-0.15399789229493502,9.609546151408436,1260,2,0,0.1537,0,0.2522
0.25713661564587426,0.33043970876838186,9.7052839130092,-0.1512106150723073,5.241605819058908,0.8117706461920753,0.25713661564587426,0.33043970876838186,9.7052839130092,1261,2,0,0.1537,0,0.2522
-0.41391714625242987,0.24371552181981482,9.495521263713774,-2.114949201810936,-4.633742178990803,3.4444613568345295,-0.41391714625242987,0.24371552181981482,9.495521263713774,1262,2,0,0.1537,0,0.251
0.23345567909643264,0.10450976245996225,9.961931552931734,-4.085747555239604,-1.7070470198561973,1.9373234731005482,0.23345567909643264,0.10450976245996225,9.961931552931734,1263,2,0,0.1537,0,0.2513
0.21443885579157249,0.24208899911274318,9.608863156511516,-1.6130288395284975,7.007739972104676,-0.9684934774221725,0.21443885579157249,0.24208899911274318,9.608863156511516,1264,2,0,0.1514,0,0.2513
0.17151026150970164,-0.026165963567252412,10.206136880534233,2.666349648847893,-1.1781399312995913,-1.563003313677319,0.17151026150970164,-0.026165963567252412,10.206136880534233,1265,2,0,0.1526,0,0.271
0.0021322561052137894,-0.14731185122691234,10.041341646787224,0.5856718841599095,-1.7434915069972123,0.6262112807406743,0.0021322561052137894,-0.14731185122691234,10.041341646787224,1266,2,0,0.1537,0,0.2813
0.19272636683123662,-0.4032366977676281,9.65052604858362,1.1926315802941727,-1.481485649291054,-2.20363196938008,0.19272636683123662,-0.4032366977676281,9.65052604858362,1267,2,0,0.1537,0,0.2813
-0.18054661479833253,-0.24963687886528077,9.632527350643892,1.5073284097635793,2.185754876606591,6.813429928915145,-0.18054661479833253,-0.24963687886528077,9.632527350643892,1268,2,0,0.1531,0,0.2813
0.17542849609747438,-0.033615654818857046,9.82428307768032,2.057158201001373,-6.549476744195809,6.687781539481308,0.17542849609747438,-0.033615654818857046,9.82428307768032,1269,2,0,0.1531,0,0.2713
-0.35562062895237845,0.1193997143212853,9.54552618478634,5.195287038577796,-0.788528576514224,1.659410954452051,-0.35562062895237845,0.1193997143212853,9.54552618478634,1270,2,0,0.1537,0,0.2714
-0.8757455044271732,0.1670011372496954,10.089322872696359,-2.469910103123941,2.745096915390496,-5.4562259271067255,-0.8757455044271732,0.1670011372496954,10.089322872696359,1271,2,0,0.1635,0,0.2632
0.41605082862436704,0.042659992625948114,10.189390538753013,2.8188546190530968,-1.292692931739321,1.0807247908004043,0.41605082862436704,0.042659992625948114,10.189390538753013,1272,2,0,0.1533,0,0.2316
0.8108676707536753,-0.0667103992253921,9.983759851478535,1.7378840127660373,4.197659246002823,6.552642565356653,0.8108676707536753,-0.0667103992253921,9.983759851478535,1273,2,0,0.1869,0,0.2714
-0.041783392762788016,-0.7810966562079745,9.936409359128668,0.5149388581336977,-0.9686098113607221,-6.200461499130874,-0.041783392762788016,-0.7810966562079745,9.936409359128668,1274,2,0,0.1483,0,0.2362
0.36755756083541624,0.06824145743854858,10.076629955432647,-4.397447800280831,-4.929256736888709,-4.220408679749293,0.36755756083541624,0.06824145743854858,10.076629955432647,1275,2,0,0.1537,0,0.2249
0.09484922399190489,0.40405257717848336,9.685515267086098,2.9948897219883603,4.102542930003747,-0.4430240346118848,0.09484922399190489,0.40405257717848336,9.685515267086098,1276,2,0,0.1537,0,0.2449
0.06144914025699982,0.04324216774141137,9.744368699787914,-2.8190554644845243,2.9486504279988757,-1.1289729649247713,0.06144914025699982,0.04324216774141137,9.744368699787914,1277,2,0,0.1537,0,0.2362
0.17802256507773226,0.40163906097871294,9.925444215145303,1.9973027465431277,0.9736177605892646,-5.9818779125392725,0.17802256507773226,0.40163906097871294,9.925444215145303,1278,2,0,0.1537,0,0.2149
-14.957411732492194,11.650952226455205,3.9272267622613164,-259.5868015781588,-271.74741803021334,152.0449550392242,-1578.1447599410465,-926.2614566986774,-245.52631619854674,1279,2,2,1.0,2,0.61
13.695526355842285,-13.683802880083906,2.8644236388172697,-291.31240584885387,239.86391835670972,156.47446495690872,-1334.0421945101687,-822.3264353996905,-386.15546674839135,1280,2,2,1.0,2,0.73
-15.226377712304647,11.375171203770169,5.370635361562797,247.41361873721803,-250.95719064673509,-226.30604421114927,855.3954825919816,-510.99794497880157,-377.88377037473265,1281,2,2,1.0,2,0.8
16.703847436257988,13.502302547710803,5.637462424696958,-165.94281922158552,-256.2675705649897,-110.791226513013,668.2150663279197,404.40903388270783,-133.043326886415,1282,2,2,1.0,2,0.94
