ax,ay,az,gx,gy,gz,hg_ax,hg_ay,hg_az,ms,true_label,p1_label,p1_crash,p2_label,p2_crash
-0.05768481590284881,0.2820508539202742,9.937537582249087,3.9070393068242453,1.9209117834872809,2.1720477251713044,-0.016782644827321835,0.30385265091953595,9.916665772507564,0,0,0,0.1537,,
0.11227874447199054,-0.08946962150147561,9.738221013885305,-1.1868472074561802,-10.163776134035606,-1.9962109982634286,0.1503757872189092,-0.10343830892489038,9.780661661995671,1,0,0,0.1469,,
-0.168114877866438,0.10427308068858239,9.743399086823414,-2.658331764705044,-2.8489159924976297,0.39912425761063486,-0.15269664282055312,0.08662401046492907,9.680925074547623,2,0,0,0.1537,,
-0.13118908253614422,0.014514369268237567,9.996915320168293,1.1815234680422155,3.052485213963293,-0.19926926594911393,-0.07722452875195415,-0.04522921215828564,10.039658268563024,3,0,0,0.1537,,
0.3329787212709933,-0.12133276356432406,9.897436458255582,-1.1464397140266787,3.0197252489556328,2.6021496693760344,0.4143013141197497,-0.1288412229162877,9.888499423251192,4,0,0,0.1537,,
-0.2373939960321641,-0.43561083566303094,9.826546030730144,-4.227401865179479,-1.7948001489707426,-3.4411319608127657,-0.22629784447450654,-0.40055551227924446,9.837185738814288,5,0,0,0.1537,,
0.014444775721456799,-0.6569570204123034,9.613696473835736,4.092685439182413,6.079086667339181,-1.0456876116761769,0.025587481317179018,-0.6558198132792622,9.668995176885739,6,0,0,0.1517,,
-0.04963083754733914,-0.8926342640164443,9.652120683881702,-0.3532858670934361,4.438656687526801,2.1013095430270616,-0.039723825375044756,-0.8380205002257035,9.691365710564384,7,0,0,0.1265,,
0.14455867427070337,-0.010011904192223224,9.887764240385154,3.8651586386968653,-0.786403709766353,-0.5208175451068064,0.14394244522484795,0.00822736934710436,9.933775865030468,8,0,0,0.1537,,
-0.07831368839648054,0.6131826113942312,9.84152553958585,-0.6416705814785353,0.6752687649268538,-2.4061668995331256,-0.16693573667669392,0.5716363361368553,9.882440890795285,9,0,0,0.1536,,
-0.024239324075439956,0.2314563314038297,9.57100641493272,3.831194125870063,-0.7132961286724313,-2.4928309390774612,-0.0075150410505952295,0.19309245617983478,9.623095544684242,10,0,0,0.1537,,
0.05299973436743547,-0.7716434283160731,9.514477235183495,-4.240767404917732,-2.169487932607292,-2.8434351894515113,0.008506038032302154,-0.79172473282913,9.421339712665228,11,0,0,0.1484,,
-0.5653285466874749,0.07532101711592248,9.677227825212718,-4.048391636565856,-1.0423576610168845,-4.057095967240378,-0.49016905029467617,0.09227721616652841,9.652186103268269,12,0,0,0.1537,,
-0.012552395755876496,-0.1784315539527231,9.457162268053349,-0.5507459375173185,0.7672143263454494,-1.099673423075957,-0.008118037826101727,-0.10696513840109163,9.453255587840086,13,0,0,0.1534,,
0.04671247590075662,0.4491649106247295,9.808296667406742,-0.46308116661906773,-3.9321061795508285,0.08039953259374433,0.06977627131043486,0.4641054474916422,9.778301098365189,14,0,0,0.1537,,
0.01849147583999738,0.2937309403149414,9.76130927890723,0.3687205450208847,-3.7071028337166236,5.095611257081529,0.07496123983634242,0.3002643964414758,9.811978623653445,15,0,0,0.1537,,
-0.4841078123123885,0.20825539608810473,10.004055569283006,2.3950498992557985,0.9068672590754568,-0.7144179802730617,-0.4281478123888849,0.14284826755986374,9.992628291052121,16,0,0,0.1537,,
-0.01246758020555175,-0.053345932940438635,9.646931804497143,2.8286365967457376,-2.3211263865554517,1.768761629733973,0.009307982017674453,-0.0665761088281821,9.69703639375502,17,0,0,0.1537,,
-0.3633322460581301,0.12774214951944818,9.685128830434548,4.991380077292996,-3.0900649336874184,-3.5636403436256168,-0.34744232198695413,0.0644644008662398,9.794433559570113,18,0,0,0.1537,,
-0.27506006764536284,-0.031346784489396366,9.944272314063934,0.6005023368148561,-4.741411505186929,4.147163303166441,-0.2541469478657024,0.013570943838708494,9.93578267162243,19,0,0,0.1537,,
-0.06622358088334075,-0.09723173447991186,9.704192428052925,3.24894483496424,-2.4649682681802623,-1.7748289899518188,-0.11470461672006875,-0.15434886292113192,9.677931505572442,20,0,0,0.1537,,
-0.575008209896693,-0.09057902607935392,9.731759071893862,-2.202117146956714,3.2099240251658276,-1.6381540021597247,-0.6046475366810002,-0.14839293612224064,9.774566071948458,21,0,0,0.1537,,
0.17255080755265592,0.4273548659264661,9.671847812679678,-2.518454896241166,-3.4924823889029484,0.7643804439228872,0.1717329308404288,0.4756335157586293,9.649214363864031,22,0,0,0.1537,,
0.2143745157923558,0.16866211030702183,9.983747011996574,3.4948537489211677,4.211802836898979,0.10746000774699581,0.16385149736654786,0.2399580767522288,10.008473400991063,23,0,0,0.1537,,
-0.17322205511037814,-0.10308815287996101,9.490786562682695,5.192096797042958,-0.021286536915743323,1.9253236320522586,-0.1544832519443037,-0.09659937893031251,9.56999083779765,24,0,0,0.1537,,
0.26800578113486834,-0.0203533333525962,9.682390681258967,2.7621125765804315,1.9332716749739483,2.5372808158900964,0.30053971791943856,-0.10626911985247003,9.653732620190512,25,0,0,0.1537,,
-0.07345737202083247,0.280805013897942,9.706629807853686,-2.547222014657921,-1.5130832649610841,4.215588677670329,0.01233005973322121,0.18640747312332873,9.785215507748571,26,0,0,0.1537,,
-0.47118562863671015,-0.13683539345190604,9.764002564022956,-1.2796029909260946,-3.485758403186952,-1.072082315881369,-0.5832623740758581,-0.16706130949266942,9.706473043792892,27,0,0,0.1537,,
0.20812083122728905,-0.08353871874257114,9.610308902493188,-3.0821716234946055,-2.194488720860804,2.412248796209536,0.14984231160902095,-0.04333810384249788,9.655626720788003,28,0,0,0.1537,,
0.07770137420866748,0.3144686168138158,9.659639478875246,6.845569775215509,0.24306530408662244,4.093558353472867,0.1298055592312619,0.3125331401249235,9.54805968961574,29,0,0,0.1524,,
-0.24146817233961523,0.21332536266110766,10.015746087948939,-0.5303776577676238,0.4944390798045337,0.7817116581296178,-0.3186766891437036,0.29229998446823124,9.953788243792154,30,0,0,0.1537,,
0.24171731198924729,-0.1840583739223679,9.685523012124413,6.879831896874583,-1.2239769312142277,3.3537150129077222,0.18725732115705374,-0.16533805616657923,9.75222329159108,31,0,0,0.1524,,
0.1508936410992576,0.26878144498359663,9.653251994009938,-4.2756695511367875,1.1012458988298142,1.0513320007133824,0.2626482967604848,0.16728296644292112,9.616800837633416,32,0,0,0.1537,,
0.25352527532219626,-0.1963718663050437,10.05068242801926,-0.04482488873479319,2.0012399148198616,0.5556052549786171,0.33417999561948036,-0.2057061801552665,10.060305682876574,33,0,0,0.1537,,
0.5119025432751073,0.10681535414224348,9.82905043048198,-0.20264413990674285,-1.9762559277715792,-1.5826026460919893,0.4959833189832286,0.035845972538615004,9.787371303638329,34,0,0,0.1537,,
0.10429230820547714,0.31575776027653335,9.715818518456093,-0.9588026245694228,1.923589421818376,-4.540855343401006,0.1291808077277671,0.29532584864926337,9.678802966988265,35,0,0,0.1537,,
-0.3581738368655731,-0.49735558825291915,9.7058911360351,0.2337028294540115,-1.011915712320569,-2.2883599171441613,-0.3911562671135807,-0.368589341240536,9.71480106428198,36,0,0,0.1537,,
-0.2374885976555364,0.15091646128211558,9.733795016279503,4.95723603467944,-5.935900778325147,-0.44124525916447577,-0.180869995201222,0.08124703571113544,9.702246020293687,37,0,0,0.1537,,
-0.27137810717443145,-0.6766003181806872,9.7717344573382,0.21805015510134348,-6.393423263996799,0.28292612642571974,-0.2625166142493255,-0.6890274163664487,9.790063758839684,38,0,0,0.1535,,
-0.2661462422267936,0.2568352942174346,9.89512283027127,-0.16335646859243558,0.7274472760573509,1.6460529819494063,-0.3002627588884198,0.275819367494464,9.939050525523982,39,0,0,0.1537,,
-0.10361952565078249,0.29939388452833815,9.938356442173461,-0.4409656767825131,-2.448774737930483,1.7386748069051579,-0.10805698639354597,0.3254713647705426,10.020000493370235,40,0,0,0.1537,,
-0.017059459643263164,-0.14696755739758333,9.994645898373047,-3.948807803037166,4.864531924889326,1.3771367374885046,0.004471709385827249,-0.13097145453025108,10.067651924515719,41,0,0,0.1537,,
0.333944352531438,0.12599116782947006,9.768246568529335,-1.4102628096155594,1.513464255692867,5.441239497653897,0.2944248027380043,0.06155745772358674,9.762798917816204,42,0,0,0.1537,,
-0.24740181168887893,-0.027141245141020776,9.86820559269395,-1.0990469105692369,-2.8010607372321004,2.193904678077116,-0.20038143305275863,-0.0894922022599529,9.801311565215924,43,0,0,0.1537,,
0.3097670144219386,0.17206326452559162,9.67273069755304,4.937645883781786,-2.7959974680122652,1.3846808893677773,0.3824264603056221,0.2075912799973395,9.688368722009429,44,0,0,0.1537,,
0.6835808563184563,-0.606723019530604,9.546984258807665,2.512670117801094,-1.5526630380386317,2.0605001136062766,0.6993900489542254,-0.6843953076833958,9.570725015755757,45,0,0,0.155,,
-0.003403411534520544,-0.17631810731771388,9.748388330151847,-3.733972769039175,-1.60078015698755,0.6516753019834305,-0.025906503138921105,-0.1269549060356859,9.710581665614232,46,0,0,0.1537,,
0.12890358660173087,0.23187934826602508,9.872141093645482,-1.1332582114899619,-6.773094053536255,-2.651137326671199,0.07336647099859339,0.10591849323013869,9.855742872519736,47,0,0,0.1537,,
0.24435478298687033,0.17779559397631575,9.878949028107979,-0.9493094059281755,-0.8254778716482079,4.506230831144627,0.21029952126609797,0.11795241895349867,9.968404067876897,48,0,0,0.1537,,
0.9334194961913183,0.04979696556239237,9.873015257145953,-0.25203876372206807,0.33702424260198866,-1.7303145910152864,0.8711037224207677,0.12623030543939356,9.791333551357045,49,0,0,0.199,0,0.0001
-0.2881578810157711,-0.013838697128899456,9.945776182363785,-6.904250827627089,1.9894838245527695,-1.6691772017935995,-0.21198425410828625,-8.436814297255006e-05,9.913029494992575,50,0,0,0.1537,0,0.0001
0.14275577930876432,0.6045949463883178,9.879061784186899,-6.049018765110844,-0.6711273631054011,1.9055697234113558,0.1026532857899585,0.5218079025717709,9.936689659733183,51,0,0,0.1536,0,0.0
0.7020682398721572,-0.11297531508669657,9.700813312445453,0.913189590408618,1.2470272004655647,-3.263383602426015,0.6713483993519015,-0.08667568108534066,9.76990520924822,52,0,0,0.1555,0,0.0
0.8841129446782635,-0.34394913609504113,9.912580450274135,1.0433798525007179,1.9446242942879968,0.8401543222456396,0.9008033472924841,-0.39687335534092083,9.958471675659379,53,0,0,0.1751,0,0.0
0.3302271836285458,-0.2937612311170818,9.763441579879554,-0.42915116636469974,-2.0138438926421114,-1.5460314562002,0.31095691456833213,-0.32569018770927,9.664487864714104,54,0,0,0.1537,0,0.0
0.19370295675960744,0.22703134133266828,9.879103740405672,-1.0669435968957843,-2.209292542462789,-2.217065317279344,0.14425258473105457,0.3597259344364214,9.881574791613378,55,0,0,0.1537,0,0.0
-0.06282667447055582,0.27882655524797345,9.756492910088726,2.670346471014044,2.504172530580031,0.3647247076320007,-0.02868441843028944,0.34089702156103074,9.690849211946379,56,0,0,0.1537,0,0.0102
-0.38301900243269915,0.5889606800329484,9.93746672509545,-0.44969207331339656,-2.39189026468426,-4.662144928423222,-0.3220881708339294,0.5802004089148785,10.117657632923033,57,0,0,0.1536,0,0.0002
0.008632500703834898,-0.13926476246006478,9.51303298533222,1.6862490742077711,-1.6420514670272501,-3.7497351916692434,-0.0065098862429905195,-0.09944977920268086,9.507898747392334,58,0,0,0.1537,0,0.0002
0.1044613246961556,-0.24388927682671582,9.714517153693516,4.99072918847537,-5.403460433104826,0.4908451166408333,0.1110251469475709,-0.3946904781839303,9.74777614653106,59,0,0,0.1537,0,0.0002
-0.154710662081277,0.7279818508200192,9.655179921142906,7.154123544031443,-2.53152364781112,1.0721119589446477,-0.18262048073138723,0.7583134222016316,9.654976988949604,60,0,0,0.1502,0,0.0002
0.0479382954697709,0.12307358118440997,9.940401391028109,3.9377718283871754,-1.1703982366966241,1.2650292225924207,0.11672155154036687,0.2311891365720774,9.996198988597845,61,0,0,0.1537,0,0.0002
0.006465724235907526,0.6402060685026737,9.941734435217072,-1.2341010721650671,0.4227644710402948,0.7802525072114335,-0.0970524918980674,0.5896386189355994,9.96821251548388,62,0,0,0.1532,0,0.0002
0.36358848792442544,0.23756783854556893,9.569210111093216,0.4309903721255096,-2.1011225808674263,0.5610534468592676,0.4373817116138071,0.2691970631407152,9.57673087882624,63,0,0,0.1537,0,0.1302
-0.2009099151519951,0.8427919776080816,9.942730619301331,2.5032230935230593,-2.7257273504735418,-1.1426364083538283,-0.15996755525680503,0.8252620970285467,9.938393359640532,64,0,0,0.1271,0,0.0102
0.1886743250953651,0.11728518613012291,9.843420946742631,5.722304098146873,-0.1328460324175696,-0.6572674635207685,0.1269434499000613,0.11221419125143853,9.791106068181385,65,0,0,0.1537,0,0.0102
0.5771759498750064,-0.048103147471504494,9.759958305279667,1.1912665982441362,4.827114632888277,6.055165996842208,0.5758190536626787,-0.023035932506056907,9.750033014119174,66,0,0,0.1521,0,0.1302
0.3019908390530227,0.46332083999821616,9.712107118912192,2.9363008342840824,1.9329032106056947,-2.743595037917977,0.30058577700229844,0.38507376093856566,9.757977669801958,67,0,0,0.1537,0,0.1402
0.0948744316696794,0.3720104970300068,9.853517853483277,2.685621417471903,-2.770566820276962,-3.0601067199668823,0.08223950561826734,0.3999473386238059,9.822316567122936,68,0,0,0.1537,0,0.1502
0.6893449531190389,-0.17906468453555885,9.808890231365595,3.1719147853480507,2.956802693109431,-4.258549823183733,0.6983772460077922,-0.1222584079665267,9.833644513352104,69,0,0,0.1537,0,0.1802
0.5573442459868793,0.33287135515345295,9.851728694198258,1.194447414266701,-0.08091699408174705,-2.9047619118204624,0.5045752743207118,0.3202788253359796,9.916565855922496,70,0,0,0.1536,0,0.1802
0.022665447127302292,-0.01849742601949904,9.943554634546985,4.249222121577963,-4.838997673229138,7.110647420856312,-0.0632045695061525,0.001947698368980899,10.02294810801037,71,0,0,0.1531,0,0.1602
-0.3535074071253745,-0.5165578631179499,9.662858573418264,0.9824998489006262,-1.3111281036481088,5.05570114283133,-0.3943090426940992,-0.536411699905968,9.69277169026292,72,0,0,0.1537,0,0.1602
-0.45006093695165256,-0.5205160677200301,9.809915179199061,0.21045274499758893,3.1307993368901315,0.10535493813780869,-0.4457758273943381,-0.49566578808374095,9.835774170759276,73,0,0,0.1537,0,0.2102
0.3701690152393902,-0.3017869127543952,9.6682779112354,-0.5419968710613445,1.7194117065770582,3.0386067635234157,0.409112592334278,-0.28191303786449756,9.663430264180933,74,0,0,0.1537,0,0.2102
0.08965670877556405,0.16854679363507155,9.61425909995573,1.217430294899213,-2.3467101518683546,-0.8497089399326836,0.09082718131317187,0.22304765390056347,9.606092686405235,75,0,0,0.1537,0,0.2102
-0.30456166895843356,-0.7685549033978563,9.96375783452409,3.5460621835354567,-0.4106647154050381,0.1850857625780358,-0.2576490099802759,-0.702927599554204,10.003638621860032,76,0,0,0.1519,0,0.2005
-0.16854371034827878,0.23854102375901556,9.652703632442453,2.78430664528281,-1.3030077359446863,0.39523709229305626,-0.13156551975386777,0.13440806697517058,9.640255597407352,77,0,0,0.1537,0,0.2002
0.31136196584330794,-0.22987704216764243,9.929394024285973,-1.9170092705451869,0.3945118326432562,-2.518287052977966,0.22919474718119698,-0.20974116740725335,9.943015910290422,78,0,0,0.1537,0,0.2005
-0.5310520376633063,-0.032898957622408916,9.991746006602153,0.4359010282956287,0.6283290273609597,-2.495580277982489,-0.5212172282112966,-0.028858205704861965,9.932474526786416,79,0,0,0.1537,0,0.1905
-0.6450745033026137,0.09244505910991314,10.122401119498777,1.658170997590434,-0.06961440570347063,1.5734196872355843,-0.719913776304806,0.09909745985072,10.134279251078192,80,0,0,0.1405,0,0.1608
-0.7709669343108781,-0.16015637274625247,9.812905458205602,-1.163387255118795,3.10669355141823,0.4313569344430101,-0.752652416395669,-0.12594651294755288,9.794562418247832,81,0,0,0.1683,0,0.1802
-0.306224228947708,0.05394864470496078,9.870409798842505,-2.949847130828272,0.8116675837455178,0.8150596104302924,-0.2848707659230102,0.011765741887906266,9.781122222048086,82,0,0,0.1537,0,0.2201
-0.01191690903800807,-0.07487712297106232,10.188386566398322,5.252296597145941,-1.114715016190349,-2.4182338458552484,-0.09093467578746618,-0.1087169574340193,10.154971570733943,83,0,0,0.1537,0,0.2447
-0.3017331304993823,-0.23512020262928815,9.97123586596919,-1.8607710891286215,-0.2295333970726443,0.006542137627685178,-0.23666461376013703,-0.29208562388477166,9.961065501455856,84,0,0,0.1537,0,0.0683
-0.2605251916783425,-0.30916869775144007,9.68017644690021,-3.038378804623581,-2.8466210609290172,3.827469499619948,-0.28527968432342754,-0.2293972717569957,9.74186213030541,85,0,0,0.1537,0,0.0496
-0.060819317078392755,-0.030469309178862338,9.701554322586768,-4.783202174746484,-0.9401651153971503,2.0869117250356757,-0.006827447460904697,-0.045668881826164374,9.721079798167972,86,0,0,0.1537,0,0.049
0.17675750964269174,-0.618984248119811,9.437933863983643,-1.1810603295253037,-3.0139087709054038,1.247615719483682,0.15511374552459026,-0.6348781098890303,9.453668978605256,87,0,0,0.1534,0,0.0196
0.11784281071227229,0.26258404077934583,10.016619141169802,-5.4893976483717495,0.3358287291514426,0.40651691073818746,0.1545321911858448,0.3734843367232714,10.03289801429389,88,0,0,0.1537,0,0.0397
0.19173882517627117,0.6901881480799962,9.819288462212462,-3.718795482013489,1.6897711565543385,4.665260128092948,0.23539435796114866,0.614086543767617,9.876914953235756,89,0,0,0.1532,0,0.0297
0.27383751531165695,-0.10793651218045604,9.717605341838837,3.076131016945275,-2.5329782986564684,2.799154574002201,0.25380734459248705,0.0021348990192088524,9.767940971939469,90,0,0,0.1537,0,0.0491
0.024337180252353905,0.3094982399985032,9.36844450168835,-5.979497707299985,-1.7366259738986929,4.01289926233923,0.01587389962981651,0.28757307770063617,9.396924917730267,91,0,0,0.15,0,0.0391
-0.0003520460630495811,0.3664849682543228,9.85261431046722,-0.9897186806178698,1.8508650893822982,0.730155889802944,-0.023240973405161756,0.3512966762143649,9.825243271211567,92,0,0,0.1537,0,0.0397
0.13818090411259526,-0.24571159269990978,9.352308808557515,2.756545740512849,1.787912084609624,-4.317922941235702,0.16010523970065166,-0.21466175027182804,9.431371703938522,93,0,0,0.144,0,0.0391
-0.2749499246982545,0.04175179291212501,9.944095853143958,2.4224114099821423,-1.250836413371699,-1.8023900311270054,-0.3609450305795996,0.0574419619899927,10.02373096895891,94,0,0,0.1537,0,0.0291
-0.016177218055903306,0.3815364547632973,10.04611808729899,0.08917015987833775,3.1061318149931942,1.200166582456138,-0.08661488671805659,0.36021993450096707,10.020296580741626,95,0,0,0.1537,0,0.0293
0.3378377034790801,0.3383734033484629,9.88635584234132,-1.9538166810207365,-1.0345424866885078,-2.241039893015463,0.32725735243045545,0.330758612526591,9.849722543865942,96,0,0,0.1537,0,0.0093
0.48423702690699844,0.436703949617519,9.917483193608668,-0.11264305233479835,2.689622048314553,-1.5051767653719428,0.4421761440008277,0.48096678047287267,9.944166741611342,97,0,0,0.1537,0,0.0201
-0.3879279129201909,-0.07281295622402618,9.46571642483109,6.184835304538733,0.5835143273518473,-4.741373958576484,-0.32962348778842554,-0.06181191535668292,9.584337933320699,98,0,0,0.1537,0,0.0301
-0.09797930940788341,-0.16576532118558981,9.530464447431791,-3.6779948287630084,-0.08521004514370517,1.8493581308235723,0.03435255810968016,-0.14329064141066847,9.504403971673838,99,0,0,0.1537,0,0.0071
0.24182188902079285,0.10645031133996728,9.808810420520913,-0.4433927071130506,-2.169671613950733,-5.079083850328549,0.22504593235613196,0.08846567800309178,9.842184195598483,100,0,0,0.1537,0,0.0072
0.41042006982748575,0.19422978782084835,10.037714853578613,3.4870660714974147,-2.8286974361858515,5.326389536216492,0.45223346462512454,0.13346264244835593,10.03928743768763,101,0,0,0.1537,0,0.0071
0.07875464997518693,-0.023794505613026724,9.661113891307448,-1.0906303335706118,-2.8308257716113774,1.3643543153924755,0.044319189266851126,-0.022785458648244154,9.644321076974487,102,0,0,0.1537,0,0.006
-0.1188942771630013,0.00986715940020831,9.854523204051066,5.479930667615488,1.011164471606708,-0.755191019703342,-0.15385649393069767,0.004238821499920296,9.841285706063918,103,0,0,0.1537,0,0.0078
0.4592015810882642,-0.019164804369691636,9.612833943045601,-4.22573627096089,-6.095537886552325,3.77360480691837,0.4730478907316323,-0.0264310556072669,9.689427082964041,104,0,0,0.1537,0,0.0176
-0.2458861745529457,0.40075918160333557,9.849505251674655,-3.8389881645390727,2.875847251508594,0.05310205908709978,-0.2717724729480366,0.43328680050782536,9.842343447226872,105,0,0,0.1537,0,0.0081
0.7434894951332185,-0.05618478924662438,9.810671135981426,-1.4218049361370872,-1.052466384603713,-1.5423731781029608,0.7609970222341672,-0.07137536174954834,9.890486243013198,106,0,0,0.1514,0,0.0115
0.08480477157037174,0.06436134885796707,10.072715104220345,-3.175979586444275,-0.87838894287992,3.4273842861167054,0.016643429396371978,0.1449341656864273,9.948802181829407,107,0,0,0.1537,0,0.0273
0.24052465714117793,-0.5230029361929243,9.942300306666016,6.868008394626315,-5.8347836623832805,-0.6163943290767191,0.26869439350054264,-0.5052124364529084,9.942223404209601,108,0,0,0.1524,0,0.0024
-0.35263005023416166,-0.6441237429232886,9.698172000304222,-3.972813397096585,-2.982862018654364,-2.951728031923165,-0.3897559800099114,-0.6695332785717819,9.69195774568273,109,0,0,0.1541,0,0.0207
0.16227211535289277,0.28391933371124634,9.64258721170721,3.259004027452748,-2.006825742986424,0.07739925475896002,0.14584573420929425,0.3202108668653742,9.643742248807065,110,0,0,0.1537,0,0.0173
0.20734598435648763,-0.09024380038362474,9.862723565304048,-1.8478098727000956,0.4494728130554504,-2.2491995982530018,0.2428194316928069,-0.04141548864321921,9.896703374406433,111,0,0,0.1537,0,0.0215
-0.7356680248921528,-0.1706760764903486,9.908774851414538,0.23609873598715386,1.2209751212461386,3.922759716499381,-0.7385426662894552,-0.2244153268527024,9.900541858052353,112,0,0,0.1659,0,0.0307
0.13217024615861864,-0.2704361619756339,9.894542851895567,3.4975959522987345,-5.9866297174528675,-4.32422332356062,0.12158336984700363,-0.2847624262328905,9.955968631645227,113,0,0,0.1537,0,0.0058
-0.3017563613652064,-0.2391695804318241,9.972163976931792,-2.8337999433525236,0.7480759733798292,-1.5074019762847413,-0.33202044334126557,-0.2251791653742237,9.926836864930666,114,0,0,0.1537,0,0.0122
-0.19972425245292272,0.5937400207543021,9.853950862350132,0.1703009271011105,2.818836521220753,-0.8042935620032097,-0.26551161135940465,0.6389952365458554,9.7261375437448,115,0,0,0.1531,0,0.0221
-0.06940352263428927,-0.07954674120583966,9.552149060858987,-2.113125285963597,3.9726020049695947,2.3518443649974374,-0.004964928429205581,-0.047184643106354694,9.503514270395435,116,0,0,0.1537,0,0.0025
-0.06147663197395861,-0.2937410257499902,9.781263347852642,-5.275054736545813,-3.872617122625945,2.0469745405549777,-0.07017513971631863,-0.29204416240722814,9.794470841929288,117,0,0,0.1537,0,0.0119
-0.11801608561040758,0.3836823393537208,9.616936052765535,-6.502559958765534,-1.9568081080699598,-3.1272018394490697,-0.1407536814487149,0.29690514753396735,9.620112900113126,118,0,0,0.1537,0,0.0119
0.32742232774427643,0.07988489667976796,9.901047160519209,2.4569483260331335,-3.35337698546446,-2.387374674563346,0.3020291044293745,0.0744871832111388,9.9343618335962,119,0,0,0.1537,0,0.0121
-0.08975177589209986,0.32156475644371313,9.496667919701684,4.087665504017881,-3.1550482971759113,1.8297943378547528,0.020836701079069417,0.32330543572798953,9.455777890655112,120,0,0,0.1537,0,0.0141
-0.14083589035179783,0.12478472555488988,9.845866327936944,-0.762614745797502,-3.534216548628646,0.9779029920117892,-0.08348534419697445,0.09191471944431209,9.910784571110383,121,0,0,0.1537,0,0.0143
-0.10990814021978465,0.039388095851446,9.591957357485601,-3.1331076720099014,-2.135432714822357,-3.5983969165546363,-0.12658104516723603,0.0018182508179347828,9.680291719637223,122,0,0,0.1537,0,0.0143
-0.1012328847671074,-0.25605096084840717,9.383271906980534,1.2132236527983815,2.456418223328307,3.1439626960844986,-0.07335250500452248,-0.18538564391669465,9.396532244255228,123,0,0,0.1504,0,0.0128
-0.08260765332914845,0.036545040356478105,9.991477580550793,-0.9310107771379645,-0.30432809081944917,0.7675994095682988,-0.12413599808354298,-0.006379496813578994,10.066440816379403,124,0,0,0.1537,0,0.0128
-0.5626524527967558,0.12796824222761216,10.017757778935682,-0.5435010258199503,-4.812830814507997,-2.4322557536963587,-0.6745510145308653,0.08597755717772051,9.997740641319483,125,0,0,0.1522,0,0.0143
0.0166119702445242,-0.30111120957722864,9.815776150499378,-3.6700973183835304,1.8686442991859769,-5.115087544805387,0.0348682423155468,-0.39234080597485776,9.798893835969935,126,0,0,0.1537,0,0.0141
0.02884748740941159,-0.0820970371265126,10.078902430417864,-5.550419940744378,2.598842921198091,1.4774259764698385,0.03400157851809578,-0.08030315062922001,9.99047186184219,127,0,0,0.1537,0,0.021
-0.06905015647326594,-0.2809803147395083,9.846733722005265,2.2915205472469884,-0.0857196458047642,-4.799171417235399,-0.1698627274593468,-0.2237479893934407,9.870730086724551,128,0,0,0.1537,0,0.0208
0.240047590414116,-0.4969520256225113,10.007332536770873,-6.175106630255115,-4.406128478748761,-2.260391413807433,0.24830367787520335,-0.5280263386064286,10.02696351780886,129,0,0,0.1537,0,0.0305
-0.40299564999158827,0.25829577416022426,10.075936656571914,3.2060620011961634,2.996151557119391,-3.6017057318004158,-0.33910608160463274,0.19278650864087105,10.078509843746874,130,0,0,0.1537,0,0.0503
0.5886855393888666,-0.3706403377727236,9.77244756754739,-2.990398388204064,-2.2508970507488786,-1.1194965296850907,0.6266430217755875,-0.3545795549031752,9.932133738335345,131,0,0,0.1552,0,0.0703
0.009709986516843376,-0.022143136850557632,9.751216288740304,5.957584988979963,0.7933229221590306,0.302636157977395,0.05937643083353375,0.03120941274704824,9.71071222449432,132,0,0,0.1537,0,0.0407
-0.18589865692636562,0.011069625465338231,9.627631045055963,10.008960005734995,4.557012974388155,-1.1790370425391872,-0.3244580009534159,0.08483181968378903,9.593840445422464,133,0,0,0.1068,0,0.0316
0.052935840224224574,0.4976258014384736,9.768554081093166,-0.2595082440808127,3.2346173141535592,-0.3503291194949712,0.0991939591403858,0.44942883226221264,9.833621345388623,134,0,0,0.1537,0,0.0216
0.34692951825007684,-0.1664212372758344,9.905052231523404,-0.6116979286424256,1.0704422471434771,-3.581316272059086,0.338679153355035,-0.19638974733483572,9.91818837404492,135,0,0,0.1537,0,0.0368
-0.029516177981624737,0.09146123363823999,9.67405475821785,-1.9760289075986064,-1.5042832365175762,1.1474031474627309,-0.010252465677451965,0.13053896847538515,9.699144934378834,136,0,0,0.1537,0,0.0368
-0.40875446621881106,-0.3728761989510193,10.024401158064562,-6.2463478179292995,2.6209385039172615,1.5784386307979479,-0.4399746298475738,-0.3941879801771565,10.027135652075959,137,0,0,0.1537,0,0.0496
-0.05811192017574538,0.6610412114716472,9.849490678366163,5.47792652508848,-1.6616470312240401,-4.1595912429249875,0.029247367306893333,0.6417810846532755,9.852310436786558,138,0,0,0.1531,0,0.011
0.18612766529358532,0.30164858109783643,9.648603900317534,-2.18232005245531,-6.605296928807123,-0.3777962656288119,0.31486970434228867,0.29091252920820326,9.694821613072373,139,0,0,0.1537,0,0.0404
-0.3598046404290314,-0.40546173104465894,9.80548190233874,-3.682202622152244,-0.3430011097808316,-0.32509307176269164,-0.39248097855879494,-0.36432224415430564,9.794803214413786,140,0,0,0.1537,0,0.0591
-0.3165068576477166,-0.547352053302826,10.221483724997045,-2.2496025864354157,-3.4729130691143872,0.3658278813772774,-0.2289087568997179,-0.5488861645947435,10.293473416364495,141,0,0,0.1456,0,0.0112
-0.27274892255056893,-0.3735486937690902,10.003175389757988,-1.1819826139051934,-1.069177749044304,-1.1127257054341686,-0.3000015845830283,-0.42917932253565305,9.983218356925995,142,0,0,0.1537,0,0.0012
-0.4078470745056935,-0.0509486704553359,9.789245580628833,6.781570186418767,5.59236604425438,-0.4269746271836683,-0.31846674917111595,0.0110401717250257,9.836447442623813,143,0,0,0.1524,0,0.0002
0.42559847025440156,-0.13855525200595528,9.942471046297715,2.8097081934376336,-1.554796050056939,3.861491026043978,0.47610228605899485,-0.0814358635900633,9.911754411494226,144,0,0,0.1537,0,0.0014
0.30111648421774273,0.0982503375975226,10.10107884198455,0.49627052485864076,1.266592713810049,-0.49794851492397785,0.36644516471464095,0.10042859577351951,10.150789887143928,145,0,0,0.1537,0,0.0002
-0.15075780045341217,-0.06465929700453614,9.594811403888782,2.339301713500532,5.329194158635077,4.68974712549645,-0.17072722902253085,-0.07625824602639665,9.562635070995336,146,0,0,0.1537,0,0.0022
0.18021354016469524,0.45669182758185856,9.773580153567465,-4.983969598132406,0.5590383118530147,1.0771027944970957,0.18387025481971903,0.5145993911740262,9.826652005331187,147,0,0,0.1537,0,0.0021
-0.04937613305384026,-0.5353079043893956,10.07088904180644,1.8246131574862399,-3.20861545888436,3.034581865106918,0.03497872832150841,-0.5451952050942178,10.103829513871531,148,0,0,0.1537,0,0.012
0.1859522686602803,0.0987680745272942,9.790966328669334,-2.9982641925883873,1.667175771800341,1.497236777001746,0.13081679885188768,0.15522147397978014,9.763554690127531,149,0,0,0.1537,0,0.0114
0.009311378040802626,-0.2043982587791863,9.863538517240421,-4.927931615482106,6.221180579564971,-0.12826020554412576,0.035437832465542496,-0.2088137247221107,9.965788736806863,150,0,0,0.1537,0,0.0214
-0.20863730010066617,-0.10767032741167899,10.00844975301167,1.8330735537790717,-2.0172091978617988,-2.5613808233457993,-0.1722641542219765,-0.15173248594965016,9.997516520429489,151,0,0,0.1537,0,0.0013
-0.2823307550780313,-0.5312950781191937,10.064461726821412,3.149246607687343,4.337403898990446,-1.7452444060153611,-0.2579795143985591,-0.5640252403688146,10.198179192195436,152,0,0,0.151,0,0.0202
-0.1234071600662115,-0.12045704760702214,9.616113203130187,4.707658157746781,1.1002483207198783,1.882543960416713,-0.11983692404052018,-0.08969782158725853,9.572074605240203,153,0,0,0.1537,0,0.0102
-0.049023954867166444,-0.025865642687141848,10.011335453308021,4.328736599247705,-0.7402929386887975,2.4147179543736113,-0.035674672177058664,-0.009077143253229124,10.053268273273057,154,0,0,0.1537,0,0.0101
0.09403393367521942,-0.47547490404461035,9.576808792643755,-4.023805313196492,-1.6138567142344113,1.6057755761386836,0.0783087972706393,-0.4045650277783784,9.609471686746485,155,0,0,0.1537,0,0.0101
0.46563697410451743,0.11917672192733379,9.44608859858171,-4.320025664307082,2.055690533117362,-6.56318314625512,0.5428693461869416,0.13225680982329557,9.509090917327972,156,0,0,0.1532,0,0.0211
0.48119927442581373,0.15360839963316097,9.488100395570035,-1.6111363239879393,1.667659970163636,0.2723402697222863,0.5058445193280592,0.16660775610493261,9.501652226404273,157,0,0,0.1537,0,0.0102
-0.004773123428625149,-0.21961235252008757,9.870453259129691,2.594566751227499,-2.0093339216332855,-0.9796979693295536,-0.04215258033187379,-0.23621802140925208,9.80948050708266,158,0,0,0.1537,0,0.0203
0.15094110161019117,0.2218037274944343,9.705354304483604,-3.3487747815901567,-1.6857795837046599,-0.17709152279746976,0.22674225525272637,0.2616209789699106,9.836750852032152,159,0,0,0.1537,0,0.0203
-0.5534280089633352,-0.3492656012482904,9.775918686411476,-0.22372844420488106,-0.18892601728858083,-0.7546321878357631,-0.5245672967623805,-0.41331617306548857,9.75722494020129,160,0,0,0.1537,0,0.0201
-0.17309117265069932,0.08326129478658852,9.598586547961492,-4.6208026093492265,0.3299597270563564,3.252972255567678,-0.19027159373599933,0.15702454905293858,9.619229160848384,161,0,0,0.1537,0,0.0201
0.3411141111790183,-0.04496590650835807,9.289187607635917,3.31857783202807,-4.66719656620932,1.7940650838388792,0.37650820127855233,-0.02214474599054879,9.284761072433628,162,0,0,0.142,0,0.0114
-0.4864269214943063,0.002419428558444881,9.844096061469674,-4.456446293938345,-3.0856408075768202,-0.5218768902709896,-0.4326048468691439,-0.005460763098467628,9.736879760758645,163,0,0,0.1537,0,0.0214
-0.03650317547958843,-0.060593263528005474,9.952243191306913,1.7887721927992395,-3.7350998237455086,-4.016010590309382,0.04247918183470622,-0.01851267460579288,10.045825475890817,164,0,0,0.1537,0,0.0214
-0.3245324662541005,-0.22651759251889178,9.857050330373577,0.1094273561773419,-3.646948117632545,-1.035294372261105,-0.38592401823436906,-0.2141592111704527,9.77695970136944,165,0,0,0.1537,0,0.0214
0.5658639669173722,-0.07261173050094392,9.98494626573603,1.0278538086124516,-2.034419579139597,-0.6961751881111196,0.6352508423802293,-0.08327916845656888,10.015256032527505,166,0,0,0.1535,0,0.0011
0.032992001672030334,0.3211176465837274,9.91383224993598,2.6959360626402944,1.4036013781111363,2.17115145868589,0.04542372751586038,0.38577709351093403,9.906717946756697,167,0,0,0.1537,0,0.0011
-0.4006754402929799,-0.582362736145631,10.318526780229458,6.171384394711918,0.8246362720046366,0.1137836559878902,-0.4173202853046173,-0.555898358232878,10.32317336125335,168,0,0,0.1633,0,0.0201
0.49297289065776306,0.522926522911114,9.689088990606297,-0.7050700042917872,0.805249752835375,-2.9831744810420457,0.5248888801334123,0.5144254549844935,9.735562433852303,169,0,0,0.1536,0,0.0201
0.21834681445905027,0.06164397329340748,9.908136883167735,-2.675391371776435,0.602701549434767,2.1744073052997797,0.15736529849758993,0.07128273446928694,9.958871839918318,170,0,0,0.1537,0,0.0201
0.3331645890359523,0.2592593642308707,9.934842279511647,-5.361551447630326,-3.523117691161584,-2.6188435087388595,0.3344461240746288,0.20372505583129935,9.95505731137103,171,0,0,0.1537,0,0.0001
-0.5997780708888142,-0.10633378673749515,9.931607940111107,3.458906275331424,1.3296052566911578,2.2372687615559785,-0.5700246089982868,-0.1119568691533985,9.959878172258366,172,0,0,0.1537,0,0.0
0.17278590545461667,0.09429798587500578,9.950939830892226,-0.2534971993188636,-4.043549052630789,-0.21989921618148806,0.1496318824401167,0.11690946290377717,9.983015264057308,173,0,0,0.1537,0,0.01
-0.33881983938670596,-0.019049092185712095,9.355733016461581,3.4954180934798176,1.6898438551551074,-2.4892833323393133,-0.31077969490179014,-0.09000599138983564,9.314393404291428,174,0,0,0.1473,0,0.0001
-0.061426591845105474,0.289535684347413,9.855235528268247,0.5677046312276918,-0.6194094494579695,2.959307096598664,-0.04273282258633267,0.1917876294977082,9.85222003053895,175,0,0,0.1537,0,0.0001
-0.2444919393918894,-0.10538853139722697,9.634379895854169,3.1874641858323125,-4.023462417008271,-1.6857824808696018,-0.28855736471919197,-0.11874074154548217,9.541229806306514,176,0,0,0.1537,0,0.0001
0.3771318660988529,0.38964888312389223,9.682409415259743,7.416609813041499,-0.059739179316190216,3.51784320676411,0.375990032602341,0.3914524697699295,9.667785969206967,177,0,0,0.1493,0,0.0001
0.10796264881406727,0.3200926586121113,9.985557696311401,-3.6048292969335574,-1.0998798614692529,0.6928569404963739,0.26161576361620037,0.34056514217683864,9.950517076380379,178,0,0,0.1537,0,0.0101
0.358607627489728,-0.3386225127650183,10.078001955710961,0.09402331480102141,-0.8463462611877794,6.425218075240804,0.359594402369106,-0.35980829812165727,10.165194322874623,179,0,0,0.1531,0,0.0101
-0.3201385113371103,-0.3093140170404842,9.98000363178923,-0.5775816682025374,4.359545471024287,-3.011403076501198,-0.3214622651456846,-0.27598815498619955,9.94194009399994,180,0,0,0.1537,0,0.0301
0.11421632422186176,-0.21785222017365563,9.550920089414756,5.3508917851298055,4.689256282428346,2.5660163779946012,0.12779844791498737,-0.22002710967479383,9.520154283537273,181,0,0,0.1537,0,0.0201
0.01232622641829403,-0.5490106503003694,9.74429111651903,-2.6300115983355825,2.316803363696048,-2.0212392686922227,0.013336886159888484,-0.5054134443540379,9.74877108676868,182,0,0,0.1537,0,0.0201
-0.2919977226900404,0.47419436578140917,9.832989514255152,2.356470606346215,0.5334216836285862,-10.936919506553046,-0.32631277068134645,0.4715631366679719,9.880595384918285,183,0,0,0.1505,0,0.0803
0.15736287934443752,0.008059483777341614,10.072725906510993,-1.6931988097202852,-1.2274499021873337,-6.642054873862806,0.1931383972506583,-0.034507247400721947,10.073104111892478,184,0,0,0.1532,0,0.0802
0.1306198893232672,-0.0057792810446232,9.815404171731247,2.573940976917554,-0.4421880304461675,1.4739668105291972,0.12008045217130175,-0.017680446966701034,9.86103923922172,185,0,0,0.1537,0,0.0602
0.49952558153595217,0.0012611197282603522,9.643223589408919,1.5658803590796706,-0.08751985924674674,1.1863779050441348,0.5695566491463215,0.05292794946235852,9.650317118751632,186,0,0,0.1537,0,0.0702
-0.6321965412471146,0.5593463032376059,9.902479497265315,1.95395166500947,1.9662735530835924,-3.373226591176176,-0.5912216376401238,0.4780097032897573,9.935409508133592,187,0,0,0.1536,0,0.0409
0.20694977175109094,-0.7128077349990982,10.18212742635187,5.216117775958828,0.11226444164710285,4.079748224684832,0.24304420316293007,-0.6277662610398574,10.093149591316687,188,0,0,0.1493,0,0.0609
-0.2424638555053467,-0.14295357889821414,9.517143081363406,0.09043374726136559,1.1285747881959263,2.1596538190575125,-0.2079749345323027,-0.1451128317602915,9.572417653022216,189,0,0,0.1537,0,0.0715
0.15316664346234735,-0.1837258401164067,9.59837616173085,1.9885363301842656,-2.9950568971795946,-0.7301769044845375,0.17468075358680332,-0.192894528002533,9.612747679195284,190,0,0,0.1537,0,0.0809
-0.36394841846716824,-0.139506590786312,9.934325922574585,2.5796327732603768,-0.9819544583706291,-0.44621459212918896,-0.3443510806100456,-0.1281105873615317,9.943390767119892,191,0,0,0.1537,0,0.0715
-0.21997404509061358,-0.12884998911349968,9.639351736408946,-0.05030278451387732,-3.2481955092913863,-0.9789696972488222,-0.20585417553076263,-0.07294181260135763,9.530508421764836,192,0,0,0.1537,0,0.0715
-0.3652584243816727,0.13453521315289996,9.930858353988535,5.673688065805147,-6.355666532867584,-4.976473449226342,-0.43013952689745866,0.10108128471247374,9.934477949170454,193,0,0,0.1537,0,0.0509
-0.11318334030872162,-0.2448087990984702,10.330106410381527,3.1561732234762006,-5.07302365974234,-0.561439735596783,-0.1468136371803527,-0.2307986014230551,10.299106421422978,194,0,0,0.148,0,0.0709
0.11556684367242155,-0.35847530293000784,9.844851011100648,0.5929477133570352,2.43044136155672,-1.5171868533018764,0.19631739714618493,-0.3177908232126654,9.85866265267838,195,0,0,0.1537,0,0.0509
0.01621714869436224,0.41156834368687273,9.323713865254705,4.67449548132506,1.3468417406744908,3.3709571258277844,0.11958306113033855,0.30696579596429996,9.34636087072676,196,0,0,0.152,0,0.0909
-0.11787308129437776,0.6180070317237935,9.68080220762632,1.8927836472926398,1.2801852871981172,-2.639852685361211,-0.09878523760501576,0.635081163858784,9.619909065739954,197,0,0,0.1532,0,0.0809
-0.16922371708651088,0.01238189966310403,9.629693145060395,-5.111905034062572,0.8699361505236303,2.660115248283195,-0.16400595481576968,-0.047670202986368745,9.586469190577956,198,0,0,0.1537,0,0.0909
0.14158785372735047,-0.12232389187342407,9.69123967305507,-4.419551553035426,-0.0375744841261624,3.958642750601321,0.07972531594389222,-0.11933823651676914,9.643871042509492,199,0,0,0.1537,0,0.0909
0.5959725504404183,-0.4589773467793778,9.608024873308421,-1.3862312037904554,-0.9607333522813357,-1.6988203265561064,0.6249406341646038,-0.5318769579558648,9.633899246429076,200,0,0,0.1552,0,0.0911
0.23362912830164062,0.1730722684863856,9.848508357671973,3.5806307179919687,-3.2004170134343157,1.7054676223323235,0.19089071885241862,0.2168359419609234,9.869418408463725,201,0,0,0.1537,0,0.0805
0.5212283900275351,0.01513356621223531,9.724457531571248,1.8120384519143755,0.5126967075567358,-1.3010042567059843,0.49798083179298175,0.01316397697193497,9.611077771242762,202,0,0,0.1537,0,0.0711
0.024614431520005337,0.6457431853720331,10.053711714849076,3.641370503220595,0.3761984093936121,2.715184803826114,0.018874891622439664,0.6319267404689265,10.12363015071592,203,0,0,0.1532,0,0.0811
-0.035919345581095205,-0.4953134510279463,9.851558391711047,-4.389069954842308,-1.0273364342689253,0.8059149019073029,-0.0772708207097578,-0.5000016179882851,9.912836521522697,204,0,0,0.1537,0,0.0811
-0.5035423815292749,-0.293422354265794,9.66721034799898,6.235002826430572,-1.3361739390909315,-5.011976663161219,-0.5471031286313919,-0.2924311143848377,9.746937577647232,205,0,0,0.1537,0,0.0611
-0.12633265853615974,-0.658877378382696,9.980520718906696,-4.053019185174916,-3.8547717397478527,-1.613513441880215,-0.1693224427964677,-0.6035193076497217,9.898197641108032,206,0,0,0.1523,0,0.0411
-0.2656468457319413,0.2730638153384439,9.768658846655653,-2.883987272041999,4.4261278359623715,-1.6580533382707068,-0.23896669034238294,0.31829832475892195,9.767879076012576,207,0,0,0.1537,0,0.0405
-0.3420512608235349,-0.02204565706863966,9.599001827420217,3.318882667055931,-3.1730606654992197,3.700146713594852,-0.3258995025141104,0.08802216694875671,9.615133578948942,208,0,0,0.1537,0,0.0405
0.08940797775275393,0.1704298399733961,9.688053593068808,0.6493461622672609,1.1064161542948603,5.986851405973863,0.10003973884206545,0.18518597920889587,9.616286659940164,209,0,0,0.1537,0,0.0505
-0.5676463386086157,-0.413227014206012,9.999088414887817,-1.39259930802283,4.11143880136009,2.0877155322310332,-0.5450150163436308,-0.4243581780959908,9.961763926759465,210,0,0,0.1537,0,0.0505
0.29671607203537453,0.4331902293482923,9.979428833657147,3.235668350280596,-3.1762794217719614,-0.846403787819392,0.24068307237954087,0.39802670034875753,9.970413088519773,211,0,0,0.1537,0,0.0405
-0.19845115330737442,-0.04493692152100731,9.64226070023523,5.23659996075394,1.513549924469689,-5.08149692826083,-0.22189086019388735,-0.059366630435213605,9.628926960194391,212,0,0,0.1537,0,0.0405
0.2010879765825364,-0.5711477823017332,9.854945939751152,2.2213630789570193,0.3627823975897159,-6.092467667231791,0.20082540730649284,-0.5923514144480275,9.905014642775685,213,0,0,0.1536,0,0.0305
0.3345645844380024,0.21808325214274302,9.79420239245311,-7.756419796776351,-0.6782058578653645,0.6554430574926888,0.3281975078844336,0.18307927795267523,9.775389348361454,214,0,0,0.1511,0,0.0503
0.0511743701560757,0.0818433270908141,9.778290566746616,-0.1165759672132543,2.2216908966673423,2.5690697156497064,0.006400252553613865,0.04870712884716835,9.809233693397202,215,0,0,0.1537,0,0.0503
-0.10285801110336253,-0.3785398054315783,9.497572413835403,4.043613628955702,0.060145401301670356,-1.3111777156793742,-0.004910535944297953,-0.42470848429648145,9.486435424829184,216,0,0,0.1537,0,0.0503
-0.2079395145336133,-0.020662381399497252,9.840117536311983,-0.4307984283438886,-2.72242130567646,-4.343634744376057,-0.17300127016853695,-0.044459293894956106,9.829054740745999,217,0,0,0.1537,0,0.0503
-0.18261417156479956,-0.03611275223707828,10.393049422486992,-2.318140842523906,3.2096743905521903,-0.2782044802163731,-0.1809160304759701,-0.08473282640808283,10.392559327470304,218,0,0,0.1144,0,0.0567
0.06878397270663993,0.08438867353914985,10.058195878337415,0.8779375194747543,-3.3717367866128765,-0.003556811725354129,0.017096375425851837,0.12711502691079563,10.0566739693222,219,0,0,0.1537,0,0.0722
0.281053310069382,0.1283790870315107,9.892789330357314,-2.6553233753978542,1.9916763887337665,1.8712017170833581,0.2715662273888625,0.19446065332626394,9.861133658084356,220,0,0,0.1537,0,0.0722
-0.16687319530933983,-0.4098468997996991,9.595218172584746,2.965481472439471,2.4848214546881713,1.6468195347784684,-0.21273533772959008,-0.33940058477054885,9.56446555344057,221,0,0,0.1537,0,0.0667
0.21544143166677457,-0.24294892316275202,9.588325013239082,-1.6247469954218325,-0.9622756922552406,2.443978366906451,0.3093311703849222,-0.30921072891030865,9.600481282203926,222,0,0,0.1537,0,0.0889
-0.20072174591163852,0.10935321248591799,9.765417305603007,3.2242695256735505,1.0601056011585643,-0.8638491736807936,-0.17428404948993603,0.09298203783008076,9.793977238370248,223,0,0,0.1537,0,0.0889
-0.38032682132960677,-0.27288189500992693,9.798532555334797,1.7007277897998438,1.8356033026177117,4.514574222886876,-0.3361828988055724,-0.3196668486330969,9.812688262111081,224,0,0,0.1537,0,0.0689
0.5979002645692685,0.4860085966560267,9.868913642454974,2.234300559277589,-6.038104032389432,-0.8655491833390923,0.6047877471319448,0.563992518666659,9.861148449010235,225,0,0,0.1552,0,0.0767
-0.006968118908331734,0.12672372745344282,9.67200620365186,-2.5614397986936637,1.686465322593378,-5.140992444780601,-0.011143864814330362,0.11156089824666225,9.665409757990531,226,0,0,0.1537,0,0.0465
-0.10638347928296288,-0.029425800061571732,9.7906998944342,3.1015121476998013,-1.8419007085674672,-3.263042057959771,-0.1552461979638071,-0.06028150814332922,9.79571096607495,227,0,0,0.1537,0,0.0417
0.05835152248198464,-0.04234654736759104,9.806421587711466,0.8127692734424539,0.19486492463746397,2.3259021528141623,0.02421849302988891,-0.04169044191594451,9.741264009050882,228,0,0,0.1537,0,0.0738
0.1310847392817173,0.25750147141086255,9.767998432361203,-4.314443842767236,-1.2443184107717125,4.7542732224536195,0.16387312019148415,0.3011584834613541,9.758518016834202,229,0,0,0.1537,0,0.0639
0.10102941918570722,0.15293508570088493,9.348163540680678,2.318261053807977,0.9392497924385541,0.9397453501759179,0.07644655715022719,0.16293442765817032,9.37539726249742,230,0,0,0.148,0,0.0689
-0.19531287292850089,-0.20303906095547064,9.691222215668882,-3.9957555251932497,0.9308320356410027,-0.37064352944888423,-0.1414192168495478,-0.20955687957825145,9.703672285793976,231,0,0,0.1537,0,0.0631
-0.05002050986574865,0.18618698820573576,9.721313607154961,-0.9765756093470725,-2.507796397917108,1.2029652616325,-0.0489493521453821,0.27034094988133095,9.746890732647923,232,0,0,0.1537,0,0.0639
-0.10700797843907855,-0.3107727436626126,9.622161838699292,3.5531086852292146,0.14046122445378623,-1.27972499019113,-0.21589376711085514,-0.2365513964539705,9.58120546927373,233,0,0,0.1537,0,0.0661
0.450809733749675,-0.1233916478257421,9.880557189065984,0.5388356510447594,-1.5034775669885554,-1.658894512866791,0.40324090093215836,-0.05555669274912427,9.797369108785553,234,0,0,0.1537,0,0.0262
0.1105770006989865,-0.1647717825665885,9.43218238234808,-0.3274386887753179,-2.8327586787558774,4.320359511557706,0.12585558965242558,-0.08772942142734122,9.43921617347566,235,0,0,0.1534,0,0.0266
-0.7109428087460395,0.08006926737809188,9.765423606887104,3.8537524210142426,0.05429261871268287,2.8412931580315135,-0.6983705428622847,0.030502666457095574,9.773945783947982,236,0,0,0.1588,0,0.0282
0.12022913630161938,-0.004533271012983306,9.48463717779466,0.6734137071881334,-5.096969816358634,3.1914654294784848,0.20008019292217755,0.0724694719165918,9.521090971758293,237,0,0,0.1537,0,0.046
0.32309499114966633,0.09006220385121366,9.782074583681492,1.5570289292804176,4.587629469213624,-4.919131628162161,0.29820935531535225,0.1181843249759055,9.875587114143109,238,0,0,0.1537,0,0.0447
0.2071130060987149,0.09564225465018357,9.986682967902048,1.0714888907679803,-0.9304098256250228,-1.4341140593350508,0.2235836609096784,0.1023442037647781,9.959452523480024,239,0,0,0.1537,0,0.0347
-0.05790375000530509,-0.6288501504657767,9.71467568259853,0.9339528968645829,-4.805586422163837,3.165710880016337,-0.03398789433688977,-0.6398938217896156,9.656057469006328,240,0,0,0.1539,0,0.0341
0.030476125950509858,0.008061417460223185,9.489516818897876,0.22309626825616263,-3.075638284936313,2.1291237196383874,0.07586797272598483,0.08321497834972671,9.50004919815267,241,0,0,0.1537,0,0.0343
0.06661784829733178,0.09121350918721743,9.808028243383271,2.594654512657549,4.829596066639816,-1.6332181462649693,0.03644311924526317,0.09659785628091203,9.782946286835323,242,0,0,0.1537,0,0.02
0.4483753748196068,0.3092812175145627,9.910229331911031,-5.048249724743788,0.5587255318140345,0.31098544936121614,0.5137062345509772,0.2730331545210358,9.965416504369353,243,0,0,0.1537,0,0.0149
-0.5857997675564363,0.06798019384722398,9.71017434510175,2.68025571896608,-2.7404792173799417,-2.3965813338244355,-0.5903917750022897,0.09138164390619408,9.716403195304549,244,0,0,0.1537,0,0.0137
-0.013933818478163343,-0.3792931610166885,9.945299469354039,-0.4802469766878352,-1.133011907586257,-0.5775086992285162,-0.03717626735625698,-0.411150897695116,9.934723645482157,245,0,0,0.1537,0,0.0149
-0.37980777507593433,-0.1077085958984196,9.826942360935307,1.7448544800617496,1.8039649504764639,4.024146055786939,-0.32104805130939795,-0.1314227911029213,9.878681105226592,246,0,0,0.1537,0,0.0139
-0.27836586836455435,0.13521740149603464,9.793867187884272,3.743474157440397,1.2480069801457276,1.9194503779404748,-0.2287873490490927,0.14519335065553382,9.801528219228478,247,0,0,0.1537,0,0.0139
0.03735085256575865,0.048021255604779094,9.938120515850356,1.3747909765299928,-4.812536973161766,4.850200361487817,0.04642489639434309,0.07110740394670459,9.843677497186418,248,0,0,0.1537,0,0.0139
0.5662102015995364,-0.1825621419469363,9.536124431438456,3.5869784840391974,4.324550334109011,-2.0886988362986343,0.6033899874226976,-0.16524044300698507,9.52024590014547,249,0,0,0.1549,0,0.0139
0.3603262286436364,0.005834406495971417,9.893089648739368,-2.2231458300144094,3.956840285480851,4.727572969211743,0.35418722253567514,0.005963942250631851,9.805582146700262,250,0,0,0.1537,0,0.0141
-0.008525641691893928,-0.3743188369969112,9.983262198882143,-1.779078825150778,7.300835570225361,-3.751818641970912,-0.10191994635242396,-0.4578612043947484,10.030165254822093,251,0,0,0.1492,0,0.0138
-0.03247752178572147,-0.16937836436802003,9.550347817683457,-0.8836409986398461,-3.7534002184566817,0.39095597660557047,0.009814345456144846,-0.2434524457731053,9.701216460859452,252,0,0,0.1537,0,0.0144
0.15973574466676302,-0.13457351043474017,9.910126524650192,1.6037395765349012,-1.763171859463792,-5.520952297248715,0.23524575056208089,-0.10395300900217389,9.934074115104396,253,0,0,0.1537,0,0.024
0.10457345939423662,0.2666248752268225,9.940297845092557,1.8591607249745108,2.2490068007138073,4.1094220773735755,0.11796816997328267,0.32122383277522,9.911344125180154,254,0,0,0.1537,0,0.0234
0.5889428725136828,-0.24317074146133055,9.71785919339232,-3.7429265845351143,-0.5649541799962232,1.11229865583819,0.5353632982272598,-0.23251473354754845,9.674043304635804,255,0,0,0.1521,0,0.0446
0.28328965954661733,0.28561362046214955,9.821858749834885,-0.52653884008457,-2.8288435826952085,-3.3651769071422475,0.301304301508174,0.2080876916453961,9.849325942189152,256,0,0,0.1537,0,0.0334
0.3834523827940079,-0.41129524981031934,9.598705481925965,2.91782177297228,-1.7875918023289135,-3.0906752092342886,0.4484371135704805,-0.4217769060515738,9.510220633046112,257,0,0,0.1537,0,0.0129
0.376353986645511,0.46106705373265355,9.923001003941335,-1.3532240208144182,0.5284644243000975,-3.1790486306037935,0.3452561006422288,0.4252829185605202,9.892394905827048,258,0,0,0.1537,0,0.0334
0.034301157795211396,-0.1780308075470732,9.414771991074808,6.439242307304009,5.163449857553479,-0.4470024169253779,-0.007477053966418588,-0.15355234062363698,9.442098363280005,259,0,0,0.1513,0,0.0595
0.02952944671047694,-0.2818008405427267,10.122524449233085,-0.28213403839623746,0.3170628353644623,-3.9855667374734183,-0.028315853941688587,-0.22900912884867006,10.152686360961024,260,0,0,0.1537,0,0.0449
0.02936085680721223,-0.05821031968214395,9.765185913484878,-2.921083991428932,-0.6426329121095123,5.280679880367954,0.011441400802780052,-0.04544625268132884,9.787424212842922,261,0,0,0.1537,0,0.0389
-0.12128877709495568,0.001904356757435259,9.811772485153082,2.529107683664891,2.205996108358544,2.7733325543432366,-0.021211539189705655,0.0072384544640103484,9.779096025778736,262,0,0,0.1537,0,0.0469
0.30826438922599053,0.29962039669209894,9.92541029405016,0.30746018392324226,1.4484899413539012,-0.43306124862567735,0.2555108778332255,0.3076164974638644,9.896271210532838,263,0,0,0.1537,0,0.057
-0.16560565769652127,-0.21795434283497314,9.861570701754482,-1.2433713947983682,3.2044627970035346,4.475676011608343,-0.2434012102781668,-0.24132699298876617,9.843112275407117,264,0,0,0.1537,0,0.047
0.302822941126307,-0.1789796463629579,9.76595730431982,3.514739927829861,-5.769375859851305,-1.4645989299753497,0.2550494723775226,-0.15649834284164638,9.779158372635226,265,0,0,0.1537,0,0.0569
0.3117205949722362,0.4059752428158628,9.939287712110575,0.2981887757635171,-1.4004164287708991,-0.3392774048413742,0.33788019268010544,0.49350874326056277,9.8716728688607,266,0,0,0.1537,0,0.0569
-0.12036077421261754,0.12867948609162072,9.430085589351078,1.5411974984885528,-0.2546755343680983,-2.005696250597925,-0.1499162673920254,0.12990425824878576,9.417072492359486,267,0,0,0.1527,0,0.057
-0.24750725439015436,-0.02800835378937847,9.665836786962789,-2.7979551881317732,-3.2174553379849806,4.800765139000928,-0.21143231845608051,-0.033259688854657646,9.69646544575658,268,0,0,0.1537,0,0.0094
-0.10206873507924902,-0.4983901479658921,9.61802942865491,-1.3442186292538016,-3.7067527212661426,5.937758008655077,-0.10561094796790975,-0.5920291245037878,9.649605530814124,269,0,0,0.1536,0,0.0004
-0.3343187672356462,0.27581932607034787,9.904323162121623,-2.737713461097278,-1.825189786101639,-3.639657186458833,-0.3397800810670977,0.2984329294170519,9.82382362211213,270,0,0,0.1537,0,0.0104
0.15508667455689099,-0.023428129586465132,10.049590527409892,-3.3908012680420994,-5.5683435751554535,-1.4769377088242375,0.0895004069113038,-0.0244637701985739,10.056501678466955,271,0,0,0.1537,0,0.0004
0.026976416657929055,-0.3082069020328702,9.468010929228676,-0.01988658703721016,-0.8218921692780808,2.0053493063441667,-0.02653810574517341,-0.26118369264641156,9.478551247226351,272,0,0,0.1537,0,0.0004
-0.02963432880461945,0.04097742678117026,9.90911244801648,0.010915759412237937,1.7454030971214074,0.28374288871735626,-0.08056227979547005,-0.030539673718179457,9.908293992417677,273,0,0,0.1537,0,0.0004
-0.14028783469372594,0.2762730210043532,9.990209229549652,-4.151766113927954,-2.9037463292967054,-3.5219715667683724,-0.1194425761979626,0.3949195163272107,9.95494886704979,274,0,0,0.1537,0,0.0004
0.22979107513089647,-0.3597832276796949,10.132542240308045,-2.5448575428364677,-4.338630204400803,3.2795829437408166,0.2567766246421209,-0.36682738176318647,10.146104980158729,275,0,0,0.1537,0,0.0007
0.254974634723675,-0.5297615253204043,9.81540469213177,1.3493505007729096,5.399620926690679,3.947825585987127,0.24949961015884825,-0.6002729351898561,9.826019462998715,276,0,0,0.1536,0,0.0007
-0.6732807524572488,0.24583518787312297,9.632386673506,-4.367619663746273,-0.9280368272562849,3.4797921918105246,-0.673300089443937,0.1835629582358296,9.645373811649316,277,0,0,0.1534,0,0.0104
-0.10624331994823406,0.4628871226582375,9.664642096193852,-1.2157668694174508,-2.4730756276303287,-2.8330610420516704,-0.14511164760655484,0.40932927942721575,9.810742975477549,278,0,0,0.1537,0,0.0004
0.6660989608134448,0.24286466915001628,9.485364544805513,0.6884301106849287,-2.5803255523336923,-1.189729209561451,0.6194920716931054,0.3167949390996906,9.465312173078061,279,0,0,0.1552,0,0.0012
0.3248651646732759,-0.22792411069396312,9.763689614273648,-3.2789858616954524,-1.3668310943538322,3.555129812009939,0.3019970577071961,-0.34102386255557643,9.720183915613033,280,0,0,0.1537,0,0.001
-0.1991275390153804,-0.06620322458079211,9.937754048020619,-0.7551695266821068,-2.0559406097481183,-2.8721571670412374,-0.08897043683094194,-0.08362476084838237,9.897094120523462,281,0,0,0.1537,0,0.0012
0.06847553385043695,-0.18547193376677554,9.739932835824302,2.434364606373353,-1.0936634051859282,1.0264461107517904,0.04731409916053181,-0.17637166383710476,9.74720735575915,282,0,0,0.1537,0,0.0012
-0.22492088204467,-0.3973501447448862,9.705772192086027,1.8261521821155569,0.01579688454605484,-0.8494322058995593,-0.27718152090960135,-0.3582463430689323,9.796232110386063,283,0,0,0.1537,0,0.0012
0.5611046244382958,0.09934650514526476,9.87841947162635,-4.067651657708334,-4.483522860602809,-3.7960972245078572,0.5409280984881308,0.19660023262723592,9.928914744744418,284,0,0,0.1536,0,0.0003
0.9141879323022365,-0.2466614180973242,10.054558060938572,3.6711623777965485,-4.376171954816639,-4.7616727381765145,0.7971360709050422,-0.29435880008270593,10.142299020250226,285,0,0,0.1675,0,0.0002
-0.030924674364685243,0.20009399357310018,9.769641375936018,2.514201373554134,2.4211325135947073,-2.6105672856311735,0.06336388262992036,0.11171521762956117,9.836877117862363,286,0,0,0.1537,0,0.0001
0.7717809996551435,0.0834199967272603,9.553900519146726,-1.0249261142423713,-1.6487954626093784,-1.09532242611578,0.7949352264735889,0.14061131626437284,9.630673346285235,287,0,0,0.1558,0,0.0002
0.34851996378346894,-0.21374803513583807,9.829223335376488,1.103346653134853,-4.896593093978447,-4.701221442084998,0.29676294118680807,-0.20865706818155746,9.841868410652241,288,0,0,0.1537,0,0.0002
0.539886872652118,-0.28250714494054935,9.966738839948809,2.867393154858512,4.69393952410691,1.0505111475234148,0.5494984101685174,-0.2728526055981191,9.916533880005296,289,0,0,0.1537,0,0.0102
-0.06128465041553065,0.041232556662894965,9.674742059016321,-0.8696658534785341,-3.040840043585068,-0.5711936820335201,-0.07251345386332919,-0.023496762633023263,9.680454935643947,290,0,0,0.1537,0,0.0003
0.11897634138751126,0.08302270881339464,9.713919797711927,0.5973900554952014,-0.9344083901537539,1.0170360824109066,0.21552175818894687,0.07339708080972715,9.730530727666308,291,0,0,0.1537,0,0.0104
0.1156014900757335,0.9164404304342483,9.752665619434415,-6.124325163175803,-2.3757847716140787,2.232947343670539,0.11553251580468811,0.903165346635418,9.701903013272403,292,0,0,0.0862,0,0.0101
0.06738264141472466,0.23934901173687795,10.133768474136176,-0.06905141082258526,-1.9644441438130116,0.1421815386249948,0.15366443001592478,0.2077625782748803,10.060655944974435,293,0,0,0.1537,0,0.0017
0.8448993094809796,0.45238378280208175,9.980002817035137,-1.5227199649468992,-1.158743911166467,-4.058631189522211,0.8201863216200075,0.5481479269330588,10.011268873096602,294,0,0,0.1619,0,0.0001
-0.6332273480012557,-0.47444437054431554,9.789885535599513,0.5234224883716729,1.9633546174392658,-2.4362327176199123,-0.5801426187854736,-0.5430740389589624,9.774174392845044,295,0,0,0.1538,0,0.0001
0.29973647155682975,-0.029822931776329848,9.939432035440342,0.20707986485246943,3.8263109923974348,-2.480056351726022,0.3370479157537468,-0.057751688874376636,9.946279481030075,296,0,0,0.1537,0,0.0011
-0.07595965885451561,0.1902624543007111,9.674717647496498,1.1679465754618024,-1.6142397775787818,2.164128017100571,-0.12615211620056982,0.1680610135550435,9.717389051528796,297,0,0,0.1537,0,0.0011
0.0934607259512998,-0.3698754534768778,9.798222401246688,-1.1432998604246574,-0.7424103670219834,4.375531123889923,0.20629658258723194,-0.31522217855788015,9.849834884572068,298,0,0,0.1537,0,0.0009
0.2878468635078517,0.3736044288186277,9.86692124558315,2.8683910324694977,5.002430278755083,-1.9929610571534588,0.30381842265159387,0.39944861116625496,9.793930890996107,299,0,0,0.1537,0,0.0009
-0.04900312257941549,-0.019444407984715518,9.733003546699942,-1.5689085494514212,-1.5562747866676925,-3.419214906362881,0.020142370419131243,-0.12661383828560893,9.762847737745755,300,0,0,0.1537,0,0.0203
0.13177445642866809,0.13260436270228088,10.076561437455187,6.889236015138549,4.883534485124915,2.440674494144006,0.1434173079787627,0.19549054194345122,10.048441131682623,301,0,0,0.1524,0,0.0109
0.2577570277779727,0.3400961295558068,9.487033920713449,-2.4072725413046676,3.3610590002815925,-0.4760223941920374,0.31003929233118216,0.37491867226136427,9.495598144073794,302,0,0,0.1537,0,0.0011
0.24406782778317376,-0.063069434676228,9.935639621173268,-6.284339454270983,-4.1049966499397526,1.8069149475848065,0.20760815594896195,-0.062213414822012404,9.88643842628261,303,0,0,0.1537,0,0.0001
0.4039389304672081,-0.33054919092582763,9.79469611338876,4.083561817947847,1.49462819452131,3.469759638221517,0.34217794939529567,-0.377249903493006,9.733980881018777,304,0,0,0.1537,0,0.0001
0.13012324002721115,0.5647782762810722,9.78597003860505,-0.33422999837452155,0.9348832699833858,-0.8004346342676685,0.07921154756240364,0.6121066381282106,9.812527367130873,305,0,0,0.1532,0,0.0003
0.12150431428598268,-0.2118425239054366,9.445656744474059,-0.7464952184132556,-3.3893858916772137,-6.573217477699096,0.15616057446387818,-0.1935205743982647,9.42888179438626,306,0,0,0.1525,0,0.0091
0.4532779482157992,0.014904184318321082,9.831538420596628,-1.3985264565601288,-5.003491112895049,-0.16582716526273206,0.4349561906843082,0.05727092773689238,9.834745670531786,307,0,0,0.1537,0,0.0009
-0.18084911222737013,0.15996323851299563,9.672137218269091,0.11222147970234155,-3.9793721102792103,-7.423472992347557,-0.2589814179318908,0.0957523740732902,9.755917603789545,308,0,0,0.1514,0,0.0125
-0.39184540224430725,0.13483311827612016,10.032109036313996,-0.2093655905229838,1.1582821264786811,0.5562203054145867,-0.29469918250570887,0.2013598759824583,10.040174409879704,309,0,0,0.1537,0,0.0109
0.1679626526707861,0.002867832830882897,9.739919601568717,0.2889385000232374,0.8852756760430522,4.8011789751370895,0.17239443904854343,0.04139906953548068,9.66099311160406,310,0,0,0.1537,0,0.0109
-0.12815113784199242,-0.1562269107954686,10.085236047018844,-2.1482613410173754,-0.564306711140568,-0.06305207304117594,-0.11374185538965138,-0.11911046267500845,10.078343565991586,311,0,0,0.1537,0,0.0109
0.1006621886687315,0.4384247859467639,9.623660717410866,-0.9042709703255517,2.115185869680482,-0.9011208334437111,0.02012866266423824,0.3776540864576383,9.691752744467106,312,0,0,0.1537,0,0.0009
0.0033398167485735176,0.19814989714362358,9.866963229543083,-6.0314120315060045,0.3371400001640189,0.3333008846652644,-0.006619276926455538,0.19808418885929743,9.84032117484547,313,0,0,0.1537,0,0.0109
-0.11234704372627959,-0.2621074439081838,10.003553783483644,3.440783367815949,-0.21428666536323682,-1.061229705867135,-0.12522608676075436,-0.21861504358466036,9.940078717045093,314,0,0,0.1537,0,0.0109
-0.08904626561343265,0.07971729966119553,9.942857699578196,-0.33446548943969256,-3.6181968827832494,0.5542192125794626,-0.03929034209364268,0.07400145298426448,9.951737575480706,315,0,0,0.1537,0,0.0109
-0.621597215241385,-0.022726134674569753,10.003555973534272,3.5659237365975835,1.052038553310074,3.1831287487615967,-0.613586759424388,-0.05580454492536378,9.944793185217314,316,0,0,0.1538,0,0.0109
0.49214733706966,-0.4716013361215753,9.850161012948393,1.0006840130415924,-3.981333070730821,2.126807454976836,0.5694093664242879,-0.43002793280232454,9.913253261482097,317,0,0,0.1537,0,0.0009
-0.17092205365491395,-0.06409183406122504,9.776812981636816,-0.839987378015712,-3.9770896990972715,1.442811767307285,-0.23898877925423373,-0.08586115189343028,9.738190920091643,318,0,0,0.1537,0,0.0009
-0.3469874224801423,0.2215600470888837,9.686237454359537,-1.9308351027915158,-3.580606379530515,-1.1656869007638195,-0.292760031015867,0.25019451909529467,9.669240486811436,319,0,0,0.1537,0,0.0009
0.20482486282976947,0.46308714036825865,9.741643080691501,-0.11299697088069643,-1.02680967388719,1.0909857854063751,0.25041812631462856,0.529452225450167,9.80172783274269,320,0,0,0.1537,0,0.0009
-0.3839364707870348,0.014852828458845483,9.977144466239169,1.3355736413929322,-1.7165019384404907,-2.3417349844253623,-0.3589859594703033,0.04923492165014503,9.999975605180214,321,0,0,0.1537,0,0.0009
-0.07636290218056976,0.06116485985083654,9.87873758938958,-1.7431831099299693,-2.578366622449191,3.046640168236833,-0.09526124745450999,0.0718358016098402,9.817557058159172,322,0,0,0.1537,0,0.0009
-0.2749619965140027,0.26502006689374824,9.61811773833978,1.0951914456581935,4.834613642477725,1.2264229585307158,-0.33731881979983186,0.22565879821014267,9.695298795033262,323,0,0,0.1537,0,0.0009
-0.4396441870138674,-0.19558713946172285,9.846419262193715,-1.3768562118462515,2.7486217774682427,5.165171673108155,-0.46740236878462205,-0.19188557266128872,9.819907802893129,324,0,0,0.1537,0,0.0008
-0.46706339638087263,0.5351349895612434,9.835790031707418,-2.3308119430022476,0.8854462896836184,-0.5838045230088075,-0.5160567355526634,0.579730629434089,9.777196288517223,325,0,0,0.1536,0,0.0108
-0.17002037333143974,-0.3097652129265388,9.428169262941582,-1.0652541080721003,-4.925605786249382,1.715011545682895,-0.1168202580219756,-0.14777326303204796,9.409249425670202,326,0,0,0.1527,0,0.0108
-0.269819468059877,0.5438064879915847,10.09510232249852,-1.808400122300427,-1.9878947168507122,1.5121634690513879,-0.20129628640242608,0.4363470728771597,10.073202778068719,327,0,0,0.1536,0,0.0109
0.5379869608629557,0.23935841780282252,9.673898797208182,-4.21329097122838,-5.794588793664172,-2.4784942869965048,0.6054854306057618,0.24862901448732488,9.604309357281982,328,0,0,0.1535,0,0.0108
0.2003696427874787,-0.6065534217037953,9.441156857939866,3.3885714375597376,1.6165906153168197,-0.8284250680263539,0.10144473515774936,-0.6297021519449812,9.384556318621978,329,0,0,0.1455,0,0.0209
-0.27544423474752194,-0.5517453438993337,9.750099125312824,4.999525687133804,-1.0411108808008411,3.1198581914700627,-0.214949566283261,-0.5591262410603169,9.770433927494958,330,0,0,0.1536,0,0.0209
-0.07419310284090906,-0.07853490854071446,10.001715480938017,5.006471626616166,4.666106195088365,2.4405287889091873,-0.10203270662598053,-0.05063269245121576,9.984165486711627,331,0,0,0.1537,0,0.0309
-0.5205592181265787,0.346260768355661,9.685133545354898,2.819882231805689,-3.7372233435784636,3.2072295759259424,-0.5719854572322467,0.33119845637632367,9.685326715638217,332,0,0,0.1537,0,0.0208
-0.2377322795072232,-0.14893843279953745,9.776465662729533,-2.330361341923327,1.051511230673277,1.0987282623047128,-0.2105201355038524,-0.2201118489266739,9.800933621323706,333,0,0,0.1537,0,0.0308
-0.46563902132304247,0.41780531695074363,10.12080833274714,2.046058349089545,-2.8207407693944058,2.7292719104531638,-0.411026772142634,0.3868250115119563,10.138235095498814,334,0,0,0.1537,0,0.0008
0.17095941407970533,-0.36477046228382043,9.992872310404355,-3.680166652223854,-0.8222273939951992,-1.0474987874724324,0.17409280506271202,-0.32731608954655095,9.998474873214326,335,0,0,0.1537,0,0.0114
0.22133193534066076,-0.013409529230129745,9.786365899137637,4.583194917505819,-4.393387414214556,2.372007177212182,0.18853202110816222,-0.05440123600305483,9.827195476892324,336,0,0,0.1537,0,0.0114
0.08670604272508427,0.11460485895103809,9.787337115786599,1.0867570040611008,4.366177423813466,-4.2726171149619585,0.09119727686964035,0.08481646331817103,9.822964284750771,337,0,0,0.1537,0,0.0108
-0.3810535175615169,0.16448729817620533,9.872894345953265,-0.3182432836842493,3.1508036316492554,1.934928588949136,-0.4550035859421979,0.1813566998162653,9.872303497283484,338,0,0,0.1537,0,0.0208
0.2264351906874036,0.08612376443667265,9.3626023723474,4.3427053026565865,0.5430431715253687,0.7289802713388345,0.26866058539863874,0.1069042567797748,9.301469778012297,339,0,0,0.1481,0,0.0014
0.0700269968210897,0.493659066908816,9.68872800334038,-2.2399300435418614,2.5667225388319634,5.933904193827377,0.1552569876034281,0.5578193914784553,9.692823776674095,340,0,0,0.1537,0,0.0002
-0.026146691834262416,-0.06531695125620401,10.168694718520843,0.6760857739906767,-2.0970502850447343,-3.8881202812972893,0.04878875130233592,-0.11601259142989528,10.073968426662535,341,0,0,0.1537,0,0.0011
-0.19653298729377164,0.19142434277618509,9.902111552818853,-1.0057337282921974,-1.369397156550742,-0.287015316205675,-0.1598786292103594,0.2584241878585351,9.903244783717888,342,0,0,0.1537,0,0.0013
0.27060345969558225,-0.009239999217214237,9.600846650699848,1.4147720809739321,0.8309511638578237,-0.036158286009539395,0.2959404516467425,0.0339478984899055,9.684970953878842,343,0,0,0.1537,0,0.0013
0.20995024464967119,-0.3899132368693908,9.830337047895037,2.7857344365169827,-1.3017267534097148,3.377858445705625,0.23645425178045562,-0.40052573862609553,9.74511914180088,344,0,0,0.1537,0,0.0029
0.3987166829814964,-0.044040522781258994,9.879923844407259,0.11002969287568357,1.296855308751511,-5.856394277504425,0.34678550706293565,-0.07157990472904405,9.798988852070826,345,0,0,0.1537,0,0.0224
-0.15840986077847816,-0.05684417144625985,9.79993179737925,4.57671979019323,-8.725048885029208,1.9994260289761536,-0.2650951812237469,-0.05150112743667478,9.81666118984218,346,0,0,0.1498,0,0.022
0.1279812960752956,-0.33962708510697376,9.699100828995107,-0.22710653954081175,-1.7011821137947403,-3.362647508146726,0.10149136910932981,-0.35511962271938946,9.645435744818265,347,0,0,0.1537,0,0.022
-0.004084710440292631,-0.27782147081578196,10.116607337476225,-3.373577070028282,5.52556607867774,-0.8991754872980842,-0.00972563185820324,-0.25863426529753947,10.113516841694212,348,0,0,0.1537,0,0.0154
-0.19227829475990857,-0.12069990290888388,9.66085940883371,-1.7163997403972022,4.706268282715391,4.494772562165022,-0.19374107182736655,-0.20896333969498038,9.671427317176738,349,0,0,0.1537,0,0.0129
-0.35621225776689175,0.11272281976811563,10.030973634030676,1.1741236068704317,-2.101380350658133,2.9810726831485894,-0.42533317703594176,0.15445139067527247,10.113393678106828,350,0,0,0.1537,0,0.022
0.15024835630924893,0.09215003247712467,9.612387180440155,-4.374192686809574,-1.1438315210709191,1.4046636583907024,0.19933370822547242,0.15694237822248866,9.584788859844233,351,0,0,0.1537,0,0.0327
0.2728896250545121,-0.1142148126719274,9.529817001573726,1.5175604058851673,-0.4671676420883595,-4.336640981879324,0.3244718554791691,-0.11299685578239217,9.554175746731394,352,0,0,0.1537,0,0.0327
0.13255727066406,-0.21395566309297215,10.01582771925037,2.024437044481561,-0.16512736810725417,2.90728925940276,0.05778497061048492,-0.2430145652155255,10.019466880120376,353,0,0,0.1537,0,0.0221
0.4871943785475964,-0.32208194159712694,9.937732274563432,3.9135877356516304,2.3768571470744306,4.704917627160036,0.524730129131944,-0.35431737969698923,9.953588195602602,354,0,0,0.1537,0,0.0321
0.24153034312402838,-0.4121998539167195,9.619832764222668,-0.2838704576191342,-2.266299628204618,-3.9741671883840928,0.2448263392266995,-0.42221465795723767,9.630577943649703,355,0,0,0.1537,0,0.0319
-0.252426077044139,0.260592402187078,9.910769458353297,1.495063190268854,4.640240461423927,1.7492161083549498,-0.20680672284855747,0.20253304594964724,9.918082939078095,356,0,0,0.1537,0,0.0319
0.26130900758918624,0.08782648934718353,10.007787136648435,-2.491439382913799,-0.5775621780444257,0.5957279289804963,0.2594045498831729,0.0192314453254932,10.007888103484891,357,0,0,0.1537,0,0.0572
-0.2544134210951971,-0.037534206173956634,9.906165681572707,-1.735387185461554,2.957352200283629,4.303689756876605,-0.30724251564486676,-0.0395293938422939,9.958882174595862,358,0,0,0.1537,0,0.0497
-0.5844881998242852,-0.03927598658906064,9.518917997673089,1.3725418815926564,0.19827935620162251,2.132184303056044,-0.6426704555687234,-0.03261762660293086,9.54645896496647,359,0,0,0.1537,0,0.0255
0.33585824906982364,0.6980471081262313,9.86152379102884,4.069422563920905,-0.312472983513993,4.877661009215823,0.31926336463194327,0.7221075270471067,9.880595285743118,360,0,0,0.153,0,0.0049
-0.18572246245093654,0.19216455872607532,9.925001062478067,-4.7000766538020375,-1.687492420953546,-1.4484275735666294,-0.1567457306134825,0.165563321925137,9.846885367376569,361,0,0,0.1537,0,0.0051
0.1515267725213816,0.07127602258109415,9.937050755049503,-5.109133974017413,-2.130978796707855,-1.6374170061699098,0.13666633525583127,0.15276849253946045,9.910377712994455,362,0,0,0.1537,0,0.0033
0.03600222665760641,-0.09092604961581444,9.803376373553446,-2.954133903079617,0.7534032615403041,2.221979086576536,0.02824971118299012,-0.1265510840213191,9.817115826658032,363,0,0,0.1537,0,0.0133
-0.16360167784187815,-0.1360072742605153,9.922577953278989,1.6997859359963545,-1.4050338131793318,-1.3535480683385235,-0.1897967643960619,-0.13371982351915362,9.987150291035459,364,0,0,0.1537,0,0.0032
-0.05937655349464012,-0.2055389215338113,9.763461934188232,-4.247945227448172,2.8649336047680727,-3.3043545226010194,-0.06546490956252705,-0.2919500469389766,9.780764992229711,365,0,0,0.1537,0,0.0032
0.16519574511251692,-0.4537568689705569,10.076754451231853,1.7094182891093417,2.8961395100777114,-4.927017664293693,0.24047505646925205,-0.5067827406755806,10.046033266159437,366,0,0,0.1537,0,0.0118
0.13597796588767727,0.07607505428768274,9.647399477164265,1.3639415484251178,0.844522719810034,2.0763257998865807,0.15666359144916858,0.07036325587080858,9.709193482520384,367,0,0,0.1537,0,0.012
-0.001655165008959972,0.17946366796573562,9.90238170726783,3.575428659701141,-0.7235915269388038,-2.049402428408783,-0.024893120440044506,0.18817284709152984,9.770073260842091,368,0,0,0.1537,0,0.023
0.3092057197038012,0.20897053803619353,9.608215659241147,2.806094301691906,1.3400426329346902,-0.4487286885281121,0.20609425488596866,0.23223436987504817,9.577924243321672,369,0,0,0.1537,0,0.0233
0.4420265792592247,-0.07548552018543785,9.814924696632584,-2.529516546115917,1.5910073023824638,1.069982636447114,0.4603520550274101,0.011760929836431414,9.931308830404031,370,0,0,0.1537,0,0.0023
0.0709218435909786,0.40450366903291785,9.60439141217829,-1.9325143454806943,0.47668197546538876,0.4663505457575162,0.06433139340871573,0.3339184560665169,9.648307606011135,371,0,0,0.1537,0,0.0037
-0.21189862363690182,-0.381995966234403,9.78163142973284,2.613636558597683,0.990549639010083,1.7838824000059188,-0.24130003243521017,-0.4411900620123318,9.731478365992478,372,0,0,0.1537,0,0.0037
-0.33553128061590465,-0.22243472742469877,9.934282299635443,0.712924770134913,-0.5387464688501615,-1.374166179539872,-0.40848830622963783,-0.22727172702753248,9.993209179887709,373,0,0,0.1537,0,0.0079
-0.29049092180853464,0.4209434254164278,10.174511111792688,-2.8518329127611115,5.233456555379664,2.7261890113251326,-0.3272921151993074,0.38101172540510164,10.15080419922441,374,0,0,0.1537,0,0.0288
-0.33127400754403397,0.32571256463255255,9.969523617379304,3.1432745428044155,2.5290084861363944,-1.0764722569809508,-0.2945350622540604,0.448271081704325,9.927157409099594,375,0,0,0.1537,0,0.0048
-0.01073649577771507,0.2653070256482822,9.458606172992017,-3.5121212014291388,2.673136851642348,5.188034041905917,-0.0551810028525344,0.22600923928395414,9.456884089517052,376,0,0,0.1537,0,0.0148
0.31892695961295087,-0.13981140755133176,9.839259009401346,-2.5264628134355473,-1.3677185030315324,0.29138853361244854,0.32630369356641675,-0.21612888925257617,9.824659868112272,377,0,0,0.1537,0,0.0151
-0.15762521611625074,0.1678661124426192,9.775539813927566,2.1627530197450016,-2.1083095078581806,-1.4915744836339684,-0.12992721303556207,0.11062443345846945,9.881807971239263,378,0,0,0.1537,0,0.0259
-0.2934852018559711,0.02937071088457227,9.99585224688976,-0.3690650918806409,4.446926975717785,-2.2344193742764085,-0.3164590322278307,0.03350311962556656,10.035910926292862,379,0,0,0.1537,0,0.0147
0.04093270116296542,-0.5187937966349757,10.070510334565704,-0.9784730634435845,-0.6147332998802547,-0.7255705734678588,0.047225329194675564,-0.5153909334787008,10.003378974208683,380,0,0,0.1537,0,0.0359
-0.4819511672425063,-0.35808013903067387,10.23142838863977,6.010180713417364,0.4485542136169807,1.7970999748796697,-0.47810139817597413,-0.34798925983632883,10.175241009992533,381,0,0,0.1537,0,0.0277
-0.5142047612976017,-0.330599386557742,10.04738375715773,-2.11265569691888,1.7081157714684214,2.9595214924761484,-0.5389106009693692,-0.26842350614699373,9.958499531198958,382,0,0,0.1537,0,0.027
-0.14985829625130076,0.19467381911449896,10.029951003658152,-0.9724694015584987,0.2071412053571613,-1.4524960294961242,-0.14976803261474675,0.1767329361733614,10.088476049746005,383,0,0,0.1537,0,0.037
-0.2763882429520969,-0.07236351243508544,9.80924559918484,2.373377452420395,-4.715620537634244,-5.217070622765758,-0.3909685790140563,-0.00012054611616695021,9.849027480149783,384,0,0,0.1537,0,0.0272
-0.06818316862180648,-0.15710305030262722,9.985665546359591,-1.7501008879718944,-1.5403888161527788,-1.301125776297953,-0.07506355293056198,-0.1361599718282652,10.040898127936304,385,0,0,0.1537,0,0.0382
0.6872769744874356,0.5616265295005969,9.610259223254477,-1.0855624917118125,0.37806729808682893,-1.5194713348164497,0.6717951128211992,0.5895541720700007,9.752709819091535,386,0,0,0.1492,0,0.022
-0.19195371125718394,0.034548850253062105,9.563505073962268,-1.7617538517332538,-1.1579194532255652,-0.284124262701603,-0.18834472963127352,0.0025992464961518205,9.533267289860628,387,0,0,0.1537,0,0.0134
-0.2436380895499053,-0.604808941245159,9.517018030630256,0.4929073189221299,-6.0167412067530766,-7.33956510859322,-0.15933195881858508,-0.5795904699698678,9.570322491202493,388,0,0,0.1514,0,0.0141
0.26115225621807286,-0.6460290783051758,9.79223511244751,-3.7134020233815757,-0.15479665458636097,4.125263535662659,0.1822262321664418,-0.7202680027425377,9.797435442926593,389,0,0,0.1469,0,0.0155
-0.2800060824009474,0.08135394459355302,9.971256448237533,-5.652439841879899,-0.7042771798302389,4.997515065803238,-0.3499793634656674,0.0711582175936903,10.06395941063886,390,0,0,0.1537,0,0.0156
0.03201068299995171,0.4641782194665044,9.522171344368662,-2.6218964137314504,0.6337713928194304,0.8682655203982119,0.034383949615807284,0.35134210437174307,9.511120435183246,391,0,0,0.1537,0,0.0042
0.49339882299255255,-0.3624084252106259,10.068618759150004,2.8499442625835028,-2.140151337283306,-1.1832258858126719,0.4620346644632324,-0.37189383276147037,10.14428306762578,392,0,0,0.1537,0,0.0044
0.17906818429058097,-0.325012507441491,9.820901301465268,-1.2827650637011976,-3.50599252071715,1.2313745690495232,0.14160784066310886,-0.28539936614979927,9.853930802657741,393,0,0,0.1537,0,0.0238
0.287116216097073,0.28966851542570404,9.671890356988406,-1.0958535229350481,-3.759962081670809,7.5870413166566415,0.3229048413077117,0.2981190820177278,9.721784439886095,394,0,0,0.1509,0,0.0234
-0.038371924787107776,0.08301349050949126,9.63231545841559,-2.3889428171767726,1.2289657328267758,-1.2001814509037647,-0.12480321390603616,0.029008752210434474,9.554819737631922,395,0,0,0.1537,0,0.0135
-0.2949842031033326,0.36586254234799326,9.883065677848204,2.7765521096494847,2.902277705341622,4.558050736302642,-0.318465193954195,0.3190530634137593,9.832516081904588,396,0,0,0.1537,0,0.017
0.2420797759919908,0.23926981474922326,9.847229907024149,-1.693459404278543,3.3192104105007587,-0.45889357999787367,0.17203775925680048,0.18936001317046208,9.842182610689203,397,0,0,0.1537,0,0.017
0.24033927048509524,-0.3526512878881603,9.676820134340623,0.48241266345732636,3.8542684941641587,-1.5383842031529165,0.17100686291092065,-0.3528875756770818,9.650744916835228,398,0,0,0.1537,0,0.007
-0.21795020427107067,-0.056890692270934747,9.896707619064372,5.036926786626581,-2.544343820361009,1.0451438493722809,-0.23927130099195423,0.04440647944464276,9.992106807411085,399,0,0,0.1537,0,0.008
0.24453514335645257,-0.43774442200047214,9.538151838334617,0.4656991786968024,1.3238128336734145,1.78426833613605,0.24724520731031047,-0.38588817884845716,9.570794908508466,400,0,0,0.1537,0,0.008
-0.38844787057737057,0.26210423176856784,9.814238984922765,0.6754208931522707,0.1637300928389256,-3.367416615833341,-0.2695605993585689,0.2247528423582936,9.729635675503502,401,0,0,0.1537,0,0.0226
0.021293850526688845,-0.5289529520612631,9.892325088867223,-2.8487814595813914,0.4763270081450964,-2.2904978535238776,-0.07343405386606407,-0.5087267861903871,9.901442225004894,402,0,0,0.1537,0,0.0213
0.3037251322751477,0.42023040346087737,9.588490809441137,2.022337101584753,0.7078280548692546,-3.0530621075742115,0.2595380291580902,0.46411767635075707,9.6306084595069,403,0,0,0.1537,0,0.0281
-0.10722857835051965,0.07915150535704889,9.730685914275359,4.148015763122803,0.8083654894480146,6.872672070397853,-0.14301572847167363,0.06926245170430201,9.750466233888545,404,0,0,0.1531,0,0.0204
0.15248698393504476,-0.2882006725310083,9.668643878982964,0.17947276322662353,4.44299876195144,0.12902057968150712,0.1949768779730148,-0.26598324607837304,9.723931548502033,405,0,0,0.1537,0,0.0148
-0.06670985101208002,-0.3832840470138281,9.940879391580127,2.7172956799155807,-0.13191327452379736,4.697240994617132,-0.06809123895007949,-0.3870664044979817,9.91004395658581,406,0,0,0.1537,0,0.0204
0.06697983196320853,-0.3712610890269784,10.04965056761609,4.227421130077273,4.6562027404613335,2.6457072620819413,0.09086258132840419,-0.33015935911430855,10.071313984241826,407,0,0,0.1537,0,0.005
-0.1577307806903517,-0.08423611660944279,9.548611999729818,-5.038168767240142,-2.329522225894154,0.9464455494266728,-0.15158223378854693,-0.1408108458161032,9.540803884828527,408,0,0,0.1537,0,0.0052
-0.13955180569936684,0.016926688141449084,9.751731352080483,-2.056787031507165,0.4117006212682668,-0.7282004523112375,-0.11026049385488901,0.03571526548858128,9.643053949905015,409,0,0,0.1537,0,0.0352
0.136460483921784,-0.2028713547873244,10.00655986661708,-0.8464183555718328,3.9515025338967957,-3.286135390647037,0.116327745817917,-0.20101808984054256,10.026528802260763,410,0,0,0.1537,0,0.0059
0.32221307961388024,0.24739336921253183,9.899464023810639,1.373248284700307,0.5449668103701184,3.06852771315095,0.25020573364741355,0.26662307366482707,9.89531319727254,411,0,0,0.1537,0,0.0259
0.2766778513151731,0.05922623297638544,10.006837207247887,-1.5229225440688232,7.812230822030092,-1.409613204036779,0.2500179682987412,0.07116963433214073,10.010247157398734,412,0,0,0.1469,0,0.0303
-0.3329721552993338,-0.13276334760077244,10.07308350539943,-0.053298139213836,-2.087457620067437,-0.04167807304169403,-0.36377785122277173,-0.0493943223883236,10.03166372308659,413,0,0,0.1537,0,0.0489
0.1295425768320495,-0.45870257235128153,10.099909025792803,-0.12520629098741648,-1.1109935215309101,-1.8673470166653336,0.0884393999922931,-0.5218271508215097,10.134263778531455,414,0,0,0.1537,0,0.0389
0.06751763652324819,0.0711441487990301,9.78712699780606,0.009194608746816565,-2.4857562712670904,-4.024558550624568,0.18181885195677497,0.07836364242138842,9.645631019458191,415,0,0,0.1537,0,0.0389
-0.3784893773457171,0.262838881335781,9.754574901750473,5.382959061541671,1.169839312242802,-0.6695855076314645,-0.3684184280597897,0.2852821442237487,9.725898109621921,416,0,0,0.1537,0,0.0487
-0.6218683483254791,0.19699764693881078,9.931221507571594,-2.359027591589983,2.8860411691657557,-0.22557624830996276,-0.6637261402639777,0.18089640031910187,9.975616497491181,417,0,0,0.1534,0,0.0386
-0.41975716409187425,0.0489768109268719,9.772302564084244,-0.37162989294484755,-4.1105943212149825,-2.3365961671795907,-0.4354887986362715,0.03580427067977568,9.673533512022503,418,0,0,0.1537,0,0.0386
-0.11572311687718784,-0.3019507899398641,9.860761423163401,-0.9257593415085608,1.388786622123588,-0.8831359856823273,-0.133141861373182,-0.21520549203417322,9.930952487700342,419,0,0,0.1537,0,0.0352
-0.3187547401041128,0.09349516922447228,9.49902093768555,5.140642268258484,2.3045169016323426,2.6875269323786815,-0.17801952476399216,0.06707298037009428,9.534727109823983,420,0,0,0.1537,0,0.0387
0.1476865071364295,-0.08680779946900993,9.511153148657689,-3.988014295229517,-1.04734313211803,-1.0734873343154674,0.19865719736914142,-0.1329801894520579,9.49381426927087,421,0,0,0.1537,0,0.0087
-0.2688171345213369,-0.3971198907710199,10.06345218343596,-2.5148224677900624,2.6063059604402974,-0.44297456204604224,-0.264954250086438,-0.39229812307919004,10.052697095950192,422,0,0,0.1537,0,0.0046
-0.566745989341119,0.3240003414779319,9.53227867429814,5.079175277677191,1.3261428185908302,6.489795076458586,-0.6262576158695184,0.3360377658001924,9.509180715145176,423,0,0,0.1531,0,0.0349
0.4631179489052951,0.28263958998651406,10.031304877428903,3.2153381342550738,2.8838632347231026,-4.921240943735235,0.40806283756302697,0.35245650324814404,10.086047649387282,424,0,0,0.1537,0,0.0249
0.0024213542087214057,-0.6190615540013961,9.852639192994518,-2.982914435050556,0.36120945558274675,-0.4810733273182034,0.01969597035627373,-0.6817079077351025,9.689994393570267,425,0,0,0.1532,0,0.0092
-0.047383722950409275,-0.16586241310946034,9.791007119345894,-1.9668134922970384,-3.3042799540677272,-3.0242326637117793,-0.048196477341153954,-0.15350611408570836,9.813643148081633,426,0,0,0.1537,0,0.0291
-0.11890222307844556,0.25042946113525677,9.965378081147012,2.88769080853948,-0.06550239704114999,-2.6194487876546386,-0.07618637655551652,0.30753298685627406,9.986057830688004,427,0,0,0.1537,0,0.0442
0.19827161813641203,0.06780912307672181,9.95189000575286,0.7314954434140669,-4.265915205417427,-0.7624414789158729,0.21388977395362116,0.13641688529292892,9.89441551167083,428,0,0,0.1537,0,0.0442
-0.30741426799204746,-0.30743898712715145,9.755729972615274,2.5820543419155726,-2.347750909791578,-2.3211939428177812,-0.3050736329929138,-0.2628191941595156,9.772145212367906,429,0,0,0.1537,0,0.0442
0.05607169295393147,-0.22474219140519244,9.908224794063644,4.657095522395332,-5.18609446995489,-2.4208995175371344,0.1105616408224435,-0.2193846210745419,9.988013546215338,430,0,0,0.1537,0,0.0292
-0.33349804498060365,-0.7100442869018394,9.862386269145643,-2.6125014859427873,1.7829955035412337,-1.3064820112922995,-0.2790905969991591,-0.6948928107846505,9.84312776625713,431,0,0,0.1525,0,0.0106
0.14362097293672918,-0.0670430257146721,9.630965915865692,0.6766079078749311,-5.941694523208511,-1.7176136361174046,0.1075461262528335,-0.13053712843672766,9.660358990118759,432,0,0,0.1537,0,0.0107
-0.2625337002290927,-0.01305259044883673,9.794868213992853,1.545142045850044,2.06926620010909,-0.8660898970006778,-0.25726184150377995,-0.0058596786664197025,9.714439862232204,433,0,0,0.1537,0,0.0122
0.39979843500741147,0.039054758842063365,9.613149719659715,-4.133229070528037,5.9447073402092245,1.7506598879466697,0.40113514768746344,0.09096012884543814,9.629880628053645,434,0,0,0.1537,0,0.0169
-0.24212461350799797,-0.10280827655843985,10.000018369635969,-0.9287446033093043,-4.167997920305432,0.49539812501794744,-0.2911542899730796,-0.030122936045962403,9.997650310261966,435,0,0,0.1537,0,0.0169
0.1694566788120436,0.6176588792552759,9.690231134933027,1.1946642992396006,-5.361934609434554,0.690371257281744,0.14332767611610747,0.6740894996484219,9.71864723216122,436,0,0,0.1531,0,0.0101
-0.003690529781796048,0.8067822058875509,9.6870085645082,-1.2977976016156065,-2.055879172707225,-2.6693466128115912,0.08785067934525212,0.8158643414601251,9.709907754470562,437,0,0,0.1291,0,0.0117
0.4909729287242206,-0.6216184986953892,9.989379233698669,0.7680813143515866,-6.593581803218957,1.947258500406753,0.4410805348900736,-0.6313375989048591,10.098574126111895,438,0,0,0.1535,0,0.0005
-0.3099263866025952,0.23184901633178648,10.000939383568095,-0.7591917805980106,2.035674976879826,6.8950852555528455,-0.4058460785360287,0.20558144347075497,9.962416814036171,439,0,0,0.1531,0,0.0105
0.06131322292451967,0.39615190672653683,9.45421515481857,2.146299253691853,0.07489323144112989,5.361941664341789,0.029796966640675486,0.45788145810418523,9.483206508846745,440,0,0,0.1537,0,0.0106
-0.1554731412552106,-0.11858791328354527,9.896578669780741,-4.107836725093231,-3.7340796086782366,1.5052249068837755,-0.224704213939021,-0.13623256672885142,9.840632124016977,441,0,0,0.1537,0,0.0006
-0.7426366810221066,0.11187864735189254,10.13080919174873,3.440899199951967,-5.246474126971234,2.0761382908573913,-0.5591776585326832,0.1619453418803536,10.185442871214967,442,0,0,0.1497,0,0.0008
-0.008396355232780872,0.13583371713345427,9.840951032318412,0.42046618639619815,-4.394318329933404,1.6342194110993087,0.1104968414836755,0.1488482104234434,9.881532703096552,443,0,0,0.1537,0,0.0008
0.6840189658143715,-0.5744344256042355,9.956608633280666,-0.9854109485347712,5.060725509880401,0.054363980602827336,0.7627010062675798,-0.65929006357439,10.005485747500387,444,0,0,0.1281,0,0.0007
-0.5111901780721497,-0.09838938638171218,10.161270293590208,-3.0772094731952517,-6.511875227340141,2.6630096280090445,-0.5700415217960214,-0.09069254302383462,10.159225923216411,445,0,0,0.1537,0,0.0005
0.32623325963914995,0.5049589537560144,10.118673631286347,-1.5033921682968983,0.6229359618203286,-7.573411309617999,0.3116983481700421,0.4532001202075394,10.180522114957173,446,0,0,0.15,0,0.0014
-0.2729678747117008,-0.3670910140934393,9.943156845870341,-0.7803393422169396,-1.3164692167875693,2.4953493993560008,-0.20094833769350134,-0.44388436221130145,9.956826445396237,447,0,0,0.1537,0,0.0014
0.3536403115316362,-0.39413838962599296,9.844968719878477,4.03794692345634,0.15358403334835793,-0.1111561251457603,0.3137680779629415,-0.4586083215967036,9.80459939859105,448,0,0,0.1537,0,0.005
0.050059128366621845,0.2948663981942706,9.926508099761493,-2.731008828372443,0.35844221395650533,2.9304289279714375,0.0782024689485211,0.335384759459334,9.908270722703596,449,0,0,0.1537,0,0.0051
0.04939310728789756,0.1835359761914193,10.100485569280185,0.4431219659239207,1.4135349464061526,1.1208831181509822,0.04337085904618367,0.2733723181909202,10.019649191962694,450,0,0,0.1537,0,0.0051
0.29976757810563753,-0.37389750315559583,9.854433518227408,5.122268951918887,1.4829151970743717,-1.817918911177062,0.2448962816258129,-0.29201126090235213,9.922893945103352,451,0,0,0.1537,0,0.015
-0.3411119061083399,-0.2757863393987056,9.952663754174418,1.4888055479480677,7.200878883526972,-0.0227789895152147,-0.36853914255020304,-0.28755863144974236,9.978275634079036,452,0,0,0.1477,0,0.015
0.4995834593053328,0.4301996168838645,9.820719950494137,2.753440546048358,-1.1250044758243711,-0.5792254459883589,0.5247298742403399,0.42096976501653927,9.757488889197738,453,0,0,0.1537,0,0.0148
-0.24165078060086775,-0.2127917144199084,9.972008218015516,0.1993090718941724,-4.962405529790182,-0.9911329783388083,-0.224072568594927,-0.24918176714353138,10.010542942038345,454,0,0,0.1537,0,0.0105
-0.21436123234989354,-0.21232374184519498,9.927440816349746,-1.4102557454131397,-0.8522861499569518,2.9177869664952727,-0.23584194347662318,-0.08745700154075284,9.918408366703288,455,0,0,0.1537,0,0.0103
0.1410639473228579,-0.07187551916550462,9.493945289732213,0.19235560256570824,4.2966161861826615,2.7348548982537566,0.11961704913319551,-0.04669954271716183,9.499042309661123,456,0,0,0.1537,0,0.0111
0.16652287497100174,-0.6295520530629346,10.09519135707385,-4.292151320671671,-0.9874893717579797,-1.2293452321729914,0.15776662393739846,-0.5908646170232961,10.212834755040715,457,0,0,0.1525,0,0.0074
-0.06852432995525763,-0.2088069516443398,9.719054335006245,-2.4002860221582623,0.8317837240093757,-5.879059783349429,0.008805501174457872,-0.21185341644890382,9.782500550813522,458,0,0,0.1537,0,0.0068
-0.6819331324007286,0.054567825509094586,9.660175596284056,2.7754294119119125,3.188790059973797,0.016840263334596418,-0.6124487844616924,0.11387388820178307,9.721907433017384,459,0,0,0.154,0,0.0068
0.136843228255383,0.4150181554799161,10.089168886230576,-0.37902356257174585,-5.1427218636367185,-2.114468415209342,0.14824480089603612,0.5185870956323583,10.044217010870225,460,0,0,0.1537,0,0.001
0.11248812114889532,-0.1175278832012111,9.721745588905813,-0.7603651814850538,6.184667472400836,0.5290927536962275,0.04404238863788834,-0.02097467436488376,9.740632351143313,461,0,0,0.1537,0,0.0011
0.02332333987586968,0.3375363064925876,9.703459008788467,-2.981282106689632,2.0910397737944004,1.8207086849768817,0.027649326013472898,0.32089089028982326,9.708828880780274,462,0,0,0.1537,0,0.0011
-0.32072913544627424,0.4945096553759548,9.675274516238725,-4.020752586375838,-3.8002812207494747,-2.9228228699493157,-0.3298310683942878,0.5192966937468722,9.668236247407624,463,0,0,0.1537,0,0.0014
0.2632505866566299,0.05251156140179264,10.011169796977201,3.063050522746774,-0.22729665484339873,-4.862499337948427,0.33761158859061635,0.01689215665358449,9.996368376788755,464,0,0,0.1537,0,0.0011
-0.11909523487800922,0.23838833579406185,9.987018144705539,0.5072378175740773,3.1849415001258214,2.4023786506571945,-0.1532007422723201,0.341800194380368,10.029461267069022,465,0,0,0.1537,0,0.0011
0.3988990672843136,0.1835631116372675,9.921429277350063,0.41218863664446104,-4.251519496442961,2.339717529078194,0.41638473336319015,0.27778061162593126,10.034285337533884,466,0,0,0.1537,0,0.0011
0.22310225374447967,-0.0779461029316069,9.675211874618766,-7.751185156179778,-0.4286636220904928,0.06885852417627447,0.23181335667704012,-0.0973086539733986,9.707785138191717,467,0,0,0.1511,0,0.0011
0.03971312287900676,-0.17460469363039285,9.921125754679165,-1.045347628484791,-3.748290612999173,-2.1433563518711263,0.008541817874071107,-0.20443714735369029,9.78945529856361,468,0,0,0.1537,0,0.0011
-0.08360020284367746,-0.5054847932851898,9.734509672275227,-3.258158994011823,1.5878282744729353,0.10986973424962274,-0.08111021874004122,-0.5722031868066373,9.669687620295878,469,0,0,0.1536,0,0.0014
0.2751068011968406,0.36360541868691115,10.041025693007303,0.041092670144364546,0.42182201731148994,1.8658649258192157,0.24409810018936873,0.3538181551997056,10.112794532221299,470,0,0,0.1537,0,0.0014
-0.15382567016038196,0.05415587302580948,9.891254296172846,-2.785954359222968,0.44654040758162294,0.684493513387345,-0.14664109091888827,0.09483749720165202,9.861290934788425,471,0,0,0.1537,0,0.0014
0.29362662417707763,0.6526796976533656,9.60406982016099,5.551740453261002,5.875493644008463,2.709528259615235,0.2685557781606302,0.640773763587801,9.49555813758501,472,0,0,0.1531,0,0.0014
0.42884559226401187,-0.312851207714204,9.848213948174664,3.089477943800442,-1.7692155031421213,3.88044957901786,0.46224770451429864,-0.3234161643417667,9.829008298488814,473,0,0,0.1537,0,0.0014
0.42706219061677714,0.14781632402321945,9.673921706388708,-0.17399764226555156,-4.79096182409082,0.7260236211582449,0.41503544259014424,0.19534423176342128,9.70226649358536,474,0,0,0.1537,0,0.0026
0.09129276485299721,-0.4209505150714053,9.867481974330982,-0.4049143154559622,2.0392777339660704,-5.91402356035549,0.1322581745646908,-0.43656819290225596,9.923926902479392,475,0,0,0.1537,0,0.0014
-0.16440915360411074,0.16128083564065274,9.870775936848963,0.41465247564877045,-1.3300065975695619,-3.0900046373363077,-0.1760823714492326,0.1483019978619927,9.869836532346527,476,0,0,0.1537,0,0.0096
0.3765770563485829,0.17315246184515531,9.924096407717478,3.6445474371480637,-3.9998657913231934,-0.7436932715987562,0.4157157549757197,0.1319158886376418,9.938099131867013,477,0,0,0.1537,0,0.0096
-0.2876416333894611,-0.3676976673614402,9.825479758629243,4.579804469344905,-5.284727533353374,5.148763765041133,-0.239751373234622,-0.4018736980099717,9.795391074393146,478,0,0,0.1537,0,0.0014
0.12896214795891167,-0.11585021336560637,10.020463200334497,1.9484304423931749,-1.18000362082771,-4.799356435199384,0.16009896112523858,-0.04011522896250158,10.025297782758473,479,0,0,0.1537,0,0.0096
0.22542561059069344,0.3578183698510406,9.94931581278909,3.1984283128063336,-6.028587734616265,3.779771175978278,0.2436475859390002,0.2951650693638499,9.897186591126225,480,0,0,0.1537,0,0.0096
0.21074840692101737,0.009118343650259087,9.618679956621927,0.709721069515227,0.4011659267489919,-0.4040278393322986,0.1649906621744506,0.05954750015500196,9.570847961158016,481,0,0,0.1537,0,0.0093
0.30631274868188524,0.03567699300708955,9.883423369811641,2.289325354407291,1.4529265655444938,-3.6484933123449226,0.39099334545748987,0.13315922529626112,9.91232659032755,482,0,0,0.1537,0,0.0011
0.34923756530141287,0.0077263540829866865,10.041241383081253,3.698980591335109,0.5351724207035353,-1.0760135429821336,0.2501374297416034,0.03325548895670775,10.026196888455244,483,0,0,0.1537,0,0.0011
0.5940240635631426,-0.13378124538568298,9.502036720409476,-3.364452594902084,-5.44623364047049,-0.10969594354232051,0.4658844590030301,-0.09048927789873967,9.471359635367827,484,0,0,0.1521,0,0.0011
0.1415909827438989,-0.01731895828865733,9.86532600554564,0.027473040938183008,-1.3156658773845338,1.393661729813205,0.18853907881890739,-0.016620544951497156,9.823847940365878,485,0,0,0.1537,0,0.0011
-0.241067829875249,-0.3482163320155303,9.293528381007755,0.28918113084048697,0.038320094507451594,-2.2637718091059336,-0.23223789740706707,-0.4113740409070973,9.269328624816954,486,0,0,0.1099,0,0.001
-0.5330755768495958,0.48025513297141786,9.986472276210813,1.0761444708398589,3.8868263986288456,-1.2661619895661946,-0.5024215579151757,0.4139121659889952,10.055796337389884,487,0,0,0.1537,0,0.001
-0.1123379020091337,-0.17587051297696613,9.895836435062469,0.5566919469618602,4.625704776635361,-1.1606655242690156,-0.05068953320041482,-0.19153774909761012,9.957794055933054,488,0,0,0.1537,0,0.0067
-0.34593516033519084,0.03133808398041592,9.654049344053771,-1.6140099489309478,0.6478336093860224,-0.16608267273910413,-0.31123388342419156,0.053088727353159476,9.733492384041366,489,0,0,0.1537,0,0.0069
0.13754562390575115,0.062207890644657905,10.146552502795593,2.0564930988675685,-2.640181836182991,-2.7455789745899293,0.1814932498467693,0.14732606117104816,10.158975384503057,490,0,0,0.1537,0,0.0073
0.004331041322155244,0.16195746734690783,10.292312245173068,1.7779150718754315,-0.3335984125484956,0.1409053962570131,0.038700661402648065,0.20744690812915154,10.203436061424107,491,0,0,0.1511,0,0.0331
0.039740098139772036,-0.07783656754961728,9.770036511619532,0.42750475246011943,3.612570342862396,-4.180539206943038,0.007960633396556421,-0.07008745177150424,9.749540456206311,492,0,0,0.1537,0,0.0104
0.006744915293640146,-0.386401766856476,9.712149368564067,0.5447636617343115,-0.728971652866873,0.22173382791428242,-0.03113767317518667,-0.42436340927807126,9.782672153400801,493,0,0,0.1537,0,0.0203
0.4202884114332795,-0.17732664015394767,9.976970007001352,3.73847985881722,2.6581484263931836,-2.8692263526827286,0.445688723010788,-0.09173136920890596,10.062598736194264,494,0,0,0.1537,0,0.0419
-0.23311470608733686,-0.029398545089837275,9.77727451633708,4.522430975003505,-2.246752871940531,1.3705311548206225,-0.30974541775574316,0.039826077102614266,9.7103875398994,495,0,0,0.1537,0,0.0868
-0.012492417925238466,0.03225450674247515,10.05343130072691,2.3463426009784025,-3.049311156564137,4.1988493384053065,0.02231349632359926,0.08027441444230304,10.077381900490916,496,0,0,0.1537,0,0.0244
-0.11035209251295183,0.03295484890706774,9.488307438397545,-3.4054204383861837,6.861049365453855,-3.652706995148204,-0.06749811154977503,-0.05428887346759279,9.486546595233799,497,0,0,0.153,0,0.021
0.24200535482536495,-0.25637801783622494,9.786002403751652,-2.0928783089016108,-0.15267137668194605,-1.1408486476427155,0.1914801333638231,-0.13736159049235208,9.811328167018662,498,0,0,0.1537,0,0.021
0.19332256459829822,0.05113111346341665,9.755767054529965,-0.1329354784188535,4.34497902357368,-1.2250943706965676,0.2635845909226157,0.020619896709656388,9.761879374836791,499,0,0,0.1537,0,0.021
-1.5921140163771101,0.5289581236905836,10.262686150604738,2.933991029363491,13.850000511981174,-3.9610843394877766,-2.807124488672724,1.3065519939585737,9.645815656058366,500,1,1,0.0023,0,0.2615
-1.401568398492849,0.4859390686816162,10.104166876798985,-1.0513819295476723,6.102204172119092,-2.542732531544351,-2.795854335963319,0.9757401843337078,12.407855491096571,501,1,1,0.0004,0,0.25
-1.8441252582070684,-0.26184050548692817,8.894132273219377,-4.4023074024236495,6.738944309444973,2.094410589124146,-2.561290766449488,-0.6085464268087338,9.919048711960686,502,1,1,0.0389,0,0.21
-1.5647654780237348,0.0500697234316877,9.97643727307727,-8.199192746271219,12.529727053506551,11.009265102788072,-3.49380640119921,0.05187301937538664,10.506255733141453,503,1,1,0.0037,0,0.16
-2.4676980655565437,-0.6209148647198159,9.88215767642856,2.4548842118076313,15.59155141609885,4.478220157600864,-5.7950678201065395,-1.4252867944094414,12.563001032010042,504,1,1,0.0,0,0.12
-2.513204050859433,0.6560454459482881,9.121783510278993,1.8034530552257628,12.68447031573827,-2.2108696913247363,-5.7812979196186065,1.1949303816469155,9.755498422782845,505,1,1,0.0,0,0.1
-2.1441382174262187,-0.16064841826012366,9.894127263621323,-3.873612430127116,10.518952741890415,7.015113980882756,-3.5335873386888714,-0.1788988652149527,9.647875316505791,506,1,1,0.0008,0,0.09
-2.2170330407764576,0.003476324835943384,9.252764169371607,-1.7970009475864848,14.354914068640733,2.2344279529701785,-4.467701523849181,0.008598828331435751,9.391406027101446,507,1,1,0.0,0,0.07
-3.085441268014816,-0.07550959871811874,10.174519153040468,0.24818193681667078,18.836207943206446,-3.4018523715232507,-6.447302386799575,-0.1648975221932961,9.920873511693394,508,1,1,0.0,0,0.06
-3.2571235016868214,-0.7847858767937759,10.45640220203011,-0.9628396127890582,12.648635375250942,-0.28523805346368514,-4.600204770340503,-1.6029183294443083,11.91153735202531,509,1,1,0.0,0,0.05
-2.2466157935623112,-0.08401385112688743,9.556986197439343,2.0285025698201498,17.9423916016386,2.2557748897935257,-2.7424556498308075,-0.11751783290972317,11.223912364555288,510,1,1,0.0004,0,0.02
-2.6545504986778323,0.07791397674701095,10.436943197394026,0.05005001294262811,9.963263382130432,5.579390650878111,-3.568909555218939,0.1213540796932376,10.424852855635601,511,1,1,0.0,0,0.02
-2.6244186125217683,0.12103581778097997,9.798470682534488,5.7666488361611155,15.611385125443375,0.34633402342175457,-5.628731668435826,0.17488533794373692,12.237650926022834,512,1,1,0.0,0,0.02
-2.7254717980312435,-0.27779021374502705,10.143609692892705,7.411680541284305,15.32467076782788,5.886740114404651,-4.599922180074903,-0.2981203849867504,12.960153648648511,513,1,1,0.0,0,0.01
-2.180191032893602,0.7280752052566143,9.689961806161346,-0.548492279940765,6.52803610333608,-3.984635817375129,-4.719826152857037,1.293195922499143,9.143450826320707,514,1,1,0.0041,0,0.02
-3.5527277469029253,0.20737742836128167,10.57063784873462,4.435753682590297,17.30247786066201,-5.007673868088071,-7.377412636335469,0.3477964333167154,13.205332605052568,515,1,1,0.0,0,0.01
-2.837470296626133,-0.792792694066582,9.454950798241507,-4.209328792232067,13.759226590193919,-8.42165942228636,-6.990499981469932,-1.8455699432081245,10.061189107186589,516,1,1,0.0037,0,0.0
-2.5866900674686377,0.9420336594193975,9.237049325528154,-5.291150166268958,15.145285910108916,-11.134361371114975,-5.443036373260111,1.76259050547718,9.213049765747515,517,1,1,0.0,1,0.0
-2.895639154929025,0.9724915347603785,9.515708933050169,0.47370641076150133,15.513436083693813,-0.6921273196491018,-7.042189138706305,1.8615990080494922,10.777104534853704,518,1,1,0.0,1,0.0
-3.649330579868922,-0.2939819858419981,9.338678801851263,-7.072052591259068,11.70926016938889,-1.1720267795237385,-3.913235471729558,-0.5503623430214617,8.592863939951942,519,1,1,0.0024,1,0.0
-3.3511991865416895,-0.25112579447756983,8.949471275684646,-8.56342503168478,18.757948790603763,3.292666365229366,-5.142960201629469,-0.5438908939612029,8.519387753434822,520,1,1,0.0,1,0.0
-3.3974141208333917,0.24346833531752207,9.54329249192413,0.6934457487675145,15.586280455093487,-0.6386110132317309,-6.087427300881385,0.3406214482280717,9.03228987738099,521,1,1,0.0,1,0.0
-2.4109235811557324,0.2542260024372439,9.643106184810263,0.3841384588686827,14.56025571214736,-2.1424894237042844,-4.127136278308822,0.38679372380394206,11.875903340383623,522,1,1,0.0,1,0.0
-1.9747904719840188,-0.3802188896018679,9.26542411294773,-1.1333303319773298,23.2947848928499,0.2881242591205794,-4.4684095173420495,-0.5847369920457285,11.989581410055843,523,1,1,0.0002,1,0.01
-3.650622187032747,0.18225719812875463,9.101577100335417,-9.96634251842614,13.008090306788798,-2.6065317997404924,-3.7953517188827592,0.29669962659859317,9.035186320725911,524,1,1,0.0024,1,0.0
-3.613305125446662,-0.5695174519517574,9.7708427375541,-2.6797035766043975,16.902689193758857,9.40221348377174,-4.456475419818927,-0.7173232897129397,12.19023452869158,525,1,1,0.0,1,0.0
-4.12923782454802,-0.7645917435381937,10.350134305334693,2.534917733406435,17.7722404217596,2.178739036628873,-4.513909330088015,-0.7959536674694891,10.259753235835005,526,1,1,0.0,1,0.0
-4.781099208373895,-0.26160036646451895,10.109668118834083,3.5557561591288,21.014101617913614,7.699877457547003,-5.505949645408201,-0.4956198488209434,12.73967721156855,527,1,1,0.0,1,0.0
-2.7614097280051233,0.11875624706145997,9.704988665184063,5.586753396616768,12.576240771043283,3.5853473218787486,-5.303460338535828,0.2791090591331484,9.357800519437506,528,1,1,0.0,1,0.0
-3.1755339728700047,-0.8873174641753598,9.762787123560656,-6.965355971534288,15.539957632968093,2.3882181185685134,-5.126819239561563,-2.1199628217744126,9.158048777601993,529,1,1,0.0,1,0.0
-2.834124725039572,0.741191657315758,10.352432911271793,-1.2988205118085894,21.429792346796905,1.711075190367362,-3.9241264746201385,1.7353336301542541,11.143253373099027,530,1,1,0.0,1,0.0
-2.468771425323511,0.31268187155563953,10.029576848732708,3.7894438990913977,18.81492887899882,-2.7939086670269786,-4.675425247187132,0.4384433523285631,11.240416962758665,531,1,1,0.0,1,0.0
-3.6622009208405015,0.6359438956102381,9.848083947711961,-6.71590717731549,21.501726235102932,0.7409971595617332,-7.722305722923865,1.1913588056625248,11.905715579492293,532,1,1,0.0,1,0.0
-3.2207183785976627,-0.4507223174515486,10.148118897805276,2.386246522688478,23.063471291811656,7.869352277348149,-3.7911585057269264,-0.4575229406904082,11.246667825176848,533,1,1,0.0,1,0.0
-4.223079597954106,0.06730186081115076,9.451988322203539,-7.807040169876492,10.074425404519756,-3.5256312277026254,-9.72649866402592,0.06989929710097804,12.211513978291377,534,1,1,0.0,1,0.0
-3.326283870566442,-0.4163235051256686,9.478031713762467,2.3804028259693215,21.059169535140928,-5.421304907397264,-7.438655846565122,-0.6190510761848769,12.106929257464504,535,1,1,0.0,1,0.0
-2.600520408146832,0.6957042919788092,9.299558639488128,-0.13520420446180997,26.349594169945554,-0.7786072113150084,-5.29141812146856,1.205685665292317,11.310518752306187,536,1,1,0.0,1,0.0
-4.357155014631766,0.5141780493775717,9.966634940487792,1.1973804322926531,18.141215563350883,7.9519612980763625,-9.06585138792971,0.628789632412987,10.000013300102092,537,1,1,0.0,1,0.0
-5.315975600861677,-0.8712662519588538,10.425611039346943,-5.055343585991261,25.022382233187493,4.081419449183308,-9.110152190065866,-0.955370546757706,12.806479000740943,538,1,1,0.0,1,0.0
-4.129958477862855,-0.0038911832424310495,9.394111110149712,0.6114592723656357,24.793841755862744,3.9907568379100296,-10.03383849963774,-0.0046329529480000275,9.223206778476765,539,1,1,0.0,1,0.0
-4.171340396873296,-0.9427903222351001,9.829670800929351,2.2863167779744957,26.564263306707037,4.378465089040419,-8.576180423598078,-1.3927119444443645,11.181527423601862,540,1,1,0.0,1,0.0
-4.797377089076045,-0.5153976654081289,9.751622820990447,-3.12587459870928,15.404493451680773,2.295788066934972,-7.23346550457264,-0.7929426679193362,10.033017136211164,541,1,1,0.0,1,0.0
-2.872232114216752,0.8611368028216538,9.25328529841099,-2.320955527784011,30.880959144401757,12.288217543008619,-6.646323103871727,1.7617075551465395,11.602422056865146,542,1,1,0.0001,1,0.0
-6.159960458247909,-0.4531517229202988,10.018166757285048,-2.427498652272292,24.23838238033469,9.70483162665619,-14.175031484084933,-0.7400626262138271,12.123878668848368,543,1,1,0.0,1,0.0
-3.7290076061837274,-0.48700089009718184,9.312180998648037,-1.9337878370886743,22.774629637526743,-2.219950415402927,-7.893379592279473,-0.8921089114956865,9.454715865502509,544,1,1,0.0,1,0.0
-3.561215674103618,-0.2636251184162857,9.981460040861199,-5.988083907631825,29.502645309925015,-0.8922071543344281,-6.516429560623518,-0.6132976037973392,10.48440793127977,545,1,1,0.0,1,0.0
-4.141143313032521,-0.12272166161233031,10.126043477538659,-1.2279967155278104,15.169859926159337,-1.345265738815721,-7.6146511285428655,-0.2633028090689927,12.798493183825341,546,1,1,0.0,1,0.0
-4.211529749964925,1.245971056127232,9.587189338115415,-2.1441876837866767,18.456869264253644,-5.86895075667975,-7.834558220970828,1.820259392961056,11.911344979579118,547,1,1,0.0,1,0.0
-4.914065592031282,0.5785901410444113,9.154693155932705,-8.013438530398012,18.392176730963193,2.1905767721360623,-8.657683839448913,0.8448165879178149,8.817128876385764,548,1,1,0.0,1,0.0
-5.637601119208389,-0.425988096551313,9.949740789920595,-5.907456127382789,21.25603761481347,4.030553316166929,-13.828962431839845,-0.7079987588284555,10.344922470219869,549,1,1,0.0,1,0.0
-3.247513553383839,0.40491281748566604,10.360953316441144,8.826645684021399,27.116150286312642,5.120504065053732,-6.0309827461212935,0.8196139970408173,11.04509138870192,550,1,1,0.0,1,0.0
-4.899593739040255,-0.6953563208052551,9.804382063779261,5.342434061736664,34.68966175977709,2.649869187219274,-7.8893866921698415,-1.7001399479399597,11.484966275895976,551,1,1,0.0,1,0.0
-5.1055132685275675,-0.11887404445840082,10.389738724633608,1.1384149198287334,28.406670983884062,0.5155190753854287,-9.710674606354662,-0.18713299760817081,10.070618777068907,552,1,1,0.0,1,0.0
-4.620588637710413,-0.8447413391135382,9.002782509089606,3.161456243278866,25.207743125733973,-4.160125410290116,-6.678520925552701,-1.8334937546661874,10.173271751550068,553,1,1,0.0,1,0.0
-3.8493649838090236,-0.42823672787170086,9.01866947923742,-6.222784326968024,32.292707761272084,-4.755816041073621,-4.040314937377427,-0.6807023131324312,10.64156133091673,554,1,1,0.0,1,0.0
-5.073401265285021,0.29183044386010576,10.876524780917554,5.324087883003426,14.292936858853116,-3.704289410948922,-10.67780566779377,0.49496336104161787,11.558817948263162,555,1,1,0.0,1,0.0
-4.6398700798444255,0.14864238899061072,9.809838715653418,0.13217789606871366,28.33004721605954,8.688435467819186,-10.440086887223924,0.24017619658438275,10.624317543698035,556,1,1,0.0,1,0.0
-6.957160579020177,0.2644938917707093,10.28279029008732,-1.1287817951761139,15.76202055131237,7.498961427257234,-14.76470931731583,0.2890848101529549,11.449723414884293,557,1,1,0.0,1,0.0
-4.29164628832721,-0.2447847232882555,10.396453364914004,2.669627459063024,13.92888352313043,5.656803943340206,-6.183993279770717,-0.3978356215472935,10.821618685991597,558,1,1,0.0,1,0.0
-6.094746812313881,-0.4958977211197928,9.939872840602806,5.638592731962541,41.6573759778674,1.658259677717468,-11.412728197481565,-0.847413600628539,12.035892422239636,559,1,1,0.0,1,0.0
-5.106958714913382,-0.07902544971787603,9.729477090121748,9.134756045363744,16.76109863888405,0.7754145282668121,-7.938686429149048,-0.13371336405083106,11.073849834545353,560,1,1,0.0,1,0.0
-5.336360862245456,0.21295750411240372,10.341076322651375,6.46494100826961,36.3606037758416,2.8124311146510457,-6.987047690057717,0.511404705397719,11.584860646586318,561,1,1,0.0,1,0.0
-5.691595949116159,0.5483610582649678,10.690425041483191,-5.097211008964755,19.867156321741525,8.328294484538102,-10.791476708072706,1.0644511454644905,13.82398296982786,562,1,1,0.0,1,0.0
-5.607663426235386,-0.8036457486824389,10.278831215643354,8.74395736082572,33.28922254190922,-2.324146111028618,-11.337096416797518,-1.774678786865521,12.303240988354252,563,1,1,0.0,1,0.0
-5.432654142219577,0.36260386715573467,9.456979723512754,-8.589429553682665,22.986178636597955,2.7892705627089494,-8.108011406598974,0.4635400738621924,10.187622074274255,564,1,1,0.0,1,0.0
-6.337846154748923,-0.05151262828606243,10.108537317514287,4.955568144253284,37.999690701497315,9.294199685598757,-7.7522084037955965,-0.12803250156355866,11.053206580759632,565,1,1,0.0,1,0.0
-3.871484089379112,0.3469699443746905,10.678516604989575,-4.056355457365067,15.065283010277934,4.212112298890178,-3.907907895319111,0.6791719972035255,9.822134450666205,566,1,1,0.0089,1,0.0
-4.36640685164503,0.016708403002600323,9.661022431324607,-2.557586186061748,28.907521903046106,4.259947249720345,-6.876353118211888,0.03748528704392106,10.092501264473771,567,1,1,0.0,1,0.0
-6.566133752338517,0.20814533087136855,9.675033989205577,4.574774006404698,26.010004819718596,7.391814133407227,-8.373153481426765,0.3340919137960686,10.124704281815674,568,1,1,0.0,1,0.0
-5.25342707331505,-0.12487247633764442,10.073765139076778,7.943734815366445,34.481387899874335,-1.7150420407066735,-9.347290029845547,-0.20999966576715956,12.591125597212141,569,1,1,0.0,1,0.0
-6.5246572080572065,-0.5918040362119567,9.994787735812615,-2.6223160779849852,22.589994926909817,-4.838116780094397,-12.353820469223809,-1.0483525187467106,11.484285681837592,570,1,1,0.0,1,0.0
-5.647291794018521,0.03538672414305234,9.683890242938402,6.216976926577175,26.258055202545467,-0.16564288939180788,-10.385192160799237,0.05499836672219256,9.314634656042756,571,1,1,0.0,1,0.0
-6.5637501331020225,-0.2132582761511992,10.147720839657483,-1.9110229519148354,14.83446802718036,15.910640718137063,-8.637982140849987,-0.4003199622902362,10.208685660829165,572,1,1,0.0481,1,0.0
-8.195122784020766,-0.3435281839871983,9.95370449462394,8.946661260258313,30.219077729069703,-5.578012910767196,-12.046602772649981,-0.6956567947414652,11.236982412418131,573,1,1,0.0,1,0.0
-6.182031027799492,-0.30835508782046445,9.689643429413831,-2.8584125441509087,25.628986509271538,15.630856758880668,-9.293262524779076,-0.4701085279003425,9.814044006104657,574,1,1,0.0231,1,0.0
-6.9546295831417115,-0.37081368694903155,9.83297909066561,1.766050080637884,41.62995448442353,4.553355532722753,-12.894584792373598,-0.7072208726204411,11.87287436578897,575,1,1,0.0,1,0.0
-7.109678015210201,-0.36119796076878347,9.582359745263945,7.18554971229095,32.41914082268823,1.3833613142622414,-17.39528437254953,-0.48014423749777235,10.480370555391815,576,1,1,0.0,1,0.0
-5.3350261916864525,-0.25958014155323894,9.580668464161244,-1.3323285791005182,42.47107478057866,-1.3171637669843999,-13.26818489048669,-0.42968969369767096,9.325225390127722,577,1,1,0.0,1,0.0
-5.782484484980168,-0.20141313789652598,10.000740502320348,2.115575557148551,28.522110734383073,3.2023330579738136,-10.008595036764612,-0.29229878331882986,9.965351007814032,578,1,1,0.0,1,0.0
-7.957482070635658,-0.1874196925459596,9.65533885826849,2.2001499960824957,32.15017519809929,6.913262358966929,-11.365473750529878,-0.3638930692495713,10.108815486168067,579,1,1,0.0,1,0.0
-9.26715459966274,-0.017164955369547527,9.5246880270359,-3.377378403122118,34.47602795006911,-2.2632267499121856,-14.25102633445095,-0.03227060714794552,10.397638641457371,580,1,1,0.0,1,0.0
-5.7374735350401105,0.04283465715060838,9.799492622304625,-3.712096187005866,26.766506060366012,0.7086050408294174,-8.405300441869556,0.10178841762273251,12.290872824355468,581,1,1,0.0,1,0.0
-6.274958256786597,-0.05467970202362718,9.895794587543527,3.0718858235485746,24.89499703024738,-1.9400467101365502,-13.350463705598882,-0.08413914178092513,11.347110757729409,582,1,1,0.0,1,0.0
-5.407511586646219,-0.768020099826864,9.154353138321852,-2.5010514989126715,20.58651954259617,-3.023616726851605,-10.596364679507356,-1.2840624018457052,11.396085439137808,583,1,1,0.0,1,0.0
-7.067470371320635,-0.18047953264159633,9.521968153971523,8.913242894958533,18.18168437046479,5.675515044239317,-8.630191568522921,-0.24600957505268548,11.77075351335926,584,1,1,0.0,1,0.0
-6.913897352451826,0.6538200015027925,9.193414543421417,0.13534586988366307,32.36699320865613,1.101043037590871,-15.24668804270074,1.3024874820300514,11.138711809839045,585,1,1,0.0,1,0.0
-4.912142111819875,0.11046809358964832,9.078419704413522,-2.3612990839148837,33.104239161374544,1.66101242419721,-7.560173786599842,0.19370877738695252,10.520743893678807,586,1,1,0.0,1,0.0
-7.947210809442459,-0.482648962976869,9.998147593121315,2.698094083936456,31.26351259516267,2.5500166536873916,-9.384330357548828,-1.0947948917680521,10.874541398372942,587,1,1,0.0,1,0.0
-9.028433293579052,0.08196868213839749,10.090112479418831,-1.673587013026814,29.91596176014001,-6.731313602448322,-14.56159780890273,0.17480723646974805,10.679709229309319,588,1,1,0.0,1,0.0
-4.0356408942849935,0.9091368352106506,9.918589562813592,9.044813885239083,35.15603084017616,1.4098048341585458,-4.4224472262911165,2.041381528314115,12.169463307910531,589,1,1,0.0,1,0.0
-6.873352318472995,0.7921729424865711,10.171599633292747,-4.875267188281874,44.33400139514861,-1.229074211772339,-9.159328465872601,1.112493603140793,10.21200974624028,590,1,1,0.0,1,0.0
-6.8454291277715225,0.6626266367284558,10.017881262329915,1.7918903415867473,26.326520948210153,-4.524540847279618,-16.044495230540406,1.500987197458964,10.614063432704928,591,1,1,0.0,1,0.0
-4.756572778504644,0.9508157543277186,10.030266327355331,3.683108549988101,29.402528795003338,0.8147509697564903,-5.280020850903605,1.9233519001950838,9.188672501233814,592,1,1,0.0,1,0.0
-5.286444473987114,0.358754763066323,8.935930023032778,-0.7217633161690682,20.36949272801042,2.683051638523837,-7.496041599972635,0.434717575502215,9.93765581877694,593,1,1,0.0,1,0.0
-7.657421326764035,0.6248578969308081,10.228311578169164,2.152715243421214,39.074984556262564,5.43386528482457,-8.386245337065084,1.1247393774430607,11.028177108816026,594,1,1,0.0,1,0.0
-6.185451356435015,0.19591216976886916,9.107010512698317,-0.554820889706037,23.08696708348304,-0.11996009048845152,-11.569553284836678,0.4761459118521374,11.538351126193566,595,1,1,0.0,1,0.0
-5.06707443214355,0.7662542584245878,10.128143979838763,-1.4704644105449014,27.833780306972415,0.5475647093304201,-10.347735976805183,0.9133042542339892,12.220762653945792,596,1,1,0.0,1,0.0
-7.01296987621905,-0.19954126593991484,9.966300197980228,6.519128376685906,29.466693121536686,2.4659097944834945,-10.336978858965418,-0.3450457104337121,9.416677202836599,597,1,1,0.0,1,0.0
-7.3090364773603325,-0.7353614371303643,9.824397540647546,-3.2073046656203257,32.47591085396694,1.6278190092458624,-9.743553370844127,-1.4275917545444365,11.478883155574929,598,1,1,0.0,1,0.0
-7.759776447283503,-1.0920749108832775,9.719916865115504,-5.8949733994688405,37.241418129919346,-4.123323864611834,-18.182628798613248,-1.1882507148153831,9.87695498415997,599,1,1,0.0,1,0.0
-7.1573915110789255,0.09630138975159362,9.825414817288006,-6.771170611591289,38.666719277871024,-0.12289090708992276,-12.828956449058813,0.18265523555941526,12.55320178842744,600,1,1,0.0,1,0.0
-9.490492200476044,0.7012330934790924,9.835896722973864,0.24302039716941684,42.48774493241175,-1.2493299492433416,-10.642440031663945,1.716259049026017,11.02673414468944,601,1,1,0.0,1,0.0
-6.391381763199435,-0.23010654356897972,8.705428402276826,7.148175900903149,13.894605472826296,-5.715818100736708,-9.53500704273489,-0.40110929585609495,9.199550016670646,602,1,1,0.0,1,0.0
-8.865364951833872,-0.2690034305403465,9.601718175253186,4.569029397368117,58.66076885844245,4.691566806891737,-18.680494171791764,-0.6204578151450426,8.780589816891677,603,1,1,0.0,1,0.0
-5.795990825865309,0.4803926983329368,9.487888664519328,-7.827510311415713,34.46066678976277,-1.0511598340742307,-13.55922561671633,1.0099995290205155,12.03145503134401,604,1,1,0.0,1,0.0
-7.032188518417471,0.021178549598021144,9.807443812500996,10.12615219538645,39.05155690654591,6.344360861305603,-8.828050331773504,0.03285487756846049,11.018699993976446,605,1,1,0.0,1,0.0
-5.1752802743231445,-0.7920059347720679,10.294807406379286,-5.21939064480935,46.37411347668043,-3.135191065119991,-8.17504749505833,-1.0023980697935102,11.984961414134068,606,1,1,0.0,1,0.0
-7.811616017241636,-0.4443187807877156,10.284863728244067,-0.24467797052810886,35.77880724518358,2.8172394892654307,-14.230091916949673,-0.7916179749305414,12.922167849768835,607,1,1,0.0,1,0.0
-5.717439005159947,0.12864495597122652,10.136556875371632,1.760818413982208,19.62829612420178,1.0699629726069453,-12.036694862282696,0.29737333936262456,10.261441801496913,608,1,1,0.0,1,0.0
-8.004085814729569,0.2511233418966271,9.633580370336789,0.5998341397443211,55.56370981264446,3.04392064778956,-11.47858118535851,0.37802884953031407,8.865202538361629,609,1,1,0.0,1,0.0
-5.85076070255019,0.2073751927155336,10.213848475987238,7.626832965897873,43.520895239691065,16.05210558786978,-9.60358938720369,0.5183307024486561,12.776995892562494,610,1,1,0.0064,1,0.0
-7.2008792114156055,-0.3320985620519817,9.585588623040945,1.1112755336283482,35.80157912959325,-2.3432789139404204,-17.771800313837083,-0.3577139434586038,9.078299250507081,611,1,1,0.0,1,0.0
-8.431135118957592,0.022230945951883598,9.769520313363138,7.683526519990009,37.11939493211904,-7.995600019809973,-15.441402723733754,0.05178527865883598,11.882774669682359,612,1,1,0.0,1,0.0
-6.912441359306805,-0.4029516469810325,9.89948496129365,3.039497113289025,49.55708271990184,1.6155547165410191,-12.798466578839033,-0.9604168635487963,12.6396827298174,613,1,1,0.0,1,0.0
-8.111285448471511,-0.18990651152652452,10.287575026249428,-2.065695578388941,22.67204677410126,-1.4006740977006216,-12.852865614402202,-0.2553141360629985,11.339915165662475,614,1,1,0.0,1,0.0
-4.584898897928465,-0.4900330728316166,9.933095312684275,-5.3787751992050765,46.30285925322302,3.6970558805065923,-11.112953613561166,-0.8972947472721292,10.590524369948007,615,1,1,0.0,1,0.0
-5.551456351050815,0.18750514358189235,9.626081873983155,-3.114389312019688,48.45034417612696,-5.345799699854718,-11.1046333999053,0.43184501492793387,8.790946786950588,616,1,1,0.0,1,0.0
-7.445017095408497,0.48605727706781104,10.254068713421157,-5.702402344983046,20.962396116146703,-1.7097044154128016,-17.84946417690303,0.5830440602204076,13.229051600959775,617,1,1,0.0,1,0.0
-6.035793472683784,-0.7461748459135888,9.254632658472927,7.794726334151693,39.075562383808126,9.6535793847469,-15.058582074797972,-1.1732710289027886,10.608258595436661,618,1,1,0.0,1,0.0
-4.623730664385331,1.0637225007686146,9.66559769353947,-0.9701836374112289,27.28921895057866,-5.730016842713575,-6.260225508733031,2.318195264119794,10.357912891322218,619,1,1,0.0,1,0.0
-8.906153442567158,-0.2915933895792114,9.536607300258193,3.7686324721853417,25.801480001912118,-1.3006409313881186,-17.209236056554694,-0.6003289790819679,9.011781244632223,620,1,1,0.0,1,0.0
-6.603877753687343,0.11377626912444073,10.4401289425147,1.0666983786163657,33.932767772770326,3.9359168923974703,-6.6964702580561974,0.22945529150020488,11.295214575197205,621,1,1,0.0,1,0.0
-6.281915726667454,0.5402054625034898,10.19294154614571,2.822926077044072,27.579669775694935,4.207936477018839,-12.040432792829016,1.1246848992147918,9.655292606971683,622,1,1,0.0,1,0.0
-7.112744621127878,0.7912895959975585,10.331739088988053,-4.888905747351832,35.7736003234256,-11.227545957033751,-13.970031315609448,1.201620309269129,11.509509150577962,623,1,1,0.0,1,0.0
-6.162890428370417,0.4538168531754035,9.1076249020744,1.9506988582553393,28.99213930399189,4.059743390365323,-11.779285042836484,0.7236568196350913,8.610808475001962,624,1,1,0.0,1,0.0
-7.949421623708698,0.5536416138172681,10.499364254900156,-3.4652562719219175,20.732949931826877,-0.1447204082617988,-18.072446942283914,0.5699918656649324,13.26317566559212,625,1,1,0.0,1,0.0
-4.566643282061632,0.20980893807873383,10.187215387160688,0.17762620315542244,31.118006157146286,-1.1699484644039861,-10.452371367597145,0.41150005392209943,12.97291022211396,626,1,1,0.0,1,0.0
-4.042591628244603,0.14213195557324804,10.379892077243552,-17.82094355383527,45.550632365432904,1.3963483839451576,-8.313439875026607,0.3062940031811764,12.672132411956566,627,1,1,0.0,1,0.0
-7.644457598251597,0.3049711712612269,9.407026507739493,-6.792145250476979,46.263528849150624,4.581461434894681,-19.080735790720208,0.317095012165458,11.209271318626065,628,1,1,0.0,1,0.0
-4.609787972785745,-0.24048864098751133,10.491662053952684,-6.115624037077242,42.47445074203764,-0.2017377705892095,-6.924744526185073,-0.3539137935099768,12.78121599999085,629,1,1,0.0,1,0.0
-5.484756930429763,-0.39647097429717276,9.49829343385278,-2.6386895655974123,45.51180214236375,-8.623390967867303,-9.439226208192366,-0.7517605746963272,11.149051291614265,630,1,1,0.0,1,0.0
-7.680602169746803,-0.2258695251940689,9.478980655540623,-1.3656543326221924,25.998113577665904,2.9336071340747045,-10.846040989301118,-0.28968080555403697,11.071161322514719,631,1,1,0.0,1,0.0
-5.925164596469574,-0.42347350511335824,9.73958383306801,2.281554001539709,29.983678584880302,-2.739197062028192,-8.603673679911509,-0.6790009761232307,10.316452510800236,632,1,1,0.0,1,0.0
-7.454511554458134,-0.1687196966675015,9.910306627787156,2.430307083423366,40.26375176413527,4.108875005248386,-10.373330776630421,-0.19720697159085526,10.528069429756975,633,1,1,0.0,1,0.0
-5.822988048541301,0.04825272317802095,9.507197925427732,4.73817213262619,25.77871811880345,-3.4583312378850457,-9.068422602954525,0.060942924719881705,10.36009596079492,634,1,1,0.0,1,0.0
-6.1019268494506695,0.09866554051234212,10.182169058766144,-2.6664121055966916,43.44277553295702,1.344592558035877,-10.428204620340301,0.23363557075089605,10.851209847354955,635,1,1,0.0,1,0.0
-6.105505756793713,-1.515289151855704,10.353445734990053,0.6200654446255186,14.320540580358696,2.539666961167422,-11.185449671405697,-2.381479099311958,13.111651548615871,636,1,1,0.0,1,0.0
-8.60610915975954,-0.959095277019131,9.074004809019646,11.588258800892294,33.97339452484878,8.943945239152768,-13.89300462513729,-1.951715277388537,10.922915096820716,637,1,1,0.0,1,0.0
-8.653431104737729,-0.5536356621377465,10.660269403726442,-1.945816021316619,34.60925932575238,-7.724420015712756,-9.423087741659058,-0.8767260566661699,12.608241612229264,638,1,1,0.0,1,0.0
-7.928483416396173,0.5678823540846145,9.074918517478103,2.663197529088863,30.14551052515608,-6.098178341172665,-18.261591741231186,1.0193962414702777,11.025186639165112,639,1,1,0.0,1,0.0
-8.666940022730948,-0.21431249019278423,9.158437397879329,0.5115916162779903,20.94005841088223,-3.101434701653073,-21.095496087868995,-0.2521634970656385,10.151468536486327,640,1,1,0.0,1,0.0
-10.080345270223258,-0.08196980206015313,8.611678710781913,4.834893927363591,15.86875511555608,0.9726394364506835,-12.416892749358661,-0.1997482763974279,10.124001745643882,641,1,1,0.0,1,0.0
-6.895342299131186,-0.5792638833278276,9.271443304027716,-3.0089880233102058,51.475634322055875,-2.6113337832366263,-15.621813143659637,-1.1977935471234284,9.469676826445808,642,1,1,0.0,1,0.0
-6.703402697717777,0.5935608838364669,9.992672512861184,8.942204327916999,26.507794117830628,-2.441288985539562,-9.047990009988741,1.1032816723904744,11.786266634283106,643,1,1,0.0,1,0.0
-5.249443127479156,-1.0769756207121917,9.65464766407169,7.064814034353482,16.26794381787245,-0.0813160775277219,-13.115245229994303,-1.5197159947888226,11.007989430107417,644,1,1,0.0,1,0.0
-8.037230027201742,0.18148785429672984,9.89990722584992,2.9479000761993475,41.76455745950595,0.8998560929418258,-14.397025912738687,0.32865396900418364,9.921556562463799,645,1,1,0.0,1,0.0
-6.417362548448361,0.033896838310116695,9.551586931998914,4.553931753505661,3.668677755101907,3.86039644133839,-14.946702588763168,0.047417254455263194,11.412743101003354,646,1,1,0.0082,1,0.0
-7.95544044966105,0.39861843062763164,9.964245893652176,6.8462205411220385,34.58914311952045,-5.394080725531879,-14.475686561314951,0.8625439230645565,9.804517309376815,647,1,1,0.0,1,0.0
-6.878452933639512,-0.29126078124482413,9.13656417499339,-0.08429119435996368,26.860650772390493,-0.12354408212772873,-11.927919026836442,-0.4437606324633427,11.868014222241799,648,1,1,0.0,1,0.0
-6.279927762534863,-0.4400837427909921,9.753720076466584,-0.9265757731077351,39.21749654907576,-6.7824201783959825,-14.737729159134702,-0.6101891741532005,11.813335436175656,649,1,1,0.0,1,0.0
-5.898844515736695,0.6679817737337026,9.755404613151363,5.846119151932646,24.82437996901435,1.5386697765536312,-11.27612375234249,1.647677139395929,9.9130308743731,650,1,1,0.0,1,0.0
-7.680892908346464,-0.49618156143852693,10.467122999313538,3.3103374006132174,26.370861008210085,2.057578049470043,-16.364632708315316,-0.8050599424282889,10.60933455135364,651,1,1,0.0,1,0.0
-5.9123682852675765,-0.38518471497374307,9.567955869704264,-8.812343250698266,30.84185602845868,3.724222185342356,-13.902412075039226,-0.5983839692497475,9.410520750902469,652,1,1,0.0,1,0.0
-5.056762528837689,-0.980595088494837,9.674201985202973,3.2708695283136247,42.8644592763393,2.0442351643967447,-9.280271212700372,-1.9989990015092716,9.115212848156348,653,1,1,0.0,1,0.0
-6.371152254257603,0.0027965990401688794,9.454437390000654,-0.47413410512333054,30.705003234091716,5.927079164922797,-13.628653765938374,0.0069423173884230385,11.812352323587143,654,1,1,0.0,1,0.0
-5.844922049638402,-0.5930064269223367,9.43329584340234,1.4783692990226678,40.07725112794062,5.264564364264457,-11.039226899138749,-1.0362998275808581,9.12721365280214,655,1,1,0.0,1,0.0
-3.249134810345458,0.7146127883916042,8.371515402248306,-3.8825817798088313,25.845284221724608,9.862861292810019,-6.178381197067751,1.5267252236205047,10.562281875599576,656,1,1,0.0024,1,0.0
-7.2578819893980375,0.6279019426466286,8.523399699733382,0.6510170774152584,41.30070439149683,-6.789111651880544,-10.768747750212498,1.3613457245980431,9.731990767569034,657,1,1,0.0,1,0.0
-5.71618072607178,0.5091536514141591,10.442455684796615,0.33588836376981646,35.687174005392535,-0.9123587538846814,-5.799803959471368,1.2633481899878172,13.52879777587589,658,1,1,0.0,1,0.0
-4.024507346358295,0.3665802205575158,9.415352961017788,-4.53040510379752,38.535981282556875,-9.335546248331216,-7.6744759872072095,0.4154116971116772,9.891048051523875,659,1,1,0.0,1,0.0
-6.630344971027791,-0.1428962505780956,10.094154902533601,0.34070824945842115,28.48062309596329,4.126324843974861,-7.190615468850591,-0.23149825428495774,9.844330403893442,660,1,1,0.0,1,0.0
-9.417482785494002,0.29598473839089384,9.632665023171537,-4.927088925330782,26.45501414284692,2.557688475550534,-21.235029917476993,0.5248112875340957,8.984249032981696,661,1,1,0.0,1,0.0
-8.014639626306101,-0.5761854236082559,9.929753211237557,1.237614747501181,38.26606288900082,6.651640961324198,-10.722984075944296,-0.9040725863438058,11.863259253601798,662,1,1,0.0,1,0.0
-6.874629531316958,-0.06486298323078392,10.36861022472768,11.664947398517139,41.08385314216216,0.31370995978326927,-12.099694883746883,-0.11826552146425352,10.912701477075467,663,1,1,0.0,1,0.0
-7.783963150258543,-0.7427406128390975,9.914291397435543,-6.718654936783199,53.47325257557678,2.505518505295974,-13.027152324877155,-1.66107755946594,11.909732962197214,664,1,1,0.0,1,0.0
-7.537561619830029,1.3925690997773779,9.11877730027347,-5.362363315611992,33.12683237296825,3.513049174972273,-18.177087710084013,2.1415074036478394,10.34537280469706,665,1,1,0.0,1,0.0
-10.199850835175894,-0.4099786582099252,10.069383873627343,-2.8939841115026748,25.686751921095034,-3.417554519609325,-10.207836950475667,-0.9209744784500238,10.47339032472808,666,1,1,0.0,1,0.0
-7.539262976839724,-0.07832692908195102,9.757338658242604,-5.467457192884564,35.06373447017275,1.8436481733507875,-14.539599290880673,-0.1715786174776585,9.305311204883186,667,1,1,0.0,1,0.0
-7.450869146377809,-0.2636372140800472,10.050817148911941,0.08044562978063774,53.07239715259726,1.4836816024104529,-15.688856551775562,-0.5081835707352766,10.641321095037032,668,1,1,0.0,1,0.0
-6.92584505403763,-0.28500769557405053,9.082468241463857,-7.757171667035646,40.583480535269146,-2.6524439785832232,-11.917603292802909,-0.4595598357814046,9.93343013804226,669,1,1,0.0,1,0.0
-8.67544846702856,-0.37608516101925904,10.01937461782521,-0.8075511607663387,40.70642168948352,6.811688808163048,-8.850938561273892,-0.9340794254212466,10.075938771190543,670,1,1,0.0,1,0.0
-7.0389463449013485,-0.128180948316102,9.768826946732071,3.017263598744859,51.4755948711857,5.646861394134847,-11.59262599236381,-0.21001102711698402,12.438349850921432,671,1,1,0.0,1,0.0
-5.79182256646758,0.5799667103132035,9.90369372381288,-0.5084735663147233,37.10374750405387,6.8492731819669785,-10.129207914447408,0.9915194941153669,11.202344091964688,672,1,1,0.0,1,0.0
-8.527065756085825,-0.0806063396136327,9.192686435853364,-9.384944346458603,32.692957106062906,-1.0000939539176692,-13.320170931051463,-0.17431779576411502,8.921206445854153,673,1,1,0.0,1,0.0
-7.2582530563831815,-0.4197139747069389,10.137776924771275,9.59277199799206,24.3387801414287,0.07202400763808384,-14.761781450998246,-0.8473111060271663,9.949391739206565,674,1,1,0.0,1,0.0
-7.187407399163373,-0.040000241681535424,9.390411370573242,-5.4126129809805015,38.6091467932996,-4.380412009774698,-12.795008025670167,-0.07172567145693111,10.95515329314074,675,1,1,0.0,1,0.0
-7.649551400969992,-0.1559866841091224,10.138684516064536,2.9825921396150887,51.6776324407472,-1.1601689433194777,-14.891646144537381,-0.3640425182955668,10.870306187189462,676,1,1,0.0,1,0.0
-6.51117209931204,0.8545033466903533,10.246144432096578,-3.552657440275702,30.509349306383466,-15.162520803930198,-15.699623264063113,0.9544062552285022,12.16919235682545,677,1,1,0.0,1,0.0
-6.621077599036262,0.256252724438194,9.495452634537456,5.937241350993434,33.837253284408604,-5.591478770372589,-15.964227922715523,0.588311136768874,12.279134135764568,678,1,1,0.0,1,0.0
-6.384092043152962,-0.3845632303265757,9.304963797617019,7.321818490274041,31.7143941984154,-7.08963772827455,-7.648267966229396,-0.9153172679138991,11.388418579202558,679,1,1,0.0,1,0.0
-6.293004448712219,-0.04625091909176285,9.948878708210776,6.806403198095751,34.675885357283995,9.692266473363436,-8.92250417205241,-0.08069258077919109,11.032651948098867,680,1,1,0.0,1,0.0
-5.105041348862466,-0.07018466617348353,9.485001702253028,-1.9134969492367404,46.66982721219944,4.156569425220837,-6.6576854646496955,-0.13224049923946934,10.800711268135629,681,1,1,0.0,1,0.0
-6.7721023603400194,-0.915595126555489,9.795014538405995,0.330757935324078,29.79710710285131,-8.78810793089267,-14.0413403700719,-1.2004121292346583,12.350018471563512,682,1,1,0.0,1,0.0
-7.793774577825429,-0.6121418449221916,10.019974347230367,1.2214986288686975,21.825184450716666,-7.294751722121225,-17.818862774006703,-1.1680717556097733,12.569598870938993,683,1,1,0.0,1,0.0
-8.199585537799434,0.46931782615095263,9.779246333911845,-6.931861504074666,32.62542974785724,-0.8714782804692516,-9.962139059322949,1.0260968464984084,11.854161108053901,684,1,1,0.0,1,0.0
-7.19456646146717,-0.9594113268074412,9.626393608859686,-6.356647820024084,44.37048922830112,-7.416646959407212,-10.188758340766189,-2.1525816570689855,10.889985150850501,685,1,1,0.0,1,0.0
-6.873704172902694,-0.4854454768698068,10.21662552201271,-4.001406379157107,33.10298909798267,-3.3979543249555197,-16.563706166174594,-0.6964746636508813,9.7491996998233,686,1,1,0.0,1,0.0
-6.478703614680795,-0.14459649862760066,9.834937372116192,-0.8497586879452439,44.3814808548823,2.7529159457030423,-15.26768902080918,-0.21853496649766316,8.97084283093705,687,1,1,0.0,1,0.0
-5.515651794815408,-0.47892234826385194,10.24566791293316,-3.383825387551107,45.64899622477099,2.7813854330140124,-11.161839308872565,-0.5732573566234352,13.199373508724891,688,1,1,0.0,1,0.0
-7.855227765370619,0.9100022861831353,9.23028737020459,-2.205209516489868,21.36182720528416,-0.29776046543196194,-11.422009156978502,2.0455288801304325,10.083008870371582,689,1,1,0.0,1,0.0
-4.042133115524514,0.8324152009855159,10.405988739891148,3.0844462895158165,32.40231552489735,4.725832738111583,-4.323963327350625,1.1994378985143836,10.854668880009918,690,1,1,0.0,1,0.0
-7.304994157378496,-0.9192411200911007,9.986750720727906,-2.640201324802771,29.812511705554613,0.4979661840686483,-10.180905154595354,-2.25658185779593,9.014326923854862,691,1,1,0.0,1,0.0
-6.051658636118541,0.27745181286784143,10.406505934106967,3.159512675732687,47.52968779176217,12.045721658729816,-11.514403004959867,0.6287273690924089,10.138531685648807,692,1,1,0.0001,1,0.0
-7.372079608246125,-0.12333239069313023,9.860027589251867,4.42807376045349,47.39674519236672,-7.477929433626267,-14.859706146075931,-0.21185819948014292,11.49606305732503,693,1,1,0.0,1,0.0
-8.502363917361516,0.13985495895552047,9.590379618958698,7.007011066650037,28.667907944811592,0.2774939888293835,-15.363146193819823,0.24158413519453326,12.212606424481907,694,1,1,0.0,1,0.0
-8.474983710821586,-0.3413540505286461,9.527136942276801,5.752949068781436,22.222903406815245,-6.832107927600905,-10.882697521461992,-0.7598682892991883,10.44847458932214,695,1,1,0.0,1,0.0
-8.49048432204979,0.08437096551779369,9.932421067132749,-3.3080253584706343,27.055444207997883,-4.2246956727354155,-20.271364329120463,0.09148573275785553,12.057043818669065,696,1,1,0.0,1,0.0
-9.136864467736682,0.052801434831484376,9.68713854959875,1.239711734223308,25.792967386268593,-3.026144833336823,-21.94896873926266,0.06762284544716701,9.757138960595265,697,1,1,0.0,1,0.0
-5.853498451691836,-0.5029373764747387,10.539657330466675,4.593758828314361,21.96412967280976,-1.4766903581440796,-11.602835096108212,-0.7521480875080074,11.356701458552939,698,1,1,0.0,1,0.0
-7.555567388704907,0.255922207480143,10.067841200117241,5.132448697527822,23.752330018293218,5.7202360396169,-17.899882211193916,0.3474592327047725,12.25668527148254,699,1,1,0.0,1,0.0
-0.05289874074145306,0.252576086956233,9.71518274541735,1.9863703645415214,0.4157792844496236,3.1767543572357813,-0.06714437978532314,0.2601732554952087,9.711173992406701,700,0,0,0.1537,1,0.0
-0.18085037036992352,-0.22699837132643383,9.776398189153683,-0.11989113143908542,-0.9749461606578034,-1.6829649169979852,-0.14319100098361498,-0.19970706514076214,9.76833729706611,701,0,0,0.1537,1,0.0
-0.21411635556834144,0.29836322048025976,9.672956618400644,-0.574847338917231,-0.6631159218153102,4.187205207149904,-0.22711295689588684,0.3561709478910064,9.649569011136387,702,0,0,0.1537,1,0.0
0.048810077365887446,0.2003330994895513,9.904266579950058,6.899562267142114,6.762227516702257,-1.0035349306259456,0.044530982844428454,0.24049368018111633,9.91328592451456,703,0,0,0.1524,1,0.0
-0.38373538971078325,-0.602327534429742,10.135012308996572,-0.9970753701589751,1.1781641089665025,1.08664776468682,-0.3828805517810854,-0.6165593323121904,10.180918452182729,704,0,0,0.1523,1,0.0
-0.2916536349347328,-0.2320517175487379,9.876709254702256,2.9608474666460034,-2.3139740804221827,2.6317419104821336,-0.2623178192151411,-0.26244552203375726,9.900428741145777,705,0,0,0.1537,1,0.0
0.3102590198135538,-0.37134081706544225,10.295513475577206,-2.0842067919679135,1.1565323141407267,-3.7314761721065457,0.39754012604874517,-0.4064897040858966,10.297809052109114,706,0,0,0.1527,1,0.0
0.23429271080578512,-0.7256173226591054,9.531880810104855,-6.8914824794504765,2.580495808721438,0.9940879647677121,0.2029628730667672,-0.6607678711211877,9.536028272025531,707,0,0,0.1506,1,0.0
0.045421212450733016,0.23378443683715044,9.949668451533277,-2.8753972108881465,-4.677811250606286,-2.9808853655213197,-0.006315273644465914,0.20918756338286426,9.994061121669098,708,0,0,0.1537,1,0.0
-0.028665253001463293,0.06643528559529331,9.724421445548051,0.5149754617131302,-0.1986266332622766,2.6609496011261635,-0.0756811360276384,0.1321916434053345,9.786875968611277,709,0,0,0.1537,1,0.0
-0.04229177036730361,0.32454891865808294,9.802168609910748,-6.160220751159603,9.471951705177592,3.580767704541361,-0.11577012148651541,0.33785567359679675,9.840630065352396,710,0,0,0.1337,1,0.0
-0.04013590796669602,0.2526654265994052,9.723636362619313,-2.1796138870886774,0.22561043514964127,-3.304311074981235,-0.07647121720385017,0.29902405396641873,9.739190852276638,711,0,0,0.1537,1,0.0
-0.7807726395884534,-0.04207387763032959,9.45350084841832,1.6300445777055037,4.564092033175707,0.1517891495494301,-0.7967836978105062,-0.08322745448748568,9.453176937561325,712,0,0,0.1598,1,0.0
-0.028576445274412488,0.22462829703850892,9.768214454397611,-1.3195612547188798,-2.5024153370650377,-3.9596176043159055,0.03020744305102639,0.3279434308160684,9.800392265710606,713,0,0,0.1537,1,0.0
-0.22077753549155846,-0.013538692742970813,9.495320157139902,2.5275564776307133,-2.0002289322379636,-2.3070036794383073,-0.24961431542784074,-0.026708098068574417,9.480718401759582,714,0,0,0.1537,1,0.0
0.47271300021100043,-0.1723860737093399,9.921931594296762,-2.0024874297228634,8.821914923846453,3.1516921535160107,0.5490020065656154,-0.07818671546128535,9.903851195742984,715,0,0,0.1314,1,0.0
-0.3604008474849038,-0.5039331064393268,9.545633271648377,-2.9606435854204856,1.1467299259470123,-0.3249296878987327,-0.40641004263206015,-0.4796804346089379,9.632156046180684,716,0,0,0.1537,1,0.0
0.3621421202787386,0.14088378488478903,9.81989670208825,-0.718743718689732,3.0029569767424005,-3.1041800631012455,0.3492607506042421,0.18001181362132504,9.821922754717725,717,0,0,0.1537,1,0.0
-0.05444134811511851,0.05784789087840682,9.80815998459213,-1.35203209050276,-2.649523457008734,1.0634461427891166,-0.020915632653046433,0.12369331848771045,9.837295375954842,718,0,0,0.1537,1,0.0
-0.11806535334516005,-0.4426394086208089,9.696346504170034,1.109542302676802,-0.6128858871559419,-8.49144385766995,-0.10427521170804012,-0.4043922753785174,9.78934937271596,719,0,0,0.151,1,0.0
-0.371537718040011,0.25528525142013037,9.993861144108731,-4.288081336841709,-2.052293103898502,-1.8251242998966526,-0.39017703960474603,0.3178118464520775,9.991557810892656,720,0,0,0.1537,1,0.0
-0.43589750312134495,-0.37359965529627664,9.928202716181529,2.6927410787879036,0.5333633975316652,-3.746085738310324,-0.375241683815608,-0.34624350641363616,10.055270159985374,721,0,0,0.1537,1,0.0
-0.20106130062974634,-0.12189277966701301,10.043336885248726,-2.291316193433512,-0.1208514184172503,3.858263001562371,-0.15254256042298361,-0.07007578454341096,10.019179994337495,722,0,0,0.1537,1,0.0
-0.23629514661253204,0.07447778591969327,9.92807463151567,6.715820988954929,-2.1896373621838823,-4.653179441117671,-0.15877010619831777,0.03225231977857731,9.958246466837071,723,0,0,0.1524,1,0.0
-0.023622068406067596,0.4921383270185645,9.88938405928552,1.8297450484619002,3.521706811582969,-1.094089403113689,-0.03153430986351509,0.5241729149483715,9.913480813400922,724,0,0,0.1537,1,0.0
-0.3806406237325546,-0.17580094462929893,9.84017449400526,-4.407683935019126,1.0688248525869966,-1.192400602349137,-0.3755584438764952,-0.08064544672811967,9.853136540663819,725,0,0,0.1537,1,0.0
0.5926761136712599,-0.06857260263382166,9.740254727501057,-2.849086527849062,-2.0643668550577403,-1.675291419417996,0.680627629248924,-0.09605321824122384,9.75887552413041,726,0,0,0.1487,1,0.0
0.021599492553945818,-0.0405007199374726,9.779867621968467,1.0835854709628372,3.4001011521763496,-0.49765060983924647,0.04924488700357732,-0.019560860947747984,9.748444354054323,727,0,0,0.1537,1,0.0
-0.004292470871117876,0.5793248729942313,9.83242133069779,0.5855172184087759,2.3157165801658173,1.0715489914880194,0.10274492228543718,0.5990658841164407,9.814423742104866,728,0,0,0.1532,1,0.0
0.24256449140397343,0.06436483320775122,9.81362809237672,-1.1879642536115134,-5.150704677832142,-4.7597917531623635,0.307578151473646,0.08569403197970249,9.757290953900128,729,0,0,0.1537,1,0.0
0.26875417731418594,0.030813809370867525,9.792998218167842,-1.5678699312408009,-0.06433937932427877,-3.339293547504613,0.22860394042828097,0.0043151075948828325,9.811466305376507,730,0,0,0.1537,1,0.0
-0.26858645955282423,-0.24893889705125954,9.581146567536013,0.035822113759706606,-0.8669949880169237,-2.4390756582254984,-0.2127475901415985,-0.26022955279058796,9.617373906545476,731,0,0,0.1537,1,0.0
-0.11047250764654488,0.41146034796906644,9.963353883887631,-6.647909960578977,1.2290853368464019,0.5815294088226415,-0.20048653600660432,0.4798706775777198,10.088328398258392,732,0,0,0.1537,1,0.0
0.23819973290133126,-0.07092276775356436,9.919952302892016,4.649466915061333,-2.8272751224337997,-4.709973924445116,0.35319653687650715,-0.06563860452922857,9.98961992085151,733,0,0,0.1537,1,0.01
0.19698501427347476,0.3563042930856917,9.7596511528401,-1.5845985550928656,-1.7091896684012464,-4.571573142705963,0.1850525292076417,0.4274669206618707,9.86476976237609,734,0,0,0.1537,1,0.07
0.1812531046518823,-0.2330168285585952,10.128297947230513,3.386555755998975,-6.1008547305301315,1.116581868787319,0.2903788505323691,-0.1360099414575324,10.110346661138017,735,0,0,0.1537,0,0.08
0.08428169782576883,0.22093451641997539,9.64294464466465,1.6842524620552726,-0.346090935495923,3.3828705574723865,0.08924301670303283,0.13466151279384644,9.612068586519182,736,0,0,0.1537,0,0.13
-0.1680767009726671,0.08261344383678296,9.583850643893333,0.8817223069856578,-5.648908890545327,4.373402149280347,-0.10955443678670237,0.050233165885616646,9.402262797764473,737,0,0,0.1499,0,0.14
0.9916189816578118,0.8310427470822646,9.949787451305003,-4.331993431894393,4.244015862204353,-0.5207960765425099,0.9891095211921448,0.8025919736697051,9.862500551808855,738,0,1,0.169,0,0.29
-0.044221757410377864,0.07808120899538198,9.827338621372887,-2.208433534606292,3.53632133152402,1.840150560446901,-0.005362766842500741,0.09573869288690577,9.749011994207555,739,0,0,0.1537,0,0.3
0.30417549654520987,0.5257724331771839,9.296521795351856,6.996041276819204,-0.015436875646805136,1.0253887366112342,0.36816828432722143,0.5169854394259836,9.26108027804187,740,0,0,0.1052,0,0.32
0.3736613937837014,0.9311257484226954,9.591605092245794,4.444605587369285,-3.579437485692151,-2.4032285648775757,0.4799854491543964,0.8995439165601025,9.55525372252138,741,0,0,0.0929,0,0.32
0.13253875131531728,0.06960657531339821,9.831761372669229,-0.8502216283178923,6.219795539952207,-0.3301494994892229,0.21633891568238467,0.010461684269216995,9.789806450461517,742,0,0,0.1537,0,0.31
0.15133304987969257,0.613227203799262,10.017496299991322,2.8586817445915758,-4.768541213897717,1.0907295158073222,0.2384435667184339,0.6166440811877695,10.156475367958679,743,0,0,0.1532,0,0.25
-0.135677422917951,0.38344449172252176,9.753012580217215,1.58739243181734,-4.571185659125943,-1.7891346750471802,-0.1124977402785147,0.44735979963629474,9.816562091830395,744,0,0,0.1537,0,0.19
0.06937305342970718,0.48597134125962,9.811908379491664,-0.3802590645218037,1.274214671141094,0.7525617040777807,0.09255313879474875,0.4234208855433188,9.807932159671727,745,0,0,0.1537,0,0.11
0.012606551095338541,-0.33859572128898485,9.73465857645722,2.681992376100782,-2.1716996853194925,0.8137314943220235,0.054853994753022786,-0.391223953418132,9.731439831003941,746,0,0,0.1537,0,0.08
-0.12286131559071273,-0.23087183511441772,9.835212099600989,2.371400157339176,-1.900182773741016,-1.3406873179570642,-0.0562856819736889,-0.12331989756602642,9.763723758655594,747,0,0,0.1537,0,0.12
-0.6766574444991056,-0.2955751367996736,9.621866421961853,1.1247538047480474,6.484391644445324,1.617535573237629,-0.7711526752886675,-0.2472660823837163,9.567926460056242,748,0,0,0.1208,0,0.09
0.39241718553293176,-0.6867673487025978,9.521421796549392,-1.9408463418989723,-3.017207286262012,-0.47430457099633916,0.3753785117728124,-0.7591038485910891,9.532899252853824,749,0,0,0.1529,0,0.0001
-0.0492911101295264,-0.22192702175988893,9.742589276251001,-2.5379013580632965,-0.19989056614803727,1.514686383258197,-0.05890501132049079,-0.19138346612703355,9.734430242775817,750,0,0,0.1537,0,0.0
0.12258358501076808,-0.32025107000227226,9.690566709298857,-3.96156299612115,1.7969162598181625,2.29112149906392,0.13220040570062863,-0.2992222861344775,9.723583446258969,751,0,0,0.1537,0,0.0001
-0.022153947320694065,-0.24557875476825047,9.896295762746155,-1.620949962060217,-4.232587857120554,1.2930545142331602,-0.009172903062511001,-0.3123522762952782,9.8917822830721,752,0,0,0.1537,0,0.0007
0.7644896022218468,0.11708761324542469,9.697878232239288,0.7055822983178056,-4.524477189190775,0.4637787832641437,0.8179445076154989,0.0315853059648724,9.598964725044464,753,0,0,0.1525,0,0.0007
0.25017728533984174,-0.024689514107098468,9.845347977691908,-0.01131072734911454,-2.346081407581096,-1.340982329581872,0.1736255509220922,-0.06345727555978498,9.829582046667838,754,0,0,0.1537,0,0.0007
-0.12604015253117373,-0.40034896330976893,9.67195468084656,-0.13615832600582678,-0.20844095398460802,-1.2679245217101511,-0.12621002685655416,-0.43441809119055047,9.698491577681684,755,0,0,0.1537,0,0.0007
-0.39912678850967437,0.068850535796328,10.048044772392231,-5.916830291387881,2.190148109976096,-1.550279044018303,-0.43667839487865456,0.009606622952472832,10.029427821505475,756,0,0,0.1537,0,0.0007
0.015965802916812412,-0.4169958509727019,9.69222286289183,-2.8849531427234814,1.8961045010514699,1.2572817992083931,-0.045824288356063995,-0.35075356171765215,9.72894116555406,757,0,0,0.1537,0,0.0007
0.30794718174582036,0.1622752377094761,9.536753771600592,-3.469108944579951,2.956623530937309,-2.196386809677285,0.25700552685562783,0.11196287438050279,9.482789228721057,758,0,0,0.1537,0,0.0007
0.4796662354190463,-0.16637762967676464,9.69450216518775,-2.307982896055371,-0.3881959189995864,-6.200907742683825,0.4441199920855448,-0.21511911569353762,9.72027545501568,759,0,0,0.1537,0,0.0007
-0.013506229220461586,0.5468985341656492,9.983324091971067,-3.0918718886804735,-0.7335637379959811,-1.0074082457554498,-0.04856628917012016,0.3961844477249411,10.003268409882853,760,0,0,0.1536,0,0.0006
-0.42492557521375746,-0.15033643545249367,9.680006129359173,-6.844534722239887,-4.595273242554015,-1.040060724879856,-0.4109999313536075,-0.1602721935669054,9.65729317028518,761,0,0,0.1537,0,0.0006
0.10722711013076856,0.10663647474455312,9.996323999563334,3.6786290863154063,-0.5210290964020988,-1.2198444971907862,0.17335236326797354,0.07748257574013262,9.993552855966898,762,0,0,0.1537,0,0.0006
-0.1951703029993639,0.5407222582052994,9.812788773400214,0.3057026402293484,2.727532211597639,2.870702362336887,-0.26173918628876724,0.6019096405905638,9.831524096501827,763,0,0,0.1532,0,0.0006
-0.5349749153215556,0.28465642348579284,9.95307388073321,0.6462951863311828,-0.19285718208509248,4.221344261116833,-0.4977506806920353,0.34571813511709515,9.84990330620168,764,0,0,0.1537,0,0.0006
0.30670651590935066,-0.10599129393811406,9.747230189171598,-2.7108544286646667,-0.8668154381755457,2.3981816152787596,0.2544637770051525,-0.07569186025710048,9.686569612889175,765,0,0,0.1537,0,0.0007
-0.1312536066308312,0.20176105557729848,9.948080552774137,-4.451433603481949,-9.56295503584424,3.0603174693554376,-0.22072093877738902,0.16889578017880175,9.949718594063349,766,0,0,0.1484,0,0.0001
0.03850101551570873,0.46534083864519266,9.848934913537619,-1.5295697847827658,-4.4187195185166495,-4.951447479558153,0.02967513752101835,0.45030602402717146,9.84059951505457,767,0,0,0.1537,0,0.0001
-0.47031206975966855,0.43701886541670415,9.411114395396407,-3.31691407735215,1.254831252237209,-0.1737063280276198,-0.5369898853760243,0.42443913368714636,9.377422759438316,768,0,0,0.1482,0,0.02
-0.04279846450094665,-0.33579608613535267,10.056286231870558,-3.151897318264014,1.760352427932966,-4.754272768988161,-0.06322529138969976,-0.2524558097778812,10.080435180474417,769,0,0,0.1537,0,0.02
0.389291250824191,0.28056615592176926,9.870278017931513,0.5104576022538766,-3.767623303033028,-3.9122581570468165,0.3373433790156796,0.33813772897115013,9.908114164727575,770,0,0,0.1537,0,0.0106
-0.32678007273886284,0.20642217120392659,9.778165497122444,0.5448527704717854,4.664622608787385,-4.339556271786846,-0.39884917640111606,0.14506269377846237,9.783343796363365,771,0,0,0.1537,0,0.0109
0.19355536439948742,-0.057813124157513565,9.461192560205417,-2.5868205915800626,2.5518452082934893,-1.6013712648074614,0.16159506329537085,-0.0683699074234814,9.450495550439884,772,0,0,0.1534,0,0.0103
0.540273286431129,0.2887364646117221,10.260052307421333,2.703404372792307,-0.21180459343288283,-0.4959312366373056,0.5725333456355691,0.22167253992112024,10.263387635791178,773,0,0,0.1504,0,0.0103
0.22009371645077114,0.23359635041890617,10.03341323444522,-4.1205003288614215,-3.376836188581491,-4.099218208568032,0.24103246362903075,0.2668908319119505,10.111107458655813,774,0,0,0.1537,0,0.01
-0.08222577741898775,0.010402578597535933,9.908853949861319,-3.3712427076718194,-3.9464836614822083,1.1404905103806784,-0.07835093712868696,-0.02160947485177272,9.995789444814923,775,0,0,0.1537,0,0.0103
-0.07993521501486654,-0.17846069913449103,9.563957095572674,-5.4096653278804325,1.476563961652681,5.534817420005424,-0.10731172035612455,-0.17743364422203847,9.649485912046691,776,0,0,0.1537,0,0.0106
0.5385808151400303,0.19203579824159145,9.928406058323805,-5.661354730721003,-2.4680435415849393,4.073622084085731,0.6028403116967921,0.18881389750055236,9.949941479245425,777,0,0,0.1535,0,0.0
0.32539973124214,-0.3201472042624048,9.704843730412529,-2.038363704742442,0.724491400743666,0.4407376160970415,0.2680544985135932,-0.31801930015977875,9.740107083827427,778,0,0,0.1537,0,0.01
0.042572444755662193,-0.007542631811402571,9.780852216270794,-2.694474037376543,-5.078934211613914,5.91640008402022,-0.017035950282068377,0.01567399390524893,9.742488573910727,779,0,0,0.1537,0,0.0
0.35428641946655176,-0.02967020646173337,9.907983574935656,2.4756661362229977,1.4683858027981427,2.73492144646662,0.3075880281279147,0.011140696369242788,9.852513740101754,780,0,0,0.1537,0,0.0
-0.14866836136482026,-0.16650842101028004,9.611856005278444,0.8765323908640233,0.2718650849925756,-5.541951879991383,-0.07209937067926853,-0.13629982121886425,9.600636861242574,781,0,0,0.1537,0,0.0003
0.019837687226850375,0.4476461197008098,9.690946022619649,2.0207962914810067,3.4287794602037476,-1.0322591273927566,0.04590370307804241,0.5081830816049904,9.731422667125077,782,0,0,0.1537,0,0.0
0.2306827769742029,0.4122204814306004,9.996363509077613,-5.556587792457593,0.6782359499756907,-2.5455985589822108,0.3117944337753987,0.4357717790218535,9.97638672940451,783,0,0,0.1537,0,0.0
-0.31368460640257767,0.1378602618648878,9.86036994446588,-5.133833991338452,2.3945731525764433,1.7060063682008686,-0.29073516957886564,0.16103740541129138,9.81956548805119,784,0,0,0.1537,0,0.0
-0.06114108601323544,-0.20309110563724794,9.87579305304363,3.1531084040237065,1.9493871867765655,4.196416186812064,-0.02028366937874622,-0.2769085716273241,9.832414515411097,785,0,0,0.1537,0,0.0001
-0.15890825864406394,-0.046849584785955745,9.60432341551138,-1.143216378805385,-4.915522298053869,-2.224182941249626,-0.14647483194978878,-0.07833025469639754,9.590423141104292,786,0,0,0.1537,0,0.0101
-0.05827935541826127,-0.23385804450818753,9.992090390957827,-1.1559316537952422,-0.1733347670530833,3.3884125589776293,-0.15809907441524035,-0.24292726673500847,10.044741621273284,787,0,0,0.1537,0,0.0001
-0.08544863968006856,0.036592342245253894,9.760213821293709,4.20631511524271,3.0604779969600986,-4.134739024416881,-0.12809447972424964,0.09419566888036797,9.746518229697099,788,0,0,0.1537,0,0.0001
-0.9170020049008967,0.04809028854681757,9.593061933917085,-3.0625641386109055,-1.3763560229025669,4.3458648637286394,-1.0021358067650366,0.09475183721267055,9.534228643364859,789,0,0,0.1053,0,0.0001
0.11477376770960916,-0.13905947188716225,9.681897521893175,0.9797844517339624,1.0008372168526638,1.5014819663927823,0.04178891989007455,-0.2061106870613653,9.751910502209189,790,0,0,0.1537,0,0.0001
-0.2830626155636019,0.10090979694285984,9.969885238111106,2.0382352943849984,0.5871511384706702,-3.960910087042953,-0.29270577926124935,0.147489464963647,9.974113556924783,791,0,0,0.1537,0,0.009
0.2607763957030227,-0.08484748650636278,9.627706939195717,-0.3435514119396959,-2.0832346732381937,-2.3100013877184726,0.2417424663808693,-0.08164530301928886,9.641472416642362,792,0,0,0.1537,0,0.0101
0.1798031284810865,-0.39068969687084254,9.835306769426063,0.07454471929887688,4.273580367704563,-5.5882170691211055,0.24143219878211847,-0.3516878375126114,9.755002827812602,793,0,0,0.1537,0,0.0101
-0.03985270366724546,0.06176661784713726,9.74477613531615,5.315311845494061,-4.259217813401106,0.3228612100021587,-0.09682191017098543,0.0784057656856639,9.788077649939988,794,0,0,0.1537,0,0.0001
-0.7700029385991147,0.06237855104611363,9.698757532496906,6.9707154789070485,-1.7641265447592303,0.8587181239242945,-0.7883264811190643,0.0038559503225579217,9.674420506559974,795,0,0,0.1924,0,0.0001
-0.826780227560953,-0.34095459221446184,9.986020962054317,2.8455321697206606,0.34784564154970576,5.451645220572061,-0.880629973835081,-0.35447423830630886,10.051965940541795,796,0,0,0.1568,0,0.0001
-0.09628051028304584,0.06250573245112141,9.71279864889604,3.4818973010935634,-7.104533233306839,0.5029223433681662,-0.241794518561736,0.0852104141700739,9.78075754474463,797,0,0,0.1536,0,0.0013
0.5493402278044304,-0.03916812977757062,9.774317230586108,-1.5604310313111793,-0.3545095089321188,-3.7848010218146326,0.6594895135770377,0.0010440537240034506,9.809704323669834,798,0,0,0.145,0,0.0001
0.07312523187689307,0.3932079775920966,9.467113302103847,1.4359688368992967,-4.6329106636282615,-4.355194363454754,0.13684442774475059,0.34481059236441486,9.438679452249042,799,0,0,0.1534,0,0.0063
-0.07954207896163283,0.11460698634454439,9.987836833243232,-2.6552091071203816,0.5717266268235541,0.4153652584947449,-0.11134078597648699,0.13046360498496448,9.850412225971347,800,0,0,0.1537,0,0.0063
0.08676950580386542,0.01179549677104199,9.747175777327236,0.5681355783084917,-2.2775969483573824,-3.537797874294543,0.056141578659183504,0.062145095011533195,9.776204413997391,801,0,0,0.1537,0,0.0063
-0.1610109969083848,0.03636849370978096,9.876977865715673,-0.3444765450147394,-4.081372528561372,2.0358331755946093,-0.1310873378897012,-0.02354082889069003,9.869692085405372,802,0,0,0.1537,0,0.0051
-0.23358593857598636,-0.05904206789971508,9.9653061208968,-3.1158148903423664,-1.0520829483824945,-7.605131075386085,-0.21233786749158465,-0.02664560231852666,9.917690309938056,803,0,0,0.1514,0,0.0237
0.09805910832471311,-0.048309421784991084,9.836285897560877,2.606864031970807,-8.694742138016775,-1.5503175150066049,0.10314605241836965,-0.0764665755972542,9.821604832139494,804,0,0,0.1498,0,0.0237
-0.15093015934426,-0.04956102265319804,9.711521320999097,-3.0677175542219564,-6.850195733630864,-6.441446238279031,-0.14855664088785903,-0.05826480186270685,9.686641642549066,805,0,0,0.1532,0,0.0444
0.01600704734076295,-0.1257646093652102,9.784967025495776,-3.447613434414043,3.142942532468153,1.9969320280036746,-0.016494401832391023,-0.11609152604098905,9.858422143752627,806,0,0,0.1537,0,0.0344
-0.2582551698796389,-0.13890221625241891,9.912590084966167,-0.037038296114831816,-1.1763775180598222,-2.481616114279444,-0.25098777968201263,-0.13185189735908734,9.944172699779221,807,0,0,0.1537,0,0.0444
-0.5539675014940033,-0.0980332493985504,9.762723557543058,2.5333623671675705,-2.0255473562328077,-5.905791284341527,-0.5562315921190358,-0.16854326919138335,9.820752346334743,808,0,0,0.1537,0,0.0245
-0.30036391595843354,0.532751614216061,9.715552083499114,5.211683203749958,0.9711017267600173,-0.04217540154169773,-0.32829615300364495,0.5157757734746339,9.785862452992417,809,0,0,0.1536,0,0.0132
0.1960660323916443,0.02991555328698378,9.655740681178926,-5.799672527671462,-3.756660390021514,-2.6117744278621498,0.285451782000949,0.04248340172708539,9.65544925808133,810,0,0,0.1537,0,0.0245
-0.35612556538780343,-0.18295348691511856,9.621004685613604,-5.277215177811697,-3.149502650628074,-3.235011131331426,-0.3761558956462378,-0.2607645793340626,9.54907274136544,811,0,0,0.1537,0,0.0244
0.1188803087660597,0.19056167718087477,9.382651912095902,1.6425577098426316,3.6152436488754365,1.783832629931748,0.1292655291596564,0.08187548352113104,9.424998068731579,812,0,0,0.1508,0,0.0145
-0.20666045869393984,-0.03744998000411668,10.003789971890239,-3.1963020754272757,-0.3521253683972724,-0.030684745282913768,-0.2116300666233384,-0.05171698130043406,9.974309537748137,813,0,0,0.1537,0,0.0145
0.40593410474694774,0.1967157110004638,10.208297714443198,6.538572774313145,-6.020826222611809,-3.899920537897644,0.44089840134501496,0.276450936945285,10.256126952068298,814,0,0,0.1506,0,0.0348
0.4627245046148554,0.044336733391399694,9.620130994995025,-7.537968409746275,0.8154837267611328,1.2856903633421934,0.5096878708744677,-0.026651900650079996,9.628784010210195,815,0,0,0.152,0,0.0222
-0.2689252242714654,-0.19672719403712044,9.67038022487757,-3.693317328719626,6.515071947821523,4.187293100930388,-0.2397908206421538,-0.11989845068541974,9.615334035795268,816,0,0,0.1537,0,0.0132
-0.43118262461873136,-0.22662038119709543,9.845729287609137,-2.9587648799941886,-3.792534361430768,0.5588390246286339,-0.39618775354536495,-0.22265957492267605,9.852070279470711,817,0,0,0.1537,0,0.0044
0.09876390772943171,0.10803567913081974,9.980552376473973,-4.808969125008394,-0.25820078901818766,4.604631148331279,0.09669039367758668,0.12474880048338603,10.036816314268318,818,0,0,0.1537,0,0.0189
-0.1274253277723596,-0.494148322141812,9.603069910655654,-0.2731365187414789,-3.900152548591575,-4.591052725652457,-0.2758625421098946,-0.5104175493387146,9.606166735337087,819,0,0,0.1537,0,0.0
0.07358960147742172,0.022963100479245307,9.555251201699736,4.726556394411965,2.6863118623261966,7.145531410099297,0.0924294750709701,0.10729458733063368,9.534798913145607,820,0,0,0.1531,0,0.01
-0.20952789840756006,-0.17754771294285676,9.651647635024025,-0.48370051072014264,1.1784837637834928,-4.269726050500223,-0.2023529653137051,-0.16825652373632097,9.688867408168049,821,0,0,0.1537,0,0.01
-0.15026675993830546,-0.017982034924286395,9.67929598086578,0.2556322386257769,-2.011090832882071,1.6916877964241743,-0.19853695316559122,0.07526820084937912,9.606546752184336,822,0,0,0.1537,0,0.0
-0.048627098601940276,0.4966534322640344,9.778124799072842,-0.8830828070670014,4.406323042874362,-3.189558518834972,-0.15703263341398765,0.47729698234357965,9.8409190609605,823,0,0,0.1537,0,0.02
0.12773026026710582,0.2643754572170152,9.479021324259397,-2.0636142935090565,-1.5817934671084033,4.645043032236664,0.13895956659156705,0.25246055262532224,9.416641214258922,824,0,0,0.1527,0,0.02
-0.2106880280863559,0.23475398837349248,9.957373446138925,-3.716242562217898,0.6578235221434179,0.018813118524246664,-0.1289889534657686,0.20062001611559638,9.930527816201215,825,0,0,0.1537,0,0.0124
-0.2649107796752912,0.42737967557515505,10.063887199167523,-3.826065995631776,1.0136065873518438,-1.8387660342375538,-0.20993627590344474,0.35192101277612836,10.085177862648006,826,0,0,0.1537,0,0.0036
0.09047337754793816,-0.2388631914082546,9.86201482255264,4.112914643749137,3.9557231023726587,-5.554942473412872,0.09829715878888882,-0.226935325024056,9.822000845307546,827,0,0,0.1537,0,0.03
0.1586681996154438,-0.06337070598300887,9.4190269882936,0.707626023275464,3.1559578176047065,-3.764874956360136,0.27370612839970865,-0.03705640787342767,9.453567433078886,828,0,0,0.1534,0,0.03
-0.20921334083285836,-0.29715971033339306,9.869892755608953,1.5098449523314312,3.3403780041865505,8.62414537833121,-0.19660393328098696,-0.3010685838718604,9.925419934275606,829,0,0,0.1503,0,0.03
-0.17828646230573375,-0.5035543496363728,9.864958512209398,4.691627393348463,-2.931150492354289,-3.7976978848557503,-0.19391779856356117,-0.5317734096450464,9.826089259906556,830,0,0,0.1537,0,0.0307
-0.17012809512596902,-0.12225177315150391,9.801972444082706,0.9024382757012207,-5.2312214958101055,0.6551069544753784,-0.1575365326727268,-0.08059669778610648,9.736987701430792,831,0,0,0.1537,0,0.0307
-0.0707836021432484,0.2355412785964771,9.952913704709712,2.808494007056807,-4.558249364560923,-1.5163924869781114,-0.13089103205742963,0.23278111849753877,9.976626379852085,832,0,0,0.1537,0,0.0307
-0.026994819163792646,0.030607109326632936,9.689883644933731,2.3801840693134393,3.5212365371190764,1.4849633017250223,0.04541319428013531,0.057895236297945754,9.651999317221186,833,0,0,0.1537,0,0.0331
0.6398691736761754,-0.40049490045029995,9.80077062717204,-1.9880395821537045,-4.9298267919729755,-0.28171420711577067,0.6580639139149341,-0.3996037072382864,9.70252191618478,834,0,0,0.1549,0,0.0208
0.11608867101076753,0.17172280013039878,9.364466978921891,3.733865523837813,-2.6096238688669198,-0.05755275783068354,0.06241363759227442,0.08613927001947619,9.342854164724764,835,0,0,0.1507,0,0.0208
0.07796965041761886,0.1876474461293482,9.894566763866923,-0.2903322033248405,-4.176036821386381,-2.5242353549895618,0.08084747117291854,0.22635040717118202,9.873232050728362,836,0,0,0.1537,0,0.0108
0.4086119354349371,-0.08336706633134917,10.22399229976068,-4.213615239740363,0.9402554764948519,2.1433134533781457,0.45624217640072634,-0.040873741873725535,10.151200213384262,837,0,0,0.1537,0,0.0008
0.49419659220091666,-0.1732622833796285,9.823298685243527,-5.061589314694526,4.940152260436031,-3.4982132543201705,0.47287875347584385,-0.19305325029268744,9.934219968587742,838,0,0,0.1537,0,0.0008
0.15717867331297333,-0.14356162151848093,9.928927077902353,-0.39722050829274536,-1.647884735704728,0.29739673978480763,0.055189955261079324,-0.23154257282364302,9.948199672937735,839,0,0,0.1537,0,0.0
0.16479455585838018,-0.7022034924975001,10.092510682229346,1.4037936002571831,-6.229577153240365,-2.6972467490613665,0.17877742058651647,-0.7498605800417448,10.110503926772388,840,0,0,0.1536,0,0.0
-0.43521225754409376,0.28448862038543354,10.05522877034551,2.409081872369607,2.9169404693187735,5.1134984383093505,-0.4677063164153335,0.22128903513951573,10.062110981679393,841,0,0,0.1537,0,0.0108
-0.6522101737640317,0.47815425776404974,10.029303141095006,-3.391670939334716,-2.204807968394521,-1.931800028678233,-0.685236043171971,0.4647852155104983,10.109439886833105,842,0,0,0.1504,0,0.0108
-0.07052969517956799,-0.015364019583457438,9.876894728253774,-1.887453777134305,-1.301494830436858,-0.7382014088733401,-0.0653988006818576,0.06960386355360541,9.877736102888177,843,0,0,0.1537,0,0.0
-0.6816252012232195,0.4344312437631231,9.909898637878905,-1.1878385227242574,-4.925226401955046,-1.268247848997408,-0.6158457069812974,0.4977286021722317,9.872148264174458,844,0,0,0.1538,0,0.0
-0.24629046621832815,0.024625349368415483,9.824462061757014,0.06697535563726832,2.578422062004874,-3.124127900095817,-0.18395158912796244,-0.025784281658649634,9.882732111105133,845,0,0,0.1537,0,0.0008
0.22375509180781156,-0.17760605052330855,9.850390528444194,0.5684365117859926,-2.137558352077273,1.7168276681376913,0.11903246815732145,-0.08888542123927608,9.946170123315365,846,0,0,0.1537,0,0.0026
-0.048775416828090015,0.06636654503945899,9.524890479634704,-3.69285470351256,-3.920829777836955,3.3028719136737372,-0.03451781634916208,0.08302009719137085,9.494531864014466,847,0,0,0.1537,0,0.0002
-0.06324593502185193,0.15077796643946154,9.693062885340792,-0.31587771759074956,-3.263979295708241,5.54167887046959,-0.012779611018820698,0.07532907512922189,9.622407240305481,848,0,0,0.1537,0,0.0002
-0.021131799218257547,-0.12056318104724822,9.731173426118518,-0.22323707515052096,1.6009224905893724,1.1228902960005578,-0.003065768365882144,-0.13498410771076655,9.784072599740357,849,0,0,0.1537,0,0.0091
-0.04242257144496671,0.16537474167828958,9.785327734499985,-4.2900117367824935,0.28542949351278746,-0.4676648821197108,-0.013213776957224845,0.24468153909566423,9.704472252601956,850,0,0,0.1537,0,0.0002
-0.197386622319941,-0.09546629447831077,10.008050943524452,-0.13602948395672404,0.2334833475847676,4.808819523193596,-0.18553376197988708,-0.17813763972795707,10.023774293298349,851,0,0,0.1537,0,0.0029
0.16000633080227952,-0.07724322286680937,9.682252080660732,2.139410107289825,-2.433848393027224,-1.0103145332478511,0.20084284856575563,-0.0988210552875649,9.631650426254442,852,0,0,0.1537,0,0.001
-0.16351501572233154,-0.25789548765857173,9.862177936841883,0.33743234608719297,3.271488065092904,-3.6858970301709397,-0.15856039794085205,-0.310184480140624,9.923349862530683,853,0,0,0.1537,0,0.001
0.6636089394975869,-0.07149936099636806,9.49195760756808,0.10576217494710496,0.5049081741294581,1.478916942959061,0.7002977503837856,-0.0657873647819698,9.417259309264708,854,0,0,0.1464,0,0.0004
-0.43477076730289377,-0.17760886251579952,9.417916876428194,0.5953176439599512,3.4391145419258717,-2.375144435949669,-0.5568005128673401,-0.2586933624885489,9.452784385388993,855,0,0,0.1534,0,0.0004
-0.7863266410856654,0.35271053307978867,10.226723314323523,-6.317973435283256,-1.5646880054685384,-4.552189444994981,-0.7979338380024775,0.3459699589122542,10.206059047757002,856,0,0,0.2261,0,0.0
0.5167552446558246,0.20493763987981573,9.57043427044484,4.833585261599225,-2.74832873782163,-2.8191538643944734,0.5161024251137443,0.17575327394870602,9.556510012894238,857,0,0,0.1537,0,0.0003
0.11587922474866161,0.0912901753778436,9.40450972882254,-6.776177973798697,2.858890259078355,0.5255877701254232,0.04663529588882083,0.052492643673492836,9.36202595724602,858,0,0,0.1462,0,0.0004
0.21592901223384509,-0.34899990197659,9.828210285758512,2.8560351695145263,1.5294969904700388,-3.0260898792210416,0.2326122852406284,-0.2540940561793341,9.791748518729912,859,0,0,0.1537,0,0.0102
0.1753532257162134,0.2144298171276024,9.97869372386536,-1.6468250407755427,3.890873891106258,-4.210978610639037,0.1540076826444122,0.17797582697808897,9.998031678499206,860,0,0,0.1537,0,0.0002
-0.1409432785982996,-0.06124371796538991,9.769741782142798,-0.07095032498711917,1.0999290733626612,6.526584685853022,-0.13976827404790748,-0.0847569293790855,9.743264678430878,861,0,0,0.1531,0,0.0002
0.0557724635749679,-0.1899651357983135,9.706623890346938,3.1301074504906827,0.1927218237429132,5.288534508367299,0.045026495061812284,-0.22019940234673002,9.687127622449138,862,0,0,0.1537,0,0.0002
0.6871432120578597,0.038997350311743596,10.091646499564149,0.9336054073716877,-3.888629902961404,-1.9245980338729467,0.679044382894619,0.05674152458727086,10.103576812573232,863,0,0,0.1555,0,0.0002
-0.18323783964536042,-0.055143678161969745,9.691540616425192,-4.670332598850746,-1.829864371515437,-4.709661564732311,-0.12240115268387648,-0.033177209448043185,9.631682962022335,864,0,0,0.1537,0,0.0219
0.043926702547787515,0.17161646434346023,9.762629000821653,-1.736242200917069,2.935139131227522,-1.5601049981340904,-0.004704666389713924,0.2443412010991095,9.718268866439558,865,0,0,0.1537,0,0.0502
-0.09734725263526764,0.22869489122272418,10.013978308176192,1.5475554436376737,-1.616349434481167,-3.3578558036405255,-0.06568898522216668,0.2137349324907383,9.954845638155751,866,0,0,0.1537,0,0.0304
-0.43335713895565625,0.004119088237852116,9.808490782615758,-0.229634514588485,1.1487506397304657,-3.236262292610801,-0.4832245901976322,-0.004341177321344992,9.78734733697756,867,0,0,0.1537,0,0.0403
-0.07108783998394941,0.3552926900907123,10.005134447343524,1.0736377829791488,-0.24582367949800799,1.5042594585735878,-0.05081856827228831,0.35992421168406874,9.993643829117216,868,0,0,0.1537,0,0.0401
-0.1183452973116487,0.28279770057801396,9.836773751351622,-0.037670477895300716,-3.486539754993519,-0.8913056804882351,-0.10541607609348354,0.2691695745775123,9.86771440460738,869,0,0,0.1537,0,0.0401
0.018262571268751086,0.11826145484781396,9.789220801102626,3.290828553989744,5.780604172638723,3.0697928792226126,0.0683287608015329,0.10796749995447494,9.716821715151722,870,0,0,0.1537,0,0.0492
-0.7860217628621637,-0.09292753908685136,9.610503940510236,0.5379631641198571,-1.9363362380233125,-7.131461079640968,-0.8319165163647843,-0.09890234358716626,9.586958669432354,871,0,0,0.1443,0,0.0292
0.19097086201317734,-0.05942206446261368,10.163951059115979,-0.4090389087091221,-7.2472435599206,1.829817965296122,0.20573065460628115,-0.145262918492933,10.088634007833285,872,0,0,0.1535,0,0.0492
0.5976029557695778,0.4224154268605829,9.623504685190142,0.9951736714854396,1.954746169171004,3.259768936242028,0.4758775157794442,0.40139838106000725,9.661154317582819,873,0,0,0.1521,0,0.0492
0.3092276578552447,-0.5855126449083382,10.000546854630432,1.1491676802363622,3.5385331172044454,1.2711511653519856,0.29914262017045473,-0.5394527180795778,9.940840796900837,874,0,0,0.1538,0,0.0595
-0.14591264859368966,0.27492723247745093,9.741573878487678,0.8930785755913211,-6.6729977926911115,-2.4504741306347673,-0.14387671617971423,0.3305238679019164,9.74418926247736,875,0,0,0.1537,0,0.0503
0.3055190136238493,0.07549549281740743,9.764161322960874,4.400082944448901,0.4872112128978683,2.70319606614513,0.2895624354123662,-0.009408516238628609,9.842002396375491,876,0,0,0.1537,0,0.052
-0.12477770716942156,-0.045209823045092405,9.799872366606149,-3.5311126813425475,2.050101043773258,0.3635439436277283,-0.11345758217221368,0.014746508152884065,9.908730781136251,877,0,0,0.1537,0,0.0513
0.09328868046554045,-0.02625739984816437,9.553477092857754,1.9994046430739216,3.1261931508749083,-0.5508121190230687,0.03168182318672112,-0.09857014655221992,9.447077366872898,878,0,0,0.1534,0,0.0513
-0.11728515239012376,-0.24751584272973082,9.740196181520377,2.119948282224665,1.6267372416627317,1.401068095890505,-0.13543634291911266,-0.2714335102881621,9.858595002941623,879,0,0,0.1537,0,0.0548
-0.2119972033958542,-0.40193274143751134,9.776985989006793,3.7281706307177878,-1.2819160962002418,3.1108822715988964,-0.13195130938905597,-0.4227756534913684,9.815817629202483,880,0,0,0.1537,0,0.0448
0.2826282059178804,-0.04787337078381316,9.887526024706151,-0.743651011347427,0.393736459605225,4.0393948567870375,0.31440947006061754,-0.004952692922274175,10.060641254424318,881,0,0,0.1537,0,0.0636
-0.22537814094371839,-0.14747015503266284,9.614202935653283,-1.6045429585902458,4.577426873219476,-0.06138371440529113,-0.20287720432230705,-0.14772698643798698,9.566403748215128,882,0,0,0.1537,0,0.0515
-0.262189271383583,-0.10407940296418412,10.054589071667797,-8.539218237218295,-3.8514761764337155,4.86223717199411,-0.24328726620150581,-0.10238615988877818,10.025383430680558,883,0,0,0.1458,0,0.0146
-0.16585596083327678,0.3304685714685347,9.73103543821675,-0.7477717916156355,-3.373158315486041,-1.3213807525898416,-0.2041094631980476,0.3389635037388318,9.76683770717404,884,0,0,0.1537,0,0.0252
0.169523157069173,0.2689958259670395,10.085266393334711,1.0011715500840777,2.5203679276195645,1.8803684815087698,0.11328142570524455,0.21967909820899462,10.117423179465877,885,0,0,0.1537,0,0.0232
0.2235161824896347,-0.11385207098985134,9.853079717361549,-1.6257318485306689,5.451606687625201,-0.2541907633622607,0.23438842924429468,-0.15773334712949016,9.924894956125772,886,0,0,0.1537,0,0.0132
-0.17648111372345707,0.4591655910679371,9.662404265295153,-1.653827878295489,1.35111303828204,1.4531020681861433,-0.10035458705731051,0.468818941474602,9.640308113637952,887,0,0,0.1537,0,0.0432
0.2622202504064476,-0.050753904111546726,10.085263752897646,-1.0915217924869,3.178306663931883,-0.5716607399449999,0.2087448165891132,-0.10559768578171344,10.04201758109307,888,0,0,0.1537,0,0.0441
0.4050942130123044,-0.1422431530593904,9.585395142760511,-1.3234001289064914,-0.29699744585339727,-4.4656351115992114,0.39901925853256326,-0.10974319917251645,9.575217721249997,889,0,0,0.1537,0,0.0331
0.26068495096786154,0.06852182806603942,9.8022824548134,2.3068946419491994,0.1509988194759352,1.6194675982091757,0.23601744957730472,0.14251969036297676,9.78014507275868,890,0,0,0.1537,0,0.0141
0.44354491066946483,-0.6288398218550572,9.808791077809538,-1.8204930970974211,1.9248869822204115,3.7432783502593328,0.439907662043938,-0.6070319977735866,9.792634611848829,891,0,0,0.1536,0,0.0157
-0.06343794199503748,-0.8211254050049059,9.689826493321554,-1.0027780918701943,-0.1815675353463999,-1.0380201555443171,-0.06321457707450984,-0.708208113834934,9.708604139677051,892,0,0,0.1492,0,0.0265
0.7853009640660588,0.12023357808455357,9.713930826947655,-0.5714562798493249,5.098330210570603,-0.044110524211566665,0.7764394874453695,0.07880143371583181,9.760445229609205,893,0,0,0.1573,0,0.0365
-0.09134729904503457,-0.0685192055564736,9.717427679378305,2.585739843371703,-4.233660048160475,0.053295735788467496,0.0642574856121942,-0.011569785875285746,9.74257813366336,894,0,0,0.1537,0,0.0569
0.5160709613731608,0.15770409189201903,9.717996475236887,-5.511748259426972,4.043556706975975,-1.7891080448675765,0.5484837851135457,0.15418024411453368,9.670731475616249,895,0,0,0.1537,0,0.0476
-0.14402395908951324,0.22464731722525053,9.742538312530097,0.2969114476209752,0.6094785344361514,2.6990204431885676,-0.11834720425490389,0.2573423288113009,9.81585714700659,896,0,0,0.1537,0,0.0255
-0.061081432640803554,-0.00902910836474553,9.567235191194584,-6.675567419171832,-4.158763428197107,5.886626513797729,-0.07382863366768677,-0.009895257456480861,9.622320404934532,897,0,0,0.1537,0,0.0445
-0.4256235680522484,-0.41284453382920955,9.98936515512204,-0.6763400179866138,4.777426626521762,-1.8547562130945185,-0.413318056705852,-0.4576716825113688,9.93640607987868,898,0,0,0.1537,0,0.0263
-0.57226806553216,-0.12641791719104645,9.71023509428466,2.284766105902999,-1.1034204097442548,-3.8179675136865763,-0.620990440075906,-0.10784604160161496,9.825980554713448,899,0,0,0.1537,0,0.0154
-0.2014644098847656,-0.3525989497855601,9.532522102012477,-3.8365669215173095,-1.3125026231577888,1.179063027899641,-0.185960857876578,-0.2598472035344132,9.609453345196279,900,0,0,0.1537,0,0.0154
0.5445936714371385,0.0760330332792787,10.075887623684572,-1.087133090812969,-0.2928176980396463,-1.0433213656910483,0.47666224402040874,0.08465873224881926,10.12877902974804,901,0,0,0.1536,0,0.0154
0.3529084718728341,0.3679739670293942,10.10752439736987,0.8812877641231838,0.332128249889065,-0.013366974888688163,0.4551512432704532,0.44080940544115155,9.970878117520154,902,0,0,0.1537,0,0.014
-0.2971805591368997,-0.09262593201371312,9.873356741647594,-1.2658053544659396,2.9114811536696132,0.3519434100644342,-0.2626990598801024,-0.0994033748095896,9.873733770076278,903,0,0,0.1537,0,0.0164
-0.19835892804320476,0.31209535924525283,9.774090827421793,3.181878739404662,2.136469607882662,-1.7545981412073752,-0.23032658220567082,0.3060524664389912,9.73849830854751,904,0,0,0.1537,0,0.014
-0.17417632809234246,0.027639280763267358,9.588894185210135,-3.9378204792029807,0.7523093252420476,3.1173843278973337,-0.21098881467023173,0.12871808801494414,9.604037928300293,905,0,0,0.1537,0,0.0146
0.06684178244994166,-0.22142925776992572,9.856859202525172,-2.975601427989126,-0.6586235216440703,-6.08817299082782,0.09050353793254269,-0.1840704751788431,9.791006563300837,906,0,0,0.1537,0,0.0319
0.7426988230003406,-0.3333148015128453,9.637171784844702,-1.3891244432761969,-1.1863876604901478,-3.0406492264725644,0.7196809251617202,-0.40212490120202815,9.744694740956968,907,0,0,0.1556,0,0.0435
-0.4050765563509737,-0.48544827174964744,9.91125545854978,-1.7382809075119272,-3.0137139034149047,3.011110252796425,-0.5191775587754741,-0.4957885243353225,10.035185620888619,908,0,0,0.1537,0,0.0111
0.4114262449270737,0.3171443500955631,9.47858383197008,0.9583894175085556,2.540839208788257,-2.6259739981199193,0.5008807556021553,0.3148998505042664,9.456996395832736,909,0,0,0.1537,0,0.0135
-0.0678078597983214,-0.1320525779382907,9.80823556736017,1.9096121196228342,2.6760103447538,3.543031804375949,-0.04673485662027597,-0.13108194998498474,9.747046471162072,910,0,0,0.1537,0,0.0135
-0.12799909000944268,-0.015851933731640705,9.621711723762035,-0.7798657018061714,-0.7333716414660849,-1.376340140766993,-0.15267633682741288,-0.06168112394511538,9.680419129572803,911,0,0,0.1537,0,0.0235
-0.23187047093645632,0.20704523667541921,9.379368930237373,-3.3499816663139,0.9350184386004561,1.6365108653740998,-0.27156341684553853,0.19348184250909536,9.327408165373795,912,0,0,0.1438,0,0.0219
-0.32317225481811523,0.005882006665095152,10.096194606099052,-0.04970062846013619,4.033189249288467,-3.3736993810422544,-0.2330506560465198,-0.15395705233606846,10.098773966085123,913,0,0,0.1537,0,0.0219
0.3556368802347867,-0.27523810538204585,9.702903190577077,0.6316645424935299,-2.0376290088185627,0.07883706119583736,0.40270929404960787,-0.34601857958650106,9.68270126359623,914,0,0,0.1537,0,0.0219
0.055514779252339504,-0.37104211738215226,9.624429002214994,-0.6014671439246994,4.8896253212264735,0.5004160888128293,0.051330564681345364,-0.36107283619050246,9.655333454484985,915,0,0,0.1537,0,0.0219
-0.098407461296789,0.08854365325625801,10.078299348449317,-2.6776284107739836,-1.3077615400586398,-2.473167048477689,-0.17235328505381822,0.029105330171893894,10.170279420006322,916,0,0,0.1537,0,0.0028
0.17289877055571293,-0.2933242105383381,9.599413597854154,-2.0513461406259994,-5.16961010322798,0.8503212357452803,0.09836627219684413,-0.435429568657027,9.516660313543555,917,0,0,0.1537,0,0.0018
0.01623137883177429,-0.13020198829644722,9.766168992052505,0.5126359097705625,1.387588956601657,-1.5632430485117106,0.03811188589838502,-0.13382628679383424,9.68674306088556,918,0,0,0.1537,0,0.0018
0.2637679496685527,0.3138476743085626,9.802865267682852,-2.8769568030468986,2.64882282637315,-3.9106244118551814,0.23451158425189098,0.26070607798543877,9.79235058443447,919,0,0,0.1537,0,0.0012
0.3368955860955009,-0.039386229533610144,9.848562674040647,1.1159077237041934,-4.274397322036767,0.3955172173407384,0.30335084345324625,-0.01910341162910296,9.747158413547757,920,0,0,0.1537,0,0.0012
0.2873547545190907,-0.31610981363164287,9.724861472499976,4.819865156370491,-0.03996118019768647,5.28703177763582,0.26019322756011903,-0.2561881901819551,9.636989671288598,921,0,0,0.1537,0,0.0013
0.006194387099011442,0.2594600222313545,9.890629915875609,-1.5664118412054422,1.7427781581444148,-2.8788348567069715,0.03269568373686244,0.2683017492722768,9.944429534808924,922,0,0,0.1537,0,0.0011
0.22702850189632712,-0.16371126925597068,9.934042659970995,0.4326608886990342,0.12912325929029744,2.1209287586196135,0.24594074980367178,-0.16441468247279245,9.960858985509896,923,0,0,0.1537,0,0.0012
0.2188379395327067,0.6826065521568488,9.603909559285233,-1.4025245258769758,6.306975384778534,5.172570449815373,0.17960474601798965,0.6461292726553836,9.652484415026635,924,0,0,0.1531,0,0.0006
-0.13100500747947855,-0.16362319307718717,9.426986050598158,-3.1668028158239316,-2.6398391680951874,-3.5292298505244193,-0.08650787038328847,-0.15419810535865314,9.402833543715063,925,0,0,0.1526,0,0.0004
-0.10618346738881458,0.29565014021648184,9.828105911848763,1.3012399140159998,-1.7173928467160842,-6.5341497486625215,-0.11700585580093188,0.24344155539725199,9.896868707715466,926,0,0,0.1532,0,0.0005
-0.41781962773918,-0.10092838748484086,10.040510914711854,-2.150801403571397,-0.922924383689073,-4.111408564296276,-0.4083929260419772,-0.10029555658523129,10.063613634149954,927,0,0,0.1537,0,0.0005
0.5661528224208457,0.1465619538366567,9.44068280015791,0.7525937669211773,1.0979387502579958,-2.4414823263209495,0.5691552712844211,0.09664949463300881,9.503193285618284,928,0,0,0.1536,0,0.0005
-0.39545158024950583,-0.38981364582998973,10.114209335634687,0.8966449766223126,-0.14966618992505232,-1.2148445176767275,-0.43867090287970867,-0.28452316157124796,10.0660091157005,929,0,0,0.1537,0,0.0005
-0.0035676829232167465,0.2606842456820878,9.83161707735222,0.043419595313566386,-0.08133864163430717,-0.02581754758413722,-0.017792325403820988,0.24052443001759638,9.883423616574511,930,0,0,0.1537,0,0.0005
-0.04358526746079511,-0.06832693601342224,10.015920511967842,-4.92482198105086,0.9680373894453848,-2.3847489712696675,-0.04058252997738876,-0.09421655268919338,9.97249824945156,931,0,0,0.1537,0,0.0005
0.2557539860994183,-0.11794764278172001,9.674557406817348,4.294805467416206,1.3544460990682767,-5.771441687107684,0.3085100816488179,-0.16582221872194042,9.733840508701364,932,0,0,0.1537,0,0.0005
-0.16478293639229336,0.0824314258923334,10.077449297479971,1.3244926470060974,-0.34054811403101387,-6.194794377100791,-0.1839493344776992,0.032300417180698204,10.006106841364085,933,0,0,0.1537,0,0.0005
0.2385995180649908,0.08420955734199413,9.884067079997852,-1.5942278502638496,-0.9675587559950689,-2.5156069342554668,0.15503707218390642,0.15451616336482615,9.895389300477959,934,0,0,0.1537,0,0.0004
-0.21349515470411332,0.36348658005782214,9.61029307281391,3.116147515526937,-0.35486169488015756,1.8479269908008946,-0.17516145344344825,0.40285773516035567,9.67849464780767,935,0,0,0.1537,0,0.0004
-0.23614740013946886,0.15351981615437554,9.91371235065918,1.006725472814709,6.02344779013486,2.6395170750719505,-0.18501868782023084,0.18960160149346172,9.956263611803417,936,0,0,0.1537,0,0.0004
0.006926325106748104,0.1349142140146495,9.585009179862432,4.106136898478853,-1.4596763479806307,-3.2699657487070333,-0.004408144489513977,0.15139347537976866,9.560270368989114,937,0,0,0.1537,0,0.0004
-0.30149417916924537,-0.1054021100643294,9.800729305710696,3.344997149651457,-2.0898986030204703,-2.6652465877594933,-0.302633214021324,-0.12052471788414965,9.79203937072118,938,0,0,0.1537,0,0.0004
0.3645353551855057,-0.17641138215552665,9.76079638533867,2.1528037707504533,-0.9575367203838148,-2.146118817646113,0.31904598157034925,-0.13498508446525312,9.758459043660677,939,0,0,0.1537,0,0.0004
-0.5794696236183099,-0.0185475565686231,9.899873519681485,1.6166485261270291,5.262820705585021,-0.1663499678547531,-0.603028855022378,0.012980174884365543,9.815724005028938,940,0,0,0.1537,0,0.0004
-0.1588621082062978,0.4348617063835026,9.63738675811137,5.876673615375765,2.633961264019638,-0.26246490202760214,-0.19864399382949757,0.45286597598418366,9.615684164687806,941,0,0,0.1537,0,0.0105
-0.5104900765015136,0.15610469053285908,9.588719687670393,8.073744346230866,-1.8926512512490072,-0.8209316013723398,-0.5024508288303605,0.20117690066955463,9.587368925942577,942,0,0,0.1305,0,0.0004
-0.038134268255234006,0.10342468698996558,9.984284931243282,-3.212468021254372,4.420642724850564,1.7800250734259775,-0.002703913061911284,0.069806167477552,9.942925502537445,943,0,0,0.1537,0,0.0011
-0.1784751543537798,0.602603881571799,10.131984219007265,3.670942684810372,3.775792761863715,-1.0269966960912573,-0.23480080823521263,0.5914306843528746,10.144814540968738,944,0,0,0.1532,0,0.0009
0.07425403062037103,0.0001660470002218903,9.994284693903472,1.97210715969798,-4.525804231393197,-0.7346796740425584,0.027978873035585466,0.05863916047482556,9.949939052538207,945,0,0,0.1537,0,0.0014
-0.042963462905194684,-0.10302790267906638,9.660358199086422,-3.0238683255666476,7.786761820460043,-4.206646943595314,0.038652205671692884,-0.08037237694934696,9.62987872456958,946,0,0,0.147,0,0.0007
-0.3664015806698614,0.6192045406154034,9.924497028687579,3.504774648896881,-2.0583521961132605,4.870371141787637,-0.44721647016806426,0.6681684668104622,9.888459706930174,947,0,0,0.1531,0,0.0057
0.21743145042337939,-0.01735116482628755,9.812899064380996,0.03379804645744263,-0.6114344133620062,-0.26722084241775407,0.15181993419944645,-0.1027986009359081,9.782864186333203,948,0,0,0.1537,0,0.0005
0.004871774628237874,-0.33414166644561233,9.757864824851959,-2.1558298691289948,-0.6960394547333684,0.7932291204609414,-0.08058535035708515,-0.3728782027422245,9.704776895205603,949,0,0,0.1537,0,0.0105
0.38336834212504023,0.26298444800390103,9.384062370813382,1.5756775638820002,-0.1271564151549751,-4.007726061983985,0.4235048328854354,0.27478847823509417,9.4402706147057,950,0,0,0.1513,0,0.0105
-0.19123767804141967,-0.3756351868997353,9.79414577532498,3.6819209133270325,-3.430185582724209,-0.6269653829557369,-0.15953141719320738,-0.4097073199258889,9.880436417009054,951,0,0,0.1537,0,0.0006
0.1139830694685402,0.42567856626943007,9.854746847539152,-0.5379236346635634,-1.4698993749659044,-5.058354748249214,0.2305002422690722,0.3857130392295622,9.868304130610404,952,0,0,0.1537,0,0.0004
-0.40076216281238436,-0.369511929167249,9.819739468222464,1.8001752280887477,-1.3725298597649331,4.001031321729635,-0.34278803599571217,-0.33409364319172663,9.81785255488215,953,0,0,0.1537,0,0.0004
-0.0907147892960259,-0.5607917684773962,9.752068018408528,-2.335639933929282,0.2198968710678974,-2.870152358900429,-0.0855916545444786,-0.6360773368762788,9.725579460354853,954,0,0,0.143,0,0.0003
-0.13583172861332596,0.4466277707528185,9.538101560393102,-4.305806871025647,3.6498935655935054,-3.7983219635313543,-0.126436573658386,0.3759396926948485,9.564778757228089,955,0,0,0.1537,0,0.0005
-0.03411023908732021,-0.21406107612787453,9.462469536140988,1.1448163565649485,-0.20551864624929395,-3.136401911382042,-0.084585875829572,-0.16326555889789293,9.497379239402976,956,0,0,0.1537,0,0.0005
-0.15067652609571427,0.1079211870253217,9.91087972646455,1.219966679415236,2.6943176140371254,1.5417398440383137,-0.18139785875753991,-0.019694117788060753,9.755507211630176,957,0,0,0.1537,0,0.0004
-0.09534721604174184,0.15740269551515973,9.781908080295736,0.8600237555683317,-2.105758904111545,1.0729803281960515,-0.024434213305704985,0.1191773562069978,9.839419493950867,958,0,0,0.1537,0,0.0104
-0.4043826142848233,0.6208151020528904,9.97771662083133,0.6515381428852622,0.9529407656536772,-4.372833567072434,-0.36702248424809936,0.6750071174854481,10.005766618062172,959,0,0,0.1531,0,0.0005
-0.15280608141702354,-0.14009804807442106,9.906322996102878,0.8155301406679927,-2.085937202297862,-8.780832511779408,-0.06483352427552962,-0.11218471338577629,9.889775509306542,960,0,0,0.1497,0,0.0106
-0.627854323911187,0.27241318381299995,9.912308663527476,-4.072801582261649,-3.8911327693532494,1.1422145190057007,-0.6347378102639678,0.2023507722523738,9.994358345695034,961,0,0,0.1538,0,0.0104
0.42466704682064765,-0.541404075234125,9.6733895481047,-4.364384010666591,-2.149215213805987,-1.3882727464866165,0.40403543303129963,-0.5236784525213777,9.759826993600514,962,0,0,0.1537,0,0.0003
0.17969106226980894,-0.44520639101762133,9.426670556105146,-1.7423678948775692,-1.5963041770900683,-1.0942649345618132,0.22619401614068574,-0.44380450950034883,9.328756048660379,963,0,0,0.1371,0,0.0004
-0.28064058143888027,-0.25514040937949756,9.979085680664268,-4.828323190944404,-0.24790972860940014,-0.5257004905443434,-0.1510328023835709,-0.2900344067924181,9.957272866519705,964,0,0,0.1537,0,0.0002
0.08092946383145695,-0.24256368704091336,10.114278550203998,2.426979138508876,0.4744318476643875,-3.086665377919501,0.04982113250880536,-0.12444482703752996,10.040240173014443,965,0,0,0.1537,0,0.0002
0.17719517012836122,0.11517737290773587,9.943557235117801,4.775833860057354,-0.7809983203974219,5.975086129889284,0.06222414656846374,0.14113202348950593,9.893943397012425,966,0,0,0.1537,0,0.0002
0.06953190369633161,0.20940124147989,9.317399076887344,-3.816932556167705,1.426887956359796,-0.6687314077920796,0.09345797284028093,0.24717404780840485,9.359855187801026,967,0,0,0.149,0,0.0202
-0.17650779145655984,-2.785600641334902e-05,10.020058973032404,3.073985375990121,1.4371158465619005,1.8850833088447536,-0.19954952876906307,-0.07189731481479995,10.040900091052428,968,0,0,0.1537,0,0.0101
0.06679698261407206,-0.5257744504095777,9.842220375028225,-2.245845220352117,-0.8964204635372676,-3.738503790837061,0.10736201982499916,-0.6080978101378139,9.74694180144834,969,0,0,0.1536,0,0.0201
-0.4652908608836739,-0.14621378966139173,9.870885715484128,6.915440024773668,-4.395696881388615,-2.351527785246534,-0.538065801508185,-0.0911439904946883,9.943913009084394,970,0,0,0.1524,0,0.0201
-0.09193709031466224,-0.35363542568014344,9.791997344396181,0.8069224703200214,-1.864017752409104,-1.1260019616011703,-0.13004145942898948,-0.29776426318285426,9.793126355122936,971,0,0,0.1537,0,0.0201
0.47357865850916214,-0.28350850818122647,9.924390431709188,-4.616413548584846,-2.4638700707185492,-3.9759896618175783,0.4568551876394867,-0.25743637800883634,9.86806731252293,972,0,0,0.1537,0,0.0201
-0.4707893676425954,-0.04871148473866586,9.84852792693973,-6.241905508683601,3.1653261993856523,1.5957494436954207,-0.43975035427395953,-0.04408765743868021,9.807480997527483,973,0,0,0.1537,0,0.0301
0.44201809278515547,0.2850100972806255,9.81823741955963,4.798784780113045,0.6557241426305629,-0.8155295617851845,0.48736971161433773,0.20202770565462327,9.774234662507263,974,0,0,0.1537,0,0.0201
0.19981449430833692,-0.5254226715484556,10.173732393108429,-4.320076686535844,-7.337030912151058,-4.096924045728875,0.16665606515811834,-0.6093749341709267,10.181175366502407,975,0,0,0.1521,0,0.0002
-0.30827725224771113,-0.25794451125916923,9.2606257101973,-0.36722337696665364,5.3974360217579145,-3.0991374532175247,-0.3433638951834095,-0.3521202060727977,9.198012198135228,976,0,0,0.1022,0,0.0001
0.14728115243806883,-0.2554285947290143,9.731645466752777,4.041592694347915,-6.746390638882317,3.1971998630855127,0.2099735346486083,-0.25117770093985237,9.69394376980441,977,0,0,0.1537,0,0.0001
0.1103179568029029,0.24647543663903962,9.825004008819944,-4.259305113754752,4.076597264005697,5.498312488396677,0.04445235408754335,0.14179509429256604,9.792325323500556,978,0,0,0.1537,0,0.0201
0.7759130192476896,0.02070295354801731,10.046840324352281,1.4460519841237318,2.389967357842135,-2.1117201384248334,0.782284162198969,0.0912927433949577,9.999613599595339,979,0,0,0.1573,0,0.01
0.03752880401501215,0.2736807615163678,9.834111820689325,-2.895357915607808,0.1503367481861218,-1.4998593218535157,0.023784729104592867,0.3665668308373298,9.873591443998942,980,0,0,0.1537,0,0.0
0.01587718539636719,-0.11432751386645269,9.575187282150658,2.2578774820311787,4.382426080901199,-1.5470861309890713,0.031735595986609896,-0.18690649827062283,9.510191254646376,981,0,0,0.1537,0,0.01
0.5624642031398361,-0.5312307373489787,9.868054989517642,-6.748660899345687,1.6508091474034,-3.405587272774495,0.6179616642804281,-0.5447206956240482,9.907264560822096,982,0,0,0.1549,0,0.0001
0.3135172200155119,0.020022333604274894,9.776813589729922,1.3655038802817705,1.2623878102449981,0.627051160642126,0.2891142409164517,0.11283312431623202,9.779707199191852,983,0,0,0.1537,0,0.0001
-0.37765703736537687,-0.16467284632325174,9.715314275157045,-0.3141714105295359,3.1765536617951495,-0.0778736850368654,-0.36603435102885107,-0.19927824803248853,9.654285577105153,984,0,0,0.1537,0,0.0001
0.29319949994930544,-0.3817026025903666,10.193016343497288,-4.297844400435899,1.9236152716970563,-2.635378474369463,0.23830382813833031,-0.4190772296866655,10.138773816918222,985,0,0,0.1537,0,0.0211
-0.44740730000419593,0.4208851742206537,9.671201508770022,3.039426314076716,-3.6500093055259226,1.2924193659406242,-0.5002001386684687,0.5316000922310467,9.663598226826513,986,0,0,0.1537,0,0.0111
0.057506231286347874,0.049823100659432344,9.78647435352137,4.1624613992267046,-0.7454741152283583,-1.4202541174381549,0.056062232776082174,0.10410821766489187,9.84076564841509,987,0,0,0.1537,0,0.0058
-0.428884238854288,0.09899297987342705,9.694510534250671,2.861875783333041,1.8884504362670886,5.269906509088935,-0.3842545056601676,0.08405814039468873,9.686409964757,988,0,0,0.1537,0,0.0058
-0.40533075510267436,-0.5241475504528774,9.788624074492354,0.3363280847876826,3.73546513824692,0.7381337276996126,-0.41027546667298964,-0.4825066674762649,9.768373563378605,989,0,0,0.1537,0,0.0058
-0.21947070094839244,0.29372012778769485,9.496918168189598,-1.533647693557759,-1.2072551301571266,-0.15802155326296677,-0.23034728065393276,0.2607086004940505,9.449363569442566,990,0,0,0.1534,0,0.0058
-0.49524823314891564,-0.14652358489688172,9.79201341164428,1.014218689396739,-1.5234612681780146,1.4908972342969,-0.4908080859884588,-0.12634962265642058,9.762387022006154,991,0,0,0.1537,0,0.0051
0.04944010676995205,-0.1720520323319867,9.908278811535851,-3.8518227953786655,0.26033890776398627,7.309183913533856,0.05955913319486488,-0.22802801047749055,9.904668310506066,992,0,0,0.1522,0,0.0104
0.5261106891494736,0.5819396294041894,10.487205198336767,4.10705511325642,3.5555373341358143,-0.06818940742599458,0.5255946815838399,0.6348320213937081,10.413091285028377,993,0,0,0.0771,0,0.0005
-0.5855146609567498,0.10656671085196585,9.789549240244995,4.4551501942484855,-1.8303652124626082,0.09998528724082362,-0.6145268010552285,0.1809125313254168,9.736017606298649,994,0,0,0.1537,0,0.0205
0.1569383987680992,0.13346445581251487,10.230839079977208,-1.1921428692245142,-0.8227628949395278,-0.9687102573608289,0.18800951935467433,0.057296130469639925,10.239611445250402,995,0,0,0.1527,0,0.0209
0.013811588282162442,-0.22149869646955223,10.001027099956536,-2.7091076192607852,-3.2119885492952363,-0.3355745315451373,-0.01795805617134767,-0.23543411690098195,9.979002203554403,996,0,0,0.1537,0,0.0016
0.060304600667796235,0.03481596614769066,9.796972103282329,-0.9481874709676688,2.908286099222801,1.3197314462852585,0.008072162770974715,0.029573363710785328,9.850154835486999,997,0,0,0.1537,0,0.0016
0.07761693580790269,-0.1804124073588109,9.597945409881868,-5.142046280553634,-1.8032362766299732,-1.1943592844820414,0.09864949136556522,-0.2236334850980144,9.590132782281989,998,0,0,0.1537,0,0.0116
-0.05000252868999665,0.06939772340749191,9.956723102143215,-1.406196792544975,-4.956237703455382,-0.553204577827046,-0.1470827862268405,0.0964202955646716,9.905492623034185,999,0,0,0.1537,0,0.0016
-0.07381618561937525,-0.5977115037162705,10.199062571743733,-1.7716655620669428,6.0510433332806866,-0.5966170134556175,-0.01728057038419379,-0.5764741157484664,10.183174991345075,1000,0,0,0.1533,0,0.0111
-0.45491051524818554,0.37576680158218356,9.903987599754712,0.7850506788377549,-2.6098727522461886,1.418900430251653,-0.3796106985052089,0.4302130749565269,9.931225880560183,1001,0,0,0.1537,0,0.011
-1.0577934830523372,0.026949254465582374,9.954601013589972,0.6865034737562616,-1.1316161907573652,-0.9061599074835107,-1.0483197002457851,0.10303562184986857,9.914373473625636,1002,0,0,0.1757,0,0.001
0.18553080849488565,-0.03606753668412153,9.822186214650918,-2.802576531845415,-3.0397294292900323,1.4247792796427285,0.201493430176762,-0.005958109349801583,9.831006372604469,1003,0,0,0.1537,0,0.001
0.02968079124755726,0.14209049460097495,9.928373650164389,4.899655166063968,-3.9241709675084806,1.5773360125896931,0.06658351523358262,0.1602205420398628,9.879657279309319,1004,0,0,0.1537,0,0.0008
-0.06969394459319728,-0.37664632665210696,9.708520069116979,1.8580405947648666,0.536808515786884,4.876853590094642,-0.014108463612667238,-0.38848970702189795,9.692100841550387,1005,0,0,0.1537,0,0.0008
-0.2689063908512074,0.09519542962246437,9.950034120514442,-2.785034937875725,7.019577581613237,-3.066474463119704,-0.2571746575269342,0.0677055250139061,9.999669080341006,1006,0,0,0.1513,0,0.0008
-0.002517118175044179,-0.18144711491425566,9.787316069595725,0.7115234304587745,0.6019992977613896,1.7424015272336715,-0.028447293601654478,-0.16268115336991107,9.71377316879363,1007,0,0,0.1537,0,0.0008
-0.18192285211230483,-0.09654331441645125,9.911248196885703,-2.6850418488754264,-3.3595830932005106,3.4800638732681506,-0.11937397738855839,-0.040096147105142865,9.908991716191982,1008,0,0,0.1537,0,0.0008
-0.14578613841853538,0.5209899297239888,9.753325380534953,-0.5042667520402843,-1.6659266807745914,-2.6974589674345655,-0.15893150539124365,0.5178271658998151,9.802276008561757,1009,0,0,0.1537,0,0.0008
0.5537892347521081,0.1014616587364283,9.83748745230402,5.094447620982013,-2.831947999326319,-2.058202251685814,0.6489344929546672,0.0073150913571242565,9.883228813991845,1010,0,0,0.1526,0,0.0208
-0.12115958798849594,-0.91221697459493,10.063984607696735,0.33924777261196815,-3.1720919468538993,-5.395250421273317,-0.1410662515339189,-0.8307884786997793,10.172954653819819,1011,0,0,0.1225,0,0.0209
-0.3554142766063554,0.262189318651388,9.562893801098895,1.9915106187435883,-2.6201944550433423,-0.929866413805255,-0.3848183545605415,0.1746737512919278,9.554979430319468,1012,0,0,0.1537,0,0.0209
-0.26090131987922094,0.25300631857665634,9.470789000074188,-1.8262206773257643,1.859822832350127,-2.3645914762607667,-0.2737420534273815,0.2412022196760645,9.515644283960755,1013,0,0,0.1537,0,0.0209
-0.10722163312202942,0.22227128853388362,10.079963645005495,0.7387932909382795,-7.418529166172111,-6.221701710529604,-0.20146401173496986,0.3189248117174154,10.073026533607141,1014,0,0,0.1533,0,0.0003
-0.38857011419821147,-0.5681179826681696,9.74191287440295,0.777134112024066,5.138456570330329,1.1564364053686917,-0.40997611541663537,-0.560738798911662,9.72749358419505,1015,0,0,0.1536,0,0.0003
-0.30529923212981264,-0.12402805082724236,10.020923109558158,2.3272060231284906,3.048141905726,-1.1739523796936635,-0.2709774744956443,-0.14764076713447605,10.114950039172124,1016,0,0,0.1537,0,0.0009
-0.413937221019569,-0.21213037020999947,9.495284345943944,-3.03273776245324,-7.013644580828997,0.6067123530171455,-0.34267536479406846,-0.22581545861111463,9.550012611200469,1017,0,0,0.1537,0,0.0083
-0.11939947862100055,0.16482184400219654,10.093465565823049,4.0094666862126935,2.9039827213268525,0.0281229099349753,-0.13726613101191218,0.25731422013019767,10.062942998521242,1018,0,0,0.1537,0,0.0089
-0.2555663778070721,-0.11278129793924346,10.180930484817011,-3.282580465826949,5.012377941958508,-0.4385648876498217,-0.1725135240721028,-0.15631220104848853,10.20410262142259,1019,0,0,0.1526,0,0.0089
0.11034096192416584,0.046816969319497116,9.717615350694032,-1.2712356442588528,1.7683059024607477,0.9228388116670455,0.1262594396944996,0.03976092266269377,9.733146639001829,1020,0,0,0.1537,0,0.0089
0.6425022502493133,0.40441588654062177,9.895168688124905,-1.3126063989500332,-3.247375394789576,3.4661048097758522,0.5784647457051286,0.36485589462100243,9.902523215814446,1021,0,0,0.1541,0,0.0095
-0.07872460749970177,-0.2955981052084419,9.752387326989954,1.8364647342937253,-0.9394546246865975,2.451079113286867,-0.10063042602993331,-0.22922400315313013,9.708036728524137,1022,0,0,0.1537,0,0.0095
-0.2869611007830757,-0.2900448844339662,10.148617462151327,-0.56249103110906,-1.970699200427424,5.32391036744088,-0.26136173277965113,-0.30114429101275003,10.179858974510777,1023,0,0,0.1537,0,0.0189
-0.12569184045024603,0.28378139457162316,9.951255115666388,-4.424683386054726,-0.04243003172837875,-1.2719843331829086,-0.11481994441158015,0.2958725533916823,9.964935200846297,1024,0,0,0.1537,0,0.0089
0.19067491420361518,0.3010483615507505,9.626451589366212,-2.5515338959743437,0.36076245575035043,-4.253017561680543,0.1392778086165614,0.2870859751572052,9.582076673654768,1025,0,0,0.1537,0,0.0199
0.37772854975295955,0.5913067996660214,9.952739846260473,-0.03746892139157115,-1.6452023850436959,-1.2129346508916994,0.4753252727279019,0.6191226829678548,9.901815433511445,1026,0,0,0.1532,0,0.0119
-0.13287487799565398,0.256672356660751,9.529598226557603,0.953427635447463,-2.4182616367117884,-3.8149481534447798,-0.12045377385161538,0.24212034790088602,9.521290397220888,1027,0,0,0.1537,0,0.0019
0.02846898456201158,-0.5611318006080566,9.994128242357325,2.2774613862052036,0.8160397776716752,2.4670081641204735,-0.015963798948421697,-0.6498122671680748,10.036675163534763,1028,0,0,0.1444,0,0.0332
0.29873647215597543,-0.6648402417062512,9.532069708301576,-4.244836918319243,-7.488109281023073,-0.3134930348951326,0.30733510576633005,-0.7208429223152116,9.554792957359915,1029,0,0,0.1502,0,0.0219
-0.37935223396359335,0.8343591715856039,9.740805303652461,1.6743663963059339,2.6751459168152083,4.491385119153278,-0.4276557958495678,0.8776943251801071,9.726183816091908,1030,0,0,0.0952,0,0.0027
0.27917658850037874,0.07679249862221205,10.14407321712935,-0.02034310437911941,4.741008441342459,1.656787128522089,0.31907096764546694,0.11633523720703137,10.214343236989315,1031,0,0,0.1526,0,0.004
0.051677777960200906,0.11552066656958215,9.737940128604473,1.7099561772878458,4.062652447268339,-4.0393460193884145,-0.04432693250319978,0.15602516705411426,9.765419906306038,1032,0,0,0.1537,0,0.0019
-0.1348723279786483,0.5803959365904228,9.944251366262753,6.629326335967496,-5.625363725745605,2.2705335315319886,-0.0551694834162751,0.535970123476922,9.969528602741702,1033,0,0,0.1527,0,0.0031
0.14692482619714736,-0.4323979532218388,9.758859481478597,-1.9839287669995516,1.9728166145888735,-1.271150068995795,0.20459802390328186,-0.3522265182111931,9.800114936493246,1034,0,0,0.1537,0,0.0031
0.2505900712402654,-0.06072880547307817,9.764105572334135,3.9165153903791454,-1.7754598195879292,-1.9402484539058111,0.32164223634213407,-0.05842167633490625,9.719612010303871,1035,0,0,0.1537,0,0.0031
0.04479736693889457,-0.10727595163630546,9.913139510692139,3.742135218844247,-1.692381234470286,-2.30440648286334,-0.015915044093942086,-0.1472097895551458,9.877112989530081,1036,0,0,0.1537,0,0.0022
0.23112112293550666,-0.15034469189904215,9.846624862027351,-3.0499076942698244,1.5329915725976901,3.0152755052523865,0.2914659131798708,-0.2436408049958289,9.848440334612127,1037,0,0,0.1537,0,0.0022
-0.26447351466436564,0.13368343848993192,10.035559399722537,3.129605645757896,2.4095713776440597,-6.306996895121437,-0.20457958132186632,0.12148871345922632,10.084757504419768,1038,0,0,0.1537,0,0.0122
0.5818584831909439,-0.007324247666778813,9.791920672438925,3.567939319801699,-3.3221805424357913,1.036268193993313,0.5995741923032769,-0.04242226774907703,9.816181160096601,1039,0,0,0.1552,0,0.0117
0.09100319044098952,0.11205772738521359,9.886204359342301,5.747406874735898,4.741961636376675,5.211021623898898,0.07527609600714198,0.11724627465040878,9.880388012947565,1040,0,0,0.1537,0,0.0009
0.10258490872995861,0.04066776508944469,9.880786636461849,-1.1317854728885328,5.888660534671674,-3.7080640447724433,0.11676956659565803,0.06277020673572706,9.832295880827811,1041,0,0,0.1537,0,0.0009
0.6912971619223166,0.04549614643030332,9.563578939111935,0.25979649106582625,1.3183503229781328,-4.33039723646504,0.6381960355826505,0.08478597943876237,9.488991834747821,1042,0,0,0.1554,0,0.0009
0.006691576535127459,0.049226473751535556,9.627298891945824,-3.62487659837566,3.8388728509616414,-1.1929138896089218,-0.059837150275730444,-0.001275792513002423,9.66776267958458,1043,0,0,0.1537,0,0.001
-0.3854384147188882,0.25426667052213486,9.76106398239033,0.20080091373915146,-6.590292300427107,-0.6664813824452394,-0.3774576639743898,0.25899632993468236,9.74512202811375,1044,0,0,0.1537,0,0.001
-0.4534206583693419,0.10364178388550822,9.720004560644739,2.486986009835784,-6.427074457902385,-3.0840258360152433,-0.36753775890757523,0.12581929503407696,9.669495398403509,1045,0,0,0.1537,0,0.001
0.08174538291638174,-0.5600460474913103,9.701535915371192,-8.444543342237608,5.095865319005401,-3.091617815612033,0.089564691245561,-0.5545636692912442,9.717250592055237,1046,0,0,0.1467,0,0.0
0.1364019781623134,-0.22827152757676888,9.958243824297913,4.05575248466147,0.736352975486646,0.7386832528461108,0.21791463343644552,-0.1513171563001027,9.973127252939125,1047,0,0,0.1537,0,0.0
0.3949099555016169,-0.2913305289504761,9.592222677546415,-3.5670518838649894,-2.3992280587854564,-0.4719082017631618,0.3764336265784805,-0.31074065879449875,9.580551603610095,1048,0,0,0.1537,0,0.0
0.163845544877006,0.10077312442849816,9.684895428799566,4.130461987911459,-0.4763781782023756,1.3065596482511477,0.20741112680183835,0.13072247057158098,9.667206141732034,1049,0,0,0.1537,0,0.0
0.5549000718447322,0.3388955982798843,10.14859552123567,-2.4186991455144584,-0.5412234940104578,0.9417350400659315,0.46178664218944043,0.3295144491878871,10.220917697305492,1050,0,0,0.1526,0,0.0001
-0.035747497375243915,-0.2535487659329864,9.78000806804727,0.1179400144367585,-1.1974607213372714,3.8506857423519465,-0.004254150439060619,-0.19898808820387137,9.79215368841709,1051,0,0,0.1537,0,0.0001
0.3476804646510023,-0.24179073310946295,9.745584865122808,-3.5049069381391176,-5.476110047073559,1.2644683745997203,0.3926220582307442,-0.25416021496384533,9.69465930793862,1052,0,0,0.1537,0,0.0002
0.20474736070842497,0.6783235987979883,9.865746701746547,1.8410016027905487,1.9369550877929762,2.7287212803440175,0.2283131040828788,0.6840137308594868,9.886973291789115,1053,0,0,0.1531,0,0.0005
-0.7359177537283971,-0.43553544163345154,10.017753697820003,-3.8746183635212628,-5.517341647704057,-5.217252472218923,-0.7272007238338534,-0.490023135986377,10.029286795775532,1054,0,0,0.15,0,0.0004
0.015521366284082986,-0.7062576678104134,10.063684005493279,3.0627090132692603,-0.4327859551096118,2.7748831995905316,0.023060977696431305,-0.6936400719266601,9.92953472962466,1055,0,0,0.1525,0,0.0086
0.6609963952061858,-0.49557269178369323,9.7794572595701,3.483276561331791,1.0115652942932214,2.2350926399645337,0.6405161813007548,-0.5242573491253059,9.778217054161091,1056,0,0,0.1554,0,0.0015
-0.1825461136526433,-0.06353094566064875,9.522221578279856,-3.567973905962182,1.1068840240469415,-0.5805694541281089,-0.13412801674720867,-0.0531131078710046,9.48093749787216,1057,0,0,0.1537,0,0.0016
-0.5594177533976865,0.2197377311040484,9.847636762877597,-5.704393873272125,-5.0264921171950805,-0.36782657050022827,-0.6426543877605686,0.20920092632739434,9.813300026716751,1058,0,0,0.1537,0,0.0015
-0.30858794122621996,-0.2067071381322132,9.666803454368404,0.12183400035637422,0.45322748783826977,2.7636099288371128,-0.23551820149873687,-0.18297592371499283,9.699112919213043,1059,0,0,0.1537,0,0.0016
0.07868858845639605,-0.15799146242361498,9.829397147403762,-1.6106415810685593,3.1820307998759056,2.161248040114421,0.0539925385000364,-0.18121801192835602,9.858790973709127,1060,0,0,0.1537,0,0.0004
0.14031440080669144,0.1486656262822606,9.675967664972609,1.179626005004601,6.000899832338934,2.669484409587807,0.08787395056007408,0.056109904271418834,9.734789977820254,1061,0,0,0.1537,0,0.0014
0.3673633429477045,0.1765022241324033,9.403971697772192,3.770072388925069,-7.117263086235324,-0.01723557992010482,0.35760499497697906,0.23886560597866974,9.367403195350777,1062,0,0,0.1481,0,0.0013
0.25299268903870975,-0.30733628419270864,9.776294115971357,-3.3371126179532378,2.4909924301504165,4.313609340530718,0.337268187331864,-0.3578964700084014,9.673768038788142,1063,0,0,0.1537,0,0.0013
-0.02350634181267101,-0.3221793153205815,9.623325055069746,2.7864172051568334,3.299198248438292,1.4455000633273238,-0.01878953206978963,-0.348988767831087,9.670434880123175,1064,0,0,0.1537,0,0.0014
-0.13692653436316232,0.28831717243556565,9.333623314623873,0.07139264136594652,0.41573548207140976,3.950877533346172,-0.12385748458868662,0.27796650814636004,9.34010278698676,1065,0,0,0.1485,0,0.0014
-0.049658059855197084,-0.23611229207820023,10.088268876222454,0.917831418439424,-0.5797083639423409,0.45671949858808625,-0.013251305784438935,-0.15623571333518207,10.079571199258703,1066,0,0,0.1537,0,0.0013
0.3567358860904099,0.2957837002043651,9.756042320047356,-3.0565997342316864,3.608396364288705,5.364205125406383,0.40132315658879386,0.38997944905005755,9.787304526906878,1067,0,0,0.1537,0,0.0014
-0.32637244423719886,-0.3167116752553662,9.827748036774869,-3.229327238497746,-6.612021473401603,-1.7332578697948697,-0.298778072353399,-0.36228164130798335,9.788358650080879,1068,0,0,0.1537,0,0.0013
-0.022810208590614757,-0.11292691332554297,9.713911498326555,-1.1527561240319621,-1.3384030292538511,-1.9693801532925987,-0.03331369232498931,-0.10429569668253127,9.704332824406656,1069,0,0,0.1537,0,0.0013
0.3711324583945642,0.14778999209505664,9.816047418552692,2.789065685086588,-1.4513872461741384,3.2961839692455315,0.4199752082290481,0.19313411699527222,9.861356078436991,1070,0,0,0.1537,0,0.0001
-0.18952751472292056,0.3609622512373619,10.064853662019965,-1.775323778165537,-1.374828947061525,1.7051595170142324,-0.2335267026624972,0.3304879635654842,9.952432707277714,1071,0,0,0.1537,0,0.0002
-0.6400634627928826,0.005807862151397757,9.484584506263069,2.4705413863099195,-0.2487444655551924,-2.7087008708280242,-0.5617357337121607,0.05791368781649591,9.490258808342917,1072,0,0,0.1538,0,0.0001
0.20383435176822537,0.3856530128232241,9.42913012067256,-7.445235663192369,4.026384943393078,-1.977485817100474,0.26332415835457335,0.3964327499618354,9.424400984366633,1073,0,0,0.1491,0,0.0013
-0.6319937192794661,0.07825408028733755,9.658331651103316,-1.9359255685670131,2.93400410010196,3.0202219432999584,-0.575853670310027,0.10936160793128906,9.62859292996752,1074,0,0,0.1538,0,0.0013
-0.04210601560586947,0.27639077712335214,9.844702564668452,2.6683014982984896,0.13913873332540627,4.448813555600526,-0.06968661950409197,0.21282372299247915,9.823613368216627,1075,0,0,0.1537,0,0.0013
0.675368540912702,-0.07700333146772347,10.137761148021523,6.3973089713415945,0.6808733319073569,-1.132749820902315,0.6480842944151414,-0.10104717855856102,10.25335013846846,1076,0,0,0.146,0,0.0013
-0.021524845518778715,0.25661701534712367,9.91032896658142,0.47530853479818325,5.4920464254556665,-6.337135081802014,0.01769086044435969,0.27513509899060473,9.827112438835398,1077,0,0,0.1537,0,0.0013
-0.3413730464940832,-0.07989609605065918,9.67586655398484,8.004799075608878,-0.007797305737187031,-3.2678645861762323,-0.3503889418706631,-0.08261938824096482,9.675806395667177,1078,0,0,0.1409,0,0.0013
-0.14100197869888587,-0.15661045873878812,9.869184347989536,1.0130222704854344,-4.832999543140464,0.5411248460891789,-0.1323540204805767,-0.23394068443736166,9.877682062051207,1079,0,0,0.1537,0,0.0014
0.4940632577887489,0.5922122386240276,9.933998920769742,2.3351350813247,-1.351526069573831,-1.397315095875125,0.5372640470308951,0.6318172174274475,9.937359468423908,1080,0,0,0.1532,0,0.0003
-0.27882762668564853,0.27869293333951045,9.630157503867055,-2.027634273973919,0.8164963289100583,2.373578381653997,-0.31287050911332714,0.22440232045649183,9.533961449587894,1081,0,0,0.1537,0,0.0002
0.0458365615168891,0.3685670349171489,9.984362435615216,3.635792759331011,-2.735059337262906,2.060052128408631,0.015929964646590918,0.44408391116983664,9.973847342682328,1082,0,0,0.1537,0,0.0003
-0.26597391506610546,0.01597004826581931,10.127767164660735,-2.937937444824417,0.2601356688556237,-1.2814257709015373,-0.22892442084978865,-0.0031538039831423767,10.10234293455361,1083,0,0,0.1537,0,0.0003
0.0702958291891616,-0.3482107771697004,9.762577796457672,3.142249142518594,-3.005562205577138,0.1920840539231328,0.04553377148811685,-0.3584614695975961,9.68728181808102,1084,0,0,0.1537,0,0.0003
0.2719513551918446,-0.4032722503093157,9.755075441050344,-1.2325941200028847,0.09036407021288484,0.6493506542853106,0.2541185347256859,-0.4078752201365285,9.735434464540898,1085,0,0,0.1537,0,0.0003
-0.8835568081583929,-0.3245175140333343,9.505814526070315,-1.0161395205626351,1.7237446059155825,-1.859320966219057,-0.8628854907163321,-0.3187679203084303,9.479296991588358,1086,0,0,0.1639,0,0.0001
0.22667487689732183,-1.0907158683318037,9.534941122821515,-1.1961161654661658,-1.2446036528906452,0.04043205644102587,0.22322259284282797,-1.0382368344246442,9.511774909790429,1087,0,1,0.0584,0,0.0
-0.08014022970742467,-0.2519940752918826,9.77489610322797,6.930761430350975,-5.8451747938964616,1.2559071080996183,-0.08282690990984055,-0.22586964826353062,9.759575064946729,1088,0,0,0.1524,0,0.0106
-0.13305637010996307,-0.0676250636279984,9.880857976976861,-5.332559519564176,-0.0801345611648625,-2.0237228738319395,-0.1152177118025879,-0.13403193501987629,9.874376291063722,1089,0,0,0.1537,0,0.0106
0.07715805825172133,-0.4532353591519933,10.030811856673258,2.6413126632386055,-2.7437640933208076,2.459171873596844,0.07342005406309686,-0.4783344659446763,9.94829615658864,1090,0,0,0.1537,0,0.0
0.3533766694112292,-0.22030919462561535,10.1289143290694,-0.05339354189530116,2.919003471046956,6.267013850352038,0.29601547274571344,-0.2655753484561727,10.058847674949858,1091,0,0,0.1531,0,0.0006
0.09762945069829283,-0.3714604466709883,9.614747914216977,4.736035090048338,-5.863892720075492,-7.43915751219493,0.03937979074584238,-0.35108224074479694,9.512992593536776,1092,0,0,0.1515,0,0.0012
-0.09363969112065139,0.8597217971027141,9.731522555044805,-0.5935618663317683,0.5353945782607876,0.421576943830263,-0.1206145164395929,0.8791243152716876,9.75188699620879,1093,0,0,0.0944,0,0.0003
-0.22847114936381882,0.031907832690596105,9.970361916148205,-0.09183572267000856,-2.6229792250877906,-4.076412562927498,-0.17779656841269453,-0.0039047141603688468,9.95893691301126,1094,0,0,0.1537,0,0.0003
0.19553842712696243,0.17968206836692088,9.746666169930295,0.347426837605952,-2.146411949810571,3.1466417290415585,0.2136137277519061,0.1697558133817521,9.790923146938619,1095,0,0,0.1537,0,0.0003
-0.20855180862855663,-0.341939590468513,10.067127011349214,4.772271756392109,-1.5667901098496306,3.064164952261436,-0.2613342487798681,-0.32002328382822043,9.98892377237467,1096,0,0,0.1537,0,0.0103
0.1404879924512906,-0.24652509808547843,9.890992745003214,-1.785146601899703,-2.5181409193090927,-0.8764289339291225,0.15311755739430283,-0.25949639221192883,9.946709667837956,1097,0,0,0.1537,0,0.0103
0.1699830331815352,0.26625568646870484,9.806049274229048,1.6072302680231996,-3.4140484637766937,1.3883627578376214,0.22102927254762827,0.2748434537787307,9.78705542032325,1098,0,0,0.1537,0,0.0103
0.4664492795508338,0.3992224272142124,9.758681687815582,-2.283966692590761,-2.625287677475443,3.9143592220579233,0.544748330585228,0.41728560040557994,9.809124879687104,1099,0,0,0.1537,0,0.0103
0.3635391501235474,0.28679538180672354,9.804605903934398,-2.1912308608323334,3.3809891717401825,-0.7012847748011939,0.27745556397403476,0.26497488741006947,9.74224021591074,1100,0,0,0.1537,0,0.0103
0.19278383231098564,0.1633648090840199,9.783461492639523,-4.55572916434944,5.336537435151187,0.9159709800844997,0.19441127645396591,0.10501456628903388,9.776160274451744,1101,0,0,0.1537,0,0.0103
-0.27207509914330963,-0.15838475749659325,9.782955247371165,3.4204981385198234,-5.188568494194126,1.9809431748081456,-0.31966009613812996,-0.14018837221345185,9.825311203813829,1102,0,0,0.1537,0,0.0103
0.18324122485913438,0.13072773968105283,9.646283626415382,3.644062153981708,4.58622610814861,0.23971746643953212,0.24563391786008865,0.12575629399944732,9.61645027952386,1103,0,0,0.1537,0,0.0103
-0.3591957427184942,-0.07315739245722264,9.863266413486203,-1.447327956783771,-0.561689665957881,0.3417639746184519,-0.27468005904648635,-0.024930494419049883,9.837940168648881,1104,0,0,0.1537,0,0.0001
0.09054877206729454,-0.237240938908941,9.811330568914718,0.6914579434526475,5.656900882006807,3.312660114868752,0.016958245209691913,-0.2958623684938696,9.854090229924477,1105,0,0,0.1537,0,0.0001
0.4613668155636145,0.09883961679512158,10.031425470207054,-0.16608862510449035,-6.57661914833,-3.521777230493071,0.40708562137583026,0.08877241048077945,10.088386182648177,1106,0,0,0.1537,0,0.0001
0.182333661189276,-0.21592627903995298,9.92951016960272,4.213877098488286,-6.017319831318023,1.6311842317820642,0.2093564352658205,-0.27255709191876215,9.96145031369471,1107,0,0,0.1537,0,0.0001
-0.14157654587963503,-0.36629881796855984,9.563792032027049,0.2348723180913997,0.09291148179799756,-3.3061859591493947,-0.2437045658633058,-0.404639002468612,9.631811991467599,1108,0,0,0.1537,0,0.0001
-0.030083207552688666,0.16517973094937455,9.6447888105069,2.260143035825571,3.006454156825851,2.974635036087575,-0.08814414830001074,0.18700970677134637,9.69230220084416,1109,0,0,0.1537,0,0.0001
-0.3610781150522056,-0.267426901460583,9.713399820116596,-0.6438804012084292,-1.0369808922670398,5.316211308541733,-0.2882723099369589,-0.2224845498270975,9.749912283573405,1110,0,0,0.1537,0,0.0001
-0.6697448578748885,-0.6781998219611811,9.836722333021212,-2.3522253337442782,3.5498832260931366,0.592397947276574,-0.6210026053621771,-0.5598298879800073,9.805220383613031,1111,0,0,0.1504,0,0.0001
0.08332292470804628,-0.24397647884394374,9.443705711512772,-0.7290933492980195,-1.0668017792790614,-5.162594985414328,0.12315659688586567,-0.27058870104075977,9.402998619980178,1112,0,0,0.1526,0,0.0001
0.0687223353606336,0.2719246984058488,9.908732451222502,5.332539518248947,-3.416320243116015,1.005029183674362,0.0645811153500635,0.2790284439492356,9.893158754454822,1113,0,0,0.1537,0,0.0
0.1938713275088646,0.3175113562926426,9.7357980726551,-0.9442337117958888,-0.42232080786218823,-4.3939343519377765,0.23411527142299607,0.4187738513457098,9.713562966480351,1114,0,0,0.1537,0,0.0001
0.3438454543840306,-0.05214378169961454,9.816644402642254,1.8618593277192712,-3.5247973947298723,-0.026322963942044104,0.2748604911875302,-0.10047525128158381,9.821657510054811,1115,0,0,0.1537,0,0.0001
-0.15826788918157,-0.08018358480308768,9.857605712295426,-1.043771930861763,-1.8133175510197188,-1.4903076806786801,-0.16446213837619392,-0.1260280935727546,9.894758699102416,1116,0,0,0.1537,0,0.0001
0.47952658649439855,-0.21073748092777153,10.00948375069199,4.082080894240622,2.8173688335600313,0.8469900281890139,0.4709054566660387,-0.21395245337830654,10.0450688239134,1117,0,0,0.1537,0,0.0001
0.48037237517745357,0.13853107605177514,9.745875146255042,-1.9742690703115513,-1.1010817602347922,-1.044296098477771,0.38720934245863725,0.13453597433407216,9.742707690442495,1118,0,0,0.1537,0,0.0001
-0.23592466594278236,-0.2730779681898419,9.878012370077213,-0.6860672233220602,-1.0930491050708737,-1.32435918237998,-0.282738703106146,-0.2507526400463454,9.8471912161047,1119,0,0,0.1537,0,0.0001
0.33883068927872373,0.3530732473231167,9.884770891761626,3.849115613368353,-3.742314426072064,11.261887155275577,0.2800654632209801,0.33428999243057705,9.754886097148919,1120,0,0,0.1783,0,0.0209
-0.5334470311640439,-0.28870073530772067,9.785580712511708,-2.281612290193866,-2.5429818691386683,-2.5017798953556034,-0.48033429398597965,-0.2883486928141455,9.854752642920985,1121,0,0,0.1537,0,0.0209
-0.4145649894414487,0.09818733102977283,9.907486917762274,-1.541945894680043,-1.5865391937250548,1.6957013478107414,-0.38177414193601905,0.05911189840204288,9.950492589513477,1122,0,0,0.1537,0,0.0309
0.14246841651238187,-0.3347519623180033,9.661547413912151,2.981059142510611,6.795456062676271,-3.84231737846683,0.11151580425691421,-0.37576403175172196,9.73575853265985,1123,0,0,0.1537,0,0.0309
-0.08659731405076089,-0.0705670989421378,10.096211038887418,4.542406844720031,2.0395658521266298,-1.903627730677312,-0.08780313570641332,-0.15185842838219255,10.09451841206158,1124,0,0,0.1537,0,0.0309
0.4820727211681527,-0.13818807468680608,9.561313823832966,0.6472343588697608,-3.3361000521506616,1.7987538087094421,0.4722787458632238,-0.14959909597005835,9.618452635601079,1125,0,0,0.1537,0,0.0309
-0.1174370425550211,-0.19811361186927687,9.89764464151345,0.2713530613859011,-3.787520043403612,-4.45772273544302,-0.13340476021738457,-0.18809466397064473,9.983703610367522,1126,0,0,0.1537,0,0.041
0.3878416902136299,0.8014021118855341,10.18815979009673,-3.224369054618261,-0.4053775698033964,0.15948984142292086,0.366281854759844,0.7962257317469992,10.149003466410289,1127,0,0,0.1437,0,0.041
0.08947513148534063,0.051340507904143615,9.625700255649633,-1.8118453705056279,2.291516709212314,-5.112291689884907,0.08002298948414947,-0.0071129622497349485,9.604439446176926,1128,0,0,0.1537,0,0.0403
-0.15258054153298475,0.644781769995377,9.849675008634831,-4.232117314932589,-2.611467640751658,1.6279906351785933,-0.25952070385734405,0.5405023401911123,9.797979886052536,1129,0,0,0.1536,0,0.0403
-0.18684116225717967,-0.6055004302453492,10.020618441186667,-2.997243101830471,1.7952548192425506,-1.0235749566194399,-0.26114240468524047,-0.5665980177311115,10.027944700585703,1130,0,0,0.1536,0,0.0503
0.16142862293315707,0.37086223205161906,9.748411821385622,3.333074083179846,5.248456257245868,-6.335936126116485,0.035807179609895184,0.2664834811730961,9.717945725570344,1131,0,0,0.1537,0,0.051
-0.4482041857120852,0.2849145165399309,10.053728229888272,-0.945630516119369,-2.6070995536792045,0.04155605074795497,-0.3770351908362111,0.33877039753002824,10.090488512905925,1132,0,0,0.1537,0,0.034
0.10791748634106062,0.9007435666101571,10.211615368639109,-3.379690702545122,4.380340215254311,-1.8211530081787457,0.04024992166181135,0.8815634820036969,10.218902606590888,1133,0,0,0.0852,0,0.0403
0.286364472626149,-0.16150129862456347,9.871167397118894,6.616098887615859,0.6150250963456463,3.2709384665077668,0.24362842384393674,-0.1684194328718979,9.82161139131165,1134,0,0,0.1529,0,0.031
-0.1357201379883266,-0.25369370407988345,9.777223052162679,0.1416098135192212,-6.470734542365836,-2.484866760625283,-0.14588333076649163,-0.2488276726841862,9.793451758690448,1135,0,0,0.1537,0,0.041
0.02319623960825117,-0.08687506731548236,9.504447073864554,-0.5248713187528519,-1.595639941426808,-4.134901405894366,0.1038071049091018,-0.19703023624313612,9.383871927480829,1136,0,0,0.1457,0,0.061
0.568107403733436,-0.030664966631041634,9.930893902250968,5.497427627781436,-5.654919948149306,1.5268658382341465,0.5879628133526403,0.02542337380119797,9.914070401797579,1137,0,0,0.1536,0,0.0543
-0.15341150646687313,0.6331545470045744,9.697617775517157,-0.978024751963191,-0.2861841972006476,1.2573924237950522,-0.062215025184480785,0.5719623761269192,9.616183574775073,1138,0,0,0.1536,0,0.0543
-0.3266661020987084,0.48476072488524014,10.066241419928032,0.5738746600808495,0.1423578520360821,-0.10061174761442501,-0.306494509961673,0.5088244495239067,10.043623038645906,1139,0,0,0.1537,0,0.0537
-0.2042629441446205,0.5566812729005378,10.167189968864621,2.6235893250105535,-0.047250652425952076,-4.35088458446816,-0.21559472196293053,0.6331798030381982,10.0772325589969,1140,0,0,0.1532,0,0.0337
-0.14824811045370684,-0.1533228383715449,9.886179259129392,2.9324761749135533,-4.360292502231406,-3.281475718902509,-0.18202302353184435,-0.10533563427487878,9.899660565548407,1141,0,0,0.1537,0,0.0437
0.28382795587069903,0.42926390671956355,9.94397593251381,-1.0752604822417002,4.270159502124173,0.6672599552150394,0.30376835702198024,0.4484437633800133,9.875479357688045,1142,0,0,0.1537,0,0.0446
0.3300884745194473,-0.35613175662875973,9.838513037352218,-1.9778027057591674,-2.737327567800542,1.2983330449010628,0.34774955451314404,-0.29665960177759365,9.895544009163256,1143,0,0,0.1537,0,0.0446
0.535440436968822,0.31809287479076337,9.823509008497316,2.3738701668544415,2.574430578574513,3.360582243527677,0.524251507730577,0.38282246760188654,9.818639523389582,1144,0,0,0.1537,0,0.0314
-0.21628789268912776,0.1564929276047701,9.609288182198641,-3.0245731238749864,0.3670421899909172,3.775360070019598,-0.056576723191100686,0.07607792336213047,9.615154823055967,1145,0,0,0.1537,0,0.0405
-0.43652902492368606,-0.02836066051033767,9.846494328966903,-1.9658068392001051,-5.772159735614959,-5.5609398071453064,-0.46274147464715293,-0.07081347029199664,9.827774097452496,1146,0,0,0.1537,0,0.0305
0.0677108374071496,-0.7614962943511591,9.395084289473429,0.044341355271944355,-4.927841581021518,2.3353426756264914,0.05909679190259755,-0.6653431369780163,9.446081816935951,1147,0,0,0.1484,0,0.0305
0.015843373856327617,0.26890705158613987,9.892566361294163,-5.011220601219766,-2.126430753250111,-3.0620951479224425,-0.055045481800277796,0.278035932294839,9.825822840118207,1148,0,0,0.1537,0,0.0405
-0.5593334777500067,-0.0904394285867103,10.161180341861865,-1.16057285982925,-1.2126924161587394,-1.7589351227308738,-0.597099787718976,-0.09565848061152224,10.094769588310585,1149,0,0,0.1537,0,0.0305
-0.6199825722047821,-0.05926426181780044,9.545921753773841,-4.868094121578508,2.3983699852678044,-6.823878409302172,-0.6996072953363852,-0.07455424278834027,9.50479721097019,1150,0,0,0.1402,0,0.0405
-0.45455336167585536,0.1749114732098161,10.101592921119025,-4.624912943333045,-5.040188453885726,-6.691029897962543,-0.4369843674491109,0.270151115832352,10.028766942778129,1151,0,0,0.1532,0,0.0305
-0.08759780874855809,0.028297679262182785,9.704533811616486,6.978798486715578,-1.9007378748803039,-3.1907919198886763,-0.008141018428854133,0.07309807644755188,9.738204981531895,1152,0,0,0.1524,0,0.0313
-0.03581634579827125,0.3813617081649308,9.71842694350164,-4.172831693381991,-0.017835738489550453,-2.2007482463418677,-0.054940479873098136,0.39858311024195486,9.698651042025759,1153,0,0,0.1537,0,0.0313
0.026042534870040435,-0.3565860620030656,9.801124397188811,-2.0093810843609576,-1.7049100974519105,-1.1488133845370716,0.017713122318920693,-0.3890461438339146,9.741656091921886,1154,0,0,0.1537,0,0.0413
0.08574254482037308,-0.42791807643739305,9.500075320012364,1.4792353164909922,-5.276258519745258,0.029735648718798954,0.08932262271584639,-0.4300378019063772,9.544158115021606,1155,0,0,0.1537,0,0.0313
0.09817082549464508,-0.19710421966671204,9.619636378746359,1.1410554424993782,-2.2528228113080457,1.7838728098631393,0.2118639343908661,-0.24446261367438893,9.650531297518464,1156,0,0,0.1537,0,0.0213
0.42532382151808307,0.34411877573913036,9.982003532969616,-4.0156318346847275,-8.101925956780715,3.03793203247805,0.4706159713217555,0.2788610703881949,10.048528460958277,1157,0,0,0.1467,0,0.041
0.28905158473362175,-0.06117917909578721,9.754550708831571,2.9517622312892775,2.985593259223936,-2.860710424839813,0.21354345129320146,0.01827493251839238,9.711157843592236,1158,0,0,0.1537,0,0.0413
-0.5669913431897624,0.09031977054332954,9.452953110795207,2.9537926140328943,-2.497880967315982,-3.2099069073610633,-0.507079859913209,0.09245928410452667,9.502177051970008,1159,0,0,0.1537,0,0.0413
0.2864356464255136,0.0843578695671738,10.096715261948404,-2.415412480604604,-3.462905844146353,-3.8687819321426193,0.2065754812803224,0.11540816164988961,10.078702599460032,1160,0,0,0.1537,0,0.0513
0.21034370327745075,0.7348572796151449,10.019614916351903,2.4952534932539523,0.3191451386466564,1.0978775392262081,0.2453981295195328,0.7255775345362879,9.934896180325541,1161,0,0,0.1536,0,0.0313
-0.14273447127876504,-0.17799611142588107,9.410684919425039,1.4783045905353718,-1.8224426738641222,0.09384744109269624,-0.08361741627179468,-0.10836556764471936,9.438248598953084,1162,0,0,0.1534,0,0.0413
-0.02744370553215999,-0.3236091172681185,9.762126876919941,-1.2597712351097026,-1.5105989463554785,0.15457950026435832,-0.07539069090049119,-0.36832574315369787,9.737395163341212,1163,0,0,0.1537,0,0.0313
0.25531061499201413,0.7605087652824829,9.920355079034865,-2.6745625427062305,3.395428438131726,-0.6513934504352685,0.2461961545884201,0.809447267279844,9.833546953752542,1164,0,0,0.1282,0,0.0413
0.11990791913458834,-0.16536643279505037,10.028761457270049,0.4485327301016194,-1.7491062094527619,-3.9757935944149674,0.1451196915941298,-0.13891709730188864,10.069297807223078,1165,0,0,0.1537,0,0.0213
-0.3172991128782286,-0.4179948547492115,9.550551520284486,1.0691352007860941,-3.2585587015775994,-0.37910050541109164,-0.29987229287364103,-0.45059274986288883,9.579918791043017,1166,0,0,0.1537,0,0.0313
0.1041185568929134,-0.06886353171075853,9.935543315068145,8.824115017397526,-1.1163655853305305,1.5318264021250911,0.05012585129861141,-0.03573182410944797,10.003288606492424,1167,0,0,0.1205,0,0.0213
0.318672859733716,0.12144849726207144,9.986793044099922,1.7918880405082855,-3.3422690288873804,-0.18379831167864336,0.2558237081955958,0.08547290127597748,10.006870783380485,1168,0,0,0.1537,0,0.0313
0.1083162869721169,0.4688105684846604,9.834983666736779,3.587121086382424,-0.032291757648970444,0.7980639911710078,0.13030765786731435,0.4656699341927438,9.864526718892625,1169,0,0,0.1537,0,0.0313
-0.329306927615442,-0.4527595759485856,9.90468533382156,-0.6044505865985167,-1.1568942437102854,1.8299921006757782,-0.33271463006037827,-0.49713823547702835,9.89385784870887,1170,0,0,0.1537,0,0.0005
-0.5647531098870544,-0.47967749644461316,9.896592161744795,3.7279802689773827,1.1250233506677163,0.7928673827127711,-0.6271593703707209,-0.48527042644752644,9.874793099394537,1171,0,0,0.1537,0,0.0102
0.22276048543277116,0.31616213969790474,9.698773792106879,0.8442665685262056,1.3381937530555386,1.3247417921523912,0.20433430852184667,0.30196460503728323,9.662290757920553,1172,0,0,0.1537,0,0.0102
0.009756565166480456,0.3231996721792904,9.746216018974973,-2.541006930658476,0.5126591024702569,-2.250635597904702,-0.029029306348857968,0.25724870803088096,9.737430787208488,1173,0,0,0.1537,0,0.0039
-0.5475175711266141,0.28641063898821234,9.969667745451956,4.189638348063539,-0.9953607752592737,-0.5944130018062326,-0.5699073888593899,0.32912187931580933,9.885083461808135,1174,0,0,0.1537,0,0.0039
0.4039285048304426,-0.22409975619532319,9.532749014416884,-0.5133794152309443,2.6966003547117814,2.0710773646087244,0.3905715660783112,-0.2916091431190878,9.434241671277762,1175,0,0,0.153,0,0.0039
0.41116684170250695,-0.0497138001819451,9.691467793405424,2.2534174606558,1.6991251359949078,1.1062858791736316,0.43120333780886516,-0.058630281188664715,9.752968446245749,1176,0,0,0.1537,0,0.0042
0.27393958970686294,-0.23254193550363622,9.761815632109172,-1.3939805979007585,7.153123810510152,-5.299404651054261,0.3342069162882679,-0.22426637108417824,9.793275783751959,1177,0,0,0.1499,0,0.0187
0.04590422463177135,0.5651872930315384,10.029716773861306,-0.3808984735542554,1.7469654123264662,0.7841379969814208,0.02849679744091516,0.5963963955190362,10.078748466794506,1178,0,0,0.1532,0,0.0005
0.13657498149295128,0.40217578848763563,10.037302640056161,-1.613162022364366,4.109018311973509,0.1742101643853687,0.10106076805897382,0.3456856714902096,10.038949533627962,1179,0,0,0.1537,0,0.0005
0.16772325912967145,0.5607243328785592,9.857437943404005,-0.03882311260351566,-1.1702958303762552,0.9319603688497773,0.17248270917844782,0.5501812423891246,9.856064836346752,1180,0,0,0.1536,0,0.0005
0.36392521240512854,0.020113297402161313,9.989027674740953,-0.32875535647331555,0.042801782248089906,3.737168590665701,0.4247505374286619,0.06922107063679325,10.051375051312402,1181,0,0,0.1537,0,0.0011
0.3592472366263365,-0.48939380268611365,9.768435728779513,1.062841687099422,1.7600386154518934,1.2977557416745307,0.3208369404330015,-0.4949699992368861,9.787350064357499,1182,0,0,0.1537,0,0.0111
-0.3052615675303136,0.2542860987059314,9.758369039747537,-1.3447524135570899,-0.9863006945822455,3.600584779729133,-0.24498710117936345,0.2161691327427202,9.771303841991605,1183,0,0,0.1537,0,0.0283
0.02101988060533477,-0.14235977769163766,9.445189844705936,-1.5376354427889511,-1.995497634417267,0.08123671928454065,0.12326581840662552,-0.09265194737308358,9.503481047016647,1184,0,0,0.1537,0,0.044
0.4442014098340016,-0.3129601416225124,9.624745024371823,1.8631179182227164,-4.429489691471654,-0.20960124940403907,0.39142549919726843,-0.3396312911036789,9.560462482476655,1185,0,0,0.1537,0,0.0412
-0.9292248056984731,-0.3013080862725312,10.077297557980486,-3.547011850910031,2.3442312852404097,7.629931950566988,-0.9877431547897275,-0.31614705041041974,10.105654212506138,1186,0,0,0.1299,0,0.0661
0.1907913959145487,0.025215941118807747,9.868040381993836,-4.1652975391221005,5.077516282164189,-1.8727284942250904,0.20436600437430358,0.0024151372180960147,9.825859792920747,1187,0,0,0.1537,0,0.0668
-0.11536329255950957,-0.3252325510141936,9.866810219529198,6.54798809034121,3.4756401123868197,2.1459776450325947,-0.1327642950900329,-0.4222281754813755,9.876816140273935,1188,0,0,0.1529,0,0.0568
-0.3608978154474685,-0.21999066801218334,10.20037086659486,-4.931841889415556,-1.8340437540013084,4.307740237525188,-0.3588354269988318,-0.23105143600029857,10.292610509654136,1189,0,0,0.1473,0,0.0111
0.2820186503266219,0.21733648069128358,9.883306217111334,0.7020734597844875,-4.406128939610643,-2.345729684766403,0.3387049420459792,0.17466582463173522,9.886644566009423,1190,0,0,0.1537,0,0.019
-0.009866723869166568,-0.3789226161094568,9.942589974977862,1.6736438063232744,1.236338111032418,4.061430384234385,-0.02467881210922422,-0.4210263625192861,9.935544856397039,1191,0,0,0.1537,0,0.0007
0.6707260773108511,-0.5118057735230955,10.014710012176954,-4.066203593904394,-0.10462206811550251,2.326932417276132,0.6792858446379106,-0.5996583755297944,9.988949749420438,1192,0,0,0.1544,0,0.01
-0.16666510233633436,0.5624945170105958,9.856589827551122,1.1476768589119208,2.3185119142800894,-0.5580997190804662,-0.17025923755800668,0.49847179825709304,9.892223280783703,1193,0,0,0.1536,0,0.0103
0.1489938246700409,0.1398274261504136,9.572343481245444,2.117782335292586,-1.263130840076568,-0.44959158745098493,0.14079501480640683,0.20258758673265304,9.653878643035371,1194,0,0,0.1537,0,0.0003
-0.19581594958262397,-0.08167966635618082,10.104690000630603,0.2586395484522226,-5.044278200463415,-1.3947768869442996,-0.23942297924602507,-0.10533455695271918,10.182146335201882,1195,0,0,0.1533,0,0.0103
-0.27797132244232725,0.11332775091399766,9.848199869984956,0.23751116058809194,3.5573694819157886,-2.7615337627917764,-0.286208454174971,0.10977955353369316,9.924873291987979,1196,0,0,0.1537,0,0.0003
0.14948020308208324,-0.25848215477338593,9.53821249751848,-2.7543299436566215,-1.0453266169699509,3.963189173950561,0.20662606346148923,-0.2679622788146351,9.472440904129538,1197,0,0,0.1537,0,0.001
0.4540118199550327,-0.3442590019828017,10.046979327933315,-0.3563963327860903,-1.050003260119262,-0.06825637278179078,0.4971710681942797,-0.3274591497311641,10.030064741392222,1198,0,0,0.1537,0,0.011
0.2073210110392725,0.058006486566695104,9.841607292597947,-3.405376618970467,1.2634046036393252,-2.75741855598571,0.24106645987905362,0.11226547047902005,9.944499639275724,1199,0,0,0.1537,0,0.0116
-0.5181073491421837,-0.6592811876998624,9.67993244100556,-0.21738196764625511,-7.490894203432863,4.793630461350734,-0.5033283561461159,-0.5246600152845311,9.718195186710142,1200,0,0,0.1509,0,0.0003
0.2851253199963465,0.40851797156519976,10.207601642512248,-4.91184993930146,7.252493456096767,-3.238246200676084,0.28519639746544384,0.4451102650422344,10.161283183134104,1201,0,0,0.1572,0,0.0122
-0.5229830187462281,-0.1138668404259235,9.851258814886092,-3.64397898424338,1.8919946400513805,-0.09869559604697459,-0.5707710672125615,-0.16143152924201265,9.903675015852027,1202,0,0,0.1537,0,0.0122
-0.06963508325309814,-0.16493709949018334,9.960344225053923,0.47114237858163344,3.1163876392166476,-0.24456844584894039,-0.07519093381705794,-0.1263981576817878,9.960272195087935,1203,0,0,0.1537,0,0.0419
0.04272383955860779,-0.22681889404962094,9.888386649759843,0.8424767645594939,2.5266684977006086,0.6301108957917378,0.04758286448829842,-0.30382505761375683,9.913623439841615,1204,0,0,0.1537,0,0.0216
-0.1209438666063086,0.2475455033933615,9.841006927294172,3.533703657852034,1.6348597638326199,2.156964150447174,-0.10094460853632899,0.2610399775694408,9.80158576109315,1205,0,0,0.1537,0,0.0316
-0.062308183957953886,-0.24290442470853513,9.724772000196802,0.510763395907974,-6.370052802456254,1.4424912542172654,-0.036735653250223724,-0.2750243109589785,9.69518840369951,1206,0,0,0.1537,0,0.0216
-0.512139115785442,0.0480465521777104,9.393272066574731,-1.3876372291465437,-2.457124290549356,-1.3346466939898787,-0.5036172996849163,0.04829948144638176,9.387640968965368,1207,0,0,0.1499,0,0.0216
-0.3726620888800182,-0.0520503443489823,9.77274237661037,-3.064301076110289,3.875426583784182,1.640205388174636,-0.34304193134725924,-0.02913656374753638,9.833890862416885,1208,0,0,0.1537,0,0.0416
0.17992866651700565,0.10030742957315718,9.934446922473823,1.6872641050803598,-2.2388273532576144,-0.7873898581337128,0.1346997663246014,0.012276825622422202,9.953081425662447,1209,0,0,0.1537,0,0.0126
0.13673459074553188,0.45978700231322295,9.545414648919492,-2.445004424166743,5.100279013236644,-2.167693258882302,0.1551480639475219,0.4709121747323044,9.493211191528246,1210,0,0,0.1537,0,0.0118
0.21509618055304605,-0.3976352603804592,9.992384677300933,1.8027342411960665,0.8924844136632009,-3.065961329113935,0.20044945729119887,-0.47613252427279096,9.96425956177419,1211,0,0,0.1537,0,0.0119
0.051624348820011726,0.5312490515743733,10.031931236226063,-3.9870542310666695,0.21129558029824555,3.00608351408795,0.0435885193756148,0.556967811558737,10.024249793999237,1212,0,0,0.1536,0,0.0126
-0.23172451883392,0.1333193447955256,9.855031531031946,-1.6381877866502128,4.483229258934303,3.0328487742921895,-0.11499088351765249,0.08799204312416722,9.767089331468101,1213,0,0,0.1537,0,0.0126
-0.09454711438351393,0.01957730006768893,9.891488904787899,-1.1111280326569464,-4.411988507305153,5.620560817238444,-0.09454711438351393,0.01957730006768893,9.891488904787899,1214,2,0,0.1537,0,0.0126
-0.19271792103180332,-0.050278273941649486,9.599048809615113,2.114791223937637,-1.7491763507452347,-2.9278661660718064,-0.19271792103180332,-0.050278273941649486,9.599048809615113,1215,2,0,0.1537,0,0.0126
-0.11290783960266869,0.6228209551146082,10.020471453241834,4.949236739793372,-3.377626023299433,3.6551344092638067,-0.11290783960266869,0.6228209551146082,10.020471453241834,1216,2,0,0.1532,0,0.0123
0.05483779323573499,0.3763468650837341,9.510970038220218,-2.03650649454244,-5.798945184787774,4.528664294215962,0.05483779323573499,0.3763468650837341,9.510970038220218,1217,2,0,0.1537,0,0.0032
-0.09440132167891381,-0.32617038532614,9.550339896791625,-5.205873106725294,-1.5221125785720508,-1.6946009143935135,-0.09440132167891381,-0.32617038532614,9.550339896791625,1218,2,0,0.1537,0,0.0023
0.07228610492534861,-0.14452047815312008,9.50669029488989,1.8582330480832525,0.2849223903042114,-0.8777683096937698,0.07228610492534861,-0.14452047815312008,9.50669029488989,1219,2,0,0.1537,0,0.0023
-0.1700024333904442,0.01976527748951293,9.977181316311995,2.8478525606155034,2.4704306299425483,1.3368185560946044,-0.1700024333904442,0.01976527748951293,9.977181316311995,1220,2,0,0.1537,0,0.0023
0.24422082633016454,0.24913386740928214,9.57573325694575,1.4470019102514482,3.661632923129284,-2.2905612717941084,0.24422082633016454,0.24913386740928214,9.57573325694575,1221,2,0,0.1537,0,0.0023
-0.013166538574974908,0.01065462841958839,9.72095028478834,2.4458387189416078,1.4147138210959873,-1.7372220199255515,-0.013166538574974908,0.01065462841958839,9.72095028478834,1222,2,0,0.1537,0,0.0019
0.5515300964116027,-0.3045876938281897,9.788830957045523,0.5896974869446687,2.3571895663825293,4.1637194563117,0.5515300964116027,-0.3045876938281897,9.788830957045523,1223,2,0,0.1536,0,0.0007
0.1447550221017384,0.3133083545764464,9.978327888533622,-0.16669657970516302,-0.19530397174895944,1.8474036510314682,0.1447550221017384,0.3133083545764464,9.978327888533622,1224,2,0,0.1537,0,0.0023
0.5604155665375748,-0.0704117375207726,9.931519925821057,2.322348972649778,1.0532723716116008,2.451560772098654,0.5604155665375748,-0.0704117375207726,9.931519925821057,1225,2,0,0.1536,0,0.0023
0.1858504730245844,0.12771547423267945,9.883939399086922,-2.4984166989998817,-2.780637669492225,2.467103063978683,0.1858504730245844,0.12771547423267945,9.883939399086922,1226,2,0,0.1537,0,0.001
0.14259252531151706,0.06650237021207585,10.053226436775848,3.78438961072314,-1.0805671008386948,-0.05730176732938294,0.14259252531151706,0.06650237021207585,10.053226436775848,1227,2,0,0.1537,0,0.0035
0.015617434174672994,0.09862623924554738,9.629201321697893,3.966112123582428,6.07293159865618,3.6412402610317405,0.015617434174672994,0.09862623924554738,9.629201321697893,1228,2,0,0.1537,0,0.0007
0.06399501547555103,0.3107294804516181,9.834752279587123,-3.2565970432259226,-1.6912900213175321,0.9993836581712128,0.06399501547555103,0.3107294804516181,9.834752279587123,1229,2,0,0.1537,0,0.0007
0.0005796896305579015,0.2309353493974621,9.750060814925055,-1.1743948494483658,1.4265979083531979,4.231303064143839,0.0005796896305579015,0.2309353493974621,9.750060814925055,1230,2,0,0.1537,0,0.0007
-0.046987425262575606,0.4938956993269203,9.866471153206964,-1.6582959573910632,3.8458160592618404,1.271086682941814,-0.046987425262575606,0.4938956993269203,9.866471153206964,1231,2,0,0.1537,0,0.0109
0.3860094102598691,0.18341877996210318,9.74790256631174,3.3461789230162116,-0.058911517479075574,-0.1754016817897338,0.3860094102598691,0.18341877996210318,9.74790256631174,1232,2,0,0.1537,0,0.0009
-0.19411998865130356,0.021182177040603163,9.738430575107358,-5.247961929630222,-0.6048320298253627,4.405205599567326,-0.19411998865130356,0.021182177040603163,9.738430575107358,1233,2,0,0.1537,0,0.0008
0.37949351807623205,-0.17266000668324283,10.008235689622254,-3.306930625593461,-1.1113352280431739,-4.394353160970212,0.37949351807623205,-0.17266000668324283,10.008235689622254,1234,2,0,0.1537,0,0.0002
0.014080957371667398,-0.05943550370793061,9.92162411104447,-5.178694780363537,0.10553735751134219,2.703332812326257,0.014080957371667398,-0.05943550370793061,9.92162411104447,1235,2,0,0.1537,0,0.0002
0.09899399983037195,-0.06180054132670563,9.791660781574976,5.351736119763473,0.6728895754326394,-1.185629846349427,0.09899399983037195,-0.06180054132670563,9.791660781574976,1236,2,0,0.1537,0,0.0015
0.09220837216613798,-0.368021668733966,9.830760784250604,5.982358080134826,3.363592217346714,-2.2632933254547547,0.09220837216613798,-0.368021668733966,9.830760784250604,1237,2,0,0.1537,0,0.0015
-0.23153142867473844,-0.46478767997948356,9.789738835639197,-3.992311432349409,-0.8085304044166988,3.876603543108251,-0.23153142867473844,-0.46478767997948356,9.789738835639197,1238,2,0,0.1537,0,0.0015
-0.06526491661292738,-0.022290377331489506,9.800201616033942,1.1954780162927827,0.4386883189931473,-3.6719999728075834,-0.06526491661292738,-0.022290377331489506,9.800201616033942,1239,2,0,0.1537,0,0.0139
-0.08615523693914852,0.09656085521350725,9.653681398857133,0.7309559217204077,0.4919063490625154,4.530815945353557,-0.08615523693914852,0.09656085521350725,9.653681398857133,1240,2,0,0.1537,0,0.0039
0.6096597788290763,-0.39108335184297055,9.823029589298272,1.2016422125678599,0.9478412428521956,2.897926841275864,0.6096597788290763,-0.39108335184297055,9.823029589298272,1241,2,0,0.1552,0,0.0039
-0.06272846299399897,-0.444570139448391,9.72629656167943,-3.6897196600934814,3.318103893873087,2.2267813307418733,-0.06272846299399897,-0.444570139448391,9.72629656167943,1242,2,0,0.1537,0,0.0139
0.2577671555635659,-0.2841376473424867,9.991171300339879,-0.691001701257699,4.781032721779994,-3.6987159678053443,0.2577671555635659,-0.2841376473424867,9.991171300339879,1243,2,0,0.1537,0,0.0133
-0.03538535753578018,-0.13514907950115326,9.696204004139034,0.6263595499049006,0.24381846180464709,3.187170046243269,-0.03538535753578018,-0.13514907950115326,9.696204004139034,1244,2,0,0.1537,0,0.0133
-0.5152645083816636,-0.4106157083171341,9.832340011410242,2.046155237898992,2.4157386924632123,-0.26712455581399486,-0.5152645083816636,-0.4106157083171341,9.832340011410242,1245,2,0,0.1537,0,0.0133
-0.09603022268273677,0.08110974484608742,9.653807585748392,-2.0047627810445623,-4.18891303973945,3.325563161078513,-0.09603022268273677,0.08110974484608742,9.653807585748392,1246,2,0,0.1537,0,0.0351
-0.43339745998110096,-0.0230504645212186,9.623999312398851,-0.4844261453302476,-1.3581886884149763,3.193281546416512,-0.43339745998110096,-0.0230504645212186,9.623999312398851,1247,2,0,0.1537,0,0.0451
-0.02594288770550424,-0.3544260066646617,10.096399800636156,1.0070526680325373,-0.2527951060948827,0.3122926920129266,-0.02594288770550424,-0.3544260066646617,10.096399800636156,1248,2,0,0.1537,0,0.0339
-0.3068120430839721,-0.5142147922543909,9.920432942535875,-1.3570495218675533,0.0689890348747519,0.3001127990374627,-0.3068120430839721,-0.5142147922543909,9.920432942535875,1249,2,0,0.1537,0,0.0339
-0.3381834554368164,-0.47541673253766414,9.857381452853543,0.6590610597120535,-0.997002480990698,0.6661781030907634,-0.3381834554368164,-0.47541673253766414,9.857381452853543,1250,2,0,0.1537,0,0.0333
0.1640973845774961,0.22205071708124458,9.689027024277552,-3.6756215352514077,0.04979852714873076,1.6776167605937689,0.1640973845774961,0.22205071708124458,9.689027024277552,1251,2,0,0.1537,0,0.3167
0.007988150651567893,0.12482465446454752,9.947225172410763,1.525813638230594,1.2530716015214307,-0.9847749520553912,0.007988150651567893,0.12482465446454752,9.947225172410763,1252,2,0,0.1537,0,0.2867
0.5743143827913478,0.530600272537046,10.024857778817431,1.2062556917399536,-5.588163306093909,0.5327794128483261,0.5743143827913478,0.530600272537046,10.024857778817431,1253,2,0,0.1535,0,0.2983
0.21221337320194744,-0.20677839126035746,9.814722439243823,3.197058096139271,1.867520181619441,-3.521842500568397,0.21221337320194744,-0.20677839126035746,9.814722439243823,1254,2,0,0.1537,0,0.2684
0.1505573689186839,0.325209605977002,9.456835347489267,-3.9385313935992077,0.9924641359787334,-6.254730956131919,0.1505573689186839,0.325209605977002,9.456835347489267,1255,2,0,0.1537,0,0.2672
-0.07471494679143609,0.17887385308175777,9.78863376363947,0.4216900517682588,-2.443484102664988,-6.216977144190767,-0.07471494679143609,0.17887385308175777,9.78863376363947,1256,2,0,0.1537,0,0.2572
-0.07163746438076811,0.14535079821513888,9.925909523306654,-0.8310532129658366,0.7655058768876322,1.059531554448709,-0.07163746438076811,0.14535079821513888,9.925909523306654,1257,2,0,0.1537,0,0.2667
0.32460770721313503,0.09375189865930061,9.717345477984177,1.3668226047299927,2.5184396734079977,-4.015946870670254,0.32460770721313503,0.09375189865930061,9.717345477984177,1258,2,0,0.1537,0,0.2667
-0.41223025745544206,-0.2774773110203093,9.786784221397962,-1.7281028448943192,3.938818992993524,8.302897067798256,-0.41223025745544206,-0.2774773110203093,9.786784221397962,1259,2,0,0.1484,0,0.2265
0.015537916580400431,-0.2436402165197339,9.748429236259739,5.450346463213142,0.6677646917365249,-4.235142892080603,0.015537916580400431,-0.2436402165197339,9.748429236259739,1260,2,0,0.1537,0,0.2266
-0.044104375339251996,-0.31773468882257616,9.994393356642862,-1.7848689009707592,-1.5603748267962647,-3.010019983540639,-0.044104375339251996,-0.31773468882257616,9.994393356642862,1261,2,0,0.1537,0,0.2229
-0.35573353841734023,-0.2696408102362061,9.844577312996961,0.7931618958817177,2.3101040467822784,-4.570422064491382,-0.35573353841734023,-0.2696408102362061,9.844577312996961,1262,2,0,0.1537,0,0.2444
-0.05035899413028672,0.06364002440596045,10.003090266466291,-0.7105756893572204,-2.995461906055989,-0.884023741874426,-0.05035899413028672,0.06364002440596045,10.003090266466291,1263,2,0,0.1537,0,0.2567
-0.26974170736157,-0.13340102607111348,9.95713659807019,-1.0004361717099182,-0.6921764504995704,-2.926937685204546,-0.26974170736157,-0.13340102607111348,9.95713659807019,1264,2,0,0.1537,0,0.2667
0.1481559806541411,0.09902781189665313,9.49495737155105,-6.797913134234669,-3.5655290603211487,-0.9837447127196334,0.1481559806541411,0.09902781189665313,9.49495737155105,1265,2,0,0.1537,0,0.258
-0.2241391430727044,0.436044310324244,10.246776894141453,-0.1539707880750326,-3.062467080482318,3.0228302066401964,-0.2241391430727044,0.436044310324244,10.246776894141453,1266,2,0,0.1527,0,0.2563
0.08528343485718849,0.10558085332555749,9.699965230245015,-0.42139857772684597,-0.604790238636876,-4.231492150611839,0.08528343485718849,0.10558085332555749,9.699965230245015,1267,2,0,0.1537,0,0.2716
-0.18063379428037643,-0.5982623731621834,10.089029521824575,-1.2100479778965,1.8415321254692685,-3.7735934333068935,-0.18063379428037643,-0.5982623731621834,10.089029521824575,1268,2,0,0.1537,0,0.2718
0.018661904439139336,0.10481535026691845,9.51035295474364,-0.06670804845172344,-1.3559339563747144,0.32323493117872004,0.018661904439139336,0.10481535026691845,9.51035295474364,1269,2,0,0.1537,0,0.2818
0.11427308694249827,0.03013640084225127,9.757649381517172,5.189086688455485,1.4117422808878701,2.3155228907569603,0.11427308694249827,0.03013640084225127,9.757649381517172,1270,2,0,0.1537,0,0.2817
-0.2861790907369529,0.44124159399161184,10.204521619707851,-0.6286464765345882,-10.777628520156288,1.534870607090908,-0.2861790907369529,0.44124159399161184,10.204521619707851,1271,2,0,0.1373,0,0.2324
-0.4921263524134394,0.41526127477808467,9.889134888635216,0.30499792580524343,-4.100500559217435,2.5716575928668033,-0.4921263524134394,0.41526127477808467,9.889134888635216,1272,2,0,0.1537,0,0.2434
0.009721353558631015,-0.18170745617039616,9.815839603225182,-6.785123020705495,1.8837719144853837,-2.012977077351489,0.009721353558631015,-0.18170745617039616,9.815839603225182,1273,2,0,0.1537,0,0.2429
0.21737128765743918,0.09454112635422124,10.248522690375351,-1.5404252257722257,-0.5179327842076531,-2.0596833621707433,0.21737128765743918,0.09454112635422124,10.248522690375351,1274,2,0,0.1527,0,0.2529
0.18579887888667232,-0.397445229694468,10.004274119860565,-2.3308128657353837,1.2694096008171538,1.2019690366329336,0.18579887888667232,-0.397445229694468,10.004274119860565,1275,2,0,0.1537,0,0.2431
0.33188006709204393,0.1875423676255554,9.560254033748713,-3.0872925080731344,2.6190995621022157,-0.4140214777950382,0.33188006709204393,0.1875423676255554,9.560254033748713,1276,2,0,0.1537,0,0.2628
-0.3433895890929543,0.013376784894498717,10.036371192911192,-0.1071488756979975,1.7105317981452037,4.678963133340342,-0.3433895890929543,0.013376784894498717,10.036371192911192,1277,2,0,0.1537,0,0.2331
0.03401688525099697,-0.23396006325888452,9.785024471980048,2.706963921624076,-1.154808734570595,3.3595284802287813,0.03401688525099697,-0.23396006325888452,9.785024471980048,1278,2,0,0.1537,0,0.2335
0.05737966423200618,-0.03760170670459086,9.6263310910992,-1.7896499506772832,-0.062499117001114546,7.197573555594966,0.05737966423200618,-0.03760170670459086,9.6263310910992,1279,2,0,0.1531,0,0.2429
0.1942410735993921,0.21166805669413466,9.788979296307557,-0.8454878931673317,-2.5763913337104047,4.406503667484651,0.1942410735993921,0.21166805669413466,9.788979296307557,1280,2,0,0.1537,0,0.2329
-0.0005987698240676493,0.32455165933504776,10.027577471444005,-2.721823123696145,-1.4213878061758782,1.2141218884774168,-0.0005987698240676493,0.32455165933504776,10.027577471444005,1281,2,0,0.1537,0,0.2529
0.1353216745978222,-0.08205897173955293,9.804498384836425,1.1928470454221196,1.8526661498905796,-0.628057222666365,0.1353216745978222,-0.08205897173955293,9.804498384836425,1282,2,0,0.1537,0,0.2629
-0.25419145524424386,-0.10639679103902802,9.560726725916375,-3.218379677719029,-3.1180514218402786,-1.9618264025441574,-0.25419145524424386,-0.10639679103902802,9.560726725916375,1283,2,0,0.1537,0,0.2729
0.10501443873945573,0.32244614716160624,9.953851706019174,0.22528755285192584,-2.982704568782285,2.53499640819653,0.10501443873945573,0.32244614716160624,9.953851706019174,1284,2,0,0.1537,0,0.2235
0.15894513928718862,-0.36627089606946345,9.68161648862528,-0.35538597612259,4.003149311803129,0.7026980164652066,0.15894513928718862,-0.36627089606946345,9.68161648862528,1285,2,0,0.1537,0,0.2335
-0.09834850554122436,-0.17764468115277185,9.484474922945198,2.267061885766589,-0.5787498619596039,2.849541024792598,-0.09834850554122436,-0.17764468115277185,9.484474922945198,1286,2,0,0.1537,0,0.2335
-0.11215230476437472,0.33111696883806163,10.105035386974075,4.878523297340928,-2.0146819226541672,-5.218263413910597,-0.11215230476437472,0.33111696883806163,10.105035386974075,1287,2,0,0.1537,0,0.2629
0.2699295946315926,0.1453617838750179,9.567387780284841,3.084834239078026,6.916525142652802,3.6383836935885725,0.2699295946315926,0.1453617838750179,9.567387780284841,1288,2,0,0.1514,0,0.2883
0.5640810796945883,0.07577349357020384,9.790146694083276,5.381988111215991,-3.439711634562056,3.500342045997389,0.5640810796945883,0.07577349357020384,9.790146694083276,1289,2,0,0.1536,0,0.2524
-0.18704443719841704,-0.046640835275214544,10.081816750483817,-0.07669989808548378,6.136041794427879,-4.814310102727154,-0.18704443719841704,-0.046640835275214544,10.081816750483817,1290,2,0,0.1537,0,0.2524
0.39400727099164234,0.026444847462437533,9.616473303511805,-4.691729382647701,-6.45673793817819,-2.951329729789631,0.39400727099164234,0.026444847462437533,9.616473303511805,1291,2,0,0.1537,0,0.2929
0.12978303923230378,-0.653310218492012,10.033675370801493,-3.0617856322906727,1.830339680016243,3.8574076759036395,0.12978303923230378,-0.653310218492012,10.033675370801493,1292,2,0,0.1534,0,0.2929
-0.23419820869933092,0.03850390535716842,9.849037221575594,-1.2593782701982164,0.05570129166933729,4.873444851744369,-0.23419820869933092,0.03850390535716842,9.849037221575594,1293,2,0,0.1537,0,0.242
-0.055405178457061104,-0.00409470046975002,10.210482237150146,0.4868839062228719,-2.904525575992417,0.08145530709470783,-0.055405178457061104,-0.00409470046975002,10.210482237150146,1294,2,0,0.1526,0,0.2636
0.0065996955609422215,0.06762618184577882,9.89319141199015,6.50152078685163,-0.43036498229046594,1.9687445976070221,0.0065996955609422215,0.06762618184577882,9.89319141199015,1295,2,0,0.1529,0,0.2835
0.4471506263413132,-0.024374400134140908,10.182671640934977,-0.2033044388183387,1.5887672713819432,1.9513653488139915,0.4471506263413132,-0.024374400134140908,10.182671640934977,1296,2,0,0.1533,0,0.2614
-0.09026236464301846,-0.47555030146492877,9.622214361801577,0.6428681864040783,-3.387931227078078,-4.667672025170944,-0.09026236464301846,-0.47555030146492877,9.622214361801577,1297,2,0,0.1537,0,0.3029
-0.23365844159519947,-0.14396366040977326,9.814474173093709,-1.33885102535958,0.038499927574214644,-1.409802946399455,-0.23365844159519947,-0.14396366040977326,9.814474173093709,1298,2,0,0.1537,0,0.3029
-0.1518688561940433,-0.13040737859715787,9.586892172674364,-3.962600505624585,-0.995011068890568,-3.7686685687016466,-0.1518688561940433,-0.13040737859715787,9.586892172674364,1299,2,0,0.1537,0,0.323
-0.5982571396733628,0.12076609313877623,9.331846127960572,1.2398916238230613,-1.1677706399430825,0.5583976719849992,-0.5982571396733628,0.12076609313877623,9.331846127960572,1300,2,0,0.1459,0,0.313
0.11613700797362951,-0.19788800745190419,9.809822487977067,4.911833208149963,0.5416699853770321,-1.409954122829369,0.11613700797362951,-0.19788800745190419,9.809822487977067,1301,2,0,0.1537,0,0.333
0.04704794345567389,-0.9510624618896634,9.971539833875852,-6.465344340905496,-0.7808105784249824,-1.307298494848639,0.04704794345567389,-0.9510624618896634,9.971539833875852,1302,2,0,0.083,0,0.3215
-0.5383191842143208,0.6072749955802182,9.606165071224648,-2.0303590223202344,-3.6125717061218348,1.3217926172643177,-0.5383191842143208,0.6072749955802182,9.606165071224648,1303,2,0,0.1532,0,0.2754
-0.1958439788712448,-0.10715801260779355,10.079510339210472,-0.21134010730624925,2.1425634316365842,0.9022928741290099,-0.1958439788712448,-0.10715801260779355,10.079510339210472,1304,2,0,0.1537,0,0.2474
-0.3662188940008183,-0.22250111715361423,9.987702900355389,2.5088410436969872,2.052798939730091,4.069928848055868,-0.3662188940008183,-0.22250111715361423,9.987702900355389,1305,2,0,0.1537,0,0.2351
0.33661879324828364,-0.1887789283420339,10.004325566577624,-0.5450179450308716,3.8269271332932613,2.3657408473702133,0.33661879324828364,-0.1887789283420339,10.004325566577624,1306,2,0,0.1537,0,0.2434
-0.06359319972699502,-0.15471577165160502,9.921772944421132,-3.4726905249429176,-0.7759051286148297,0.010917091872822022,-0.06359319972699502,-0.15471577165160502,9.921772944421132,1307,2,0,0.1537,0,0.2481
0.16376913942870566,0.44348782628494704,9.53117413041821,-1.0937539883385203,0.37880324931872966,-5.037092051466807,0.16376913942870566,0.44348782628494704,9.53117413041821,1308,2,0,0.1537,0,0.2281
-0.17726140708996488,-0.0610087963132682,9.905460210801582,-4.401373048174507,-1.5595697786542948,-1.2172868540576893,-0.17726140708996488,-0.0610087963132682,9.905460210801582,1309,2,0,0.1537,0,0.2389
0.06397829912288149,0.13156198027136448,9.64889392921632,0.08601554664681307,2.6754210805016547,-0.39159396481921205,0.06397829912288149,0.13156198027136448,9.64889392921632,1310,2,0,0.1537,0,0.2233
0.4622957748129348,-0.2748864635262555,9.954959352585847,-0.08497433422296377,-3.477487544853539,-1.1866508188058638,0.4622957748129348,-0.2748864635262555,9.954959352585847,1311,2,0,0.1537,0,0.2131
0.12109592038505505,-0.17372338447539068,9.659543023894038,-1.1459867518832472,-4.042040361330919,1.3345143114730407,0.12109592038505505,-0.17372338447539068,9.659543023894038,1312,2,0,0.1537,0,0.203
0.4249403346397763,-0.32849286680170914,9.940525398521206,3.9372868271162087,7.882453225235481,1.935284311996285,0.4249403346397763,-0.32849286680170914,9.940525398521206,1313,2,0,0.1448,0,0.2381
0.3610896062796159,0.1506349101035944,9.878842850650779,-6.78492773502888,3.9763201942570583,4.455552243245538,0.3610896062796159,0.1506349101035944,9.878842850650779,1314,2,0,0.1537,0,0.2647
-0.26447764243280475,0.38461579686539343,9.823945783115654,0.9870907890782867,-4.87047021877218,-2.889771186400573,-0.26447764243280475,0.38461579686539343,9.823945783115654,1315,2,0,0.1537,0,0.2666
-0.12246920806523878,0.17602695816283923,9.960783749069765,0.8702958695597149,2.306634590915286,0.8115557125836333,-0.12246920806523878,0.17602695816283923,9.960783749069765,1316,2,0,0.1537,0,0.2847
0.21090514440246508,0.2567958761015231,9.59001658403237,2.6422281546774165,-1.427868904383126,3.309996939654188,0.21090514440246508,0.2567958761015231,9.59001658403237,1317,2,0,0.1537,0,0.2847
-0.07259516757284169,-0.029613647024872333,9.972122820276914,1.1257515566795857,1.7380562740034815,2.1418024264376503,-0.07259516757284169,-0.029613647024872333,9.972122820276914,1318,2,0,0.1537,0,0.2647
0.2363874596002774,-0.061089496795777715,9.858027939670015,-1.5871989826944621,0.6977007278745286,-3.640853958355685,0.2363874596002774,-0.061089496795777715,9.858027939670015,1319,2,0,0.1537,0,0.2581
-0.4936045570347769,0.5329271234691036,9.70860368628016,-1.5844584953249097,-0.14867522258861451,2.0318075068511003,-0.4936045570347769,0.5329271234691036,9.70860368628016,1320,2,0,0.1536,0,0.2781
0.03992572118087102,0.22451321859555845,9.947774728771906,0.5895181410901429,3.518873627393902,-1.9707942075174532,0.03992572118087102,0.22451321859555845,9.947774728771906,1321,2,0,0.1537,0,0.2723
0.22588655223723664,0.09685682265258605,9.93611164133577,1.8952861780648553,-2.4601093368301283,0.2713540772164665,0.22588655223723664,0.09685682265258605,9.93611164133577,1322,2,0,0.1537,0,0.2623
-0.6383741596047896,0.032825169796704315,9.964112720220866,-3.950713145988755,-3.180833056095663,2.113690775969993,-0.6383741596047896,0.032825169796704315,9.964112720220866,1323,2,0,0.1538,0,0.2458
0.0009142227682869746,0.17733507691271463,9.847919873174593,2.432414165917802,-0.8823627088293398,-3.890713794241127,0.0009142227682869746,0.17733507691271463,9.847919873174593,1324,2,0,0.1537,0,0.2697
0.04073497910959784,0.8890093034857925,10.026562395038988,-3.309148871794458,3.725697573429782,-3.3031775937349512,0.04073497910959784,0.8890093034857925,10.026562395038988,1325,2,0,0.0932,0,0.2974
0.35980529285603424,0.06499090298551113,9.676117115432428,-6.336314812629762,3.3668584070765655,-1.7386636131301398,0.35980529285603424,0.06499090298551113,9.676117115432428,1326,2,0,0.1537,0,0.2737
-0.06565499093069195,0.19177171492133277,9.50887746346388,2.357169663938487,-7.752814296443871,-6.582370687208422,-0.06565499093069195,0.19177171492133277,9.50887746346388,1327,2,0,0.1494,0,0.293
0.11187704043459375,-0.1349969526632972,10.08147636028416,6.407349651695318,5.812798263907784,-5.533238539143832,0.11187704043459375,-0.1349969526632972,10.08147636028416,1328,2,0,0.1529,0,0.2849
-0.6393502688967249,0.29347066063868715,10.245539203711763,-4.581893199053244,3.7039144285344108,0.43096127210929436,-0.6393502688967249,0.29347066063868715,10.245539203711763,1329,2,0,0.1527,0,0.2781
-0.07719057626926883,0.19318133116793543,10.06736989875601,-1.474604665119858,-4.905316460953189,-1.1635366345715217,-0.07719057626926883,0.19318133116793543,10.06736989875601,1330,2,0,0.1537,0,0.2967
19.357396055993615,-14.429238768327512,5.6453803231208255,-206.65093411713352,297.40176706079524,-161.53263651853356,-592.7796904348427,-381.7114906628293,-325.91471251931574,1331,2,2,1.0,2,0.65
12.405684462907557,12.802545354136559,3.818638247587799,167.10618750339174,244.50469866357187,223.52034823988686,-880.4149156655179,-522.8898147229187,-363.4635007077336,1332,2,2,1.0,2,0.83
15.581398097691986,11.542489058336995,4.5558862189438525,177.99932582387152,297.36401498159927,148.21184830524078,1466.921990347122,-859.2618662913209,-135.81875766595493,1333,2,2,1.0,2,0.88
15.540169295381165,-7.736112293307624,3.5468584308910724,211.54377217333828,252.7523083716443,126.43956230481245,-798.5826151800271,480.73755839193734,-110.2347067735418,1334,2,2,1.0,2,0.9
