ax,ay,az,gx,gy,gz,hg_ax,hg_ay,hg_az,t_ms,p1_label,p1_crash,p2_label,p2_crash
-0.2277,-0.3836,9.4719,-0.2881,1.5599,6.0266,-0.3244,-0.4315,9.5974,1,0,0.15370659276867144,,
0.0062,0.5595,9.7808,5.3579,-2.7756,-1.4695,-0.0024,0.5968,9.7855,2,0,0.15318370441863025,,
-0.2091,0.3267,9.8833,0.5064,2.0918,-4.8259,-0.2213,0.3233,9.867,3,0,0.15370659276867144,,
-0.0108,0.1787,9.948,-0.1758,4.9038,-2.4276,-0.0542,0.1108,9.9139,4,0,0.15370659276867144,,
0.3483,-0.0298,9.5205,-1.5037,-0.7931,1.3259,0.3509,-0.0843,9.4521,5,0,0.1534046229755623,,
-0.5189,0.1494,9.674,2.7336,-2.7197,-1.6383,-0.6195,0.2026,9.6268,6,0,0.15370659276867144,,
-0.1697,0.3536,9.9352,-1.5283,-1.5656,0.4248,-0.1879,0.4201,9.8945,7,0,0.15370659276867144,,
-0.0953,-0.3465,9.8006,-2.193,-2.3281,1.4705,-0.1105,-0.3787,9.7983,8,0,0.15370659276867144,,
0.1897,0.1106,9.9898,-3.5336,-3.5843,2.1126,0.1463,0.0907,9.9214,9,0,0.15370659276867144,,
-0.107,-0.2757,9.5022,2.6386,-5.2551,2.9882,-0.0324,-0.2438,9.4588,10,0,0.15370659276867144,,
-0.2059,0.2558,9.6326,-5.9191,-1.5077,-1.6583,-0.1628,0.2545,9.6028,11,0,0.15370659276867144,,
0.3301,-0.132,9.7055,-1.7221,-2.2132,-4.6604,0.3309,-0.0934,9.6714,12,0,0.15370659276867144,,
0.5058,0.1315,9.7572,-4.746,-0.9151,1.422,0.4735,0.113,9.8009,13,0,0.15370659276867144,,
-0.3471,0.4114,9.8414,-5.4274,2.29,1.7362,-0.3448,0.3589,9.8603,14,0,0.15370659276867144,,
-0.0573,-0.3775,9.4024,-0.4876,4.0271,1.0531,-0.0117,-0.2896,9.3552,15,0,0.14725823748351777,,
-0.2819,-0.3737,9.7069,-5.4686,-1.8672,2.4356,-0.2665,-0.3573,9.6629,16,0,0.15370659276867144,,
-0.1196,-0.2248,10.0054,0.4807,3.0437,-4.9388,-0.0711,-0.2757,9.9906,17,0,0.15370659276867144,,
-0.3251,-0.4152,9.7918,-2.3381,6.2765,1.1586,-0.2451,-0.3508,9.7902,18,0,0.15370659276867144,,
-0.1694,0.1817,9.6938,-0.4446,1.9897,2.0375,-0.212,0.2163,9.6185,19,0,0.15370659276867144,,
0.18,0.5553,10.0109,-3.2506,7.2104,-2.026,0.1775,0.5476,10.1541,20,0,0.14794555490236225,,
-0.0272,-0.3532,9.7087,-1.5197,-3.134,-6.8708,-0.0541,-0.3829,9.6996,21,0,0.1532405209942328,,
-0.1086,0.2839,9.6084,3.7704,-0.9479,-0.6137,-0.1776,0.2545,9.6014,22,0,0.15370659276867144,,
-0.1573,-0.1789,9.4516,-4.6544,-2.1577,-0.1028,-0.0958,-0.1709,9.4707,23,0,0.15370659276867144,,
0.251,-0.0922,10.0591,-4.843,2.7141,3.0916,0.2692,-0.0783,10.1046,24,0,0.15370659276867144,,
-0.353,0.1456,9.9447,-2.6437,0.5243,0.269,-0.3624,0.1955,10.0505,25,0,0.15370659276867144,,
0.3906,-0.2757,10.2331,0.6401,0.6873,-6.1388,0.5039,-0.1778,10.315,26,0,0.10003102166376773,,
-0.0184,-0.1243,9.9227,6.382,-1.1871,-6.4219,-0.1268,-0.0215,9.9893,27,0,0.1528511125999369,,
0.3829,0.0767,9.802,-2.3557,1.8906,-2.7795,0.4206,0.0699,9.7635,28,0,0.15370659276867144,,
0.0246,-0.1788,9.9051,-2.713,0.5313,-1.0038,0.0642,-0.1887,9.9109,29,0,0.15370659276867144,,
-0.0588,-0.3951,9.8442,0.9871,0.6014,-2.1445,-0.111,-0.428,9.873,30,0,0.15370659276867144,,
0.3341,-0.2738,9.7339,2.034,0.1628,4.2325,0.2754,-0.1973,9.7921,31,0,0.15370659276867144,,
-0.5639,0.2457,9.8374,3.1309,2.6429,-1.5607,-0.497,0.301,9.8625,32,0,0.15370659276867144,,
-0.3344,-0.2605,9.6139,1.7492,3.5903,-3.3165,-0.2516,-0.2826,9.5561,33,0,0.15370659276867144,,
-0.024,-0.0383,9.6825,0.8948,-0.3554,2.0007,-0.0414,-0.011,9.6514,34,0,0.15370659276867144,,
0.244,0.6176,9.6889,-2.0087,0.6359,-2.289,0.1175,0.6664,9.7291,35,0,0.15309497375261916,,
-0.1646,-0.2898,9.5544,1.4849,1.5287,-2.8513,-0.218,-0.2105,9.551,36,0,0.15370659276867144,,
0.3628,0.3539,9.7483,2.3279,3.9108,3.8955,0.385,0.3999,9.7769,37,0,0.15370659276867144,,
0.0368,0.0025,9.4541,0.4632,3.0281,0.989,0.024,-0.0507,9.5207,38,0,0.15370659276867144,,
0.3131,-0.3007,9.6815,0.9022,-2.5272,-2.5933,0.3683,-0.3289,9.6761,39,0,0.15370659276867144,,
-0.2581,0.0947,9.7904,-4.982,-0.9087,-1.503,-0.2571,0.1073,9.7778,40,0,0.15370659276867144,,
-0.1986,0.2448,9.7052,8.3043,-0.1224,0.8269,-0.27,0.2172,9.7196,41,0,0.12616966749026395,,
0.2946,-0.4451,9.9607,0.5705,3.193,1.2623,0.2468,-0.4634,9.9185,42,0,0.15370659276867144,,
-0.1977,0.1296,9.9546,-1.2651,-0.2213,-2.2257,-0.1743,0.1389,9.8923,43,0,0.15370659276867144,,
0.3785,0.1036,9.4906,-0.2114,-1.6107,-4.5818,0.3922,0.1199,9.4526,44,0,0.1534046229755623,,
0.5506,0.0604,9.8267,-2.1856,-2.609,4.5403,0.5601,-0.0992,9.8449,45,0,0.15361879978792273,,
-0.1062,0.1465,9.8665,-3.158,-0.3183,0.1806,-0.0843,0.1211,9.8684,46,0,0.15370659276867144,,
0.0291,-0.4512,9.7362,-0.8815,-1.8999,0.7248,0.0603,-0.2946,9.8046,47,0,0.15370659276867144,,
0.412,-0.1712,9.4078,4.2251,-1.8036,-0.8085,0.4332,-0.1361,9.39,48,0,0.1525588014428267,,
0.3158,-0.0827,9.7025,-0.3295,1.3446,-0.6885,0.2619,-0.1529,9.7227,49,0,0.15370659276867144,,
-0.0089,-0.0024,10.0398,-1.0134,0.0184,1.4044,0.0361,-0.0226,9.9937,50,0,0.15370659276867144,0.0,0.0015982668716720725
-0.3546,-0.0087,10.0283,1.0507,-2.6048,-2.0411,-0.295,0.0526,9.9261,51,0,0.15370659276867144,0.0,0.0015982668716720725
-0.4349,-0.1482,9.5506,-5.0709,0.9025,0.0991,-0.4344,-0.092,9.5766,52,0,0.15370659276867144,0.0,0.011786946116955091
-0.0688,0.6921,9.9361,-2.0503,2.5527,2.2506,-0.1319,0.6321,9.9495,53,0,0.15318370441863025,0.0,0.019755531544812032
0.0594,-0.1962,9.4976,-0.9043,0.0199,4.6436,0.078,-0.235,9.5254,54,0,0.15370659276867144,0.0,0.02971569090736183
0.3406,0.3894,9.936,1.2659,1.8677,0.4505,0.3089,0.3687,9.9147,55,0,0.15370659276867144,0.0,0.009676841736642907
0.079,-0.6023,9.7448,0.4961,-0.9747,1.0269,-0.0026,-0.5996,9.7311,56,0,0.15358821137965672,0.0,0.020097189795545183
0.0294,-0.415,9.8259,0.0012,0.2413,5.3675,0.0528,-0.4477,9.7999,57,0,0.15370659276867144,0.0,0.02368414631728431
-0.3837,-0.2556,9.4398,1.3767,-1.8361,-0.1058,-0.3756,-0.265,9.3932,58,0,0.1525588014428267,0.0,0.03023205063943034
-0.2854,0.1901,9.5925,1.9981,4.8168,-2.4459,-0.314,0.1369,9.509,59,0,0.15370659276867144,0.0,0.010954904788947659
0.5706,0.2272,9.6496,1.3269,0.4629,3.3278,0.5022,0.2496,9.688,60,0,0.15361879978792273,0.0,0.025182248814251747
-0.2599,-0.1635,9.7749,1.7536,0.7588,-3.0871,-0.2517,-0.1673,9.7872,61,0,0.15370659276867144,0.0,0.025182248814251747
0.3096,-0.2199,9.9982,-2.7583,-3.2938,3.5112,0.3051,-0.2195,10.0686,62,0,0.15370659276867144,0.0,0.01876920533599087
0.0026,-0.3727,9.8558,2.7147,-6.2934,-2.3065,0.0087,-0.3643,9.8239,63,0,0.15370659276867144,0.0,0.020509658746092056
0.1892,0.0291,10.3253,-0.2287,-2.7689,-1.2467,0.1584,0.0367,10.3425,64,0,0.11562982288225068,0.0,0.026153020878883562
0.0968,-0.018,9.8267,-3.9569,-1.3293,0.6206,0.0189,-0.0343,9.8468,65,0,0.15370659276867144,0.0,0.026191870049602488
0.0477,0.1737,9.5459,1.8788,3.7253,-0.5909,0.0274,0.21,9.5661,66,0,0.15370659276867144,0.0,0.04551662337435583
0.25,0.4248,9.499,0.7602,-2.6038,1.7192,0.1924,0.3766,9.5507,67,0,0.15370659276867144,0.0,0.05692202877976123
-0.6608,-0.2541,9.8063,4.7882,2.3168,-1.6702,-0.6297,-0.1332,9.8251,68,0,0.1537691488359536,0.0,0.02642299091268982
0.3896,0.1857,9.8343,-4.6852,4.8706,-4.9913,0.4196,0.1958,9.8089,69,0,0.15370659276867144,0.0,0.0253112905665918
-0.3785,0.034,9.8097,-0.0289,-0.0664,5.0499,-0.3092,0.0673,9.8535,70,0,0.15370659276867144,0.0,0.04465243972638751
-0.2566,0.135,9.6497,0.6788,-2.1091,-0.7716,-0.2085,0.1801,9.5725,71,0,0.15370659276867144,0.0,0.05689482462803555
-0.3542,-0.0417,9.3778,2.2048,-0.2407,1.543,-0.4326,-0.0786,9.3799,72,0,0.14974236502446667,0.0,0.042478498275675756
-0.5717,0.1763,9.8277,-1.0128,-3.6998,4.5367,-0.483,0.2552,9.7849,73,0,0.15370659276867144,0.0,0.03976572264485057
-0.0397,0.0329,9.8853,-1.6526,-5.1999,1.5657,-0.0098,0.0399,9.8825,74,0,0.15370659276867144,0.0,0.0257993572023422
-0.0184,-0.586,9.8127,1.1821,5.9303,4.3304,-0.0465,-0.6588,9.7587,75,0,0.1475606920052188,0.0,0.012615035671804584
0.3727,0.1384,9.6623,-2.1095,-1.1746,3.3266,0.2767,0.0959,9.7493,76,0,0.15370659276867144,0.0,0.03261503567180458
-0.3977,0.0353,9.662,1.5222,-6.1662,1.3272,-0.4599,0.0507,9.5154,77,0,0.15370659276867144,0.0,0.028769453790674034
-0.2147,-0.6223,9.8446,4.6832,3.0668,-0.6626,-0.184,-0.6529,9.882,78,0,0.15388704993742966,0.0,0.018172438865300896
-0.322,0.394,9.8504,-0.3912,-3.8102,-4.9189,-0.2464,0.4229,9.867,79,0,0.15370659276867144,0.0,0.007615035671804581
0.1269,-0.241,9.8324,2.2849,-2.9293,-6.6209,0.16,-0.2536,9.7051,80,0,0.1532405209942328,0.0,0.012615035671804584
0.2495,-0.2524,9.6178,1.417,-1.4815,-3.8193,0.3569,-0.3221,9.5578,81,0,0.15370659276867144,0.0,0.0026150356718045806
0.0191,0.0038,10.1022,1.224,5.7727,1.0943,0.0137,0.0295,10.116,82,0,0.15370659276867144,0.0,0.023602516509821952
-0.1283,-0.2156,9.8633,1.3659,-4.7595,1.0783,-0.1902,-0.2603,9.9116,83,0,0.15370659276867144,0.0,0.013602516509821956
0.1269,-0.1292,9.7456,6.1527,-0.7886,-1.0885,0.0467,-0.1299,9.704,84,0,0.15370659276867144,0.0,0.023197111104416548
-0.2301,0.4187,9.9867,1.242,-2.8854,-1.8343,-0.1827,0.413,9.9064,85,0,0.15370659276867144,0.0,0.023197111104416548
-0.387,-0.0746,9.7533,-3.9608,0.2978,0.9349,-0.384,-0.122,9.7706,86,0,0.15370659276867144,0.0,0.012209630266399178
-0.2559,-0.011,9.9683,1.555,5.8514,4.3866,-0.2397,0.0004,9.9515,87,0,0.15370659276867144,0.0,0.023275800912585673
0.0942,-0.3087,10.2849,-3.9805,-2.5246,-7.04,0.0799,-0.3214,10.2985,88,0,0.1502668436133434,0.0,0.023230650649288788
-0.1372,-0.0025,9.9517,-4.5821,3.5799,1.8005,-0.2097,-0.0127,9.9409,89,0,0.15370659276867144,0.0,0.0026612402400441005
-0.3208,0.0993,9.8716,1.6937,2.3314,1.3828,-0.2976,0.1194,9.808,90,0,0.15370659276867144,0.0,0.016527844717656042
-0.1787,-0.136,9.717,3.6381,3.9166,-0.8087,-0.2371,-0.1155,9.7539,91,0,0.15370659276867144,0.0,0.0025068430068425195
0.3439,-0.3349,9.9752,5.9882,0.8715,-0.1617,0.3124,-0.309,9.9557,92,0,0.15370659276867144,0.0,0.006685947484454459
-0.219,0.5517,9.9465,2.2486,1.8868,-1.2081,-0.2129,0.5084,10.0209,93,0,0.15355074445237718,0.0,0.006449154909486916
-0.3897,-0.0148,9.6877,0.7789,3.8631,1.772,-0.4114,0.0074,9.6401,94,0,0.15370659276867144,0.0,0.0022700504318749763
-0.1346,0.6522,9.536,-3.7823,0.0335,-0.2594,-0.1054,0.6619,9.5979,95,0,0.15309497375261916,0.0,0.0071312831495960564
-0.4449,-0.0506,9.7527,2.8112,-0.183,0.0383,-0.4659,0.0008,9.6988,96,0,0.15370659276867144,0.0,0.0032646786719841164
-0.118,-0.0107,9.6136,2.2907,1.4985,-1.6989,-0.171,-0.06,9.5933,97,0,0.15370659276867144,0.0,0.0031435481201671583
-0.0837,-0.3012,10.1197,4.174,-1.3541,1.6276,-0.0663,-0.2745,10.0722,98,0,0.15370659276867144,0.0,0.013220311960328902
0.1471,-0.0863,10.092,-5.8048,2.0433,-4.9113,0.2298,-0.1,10.0865,99,0,0.15370659276867144,0.0,0.03271525811562835
-0.3791,-0.3672,9.4885,1.1685,0.6606,3.8769,-0.3722,-0.3799,9.4592,100,0,0.15370659276867144,0.0,0.03404120748271696
-0.0571,-0.1409,10.1212,-1.6705,-7.1891,5.4567,-0.1803,-0.2016,10.1275,101,0,0.15355501587418666,0.0,0.014041207482716962
0.3516,-0.0073,9.7166,-1.5514,-2.7249,4.0161,0.4284,0.0979,9.6116,102,0,0.15370659276867144,0.0,0.0028897296502046438
0.2681,-0.1924,9.6494,-1.8215,1.3999,-4.5715,0.3015,-0.1112,9.6988,103,0,0.15370659276867144,0.0,0.002171492680457095
-0.2169,0.1289,9.7348,-0.1993,-1.2071,0.6468,-0.1916,0.1529,9.7734,104,0,0.15370659276867144,0.0,0.0021316520430068957
0.3542,-0.2848,9.7933,-1.4501,0.772,-2.3928,0.307,-0.2978,9.7962,105,0,0.15370659276867144,0.0,0.002171492680457095
0.2356,-0.2943,9.8494,5.6212,0.2776,-1.3319,0.2574,-0.246,9.8808,106,0,0.15370659276867144,0.0,0.0023295954472555137
-0.0352,0.6078,9.6888,-1.9405,4.0894,-0.8528,0.0039,0.643,9.5984,107,0,0.15309497375261916,0.0,0.003135264032472279
-0.3197,-0.147,9.3719,-0.7062,0.8586,0.3051,-0.3707,-0.131,9.3916,108,0,0.14995156960503458,0.0,0.012097528183415675
-0.0773,0.1294,10.2477,-3.6267,-3.5083,1.7249,-0.0818,0.152,10.3062,109,0,0.14551281172518737,0.0,0.012097528183415675
-0.1524,0.2321,9.4928,-1.4141,-0.1419,-2.5333,-0.138,0.2717,9.467,110,0,0.15370659276867144,0.0,0.013095423395022081
0.4411,0.4738,9.7135,4.8085,-3.5747,-3.9923,0.402,0.4691,9.7152,111,0,0.15370659276867144,0.0,0.02313526403247228
-0.2903,0.1022,9.5956,2.3369,2.0207,-2.1245,-0.2573,0.044,9.6184,112,0,0.15370659276867144,0.0,0.01313526403247228
0.2335,-0.0476,10.0526,-0.0462,-1.185,-3.1971,0.2113,0.0376,10.0362,113,0,0.15370659276867144,0.0,0.023777551635131223
-0.2405,-0.3255,9.8569,1.8175,-1.4416,1.3196,-0.3138,-0.3511,9.7946,114,0,0.15370659276867144,0.0,0.05049690122753439
0.0899,0.1352,10.2197,-3.0344,-1.8566,3.6716,0.0528,0.2476,10.19,115,0,0.1533321728497886,0.0,0.040496901227534396
0.1104,0.4846,9.8558,-1.1257,-1.5729,1.9244,0.1855,0.5004,9.8619,116,0,0.15370659276867144,0.0,0.012097528183415675
-0.2217,-0.4986,10.0159,-2.101,-0.4177,-0.1957,-0.2347,-0.5018,9.9983,117,0,0.15370659276867144,0.0,0.02320916537847779
0.4486,-0.2269,9.9341,-0.9311,3.7102,4.3507,0.4705,-0.2593,9.9068,118,0,0.15370659276867144,0.0,0.020736724506775012
0.4721,0.1998,9.9145,-3.3707,-4.3122,0.1892,0.447,0.1689,9.9352,119,0,0.15370659276867144,0.0,0.021267905084369425
0.1051,0.1013,9.7376,1.1787,1.4698,1.5988,0.1821,0.1327,9.6496,120,0,0.15370659276867144,0.0,0.02153964421480421
0.5511,0.2914,9.9715,1.4306,-0.2328,4.3309,0.5807,0.2737,9.9527,121,0,0.15361879978792273,0.0,0.02046498537634023
0.3906,0.0238,10.0662,0.9466,6.2954,1.8217,0.3847,0.044,10.0753,122,0,0.15370659276867144,0.0,0.020684765596120452
-0.4923,0.0807,9.6662,3.0263,2.8307,3.0796,-0.5157,0.1454,9.703,123,0,0.15370659276867144,0.0,0.04068476559612044
-0.1556,-0.1698,9.8303,5.0997,-1.2954,0.7812,-0.0944,-0.1845,9.8561,124,0,0.15370659276867144,0.0,0.020610801099079028
0.2214,0.4088,10.1031,-0.0288,0.0045,-1.335,0.2163,0.4137,10.0603,125,0,0.15370659276867144,0.0,0.03180381121601505
0.2907,0.1006,10.0736,0.3964,-1.1295,0.7473,0.3073,0.1196,9.9912,126,0,0.15370659276867144,0.0,0.051803811216015044
-0.0493,0.6893,9.5427,-2.6645,1.7279,-0.5579,-0.0141,0.6524,9.6213,127,0,0.15309497375261916,0.0,0.03185992822378509
0.685,-0.3878,9.595,-0.2334,5.4936,0.7663,0.6668,-0.5126,9.625,128,0,0.15518889869880204,0.0,0.0028903342426117207
0.0134,0.2991,10.0516,1.7572,-1.5478,0.1189,0.0213,0.3465,10.003,129,0,0.15370659276867144,0.0,0.003215572374252246
-0.1169,0.3909,10.0419,-0.6684,0.3229,4.137,-0.135,0.378,10.0877,130,0,0.15370659276867144,0.0,0.014291300684952568
-0.0709,-0.3281,9.7121,-1.0763,2.3876,-2.3376,-0.0858,-0.3585,9.7766,131,0,0.15370659276867144,0.0,0.013914065979359656
-0.438,0.3088,10.0143,-2.3489,-0.0563,-0.4415,-0.4244,0.1657,9.9979,132,0,0.15370659276867144,0.0,0.0030121575194702955
0.391,0.4335,10.0166,-0.2424,-2.1383,-1.683,0.3472,0.5009,10.0101,133,0,0.15370659276867144,0.0,0.0030121575194702955
0.5195,0.2168,9.4328,-0.5082,-0.5358,-2.2075,0.5198,0.2864,9.4064,134,0,0.1525588014428267,0.0,0.0030121575194702955
-0.4547,-0.1262,9.4679,-1.2091,-2.7784,4.9356,-0.4476,-0.2088,9.4342,135,0,0.152968620356603,0.0,0.003051769251347115
0.2895,0.1771,9.8326,5.0153,1.6882,-5.0,0.3041,0.2735,9.8274,136,0,0.15370659276867144,0.0,0.01249358927743029
-0.0465,-0.0842,10.0415,3.997,3.4672,5.4729,-0.0337,-0.075,10.039,137,0,0.15370659276867144,0.0,0.0024935892774302915
0.0529,0.282,9.4615,-5.1395,1.9484,5.4399,0.0124,0.2544,9.4397,138,0,0.1534046229755623,0.0,0.013059627013279349
-0.0976,0.9104,9.7465,2.6897,-2.3228,-3.143,-0.0942,0.8989,9.7484,139,0,0.09180475966240183,0.0,0.023665805886299882
-0.1363,0.1297,9.8464,3.0161,-0.1345,6.3731,-0.1167,0.091,9.836,140,0,0.15314501477372658,0.0,0.013665805886299882
-0.0985,-0.1979,9.5909,-1.3218,-0.2991,2.7502,-0.0911,-0.153,9.57,141,0,0.15370659276867144,0.0,0.023665805886299882
-0.1352,0.4805,9.7759,1.6528,-0.7165,2.3985,-0.0816,0.461,9.77,142,0,0.15370659276867144,0.0,0.01362697093484357
-0.3673,-0.0112,9.9656,-5.0497,-0.4048,-4.2496,-0.296,-0.0823,9.9749,143,0,0.15370659276867144,0.0,0.01362697093484357
0.1685,0.6697,9.9532,-0.5421,-1.2415,0.0574,0.1902,0.6858,9.965,144,0,0.15334485469916675,0.0,0.013665805886299882
-0.1657,-0.3735,9.6388,3.3923,0.2974,-0.101,-0.2497,-0.434,9.704,145,0,0.15370659276867144,0.0,0.013665805886299882
0.2175,-0.0324,9.8559,3.2007,3.2838,-3.2315,0.1045,-0.1048,9.7911,146,0,0.15370659276867144,0.0,0.025817949490343096
0.199,0.0168,9.8812,-0.9494,0.24,-0.0704,0.1553,0.0816,9.8736,147,0,0.15370659276867144,0.0,0.02525191175449404
-0.1451,0.5613,9.9416,0.5221,1.8669,-1.1467,-0.1973,0.6373,9.9896,148,0,0.15309497375261916,0.0,0.02525191175449404
0.0515,0.0205,9.5404,-1.401,1.9219,-1.2947,0.0545,-0.0285,9.5565,149,0,0.15370659276867144,0.0,0.02521307680303773
0.448,0.3437,9.5055,-3.0054,-3.6198,-1.5773,0.503,0.3742,9.4872,150,0,0.15370659276867144,0.0,0.040213076803037734
-0.2211,-0.1106,9.9765,-1.1094,4.2714,0.8025,-0.2159,-0.2172,10.0179,151,0,0.15370659276867144,0.0,0.03466173006099787
0.2029,0.2753,9.6398,-1.5873,2.134,-2.0292,0.2015,0.3096,9.5392,152,0,0.15370659276867144,0.0,0.024363951157532555
0.0769,0.3614,9.8063,5.8403,-1.2247,-0.7049,0.0882,0.3506,9.8218,153,0,0.15370659276867144,0.0,0.04393465029343201
0.0339,0.0983,9.5537,-7.1891,-4.9527,-2.0904,0.0296,-0.0375,9.6237,154,0,0.15221377687624613,0.0,0.02407597647398825
0.571,0.1045,9.9763,-5.9305,-3.5883,-3.3751,0.5869,0.1,9.9518,155,0,0.15361879978792273,0.0,0.03357451838515152
0.0537,-0.1143,9.7986,1.1314,1.1236,3.1451,0.0561,-0.1397,9.7853,156,0,0.15370659276867144,0.0,0.014641161757481305
0.2995,-0.1011,9.7049,-0.8446,-1.776,2.612,0.3022,-0.0115,9.7894,157,0,0.15370659276867144,0.0,0.03441259032890987
0.0135,-0.0277,9.6431,-0.8463,-2.1603,-0.1459,0.0011,-0.1598,9.646,158,0,0.15370659276867144,0.0,0.014412590328909873
-0.3124,0.2374,9.9972,-5.5919,0.2488,-2.3219,-0.3247,0.2814,10.0732,159,0,0.15370659276867144,0.0,0.013574518385151524
-0.1837,-0.1047,10.0873,1.6741,-0.094,-3.9295,-0.0721,-0.0826,10.104,160,0,0.15370659276867144,0.0,0.004320648936968482
0.0575,-0.0645,10.1868,-4.7074,-1.3773,0.5794,0.0074,-0.088,10.1953,161,0,0.1533321728497886,0.0,0.01527302277672096
-0.0844,-0.0659,9.7305,1.2528,-1.9773,2.0082,-0.0524,-0.0279,9.72,162,0,0.15370659276867144,0.0,0.01527302277672096
0.4117,0.3346,9.3678,3.9118,0.7204,1.0557,0.3346,0.3137,9.3727,163,0,0.15175489848691914,0.0,0.015870037702094098
0.2834,0.4839,9.803,-5.6641,0.1107,3.4159,0.369,0.4783,9.7794,164,0,0.15370659276867144,0.0,0.020550485532186018
-0.2855,0.0586,9.8687,2.1472,2.0084,-1.2202,-0.2825,0.0732,9.915,165,0,0.15370659276867144,0.0,0.02036168250192987
0.0361,0.0433,9.7427,-5.1695,-3.2838,0.4311,-0.0267,0.0471,9.7151,166,0,0.15370659276867144,0.0,0.006255130169619243
-0.1826,-0.4285,10.0947,2.4148,-1.6336,-1.445,-0.2103,-0.4303,10.1457,167,0,0.15370659276867144,0.0,0.004689092433770187
0.2023,0.1664,10.0739,3.5009,-0.7752,-0.021,0.1794,0.1865,9.9982,168,0,0.15370659276867144,0.0,0.04027683296213768
-0.2905,-0.235,9.6212,-4.3487,0.8739,-2.5848,-0.324,-0.2222,9.6688,169,0,0.15370659276867144,0.0,0.020276832962137673
-0.3486,-0.0482,9.9207,3.1784,-3.0059,-2.8027,-0.3009,-0.0475,9.9549,170,0,0.15370659276867144,0.0,0.02956479059338362
-0.244,0.515,10.0357,-3.322,-1.601,1.8548,-0.1908,0.4982,9.9565,171,0,0.15370659276867144,0.0,0.03967981803676454
0.0789,-0.1168,9.5301,4.5166,3.7464,-1.2073,0.0724,-0.1168,9.4973,172,0,0.15370659276867144,0.0,0.049503205518847675
-0.0545,0.4114,9.6025,5.5872,3.8984,-3.6352,0.0204,0.3996,9.6281,173,0,0.15370659276867144,0.0,0.05362245717093438
0.2039,0.2496,10.232,1.4864,-2.2459,-1.6883,0.1502,0.192,10.1389,174,0,0.15370659276867144,0.0,0.05027292575823046
-0.2515,-0.1304,9.6647,4.1118,-0.4146,1.0791,-0.2539,-0.0197,9.6574,175,0,0.15370659276867144,0.0,0.06821947209630752
0.263,0.2231,9.7515,3.8209,1.3161,-4.5243,0.2881,0.228,9.6744,176,0,0.15370659276867144,0.0,0.06777886976691176
0.3939,-0.1625,9.9085,-2.1606,-4.5035,0.377,0.3985,-0.0775,9.9237,177,0,0.15370659276867144,0.0,0.05727804195234223
0.2699,0.4045,9.5395,-0.9145,-0.8619,-0.6248,0.2646,0.4459,9.6272,178,0,0.15370659276867144,0.0,0.04207359750789777
0.2104,-0.3342,10.17,2.1147,-3.4571,0.263,0.1053,-0.278,10.1676,179,0,0.15370659276867144,0.0,0.05419942532246731
0.2022,-0.4173,10.0675,1.0644,-1.98,1.2166,0.1382,-0.4011,10.0131,180,0,0.15370659276867144,0.0,0.09154349083815314
-0.2288,0.0024,9.9887,-0.3531,-2.955,1.6845,-0.2524,0.0847,10.0183,181,0,0.15370659276867144,0.0,0.06720169983729354
-0.165,-0.0563,10.0332,0.2146,-1.9722,-2.6949,-0.0719,-0.1084,10.0393,182,0,0.15370659276867144,0.0,0.04861474331555442
-0.4086,0.5615,9.7375,9.6543,-2.9767,0.5461,-0.4999,0.5558,9.824,183,0,0.10933129763894789,0.0,0.03668979944389457
0.4073,0.2754,10.0472,3.0549,-2.8178,-0.3963,0.4082,0.2936,10.0691,184,0,0.15370659276867144,0.0,0.04668979944389458
0.3264,-0.2503,9.8851,0.6844,0.3442,1.7084,0.3691,-0.2025,9.8646,185,0,0.15370659276867144,0.0,0.05378629498660957
-0.7963,-0.3959,9.8809,0.9015,2.9149,-5.3884,-0.8118,-0.3501,9.9208,186,0,0.163444295378318,0.0,0.04447941559724458
0.2332,-0.1723,9.9482,-0.426,0.5939,0.4173,0.2067,-0.1855,9.8699,187,0,0.15370659276867144,0.0,0.04447941559724458
-0.2131,0.3789,9.7685,2.5518,5.1268,2.0355,-0.2185,0.3511,9.7481,188,0,0.15370659276867144,0.0,0.04816362612356037
-0.7957,0.3074,9.8161,-3.0763,6.032,-2.5,-0.7565,0.3696,9.8575,189,0,0.1474832179767319,0.0,0.00678592340792271
-0.1229,-0.1889,9.5178,-5.0396,1.8697,-5.1635,-0.1161,-0.1983,9.5472,190,0,0.15370659276867144,0.0,0.006631284232664977
0.3144,0.125,9.8996,2.7536,0.8051,-6.1988,0.2833,0.1484,9.8723,191,0,0.15370659276867144,0.0,0.006411504012884757
-0.306,0.0742,9.7006,-3.1321,-0.507,-4.1499,-0.2462,0.0204,9.6799,192,0,0.15370659276867144,0.0,0.006411504012884757
-0.1896,0.2094,9.9116,-0.4127,-0.1901,2.5282,-0.2179,0.1902,9.9902,193,0,0.15370659276867144,0.0,0.006411504012884757
-0.2776,0.2404,9.6645,2.3977,1.0621,-6.6799,-0.3092,0.2296,9.6891,194,0,0.1532405209942328,0.0,0.006411504012884757
0.0469,0.0442,9.6101,-6.8615,-0.0443,-3.0334,0.0623,0.0948,9.6331,195,0,0.15370659276867144,0.0,0.005851369702750447
0.0409,-0.2062,9.8451,1.8759,0.987,4.3686,0.0236,-0.2311,9.8835,196,0,0.15370659276867144,0.0,0.012063463993202947
0.0809,0.3887,9.8107,0.6608,-2.7849,-5.5003,0.0962,0.3657,9.8371,197,0,0.15370659276867144,0.0,0.012041539790592337
-0.2189,0.4193,9.8056,4.7043,-0.8279,2.5402,-0.2915,0.4147,9.8595,198,0,0.15370659276867144,0.0,0.011434603374407366
-0.5154,0.1291,10.0349,-0.5121,1.8714,-1.5336,-0.5053,0.1893,10.0877,199,0,0.15370659276867144,0.0,0.011410506988865197
0.3955,-0.331,9.7746,1.7964,6.0761,-0.3745,0.2979,-0.3211,9.7483,200,0,0.15370659276867144,0.0,0.016578104754228325
0.2496,0.3864,9.967,0.5416,-0.4287,-0.7546,0.3147,0.3678,9.9375,201,0,0.15370659276867144,0.0,0.017185041170413296
-0.4382,0.1297,9.8925,2.7172,-3.8795,-3.5216,-0.3701,0.1356,9.8597,202,0,0.15370659276867144,0.0,0.016578104754228325
-0.1206,0.1832,9.9802,3.0481,-5.927,4.0378,-0.1867,0.255,9.9857,203,0,0.15370659276867144,0.0,0.03581349206349207
0.1702,-0.3434,9.6418,-2.892,-0.9821,-3.3067,0.1778,-0.3558,9.6112,204,0,0.15370659276867144,0.0,0.015813492063492064
0.3042,-0.6801,10.2086,-0.0169,-2.7427,-2.4962,0.3177,-0.7221,10.202,205,0,0.1442981363288328,0.0,0.006541559031493992
0.5159,-0.4688,9.7559,-3.5976,1.7603,-1.1721,0.4682,-0.5112,9.7757,206,0,0.15370659276867144,0.0,0.011424288242581413
-0.1646,-0.3362,9.9396,2.7464,5.0861,-4.2741,-0.1559,-0.3756,9.9594,207,0,0.15370659276867144,0.0,0.010696221274579483
0.0866,0.3138,9.6622,5.5476,0.3699,0.2428,0.1309,0.3575,9.6434,208,0,0.15370659276867144,0.0,0.010696221274579483
0.0949,0.1136,9.8264,3.5052,3.6053,-0.9244,0.0911,0.1597,9.9186,209,0,0.15370659276867144,0.0,9.92063492063492e-05
-0.3917,-0.1892,9.8516,-0.2741,-7.7515,2.1896,-0.3492,-0.0414,9.8901,210,0,0.14981546126865944,0.0,0.0006962212745794835
0.0408,-0.0301,9.6686,0.9603,-0.7101,0.7866,0.0388,-0.1596,9.6054,211,0,0.15370659276867144,0.0,9.92063492063492e-05
0.0313,0.0961,9.7384,0.8628,1.1999,2.9579,-0.0434,0.0396,9.8104,212,0,0.15370659276867144,0.0,0.0001390469866565484
0.2604,0.6211,10.0391,-1.099,-0.3563,-1.0302,0.1913,0.613,9.9945,213,0,0.15318370441863025,0.0,0.0007360619120296827
0.2406,-0.1663,9.5175,-2.3861,4.1494,2.985,0.2686,-0.1991,9.5659,214,0,0.15370659276867144,0.0,0.0001390469866565484
-0.5271,-0.2991,9.5254,-0.7925,-0.8771,-1.728,-0.4881,-0.2942,9.4383,215,0,0.1534046229755623,0.0,0.0013031576907644546
0.2358,-0.1448,9.659,-1.6918,-0.9555,-2.3078,0.1975,-0.0445,9.6563,216,0,0.15370659276867144,0.0,0.011666594742792451
-0.1815,-0.0714,10.0569,1.8019,0.2462,-2.9351,-0.1524,-0.0787,10.1476,217,0,0.15370659276867144,0.0,0.011666594742792451
0.1335,-0.187,9.9616,2.5302,0.9195,-0.6513,0.182,-0.2778,9.9408,218,0,0.15370659276867144,0.0,0.0016665947427924501
-0.0367,0.2204,9.8987,1.1445,-3.5479,-2.0827,-0.0911,0.2756,9.9425,219,0,0.15370659276867144,0.0,0.0016072290310363002
0.0087,0.1928,10.2098,0.8434,-2.4953,0.4637,-0.0124,0.1366,10.1567,220,0,0.15370659276867144,0.0,0.0022267290529267604
-0.5218,-0.3068,10.0741,3.0138,-6.0401,1.1163,-0.5186,-0.3378,10.0565,221,0,0.15370659276867144,0.0,0.0009604519774011299
-0.1265,0.11,9.9234,1.3978,4.8818,4.1511,-0.1397,0.1091,9.9103,222,0,0.15370659276867144,0.0,0.011000292614851328
0.2105,-0.2639,9.7352,0.3815,-0.4863,-1.774,0.171,-0.2803,9.7104,223,0,0.15370659276867144,0.0,0.012644481759040472
0.1904,-0.1696,9.8405,-1.9354,3.4428,4.5098,0.2009,-0.1908,9.7875,224,0,0.15370659276867144,0.0,0.011659633274191988
0.1999,0.0815,9.6385,-0.4625,2.2626,2.2294,0.147,0.1356,9.7086,225,0,0.15370659276867144,0.0,0.012644481759040472
0.1612,0.5689,9.5239,-1.3995,-2.7461,1.6859,0.1285,0.6281,9.4809,226,0,0.15318370441863025,0.0,0.012644481759040472
0.1755,-0.253,9.8173,3.2146,10.068,-5.5691,0.1987,-0.1967,9.9013,227,0,0.13309780282315276,0.0,0.011985141099699812
0.0948,-0.105,9.9011,0.6003,-0.525,-0.5808,0.1194,-0.0255,9.8953,228,0,0.15370659276867144,0.0,0.011985141099699812
-0.4755,0.0835,9.82,-0.7666,2.2456,0.7169,-0.5058,0.1241,9.7203,229,0,0.15370659276867144,0.0,0.011985141099699812
0.1203,0.2443,9.5118,3.9594,-1.4832,2.7237,0.1399,0.2633,9.489,230,0,0.15370659276867144,0.0,0.011074257111892749
0.1131,0.2869,9.6555,3.5268,0.1716,-6.2942,0.1538,0.2205,9.6696,231,0,0.15370659276867144,0.0,0.01017317084624777
0.3154,0.1789,10.1492,1.3246,-0.5132,-3.7384,0.2807,0.2547,10.1521,232,0,0.15370659276867144,0.0,0.010099206349206349
-0.2242,-0.3036,9.8919,-0.1841,-3.259,-4.1515,-0.3146,-0.3243,9.8772,233,0,0.15370659276867144,0.0,0.0010344164744425502
-0.3398,-0.1905,9.7095,0.6085,4.1442,3.1732,-0.4068,-0.1785,9.713,234,0,0.15370659276867144,0.0,7.396449704142012e-05
0.4958,-0.0564,10.1018,3.1885,2.9892,-0.0679,0.5997,-0.118,10.051,235,0,0.15346008255657423,0.0,7.396449704142012e-05
-0.2159,0.407,9.9269,-5.9697,-1.113,1.5556,-0.1723,0.383,9.9972,236,0,0.15370659276867144,0.0,0.03664319693386213
0.3701,-0.5651,9.7684,1.4,0.9948,4.8659,0.3853,-0.5324,9.8375,237,0,0.15370659276867144,0.0,0.03561688114438844
-0.0784,-0.0334,9.6698,-4.5226,1.1424,-5.1631,-0.0584,-0.0265,9.7237,238,0,0.15370659276867144,0.0,0.04652262306328827
0.091,-0.2412,9.7915,2.7312,1.9334,1.1585,0.1275,-0.1923,9.7551,239,0,0.15370659276867144,0.0,0.05505717151081946
-0.0123,-0.3734,9.6806,-2.698,-1.5043,3.3193,-0.0083,-0.3863,9.6997,240,0,0.15370659276867144,0.0,0.05505717151081946
-0.023,-0.2664,9.6829,-0.8311,2.0527,0.7522,-0.0432,-0.2633,9.6907,241,0,0.15370659276867144,0.0,0.036805737183311024
-0.0041,-0.1287,9.62,2.5554,-3.3773,1.8076,-0.0287,-0.1377,9.625,242,0,0.15370659276867144,0.0,0.05636129273886659
0.2836,-0.1666,9.5209,-0.6925,-1.391,-1.8521,0.2368,-0.2062,9.5073,243,0,0.15370659276867144,0.0,0.06636129273886658
-0.0446,-0.021,9.7882,0.0117,-4.9253,-0.5544,-0.1021,0.0572,9.845,244,0,0.15370659276867144,0.0,0.05299811220762536
-0.3155,-0.3746,9.827,0.4054,0.3897,4.3104,-0.3284,-0.4133,9.8671,245,0,0.15370659276867144,0.0,0.06434983803859821
0.3899,-0.4555,9.567,-0.3812,-1.2015,-3.0813,0.4634,-0.5301,9.6319,246,0,0.15370659276867144,0.0,0.08139516503690417
0.3422,0.0771,9.5955,0.1517,1.1637,-2.7803,0.422,0.0402,9.6238,247,0,0.15370659276867144,0.0,0.07442656600308775
-0.1653,-0.7123,9.5799,0.9565,4.1898,0.711,-0.1486,-0.7062,9.6595,248,0,0.1521403958151141,0.0,0.06490355368163533
0.2618,0.6446,10.1156,-1.9467,-1.2996,-1.0322,0.2475,0.6515,10.1645,249,0,0.15309497375261916,0.0,0.08003668607684629
-0.1512,-0.1235,9.8222,5.5024,3.57,2.2906,-0.1274,0.0075,9.8069,250,0,0.15370659276867144,0.0,0.0749101133922927
0.8376,-0.2885,9.4436,-1.3635,-0.8524,-1.4788,0.8525,-0.3588,9.3253,251,0,0.10590152674242623,0.0,0.013905624251640018
0.4175,0.073,9.6788,1.5275,1.1734,-2.9358,0.3817,0.0021,9.6518,252,0,0.15370659276867144,0.0,0.012265783614189818
-0.1501,0.4946,9.8633,4.5607,-3.026,-0.7745,-0.0743,0.4982,9.8706,253,0,0.15370659276867144,0.0,0.01105851285998472
0.4179,0.0884,9.8813,2.0206,1.8979,-2.5931,0.4114,0.1444,9.7966,254,0,0.15370659276867144,0.0,0.012111144438932086
-0.4727,-0.4854,9.6761,-7.095,-3.9434,-5.0753,-0.4689,-0.51,9.7247,255,0,0.15354264561911815,0.0,0.0011344622270733264
-0.4401,-0.3686,10.2056,-1.255,5.5732,0.3025,-0.513,-0.3363,10.2123,256,0,0.15262407051682947,0.0,0.0011743028645235256
0.4869,0.0275,9.8323,3.2893,-2.2587,-1.3514,0.5246,-0.0103,9.9,257,0,0.15370659276867144,0.0,0.0011743028645235256
0.5859,0.5846,9.1501,5.2519,-0.5168,-1.7333,0.6039,0.5566,9.168,258,0,0.09042257655244254,0.0,0.0011743028645235256
0.5905,-0.2457,9.7829,-1.5806,7.344,5.779,0.6738,-0.2512,9.7084,259,0,0.1391669700752624,0.0,0.0011743028645235256
0.2898,0.1759,9.6822,0.7156,1.2173,-4.4498,0.2157,0.1127,9.6504,260,0,0.15370659276867144,0.0,0.00029514080148915466
-0.1573,-0.0987,9.785,4.6148,1.7781,-3.1606,-0.2196,-0.087,9.8341,261,0,0.15370659276867144,0.0,0.00029514080148915466
0.0769,-0.1084,9.6385,1.3435,3.0496,-1.9937,0.0497,-0.1094,9.6935,262,0,0.15370659276867144,0.0,0.010334981438939355
0.24,0.0854,9.843,4.2938,-5.8589,0.5332,0.2936,0.2327,9.8238,263,0,0.15370659276867144,0.0,0.010334981438939355
0.2485,-0.2072,9.8525,-0.5358,1.9428,-6.985,0.2641,-0.2012,9.848,264,0,0.1532405209942328,0.0,0.017834981438939353
-0.269,0.1406,9.9302,-1.0206,4.7819,-2.6054,-0.205,0.1493,9.9408,265,0,0.15370659276867144,0.0,0.00023710786924013722
-0.287,0.31,9.8378,7.597,-0.3305,2.0785,-0.305,0.3359,9.9033,266,0,0.14837066258871512,0.0,0.00016314337219871708
0.0522,-0.633,9.2245,3.4338,-5.5081,-1.2311,0.0084,-0.6737,9.2853,267,0,0.12810584796881833,0.0,0.00016314337219871708
-0.0472,-0.1338,9.8101,-2.2868,-0.5455,-0.8177,0.0005,-0.2308,9.7731,268,0,0.15370659276867144,0.0,0.00016314337219871708
-0.0023,-0.1098,9.9115,-1.5796,5.2783,0.5825,0.0458,-0.0917,9.9072,269,0,0.15370659276867144,0.0,0.00016314337219871708
-0.1344,-0.387,10.0018,3.3275,2.0395,0.0457,-0.0943,-0.4413,9.9105,270,0,0.15370659276867144,0.0,0.00016314337219871708
0.0356,-0.2456,10.0638,-2.3839,1.3034,4.1633,0.0473,-0.2291,10.0415,271,0,0.15370659276867144,0.0,0.00023909273928732468
-0.2201,0.0749,9.8978,1.8698,-0.641,-4.0673,-0.191,-0.0042,9.9215,272,0,0.15370659276867144,0.0,0.00023909273928732468
0.2212,0.231,9.8463,0.2674,-4.1159,0.6274,0.1136,0.2454,9.8533,273,0,0.15370659276867144,0.0,0.00021499635374515598
-0.1544,0.3338,9.8362,0.1676,-6.685,-1.3893,-0.1873,0.3846,9.9074,274,0,0.15370659276867144,0.0,0.00021499635374515598
1.1666,0.2005,10.0503,-3.0202,-1.7707,3.0837,1.1748,0.1164,10.0755,275,1,0.25078305023865943,0.0,0.00021499635374515598
-0.1298,-0.1567,9.8108,0.3263,1.0163,0.6866,-0.0722,-0.1513,9.8888,276,0,0.15370659276867144,0.0,0.00021499635374515598
-0.2305,-0.3884,10.2965,-1.0843,-1.2101,-4.2123,-0.2218,-0.3388,10.2661,277,0,0.14982277347988346,0.0,0.007721176304447734
-0.101,0.6081,9.6685,0.5136,1.1683,-2.3428,-0.1003,0.6567,9.6463,278,0,0.15309497375261916,0.0,0.00022117630444773456
0.2809,0.2398,9.8192,1.4204,-0.0432,-0.3869,0.2361,0.2408,9.8262,279,0,0.15370659276867144,0.0,0.007721176304447734
-0.0379,0.1258,9.6704,4.7308,3.4112,-5.4959,-0.0228,0.1775,9.7277,280,0,0.15370659276867144,0.0,0.007600045752630776
0.8279,-0.1543,10.128,4.0767,-0.3536,0.7438,0.9501,-0.1147,10.0308,281,0,0.14732249589110688,0.0,0.020221176304447735
-0.1237,0.1376,9.7441,-3.7985,-3.0039,1.8853,-0.1204,0.1514,9.801,282,0,0.15370659276867144,0.0,0.010100045752630777
-0.199,-0.1704,10.0166,2.0779,1.7416,-2.8517,-0.2752,-0.2215,9.9231,283,0,0.15370659276867144,0.0,0.010221176304447736
0.3996,0.0167,10.239,-5.5405,-0.7686,-0.0632,0.3484,-0.0114,10.2837,284,0,0.14799027000649834,0.0,0.020221176304447735
0.2083,0.1484,9.7464,-1.1952,1.9295,-4.789,0.1946,0.0645,9.728,285,0,0.15370659276867144,0.0,0.010100045752630777
-0.02,-0.346,9.9535,1.1653,0.4747,2.2705,-0.0084,-0.2889,9.9761,286,0,0.15370659276867144,0.0,0.010221176304447736
-0.332,0.2339,9.8582,3.0665,0.8853,-1.2821,-0.2993,0.2298,9.7851,287,0,0.15370659276867144,0.0,0.010221176304447736
0.0869,-0.2571,10.0769,-4.1605,-2.1186,-4.0921,-0.0094,-0.2081,10.0449,288,0,0.15370659276867144,0.0,0.01831819122982087
-0.0534,0.0672,10.0481,-0.1741,4.8897,1.2349,-0.0433,-0.0139,10.0407,289,0,0.15370659276867144,0.0,0.01081819122982087
-0.0783,0.0077,9.5643,5.2751,2.6393,-3.001,-0.1271,0.1159,9.5482,290,0,0.15370659276867144,0.0,0.02081819122982087
0.566,0.1885,9.8173,0.8821,-0.9702,2.669,0.5995,0.1164,9.8124,291,0,0.15488821094857297,0.0,0.01831819122982087
-0.2708,-0.1202,9.7489,2.8984,1.7837,-2.5284,-0.2554,-0.0614,9.7353,292,0,0.15370659276867144,0.0,0.027721176304447735
-0.2033,0.2705,9.7974,-2.4175,0.74,-3.3854,-0.2379,0.2987,9.7594,293,0,0.15370659276867144,0.0,0.0207940948442787
0.1443,-0.2442,10.1494,-0.8756,2.2414,4.982,0.2293,-0.3064,10.0438,294,0,0.15370659276867144,0.0,0.010075949367088608
0.428,0.7043,9.949,-2.1426,0.5011,-1.567,0.486,0.6351,9.9796,295,0,0.15318370441863025,0.0,0.010075949367088608
-0.1643,0.354,9.8026,-3.4375,-1.314,-4.7429,-0.1204,0.3568,9.7799,296,0,0.15370659276867144,0.0,0.017575949367088606
0.2923,0.614,9.76,7.7398,1.9807,1.725,0.3077,0.6593,9.828,297,0,0.14558065004421253,0.0,0.017575949367088606
-0.0613,-0.0149,9.6221,1.8127,0.0393,3.0275,-0.0776,-0.0228,9.7279,298,0,0.15370659276867144,0.0,0.010075949367088608
-0.0037,0.215,9.7084,4.1273,-1.8903,3.5266,0.0629,0.2512,9.7854,299,0,0.15370659276867144,0.0,0.010075949367088608
-0.1925,-0.2045,10.0627,1.3824,2.978,-0.211,-0.2162,-0.1959,10.1288,300,0,0.15370659276867144,0.0,0.010075949367088608
-0.0565,-0.3562,9.8255,-5.1722,1.4637,-1.7645,-0.0265,-0.3192,9.7941,301,0,0.15370659276867144,0.0,0.017575949367088606
0.255,0.1385,9.7524,2.0504,3.1306,0.2151,0.3114,0.1026,9.6946,302,0,0.15370659276867144,0.0,0.02757594936708861
-0.2235,0.2268,9.7073,-1.6471,0.2533,0.949,-0.1677,0.2349,9.7396,303,0,0.15370659276867144,0.0,0.007575949367088608
0.1325,-0.2117,9.924,7.3394,-3.7322,3.3124,0.0829,-0.2348,9.9513,304,0,0.15044291000608326,0.0,0.017575949367088606
-0.0414,-0.0988,10.0862,-1.6204,2.0401,-6.0693,-0.0007,-0.0367,10.0865,305,0,0.15370659276867144,0.0,0.0275
-0.0814,0.0533,9.8959,-0.4286,-1.302,-9.6319,-0.1669,0.0392,9.865,306,0,0.15022323174628213,0.0,0.010167597765363127
0.094,-0.6599,9.8746,2.9802,0.8866,-2.5596,0.0392,-0.6182,9.9774,307,0,0.1525322226720713,0.0,0.010649525476206501
0.1582,-0.0564,9.5163,-0.5401,-0.7793,-5.5152,0.1276,-0.0919,9.556,308,0,0.15370659276867144,0.0,0.011596893897259132
0.0763,0.3449,10.0251,-0.4372,4.2821,-0.1258,0.1257,0.408,10.0538,309,0,0.15370659276867144,0.0,0.011429296131896005
-0.5571,-0.1374,9.6705,-3.0251,0.3201,-1.9698,-0.5693,-0.1433,9.7544,310,0,0.15370659276867144,0.0,0.011429296131896005
-0.2927,-0.4574,9.7434,-1.165,-3.5605,-2.6739,-0.3273,-0.4706,9.6686,311,0,0.15370659276867144,0.0,0.011429296131896005
-0.2704,-0.2969,10.0313,-1.4119,2.1858,2.9078,-0.3083,-0.3276,10.0731,312,0,0.15370659276867144,0.0,0.011429296131896005
-0.1139,0.3143,9.9874,5.291,-1.7854,-4.0566,-0.0901,0.3629,9.9739,313,0,0.15370659276867144,0.0,0.011429296131896005
0.2652,-0.0058,9.5467,-0.082,-2.0847,-3.5381,0.2454,-0.0339,9.5069,314,0,0.15370659276867144,0.0,0.011550426683712964
0.1758,0.4133,9.9534,2.3538,-4.7081,0.234,0.1693,0.4391,9.9286,315,0,0.15370659276867144,0.0,0.021550426683712966
-0.5308,-0.1359,9.7512,-0.2141,2.8565,-2.1371,-0.5507,-0.1801,9.6454,316,0,0.15370659276867144,0.0,0.029550426683712962
-0.3154,0.3087,9.6821,1.5897,0.0806,-0.0744,-0.2979,0.3079,9.674,317,0,0.15370659276867144,0.0,0.03155042668371297
0.0863,-0.0801,9.8979,-0.4893,3.75,4.1959,0.054,-0.0495,9.8764,318,0,0.15370659276867144,0.0,0.03155042668371297
-0.0584,-0.1645,10.069,-0.4875,1.522,4.4261,-0.0862,-0.1342,9.9951,319,0,0.15370659276867144,0.0,0.021550426683712966
-0.2007,-0.3191,9.9408,4.7199,0.9273,0.8007,-0.2067,-0.3066,9.973,320,0,0.15370659276867144,0.0,0.021550426683712966
-0.3895,0.3395,9.5248,1.2501,0.4286,-5.2982,-0.373,0.3577,9.5421,321,0,0.15370659276867144,0.0,0.031024110894239277
-0.358,0.0788,10.0295,-2.9114,-1.5704,-3.5778,-0.2583,0.1479,10.1105,322,0,0.15370659276867144,0.0,0.03155042668371297
-0.2109,-0.4132,10.1857,-1.6632,-2.1486,-2.7188,-0.2102,-0.4138,10.095,323,0,0.15370659276867144,0.0,0.029550426683712962
-0.1559,0.2719,9.5705,-1.1636,-2.2823,0.4639,-0.1371,0.3507,9.5642,324,0,0.15370659276867144,0.0,0.050790426683712954
0.0242,-0.1307,9.6818,-2.8229,0.4335,-2.1354,0.0307,-0.1242,9.7191,325,0,0.15370659276867144,0.0,0.029843058262660337
-0.0487,-0.389,10.0534,-4.0129,-1.7609,-3.9779,-0.0235,-0.4102,10.0699,326,0,0.15370659276867144,0.0,0.03884305826266033
0.4494,0.1826,10.0908,-0.0568,2.0713,0.8649,0.4923,0.1523,10.0732,327,0,0.15370659276867144,0.0,0.018843058262660334
-0.1647,0.2274,9.9404,0.8948,-1.7093,5.0835,-0.0489,0.1727,9.849,328,0,0.15370659276867144,0.0,0.011770149698909538
-0.1411,-0.2036,9.9492,-1.0659,0.859,-0.3536,-0.0952,-0.1911,9.9642,329,0,0.15370659276867144,0.0,0.011770149698909538
0.0994,0.2456,9.9052,-0.4158,4.2537,-2.0328,0.105,0.1796,9.8815,330,0,0.15370659276867144,0.0,0.022120624222703035
-0.2301,0.4593,9.9183,-2.4021,2.9602,4.5547,-0.2432,0.4718,9.8647,331,0,0.15370659276867144,0.0,0.0425019468673914
-0.086,-0.4128,9.9056,-6.2416,-1.7592,-0.5982,-0.0472,-0.4254,9.8714,332,0,0.15370659276867144,0.0,0.04620089219748702
0.0974,0.0004,9.725,-0.8501,1.2252,3.8618,0.0371,0.0618,9.7712,333,0,0.15370659276867144,0.0,0.03989501045120642
0.5115,-0.0729,9.9443,-2.4208,1.4868,0.6065,0.5692,-0.1487,9.9191,334,0,0.15370659276867144,0.0,0.05189501045120643
-0.0526,0.3465,9.8538,0.0956,-1.6006,-0.4335,-0.0986,0.3028,9.8659,335,0,0.15370659276867144,0.0,0.052895010451206426
-0.2251,0.095,9.5638,-0.9278,-1.4971,3.925,-0.1478,0.0678,9.5998,336,0,0.15370659276867144,0.0,0.052895010451206426
0.3104,-0.3456,9.6311,2.7493,-8.9912,2.4437,0.2225,-0.4622,9.4886,337,0,0.1481535993175256,0.0,0.03232673411142747
0.1008,-0.1861,9.639,-6.7443,-0.0545,-10.0097,0.1455,-0.1092,9.6792,338,0,0.15022323174628213,0.0,0.022808661822270836
-0.2332,0.0952,10.1462,5.0473,-4.3025,3.6704,-0.2168,0.0832,10.1494,339,0,0.15370659276867144,0.0,0.021615651705334825
0.2803,0.1192,9.6302,-0.1968,-0.7586,0.9241,0.2165,0.1222,9.682,340,0,0.15370659276867144,0.0,0.032768821184820635
-0.0242,0.1738,9.9044,3.104,-2.914,0.129,-0.0869,0.2222,9.9092,341,0,0.15370659276867144,0.0,0.022808661822270836
-0.1249,-0.1737,9.8474,-0.3167,0.9529,0.9988,-0.0953,-0.1493,9.8763,342,0,0.15370659276867144,0.0,0.042768821184820636
0.0641,-0.487,9.9001,1.9132,0.6995,1.1148,0.0532,-0.4239,9.8572,343,0,0.15370659276867144,0.0,0.06276882118482063
0.3924,0.1935,9.8466,-1.7629,0.604,-0.7865,0.4246,0.2247,9.8559,344,0,0.15370659276867144,0.0,0.032768821184820635
-0.3352,0.1893,10.1189,-0.5383,0.7809,-1.8507,-0.2507,0.1894,10.0078,345,0,0.15370659276867144,0.0,0.042286893473977266
0.4681,-0.0569,9.7759,3.0861,-1.8951,-3.1235,0.5164,-0.1346,9.7314,346,0,0.15370659276867144,0.0,0.05228689347397727
0.0978,-0.0589,10.3086,-0.6082,3.0302,1.8281,0.1151,-0.0525,10.2785,347,0,0.15386926997818792,0.0,0.07205433533444239
-0.2177,0.2527,9.5891,3.0598,-3.6224,-1.0391,-0.2563,0.3019,9.5453,348,0,0.15370659276867144,0.0,0.06266127175062736
0.0199,-0.2246,10.1979,4.1504,2.6357,-0.4653,-0.1581,-0.2596,10.2071,349,0,0.15262407051682947,0.0,0.05259370418305979
-0.3992,-0.449,10.2376,-3.9057,2.6891,-4.1734,-0.4389,-0.4925,10.2944,350,0,0.14689951337417184,0.0,0.06259370418305979
0.4484,-0.3246,9.6596,-3.9255,0.7135,-2.472,0.4417,-0.444,9.632,351,0,0.15370659276867144,0.0,0.0725937041830598
-0.0998,0.1603,9.845,2.758,-2.7541,2.0931,-0.0985,0.1429,9.8466,352,0,0.15370659276867144,0.0,0.0725937041830598
0.5294,0.6731,9.9128,1.635,-0.1775,-4.3213,0.4824,0.692,9.8845,353,0,0.1532944956143425,0.0,0.05362918203062387
0.2118,-0.2816,9.7566,0.8096,-1.0338,-5.2337,0.1443,-0.3071,9.6945,354,0,0.15370659276867144,0.0,0.06302224561443891
-0.3214,-0.0031,9.6912,-6.0023,7.9209,-3.0749,-0.3249,-0.0135,9.6444,355,0,0.1445990401291337,0.0,0.08398376727528144
0.2806,-0.4347,10.2255,0.1006,-4.6447,-1.2632,0.2052,-0.4163,10.2715,356,0,0.14983440187878977,0.0,0.0919261897177039
0.1559,-0.0692,9.8395,2.0304,-0.8,7.5154,0.186,-0.0239,9.8282,357,0,0.15202204242360534,0.0,0.08648715816102527
-0.5303,-0.1832,9.6182,-1.8614,8.0404,-1.4071,-0.5141,-0.1978,9.626,358,0,0.13621946730144846,0.0,0.06510732681033543
0.0481,-0.063,9.8116,-2.7943,2.3357,1.2755,0.0488,-0.0592,9.8247,359,0,0.15370659276867144,0.0,0.0557716624746711
-0.2528,0.1093,9.7351,-0.9891,-3.0267,-4.2975,-0.2829,0.0793,9.7218,360,0,0.15370659276867144,0.0,0.06577166247467109
0.3287,0.1877,9.8902,-1.0829,0.0683,-0.6206,0.2178,0.1249,9.9314,361,0,0.15370659276867144,0.0,0.0657716624746711
-0.1654,0.5395,9.6347,-1.8542,6.5169,-3.5052,-0.1232,0.4785,9.6136,362,0,0.15355074445237718,0.0,0.0757716624746711
-0.056,0.2302,9.8429,4.3403,-3.9668,-2.2624,-0.0161,0.2743,9.7899,363,0,0.15370659276867144,0.0,0.08577166247467108
-0.2608,0.1334,9.9811,-5.9375,0.1024,2.4554,-0.3335,0.1273,9.9756,364,0,0.15370659276867144,0.0,0.0757716624746711
0.1901,-0.4614,10.1044,0.9356,2.5131,-0.1853,0.169,-0.4493,10.1485,365,0,0.15370659276867144,0.0,0.0808115031121213
-0.0727,-0.1555,9.7717,-2.0452,-2.69,-0.7306,-0.1693,-0.1226,9.6303,366,0,0.15370659276867144,0.0,0.0657716624746711
0.1129,0.0028,9.7156,2.6627,-4.8605,0.2938,0.08,0.0891,9.6178,367,0,0.15370659276867144,0.0,0.06553910433513621
0.0023,0.1016,10.0068,0.8219,-0.8878,-5.4934,-0.005,0.0499,9.9834,368,0,0.15370659276867144,0.0,0.07577166247467111
-0.173,-0.0732,10.108,0.3639,0.6973,-2.038,-0.1529,-0.092,10.0905,369,0,0.15370659276867144,0.0,0.0657716624746711
0.0196,0.0577,9.7151,4.4305,-3.7994,-0.3209,0.0374,0.0978,9.6495,370,0,0.15370659276867144,0.0,0.07577166247467111
0.0568,0.287,9.9121,-0.1734,0.9465,-2.9442,0.0888,0.2306,9.9252,371,0,0.15370659276867144,0.0,0.09253636835702403
-0.4775,0.2774,9.4988,0.6252,-1.7791,-0.8993,-0.4482,0.3831,9.4482,372,0,0.1534046229755623,0.0,0.06715149382536095
-0.2917,-0.4152,9.8552,-3.2796,1.9329,2.7463,-0.2976,-0.4171,9.9098,373,0,0.15370659276867144,0.0,0.06775843024154592
0.3947,0.2269,9.8308,4.3669,1.0339,2.5245,0.3723,0.2678,9.9069,374,0,0.15370659276867144,0.0,0.0675052890737706
-0.1223,-0.246,9.7451,-3.2684,-0.0033,-0.9501,-0.0566,-0.2024,9.7021,375,0,0.15370659276867144,0.0,0.0675052890737706
0.0736,-0.0495,9.9551,1.5754,-4.8978,1.0349,0.1138,-0.0713,9.9387,376,0,0.15370659276867144,0.0,0.06775843024154592
-0.5728,0.2879,9.5699,2.5289,0.7587,-3.5872,-0.6209,0.3318,9.516,377,0,0.15370659276867144,0.0,0.057505289073770595
0.0119,-0.5062,9.8032,1.6963,-3.0841,4.4226,0.064,-0.4863,9.7853,378,0,0.15370659276867144,0.0,0.05764365187870849
0.0932,-0.0085,9.8557,-0.6977,-2.1502,-2.0505,0.054,0.0108,9.8859,379,0,0.15370659276867144,0.0,0.056450641761772474
-0.1805,-0.1523,9.6592,-0.976,-0.9863,-6.7846,-0.2818,-0.0867,9.5903,380,0,0.1532405209942328,0.0,0.04645064176177247
-0.1239,0.0429,10.1687,-1.8093,-2.2851,3.8949,-0.0375,0.0714,10.1748,381,0,0.15370659276867144,0.0,0.056450641761772474
0.1373,-0.2263,9.7896,1.1608,-0.9578,-5.1197,0.0812,-0.2379,9.8819,382,0,0.15370659276867144,0.0,0.049972003419352665
-0.1052,-0.1057,9.7308,0.1968,-3.2755,3.0122,-0.1598,-0.0442,9.6324,383,0,0.15370659276867144,0.0,0.06569437677425304
0.0945,0.3707,9.3845,1.8133,-4.6827,-0.8018,0.0534,0.3474,9.3769,384,0,0.15020587626298496,0.0,0.056885369328290476
0.0997,-0.0425,9.7617,4.339,1.314,0.1618,0.1129,0.0531,9.8199,385,0,0.15370659276867144,0.0,0.0362784329121055
-0.4159,0.621,9.6959,3.3891,3.6135,-3.0708,-0.4331,0.5757,9.6968,386,0,0.15355074445237718,0.0,0.05321987322963958
0.0589,0.39,9.774,-0.5874,2.6698,1.85,0.1055,0.4398,9.7708,387,0,0.15370659276867144,0.0,0.04150122825047571
0.6812,0.7012,10.2269,1.0038,1.6536,3.3973,0.6925,0.7668,10.2461,388,0,0.14076724712237249,0.0,0.04498528299155235
-0.4467,0.2476,9.942,-0.438,0.6034,-1.9747,-0.3743,0.354,9.9092,389,0,0.15370659276867144,0.0,0.03344336620201815
-0.1638,-0.307,10.0905,1.4824,-5.382,2.3653,-0.1448,-0.3091,10.0712,390,0,0.15370659276867144,0.0,0.034493139078714104
0.0765,-0.1723,9.6862,1.3158,-1.7009,-3.6411,0.0765,-0.1161,9.6575,391,0,0.15370659276867144,0.0,0.03460057995546857
-0.0703,0.1592,9.8698,-2.6324,-1.971,-0.7925,-0.112,0.164,9.9214,392,0,0.15370659276867144,0.0,0.04487016858430575
-0.0835,0.138,9.6473,-0.1124,2.6397,0.6843,-0.1036,0.1214,9.623,393,0,0.15370659276867144,0.0,0.03275928459649868
-0.1191,0.1404,10.0157,0.3748,-4.9023,0.6903,-0.0781,0.1546,10.1124,394,0,0.15370659276867144,0.0,0.02407848046275052
-0.1283,0.2099,10.0702,3.4814,-1.0789,1.7381,-0.1618,0.2748,10.0657,395,0,0.15370659276867144,0.0,0.035141419611485564
-0.3396,0.6172,9.5733,1.2821,-1.1946,1.9614,-0.3376,0.6043,9.5773,396,0,0.15318370441863025,0.0,0.04521529668004348
-0.0456,-0.1426,9.9306,1.5145,-7.2738,-0.306,-0.0565,-0.1176,9.8745,397,0,0.153471543619007,0.0,0.04473974695220342
0.1054,-0.0117,9.7322,5.56,0.3928,3.2322,0.0837,-0.0763,9.7072,398,0,0.15370659276867144,0.0,0.03473974695220342
-0.416,0.0333,9.8344,1.0879,0.2117,-7.3666,-0.3447,0.0367,9.8333,399,0,0.1513602608214693,0.0,0.06473974695220343
-0.1097,-0.2299,9.9604,1.9148,-0.865,-1.1865,-0.0446,-0.2143,9.9411,400,0,0.15370659276867144,0.0,0.03805097134761441
0.0555,0.6026,9.5524,2.9923,0.9498,-3.1266,0.1765,0.6311,9.5718,401,0,0.15318370441863025,0.0,0.04854139105564361
0.466,-0.0341,9.8565,2.7513,2.4938,6.0595,0.4541,-0.1598,9.8867,402,0,0.15370659276867144,0.0,0.03885389105564361
0.0455,-0.0183,9.9403,1.859,1.5235,3.4927,0.1004,-0.0876,9.9722,403,0,0.15370659276867144,0.0,0.02798189574973897
0.1337,0.0946,9.5751,-6.1496,2.7661,-0.2708,0.2305,0.0703,9.5605,404,0,0.15370659276867144,0.0,0.03786061695790933
0.1209,-0.1104,9.9322,6.2525,0.1285,1.245,0.1203,-0.069,9.9885,405,0,0.15370659276867144,0.0,0.02788337358225128
-0.1696,0.5219,9.6836,5.2297,-0.4102,-3.6364,-0.2496,0.5161,9.6918,406,0,0.15370659276867144,0.0,0.03783699351510209
0.1588,-0.4103,9.7573,-3.2111,-9.1505,-4.38,0.0963,-0.4202,9.7989,407,0,0.14843464506915963,0.0,0.028713119192831565
0.0729,-0.0493,9.7635,4.3265,2.8072,-3.7955,0.0608,0.034,9.7962,408,0,0.15370659276867144,0.0,0.05699448243054857
0.3333,-0.093,9.8652,0.7152,2.4355,-3.1204,0.3759,-0.0261,9.7754,409,0,0.15370659276867144,0.0,0.04766450685057299
-0.203,0.0199,10.0633,1.1206,-4.0324,-0.3514,-0.2743,0.0158,10.1047,410,0,0.15370659276867144,0.0,0.027977006850572986
-0.6222,0.1126,9.8953,-5.9173,-2.6175,3.7684,-0.5857,0.058,9.8926,411,0,0.1537691488359536,0.0,0.023797902372961047
-0.2119,-0.2908,9.9259,-0.0317,0.5542,0.6198,-0.0976,-0.2645,9.9624,412,0,0.15370659276867144,0.0,0.04643863255827882
-0.5023,0.203,9.7373,-1.864,2.0495,-1.2906,-0.4778,0.1282,9.7043,413,0,0.15370659276867144,0.0,0.05643863255827882
-0.3721,0.4948,9.8068,-3.5714,-4.1653,-0.4779,-0.384,0.4792,9.8519,414,0,0.15370659276867144,0.0,0.05643863255827882
0.2011,-0.0795,9.7862,2.5939,-1.8878,4.906,0.1912,-0.1627,9.8105,415,0,0.15370659276867144,0.0,0.06612613255827882
0.133,0.5328,9.797,0.5204,3.2573,1.7673,0.1299,0.5137,9.8005,416,0,0.15355074445237718,0.0,0.05643863255827882
-0.2705,-0.2305,10.0412,-3.5932,-1.9906,-2.6178,-0.2651,-0.2185,10.1093,417,0,0.15370659276867144,0.0,0.06643863255827881
-0.0801,0.1926,9.829,-0.3038,0.1582,-1.3487,-0.0757,0.2129,9.8087,418,0,0.15370659276867144,0.0,0.056438632558278815
-0.0508,0.1901,9.863,-0.3855,6.3488,-2.3932,-0.1332,0.2235,9.8889,419,0,0.15370659276867144,0.0,0.03797700685057299
-0.6471,-0.0014,10.0707,-0.0994,6.1511,3.2906,-0.6702,-0.038,10.1715,420,0,0.1533665032347707,0.0,0.004820908783302125
0.3663,0.2113,9.9374,2.9706,5.2456,1.0355,0.3481,0.1922,9.9793,421,0,0.15370659276867144,0.0,0.013893084371577893
0.2572,0.0125,10.0491,-4.54,-2.4385,2.5016,0.293,0.0399,9.9858,422,0,0.15370659276867144,0.0,0.014803968359384957
-0.378,-0.1678,10.0084,1.166,-0.3426,3.0429,-0.4002,-0.1737,10.0007,423,0,0.15370659276867144,0.0,0.03571208801750462
0.7224,-0.0727,9.9849,3.3312,1.376,0.6491,0.7034,-0.1433,9.9625,424,0,0.15557955017382005,0.0,0.03293726756813387
0.2646,0.003,10.1214,-1.7505,3.5003,-2.0794,0.2506,0.0519,10.0506,425,0,0.15370659276867144,0.0,0.012976102519590176
0.1771,0.0599,9.3757,2.2289,2.669,-5.4248,0.0704,0.0682,9.3414,426,0,0.14491511447448688,0.0,0.02199125403474169
0.2653,-0.31,9.6525,-5.5879,-4.8355,2.597,0.3395,-0.3217,9.6216,427,0,0.15370659276867144,0.0,0.023157047787914088
-0.1741,0.0164,9.8305,-1.3038,-1.4531,1.5099,-0.1657,0.0396,9.889,428,0,0.15370659276867144,0.0,0.03283721363070129
0.2256,-0.0388,9.9135,-3.1005,-2.6847,-3.1813,0.1942,-0.0245,9.9705,429,0,0.15370659276867144,0.0,0.011951571495059153
-0.5146,-0.4881,9.9883,3.9446,-3.1143,-0.4273,-0.4766,-0.4112,9.9143,430,0,0.15370659276867144,0.0,0.013290460383948042
-0.3773,-0.0912,9.5474,4.6734,-2.9554,3.6662,-0.3724,-0.1403,9.6302,431,0,0.15370659276867144,0.0,0.02199125403474169
0.1946,-0.1042,9.8827,4.7425,1.4445,3.6412,0.1154,-0.0861,9.8029,432,0,0.15370659276867144,0.0,0.013290460383948042
-0.0919,0.1309,9.5949,-0.5178,-3.1151,0.4076,-0.0981,0.1725,9.6601,433,0,0.15370659276867144,0.0,0.013290460383948042
0.1517,-0.1347,9.9745,-1.6368,3.1692,1.5142,0.1055,-0.0055,10.0067,434,0,0.15370659276867144,0.0,0.0031515714950591527
-0.6796,0.3264,10.0688,-2.5891,1.8325,0.288,-0.6057,0.3363,10.1104,435,0,0.1537691488359536,0.0,0.0017839737296960242
0.6447,0.2175,9.74,0.5097,1.142,-0.4706,0.6747,0.1769,9.6488,436,0,0.15375371926153927,0.0,0.004164926110648406
0.1435,-0.4623,9.102,1.708,-0.5689,-1.1213,0.1535,-0.4243,9.0716,437,1,0.07163714498179824,0.0,0.011630717024715182
0.4839,0.2091,10.0139,1.7758,-3.8274,-2.5496,0.4705,0.199,10.0083,438,0,0.15370659276867144,0.0,0.05792055766216539
-0.479,0.0286,9.6941,2.2241,2.9855,-5.7916,-0.512,0.0113,9.8162,439,0,0.15370659276867144,0.0,0.04379425771689991
-0.1631,0.1645,9.4623,1.4675,-3.4052,-1.3616,-0.2077,0.1728,9.345,440,0,0.14475894433023784,0.0,0.033794257716899916
0.1789,0.2296,9.6984,4.1142,0.3765,6.439,0.1714,0.2505,9.6878,441,0,0.15314501477372658,0.0,0.033794257716899916
-0.301,-0.2564,9.7817,-1.8736,-0.0298,2.3539,-0.28,-0.327,9.8843,442,0,0.15370659276867144,0.0,0.043794257716899924
-0.2392,-0.1439,9.8753,-0.0464,-3.7222,-0.5269,-0.2755,-0.1433,9.9274,443,0,0.15370659276867144,0.0,0.043794257716899924
0.1763,0.2215,9.7857,-3.4765,-1.9581,-1.5895,0.189,0.2639,9.7924,444,0,0.15370659276867144,0.0,0.05792055766216539
-0.3954,-0.2145,9.6527,3.6739,-3.8951,4.5727,-0.4884,-0.3009,9.7483,445,0,0.15370659276867144,0.0,0.05799650702925399
0.0383,0.2297,9.8386,-0.1687,-0.0475,-2.4225,0.1044,0.2075,9.8195,446,0,0.15370659276867144,0.0,0.04379425771689991
0.0809,0.0072,9.98,-4.6012,2.8182,-0.1444,0.1075,-0.0277,10.0028,447,0,0.15370659276867144,0.0,0.04379425771689991
-0.3269,-0.3793,9.7898,1.1971,1.5346,1.8919,-0.253,-0.4285,9.7791,448,0,0.15370659276867144,0.0,0.04379425771689991
-0.4569,-0.575,9.6629,-0.1621,-4.0985,3.4272,-0.4274,-0.555,9.726,449,0,0.15370659276867144,0.0,0.007996507029253988
-0.2996,0.2234,9.4276,-0.3762,1.6305,-3.9805,-0.2885,0.2338,9.4576,450,0,0.15370659276867144,0.0,0.007996507029253988
-0.0454,-0.1106,9.703,2.6805,3.8951,-0.9015,0.004,-0.0621,9.6812,451,0,0.15370659276867144,0.0,0.043794257716899924
-0.0474,-0.2039,9.8635,0.4127,0.2977,0.4526,-0.1466,-0.2295,9.87,452,0,0.15370659276867144,0.0,0.043794257716899924
0.0672,-0.2606,10.051,-1.6327,0.552,-3.201,0.1519,-0.2902,10.07,453,0,0.15370659276867144,0.0,0.04379425771689991
-0.1277,0.2666,9.6622,3.193,-0.5885,3.4421,-0.1515,0.3054,9.7759,454,0,0.15370659276867144,0.0,0.02792055766216538
0.5813,-0.0624,9.9646,3.6823,-0.2441,2.7114,0.5771,-0.1031,9.9831,455,0,0.15208732668341593,0.0,0.038578201593274034
0.1251,0.2026,9.8044,4.2102,-2.7701,3.6212,0.1214,0.2293,9.8666,456,0,0.15370659276867144,0.0,0.03384496523182359
0.3074,-0.088,9.9007,0.4097,-1.7057,-0.4515,0.2495,-0.1212,9.9007,457,0,0.15370659276867144,0.0,0.03198066613638587
0.1052,-0.4702,9.4459,-6.1279,-4.2699,0.0321,0.0965,-0.4271,9.4492,458,0,0.1534046229755623,0.0,0.04249899125358989
-0.0495,-0.2701,9.8555,8.6572,2.5648,2.0399,-0.0238,-0.2811,9.827,459,0,0.12147059343631422,0.0,0.032425026756548465
0.2989,-0.1786,9.8086,0.9821,-4.2228,2.0913,0.2182,-0.1972,9.7869,460,0,0.15370659276867144,0.0,0.032425026756548465
-0.1507,-0.1966,9.9977,-1.2789,-1.7419,2.9522,-0.0784,-0.1606,9.961,461,0,0.15370659276867144,0.0,0.022425026756548467
0.4253,0.2473,9.684,0.838,-0.751,-1.6043,0.3972,0.2717,9.773,462,0,0.15370659276867144,0.0,0.022425026756548467
0.2655,-0.0948,9.781,-5.4497,2.9287,0.925,0.2324,-0.0533,9.8023,463,0,0.15370659276867144,0.0,0.03234907738945986
-0.5688,0.3768,9.8134,5.4968,3.597,2.7298,-0.568,0.3407,9.8254,464,0,0.15370659276867144,0.0,0.03222794683764289
-0.3283,-0.1116,9.8479,-1.8704,4.1884,-4.5618,-0.3051,-0.1361,9.8877,465,0,0.15370659276867144,0.0,0.0323038962047315
0.104,-0.0912,9.6583,0.3168,-1.8144,1.81,0.1233,-0.1177,9.6843,466,0,0.15370659276867144,0.0,0.03222794683764289
0.0031,0.5223,9.7722,-1.6095,1.6452,5.2291,0.0108,0.522,9.7679,467,0,0.15355074445237718,0.0,0.03163093191226976
0.5762,0.3669,9.3801,2.9146,4.7841,-5.3431,0.5585,0.4568,9.442,468,0,0.1492381672110933,0.0,0.03170688127935837
-0.1243,0.1291,9.9535,-2.6828,3.0498,4.6564,-0.173,0.1324,9.9348,469,0,0.15370659276867144,0.0,0.03166704064190817
0.1183,0.3478,10.0866,1.8453,0.6869,-0.8095,0.1993,0.3938,10.0621,470,0,0.15370659276867144,0.0,0.01856244604731358
-0.173,0.1877,10.0064,3.9468,-1.5093,1.1472,-0.2137,0.1685,9.9801,471,0,0.15370659276867144,0.0,0.0022364966802249715
-0.0326,0.0817,9.7675,0.8333,2.5688,-5.6828,-0.0036,0.1183,9.8129,472,0,0.15370659276867144,0.0,0.008486496680224973
0.0447,0.2233,9.1041,2.2619,-2.4316,-4.8777,0.0667,0.2381,9.1503,473,0,0.08135011505345682,0.0,0.01852633731767517
0.6584,0.2606,9.8824,0.0425,-2.2635,-7.1847,0.6516,0.2151,9.7769,474,0,0.15427095817470304,0.0,0.026614572611792817
0.4266,-0.327,10.0429,-1.1423,2.3306,6.8082,0.5086,-0.3889,10.1355,475,0,0.15314501477372658,0.0,0.008526337317675173
-0.4748,-0.1072,9.9955,0.1269,-0.3751,0.2206,-0.3713,-0.0928,10.0363,476,0,0.15370659276867144,0.0,0.002352286684763779
-0.1485,-0.1892,9.5263,-0.2003,-4.5227,2.6677,-0.0466,-0.2093,9.6133,477,0,0.15370659276867144,0.0,0.01036457261179282
-0.042,0.4137,9.7527,-0.0194,-0.1357,-2.3752,-0.0593,0.4748,9.7371,478,0,0.15370659276867144,0.0,0.009973417236580738
-0.1985,0.0224,10.1948,-4.9867,-3.8966,2.6129,-0.1959,-0.0254,10.2707,479,0,0.15135784453201792,0.0,0.01606244604731358
-0.2352,-0.1954,10.0099,0.2824,1.5098,3.1744,-0.22,-0.2152,10.0631,480,0,0.15370659276867144,0.0,0.00235762723204193
0.3688,-0.301,10.1608,0.4845,1.958,-3.5682,0.454,-0.3453,10.1039,481,0,0.15370659276867144,0.0,0.00223143236653355
0.1036,-0.2711,9.7763,-4.8215,2.1202,-0.0549,0.0633,-0.3213,9.8135,482,0,0.15370659276867144,0.0,0.01255210704474986
0.1076,-0.2704,9.6557,-0.1602,-3.6895,-1.1296,0.1577,-0.2782,9.5736,483,0,0.15370659276867144,0.0,0.02247341723658074
0.1544,-0.0639,9.8864,-0.217,-0.7882,1.118,0.1165,-0.1283,9.8774,484,0,0.15370659276867144,0.0,0.022307381733622157
-0.0137,-0.1651,9.7053,2.5837,2.0644,1.6942,-0.0462,-0.2281,9.7121,485,0,0.15370659276867144,0.0,0.00804767762836473
-0.131,-0.4465,9.7608,-1.5115,-6.0752,3.2622,-0.0436,-0.3992,9.7478,486,0,0.15370659276867144,0.0,0.03260435253200935
0.0904,0.093,9.5983,0.8823,1.6599,5.1659,0.1122,0.1969,9.5331,487,0,0.15370659276867144,0.0,0.03248322198019239
0.0904,0.0214,9.7553,-1.9081,-4.7152,-4.3132,0.1299,-0.0144,9.7477,488,0,0.15370659276867144,0.0,0.0524832219801924
-0.0416,-0.2145,9.84,-0.7262,-5.3587,1.6057,-0.0802,-0.3474,9.8126,489,0,0.15370659276867144,0.0,0.012847047344017757
-0.1024,0.6459,9.995,3.7385,-0.0907,-0.4503,-0.1355,0.69,9.9268,490,0,0.15171901417093417,0.0,0.02477328295646169
0.1342,0.0423,9.8961,-0.1678,2.3797,-3.1569,0.2117,0.1157,9.9023,491,0,0.15370659276867144,0.0,0.01455553073944955
0.5444,-0.4219,9.6472,4.5364,5.3968,-2.0703,0.564,-0.4084,9.5871,492,0,0.15361879978792273,0.0,0.03453328295646169
-0.1031,0.2825,9.6789,1.2336,3.6501,3.489,-0.1727,0.2898,9.6302,493,0,0.15370659276867144,0.0,0.03453328295646169
0.4107,0.4864,10.1014,0.013,-0.9955,1.7062,0.4123,0.4975,10.0806,494,0,0.15370659276867144,0.0,0.014607247453503114
-0.4584,0.1762,9.9938,0.2733,-1.1794,-2.4022,-0.5382,0.1831,10.0402,495,0,0.15370659276867144,0.0,0.012955530739449552
-0.0934,-0.6151,10.1211,2.271,3.8874,2.7071,-0.0644,-0.5342,10.1951,496,0,0.15331964613629592,0.0,0.02274098216655134
0.0859,-0.1259,10.2135,-3.8656,4.0386,2.3564,0.0861,-0.1512,10.2597,497,0,0.15135784453201792,0.0,0.02274098216655134
0.3998,-0.1139,9.3369,0.4658,3.9577,-3.6756,0.4333,-0.1209,9.3208,498,0,0.15040681259013428,0.0,0.02274098216655134
0.0475,-0.1676,10.3592,-8.6147,2.6216,-0.2466,0.0358,-0.2039,10.3773,499,0,0.10034405676266939,0.0,0.002420469346038521
0.3997,-0.2408,9.9922,1.2243,2.6858,-0.5302,0.4301,-0.197,9.9459,500,0,0.15370659276867144,0.0,0.02248803691360609
-0.2928,0.3292,9.8127,4.1523,-2.3918,1.4956,-0.3209,0.3652,9.8278,501,0,0.15370659276867144,0.0,0.02252787755105629
-0.1675,-0.4183,10.0195,-4.7874,2.3648,3.4804,-0.2316,-0.4789,10.0258,502,0,0.15370659276867144,0.0,0.02252787755105629
-0.0314,-0.0049,9.7467,5.3163,0.3781,-0.4341,-0.0065,0.0079,9.794,503,0,0.15370659276867144,0.0,0.012527877551056287
0.2845,0.3434,9.7257,-0.2727,-1.024,0.3458,0.2532,0.3599,9.7285,504,0,0.15370659276867144,0.0,0.0225667125025126
-0.1337,0.0424,9.8739,-6.0704,-0.733,-1.3748,-0.1387,0.0912,9.8408,505,0,0.15370659276867144,0.0,0.002527877551056288
0.0617,0.2315,9.7639,-5.0341,0.5717,0.941,0.118,0.2152,9.7135,506,0,0.15370659276867144,0.0,0.002527877551056288
0.0292,-0.7621,9.972,-4.3211,-2.3626,-1.4402,0.0846,-0.7698,9.9548,507,0,0.15084513944415265,0.0,0.002969964624449462
-0.1775,0.0802,10.0978,-3.8399,2.2272,-0.5484,-0.2424,0.1161,10.0656,508,0,0.15370659276867144,0.0,0.012969964624449461
0.1676,0.069,10.1002,-4.9829,-0.0378,0.5164,0.1889,0.0736,10.077,509,0,0.15370659276867144,0.0,0.013241703754884244
0.1493,0.2032,10.0144,0.4625,3.634,1.8991,0.1946,0.12,9.9978,510,0,0.15370659276867144,0.0,0.013241703754884244
0.4753,0.2792,9.2482,-2.5171,-1.2828,-1.7919,0.5533,0.2557,9.2067,511,0,0.10166132802026916,0.0,0.031708444029582825
0.285,-0.1154,9.7304,-2.0501,-1.8636,1.5966,0.2697,-0.2025,9.734,512,0,0.15370659276867144,0.0,0.03198018316001761
0.1764,-0.1105,10.0793,1.2825,-3.9375,7.0787,0.1736,-0.1139,10.1469,513,0,0.15314501477372658,0.0,0.03198018316001761
0.1366,0.115,9.9115,-0.683,-3.8378,-2.0045,0.1485,0.1707,9.9295,514,0,0.15370659276867144,0.0,0.031980183160017606
0.037,0.2615,9.66,1.5359,-0.189,0.2524,0.0806,0.2606,9.655,515,0,0.15370659276867144,0.0,0.022212741299552488
0.4228,0.1316,9.8814,1.6606,-3.6205,-9.9215,0.508,0.1421,9.8846,516,0,0.1488870248497304,0.0,0.05261510379493824
0.3979,0.2809,9.5312,7.3014,4.0644,-3.1856,0.3908,0.2797,9.5112,517,0,0.15089402828038864,0.0,0.041760442773600664
-0.1089,-0.2272,9.917,-3.4429,1.6633,0.664,-0.1125,-0.2062,9.842,518,0,0.15370659276867144,0.0,0.02895439580089974
-0.3248,0.0211,9.6696,-0.515,-0.7689,-3.0926,-0.308,0.1124,9.6914,519,0,0.15370659276867144,0.0,0.048106560521376004
-0.6225,-0.4436,10.0455,-0.6629,-1.9252,-6.3263,-0.6284,-0.4355,10.077,520,0,0.1537691488359536,0.0,0.02858602769829682
0.1095,0.2557,10.1007,-2.9584,-2.281,-5.2157,0.1791,0.2367,10.0316,521,0,0.15370659276867144,0.0,0.027973208731047475
-0.4751,0.2629,9.7419,2.1061,0.266,-1.5922,-0.5028,0.2969,9.7144,522,0,0.15370659276867144,0.0,0.016946892941573796
-0.0768,-0.4535,9.9095,4.1726,0.0679,4.937,-0.1343,-0.4349,9.9154,523,0,0.15370659276867144,0.0,0.0021408459688728627
0.2446,-0.1039,9.9299,1.2836,-2.2417,-0.0111,0.2701,-0.0172,9.8766,524,0,0.15370659276867144,0.0,0.009280100273515916
0.546,0.5139,9.8614,2.5047,3.1304,-0.0805,0.5704,0.5085,9.8005,525,0,0.15361879978792273,0.0,0.009492866230962725
0.0839,0.3044,10.0519,5.8529,0.5682,4.5496,0.056,0.2917,10.0608,526,0,0.15370659276867144,0.0,0.003214369363535052
0.322,0.3208,9.7045,2.9449,3.4843,-0.4834,0.4171,0.3868,9.6668,527,0,0.15370659276867144,0.0,0.0038601407311763336
-0.0411,0.2474,9.776,-6.5012,3.678,3.0846,-0.0928,0.2431,9.7283,528,0,0.15370659276867144,0.0,0.013040438357544553
0.4841,0.4774,10.242,0.2827,3.3828,0.3943,0.4434,0.5085,10.2266,529,0,0.1526504524297057,0.0,0.034754501466231734
-0.1555,-0.1157,9.8839,-2.0023,3.6196,1.0447,-0.0868,-0.1885,9.8596,530,0,0.15370659276867144,0.0,0.02475450146623174
-0.1177,0.4847,10.1189,5.6644,-3.1854,5.4871,-0.1556,0.4918,10.1343,531,0,0.15370659276867144,0.0,0.0047156665147754274
-0.4905,0.3308,9.8051,3.767,-7.3874,0.0033,-0.4495,0.2616,9.82,532,0,0.153471543619007,0.0,0.003582660099492635
-0.3175,0.1166,9.8129,3.519,1.0083,-1.1556,-0.2871,0.0781,9.8945,533,0,0.15370659276867144,0.0,0.011430516495449414
0.1536,-0.1656,9.8453,-3.5033,2.7119,-2.8639,0.1651,-0.1511,9.9005,534,0,0.15370659276867144,0.0,0.012112644735558556
0.1314,-0.1632,9.8484,-1.7739,1.7277,-0.8331,0.1816,-0.2363,9.7909,535,0,0.15370659276867144,0.0,0.011430516495449414
0.3839,0.458,9.6642,3.1991,-5.5175,-6.3352,0.421,0.4672,9.7108,536,0,0.15370659276867144,0.0,0.010948588784606039
-0.0559,-0.7905,9.4667,-0.6611,3.3317,4.2538,-0.0361,-0.7744,9.428,537,0,0.14570998768192447,0.0,0.0009485887846060409
-0.6712,-0.0068,9.4458,-3.1153,5.2029,-2.1256,-0.718,0.0157,9.4121,538,0,0.13546082575775847,0.0,0.01084938243539969
-0.029,0.1061,9.8011,2.8608,-0.1211,-2.6614,-0.1115,0.1389,9.869,539,0,0.15370659276867144,0.0,0.02227795386397112
-0.459,0.1418,9.851,-2.7665,1.4994,2.9518,-0.3859,0.1203,9.8817,540,0,0.15370659276867144,0.0,0.011565928547515423
0.0573,-0.1799,9.7544,-1.0809,5.9134,-3.8376,0.0057,-0.1765,9.6911,541,0,0.15370659276867144,0.0,0.02094858878460604
0.5022,0.0126,9.8164,3.984,-3.0321,-2.5708,0.4621,0.1317,9.7663,542,0,0.15370659276867144,0.0,0.011536824078723687
0.1272,0.1684,10.0083,0.5094,-2.0332,5.448,0.1868,0.0767,9.9937,543,0,0.15370659276867144,0.0,0.011536824078723687
0.072,0.1812,9.8351,-4.5943,-5.5356,-0.3033,0.1437,0.0991,9.8723,544,0,0.15370659276867144,0.0,0.02094858878460604
-0.3298,-0.1423,9.9711,-2.9822,0.3153,-3.9113,-0.2877,-0.1789,9.9738,545,0,0.15370659276867144,0.0,0.02221895231883283
-0.4405,-0.5233,9.9939,-4.6168,4.2921,-0.4764,-0.4914,-0.4602,9.9012,546,0,0.15370659276867144,0.0,0.02221895231883283
-0.4443,0.4702,10.1761,-4.9861,0.629,-3.9105,-0.4384,0.5087,10.1778,547,0,0.15370659276867144,0.0,0.02221895231883283
0.3262,-0.3709,9.6324,2.8368,-2.0841,2.2576,0.281,-0.3901,9.5777,548,0,0.15370659276867144,0.0,0.021630717024715182
-0.254,-0.1827,9.6961,3.3586,0.2736,-0.8495,-0.2306,-0.1604,9.6422,549,0,0.15370659276867144,0.0,0.0186319957970937
-0.2574,0.2328,9.9323,-7.0209,4.0821,-0.6392,-0.2145,0.2867,9.877,550,0,0.15370659276867144,0.0,0.0186319957970937
-0.2606,0.359,10.1158,-5.5856,0.8609,2.0475,-0.2902,0.4373,10.0704,551,0,0.15370659276867144,0.0,0.0186319957970937
-0.1058,-0.2075,9.945,-1.4476,0.7833,-6.0336,-0.1901,-0.2112,9.9554,552,0,0.15370659276867144,0.0,0.0186319957970937
-0.4297,-0.0966,9.7387,-0.4985,1.4786,-5.3249,-0.5465,-0.1057,9.7017,553,0,0.15370659276867144,0.0,0.01721895231883283
0.2504,-0.1794,9.7448,0.1085,2.1575,-3.1507,0.2244,-0.2517,9.7403,554,0,0.15370659276867144,0.0,0.01663071702471518
-0.0727,-0.2008,9.6917,5.9307,-2.4835,1.7437,-0.0891,-0.2688,9.7344,555,0,0.15370659276867144,0.0,0.027218952318832833
-0.1738,-0.084,9.8783,6.1987,-2.074,0.5225,-0.2616,-0.0987,9.8862,556,0,0.15370659276867144,0.0,0.01721895231883283
0.2224,-0.5768,9.7313,3.4141,3.8434,0.2584,0.2562,-0.6004,9.6965,557,0,0.15360476376730087,0.0,0.01663071702471518
0.0966,-0.2,9.9216,-3.844,-2.3828,1.1026,0.1727,-0.1883,9.9058,558,0,0.15370659276867144,0.0,0.026630717024715183
-0.182,0.023,9.8295,-1.6776,-3.0401,0.3854,-0.1863,-0.0291,9.7945,559,0,0.15370659276867144,0.0,0.025241828135826296
0.0217,-0.201,9.9289,-6.0995,0.7059,0.5994,0.0391,-0.2147,9.8206,560,0,0.15370659276867144,0.0,0.01663071702471518
-0.3715,0.0596,9.8788,8.6517,0.7914,1.845,-0.3109,0.1209,9.8401,561,0,0.12147059343631422,0.0,0.011630717024715182
0.0027,0.2427,9.9352,-2.9092,-1.6073,1.1997,-0.0232,0.2038,9.9104,562,0,0.15370659276867144,0.0,0.011630717024715182
0.2769,0.0279,10.101,-4.6694,-0.8048,-0.2766,0.2941,0.0558,10.1359,563,0,0.15370659276867144,0.0,0.011630717024715182
-0.5629,0.2308,10.0109,-2.3281,-1.2379,1.6023,-0.6049,0.1484,9.9952,564,0,0.15370659276867144,0.0,0.011630717024715182
-0.2289,0.2004,9.8656,-0.2846,-0.1431,-3.353,-0.2701,0.1491,9.8369,565,0,0.15370659276867144,0.0,0.011630717024715182
0.3508,-0.1135,10.0668,-0.7608,3.7247,0.3771,0.3558,-0.0781,10.0255,566,0,0.15370659276867144,0.0,0.011531510675508831
0.4447,-0.5321,9.4783,-6.8589,3.2532,0.2394,0.4243,-0.5475,9.4383,567,0,0.1534046229755623,0.0,0.021531510675508833
-0.3022,0.0713,10.1095,-0.1281,-3.1418,3.5269,-0.3327,0.0611,10.0857,568,0,0.15370659276867144,0.0,0.011531510675508831
-0.0764,0.3977,10.099,-1.4195,-1.3412,-4.551,-0.1023,0.4325,10.1021,569,0,0.15370659276867144,0.0,0.011531510675508831
0.2443,0.1885,9.7093,-0.2975,3.0795,0.3984,0.2235,0.189,9.8223,570,0,0.15370659276867144,0.0,0.011531510675508831
-0.0875,0.0592,9.6292,-0.7994,4.0036,-2.4006,-0.0923,0.1053,9.5504,571,0,0.15370659276867144,0.0,0.011531510675508831
0.4991,-0.2434,9.4105,-0.3873,0.7768,-2.3319,0.4286,-0.1745,9.4477,572,0,0.1534046229755623,0.0,0.011531510675508831
-0.0172,-0.2881,9.7894,2.6445,0.7691,-3.5023,0.0063,-0.3191,9.8039,573,0,0.15370659276867144,0.0,0.011531510675508831
-0.1024,0.3355,9.8703,3.5291,-3.7442,1.5568,-0.1736,0.3761,9.8994,574,0,0.15370659276867144,0.0,0.011531510675508831
-0.0728,-0.0938,9.7846,-0.8705,-0.7463,-2.79,-0.1224,-0.0518,9.7708,575,0,0.15370659276867144,0.0,0.011531510675508831
0.1551,-0.5086,9.9306,1.1279,1.6508,-1.8188,0.1903,-0.5111,9.9441,576,0,0.15370659276867144,0.0,0.011531510675508831
0.1034,0.2293,10.1019,-2.8162,-5.1211,1.6908,0.0799,0.2719,10.1068,577,0,0.15370659276867144,0.0,0.011531510675508831
-0.1493,0.0804,9.7896,-3.0634,-2.9991,4.2926,-0.174,0.0313,9.8022,578,0,0.15370659276867144,0.0,0.011531510675508831
-0.4313,-0.0525,10.2065,-1.7703,-0.1864,-2.0621,-0.4142,-0.0708,10.2457,579,0,0.1526504524297057,0.0,0.042557826464982525
0.0501,-0.2309,9.8021,-0.3453,-4.1901,2.9552,0.1531,-0.2557,9.8668,580,0,0.15370659276867144,0.0,0.04153151067550884
0.2103,0.1648,10.1425,-1.0482,-3.4088,-0.2884,0.2324,0.1651,10.2511,581,0,0.1526504524297057,0.0,0.03212852560088197
0.139,0.2574,9.6307,5.3207,0.0596,1.4465,0.1783,0.2403,9.6512,582,0,0.15370659276867144,0.0,0.03143298850802115
-0.0002,0.2513,9.7878,-5.565,1.7923,2.0581,0.0631,0.2849,9.7473,583,0,0.15370659276867144,0.0,0.03106515074092999
-0.2009,-0.0599,9.916,0.5607,0.0841,-2.5012,-0.219,-0.1307,9.8834,584,0,0.15370659276867144,0.0,0.03245930429749483
0.1825,-0.0424,9.9836,-0.9085,-0.5108,1.6695,0.1145,0.05,9.9821,585,0,0.15370659276867144,0.0,0.03245930429749483
0.168,-0.0458,9.7668,-0.2136,-1.4074,-5.9196,0.1746,-0.0727,9.7659,586,0,0.15370659276867144,0.0,0.04528647980981435
-0.0298,-0.0902,10.1125,-2.3657,-4.9714,-6.5386,-0.1225,-0.1501,10.1624,587,0,0.1532405209942328,0.0,0.020723153320918685
0.2639,0.2783,10.0382,-7.3988,4.4088,4.8589,0.242,0.3289,10.1049,588,0,0.1519533231313492,0.0,0.030555555555555555
0.0381,0.3204,9.8007,0.6046,-2.9738,0.1744,-0.0162,0.3077,9.7955,589,0,0.15370659276867144,0.0,0.020555555555555553
0.0814,0.0902,9.8097,-1.2521,-0.1097,4.4754,0.0446,0.0376,9.7689,590,0,0.15370659276867144,0.0,0.04055555555555555
0.4619,0.2455,9.7948,-2.2561,-4.836,-0.7073,0.4442,0.2826,9.803,591,0,0.15370659276867144,0.0,0.03626984126984127
0.2227,-0.2086,9.7526,6.9072,-5.0542,-9.2757,0.1687,-0.1652,9.6328,592,0,0.14803229871725848,0.0,0.030555555555555555
0.3832,0.0777,9.4772,0.1967,8.086,-0.9871,0.3755,0.114,9.5163,593,0,0.14307479091376257,0.0,0.0609429335406989
0.3675,-0.1901,10.2752,1.7825,-3.5243,-2.9178,0.3432,-0.2524,10.3209,594,0,0.1168875564278682,0.0,0.0217625448338386
-0.083,-0.5609,9.9646,-3.6479,-0.2115,-2.7093,-0.1254,-0.5823,9.9853,595,0,0.15360476376730087,0.0,0.026489621489621484
-0.1006,0.3821,9.9572,-1.6229,-4.6187,-2.2669,-0.112,0.4155,9.9703,596,0,0.15370659276867144,0.0,0.030815176412785972
0.2454,0.1855,9.7739,-0.4182,1.3044,1.2781,0.2878,0.1199,9.744,597,0,0.15370659276867144,0.0,0.021050341745716673
0.4617,0.1716,9.7922,3.6671,-5.5019,7.0584,0.4619,0.2035,9.8172,598,0,0.15314501477372658,0.0,0.023817427467824406
0.3968,0.024,9.9398,3.9572,3.1573,1.3258,0.4356,0.025,9.9027,599,0,0.15370659276867144,0.0,0.032880598933230504
0.3709,0.2296,9.98,0.7066,2.1367,-0.1862,0.4369,0.2829,9.902,600,0,0.15370659276867144,0.0,0.023717397270028848
-0.1666,-0.066,9.7476,0.2971,2.7582,-2.0439,-0.2288,-0.068,9.6586,601,0,0.15370659276867144,0.0,0.01311576426616121
-0.3225,0.4111,9.5166,-1.9426,2.0699,-1.6672,-0.3553,0.3537,9.455,602,0,0.1534046229755623,0.0,0.014063132687213842
0.2693,-0.118,9.9279,2.3616,6.261,-3.3987,0.2515,-0.0663,9.943,603,0,0.15370659276867144,0.0,0.01311576426616121
0.5946,0.3096,9.6913,-3.7311,-4.0966,-1.1545,0.5533,0.2804,9.7477,604,0,0.15208732668341593,0.0,0.0035602087106056525
-0.4579,-0.0237,9.2603,-3.0794,-0.9554,-2.7212,-0.4941,-0.0621,9.2779,605,0,0.11558974663083026,0.0,0.0029481665007980795
0.1517,-0.5082,9.6554,0.3221,-5.9984,-4.2015,0.123,-0.5257,9.5695,606,0,0.15370659276867144,0.0,0.003741493655571018
0.4232,0.3745,9.5664,2.7354,-3.1416,-1.511,0.3995,0.3498,9.5524,607,0,0.15370659276867144,0.0,0.003185938100015462
0.3037,0.097,9.934,1.1751,0.1106,-1.4522,0.282,0.0492,9.9557,608,0,0.15370659276867144,0.0,0.0031618417144732933
0.1981,-0.1428,9.6208,-1.1255,1.2254,-1.4113,0.1078,-0.0684,9.6651,609,0,0.15370659276867144,0.0,0.0031618417144732933
0.2723,-0.287,9.7531,1.8337,-3.8837,6.5006,0.2776,-0.1867,9.7894,610,0,0.15314501477372658,0.0,0.013161841714473292
0.1373,0.0385,9.8557,4.3882,2.6958,0.7507,0.1,0.0395,9.8796,611,0,0.15370659276867144,0.0,0.0031618417144732933
0.5676,0.2626,9.4528,4.4217,7.3057,-1.2679,0.591,0.2945,9.4111,612,0,0.14174613135738054,0.0,0.012172830725462304
-0.0632,0.0079,9.7627,0.0312,-0.1755,-0.7676,-0.1382,0.0289,9.8123,613,0,0.15370659276867144,0.0,0.012246795222503725
0.2174,0.129,9.4251,-3.6427,4.8639,2.8406,0.2251,0.1981,9.4236,614,0,0.152968620356603,0.0,0.04585199224029719
0.4101,-0.401,9.5258,0.6113,-3.7448,4.2196,0.3712,-0.3507,9.5345,615,0,0.15370659276867144,0.0,0.0558519922402972
0.3349,-0.3708,10.0119,0.2299,-1.8113,3.4853,0.3122,-0.3317,10.0532,616,0,0.15370659276867144,0.0,0.07226503571855807
0.2413,-0.1887,9.6512,1.6397,-3.5305,-1.8602,0.3039,-0.1291,9.6856,617,0,0.15370659276867144,0.0,0.06874296002647419
-0.6819,-0.7021,10.1728,-1.9503,1.8289,2.7157,-0.7061,-0.6477,10.1852,618,0,0.1403628069070727,0.0,0.02039589160804589
0.556,0.026,9.4712,6.9262,-0.7199,1.0798,0.5345,0.1177,9.4691,619,0,0.15067737693454958,0.0,0.012296133460210823
0.2697,0.1662,9.7253,-3.5395,-0.0118,-0.2681,0.2424,0.1976,9.7585,620,0,0.15370659276867144,0.0,0.02229613346021082
-0.3744,-0.748,9.9884,-3.2293,2.747,-4.8849,-0.3222,-0.7293,9.9559,621,0,0.15089716642470127,0.0,0.04235118403465587
-0.3543,-0.3036,10.0526,-1.6965,2.3955,3.5828,-0.3741,-0.2405,10.0274,622,0,0.15370659276867144,0.0,0.04125730067761462
-0.1775,0.5474,9.6773,3.8992,0.6795,-2.9084,-0.139,0.5561,9.668,623,0,0.15355074445237718,0.0,0.04125730067761462
0.3326,-0.6306,9.6518,3.608,2.8266,3.5137,0.3476,-0.5472,9.5805,624,0,0.15369406605517877,0.0,0.022738994041459022
0.5639,0.2734,9.8513,4.0027,-3.8806,-1.3183,0.4601,0.2558,9.8778,625,0,0.15361879978792273,0.0,0.022738994041459022
-0.2345,-0.1907,9.8453,-3.1757,-4.2867,-2.3238,-0.2318,-0.1795,9.8946,626,0,0.15370659276867144,0.0,0.03393899404145902
0.0025,0.2877,10.051,1.4505,-1.1157,-3.537,-0.0163,0.323,9.9287,627,0,0.15370659276867144,0.0,0.03035203751971989
0.0093,0.2245,10.0097,2.0401,-2.0583,-2.9434,-0.0213,0.2377,10.0482,628,0,0.15370659276867144,0.0,0.03035203751971989
-0.2376,0.3609,9.8946,-0.2787,-0.0147,-4.1889,-0.3044,0.3269,9.88,629,0,0.15370659276867144,0.0,0.03035203751971989
0.425,-0.0989,9.8702,-5.0588,1.0461,-0.539,0.4967,-0.0778,9.9114,630,0,0.15370659276867144,0.0,0.02915203751971989
-0.2719,-0.1701,10.007,-1.9029,0.326,4.2595,-0.3742,-0.1397,9.9571,631,0,0.15370659276867144,0.0,0.02915203751971989
0.4486,0.0547,9.8445,-1.2191,-0.3949,1.8576,0.4198,0.0239,9.7741,632,0,0.15370659276867144,0.0,0.02125730067761463
0.1065,-0.0005,10.0492,2.1551,0.2166,3.0376,0.1141,-0.0061,10.0921,633,0,0.15370659276867144,0.0,0.029152037519719894
0.0974,-0.3127,9.8582,-4.44,-3.434,5.6442,0.105,-0.2933,9.8122,634,0,0.15370659276867144,0.0,0.02915203751971989
-0.079,-0.1771,9.4756,-6.5399,-0.2347,1.4178,-0.0756,-0.1463,9.4418,635,0,0.1534046229755623,0.0,0.019152037519719892
-0.0115,0.1566,9.5389,-1.4352,1.63,1.5836,0.0104,0.1994,9.5363,636,0,0.15370659276867144,0.0,0.012738994041459024
-0.2559,-0.102,9.9043,0.3953,-0.4886,5.9028,-0.2609,-0.2073,9.8542,637,0,0.15370659276867144,0.0,0.0027148976559168542
0.0775,-0.2427,10.0004,-8.6496,-3.1654,7.3535,0.1327,-0.2621,10.0072,638,0,0.1433996962118785,0.0,0.0027148976559168542
-0.0681,0.3441,9.8913,-0.2127,-2.8495,-3.1219,-0.1777,0.3361,9.8993,639,0,0.15370659276867144,0.0,0.0027148976559168542
0.0903,-0.0166,10.0143,-4.1796,-0.4894,2.1248,0.1281,0.0637,10.0032,640,0,0.15370659276867144,0.0,0.0027148976559168542
0.0154,-0.151,9.7791,-3.9152,0.7507,-2.7707,0.1704,-0.172,9.7721,641,0,0.15370659276867144,0.0,0.0027148976559168542
-0.1312,0.0798,9.7173,-4.9964,2.5217,-1.8107,-0.0882,0.114,9.6505,642,0,0.15370659276867144,0.0,0.002120430151345144
0.3075,0.0065,9.9475,2.9497,7.7287,-0.684,0.3678,-0.0995,9.9454,643,0,0.1440675614498189,0.0,0.0014383019112360032
0.4034,0.2125,10.1622,-0.9598,4.0291,3.6724,0.398,0.142,10.139,644,0,0.15370659276867144,0.0,0.011438301911236005
0.1389,-0.1472,9.8706,-0.2789,-0.4715,0.167,0.1065,-0.191,9.8334,645,0,0.15370659276867144,0.0,0.0027148976559168542
-0.2845,-0.3326,9.8672,-4.1329,1.0735,-1.5607,-0.3423,-0.2977,9.9027,646,0,0.15370659276867144,0.0,0.014978263580610012
-0.1784,0.0303,9.665,5.0628,-6.3714,-0.1995,-0.1771,-0.0368,9.7185,647,0,0.15370659276867144,0.0,0.014978263580610012
0.2091,-0.2233,10.0766,-5.8411,-0.0815,1.4581,0.2491,-0.3098,10.1091,648,0,0.15370659276867144,0.0,0.012278532918143563
-0.5592,-0.1139,9.7012,-1.4411,3.5276,4.8834,-0.5829,-0.1221,9.6659,649,0,0.15370659276867144,0.0,0.001596404678034422
0.2364,-0.186,9.2939,-3.894,-6.8781,-1.4758,0.2013,-0.1725,9.2953,650,0,0.14481982638788465,0.0,0.021008169383916774
0.0202,0.1559,9.6599,-1.2757,1.3357,3.3019,0.0875,0.1639,9.6471,651,0,0.15370659276867144,0.0,0.022278532918143565
-0.2136,-0.1887,9.6613,-1.3769,-1.2294,0.7901,-0.2604,-0.1319,9.6476,652,0,0.15370659276867144,0.0,0.022324605766047823
0.137,0.417,10.075,2.7395,-2.2254,-2.5824,0.1069,0.5368,10.1157,653,0,0.15370659276867144,0.0,0.021438301911236003
-0.4059,0.4966,9.8182,1.3476,3.5029,-1.1383,-0.3957,0.4679,9.8241,654,0,0.15370659276867144,0.0,0.0008500666171183561
-0.2362,0.2899,9.958,0.8716,4.3606,-4.2806,-0.1587,0.186,10.0126,655,0,0.15370659276867144,0.0,0.0008500666171183561
-0.3228,-0.1032,9.7867,1.7189,3.8534,-4.9143,-0.2878,-0.1696,9.7991,656,0,0.15370659276867144,0.0,0.011532194857227498
-0.1007,0.0037,9.8899,-1.3778,-3.7867,1.7504,-0.1402,0.0466,9.8608,657,0,0.15370659276867144,0.0,0.011690297624025917
0.2858,-0.0437,9.4216,3.2122,2.7462,2.5814,0.1767,-0.0032,9.3928,658,0,0.1525588014428267,0.0,0.011690297624025917
0.2976,-0.6094,9.8916,-3.922,5.0253,4.3164,0.2918,-0.5159,9.8675,659,0,0.15369406605517877,0.0,0.011532194857227498
0.4074,-0.4263,9.8948,1.8352,5.0141,-2.1463,0.3359,-0.4858,9.8549,660,0,0.15370659276867144,0.0,0.0315321948572275
-0.8502,0.2229,10.0558,2.1771,4.0702,-7.0725,-0.8561,0.1423,10.1205,661,0,0.1534585883143451,0.0,0.010099206349206349
0.4911,0.1975,9.896,6.3629,-4.7974,1.7411,0.5311,0.2146,9.937,662,0,0.1528511125999369,0.0,0.02009920634920635
-0.0146,-0.4343,9.5399,-3.37,-2.7531,3.0568,0.0787,-0.3341,9.5316,663,0,0.15370659276867144,0.0,0.010099206349206349
-0.3815,0.0534,9.9367,-2.717,-2.8707,-0.4516,-0.3355,0.0844,9.7846,664,0,0.15370659276867144,0.0,0.010099206349206349
-0.0485,0.4212,9.7685,2.7137,0.364,-2.5262,-0.0432,0.3982,9.8464,665,0,0.15370659276867144,0.0,0.010099206349206349
0.16,-0.1358,9.835,-0.5791,3.2897,1.8203,0.0981,-0.0593,9.8287,666,0,0.15370659276867144,0.0,0.0100398406374502
-0.2625,-0.5697,9.9696,1.2401,4.0502,0.595,-0.3608,-0.5571,9.9721,667,0,0.15370659276867144,0.0,0.0001390469866565484
-0.4322,-0.0903,10.0051,-4.701,1.035,2.0145,-0.4382,-0.1472,10.0937,668,0,0.15370659276867144,0.0,0.010139046986656549
-0.2009,0.2673,10.0131,-6.6626,3.1479,1.6733,-0.1889,0.2263,9.9619,669,0,0.15370659276867144,0.0,9.92063492063492e-05
0.412,0.2964,9.8302,-4.3139,-2.544,-4.4454,0.4404,0.2651,9.8762,670,0,0.15370659276867144,0.0,9.92063492063492e-05
-0.0626,-0.1705,9.8564,5.4017,-1.9694,-4.4902,-0.0052,-0.152,9.7774,671,0,0.15370659276867144,0.0,0.010099206349206349
-0.0573,-0.1667,9.725,-6.0996,7.5902,-2.5227,-0.1111,-0.1258,9.6582,672,0,0.1445990401291337,0.0,0.020266804114569475
0.1349,-0.4198,9.4586,-1.7183,2.5972,4.8923,0.1365,-0.4431,9.3995,673,0,0.1525588014428267,0.0,0.030266804114569473
0.559,0.3665,9.9131,1.8914,-3.0891,-2.7263,0.5702,0.3938,9.8794,674,0,0.15361879978792273,0.0,0.020266804114569475
-0.3204,-0.0849,9.9781,3.9728,-2.4178,-7.3034,-0.2831,-0.1853,10.0269,675,0,0.1513602608214693,0.0,0.020266804114569475
-0.2071,0.2131,9.9515,0.8277,-2.3267,1.2018,-0.2197,0.2293,9.9524,676,0,0.15370659276867144,0.0,0.010266804114569476
-0.4039,0.2349,10.2388,-1.9705,1.2325,-2.1022,-0.3695,0.1871,10.1887,677,0,0.15182735900960173,0.0,0.02009920634920635
0.0591,-0.1565,9.5756,-1.497,1.5454,1.6013,0.0614,-0.1613,9.505,678,0,0.15370659276867144,0.0,0.02009920634920635
0.1404,0.1921,9.6938,-1.79,-4.6245,-5.9383,0.0811,0.2472,9.6173,679,0,0.15370659276867144,0.0,0.02009920634920635
0.1336,-0.0835,9.748,4.4003,2.6482,3.4941,0.007,-0.1263,9.6968,680,0,0.15370659276867144,0.0,0.030099206349206348
-0.063,-0.3703,10.0248,0.0043,-4.1407,-3.5019,-0.1109,-0.3886,10.0804,681,0,0.15370659276867144,0.0,0.021078480239872643
-0.5955,0.4032,9.8471,1.2303,-2.2456,0.1898,-0.5636,0.5005,9.8441,682,0,0.15370659276867144,0.0,0.010099206349206349
-0.4836,0.2406,9.8152,-0.3797,1.0949,0.5671,-0.4742,0.351,9.7837,683,0,0.15370659276867144,0.0,9.92063492063492e-05
-0.2136,-0.009,10.0087,0.6449,-0.0043,-1.6451,-0.1865,-0.0206,10.0757,684,0,0.15370659276867144,0.0,9.92063492063492e-05
0.0025,-0.2897,9.4809,1.7327,2.2314,-0.6453,0.0319,-0.2192,9.5143,685,0,0.15370659276867144,0.0,0.0008707543037297192
-0.6454,0.5738,9.6717,-2.2304,2.5012,3.2499,-0.6703,0.5437,9.7551,686,0,0.15397472382470578,0.0,0.0009467036708183267
0.491,0.4578,9.9498,3.3258,1.6703,4.3234,0.516,0.5241,9.9235,687,0,0.15370659276867144,0.0,0.0009467036708183267
-0.3308,-0.4305,9.989,1.228,-2.4687,1.1191,-0.2603,-0.4172,10.049,688,0,0.15370659276867144,0.0,0.00021499635374515598
-0.5738,-0.1115,9.6995,1.2566,-0.4051,-1.8362,-0.6899,-0.0621,9.7275,689,0,0.13322950679399803,0.0,0.00021499635374515598
-0.1803,0.3317,10.03,-0.7875,1.7952,4.0175,-0.2124,0.2779,10.0571,690,0,0.15370659276867144,0.0,0.00021499635374515598
-0.4906,-0.3244,9.9201,-1.4993,0.4772,-1.8496,-0.5879,-0.395,9.8885,691,0,0.15370659276867144,0.0,0.010175155716294957
-0.275,-0.1856,10.0156,3.5301,-0.3725,3.1148,-0.2569,-0.1993,9.9901,692,0,0.15370659276867144,0.0,0.010175155716294957
-0.2975,-0.2068,9.5849,0.1994,4.8693,1.6244,-0.3411,-0.2386,9.5764,693,0,0.15370659276867144,0.0,0.010175155716294957
0.0487,-0.0209,9.9491,-4.0204,-2.5184,-0.1604,-0.0091,-0.0626,9.9049,694,0,0.15370659276867144,0.0,0.010175155716294957
-0.0322,0.0725,9.981,0.1426,3.7629,-0.0216,-0.0722,0.116,9.8992,695,0,0.15370659276867144,0.0,0.010175155716294957
0.2671,0.4753,9.7441,-1.3753,2.6793,0.4857,0.1622,0.5293,9.8467,696,0,0.15370659276867144,0.0,0.010175155716294957
-0.1552,0.0529,9.7599,6.1714,-3.4022,3.6996,-0.1181,0.0894,9.7287,697,0,0.15370659276867144,0.0,0.010175155716294957
0.397,-0.0927,9.73,0.9497,-9.0573,-2.691,0.4081,-0.0535,9.6496,698,0,0.14843464506915963,0.0,0.010175155716294957
-0.1765,0.433,9.7983,-0.3173,0.1846,0.0998,-0.1883,0.4481,9.7815,699,0,0.15370659276867144,0.0,0.010175155716294957
0.0669,-0.3654,9.6198,3.85,-4.7821,2.2839,0.0474,-0.3554,9.6135,700,0,0.15370659276867144,0.0,0.010175155716294957
0.0506,0.3814,10.239,-2.4523,4.1976,-1.5267,0.009,0.4138,10.2162,701,0,0.1526504524297057,0.0,0.010175155716294957
-0.0821,-0.2905,9.8784,5.9718,1.2401,-4.0776,-0.0564,-0.3031,9.9355,702,0,0.15370659276867144,0.0,0.010175155716294957
0.3987,0.3707,9.7328,0.9032,-0.2238,3.2516,0.3985,0.3065,9.7279,703,0,0.15370659276867144,0.0,0.010175155716294957
0.1183,0.0883,9.7298,-0.1019,-0.9004,-1.3009,0.2033,0.0146,9.7103,704,0,0.15370659276867144,0.0,0.00017515571629495678
0.0236,0.0139,9.7456,2.0916,6.933,1.3507,-0.0406,0.0138,9.7123,705,0,0.1515073908928257,0.0,0.00021499635374515598
-0.3245,0.0687,9.8861,0.6308,-1.5091,0.4991,-0.2917,0.0664,9.9266,706,0,0.15370659276867144,0.0,0.00021499635374515598
0.0188,-0.2626,10.161,-1.6578,-7.3543,0.5747,0.0867,-0.2425,10.1993,707,0,0.15108750292898715,0.0,0.00021499635374515598
-0.4398,-0.1832,10.0072,-4.8039,-2.2795,4.3617,-0.3416,-0.1747,9.9895,708,0,0.15370659276867144,0.0,0.010175155716294957
0.1488,-0.4888,9.9151,3.1271,-1.4024,-0.5665,0.0574,-0.471,9.8367,709,0,0.15370659276867144,0.0,0.010175155716294957
0.1029,-0.0777,9.7839,3.5207,-1.9284,2.4824,0.1272,0.0026,9.8134,710,0,0.15370659276867144,0.0,0.010175155716294957
0.0509,-0.3305,9.922,2.2149,-1.208,0.4238,0.0729,-0.3331,9.8815,711,0,0.15370659276867144,0.0,0.00046677522621368364
0.3207,-0.0157,10.2507,-0.3001,-2.0599,-4.4739,0.2703,-0.0416,10.2114,712,0,0.15262407051682947,0.0,0.00039597998884336724
-0.0374,0.1026,9.866,-0.7929,-0.1351,1.3391,-0.0315,0.0582,9.8275,713,0,0.15370659276867144,0.0,0.0008277606887333816
0.2229,0.0515,9.8138,1.3507,0.0809,-0.1607,0.2686,0.0682,9.848,714,0,0.15370659276867144,0.0,0.0019265754710723953
-0.6734,0.1572,10.002,-0.6945,-2.1572,0.0093,-0.7117,0.1148,9.9573,715,0,0.14966192332442618,0.0,0.010153256704980842
-0.1908,-0.2147,9.7666,1.0478,2.3792,2.349,-0.2714,-0.3077,9.7286,716,0,0.15370659276867144,0.0,0.010153256704980842
0.1715,-0.1925,9.5636,-5.7552,0.5539,0.6566,0.0981,-0.2088,9.5659,717,0,0.15370659276867144,0.0,0.0007601931211658141
0.2317,0.5785,9.855,-1.2482,0.6252,4.3721,0.2811,0.5206,9.8106,718,0,0.15355074445237718,0.0,0.011406710662577589
-0.1311,-0.2152,9.8256,2.1999,-5.9136,-2.6173,-0.0954,-0.2884,9.8367,719,0,0.15370659276867144,0.0,0.0029984955636110444
-0.1298,0.07,9.8034,0.8041,0.5959,-1.9914,-0.0305,0.0779,9.7665,720,0,0.15370659276867144,0.0,0.0026601868061184976
-0.1246,-0.2509,9.8901,-0.1722,-4.4248,2.339,-0.0782,-0.1966,9.9141,721,0,0.15370659276867144,0.0,0.0020532503899335264
-0.0234,0.0752,9.8299,6.062,0.9274,2.4052,0.0084,0.0614,9.901,722,0,0.15370659276867144,0.0,0.002101815771768028
-0.2403,-0.6985,9.9616,-0.3778,-0.6245,0.6827,-0.2847,-0.7148,9.943,723,0,0.152534273737127,0.0,0.031695508383325646
-0.3428,0.5997,9.7728,-2.1506,-1.6813,0.3641,-0.3775,0.5875,9.7492,724,0,0.15318370441863025,0.0,0.01176307595089321
0.1019,0.0537,9.8325,-0.1973,0.6218,-3.9415,0.1742,0.0897,9.8286,725,0,0.15370659276867144,0.0,0.020710659898477157
-0.4729,0.0811,9.7735,-4.795,1.9007,-1.6007,-0.5378,0.0681,9.8053,726,0,0.15370659276867144,0.0,0.031165205353022613
0.101,0.3684,9.8946,1.2289,2.2989,-0.0215,0.1541,0.3776,10.0457,727,0,0.15370659276867144,0.0,0.031165205353022613
0.4407,-0.3528,9.9983,-2.6723,-2.2162,1.2152,0.4599,-0.4206,10.0512,728,0,0.15370659276867144,0.0,0.05071065989847716
-0.1193,0.3381,9.5914,1.452,-0.1198,0.9518,-0.1035,0.3567,9.555,729,0,0.15370659276867144,0.0,0.07116520535302262
-0.0014,-0.3631,9.3278,-1.8836,-5.4525,-3.5234,0.0133,-0.4117,9.2839,730,0,0.13803438600436568,0.0,0.060710659898477154
0.3727,0.089,9.7808,4.3394,1.11,-0.6271,0.3874,0.0483,9.6635,731,0,0.15370659276867144,0.0,0.031934436122253385
-0.1065,-0.0927,9.5045,0.4489,1.989,1.7565,-0.0813,-0.0835,9.4769,732,0,0.15370659276867144,0.0,0.0016094772446545158
-0.2385,0.0642,10.0281,5.1718,-4.0795,-1.5884,-0.2871,0.0287,9.9942,733,0,0.15370659276867144,0.0,0.002296513700324441
0.1057,0.3603,10.3268,1.2638,-0.241,-0.5898,0.1275,0.3011,10.2857,734,0,0.15201349249682516,0.0,0.02229651370032444
0.5814,0.2343,9.681,1.1258,2.7242,1.5835,0.5596,0.2781,9.7242,735,0,0.15208732668341593,0.0,0.03212891593496131
-0.7794,0.1563,10.2252,-4.2002,-1.1866,0.8047,-0.7067,0.1301,10.2558,736,0,0.1537955178487207,0.0,0.07884873577633107
-0.152,-0.2292,9.6597,-2.9205,7.5173,2.3623,-0.1431,-0.238,9.6388,737,0,0.14698742964705822,0.0,0.06135897400571421
0.0577,-0.4613,9.8578,-2.5683,-2.7212,2.7168,0.0055,-0.5519,9.8403,738,0,0.15370659276867144,0.0,0.06135897400571421
0.0243,0.0028,9.7255,-3.1271,1.789,0.6318,0.0546,-0.0749,9.7774,739,0,0.15370659276867144,0.0,0.042376457689772974
0.0507,-0.1895,9.6929,1.1325,0.2234,-0.0279,0.084,-0.2091,9.6383,740,0,0.15370659276867144,0.0,0.030450478933339523
-0.5332,0.1291,9.838,-1.3749,-1.2825,1.0566,-0.5858,0.133,9.8545,741,0,0.15370659276867144,0.0,0.05420580406324623
-0.5508,-0.0398,9.9138,-2.3159,-0.9776,4.3628,-0.6124,0.0113,9.8644,742,0,0.15370659276867144,0.0,0.04025925772516918
-0.4446,0.0597,9.8155,-2.2066,0.3981,-2.3736,-0.4054,0.0824,9.8115,743,0,0.15370659276867144,0.0,0.04866106210635499
0.4279,0.245,9.9822,-1.8761,3.2064,-0.9083,0.3262,0.2223,9.8949,744,0,0.15370659276867144,0.0,0.07023069871355932
-0.246,0.1226,9.7021,-4.7937,-0.9403,1.2843,-0.208,0.0708,9.6927,745,0,0.15370659276867144,0.0,0.04881570128161273
-0.091,-0.0508,10.342,-0.6215,2.575,4.5255,-0.1002,-0.1051,10.31,746,0,0.1442404385424398,0.0,0.03955898750405666
-0.3098,-0.1369,9.8241,-1.4255,0.2634,1.6966,-0.4042,-0.1157,9.812,747,0,0.15370659276867144,0.0,0.07007073841137719
-0.1352,0.2785,10.3653,-0.2735,-3.2276,-0.4776,-0.1929,0.2655,10.3728,748,0,0.1247317019345344,0.0,0.07136627436879972
0.1142,0.1578,9.7428,-4.4006,-2.3682,0.4795,0.0607,0.2206,9.7742,749,0,0.15370659276867144,0.0,0.04086503647625748
-0.1378,0.766,9.8467,4.0461,-2.6997,0.0123,-0.1334,0.7228,9.9472,750,0,0.15360352531366345,0.0,0.034155894387335406
0.0123,0.1511,10.1489,3.1081,-4.8104,0.0698,-0.0058,0.1042,10.2356,751,0,0.1526504524297057,0.0,0.03253610175059362
0.3062,0.1658,9.509,-3.0112,2.7557,-0.1166,0.3131,0.182,9.5883,752,0,0.15370659276867144,0.0,0.03253610175059362
0.536,0.1851,9.5806,-1.3389,-3.4413,9.3878,0.5448,0.1899,9.5913,753,0,0.1539422748509444,0.0,0.042988398991520856
-0.1343,-0.0659,10.0939,0.014,6.3204,-6.0427,-0.164,-0.1031,10.0835,754,0,0.15370659276867144,0.0,0.01321177019458145
0.0619,0.0602,9.9515,-4.983,2.5417,-0.3157,0.1461,0.1113,9.9281,755,0,0.15370659276867144,0.0,0.01389389843469059
-0.0916,0.08,9.8816,-0.4987,0.2776,-0.674,-0.128,-0.0053,9.8388,756,0,0.15370659276867144,0.0,0.02317293524312514
-0.779,-0.1646,9.8363,-0.4446,2.1737,0.1901,-0.7866,-0.1097,9.8933,757,0,0.17257248112460538,0.0,0.012927533083925418
0.155,-0.4979,9.7941,-5.4042,0.1605,4.0466,0.1522,-0.4495,9.7412,758,0,0.15370659276867144,0.0,0.012927533083925418
0.0543,-0.5344,9.4538,-5.7547,3.1749,2.7377,0.1373,-0.4856,9.534,759,0,0.15370659276867144,0.0,0.0019426845990769348
0.1604,-0.2191,9.5746,-2.3518,0.0528,-4.3032,0.1236,-0.2761,9.5162,760,0,0.15370659276867144,0.0,0.0014209162507833623
0.0855,-0.1607,9.6941,2.2832,-4.5462,-1.2524,0.0843,-0.1509,9.6117,761,0,0.15370659276867144,0.0,0.0014209162507833623
-0.705,-0.0833,9.7352,-1.7717,-0.1767,-3.6619,-0.7647,-0.0234,9.7506,762,0,0.1395975813763684,0.0,0.0012662770755256304
0.1947,0.3239,9.8397,1.1942,2.7367,-5.591,0.2105,0.2516,9.8875,763,0,0.15370659276867144,0.0,0.0019844225527157235
0.4812,-0.0847,9.7163,1.2834,-4.38,-1.423,0.4192,-0.0566,9.6582,764,0,0.15370659276867144,0.0,0.0018632920008987647
0.3118,0.3033,9.9271,-0.3163,2.6549,-0.2674,0.2902,0.4044,9.9115,765,0,0.15370659276867144,0.0,0.0012662770755256304
0.4748,0.3226,9.607,-1.9651,0.0511,4.3289,0.4697,0.2741,9.689,766,0,0.15370659276867144,0.0,0.0012662770755256304
-1.0352,-0.1569,10.0598,-3.5479,0.6345,-3.2497,-1.0386,-0.2133,10.0362,767,0,0.14770510888421412,0.0,0.0006593406593406593
-0.3862,0.1653,9.5146,1.7738,0.5351,2.5546,-0.3495,0.2207,9.4934,768,0,0.15370659276867144,0.0,0.0006593406593406593
-0.2578,0.2323,9.9205,3.2372,-0.218,6.0979,-0.2793,0.285,9.9759,769,0,0.15370659276867144,0.0,0.0007731457938322786
-0.0957,0.2532,9.5109,6.9144,1.3751,2.9804,-0.0888,0.3397,9.52,770,0,0.1514456549993243,0.0,0.0008203118486078167
-0.3087,0.1025,9.972,-4.0164,3.5431,-4.4804,-0.3327,0.1113,9.9946,771,0,0.15370659276867144,0.0,0.0006593406593406593
-0.0601,0.1224,9.763,3.8203,-1.7437,2.8755,-0.049,0.0772,9.669,772,0,0.15370659276867144,0.0,0.0006991812967908585
-0.1773,0.0231,9.9879,-2.9345,4.3188,2.0255,-0.1573,0.1019,10.0002,773,0,0.15370659276867144,0.0,0.0008480199046236781
0.7687,-0.1151,9.7295,-0.1143,-2.6861,-0.4716,0.7575,-0.1139,9.7632,774,0,0.15728818662667865,0.0,0.0008203118486078167
0.0124,0.1472,9.6863,-4.258,-1.3828,0.3294,0.052,0.1031,9.6764,775,0,0.15370659276867144,0.0,0.0007804712111576176
-0.2022,-0.6268,9.5447,-8.1994,3.5268,3.3875,-0.1918,-0.6443,9.465,776,0,0.14668112200431774,0.0,0.0002203369010233075
0.4459,0.0531,9.5347,-4.2941,-0.4277,-3.8178,0.4525,0.03,9.5465,777,0,0.15370659276867144,0.0,0.00012113055181695828
-0.3735,-0.3125,9.7153,1.3571,-2.0966,2.0515,-0.3148,-0.2447,9.7572,778,0,0.15370659276867144,0.0,0.0002203369010233075
0.6235,0.6557,9.8221,-1.5404,-1.6186,-1.1463,0.578,0.6048,9.823,779,0,0.15343017144704857,0.0,0.00012113055181695828
0.1537,0.0358,9.9221,1.7524,2.1577,4.3607,0.2421,0.0352,9.9041,780,0,0.15370659276867144,0.0,0.01012113055181696
0.4073,-0.1991,9.5212,-3.6973,1.7063,4.163,0.4568,-0.1681,9.5689,781,0,0.15370659276867144,0.0,0.01
0.1343,0.181,9.9782,2.269,-2.1246,3.6061,0.1483,0.1036,9.9833,782,0,0.15370659276867144,0.0,0.01
0.1794,0.0763,9.7181,7.5438,1.6553,2.3175,0.2041,0.0477,9.7415,783,0,0.14837066258871512,0.0,0.01
0.0199,0.0727,9.9567,3.1088,-0.198,0.4244,0.0398,0.0705,10.0267,784,0,0.15370659276867144,0.0,0.010099206349206349
-0.2437,0.2876,9.7334,1.3605,1.5064,1.0182,-0.1876,0.3151,9.786,785,0,0.15370659276867144,0.0,0.010099206349206349
-0.4668,0.2638,9.7884,-3.1164,-1.0783,2.2437,-0.4815,0.299,9.7559,786,0,0.15370659276867144,0.0,9.92063492063492e-05
0.2725,0.1459,9.8893,2.497,-0.1541,-2.084,0.3392,0.1599,9.8769,787,0,0.15370659276867144,0.0,0.0002203369010233075
0.4016,-0.4348,10.1557,4.5358,-0.8719,-0.7089,0.3593,-0.4012,10.1731,788,0,0.15370659276867144,0.0,0.0002203369010233075
0.3834,-0.2057,9.8547,1.0705,4.4662,-0.8037,0.4148,-0.3208,9.8672,789,0,0.15370659276867144,0.0,0.00026017753847350667
-0.3283,0.0597,9.7028,0.4917,1.0751,-1.1106,-0.2249,0.0161,9.7184,790,0,0.15370659276867144,0.0,0.00026017753847350667
0.0042,0.1839,9.7972,4.9333,0.8996,2.95,-0.0429,0.2512,9.8543,791,0,0.15370659276867144,0.0,0.0001390469866565484
0.568,0.1114,9.9453,6.2448,-7.8817,-3.7995,0.4859,0.1017,9.9276,792,0,0.14925415114009605,0.0,0.009704264377960896
0.0475,0.7849,9.6845,-0.8493,-0.1446,-2.3663,-0.0224,0.7273,9.7327,793,0,0.14907305494795023,0.0,0.009704264377960896
0.4105,-0.2127,9.8816,-0.2066,1.5359,3.0887,0.4356,-0.1789,9.9369,794,0,0.15370659276867144,0.0,0.009704264377960896
-0.2661,-0.0398,9.8283,7.5991,-1.9746,2.2922,-0.3316,-0.0378,9.8058,795,0,0.14837066258871512,0.0,0.009704264377960896
0.4502,0.029,9.7234,1.049,-0.0938,3.693,0.4636,0.0006,9.6872,796,0,0.15370659276867144,0.0,0.009565217391304347
-0.2909,0.1937,9.4501,2.0751,5.993,2.0095,-0.378,0.1726,9.4721,797,0,0.15370659276867144,0.0,3.9840637450199205e-05
0.001,-0.1271,9.7871,1.0668,1.1038,-1.9122,0.005,-0.1067,9.8418,798,0,0.15370659276867144,0.0,3.9840637450199205e-05
0.2958,0.5399,9.7164,4.3636,3.2646,-4.6289,0.2505,0.5394,9.7298,799,0,0.15355074445237718,0.0,0.009605058028754547
-0.1853,-0.1754,9.9513,-5.0871,4.1104,-6.1947,-0.1615,-0.1344,9.9317,800,0,0.15370659276867144,0.0,0.009605058028754547
0.1104,0.112,9.9584,4.2906,-2.1488,1.2597,0.1658,0.1231,9.9361,801,0,0.15370659276867144,0.0,0.009704264377960896
0.4246,-0.0629,9.9019,1.688,-0.6038,-1.2339,0.4484,-0.069,9.8852,802,0,0.15370659276867144,0.0,0.0
0.3165,-0.057,9.9596,-2.2383,3.9374,-1.6229,0.2876,-0.026,10.1127,803,0,0.15370659276867144,0.0,0.010099206349206349
0.175,0.041,10.027,1.6825,-3.0057,-2.0749,0.2159,0.0607,9.9811,804,0,0.15370659276867144,0.0,0.010099206349206349
-0.1172,0.2691,9.5593,-0.772,2.6658,2.3778,0.0594,0.2721,9.4641,805,0,0.15370659276867144,0.0,9.92063492063492e-05
-0.0643,-0.2058,9.9634,-5.8887,-0.0532,5.4011,-0.027,-0.2781,10.0039,806,0,0.15370659276867144,0.0,9.92063492063492e-05
-0.1393,0.1255,9.8581,-0.0318,2.033,-0.1078,-0.1536,0.1752,9.8156,807,0,0.15370659276867144,0.0,9.92063492063492e-05
-0.1787,-0.0971,9.6247,-0.2083,1.1172,-2.7669,-0.3086,-0.043,9.6079,808,0,0.15370659276867144,0.0,0.009664423740510696
0.2927,0.4095,9.892,-1.5243,-3.0825,3.0086,0.3126,0.3344,10.0047,809,0,0.15370659276867144,0.0,9.92063492063492e-05
0.1336,-0.0598,9.812,-1.7094,-0.3457,2.4505,0.1062,-0.1583,9.8834,810,0,0.15370659276867144,0.0,0.010099206349206349
-0.3435,-0.3384,9.8728,-5.9444,0.4948,-1.6385,-0.3143,-0.4093,9.9085,811,0,0.15370659276867144,0.0,0.019664423740510698
-0.0686,-0.4523,10.4307,-0.5756,3.7209,2.6765,-0.0358,-0.4093,10.4223,812,0,0.10375837907208345,0.0,9.92063492063492e-05
-0.2941,-0.2554,9.515,-4.358,-7.2545,-7.3173,-0.218,-0.2148,9.4968,813,0,0.15135410330451227,0.0,0.013695112001186767
-0.2502,-0.1392,9.769,0.9001,-2.1943,-3.8156,-0.2705,-0.0654,9.8097,814,0,0.15370659276867144,0.0,0.013695112001186767
0.0663,-0.2913,9.5592,-1.4207,3.6068,-1.7243,0.0539,-0.2918,9.5351,815,0,0.15370659276867144,0.0,0.013695112001186767
-0.0686,0.1374,10.0389,3.6378,-2.541,1.9195,-0.0251,0.1181,10.0166,816,0,0.15370659276867144,0.0,0.013734952638636966
-0.1119,0.3939,9.6921,0.6026,-5.5913,5.7708,-0.1729,0.4175,9.7424,817,0,0.15370659276867144,0.0,0.033445326729272105
-0.8328,-0.2217,9.9565,0.4193,1.5963,-3.8187,-0.863,-0.1871,10.0997,818,0,0.16074518573540178,0.0,0.011835927968527957
-0.0561,-0.654,9.5089,-4.7917,-2.1769,-0.1744,-0.0076,-0.6829,9.4098,819,0,0.15476288900753665,0.0,0.011354000257684585
0.093,0.5228,9.8389,-9.85,1.0451,3.3528,0.1244,0.5205,9.7731,820,0,0.14449021654086752,0.0,0.0015215980230477144
-0.0771,-0.2703,9.7773,-1.2371,-0.563,-3.4495,-0.0989,-0.3095,9.7455,821,0,0.15370659276867144,0.0,0.0028547939084782366
-0.117,-0.1147,9.9326,-1.1128,1.729,4.8383,-0.1571,-0.1657,9.9669,822,0,0.15370659276867144,0.0,0.011254793908478236
-0.2427,0.0908,9.918,5.687,-2.2541,-2.1369,-0.2354,0.0485,9.9911,823,0,0.15370659276867144,0.0,0.0015215980230477144
-0.347,-0.1914,9.8173,2.772,1.5413,2.3868,-0.3669,-0.1002,9.8478,824,0,0.15370659276867144,0.0,0.011354000257684585
-0.4613,0.1844,9.6091,2.8419,1.4972,-2.4896,-0.4821,0.1371,9.581,825,0,0.15370659276867144,0.0,0.011354000257684585
-0.1666,0.2163,9.6631,2.2774,1.713,-3.6293,-0.2249,0.3093,9.656,826,0,0.15370659276867144,0.0,0.011354000257684585
0.055,0.4687,9.8632,1.1532,-0.7048,-0.0868,0.0102,0.4955,9.8307,827,0,0.15370659276867144,0.0,0.011453048509123273
-0.5123,-0.2052,9.7871,-1.5794,5.889,-1.9993,-0.447,-0.1517,9.8513,828,0,0.15370659276867144,0.0,0.011314159620234385
-0.7896,0.1868,9.8039,-3.1181,-0.1058,-5.1211,-0.8789,0.2415,9.822,829,0,0.1367607589322125,0.0,0.011314159620234385
0.3804,-0.3039,9.2109,-2.6779,0.2167,4.8702,0.4034,-0.3982,9.1541,830,0,0.08136421626046125,0.0,0.011314159620234385
-0.0861,0.2991,10.3558,-3.0978,-0.541,0.6884,-0.0314,0.3175,10.3763,831,0,0.1193639973131622,0.0,0.011314159620234385
0.1896,0.2366,9.8851,-0.1579,0.6532,3.8369,0.1716,0.2352,9.8832,832,0,0.15370659276867144,0.0,0.011314159620234385
0.6591,-0.0931,9.8473,-3.3174,-2.5237,-2.7695,0.6711,-0.1014,9.8278,833,0,0.1537385966945979,0.0,0.011314159620234385
-0.0191,-0.0039,9.9683,1.8059,-3.4429,0.929,-0.035,-0.0471,9.948,834,0,0.15370659276867144,0.0,0.0013141596202343867
-0.3403,-0.1041,9.7429,-1.5164,-5.1699,3.548,-0.3565,-0.1181,9.7633,835,0,0.15370659276867144,0.0,0.0013540002576845859
0.1637,-0.0693,9.9738,0.4231,3.6053,2.3548,0.1463,-0.1001,10.0014,836,0,0.15370659276867144,0.0,0.0013540002576845859
-0.1103,-0.3124,9.9643,-4.591,-0.7835,2.184,-0.0764,-0.2551,9.936,837,0,0.15370659276867144,0.0,0.0013540002576845859
0.2214,-0.1031,9.8522,0.5876,-2.6801,2.6109,0.2784,-0.1364,9.7415,838,0,0.15370659276867144,0.0,0.0013540002576845859
0.0331,-0.159,9.5805,-0.9408,1.1263,-3.2145,0.0419,-0.107,9.552,839,0,0.15370659276867144,0.0,0.0018359279685279594
-0.0258,0.113,10.0551,1.8396,-0.168,-2.0055,-0.0846,0.0797,10.1114,840,0,0.15370659276867144,0.0,0.0018359279685279594
0.091,-0.3984,9.828,0.7571,4.283,-4.6822,0.0713,-0.4509,9.8044,841,0,0.15370659276867144,0.0,0.0018359279685279594
0.1422,-0.1074,9.7454,-1.7374,-3.2848,0.0675,0.1567,-0.1891,9.7629,842,0,0.15370659276867144,0.0,0.019995452558819887
-0.0327,-0.0292,9.6948,2.9036,-3.0494,1.1974,0.0243,0.0557,9.6626,843,0,0.15370659276867144,0.0,0.0001390469866565484
-0.2635,0.3262,9.7638,0.0454,-0.6199,-0.3465,-0.2837,0.3469,9.7189,844,0,0.15370659276867144,0.0,0.0011767828357131522
0.3367,-0.188,9.6608,-1.1332,-0.4636,4.3883,0.3645,-0.0822,9.6327,845,0,0.15370659276867144,0.0,0.019513524847976513
-0.4086,0.0584,9.3697,3.232,-0.1243,1.3427,-0.3927,0.1278,9.3664,846,0,0.14647497121395636,0.0,0.010139046986656549
-0.2223,0.0035,9.829,5.2236,3.2554,-3.3067,-0.1548,0.0662,9.8857,847,0,0.15370659276867144,0.0,0.010139046986656549
-0.4472,0.5594,10.1068,1.9553,-3.346,1.167,-0.4771,0.5204,10.0526,848,0,0.15355074445237718,0.0,0.0002779358755454373
-0.0808,-0.1066,9.5868,0.1295,1.5735,0.9374,-0.1114,-0.1294,9.5571,849,0,0.15370659276867144,0.0,0.010139046986656549
0.6914,0.1052,9.7577,4.2982,-0.5008,6.8066,0.6032,0.0926,9.8192,850,0,0.16063229271830282,0.0,0.0010994989640576785
0.0798,0.0647,9.7643,-1.7146,0.4343,1.8695,0.1039,0.1178,9.7798,851,0,0.15370659276867144,0.0,0.0010002926148513292
-0.1444,0.2644,9.839,1.2159,-1.4824,-1.5377,-0.1879,0.1577,9.8454,852,0,0.15370659276867144,0.0,0.0010002926148513292
0.3329,0.5429,9.8196,3.2866,0.7637,-2.9436,0.2943,0.5251,9.8176,853,0,0.15355074445237718,0.0,0.0011391815037402181
0.2328,0.1391,9.7302,-1.8307,1.2641,-1.9722,0.1436,0.2603,9.7086,854,0,0.15370659276867144,0.0,0.0011391815037402181
-0.5094,0.4294,9.9483,-2.192,2.1951,2.4026,-0.6077,0.4094,9.9805,855,0,0.15370659276867144,0.0,0.00625
0.2096,0.5327,9.6701,-2.0952,-2.6535,1.0311,0.184,0.497,9.6063,856,0,0.15355074445237718,0.0,0.00011579000453880679
0.2505,0.0648,9.4561,-0.7597,-0.0477,0.6185,0.2668,0.103,9.3278,857,0,0.1364056925913171,0.0,0.0012151308708288257
0.0013,0.3099,10.0715,-1.3137,-2.1123,5.441,-0.0024,0.3287,10.1539,858,0,0.15370659276867144,0.0,0.0012151308708288257
0.437,-0.0614,10.0766,7.7276,-3.6568,2.3581,0.5566,-0.0228,10.0665,859,0,0.14837066258871512,0.0,0.001175448331146286
-0.8392,0.0295,9.931,-2.3296,0.8337,-2.5571,-0.8117,0.0966,9.9662,860,0,0.1655709257509451,0.0,0.00021499635374515598
0.1089,0.4666,9.9016,1.7024,3.6413,-1.1252,0.1341,0.5003,9.9223,861,0,0.15370659276867144,0.0,0.0010762419819399368
-0.2076,-0.687,9.9539,1.5144,-1.2781,-2.3301,-0.2523,-0.7165,9.9172,862,0,0.152534273737127,0.0,0.0010002926148513292
0.3825,-0.0543,10.1042,7.4304,0.5143,1.6341,0.422,-0.0106,10.0784,863,0,0.14934799208752597,0.0,0.010820311848607817
-0.0941,-0.0372,9.8957,0.6207,-1.3749,-0.8877,-0.0525,0.0344,9.9222,864,0,0.15370659276867144,0.0,0.010820311848607817
-0.6794,-0.3348,9.4969,4.8059,1.1234,-0.805,-0.7782,-0.4022,9.4855,865,0,0.12661669163991426,0.0,0.020780471211157617
-0.2288,0.1802,9.4338,-0.8883,-5.9318,-1.3556,-0.1862,0.1746,9.4234,866,0,0.152968620356603,0.0,0.00012113055181695828
0.4364,0.0063,9.6439,2.4576,1.6448,1.6485,0.3898,-0.0296,9.6437,867,0,0.15370659276867144,0.0,0.01012113055181696
0.1873,0.4039,9.9333,3.7438,5.406,0.2727,0.1809,0.4706,9.8713,868,0,0.15370659276867144,0.0,0.01012113055181696
0.2329,-0.1099,9.8127,0.5287,0.3902,-1.4833,0.118,-0.0033,9.8131,869,0,0.15370659276867144,0.0,0.01012113055181696
-0.2992,-0.6579,9.723,2.6789,6.6979,6.1355,-0.2456,-0.6913,9.7553,870,0,0.1492173995675858,0.0,0.00019509504885837836
0.0812,0.151,9.8076,2.5025,-2.0845,0.1345,0.1005,0.1814,9.8556,871,0,0.15370659276867144,0.0,0.00023493568630857757
-0.0163,-0.3912,9.885,-4.5768,-0.3751,2.6328,-0.0237,-0.4608,9.8633,872,0,0.15370659276867144,0.0,0.00012113055181695828
-0.4477,0.0887,10.0341,0.7914,-4.5248,0.8377,-0.4438,0.0486,10.0734,873,0,0.15370659276867144,0.0,0.00019509504885837836
-0.1737,-0.3067,9.827,1.9602,7.2302,2.7612,-0.1859,-0.3981,9.824,874,0,0.14923464750700755,0.0,0.00019509504885837836
0.0803,-0.2174,9.9773,0.4845,-1.7609,-3.7513,0.212,-0.129,10.0235,875,0,0.15370659276867144,0.0,0.0008544357081990377
0.0153,-0.2774,10.0062,-9.1324,-5.7872,4.2458,0.0936,-0.3422,10.0015,876,0,0.1448290186206166,0.0,0.0007804712111576176
-0.5683,0.1126,9.4638,-2.7407,1.1694,0.2609,-0.5504,0.1428,9.3591,877,0,0.14392265511991145,0.0,0.0007804712111576176
-0.1791,0.0449,9.6679,3.9427,0.819,-4.4506,-0.1691,-0.0014,9.6534,878,0,0.15370659276867144,0.0,0.01012113055181696
0.2636,-0.066,10.0123,5.295,-2.2527,1.0259,0.2484,-0.0958,10.0037,879,0,0.15370659276867144,0.0,0.050992519718707635
-0.0934,-0.3291,9.627,2.7184,-1.7484,2.2409,-0.0358,-0.3252,9.661,880,0,0.15370659276867144,0.0,0.03614715889396535
0.0223,0.2545,10.2211,-0.8962,-5.6578,1.8129,0.0771,0.2518,10.2477,881,0,0.1526504524297057,0.0,0.04537301969681717
-0.1726,0.1386,9.6534,2.2791,-1.3278,3.3185,-0.1118,-0.0494,9.7176,882,0,0.15370659276867144,0.0,0.04465487421962707
-0.4493,0.4808,9.628,2.2983,-3.3168,4.4916,-0.4882,0.4715,9.7007,883,0,0.15370659276867144,0.0,0.04706161477875806
-0.5376,0.2077,9.9187,5.7886,3.3016,3.1176,-0.509,0.1898,9.8836,884,0,0.15370659276867144,0.0,0.030099206349206348
0.4824,0.2559,9.9506,0.5705,-0.3959,1.7077,0.5034,0.1818,9.8836,885,0,0.15370659276867144,0.0,0.03921860420853917
-0.2685,-0.2364,9.8822,-5.3967,3.0396,1.2899,-0.2037,-0.2332,9.901,886,0,0.15370659276867144,0.0,0.02586695585689082
0.1417,0.0659,9.8693,-4.7041,-3.2387,0.947,0.1447,0.1102,9.8473,887,0,0.15370659276867144,0.0,0.04074582530507386
-0.1299,0.0733,9.981,0.0107,-2.0395,0.9129,-0.1306,0.0245,9.9915,888,0,0.15370659276867144,0.0,0.03855926354919851
-0.2302,0.035,9.9396,-1.4456,-0.6321,-5.181,-0.2425,0.064,9.9547,889,0,0.15370659276867144,0.0,0.03082727331720828
-0.1285,-0.1886,10.1493,-1.5578,3.6367,5.8983,-0.0618,-0.146,10.1222,890,0,0.15370659276867144,0.0,0.0213758020938872
-0.0408,-0.5821,9.5626,-1.5343,-1.6976,2.3156,0.0769,-0.5672,9.5606,891,0,0.15366621418353923,0.0,0.021303157690764456
0.1618,0.4039,9.471,2.7626,-2.3519,-0.2927,0.0141,0.4513,9.3588,892,0,0.14112829713517724,0.0,0.025606936416184972
-0.1334,0.5316,9.3912,-0.6869,2.6646,3.084,-0.2381,0.5874,9.3149,893,0,0.13711406190791492,0.0,0.025606936416184972
0.0538,0.3223,9.9223,3.7123,-0.1196,-1.6956,0.1645,0.3417,9.9178,894,0,0.15370659276867144,0.0,0.025
-0.0127,0.028,9.584,3.9599,4.99,3.8297,0.0049,0.0751,9.5935,895,0,0.15370659276867144,0.0,0.03013888888888889
-0.0562,0.1508,9.8803,-0.5844,3.9305,-5.9034,-0.0884,0.2095,9.9428,896,0,0.15370659276867144,0.0,0.010099206349206349
-0.4279,0.5691,9.8962,-5.5069,3.2874,-2.8808,-0.4553,0.5052,9.8376,897,0,0.15355074445237718,0.0,0.010099206349206349
0.0072,-0.4272,9.7847,1.9591,1.4372,0.4496,-0.0602,-0.3938,9.7834,898,0,0.15370659276867144,0.0,0.010139046986656549
0.0063,-0.1483,9.789,-1.2235,1.4473,2.0797,-0.079,-0.144,9.7733,899,0,0.15370659276867144,0.0,0.010139046986656549
-0.2281,0.0587,10.0326,3.9823,3.443,-6.4175,-0.2329,0.0839,10.1337,900,0,0.15370659276867144,0.0,0.0001390469866565484
-0.3755,0.0645,9.8284,7.2266,-3.2227,-0.7931,-0.3756,0.0982,9.8565,901,0,0.15242389511884455,0.0,0.0001390469866565484
0.0826,-0.3083,10.1725,-0.8576,-2.3736,-3.4817,0.0674,-0.2776,10.1855,902,0,0.1533321728497886,0.0,0.0001390469866565484
-0.4814,0.2719,10.0708,-5.3087,4.748,1.4256,-0.4391,0.2436,10.0977,903,0,0.15370659276867144,0.0,0.001349206349206349
-0.3625,0.0805,9.9309,0.9543,-2.6906,2.7106,-0.3277,0.0442,10.0101,904,0,0.15370659276867144,0.0,0.001349206349206349
0.3813,0.2203,10.0276,5.4331,0.5681,1.0373,0.3705,0.2021,9.9531,905,0,0.15370659276867144,0.0,0.011349206349206348
-0.3774,-0.1452,9.669,-9.3196,0.316,-2.8037,-0.4374,-0.1404,9.646,906,0,0.1458499173853834,0.0,0.001349206349206349
-0.3716,-0.3816,9.9003,2.5712,-5.1758,5.7347,-0.3398,-0.4012,9.9617,907,0,0.15370659276867144,0.0,0.001349206349206349
0.3217,-0.2586,10.0944,1.0888,-1.5679,-0.0773,0.3229,-0.2983,10.1093,908,0,0.15370659276867144,0.0,0.001349206349206349
0.1703,0.2571,9.5902,3.1628,-2.1377,-4.3616,0.1323,0.2387,9.5981,909,0,0.15370659276867144,0.0,0.011349206349206348
0.4697,-0.0059,10.0829,0.5113,8.6313,-2.7874,0.5012,0.0395,10.1626,910,0,0.12765889081243798,0.0,0.0002380952380952381
0.033,0.071,10.0566,-4.8542,-2.615,2.499,0.0448,0.0823,9.9944,911,0,0.15370659276867144,0.0,0.0002380952380952381
-0.0754,0.0285,9.4917,3.0054,-1.3054,0.6914,-0.1401,0.0465,9.489,912,0,0.15370659276867144,0.0,0.0002380952380952381
0.09,0.5946,9.6888,-2.3062,-0.5064,-3.6637,0.0992,0.5807,9.6848,913,0,0.15355074445237718,0.0,0.020318986568986567
0.4223,0.1842,9.616,-5.495,2.7204,0.5443,0.3769,0.1933,9.5328,914,0,0.15370659276867144,0.0,0.00031404460518384567
0.3291,0.3002,9.7663,1.2711,-3.8648,0.1167,0.3024,0.2183,9.8067,915,0,0.15370659276867144,0.0,0.012097010214598487
0.4652,0.1434,9.6866,-1.4542,-3.1508,-1.1835,0.4687,0.1461,9.7375,916,0,0.15370659276867144,0.0,0.0020970102145984894
0.0382,-0.435,9.8854,0.9358,-5.1292,4.9042,0.07,-0.5081,9.8317,917,0,0.15370659276867144,0.0,0.012097010214598487
0.2346,-0.5344,9.6946,-0.1051,1.8562,7.1,0.1718,-0.4709,9.6344,918,0,0.15314501477372658,0.0,0.012172959581687095
-0.1573,0.452,9.7244,0.0908,-2.3921,-1.3843,-0.1708,0.4018,9.7264,919,0,0.15370659276867144,0.0,0.013697010214598486
-0.1121,-0.3545,9.7848,-5.5865,2.4512,-6.8508,-0.0155,-0.2391,9.7991,920,0,0.1532405209942328,0.0,0.012097010214598487
-0.2464,0.1936,9.8745,5.7457,-3.1216,-0.4695,-0.2384,0.1413,9.9263,921,0,0.15370659276867144,0.0,0.013697010214598486
-0.2358,0.3466,10.0864,1.3664,-1.8834,-1.3954,-0.2199,0.3558,10.1438,922,0,0.15370659276867144,0.0,0.023697010214598486
-0.3625,-0.1217,10.0103,-0.9939,-2.3474,2.3549,-0.397,-0.1108,10.0487,923,0,0.15370659276867144,0.0,0.012097010214598487
-0.4214,-0.4338,9.8953,5.1926,-0.2719,3.211,-0.4242,-0.4275,9.9413,924,0,0.15370659276867144,0.0,0.033697010214598484
0.1205,-0.1015,9.915,1.8802,-2.7981,-2.9854,0.0496,-0.0211,9.9154,925,0,0.15370659276867144,0.0,0.033372959581687095
-0.1004,0.0284,10.3937,8.5198,-4.702,-1.3405,-0.0689,0.0862,10.4243,926,0,0.1163613041397928,0.0,0.011958121325709599
0.0105,-0.1586,9.4166,2.0429,-0.8708,-5.0817,0.0419,-0.1147,9.4529,927,0,0.1534046229755623,0.0,0.013158121325709598
0.0322,0.0557,9.8484,2.8131,0.7366,-2.512,0.0833,-0.0064,9.778,928,0,0.15370659276867144,0.0,0.0191581213257096
0.2979,0.81,10.0395,-1.8372,-0.2136,1.7164,0.2582,0.8128,10.0448,929,0,0.13075776150152524,0.0,0.044368796559151706
-0.0458,-0.2431,9.806,1.4357,-4.8135,0.1824,-0.0771,-0.2336,9.8966,930,0,0.15370659276867144,0.0,0.03628308227343743
0.3248,-0.1032,9.7874,2.7295,1.7728,-0.7418,0.2718,-0.0904,9.7517,931,0,0.15370659276867144,0.0,0.038829034745859345
0.2921,-0.0006,9.6578,1.0006,-0.722,-5.17,0.2987,-0.0533,9.6873,932,0,0.15370659276867144,0.0,0.03308394914027913
0.185,0.3365,10.0802,-2.2792,-1.913,-1.9974,0.1279,0.3382,10.0141,933,0,0.15370659276867144,0.0,0.013565876851122507
0.0846,0.0594,9.8179,-5.529,3.2254,-4.9295,0.0883,0.0541,9.7193,934,0,0.15370659276867144,0.0,0.00356587685112251
0.0092,0.1267,9.8139,-0.9652,-0.9277,1.4224,0.0666,0.1524,9.8967,935,0,0.15370659276867144,0.0,0.002995604592108529
-0.359,-0.1784,9.7449,-0.2209,-3.5566,0.5094,-0.2451,-0.1982,9.7495,936,0,0.15370659276867144,0.0,0.02419560459210853
0.1997,0.3168,9.7381,0.3062,-0.5064,1.2952,0.246,0.406,9.821,937,0,0.15370659276867144,0.0,0.004368796559151708
0.3943,-0.2252,9.8795,-5.77,-2.4139,1.0732,0.3643,-0.2208,9.8557,938,0,0.15370659276867144,0.0,0.02436879655915171
0.3733,-0.1594,9.9615,-1.8082,-2.3949,0.6476,0.4623,-0.1327,10.0172,939,0,0.15370659276867144,0.0,0.04578156251659852
0.1745,-0.6374,9.9395,-0.7907,-2.9259,-0.073,0.0775,-0.6394,9.8278,940,0,0.15388704993742966,0.0,0.06433131329275278
0.4893,-0.2286,9.9083,0.3745,1.2397,0.7555,0.4172,-0.1926,9.88,941,0,0.15370659276867144,0.0,0.07536879655915171
0.1078,-0.0404,9.8769,-0.5257,2.6614,6.8132,0.0999,0.0125,9.8984,942,0,0.15314501477372658,0.0,0.03481324100359615
-0.3011,0.0628,9.6776,-2.9937,2.647,-3.288,-0.3126,0.0321,9.642,943,0,0.15370659276867144,0.0,0.04471664478123382
0.0257,-0.2089,9.8068,-3.811,1.3076,-2.9578,-0.0378,-0.1331,9.7901,944,0,0.15370659276867144,0.0,0.04488424254659695
0.2288,-0.2485,9.7497,2.625,3.0921,3.749,0.2119,-0.2177,9.7394,945,0,0.15370659276867144,0.0,0.04471664478123382
0.0134,-0.0088,9.6856,3.1206,1.4609,2.7182,-0.0614,0.0126,9.6758,946,0,0.15370659276867144,0.0,0.054884242546596955
-0.6581,0.2542,9.7903,2.8952,-2.1968,-2.8605,-0.6412,0.2336,9.8518,947,0,0.1537691488359536,0.0,0.025454734090772712
0.3549,-0.169,9.9005,-1.0601,3.9134,0.1434,0.373,-0.1488,9.9532,948,0,0.15370659276867144,0.0,0.025454734090772712
-0.0975,0.0128,9.5528,1.1756,2.4032,2.7994,-0.1297,0.0784,9.4682,949,0,0.15370659276867144,0.0,0.024899178535217156
-0.3779,0.3851,9.8927,-4.0754,2.1112,1.1651,-0.4613,0.2935,9.8656,950,0,0.15370659276867144,0.0,0.03489917853521716
0.0053,0.2372,9.9325,1.344,1.0301,-2.5454,0.0208,0.1967,9.8988,951,0,0.15370659276867144,0.0,0.020899178535217153
0.2793,-0.3744,9.8912,3.5442,1.7636,-4.5274,0.3154,-0.4248,10.0075,952,0,0.15370659276867144,0.0,0.020899178535217153
0.2421,-0.1324,9.8112,-0.3375,-0.4931,3.9723,0.2631,-0.1493,9.8212,953,0,0.15370659276867144,0.0,0.01338143899513498
0.0524,0.071,9.8065,1.3593,-0.4334,1.0146,0.0383,0.0776,9.7075,954,0,0.15370659276867144,0.0,0.014531462055262245
-0.1206,-0.1797,9.6417,-7.7621,-1.0228,-0.916,-0.2254,-0.2294,9.7247,955,0,0.15114653237688538,0.0,0.029739723673162414
-0.3142,0.1667,9.8313,-2.1361,1.9622,-1.3431,-0.3368,0.12,9.7907,956,0,0.15370659276867144,0.0,0.01435734260959281
-0.1179,-0.2644,10.0498,2.1376,-0.9174,-0.3849,-0.1143,-0.3125,10.0477,957,0,0.15370659276867144,0.0,0.01926451405520668
0.5044,0.1216,10.0745,-1.6496,-7.0359,-3.1551,0.4886,0.0816,10.088,958,0,0.1540709653383983,0.0,0.006781446172429333
0.0693,-0.1786,10.0339,-3.9052,-4.7988,0.0501,0.0741,-0.2236,9.9928,959,0,0.15370659276867144,0.0,0.007289860421126618
0.1562,0.0257,9.9013,1.536,4.9754,1.4651,0.1557,-0.0144,9.9632,960,0,0.15370659276867144,0.0,0.02793791520073472
0.0236,-0.3358,9.7319,3.924,-1.822,-3.404,-0.0186,-0.3638,9.7477,961,0,0.15370659276867144,0.0,0.0377798124339363
0.4149,0.5027,9.527,0.5644,2.062,-5.7738,0.4013,0.5906,9.6143,962,0,0.15182277332485958,0.0,0.03360070795632436
0.187,0.3055,9.8403,1.2671,-1.137,8.0531,0.1934,0.2853,9.9225,963,0,0.14841729206857712,0.0,0.024078548818399513
-0.1028,0.2063,9.9297,-1.475,3.1871,2.7135,-0.0855,0.2144,9.8896,964,0,0.15370659276867144,0.0,0.024313714151330212
0.3983,0.1902,10.0018,4.1542,-2.201,1.4986,0.4707,0.252,10.0438,965,0,0.15370659276867144,0.0,0.014313714151330205
0.5263,0.1266,9.8141,7.2231,1.7508,1.195,0.5221,0.0846,9.7786,966,0,0.15242389511884455,0.0,0.014313714151330205
-0.26,-0.2265,9.9956,-4.7269,2.7027,-0.5463,-0.2937,-0.3409,9.9623,967,0,0.15370659276867144,0.0,0.019583555421171475
0.4418,-0.5916,9.8021,-2.4495,-0.1078,2.8816,0.4492,-0.5501,9.8168,968,0,0.15376804318490978,0.0,0.014649040362575265
-0.253,-0.2182,9.761,-3.0641,2.3904,4.8104,-0.3019,-0.1844,9.6851,969,0,0.15370659276867144,0.0,0.015290389083328549
-0.8474,-0.8176,9.5655,3.2601,-3.611,-3.507,-0.8495,-0.8053,9.6352,970,0,0.10729382774016108,0.0,0.022161003448969176
0.5839,-0.1792,9.8236,-1.4367,0.215,-3.2544,0.566,-0.1537,9.8136,971,0,0.15208732668341593,0.0,0.011429296131896005
-0.1272,0.4111,9.764,-0.4338,-2.9977,0.6834,-0.1917,0.4351,9.7505,972,0,0.15370659276867144,0.0,0.011669296131896005
0.1255,0.5424,9.6802,0.5054,2.2316,-1.9195,0.1485,0.4925,9.6497,973,0,0.15355074445237718,0.0,0.010734595524956972
-0.9241,0.1474,9.7893,4.4268,-1.9557,3.7042,-0.8779,0.0896,9.7475,974,0,0.15007319406034259,0.0,0.020973631005679047
0.3183,-0.1459,9.5108,-2.1207,-3.2621,-2.0152,0.3357,-0.1211,9.5409,975,0,0.15370659276867144,0.0,0.021132361164409207
0.3653,0.2366,9.8115,-1.5281,-0.2877,5.8835,0.3402,0.2605,9.8757,976,0,0.15370659276867144,0.0,0.022142544737072892
-0.4576,0.4816,9.8884,-1.5129,-0.3031,2.4866,-0.4575,0.526,9.7709,977,0,0.15370659276867144,0.0,0.3600388349514563
0.3201,-0.3495,9.9352,-1.2495,-4.2738,-2.8703,0.3168,-0.3225,9.9687,978,0,0.15370659276867144,0.0,0.3501975651101864
-0.2757,-0.2554,9.8825,-0.7856,-2.4316,-2.2939,-0.2634,-0.2816,9.8056,979,0,0.15370659276867144,0.0,0.4100388349514563
0.4264,0.3276,9.7006,2.7432,1.6653,-2.8468,0.4935,0.3368,9.7464,980,0,0.15370659276867144,0.0,0.4002674063800277
0.1954,0.0069,9.8013,6.4211,3.4851,-1.4243,0.0865,0.0206,9.8077,981,0,0.1528511125999369,0.0,0.4502674063800277
-0.1777,-0.2539,9.8628,-2.314,0.0237,0.251,-0.1566,-0.2556,9.8137,982,0,0.15370659276867144,0.0,0.47026740638002773
-0.4428,0.4352,9.7936,-2.5305,4.1651,-0.0017,-0.4879,0.4352,9.8366,983,0,0.15370659276867144,0.0,0.4502674063800277
-0.2759,-0.1366,9.6364,-3.059,-3.0598,-0.1535,-0.3333,-0.215,9.7217,984,0,0.15370659276867144,0.0,0.4302674063800277
-0.3684,-0.4284,9.8851,-4.4219,1.3758,0.1313,-0.3566,-0.4638,9.9841,985,0,0.15370659276867144,0.0,0.4700388349514563
-0.5503,-0.6013,9.3495,-1.3668,1.2555,-0.8385,-0.4953,-0.6184,9.3057,986,0,0.14423471056966877,0.0,0.025016667487269748
0.1699,0.2801,9.7879,2.9464,0.2081,-5.9591,0.1407,0.2732,9.803,987,0,0.15370659276867144,0.0,0.034357326827929094
-0.2407,-0.0948,9.7943,-0.1806,0.5927,3.5979,-0.2738,-0.0644,9.839,988,0,0.15370659276867144,0.0,0.02072096319156545
-0.0266,0.2591,9.8359,-2.6261,-1.5013,2.5403,-0.0412,0.2271,9.8925,989,0,0.15370659276867144,0.0,0.05094953462013688
-0.0251,0.3892,9.6438,-0.3277,-2.0447,-0.457,0.0925,0.2829,9.7167,990,0,0.15370659276867144,0.0,0.05094953462013688
0.4839,-0.1702,9.7407,-1.2821,-1.3382,3.2001,0.4784,-0.1394,9.754,991,0,0.15370659276867144,0.0,0.051909986597538
0.51,0.0602,9.6406,2.5451,2.0927,-1.0443,0.4566,0.1483,9.7287,992,0,0.15370659276867144,0.0,0.04168141516896658
0.2446,0.0197,9.8576,0.9092,2.5998,-0.0949,0.1877,0.0811,9.8246,993,0,0.15370659276867144,0.0,0.06168141516896658
-0.1595,0.0706,9.7381,0.7142,-4.3629,2.2362,-0.2251,0.0861,9.7222,994,0,0.15370659276867144,0.0,0.06168141516896658
0.2625,0.4189,10.042,0.3642,-7.5724,1.0767,0.2686,0.3712,10.0182,995,0,0.14977625832515895,0.0,0.021681415168966583
0.0113,0.4182,10.0537,-0.9814,0.0097,0.3522,0.0445,0.4236,10.1491,996,0,0.15370659276867144,0.0,0.02531777880533022
-0.3715,-0.0673,9.8028,2.8101,0.6529,0.3344,-0.3265,-0.076,9.8432,997,0,0.15370659276867144,0.0,0.021681415168966583
-0.3924,-0.2532,9.6571,4.6253,-1.5904,-2.9704,-0.3886,-0.2878,9.6598,998,0,0.15370659276867144,0.0,0.011681415168966583
-0.3093,0.0002,9.794,3.445,-4.0473,1.5294,-0.3031,-0.0236,9.7115,999,0,0.15370659276867144,0.0,0.03168141516896658
-0.2037,0.332,9.7674,4.2102,-3.2772,-3.1185,-0.2161,0.3664,9.7732,1000,0,0.15370659276867144,0.0,0.029896903041189513
-0.1109,0.0023,9.7787,-1.8644,1.6362,3.9302,-0.0763,0.0832,9.7279,1001,0,0.15370659276867144,0.0,0.010720963191565451
0.0287,-0.1944,9.7195,-1.5677,-1.1368,-5.6846,-0.0549,-0.2574,9.6258,1002,0,0.15370659276867144,0.0,0.030720963191565455
-0.3632,-0.2782,9.7882,7.3269,-3.9811,-4.057,-0.3323,-0.2973,9.7747,1003,0,0.15044291000608326,0.0,0.019908331612618083
0.1119,-0.0702,9.861,4.3693,-3.6903,1.8869,0.0032,-0.0838,9.8745,1004,0,0.15370659276867144,0.0,0.020496566906735725
0.731,0.0804,9.7028,0.6488,6.9733,2.5952,0.6905,0.0551,9.7154,1005,0,0.15200473004011875,0.0,0.10062707024557396
0.4072,-0.0323,9.64,4.7978,-0.0482,-1.6267,0.39,-0.0593,9.6902,1006,0,0.15370659276867144,0.0,0.0213091984856831
-0.0291,0.41,9.7273,0.3926,-3.6833,-3.3982,-0.0348,0.3586,9.7717,1007,0,0.15370659276867144,0.0,0.1902565669067357
0.0882,0.3032,10.0023,-1.4381,0.9764,-7.9334,0.0815,0.3536,10.0165,1008,0,0.1513602608214693,0.0,0.308986203372509
-0.1502,0.2341,10.0231,3.7239,-1.9212,5.63,-0.1773,0.2364,9.955,1009,0,0.15370659276867144,0.0,0.26898620337250895
0.0225,0.1626,9.7866,2.3983,-2.0258,0.6842,-0.0213,0.1552,9.8819,1010,0,0.15370659276867144,0.0,0.308986203372509
0.1427,0.3855,9.8169,-1.0765,6.4533,0.9322,0.1286,0.3227,9.7685,1011,0,0.15370659276867144,0.0,0.3400388349514563
0.2736,-0.2581,9.5457,-0.2738,2.6736,2.3748,0.2431,-0.2543,9.4954,1012,0,0.15370659276867144,0.0,0.3100388349514563
0.4123,-0.1191,9.8505,-1.9633,-3.0887,2.0879,0.4445,-0.0942,9.8552,1013,0,0.15370659276867144,0.0,0.29003883495145627
-0.0586,-0.4629,9.9874,-3.2408,-2.5298,-3.405,-0.0761,-0.3921,9.9795,1014,0,0.15370659276867144,0.0,0.2300388349514563
-0.1471,0.2141,9.6381,7.0525,-2.7548,6.7668,-0.0914,0.2533,9.5813,1015,0,0.15186231712389972,0.0,0.29003883495145627
0.1937,-0.3355,10.0077,2.7568,-0.3548,-1.331,0.2079,-0.3266,9.9922,1016,0,0.15370659276867144,0.0,0.21003883495145628
0.0064,-0.0302,9.9415,-2.2413,-0.2594,-3.5377,0.0273,-0.0236,9.9052,1017,0,0.15370659276867144,0.0,0.18016213768620482
0.5589,0.2121,9.9683,2.639,-0.4558,-1.0125,0.481,0.2359,9.9833,1018,0,0.15361879978792273,0.0,0.1796977414013751
0.0262,0.0176,9.8786,-2.0272,3.9931,-2.6589,0.0192,0.0088,9.9163,1019,0,0.15370659276867144,0.0,0.1891095061072575
0.3067,-0.2261,9.6432,-2.1771,-1.7507,-6.7169,0.2563,-0.2621,9.6767,1020,0,0.1532405209942328,0.0,0.18020197832365503
-0.2045,-0.0578,9.748,2.646,-2.3465,0.1424,-0.1654,-0.0076,9.7774,1021,0,0.15370659276867144,0.0,0.20020197832365505
0.0491,-0.0807,9.5726,7.2618,-2.1611,-1.4776,0.1102,-0.1249,9.5444,1022,0,0.15242389511884455,0.0,0.04075753387921058
-0.1134,-0.1271,9.6504,-1.4238,4.5087,4.0986,-0.0566,-0.0934,9.6849,1023,0,0.15370659276867144,0.0,0.041239714172711626
0.1439,0.5957,9.6129,1.416,4.3738,-2.5975,0.1331,0.6568,9.6514,1024,0,0.15309497375261916,0.0,0.037921849079969365
-0.2074,0.2547,9.8454,-0.7729,5.7622,0.8775,-0.1918,0.2723,9.8641,1025,0,0.15370659276867144,0.0,0.08792184907996937
0.4891,-0.1082,10.1767,-2.1648,2.118,-2.8586,0.4228,-0.1036,10.1267,1026,0,0.15370659276867144,0.0,0.04007740463552492
0.2858,-0.1953,9.5373,4.0739,-1.8763,-2.1246,0.2481,-0.2383,9.6026,1027,0,0.15370659276867144,0.0,0.03818046976962454
0.1145,-0.0462,9.9406,0.9237,-1.6054,3.4107,0.153,-0.1209,10.0059,1028,0,0.15370659276867144,0.0,0.009218205618681141
0.0327,0.2796,9.8861,-3.1622,-3.5365,-2.8806,0.0054,0.3107,9.8964,1029,0,0.15370659276867144,0.0,0.009218205618681141
-0.254,0.0079,9.8341,1.79,-1.5982,2.4609,-0.2642,-0.0993,9.7695,1030,0,0.15370659276867144,0.0,0.014908394947424691
0.0102,-0.1096,9.6045,-5.2138,2.3506,-7.2246,0.0273,-0.1757,9.6599,1031,0,0.1513602608214693,0.0,0.016302548503989527
0.1775,0.6064,9.7843,-0.212,1.2867,-1.9877,0.2223,0.6947,9.7978,1032,0,0.14256404422240232,0.0,0.02061235917524598
0.497,0.1427,9.6391,1.6218,-1.7824,0.7079,0.4975,0.1163,9.6607,1033,0,0.15370659276867144,0.0,0.0358381522191598
0.4609,-0.0531,9.9888,-0.5487,3.9524,2.0492,0.4572,-0.0363,10.0231,1034,0,0.15370659276867144,0.0,0.026302548503989526
-0.1612,-0.0216,9.7332,-1.3731,1.1187,-2.3059,-0.1234,-0.0407,9.655,1035,0,0.15370659276867144,0.0,0.021032707234148254
0.1454,0.568,9.4473,0.4887,-1.515,2.1622,0.1305,0.6044,9.4347,1036,0,0.15244573200656186,0.0,0.029213636795776158
-0.1133,-0.2889,9.6855,3.5529,-0.0668,7.2615,-0.1777,-0.2553,9.7022,1037,0,0.15314501477372658,0.0,0.02295869608431371
-0.4104,0.3561,9.4369,0.97,1.4146,-2.072,-0.3757,0.4161,9.4332,1038,0,0.152968620356603,0.0,0.01931284314498251
-0.2371,-0.2148,10.016,-3.1734,-4.3023,0.952,-0.1423,-0.2371,9.8915,1039,0,0.15370659276867144,0.0,0.01931284314498251
0.5567,-0.0632,9.7976,0.5186,5.3866,0.0218,0.5947,-0.0505,9.8455,1040,0,0.15488821094857297,0.0,0.01816964093656291
-0.0982,-0.0481,10.0694,0.1654,-2.113,1.1198,-0.0914,0.0702,10.0326,1041,0,0.15370659276867144,0.0,0.002899799666721641
0.0356,-0.1121,9.5013,-5.8173,0.9403,0.4662,0.0097,-0.0582,9.637,1042,0,0.15370659276867144,0.0,0.013581927906830781
-0.1716,-0.196,10.0366,-6.157,1.4203,-0.2374,-0.178,-0.1801,10.0004,1043,0,0.15370659276867144,0.0,0.013794693864277589
0.1114,-0.1031,9.5701,-0.5227,3.8093,4.77,0.1749,-0.1436,9.5901,1044,0,0.15370659276867144,0.0,0.03375485322682739
-0.4866,0.3284,9.7739,-0.1478,-1.1859,-0.4449,-0.512,0.355,9.81,1045,0,0.15370659276867144,0.0,0.03343755100713473
0.5523,0.0947,9.7812,-4.7411,1.9233,-9.5922,0.5662,0.0779,9.8743,1046,0,0.1505814100868035,0.0,0.020083316635243573
0.4134,0.8707,9.7448,-1.3854,-1.5513,7.2009,0.3866,0.8774,9.7218,1047,0,0.10735055881713798,0.0,0.02909610757674075
-0.0607,0.0979,9.5124,-2.479,-2.3016,-1.4522,-0.1058,0.0266,9.5246,1048,0,0.15370659276867144,0.0,0.023096107576740747
-0.073,-0.4353,9.5798,0.9329,1.3061,-0.0835,-0.0554,-0.4017,9.6337,1049,0,0.15370659276867144,0.0,0.023096107576740747
-0.279,-0.0791,9.7671,-1.0579,-2.9001,2.0147,-0.3046,-0.1017,9.7529,1050,0,0.15370659276867144,0.0,0.02350151298214615
0.5921,-0.3242,9.9293,-0.9405,2.3409,2.5598,0.5661,-0.2906,10.0465,1051,0,0.15208732668341593,0.0,0.022058371727684146
-0.5104,0.4931,9.9123,0.6937,-1.7233,1.9008,-0.5618,0.4532,9.9377,1052,0,0.15370659276867144,0.0,0.0031349425281970546
-0.2002,-0.1104,9.818,-6.3221,2.2521,5.1678,-0.1424,-0.0868,9.8412,1053,0,0.15370659276867144,0.0,0.0025026120845458564
0.4111,0.1104,9.7081,-1.5294,-0.2638,2.2151,0.3926,0.0837,9.7328,1054,0,0.15370659276867144,0.0,0.012403405735339507
0.1592,0.2274,9.7763,8.1352,1.6696,0.2601,0.1428,0.1996,9.6909,1055,0,0.1276890227335194,0.0,0.002211314078902353
-0.2089,0.1331,9.9144,1.9559,0.23,1.3004,-0.1794,0.1375,9.9269,1056,0,0.15370659276867144,0.0,0.002211314078902353
0.4716,0.0267,9.6972,1.4049,-2.0894,-2.0862,0.4808,0.0124,9.6862,1057,0,0.15370659276867144,0.0,0.002211314078902353
-0.3069,-0.4882,9.7945,-0.2519,-1.3674,-2.9797,-0.2789,-0.48,9.692,1058,0,0.15370659276867144,0.0,0.022211314078902353
-0.2826,-0.1291,10.0936,3.3936,3.0693,0.0846,-0.2619,-0.1115,10.1208,1059,0,0.15370659276867144,0.0,0.012211314078902353
-0.0689,-0.0999,9.6938,-2.8399,0.2163,3.2338,-0.1448,-0.0526,9.7028,1060,0,0.15370659276867144,0.0,0.012211314078902353
0.0065,-0.1189,10.0034,-2.0788,2.0155,-1.0358,0.0321,-0.1402,10.0273,1061,0,0.15370659276867144,0.0,0.021932919314263617
-0.0351,0.0955,10.1429,-2.1433,-1.519,-2.305,-0.0358,0.1578,10.1531,1062,0,0.15370659276867144,0.0,0.025799523791875556
0.0161,-0.1926,10.2115,0.8968,2.1348,-3.3372,-0.0063,-0.2119,10.1919,1063,0,0.1533321728497886,0.0,0.04705347370418525
-0.1268,-0.5396,9.7427,0.3643,-4.7869,-2.2439,-0.0812,-0.6349,9.7633,1064,0,0.1367833521582558,0.0,0.028368987331019634
0.1432,0.0588,9.9558,-3.1303,0.303,-3.3986,0.1574,0.0837,9.9334,1065,0,0.15370659276867144,0.0,0.0644319879770455
-0.0753,-0.3975,9.5796,-0.6364,2.9045,-0.7505,-0.071,-0.426,9.5712,1066,0,0.15370659276867144,0.0,0.06325901382501146
0.1711,-0.2501,9.5433,-0.5875,0.0768,-0.9031,0.1407,-0.2714,9.5818,1067,0,0.15370659276867144,0.0,0.04972069217568235
-0.0124,-0.1315,10.0675,-2.1838,-0.9214,6.5138,-0.0382,-0.0077,10.1163,1068,0,0.15314501477372658,0.0,0.042905643342989255
-0.4234,-0.2131,9.7399,1.2707,7.3448,-0.0051,-0.3718,-0.2086,9.6651,1069,0,0.14773293704523302,0.0,0.012644944630719312
0.3609,-0.1091,9.7414,1.5339,-0.2703,4.107,0.269,-0.0566,9.685,1070,0,0.15370659276867144,0.0,0.012644944630719312
-0.618,0.1294,9.9681,0.1305,4.0363,-3.7936,-0.6255,0.142,9.9135,1071,0,0.1537691488359536,0.0,0.01158989622513437
-0.0922,0.0551,9.7818,-1.0494,-1.1155,-5.1728,-0.0222,0.0899,9.7749,1072,0,0.15370659276867144,0.0,0.02428046519978773
-0.4501,-0.1596,9.5669,6.443,0.5446,-0.4418,-0.481,-0.1686,9.5586,1073,0,0.1528511125999369,0.0,0.015530465199787733
0.129,0.0437,9.7036,-2.654,-1.73,1.4128,0.0551,0.0777,9.6483,1074,0,0.15370659276867144,0.0,0.005530465199787731
-0.1153,-0.4304,9.9219,-1.2884,7.2505,2.1154,-0.1089,-0.5455,9.9786,1075,0,0.14633378022181195,0.0,0.015530465199787733
-0.1005,-0.0632,9.9657,1.1141,0.7982,6.2837,-0.0973,-0.185,9.9608,1076,0,0.15314501477372658,0.0,0.015530465199787733
0.1758,0.244,9.8669,1.3412,1.0019,1.3905,0.314,0.3068,9.9184,1077,0,0.15370659276867144,0.0,0.015530465199787733
-0.0988,-0.1171,9.5863,-1.1437,-5.0412,-2.7802,-0.1793,-0.1089,9.5884,1078,0,0.15370659276867144,0.0,0.0016250257707194804
-0.5656,-0.3941,9.818,3.4396,2.0342,0.6305,-0.5019,-0.4002,9.8225,1079,0,0.15370659276867144,0.0,0.03166386072217579
-0.2723,0.0969,9.9286,7.1216,1.3854,2.4212,-0.2967,0.1462,9.9153,1080,0,0.15242389511884455,0.0,0.025456500702746312
-0.1843,-0.4223,10.3383,-6.9689,3.1281,2.3382,-0.2496,-0.3695,10.428,1081,0,0.06299987785765208,0.0,0.011471119413212945
0.2687,-0.4193,10.0181,-0.3771,-2.0497,0.4234,0.2568,-0.4056,9.9883,1082,0,0.15370659276867144,0.0,0.0010657140078075382
-0.0888,-0.5013,9.8642,-1.7346,7.1515,-1.4722,-0.1345,-0.487,9.9117,1083,0,0.15106430159038375,0.0,0.0010657140078075382
0.6685,0.0872,9.8554,-2.1893,-1.9504,-2.4551,0.7086,0.0955,9.7816,1084,0,0.15362367307248395,0.0,0.0010657140078075382
-0.0686,0.0471,9.9486,-2.5151,0.7275,3.7051,-0.1065,0.0644,9.9914,1085,0,0.15370659276867144,0.0,0.0010657140078075382
-0.0132,0.0225,9.6513,-2.7814,-1.9054,-1.2304,0.0296,0.1035,9.6039,1086,0,0.15370659276867144,0.0,0.010353688691351844
0.1376,0.4191,10.005,-3.4802,0.8769,3.94,0.1813,0.3449,10.0202,1087,0,0.15370659276867144,0.0,0.010353688691351844
-0.2409,0.426,9.9327,-0.2,-1.2077,-1.8495,-0.2778,0.4445,9.9353,1088,0,0.15370659276867144,0.0,0.020353688691351842
0.2994,0.0535,10.0781,-5.5458,-3.4703,-0.6709,0.2715,0.0305,10.0482,1089,0,0.15370659276867144,0.0,0.020353688691351842
0.0789,0.0528,9.5685,-2.0204,-3.5926,-9.7165,0.018,0.0755,9.5309,1090,0,0.15022323174628213,0.0,0.030353688691351844
-0.4844,-0.44,9.6814,1.5081,0.5197,0.5424,-0.4066,-0.4901,9.7172,1091,0,0.15370659276867144,0.0,0.020353688691351842
-0.5072,0.2699,9.9084,6.7762,3.0451,2.0469,-0.494,0.3227,9.9827,1092,0,0.15242389511884455,0.0,0.02
0.065,-0.2386,10.0934,2.897,1.5295,-1.3721,0.0344,-0.2929,10.0402,1093,0,0.15370659276867144,0.0,0.031098666408199475
-0.5563,0.1832,10.0587,-1.1128,3.1277,1.8198,-0.4595,0.2088,10.1411,1094,0,0.15370659276867144,0.0,0.031059831456743164
-0.1272,-0.1212,9.7451,4.5667,3.5287,2.683,-0.1456,-0.0662,9.7847,1095,0,0.15370659276867144,0.0,0.030099206349206348
0.3652,-0.0138,9.4973,1.8161,-1.7751,-3.6065,0.4179,0.0045,9.4885,1096,0,0.15370659276867144,0.0,0.021098666408199473
-0.0183,0.4435,9.6662,-1.7017,-0.4923,-1.0314,-0.0006,0.5178,9.6973,1097,0,0.15370659276867144,0.0,0.020926010372250548
-0.019,0.0374,9.6866,0.6967,-1.4008,-5.2969,-0.0078,-0.0275,9.6427,1098,0,0.15370659276867144,0.0,0.011192814486820026
0.0611,-0.1696,9.7499,1.143,-0.3043,-1.8699,0.0826,-0.1853,9.7708,1099,0,0.15370659276867144,0.0,0.021192814486820026
0.2082,0.1705,10.0223,-0.0128,-1.193,-0.2238,0.1913,0.1476,10.0568,1100,0,0.15370659276867144,0.0,0.011282287382896694
0.467,-0.6063,9.4695,4.1735,-1.9751,-2.4069,0.4549,-0.6122,9.4573,1101,0,0.1535456550317956,0.0,0.001154461742006265
0.0992,0.2102,9.4516,1.4192,-0.4386,1.7225,0.128,0.1851,9.4737,1102,0,0.15370659276867144,0.0,0.007588513345038695
-0.3973,0.1948,9.6256,0.8477,-2.8653,-2.2808,-0.4403,0.192,9.6936,1103,0,0.15370659276867144,0.0,0.017331204229033927
-0.3925,-0.1695,9.7776,1.15,-0.3865,1.6776,-0.3424,-0.161,9.8547,1104,0,0.15370659276867144,0.0,0.0010154147553497167
0.1668,-0.2487,9.5737,-0.6384,-1.434,-2.8647,0.1942,-0.2831,9.6697,1105,0,0.15370659276867144,0.0,0.011242635957371981
0.4534,0.2525,10.3175,-2.1329,-8.4511,-0.9912,0.3513,0.2128,10.4046,1106,0,0.07970279751208624,0.0,0.013072626450548297
0.3877,-0.2968,9.9544,1.7865,-2.1056,-8.2069,0.364,-0.295,9.9215,1107,0,0.15129144459913302,0.0,0.0031718327997546448
-0.0235,-0.2061,9.7504,0.8656,5.6838,1.6886,-0.0209,-0.1468,9.7948,1108,0,0.15370659276867144,0.0,0.002930053302655999
0.2165,-0.3664,9.72,4.0894,-2.7539,2.6322,0.174,-0.3075,9.6877,1109,0,0.15370659276867144,0.0,0.00370179717200943
0.0517,-0.5644,10.1397,0.7693,-4.4058,1.0086,0.0553,-0.5966,10.0688,1110,0,0.15360476376730087,0.0,0.002223910537264679
-0.0694,-0.22,9.4574,2.1374,-2.4598,2.6753,-0.0816,-0.1679,9.4326,1111,0,0.152968620356603,0.0,0.0016877869242179892
0.0966,-0.3086,9.9302,-2.8431,2.7786,2.7938,-0.0089,-0.4067,9.8906,1112,0,0.15370659276867144,0.0,0.0020449297813608463
-0.1814,-0.1197,9.5794,-3.3315,-0.7088,4.1224,-0.1852,-0.0482,9.6375,1113,0,0.15370659276867144,0.0,0.0016124584681120118
0.1599,0.2547,9.8648,4.0469,2.5655,3.2388,0.1037,0.3667,9.8468,1114,0,0.15370659276867144,0.0,0.000829386131110269
0.3507,-0.1846,9.8723,-1.4578,3.8541,-2.1758,0.3469,-0.2257,9.8075,1115,0,0.15370659276867144,0.0,0.0007977473494714874
0.2272,0.3788,9.6696,0.187,2.2959,1.5825,0.3069,0.3312,9.6757,1116,0,0.15370659276867144,0.0,0.0008375879869216865
0.1174,0.0677,10.0637,0.1389,-0.8872,2.6234,0.0593,0.0025,10.0996,1117,0,0.15370659276867144,0.0,0.0007977473494714874
0.2061,-0.0222,9.8725,0.2201,-1.1021,4.2151,0.1045,0.0088,9.9165,1118,0,0.15370659276867144,0.0,0.0008375879869216865
0.0784,-0.0131,10.0979,1.4973,-2.7126,1.8559,0.0535,-0.0262,10.1051,1119,0,0.15370659276867144,0.0,0.0017581993268726175
0.1924,-0.4655,9.5483,1.5122,5.7162,1.7099,0.2709,-0.5126,9.6065,1120,0,0.15370659276867144,0.0,0.0005779671296912676
-0.0629,-0.2271,9.678,-3.1231,-1.9813,1.3617,-0.0728,-0.2545,9.6428,1121,0,0.15370659276867144,0.0,0.0006178077671414668
0.3436,0.381,9.7468,-1.8515,1.1705,5.6097,0.3051,0.3801,9.6651,1122,0,0.15370659276867144,0.0,0.0006178077671414668
0.3433,-0.2357,9.516,0.2885,-1.8319,1.0291,0.3842,-0.1922,9.4884,1123,0,0.15370659276867144,0.0,0.0016522242415840172
0.0033,0.0636,9.7717,0.3534,6.29,0.6142,0.0053,0.0099,9.7017,1124,0,0.15370659276867144,0.0,0.0016522242415840172
-0.5189,-0.0907,9.9859,5.8997,6.055,0.0637,-0.4539,-0.0573,9.933,1125,0,0.15370659276867144,0.0,0.0006519316267326877
0.0967,0.0311,9.6817,3.0243,5.032,2.4503,0.173,0.0363,9.6254,1126,0,0.15370659276867144,0.0,0.0007170141163478161
0.4916,0.0526,10.0107,-3.0115,-8.927,5.3791,0.537,0.0877,10.0207,1127,0,0.14327923361082567,0.0,0.0006096059113300492
0.4605,0.0127,9.568,-0.6182,-1.9392,0.3105,0.4387,0.005,9.5121,1128,0,0.15370659276867144,0.0,0.0006096059113300492
0.7519,0.1106,10.0664,2.8244,1.0789,4.1821,0.7275,0.1187,10.0573,1129,0,0.15557955017382005,0.0,0.012637061923922908
-0.1203,-0.1478,9.5215,-0.036,3.3636,5.9867,-0.0615,-0.1304,9.6479,1130,0,0.15370659276867144,0.0,0.004933669835371048
0.2604,0.0897,10.0182,-1.2172,1.0804,-0.5815,0.2488,0.02,9.9445,1131,0,0.15370659276867144,0.0,0.004933669835371048
0.4315,0.4081,10.0039,7.8028,3.6855,-5.1371,0.3841,0.3634,10.0139,1132,0,0.14563469174668994,0.0,0.014320850868121699
-0.7002,-0.3986,9.7874,-1.9406,-1.0685,3.8258,-0.7007,-0.4046,9.7693,1133,0,0.159127268570506,0.0,0.02198692873832486
0.1791,0.404,9.9109,2.0051,-1.4809,-2.6459,0.1653,0.3714,9.8455,1134,0,0.15370659276867144,0.0,0.011422358310099703
0.415,0.1184,9.7854,-0.3134,-1.4751,2.6206,0.3495,0.1395,9.7959,1135,0,0.15370659276867144,0.0,0.011323151960893355
0.4461,0.0149,9.7402,4.7367,-3.2405,1.162,0.4542,0.0338,9.737,1136,0,0.15370659276867144,0.0,0.007599747705574205
-0.2785,0.1106,10.0301,3.8436,-0.9886,1.3532,-0.2919,0.025,9.9538,1137,0,0.15370659276867144,0.0,0.008547116126626838
-0.3461,-0.1714,10.4506,3.4567,-1.4413,-2.2881,-0.3092,-0.2043,10.5326,1138,1,0.023467998003275356,0.0,0.0036463224758331862
-0.4809,-0.3744,9.874,0.7882,-2.8299,-0.4594,-0.4454,-0.3664,9.926,1139,0,0.15370659276867144,0.0,0.015611126644437655
-0.3856,-0.3089,9.9666,0.5202,3.1316,0.7402,-0.3773,-0.3978,9.9523,1140,0,0.15370659276867144,0.0,0.0023595533053830924
0.2585,-0.2676,9.7978,-0.0993,-1.5936,3.8009,0.2548,-0.2236,9.7824,1141,0,0.15370659276867144,0.0,0.0069359280566177114
1.0008,0.3429,9.7709,3.2887,1.4216,0.8671,1.025,0.2786,9.7552,1142,1,0.2101343220528425,0.0,0.001356914165002558
0.0296,-0.463,10.0527,3.7275,-0.8504,0.7888,0.0327,-0.4528,10.1082,1143,0,0.15370659276867144,0.0,0.001356914165002558
-0.3704,0.115,9.7818,2.9541,6.1735,0.4227,-0.3689,0.1388,9.7136,1144,0,0.15370659276867144,0.0,0.001356914165002558
0.2336,0.2337,9.7816,-2.7359,0.7725,0.0319,0.2523,0.2259,9.7943,1145,0,0.15370659276867144,0.0,0.001356914165002558
0.0981,0.0792,9.7554,0.1546,-1.4191,-7.4767,0.0998,0.0678,9.6818,1146,0,0.1513602608214693,0.0,0.001356914165002558
-0.1801,0.0326,9.5474,-1.2835,4.5046,-2.9485,-0.2235,0.0549,9.5449,1147,0,0.15370659276867144,0.0,0.011356914165002556
-0.1257,1.0855,9.9391,3.9733,2.8431,3.2753,-0.1479,1.1342,9.8743,1148,1,0.06747860093282529,0.0,0.011867478273360628
-0.1214,0.0877,9.5973,1.7654,-2.5922,-1.1612,-0.0996,0.1057,9.5723,1149,0,0.15370659276867144,0.0,0.0018674782733606263
0.0062,-0.3718,9.6006,-4.1021,-2.9105,-1.4236,-0.0535,-0.337,9.5364,1150,0,0.15370659276867144,0.0,0.012648812862676117
0.3482,-0.1135,9.5907,7.0923,-0.6119,-3.12,0.418,-0.1265,9.5841,1151,0,0.15242389511884455,0.0,0.011749606513469768
-0.2945,-0.1194,9.668,2.7124,-1.0076,-2.2538,-0.3015,-0.1667,9.744,1152,0,0.15370659276867144,0.0,0.011503058189998368
0.6795,-0.2707,9.9608,-1.945,-2.3322,0.0975,0.6516,-0.2488,10.0147,1153,0,0.15510355623675892,0.0,0.0010140292450870685
-0.3607,-0.2598,9.6828,0.6266,-8.0296,2.2492,-0.3648,-0.2546,9.6107,1154,0,0.14981546126865944,0.0,0.0010140292450870685
0.0773,0.0858,10.0932,6.7193,-9.6656,0.7408,0.1121,0.0523,10.1903,1155,0,0.13862360787421288,0.0,0.0007469654528478057
-0.1914,0.627,9.945,0.5849,0.3346,4.0896,-0.1493,0.6232,10.0101,1156,0,0.15318370441863025,0.0,0.0009587301587301588
-0.0502,-0.0058,9.8415,-0.0389,2.8557,4.4146,-0.04,0.0122,9.819,1157,0,0.15370659276867144,0.0,0.002761918723875843
-0.6982,-0.094,9.8402,1.9766,-4.3175,-0.5744,-0.5924,-0.1122,9.8681,1158,0,0.15396826642394992,0.0,0.011546965452847805
0.347,-0.3998,9.8956,6.546,-3.3911,-0.6694,0.3401,-0.3603,9.892,1159,0,0.1528511125999369,0.0,0.0015469654528478059
-0.2558,-0.3388,9.9943,1.6372,0.8365,-0.0452,-0.2141,-0.2664,9.9206,1160,0,0.15370659276867144,0.0,0.0018031885651456844
0.3062,-0.7657,9.7727,-2.0443,2.9763,2.0994,0.3626,-0.8419,9.8604,1161,0,0.125136613375527,0.0,0.002173683429758196
0.0907,-0.3557,9.8173,4.8068,0.8459,-2.5543,0.0509,-0.3854,9.8217,1162,0,0.15370659276867144,0.0,0.002173683429758196
0.2106,0.3903,9.9481,-2.4151,-1.6552,-5.9422,0.1665,0.3634,9.9053,1163,0,0.15370659276867144,0.0,0.012173683429758195
-0.3091,-0.2101,10.0208,2.1866,-3.0814,-0.4391,-0.2625,-0.174,10.0314,1164,0,0.15370659276867144,0.0,0.002173683429758196
0.1742,-0.2209,9.6168,-0.0049,-1.4581,-0.212,0.1483,-0.2282,9.5271,1165,0,0.15370659276867144,0.0,0.0009587301587301588
-0.2604,-0.2842,9.8456,-0.4753,-5.959,1.5465,-0.2141,-0.3147,9.8495,1166,0,0.15370659276867144,0.0,0.0009587301587301588
-0.5887,-0.2118,9.6854,-0.1784,2.6406,-0.4718,-0.5386,-0.2366,9.6528,1167,0,0.15370659276867144,0.0,0.0009587301587301588
0.3395,-0.0483,9.4571,3.4655,0.4066,0.6802,0.3215,-0.0776,9.4337,1168,0,0.152968620356603,0.0,0.0009587301587301588
0.0743,0.1209,9.8407,0.9082,1.9838,0.0776,0.0644,0.1106,9.8519,1169,0,0.15370659276867144,0.0,0.002173683429758196
-0.0742,-0.1546,9.8163,-0.5176,-4.1489,3.3211,-0.0458,-0.2464,9.8671,1170,0,0.15370659276867144,0.0,0.0009587301587301588
-0.157,0.5422,9.804,1.5981,1.5065,2.5971,-0.0856,0.5512,9.7911,1171,0,0.15355074445237718,0.0,0.002173683429758196
-0.2061,-0.1986,9.8012,4.3338,3.17,0.1683,-0.2207,-0.1385,9.8126,1172,0,0.15370659276867144,0.0,0.002173683429758196
0.0921,0.3333,9.5752,-0.8565,4.5794,-1.5119,0.0979,0.371,9.6851,1173,0,0.15370659276867144,0.0,0.002173683429758196
0.4383,-0.5292,9.5702,2.2594,-0.9894,-2.0772,0.3718,-0.5387,9.5888,1174,0,0.15370659276867144,0.0,0.002173683429758196
-0.0245,-0.3495,9.7377,-0.5079,-4.4065,-1.9564,0.0026,-0.3635,9.794,1175,0,0.15370659276867144,0.0,0.0020149532710280376
-0.6287,-0.1884,9.9941,-0.4136,-2.8345,3.7333,-0.6784,-0.1795,10.0244,1176,0,0.15361798286390518,0.0,0.006181619937694704
0.4689,-0.8689,9.4944,0.3281,-0.5014,2.8301,0.6035,-0.8659,9.4327,1177,0,0.11153584295251825,0.0,0.016484650240725006
-0.1356,0.2024,10.1133,-2.8659,6.0971,-1.4479,-0.1397,0.2247,10.0968,1178,0,0.15370659276867144,0.0,0.017071007345937403
0.0809,-0.1743,9.6991,0.1171,1.8273,0.1372,0.143,-0.1051,9.6657,1179,0,0.15370659276867144,0.0,0.016684694401643555
0.0538,0.2838,9.6795,4.3971,2.1638,-0.0488,0.0887,0.3899,9.7818,1180,0,0.15370659276867144,0.0,0.01874050607151089
-0.0236,0.373,9.7024,0.0794,-0.6969,2.4466,-0.0126,0.3297,9.7976,1181,0,0.15370659276867144,0.0,0.016565100823081724
0.4095,-0.3144,9.7998,-1.3329,2.1953,-5.5912,0.4386,-0.2647,9.6964,1182,0,0.15370659276867144,0.0,0.02663906532012314
0.3111,-0.1949,9.9188,-4.7789,-1.9586,3.3972,0.2545,-0.2113,9.9719,1183,0,0.15370659276867144,0.0,0.02595182520980611
0.2893,-0.2597,9.9394,4.6923,3.145,3.5369,0.2366,-0.2108,9.8717,1184,0,0.15370659276867144,0.0,0.028740506071510893
-0.2992,0.0107,10.0764,3.4574,-0.0776,-8.2245,-0.3161,0.0648,10.1039,1185,0,0.15112873798756274,0.0,0.02828596061696544
-0.0658,-0.0786,9.5635,1.9589,-5.4239,-0.4741,-0.0728,-0.0827,9.5092,1186,0,0.15370659276867144,0.0,0.024351852089833655
0.2871,-0.1701,9.6289,0.539,-0.5198,0.7907,0.2649,-0.1673,9.5772,1187,0,0.15370659276867144,0.0,0.03422443332386067
-0.2506,0.1956,10.1496,-0.7642,4.2934,1.7547,-0.2419,0.2133,10.167,1188,0,0.15370659276867144,0.0,0.004573839404844225
-0.029,-0.2331,9.7654,1.662,3.9442,2.481,-0.058,-0.1811,9.8618,1189,0,0.15370659276867144,0.0,0.00411929395029877
0.2038,-0.2733,9.9751,1.9888,-2.3239,5.1539,0.2932,-0.3302,9.911,1190,0,0.15370659276867144,0.0,0.004351852089833654
0.1076,-0.2813,9.3479,-1.2054,0.7638,-0.2556,0.154,-0.3359,9.2694,1191,0,0.1019768257058756,0.0,0.003669723849724513
-0.1052,-0.278,9.6145,2.2202,2.4019,-1.581,-0.1158,-0.2893,9.6211,1192,0,0.15370659276867144,0.0,0.04907981796586627
0.0177,0.0334,9.582,2.7407,-1.2766,4.7376,-0.0318,0.0783,9.5424,1193,0,0.15370659276867144,0.0,0.058776787662835964
-0.1954,-0.4272,9.8939,-2.5579,2.5071,-0.446,-0.202,-0.5347,9.9011,1194,0,0.15370659276867144,0.0,0.05753844655690658
-0.403,0.0427,9.8262,0.0659,-2.5441,0.1143,-0.354,0.1269,9.763,1195,0,0.15370659276867144,0.0,0.04877678766283596
-0.3827,-0.1803,9.7049,-4.8723,1.0644,-5.0938,-0.468,-0.1759,9.7407,1196,0,0.15370659276867144,0.0,0.018706341785173327
0.4912,-0.0201,9.737,0.4209,-1.3918,2.3496,0.4775,0.0376,9.767,1197,0,0.15370659276867144,0.0,0.009687203029192465
0.5183,0.2293,10.0774,-1.8404,-0.6535,-8.9055,0.5483,0.2221,10.1269,1198,0,0.14756062838972236,0.0,0.011867070930202193
0.1556,-0.0059,9.7885,0.4052,-0.7816,-6.6219,0.0944,-0.038,9.8548,1199,0,0.1532405209942328,0.0,0.021124407461795506
-0.2342,-0.484,9.9215,-3.9938,-0.8279,0.6344,-0.2216,-0.4757,10.0025,1200,0,0.15370659276867144,0.0,0.031164113518450717
-0.3731,-0.4661,9.7667,3.777,-0.4528,1.2766,-0.4476,-0.4147,9.8055,1201,0,0.15370659276867144,0.0,0.0017460777389691528
0.2306,0.1918,9.8523,-0.535,-4.8572,-3.1118,0.1665,0.2979,9.8542,1202,0,0.15370659276867144,0.0,0.011001788908765653
0.187,0.0939,10.0313,-1.6079,0.6966,-2.6512,0.1985,0.07,10.0406,1203,0,0.15370659276867144,0.0,0.011164113518450716
-0.1689,0.7284,9.7382,3.9605,1.416,1.1717,-0.1342,0.7511,9.7404,1204,0,0.1533756834785,0.0,0.017164113518450715
0.0235,0.1615,9.68,-2.9386,1.3955,-5.9614,0.1045,0.1846,9.7507,1205,0,0.15370659276867144,0.0,0.03201828485460613
-0.4565,-0.4211,9.9066,2.3771,1.2649,-0.6292,-0.4538,-0.3518,9.9642,1206,0,0.15370659276867144,0.0,0.03177440824928374
0.2754,0.2806,9.9773,-0.8471,-0.5227,0.1008,0.2745,0.3283,10.0158,1207,0,0.15370659276867144,0.0,0.02821154811308678
-0.1183,-0.6724,9.8007,0.0494,-3.9703,-0.417,-0.0879,-0.6428,9.8893,1208,0,0.15062947843235588,0.0,0.040651039504477786
0.2673,-0.2783,9.708,-1.9765,-0.0563,-0.5664,0.318,-0.2754,9.706,1209,0,0.15370659276867144,0.0,0.06665103950447779
-0.0198,-0.0143,10.0441,1.0771,1.2131,5.6191,-0.0618,0.0004,10.0044,1210,0,0.15370659276867144,0.0,0.07593901418802208
0.1476,-0.6835,9.4132,2.8317,3.7855,1.721,0.1379,-0.6612,9.4326,1211,0,0.14792201988393341,0.0,0.0716741317836048
-0.374,0.5852,9.6847,-1.2714,4.1004,-2.3904,-0.3765,0.5739,9.7154,1212,0,0.15355074445237718,0.0,0.045674131783604806
0.4996,-0.15,10.0281,-3.1763,-2.5961,5.3821,0.4824,-0.1943,10.0001,1213,0,0.15370659276867144,0.0,0.027080212085189456
0.1858,0.5259,9.5523,-0.8657,-4.5244,2.5448,0.2269,0.4571,9.5191,1214,0,0.15355074445237718,0.0,0.011707278490344964
-0.2427,0.1907,9.8181,-0.3794,0.3002,0.172,-0.3422,0.2548,9.7898,1215,0,0.15370659276867144,0.0,0.011707278490344964
-0.0735,-0.0012,10.1829,-0.2841,7.1755,3.0465,-0.1209,-0.0347,10.252,1216,0,0.1378395975197183,0.0,0.011707278490344964
0.0456,0.2948,9.4964,-0.1979,-2.3837,-0.4558,0.0257,0.3769,9.5357,1217,0,0.15370659276867144,0.0,0.004159893840934222
0.2573,0.0102,10.2603,-0.0668,-0.2128,3.1509,0.3761,0.1075,10.2791,1218,0,0.14833163816937106,0.0,0.003974268655309036
-0.609,-0.1528,9.9928,-3.8084,-0.2914,-0.4411,-0.5959,-0.0834,9.9079,1219,0,0.1537691488359536,0.0,0.0013018730849395563
0.2735,-0.0421,9.956,0.9421,1.5363,0.0974,0.2801,-0.0556,10.0881,1220,0,0.15370659276867144,0.0,0.0013018730849395563
-0.3785,0.1146,9.8691,-4.3365,1.7653,4.0884,-0.2321,0.103,9.8358,1221,0,0.15370659276867144,0.0,0.0020138984013952526
0.2455,-0.1641,9.868,8.4934,0.7729,-2.9395,0.2754,-0.2216,9.8717,1222,0,0.12181627389581486,0.0,0.0006197448448304158
0.1844,-0.2846,9.4841,1.4489,-0.674,5.6886,0.1883,-0.2387,9.5327,1223,0,0.15370659276867144,0.0,0.0013317701612861122
0.334,-0.4162,9.6798,-1.314,-0.9258,0.2958,0.2965,-0.426,9.6233,1224,0,0.15370659276867144,0.0,0.0006197448448304158
0.2643,0.1241,9.829,-7.7353,-3.4436,-1.4137,0.2891,0.1597,9.7574,1225,0,0.15114653237688538,0.0,0.001178513456305269
-0.0978,-0.01,10.1265,2.8725,-4.4321,1.743,-0.0412,0.0482,10.196,1226,0,0.15332031675608063,0.0,0.009618004847696277
0.1854,-0.0109,9.6373,2.1223,-1.6934,-1.1812,0.2477,-0.0141,9.5813,1227,0,0.15370659276867144,0.0,0.028861305295472386
-0.0947,0.4216,9.5404,3.9579,1.5956,-0.1991,-0.017,0.4094,9.6402,1228,0,0.15370659276867144,0.0,0.028861305295472386
-0.0797,0.0143,9.9741,-4.4801,-1.256,-1.8608,-0.1311,0.0209,9.9598,1229,0,0.15370659276867144,0.0,0.028861305295472386
0.2021,-0.0557,9.9583,4.7388,6.0578,-2.0495,0.156,-0.046,9.9368,1230,0,0.15370659276867144,0.0,0.028861305295472386
0.0939,0.1372,9.7758,0.4407,-0.2189,-1.6512,0.15,0.1131,9.6874,1231,0,0.15370659276867144,0.0,0.018885401681014553
0.3264,-0.0223,9.8611,-3.1505,-0.4234,-1.0743,0.3351,-0.0659,9.7244,1232,0,0.15370659276867144,0.0,0.010292540215410966
0.2669,0.0528,10.1331,-2.3231,5.0264,-5.6638,0.2935,0.011,10.1632,1233,0,0.15370659276867144,0.0,0.030161997425695405
-0.5719,-0.8533,9.9976,3.6641,2.4274,4.854,-0.5537,-0.935,10.0425,1234,0,0.08275629766253989,0.0,0.01001122949558409
-0.0359,-0.4637,9.691,-4.3714,-1.2879,-2.9055,-0.0918,-0.5084,9.7084,1235,0,0.15370659276867144,0.0,0.010141772285299652
0.4294,0.048,9.5378,-4.9948,-3.0995,-5.0838,0.3592,0.0559,9.5002,1236,0,0.15370659276867144,0.0,0.014529301784740717
0.0368,0.394,10.1097,1.7271,-2.8326,4.2653,0.0311,0.4596,10.1769,1237,0,0.15370659276867144,0.0,0.013529301784740716
0.1317,-0.1082,9.6663,-4.0857,3.0075,-1.6926,0.0686,-0.1049,9.6335,1238,0,0.15370659276867144,0.0,0.013529301784740716
0.6148,-0.0372,9.7394,3.3378,5.5423,-5.5469,0.6786,0.005,9.8309,1239,0,0.14874127224164346,0.0,0.007188000131715044
-0.6111,-0.1517,9.8639,1.0371,1.9167,1.8337,-0.5977,-0.113,9.9034,1240,0,0.1537691488359536,0.0,0.007541688823066887
-0.3857,0.2907,9.8775,0.0203,-5.7029,0.3912,-0.3161,0.3071,9.9171,1241,0,0.15370659276867144,0.0,0.0007749566534541756
-0.118,-0.4457,9.5183,-3.248,0.364,0.6563,-0.206,-0.5286,9.5229,1242,0,0.15370659276867144,0.0,0.0007749566534541756
-0.4638,0.1105,9.7021,-0.1696,3.4419,8.0852,-0.4795,0.0955,9.6921,1243,0,0.14841729206857712,0.0,0.0013857809028326418
-0.4059,0.5384,9.7257,-3.4531,-1.6417,0.8645,-0.4041,0.484,9.7825,1244,0,0.15355074445237718,0.0,0.0013857809028326418
0.2875,-0.0373,9.5684,-2.476,-1.2059,-1.137,0.2482,-0.0237,9.5358,1245,0,0.15370659276867144,0.0,0.0013857809028326418
0.0431,0.0023,9.8503,5.1326,-1.1837,-0.183,0.1169,-0.0227,9.8989,1246,0,0.15370659276867144,0.0,0.0013857809028326418
-0.0776,-0.0049,10.0629,2.6304,-1.2897,0.1123,-0.1033,-0.0545,10.08,1247,0,0.15370659276867144,0.0,0.0013857809028326418
0.2633,-0.4553,9.8621,-2.3726,-1.6418,-3.6053,0.1917,-0.4349,9.8575,1248,0,0.15370659276867144,0.0,0.0011286453448060175
0.0976,0.4078,9.9023,-2.5179,3.8842,-1.7302,0.0587,0.3781,9.8436,1249,0,0.15370659276867144,0.0,0.00721198983601832
-0.1206,-0.175,10.0706,0.495,0.748,-1.4168,-0.1283,-0.1967,10.1344,1250,0,0.15370659276867144,0.0,0.0012119898360183191
0.2766,0.3719,9.6753,-3.4082,2.749,-2.3703,0.2412,0.4312,9.5741,1251,0,0.15370659276867144,0.0,0.0012360862215604878
-0.2902,-0.4064,9.5785,1.684,1.6967,-3.1653,-0.3127,-0.3717,9.6261,1252,0,0.15370659276867144,0.0,0.011236086221560488
0.4507,0.2777,9.8025,3.5141,5.0629,-2.0651,0.4066,0.3298,9.7167,1253,0,0.15370659276867144,0.0,0.0010035280820256042
-0.2542,-0.2933,10.1698,6.0158,1.4969,-1.1287,-0.2152,-0.3419,10.1406,1254,0,0.15370659276867144,0.0,0.0010035280820256042
0.3856,0.0952,9.6851,4.0735,-4.5215,1.5527,0.3874,0.085,9.7361,1255,0,0.15370659276867144,0.0,0.0009794316964834354
-0.2711,-0.2062,9.5654,0.3907,2.778,-0.781,-0.3546,-0.1446,9.5287,1256,0,0.15370659276867144,0.0,0.0009794316964834354
-0.0713,0.0746,9.8165,1.6654,-2.1002,2.5099,0.0244,-0.0101,9.7834,1257,0,0.15370659276867144,0.0,0.0009794316964834354
-0.1719,0.0498,9.5614,-2.0171,0.5444,0.6974,-0.1309,0.0074,9.5394,1258,0,0.15370659276867144,0.0,0.0009794316964834354
0.6918,0.0442,9.8982,-2.5445,6.7306,5.1449,0.6841,0.0808,9.8872,1259,0,0.15714895390704306,0.0,0.0009794316964834354
0.4624,0.1984,9.5439,2.4679,6.8056,3.6224,0.3782,0.1529,9.5602,1260,0,0.15370659276867144,0.0,0.0009794316964834354
0.6076,0.436,9.7741,3.0349,-0.9185,5.9228,0.6768,0.471,9.735,1261,0,0.14790721983713964,0.0,0.0009794316964834354
-0.402,0.0664,9.2778,3.2108,-4.2771,-1.2729,-0.443,0.0819,9.3015,1262,0,0.1387991705742594,0.0,0.0020274560125928577
-0.3092,0.1523,10.0231,2.7649,2.4431,1.3909,-0.3497,0.0349,9.9856,1263,0,0.15370659276867144,0.0,0.0020274560125928577
0.1759,0.3163,9.7542,2.791,3.901,-6.3579,0.2183,0.2608,9.7121,1264,0,0.15370659276867144,0.0,0.012027456012592858
0.247,-0.0707,9.8759,3.4575,-1.2803,-1.513,0.2065,-0.0576,9.9243,1265,0,0.15370659276867144,0.0,0.002615691306710505
0.1445,0.0955,9.8673,-1.1238,-0.8259,0.5673,0.1694,0.1036,9.8852,1266,0,0.15370659276867144,0.0,0.002639787692252674
-0.0333,0.3262,9.7174,-3.1341,2.1221,0.6291,-0.0982,0.4541,9.7292,1267,0,0.15370659276867144,0.0,0.0020274560125928577
0.3021,-0.377,9.395,-0.898,-2.3399,-4.8237,0.3049,-0.3847,9.3758,1268,0,0.15020587626298496,0.0,0.012051552398135025
0.253,0.3729,9.6316,-3.6037,1.6309,-2.4503,0.2385,0.2952,9.5634,1269,0,0.15370659276867144,0.0,0.012051552398135025
-0.0095,-0.4582,9.8111,-4.6823,-2.8325,-4.5945,-0.0028,-0.4202,9.7897,1270,0,0.15370659276867144,0.0,0.010774956653454175
-0.0854,0.3058,9.5098,-5.1662,2.3654,4.415,-0.0164,0.2784,9.5285,1271,0,0.15370659276867144,0.0,0.021003528082025606
-0.0218,0.0295,9.7556,-1.2137,-2.3937,-0.1173,0.026,0.0702,9.7575,1272,0,0.15370659276867144,0.0,0.01161034159854416
0.0108,0.1017,9.6097,-1.5315,-0.6356,4.3851,0.0376,0.1797,9.5912,1273,0,0.15370659276867144,0.0,0.01161034159854416
0.2115,0.1724,9.9492,3.4718,-1.632,-4.2603,0.1998,0.0971,9.908,1274,0,0.15370659276867144,0.0,0.011516448652552667
-0.0423,0.2218,9.4573,-0.8897,1.3487,0.8062,-0.0636,0.2786,9.3914,1275,0,0.1525588014428267,0.0,0.01268050460350518
0.0094,-0.0657,9.7397,-6.7002,-2.3076,4.0817,0.034,-0.0031,9.7435,1276,0,0.15370659276867144,0.0,0.022680504603505184
-0.115,-0.6425,10.0781,-0.7405,1.0472,-4.9665,-0.0568,-0.6949,10.0081,1277,0,0.14975951791492698,0.0,0.012427148321233237
-0.6952,-0.2151,9.8233,5.0901,-1.5871,2.7346,-0.7108,-0.1585,9.8005,1278,0,0.15763844539835456,0.0,0.0024271483212332345
-0.0876,0.3012,9.7089,0.1136,-1.5539,0.2684,-0.0529,0.3054,9.7204,1279,0,0.15370659276867144,0.0,0.008840191799494104
-0.1193,-0.0803,9.9681,-5.2731,6.6873,0.5686,-0.2153,-0.1403,9.97,1280,0,0.15370659276867144,0.0,0.0015164486525526654
-0.5586,-0.7883,9.7692,-3.936,-2.3204,6.0938,-0.4689,-0.7787,9.8242,1281,0,0.1488383255794021,0.0,0.002198576892661806
-0.4344,0.2885,9.458,1.0963,-0.3372,-4.8606,-0.5182,0.2569,9.4253,1282,0,0.152968620356603,0.0,0.002198576892661806
-0.5904,-0.132,9.8129,1.353,-2.7125,0.9187,-0.5305,-0.2089,9.8159,1283,0,0.15370659276867144,0.0,0.0021744805071196374
0.0254,-0.0262,10.0251,1.1626,3.3586,-1.7378,0.0637,-0.0573,10.0349,1284,0,0.15370659276867144,0.0,0.0021744805071196374
-0.0349,0.1325,9.6831,2.2766,0.9602,4.2488,-0.171,0.1543,9.5863,1285,0,0.15370659276867144,0.0,0.0021744805071196374
0.0672,-0.5315,9.6054,-0.1875,0.6472,2.9039,0.0155,-0.488,9.5529,1286,0,0.15370659276867144,0.0,0.0021744805071196374
-0.2141,-0.0868,10.0606,2.6037,-3.6781,-0.7984,-0.229,-0.0471,10.1112,1287,0,0.15370659276867144,0.0,0.0021744805071196374
0.4979,0.0411,9.8435,6.5584,1.4044,-2.4674,0.5553,0.0914,9.942,1288,0,0.1528511125999369,0.0,0.0021744805071196374
0.3889,0.0361,9.8152,1.9905,-4.4415,6.4573,0.4024,0.0504,9.8493,1289,0,0.15314501477372658,0.0,0.0021744805071196374
-0.1112,0.0648,9.7188,3.3662,4.66,-4.0144,-0.2125,0.0946,9.7076,1290,0,0.15370659276867144,0.0,0.012174480507119636
-0.5881,-0.0764,9.8458,-1.8138,0.5993,-5.8271,-0.5704,-0.0011,9.8579,1291,0,0.15370659276867144,0.0,0.002579885912525043
-0.0412,0.2672,9.5565,2.178,-0.3704,4.4278,0.0099,0.3496,9.5933,1292,0,0.15370659276867144,0.0,0.002579885912525043
0.051,0.0433,10.1132,2.84,4.6036,-3.8711,0.0161,0.1258,10.1383,1293,0,0.15370659276867144,0.0,0.002603982298067211
0.1216,0.1276,9.6925,5.2301,-2.0129,-2.9106,0.1476,0.0699,9.719,1294,0,0.15370659276867144,0.0,0.011921854057958071
-0.1511,-0.0069,9.5074,1.3272,-1.4652,0.9968,-0.1349,0.0399,9.4846,1295,0,0.15370659276867144,0.0,0.011516448652552665
0.6999,0.7041,9.7687,0.9147,2.7724,-1.1929,0.7362,0.7363,9.7205,1296,0,0.15548247001152501,0.0,0.012159741941205495
-0.1001,-0.1865,9.8222,2.6504,0.1768,-0.3605,-0.0639,-0.1709,9.8482,1297,0,0.15370659276867144,0.0,0.012159741941205495
-0.3336,0.0435,9.6762,-2.9298,-5.4374,1.803,-0.305,0.0493,9.6793,1298,0,0.15370659276867144,0.0,0.012641669652048871
0.3382,-0.7245,9.3612,-3.0513,0.5456,3.0812,0.3759,-0.7782,9.3862,1299,0,0.14878706072370487,0.0,0.022135645555663327
-0.0319,-0.0571,9.7828,1.8334,-1.3677,-1.318,-0.1264,-0.1332,9.8048,1300,0,0.15370659276867144,0.0,0.021492352267010496
-0.2303,-0.3026,9.3578,-0.454,-1.5372,-1.7115,-0.2742,-0.2785,9.371,1301,0,0.14974236502446667,0.0,0.0021744805071196374
0.1696,-0.0756,9.6587,1.7992,-4.4706,0.3219,0.1573,-0.0306,9.6235,1302,0,0.15370659276867144,0.0,0.011492352267010494
0.3374,0.3956,10.1357,-0.7972,1.636,1.7525,0.3599,0.3046,10.127,1303,0,0.15370659276867144,0.0,0.021492352267010496
0.2342,-0.2329,9.7137,0.0355,-1.9534,-2.1952,0.2182,-0.2367,9.7877,1304,0,0.15370659276867144,0.0,0.011492352267010494
-0.0439,0.0527,9.9673,-1.8534,-0.5609,0.761,-0.1173,0.0373,10.0219,1305,0,0.15370659276867144,0.0,0.0118977576724159
0.7555,0.1139,9.547,-4.1275,-1.0483,0.2324,0.6365,0.1032,9.506,1306,0,0.1553740235196245,0.0,0.021897757672415905
-0.2224,-0.2533,9.5019,2.3864,-5.3349,1.296,-0.2219,-0.2555,9.4903,1307,0,0.15370659276867144,0.0,0.011492352267010494
-0.0648,-0.3304,9.7773,-1.5376,3.433,2.6823,-0.1044,-0.2728,9.7808,1308,0,0.15370659276867144,0.0,0.0021744805071196374
0.5197,-0.4622,9.7666,-0.6965,0.2961,0.4755,0.4773,-0.5068,9.8223,1309,0,0.15370659276867144,0.0,0.002579885912525043
0.2607,-0.0745,9.5834,5.3469,0.1473,-2.704,0.2645,-0.0009,9.6014,1310,0,0.15370659276867144,0.0,0.002579885912525043
-0.176,0.0193,9.6575,1.3798,-2.2329,0.0605,-0.1501,0.0297,9.6216,1311,0,0.15370659276867144,0.0,0.0030859100089105844
-0.0771,0.0217,9.8025,2.6634,3.5192,6.9231,-0.0178,0.0275,9.7454,1312,0,0.15314501477372658,0.0,0.0030618136233684164
-0.3297,0.3431,9.9301,1.9662,-6.8946,2.2251,-0.3633,0.3868,9.917,1313,0,0.15371468931029958,0.0,0.002473578329250769
0.4871,-0.2977,9.7068,-2.4222,4.6589,-4.1788,0.5131,-0.396,9.7525,1314,0,0.15370659276867144,0.0,0.002473578329250769
-0.0248,-0.0809,9.7252,0.1121,3.1357,4.7607,0.0259,-0.0706,9.811,1315,0,0.15370659276867144,0.0,0.002473578329250769
0.4289,0.2665,10.241,-3.6782,-0.7684,-3.9633,0.4259,0.2008,10.204,1316,0,0.15262407051682947,0.0,0.002473578329250769
-0.2214,-0.0099,9.7001,-2.0574,-3.4026,-3.3354,-0.1726,0.0412,9.6743,1317,0,0.15370659276867144,0.0,0.002473578329250769
0.4447,-0.2203,9.6199,-1.8652,1.5205,-1.9104,0.4395,-0.2077,9.6689,1318,0,0.15370659276867144,0.0,0.002473578329250769
0.4307,0.0539,9.7688,3.094,0.2171,2.2984,0.4191,-0.005,9.7701,1319,0,0.15370659276867144,0.0,0.002473578329250769
0.3625,-0.0342,9.8286,1.5099,0.6933,-0.645,0.4552,-0.0045,9.8387,1320,0,0.15370659276867144,0.0,0.002473578329250769
0.0543,0.6738,9.3027,-3.6309,-1.917,4.4897,0.0254,0.6624,9.2663,1321,0,0.07867539268886053,0.0,0.007142137420886785
0.1389,-0.2975,9.4075,-0.4552,-4.1674,1.3883,0.1185,-0.2794,9.4279,1322,0,0.152968620356603,0.0,0.006660209710043411
-0.2761,0.5883,10.1124,3.8039,2.7164,-2.4886,-0.2394,0.5335,10.1046,1323,0,0.15355074445237718,0.0,0.001991650618407396
0.1864,0.0631,9.8378,1.2202,4.2449,2.0488,0.2308,0.0698,9.8989,1324,0,0.15370659276867144,0.0,0.0016602097100434107
0.1557,-0.0576,9.9627,0.5368,-0.3386,-2.9464,0.1856,-0.0873,9.9824,1325,0,0.15370659276867144,0.0,0.01097808146993427
-0.0648,-0.4761,9.6165,6.8501,-1.0006,-2.9292,0.0191,-0.5068,9.6822,1326,0,0.15242389511884455,0.0,0.02166020971004341
-0.1023,-0.0814,9.7602,0.8402,-4.5921,5.0063,-0.0723,-0.0802,9.7545,1327,0,0.15370659276867144,0.0,0.01097808146993427
-0.3719,0.4503,9.7228,1.3851,3.8854,3.3546,-0.3403,0.4111,9.6455,1328,0,0.15370659276867144,0.0,0.01097808146993427
0.4037,0.2074,9.9273,2.8445,1.3122,-0.4039,0.444,0.2432,10.0094,1329,0,0.15370659276867144,0.0,0.01097808146993427
-0.696,-0.0444,9.646,-1.2123,-4.8856,1.0034,-0.6711,-0.0719,9.6139,1330,0,0.153565620822767,0.0,0.020978081469934264
0.1174,-0.3931,9.8779,-0.2829,-4.9946,0.5311,0.1271,-0.4184,9.7591,1331,0,0.15370659276867144,0.0,0.01141171202175123
-0.2116,0.3141,9.5573,-2.3299,1.5291,-4.8639,-0.253,0.2997,9.6038,1332,0,0.15370659276867144,0.0,0.020978081469934264
0.5734,0.1681,9.6132,-5.3839,-1.6653,-1.5903,0.5248,0.0977,9.5287,1333,0,0.15361879978792273,0.0,0.011660209710043412
-0.0407,-0.0526,9.7498,-1.2112,6.4486,1.717,-0.0987,-0.0325,9.7108,1334,0,0.15370659276867144,0.0,0.0016602097100434107
0.3357,-0.7647,9.834,-1.0644,0.0669,1.1346,0.3698,-0.7116,9.8573,1335,0,0.1532795297342627,0.0,0.0016602097100434107
-0.105,0.1325,9.9312,-5.1077,-2.0401,-3.5269,-0.1351,0.1074,10.0143,1336,0,0.15370659276867144,0.0,0.0016602097100434107
0.3417,-0.1817,9.9037,-3.4263,2.0962,-0.5951,0.2838,-0.2094,9.9358,1337,0,0.15370659276867144,0.0,0.0016602097100434107
-0.3086,-0.07,9.9469,-1.0228,-3.4304,-3.2754,-0.2928,-0.0344,10.0054,1338,0,0.15370659276867144,0.0,0.0016602097100434107
-0.7117,0.2621,9.8366,3.1603,3.7713,-1.3733,-0.754,0.2797,9.921,1339,0,0.1478313933507239,0.0,0.0016843060955855794
0.2248,-0.3339,10.1768,0.8435,1.8473,3.0235,0.1548,-0.3266,10.1769,1340,0,0.15370659276867144,0.0,0.002093840261860369
0.131,0.1078,9.4841,-4.1225,-0.6371,6.8698,0.1512,-0.0248,9.549,1341,0,0.15314501477372658,0.0,0.012201281138614841
-0.0072,0.456,9.6037,-1.7777,-0.6891,4.4863,0.0543,0.4021,9.6328,1342,0,0.15370659276867144,0.0,0.012201281138614841
-0.3198,-0.1468,10.0536,-0.0067,0.6819,3.7023,-0.3656,-0.1328,10.0478,1343,0,0.15370659276867144,0.0,0.002093840261860369
-0.2474,-0.0102,9.8112,2.5515,-5.2663,6.424,-0.249,0.0087,9.84,1344,0,0.15314501477372658,0.0,0.002093840261860369
0.009,-0.5946,9.857,1.4118,-4.8371,-5.5331,-0.0067,-0.6018,9.844,1345,0,0.15366621418353923,0.0,0.01166020971004341
0.014,-0.1925,9.7701,-0.58,5.9883,1.2344,0.0702,-0.163,9.7957,1346,0,0.15370659276867144,0.0,0.0016602097100434107
-0.2575,0.3297,9.6241,5.4247,6.1662,5.6598,-0.2414,0.3522,9.6322,1347,0,0.15370659276867144,0.0,0.0016602097100434107
0.1643,0.198,9.4407,1.332,-1.2516,1.5242,0.1876,0.1873,9.3071,1348,0,0.13184410563123727,0.0,0.0016602097100434107
-0.1398,-0.2008,9.8951,-2.8595,-4.5924,0.0925,-0.1655,-0.2655,9.9103,1349,0,0.15370659276867144,0.0,0.0017000503474936099
-0.2504,0.019,10.1066,5.1339,0.5788,1.1568,-0.354,0.0657,10.1177,1350,0,0.15370659276867144,0.0,0.0017000503474936099
0.7297,0.1169,9.8076,-2.0511,0.3359,4.201,0.6945,0.1217,9.7825,1351,0,0.15592705281505181,0.0,0.0017000503474936099
-0.5066,0.1166,9.8681,0.47,4.3481,-0.5636,-0.6021,0.1451,9.8474,1352,0,0.15370659276867144,0.0,0.0017000503474936099
0.3062,-0.2525,9.5953,6.2706,-3.6041,-1.243,0.3306,-0.1702,9.5356,1353,0,0.15370659276867144,0.0,0.0016260858504521898
-0.1951,-0.2793,9.6921,0.8149,-2.6671,-3.407,-0.1778,-0.3226,9.6665,1354,0,0.15370659276867144,0.0,0.0016260858504521898
0.1202,-0.3049,9.6372,-3.2797,-1.3354,-1.6168,0.0992,-0.4365,9.7337,1355,0,0.15370659276867144,0.0,0.0016260858504521898
-0.8171,-0.2536,9.8294,-4.6678,5.8676,3.4444,-0.9028,-0.1945,9.7598,1356,1,0.08093167573362975,0.0,3.9840637450199205e-05
-0.0456,-0.3049,9.5397,2.05,-4.7339,0.1544,-0.0078,-0.3759,9.4791,1357,0,0.15370659276867144,0.0,3.9840637450199205e-05
-0.0837,-0.0727,9.403,0.6487,0.3403,0.2968,-0.1574,-0.127,9.3641,1358,0,0.14725823748351777,0.0,3.9840637450199205e-05
0.1333,0.4363,9.8552,-0.491,6.3593,-0.9567,0.0468,0.4469,9.816,1359,0,0.15370659276867144,0.0,3.9840637450199205e-05
-0.1775,-0.1875,10.0139,-1.2606,-3.7716,-0.1216,-0.0995,-0.206,9.9818,1360,0,0.15370659276867144,0.0,0.00011380513449161931
0.1326,-0.2509,9.7823,-4.7177,1.7751,4.5699,0.1267,-0.2338,9.6477,1361,0,0.15370659276867144,0.0,3.9840637450199205e-05
0.3736,-0.0676,10.034,-1.0749,-6.0575,1.0686,0.3522,-0.0081,10.0029,1362,0,0.15370659276867144,0.0,3.9840637450199205e-05
-0.1491,-0.1195,9.6432,-1.1735,0.4644,3.2872,-0.2052,-0.0905,9.5981,1363,0,0.15370659276867144,0.0,3.9840637450199205e-05
-0.1065,-0.1472,9.4308,0.8109,-0.0663,-0.2749,-0.1717,-0.2342,9.4217,1364,0,0.152691395331968,0.0,0.00011380513449161931
-0.2372,0.1074,9.8011,-0.734,0.7699,-1.9882,-0.2381,0.1171,9.9013,1365,0,0.15370659276867144,0.0,0.00011380513449161931
0.1376,-0.4057,9.6825,-1.4802,3.1515,0.6354,0.0638,-0.46,9.7033,1366,0,0.15370659276867144,0.0,0.00011380513449161931
0.4512,0.1492,9.7645,1.7986,-0.3624,0.1219,0.3997,0.1257,9.7175,1367,0,0.15370659276867144,0.0,0.00011380513449161931
0.0191,0.5906,9.6839,0.3876,-2.1306,-0.6663,0.0171,0.5008,9.6679,1368,0,0.15355074445237718,0.0,0.00011380513449161931
-0.6479,-0.0547,9.4721,0.4447,4.0409,-0.9988,-0.6051,-0.0173,9.5682,1369,0,0.1537691488359536,0.0,0.00011380513449161931
0.1248,-0.0276,9.7125,-0.6413,0.7606,-3.0463,0.0927,-0.0193,9.6825,1370,0,0.15370659276867144,0.0,0.00011380513449161931
0.498,-0.0837,9.8879,2.3724,-1.1833,-1.9956,0.3837,-0.1348,9.993,1371,0,0.15370659276867144,0.0,0.00011380513449161931
-0.4849,0.0624,9.6416,1.2274,-4.3142,-1.7297,-0.539,0.102,9.6554,1372,0,0.15370659276867144,0.0,0.00011380513449161931
-0.0762,-0.0467,9.7542,2.9806,2.7808,2.893,-0.0963,0.0116,9.7584,1373,0,0.15370659276867144,0.0,0.00011380513449161931
0.0416,0.1625,9.9663,-2.0503,5.3934,0.4394,0.0462,0.1628,9.921,1374,0,0.15370659276867144,0.0,0.00011380513449161931
-0.0145,-0.1161,10.3026,-0.5598,3.237,1.9939,-0.0218,-0.2048,10.2921,1375,0,0.1527458351177236,0.0,0.00011380513449161931
-0.1755,-0.1003,10.0364,-1.4083,1.2163,0.1071,-0.1772,-0.114,9.9184,1376,0,0.15370659276867144,0.0,0.00023493568630857757
-0.3252,-0.023,9.7033,-2.6186,-4.488,1.2574,-0.3871,-0.0192,9.6675,1377,0,0.15370659276867144,0.0,0.00023493568630857757
-0.0318,-0.4653,9.6091,-1.0559,-1.9976,-2.948,0.0981,-0.5099,9.5637,1378,0,0.15370659276867144,0.0,0.00023493568630857757
0.3635,0.1151,9.772,-2.1353,-0.0116,-2.0126,0.3477,0.192,9.8943,1379,0,0.15370659276867144,0.0,0.00023493568630857757
0.5285,-0.1269,10.0494,3.4752,-4.5123,-1.1103,0.5301,-0.1685,9.9799,1380,0,0.15370659276867144,0.0,0.00011380513449161931
0.2451,-0.1527,9.7818,1.5257,0.5662,-2.2944,0.1466,-0.1801,9.7569,1381,0,0.15370659276867144,0.0,0.00011380513449161931
0.1838,-0.1568,9.6096,4.8463,0.7686,2.5964,0.1654,-0.1972,9.5141,1382,0,0.15370659276867144,0.0,0.011347386945965859
-0.2747,-0.3429,10.0804,-7.4825,2.0813,-0.2564,-0.2284,-0.3105,10.0716,1383,0,0.1519533231313492,0.0,0.02119274777070813
-0.6932,0.1782,9.7627,-1.7935,-3.676,0.2488,-0.5916,0.2323,9.7522,1384,0,0.15396826642394992,0.0,0.0008994993051477725
-0.4194,0.2055,9.7523,1.4928,-7.3411,1.2958,-0.426,0.2418,9.776,1385,0,0.153471543619007,0.0,0.0007108200598647536
0.2484,0.1296,10.0633,-4.7986,1.2618,-3.2844,0.172,0.1892,10.0706,1386,0,0.15370659276867144,0.0,0.0007867694269533612
-0.4913,-0.2069,9.8096,-0.1816,3.3154,4.2371,-0.5161,-0.1945,9.7851,1387,0,0.15370659276867144,0.0,0.0001897545015802269
0.12,0.1768,9.5249,3.6264,-0.3032,-2.1677,0.1082,0.2382,9.5383,1388,0,0.15370659276867144,0.0,0.010786769426953361
-0.277,0.1311,9.7447,0.0844,1.6181,3.2053,-0.3239,0.1534,9.8136,1389,0,0.15370659276867144,0.0,0.0018259112125236156
-0.1114,-0.3638,9.7175,1.174,0.4512,-3.5159,-0.1497,-0.3394,9.6853,1390,0,0.15370659276867144,0.0,0.0002684443097493513
-0.0287,-0.5203,9.8474,3.9804,0.6884,-1.08,-0.0433,-0.5146,9.8555,1391,0,0.15370659276867144,0.0,0.011338885724264378
-0.2022,0.2137,9.5016,5.5105,-3.5727,-0.8844,-0.1977,0.3343,9.5523,1392,0,0.15370659276867144,0.0,0.0004571235550323702
-0.1669,0.2302,10.3552,0.8712,2.2482,-2.0689,-0.1946,0.2665,10.2952,1393,0,0.1279578791287945,0.0,0.0004571235550323702
0.1195,0.0393,9.6376,1.6748,2.9994,-1.3645,0.119,0.0294,9.6416,1394,0,0.15370659276867144,0.0,0.0004571235550323702
-0.1639,-0.4613,10.1105,-2.7705,3.6193,1.6038,-0.2077,-0.3854,9.9793,1395,0,0.15370659276867144,0.0,0.010268444309749351
-0.3171,0.349,9.799,3.1652,-3.1257,-0.5158,-0.3053,0.3626,9.7965,1396,0,0.15370659276867144,0.0,0.01038315905799095
0.0488,0.2992,9.8412,3.509,6.9946,2.6896,-0.0449,0.2583,9.8204,1397,0,0.1515073908928257,0.0,0.010268444309749351
0.0165,-0.6357,9.7746,1.4116,3.8209,-3.4671,0.0194,-0.6594,9.844,1398,0,0.15388704993742966,0.0,0.020302484379774638
-0.0384,-0.1153,9.8051,4.9648,-1.229,1.8608,-0.0445,-0.1609,9.7568,1399,0,0.15370659276867144,0.0,0.00038315905799095004
0.0,-0.108,9.8195,0.7854,5.417,-3.0989,-0.0057,-0.1527,9.8398,1400,0,0.15370659276867144,0.0,0.02045712355503237
-0.6418,0.3931,9.5861,2.9781,3.6107,3.9175,-0.575,0.3843,9.5479,1401,0,0.1537691488359536,0.0,0.016667282917582172
-0.2269,0.3278,9.8141,0.3059,5.6093,1.1857,-0.1837,0.4049,9.7952,1402,0,0.15370659276867144,0.0,0.0064786036722991516
-0.004,0.8042,9.8091,3.1747,-1.4526,-0.5815,-0.0365,0.9047,9.9064,1403,0,0.0880837376148218,0.0,0.00030253592561284867
0.2885,0.2014,9.7136,4.1011,1.1541,-3.0273,0.2749,0.1898,9.6486,1404,0,0.15370659276867144,0.0,0.00030253592561284867
0.0819,0.1732,9.7159,-0.0261,-1.7182,3.6879,0.1149,0.1272,9.7643,1405,0,0.15370659276867144,0.0,7.396449704142012e-05
0.1354,-0.0617,9.8729,-5.5722,3.2881,0.5317,0.1339,-0.0552,9.936,1406,0,0.15370659276867144,0.0,0.015946544096150227
0.0665,-0.2228,9.9709,2.1979,-0.7,4.4073,-0.0248,-0.2028,10.0278,1407,0,0.15370659276867144,0.0,0.019897077145190737
0.2906,-0.2418,10.0903,-2.5691,-0.2484,0.3133,0.3,-0.3066,10.0549,1408,0,0.15370659276867144,0.0,0.010203563799442756
0.4,-0.2445,9.809,-2.2142,4.8565,2.6078,0.4558,-0.2336,9.8156,1409,0,0.15370659276867144,0.0,0.010203563799442756
-0.3838,-0.3406,9.8272,-0.7796,2.6914,1.0273,-0.401,-0.292,9.8487,1410,0,0.15370659276867144,0.0,0.031022315632808516
-0.3566,-0.3567,9.9176,1.9859,0.2273,1.0173,-0.4112,-0.3161,9.895,1411,0,0.15370659276867144,0.0,0.028598006235352316
-0.1199,-0.4674,9.4957,-0.4924,-4.5357,5.2469,-0.1364,-0.3568,9.5021,1412,0,0.15370659276867144,0.0,0.021081326858821896
-0.1241,0.4274,9.9349,-4.9039,-2.2933,-1.2848,-0.0872,0.4227,9.9112,1413,0,0.15370659276867144,0.0,0.02800289997191514
0.4667,-0.0261,9.6502,-5.0883,-1.7492,-1.1261,0.4917,0.0236,9.6855,1414,0,0.15370659276867144,0.0,0.006302810052158273
0.3417,-0.4203,10.1291,4.2286,-2.9635,1.4507,0.3283,-0.4443,10.0523,1415,0,0.15370659276867144,0.0,0.0035091092056391366
0.4203,-0.1589,9.9154,-2.7871,-3.9709,-2.0322,0.3764,-0.1446,9.8817,1416,0,0.15370659276867144,0.0,0.003977228656809436
-0.1515,0.1254,10.1832,3.8155,-2.9042,2.2844,-0.1851,0.0706,10.1713,1417,0,0.15370659276867144,0.0,0.014570220316750246
-0.0138,0.1304,9.9291,0.185,1.6035,1.8356,0.0031,0.1265,9.9581,1418,0,0.15370659276867144,0.0,0.024570220316750248
0.0407,0.2137,9.6764,6.7397,-5.8213,-0.2405,0.0276,0.2391,9.6845,1419,0,0.15242389511884455,0.0,0.003985854884764487
-0.1943,0.6136,9.8795,-3.0218,0.0125,0.0794,-0.204,0.7056,9.929,1420,0,0.14104016094671257,0.0,0.023818257119401363
0.0207,0.2078,10.1097,-3.2655,-2.211,1.6496,-0.0024,0.1704,10.0777,1421,0,0.15370659276867144,0.0,0.014300184830244733
-0.0737,0.0827,10.0424,-2.1686,2.8046,-0.1636,-0.1448,0.0396,10.0138,1422,0,0.15370659276867144,0.0,0.03457192396067952
0.1672,0.4185,9.8863,-3.8891,1.6571,1.9149,0.1895,0.4597,9.8806,1423,0,0.15370659276867144,0.0,0.03457192396067952
0.5926,0.3166,9.6968,0.2582,-0.9403,1.0603,0.6842,0.3593,9.7141,1424,0,0.14874127224164346,0.0,0.04477870909680249
-0.0051,-0.203,9.8153,-0.0303,2.1945,-1.7466,0.0195,-0.2133,9.8139,1425,0,0.15370659276867144,0.0,0.03501126723633737
0.1383,0.3321,10.0194,0.3796,2.192,5.2441,0.0453,0.3329,10.0251,1426,0,0.15370659276867144,0.0,0.014944084933970895
-0.3284,-0.0291,9.976,-1.3431,-3.3155,-1.7864,-0.2963,0.078,9.9808,1427,0,0.15370659276867144,0.0,0.016137095050906908
0.2329,-0.0314,10.2197,-0.4611,0.8589,-0.6571,0.2411,-0.0947,10.3078,1428,0,0.14121844457198496,0.0,0.03501126723633737
-0.0165,0.1364,10.0834,0.9729,4.5323,-2.3268,-0.0172,0.1616,10.167,1429,0,0.15370659276867144,0.0,0.04477870909680249
-0.0523,0.7392,9.8217,0.1773,-0.1768,-4.7792,-0.0383,0.6208,9.8391,1430,0,0.15375279336565245,0.0,0.026408834181341687
-0.4243,0.3056,9.7298,-1.506,1.1384,-2.449,-0.4026,0.3035,9.7356,1431,0,0.15370659276867144,0.0,0.006137095050906909
-0.0776,-0.002,9.7407,-4.1123,2.8143,-1.5857,-0.1233,-0.013,9.7603,1432,0,0.15370659276867144,0.0,0.02613709505090691
0.1283,-0.2465,9.433,0.7682,2.6477,-0.6374,0.1795,-0.2505,9.3427,1433,0,0.14725823748351777,0.0,0.01711949407981885
0.2451,0.1887,9.9085,-1.7811,-2.5379,3.7257,0.3009,0.0922,9.8948,1434,0,0.15370659276867144,0.0,0.005275840395313385
-0.2019,0.4369,9.7862,-4.4567,-1.4747,-2.5117,-0.1697,0.4684,9.6838,1435,0,0.15370659276867144,0.0,0.014492635977499259
0.2922,-0.039,9.6055,-0.1491,1.6385,-3.3327,0.3371,0.0214,9.5819,1436,0,0.15370659276867144,0.0,0.014492635977499259
-0.0012,-0.0968,9.6842,0.6356,0.8835,0.982,0.0732,-0.1184,9.762,1437,0,0.15370659276867144,0.0,0.023534405928292857
-0.0979,0.3843,9.8821,-7.5713,-1.0922,2.6088,-0.0382,0.3042,9.8449,1438,0,0.1519533231313492,0.0,0.022823746029815697
0.0599,-0.4463,9.9002,-1.1063,-4.1804,2.5255,0.1243,-0.489,9.779,1439,0,0.15370659276867144,0.0,0.013781976079022103
0.1879,-0.3358,9.7708,4.3455,-0.3437,1.9539,0.2385,-0.3752,9.704,1440,0,0.15370659276867144,0.0,0.013781976079022103
0.4841,-0.1604,9.8559,4.2642,1.4428,-4.4887,0.5339,-0.1288,9.8809,1441,0,0.15370659276867144,0.0,0.02250150908919484
0.105,0.0271,10.2611,3.9129,-1.7936,-3.9235,0.0992,-0.0061,10.2364,1442,0,0.1526504524297057,0.0,0.02250150908919484
-0.6258,-0.0078,10.1509,2.3657,1.014,2.4903,-0.6614,0.0253,10.2145,1443,0,0.15228398098292872,0.0,0.02250150908919484
0.2922,0.5219,9.9368,-1.2753,1.0678,4.8115,0.3129,0.5468,9.8761,1444,0,0.15370659276867144,0.0,0.012239361598131682
-0.2451,-0.0642,9.8806,2.9992,0.381,1.5115,-0.2595,-0.0763,9.8967,1445,0,0.15370659276867144,0.0,0.012019581378351463
-0.1995,-0.3163,9.9171,3.5245,0.174,0.6512,-0.2183,-0.3235,9.9174,1446,0,0.15370659276867144,0.0,0.02201958137835146
0.1083,-0.0189,10.1745,2.8743,0.2802,0.3671,0.1027,-0.0432,10.1992,1447,0,0.15262407051682947,0.0,0.022384409134017787
-0.0547,-0.1617,10.0457,-2.1976,6.3887,4.6355,-0.028,-0.1185,9.9896,1448,0,0.15370659276867144,0.0,0.019814569335262325
0.3026,-0.3333,9.7939,-1.2121,2.9265,-3.9846,0.2418,-0.4288,9.7094,1449,0,0.15370659276867144,0.0,0.02041158426063546
0.5477,0.0586,9.7406,4.3689,-0.5889,3.6707,0.5662,-0.0669,9.7213,1450,0,0.15361879978792273,0.0,0.020295780036834035
0.0966,-0.0243,10.1224,2.4094,3.173,0.4127,0.0206,-0.0268,10.0654,1451,0,0.15370659276867144,0.0,0.019814569335262325
0.0521,-0.1127,9.8774,1.5518,-2.2728,-0.3133,0.031,-0.1175,9.912,1452,0,0.15370659276867144,0.0,0.010814569335262323
0.3374,0.0729,9.8736,-0.0714,1.9481,4.8975,0.379,0.0179,9.9509,1453,0,0.15370659276867144,0.0,0.010451424898085657
-0.2313,-0.0522,9.639,3.4644,-1.1648,-2.2752,-0.2557,0.0932,9.5965,1454,0,0.15370659276867144,0.0,0.010451424898085657
0.415,0.1925,10.0451,2.538,0.922,3.8456,0.5234,0.1523,10.0251,1455,0,0.15370659276867144,0.0,0.02049025984954197
-0.0416,-0.0313,9.9098,-1.8294,6.0663,4.6261,0.0353,-0.0705,9.9127,1456,0,0.15370659276867144,0.0,0.021516575639015652
0.4717,0.0696,9.7931,4.5643,0.134,0.4003,0.4485,0.0703,9.8062,1457,0,0.15370659276867144,0.0,0.020270479629761747
0.2201,-0.3163,9.6648,-9.2219,1.2127,-4.1816,0.1562,-0.4142,9.6701,1458,0,0.1458499173853834,0.0,0.013420935091025534
0.0089,0.2429,9.8991,-0.3962,-3.269,-1.455,0.0351,0.3038,9.8169,1459,0,0.15370659276867144,0.0,0.022586710429809868
0.4666,0.4352,9.6456,6.8179,3.2542,-1.3799,0.4659,0.3547,9.7394,1460,0,0.15242389511884455,0.0,0.024700081022561906
0.0827,0.1843,9.7364,0.8374,-2.9557,5.4028,0.0659,0.1741,9.6985,1461,0,0.15370659276867144,0.0,0.013386232968660261
-0.0954,0.2481,9.7632,-1.5227,3.8212,0.2133,-0.0351,0.2538,9.7736,1462,0,0.15370659276867144,0.0,0.013898024426810523
0.1948,-0.126,9.8828,-1.2301,0.6155,-4.2425,0.1876,-0.1001,9.8766,1463,0,0.15370659276867144,0.0,0.013898024426810523
0.0691,-0.2076,9.6203,0.4362,3.231,1.757,0.0835,-0.32,9.6979,1464,0,0.15370659276867144,0.0,0.013953457252861902
0.3147,-0.1443,10.0673,-2.4837,-6.5456,5.4267,0.2726,-0.1515,10.0656,1465,0,0.15370659276867144,0.0,0.013898024426810523
-0.3681,-0.3257,9.7694,1.6917,2.6902,2.1026,-0.3728,-0.3615,9.7514,1466,0,0.15370659276867144,0.0,0.014858183789360324
-0.0995,0.1686,9.5515,-0.9929,4.3226,1.6686,-0.0856,0.218,9.564,1467,0,0.15370659276867144,0.0,0.00406562219217365
-0.3717,0.1707,9.8259,1.1678,2.4924,-2.1773,-0.4762,0.2034,9.7333,1468,0,0.15370659276867144,0.0,0.00406562219217365
0.8561,0.4067,9.8146,0.337,-2.8251,-1.5324,0.9506,0.4373,9.752,1469,0,0.1437886982437459,0.0,0.0004544992534137784
0.6946,0.0826,9.8854,4.4019,1.1244,1.9512,0.6908,0.1214,9.9763,1470,0,0.15554206470249757,0.0,0.0003156103645248894
-0.0685,0.7292,10.0438,-1.4666,-0.4493,0.3217,-0.0058,0.6845,9.9948,1471,0,0.15366639458584913,0.0,0.0004544992534137784
0.0197,-0.2058,9.8122,2.1987,-2.1409,-0.1577,0.0192,-0.2131,9.8204,1472,0,0.15370659276867144,0.0,0.0004544992534137784
-0.3508,0.1745,9.5774,0.1288,2.013,2.1286,-0.2783,0.2042,9.6054,1473,0,0.15370659276867144,0.0,0.0004544992534137784
0.1162,0.0533,9.9288,1.6093,-4.8264,1.4296,0.111,0.038,9.9341,1474,0,0.15370659276867144,0.0,0.0008107762640599258
0.1411,0.325,9.795,-0.7092,2.405,0.498,0.1688,0.3164,9.9206,1475,0,0.15370659276867144,0.0,0.0006220970187769068
0.0011,-0.0398,9.5923,0.9096,-0.2899,4.2592,-0.0886,-0.1156,9.5968,1476,0,0.15370659276867144,0.0,0.0008107762640599258
0.4395,0.2127,10.0737,3.6378,1.4766,-3.1303,0.3761,0.2233,10.1273,1477,0,0.15370659276867144,0.0,0.0007709356266097263
0.4024,0.2545,9.5925,1.4335,2.2011,-0.843,0.4199,0.3048,9.5769,1478,0,0.15370659276867144,0.0,0.0005822563813267076
0.3949,-0.2444,9.8193,-0.8357,-0.4185,-0.843,0.3757,-0.1572,9.8519,1479,0,0.15370659276867144,0.0,0.0005822563813267076
0.2429,-0.6074,9.9012,-2.2301,-4.0338,2.5616,0.1813,-0.5879,9.9518,1480,0,0.15359223705380823,0.0,0.0006220970187769068
-0.4694,0.1089,9.7099,4.6184,-0.1003,-2.0681,-0.4754,0.2055,9.7553,1481,0,0.15370659276867144,0.0,0.0006220970187769068
0.5959,-0.1114,9.7627,0.6336,-5.7072,-0.7543,0.6079,-0.0913,9.7459,1482,0,0.15522247095773994,0.0,0.0006220970187769068
-0.2467,-0.5145,9.6721,-5.3564,0.1164,-0.0716,-0.2619,-0.4455,9.6938,1483,0,0.15370659276867144,0.0,0.020314044605183844
-0.0807,-0.4313,9.9701,-0.7139,0.5262,4.7425,-0.0653,-0.4323,9.9264,1484,0,0.15370659276867144,0.0,0.020314044605183844
0.3221,0.2698,10.0167,5.9408,3.9752,2.2006,0.4088,0.2858,10.0196,1485,0,0.15370659276867144,0.0,0.00031404460518384567
0.1674,-0.5689,10.0638,-10.2942,-1.2965,-1.9937,0.0749,-0.6379,10.0186,1486,0,0.13340946378083254,0.0,0.00031404460518384567
0.0355,-0.043,9.8645,-3.3978,2.1141,-3.6404,0.0559,-0.1092,9.87,1487,0,0.15370659276867144,0.0,0.00031404460518384567
-0.062,0.8014,10.0406,-1.9029,2.3895,-4.064,-0.0487,0.7812,10.1387,1488,0,0.14374818329985878,0.0,0.0014530485091232754
-0.0077,0.124,9.9583,-5.9054,-3.408,-0.5116,-0.0248,0.0921,9.9412,1489,0,0.15370659276867144,0.0,0.0014530485091232754
0.0644,-0.209,9.9702,-3.2074,2.1392,-0.388,0.0412,-0.2363,10.0031,1490,0,0.15370659276867144,0.0,0.0014530485091232754
-0.2591,0.4478,9.8877,3.6482,7.9098,-1.6294,-0.3663,0.4932,9.9567,1491,0,0.14702692080357516,0.0,0.0002380952380952381
0.0422,-0.3393,9.6991,-1.23,0.8615,3.9583,0.1391,-0.3278,9.6818,1492,0,0.15370659276867144,0.0,0.010238095238095237
0.1895,0.4994,9.8286,2.0486,1.9243,2.2468,0.2102,0.4717,9.9447,1493,0,0.15370659276867144,0.0,0.0002380952380952381
-0.0632,0.0343,9.7164,2.0212,3.2977,-1.4974,-0.0529,-0.0006,9.6169,1494,0,0.15370659276867144,0.0,0.0008351101634683724
-0.4211,0.386,9.6395,-0.6309,-1.0298,-2.3623,-0.3747,0.4233,9.7042,1495,0,0.15370659276867144,0.0,0.0008351101634683724
-0.359,-0.3064,9.8026,-0.5934,2.0973,2.7225,-0.3228,-0.3185,9.756,1496,0,0.15370659276867144,0.0,0.0002380952380952381
-0.023,0.2348,9.9222,-3.6093,-8.5878,-4.3867,-0.1037,0.1258,9.9693,1497,0,0.14981546126865944,0.0,0.0014530485091232754
0.2797,-0.1572,9.8825,-5.3629,-4.1747,-8.7535,0.2641,-0.2149,9.9027,1498,0,0.14974567771687153,0.0,0.021453048509123277
-0.058,-0.1247,9.967,-1.3799,5.2482,3.6069,0.0249,-0.1444,9.9351,1499,0,0.15370659276867144,0.0,0.011453048509123273
0.3861,-0.4627,9.9427,2.7129,-3.7863,-2.3809,0.3497,-0.4864,9.9618,1500,0,0.15370659276867144,0.0,0.011453048509123273
0.0756,0.5074,9.6623,-0.872,-8.0432,-2.2713,0.121,0.4423,9.6812,1501,0,0.14981546126865944,0.0,0.011453048509123273
-0.1514,0.0903,9.8221,1.2409,1.6569,-4.2114,-0.1508,0.1105,9.8354,1502,0,0.15370659276867144,0.0,0.011453048509123273
0.2371,0.3893,10.3939,-4.1175,2.2599,-2.8706,0.2343,0.4363,10.3937,1503,0,0.11169029305422434,0.0,0.022400416930175904
0.217,-0.0864,9.5,-1.243,4.9052,-0.959,0.1881,-0.0348,9.5187,1504,0,0.15370659276867144,0.0,0.022301210580969556
0.1015,0.0294,9.6162,1.5585,3.7375,-1.7706,0.1298,0.0245,9.629,1505,0,0.15370659276867144,0.0,0.02213743221634517
0.1955,0.2167,9.4273,-1.2924,-0.8314,-0.33,0.1703,0.0775,9.3761,1506,0,0.15052563129402807,0.0,0.03213743221634517
-0.3385,-0.3632,9.8297,-0.8893,-0.136,-1.8896,-0.3722,-0.2548,9.7813,1507,0,0.15370659276867144,0.0,0.021377938545459097
0.2196,-0.2137,9.7427,-2.9233,5.4889,0.4814,0.2093,-0.2616,9.8518,1508,0,0.15370659276867144,0.0,0.011239049656570205
0.4195,-0.0149,10.1131,3.4995,-0.9201,-0.072,0.3724,-0.0871,10.1728,1509,0,0.15370659276867144,0.0,0.031239049656570206
-0.1775,0.1417,9.5128,3.9808,-3.5672,1.6204,-0.1652,0.1842,9.5486,1510,0,0.15370659276867144,0.0,0.021377938545459097
0.0109,0.5987,9.8309,-3.3524,6.468,-4.1759,0.0477,0.642,9.8337,1511,0,0.15309497375261916,0.0,0.011377938545459093
0.16,0.1895,9.7461,3.8422,-0.2488,-1.3899,0.1605,0.1488,9.7385,1512,0,0.15370659276867144,0.0,0.011377938545459093
-0.1405,0.145,9.7512,0.9765,-1.9485,-7.8993,-0.1553,0.1217,9.8118,1513,0,0.1513602608214693,0.0,0.011377938545459093
0.2145,-0.302,9.4408,-2.7165,-4.5582,1.4193,0.1303,-0.2757,9.4464,1514,0,0.1534046229755623,0.0,0.011377938545459093
0.3631,-0.1073,9.9945,1.1067,0.6738,-4.3398,0.3161,-0.0866,9.9977,1515,0,0.15370659276867144,0.0,0.011377938545459093
0.0636,-0.0037,10.1613,10.5649,1.2005,1.3107,0.0642,0.0287,10.1713,1516,0,0.11334193078108637,0.0,0.011998543327456281
-0.2465,0.254,9.9934,1.851,-3.6742,-3.232,-0.3378,0.3301,9.9651,1517,0,0.15370659276867144,0.0,0.010024096385542169
-0.2654,0.0733,9.4563,-1.9063,2.5032,-0.0329,-0.3108,0.0516,9.4341,1518,0,0.152968620356603,0.0,0.010882796405634594
0.2452,-0.238,9.8307,1.6248,0.5263,0.1245,0.3045,-0.2337,9.7768,1519,0,0.15370659276867144,0.0,0.025008642940013218
0.3911,0.2117,9.6402,-0.7338,-0.005,-3.4073,0.3671,0.2631,9.6869,1520,0,0.15370659276867144,0.0,0.0615520534760321
0.0483,0.0753,9.7551,4.9836,2.5412,4.7446,0.1238,0.056,9.7435,1521,0,0.15370659276867144,0.0,0.05727250125255465
-0.2872,0.5,9.842,4.8517,6.977,1.9803,-0.3237,0.5956,9.8648,1522,0,0.14838406964046386,0.0,0.06727250125255464
-0.0405,-0.1978,9.3777,0.2043,0.6528,4.007,-0.0451,-0.1702,9.337,1523,0,0.14426459259787733,0.0,0.056057547981526595
-0.1338,0.021,9.8734,1.0547,-5.1848,0.495,-0.2003,0.0003,9.8824,1524,0,0.15370659276867144,0.0,0.04605754798152659
0.2993,-0.1222,9.8164,-3.6681,-1.5569,4.0686,0.2717,-0.1705,9.7941,1525,0,0.15370659276867144,0.0,0.045989980413959027
-0.3265,0.0879,9.8972,-4.9863,-0.9203,0.4661,-0.2719,0.0745,9.8705,1526,0,0.15370659276867144,0.0,0.055989980413959035
0.1444,-0.2653,9.5443,2.5884,2.2635,10.1002,0.1907,-0.2973,9.5641,1527,0,0.15155123034165113,0.0,0.039640414946746506
-0.5685,0.1292,9.6557,-7.0369,0.4315,0.6238,-0.5878,0.0579,9.7613,1528,0,0.15370659276867144,0.0,0.039739621295952855
-0.4687,0.1628,9.8313,0.2855,3.2412,-3.8935,-0.5354,0.1423,9.8445,1529,0,0.15370659276867144,0.0,0.039739621295952855
0.6428,0.112,9.936,0.9279,2.0568,2.9317,0.7458,0.0932,9.9251,1530,0,0.12203884257227376,0.0,0.02686824472214189
0.2165,0.0251,9.5109,5.9315,-0.1242,-0.656,0.2566,0.0103,9.5307,1531,0,0.15370659276867144,0.0,0.03919382611749073
-0.5554,0.2788,9.6149,3.7757,-0.1383,-2.7553,-0.6614,0.2466,9.516,1532,0,0.1521778099656198,0.0,0.0577697225546542
0.5265,-0.1147,9.678,-1.615,3.1887,-2.7069,0.4953,-0.1985,9.6173,1533,0,0.15370659276867144,0.0,0.07250859559933487
-0.0422,0.2315,9.6496,2.9756,-0.5288,1.2581,-0.0422,0.1387,9.6204,1534,0,0.15370659276867144,0.0,0.05531180198827342
0.0939,0.0046,9.8797,0.1911,-0.0748,-2.2848,0.0852,0.0364,9.8422,1535,0,0.15370659276867144,0.0,0.055811024181687985
0.0392,-0.1214,9.506,-2.443,4.622,-4.0874,-0.033,-0.1248,9.4947,1536,0,0.15370659276867144,0.0,0.026757667899416047
-0.0008,0.3978,9.7858,0.9824,1.0279,-1.3119,-0.0248,0.3839,9.7794,1537,0,0.15370659276867144,0.0,0.025329096470844616
-0.1962,0.2303,9.5583,2.0184,4.8587,-2.4868,-0.1517,0.2094,9.58,1538,0,0.15370659276867144,0.0,0.0001390469866565484
-0.1631,-0.3014,9.8941,-1.9281,1.1486,1.2346,-0.1731,-0.2971,9.913,1539,0,0.15370659276867144,0.0,9.92063492063492e-05
0.017,-0.037,9.4578,0.5549,-0.4709,-0.971,-0.0561,-0.0547,9.4539,1540,0,0.1534046229755623,0.0,9.92063492063492e-05
0.0348,-0.0994,9.583,0.9161,-6.7308,0.9662,0.0228,-0.1162,9.5503,1541,0,0.15370659276867144,0.0,9.92063492063492e-05
0.1782,0.3656,10.0034,-4.82,-0.6835,-1.0135,0.1889,0.3389,10.0328,1542,0,0.15370659276867144,0.0,9.92063492063492e-05
-0.1439,-0.2556,9.7717,-2.6463,-3.4059,-1.1956,-0.1918,-0.2041,9.7248,1543,0,0.15370659276867144,0.0,9.92063492063492e-05
-0.3255,0.4107,9.8347,2.7209,1.2283,-5.4293,-0.4152,0.47,9.7849,1544,0,0.15370659276867144,0.0,9.92063492063492e-05
-0.2956,-0.5824,9.9753,0.212,0.4748,0.476,-0.2416,-0.5966,10.0512,1545,0,0.15366621418353923,0.0,9.92063492063492e-05
-0.5465,-0.6404,9.7125,1.1295,-0.9567,4.516,-0.6263,-0.5331,9.8065,1546,0,0.15369406605517877,0.0,9.92063492063492e-05
-0.4417,-0.0256,9.7324,-2.5339,-1.5843,-1.2638,-0.5187,0.0016,9.7327,1547,0,0.15370659276867144,0.0,0.000734126984126984
0.1014,-0.1711,9.5865,1.6264,-4.1689,-2.826,0.0947,-0.1384,9.6147,1548,0,0.15370659276867144,0.0,0.000734126984126984
0.137,-0.0916,9.811,-0.4432,1.6583,1.5141,0.0934,-0.1159,9.8281,1549,0,0.15370659276867144,0.0,0.001341063400311955
0.3493,-0.1866,9.8688,2.7044,-3.1156,2.1222,0.238,-0.199,9.8004,1550,0,0.15370659276867144,0.0,0.001341063400311955
0.5503,-0.2209,10.0449,1.7277,-1.1777,-6.6596,0.5766,-0.1866,10.0735,1551,0,0.1531527280134841,0.0,0.001341063400311955
0.2574,-0.5093,9.6356,-4.8731,6.4416,0.6752,0.2213,-0.5497,9.5884,1552,0,0.15370659276867144,0.0,0.000734126984126984
0.1163,-0.4102,9.6975,-1.4775,1.4013,3.0401,0.103,-0.4183,9.7515,1553,0,0.15370659276867144,0.0,0.001341063400311955
-0.1187,-0.0577,9.764,-1.5352,-1.2908,-2.6382,-0.1046,-0.0863,9.7767,1554,0,0.15370659276867144,0.0,0.001341063400311955
0.7307,-0.5019,9.8216,-8.0103,-2.6629,-4.2389,0.8168,-0.4421,9.7254,1555,0,0.12734090716526472,0.0,0.000734126984126984
-0.1191,-0.0115,9.6973,4.7613,3.7314,4.0508,-0.0775,-0.0531,9.6532,1556,0,0.15370659276867144,0.0,0.010734126984126983
0.2311,-0.0348,9.2744,1.0695,1.2519,-0.3347,0.2409,-0.0518,9.3492,1557,0,0.13011794882369027,0.0,0.010734126984126983
0.1788,-0.1663,9.8683,1.1373,0.4238,1.7598,0.1614,-0.219,9.8311,1558,0,0.15370659276867144,0.0,0.000734126984126984
0.121,0.2367,9.8232,3.461,2.1331,4.1528,0.1604,0.2798,9.817,1559,0,0.15370659276867144,0.0,0.000734126984126984
-0.3281,0.0933,9.6207,-0.9173,1.9645,0.6273,-0.2889,0.0623,9.7401,1560,0,0.15370659276867144,0.0,0.000734126984126984
0.1431,0.0052,9.9006,-4.6309,-5.9099,-2.8423,0.2014,0.0209,9.8714,1561,0,0.15370659276867144,0.0,0.000734126984126984
0.0155,0.3676,9.8054,4.5456,-2.0484,1.7428,-0.1144,0.3026,9.7988,1562,0,0.15370659276867144,0.0,0.000734126984126984
0.169,0.1521,9.9371,-1.1586,-2.6742,-0.5628,0.2661,0.1832,9.9831,1563,0,0.15370659276867144,0.0,9.92063492063492e-05
0.0634,0.0453,9.9239,-4.6405,-2.5474,-4.3372,-0.0131,-0.0015,9.9186,1564,0,0.15370659276867144,0.0,9.92063492063492e-05
-0.0937,-0.2729,9.8352,3.0866,-3.7738,-2.0747,-0.0716,-0.2798,9.8411,1565,0,0.15370659276867144,0.0,0.0001390469866565484
0.0223,-0.0788,9.6026,3.7137,3.1551,-2.1547,-0.0352,-0.072,9.645,1566,0,0.15370659276867144,0.0,0.0001390469866565484
-0.0319,0.2336,9.7899,-1.3973,-1.2645,-3.0808,-0.0917,0.325,9.7853,1567,0,0.15370659276867144,0.0,0.0001390469866565484
0.1419,0.291,9.8772,-2.5194,0.2389,2.9009,0.1354,0.2804,9.7691,1568,0,0.15370659276867144,0.0,0.0002380952380952381
-0.1963,0.3534,9.8941,2.6181,4.3954,3.7717,-0.2053,0.3642,9.9099,1569,0,0.15370659276867144,0.0,0.0002779358755454373
0.3939,0.0848,10.1054,2.8038,-0.8068,0.4349,0.395,0.2154,10.1511,1570,0,0.15370659276867144,0.0,0.0002779358755454373
0.0654,0.0661,9.7305,1.9469,-1.6427,-2.7283,0.0093,0.0507,9.7299,1571,0,0.15370659276867144,0.0,0.010277935875545437
-0.1366,0.5749,9.9572,-1.3886,-3.2018,-4.4569,-0.1304,0.6287,9.9123,1572,0,0.15318370441863025,0.0,0.0002380952380952381
0.005,0.1765,9.7236,3.6068,-1.4576,0.2264,0.0043,0.1357,9.7283,1573,0,0.15370659276867144,0.0,0.0002380952380952381
-0.179,0.1488,9.5886,-4.8255,3.6302,-0.0181,-0.1495,0.1853,9.5702,1574,0,0.15370659276867144,0.0,0.0002779358755454373
-0.1199,0.213,9.7156,5.5444,0.2414,1.8005,-0.1331,0.2034,9.7714,1575,0,0.15370659276867144,0.0,0.0002380952380952381
-0.3894,-0.104,9.7642,2.2244,-2.1002,1.515,-0.2933,-0.1415,9.7448,1576,0,0.15370659276867144,0.0,0.0002380952380952381
0.4137,-0.1516,9.9064,-4.5489,4.0322,-0.9606,0.5091,-0.2129,9.8722,1577,0,0.15370659276867144,0.0,0.0008811307516211501
0.2275,0.0623,9.5084,-1.1151,-3.0528,0.3517,0.2209,0.0341,9.5862,1578,0,0.15370659276867144,0.0,0.0007820825001824605
-0.1474,-0.0012,9.459,1.3727,1.2997,0.0622,-0.117,0.0873,9.4568,1579,0,0.15370659276867144,0.0,0.0013218516753046197
0.0151,-0.0064,9.8973,-0.5848,-4.1466,-0.6593,0.0457,-0.0197,9.8941,1580,0,0.15370659276867144,0.0,0.00018506757480932616
-0.4058,0.1497,9.8559,-2.1169,-0.7265,-4.8318,-0.3782,0.2424,9.838,1581,0,0.15370659276867144,0.0,0.0009209713890713495
-0.0714,-0.1018,9.6293,2.7849,-3.0881,-0.837,0.0108,-0.0245,9.5614,1582,0,0.15370659276867144,0.0,0.010757986114640293
-0.0818,-0.1705,9.7658,1.87,2.4034,1.9977,-0.0859,-0.2363,9.7526,1583,0,0.15370659276867144,0.0,0.010160971189267159
0.5292,-0.0564,9.8345,-3.6147,1.2465,-7.8774,0.547,-0.0558,9.9302,1584,0,0.15180623214273936,0.0,0.01852203145271786
0.1541,-0.8415,10.0261,2.5718,-0.9601,4.7304,0.151,-0.8354,9.981,1585,0,0.1311077308632947,0.0,0.022181417002555798
0.0901,0.4141,9.2943,2.1755,0.7989,2.5814,0.0844,0.3852,9.2401,1586,0,0.10097321275885764,0.0,0.01379167229231825
0.1154,0.1182,10.1874,-0.0652,-0.3279,-0.0044,0.1653,0.1974,10.127,1587,0,0.15370659276867144,0.0,0.01499167229231825
0.0977,0.4413,9.8562,2.3331,-3.7106,-1.4521,0.1041,0.4437,9.9252,1588,0,0.15370659276867144,0.0,0.013265136335095885
-0.1145,0.4708,9.7051,0.3849,2.2121,0.9323,-0.1228,0.5103,9.725,1589,0,0.15370659276867144,0.0,0.023929167154236194
0.1459,-0.8094,9.6785,-1.6659,4.8579,1.5611,0.232,-0.7437,9.6537,1590,0,0.14919801411708508,0.0,0.03459459200034745
-0.0171,0.1494,9.5939,-1.1758,-0.0211,-0.6377,-0.1033,0.1587,9.6203,1591,0,0.15370659276867144,0.0,0.025875058990174712
0.2669,-0.2117,9.8389,0.4035,2.2825,1.3366,0.2635,-0.1997,9.9151,1592,0,0.15370659276867144,0.0,0.04774512720843692
0.4055,-0.0669,9.4889,-1.5595,0.4634,0.7213,0.5415,-0.2019,9.4724,1593,0,0.15370659276867144,0.0,0.03934277447418518
0.1042,0.1259,9.7211,-2.1713,-2.4963,0.6233,0.0909,0.1521,9.736,1594,0,0.15370659276867144,0.0,0.03129806838490751
0.077,-0.3824,10.0006,0.06,4.6492,-1.3957,0.0711,-0.3232,9.9813,1595,0,0.15370659276867144,0.0,0.029318678088643017
-0.2037,-0.5589,9.558,-1.1774,-4.3955,-2.2039,-0.1943,-0.4926,9.6127,1596,0,0.15370659276867144,0.0,0.03175619442139175
0.3037,-0.132,10.0959,6.5297,-2.7652,-5.591,0.3157,-0.1066,10.0317,1597,0,0.1528511125999369,0.0,0.051546953796774736
0.3544,-0.0917,9.7787,0.5608,0.0984,-4.8848,0.3362,-0.1261,9.707,1598,0,0.15370659276867144,0.0,0.05192050467698083
0.0826,-0.094,9.8481,-2.1061,-0.686,-1.5374,0.0883,-0.0575,9.8434,1599,0,0.15370659276867144,0.0,0.051546953796774736
-0.0228,-0.1878,9.5497,3.5269,0.6388,3.9264,0.0681,-0.2402,9.5369,1600,0,0.15370659276867144,0.0,0.05192050467698083
-0.0167,-0.0986,9.6361,-6.0303,-3.7015,-0.4218,-0.0242,-0.0867,9.6276,1601,0,0.15370659276867144,0.0,0.04192050467698083
-0.5641,0.2966,9.876,2.0955,1.1125,4.0977,-0.5657,0.2111,9.9151,1602,0,0.15370659276867144,0.0,0.033365294338577954
-0.2104,0.3383,9.6498,-3.9315,-4.0087,1.9492,-0.2587,0.3733,9.6406,1603,0,0.15370659276867144,0.0,0.03321065516332022
0.2254,-0.0395,9.4136,0.1267,5.0679,1.0435,0.2133,0.0062,9.5608,1604,0,0.15370659276867144,0.0,0.04321065516332021
0.022,0.8378,9.8065,-1.2523,2.1824,4.4151,0.0082,0.856,9.7987,1605,0,0.10890438331086492,0.0,0.07723985182381655
-0.0027,-0.375,9.8569,5.1065,2.2874,1.1911,0.0493,-0.2916,9.9313,1606,0,0.15370659276867144,0.0,0.07334096596748232
0.1742,0.1286,10.3255,1.7801,3.1241,-3.1301,0.0495,0.1686,10.2239,1607,0,0.14653104827004074,0.0,0.0620010220632559
0.4279,-0.5047,10.2043,-2.1051,1.7158,-0.6351,0.4185,-0.552,10.1993,1608,0,0.15262407051682947,0.0,0.0648664705682393
-0.2412,-0.0244,10.1278,5.7507,1.3093,-2.8071,-0.1758,-0.0386,10.1292,1609,0,0.15370659276867144,0.0,0.06217082440399986
-0.4824,-0.0641,9.5058,3.0418,0.4087,4.0106,-0.5325,-0.0334,9.5912,1610,0,0.15370659276867144,0.0,0.06926551115929898
0.0195,-0.1264,9.797,1.1994,-4.7313,3.0009,0.0604,-0.2052,9.8449,1611,0,0.15370659276867144,0.0,0.07260227857466586
0.121,-0.4738,9.538,-5.0783,-2.625,1.1103,0.1153,-0.4888,9.491,1612,0,0.15370659276867144,0.0,0.0730568240292113
-0.2991,-0.3202,9.8939,1.5128,1.868,3.2009,-0.3231,-0.3285,9.8753,1613,0,0.15370659276867144,0.0,0.053035874693525775
-0.8923,0.1236,9.6291,-5.9361,3.6839,0.6479,-0.9165,0.0888,9.5697,1614,0,0.12411849019928102,0.0,0.001307002528395549
0.3736,-0.4721,9.8151,2.8189,-2.1008,2.0053,0.4192,-0.4729,9.786,1615,0,0.15370659276867144,0.0,0.0029199057542020003
0.427,0.2321,9.9113,1.6695,0.3037,-4.1879,0.4014,0.2864,9.8989,1616,0,0.15370659276867144,0.0,0.002493527448509486
0.3396,-0.6205,9.9561,2.3205,4.8978,-2.3318,0.351,-0.7026,9.9514,1617,0,0.1487361660721778,0.0,0.0008806242227030342
0.0849,0.1938,9.6554,1.2777,0.257,-7.615,0.1517,0.2211,9.6746,1618,0,0.1513602608214693,0.0,0.011942456457301808
-0.2092,-0.2021,9.6119,-2.2997,-1.2634,-0.6299,-0.1293,-0.2588,9.5315,1619,0,0.15370659276867144,0.0,0.01355535968310826
-0.0462,0.2752,9.9213,0.6335,5.7734,2.4302,-0.0667,0.231,10.0068,1620,0,0.15370659276867144,0.0,0.011942456457301808
0.0823,-0.333,9.9483,-4.8831,2.9702,-0.0246,0.1124,-0.4446,9.972,1621,0,0.15370659276867144,0.0,0.021942456457301803
-0.2992,-0.7297,9.9435,-0.2654,0.7972,-1.4723,-0.3212,-0.6758,9.9216,1622,0,0.15343854369769958,0.0,0.023555359683108255
0.0667,0.2144,9.7654,-3.2074,2.3007,-0.714,0.1155,0.1514,9.7838,1623,0,0.15370659276867144,0.0,0.02251762383405165
-0.4737,-0.0901,9.8648,-0.5702,-0.8105,1.3462,-0.4133,-0.0604,9.8409,1624,0,0.15370659276867144,0.0,0.021758130163165575
0.0742,-0.282,9.78,0.9829,-1.4994,3.1759,0.0671,-0.2562,9.7687,1625,0,0.15370659276867144,0.0,0.021832094660206997
-0.3268,-0.0033,9.788,3.4972,-0.069,-6.673,-0.3959,0.0461,9.7351,1626,0,0.1532405209942328,0.0,0.021832094660206997
0.5703,-0.3806,9.5917,-0.0809,-0.099,-2.6413,0.5942,-0.3269,9.5697,1627,0,0.15488821094857297,0.0,0.012135124963237305
-0.4621,-0.1254,9.7706,-4.1746,-3.5167,-0.432,-0.4163,-0.1247,9.7782,1628,0,0.15370659276867144,0.0,0.012135124963237305
0.1619,-0.1205,9.6894,0.3395,2.8355,-1.3852,0.1886,-0.0306,9.6652,1629,0,0.15370659276867144,0.0,0.012135124963237305
-0.3489,-0.2531,9.9383,2.3358,-0.4197,7.1873,-0.3403,-0.2238,9.9662,1630,0,0.15314501477372658,0.0,0.002135124963237302
-0.4018,-0.4349,9.9591,2.1725,0.5265,-4.2174,-0.4385,-0.3869,9.9737,1631,0,0.15370659276867144,0.0,0.012135124963237305
-0.1455,0.1413,9.275,1.2168,-0.4349,-2.6144,-0.1785,0.1841,9.3332,1632,0,0.13428712082258518,0.0,0.012135124963237305
-0.4443,0.0509,9.846,4.2337,3.4146,0.8697,-0.3792,0.1788,9.9582,1633,0,0.15370659276867144,0.0,0.0020611604661958816
0.4708,-0.852,9.8981,-5.3007,-1.485,1.1757,0.5546,-0.7958,9.8768,1634,0,0.14649741779501602,0.0,0.02203706408065371
0.7186,0.1485,9.9814,-0.1066,0.0452,-1.0944,0.7639,0.0818,9.9842,1635,0,0.14364933487640924,0.0,0.0020611604661958816
0.144,-0.1235,9.857,2.2311,3.3527,-0.8082,0.1248,-0.0477,9.8898,1636,0,0.15370659276867144,0.0,0.012720501125536543
-0.0139,0.0931,9.7326,2.3548,-0.2489,1.5513,-0.0941,0.1328,9.7359,1637,0,0.15370659276867144,0.0,0.012061160466195884
-0.5653,-0.1729,10.0028,2.1408,2.7601,-4.5265,-0.6263,-0.0959,9.9973,1638,0,0.15370659276867144,0.0,0.00173403377762341
0.1765,-0.1207,9.9185,6.5104,-2.0454,3.795,0.1599,-0.0645,9.9168,1639,0,0.1528511125999369,0.0,0.00014522693735912696
0.0647,-0.056,9.748,5.9161,-1.4109,-4.7308,0.1076,-0.0929,9.7547,1640,0,0.15370659276867144,0.0,0.00014522693735912696
-0.0773,0.3104,9.8155,0.8649,3.4913,2.8097,-0.074,0.3268,9.7539,1641,0,0.15370659276867144,0.0,2.4096385542168677e-05
0.4909,0.0724,9.7346,2.6097,0.7242,-0.6671,0.5022,0.1572,9.6648,1642,0,0.15370659276867144,0.0,2.4096385542168677e-05
-0.2377,0.1117,9.9123,-0.8482,2.5431,-0.8635,-0.2809,0.1135,9.9908,1643,0,0.15370659276867144,0.0,0.0
-0.0833,0.4563,9.6003,4.5399,5.9647,-1.7595,-0.0894,0.4168,9.6762,1644,0,0.15370659276867144,0.0,0.0
0.3586,-0.2235,9.5533,-4.0956,-0.5102,1.2967,0.3523,-0.2181,9.5591,1645,0,0.15370659276867144,0.0,0.0
0.7788,-0.2686,9.7694,0.354,5.9907,-0.6341,0.698,-0.2795,9.7205,1646,0,0.15557955017382005,0.0,2.4096385542168677e-05
0.3259,0.3896,9.8416,0.8068,4.6805,-1.9275,0.304,0.3357,9.902,1647,0,0.15370659276867144,0.0,2.4096385542168677e-05
0.2894,-0.386,9.9163,3.204,-0.0195,-0.8191,0.3154,-0.397,9.9133,1648,0,0.15370659276867144,0.0,0.00028411582624801585
0.2328,-0.2097,9.962,1.3589,2.2245,-1.3777,0.1613,-0.1671,9.9749,1649,0,0.15370659276867144,0.0,0.00028411582624801585
0.2174,0.376,10.1687,0.6,1.8686,-0.5241,0.1919,0.3792,10.2397,1650,0,0.1526504524297057,0.0,0.00028411582624801585
-0.1703,-0.3869,10.0252,-6.1161,-2.7094,5.8136,-0.1816,-0.3766,10.0797,1651,0,0.15370659276867144,0.0,0.00028411582624801585
0.5244,-0.4374,9.882,1.8624,10.2016,-0.7159,0.5166,-0.4836,9.8627,1652,0,0.12706751320881737,0.0,2.4096385542168677e-05
-0.4191,0.2822,10.1075,-1.8668,-0.1426,6.5804,-0.449,0.2079,10.1432,1653,0,0.15314501477372658,0.0,2.4096385542168677e-05
0.1892,0.1904,9.7622,-4.1449,1.7931,-2.2351,0.0824,0.2658,9.8096,1654,0,0.15370659276867144,0.0,0.0009473684210526316
0.2526,-0.4846,10.0078,-0.8689,-2.8394,2.0908,0.3514,-0.5189,9.8638,1655,0,0.15370659276867144,0.0,0.0009473684210526316
0.2025,-0.0397,10.1824,3.6455,3.2535,-7.5889,0.1984,-0.092,10.1416,1656,0,0.15004668057455572,0.0,0.0009473684210526316
0.0489,-0.314,9.6315,-3.7875,-0.1171,3.9211,0.0954,-0.3214,9.6028,1657,0,0.15370659276867144,0.0,2.4096385542168677e-05
-0.2665,0.1235,9.9167,-4.1042,-1.6863,3.2885,-0.3452,0.2202,9.8478,1658,0,0.15370659276867144,0.0,0.0
0.1087,-0.1071,9.8339,2.1097,-0.0745,1.8055,0.1435,-0.2359,9.7828,1659,0,0.15370659276867144,0.0,0.0
-0.6081,0.2343,9.5905,-4.5316,1.1561,-3.6483,-0.5199,0.1979,9.5475,1660,0,0.1537691488359536,0.0,0.0
0.2317,-0.0559,9.7406,-0.027,0.0525,-0.8691,0.2296,-0.059,9.8031,1661,0,0.15370659276867144,0.0,0.01
0.4242,-0.4661,9.5549,7.4498,-2.1757,-6.0232,0.3979,-0.4565,9.4961,1662,0,0.14789984764497438,0.0,0.03
0.2246,0.1848,10.0259,-1.866,-1.1676,2.648,0.1229,0.2169,10.0075,1663,0,0.15370659276867144,0.0,0.0
0.1946,-0.3216,9.2579,-0.0529,-2.5782,-2.4052,0.1797,-0.2382,9.2605,1664,0,0.10616313700240237,0.0,0.027163903746172877
-0.272,-0.4979,9.9228,-1.2991,2.5157,10.2538,-0.2207,-0.471,9.9776,1665,0,0.15155123034165113,0.0,0.03779882438109351
-0.1437,0.497,9.922,3.9833,2.1101,-1.7124,-0.0874,0.5266,9.922,1666,0,0.15370659276867144,0.0,0.03779882438109351
-0.1218,-0.5275,9.812,3.6182,-2.0075,-2.0552,-0.2029,-0.6666,9.7974,1667,0,0.13526912735103416,0.0,0.02779882438109351
0.189,-0.6806,9.4428,4.3792,-2.5686,3.4251,0.1618,-0.5753,9.4136,1668,0,0.1513426120772361,0.0,0.021791186308238047
0.1664,0.2801,9.3592,3.758,0.6472,-3.3871,0.1258,0.2319,9.4566,1669,0,0.14776858682233399,0.0,0.021791186308238047
-0.1665,0.1037,9.821,2.074,-2.1846,-2.0263,-0.1834,0.13,9.6941,1670,0,0.15370659276867144,0.0,0.021791186308238047
0.0595,0.1615,9.6424,-1.5737,-3.3274,-1.1475,0.1143,0.2012,9.7815,1671,0,0.15370659276867144,0.0,0.021791186308238047
-0.1397,-0.7695,9.904,-0.5839,-3.2658,5.4554,-0.1995,-0.8128,9.9117,1672,0,0.1483254740062641,0.0,0.021791186308238047
-0.1488,-0.1786,9.8948,0.2432,0.1132,-1.3225,-0.1759,-0.1849,9.9486,1673,0,0.15370659276867144,0.0,0.021791186308238047
-0.1644,0.1222,10.2863,1.5964,-5.7037,0.6307,-0.168,0.1149,10.2362,1674,0,0.15100654452981582,0.0,0.011791186308238047
-0.2328,0.1146,9.9036,5.4667,3.519,-0.525,-0.1887,0.1002,9.8663,1675,0,0.15370659276867144,0.0,0.0013857809028326418
-0.1977,0.0057,9.8816,1.3981,-0.5433,1.6586,-0.179,-0.0687,9.7374,1676,0,0.15370659276867144,0.0,0.01138578090283264
-0.4696,0.2547,9.892,-3.6941,1.6569,0.605,-0.5083,0.2381,9.9164,1677,0,0.15370659276867144,0.0,0.0013857809028326418
-0.3451,0.315,9.5372,2.3259,-4.3563,-1.7374,-0.3527,0.3843,9.571,1678,0,0.15370659276867144,0.0,0.0013857809028326418
0.0943,-0.0192,9.8314,4.8897,-2.1285,0.9364,0.1416,-0.074,9.7434,1679,0,0.15370659276867144,0.0,0.01138578090283264
0.1557,-0.09,9.5559,-2.6388,2.1052,-1.9199,0.1636,-0.0613,9.5825,1680,0,0.15370659276867144,0.0,0.0013857809028326418
0.5639,0.1854,9.8633,0.891,1.7739,-4.8767,0.5344,0.1959,9.8431,1681,0,0.15361879978792273,0.0,0.0013857809028326418
-0.0461,-0.1402,9.9837,6.2384,-1.0341,-2.8284,0.0767,-0.1522,9.9914,1682,0,0.15370659276867144,0.0,0.01138578090283264
-0.1387,0.0408,9.7708,-3.9282,-6.0938,3.62,-0.1605,0.037,9.7699,1683,0,0.15370659276867144,0.0,0.001638243957019834
0.4937,0.8037,10.1094,3.2151,-1.805,2.4825,0.4397,0.7746,10.0743,1684,0,0.14738913360931322,0.0,0.0018668153855912624
0.3247,0.062,10.175,0.1588,-0.0603,2.0938,0.3059,0.0202,10.1954,1685,0,0.15332031675608063,0.0,0.02186681538559126
0.0769,0.762,9.7092,1.2644,2.1854,0.8017,0.0337,0.8285,9.692,1686,0,0.1245976449569635,0.0,0.011767609036384912
-0.1604,0.4069,10.0134,-0.2494,-3.4499,-2.4946,-0.098,0.4139,10.0902,1687,0,0.15370659276867144,0.0,0.0017676090363849134
-0.2497,0.4493,9.9148,-1.317,3.3513,2.3186,-0.2145,0.3304,9.8401,1688,0,0.15370659276867144,0.0,0.007215418155825232
0.2662,0.4084,9.7541,0.0863,-0.1153,1.1018,0.2202,0.3752,9.777,1689,0,0.15370659276867144,0.0,0.007116211806618883
0.2934,-0.2905,9.8198,-0.1037,1.8163,-4.5838,0.4162,-0.3003,9.8349,1690,0,0.15370659276867144,0.0,0.007155046758075195
-0.4303,-0.0602,9.9553,-0.2699,-1.8765,-1.8838,-0.4135,-0.0294,9.9333,1691,0,0.15370659276867144,0.0,0.0017676090363849134
-0.3654,0.3059,9.9308,0.9076,2.5905,0.0063,-0.4254,0.2951,9.9271,1692,0,0.15370659276867144,0.0,0.0017676090363849134
-0.2739,0.6549,9.6868,2.7647,0.0125,-2.8277,-0.2358,0.6235,9.6409,1693,0,0.15318370441863025,0.0,0.006777132845908723
0.153,-0.16,10.0815,-1.3802,5.5177,-1.4908,0.1628,-0.1251,10.0627,1694,0,0.15370659276867144,0.0,0.0017676090363849134
0.5665,-0.498,9.8348,2.6932,-4.495,-0.7465,0.581,-0.4991,9.8549,1695,0,0.15361879978792273,0.0,0.01662387614092788
-0.2766,0.0499,9.6551,5.4942,-0.8604,3.0292,-0.3054,0.0513,9.6729,1696,0,0.15370659276867144,0.0,0.029619537734691254
-0.0662,-0.0719,9.9114,0.8044,2.9462,-2.3457,-0.0198,-0.1148,9.9129,1697,0,0.15370659276867144,0.0,0.01961953773469126
0.2375,-0.3257,10.2008,2.4875,1.4337,4.377,0.1388,-0.4226,10.1739,1698,0,0.15370659276867144,0.0,0.0197727944396721
-0.0414,-0.0679,9.6444,2.1194,-1.6706,1.5248,-0.0179,-0.1105,9.7504,1699,0,0.15370659276867144,0.0,0.0197727944396721
0.2371,-0.3855,9.951,1.6999,1.7139,1.2719,0.2951,-0.3679,9.9302,1700,0,0.15370659276867144,0.0,0.0297727944396721
-0.0008,-0.292,9.7237,2.2686,0.4072,-3.0584,-0.0408,-0.3241,9.8291,1701,0,0.15370659276867144,0.0,0.02874617297430891
-0.0458,0.0086,9.6931,0.8803,1.1503,2.1084,-0.0833,0.0754,9.7047,1702,0,0.15370659276867144,0.0,0.018387216077525942
-0.0211,0.3223,9.5648,-3.8891,-2.4963,0.9881,-0.0236,0.3095,9.5672,1703,0,0.15370659276867144,0.0,0.023035712293670355
-0.585,0.2017,9.9987,-2.7937,-1.7303,-0.5942,-0.583,0.2418,9.9335,1704,0,0.15370659276867144,0.0,0.01836215342088434
-0.3122,-0.4785,9.7853,-4.0381,4.2953,-1.9017,-0.2487,-0.4232,9.8151,1705,0,0.15370659276867144,0.0,0.013352629611360531
0.376,-0.345,9.8945,-1.5309,-0.6072,-1.0378,0.4378,-0.3939,9.8335,1706,0,0.15370659276867144,0.0,0.023705612202246346
0.0967,-0.3093,9.8177,0.5591,4.2489,-5.7822,0.1036,-0.2366,9.7672,1707,0,0.15370659276867144,0.0,0.01433061220224635
-0.072,-0.0798,10.106,-1.9835,-0.6475,-3.9334,-0.0363,-0.0498,10.2299,1708,0,0.1526504524297057,0.0,0.01933061220224635
0.1225,0.0472,10.2018,4.1763,-3.1431,0.0068,0.1707,0.0234,10.1901,1709,0,0.1533321728497886,0.0,0.01433061220224635
-0.1845,-0.0399,9.8598,0.4903,-0.1446,5.2772,-0.1901,0.032,9.7692,1710,0,0.15370659276867144,0.0,0.01512033912015968
0.3678,0.5149,10.3032,-1.0338,-2.2957,-1.8439,0.35,0.4983,10.3824,1711,0,0.09217600142381079,0.0,0.012669157069430117
0.0236,0.3323,9.8338,3.7702,-0.9416,-6.385,0.0605,0.3462,9.9134,1712,0,0.15370659276867144,0.0,0.007939719839992887
-0.0697,0.5633,9.9318,-0.9889,1.297,-1.8375,-0.1162,0.5848,9.9072,1713,0,0.15318370441863025,0.0,0.027786463135012048
-0.2185,-0.4264,9.8296,1.8573,0.6228,0.9056,-0.1602,-0.5224,9.8888,1714,0,0.15370659276867144,0.0,0.046173559909205596
0.3232,-0.2761,10.1195,1.6975,-2.486,0.5541,0.3041,-0.3231,10.2337,1715,0,0.1526504524297057,0.0,0.01481469496034474
-0.5892,-0.3056,9.939,-2.164,-1.4523,3.9585,-0.6126,-0.3691,9.8981,1716,0,0.15370659276867144,0.0,0.03518786463983869
0.3569,-0.3473,9.846,2.2291,-2.8296,-2.1573,0.3648,-0.3361,9.8486,1717,0,0.15370659276867144,0.0,0.03518786463983869
0.2492,-0.1355,9.8,-0.2497,-3.4488,-3.9005,0.2835,-0.1708,9.6873,1718,0,0.15370659276867144,0.0,0.02663355968025567
-0.0761,-0.0723,9.7386,0.9752,-5.4451,-3.7569,-0.186,-0.0241,9.7472,1719,0,0.15370659276867144,0.0,0.022611560180948204
-0.2771,0.0903,9.7833,3.3803,-0.1149,-0.5264,-0.1608,0.0849,9.8254,1720,0,0.15370659276867144,0.0,0.04261156018094821
0.2448,0.1787,9.5048,0.4915,-1.1226,3.982,0.3096,0.1706,9.5121,1721,0,0.15370659276867144,0.0,0.015532934554222192
-0.2504,0.5901,9.5239,1.7118,3.9293,-0.1994,-0.23,0.5616,9.5164,1722,0,0.15355074445237718,0.0,0.0338585185473347
-0.4066,-0.1449,9.8554,0.9872,-6.2102,3.0134,-0.4228,-0.0584,9.8864,1723,0,0.15370659276867144,0.0,0.028419625901635288
0.2726,0.0203,9.8928,3.0241,0.4685,3.8325,0.2958,0.0198,9.9167,1724,0,0.15370659276867144,0.0,0.024184569162482347
-0.0942,0.3734,9.9587,-0.4152,-3.7177,-3.9849,-0.0948,0.4143,9.9685,1725,0,0.15370659276867144,0.0,0.03612064406344046
0.0842,0.2234,9.5821,3.9409,-2.7188,-4.4905,0.0813,0.2454,9.4824,1726,0,0.15370659276867144,0.0,0.03578003780094879
-0.2701,0.1273,9.8584,-1.5896,0.6546,0.2304,-0.2234,0.1226,9.8727,1727,0,0.15370659276867144,0.0,0.043233952716027375
0.0555,0.0423,10.0008,-0.3146,5.6057,-0.349,0.0709,0.0685,10.0083,1728,0,0.15370659276867144,0.0,0.03258585249861356
0.048,-0.1408,9.7489,0.2493,1.0024,-0.5057,0.0208,-0.1448,9.6743,1729,0,0.15370659276867144,0.0,0.03258585249861356
-0.2003,-0.0131,9.458,2.1133,2.1575,2.7629,-0.2515,-0.0511,9.5021,1730,0,0.15370659276867144,0.0,0.0327391092035944
0.181,-0.1472,9.4523,0.2664,0.1591,0.9681,0.1749,-0.1331,9.399,1731,0,0.1525588014428267,0.0,0.0235420289116236
-0.2632,-0.1364,9.9134,0.1116,7.0785,-2.6587,-0.2124,-0.1429,9.9248,1732,0,0.15132945582779983,0.0,0.005598477524061119
0.1495,0.3392,9.8074,-1.4781,-1.1015,0.8207,0.1406,0.327,9.8144,1733,0,0.15370659276867144,0.0,0.04632606572533353
-0.3247,-0.0999,9.653,-0.1454,2.1271,3.6303,-0.3256,-0.0965,9.6171,1734,0,0.15370659276867144,0.0,0.06219554681821956
-0.4015,-0.3297,9.983,-1.1558,1.0803,-0.0148,-0.3637,-0.3607,10.0066,1735,0,0.15370659276867144,0.0,0.055378697304280904
0.301,-0.1915,9.4385,1.6337,2.5304,0.0982,0.3481,-0.1793,9.4367,1736,0,0.1534046229755623,0.0,0.05444734930241929
-0.0635,0.11,9.7872,0.7121,-1.2286,0.1056,-0.0995,0.0944,9.78,1737,0,0.15370659276867144,0.0,0.04353646531461223
0.23,0.3559,9.996,1.0515,-1.5395,-0.7593,0.202,0.3387,9.9157,1738,0,0.15370659276867144,0.0,0.06942266018012061
-0.6243,0.0295,9.8348,-0.5086,1.0195,-0.5962,-0.5829,0.0561,9.85,1739,0,0.1537691488359536,0.0,0.08001967510549374
0.1314,0.4395,10.0093,1.4525,5.8729,3.0436,0.2142,0.4634,10.0311,1740,0,0.15370659276867144,0.0,0.059550762509516374
0.1978,-0.2604,9.9683,3.1078,2.9779,0.6762,0.2695,-0.3372,9.9247,1741,0,0.15370659276867144,0.0,0.053978436706441923
-0.1045,0.0794,9.7879,-2.7209,0.9387,1.4887,-0.0851,0.0972,9.8121,1742,0,0.15370659276867144,0.0,0.029624727006557796
-0.1429,0.0743,10.1551,-1.1406,3.1582,-3.742,-0.114,0.0974,10.1874,1743,0,0.1533321728497886,0.0,0.014018048438318742
0.5546,-0.3687,9.8539,-4.7184,5.3481,-1.6932,0.566,-0.2991,9.8686,1744,0,0.15361879978792273,0.0,0.044018048438318746
0.7679,-0.0265,9.9544,3.7109,3.8346,-0.5695,0.7855,-0.0101,9.9854,1745,0,0.15575691833195587,0.0,0.014050730479727349
-0.1399,0.2427,9.9971,-4.6026,4.1975,4.2641,-0.1378,0.3252,10.063,1746,0,0.15370659276867144,0.0,0.023398124630535172
-0.1238,-0.173,9.7999,2.3899,-3.0433,-0.7615,-0.1147,-0.0951,9.7302,1747,0,0.15370659276867144,0.0,0.023398124630535172
0.3092,0.3148,9.5757,-4.5209,3.6172,-1.1807,0.2877,0.2278,9.5454,1748,0,0.15370659276867144,0.0,0.02362927071389416
0.0409,0.2659,9.9846,2.2596,1.0705,-3.3838,-0.0687,0.327,9.9603,1749,0,0.15370659276867144,0.0,0.02362927071389416
-0.182,0.2949,9.8008,-2.2397,2.0508,-1.2754,-0.1383,0.337,9.7569,1750,0,0.15370659276867144,0.0,0.023466285439463105
0.2121,0.2238,9.5802,-1.2536,-1.2902,4.9667,0.2309,0.2277,9.5675,1751,0,0.15370659276867144,0.0,0.03142507971832876
0.2393,0.1137,10.1505,4.2519,0.8138,-1.4772,0.1543,0.0515,10.1877,1752,0,0.1533321728497886,0.0,0.04233596370613582
0.2021,-0.1405,10.017,4.7518,-2.226,2.0966,0.1771,-0.2137,9.9991,1753,0,0.15370659276867144,0.0,0.02240108397540685
-0.2734,-0.0857,9.8208,-0.9057,-0.2263,0.1341,-0.3168,-0.1242,9.8168,1754,0,0.15370659276867144,0.0,0.013453715554354215
0.2001,0.3869,10.1104,3.2578,-2.2245,0.3806,0.2692,0.3662,10.0555,1755,0,0.15370659276867144,0.0,0.017104641287659813
0.3115,-0.0419,9.6328,-1.6026,-0.6692,0.3716,0.2804,0.0049,9.6537,1756,0,0.15370659276867144,0.0,0.017104641287659813
-0.2498,-0.1986,9.9999,0.1823,0.4781,1.2241,-0.1949,-0.2568,10.0105,1757,0,0.15370659276867144,0.0,0.03766204448115613
-0.591,0.1878,9.7202,-1.3586,-1.1491,4.3553,-0.6136,0.112,9.7337,1758,0,0.15370659276867144,0.0,0.02216922151464895
-0.2286,-0.3794,9.489,-3.1065,-1.1375,-2.2237,-0.204,-0.4093,9.4874,1759,0,0.15370659276867144,0.0,0.021258337526841885
0.404,-0.136,9.9567,2.2549,1.615,-0.9672,0.3753,-0.1675,10.0519,1760,0,0.15370659276867144,0.0,0.032335065491331416
-0.2256,0.04,9.8536,-2.7769,2.1705,-2.3753,-0.233,0.1003,9.9528,1761,0,0.15370659276867144,0.0,0.0357880478203884
-0.2612,-0.3433,9.783,-5.5115,-2.4551,-5.0444,-0.3306,-0.3999,9.7471,1762,0,0.15370659276867144,0.0,0.01980379207229643
0.0134,0.224,9.7473,-4.6713,-3.1512,-0.8926,-0.012,0.2864,9.7514,1763,0,0.15370659276867144,0.0,0.03142593529220501
0.1163,0.2366,9.8816,2.6383,-3.4819,-0.2648,0.1425,0.1977,9.8906,1764,0,0.15370659276867144,0.0,0.021425935292205014
-0.2545,0.1195,9.8517,-5.9912,-7.7335,-4.8709,-0.2235,0.1229,9.9423,1765,0,0.14821333154939517,0.0,0.012872193133974157
0.3544,-0.3268,9.7526,0.6505,-2.5297,0.2621,0.3649,-0.4047,9.8333,1766,0,0.15370659276867144,0.0,0.022714090367175737
-0.113,-0.0326,9.6406,-2.0283,-5.0032,-5.8909,-0.1548,0.0096,9.7108,1767,0,0.15370659276867144,0.0,0.022714090367175737
0.2337,0.0897,9.4805,6.7167,0.1722,5.9162,0.2533,0.0906,9.4942,1768,0,0.15076516991529826,0.0,0.004344207100487848
-0.1972,0.0303,9.7422,1.2729,2.4196,2.7361,-0.1855,-0.1039,9.6654,1769,0,0.15370659276867144,0.0,0.004901610293984163
-0.2639,-0.3097,9.81,-4.4427,-3.0606,4.6818,-0.2042,-0.29,9.8718,1770,0,0.15370659276867144,0.0,0.0037471921751147143
-0.0299,-0.1439,10.0966,0.666,1.3069,-1.8399,-0.0189,-0.0902,10.0882,1771,0,0.15370659276867144,0.0,0.002314789940477843
0.4957,0.1271,9.6513,-4.561,1.4546,2.4688,0.509,0.182,9.7696,1772,0,0.15370659276867144,0.0,0.011129714332325312
0.2867,0.3113,9.7132,-4.992,-1.0478,-1.4163,0.3234,0.2292,9.7392,1773,0,0.15370659276867144,0.0,0.0028378403688095566
-0.0244,0.169,9.6241,-4.0513,-2.2724,-3.0977,-0.0989,0.1752,9.6036,1774,0,0.15370659276867144,0.0,0.003355402924855672
0.2921,0.2064,9.9472,4.2266,-3.7698,-5.9706,0.2748,0.1749,9.9924,1775,0,0.15370659276867144,0.0,0.0020463456307284913
-0.348,-0.2425,9.8633,2.8866,-3.462,0.6159,-0.3583,-0.2282,9.863,1776,0,0.15370659276867144,0.0,0.003395243562305872
-0.2253,0.3144,10.2817,-1.2607,2.8988,2.4738,-0.2664,0.2819,10.2796,1777,0,0.15346395886232267,0.0,0.0026832011935518253
-0.001,-0.1537,9.8899,2.9528,-0.207,-1.5723,-0.0588,-0.0812,10.0127,1778,0,0.15370659276867144,0.0,0.0022408254434364227
-0.3273,-0.5555,9.9025,0.2769,1.9472,4.8088,-0.4162,-0.5373,9.9325,1779,0,0.15370659276867144,0.0,0.01097507515706758
-0.521,-0.0664,9.8202,-3.3796,-5.6225,5.1584,-0.5355,-0.0357,9.8233,1780,0,0.15370659276867144,0.0,0.0005187978745925895
0.6355,-0.6713,9.9247,3.1644,-6.6657,-1.2981,0.4843,-0.6414,9.893,1781,0,0.15357032239863094,0.0,0.0004504064584358103
-0.1471,0.5313,9.6799,2.1166,3.4983,1.4984,-0.1358,0.5295,9.6048,1782,0,0.15355074445237718,0.0,0.00035120010922946106
-0.2112,0.961,9.8368,0.9483,2.1309,-3.6587,-0.1482,1.0053,9.8225,1783,0,0.07751661221598517,0.0,0.0016261464839453883
-0.214,-0.3593,9.8176,4.7586,6.3364,-2.4987,-0.2032,-0.3612,9.8278,1784,0,0.15370659276867144,0.0,0.0013585616339699825
0.3224,-0.2238,9.555,-1.822,-4.3361,-0.6639,0.2738,-0.2359,9.5539,1785,0,0.15370659276867144,0.0,0.0004741245499158302
0.0417,0.0643,9.7918,1.8236,1.1702,4.5103,0.0738,0.1192,9.7772,1786,0,0.15370659276867144,0.0,0.0004111932129173508
-0.1844,0.0554,9.8094,-2.8772,-0.876,7.2443,-0.2426,0.0806,9.8345,1787,0,0.15314501477372658,0.0,0.0004111932129173508
0.1006,0.4035,9.5457,-1.073,6.292,3.5554,0.0814,0.398,9.512,1788,0,0.15370659276867144,0.0,0.0004111932129173508
-0.0429,0.124,9.6405,-0.5435,-3.5895,2.6318,-0.0675,0.0682,9.6144,1789,0,0.15370659276867144,0.0,0.0010933214530264913
0.4182,-0.0727,9.6583,1.1361,-1.5955,-0.8068,0.3992,-0.0437,9.6881,1790,0,0.15370659276867144,0.0,0.0065787909782804785
-0.1895,0.1456,10.3663,-1.2696,-1.1428,1.4673,-0.0801,0.2013,10.3924,1791,0,0.10362012752031198,0.0,0.0005787909782804793
0.0999,0.2048,10.0783,0.9653,0.0736,-0.4678,0.1725,0.2317,10.0463,1792,0,0.15370659276867144,0.0,0.0004111932129173508
0.8153,0.0906,9.5419,-3.986,2.8038,-2.1463,0.8587,0.0507,9.5047,1793,0,0.15408878527547437,0.0,0.0002579365079365079
0.1268,-0.013,9.777,2.3474,-0.8706,2.4127,0.2023,0.0073,9.7512,1794,0,0.15370659276867144,0.0,0.0002579365079365079
0.2894,-0.1562,10.0215,-1.6216,-0.2574,-1.1094,0.3223,-0.0822,9.9951,1795,0,0.15370659276867144,0.0,9.92063492063492e-05
0.1756,-0.5139,10.0112,2.0282,2.9867,0.8746,0.128,-0.5227,10.038,1796,0,0.15370659276867144,0.0,0.010099206349206349
0.2991,-0.0711,9.7517,-3.0123,9.7733,-3.8651,0.3385,-0.0901,9.7729,1797,0,0.12825962022044343,0.0,0.0002579365079365079
0.1297,0.1239,9.6197,-5.1111,-2.7081,0.3351,0.0081,0.0137,9.6128,1798,0,0.15370659276867144,0.0,0.010425534273299635
-1.151,-0.2835,9.693,-1.7309,0.7825,-1.3796,-1.1233,-0.3295,9.6934,1799,1,0.2723488600507681,0.0,0.01157336720407367
-0.0615,0.2499,9.6344,-0.2005,-0.8716,0.4241,-0.0398,0.1893,9.6216,1800,0,0.15370659276867144,0.0,0.001414637045343511
0.6763,-0.3395,9.5552,-5.1717,0.2237,-2.883,0.7041,-0.28,9.6021,1801,0,0.15317736236231355,0.0,0.0015733672040736696
-0.0908,0.6759,9.7941,3.7762,-1.371,3.108,-0.0844,0.6606,9.7504,1802,0,0.15309497375261916,0.0,3.883495145631068e-05
0.0099,-0.2988,10.0388,-1.1142,5.0852,1.3017,0.0203,-0.2614,10.0299,1803,0,0.15370659276867144,0.0,0.0001975651101864694
0.1011,-0.0761,9.6573,-2.1287,-0.8755,4.3647,-0.0024,-0.048,9.6059,1804,0,0.15370659276867144,0.0,0.009086453999075357
-0.309,0.2112,9.905,3.1364,4.689,0.2213,-0.2215,0.2287,9.8447,1805,0,0.15370659276867144,0.0,0.029086453999075355
0.21,-0.3831,9.9324,-0.9453,-4.0918,-0.7298,0.1549,-0.3759,9.8962,1806,0,0.15370659276867144,0.0,0.01179756511018647
0.4258,0.0133,9.8208,-1.9681,6.2556,0.8134,0.3542,-0.0113,9.8062,1807,0,0.15370659276867144,0.0,0.010197565110186468
0.0227,-0.6106,9.4683,-0.0768,-4.051,0.8879,0.0506,-0.6034,9.5219,1808,0,0.15359223705380823,0.0,0.009086453999075357
-0.1412,-0.356,9.7386,-0.042,-0.2488,2.5759,-0.1247,-0.396,9.8291,1809,0,0.15370659276867144,0.0,0.01179756511018647
-0.4608,0.0971,9.5373,2.3763,0.4338,5.5176,-0.4522,0.1437,9.5763,1810,0,0.15370659276867144,0.0,0.01179756511018647
-0.2551,-0.2474,9.9106,-0.3286,0.4379,-4.2232,-0.1614,-0.2017,9.8837,1811,0,0.15370659276867144,0.0,0.01179756511018647
0.0059,-0.1789,10.0765,1.3568,1.0763,-3.7994,-0.0327,-0.1967,10.041,1812,0,0.15370659276867144,0.0,0.021896771459392818
-0.2441,0.0057,9.3023,3.3583,-1.2939,2.7842,-0.2099,-0.0053,9.31,1813,0,0.14726306594284,0.0,0.0001975651101864694
-0.2573,-0.1635,9.8901,2.373,0.6502,-0.3024,-0.2716,-0.1301,9.94,1814,0,0.15370659276867144,0.0,0.0001975651101864694
-0.7284,-0.0066,10.3324,2.5761,-1.6865,0.8759,-0.8044,-0.0175,10.2899,1815,0,0.1165775952497885,0.0,0.0002715296072278895
0.0065,-0.0792,10.0687,-4.6272,-1.7619,4.0541,0.0476,-0.1702,10.1097,1816,0,0.15370659276867144,0.0,0.010197565110186468
0.0503,0.3678,10.2275,0.8544,-0.0098,-3.7548,0.0072,0.2875,10.2742,1817,0,0.14983440187878977,0.0,0.0008796933502956099
-0.049,-0.6173,9.8382,3.9549,3.6053,-3.2779,-0.0399,-0.6218,9.833,1818,0,0.15199271031478814,0.0,0.00095365784733703
-0.2508,0.1191,9.8497,0.9724,-0.2452,0.7442,-0.1769,0.1712,9.8263,1819,0,0.15370659276867144,0.0,0.00095365784733703
-0.395,0.4488,10.0411,6.5499,5.0541,-2.4995,-0.4788,0.319,10.1322,1820,0,0.1528511125999369,0.0,0.0002715296072278895
-0.5276,-0.1326,9.6012,2.3096,-1.1258,-3.6482,-0.4793,-0.0966,9.5821,1821,0,0.15370659276867144,0.0,0.00095365784733703
-0.3706,0.4659,9.6057,-1.6171,0.5842,2.7837,-0.3116,0.4674,9.5711,1822,0,0.15370659276867144,0.0,0.00095365784733703
-0.1933,0.0016,9.4777,-1.6136,-2.6881,4.4049,-0.2647,0.0013,9.4762,1823,0,0.15370659276867144,0.0,0.0002715296072278895
0.6903,0.257,9.5457,-0.9763,2.0894,-1.0903,0.7436,0.3038,9.5729,1824,0,0.14247985784231035,0.0,0.0002715296072278895
0.3274,-0.2267,10.0823,1.5068,4.1114,-1.5177,0.3397,-0.2348,10.0908,1825,0,0.15370659276867144,0.0,0.005241455065820655
0.1839,-0.3995,9.8357,3.7499,-1.6227,3.016,0.2023,-0.5327,9.9041,1826,0,0.15370659276867144,0.0,0.005241455065820655
-0.2071,-0.4506,9.6136,-3.4709,-0.809,-1.3669,-0.1481,-0.3516,9.6564,1827,0,0.15370659276867144,0.0,0.005241455065820655
0.0274,0.1224,9.713,2.8369,0.7028,-1.4512,0.1507,0.172,9.6853,1828,0,0.15370659276867144,0.0,0.005241455065820655
-0.4374,0.2568,10.0151,4.4831,-2.0944,2.0561,-0.4243,0.2298,10.0679,1829,0,0.15370659276867144,0.0,0.005488003389292055
-0.5104,-0.5165,9.9027,0.2157,2.3248,2.4801,-0.6457,-0.5195,9.885,1830,0,0.15370659276867144,0.0,0.007760247274439166
-0.1496,-0.4843,9.7323,0.3537,2.5248,-3.0875,-0.1254,-0.5104,9.7245,1831,0,0.15370659276867144,0.0,0.0030080679292365654
0.276,0.058,9.8402,-1.9747,3.457,-3.7326,0.2304,0.0133,9.8083,1832,0,0.15370659276867144,0.0,0.0036674085885772243
0.2553,0.2059,10.0766,-1.0491,-5.0286,-1.2297,0.2371,0.1853,10.0943,1833,0,0.15370659276867144,0.0,0.009822762422167074
0.3679,-0.2424,9.8753,1.6968,-3.3726,-2.3234,0.3506,-0.2481,9.8424,1834,0,0.15370659276867144,0.0,0.009822762422167074
-0.1844,0.1012,9.7876,-1.6007,1.7062,-4.2308,-0.2124,0.0924,9.7239,1835,0,0.15370659276867144,0.0,0.009822762422167074
-0.1568,0.2625,9.7925,-3.7957,3.284,-3.1029,-0.1773,0.212,9.7034,1836,0,0.15370659276867144,0.0,0.009822762422167074
-0.1901,-0.2514,9.6629,1.5356,5.2552,0.0614,-0.1787,-0.2043,9.7072,1837,0,0.15370659276867144,0.0,0.021524394123798776
0.0467,0.2694,9.6799,3.6614,3.6154,-2.521,0.0368,0.2259,9.7276,1838,0,0.15370659276867144,0.0,0.012130454729859382
-0.1823,0.1722,9.6367,-3.8263,0.5003,0.6764,-0.1415,0.0603,9.6512,1839,0,0.15370659276867144,0.0,0.012130454729859382
0.0249,0.1169,9.4143,-5.8358,-3.0512,2.0006,-0.0162,0.1492,9.416,1840,0,0.152691395331968,0.0,0.021524394123798776
-0.0369,0.2287,10.3215,-5.7683,-0.7507,-0.0857,-0.0512,0.1777,10.3986,1841,0,0.08698508337239362,0.0,0.021203881303285956
-0.0293,-0.1925,9.9161,3.3927,2.0104,3.2897,-0.0145,-0.1506,9.9568,1842,0,0.15370659276867144,0.0,0.011150601250005901
0.632,0.3375,10.186,-3.9105,-3.8324,-8.4762,0.6063,0.4097,10.2159,1843,0,0.1497857731942369,0.0,0.000896118907860408
0.2134,0.1647,9.6269,1.8059,0.4068,-3.7813,0.3052,0.1645,9.7494,1844,0,0.15370659276867144,0.0,0.0007969125586540588
0.4737,-0.0292,9.2313,3.5407,3.6084,2.3348,0.4472,0.0346,9.228,1845,0,0.11341612423090176,0.0,0.01079691255865406
0.0076,0.3631,9.6864,-2.4976,-0.116,-4.4118,0.0053,0.3472,9.6371,1846,0,0.15370659276867144,0.0,0.0008367531961042579
0.2673,-0.0304,9.7181,-1.074,1.9649,-1.0207,0.1894,0.0241,9.6979,1847,0,0.15370659276867144,0.0,0.0011904418874561
0.2817,0.0541,10.0391,3.435,0.8867,3.3423,0.334,-0.0145,9.944,1848,0,0.15370659276867144,0.0,0.011150601250005903
-0.0346,0.1111,9.6365,-4.1986,-3.2263,4.0377,-0.0596,0.1304,9.6822,1849,0,0.15370659276867144,0.0,0.00017515571629495678
0.3429,-0.2291,9.9327,2.7721,-8.479,1.0591,0.4315,-0.2142,9.9502,1850,0,0.14927396859113082,0.0,0.010175155716294957
0.3578,-0.3546,9.9612,0.2276,3.7362,0.4925,0.411,-0.3924,9.9486,1851,0,0.15370659276867144,0.0,0.020175155716294958
-0.4052,-0.2152,9.6743,7.3957,-0.1138,-4.296,-0.4215,-0.227,9.744,1852,0,0.15044291000608326,0.0,0.028746584287723528
0.2343,0.1917,10.2107,-0.3652,1.1489,-2.3037,0.1674,0.1108,10.2761,1853,0,0.14983440187878977,0.0,0.020175155716294958
-0.3728,0.2179,9.6748,-0.8283,-2.5621,-0.8967,-0.3265,0.2501,9.6141,1854,0,0.15370659276867144,0.0,0.010175155716294957
-0.1859,-0.0639,9.8396,4.704,5.9613,-4.0745,-0.272,-0.0555,9.8602,1855,0,0.15370659276867144,0.0,0.020175155716294958
0.2999,0.4143,9.7709,3.513,-0.4859,-1.4623,0.3672,0.4337,9.7965,1856,0,0.15370659276867144,0.0,0.020175155716294958
0.3188,0.6011,9.8012,-2.7314,-3.4409,-2.2217,0.3428,0.6056,9.7483,1857,0,0.15318370441863025,0.0,0.020175155716294958
0.1155,0.0891,9.6771,1.5229,2.8231,-0.0179,0.093,0.0337,9.615,1858,0,0.15370659276867144,0.0,0.020214996353745157
0.4942,0.2689,9.8715,2.9946,-3.5676,-3.3839,0.3668,0.2291,9.8392,1859,0,0.15370659276867144,0.0,0.020214996353745157
-0.3336,-0.0922,9.7555,0.0457,1.35,-1.4552,-0.2556,-0.0529,9.7053,1860,0,0.15370659276867144,0.0,0.020239092739287323
0.0516,0.2943,9.99,0.3122,-0.6111,-0.2302,-0.0297,0.3377,9.9273,1861,0,0.15370659276867144,0.0,0.010199252101837126
-0.0381,-0.0699,9.6768,-2.33,-8.7939,3.5708,-0.0592,-0.0144,9.7151,1862,0,0.14981546126865944,0.0,0.010239092739287326
0.1319,0.0067,10.0089,0.4451,-1.1819,2.9637,0.0634,-0.0382,9.936,1863,0,0.15370659276867144,0.0,0.010199252101837126
-0.2484,-0.66,9.7334,-0.8155,2.4706,0.1353,-0.2504,-0.7204,9.6858,1864,0,0.14949353601521548,0.0,0.010123302734748518
-0.0971,-0.0786,9.9617,1.4871,5.6771,-2.1778,-0.0123,-0.059,9.9915,1865,0,0.15370659276867144,0.0,0.002327088060130939
0.2279,-0.3129,9.9182,-1.6939,1.246,1.3005,0.3017,-0.2753,9.928,1866,0,0.15370659276867144,0.0,0.010261665539686403
-0.2166,-0.3208,9.6659,1.2315,-2.8917,-0.1641,-0.1878,-0.2594,9.7243,1867,0,0.15370659276867144,0.0,0.010520286229341575
0.2724,-0.1313,9.8682,-1.2455,-1.258,0.3637,0.1634,-0.2248,9.8327,1868,0,0.15370659276867144,0.0,0.010520286229341575
-0.5366,0.1512,9.6582,1.2573,-0.1178,-1.1018,-0.5366,0.095,9.6601,1869,0,0.15370659276867144,0.0,0.00048044559189137497
-0.4403,0.2077,9.5787,-2.2048,-5.789,-0.1406,-0.4469,0.3018,9.6481,1870,0,0.15370659276867144,0.0,0.011425776243794308
-0.2577,0.0268,9.5213,2.2717,-3.5424,3.7778,-0.2305,0.0537,9.5031,1871,0,0.15370659276867144,0.0,0.008708414940550378
-0.127,0.2766,9.6551,2.6369,3.1154,-4.484,-0.098,0.2937,9.6001,1872,0,0.15370659276867144,0.0,0.010375081607217045
-0.0259,-0.017,9.9141,-0.9668,3.04,4.9773,-0.0028,-0.0174,9.8138,1873,0,0.15370659276867144,0.0,0.020991055671466974
0.6907,-0.3417,9.7538,2.638,-1.2697,4.0766,0.7055,-0.3854,9.7662,1874,0,0.15370651434729588,0.0,0.0002218249022362026
0.0319,-0.2313,9.7097,-2.7043,-3.7091,5.9016,0.0139,-0.1946,9.6602,1875,0,0.15370659276867144,0.0,0.0003750816072170455
0.3245,0.3959,9.5249,-0.5867,-6.176,-5.6307,0.3474,0.3567,9.5947,1876,0,0.15370659276867144,0.0,0.01568976692190236
0.2631,-0.0664,9.5639,0.8171,1.4749,3.0462,0.3605,-0.1059,9.631,1877,0,0.15370659276867144,0.0,0.005729607559352559
-0.3852,-0.3741,9.5454,0.2478,-0.053,3.3409,-0.412,-0.4079,9.66,1878,0,0.15370659276867144,0.0,0.01568976692190236
-0.0939,0.2782,9.9508,2.9891,-2.7216,-0.8774,-0.1211,0.3463,9.9861,1879,0,0.15370659276867144,0.0,0.02114431237644782
0.0326,-0.0722,9.8455,0.7697,1.1552,-2.3108,0.0393,-0.0477,9.8612,1880,0,0.15370659276867144,0.0,0.015757334489469928
-0.3094,-0.4835,9.8386,5.2116,2.1508,4.6136,-0.2281,-0.4596,9.8224,1881,0,0.15370659276867144,0.0,0.015757334489469928
-0.1599,-0.2515,9.6776,0.5232,5.2206,5.7997,-0.0899,-0.2471,9.6471,1882,0,0.15370659276867144,0.0,0.015757334489469928
0.0899,-0.2519,10.0943,0.3665,-0.627,4.9664,0.1528,-0.2779,10.0374,1883,0,0.15370659276867144,0.0,0.0004185527892424444
0.522,-0.232,10.1777,-1.1654,-4.5924,1.9264,0.4605,-0.2888,10.2108,1884,0,0.15262407051682947,0.0,0.0004185527892424444
-0.1726,-0.1304,9.8968,5.3058,-1.5909,-1.1031,-0.1751,-0.111,9.9185,1885,0,0.15370659276867144,0.0,0.010677173478897618
-0.04,-0.1411,9.8533,-4.5423,-2.0646,-0.7091,-0.1433,-0.1836,9.839,1886,0,0.15370659276867144,0.0,0.018751886122575775
0.2684,0.1594,9.8971,1.6302,1.8881,-2.8389,0.2572,0.2143,9.9359,1887,0,0.15370659276867144,0.0,0.0004185527892424444
-0.1034,-0.1576,10.1313,0.3208,2.2626,-0.0178,-0.069,-0.2043,10.1903,1888,0,0.1533321728497886,0.0,0.0004185527892424444
0.4421,-0.2311,9.717,3.3167,6.6059,0.4627,0.4436,-0.2068,9.6606,1889,0,0.15370659276867144,0.0,0.0007511379759390369
0.2829,0.3521,9.7399,-4.9408,3.4113,0.8734,0.3307,0.3362,9.6839,1890,0,0.15370659276867144,0.0,0.01060960591133005
-0.2842,0.3116,9.6861,0.2866,2.8939,-2.1583,-0.2763,0.2923,9.682,1891,0,0.15370659276867144,0.0,0.0006096059113300492
-0.2298,0.0177,9.8284,-3.0784,-1.0037,-3.3772,-0.2902,-0.0471,9.7619,1892,0,0.15370659276867144,0.0,0.015155060456784598
0.15,-0.5108,9.7229,1.7529,6.291,3.4864,0.2246,-0.5498,9.7076,1893,0,0.15370659276867144,0.0,0.0005103995621237
0.0981,0.1727,9.6362,0.059,3.4349,5.8593,0.0553,0.1313,9.6454,1894,0,0.15370659276867144,0.0,0.0005103995621237
0.2278,0.6444,9.9343,4.707,-4.6512,-0.3043,0.2742,0.629,9.9685,1895,0,0.15318370441863025,0.0,0.0004311073541842772
-0.0865,0.1385,9.8462,-3.2016,-0.6555,3.637,-0.1784,0.1209,9.7898,1896,0,0.15370659276867144,0.0,0.0020311073541842773
-0.4944,0.3412,9.7741,-1.6329,-2.9602,-3.0308,-0.5248,0.2616,9.7552,1897,0,0.15370659276867144,0.0,0.0005987051195474058
0.1758,0.6766,9.7398,1.6038,1.4125,-9.7456,0.1104,0.6726,9.7628,1898,0,0.14875951376651073,0.0,0.018764440687517613
-0.276,0.1697,9.685,-3.6232,-2.5544,-2.3948,-0.2779,0.0778,9.6329,1899,0,0.15370659276867144,0.0,0.020431107354184276
-0.2572,-0.2449,9.9793,-1.8841,-2.8923,-3.2338,-0.2123,-0.2607,10.0228,1900,0,0.15370659276867144,0.0,0.030498674921751845
0.2947,-0.195,9.7988,4.6348,-5.1092,0.0355,0.3061,-0.1882,9.787,1901,0,0.15370659276867144,0.0,0.020597881270958195
0.614,-0.1186,9.8136,3.0855,-2.2166,3.3808,0.6707,-0.1133,9.7719,1902,0,0.14874127224164346,0.0,0.030530313703390623
0.1776,0.238,9.8728,0.7459,3.0892,3.3012,0.2603,0.1985,9.852,1903,0,0.15370659276867144,0.0,0.04886364703672396
0.4318,0.0544,9.8214,-1.7598,-1.9741,-2.3977,0.4339,0.0242,9.8472,1904,0,0.15370659276867144,0.0,0.04886364703672396
-0.2408,0.0203,10.1322,0.6441,0.1029,3.792,-0.2533,0.0121,10.1288,1905,0,0.15370659276867144,0.0,0.04876444068751762
0.4571,-0.0424,9.769,-4.9717,0.9391,2.0439,0.5328,-0.0412,9.8823,1906,0,0.15370659276867144,0.0,0.022070947991634476
-0.4329,-0.2676,9.877,1.1571,0.8883,-0.5341,-0.4554,-0.2333,9.8037,1907,0,0.15370659276867144,0.0,0.010638545756997606
-0.427,-0.1138,9.9311,2.2458,0.4776,-0.4364,-0.497,-0.1852,9.8345,1908,0,0.15370659276867144,0.0,0.020638545756997605
0.8015,-0.0458,9.9991,1.3418,0.812,1.7793,0.7757,0.0752,9.9669,1909,0,0.15728818662667865,0.0,0.04063854575699761
0.0283,-0.2322,10.0366,-2.5191,-1.6178,-3.1481,0.0561,-0.2631,10.0587,1910,0,0.15370659276867144,0.0,0.05132067399710674
0.263,0.28,9.6556,-2.0745,-0.2895,-2.9076,0.1974,0.2233,9.698,1911,0,0.15370659276867144,0.0,0.05141988034631309
0.4332,0.1678,9.988,0.529,-1.2301,-6.8399,0.4383,0.1523,10.0352,1912,0,0.1532405209942328,0.0,0.04079593337460076
-0.0706,0.103,9.5993,8.1988,3.0566,2.3287,-0.1363,0.1199,9.5797,1913,0,0.12616966749026395,0.0,0.05089513972380711
0.3044,-0.2266,9.9605,-3.2457,4.0614,3.6921,0.247,-0.2141,10.0123,1914,0,0.15370659276867144,0.0,0.04191745182595445
-0.2588,0.1023,9.5828,-0.7343,1.9712,-0.9129,-0.2582,0.0972,9.5195,1915,0,0.15370659276867144,0.0,0.06208504959131758
0.0723,-0.1789,9.8365,-0.3585,-5.6748,1.1376,0.0794,-0.1951,9.8376,1916,0,0.15370659276867144,0.0,0.049728616874498144
-0.4259,0.1133,10.1751,-1.2368,-2.6047,0.5366,-0.4171,0.1023,10.1695,1917,0,0.15370659276867144,0.0,0.06820729246340466
0.1532,0.0593,9.5471,3.7926,-2.6454,6.1227,0.1918,0.114,9.6381,1918,0,0.15370659276867144,0.0,0.07833605527731148
-0.2443,0.3308,10.2343,0.2877,-0.3496,0.3514,-0.302,0.2922,10.2648,1919,0,0.15135784453201792,0.0,0.022788585595202467
-0.0495,-0.3502,9.9025,-2.6862,-4.7404,0.6278,-0.163,-0.3633,9.8405,1920,0,0.15370659276867144,0.0,0.012712636228113855
-0.1369,-0.0164,9.5882,3.2427,-0.855,1.3116,-0.1375,0.0215,9.5876,1921,0,0.15370659276867144,0.0,0.02255453346131544
-0.0191,0.4472,9.6637,4.7637,-3.2645,1.2179,0.0053,0.4668,9.6553,1922,0,0.15370659276867144,0.0,0.022556518331362626
0.1751,0.0311,9.9069,-2.769,-1.02,0.6455,0.2275,0.0694,9.8765,1923,0,0.15370659276867144,0.0,0.032556518331362624
0.4505,-0.2447,9.7503,0.1134,-4.6725,-2.0307,0.4216,-0.2161,9.7352,1924,0,0.15370659276867144,0.0,0.03183727567562118
0.4408,-0.0289,10.0763,3.3194,-2.9223,-0.8878,0.3571,-0.1232,10.0701,1925,0,0.15370659276867144,0.0,0.03191322504270979
-0.1207,-0.5364,10.0877,-2.7949,-2.1637,2.8805,-0.2076,-0.4415,10.1884,1926,0,0.1533321728497886,0.0,0.0512011997262541
0.235,0.1087,9.7422,0.7595,-3.7168,-2.1921,0.1841,0.126,9.8038,1927,0,0.15370659276867144,0.0,0.041201199726254106
-0.2007,-0.1291,9.7372,0.2676,-0.2153,-2.5183,-0.2573,-0.173,9.7105,1928,0,0.15370659276867144,0.0,0.04108641540770918
0.0109,-0.2255,10.0624,3.636,1.2735,-1.3949,0.0132,-0.2167,10.0456,1929,0,0.15370659276867144,0.0,0.04108641540770918
-0.2158,0.1569,9.9593,5.5495,-5.8445,2.1132,-0.2396,0.1106,10.0404,1930,0,0.15370659276867144,0.0,0.061086415407709184
0.4144,0.2806,9.7701,0.7782,1.6909,1.6234,0.4606,0.3189,9.7857,1931,0,0.15370659276867144,0.0,0.07112525035916549
-0.0528,0.4189,9.8079,3.0372,2.2074,-1.8159,0.0289,0.4282,9.8032,1932,0,0.15370659276867144,0.0,0.05112525035916549
-0.4515,-0.2613,9.6675,1.5062,0.9334,2.266,-0.4439,-0.1951,9.7245,1933,0,0.15370659276867144,0.0,0.0512011997262541
-0.5735,0.3266,10.2554,-3.208,0.3509,0.6616,-0.5594,0.3547,10.3362,1934,0,0.09176501333333857,0.0,0.03275271959842965
0.5273,-0.4349,10.1178,-2.8529,8.7575,5.0367,0.5635,-0.3771,10.1957,1935,0,0.13285534192079884,0.0,0.011913225042709794
0.0688,-0.3943,10.0387,-0.1355,-1.0443,0.4645,0.0491,-0.437,9.9554,1936,0,0.15370659276867144,0.0,0.012520161458894764
0.068,-0.104,9.7287,0.3498,2.3407,2.1076,0.1385,-0.0725,9.8043,1937,0,0.15370659276867144,0.0,0.012520161458894764
-0.1503,-0.1459,9.5942,0.3696,-1.1703,3.4908,-0.1481,-0.1237,9.5478,1938,0,0.15370659276867144,0.0,0.011913225042709794
-0.1815,-0.1086,9.8046,-1.1745,-0.6388,-1.4769,-0.1289,-0.1175,9.8242,1939,0,0.15370659276867144,0.0,0.013638361734071784
0.0704,-0.3242,9.8735,-1.2485,1.3988,4.6888,0.0393,-0.3284,9.8527,1940,0,0.15370659276867144,0.0,0.021978967996563455
0.3729,0.1118,9.813,1.9859,-0.6877,-2.2502,0.3771,0.1238,9.7981,1941,0,0.15370659276867144,0.0,0.023638361734071786
0.0722,0.35,9.7075,-0.8253,-3.8728,1.8159,0.0811,0.372,9.724,1942,0,0.15370659276867144,0.0,0.023638361734071786
-0.1014,0.1415,9.9753,0.673,-4.7756,-2.9271,-0.1054,0.115,10.0293,1943,0,0.15370659276867144,0.0,0.031978967996563454
-0.1513,0.7361,9.6822,4.4993,-5.4916,-0.2924,-0.2125,0.6854,9.722,1944,0,0.15569898428246168,0.0,0.012690993313019152
0.019,0.0428,10.048,1.3161,0.0223,-0.4231,0.0592,0.0215,10.0446,1945,0,0.15370659276867144,0.0,0.023638361734071786
-0.3702,-0.0784,9.8811,-3.3582,-2.5954,-5.2934,-0.3043,-0.0316,10.0112,1946,0,0.15370659276867144,0.0,0.03363836173407178
-0.0374,-0.2095,10.0197,-0.0065,-3.0649,-1.1399,-0.0808,-0.2323,10.1068,1947,0,0.15370659276867144,0.0,0.053523577415526866
0.1794,-0.8116,9.8493,0.2653,3.5651,-3.8995,0.0963,-0.7562,9.8608,1948,0,0.1482403642015974,0.0,0.014802720581009142
0.1796,-0.0172,9.6757,-0.7555,0.8354,-0.8732,0.1326,0.0413,9.6578,1949,0,0.15370659276867144,0.0,0.031893097138663014
0.3711,0.1645,9.9365,-2.1582,-5.0681,1.5171,0.3978,0.2014,9.9101,1950,0,0.15370659276867144,0.0,0.041296082213289884
0.1188,-0.2541,9.9655,-1.1101,2.4468,3.0217,0.1019,-0.2552,10.0251,1951,0,0.15370659276867144,0.0,0.05189309713866302
-0.0697,0.0002,10.1543,2.73,2.3452,-4.0646,-0.134,-0.0439,10.0648,1952,0,0.15370659276867144,0.0,0.041893097138663016
0.6117,0.5193,9.8566,-4.2369,3.1885,-4.3759,0.5456,0.5185,9.9221,1953,0,0.15208732668341593,0.0,0.041296082213289884
-0.1351,0.2248,9.8219,0.8401,0.8776,1.3392,-0.1972,0.1488,9.8794,1954,0,0.15370659276867144,0.0,0.03125724726183357
0.2967,0.0979,9.5634,-1.0157,-2.3583,-4.0039,0.3168,0.1307,9.6207,1955,0,0.15370659276867144,0.0,0.041296082213289884
-0.0793,-0.4659,9.7639,6.3257,2.359,5.0499,-0.1745,-0.4402,9.7378,1956,0,0.1533730731004521,0.0,0.05125724726183357
-0.1824,-0.1478,9.6768,1.8339,-6.5522,-0.8838,-0.0704,-0.1463,9.7184,1957,0,0.15370659276867144,0.0,0.05201674093271964
-0.3928,0.2025,9.7779,0.8947,-0.1458,-0.0357,-0.345,0.2043,9.7526,1958,0,0.15370659276867144,0.0,0.04201674093271964
0.4589,-0.896,9.8172,-2.4252,-1.737,3.0047,0.3659,-0.9799,9.7154,1959,0,0.08442648036837869,0.0,0.10654813208668777
0.3117,-0.2154,9.7765,0.7883,-2.1231,1.8598,0.4051,-0.1968,9.7248,1960,0,0.15370659276867144,0.0,0.08128497419195094
0.4031,0.3309,9.8642,-0.8008,-1.3791,-0.6074,0.3746,0.2921,9.8694,1961,0,0.15370659276867144,0.0,0.08128497419195094
-0.48,-0.2923,9.7492,-6.1812,2.7799,-4.1209,-0.4383,-0.3456,9.6949,1962,0,0.15370659276867144,0.0,0.07466930400906935
-0.4133,-0.3469,9.5334,2.3361,2.0091,2.0786,-0.3389,-0.2863,9.4176,1963,0,0.152691395331968,0.0,0.034889084228849565
0.156,-0.625,9.6603,3.975,-1.638,-4.9529,0.2158,-0.601,9.6725,1964,0,0.15359223705380823,0.0,0.034889084228849565
0.125,0.2923,9.9686,-1.4793,2.1863,0.8197,0.095,0.3937,10.0281,1965,0,0.15370659276867144,0.0,0.034889084228849565
0.5319,0.5507,9.9738,3.1927,1.5732,-0.7454,0.492,0.5561,9.9932,1966,0,0.15355074445237718,0.0,0.035496020645034536
0.1769,0.4823,9.7588,0.4159,-4.8165,-4.4566,0.1722,0.5256,9.8228,1967,0,0.15370659276867144,0.0,0.0352020360226917
0.1975,-0.2662,9.6435,1.3936,3.0165,1.621,0.097,-0.329,9.7107,1968,0,0.15370659276867144,0.0,0.0378680494229082
0.0649,-0.0141,9.4847,2.4748,-2.7524,-0.9712,0.0083,-0.0731,9.5121,1969,0,0.15370659276867144,0.0,0.01935966985826138
0.1722,0.1519,9.9447,-2.3239,-1.0381,2.7152,0.1213,0.2454,9.8752,1970,0,0.15370659276867144,0.0,0.030576926516114683
0.1125,-0.2598,9.7976,-2.1735,4.182,-2.7679,0.1458,-0.255,9.6888,1971,0,0.15370659276867144,0.0,0.06073922086916048
-0.0221,0.0144,9.9844,0.0416,-4.6984,-1.4575,-0.0881,0.0696,10.0123,1972,0,0.15370659276867144,0.0,0.06715226434742134
0.2256,0.4381,9.9067,0.8462,-2.9165,-0.9752,0.2378,0.4898,9.9377,1973,0,0.15370659276867144,0.0,0.046919706207886464
-0.4062,0.2801,10.0947,-5.7031,3.3001,-7.335,-0.3921,0.2391,10.1646,1974,0,0.15004668057455572,0.0,0.043187819415318456
-0.0005,-0.4809,9.7245,-2.2794,-2.5628,2.0987,0.0263,-0.5174,9.7384,1975,0,0.15370659276867144,0.0,0.04654810664379209
-0.1795,0.1796,10.212,-4.5481,0.3894,-1.8904,-0.1084,0.2048,10.2487,1976,0,0.1526504524297057,0.0,0.047306636491137734
-0.0017,-0.3727,9.8572,-2.4216,4.1298,-4.1188,0.0365,-0.4045,9.9023,1977,0,0.15370659276867144,0.0,0.03192196035321015
-0.3045,0.2952,9.8287,4.5214,3.2763,0.2647,-0.2351,0.318,9.8456,1978,0,0.15370659276867144,0.0,0.026652119083368876
-0.5302,-0.1533,9.5182,-1.3227,1.9047,5.5845,-0.5607,-0.1406,9.5927,1979,0,0.15370659276867144,0.0,0.0170339125081601
-0.211,-0.255,9.6256,-1.4061,-2.905,7.0192,-0.2995,-0.2435,9.7195,1980,0,0.15314501477372658,0.0,0.010620869029899232
-0.2308,0.0264,9.6024,-2.5775,-0.2101,-1.5694,-0.221,-0.0316,9.5934,1981,0,0.15370659276867144,0.0,0.01758478155648674
0.0549,-0.1282,9.8755,-3.2088,0.4774,-3.3108,0.0481,-0.1391,9.8796,1982,0,0.15370659276867144,0.0,0.02694364816257661
-0.0984,-0.5771,10.0619,1.1772,-0.9216,1.5039,-0.1106,-0.5057,10.1432,1983,0,0.15370659276867144,0.0,0.019437648799131145
-0.3294,-0.0591,10.0281,-1.7323,-0.5655,3.2212,-0.414,-0.0595,9.9543,1984,0,0.15370659276867144,0.0,0.03198682467473361
-0.3743,-0.3438,9.6046,-2.1458,-3.2325,0.3285,-0.4353,-0.3541,9.5472,1985,0,0.15370659276867144,0.0,0.05806004724722541
-0.3556,0.4352,9.7592,0.6407,1.4375,-0.7579,-0.377,0.3911,9.8305,1986,0,0.15370659276867144,0.0,0.041214974814627985
0.2527,-0.5756,9.5071,-0.0178,1.5427,-3.1496,0.2409,-0.5062,9.4607,1987,0,0.15370659276867144,0.0,0.036351041726092694
-0.2238,-0.2956,9.9666,-0.3816,2.2632,-2.1137,-0.259,-0.3334,10.0029,1988,0,0.15370659276867144,0.0,0.03639626136433559
-0.1082,0.434,9.5034,0.4021,0.2769,-0.0429,-0.0976,0.4891,9.4937,1989,0,0.15370659276867144,0.0,0.03611848358655781
0.1757,-0.0253,9.6029,3.9184,-0.0916,-2.3648,0.2085,-0.0225,9.5515,1990,0,0.15370659276867144,0.0,0.052561299008433114
0.0283,0.3335,9.6874,-9.6181,1.0878,2.0297,0.0038,0.3258,9.6725,1991,0,0.14464606485716175,0.0,0.033818008970134865
-0.1257,0.0326,9.8284,3.5488,1.8563,1.7132,-0.0729,0.0766,9.8925,1992,0,0.15370659276867144,0.0,0.034417503525854716
-0.0217,0.1061,9.7997,0.4579,4.7512,-0.1466,-0.0529,0.0834,9.7529,1993,0,0.15370659276867144,0.0,0.03401998922323093
0.1451,0.2094,9.7001,0.1721,0.3626,-2.9829,0.1154,0.1994,9.6984,1994,0,0.15370659276867144,0.0,0.033624939111955514
0.0277,0.229,9.9444,0.5613,1.6442,2.3786,0.0106,0.2841,9.8731,1995,0,0.15370659276867144,0.0,0.03962493911195551
-0.5108,0.1695,9.711,2.6923,-3.9125,-3.0705,-0.4834,0.1971,9.756,1996,0,0.15370659276867144,0.0,0.03386262290762021
0.0297,0.6392,9.9919,-2.7139,-2.7031,-1.3537,-0.0367,0.611,10.0944,1997,0,0.15318370441863025,0.0,0.04453962549159954
-0.5682,0.368,9.4854,1.7757,0.3348,-5.6884,-0.6452,0.4158,9.4225,1998,0,0.152968620356603,0.0,0.04540704408807802
-0.0386,-0.3193,9.8205,1.6336,-2.558,4.438,-0.014,-0.3089,9.8301,1999,0,0.15370659276867144,0.0,0.05484100635222895
0.2352,0.0627,10.0205,-4.7966,-3.8653,3.598,0.2121,0.003,10.0041,2000,0,0.15370659276867144,0.0,0.05484100635222895
0.2901,-0.4226,9.7261,-3.3704,-7.0455,-7.7961,0.2931,-0.446,9.7442,2001,0,0.1513820962181484,0.0,0.033575237131567126
0.0591,-0.4335,10.0196,2.1632,1.8491,-5.3851,0.0665,-0.4584,9.9947,2002,0,0.15370659276867144,0.0,0.05357523713156713
-0.4281,-0.0979,10.0465,4.8656,-1.8845,1.7839,-0.3899,-0.0299,10.0402,2003,0,0.15370659276867144,0.0,0.048739188677097624
-0.0004,0.4288,9.9299,3.4375,-3.7388,-2.7959,0.0236,0.3821,9.8737,2004,0,0.15370659276867144,0.0,0.058739188677097626
0.1644,0.248,9.8193,-3.1991,0.7895,-2.78,0.1583,0.3958,9.8094,2005,0,0.15370659276867144,0.0,0.04427895049038997
0.1487,-0.2612,9.711,-2.1,1.4062,-1.2203,0.2045,-0.2491,9.6517,2006,0,0.15370659276867144,0.0,0.06873918867709762
0.1371,0.4081,9.696,0.4322,4.288,-0.9092,0.1898,0.434,9.7225,2007,0,0.15370659276867144,0.0,0.05408296719854576
0.0644,0.4565,9.9331,1.736,2.5771,2.8863,0.1282,0.5229,9.9224,2008,0,0.15370659276867144,0.0,0.08401927013358103
0.1446,-0.1544,9.7245,2.4351,-0.7966,2.5077,0.1625,-0.2111,9.6901,2009,0,0.15370659276867144,0.0,0.030183357572106377
-0.2485,-0.201,9.3226,0.2067,-0.8528,2.956,-0.2755,-0.2812,9.3853,2010,0,0.14494969684124306,0.0,0.010183357572106375
0.0873,-0.3991,9.6203,-1.3838,0.165,-0.1328,0.095,-0.3305,9.4815,2011,0,0.15370659276867144,0.0,0.02006756756756757
0.1631,0.1995,9.5895,1.6851,3.4959,-0.8069,0.1345,0.2331,9.5415,2012,0,0.15370659276867144,0.0,0.0165673883935861
-0.2645,0.2564,9.7258,2.0446,0.4389,-0.5299,-0.2609,0.2848,9.7566,2013,0,0.15370659276867144,0.0,0.006634955961153669
-0.3478,-0.2192,9.8324,2.8766,-2.4248,0.9469,-0.3711,-0.1863,9.8198,2014,0,0.15370659276867144,0.0,0.01163495596115367
0.2278,0.11,9.7944,1.8675,-1.9197,-0.588,0.1711,0.1438,9.7712,2015,0,0.15370659276867144,0.0,0.01174876109564529
0.3436,-0.0524,9.8387,-2.3305,1.1751,-3.1549,0.2438,-0.2247,9.8439,2016,0,0.15370659276867144,0.0,0.01190340027090302
-0.1073,-0.0785,9.8007,1.7475,-1.6333,1.193,-0.0716,-0.06,9.7372,2017,0,0.15370659276867144,0.0,0.01190340027090302
-0.0339,0.2028,9.742,-1.2491,-3.4765,-5.5577,-0.1084,0.2377,9.7365,2018,0,0.15370659276867144,0.0,0.012706319978932217
0.3164,0.2432,9.9944,-3.1215,4.4801,1.0308,0.3062,0.2115,10.0605,2019,0,0.15370659276867144,0.0,0.0019034002709030198
0.357,-0.45,9.8494,4.9202,2.1612,3.5906,0.4858,-0.3836,9.8365,2020,0,0.15370659276867144,0.0,0.0016747965986038677
-0.6179,0.1375,9.8371,-4.1457,-3.9242,-0.3804,-0.5582,0.1259,9.8665,2021,0,0.1537691488359536,0.0,0.021750745965692472
-0.1675,-0.3092,9.6795,-1.1217,-3.8457,-0.6021,-0.1204,-0.3175,9.6444,2022,0,0.15370659276867144,0.0,0.021750745965692472
0.0332,-0.1748,9.6195,-1.7404,-2.3212,5.401,0.0668,-0.1831,9.7813,2023,0,0.15370659276867144,0.0,0.020790293988291342
-0.4104,-0.0793,9.8167,0.9476,0.1459,-0.2579,-0.4206,-0.0574,9.8065,2024,0,0.15370659276867144,0.0,0.03262763017076309
-0.5764,0.4515,9.6934,2.7388,-1.7521,-0.8037,-0.6024,0.4839,9.701,2025,0,0.15370659276867144,0.0,0.030824417847882563
-0.0195,0.0449,9.8678,-2.037,1.6362,1.3824,-0.1028,-0.0344,9.8129,2026,0,0.15370659276867144,0.0,0.03139395201993289
-0.2985,0.6094,9.8874,3.3554,2.9077,-1.5888,-0.3898,0.5666,9.8707,2027,0,0.15355074445237718,0.0,0.03139395201993289
-0.1176,-0.4641,9.7957,-4.6362,1.3146,-0.5643,-0.0663,-0.4413,9.7312,2028,0,0.15370659276867144,0.0,0.031020401139726796
-0.516,-0.0179,9.3934,0.189,3.5573,6.6348,-0.4978,0.0059,9.4393,2029,0,0.14916291615383062,0.0,0.03139395201993289
0.1061,0.0551,9.9102,1.35,1.6952,0.8521,0.0505,0.0905,9.9153,2030,0,0.15370659276867144,0.0,0.046357843290294486
-0.1071,-0.4591,10.0881,-3.2693,-0.7462,1.2353,-0.2079,-0.4935,10.0988,2031,0,0.15370659276867144,0.0,0.04518137270205919
0.1075,-0.0796,9.1797,-2.5751,2.3525,-2.0852,0.0926,-0.1124,9.1389,2032,0,0.07872275388199455,0.0,0.036283878793253066
0.3148,0.1358,9.7142,-2.011,0.0878,-5.5148,0.2838,0.0374,9.6683,2033,0,0.15370659276867144,0.0,0.03738321965954308
0.1491,-0.1913,9.7441,-1.8014,2.4266,-1.4006,0.1423,-0.2551,9.7534,2034,0,0.15370659276867144,0.0,0.02738321965954308
-0.4044,-0.3088,9.798,-0.409,-0.0278,1.9035,-0.3837,-0.347,9.8749,2035,0,0.15370659276867144,0.0,0.03238321965954308
-0.206,0.3682,9.8258,4.7618,-3.3246,1.2211,-0.1924,0.4782,9.7475,2036,0,0.15370659276867144,0.0,0.032244330770654195
0.7395,-0.4197,10.0611,0.6721,-3.9602,-1.4502,0.7218,-0.4126,10.0847,2037,0,0.15557955017382005,0.0,0.053413473260199885
0.475,-0.2378,9.6884,-5.887,0.5727,-1.0843,0.4823,-0.2468,9.6919,2038,0,0.15370659276867144,0.0,0.05492782163238813
-0.274,0.3407,9.8187,2.5807,-3.6575,1.4986,-0.2027,0.3583,9.7581,2039,0,0.15370659276867144,0.0,0.04936178389653907
-0.3842,-0.3675,9.9502,-3.252,-0.4809,-5.3788,-0.3429,-0.3278,9.9288,2040,0,0.15370659276867144,0.0,0.03480303744601816
-0.8635,0.4091,10.0226,-2.2413,1.2622,-0.9551,-0.8574,0.3925,10.1173,2041,0,0.17218375930696062,0.0,0.0425091332154871
0.0097,0.0229,9.8002,-2.5051,1.884,1.698,-0.038,0.0435,9.733,2042,0,0.15370659276867144,0.0,0.0425091332154871
0.2572,-0.2109,9.7033,-1.9185,-3.6101,1.286,0.2402,-0.2363,9.7049,2043,0,0.15370659276867144,0.0,0.032509133215487096
-0.6917,0.7495,9.2395,-0.4995,-3.2785,-0.5183,-0.6787,0.7294,9.2569,2044,0,0.09633518115450704,0.0,0.051027485828141754
0.2665,0.486,9.7363,-0.0881,-0.3963,2.7896,0.2613,0.4772,9.6631,2045,0,0.15370659276867144,0.0,0.041067326465591955
0.0617,-0.3923,9.9379,-1.0766,3.2893,-1.6962,0.0885,-0.399,9.9513,2046,0,0.15370659276867144,0.0,0.04243318384839849
-0.7467,0.8176,10.0201,7.2317,-2.3179,0.0548,-0.8164,0.9256,10.0235,2047,1,0.09303151474458676,0.0,0.05935508364605707
-0.1194,0.0735,9.8853,2.6551,5.3255,-0.2128,-0.0512,0.0756,9.8763,2048,0,0.15370659276867144,0.0,0.05935508364605707
-0.4069,0.0534,9.5916,-3.5892,1.2763,-1.3764,-0.3704,0.0694,9.6327,2049,0,0.15370659276867144,0.0,0.06952111914901565
0.4814,0.286,9.4982,-3.3563,1.6985,0.5089,0.4664,0.2607,9.4661,2050,0,0.15370659276867144,0.0,0.0899520985714302
0.337,0.3864,10.0538,-2.7069,-1.4335,7.2904,0.4171,0.4073,10.0683,2051,0,0.1521658999878518,0.0,0.0337639399365437
0.529,-0.4427,9.6923,2.3514,1.0862,-4.1247,0.5669,-0.435,9.6571,2052,0,0.15370659276867144,0.0,0.0423391287763976
0.3604,0.4888,9.8326,2.642,1.4163,-1.7843,0.4008,0.4909,9.831,2053,0,0.15370659276867144,0.0,0.04221799822458064
-0.5625,0.2027,9.9351,0.2049,3.2844,5.8447,-0.5573,0.1998,9.9113,2054,0,0.15370659276867144,0.0,0.056574497581079984
-0.0211,-0.2321,9.6295,-2.1661,5.3436,-2.8461,-0.082,-0.2041,9.6878,2055,0,0.15370659276867144,0.0,0.056574497581079984
-0.3746,0.0978,9.9697,-2.1727,2.3405,-2.9155,-0.3742,0.1104,9.9495,2056,0,0.15370659276867144,0.0,0.04657449758107999
-0.5267,-0.5671,10.0667,0.6119,2.2419,-0.0558,-0.5337,-0.6089,9.97,2057,0,0.15360476376730087,0.0,0.03657449758107999
0.0009,0.1137,9.6592,2.0807,-1.705,-2.6993,0.042,0.0899,9.6624,2058,0,0.15370659276867144,0.0,0.04657449758107999
-0.2818,0.3828,9.6912,4.311,-3.3754,1.4001,-0.303,0.3676,9.7041,2059,0,0.15370659276867144,0.0,0.04657449758107999
-0.1681,0.3814,9.8761,0.5701,0.3666,1.9177,-0.1662,0.3862,9.9437,2060,0,0.15370659276867144,0.0,0.06657449758107999
0.2038,0.1528,9.9962,-6.5516,-2.3593,-1.6445,0.2256,0.0216,10.0742,2061,0,0.15370659276867144,0.0,0.052089370293340896
0.3976,-0.156,9.4971,-3.5315,-1.4445,3.9908,0.4157,-0.2426,9.5215,2062,0,0.15370659276867144,0.0,0.04674053308403857
-0.3549,-0.2443,9.6981,-2.2365,-0.3315,1.4071,-0.3931,-0.1219,9.695,2063,0,0.15370659276867144,0.0,0.03674053308403857
-0.2858,-0.0413,10.0011,1.3354,0.5489,0.2774,-0.2913,-0.0663,10.0288,2064,0,0.15370659276867144,0.0,0.04674053308403857
0.2189,0.203,9.7702,2.3242,3.419,-4.4575,0.2804,0.1963,9.7502,2065,0,0.15370659276867144,0.0,0.03674053308403857
-0.1645,-0.2815,9.9352,-2.4863,-1.2918,6.4663,-0.1489,-0.2188,10.0101,2066,0,0.15314501477372658,0.0,0.026740533084038568
-0.4893,0.551,9.984,-1.7171,-4.0317,5.0177,-0.5025,0.5413,9.9256,2067,0,0.15355074445237718,0.0,0.02512762985823212
-0.1709,0.521,9.4674,3.9878,5.7725,1.5924,-0.2439,0.6622,9.4828,2068,0,0.1517340426588485,0.0,0.02072096319156545
-0.6025,0.4671,9.7542,3.8939,-3.1115,1.7594,-0.6207,0.4778,9.7038,2069,0,0.15370659276867144,0.0,0.02488762985823212
0.0117,-0.4716,10.0096,-0.4542,-2.3602,3.3598,-0.0262,-0.4584,10.0344,2070,0,0.15370659276867144,0.0,0.026500533084038567
-0.1001,-0.2851,9.7883,-1.5556,-4.7396,-2.9025,-0.022,-0.2318,9.7285,2071,0,0.15370659276867144,0.0,0.024961594355273536
-0.0343,-0.0808,9.5422,3.2672,3.2123,-1.3054,-0.0647,0.064,9.5973,2072,0,0.15370659276867144,0.0,0.02488762985823212
0.0476,0.1928,9.605,-1.9988,1.6127,1.1042,0.044,0.2093,9.5264,2073,0,0.15370659276867144,0.0,0.026500533084038567
0.3358,-0.1827,9.721,0.0097,-4.4237,2.3561,0.3574,-0.3703,9.7188,2074,0,0.15370659276867144,0.0,0.03488762985823212
0.4158,-0.3684,9.8313,3.1899,-2.7861,0.397,0.3708,-0.3334,9.8931,2075,0,0.15370659276867144,0.0,0.03519066016126242
0.1842,0.3261,9.8562,1.3442,0.6868,0.1287,0.2088,0.3384,9.8085,2076,0,0.15370659276867144,0.0,0.02519066016126242
0.5184,0.0218,9.9307,-4.6477,-2.7261,5.3796,0.5169,0.0281,9.9575,2077,0,0.15370659276867144,0.0,0.02531179071307938
0.0092,-0.3548,9.8912,3.0805,-3.0617,-2.5588,-0.0198,-0.3631,9.8408,2078,0,0.15370659276867144,0.0,0.03488762985823212
0.4128,-0.1115,9.7652,-0.8056,5.4176,3.2888,0.5096,-0.1233,9.8103,2079,0,0.15370659276867144,0.0,0.02500876041004908
-0.6293,-0.1329,9.6204,-2.5121,5.1848,-1.6455,-0.7291,-0.1666,9.6215,2080,0,0.1344815207646234,0.0,0.02072096319156545
-0.0653,0.0033,9.7023,-2.9528,-5.1245,-3.0506,-0.055,0.073,9.6627,2081,0,0.15370659276867144,0.0,0.04072096319156545
0.0788,0.3745,9.6242,-2.0352,-0.7336,0.8641,0.063,0.3716,9.5893,2082,0,0.15370659276867144,0.0,0.014357326827929087
0.1633,0.1155,9.9021,-2.9927,-1.3875,2.6685,0.1455,0.0948,9.958,2083,0,0.15370659276867144,0.0,0.03435732682792909
0.4151,-0.0518,9.9013,0.8272,-3.8829,-5.1879,0.4073,-0.1108,9.8921,2084,0,0.15370659276867144,0.0,0.004357326827929088
-0.0106,0.4316,9.7899,-6.5614,4.5264,2.1254,0.0444,0.4708,9.813,2085,0,0.15370659276867144,0.0,0.004357326827929088
0.0883,0.2259,9.7952,0.0574,2.104,6.6324,0.1202,0.197,9.7284,2086,0,0.15314501477372658,0.0,0.004357326827929088
-0.1562,0.1467,9.7624,0.2059,3.332,0.1617,-0.1468,0.1401,9.7499,2087,0,0.15370659276867144,0.0,0.025089034145002256
-0.0148,-0.0353,10.0965,4.4164,1.8971,1.9312,-0.0089,-0.0272,10.0867,2088,0,0.15370659276867144,0.0,0.011452670508638622
-0.464,-0.2831,9.7708,3.7934,2.0034,-0.6294,-0.4608,-0.2838,9.8156,2089,0,0.15370659276867144,0.0,0.011452670508638622
0.0096,-0.0312,9.8445,4.7955,1.9716,1.2543,-0.0533,-0.0211,9.8341,2090,0,0.15370659276867144,0.0,0.02145267050863862
0.6547,0.3383,10.0178,5.0373,2.9858,2.9591,0.6558,0.3435,10.0721,2091,0,0.1543824077804389,0.0,0.010720963191565451
0.0494,-0.3538,9.6692,-0.1578,-2.0439,-5.5954,0.1034,-0.3807,9.6775,2092,0,0.15370659276867144,0.0,0.010720963191565451
-0.0725,0.2054,9.7732,0.6422,0.4303,-3.5948,-0.1001,0.324,9.8804,2093,0,0.15370659276867144,0.0,0.010720963191565451
-0.0367,0.2631,9.778,1.6327,-3.5675,-1.2467,-0.0013,0.3027,9.7214,2094,0,0.15370659276867144,0.0,0.010720963191565451
-0.2285,-0.0811,10.0416,4.6055,-4.6582,-2.5787,-0.1626,-0.0574,10.0632,2095,0,0.15370659276867144,0.0,0.01094953462013688
-0.5186,-0.2484,10.0697,0.867,-1.2034,1.9732,-0.4923,-0.2315,10.0589,2096,0,0.15370659276867144,0.0,0.010720963191565451
-0.0956,0.4289,9.5236,0.8718,6.0836,-0.0929,-0.0388,0.4039,9.4836,2097,0,0.15370659276867144,0.0,0.0002690467095196497
0.373,0.082,9.8412,4.2518,2.182,3.6906,0.4375,0.0757,9.8215,2098,0,0.15370659276867144,0.0,0.0002690467095196497
0.1251,-0.3334,9.698,-0.9641,3.9788,-4.4131,0.1582,-0.3368,9.6708,2099,0,0.15370659276867144,0.0,0.0002690467095196497
-0.1917,0.6156,9.7139,-2.2906,1.9857,-1.5231,-0.1877,0.5648,9.7117,2100,0,0.15355074445237718,0.0,0.0002690467095196497
0.2918,0.0124,9.7939,-1.5203,-0.2513,1.9782,0.2768,0.0189,9.844,2101,0,0.15370659276867144,0.0,0.0002690467095196497
0.2586,0.7389,10.3004,-4.0857,4.4748,1.2786,0.3473,0.7214,10.3109,2102,0,0.1376801918664353,0.0,0.01162608585045219
0.2681,0.1752,9.934,0.5271,-1.9361,2.0105,0.323,0.2082,9.936,2103,0,0.15370659276867144,0.0,0.01162608585045219
0.3151,0.3747,9.6618,-0.3994,-0.0768,2.9859,0.2793,0.3393,9.7117,2104,0,0.15370659276867144,0.0,0.0016260858504521898
0.2672,-0.4031,9.243,0.1411,-3.4051,0.6558,0.3424,-0.3918,9.2934,2105,0,0.12604141074066488,0.0,0.0016260858504521898
-0.0008,-0.6135,9.629,-0.255,2.257,1.8301,0.0064,-0.6294,9.6355,2106,0,0.15199271031478814,0.0,0.0016260858504521898
0.1696,0.1183,9.8509,-5.6204,3.4241,-1.1626,0.129,0.0793,9.8637,2107,0,0.15370659276867144,0.0,0.0016260858504521898
-0.0756,-0.3929,10.1346,-2.2173,1.306,3.7341,-0.0355,-0.3532,10.1896,2108,0,0.1533321728497886,0.0,0.0016260858504521898
0.0178,0.6389,9.8389,-6.2224,2.1438,-4.3765,-0.0303,0.6381,9.9132,2109,0,0.15309497375261916,0.0,0.0016260858504521898
0.4533,-0.1127,9.7814,-0.7663,-0.6236,-4.9546,0.509,-0.0856,9.818,2110,0,0.15370659276867144,0.0,0.01162608585045219
-0.6511,0.3273,9.7495,1.6642,-1.7906,1.6826,-0.6821,0.379,9.6977,2111,0,0.15157625942171196,0.0,0.0016260858504521898
-0.1003,0.0486,9.409,3.1936,3.4073,-1.7209,-0.0818,0.075,9.3085,2112,0,0.13461131934075468,0.0,0.0016260858504521898
-0.0116,0.3501,9.6977,2.3779,2.3588,-2.7321,-0.1145,0.3532,9.6484,2113,0,0.15370659276867144,0.0,0.0016260858504521898
-0.1843,0.4853,9.5789,-0.8915,1.1686,-0.3879,-0.2721,0.4455,9.5568,2114,0,0.15370659276867144,0.0,0.0016260858504521898
0.505,0.1948,10.1224,4.3193,-0.5675,3.6657,0.5422,0.2185,10.1214,2115,0,0.15370659276867144,0.0,0.0016260858504521898
-0.0559,-0.1606,9.7823,0.0359,2.3881,2.0236,-0.0633,-0.1621,9.82,2116,0,0.15370659276867144,0.0,0.0016260858504521898
-0.2409,-0.4694,9.8156,1.3809,0.423,-2.1343,-0.2099,-0.4094,9.8037,2117,0,0.15370659276867144,0.0,0.0015862452130019904
0.0821,0.0932,9.9541,-0.6546,2.306,0.8148,0.0066,0.1009,10.0804,2118,0,0.15370659276867144,0.0,0.0016260858504521898
0.5857,-0.0536,9.8331,-1.2743,2.8043,2.8645,0.608,-0.0316,9.9198,2119,0,0.15522247095773994,0.0,0.011700050347493609
0.5072,0.2269,9.6574,3.7892,0.9962,-1.5401,0.552,0.2551,9.6292,2120,0,0.15370659276867144,0.0,0.0016260858504521898
0.218,0.0379,9.7337,1.5376,-2.4077,1.3257,0.2373,0.059,9.6598,2121,0,0.15370659276867144,0.0,0.0023851799472094375
0.1455,0.0946,9.8463,3.3717,-5.7858,0.6073,0.2329,0.1242,9.8973,2122,0,0.15370659276867144,0.0,0.0035797745418040313
0.3444,-0.2901,10.0341,-1.7433,1.809,-0.3375,0.435,-0.2523,10.1555,2123,0,0.15370659276867144,0.0,0.0019797745418040314
0.5519,0.186,10.0005,-1.8013,-1.3739,-3.9255,0.5371,0.2697,9.9824,2124,0,0.15361879978792273,0.0,0.0019399339043538325
0.1347,0.3964,10.0024,2.958,4.8036,0.5677,0.1013,0.4251,9.9669,2125,0,0.15370659276867144,0.0,0.0015862452130019904
-0.3376,0.3942,9.7383,-1.4774,3.2704,-1.1224,-0.3074,0.4281,9.6775,2126,0,0.15370659276867144,0.0,0.0015862452130019904
0.0551,-0.6451,10.0237,3.734,1.6648,1.153,0.0655,-0.608,10.0342,2127,0,0.15359223705380823,0.0,0.002536948829726967
0.0524,-0.7372,9.81,-2.9416,-1.3766,1.0657,0.095,-0.7319,9.8079,2128,0,0.1515905335420597,0.0,0.0030943520232232812
-0.344,0.2746,10.0187,-4.2985,0.5698,1.1242,-0.2818,0.2482,10.0127,2129,0,0.15370659276867144,0.0,0.0025371777353003456
0.173,-0.8318,9.8762,3.7057,-0.5398,-0.092,0.1601,-0.8053,9.8475,2130,0,0.14892789597971381,0.0,0.004413270626686901
0.3082,0.2839,9.5356,-0.7606,-2.4622,4.7566,0.2441,0.2518,9.5554,2131,0,0.15370659276867144,0.0,0.006438856980631465
0.5343,0.3441,9.8466,-1.503,-0.9792,-4.0135,0.5022,0.4371,9.7761,2132,0,0.15370659276867144,0.0,0.005284438861762015
-0.0762,-0.1221,9.9327,0.0768,3.7504,-3.995,-0.08,-0.1656,9.9237,2133,0,0.15370659276867144,0.0,0.005284438861762015
0.5008,0.2252,9.4782,3.7183,-3.2039,-0.8883,0.4104,0.2312,9.4696,2134,0,0.15370659276867144,0.0,0.006438856980631465
0.1803,-0.0691,9.4263,7.2599,-0.9591,2.6166,0.1154,-0.0735,9.48,2135,0,0.1497605686883044,0.0,0.006438856980631465
0.038,-0.9459,9.8384,4.3227,-1.8196,-0.8255,0.0787,-0.8965,9.8334,2136,0,0.10332599497463456,0.0,0.028491370746634704
0.064,-0.261,9.7897,3.5478,-3.9748,2.2563,0.0757,-0.2309,9.7417,2137,0,0.15370659276867144,0.0,0.008467274361092531
0.0298,0.9962,9.7285,3.7981,-2.0311,5.3679,-0.0118,0.9436,9.7629,2138,0,0.09206394134835755,0.0,0.00820085481947709
-0.1662,-0.5113,10.0985,-0.3749,-1.8686,2.4793,-0.2148,-0.5627,10.0378,2139,0,0.15360476376730087,0.0,0.00992369755941976
0.205,-0.1413,9.75,3.2269,-0.1392,1.6781,0.271,-0.113,9.7232,2140,0,0.15370659276867144,0.0,0.00992369755941976
-0.2329,-0.1465,9.5477,-8.2227,2.2608,2.1366,-0.2132,-0.1588,9.5426,2141,0,0.14643652055760106,0.0,0.009162541219905212
-0.3802,0.3612,9.7958,-3.4059,-2.9722,0.1136,-0.4296,0.3425,9.8095,2142,0,0.15370659276867144,0.0,0.018200854819477093
0.2593,0.3118,9.8084,-1.0051,-1.8479,2.0065,0.2173,0.2739,9.7664,2143,0,0.15370659276867144,0.0,0.01932668263404663
0.1639,0.3076,9.8934,-0.5852,6.7329,-2.5683,0.1492,0.2549,9.8936,2144,0,0.15370659276867144,0.0,0.01932668263404663
0.2794,0.263,10.0359,-0.2309,0.9315,0.0391,0.1943,0.1546,10.0549,2145,0,0.15370659276867144,0.0,0.03932668263404662
-0.5471,0.014,10.0476,0.1785,1.6894,-2.5798,-0.6207,-0.0373,10.0588,2146,0,0.15370659276867144,0.0,0.02962942624804852
-0.5208,0.4098,9.6095,-5.5515,-2.447,0.2669,-0.5838,0.455,9.5794,2147,0,0.15370659276867144,0.0,0.02820085481947709
-0.0585,-0.1424,9.6162,4.4198,-5.4269,-0.7529,-0.0496,-0.1304,9.639,2148,0,0.15370659276867144,0.0,0.02820085481947709
0.1018,0.444,9.7841,-4.3583,4.0966,1.1608,0.1883,0.4218,9.841,2149,0,0.15370659276867144,0.0,0.02820085481947709
-0.2604,-0.0872,10.0391,-2.1501,-0.0576,1.1409,-0.2934,-0.041,10.0833,2150,0,0.15370659276867144,0.0,0.018200854819477093
0.3118,0.0292,9.7789,1.8741,-0.7799,2.1793,0.3153,0.1216,9.8476,2151,0,0.15370659276867144,0.0,0.018200854819477093
0.0991,-0.2165,9.9332,3.2911,2.6352,-1.4305,0.0639,-0.1977,9.8817,2152,0,0.15370659276867144,0.0,0.01860816239659599
-0.1014,-0.4338,9.9107,-0.6946,2.5721,-0.0307,-0.1069,-0.4917,9.8514,2153,0,0.15370659276867144,0.0,0.038608162396595994
0.1107,-0.4663,10.0653,1.4056,1.4653,-1.4493,0.1119,-0.5952,10.1177,2154,0,0.15360476376730087,0.0,0.03795881174724534
-0.3315,-0.1609,9.8993,4.1516,0.3079,0.4749,-0.4363,-0.2552,9.857,2155,0,0.15370659276867144,0.0,0.020384947560477925
-0.1549,-0.429,9.9061,-2.0356,-2.101,-3.5384,-0.1418,-0.4859,9.8881,2156,0,0.15370659276867144,0.0,0.03022621740174777
0.7328,-0.4351,9.687,-1.3268,-4.2904,0.1699,0.7478,-0.3799,9.6553,2157,0,0.14364295833564864,0.0,0.02038494756047793
-0.4958,0.1152,9.6164,-8.5028,-5.2868,6.5618,-0.4887,0.0706,9.6086,2158,0,0.14437881099775324,0.0,0.042433147967926896
0.1574,0.2059,9.7036,0.1933,2.0482,-5.2423,0.1549,0.2455,9.6874,2159,0,0.15370659276867144,0.0,0.02243314796792689
0.3211,0.2605,9.9923,-2.1082,0.5194,0.6036,0.3019,0.321,9.9589,2160,0,0.15370659276867144,0.0,0.02243314796792689
0.1088,0.2978,9.9744,0.7765,-2.6743,-4.2219,0.0549,0.2328,10.0059,2161,0,0.15370659276867144,0.0,0.021869012403791327
0.4717,0.1991,9.676,-5.3033,-3.2269,-3.7722,0.4667,0.2966,9.6849,2162,0,0.15370659276867144,0.0,0.030854768410487458
0.0428,0.0197,9.8827,1.0601,-0.3725,-3.1578,0.0325,0.1025,9.8961,2163,0,0.15370659276867144,0.0,0.030854768410487458
-0.2876,0.0677,9.96,1.2238,-3.4547,-1.6145,-0.2781,0.0292,9.9724,2164,0,0.15370659276867144,0.0,0.0506960382517573
-0.2355,-0.0232,9.8269,-4.2843,-0.0108,-2.5264,-0.2118,-0.0117,9.8086,2165,0,0.15370659276867144,0.0,0.030008109320843773
0.2441,-0.1785,10.1573,-1.7834,-1.1871,-4.6015,0.2497,-0.1114,10.0231,2166,0,0.15370659276867144,0.0,0.020857250203474908
0.2798,-0.4071,9.7932,-3.0841,-0.2723,0.662,0.2374,-0.3614,9.854,2167,0,0.15370659276867144,0.0,0.020857250203474908
0.1426,0.4348,10.1203,1.3253,-0.098,1.4161,0.0788,0.4626,10.1583,2168,0,0.15370659276867144,0.0,0.01101598036220507
-0.1233,-0.6505,9.514,-1.7186,-2.7405,2.9299,-0.0894,-0.5974,9.4832,2169,0,0.15359223705380823,0.0,0.03073611965165795
-0.1788,0.0768,9.9075,-0.2053,-0.8444,3.1028,-0.193,0.0985,10.0003,2170,0,0.15370659276867144,0.0,0.030712023266115787
-0.6419,-0.389,9.7616,-1.1656,-2.1642,-3.2115,-0.67,-0.4714,9.7405,2171,0,0.1533665032347707,0.0,0.030736119651657953
-0.0811,-0.0127,10.0507,1.7858,-1.5435,-2.9495,-0.1107,-0.0366,9.9825,2172,0,0.15370659276867144,0.0,0.051333134577031085
0.7734,0.1951,9.6465,-1.8022,3.3379,-0.3155,0.7893,0.1486,9.7092,2173,0,0.15575691833195587,0.0,0.03021380168345649
0.2508,0.6724,9.9901,-0.5399,-6.3893,3.814,0.1979,0.6062,9.8931,2174,0,0.15318370441863025,0.0,0.030055071524726334
0.3007,-0.2637,9.8619,0.0285,-1.8088,-6.788,0.3342,-0.2887,9.867,2175,0,0.1532405209942328,0.0,0.0194580565993532
-0.2156,-0.1097,9.993,0.4793,0.4525,-1.6314,-0.2608,-0.1803,9.907,2176,0,0.15370659276867144,0.0,0.0294580565993532
-0.0261,0.306,10.0708,-0.3149,0.856,-3.1904,0.0649,0.3108,10.1344,2177,0,0.15370659276867144,0.0,0.035871100077614064
0.341,0.4415,9.8725,-5.3397,0.6769,-4.2093,0.2988,0.3644,9.844,2178,0,0.15370659276867144,0.0,0.035871100077614064
0.2322,-0.107,9.8001,-1.9228,4.9737,-0.3229,0.2777,-0.1413,9.7323,2179,0,0.15370659276867144,0.0,0.04603339443065986
-0.3167,0.0532,9.2786,-0.7118,5.554,1.3262,-0.3673,0.0265,9.3417,2180,0,0.13596163969137579,0.0,0.018438825881622278
-0.0249,-0.2266,10.0195,4.9102,5.6731,0.2812,-0.0625,-0.2055,10.0851,2181,0,0.15370659276867144,0.0,0.021427089300572102
-0.0333,-0.1896,9.9315,-2.4204,-1.0353,0.3924,-0.0173,-0.229,9.845,2182,0,0.15370659276867144,0.0,0.018397662080393437
-0.0184,-0.3026,9.8652,5.0476,-10.7494,-0.8427,0.06,-0.2846,9.8967,2183,0,0.14666985073059519,0.0,0.011645022945251066
-0.1391,0.2485,10.0321,1.8523,-2.0335,-0.1146,-0.1486,0.2571,10.0593,2184,0,0.15370659276867144,0.0,0.03187758108478596
-0.304,0.0664,9.8988,-0.6467,1.3285,-3.6172,-0.2535,0.0341,9.8971,2185,0,0.15370659276867144,0.0,0.02475278838163504
0.0211,0.2492,9.9129,3.0694,-2.0191,-6.769,0.0681,0.3328,9.9726,2186,0,0.1532405209942328,0.0,0.011116424745271403
0.0595,0.163,9.8206,-0.3149,3.0277,1.2245,-0.0165,0.1461,9.8697,2187,0,0.15370659276867144,0.0,0.011370733957281214
0.0988,0.4011,10.0331,-0.1281,-1.5308,-2.588,0.0923,0.4155,10.0988,2188,0,0.15370659276867144,0.0,0.011215130870828826
0.1986,0.1538,9.814,-3.203,1.76,2.4102,0.222,0.2119,9.7506,2189,0,0.15370659276867144,0.0,0.0010762419819399368
-0.3344,-0.0287,9.5027,0.7623,5.83,4.2249,-0.3589,-0.0367,9.5617,2190,0,0.15370659276867144,0.0,0.0011752902333786264
-0.0558,0.0694,9.712,-3.1215,-0.9466,7.96,0.0166,0.0812,9.6799,2191,0,0.14841729206857712,0.0,0.0011006384893872915
-0.0596,0.262,9.8373,-2.1859,0.4515,1.832,-0.1515,0.2373,9.8348,2192,0,0.15370659276867144,0.0,0.002139780274957546
0.2764,0.1904,9.6157,2.36,2.5081,-1.0198,0.2763,0.2278,9.634,2193,0,0.15370659276867144,0.0,3.9840637450199205e-05
0.2577,0.0801,9.882,-4.4396,-0.9736,2.6511,0.1898,0.1053,9.8811,2194,0,0.15370659276867144,0.0,0.0011549317901090612
0.0718,-0.0625,9.8112,1.6477,-2.7083,4.688,0.0493,0.0197,9.8091,2195,0,0.15370659276867144,0.0,0.0017064353802426497
0.7527,0.4409,9.8948,-0.4692,-4.0169,-0.6887,0.7829,0.4211,9.8571,2196,0,0.15518943482295416,0.0,0.0007459834028415196
0.367,-0.0366,9.9784,2.1965,-3.6277,-1.9047,0.461,0.0279,9.9252,2197,0,0.15370659276867144,0.0,0.02969335182389415
-0.0492,-0.3036,10.0564,5.98,1.489,-3.7,-0.0448,-0.3355,9.9502,2198,0,0.15370659276867144,0.0,0.02969335182389415
0.2602,0.2119,9.328,-3.193,-2.0192,-2.9638,0.3113,0.1417,9.3726,2199,0,0.14643037578671075,0.0,0.02969335182389415
0.0061,0.2696,9.7189,2.8771,-0.7818,2.7895,-0.0578,0.2119,9.7248,2200,0,0.15370659276867144,0.0,0.02969335182389415
0.124,0.7563,10.1901,3.6457,-3.1587,0.5628,0.1301,0.7063,10.2035,2201,0,0.15199880574090596,0.0,0.010443567782316586
0.137,0.4633,9.7468,-2.9831,0.3677,-2.4406,0.128,0.608,9.7466,2202,0,0.15182277332485958,0.0,0.02199551204589984
-0.3482,-0.8321,9.6781,-0.2669,6.4226,4.2363,-0.4383,-0.8137,9.6792,2203,0,0.1468834782023446,0.0,0.02190086155674391
0.3664,-0.3098,9.8708,-3.2125,-5.0581,-1.7634,0.303,-0.3193,9.9533,2204,0,0.15370659276867144,0.0,0.010954848023351735
0.3365,0.5037,9.8612,-4.5571,-0.8633,3.175,0.3644,0.5776,9.906,2205,0,0.15370659276867144,0.0,0.020954848023351732
-0.2757,-0.0153,9.9014,0.3803,4.6659,2.7423,-0.1845,-0.0425,9.8968,2206,0,0.15370659276867144,0.0,0.01894056230906602
0.046,-0.251,9.931,1.5893,4.7938,6.7121,-0.0123,-0.304,9.9345,2207,0,0.15314501477372658,0.0,0.011852199583995315
-0.0927,-0.2483,9.5795,-4.6653,6.9189,1.0398,-0.0296,-0.184,9.5717,2208,0,0.1515073908928257,0.0,0.04243770713238566
-0.1633,-0.0975,10.265,-0.473,-1.2665,1.0275,-0.1264,-0.0627,10.3374,2209,0,0.08970415067159963,0.0,0.03775557889227652
0.0131,-0.1525,9.4502,2.995,-0.6638,1.0406,0.0522,-0.1551,9.4813,2210,0,0.15370659276867144,0.0,0.023240626840414863
0.3048,0.0308,9.4037,-5.7156,0.5627,-0.5066,0.2671,-0.0043,9.4217,2211,0,0.15239598881203162,0.0,0.004223421418099951
0.1779,-0.2327,10.1415,3.7523,3.7133,-1.3374,0.1955,-0.2832,10.1366,2212,0,0.15370659276867144,0.0,0.005967763573834511
-0.1136,-0.1705,9.6278,-0.5102,3.3558,-0.4297,-0.0466,-0.2589,9.6069,2213,0,0.15370659276867144,0.0,0.024495160548534733
-0.4081,0.1579,9.8907,-3.7394,4.8606,-4.1027,-0.3805,0.1544,9.8763,2214,0,0.15370659276867144,0.0,0.005967763573834511
-0.2383,-0.0379,9.7584,1.0576,1.5519,0.1524,-0.3351,-0.0886,9.6476,2215,0,0.15370659276867144,0.0,0.014646490476353087
0.1195,0.2627,10.1084,1.5529,0.179,-5.3288,0.1443,0.2527,10.1539,2216,0,0.15370659276867144,0.0,0.023813032308425592
-0.065,-0.2836,9.507,1.3322,2.0516,-0.1705,-0.0395,-0.3052,9.6022,2217,0,0.15370659276867144,0.0,0.023813032308425592
-0.1201,-0.0636,9.5827,-4.9277,-1.1837,2.5497,-0.1747,-0.0341,9.5877,2218,0,0.15370659276867144,0.0,0.009813032308425593
-0.0785,0.2591,10.1995,-5.5892,-0.1202,-8.6778,-0.1235,0.2121,10.2675,2219,0,0.14476590883179882,0.0,0.02262823132086808
-0.29,-0.3165,9.4009,0.7687,-2.8536,-3.6981,-0.2996,-0.2979,9.3926,2220,0,0.15668373755997084,0.0,0.03039746209009885
0.0069,0.1887,9.9343,5.5674,2.7067,-0.5981,0.0173,0.1116,9.9097,2221,0,0.15370659276867144,0.0,0.0198092267959812
-0.0608,0.1153,10.0479,-1.6745,-1.8555,-0.5844,-0.0369,0.0983,10.0335,2222,0,0.15370659276867144,0.0,0.029809226795981206
0.2088,-0.1584,9.5959,-0.0507,0.7693,2.2481,0.2228,-0.1888,9.5776,2223,0,0.15370659276867144,0.0,0.02117743677199008
-0.091,-0.0661,10.0299,0.4641,-4.1418,-1.7954,-0.1341,-0.0664,10.0193,2224,0,0.15370659276867144,0.0,0.021177436771990084
-0.2064,0.1438,10.1147,4.4205,-2.6345,-0.7148,-0.1955,0.2542,10.0242,2225,0,0.15370659276867144,0.0,0.021177436771990084
0.032,0.1812,9.7903,4.2029,-0.8495,-0.5075,0.0649,0.2183,9.8532,2226,0,0.15370659276867144,0.0,0.029962483500962048
0.204,0.0398,9.587,0.5448,3.4271,-3.2122,0.2103,0.0332,9.583,2227,0,0.15370659276867144,0.0,0.021177436771990084
-0.014,0.5213,9.8203,-3.2485,-1.8996,-2.5442,-0.0322,0.463,9.8225,2228,0,0.15370659276867144,0.0,0.03996248350096205
-0.2292,0.0159,9.7132,2.4087,0.3039,6.4081,-0.2014,0.0369,9.7245,2229,0,0.15314501477372658,0.0,0.04925222590471925
0.1377,-0.3989,10.2079,0.5437,-0.5624,3.8455,0.168,-0.5525,10.1982,2230,0,0.15262407051682947,0.0,0.02925222590471925
-0.1211,-0.0293,10.1877,3.7112,-1.1301,1.0516,-0.1212,-0.078,10.1538,2231,0,0.15370659276867144,0.0,0.039252225904719246
-0.1259,0.5161,9.9223,1.0897,2.5325,3.9938,-0.2862,0.5475,9.8401,2232,0,0.15370659276867144,0.0,0.045252225904719244
-0.0926,-0.0167,9.894,-2.1285,-6.4032,4.7297,-0.0488,0.0458,9.9145,2233,0,0.15370659276867144,0.0,0.02993435414482839
-0.1881,-0.3372,9.5273,-2.7739,7.8705,1.3113,-0.0855,-0.3792,9.51,2234,0,0.14767276913171312,0.0,0.04993435414482839
-0.1719,-0.5299,10.3006,-5.6882,-0.6738,8.3752,-0.1781,-0.463,10.4287,2235,0,0.06376828784647852,0.0,0.06358478867761586
0.15,-0.464,10.0374,-1.4426,0.4696,1.9987,0.0966,-0.4375,9.998,2236,0,0.15370659276867144,0.0,0.04610286096677249
-0.2302,-0.2245,9.9166,-0.1209,-3.6053,-1.5275,-0.2646,-0.3523,9.894,2237,0,0.15370659276867144,0.0,0.04610286096677249
-0.2957,0.3102,9.6362,-4.4638,-1.3319,3.3053,-0.3012,0.3436,9.6634,2238,0,0.15370659276867144,0.0,0.036102860966772496
-0.7293,0.0623,10.0607,5.801,-4.3882,0.2604,-0.646,0.0319,9.9883,2239,0,0.15001042843369927,0.0,0.035664780471416455
-0.1811,-0.1694,9.9383,1.5604,-0.2566,4.9548,-0.1836,-0.2323,9.9244,2240,0,0.15370659276867144,0.0,0.026146708182259823
0.0778,-0.5249,9.9214,1.0074,-0.5512,-0.288,0.1218,-0.5279,9.935,2241,0,0.15370659276867144,0.0,0.027272535996829363
0.0442,0.0052,10.1395,-3.7728,0.4097,0.112,-0.0294,-0.0473,10.0906,2242,0,0.15370659276867144,0.0,0.036790608285985994
0.6069,0.6389,9.8858,0.7255,-2.5797,1.1904,0.5627,0.6438,9.8863,2243,0,0.15147570766736368,0.0,0.05679060828598599
-0.0773,-0.1788,9.7028,-0.9616,-0.5278,2.5875,-0.0392,-0.2099,9.6137,2244,0,0.15370659276867144,0.0,0.05679060828598599
-0.1236,0.4399,9.7614,-0.1157,5.3081,-4.6425,-0.1431,0.4997,9.7767,2245,0,0.15370659276867144,0.0,0.06210848004587685
0.3302,-0.1106,9.605,-2.6558,-3.303,0.0196,0.2558,-0.0652,9.4867,2246,0,0.15370659276867144,0.0,0.05313479583535052
-0.0692,0.3672,9.7723,-3.0682,0.7298,2.5227,-0.051,0.3109,9.7198,2247,0,0.15370659276867144,0.0,0.05313479583535052
-0.3637,0.1533,10.1638,0.1931,1.8194,2.7226,-0.3712,0.1492,10.1581,2248,0,0.15370659276867144,0.0,0.06254656054123289
0.019,0.0958,9.9579,-1.8161,-1.5804,-2.4989,0.0269,0.1792,10.0836,2249,0,0.15370659276867144,0.0,0.04374051356853195
0.4555,0.2311,9.6741,-3.8145,-1.9028,3.1301,0.4838,0.1652,9.5854,2250,0,0.15370659276867144,0.0,0.0543287488626496
-0.1388,0.1226,9.6799,0.6845,3.583,4.2755,-0.0981,0.1161,9.6953,2251,0,0.15370659276867144,0.0,0.032614685753962425
0.2503,0.1377,9.695,2.5133,-0.3009,4.9874,0.264,0.1212,9.6302,2252,0,0.15370659276867144,0.0,0.032614685753962425
0.1063,-0.1667,9.9455,-1.4655,0.7441,0.7231,0.0928,-0.1943,9.9373,2253,0,0.15370659276867144,0.0,0.03738275804311905
-0.4843,0.0655,9.7353,6.1501,-3.4365,1.1612,-0.5385,0.1513,9.7869,2254,0,0.15370659276867144,0.0,0.03738275804311905
-0.266,0.0962,9.7635,4.5877,1.0022,6.0321,-0.212,0.1517,9.796,2255,0,0.15370659276867144,0.0,0.03629086080991747
-0.0763,0.0649,9.6999,0.3212,0.7032,2.4481,-0.1416,-0.0455,9.6914,2256,0,0.15370659276867144,0.0,0.026290860809917466
-0.1531,-0.2796,9.8649,3.3272,1.0392,2.569,-0.1114,-0.3456,9.8045,2257,0,0.15370659276867144,0.0,0.03337416954313618
-0.434,0.4387,10.0069,-1.727,4.8,-3.3678,-0.4635,0.4577,10.0466,2258,0,0.15370659276867144,0.0,0.05228992948873292
0.2018,-0.0935,9.6595,3.7176,-0.826,4.7675,0.2059,-0.0562,9.6533,2259,0,0.15370659276867144,0.0,0.02738275804311905
-0.0371,0.0688,9.8535,-1.6322,-6.1642,7.0803,-0.022,-0.0039,9.7757,2260,0,0.15314501477372658,0.0,0.01213275804311905
0.0639,0.0268,9.5483,3.1498,-3.1713,-5.0944,0.0666,0.0351,9.661,2261,0,0.15370659276867144,0.0,0.0061327580431190494
0.1344,-0.513,9.5137,1.364,-4.8832,5.3643,0.1798,-0.5339,9.4831,2262,0,0.15370659276867144,0.0,0.0061327580431190494
-0.2793,-0.4438,10.5232,-0.4258,-3.3588,-7.8231,-0.2767,-0.4379,10.5505,2263,1,0.012581060090767794,0.0,0.016132758043119047
0.1123,0.4467,9.5718,5.3331,-1.5119,2.9361,0.1343,0.4621,9.5364,2264,0,0.15370659276867144,0.0,0.026935677751148246
0.0156,0.0792,9.8191,2.4289,-0.6552,1.5309,0.089,0.1195,9.8249,2265,0,0.15370659276867144,0.0,0.03693567775114825
0.1078,-0.3788,9.602,-1.1726,5.4887,-0.468,0.0844,-0.3676,9.5374,2266,0,0.15370659276867144,0.0,0.026935677751148246
-0.0476,-0.1767,9.5377,-1.4697,1.1494,1.9411,-0.0754,-0.143,9.5652,2267,0,0.15370659276867144,0.0,0.026935677751148246
0.2569,-0.3781,10.0158,-2.9195,-1.1387,-0.9961,0.2391,-0.3771,10.0397,2268,0,0.15370659276867144,0.0,0.026935677751148246
-0.1929,0.3934,10.2731,0.0505,-0.3171,5.8945,-0.2141,0.3309,10.2386,2269,0,0.15252998718304395,0.0,0.03428788427898273
0.1817,-0.2829,9.6615,3.407,3.4712,0.1301,0.1643,-0.2702,9.7191,2270,0,0.15370659276867144,0.0,0.013814114753489069
0.1925,-0.403,9.7692,-4.5492,-3.7428,1.1748,0.2337,-0.385,9.8154,2271,0,0.15370659276867144,0.0,0.024134627574001886
-0.6133,-0.1476,9.6944,4.2805,-0.5855,0.4241,-0.5032,-0.1312,9.6332,2272,0,0.1537691488359536,0.0,0.023814114753489067
0.4656,0.1774,9.8638,1.5041,0.9482,4.6657,0.4489,0.2126,9.9639,2273,0,0.15370659276867144,0.0,0.023814114753489067
0.1185,-0.0399,9.6389,-0.8003,4.8965,-3.7275,0.0744,-0.0948,9.6165,2274,0,0.15370659276867144,0.0,0.034573608424375145
0.2874,-0.2069,9.8941,-1.2155,-6.5611,-0.3467,0.2353,-0.2607,9.95,2275,0,0.15370659276867144,0.0,0.014647572921416566
-0.0136,-0.304,9.7776,1.5701,-1.7177,-2.6826,0.0113,-0.3155,9.7477,2276,0,0.15370659276867144,0.0,0.014647572921416566
0.0015,0.1261,9.7101,1.4407,-5.4575,-0.1147,-0.0299,0.0039,9.7788,2277,0,0.15370659276867144,0.0,0.02555845690922363
-0.2246,-0.3409,9.9514,0.3135,-1.8326,0.0611,-0.2236,-0.3819,9.9639,2278,0,0.15370659276867144,0.0,0.024789226139992862
-0.2007,-0.4377,9.8159,-4.9829,-1.0395,7.5345,-0.2803,-0.3827,9.8697,2279,0,0.15202204242360534,0.0,0.04077712231990814
0.3408,0.1756,9.962,3.576,-2.9223,-2.5867,0.2766,0.1761,9.9895,2280,0,0.15370659276867144,0.0,0.039162090052485436
-0.1463,0.1737,9.6091,4.3058,1.9505,5.8131,-0.1837,0.2312,9.5714,2281,0,0.15370659276867144,0.0,0.031091480184266006
0.1439,-0.356,9.87,-4.2814,-3.2891,-1.2114,0.1987,-0.3763,9.9077,2282,0,0.15370659276867144,0.0,0.05079592545168689
-0.3491,0.5537,9.8505,1.1515,2.4366,2.9864,-0.2816,0.6067,9.7791,2283,0,0.15318370441863025,0.0,0.05380437765514437
-0.1859,0.2114,9.9376,3.0135,2.003,-2.8376,-0.2222,0.1917,9.9287,2284,0,0.15370659276867144,0.0,0.03435382820459493
-0.4817,-0.0708,9.8968,1.4153,2.2508,-3.7658,-0.2832,-0.087,9.8602,2285,0,0.15370659276867144,0.0,0.023253927513966016
-0.0662,0.1801,9.8805,-0.1116,-0.8912,0.3209,-0.0652,0.1416,9.8793,2286,0,0.15370659276867144,0.0,0.03325392751396602
-0.0926,0.0699,9.5624,-2.9419,-5.8669,0.8379,-0.0602,0.0442,9.5511,2287,0,0.15370659276867144,0.0,0.0531799630169246
0.2134,0.6875,10.0896,7.5843,0.0545,-0.127,0.2549,0.7131,10.1318,2288,0,0.1454716660928612,0.0,0.02844312091166144
0.3167,-0.52,9.8493,0.851,0.7237,-0.2335,0.2705,-0.4703,9.7775,2289,0,0.15370659276867144,0.0,0.025416784436204824
-0.3828,0.2742,9.6514,-2.6283,-0.9364,0.4022,-0.4195,0.24,9.6365,2290,0,0.15370659276867144,0.0,0.06541678443620483
0.1552,-0.1521,9.9152,7.1015,-3.834,3.736,0.1377,-0.2073,9.9267,2291,0,0.15242389511884455,0.0,0.04329095662163528
0.6971,-0.181,9.4637,2.198,-2.614,0.8778,0.6583,-0.128,9.4627,2292,0,0.1541785043801723,0.0,0.03264129361858694
0.111,0.0674,9.6696,-0.1835,2.0979,-1.2425,0.1543,-0.0036,9.6229,2293,0,0.15370659276867144,0.0,0.02264129361858693
0.2736,0.6527,9.8011,1.6553,9.3626,0.9979,0.2701,0.6761,9.8048,2294,0,0.11691292418262916,0.0,0.025087666481855828
0.206,-0.3151,10.3001,0.3259,4.3425,-2.0478,0.2688,-0.2825,10.2951,2295,0,0.1527458351177236,0.0,0.03530744670163605
-0.0517,-0.5116,9.5238,-3.2287,-3.3472,0.7783,-0.048,-0.449,9.4728,2296,0,0.15370659276867144,0.0,0.01643327451620558
-0.0421,0.3148,9.9513,-1.4996,-8.1625,1.4396,-0.0044,0.3723,9.9508,2297,0,0.14981546126865944,0.0,0.02643327451620558
0.1243,0.0509,9.5504,-8.6475,-0.7973,1.489,0.1894,0.0458,9.6387,2298,0,0.14462149668047142,0.0,0.03613440977687498
-0.2284,0.1787,9.6035,1.6301,1.8284,-4.244,-0.2422,0.1625,9.5767,2299,0,0.15370659276867144,0.0,0.03726023759144452
0.0989,-0.4333,9.8362,2.5197,0.3367,-5.4552,0.2136,-0.2565,9.843,2300,0,0.15370659276867144,0.0,0.03726023759144452
-0.233,0.1165,9.6597,2.2819,-4.1076,-0.1647,-0.1864,0.1676,9.6497,2301,0,0.15370659276867144,0.0,0.03726023759144452
-0.2229,-0.4091,9.7544,3.332,2.8708,5.1058,-0.1531,-0.4204,9.773,2302,0,0.15370659276867144,0.0,0.02493465619609568
0.213,-0.0515,9.6813,1.4365,-0.9249,-4.3217,0.1788,-0.0918,9.6504,2303,0,0.15370659276867144,0.0,0.03613465619609568
-0.0463,0.2758,10.0566,1.1764,1.6754,1.6647,-0.0586,0.2553,9.9929,2304,0,0.15370659276867144,0.0,0.026134656196095684
0.1598,-0.401,9.7018,-2.3427,-2.7735,0.8292,0.061,-0.3801,9.6514,2305,0,0.15370659276867144,0.0,0.046060237591444515
0.2314,-0.0168,9.7133,5.1948,-0.1542,0.4216,0.1593,-0.0662,9.7708,2306,0,0.15370659276867144,0.0,0.05326023759144451
-0.1174,0.1807,9.4177,1.8839,6.4912,-2.7812,-0.1289,0.2094,9.4625,2307,0,0.15370659276867144,0.0,0.047260237591444515
0.017,-0.0352,9.6884,4.4293,1.405,1.6711,-0.0593,-0.0051,9.7563,2308,0,0.15370659276867144,0.0,0.04846023759144453
0.2758,0.1465,9.4496,4.0798,3.5921,-4.0068,0.3352,0.1705,9.4747,2309,0,0.15370659276867144,0.0,0.03855875975893221
-0.1192,-0.3829,9.9286,-5.1676,0.1273,-0.5333,-0.0754,-0.2358,10.0075,2310,0,0.15370659276867144,0.0,0.038040887999041345
-0.0544,-0.4955,9.8102,3.8671,-2.0275,4.132,-0.0901,-0.4904,9.7791,2311,0,0.15370659276867144,0.0,0.07735875975893221
-0.0937,-0.1716,9.9685,-0.8688,0.2593,-4.6994,-0.0828,-0.2205,9.9084,2312,0,0.15370659276867144,0.0,0.055033178363583374
0.1441,-0.1849,9.813,1.4847,2.3784,0.7368,0.1749,-0.2519,9.8069,2313,0,0.15370659276867144,0.0,0.056528113120785636
0.4943,0.5409,9.6507,1.7218,-0.6506,4.0503,0.5148,0.5,9.7448,2314,0,0.15355074445237718,0.0,0.03721024136089478
0.2076,-0.37,9.6717,0.9444,-0.2373,1.8236,0.1934,-0.3633,9.644,2315,0,0.15370659276867144,0.0,0.04721024136089477
-0.4371,-0.5818,10.106,2.5561,-2.5317,-4.9459,-0.4274,-0.5832,10.1221,2316,0,0.15366621418353923,0.0,0.048013161068923976
-0.3475,0.0536,10.1527,-0.7886,3.2107,1.4869,-0.2825,0.1372,10.1553,2317,0,0.15370659276867144,0.0,0.039832941288704196
0.2512,-0.2016,10.037,-2.4639,-4.1901,-3.0007,0.2411,-0.1641,10.1438,2318,0,0.15370659276867144,0.0,0.029832941288704194
0.4045,0.0228,9.8214,-1.4259,0.7401,-2.3538,0.4232,-0.0429,9.8991,2319,0,0.15370659276867144,0.0,0.02961316106892398
-0.2137,1.0203,9.6586,2.2574,-0.412,2.9653,-0.1938,1.0085,9.7182,2320,0,0.07911085170927581,0.0,0.05789193706134868
0.5267,-0.2721,10.2188,2.8589,-1.4306,-2.4029,0.4379,-0.2751,10.3367,2321,0,0.06446974395515623,0.0,0.043938771733306424
0.0443,0.1811,9.9189,-1.9371,-2.0991,-3.5217,0.038,0.201,9.9058,2322,0,0.15370659276867144,0.0,0.05518613588578006
-0.1202,-0.301,10.2644,-1.2992,-4.2858,5.0926,-0.1212,-0.3272,10.2597,2323,0,0.15135784453201792,0.0,0.044954457398782434
-0.0368,0.3597,10.3735,-1.1274,-4.0414,-1.0053,-0.0612,0.3125,10.3733,2324,0,0.13352373655858285,0.0,0.07485593523129475
-0.5941,0.2277,9.8179,0.3756,-2.2722,1.0554,-0.5695,0.1829,9.8232,2325,0,0.15370659276867144,0.0,0.04464316927384794
0.3802,-0.2554,9.7653,-1.1367,0.4314,2.6378,0.3081,-0.2485,9.6974,2326,0,0.15370659276867144,0.0,0.06474169144133562
-0.0438,-0.2615,9.9549,-2.5129,-2.0954,-1.8602,0.0445,-0.3732,9.8731,2327,0,0.15370659276867144,0.0,0.043541691441335614
0.0995,0.0319,10.0547,-5.2087,-2.1959,2.0076,0.1617,0.0415,10.0169,2328,0,0.15370659276867144,0.0,0.053541691441335616
0.1701,0.4148,9.9468,2.2913,-2.1474,-1.4156,0.1882,0.3895,9.9296,2329,0,0.15370659276867144,0.0,0.07398613588578005
0.0924,-0.1726,9.6702,0.9638,2.2653,-5.4699,0.0788,-0.1689,9.6429,2330,0,0.15370659276867144,0.0,0.05398613588578006
0.1081,-0.1448,9.4129,3.3127,-0.3678,-1.0288,0.0733,-0.1901,9.403,2331,0,0.1525588014428267,0.0,0.0763117172811289
-0.2502,0.1836,9.9488,3.0732,-0.9407,3.7775,-0.1461,0.1972,9.9272,2332,0,0.15370659276867144,0.0,0.056379146002716075
-0.4834,-0.5533,9.6244,-4.9389,-1.7388,3.1995,-0.41,-0.5781,9.6249,2333,0,0.15360476376730087,0.0,0.06518613588578007
-0.5008,-0.2106,9.4945,-1.1443,-2.1644,-2.7674,-0.4858,-0.1526,9.3851,2334,0,0.14515296649972942,0.0,0.06308469401026318
-0.3871,-0.296,9.7532,5.3866,-4.2333,-0.3963,-0.4439,-0.2914,9.8297,2335,0,0.15370659276867144,0.0,0.06308469401026318
-0.0302,-0.1968,9.9615,1.9262,-1.3193,1.9346,-0.1094,-0.1982,10.0114,2336,0,0.15370659276867144,0.0,0.06308469401026318
0.0008,-0.4981,9.9001,2.0424,2.0985,3.2281,-0.0185,-0.4407,9.9374,2337,0,0.15370659276867144,0.0,0.05384024956581873
-0.182,0.1797,9.7449,-1.6923,3.2174,2.8524,-0.2098,0.1212,9.7585,2338,0,0.15370659276867144,0.0,0.07393877173330643
-0.164,-0.2815,9.6248,0.2568,3.1122,0.7119,-0.1722,-0.2565,9.5856,2339,0,0.15370659276867144,0.0,0.06920192962804327
0.2755,0.6441,9.768,1.495,-2.5946,6.1777,0.2619,0.6303,9.8028,2340,0,0.15262212642368542,0.0,0.07474169144133563
0.0566,0.3649,10.0801,-0.2218,-3.1178,3.6106,-0.0266,0.439,10.1369,2341,0,0.15370659276867144,0.0,0.07508739506881183
0.0608,0.1553,9.6953,2.5715,-2.0814,-3.2368,0.1062,0.0977,9.7079,2342,0,0.15370659276867144,0.0,0.05800504212763536
-0.3871,0.5486,9.8368,1.3506,5.8067,1.2351,-0.3898,0.5358,9.8398,2343,0,0.15355074445237718,0.0,0.06508739506881184
-0.3791,-0.3475,10.1069,-0.2502,-0.1141,-2.034,-0.3468,-0.3584,10.1075,2344,0,0.15370659276867144,0.0,0.057412976464160666
0.6115,-0.0074,9.6671,2.9038,0.7096,4.7715,0.6731,0.0127,9.6591,2345,0,0.14874127224164346,0.0,0.04491490840428272
0.4091,0.0924,9.5089,-0.9337,1.1358,4.1464,0.3698,0.0212,9.4613,2346,0,0.15370659276867144,0.0,0.053914214062860163
0.1473,0.3183,9.8492,0.7173,-6.2536,2.7117,0.0834,0.3478,9.9285,2347,0,0.15370659276867144,0.0,0.053914214062860163
-0.4584,-0.0287,10.1253,0.7821,-5.3694,2.6464,-0.5038,0.0528,10.1723,2348,0,0.15370659276867144,0.0,0.2302197802197802
0.3179,0.2372,10.1498,3.7576,-0.0197,-3.6344,0.2857,0.2976,10.1212,2349,0,0.15370659276867144,0.0,0.2502197802197802
0.3618,0.1849,10.1167,5.4928,2.5918,0.6881,0.4142,0.2186,10.0091,2350,0,0.15370659276867144,0.0,0.2302197802197802
-0.3671,-0.3578,9.8905,2.6548,-1.7047,2.5373,-0.4382,-0.3344,9.9259,2351,0,0.15370659276867144,0.0,0.22021978021978023
0.3244,0.2993,10.0557,-2.4456,-1.1281,-5.2514,0.3517,0.4246,10.0692,2352,0,0.15370659276867144,0.0,0.23
-0.1751,-0.2179,10.0494,-3.1422,1.7185,-5.1496,-0.1612,-0.2351,9.9882,2353,0,0.15370659276867144,0.0,0.24
0.1513,0.1506,10.2381,3.6373,3.4395,0.5122,0.1355,0.2832,10.237,2354,0,0.1526504524297057,0.0,0.23
0.1645,0.0778,10.1118,0.7141,-1.2248,1.4205,0.1587,0.068,10.1063,2355,0,0.15370659276867144,0.0,0.24
-0.3433,-0.5836,9.6158,1.716,3.726,-3.6112,-0.3279,-0.525,9.5987,2356,0,0.15376804318490978,0.0,0.24
-0.2438,-0.031,9.7398,-0.7169,-2.9674,0.3613,-0.2024,-0.0708,9.7431,2357,0,0.15370659276867144,0.0,0.23
-0.1925,-0.3495,9.8031,-0.3942,2.1245,1.0326,-0.2013,-0.4182,9.7664,2358,0,0.15370659276867144,0.0,0.23
0.0877,0.3512,9.7512,2.3378,-1.3367,3.7796,0.1156,0.3374,9.7234,2359,0,0.15370659276867144,0.0,0.22
-0.1432,0.5943,9.9285,-1.4726,0.2964,0.4754,-0.2065,0.6332,9.9551,2360,0,0.15318370441863025,0.0,0.15
0.4972,0.4913,9.6806,0.5402,2.8352,3.2788,0.4437,0.4618,9.6974,2361,0,0.15370659276867144,0.0,0.18
-0.0472,0.023,9.9074,-3.1997,-4.1716,1.0451,-0.0668,0.0598,9.963,2362,0,0.15370659276867144,0.0,0.18
0.5332,0.2545,10.1108,-2.9932,1.8659,-3.1464,0.5388,0.1761,10.1303,2363,0,0.15370659276867144,0.0,0.28
-0.1687,0.1492,10.0171,-3.6575,0.4924,-1.6051,-0.3296,0.1927,10.0814,2364,0,0.15370659276867144,0.0,0.26
0.0344,-0.3315,9.9382,0.1632,-2.6172,2.027,0.0136,-0.3282,9.9717,2365,0,0.15370659276867144,0.0,0.24
0.2451,0.619,9.6491,0.8164,2.3846,2.9789,0.3066,0.6521,9.6594,2366,0,0.15309497375261916,0.0,0.23
-0.0092,0.059,9.6687,3.8645,-3.1421,-3.6256,0.013,0.052,9.6472,2367,0,0.15370659276867144,0.0,0.25
0.6125,0.4143,9.6472,1.733,1.7607,2.5435,0.6059,0.4195,9.6252,2368,0,0.15522247095773994,0.0,0.28
-0.176,0.1269,9.8864,0.1847,-6.175,0.7027,-0.1441,0.097,9.8521,2369,0,0.15370659276867144,0.0,0.24
0.552,-0.1597,9.6629,-0.4741,0.93,4.5455,0.5947,-0.2377,9.6967,2370,0,0.15488821094857297,0.0,0.1500759493670886
0.1687,0.5309,10.0677,1.8127,2.1749,2.2828,0.1643,0.5108,10.0407,2371,0,0.15355074445237718,0.0,0.14007594936708861
0.1804,-0.1066,9.7757,1.5387,-0.6168,6.21,0.2701,-0.1243,9.8148,2372,0,0.15314501477372658,0.0,0.1500759493670886
-0.1933,-0.1925,9.5673,2.1824,1.3005,-2.7297,-0.3201,-0.162,9.5785,2373,0,0.15370659276867144,0.0,0.1500759493670886
0.1412,-0.0582,9.6149,2.081,1.9548,-2.3992,0.1162,0.0055,9.5863,2374,0,0.15370659276867144,0.0,0.14007594936708861
-0.5828,-0.3642,9.5272,-1.2441,6.0939,-3.1519,-0.6464,-0.3676,9.5701,2375,0,0.1521778099656198,0.0,0.1300759493670886
-0.7998,0.0898,9.7513,4.8882,0.4064,-2.0764,-0.8006,0.0202,9.7193,2376,0,0.17705912908538682,0.0,0.19007594936708863
0.1411,0.1959,10.0812,-5.3469,2.9028,2.4843,0.1618,0.2421,10.1753,2377,0,0.15370659276867144,0.0,0.21007594936708862
0.4533,0.2495,9.8768,4.8366,2.852,2.1997,0.4212,0.1587,9.8694,2378,0,0.15370659276867144,0.0,0.22007594936708863
0.0594,-0.2704,9.67,2.0972,5.086,4.3322,0.095,-0.2626,9.7154,2379,0,0.15370659276867144,0.0,0.22007594936708863
-0.6793,0.0232,9.7285,-1.1181,-1.3956,1.1354,-0.7167,-0.0085,9.7575,2380,0,0.14659899421302386,0.0,0.12007594936708861
0.4847,-0.1838,10.1391,-1.6807,-3.2899,-2.4764,0.4586,-0.0347,10.084,2381,0,0.15370659276867144,0.0,0.1100759493670886
0.0959,-0.0874,9.543,-1.4526,1.7779,3.0814,0.08,-0.0455,9.536,2382,0,0.15370659276867144,0.0,0.12007594936708861
-0.2315,0.5811,9.8331,-4.2689,-3.588,7.4583,-0.2513,0.5206,9.8746,2383,0,0.15186619410731111,0.0,0.0003964621876014281
0.5748,-1.1799,9.9032,3.7951,2.7807,0.9025,0.5612,-1.1461,9.8141,2384,1,0.04815418307172918,0.0,0.037593239351220255
-0.3294,-0.3925,9.9858,2.4408,0.769,5.7075,-0.3765,-0.3876,9.9844,2385,0,0.15370659276867144,0.0,0.043148794906775804
-0.0698,-0.3611,10.0384,2.1965,2.1497,3.1271,0.0214,-0.3695,10.0444,2386,0,0.15370659276867144,0.0,0.032845764603745504
-0.1262,-0.1885,10.0091,3.3784,0.7019,-1.9468,-0.128,-0.2006,9.9672,2387,0,0.15370659276867144,0.0,0.022845764603745503
0.1272,0.4898,9.7002,1.8093,-1.5986,-3.3586,0.2067,0.4404,9.7745,2388,0,0.15370659276867144,0.0,0.03729020904818995
0.3332,-0.0083,9.4957,0.1894,3.2149,-0.1076,0.2917,0.0724,9.4899,2389,0,0.15370659276867144,0.0,0.033166277424258324
0.4219,0.4521,9.9973,0.7367,5.8164,4.4891,0.456,0.4353,10.0113,2390,0,0.15370659276867144,0.0,0.033166277424258324
-0.0887,0.1445,9.6698,2.725,4.1992,-1.0029,-0.0758,0.0699,9.7187,2391,0,0.15370659276867144,0.0,0.03152096319156546
0.1271,-0.1949,9.7647,-0.4719,-0.9465,-1.1906,0.028,-0.2043,9.7816,2392,0,0.15370659276867144,0.0,0.032845764603745504
0.1216,-0.0432,10.0207,2.2855,1.5338,-3.8028,0.1284,-0.0096,10.017,2393,0,0.15370659276867144,0.0,0.04210919848568309
0.3356,0.3377,9.692,-3.9339,0.2399,4.7285,0.4194,0.3474,9.6842,2394,0,0.15370659276867144,0.0,0.042999217289167495
0.1418,-0.3553,9.7604,-5.3371,1.9289,-0.4581,0.1826,-0.3136,9.8412,2395,0,0.15370659276867144,0.0,0.032109198485683096
-0.1317,0.2051,9.611,2.7254,1.5871,-2.4579,-0.1145,0.3028,9.5916,2396,0,0.15370659276867144,0.0,0.06167441587698744
0.2257,-0.1602,9.7497,-1.6948,3.2109,3.7021,0.2091,-0.1901,9.7718,2397,0,0.15370659276867144,0.0,0.03152096319156546
-0.2138,0.1443,10.0001,-0.7311,3.5007,0.8755,-0.0861,0.1991,9.9348,2398,0,0.15370659276867144,0.0,0.03152096319156546
-0.2937,-0.0547,10.3362,0.0266,-4.7031,4.8127,-0.3022,0.0,10.3588,2399,0,0.11307657502299469,0.0,0.03152096319156546
-0.0474,-0.096,9.8645,3.7754,1.6954,-2.3838,-0.0417,-0.0367,9.8354,2400,0,0.15370659276867144,0.0,0.021520963191565455
-0.0485,0.2512,9.7445,7.2527,2.7825,1.2622,-0.1273,0.2985,9.7192,2401,0,0.15242389511884455,0.0,0.021520963191565455
0.378,-0.3749,9.7445,1.151,3.0933,1.7456,0.4212,-0.3626,9.7083,2402,0,0.15370659276867144,0.0,0.032845764603745504
-0.2157,-0.4619,9.4909,-1.985,1.9375,-0.5724,-0.1943,-0.3112,9.4728,2403,0,0.15370659276867144,0.0,0.022845764603745503
0.2065,0.0512,9.6945,-1.4879,-0.7345,1.1961,0.2521,0.0726,9.6729,2404,0,0.15370659276867144,0.0,0.023199453295097348
-0.024,0.0411,9.9529,3.4939,0.3757,-2.3318,-0.0686,0.088,9.9446,2405,0,0.15370659276867144,0.0,0.012845764603745504
0.3327,-0.1916,9.4699,-3.4673,2.3946,-0.1727,0.3446,-0.2194,9.4452,2406,0,0.1534046229755623,0.0,0.018199453295097347
-0.1806,0.0716,9.7715,0.4357,7.7893,-2.8785,-0.1446,0.0897,9.8284,2407,0,0.14698742964705822,0.0,0.017845764603745505
-0.672,-0.1091,9.8041,-4.7129,1.1073,-0.7075,-0.5881,-0.0213,9.7914,2408,0,0.1537691488359536,0.0,0.012845764603745504
-0.1317,-0.7377,9.7592,1.6182,-2.9263,0.9342,-0.1112,-0.7851,9.7213,2409,0,0.15063496363281217,0.0,0.011520963191565451
0.0062,0.2954,9.6493,-0.8333,-3.029,7.3032,-0.0299,0.2899,9.5511,2410,0,0.1521658999878518,0.0,0.03227433603231693
-0.0443,0.184,10.0834,-3.348,1.9383,1.2823,-0.0841,0.1049,10.0547,2411,0,0.15370659276867144,0.0,0.042274336032316936
0.0222,-0.1465,9.7638,-0.0102,5.4786,2.9155,-0.0099,-0.1221,9.779,2412,0,0.15370659276867144,0.0,0.021592207792207788
-0.0934,0.1096,9.5673,0.8918,-1.2782,-0.0328,-0.0304,0.0856,9.5665,2413,0,0.15370659276867144,0.0,0.012348300529358354
-0.4435,-0.2719,9.4624,3.1342,1.6821,8.3292,-0.4196,-0.3028,9.4417,2414,0,0.14565740369575533,0.0,0.012348300529358354
0.0299,0.0753,9.7888,-2.7731,-0.7028,-1.0956,0.0774,0.06,9.8291,2415,0,0.15370659276867144,0.0,0.0415922077922078
0.0459,-0.1154,10.0474,0.3635,0.3929,-4.0281,-0.0784,-0.1657,10.0915,2416,0,0.15370659276867144,0.0,0.012348300529358354
0.4825,-0.3902,9.7252,4.5586,-0.246,2.1296,0.4152,-0.4147,9.7617,2417,0,0.15370659276867144,0.0,0.03159220779220779
-0.1887,0.1499,9.4863,-0.2034,-2.0811,-5.012,-0.2106,0.1016,9.4613,2418,0,0.15370659276867144,0.0,0.02234830052935835
0.5806,-0.0307,9.6939,-0.9969,1.2778,0.122,0.5253,-0.0314,9.6543,2419,0,0.15208732668341593,0.0,0.0415922077922078
0.0193,-0.0185,9.6199,3.3278,4.2896,-3.7561,0.0063,-0.0444,9.6577,2420,0,0.15370659276867144,0.0,0.040267406380027744
0.1078,-0.147,10.3289,1.6776,3.4088,1.3885,0.1396,-0.2091,10.23,2421,0,0.14653104827004074,0.0,0.050520762662299684
0.2982,-0.389,9.8072,0.2769,3.7981,-3.0073,0.309,-0.3974,9.8408,2422,0,0.15370659276867144,0.0,0.040267406380027744
-0.0189,-0.052,9.8925,-2.9296,-1.587,0.5666,0.015,-0.0737,9.9172,2423,0,0.15370659276867144,0.0,0.050749334090871116
0.0452,0.2296,9.8218,-3.4512,0.6855,-5.202,0.012,0.1693,9.8657,2424,0,0.15370659276867144,0.0,0.050749334090871116
0.3562,0.0711,9.6556,3.3557,-3.6133,1.0056,0.2607,0.035,9.7163,2425,0,0.15370659276867144,0.0,0.04052076266229969
0.2705,0.0631,9.7528,1.0574,-3.5849,-3.8127,0.2834,0.011,9.685,2426,0,0.15370659276867144,0.0,0.03195004576444963
0.4178,0.1186,10.1391,-3.4895,-0.915,0.5272,0.4105,0.1334,10.1456,2427,0,0.15370659276867144,0.0,0.03195004576444963
0.1653,0.3878,9.7971,2.259,1.4467,6.9977,0.0888,0.5062,9.8933,2428,0,0.15314501477372658,0.0,0.02217861719302106
0.0036,-0.1331,9.8493,-1.2997,2.9365,5.2568,0.0192,-0.1741,9.8497,2429,0,0.15370659276867144,0.0,0.02217861719302106
-0.0051,0.3711,9.8138,-0.1659,0.8086,2.2476,-0.0006,0.3471,9.8813,2430,0,0.15370659276867144,0.0,0.021950045764449633
0.434,0.2035,10.3109,-4.511,1.0852,5.296,0.4626,0.1947,10.2293,2431,0,0.14958431690729784,0.0,0.021950045764449633
0.0906,-0.1366,9.7633,-2.5276,-2.1818,-3.2724,0.0338,-0.0492,9.8107,2432,0,0.15370659276867144,0.0,0.021950045764449633
-0.602,0.5467,9.9635,-4.4494,-1.0711,1.128,-0.5923,0.5284,9.9295,2433,0,0.15355074445237718,0.0,0.02210877592317979
-0.5596,-0.3678,9.7993,-1.3138,-0.693,0.7975,-0.5768,-0.4663,9.8682,2434,0,0.15370659276867144,0.0,0.013025573534639423
-0.2967,-0.118,9.7549,-0.3355,-1.6015,3.9048,-0.2906,-0.0635,9.6276,2435,0,0.15370659276867144,0.0,0.0034309789400448283
-0.1,0.2356,9.725,-7.3325,-3.6641,-2.2261,-0.076,0.2662,9.6395,2436,0,0.1519533231313492,0.0,0.0029839775182423454
-0.5661,-0.0015,9.8952,3.4801,-1.6598,0.1238,-0.5352,-0.1242,9.8572,2437,0,0.15370659276867144,0.0,0.013931345939294976
0.2934,0.2007,9.8557,4.0071,-1.3665,-2.2144,0.3327,0.28,9.8856,2438,0,0.15370659276867144,0.0,0.013931345939294976
0.0834,-0.3423,9.6513,3.2609,4.1228,3.2297,0.1433,-0.3627,9.6122,2439,0,0.15370659276867144,0.0,0.014098943704658105
-0.0721,0.1488,9.8106,-2.9874,1.1274,-0.0623,-0.064,0.2155,9.7886,2440,0,0.15370659276867144,0.0,0.022578572112836936
-0.1371,-0.2615,9.7809,-0.4607,-3.3943,1.1346,-0.0206,-0.2158,9.6753,2441,0,0.15370659276867144,0.0,0.02357857211283694
0.1867,0.022,9.6954,-1.3207,2.2041,0.951,0.207,-0.0142,9.6425,2442,0,0.15370659276867144,0.0,0.022578572112836936
0.2686,-0.3242,10.0081,0.772,-2.5265,2.976,0.2537,-0.3566,10.0031,2443,0,0.15370659276867144,0.0,0.022699702664653897
-0.0713,0.6018,9.7933,-0.44,0.9879,-4.1989,-0.0275,0.5347,9.8157,2444,0,0.15355074445237718,0.0,0.01675767659044888
-0.4813,0.3255,9.8411,0.4979,0.0262,3.23,-0.5524,0.3681,9.8607,2445,0,0.15370659276867144,0.0,0.026952771639307253
-0.3211,-0.1947,9.9356,-3.7356,2.9857,3.6224,-0.2657,-0.2612,9.9167,2446,0,0.15370659276867144,0.0,0.03790014006035989
0.326,0.5385,9.6588,1.4851,1.7579,-7.5028,0.3606,0.5368,9.6675,2447,0,0.15120441250517508,0.0,0.00743523961084494
0.4644,0.5595,9.81,-3.0987,3.1283,-0.5941,0.4204,0.6189,9.7519,2448,0,0.15318370441863025,0.0,0.0067207043754674185
-0.2932,0.1707,9.5832,-0.9699,3.3546,-4.8628,-0.2171,0.2448,9.6205,2449,0,0.15370659276867144,0.0,0.006788271943034987
-0.024,-0.0169,9.6243,-3.5733,-2.9259,2.6102,-0.0334,-0.0199,9.6597,2450,0,0.15370659276867144,0.0,0.0029216674654230466
0.0028,0.5328,9.9616,-2.06,-4.3647,0.4644,-0.0064,0.5066,10.0396,2451,0,0.15355074445237718,0.0,0.007015493145057249
0.2008,0.1489,9.9735,1.7574,1.8431,0.2799,0.1447,0.2012,10.0024,2452,0,0.15370659276867144,0.0,0.007420898550462654
-0.189,0.1461,9.7707,4.5115,1.8952,-1.9173,-0.1881,0.1909,9.7944,2453,0,0.15370659276867144,0.0,0.007420898550462654
0.2097,0.1984,9.6465,0.1666,-1.9175,3.2484,0.2651,0.2159,9.7036,2454,0,0.15370659276867144,0.0,0.009020898550462656
-0.171,0.5061,9.8899,0.9175,-4.7809,4.9852,-0.1837,0.4325,9.852,2455,0,0.15370659276867144,0.0,0.003120663521033756
0.3632,-0.1128,9.4805,-4.954,-2.2302,-0.4259,0.395,-0.068,9.5348,2456,0,0.15370659276867144,0.0,0.004720663521033757
-0.2483,-0.1037,9.7496,5.6779,1.4356,-3.719,-0.2275,-0.0931,9.804,2457,0,0.15370659276867144,0.0,0.0030466990239923363
0.1457,-0.2693,9.6607,1.2384,1.3201,5.3863,0.0928,-0.2253,9.6829,2458,0,0.15370659276867144,0.0,0.003120663521033756
-0.4507,0.2084,9.4729,1.0241,-1.7958,-1.5033,-0.4814,0.3225,9.41,2459,0,0.152691395331968,0.0,0.0031605041584839553
0.0756,-0.454,9.6774,8.3952,-5.6947,3.2726,0.115,-0.3975,9.7076,2460,0,0.11828323497403682,0.0,0.0030324893056680423
-0.1718,-0.1904,9.7399,-0.0138,-0.4981,-2.7548,-0.247,-0.2147,9.7114,2461,0,0.15370659276867144,0.0,0.0030324893056680423
-0.1024,-0.1429,9.9386,-1.5259,-3.0338,1.3759,-0.0226,-0.1216,9.8886,2462,0,0.15370659276867144,0.0,0.0032724893056680425
0.0555,0.1185,10.1116,-1.341,-0.3932,-0.3786,0.022,0.138,10.1553,2463,0,0.15370659276867144,0.0,0.014872489305668042
-0.3301,0.2825,9.9058,0.7866,3.275,4.9723,-0.3396,0.3068,9.8791,2464,0,0.15370659276867144,0.0,0.004047023487216142
-0.3213,-0.2162,10.2346,-2.4609,3.6823,-2.5896,-0.3521,-0.2633,10.1778,2465,0,0.15370659276867144,0.0,0.003034681665625766
-0.0782,-0.282,9.5805,6.1204,0.8648,3.7918,-0.0637,-0.2839,9.6889,2466,0,0.15370659276867144,0.0,0.003440087071031171
0.5537,0.2746,9.6444,3.7129,-0.817,2.9861,0.5201,0.3289,9.6546,2467,0,0.15361879978792273,0.0,0.003440087071031171
-0.0025,-0.4899,9.8121,8.5517,1.8304,2.2156,0.0163,-0.5103,9.8769,2468,0,0.12181627389581486,0.0,0.013034681665625767
0.3548,-0.158,10.1711,3.1403,1.8845,-5.2299,0.3134,-0.1768,10.1537,2469,0,0.15370659276867144,0.0,0.0027946816656257657
0.2685,0.1305,9.8471,-2.217,-0.2984,0.2022,0.2233,0.0854,9.9605,2470,0,0.15370659276867144,0.0,0.012112553425516625
-0.1751,0.0618,10.334,5.0248,-1.523,-3.2165,-0.0713,0.0527,10.3594,2471,0,0.1168432209989224,0.0,0.01282683913980234
0.3624,-0.2729,9.6862,-1.6516,-4.77,-2.5781,0.4194,-0.276,9.6679,2472,0,0.15370659276867144,0.0,0.01282683913980234
-0.1568,-0.7063,9.4802,2.5527,-0.3743,-2.6814,-0.2437,-0.7359,9.5037,2473,0,0.1518074218925136,0.0,0.012627083900262636
-0.0506,-0.1187,9.7154,-4.1043,-0.508,-0.4734,-0.0147,-0.1283,9.6241,2474,0,0.15370659276867144,0.0,0.012794681665625767
0.1241,-0.1771,9.4001,0.131,-3.4477,-1.7524,0.1019,-0.1365,9.4638,2475,0,0.15156287216939757,0.0,0.02320008707103117
-0.08,0.4104,9.5161,-2.44,1.0411,-1.8759,-0.0721,0.3654,9.4653,2476,0,0.15370659276867144,0.0,0.014158317120237579
-0.0568,0.5104,9.7593,-1.995,-1.4372,-2.4157,-0.0406,0.5405,9.7813,2477,0,0.15370659276867144,0.0,0.014364163563672743
0.3045,-0.2965,9.9729,-2.2717,-1.1206,2.1995,0.3368,-0.3326,10.0625,2478,0,0.15370659276867144,0.0,0.02276416356367274
0.1164,0.1524,9.4932,2.1638,0.4886,2.2761,0.1691,0.14,9.5001,2479,0,0.15370659276867144,0.0,0.018318917520817136
-0.203,-0.3649,10.1221,-1.6644,-0.1046,-3.1765,-0.2331,-0.3994,10.1121,2480,0,0.15370659276867144,0.0,0.018318917520817136
-0.0386,-0.5996,9.5452,-3.0883,1.3543,2.1582,-0.0351,-0.5426,9.5553,2481,0,0.15376804318490978,0.0,0.024189011831738952
0.6632,-0.1793,9.835,0.25,-0.3468,-1.2889,0.6718,-0.1735,9.8136,2482,0,0.1537385966945979,0.0,0.016239460058993124
-0.491,0.0642,9.66,-1.4249,2.8568,-0.3883,-0.4455,-0.0126,9.6676,2483,0,0.15370659276867144,0.0,0.040141531158237216
0.4118,0.2299,9.5793,0.1948,6.4034,-1.8997,0.455,0.1762,9.6226,2484,0,0.15370659276867144,0.0,0.023724788671209557
0.0296,-0.5726,9.5984,1.4925,0.9952,-5.4964,0.1155,-0.5902,9.6052,2485,0,0.15360476376730087,0.0,0.024008015332649228
-0.3002,-0.4126,9.8512,1.5337,-1.4905,-1.6623,-0.2673,-0.4127,9.8366,2486,0,0.15370659276867144,0.0,0.013763094775076019
0.0246,0.0216,9.8916,0.0164,-1.6958,-3.7689,0.0835,-0.0013,9.8923,2487,0,0.15370659276867144,0.0,0.04066959532950506
-0.1077,0.2208,9.7431,-7.0595,-0.4825,-1.598,-0.1609,0.2798,9.7546,2488,0,0.15370659276867144,0.0,0.03534570370388929
-0.5097,0.1294,10.0159,2.8125,2.5404,3.3876,-0.4962,0.076,10.0538,2489,0,0.15370659276867144,0.0,0.029965468181229585
0.2259,-0.272,9.5764,6.0589,4.401,-2.7268,0.2635,-0.3386,9.6398,2490,0,0.15370659276867144,0.0,0.03339519636539988
0.6671,0.3525,9.783,-1.7718,3.3577,-0.893,0.724,0.2807,9.8822,2491,0,0.15175383334446063,0.0,0.0006310328017271398
-0.1905,-0.2198,9.8919,-5.1989,-1.3841,-1.5607,-0.1538,-0.1999,9.9638,2492,0,0.15370659276867144,0.0,2.4096385542168677e-05
-0.0353,-0.2308,9.9994,-7.2972,1.2599,1.7595,-0.0866,-0.2932,9.9726,2493,0,0.1519533231313492,0.0,0.00012330273474851788
-0.4524,-0.0986,9.481,-3.691,2.5655,-0.1783,-0.5307,-0.1713,9.4976,2494,0,0.15370659276867144,0.0,2.4096385542168677e-05
-0.275,0.41,9.6105,-3.1722,-1.1838,-1.0314,-0.1975,0.374,9.6323,2495,0,0.15370659276867144,0.0,2.4096385542168677e-05
0.4963,-0.4134,10.376,-5.245,-5.548,-0.4329,0.3948,-0.4281,10.2342,2496,0,0.12165566485744211,0.0,2.4096385542168677e-05
0.4045,0.0663,9.9719,-4.8508,2.3144,1.8793,0.3318,0.0405,9.9526,2497,0,0.15370659276867144,0.0,0.000621111310915303
0.0656,-0.3676,9.6152,-0.0174,-0.9093,-3.0178,0.1551,-0.3237,9.6601,2498,0,0.15370659276867144,0.0,0.00025266781411359727
0.0791,-0.1906,9.7439,-1.5181,-1.4303,0.6739,0.0708,-0.2189,9.8431,2499,0,0.15370659276867144,0.0,0.010849682739486732
-0.0147,0.1855,9.5571,-3.135,3.7948,-0.5765,-0.1341,0.2026,9.5484,2500,0,0.15370659276867144,0.0,0.010859604230298567
0.0727,-0.2301,9.5025,-1.1962,-0.6727,2.3776,0.0677,-0.2361,9.482,2501,0,0.15370659276867144,0.0,0.0013491782789172323
-0.3033,-0.5164,9.7877,3.7984,-1.4761,-2.4379,-0.316,-0.552,9.7336,2502,0,0.15370659276867144,0.0,0.011228047727100274
-0.4724,0.114,10.0887,2.5229,-1.1103,-7.1209,-0.4668,0.0912,10.038,2503,0,0.15274110092042842,0.0,2.4096385542168677e-05
-0.1072,-0.0368,9.698,-4.6722,0.1699,-0.4291,-0.1119,-0.0475,9.7389,2504,0,0.15370659276867144,0.0,2.4096385542168677e-05
0.192,-0.3009,9.8248,-2.7418,-5.5498,0.9787,0.2285,-0.2968,9.9525,2505,0,0.15370659276867144,0.0,0.000621111310915303
-0.5079,0.4018,9.4382,-0.7234,-3.9149,-1.3376,-0.3774,0.2952,9.4834,2506,0,0.15370659276867144,0.0,0.0012039513415581056
-0.3495,-0.2761,9.7186,1.5842,-2.707,1.4339,-0.3328,-0.3134,9.6941,2507,0,0.15370659276867144,0.0,0.001325081893375064
-0.347,0.2153,9.7339,-1.3786,2.6068,5.3492,-0.4192,0.1727,9.7515,2508,0,0.15370659276867144,0.0,0.001325081893375064
-0.4769,0.0739,9.5724,0.1865,-0.403,-0.967,-0.4921,0.103,9.5145,2509,0,0.15370659276867144,0.0,0.001325081893375064
0.1548,0.0391,9.4762,-1.3299,-4.7042,0.4269,0.1407,0.0604,9.5249,2510,0,0.15370659276867144,0.0,0.00012113055181695828
0.3453,0.2369,9.8364,0.988,5.0164,1.6396,0.3725,0.3322,9.8344,2511,0,0.15370659276867144,0.0,0.00012113055181695828
-0.1593,-0.0429,9.4493,6.5314,0.9872,-3.4824,-0.1344,-0.0876,9.4302,2512,0,0.15160034223956312,0.0,0.01012113055181696
0.0862,-0.2505,9.8065,0.0674,1.0451,-4.1385,0.1039,-0.2468,9.8577,2513,0,0.15370659276867144,0.0,0.0007181454771900926
-0.3389,-0.2654,9.776,-3.7655,1.6264,-2.0473,-0.3158,-0.338,9.726,2514,0,0.15370659276867144,0.0,0.00012113055181695828
-0.6082,-0.041,9.8586,4.7538,3.4521,-1.0587,-0.5672,0.0452,9.7912,2515,0,0.1537691488359536,0.0,0.00012113055181695828
0.3058,-0.2383,9.764,-0.361,3.9895,-2.0442,0.2985,-0.2915,9.6993,2516,0,0.15370659276867144,0.0,0.00012113055181695828
-0.1568,0.3098,9.6054,-1.0944,-1.5803,0.7604,-0.0773,0.3451,9.5639,2517,0,0.15370659276867144,0.0,0.00012113055181695828
-0.342,0.1111,9.5636,1.9722,-0.1279,2.8878,-0.2984,0.2391,9.4922,2518,0,0.15370659276867144,0.0,0.0008317904502941156
0.1598,0.3669,10.0152,6.719,2.0879,-4.9987,0.1247,0.3608,9.9481,2519,0,0.15242389511884455,0.0,0.0008317904502941156
-0.1454,0.7013,9.5583,2.8116,3.4347,1.1759,-0.1654,0.7076,9.5007,2520,0,0.15298598980126782,0.0,0.0008716310877443148
0.0338,0.0061,9.586,-0.1231,-2.7029,-2.8601,0.0829,0.0701,9.6692,2521,0,0.15370659276867144,0.0,0.0008716310877443148
0.4504,-0.1465,10.0652,-8.3841,-5.0187,-1.466,0.454,-0.1313,10.0624,2522,0,0.14691700767169494,0.0,0.0007280669680019294
-0.4771,-0.1267,10.0185,5.418,-2.755,-1.0072,-0.52,-0.1361,9.9407,2523,0,0.15370659276867144,0.0,0.000843856972540736
0.0374,-0.233,10.0031,3.1897,1.2533,4.8353,0.0207,-0.2187,10.0443,2524,0,0.15370659276867144,0.0,0.0008040163350905369
0.1983,0.3046,10.2045,-0.6275,3.3453,0.6511,0.2256,0.2647,10.1741,2525,0,0.15370659276867144,0.0,0.0008040163350905369
0.1107,0.0452,9.7993,1.3751,4.4573,3.2872,0.1436,0.0444,9.7833,2526,0,0.15370659276867144,0.0,0.0006828857832735786
-0.1616,-0.0957,9.8977,0.5471,-5.3991,-0.9121,-0.1801,-0.1064,9.8951,2527,0,0.15370659276867144,0.0,0.0006828857832735786
0.5712,-0.2156,9.9562,-1.6003,1.0178,-2.7101,0.6045,-0.212,9.9821,2528,0,0.15488821094857297,0.0,0.0006828857832735786
-0.3817,-0.3354,9.9312,0.2416,4.5333,-11.7207,-0.406,-0.3937,9.8588,2529,0,0.15052972296870812,0.0,0.02071087000200924
0.496,0.3373,10.0111,4.9499,3.7946,0.9905,0.4985,0.2556,10.148,2530,0,0.15370659276867144,0.0,0.02071087000200924
0.3312,-0.089,9.8893,0.1336,-0.8883,2.6368,0.4153,0.0019,9.7823,2531,0,0.15370659276867144,0.0,0.010710870002009243
0.2778,0.5829,9.7668,1.8843,3.1908,-0.1668,0.2391,0.5473,9.6645,2532,0,0.15355074445237718,0.0,0.020810076351215595
0.3559,0.0266,9.6061,0.0441,-2.56,5.6083,0.3505,-0.0153,9.5188,2533,0,0.15370659276867144,0.0,0.020810076351215595
0.0031,-0.0487,9.6261,-2.5989,-7.8523,3.2049,-0.0644,-0.1206,9.645,2534,0,0.14981546126865944,0.0,0.030175155716294956
0.6716,-0.0575,9.4309,-1.4829,5.2168,-0.2356,0.6283,-0.0852,9.5283,2535,0,0.15518380084858113,0.0,0.030175155716294956
-0.0405,0.6464,9.7728,8.4493,-5.7289,0.5649,-0.0067,0.6369,9.7013,2536,0,0.11334742830408455,0.0,0.020175155716294958
-0.0226,-0.4568,9.4924,-2.3186,0.5392,2.1273,-0.0435,-0.3017,9.5432,2537,0,0.15370659276867144,0.0,0.02007594936708861
-0.043,0.1347,9.6655,-4.1335,-0.4456,-5.2233,-0.019,0.1603,9.6542,2538,0,0.15370659276867144,0.0,0.02007594936708861
-0.2246,-0.1063,9.6583,-2.6833,1.3093,-10.8453,-0.2651,-0.167,9.69,2539,0,0.15022323174628213,0.0,0.030175155716294956
0.3366,-0.0467,9.925,-0.398,0.4864,1.6386,0.3348,-0.0255,9.9233,2540,0,0.15370659276867144,0.0,0.020175155716294958
0.1257,-0.2098,9.5303,-5.0283,-2.6284,-2.6979,0.15,-0.1936,9.4628,2541,0,0.15370659276867144,0.0,0.02092601598420696
-0.3343,-0.3537,9.6813,2.478,4.7118,-0.1752,-0.3559,-0.2394,9.7034,2542,0,0.15370659276867144,0.0,0.02092601598420696
0.0115,-0.0241,9.6824,1.5961,2.3948,-1.4047,0.0758,-0.0192,9.6378,2543,0,0.15370659276867144,0.0,0.0009260159842069637
0.0947,-0.2584,9.4662,-1.226,3.1749,5.0111,0.174,-0.2895,9.4645,2544,0,0.15370659276867144,0.0,0.010926015984206963
-0.1384,0.468,9.9032,3.4941,2.2555,3.9168,-0.1754,0.4999,9.9646,2545,0,0.15370659276867144,0.0,0.02092601598420696
-0.0252,0.3029,9.4955,2.0236,5.3658,1.6312,-0.0216,0.3531,9.4074,2546,0,0.152691395331968,0.0,0.007339059462467833
0.1761,-0.0037,10.111,2.6696,-1.5344,4.5279,0.1914,0.0435,10.2487,2547,0,0.1526504524297057,0.0,0.009421495188546927
0.0443,-0.1342,9.4893,1.7339,-1.6082,1.5839,0.0873,-0.163,9.4419,2548,0,0.1534046229755623,0.0,0.019421495188546925
-0.1169,-0.0573,9.8683,0.0988,-0.2648,1.0862,-0.1456,-0.0496,9.8776,2549,0,0.15370659276867144,0.0,0.009579597955345347
0.2035,0.0243,9.7004,-0.4429,0.9155,5.1043,0.2377,-0.0463,9.813,2550,0,0.15370659276867144,0.0,0.009579597955345347
0.1814,0.1471,9.9528,1.9485,5.5524,0.1635,0.0854,0.0815,10.0809,2551,0,0.15370659276867144,0.0,0.019579597955345345
-0.5938,-0.0469,10.0008,3.9302,-2.7658,1.1227,-0.6904,-0.0082,10.0619,2552,0,0.1344293540695768,0.0,0.021955537804969408
0.1742,-0.1978,10.1768,-1.6689,-3.7468,0.4314,0.1783,-0.1864,10.1618,2553,0,0.15370659276867144,0.0,0.0019555378049694065
0.0248,-0.241,10.0727,-2.9933,7.0766,2.8444,0.0307,-0.1935,10.0744,2554,0,0.15132945582779983,0.0,0.002590458439890041
0.1156,-0.0254,9.7953,-1.1875,-4.468,0.7211,0.0725,-0.0503,9.824,2555,0,0.15370659276867144,0.0,0.012491252090683693
-0.424,0.0521,9.8113,-0.0342,2.7707,2.6077,-0.39,0.0404,9.7551,2556,0,0.15370659276867144,0.0,0.011856331455763059
0.3588,0.0172,9.6373,-0.1141,-4.3303,1.6688,0.4897,-0.0029,9.6246,2557,0,0.15370659276867144,0.0,0.012185558779391276
-0.7134,-0.1427,9.6881,-0.4866,1.714,-3.9577,-0.693,-0.1987,9.6831,2558,0,0.15716647563146208,0.0,0.012185558779391275
-0.0102,0.4232,9.8916,0.8784,2.3251,0.5942,0.0867,0.464,9.9351,2559,0,0.15370659276867144,0.0,0.022185558779391275
-0.2464,0.1984,9.7898,-3.0199,1.3791,5.2882,-0.2839,0.313,9.7977,2560,0,0.15370659276867144,0.0,0.013132927200443909
0.0357,-0.2391,9.8349,-1.2886,-2.8198,-0.7208,0.0488,-0.2273,9.8923,2561,0,0.15370659276867144,0.0,0.013132927200443909
-0.1494,-0.079,9.9185,-1.0084,3.6028,3.7736,-0.1514,-0.1494,9.9431,2562,0,0.15370659276867144,0.0,0.003132927200443909
-0.0697,-0.0701,9.9517,5.0047,-4.4183,-6.5726,-0.0729,-0.0532,9.9548,2563,0,0.1532405209942328,0.0,0.012185558779391276
0.2554,-0.0631,9.5484,1.8282,0.3312,-0.8043,0.3201,-0.0477,9.5755,2564,0,0.15370659276867144,0.0,0.012820479414311912
0.5834,-0.0719,9.3647,5.1517,-1.493,2.8407,0.6059,-0.128,9.3663,2565,0,0.151749114699898,0.0,0.012820479414311912
0.2547,0.2185,9.8999,3.2258,-6.0383,3.3544,0.3634,0.1904,9.9584,2566,0,0.15370659276867144,0.0,0.004764923858756357
-0.2473,0.3566,9.8624,-0.6735,2.1193,-2.6494,-0.1565,0.3829,9.8016,2567,0,0.15370659276867144,0.0,0.004764923858756357
-0.5184,0.1307,9.5872,-0.6717,-6.0392,1.9264,-0.5399,0.1974,9.5733,2568,0,0.15370659276867144,0.0,0.004764923858756357
-0.283,0.4476,10.236,0.5584,-1.5954,-3.7989,-0.3345,0.4424,10.3051,2569,0,0.1455932453674325,0.0,0.022820479414311912
-0.4267,0.1697,9.7113,-3.5967,5.2451,0.8251,-0.4767,0.1084,9.7139,2570,0,0.15370659276867144,0.0,0.012820479414311912
-0.0713,0.264,9.7419,1.9431,-0.2194,-3.7203,-0.1978,0.3161,9.7829,2571,0,0.15370659276867144,0.0,0.01286032005176211
-0.1129,0.2414,10.0213,1.9679,0.2355,4.2521,-0.1283,0.2526,10.0744,2572,0,0.15370659276867144,0.0,0.011176024874182889
0.3192,0.1973,9.9403,-3.6712,-1.1762,3.7585,0.304,0.179,9.8798,2573,0,0.15370659276867144,0.0,0.011176024874182889
-0.1017,0.2441,9.8473,-1.2071,-0.2737,-4.029,-0.0745,0.2217,9.926,2574,0,0.15370659276867144,0.0,0.010463999557727192
0.4724,0.2322,10.3505,-2.6897,-2.2952,-5.1881,0.4716,0.2592,10.4265,2575,0,0.07474528862133806,0.0,0.030563205906933538
0.0359,0.0698,10.144,7.6394,0.2477,1.9959,-0.0244,0.0204,10.1275,2576,0,0.14837066258871512,0.0,0.03112416204481275
-0.0448,0.0834,9.648,2.3854,-1.5135,2.5536,-0.0637,0.0653,9.7293,2577,0,0.15370659276867144,0.0,0.032400757789493605
0.1943,0.0903,9.9584,-3.8779,0.1658,2.7368,0.1001,0.1419,10.0027,2578,0,0.15370659276867144,0.0,0.032400757789493605
0.1785,-0.1183,9.6638,-2.4568,2.028,-1.4662,0.2184,-0.0878,9.5826,2579,0,0.15370659276867144,0.0,0.040489241409892116
-0.3928,-0.563,9.9088,0.3568,1.2255,2.2754,-0.3765,-0.6054,9.9416,2580,0,0.15360476376730087,0.0,0.040489241409892116
0.0336,-0.3738,9.6265,-1.5542,5.4044,1.8991,-0.0003,-0.3517,9.6678,2581,0,0.15370659276867144,0.0,0.040489241409892116
0.1638,-0.614,9.9806,2.9444,-2.513,-2.4678,0.0357,-0.6211,9.8894,2582,0,0.15199271031478814,0.0,0.04041056582098561
0.2259,-0.175,9.9741,-6.2273,-1.1963,-2.966,0.188,-0.1417,9.9578,2583,0,0.15370659276867144,0.0,0.05025730911600476
-0.4985,-0.209,10.103,1.2874,-0.7825,0.6073,-0.4565,-0.2756,10.0311,2584,0,0.15370659276867144,0.0,0.04263766604507854
0.2044,-0.0273,10.0466,2.7054,6.1916,5.4427,0.2649,-0.0165,9.9932,2585,0,0.15370659276867144,0.0,0.03450696217501542
0.1369,0.5214,9.5057,0.1745,1.2424,0.5124,0.1498,0.456,9.4911,2586,0,0.15370659276867144,0.0,0.033457587632356824
0.0897,-0.5464,9.9933,1.9676,1.6267,-0.1623,0.1089,-0.658,10.0205,2587,0,0.13841502582352272,0.0,0.04363656838826066
0.048,0.006,9.611,3.7433,-0.76,2.3418,0.0871,0.0915,9.5744,2588,0,0.15370659276867144,0.0,0.04425832523061976
0.7383,0.1672,9.8757,-0.9611,3.7951,1.4052,0.7381,0.1335,9.9329,2589,0,0.15557955017382005,0.0,0.014337030633545913
0.2274,0.2122,9.8374,-0.6094,-2.1687,-0.7388,0.2912,0.2422,9.8672,2590,0,0.15370659276867144,0.0,0.014337030633545913
0.052,0.5171,9.6272,-0.6183,-2.5579,-0.2249,0.1144,0.4976,9.6869,2591,0,0.15370659276867144,0.0,0.013510792764310242
0.0051,0.1361,9.7067,1.2032,-1.507,2.2633,0.0104,0.1273,9.6136,2592,0,0.15370659276867144,0.0,0.01214715640067388
-0.0068,0.162,9.6876,0.3338,-5.5855,0.3025,-0.0002,0.1931,9.6295,2593,0,0.15370659276867144,0.0,0.01214715640067388
0.4497,0.0039,9.8429,1.1812,1.5909,6.2518,0.4152,-0.064,9.8006,2594,0,0.15314501477372658,0.0,0.01379870112351237
-0.4834,0.2944,9.8724,1.6633,-0.1463,4.2802,-0.369,0.2849,9.9056,2595,0,0.15370659276867144,0.0,0.01586412364395691
-0.0896,0.299,9.62,1.9158,-2.1135,3.5232,-0.1386,0.2666,9.5984,2596,0,0.15370659276867144,0.0,0.016018762819214643
0.1898,-0.0694,9.3981,4.5473,-1.6021,-4.1481,0.187,0.0379,9.4624,2597,0,0.15156287216939757,0.0,0.004953239656149845
-0.0178,-0.0569,9.906,1.1373,-4.4519,-1.2782,-0.0823,0.0359,9.9345,2598,0,0.15370659276867144,0.0,0.014234626982795137
0.352,-0.4804,9.6788,-0.5996,0.6804,0.0242,0.3431,-0.5116,9.6692,2599,0,0.15370659276867144,0.0,0.0049167552229042785
0.0944,0.4724,9.9788,0.6678,2.4149,6.8077,0.0633,0.342,9.9594,2600,0,0.15314501477372658,0.0,0.014916755222904279
-0.1034,-0.7077,9.8937,-1.34,3.5624,-3.6095,-0.0885,-0.7932,9.8912,2601,0,0.1493659429043196,0.0,0.002653389298211123
0.0116,-0.3757,9.919,3.0412,-0.2057,-0.8006,0.1119,-0.3527,9.9166,2602,0,0.15370659276867144,0.0,0.002653389298211123
0.0883,-0.0898,9.8369,-0.4981,3.9411,-2.0836,0.0506,-0.1439,9.8709,2603,0,0.15370659276867144,0.0,0.001742505310404058
0.5418,-0.1932,9.8028,-2.5764,1.9689,0.5151,0.5168,-0.1514,9.8232,2604,0,0.15361879978792273,0.0,0.002064742251024919
0.0107,-0.3709,10.0994,-6.8195,1.4517,3.5852,-0.0116,-0.3581,10.0509,2605,0,0.15370659276867144,0.0,0.0015892486054232152
0.0708,-0.3272,9.79,1.923,-3.7379,-0.631,0.0394,-0.366,9.7765,2606,0,0.15370659276867144,0.0,0.0015892486054232152
-0.2566,-0.5,9.7631,2.2503,4.2883,0.2829,-0.2927,-0.5439,9.7469,2607,0,0.15370659276867144,0.0,0.0015892486054232152
-0.3622,-0.2943,10.0633,-2.1138,-0.206,-1.8441,-0.3633,-0.341,10.1398,2608,0,0.15370659276867144,0.0,0.014872056417053718
-0.2327,-0.3867,9.8445,1.069,-2.2246,-3.6973,-0.2803,-0.39,9.8522,2609,0,0.15370659276867144,0.0,0.004872056417053721
0.3675,-0.0421,9.6739,0.9894,1.4644,0.338,0.4206,-0.0035,9.7018,2610,0,0.15370659276867144,0.0,0.004872056417053721
-0.1437,0.7515,9.7969,-0.0662,-1.8384,2.6584,-0.1508,0.8301,9.8529,2611,0,0.12038112588064602,0.0,0.005104614556588604
0.2298,0.3576,9.6077,-3.79,1.529,0.3655,0.1936,0.3722,9.5194,2612,0,0.15370659276867144,0.0,0.004193730568781539
-0.1739,-0.2713,9.9281,1.2783,-0.8705,1.4223,-0.1766,-0.2129,9.9489,2613,0,0.15370659276867144,0.0,0.004193730568781539
0.1746,0.068,10.0616,4.2871,-1.865,-0.6295,0.0787,0.0887,10.0241,2614,0,0.15370659276867144,0.0,0.005104614556588604
0.5411,-0.0037,9.6934,-2.6888,0.1919,3.5924,0.5982,-0.0476,9.7229,2615,0,0.15488821094857297,0.0,0.005104614556588604
-0.3008,-0.3107,10.1013,1.8089,0.3724,0.7942,-0.332,-0.2577,10.1406,2616,0,0.15370659276867144,0.0,0.005104614556588604
0.6251,-0.2178,10.1838,1.1523,0.7022,-0.1609,0.6709,-0.2644,10.1418,2617,0,0.14805807709964663,0.0,0.002771525684221474
0.4367,-0.002,9.7211,2.7578,0.0887,2.6408,0.4567,0.0158,9.6588,2618,0,0.15370659276867144,0.0,0.002771525684221474
0.0026,-0.3724,9.9804,-1.2691,-0.4127,0.4803,-0.0229,-0.3864,9.9666,2619,0,0.15370659276867144,0.0,0.0049236692882646945
-0.1217,0.2312,10.0425,-1.5459,0.2724,1.7202,-0.1333,0.2929,9.9971,2620,0,0.15370659276867144,0.0,0.02539258924013291
1.143,0.0853,9.9006,-5.8785,0.8654,0.1298,1.1074,0.0893,9.9474,2621,0,0.2945040353437894,0.0,0.0136176803416826
-0.0601,0.1639,10.3284,0.762,-3.7888,0.2291,-0.1039,0.2084,10.3459,2622,0,0.11657305782845909,0.0,0.0026176803416826013
-0.5185,-0.1981,9.7182,0.87,1.4606,-4.4734,-0.5635,-0.2334,9.7231,2623,0,0.15370659276867144,0.0,0.012617680341682602
0.1175,-0.0047,9.7128,-1.6779,0.4528,0.5325,0.1209,0.0081,9.7333,2624,0,0.15370659276867144,0.0,0.0020206654163094674
0.1875,-0.14,10.0438,-0.5028,2.3567,-0.2106,0.1287,-0.0653,10.1156,2625,0,0.15370659276867144,0.0,0.027020665416309472
-0.159,0.8581,9.5525,3.7089,2.2161,-2.695,-0.2132,0.815,9.6779,2626,0,0.12848682945922418,0.0,0.017159554305198353
0.0912,0.2739,9.6126,-6.306,-4.1524,-3.9341,0.1708,0.3089,9.6205,2627,0,0.15370659276867144,0.0,0.017159554305198353
-0.3579,0.144,9.8234,3.576,1.4641,-1.8573,-0.3426,0.1064,9.8087,2628,0,0.15370659276867144,0.0,0.027266995181952827
0.2791,0.3433,9.8289,2.3396,3.2734,-0.9314,0.2982,0.3699,9.8626,2629,0,0.15370659276867144,0.0,0.027266995181952827
-0.0194,0.2188,9.8039,-4.5656,-1.1632,0.7055,0.0152,0.1862,9.8194,2630,0,0.15370659276867144,0.0,0.05726699518195283
-0.3241,0.3021,9.3904,2.6682,0.6008,1.6573,-0.3823,0.3264,9.4998,2631,0,0.15156287216939757,0.0,0.037266995181952825
-0.0052,-0.2533,10.1352,0.7893,1.4795,-7.6437,0.0108,-0.2943,10.0983,2632,0,0.15152296743303956,0.0,0.0021595543051983563
-0.3516,-0.1435,9.7834,-3.5676,-0.9529,-2.8677,-0.4055,-0.1965,9.7314,2633,0,0.15370659276867144,0.0,0.0021595543051983563
-0.0883,0.0428,10.0625,-3.0715,1.644,0.0209,-0.1025,0.1214,10.0352,2634,0,0.15370659276867144,0.0,0.0021595543051983563
0.1961,0.3772,9.8716,4.4989,-0.7503,-2.0945,0.1542,0.4004,9.9249,2635,0,0.15370659276867144,0.0,0.02238965909137791
0.4559,0.1542,10.2044,7.1461,0.4722,1.9109,0.4681,0.1296,10.2042,2636,0,0.15016128171030224,0.0,0.023986674016751048
0.072,-0.1602,9.7389,2.054,2.8905,-0.2521,-0.0545,-0.202,9.6519,2637,0,0.15370659276867144,0.0,0.033986674016751046
-0.1119,-0.3548,9.833,-0.6067,-2.607,-3.7428,-0.0625,-0.3388,9.8441,2638,0,0.15370659276867144,0.0,0.02384778512786216
-0.5856,0.0127,10.033,-1.5164,0.7694,-5.6587,-0.6581,-0.0104,10.0316,2639,0,0.15330394716748852,0.0,0.03419813862354165
-0.0465,0.2415,9.4472,0.6759,0.7069,0.0871,-0.052,0.2329,9.4073,2640,0,0.152691395331968,0.0,0.05447486658803118
-0.4222,-0.2393,9.7621,-3.4058,1.7665,-1.9206,-0.4157,-0.2983,9.7492,2641,0,0.15370659276867144,0.0,0.04319813862354166
-0.3519,-0.0581,9.9113,-3.9096,-2.5205,0.6355,-0.2392,-0.0796,9.9917,2642,0,0.15370659276867144,0.0,0.03319813862354165
-0.0372,-0.0846,9.608,-0.4182,-2.6226,-1.7828,-0.0174,-0.1858,9.6316,2643,0,0.15370659276867144,0.0,0.044198138623541654
-0.0768,0.1341,9.6083,1.5728,-2.7606,-2.6458,-0.0049,0.1618,9.5866,2644,0,0.15370659276867144,0.0,0.02382020027788675
-0.0594,-0.055,10.1353,1.7886,-0.4507,4.9011,-0.0586,-0.1153,10.1614,2645,0,0.15370659276867144,0.0,0.03382020027788675
-0.5929,0.3086,10.0537,-2.2275,2.8101,3.3822,-0.613,0.3678,10.0178,2646,0,0.15370659276867144,0.0,0.026677343135029608
0.2713,-0.2161,9.9136,-5.6998,3.7695,-1.3029,0.2506,-0.183,9.9684,2647,0,0.15370659276867144,0.0,0.043954236184517256
0.1361,-0.3167,9.7207,-1.064,-3.0193,0.2348,0.2424,-0.2956,9.6054,2648,0,0.15370659276867144,0.0,0.05297928291348922
0.414,0.3014,9.6343,1.532,2.2377,-4.5513,0.5192,0.3147,9.6183,2649,0,0.15370659276867144,0.0,0.04357629783886236
0.2809,-0.0939,9.4926,-4.2936,1.5245,-1.0709,0.2363,-0.1355,9.4621,2650,0,0.15370659276867144,0.0,0.023223185352513616
-0.1534,-0.0052,9.8474,0.1175,-2.6763,0.581,-0.2292,-0.0236,9.8636,2651,0,0.15370659276867144,0.0,0.023223185352513616
0.3264,-0.409,9.4102,0.5557,-2.3871,-4.612,0.2857,-0.3029,9.4328,2652,0,0.152968620356603,0.0,0.012299913317003152
0.0362,-0.0069,9.5751,-1.5765,-0.8883,5.4059,-0.018,-0.0101,9.5741,2653,0,0.15370659276867144,0.0,0.0028969282423762853
-0.4561,-0.1421,9.9553,-0.528,1.7024,0.2952,-0.4388,-0.1453,10.0118,2654,0,0.15370659276867144,0.0,0.0028969282423762853
-0.3711,0.1936,9.6319,-1.215,-0.1914,0.5611,-0.3312,0.221,9.6829,2655,0,0.15370659276867144,0.0,0.002380426137515972
-0.4782,-0.1639,9.8726,-1.7504,0.6377,-0.0056,-0.5672,-0.1797,9.9678,2656,0,0.15370659276867144,0.0,0.002356329751973803
-0.0517,-0.206,10.1658,2.4194,-2.1271,1.4943,-0.0608,-0.151,10.2159,2657,0,0.15262407051682947,0.0,0.002356329751973803
-0.3661,-0.0661,9.978,-3.1241,2.2211,-0.2348,-0.3559,0.0024,9.8751,2658,0,0.15370659276867144,0.0,0.004737282132926183
0.2397,0.1275,9.6566,0.8388,2.564,2.0614,0.1999,0.0695,9.686,2659,0,0.15370659276867144,0.0,0.026791866635319225
-0.1591,0.2894,9.6285,3.6637,-3.5611,-3.6838,-0.1848,0.4411,9.5982,2660,0,0.15370659276867144,0.0,0.004656769312413363
-0.3743,0.3347,9.7032,0.7911,-4.1174,0.3825,-0.3737,0.354,9.7217,2661,0,0.15370659276867144,0.0,0.014154259729289789
-0.0059,-0.2113,10.1229,2.1116,1.3734,-3.5922,0.02,-0.2409,10.1166,2662,0,0.15370659276867144,0.0,0.024905913829920658
0.2545,0.0091,9.8762,0.2547,3.9304,-2.6738,0.2594,0.0036,9.8689,2663,0,0.15370659276867144,0.0,0.033742281313609596
0.373,0.6855,9.7964,-4.5112,-1.3512,-2.5154,0.3078,0.7154,9.7948,2664,0,0.15298598980126782,0.0,0.007364785175150185
-0.1516,0.154,9.9131,3.6757,2.2243,-0.7073,-0.1151,0.2858,9.9318,2665,0,0.15370659276867144,0.0,0.03622873750881454
-0.3171,-0.0046,10.1294,4.1255,-4.2479,0.7278,-0.3171,0.0035,10.0669,2666,0,0.15370659276867144,0.0,0.016572055929355286
0.3736,-0.5275,9.9943,5.0248,1.498,-1.5231,0.3246,-0.4901,9.953,2667,0,0.15370659276867144,0.0,0.006383376684072267
0.7649,-0.4033,10.0487,0.3633,-4.3785,-5.7568,0.7584,-0.3406,10.0681,2668,0,0.15679469321777142,0.0,0.013847785127862156
-0.2055,0.5177,9.9748,-2.5057,0.6992,3.4297,-0.247,0.4051,9.959,2669,0,0.15370659276867144,0.0,0.0038477851278621543
-0.227,0.2786,9.577,4.5928,-0.032,-0.8768,-0.2726,0.3133,9.5254,2670,0,0.15370659276867144,0.0,0.0038477851278621543
0.1918,0.2997,10.0152,-2.3491,0.4315,-1.342,0.2242,0.266,10.2041,2671,0,0.15113111277035057,0.0,0.019579131344172426
-0.7632,-0.1088,10.0255,0.9617,2.5489,0.9613,-0.7608,-0.0495,10.0254,2672,0,0.1684367626403656,0.0,0.009990529904763748
-0.6557,-0.1398,9.5994,-4.5179,-3.3357,1.9923,-0.7079,-0.2262,9.5756,2673,0,0.1493305095272702,0.0,0.009990529904763748
-0.119,0.1681,10.0586,-2.7417,-2.7929,1.6819,-0.1254,0.195,9.9775,2674,0,0.15370659276867144,0.0,0.028894446081918757
-0.1392,-0.1462,9.6776,-4.2276,-3.3136,3.2291,-0.187,-0.0667,9.6575,2675,0,0.15370659276867144,0.0,0.043624841088385935
-0.438,0.653,9.6457,-4.0066,-0.464,-1.9773,-0.3863,0.5962,9.6047,2676,0,0.15318370441863025,0.0,0.05848611040182864
-0.3914,-0.1505,9.9329,1.4075,2.8014,-6.0737,-0.3607,-0.1617,9.8956,2677,0,0.15370659276867144,0.0,0.04943347882288127
0.2363,-0.6031,9.9061,-1.587,1.7495,-2.8221,0.2726,-0.631,9.8744,2678,0,0.15046566388108779,0.0,0.04829743115654562
-0.3032,0.4002,9.6756,7.8785,-2.4373,-2.8381,-0.3473,0.4346,9.6905,2679,0,0.14529850134975228,0.0,0.02829743115654562
-0.4434,0.181,9.9653,-0.6827,0.5674,1.9191,-0.5048,0.2333,10.0201,2680,0,0.15370659276867144,0.0,0.038258596205089306
0.1356,-0.0014,9.7916,-1.4953,2.4522,0.4734,0.171,0.1339,9.7404,2681,0,0.15370659276867144,0.0,0.042230687531821104
0.0921,0.2506,9.749,2.1126,-6.0666,-0.9268,0.0768,0.2329,9.7323,2682,0,0.15370659276867144,0.0,0.04178809072531741
0.2941,0.0026,9.5227,2.1633,8.5362,3.3662,0.312,0.0127,9.5253,2683,0,0.1357653036298103,0.0,0.01238484108838593
0.2533,0.3443,10.018,-4.2302,-1.4841,-1.919,0.253,0.2594,9.9724,2684,0,0.15370659276867144,0.0,0.0024158182779100085
-0.4673,-0.3112,9.891,-2.2025,-5.7088,0.0274,-0.4464,-0.3103,9.8154,2685,0,0.15370659276867144,0.0,0.010424649795972036
0.0428,0.4408,9.4089,3.5478,-0.5061,-2.5376,0.0847,0.4348,9.3821,2686,0,0.15052563129402807,0.0,0.04238484108838593
-0.1662,0.1304,10.1385,2.5438,0.785,5.1395,-0.1545,0.1803,10.1109,2687,0,0.15370659276867144,0.0,0.041818803352536876
0.266,-0.3705,9.7955,-0.4734,-2.4797,-1.5537,0.2183,-0.3154,9.7515,2688,0,0.15370659276867144,0.0,0.04238484108838593
0.1568,0.1075,9.8461,-2.232,-3.2427,0.8703,0.2131,0.1916,9.8354,2689,0,0.15370659276867144,0.0,0.013468780239104612
-0.1248,0.0382,9.8337,-0.1309,-2.9832,-4.2793,-0.0408,0.0333,9.8408,2690,0,0.15370659276867144,0.0,0.01241581827791001
-0.1173,-0.049,9.7026,-1.8342,-2.1222,-1.4066,-0.1007,-0.1274,9.7014,2691,0,0.15370659276867144,0.0,0.01241581827791001
0.0502,-0.3564,9.6222,1.2032,5.4927,-3.4662,0.014,-0.3841,9.5454,2692,0,0.15370659276867144,0.0,0.01285746165023979
-0.0499,-0.1056,9.6782,-2.5391,-0.8563,-1.6965,-0.1241,-0.124,9.6768,2693,0,0.15370659276867144,0.0,0.012536948829726969
-0.2651,-0.3293,10.1097,-4.7658,-1.7257,-3.7649,-0.2923,-0.3761,10.1146,2694,0,0.15370659276867144,0.0,0.011939933904353835
-0.0612,0.1136,9.825,0.2487,-1.8715,-0.8733,-0.13,0.1639,9.8529,2695,0,0.15370659276867144,0.0,0.013094352023223281
-0.1524,0.19,9.8521,3.557,1.4585,7.8629,-0.1457,0.2639,9.866,2696,0,0.14851901797221376,0.0,0.011818803352536876
0.631,0.0236,9.8547,-0.0549,2.4035,0.6066,0.6537,0.0573,9.933,2697,0,0.1552609261690157,0.0,0.016668653202386724
0.5307,-0.4891,9.9484,-3.078,3.3574,-4.3022,0.5002,-0.5528,10.0174,2698,0,0.15370659276867144,0.0,0.011818803352536876
-0.0816,-0.289,10.44,-0.6369,2.5701,2.8129,-0.0759,-0.2393,10.4282,2699,0,0.0869182555136734,0.0,0.0021393161730496944
-0.09,0.4199,9.9566,-4.7496,-0.7397,-1.0445,-0.0774,0.4955,9.9975,2700,0,0.15370659276867144,0.0,0.002008539829651992
0.3214,-0.2766,9.9242,-2.0272,-1.188,-5.0701,0.3531,-0.3026,10.0232,2701,0,0.15370659276867144,0.0,0.0070568985906321125
-0.2806,-0.4757,9.5711,-2.5908,2.7358,4.5852,-0.1923,-0.4388,9.5605,2702,0,0.15370659276867144,0.0,0.0003818281335522715
0.2491,0.2006,9.4019,2.7016,-0.3452,4.2556,0.2474,0.2328,9.3374,2703,0,0.1434169812757765,0.0,0.0017759816901171083
0.1893,0.4205,10.1894,1.1802,5.1087,-4.6171,0.2097,0.3768,10.1614,2704,0,0.15370659276867144,0.0,0.001814816641573419
0.046,0.373,10.1059,-0.2441,-3.6549,4.2144,0.0172,0.4991,10.1231,2705,0,0.15370659276867144,0.0,0.001814816641573419
0.7922,-0.2281,9.898,0.3972,4.1127,-0.2206,0.7373,-0.2184,9.9144,2706,0,0.15557955017382005,0.0,0.0017759816901171083
0.0435,0.0707,9.8714,4.9081,1.8787,-0.672,-0.0339,0.0221,9.8812,2707,0,0.15370659276867144,0.0,0.012762185062626052
-0.3804,-0.3035,9.6065,2.7176,-0.3102,-2.3665,-0.3801,-0.3099,9.6464,2708,0,0.15370659276867144,0.0,0.012762185062626052
0.007,-0.02,9.7597,3.4321,-2.7251,1.2805,0.0387,-0.0112,9.7393,2709,0,0.15370659276867144,0.0,0.0017759816901171083
0.3686,-0.645,10.0516,2.1962,-0.6831,-2.2518,0.3672,-0.6792,9.9735,2710,0,0.15496411884908143,0.0,0.002762185062626051
-0.4727,0.0683,10.0723,-4.4432,-1.3585,1.0297,-0.4682,0.1294,10.0625,2711,0,0.15370659276867144,0.0,0.002762185062626051
-0.2401,-0.0694,9.7452,-2.5956,-1.2124,-5.338,-0.2156,-0.0652,9.7308,2712,0,0.15370659276867144,0.0,0.001814816641573419
-0.0325,0.1769,9.8278,2.4027,1.736,-3.1086,0.0227,0.136,9.8857,2713,0,0.15370659276867144,0.0,0.0017759816901171083
0.4709,0.2438,9.9419,4.0496,1.3075,-0.2903,0.4347,0.2665,9.8866,2714,0,0.15370659276867144,0.0,0.006861454866729526
-0.6752,-0.254,10.0774,-2.9492,-5.8337,3.7308,-0.5698,-0.2839,10.1018,2715,0,0.1537691488359536,0.0,0.011890766008662028
-0.4809,0.015,9.9969,2.7283,0.8265,3.1857,-0.516,0.0138,10.0141,2716,0,0.15370659276867144,0.0,0.0018907660086620265
-0.2749,-0.1917,9.9573,-3.3132,-2.4104,3.3589,-0.305,-0.2644,9.9777,2717,0,0.15370659276867144,0.0,0.0016233596286342872
0.1087,-0.0356,9.9644,-0.9827,4.2491,1.2373,0.0967,0.0189,9.9399,2718,0,0.15370659276867144,0.0,0.0017020352175407972
0.0876,0.2941,9.9317,1.1353,-4.9802,0.3064,0.0844,0.3069,9.8863,2719,0,0.15370659276867144,0.0,0.0017020352175407972
-0.4988,0.2141,9.896,-0.1282,-3.1179,-1.7604,-0.5064,0.2419,9.8806,2720,0,0.15370659276867144,0.0,0.0017020352175407972
0.0407,0.0975,9.601,0.6962,-1.7224,-3.3097,-0.074,0.0527,9.7203,2721,0,0.15370659276867144,0.0,0.00291545513096071
0.0306,0.2511,10.0801,-2.4689,0.4354,-0.4556,0.1496,0.2919,10.1148,2722,0,0.15370659276867144,0.0,0.0019306066461122256
-0.0082,0.416,9.644,0.6612,0.2407,-5.9309,0.0065,0.3559,9.554,2723,0,0.15370659276867144,0.0,0.012876620179504401
-0.1729,0.389,9.7705,-0.6191,0.3062,0.7261,-0.1925,0.3576,9.7062,2724,0,0.15370659276867144,0.0,0.012876620179504401
-0.1007,0.1529,10.1704,-0.5256,-1.1514,-0.9248,-0.0923,0.1044,10.1447,2725,0,0.15370659276867144,0.0,0.0028766201795044
-0.0269,-0.1489,9.5753,1.1619,0.5415,2.4526,-0.0882,-0.1845,9.5282,2726,0,0.15370659276867144,0.0,0.017572099383844363
-0.0829,0.0606,9.7905,-3.1465,2.5036,-3.8294,-0.0397,0.02,9.8392,2727,0,0.15370659276867144,0.0,0.007572099383844365
-0.1961,-0.1348,9.4286,2.1955,-0.2903,4.2892,-0.1148,-0.1557,9.4475,2728,0,0.1534046229755623,0.0,0.017572099383844363
0.2237,-0.3202,9.8838,-2.4029,3.4727,-4.1543,0.2521,-0.256,9.9688,2729,0,0.15370659276867144,0.0,0.007693229935661322
-0.2087,-0.1071,9.6771,-2.6467,-0.1833,5.2472,-0.2332,-0.0461,9.6399,2730,0,0.15370659276867144,0.0,0.017815975989166753
-0.2226,0.3921,10.2239,0.4955,1.696,2.9286,-0.2262,0.3794,10.2783,2731,0,0.14833163816937106,0.0,0.008125776112888351
0.1847,0.0105,9.9601,1.3688,-1.7957,3.0111,0.2576,-0.0445,9.9482,2732,0,0.15370659276867144,0.0,0.007913010155441541
-0.2753,-0.0811,9.8186,-8.6445,-0.1447,2.3274,-0.3501,0.0157,9.8242,2733,0,0.1458499173853834,0.0,0.0076533892982111225
-0.2394,0.3497,10.0392,2.8993,-1.8243,2.5017,-0.2901,0.2617,9.9411,2734,0,0.15370659276867144,0.0,0.019032118824550207
-0.0572,-0.0549,9.6132,-0.1876,-2.6351,1.2097,0.0316,-0.0235,9.6888,2735,0,0.15370659276867144,0.0,0.019344860766606357
0.2592,-0.1233,10.0027,0.8113,-3.4572,-0.2066,0.2564,-0.2844,9.9566,2736,0,0.15370659276867144,0.0,0.009205971877717472
0.3277,-0.8484,9.8552,4.2297,-0.2248,0.7375,0.3335,-0.8455,9.7651,2737,0,0.1267923527871862,0.0,0.029146917362357746
-0.3224,0.0427,9.7438,-0.4096,-2.0939,-2.4585,-0.3289,-0.0144,9.7693,2738,0,0.15370659276867144,0.0,0.01914691736235774
0.5343,0.385,9.6533,1.765,-1.1886,3.347,0.4951,0.3679,9.6275,2739,0,0.15370659276867144,0.0,0.009146917362357742
-0.2835,-0.3304,9.7882,-0.2207,-1.3782,2.3394,-0.3534,-0.3054,9.7799,2740,0,0.15370659276867144,0.0,0.009146917362357742
-0.7392,0.1517,9.4239,1.2655,2.7181,-7.0283,-0.8157,0.0725,9.4192,2741,0,0.1075670881736561,0.0,0.008126996165663472
-0.0697,0.2923,9.6911,-6.0183,-1.2558,3.5069,-0.1629,0.2419,9.7243,2742,0,0.15370659276867144,0.0,0.0041269961656634725
-0.108,0.1958,9.8977,1.9089,1.1242,0.2378,-0.0022,0.1085,9.8078,2743,0,0.15370659276867144,0.0,0.0041269961656634725
0.024,-0.0697,9.5307,-1.8607,-3.5566,3.8496,0.0693,-0.1403,9.6014,2744,0,0.15370659276867144,0.0,0.008281635340921203
-0.0354,0.3509,9.6125,1.2249,-2.5869,-0.7019,-0.0936,0.325,9.6828,2745,0,0.15370659276867144,0.0,0.008126996165663472
0.1839,-0.4216,9.6365,-5.8675,3.3401,-4.7057,0.2301,-0.3501,9.6359,2746,0,0.15370659276867144,0.0,0.0025014954527841186
-0.2367,0.1669,10.0163,2.0723,1.2137,-1.1009,-0.2964,0.2128,10.0191,2747,0,0.15370659276867144,0.0,0.012656134628041852
0.0567,0.2419,9.8327,0.1187,5.8106,2.5497,0.1284,0.2382,9.8514,2748,0,0.15370659276867144,0.0,0.002656134628041851
0.3101,0.0606,9.8243,1.2762,-0.125,-0.1159,0.3227,0.0016,9.9666,2749,0,0.15370659276867144,0.0,0.002656134628041851
0.3559,0.5703,9.8516,5.9351,6.6157,1.8807,0.331,0.5376,9.8182,2750,0,0.15355074445237718,0.0,0.0028886927675767344
0.376,-0.1562,9.3482,-3.4248,0.3628,1.232,0.3901,-0.3059,9.372,2751,0,0.14998839392533805,0.0,0.0025681799470639137
0.3322,-0.0523,9.9967,-0.0608,-0.3107,-0.1357,0.3427,0.0016,10.0334,2752,0,0.15370659276867144,0.0,0.0028886927675767344
-0.4576,-0.4254,9.6989,1.1649,3.0832,3.318,-0.4923,-0.5548,9.7422,2753,0,0.15370659276867144,0.0,0.0028886927675767344
0.1645,-0.3533,9.963,0.153,2.4874,-4.4147,0.1725,-0.3565,9.9531,2754,0,0.15370659276867144,0.0,0.0028097422094684626
-0.1284,-0.1667,9.7216,-0.2719,2.3321,-3.5149,-0.176,-0.2837,9.7124,2755,0,0.15370659276867144,0.0,0.0028097422094684626
-0.7863,0.0147,10.165,0.5474,1.6462,3.4321,-0.8842,0.0179,10.1387,2756,0,0.13120772709741785,0.0,0.001315561537708787
0.1039,0.1462,9.5939,0.679,1.7093,1.5266,0.0989,0.1244,9.5445,2757,0,0.15370659276867144,0.0,0.001394512095817059
0.1883,0.3717,9.9181,1.1646,0.8161,-0.0429,0.2111,0.4215,9.8671,2758,0,0.15370659276867144,0.0,0.001315561537708787
0.4629,0.5235,9.5444,3.2264,-4.7096,-3.1598,0.4823,0.5737,9.6091,2759,0,0.15355074445237718,0.0,0.001239872920559327
0.2979,0.3328,9.7125,-1.8763,-2.9137,5.0443,0.3134,0.4121,9.6689,2760,0,0.15370659276867144,0.0,0.001239872920559327
-0.6135,0.0272,10.2186,3.1681,0.0287,3.8933,-0.5493,0.0246,10.1819,2761,0,0.15339472891707076,0.0,0.001239872920559327
-0.562,-0.0554,9.863,-2.3921,6.6446,-4.0347,-0.517,-0.0929,9.8431,2762,0,0.15370659276867144,0.0,0.001239872920559327
0.5855,0.0517,9.6416,-0.5164,0.2528,-1.948,0.6392,0.0563,9.6987,2763,0,0.15532985235397145,0.0,0.001239872920559327
0.0979,-0.0957,9.7824,2.3968,2.1671,3.3804,0.0912,-0.1227,9.8546,2764,0,0.15370659276867144,0.0,0.001239872920559327
0.0964,-0.0789,10.0056,0.4788,6.0562,0.4896,0.1054,-0.1568,10.0319,2765,0,0.15370659276867144,0.0,0.001394512095817059
0.4046,-0.0439,9.9571,1.6268,3.4315,-1.1048,0.4353,0.0018,10.0092,2766,0,0.15370659276867144,0.0,0.001394512095817059
0.2613,-0.1451,10.0752,-1.3731,3.2793,-1.0827,0.1959,-0.1312,10.0924,2767,0,0.15370659276867144,0.0,0.001394512095817059
-0.0543,0.1423,9.4416,-5.0007,0.4712,-1.4998,0.0432,0.1815,9.4625,2768,0,0.15370659276867144,0.0,0.001394512095817059
0.6104,-0.595,9.7128,3.3447,2.5396,0.7935,0.6293,-0.6344,9.724,2769,0,0.1518102200341977,0.0,0.001239872920559327
0.4902,0.4532,9.7175,-1.3559,-0.6556,-0.4682,0.4818,0.5194,9.7225,2770,0,0.15370659276867144,0.0,0.0005805322612186677
0.1977,-0.1848,9.9253,0.6326,0.7443,-6.0806,0.2423,-0.2651,9.8965,2771,0,0.15370659276867144,0.0,0.001239872920559327
0.0515,0.2395,9.6955,-0.1128,0.3011,-1.3108,0.1013,0.2652,9.6709,2772,0,0.15370659276867144,0.0,0.0005805322612186677
-0.0161,-0.4374,9.7866,-4.0688,2.3998,-0.4684,-0.0338,-0.4929,9.6281,2773,0,0.15370659276867144,0.0,0.00033398393774726725
-0.3067,0.0313,9.966,-5.5852,-2.4665,-0.534,-0.3304,0.0055,9.9039,2774,0,0.15370659276867144,0.0,0.0005805322612186677
0.2454,-0.2878,9.7411,-1.8507,3.9667,4.7905,0.2866,-0.3771,9.7509,2775,0,0.15370659276867144,0.0,0.00033398393774726725
0.5307,-0.0949,9.8255,7.1638,-0.782,2.2705,0.5796,-0.1141,9.8135,2776,0,0.1509079737460971,0.0,0.0002600194407058472
0.5267,0.0744,9.6675,3.222,0.8225,-1.2746,0.4876,0.0259,9.6862,2777,0,0.15370659276867144,0.0,0.0002600194407058472
-0.1922,-0.5014,10.044,2.5999,0.6011,1.5161,-0.1842,-0.5246,10.1183,2778,0,0.15370659276867144,0.0,0.0009193601000465065
0.4341,-0.077,9.8964,0.4557,-4.2221,1.3964,0.3933,-0.1525,9.9985,2779,0,0.15370659276867144,0.0,0.0009193601000465065
-0.2175,0.2068,9.8814,-4.863,-2.3411,4.9355,-0.2057,0.216,9.9071,2780,0,0.15370659276867144,0.0,0.0009193601000465065
0.0703,0.1005,10.0151,2.263,-5.7526,2.5998,-0.0225,0.1178,10.0156,2781,0,0.15370659276867144,0.0,0.0009193601000465065
-0.0608,0.0757,9.511,-2.0032,5.0153,-0.3165,-0.0889,0.0723,9.499,2782,0,0.15370659276867144,0.0,0.010260019440705847
0.2067,0.3519,9.4645,-0.9717,0.5024,3.6999,0.1618,0.3248,9.4911,2783,0,0.15370659276867144,0.0,0.00019509504885837836
0.4695,0.1158,9.6558,-3.1844,3.9093,3.0287,0.3782,0.142,9.7431,2784,0,0.15370659276867144,0.0,0.00019509504885837836
-0.2154,0.0886,9.684,1.2715,-2.0651,-0.3209,-0.2533,0.0024,9.7141,2785,0,0.15370659276867144,0.0,0.00019509504885837836
0.0986,-0.1328,9.8129,-1.9889,1.7123,-3.1717,0.029,-0.1297,9.7712,2786,0,0.15370659276867144,0.0,0.00019509504885837836
0.3797,0.2841,9.5698,-1.6472,0.0676,2.2666,0.4648,0.3692,9.6039,2787,0,0.15370659276867144,0.0,0.00023493568630857757
-0.4459,0.2682,9.7005,-2.9469,0.2002,-1.3439,-0.4108,0.2392,9.6545,2788,0,0.15370659276867144,0.0,0.00019509504885837836
0.0586,0.148,9.6362,4.9664,2.4594,0.93,0.0346,0.0481,9.5734,2789,0,0.15370659276867144,0.0,0.005121130551816958
0.1376,-0.1884,9.9254,1.3857,-2.3757,-5.7286,0.0879,-0.1668,9.8778,2790,0,0.15370659276867144,0.0,0.005121130551816958
-0.5423,-0.1823,9.6519,-1.6622,4.4086,1.235,-0.564,-0.2583,9.7039,2791,0,0.15370659276867144,0.0,0.005121130551816958
0.1389,-0.3626,9.4709,1.5646,0.0685,3.0359,0.1417,-0.4277,9.4559,2792,0,0.15370659276867144,0.0,0.00019509504885837836
0.0612,-0.4427,9.6099,0.885,-1.9357,-1.5569,0.0778,-0.3966,9.6131,2793,0,0.15370659276867144,0.0,0.005195095048858378
-0.3241,-0.5389,10.0529,-1.612,0.6705,0.7778,-0.2356,-0.5368,10.1139,2794,0,0.15370659276867144,0.0,0.00019509504885837836
0.1878,0.29,9.5858,-1.3126,0.1719,2.7434,0.1396,0.2188,9.5945,2795,0,0.15370659276867144,0.0,0.00019509504885837836
0.1868,0.0122,9.9676,-1.8067,-5.0696,-6.2336,0.1868,-0.0034,10.0038,2796,0,0.15370659276867144,0.0,0.00019509504885837836
-0.1744,-0.2853,9.7045,3.4682,0.3268,-2.2344,-0.2575,-0.2447,9.6131,2797,0,0.15370659276867144,0.0,0.01019509504885838
0.1086,0.4447,9.8573,-1.6462,2.2453,2.9937,0.1714,0.4562,9.9716,2798,0,0.15370659276867144,0.0,0.01019509504885838
0.1177,-0.2207,9.6389,-1.2616,-5.0329,-5.3404,0.1248,-0.2972,9.6292,2799,0,0.15370659276867144,0.0,0.01019509504885838
-0.1351,-0.3654,9.9037,-5.0741,7.5214,3.6285,-0.0698,-0.4014,9.9942,2800,0,0.1480754072343844,0.0,0.01019509504885838
0.2164,-0.3865,9.8404,5.4368,-1.9393,-4.2385,0.2169,-0.4562,9.8024,2801,0,0.15370659276867144,0.0,0.005195095048858378
0.7395,0.2178,9.6677,-1.1426,-2.6444,0.9905,0.75,0.1374,9.6406,2802,0,0.15144713348187122,0.0,0.01023493568630858
0.156,0.0963,10.1238,-1.9559,2.1336,7.199,0.1333,0.0705,10.1478,2803,0,0.15314501477372658,0.0,0.00011380513449161931
-0.7065,-0.2469,9.9895,3.2165,0.4859,-1.9207,-0.6295,-0.2656,9.9734,2804,0,0.15396826642394992,0.0,0.010113805134491621
0.0076,0.1017,9.6743,-0.3506,2.3628,0.1165,0.0126,0.0723,9.6822,2805,0,0.15370659276867144,0.0,0.01023493568630858
-0.3514,0.4802,9.7153,2.2296,-0.3725,3.15,-0.2988,0.3876,9.6847,2806,0,0.15370659276867144,0.0,0.005995128807474392
0.25,-0.6092,9.9476,-1.5143,-3.1971,-2.8814,0.2577,-0.6491,9.9197,2807,0,0.15199271031478814,0.0,0.0008739982556574332
-0.0591,-0.3578,10.033,-1.0589,0.7725,0.0687,0.0019,-0.3366,10.1407,2808,0,0.15370659276867144,0.0,0.0009499476227460409
0.2581,-0.3997,9.6981,1.3561,2.3865,2.826,0.1852,-0.343,9.7209,2809,0,0.15370659276867144,0.0,0.002671078174562999
0.3094,-0.4073,9.5508,6.8688,-0.4749,-0.8251,0.3527,-0.4118,9.5881,2810,0,0.15242389511884455,0.0,0.00255727304007138
0.1525,-0.5813,9.8774,0.3105,3.2205,-5.2914,0.1127,-0.6828,9.8496,2811,0,0.14007239036219443,0.0,0.0018743872567978013
0.1812,-0.4257,9.5362,-2.374,0.9194,-2.7867,0.2544,-0.414,9.5295,2812,0,0.15370659276867144,0.0,0.0018743872567978013
-0.0689,-0.1491,9.8546,-2.6203,-4.1454,4.2729,-0.0294,-0.1371,9.9065,2813,0,0.15370659276867144,0.0,0.0019142278942480004
0.2662,0.0244,9.6221,3.0831,1.2352,1.6726,0.2432,0.0566,9.6568,2814,0,0.15370659276867144,0.0,0.0019142278942480004
-0.2856,0.0984,9.6372,2.0342,4.4625,-4.3758,-0.2898,0.1517,9.5969,2815,0,0.15370659276867144,0.0,0.0019142278942480004
0.0563,0.3709,9.4731,1.8962,0.0401,0.9787,0.0806,0.3634,9.467,2816,0,0.15370659276867144,0.0,0.0019142278942480004
-0.2208,0.0694,9.8198,3.2523,-2.7886,-6.1181,-0.259,0.0122,9.7965,2817,0,0.15370659276867144,0.0,0.0002690467095196497
0.4806,-0.0665,9.8286,4.2073,5.4123,-0.834,0.5165,-0.1948,9.8252,2818,0,0.15370659276867144,0.0,0.0002690467095196497
-0.0398,0.0677,9.8116,-1.4953,0.9795,-1.5851,-0.0165,0.1921,9.8461,2819,0,0.15370659276867144,0.0,0.001330878944118422
0.3295,0.5233,9.9242,-0.9501,1.0213,3.5763,0.3855,0.5201,10.0584,2820,0,0.15355074445237718,0.0,0.0002690467095196497
-0.1216,-0.1866,9.7972,-2.0746,0.7363,-4.2071,-0.0752,-0.1873,9.717,2821,0,0.15370659276867144,0.0,0.0002690467095196497
-0.2054,-0.161,9.7252,2.2469,1.2596,0.5047,-0.2877,-0.0728,9.6695,2822,0,0.15370659276867144,0.0,0.0002690467095196497
0.0908,-0.1045,9.7599,0.981,5.7946,0.2537,0.0782,-0.1437,9.7222,2823,0,0.15370659276867144,0.0,0.0002690467095196497
0.1464,-0.6042,10.1425,0.4096,2.0383,4.1095,0.1723,-0.6636,10.184,2824,0,0.15015243317390548,0.0,0.01034301120656107
0.1034,-0.0906,9.5947,0.5481,-6.8771,0.4017,-0.0146,-0.068,9.553,2825,0,0.15371468931029958,0.0,0.011867061839472462
0.2022,0.127,9.4843,-3.4957,-1.5655,0.2979,0.2166,0.125,9.4228,2826,0,0.152968620356603,0.0,0.0019881923912894207
-0.7322,0.0171,9.6617,0.2031,-1.6667,-0.0967,-0.6884,0.0716,9.6107,2827,0,0.14970848450185453,0.0,0.00038819239128942056
0.3214,0.2404,9.7544,-0.0136,3.6492,2.296,0.3162,0.2185,9.7257,2828,0,0.15370659276867144,0.0,0.00038819239128942056
-0.3594,0.1296,9.7496,-5.0377,-6.8861,-1.4061,-0.3943,0.0709,9.7028,2829,0,0.15371468931029958,0.0,0.0002670618394724622
0.0894,-0.008,9.8018,1.242,-4.4017,-1.0942,0.1037,-0.0713,9.8258,2830,0,0.15370659276867144,0.0,0.00041228877683158915
0.3129,0.2462,9.9576,1.3426,3.6584,1.9353,0.2318,0.1021,9.9445,2831,0,0.15370659276867144,0.0,0.00041228877683158915
0.0021,0.0368,9.786,3.8102,4.9208,-4.5949,0.0398,0.0457,9.7619,2832,0,0.15370659276867144,0.0,0.0002911582250146309
0.0904,-0.2938,9.7673,0.4912,-2.9279,-1.3783,0.1099,-0.3537,9.78,2833,0,0.15370659276867144,0.0,0.0002911582250146309
0.3779,-0.5457,9.9849,-4.0147,-4.1739,2.0754,0.3766,-0.4996,9.9146,2834,0,0.15370659276867144,0.0,0.0002911582250146309
0.523,0.0697,9.8207,-0.5056,0.0779,-2.4805,0.5341,0.0455,9.9133,2835,0,0.15370659276867144,0.0,0.0002911582250146309
-0.2247,-0.0059,9.9617,4.7828,-1.6087,2.1504,-0.2188,0.0463,9.9693,2836,0,0.15370659276867144,0.0,0.0002911582250146309
0.0748,0.0898,9.639,0.0416,-2.0278,4.0492,-0.0373,0.0968,9.6267,2837,0,0.15370659276867144,0.0,0.001328894074071235
0.1192,-0.0483,10.1708,1.6599,5.1178,3.9899,0.0712,0.0052,10.164,2838,0,0.15370659276867144,0.0,0.0015416600315180432
0.5186,0.1943,10.0549,4.802,1.0809,2.5485,0.5421,0.2783,10.0601,2839,0,0.15370659276867144,0.0,0.0005039241824614393
0.3648,-0.2234,10.2667,-4.698,-0.136,2.8911,0.3497,-0.2338,10.2637,2840,0,0.15135784453201792,0.0,0.0002670618394724622
0.1591,0.1391,10.218,0.5455,-2.8356,-1.4471,0.2025,0.0597,10.2034,2841,0,0.15262407051682947,0.0,0.010447001421802483
0.3187,-0.3276,9.6683,-2.8977,-3.2525,-1.9578,0.3929,-0.3547,9.6593,2842,0,0.15370659276867144,0.0,0.00047982779691927075
-0.5573,-0.6421,9.8698,-0.8335,-0.3552,1.5705,-0.5386,-0.6811,9.9107,2843,0,0.1492381456716221,0.0,0.0002670618394724622
-0.5457,-0.213,9.9084,-6.463,1.2844,0.6736,-0.4718,-0.1882,9.8723,2844,0,0.15370659276867144,0.0,0.0001930973424310421
0.3371,0.0146,10.2133,0.4813,0.5415,-4.575,0.3278,-0.0678,10.1443,2845,0,0.15370659276867144,0.0,0.0002911582250146309
0.1842,0.6565,9.7677,-1.2948,-4.1518,-1.1384,0.2101,0.6934,9.7548,2846,0,0.15140503956274706,0.0,0.0002670618394724622
-0.0953,0.0645,9.9982,1.4902,-1.3326,1.0357,-0.1192,0.0834,10.0829,2847,0,0.15370659276867144,0.0,0.0002670618394724622
0.3062,0.3908,10.1937,-0.9403,1.1361,0.9591,0.3316,0.4073,10.2171,2848,0,0.1526504524297057,0.0,0.0002670618394724622
0.2425,-0.2045,9.7891,5.0341,-3.8266,-3.2523,0.3181,-0.0997,9.7565,2849,0,0.15370659276867144,0.0,0.0008000337586160132
-0.2057,0.2372,9.6666,-0.1193,-1.7097,1.6511,-0.1581,0.2421,9.7128,2850,0,0.15370659276867144,0.0,0.00038819239128942056
0.3351,0.136,9.8328,0.2536,-0.7088,-0.9385,0.3336,0.1132,9.724,2851,0,0.15370659276867144,0.0,0.00038819239128942056
-0.0456,-0.4912,10.0237,4.189,0.2612,-2.4162,-0.0561,-0.4693,10.058,2852,0,0.15370659276867144,0.0,0.012924782389202315
0.1053,0.3468,9.7996,3.5587,-0.7747,-3.595,0.1236,0.3305,9.7877,2853,0,0.15370659276867144,0.0,0.013153577954350562
0.3172,0.3555,9.6006,3.8532,5.3267,2.9399,0.2781,0.3665,9.5924,2854,0,0.15370659276867144,0.0,0.0402794057689201
0.4207,0.5135,9.7639,1.9816,-3.3994,-2.7386,0.3285,0.522,9.6687,2855,0,0.15370659276867144,0.0,0.034191144076974524
0.041,-0.2436,9.9411,1.7558,-0.896,-0.2099,0.0529,-0.2296,9.9511,2856,0,0.15370659276867144,0.0,0.05073228988463117
-0.1175,-0.3935,10.3424,0.3565,1.5461,0.9918,-0.095,-0.4062,10.4071,2857,0,0.08899472061273189,0.0,0.07119028975672716
-0.0682,-0.0847,9.6349,0.1078,2.4138,3.0798,-0.047,-0.132,9.6779,2858,0,0.15370659276867144,0.0,0.04915357795435056
0.3579,-0.1723,9.7537,-0.9046,1.5973,-2.2135,0.3599,-0.179,9.7476,2859,0,0.15370659276867144,0.0,0.039308217129608296
0.0534,0.2426,9.6,-4.2254,-5.5644,-4.9167,0.0347,0.2065,9.613,2860,0,0.15370659276867144,0.0,0.03321995543766272
-0.0345,-0.2272,9.737,-1.4772,-0.2705,-0.8614,-0.0141,-0.1388,9.7203,2861,0,0.15370659276867144,0.0,0.05334805776705849
0.1773,-0.3017,10.1204,-2.3115,-0.8128,-3.4964,0.2007,-0.2323,10.1108,2862,0,0.15370659276867144,0.0,0.05425894175486556
-0.1425,0.1411,9.6778,-0.9812,4.5879,6.9198,-0.195,0.2015,9.6737,2863,0,0.15314501477372658,0.0,0.03918011480021253
0.0092,0.2085,9.793,6.7475,3.2858,-2.5399,-0.0008,0.1814,9.817,2864,0,0.15242389511884455,0.0,0.02393635961276186
0.0172,0.0227,9.6797,3.8877,-4.2114,-0.035,-0.0047,0.0444,9.6402,2865,0,0.15370659276867144,0.0,0.03413083942546979
0.2199,0.2524,9.692,-0.53,-1.9253,-2.8634,0.2278,0.237,9.7352,2866,0,0.15370659276867144,0.0,0.034746215580741674
0.2281,-0.2289,9.6415,-5.3287,3.801,-3.7479,0.1553,-0.3096,9.655,2867,0,0.15370659276867144,0.0,0.03282914225518446
0.0377,0.1275,9.9535,-3.6194,2.2405,-3.5406,0.0377,0.1211,9.9421,2868,0,0.15370659276867144,0.0,0.013855458044658143
-0.0376,-0.5465,9.7725,2.7593,1.4014,-3.777,0.0041,-0.5831,9.7878,2869,0,0.15360476376730087,0.0,0.014061362827314206
-0.4528,0.3125,9.6161,-3.9267,-1.4284,1.6282,-0.5318,0.1981,9.5397,2870,0,0.15370659276867144,0.0,0.01908545867704921
0.0442,-0.2847,9.8402,1.4639,0.361,1.3135,-0.0101,-0.3722,9.8032,2871,0,0.15370659276867144,0.0,0.03805914288757553
-0.4862,0.6805,9.8202,-3.9143,-5.1989,-0.8552,-0.4111,0.589,9.8523,2872,0,0.15318370441863025,0.0,0.022055105504930343
-0.2158,-0.0605,9.8971,-1.0597,1.9084,-2.9116,-0.2245,0.0075,9.892,2873,0,0.15370659276867144,0.0,0.04328546584226742
-0.3103,0.0119,10.1729,-2.4249,4.7028,7.4693,-0.3736,0.0659,10.1448,2874,0,0.15202204242360534,0.0,0.039810581190675765
0.0842,0.1658,10.0707,-4.1547,-1.0902,-6.1939,0.0795,0.1474,10.1324,2875,0,0.15370659276867144,0.0,0.014733853226186233
0.0345,0.4027,9.8794,-4.2015,1.5153,2.9209,0.0084,0.3992,9.9147,2876,0,0.15370659276867144,0.0,0.013707537436712549
0.2053,0.0276,9.7654,-0.6913,0.3475,-0.7651,0.1788,0.0617,9.7876,2877,0,0.15370659276867144,0.0,0.013204613460104361
0.026,0.0662,9.8785,8.3165,2.1695,-2.4047,-0.0065,0.1183,9.9082,2878,0,0.12616966749026395,0.0,0.023204613460104363
0.2393,0.4249,9.8457,3.3933,4.4041,-6.2048,0.2436,0.3789,9.8068,2879,0,0.15370659276867144,0.0,0.02192801771542351
0.1024,0.2663,9.845,1.3734,2.3646,-3.5112,0.2108,0.2977,9.9039,2880,0,0.15370659276867144,0.0,0.02192801771542351
0.2574,-0.3821,10.0066,-1.0523,-3.2317,-3.423,0.2692,-0.363,9.9981,2881,0,0.15370659276867144,0.0,0.03192801771542351
0.1573,0.1308,9.7941,2.5749,0.3413,3.3149,0.1228,0.1397,9.7969,2882,0,0.15370659276867144,0.0,0.03192801771542351
-0.1078,0.4065,9.9329,4.3104,0.4487,1.6931,-0.1049,0.4754,9.9306,2883,0,0.15370659276867144,0.0,0.03288817707797331
-0.4192,-0.4819,10.0429,0.6417,2.4715,-1.1033,-0.3508,-0.4524,10.0595,2884,0,0.15370659276867144,0.0,0.03788817707797331
0.316,-0.2195,9.6363,0.1623,-0.2366,1.0761,0.2545,-0.2595,9.6492,2885,0,0.15370659276867144,0.0,0.0571659548557511
-0.3273,0.0877,10.0618,7.7202,-2.6993,-0.4641,-0.2935,0.0824,10.0324,2886,0,0.14837066258871512,0.0,0.06120579549320129
-0.4768,0.0242,9.7878,-2.4951,4.7821,5.1213,-0.4561,0.0288,9.7736,2887,0,0.15370659276867144,0.0,0.04165023993764574
0.0574,0.1263,9.6489,-2.7819,-1.5046,0.5288,0.0448,0.2042,9.6476,2888,0,0.15370659276867144,0.0,0.03261039930019553
0.0191,-0.1901,9.5886,-1.1288,3.7486,0.7014,0.0162,-0.1199,9.5475,2889,0,0.15370659276867144,0.0,0.06120579549320129
-0.15,-0.1576,9.8282,-2.5601,-0.2378,1.9517,-0.1972,-0.1857,9.8339,2890,0,0.15370659276867144,0.0,0.03165117103634219
0.6582,-0.0934,10.2355,-3.5377,0.6427,0.3917,0.6825,-0.1269,10.1814,2891,0,0.14818219754006365,0.0,0.010724285081894644
0.1739,-0.4198,10.0409,-3.7959,-2.8964,1.235,0.2381,-0.5623,10.0451,2892,0,0.15360476376730087,0.0,0.010724285081894644
-0.2938,0.2027,10.1905,-2.9474,3.0857,3.418,-0.3555,0.1682,10.1681,2893,0,0.15370659276867144,0.0,0.0002798406374501992
0.1285,-0.1363,9.536,-1.4617,1.798,-2.6764,0.1758,-0.1214,9.597,2894,0,0.15370659276867144,0.0,0.01024
-0.1145,-0.1499,9.6967,-1.34,6.7671,-1.2631,-0.0268,-0.2156,9.6943,2895,0,0.15370659276867144,0.0,0.010387377985143349
-0.0659,-0.0682,10.1037,2.2916,4.8772,-2.4578,-0.0771,-0.0402,10.1536,2896,0,0.15370659276867144,0.0,0.01021978021978022
-0.1881,-0.062,9.7614,-0.7627,-1.1526,2.3143,-0.0574,-0.0473,9.7885,2897,0,0.15370659276867144,0.0,0.01021978021978022
0.1082,0.1677,10.0887,-6.6473,2.6632,1.9023,0.0697,0.0918,10.0449,2898,0,0.15370659276867144,0.0,0.01021978021978022
-0.5951,0.1365,10.0292,-0.0382,0.8289,1.0886,-0.6532,0.1835,10.0326,2899,0,0.15330394716748852,0.0,0.01021978021978022
0.1618,-0.4646,9.8734,-0.7547,-3.8477,4.2652,0.1454,-0.4361,9.8536,2900,0,0.15370659276867144,0.0,0.01021978021978022
0.0292,0.0738,9.7889,-0.7318,4.1581,2.1276,0.0278,0.098,9.8318,2901,0,0.15370659276867144,0.0,0.01021978021978022
-0.7106,-0.0013,9.8788,3.5942,2.3194,2.5197,-0.7151,-0.0613,9.8958,2902,0,0.1573197157380167,0.0,0.010427218622593548
0.1221,0.1034,9.8492,-1.7925,1.5933,-0.0902,0.0871,0.0904,9.9096,2903,0,0.15370659276867144,0.0,0.010427218622593548
-0.043,-0.5851,9.88,2.0198,1.5073,-2.6814,-0.0704,-0.6339,9.8833,2904,0,0.1490209686214941,0.0,0.00042721862259354745
-0.4205,0.1638,9.6068,0.9198,-3.5631,2.068,-0.4489,0.2425,9.5762,2905,0,0.15370659276867144,0.0,0.020427218622593547
-0.1328,-0.4308,9.8861,2.4686,-0.207,2.009,-0.1382,-0.4715,9.8435,2906,0,0.15370659276867144,0.0,0.020427218622593547
0.1128,0.0751,9.7808,0.793,-0.5297,-5.3766,0.0947,-0.0575,9.6708,2907,0,0.15370659276867144,0.0,0.010427218622593548
-0.1228,0.1964,9.6001,-2.8023,-2.7199,4.1069,-0.1473,0.2155,9.6187,2908,0,0.15370659276867144,0.0,0.010427218622593548
-0.2179,-0.2252,9.9347,3.6223,1.0459,-1.981,-0.3175,-0.2698,9.9632,2909,0,0.15370659276867144,0.0,0.020427218622593547
-0.0279,0.1361,9.7026,-1.919,-1.1809,-1.4315,-0.0646,0.1716,9.7727,2910,0,0.15370659276867144,0.0,0.020427218622593547
0.1883,0.1154,9.7737,-2.0483,-2.2621,-2.1074,0.2046,0.135,9.8454,2911,0,0.15370659276867144,0.0,0.00042721862259354745
0.2791,0.2508,9.3922,2.3452,-3.3914,2.0361,0.2824,0.1901,9.3557,2912,0,0.14693848245247465,0.0,0.00042721862259354745
-0.0088,-0.0894,9.944,-1.0464,-3.6634,1.5639,-0.0224,-0.1288,9.9597,2913,0,0.15370659276867144,0.0,0.0005853213893919665
-0.3184,-0.3439,9.9201,1.7964,-0.082,6.2625,-0.3237,-0.3643,9.9146,2914,0,0.15314501477372658,0.0,0.00042721862259354745
-0.3692,0.2868,9.681,-0.1806,2.2067,4.6406,-0.3904,0.2584,9.646,2915,0,0.15370659276867144,0.0,0.00042721862259354745
-0.0134,-0.7769,9.8485,1.6896,-2.4893,0.002,0.016,-0.801,9.8647,2916,0,0.14968679222166115,0.0,0.011413693774617033
-0.347,0.0486,10.147,-0.2878,3.1779,0.884,-0.3478,0.0527,10.0689,2917,0,0.15370659276867144,0.0,0.0014136937746170326
0.0969,0.5491,9.9701,4.7677,-1.8131,-2.6242,0.0725,0.5749,9.9298,2918,0,0.15355074445237718,0.0,0.011246096009253904
0.145,0.0758,9.605,-0.7681,-3.0882,0.7029,0.1246,0.1803,9.5722,2919,0,0.15370659276867144,0.0,0.0017673824659688744
0.4757,0.1272,9.8469,-0.1976,-0.2449,-3.0463,0.5365,0.0799,9.8861,2920,0,0.15370659276867144,0.0,0.0017673824659688744
0.0639,0.0017,9.9036,0.3262,-3.7894,1.9335,0.0314,0.0466,9.9218,2921,0,0.15370659276867144,0.0,0.0017673824659688744
-0.3714,0.4308,9.6491,-2.464,2.6329,-2.4627,-0.3191,0.3968,9.6342,2922,0,0.15370659276867144,0.0,0.001534824326433991
0.1874,-0.714,9.9101,6.2451,-1.1771,-1.4287,0.2155,-0.7199,9.8914,2923,0,0.1519206908907553,0.0,0.001534824326433991
-0.3234,-0.4083,9.5801,-2.2094,3.9876,2.8076,-0.3156,-0.4627,9.5503,2924,0,0.15370659276867144,0.0,0.0016894635016917229
0.1631,0.2148,10.093,-5.1258,-1.8891,-4.4188,0.1702,0.3586,10.1002,2925,0,0.15370659276867144,0.0,0.0016894635016917229
-0.7439,-0.1207,9.9413,2.5372,-0.7587,-0.6968,-0.7519,-0.0082,9.9274,2926,0,0.16830429887722737,0.0,0.0003146046785310009
0.0881,0.3862,9.878,-0.3706,4.0264,1.6786,0.1156,0.3039,9.7196,2927,0,0.15370659276867144,0.0,0.0003146046785310009
-0.3174,0.32,9.8369,-3.6014,1.1152,-0.0523,-0.3225,0.3601,9.771,2928,0,0.15370659276867144,0.0,0.0026936067199443223
-0.3112,-0.3232,10.1404,4.0388,-4.0515,0.8788,-0.4334,-0.3825,10.0598,2929,0,0.15370659276867144,0.0,0.0026936067199443223
0.1084,-0.4254,9.5343,2.9844,-2.8654,-0.2224,0.1325,-0.4623,9.5211,2930,0,0.15370659276867144,0.0,0.00253896754468659
0.3295,-0.2517,10.0132,-0.6718,4.8243,1.411,0.4203,-0.3243,9.9924,2931,0,0.15370659276867144,0.0,0.00253896754468659
0.6901,-0.0779,10.0138,1.2525,-0.3075,-6.6072,0.7266,-0.1186,10.011,2932,0,0.15234961354157878,0.0,0.00599856350428255
-0.1898,0.0444,9.8158,-1.9967,-1.7966,3.9603,-0.1458,0.0021,9.8481,2933,0,0.15370659276867144,0.0,0.006595578429655684
0.3148,-0.0677,10.0997,4.0803,0.8398,1.5861,0.2941,0.0389,10.0715,2934,0,0.15370659276867144,0.0,0.006750217604913416
0.2281,-0.1394,9.7288,-0.1357,-2.7976,0.462,0.1984,-0.1168,9.6233,2935,0,0.15370659276867144,0.0,0.003290621645317457
0.757,0.1822,9.5077,6.0902,-0.3562,1.241,0.785,0.219,9.4897,2936,0,0.14519609657591892,0.0,0.15
0.1318,0.5626,9.6302,-0.7925,1.939,-2.251,0.1438,0.5676,9.6661,2937,0,0.15355074445237718,0.0,0.14
0.4326,-0.29,9.6613,-3.5177,0.3805,-2.1689,0.4172,-0.2825,9.6346,2938,0,0.15370659276867144,0.0,0.15
0.3009,0.2365,10.0724,-3.0471,-0.175,0.1257,0.3034,0.1651,10.0812,2939,0,0.15370659276867144,0.0,0.15
-0.099,0.3823,9.6276,-8.4654,0.8602,-2.7965,-0.212,0.363,9.6471,2940,0,0.1458499173853834,0.0,0.00012113055181695828
0.0074,0.2103,9.6719,-4.5558,1.1875,1.3095,-0.038,0.188,9.5455,2941,0,0.15370659276867144,0.0,0.00012113055181695828
0.1607,0.3132,9.5672,3.5776,0.5568,-3.2977,0.1288,0.3217,9.5592,2942,0,0.15370659276867144,0.0,0.0007181454771900926
0.3789,0.5169,9.4495,-2.2719,0.3991,-2.2632,0.3601,0.5275,9.3978,2943,0,0.1525588014428267,0.0,0.010718145477190093
-0.4597,0.1511,10.1228,-0.5925,-5.8003,3.3459,-0.4504,0.1791,10.1254,2944,0,0.15370659276867144,0.0,0.0007181454771900926
-0.177,-0.1234,9.8473,7.8458,4.9599,-0.9471,-0.3005,-0.0885,9.9214,2945,0,0.148610722030905,0.0,0.0009581454771900927
0.1067,-0.125,9.936,7.9487,0.0761,0.8449,0.089,-0.0915,9.9654,2946,0,0.14279589087902578,0.0,0.0003611305518169583
-0.0048,0.2653,10.0238,3.9518,-1.3321,-1.9581,-0.0089,0.3481,10.0699,2947,0,0.15370659276867144,0.0,0.0003611305518169583
-0.0246,0.0799,9.8234,1.3063,-7.1824,0.0545,-0.0545,0.1688,9.7114,2948,0,0.15355501587418666,0.0,0.0012004519774011298
0.0296,0.284,10.0415,0.4191,3.6443,-2.102,0.0386,0.336,10.0165,2949,0,0.15370659276867144,0.0,0.011200451977401129
0.1539,0.3143,9.755,2.2944,0.4657,2.6166,0.1221,0.3548,9.6943,2950,0,0.15370659276867144,0.0,0.011200451977401129
-0.0745,0.2369,9.6127,0.1159,6.0754,-8.1004,-0.1007,0.2386,9.5394,2951,0,0.15112873798756274,0.0,0.0010837547121496478
0.3696,-0.0827,9.7514,4.8811,0.2659,-0.4877,0.4094,-0.1159,9.7408,2952,0,0.15370659276867144,0.0,0.0010837547121496478
-0.3911,-0.0956,9.8696,-4.9495,-3.1977,1.2167,-0.382,-0.1135,9.8179,2953,0,0.15370659276867144,0.0,0.0010837547121496478
-0.1961,0.0673,9.5133,-1.5152,-1.8462,-3.4906,-0.1923,-0.0141,9.4359,2954,0,0.1534046229755623,0.0,0.0010837547121496478
0.2221,0.3469,9.6629,-3.8119,1.1391,-1.7249,0.1855,0.4178,9.6086,2955,0,0.15370659276867144,0.0,0.0010837547121496478
-0.8692,-0.1121,9.5333,-2.68,-0.9281,0.5041,-0.8614,-0.1117,9.5167,2956,0,0.18085539521861108,0.0,0.026804717903715098
0.2662,0.1211,9.5518,2.8941,-3.1267,0.5106,0.3248,0.096,9.5438,2957,0,0.15370659276867144,0.0,0.015039696374028527
0.6831,-0.2271,9.9817,0.434,-2.9542,1.5387,0.6418,-0.277,9.9417,2958,0,0.1553740235196245,0.0,0.012442681448655388
0.139,0.6136,10.0303,3.0354,-0.8215,-3.3394,0.0849,0.6351,10.0652,2959,0,0.15318370441863025,0.0,0.013039696374028525
0.5212,-0.5317,10.3213,-0.0648,-0.8385,-6.8729,0.518,-0.6128,10.3379,2960,0,0.08118809374959428,0.0,0.012110916959914154
-0.3257,-0.2475,9.6248,1.7778,-4.4219,0.2509,-0.3359,-0.2235,9.6461,2961,0,0.15370659276867144,0.0,0.0007450595771076199
-0.2638,-0.1687,9.7893,3.6113,2.5922,3.9134,-0.2048,-0.2288,9.7577,2962,0,0.15370659276867144,0.0,0.002110916959914155
-0.3083,-0.1181,9.9036,1.8699,3.1246,-2.28,-0.2592,-0.1206,9.9311,2963,0,0.15370659276867144,0.0,0.00670551155450875
0.1551,0.1697,9.6281,-2.0322,-0.6108,-1.5921,0.2143,0.146,9.6345,2964,0,0.15370659276867144,0.0,0.007263691528425573
0.0458,-0.1447,9.8885,2.6543,7.0941,-4.7587,-0.0045,-0.1944,9.7719,2965,0,0.1508122237951396,0.0,0.021303239551024443
0.0039,0.3117,9.5778,4.2056,-1.4921,-2.1986,0.0055,0.2908,9.531,2966,0,0.15370659276867144,0.0,0.021402445900230792
0.5765,0.0546,9.8195,3.3833,0.1343,3.0587,0.5277,0.0648,9.7196,2967,0,0.15208732668341593,0.0,0.026402445900230793
-0.5489,-0.0456,9.9054,-2.4513,-3.0032,3.8415,-0.6033,-0.0253,9.9078,2968,0,0.15370659276867144,0.0,0.03070622462565131
0.8574,0.1573,9.919,1.462,-1.4348,-7.7924,0.8246,0.1148,9.8702,2969,0,0.1725999346825164,0.0,0.04068212824010914
0.2925,0.0759,9.8295,-5.7569,-0.5451,0.4115,0.2926,0.1185,9.9312,2970,0,0.15370659276867144,0.0,0.04068212824010914
0.1072,-0.0228,9.8998,3.0678,1.674,8.0669,0.0656,-0.1372,9.8467,2971,0,0.14841729206857712,0.0,0.020720963191565453
0.158,-0.2896,9.9663,0.6928,3.3967,-1.8445,0.2096,-0.3234,9.9002,2972,0,0.15370659276867144,0.0,0.0208201695407718
-0.2691,-0.1876,9.7362,-1.5463,1.8024,2.2966,-0.2019,-0.1196,9.7552,2973,0,0.15370659276867144,0.0,0.020896118907860407
0.5011,-0.0873,9.1847,3.982,2.7505,3.1197,0.4862,-0.0303,9.1865,2974,0,0.10614341135896796,0.0,0.020896118907860407
0.1788,-0.3212,9.4983,1.0823,-2.7026,2.4114,0.1497,-0.3795,9.4812,2975,0,0.15370659276867144,0.0,0.020896118907860407
0.4878,0.3206,10.0655,0.5704,3.4048,3.6438,0.5762,0.2713,10.0431,2976,0,0.152190671395924,0.0,0.0033256206988079825
-0.1507,0.1193,9.8551,1.2181,-3.6829,0.0297,-0.1542,0.0997,9.8239,2977,0,0.15370659276867144,0.0,0.020920215293402572
-0.6785,0.076,9.1709,-0.0598,2.9139,-7.7853,-0.6214,0.0936,9.0958,2978,1,0.08541921360480893,0.0,0.012896118907860408
0.1566,0.0174,9.7694,-2.5679,-3.9303,-4.0398,0.138,0.0238,9.8162,2979,0,0.15370659276867144,0.0,0.01384348732891304
-0.4765,0.3514,9.8957,0.1682,3.1392,7.6334,-0.5516,0.3756,9.857,2980,0,0.15022508488644454,0.0,0.00374428097970669
-0.1836,-0.295,9.9335,0.9792,-1.5516,-7.2293,-0.1211,-0.2369,9.9411,2981,0,0.15152296743303956,0.0,0.013744280979706692
0.2968,0.0977,9.9198,0.0213,-6.8343,-4.9165,0.2653,0.0739,9.9004,2982,0,0.15371468931029958,0.0,0.00374428097970669
-0.4796,-0.2063,9.7297,-0.8287,-2.5055,1.0416,-0.4322,-0.1796,9.7208,2983,0,0.15370659276867144,0.0,0.00374428097970669
-0.0918,1.0678,9.6668,-2.8815,-3.2181,5.5244,-0.0678,1.0337,9.7429,2984,0,0.08051492444018553,0.0,0.02072096319156545
-0.0715,-0.2392,9.8413,1.7577,-1.2864,-0.2513,-0.0964,-0.3197,9.9223,2985,0,0.15370659276867144,0.0,0.030720963191565455
-0.0257,0.4669,9.6258,2.6116,1.426,-2.4678,0.0392,0.5074,9.6239,2986,0,0.15370659276867144,0.0,0.03074505957710762
0.1945,-0.1083,9.6056,-0.3397,1.8955,-1.896,0.1162,-0.1487,9.5631,2987,0,0.15370659276867144,0.0,0.03074505957710762
0.1036,0.1198,9.6323,-3.3333,6.2612,-1.4448,0.0143,0.0658,9.5805,2988,0,0.15370659276867144,0.0,0.03074505957710762
0.2027,0.3763,9.8129,-2.7572,0.6915,-2.3831,0.2501,0.2564,9.9327,2989,0,0.15370659276867144,0.0,0.03074505957710762
-0.131,-0.0308,9.6425,1.1049,3.9073,-5.1409,-0.2559,0.0106,9.5987,2990,0,0.15370659276867144,0.0,0.01074505957710762
-0.1994,-0.1103,9.9436,-2.1119,2.4873,3.0087,-0.1655,-0.1617,9.9319,2991,0,0.15370659276867144,0.0,0.01074505957710762
-0.4271,-0.3344,10.1885,6.2453,7.4033,1.0863,-0.3658,-0.2234,10.1624,2992,0,0.14924387492350275,0.0,0.0007450595771076199
0.4511,-0.2729,9.8808,-2.4962,1.4154,-3.9827,0.3401,-0.2809,9.8183,2993,0,0.15370659276867144,0.0,0.0014901939607962205
-0.5889,0.1468,9.8302,-0.5938,1.0046,1.3833,-0.61,0.2323,9.8097,2994,0,0.15370659276867144,0.0,3.883495145631068e-05
-0.5726,-0.2501,9.8821,0.0315,7.115,-1.1134,-0.6529,-0.3527,9.8839,2995,0,0.13639527011129984,0.0,0.0007209631915654511
0.6137,0.3596,9.7771,0.5352,3.5671,-2.6467,0.6378,0.3974,9.7765,2996,0,0.15532985235397145,0.0,0.0007209631915654511
0.1816,-0.2353,9.5299,-0.2699,-0.2157,-1.3201,0.2335,-0.2333,9.5761,2997,0,0.15370659276867144,0.0,0.01003883495145631
-0.2001,0.4143,9.7177,3.0639,-0.0784,-0.5206,-0.2496,0.3858,9.701,2998,0,0.15370659276867144,0.0,0.0014674063800277392
0.699,0.5515,9.8036,7.8269,1.4149,0.625,0.6863,0.6017,9.7097,2999,0,0.13898046908211728,0.0,0.021541370877069154
-0.0121,0.2451,9.6751,-0.8821,1.5469,-0.7369,-0.0311,0.2752,9.7334,3000,0,0.15370659276867144,0.0,0.01154137087706916
0.163,-0.2155,9.5082,-4.7227,-0.3664,1.4729,0.1364,-0.1621,9.4068,3001,0,0.1525588014428267,0.0,0.010794927688606872
0.3354,0.0388,10.0513,3.4751,-1.5924,-4.022,0.334,0.0355,10.1519,3002,0,0.15370659276867144,0.0,0.010794927688606872
0.3921,-0.4902,9.8796,1.5703,-0.2589,0.5621,0.4091,-0.3776,9.8664,3003,0,0.15370659276867144,0.0,0.01011279944849773
-0.2256,0.2366,9.516,-0.9842,0.9378,0.4123,-0.2388,0.2379,9.4834,3004,0,0.15370659276867144,0.0,0.01011279944849773
-0.1637,-0.1158,9.6807,3.6905,-0.5989,0.5344,-0.101,-0.0793,9.6809,3005,0,0.15370659276867144,0.0,0.01011279944849773
-0.1404,-0.0513,10.1334,1.3289,-3.1662,3.2265,-0.2093,-0.0812,10.1346,3006,0,0.15370659276867144,0.0,0.00011279944849773078
0.1815,-0.1731,9.4293,-0.2139,-0.1538,-3.3852,0.1412,-0.093,9.4005,3007,0,0.1525588014428267,0.0,0.00011279944849773078
0.2413,-0.1704,9.7823,-0.415,-0.9005,-1.9821,0.2526,-0.2054,9.6671,3008,0,0.15370659276867144,0.0,0.00013689583403989948
0.7006,-0.5196,9.7257,-9.3124,4.1925,1.7222,0.761,-0.549,9.6861,3009,0,0.13411602343673112,0.0,0.03363636363636364
-0.0567,0.094,10.0928,5.3653,1.0196,0.3113,-0.143,0.1005,10.0858,3010,0,0.15370659276867144,0.0,0.03363636363636364
0.4977,0.0913,9.7851,-1.2852,-1.322,-3.3061,0.5573,0.0891,9.8061,3011,0,0.15370659276867144,0.0,0.03
-0.1859,0.3742,10.0166,-1.9821,-3.1651,-4.1648,-0.1429,0.4077,9.9814,3012,0,0.15370659276867144,0.0,0.04
0.509,-0.5472,9.8531,2.4758,2.9616,-0.3224,0.4621,-0.6087,9.839,3013,0,0.15360476376730087,0.0,0.03
-0.1327,-0.1237,10.0687,4.1707,-2.8181,-1.8615,-0.121,-0.087,10.0824,3014,0,0.15370659276867144,0.0,0.03
-0.1567,0.776,9.9092,1.4135,2.0916,-3.1351,-0.1816,0.8076,9.9656,3015,0,0.13019908960686075,0.0,0.04
0.3787,-0.6212,9.8085,0.7818,3.3335,-0.7503,0.352,-0.5766,9.7446,3016,0,0.15359223705380823,0.0,0.06
-0.3189,0.1386,9.6575,5.0251,-0.9521,-0.7792,-0.2681,0.1642,9.6284,3017,0,0.15370659276867144,0.0,0.05
0.0102,-0.1025,9.8849,4.6435,9.0163,-2.7452,0.1086,-0.234,9.9006,3018,0,0.13602457955135935,0.0,0.04
0.0786,0.1336,9.8606,-3.3042,2.3031,-0.7632,0.0356,0.1143,9.8983,3019,0,0.15370659276867144,0.0,0.057353640223288
-0.5489,-0.1014,9.9906,-0.3546,-2.0185,-3.0439,-0.5089,-0.1628,9.95,3020,0,0.15370659276867144,0.0,0.057353640223288
-0.3265,0.1952,9.9259,0.3496,-0.3576,-4.0054,-0.3286,0.3171,9.9688,3021,0,0.15370659276867144,0.0,0.057125068794716564
-0.1674,0.0645,9.6174,-0.5684,1.247,2.8403,-0.1416,0.1065,9.6133,3022,0,0.15370659276867144,0.0,0.057125068794716564
0.0656,-0.0412,9.6746,2.5485,-1.9697,1.9566,0.0661,0.0245,9.6071,3023,0,0.15370659276867144,0.0,0.04712506879471657
-0.0106,0.3427,9.7378,0.9446,-0.7234,5.0732,0.0928,0.3142,9.8562,3024,0,0.15370659276867144,0.0,0.057502853871610575
0.0775,-0.1637,10.0388,-0.4,-1.0552,0.1675,0.0844,-0.1799,9.988,3025,0,0.15370659276867144,0.0,0.058907328914639845
-0.1115,-0.2579,9.8066,2.4059,-0.0811,-0.3462,-0.1034,-0.2971,9.843,3026,0,0.15370659276867144,0.0,0.06325602587148775
-0.09,-0.0661,9.9773,1.714,-1.682,1.0008,-0.0619,-0.0323,9.9985,3027,0,0.15370659276867144,0.0,0.06302745444291631
0.4455,-0.036,9.6052,0.4185,1.1751,-4.2647,0.4423,-0.1035,9.6559,3028,0,0.15370659276867144,0.0,0.0371629643010346
0.0617,-0.3601,10.0898,-0.9806,-3.7578,2.0335,0.0554,-0.4222,10.0661,3029,0,0.15370659276867144,0.0,0.027769024907095208
-0.3698,-0.1184,9.7894,0.6966,-1.6383,0.3631,-0.3726,-0.0942,9.817,3030,0,0.15370659276867144,0.0,0.038258598955713874
-0.0571,-0.0986,9.8799,1.7789,1.0007,-6.5967,-0.0369,-0.0759,9.9027,3031,0,0.1532405209942328,0.0,0.0512394948713924
-0.0038,0.289,9.5738,0.5362,1.7728,1.5871,-0.033,0.235,9.5623,3032,0,0.15370659276867144,0.0,0.058655523424280126
-0.2046,-0.2224,9.4856,2.6704,-5.8863,-1.7785,-0.2355,-0.3142,9.5696,3033,0,0.15370659276867144,0.0,0.053010421239643064
-0.4954,0.399,9.6557,-3.0452,2.977,3.7192,-0.4469,0.4544,9.6553,3034,0,0.15370659276867144,0.0,0.032851691080912904
0.3545,-0.2574,9.6282,-3.1795,-1.9578,5.9214,0.3405,-0.3823,9.7075,3035,0,0.15370659276867144,0.0,0.03462168015832007
0.3734,0.3416,10.0208,4.0625,-2.3224,-5.4245,0.3768,0.3408,10.0674,3036,0,0.15370659276867144,0.0,0.04866678234295714
-0.2564,-0.2844,9.5531,-2.271,-5.6365,3.2725,-0.1531,-0.2622,9.5499,3037,0,0.15370659276867144,0.0,0.018069767417584
0.4358,-0.2643,10.4346,-2.2859,-3.1098,0.2515,0.3987,-0.3485,10.3814,3038,0,0.11195983799387164,0.0,0.02169674680953468
0.6858,0.2206,9.6689,0.0886,2.4795,-3.4333,0.715,0.2774,9.7312,3039,0,0.15370651434729588,0.0,0.0016967468095346776
0.5552,0.3864,9.8371,-0.275,-1.8487,1.902,0.5852,0.4175,9.8162,3040,0,0.15361879978792273,0.0,0.01229376173490781
0.156,-0.2502,9.6537,-6.2412,-4.2626,1.6701,0.1977,-0.2868,9.6644,3041,0,0.15370659276867144,0.0,0.01229376173490781
-0.2404,0.0236,9.6119,-0.7943,-7.4335,1.4765,-0.1794,0.0424,9.5425,3042,0,0.153073601500893,0.0,0.02801387284249823
0.2069,0.1926,9.8053,0.7015,-6.5932,0.9979,0.2455,0.2241,9.7246,3043,0,0.15370659276867144,0.0,0.018013872842498228
-0.2997,0.6294,9.7101,-1.4964,-0.1645,2.1791,-0.2952,0.6653,9.7898,3044,0,0.15309497375261916,0.0,0.008013872842498226
0.1373,0.1846,9.9457,1.2989,0.6838,-4.1583,0.1658,0.1658,9.9741,3045,0,0.15370659276867144,0.0,0.01247381442502554
-0.2242,-0.1041,9.4949,-0.6235,3.0474,-3.0219,-0.24,-0.0573,9.4395,3046,0,0.1534046229755623,0.0,0.011876799499652407
0.1814,-0.2202,9.2786,-2.6449,-4.6025,-4.161,0.2048,-0.1327,9.2465,3047,0,0.10409039759647216,0.0,0.0018767994996524069
-0.1352,-0.3309,9.9253,0.1473,-3.205,0.4281,-0.1243,-0.3064,9.881,3048,0,0.15370659276867144,0.0,0.0017379106107635177
0.1933,0.5071,9.8776,-2.2107,0.7351,1.5869,0.2779,0.5039,9.901,3049,0,0.15370659276867144,0.0,0.0026328922368029674
0.0303,0.0489,9.4242,1.2673,-2.4905,3.0867,0.0473,0.1471,9.3446,3050,0,0.14725823748351777,0.0,0.012632892236802968
-0.1079,0.1165,10.5363,0.8161,-0.8354,0.0914,-0.0848,0.1092,10.4761,3051,0,0.062333561683766636,0.0,0.03134470339063322
-0.0715,0.024,9.792,-2.4443,-1.242,-0.5945,-0.0074,-0.0426,9.7979,3052,0,0.15370659276867144,0.0,0.041344703390633224
0.0115,0.4461,9.5346,0.9463,1.7689,-0.2943,-0.0344,0.4111,9.4126,3053,0,0.152691395331968,0.0,0.027950763996693825
0.2112,0.0783,9.9066,-0.2348,2.2752,-0.9313,0.2193,0.0367,9.9282,3054,0,0.15370659276867144,0.0,0.07070020624374546
0.1921,0.2813,9.4955,-1.1089,-0.9748,-1.0932,0.2677,0.2601,9.5406,3055,0,0.15370659276867144,0.0,0.017950763996693826
-0.047,-0.2194,9.6871,6.9197,-2.7942,3.2047,-0.0049,-0.2977,9.7479,3056,0,0.15242389511884455,0.0,0.050624138609696924
-0.2909,0.0744,9.8343,-6.105,-6.0835,-3.2279,-0.2002,0.0568,9.8124,3057,0,0.15370659276867144,0.0,0.0405501741126555
-0.344,-0.0852,9.7471,0.121,0.2793,-3.9631,-0.3616,0.0004,9.7735,3058,0,0.15370659276867144,0.0,0.011876799499652407
0.0293,0.3997,9.7537,0.5242,-0.1614,4.5159,0.0379,0.4209,9.8228,3059,0,0.15370659276867144,0.0,0.028102049891289033
0.5288,0.1808,9.8809,6.6388,3.546,1.5649,0.5086,0.1873,9.8986,3060,0,0.1528511125999369,0.0,0.02947337531310284
0.3125,0.616,9.9873,-2.6863,3.7328,-1.9656,0.2763,0.7552,9.9405,3061,0,0.12832114403498343,0.0,0.03947337531310284
-0.049,0.1599,9.4072,-0.1527,-1.9993,3.9637,-0.0379,0.1514,9.45,3062,0,0.1534046229755623,0.0,0.039553317173567956
0.6378,-0.0224,9.9448,-1.8244,2.4912,-0.5082,0.629,-0.0662,9.9454,3063,0,0.155348136410458,0.0,0.029553317173567954
0.1687,0.0374,10.2703,0.3957,2.3402,-1.8327,0.1471,0.0584,10.2726,3064,0,0.14971393663212798,0.0,0.03355331717356795
0.4517,-0.0123,9.8539,3.3233,-4.5269,-2.5555,0.4526,0.0305,9.7838,3065,0,0.15370659276867144,0.0,0.0210603889942454
-0.258,-0.0614,9.2849,-0.781,2.0088,-0.4771,-0.2822,-0.1033,9.2173,3066,0,0.10058219704611655,0.0,0.03065596867783425
0.237,-0.1574,10.1236,-3.9888,5.4432,3.4141,0.2037,-0.1627,10.1925,3067,0,0.1533321728497886,0.0,0.021693704526890855
0.1811,-0.0089,9.9589,3.3941,-0.654,-5.7487,0.2972,-0.0101,9.96,3068,0,0.15370659276867144,0.0,0.03065596867783425
0.45,-0.244,9.953,-3.3675,-6.3714,0.7177,0.3046,-0.1273,9.9271,3069,0,0.15370659276867144,0.0,0.03065596867783425
0.0765,-0.6415,9.9659,-4.4131,2.5735,-4.3247,0.1234,-0.6205,10.0269,3070,0,0.15388704993742966,0.0,0.03049786591103583
0.0406,0.0667,9.8555,-3.9454,-3.7397,-1.6635,0.0056,0.1509,9.8979,3071,0,0.15370659276867144,0.0,0.0009182139699381079
-0.1556,0.0188,9.9567,0.1627,-2.8817,-1.1724,-0.1541,0.0358,9.9473,3072,0,0.15370659276867144,0.0,0.01948964254136668
-0.3397,-0.0025,9.8051,-1.4216,0.892,-1.7794,-0.2298,-0.0648,9.7495,3073,0,0.15370659276867144,0.0,0.006188055239779377
0.0081,-0.5651,9.5593,-4.3461,-0.4833,4.0768,-0.0726,-0.4988,9.5388,3074,0,0.15370659276867144,0.0,0.019069294482464402
-0.0822,-0.3639,9.9959,0.9368,3.1643,-0.7759,-0.0577,-0.3866,10.0263,3075,0,0.15370659276867144,0.0,0.01049786591103583
-0.2626,0.1631,9.4073,-6.626,0.2647,-2.2329,-0.3158,0.1947,9.324,3076,0,0.1379883992428972,0.0,0.00017735309052301158
0.0025,0.2654,9.7039,3.3859,-0.9801,0.6032,-0.0218,0.343,9.6868,3077,0,0.15370659276867144,0.0,0.00017735309052301158
0.2076,0.0524,9.8251,0.2436,4.77,-0.9062,0.2566,-0.0293,9.8334,3078,0,0.15370659276867144,0.0,0.00017735309052301158
-0.2732,-0.2323,10.0345,1.4734,0.2641,1.1939,-0.304,-0.1423,9.9838,3079,0,0.15370659276867144,0.0,0.00017735309052301158
0.0213,-0.0297,9.7625,-1.1276,-3.2961,0.0228,0.0299,0.0454,9.7778,3080,0,0.15370659276867144,0.0,0.014438970990695127
0.303,-0.3529,9.96,-4.1867,3.3544,-4.0267,0.3433,-0.3319,9.9625,3081,0,0.15370659276867144,0.0,0.010177353090523011
-0.1847,0.0312,9.4647,1.3155,-1.0994,-2.8077,-0.2073,0.0803,9.4916,3082,0,0.15370659276867144,0.0,0.010177353090523011
0.1721,-0.3915,9.6471,-4.0195,-1.6488,4.0222,0.1346,-0.3635,9.6554,3083,0,0.15370659276867144,0.0,0.00017735309052301158
-0.2223,0.4193,9.5795,-3.8308,0.4086,-1.0205,-0.2256,0.4952,9.5665,3084,0,0.15370659276867144,0.0,0.010597701149425287
0.5076,-0.1579,10.1514,-0.4685,1.4976,2.3919,0.5034,-0.218,10.1944,3085,0,0.1533321728497886,0.0,0.0311551043429216
0.0482,-0.8008,10.0695,0.066,2.8751,1.4458,0.0141,-0.771,10.1403,3086,0,0.14716543201515164,0.0,0.09211383650158625
0.0904,0.0884,9.6241,0.5847,5.468,-4.3025,0.0261,0.2339,9.6949,3087,0,0.15370659276867144,0.0,0.06221235866907394
-0.4069,-0.2306,9.6496,-1.3853,-1.0275,5.1278,-0.4209,-0.1972,9.6485,3088,0,0.15370659276867144,0.0,0.0874821999389152
0.4377,0.2991,9.9515,-0.6947,-0.5381,-1.3895,0.5133,0.2015,9.9335,3089,0,0.15370659276867144,0.0,0.072625642543654
0.2084,0.3685,9.7168,-4.0742,-5.2655,-4.8777,0.2464,0.4511,9.617,3090,0,0.15370659276867144,0.0,0.10808101436997142
0.2147,0.1248,10.0037,3.3021,0.1866,4.7499,0.184,0.0688,9.9851,3091,0,0.15370659276867144,0.0,0.0772627599082053
-0.0397,0.1687,9.8534,2.525,-4.3418,2.9881,-0.0916,0.2291,9.9129,3092,0,0.15370659276867144,0.0,0.0368437249202048
0.1814,0.4237,9.4484,-0.6316,7.1862,4.3186,0.1569,0.5254,9.402,3093,0,0.1473245636461242,0.0,0.03217420073456367
-0.473,0.2783,9.666,-0.3167,3.8225,2.2739,-0.5193,0.3183,9.6481,3094,0,0.15370659276867144,0.0,0.04217420073456366
-0.4989,-0.1582,9.8072,4.8704,-2.181,-2.2214,-0.5503,-0.1823,9.8409,3095,0,0.15370659276867144,0.0,0.03757598644884938
-0.6145,-0.4549,10.3761,-2.1644,2.7524,-1.0528,-0.585,-0.4663,10.4185,3096,0,0.12366148583949756,0.0,0.021885797120105834
-0.4031,0.1516,10.1737,4.8189,-4.489,0.4127,-0.2624,0.0944,10.1297,3097,0,0.15370659276867144,0.0,0.03231403909387877
0.1191,-0.11,9.9092,5.4496,6.6105,-1.6669,0.0019,-0.096,9.9306,3098,0,0.15370659276867144,0.0,0.027423449099776915
-0.2375,-0.6302,9.7702,-4.742,5.609,1.0888,-0.2567,-0.6209,9.7726,3099,0,0.15388704993742966,0.0,0.021423449099776913
-0.0948,0.1012,9.3819,-5.734,8.2474,2.4819,-0.0972,0.0936,9.4197,3100,0,0.138832795934782,0.0,0.029522655448983262
0.2461,-0.1478,9.5481,-2.3535,3.7233,-2.6401,0.2563,-0.1919,9.5631,3101,0,0.15370659276867144,0.0,0.005591640421081721
0.0954,0.3235,9.7082,-1.5071,0.8257,-2.5418,0.2323,0.3793,9.7603,3102,0,0.15370659276867144,0.0,0.005109712710238346
-0.2711,0.345,9.8821,5.9301,-5.6334,3.8325,-0.2411,0.2505,9.9367,3103,0,0.15370659276867144,0.0,0.004560262160787799
-0.246,0.2019,9.8486,-6.7784,-1.5249,-2.1639,-0.2521,0.2245,9.856,3104,0,0.15370659276867144,0.0,0.0022346807654389607
-0.0568,0.0888,9.8044,5.8459,3.4181,0.3632,-0.0435,0.0606,9.8278,3105,0,0.15370659276867144,0.0,0.012716608476282334
0.0959,0.5429,10.1382,-0.528,-2.4814,-0.197,0.1291,0.4946,10.1749,3106,0,0.15355074445237718,0.0,0.0033605085800084977
-0.256,0.0285,9.8161,1.2948,-3.8135,-1.2211,-0.2381,0.0336,9.8862,3107,0,0.15370659276867144,0.0,0.004042636820117638
0.9038,0.283,9.7276,-3.5408,1.0942,3.6291,0.8616,0.2858,9.701,3108,0,0.17666749156763667,0.0,0.0007813345893154897
-0.4626,0.3026,9.6056,1.6462,-2.8438,2.3026,-0.4718,0.1902,9.655,3109,0,0.15370659276867144,0.0,0.0007813345893154897
0.2634,-0.4368,9.9105,0.3577,-1.0986,3.8562,0.2974,-0.4881,9.9375,3110,0,0.15370659276867144,0.0,0.0007813345893154897
0.3546,0.2887,9.9445,-0.3791,-0.738,4.9535,0.4747,0.2341,9.9662,3111,0,0.15370659276867144,0.0,0.0007813345893154897
-0.1372,-0.1574,9.9862,1.5547,-7.5802,1.2686,-0.1429,-0.1128,9.9852,3112,0,0.14977625832515895,0.0,0.009392445700426601
-0.1741,0.0155,9.7724,0.6677,1.2363,-1.9139,-0.2235,0.0302,9.7459,3113,0,0.15370659276867144,0.0,0.00871031746031746
0.1004,0.0952,9.5478,0.9697,-0.9135,1.4605,-0.0127,0.1594,9.6776,3114,0,0.15370659276867144,0.0,9.92063492063492e-05
0.1429,0.0175,10.0566,3.875,-1.7815,-0.3968,0.1772,-0.0736,10.1122,3115,0,0.15370659276867144,0.0,0.014710317460317462
-0.1691,0.063,9.751,-2.064,7.001,3.7607,-0.1503,0.1136,9.8042,3116,0,0.15115800166461912,0.0,0.02471031746031746
-0.1328,-0.0707,9.9628,5.4186,-2.1608,0.0655,-0.0863,-0.0382,9.9083,3117,0,0.15370659276867144,0.0,0.014710317460317462
0.6566,-0.2019,9.5409,-1.9261,-3.2642,-2.6818,0.614,-0.1778,9.5367,3118,0,0.15533301384351667,0.0,0.009989460625799735
-0.598,0.1872,9.6532,2.5555,-5.7063,-3.0831,-0.5217,0.1652,9.6172,3119,0,0.15370659276867144,0.0,0.0007813345893154897
0.3514,-0.2786,9.7675,-4.4842,0.7391,4.9526,0.3619,-0.2298,9.8258,3120,0,0.15370659276867144,0.0,0.01078133458931549
0.1621,0.4199,9.9895,1.9841,3.2561,1.3398,0.0825,0.3493,9.9583,3121,0,0.15370659276867144,0.0,0.011279143165482276
0.4299,0.2453,9.6678,0.8826,0.0574,5.3217,0.4497,0.2979,9.6546,3122,0,0.15370659276867144,0.0,0.0006821282401091405
-0.5858,0.0288,9.8262,-1.1503,0.5589,1.7581,-0.6222,0.0399,9.8102,3123,0,0.15370659276867144,0.0,0.0006821282401091405
-0.0993,0.6863,9.9511,2.7985,-1.3158,0.9698,-0.145,0.6654,9.9946,3124,0,0.15309497375261916,0.0,0.0006821282401091405
0.2852,0.1827,9.8585,0.8968,4.302,-4.2771,0.3686,0.1233,9.8866,3125,0,0.15370659276867144,0.0,0.0007209631915654511
0.3441,0.1979,9.9257,0.2046,2.3205,0.5322,0.2856,0.2106,9.97,3126,0,0.15370659276867144,0.0,0.008649946062567422
-0.3381,-0.338,10.0568,2.3435,0.2677,3.4394,-0.3088,-0.2842,10.0287,3127,0,0.15370659276867144,0.0,0.008649946062567422
0.2253,-0.0201,9.8248,3.0379,1.6136,4.3547,0.2535,-0.0561,9.8239,3128,0,0.15370659276867144,0.0,0.008649946062567422
0.437,-0.0563,9.9514,-3.3393,2.2648,1.0923,0.4756,0.1058,9.8844,3129,0,0.15370659276867144,0.0,0.009332074302676564
-0.4304,0.1599,9.7778,0.8218,-3.0099,-0.0077,-0.4778,0.1197,9.8373,3130,0,0.15370659276867144,0.0,0.009332074302676564
0.8276,-0.5411,9.744,1.7221,0.1076,-1.161,0.8323,-0.5262,9.7913,3131,0,0.15384926871292245,0.0,0.009293239351220253
-0.3048,0.0608,9.5547,-6.6846,0.0433,-3.2467,-0.4126,0.0568,9.5036,3132,0,0.15370659276867144,0.0,0.008611111111111111
0.4959,0.3715,9.8378,-3.996,1.8708,-1.0858,0.526,0.4198,9.7542,3133,0,0.15370659276867144,0.0,0.01864994606256742
-0.4213,-0.0063,10.0255,-1.6583,4.0374,1.932,-0.5155,-0.0348,9.9664,3134,0,0.15370659276867144,0.0,0.010720963191565451
-0.3138,-0.0114,9.4587,1.6474,-0.9264,-0.2672,-0.363,-0.072,9.4866,3135,0,0.15370659276867144,0.0,0.008611111111111111
-0.152,-0.402,9.8908,-1.3139,2.4393,1.0902,-0.1849,-0.3379,9.9247,3136,0,0.15370659276867144,0.0,0.008726901115649919
0.1845,-0.0042,9.7222,0.3692,-2.1771,-9.7085,0.2412,0.0277,9.7926,3137,0,0.15022323174628213,0.0,0.008726901115649919
0.1163,0.457,9.955,1.4064,1.9739,0.5212,0.1551,0.4231,9.8951,3138,0,0.15370659276867144,0.0,0.010792323636094456
-0.1785,-0.027,9.9793,0.208,4.834,2.0915,-0.175,-0.034,9.9704,3139,0,0.15370659276867144,0.0,0.008726901115649919
-0.1253,0.3619,9.7267,-1.3155,1.4323,2.1504,-0.1261,0.3181,9.73,3140,0,0.15370659276867144,0.0,0.008726901115649919
-0.3016,-0.033,10.1033,2.3571,-3.7232,-0.0685,-0.2972,-0.0683,10.1433,3141,0,0.15370659276867144,0.0,0.008726901115649919
-0.2457,0.2186,9.5101,2.0013,1.5639,-4.0554,-0.1684,0.1768,9.4705,3142,0,0.15370659276867144,0.0,0.008726901115649919
0.0236,-0.6154,10.1814,-0.6017,0.6796,3.5507,-0.051,-0.5581,10.2258,3143,0,0.15263792571621307,0.0,0.00011579000453880679
0.157,-0.2252,9.8013,-1.8263,-3.4773,1.7458,0.2033,-0.3335,9.8513,3144,0,0.15370659276867144,0.0,0.00011579000453880679
0.3471,0.3323,9.8636,-1.8576,-1.0818,3.6311,0.3572,0.3753,9.853,3145,0,0.15370659276867144,0.0,0.00011579000453880679
0.004,0.0786,10.103,-6.5208,0.1098,-1.8025,0.0447,0.1146,10.0753,3146,0,0.15370659276867144,0.0,0.010792323636094456
-0.4665,0.0876,9.7441,0.0156,1.5389,1.6786,-0.4604,0.0872,9.7196,3147,0,0.15370659276867144,0.0,0.008726901115649919
0.2655,-0.11,9.6453,-1.4511,0.6068,-0.3624,0.2629,0.0069,9.6735,3148,0,0.15370659276867144,0.0,0.009919911232585933
-0.1595,-0.1287,9.6076,-4.3089,-4.812,-1.8809,-0.18,-0.1025,9.5783,3149,0,0.15370659276867144,0.0,0.010867279653638564
-0.2607,0.0758,9.6852,-2.4222,2.0375,3.8368,-0.3374,0.1414,9.7124,3150,0,0.15370659276867144,0.0,0.003126976027919611
-0.1875,0.0357,10.2101,-3.9963,2.8745,-3.9815,-0.2172,0.0209,10.2759,3151,0,0.14983440187878977,0.0,0.04293829678263659
-0.1363,0.1804,9.7898,1.2379,-2.5401,1.3739,-0.1006,0.1535,9.9084,3152,0,0.15370659276867144,0.0,0.0701217396432751
0.0782,-0.0434,9.8304,0.8353,2.6282,-1.7872,0.0268,-0.0557,9.8072,3153,0,0.15370659276867144,0.0,0.07164547701701247
-0.1997,-0.3024,9.6982,-5.9333,-3.079,5.4504,-0.2111,-0.3632,9.717,3154,0,0.15370659276867144,0.0,0.03240637848451772
-0.0681,-0.0298,9.7887,0.5484,-5.6592,-1.1626,-0.0722,-0.0221,9.7442,3155,0,0.15370659276867144,0.0,0.03612621975435899
0.0722,-0.231,9.4301,-2.2207,1.0471,-4.9501,0.0488,-0.2155,9.302,3156,0,0.13176217775583937,0.0,0.0715213795128774
-0.5954,0.2214,9.9723,-2.114,1.3445,1.4818,-0.6141,0.3245,9.9861,3157,0,0.15370659276867144,0.0,0.06373473412846666
-0.2251,0.5296,9.7801,1.3613,-3.2071,-5.2112,-0.2886,0.5147,9.8021,3158,0,0.15355074445237718,0.0,0.0014777746131532645
0.048,-0.469,9.7164,1.6586,-2.3107,-0.1348,0.0355,-0.4387,9.749,3159,0,0.15370659276867144,0.0,0.008789095367870245
-0.051,-0.2586,9.8551,-0.5821,-0.2776,0.5414,0.0279,-0.2492,9.8399,3160,0,0.15370659276867144,0.0,0.011569423011427785
-0.2071,-0.0966,9.727,-3.1149,-1.7844,2.33,-0.1558,0.0026,9.7057,3161,0,0.15370659276867144,0.0,0.011569423011427785
-0.1359,0.1333,9.8127,-6.1902,-1.2518,0.2961,-0.1422,0.1748,9.788,3162,0,0.15370659276867144,0.0,0.020730101585843617
-0.0488,0.0798,9.4851,6.0973,-3.428,-4.244,-0.0369,0.0195,9.486,3163,0,0.15370659276867144,0.0,0.0005172481999133049
-0.4145,-0.2277,10.0765,1.1428,5.4433,2.6135,-0.4324,-0.2802,10.0586,3164,0,0.15370659276867144,0.0,0.000328568954630286
-0.2653,-0.5885,9.8827,2.247,-1.013,1.991,-0.32,-0.5549,9.8254,3165,0,0.15376804318490978,0.0,0.0004045183217188936
-0.3771,0.0476,9.892,4.3306,-3.4079,-0.5658,-0.4118,0.0001,9.9139,3166,0,0.15370659276867144,0.0,0.0004045183217188936
0.1456,0.3688,9.8131,1.1716,2.0019,4.5976,0.1196,0.4207,9.8488,3167,0,0.15370659276867144,0.0,0.00047848281876031363
-0.1567,0.0627,10.1201,-1.1818,-3.7423,0.538,-0.1164,0.0811,10.0718,3168,0,0.15370659276867144,0.0,0.0006173717076492026
-0.0094,0.4613,9.7152,6.818,4.3032,-1.3005,-0.0663,0.4648,9.7414,3169,0,0.15242389511884455,0.0,0.0004045183217188936
-0.2926,0.477,9.9163,-2.4597,-2.6828,-4.661,-0.2497,0.5406,9.9223,3170,0,0.15370659276867144,0.0,0.00023692055635576503
-0.1781,-0.2831,10.2822,1.2148,-0.3873,-2.5762,-0.2553,-0.2994,10.2621,3171,0,0.14971393663212798,0.0,0.00011579000453880679
0.0971,-0.1046,10.1544,2.0535,2.3084,-2.227,0.1296,-0.1017,10.1015,3172,0,0.15370659276867144,0.0,0.01
-0.3426,-0.3912,9.7448,-1.5451,-0.1049,-0.2656,-0.2702,-0.4267,9.7498,3173,0,0.15370659276867144,0.0,0.018039840637450198
0.3761,0.3849,10.1685,-0.0543,-2.1321,0.2464,0.3627,0.356,10.1232,3174,0,0.15370659276867144,0.0,0.00016097118926715746
0.239,-0.641,9.8624,1.2269,-3.7971,3.6018,0.1634,-0.5961,9.8309,3175,0,0.15359223705380823,0.0,0.008160971189267157
-0.5702,0.0354,9.6962,2.8617,-0.617,-4.6454,-0.5464,0.0757,9.735,3176,0,0.15370659276867144,0.0,0.006325949367088608
-0.1875,0.1749,9.5589,-1.471,5.0859,-4.9713,-0.2003,0.2078,9.566,3177,0,0.15370659276867144,0.0,0.01425
-0.2846,0.1897,9.724,-3.958,-7.0422,3.0522,-0.2726,0.2391,9.8025,3178,0,0.1535830087878228,0.0,0.01625
-0.8499,0.2006,9.7774,-1.0428,-2.1662,0.088,-0.8648,0.2326,9.8,3179,0,0.1642141751932572,0.0,0.006325949367088608
-0.2027,0.2079,9.6215,2.5292,-0.3939,-1.6257,-0.1652,0.2509,9.6583,3180,0,0.15370659276867144,0.0,0.008509340659340659
-0.4899,-0.1617,9.5753,1.7345,3.8767,2.8046,-0.5251,-0.1692,9.5839,3181,0,0.15370659276867144,0.0,0.007108700020092426
-0.0026,0.1779,9.6848,-0.181,-3.0015,-1.5047,0.0829,0.1233,9.7821,3182,0,0.15370659276867144,0.0,0.0077427988272681545
-0.3943,-0.3434,9.6485,2.5169,-6.011,-1.522,-0.3891,-0.3776,9.5942,3183,0,0.15370659276867144,0.0,0.01639153206460899
-0.0086,0.0384,9.7648,2.7847,2.4613,-2.3343,0.069,0.004,9.8368,3184,0,0.15370659276867144,0.0,0.01639153206460899
0.2942,0.5574,9.6412,0.3599,-5.9122,-0.7065,0.2941,0.5172,9.5696,3185,0,0.15355074445237718,0.0,0.0004083361791784654
0.7987,-0.043,9.7625,-4.5553,-1.3563,2.4781,0.8273,0.0625,9.7406,3186,0,0.15755415468168535,0.0,0.0011002622824969738
0.3129,-0.4535,9.6216,1.702,-0.9538,5.1601,0.3725,-0.4234,9.5701,3187,0,0.15370659276867144,0.0,0.00792396449704142
0.1357,-0.06,10.3001,-1.0147,-0.4368,-2.3938,0.1422,-0.1475,10.2307,3188,0,0.15111538137757127,0.0,0.016323964497041422
-0.157,-0.0995,9.9005,1.5585,3.6877,-1.0833,-0.1379,-0.0349,9.8928,3189,0,0.15370659276867144,0.0,0.016323964497041422
-0.2951,-0.3194,9.8444,1.0064,2.968,1.1036,-0.2855,-0.302,9.9259,3190,0,0.15370659276867144,0.0,0.017923964497041422
0.0463,-0.2557,9.6539,-0.4768,-0.8876,5.4184,0.0185,-0.218,9.7139,3191,0,0.15370659276867144,0.0,0.00632396449704142
0.0339,-0.4066,9.9348,2.7044,-0.9106,-1.3101,0.0541,-0.3975,9.9041,3192,0,0.15370659276867144,0.0,0.00809156226240455
-0.0514,0.343,9.5721,2.3289,-1.815,2.1259,-0.0696,0.3239,9.5567,3193,0,0.15370659276867144,0.0,0.010241562262404549
0.2819,0.0246,9.9858,5.8111,4.6173,-0.3115,0.3241,0.0528,9.9167,3194,0,0.15370659276867144,0.0,0.01641759776536313
0.3069,-0.1448,9.9526,2.4697,-1.9588,1.1072,0.2541,-0.1706,9.904,3195,0,0.15370659276867144,0.0,0.01641759776536313
0.0703,-0.3604,9.895,-3.3511,2.9521,5.2766,0.093,-0.3377,9.9375,3196,0,0.15370659276867144,0.0,0.010241562262404549
0.1001,-0.366,9.7823,4.0554,1.5277,2.8275,0.0832,-0.3456,9.8842,3197,0,0.15370659276867144,0.0,0.0001675977653631285
-0.0426,-0.0723,9.9582,-8.1082,-1.3519,-4.8342,-0.1481,-0.1305,9.9902,3198,0,0.147664941262513,0.0,0.000723153320918684
-0.194,-0.4476,9.6101,-1.1109,1.0215,0.0825,-0.16,-0.4588,9.6246,3199,0,0.15370659276867144,0.0,0.0001675977653631285
-0.1838,-0.1063,9.8986,-1.1834,1.951,1.9516,-0.1524,-0.1118,9.9128,3200,0,0.15370659276867144,0.0,0.000723153320918684
0.5636,-0.2051,9.6321,-0.2238,1.7759,2.3756,0.5925,-0.2048,9.5655,3201,0,0.15488821094857297,0.0,0.0019463272917022167
0.6981,-0.0415,9.8219,0.5716,-4.6067,1.0705,0.7556,-0.1288,9.8886,3202,0,0.14032619840121285,0.0,0.011946327291702218
-0.1215,-0.0533,9.843,-1.1523,0.2266,2.7465,-0.1255,0.0089,9.8799,3203,0,0.15370659276867144,0.0,0.011807438402813326
-0.2374,-0.1811,9.5819,-3.4173,0.7813,-3.5246,-0.2326,-0.2056,9.6182,3204,0,0.15370659276867144,0.0,0.0018074384028133278
0.2607,0.1288,10.0193,2.2901,2.1848,3.059,0.1913,0.1305,10.0022,3205,0,0.15370659276867144,0.0,0.0032596332741919886
-0.009,0.1927,9.5838,4.8888,-2.2241,0.8539,-0.011,0.2662,9.6174,3206,0,0.15370659276867144,0.0,0.0026002926148513293
0.0463,-0.3308,9.6068,1.5127,1.8452,-0.4297,0.0631,-0.2769,9.6393,3207,0,0.15370659276867144,0.0,0.0029067792691033468
-0.3206,-0.2883,10.0396,0.9835,0.9764,0.8308,-0.3069,-0.2239,10.0055,3208,0,0.15370659276867144,0.0,0.00416313485381714
0.0485,-0.5088,9.7978,0.1335,0.1342,-1.6135,0.1663,-0.5308,9.7645,3209,0,0.15370659276867144,0.0,0.00416313485381714
0.1209,0.8187,9.727,-2.8639,-0.3073,2.2832,0.0875,0.9024,9.7096,3210,0,0.09002684658918078,0.0,0.0022168075621149235
-0.7812,-0.1442,9.6615,-4.3457,1.0723,-1.0768,-0.7241,-0.196,9.6919,3211,0,0.1527798341291997,0.0,0.0022168075621149235
0.0231,0.208,9.8742,0.0645,0.4958,3.5336,-0.0052,0.1863,9.9085,3212,0,0.15370659276867144,0.0,0.0016197926367417892
-0.2431,0.7344,9.8757,-2.3066,3.5871,-3.2036,-0.196,0.7811,9.8944,3213,0,0.1477286373662197,0.0,0.0013303200817552138
0.5726,0.7511,9.9373,0.064,-1.282,-3.8431,0.5889,0.7656,9.9776,3214,0,0.1491732292944089,0.0,0.02073330515638208
0.0823,-0.0144,10.0535,-4.2918,0.9785,-3.2819,0.0492,-0.0476,10.089,3215,0,0.15370659276867144,0.0,0.011874293930368696
-0.0468,0.0903,9.792,4.0592,-0.453,1.2293,-0.0507,0.0056,9.847,3216,0,0.15370659276867144,0.0,0.011874293930368696
0.0079,-0.156,10.0241,1.2114,2.1045,-1.0065,-0.026,-0.1246,10.098,3217,0,0.15370659276867144,0.0,0.01247130885574183
-0.3566,-0.1562,9.6823,3.451,-1.844,4.1969,-0.4341,-0.1985,9.7939,3218,0,0.15370659276867144,0.0,0.011874293930368696
0.1089,-0.0223,9.8048,3.1788,2.4173,-1.486,0.0544,-0.0636,9.7419,3219,0,0.15370659276867144,0.0,0.022013182819257588
-0.4425,-0.0271,9.8902,3.5614,1.184,-4.2757,-0.4777,-0.0514,9.8607,3220,0,0.15370659276867144,0.0,0.02135384215991693
-0.0558,0.2407,10.1435,6.1636,-1.5216,-1.7694,-0.0152,0.1483,10.1083,3221,0,0.15370659276867144,0.0,0.02135384215991693
-0.0059,0.2507,9.7225,-1.2727,0.628,-0.5643,0.0001,0.2414,9.7607,3222,0,0.15370659276867144,0.0,0.032610197744630726
-0.0765,-0.2867,9.957,2.1219,-3.5813,1.4226,-0.1048,-0.2335,9.9196,3223,0,0.15370659276867144,0.0,0.022013182819257588
0.057,0.2321,9.8213,1.9209,0.5343,-1.1456,0.0931,0.2262,9.8293,3224,0,0.15370659276867144,0.0,0.02361318281925759
0.0974,0.6812,9.9103,4.3851,-9.1518,1.776,0.1512,0.7335,9.8949,3225,0,0.14637039957307343,0.0,0.031808387614462384
0.2279,-0.415,9.9599,-1.7114,-2.4931,-3.8642,0.205,-0.409,9.877,3226,0,0.15370659276867144,0.0,0.021808387614462382
-0.2461,0.1064,9.939,-2.363,1.4217,0.3787,-0.2526,0.1254,10.0413,3227,0,0.15370659276867144,0.0,0.031808387614462384
0.2714,0.4143,10.0059,-1.3328,0.1402,6.808,0.2685,0.3921,9.8966,3228,0,0.15314501477372658,0.0,0.031808387614462384
-0.2739,-0.1339,9.5605,-0.7899,-1.7438,-2.4849,-0.2386,-0.1178,9.5355,3229,0,0.15370659276867144,0.0,0.021669498725573492
0.5411,-0.1309,9.9277,-0.9551,1.0394,-1.7551,0.5807,-0.0662,9.9172,3230,0,0.15361879978792273,0.0,0.021808387614462382
0.172,0.0169,9.6753,-1.4276,-2.731,1.9843,0.226,0.0014,9.6195,3231,0,0.15370659276867144,0.0,0.02189807015414492
0.0436,-0.1706,9.725,-0.8573,2.8431,5.125,0.0451,-0.186,9.7753,3232,0,0.15370659276867144,0.0,0.021669498725573492
-0.0402,0.1652,10.1644,-0.9768,-1.6108,3.5786,-0.0513,0.1334,10.1263,3233,0,0.15370659276867144,0.0,0.031669498725573494
0.3843,-0.077,9.9656,5.0452,-2.62,1.3,0.4211,-0.0744,9.9934,3234,0,0.15370659276867144,0.0,0.021669498725573492
0.3784,0.0181,9.7792,-5.7798,-2.8257,-3.5784,0.378,0.0951,9.7236,3235,0,0.15370659276867144,0.0,0.01166949872557349
0.0614,0.6655,9.5611,-2.927,1.2769,0.6088,0.1199,0.7163,9.641,3236,0,0.15298598980126782,0.0,0.03319112152140249
0.2248,-0.4559,9.6415,-1.4788,-0.4103,1.9678,0.2283,-0.5007,9.6609,3237,0,0.15370659276867144,0.0,0.02346286065183727
0.1841,-0.1623,9.5917,-1.0917,1.551,-0.1387,0.2103,-0.1064,9.6268,3238,0,0.15370659276867144,0.0,0.02917171370933651
0.2872,-0.0204,9.6644,1.2061,0.2433,1.7459,0.266,-0.0657,9.7893,3239,0,0.15370659276867144,0.0,0.04258418510521752
0.0835,-0.3091,10.0057,1.666,-2.2747,-0.6203,0.1328,-0.3189,10.0239,3240,0,0.15370659276867144,0.0,0.04917171370933651
0.0829,-0.2628,9.6755,-2.0703,-0.3836,4.2029,0.1502,-0.2563,9.7283,3241,0,0.15370659276867144,0.0,0.0528559242356523
-0.1059,0.1411,9.5708,-2.0731,2.4663,-0.6352,-0.1464,0.1651,9.5539,3242,0,0.15370659276867144,0.0,0.09895432240498866
-0.5502,-0.4747,9.4571,3.08,4.6636,2.7056,-0.5291,-0.4921,9.5431,3243,0,0.15370659276867144,0.0,0.02358347203407496
0.2059,-0.4058,9.6948,-2.1046,0.1271,0.1901,0.2733,-0.4267,9.6296,3244,0,0.15370659276867144,0.0,0.053544637082618654
0.2575,0.0162,9.6911,-0.3438,2.7838,-2.4615,0.176,0.0562,9.7141,3245,0,0.15370659276867144,0.0,0.059860426556302866
-0.3569,-0.267,9.8436,-0.5609,1.7538,-2.0024,-0.3816,-0.2921,9.9001,3246,0,0.15370659276867144,0.0,0.053544637082618654
0.4833,0.0924,9.9044,4.9901,3.484,1.9612,0.5239,0.0931,9.9556,3247,0,0.15370659276867144,0.0,0.03354463708261865
-0.0105,-0.1265,9.6552,0.8108,2.5336,0.8991,0.0704,-0.1219,9.636,3248,0,0.15370659276867144,0.0,0.018544637082618644
0.2299,0.4534,9.5503,-0.4979,-5.7722,1.7729,0.2201,0.3874,9.5582,3249,0,0.15370659276867144,0.0,0.02832724577827082
0.5319,-0.5295,10.0775,-0.0603,-4.7257,1.6834,0.5984,-0.4863,10.0503,3250,0,0.15346008255657423,0.0,0.013950042488024053
-0.2403,0.2628,9.9102,0.388,2.234,-3.0787,-0.2675,0.2773,9.9667,3251,0,0.15370659276867144,0.0,0.013544637082618645
-0.111,0.2786,9.7188,-1.7098,-1.7824,1.2644,-0.1264,0.2513,9.6904,3252,0,0.15370659276867144,0.0,0.012329683811590608
-0.5097,0.365,10.095,0.7621,2.3202,3.1277,-0.3886,0.3818,10.0503,3253,0,0.15370659276867144,0.0,0.012329683811590608
0.0695,-0.2023,10.1455,0.6242,0.4864,1.0986,0.1277,-0.2553,10.2504,3254,0,0.1526504524297057,0.0,0.032329683811590605
0.1665,-0.4689,9.2765,-0.4582,3.1729,-3.407,0.1668,-0.5226,9.3058,3255,0,0.1365964883239527,0.0,0.0334880415828516
-0.1694,-0.2737,10.1761,2.0867,1.0172,1.7904,-0.232,-0.2688,10.1476,3256,0,0.15370659276867144,0.0,0.023488041582851605
-0.136,0.0091,9.7284,1.1842,1.0576,-0.4358,-0.1399,-0.017,9.7053,3257,0,0.15370659276867144,0.0,0.0334880415828516
0.2618,-0.0117,9.7991,-1.2895,-0.7672,-2.8062,0.2228,-0.0632,9.8269,3258,0,0.15370659276867144,0.0,0.043488041582851605
0.2442,0.0113,9.5938,-2.2853,-2.1198,-4.0257,0.2443,0.0759,9.5712,3259,0,0.15370659276867144,0.0,0.0334880415828516
-0.0598,0.2816,9.5834,-0.9813,2.5748,-4.0001,-0.1214,0.3071,9.5883,3260,0,0.15370659276867144,0.0,0.041180349275159296
0.603,-0.1641,9.4979,1.6025,2.9359,3.1481,0.5623,-0.1894,9.522,3261,0,0.15208732668341593,0.0,0.043675769536014604
-0.1263,0.1581,9.6553,-2.8219,6.078,-8.4976,-0.1279,0.1189,9.6399,3262,0,0.1508534473230876,0.0,0.06554215725466818
0.3164,0.274,9.5985,-3.7559,-0.3883,2.0544,0.3073,0.2402,9.5455,3263,0,0.15370659276867144,0.0,0.03280342621429219
0.4524,-0.3829,9.5809,2.3043,-2.9037,-1.8396,0.35,-0.415,9.6226,3264,0,0.15370659276867144,0.0,0.006138761113430713
0.168,0.1501,9.5629,0.5509,1.0011,-4.4334,0.1373,0.1662,9.5318,3265,0,0.15370659276867144,0.0,0.00586702198299593
0.0463,-0.3041,9.6328,1.9101,1.007,-2.6166,0.0473,-0.4025,9.6677,3266,0,0.15370659276867144,0.0,0.03721496893085671
0.2688,0.029,9.8192,-1.902,1.6608,-0.4918,0.3261,0.0274,9.7867,3267,0,0.15370659276867144,0.0,0.021524779602113166
-0.2212,-0.5283,9.7553,0.8903,-0.5556,-8.0433,-0.2351,-0.4066,9.758,3268,0,0.15152296743303956,0.0,0.06312159824925073
-0.0989,-0.0712,9.8831,1.2381,6.6941,-2.4391,-0.2476,0.022,9.905,3269,0,0.15370659276867144,0.0,0.04848996168657969
0.0129,0.5253,9.5811,-0.5507,2.7151,-1.8174,0.1102,0.4951,9.6016,3270,0,0.15355074445237718,0.0,0.07312159824925074
0.3132,-0.2277,9.5639,-0.0305,-1.8611,-0.1731,0.3083,-0.2142,9.4977,3271,0,0.15370659276867144,0.0,0.05296695907399299
-0.2678,-0.0701,9.7365,-2.6271,-2.607,-3.7993,-0.2397,-0.039,9.7462,3272,0,0.15370659276867144,0.0,0.047857057884237
-0.2016,0.1522,9.6598,0.9581,1.9125,0.3022,-0.1594,0.1212,9.7189,3273,0,0.15370659276867144,0.0,0.047703801179256156
0.0403,0.1569,9.5425,-1.2868,1.9753,4.6628,-0.0846,0.1531,9.6424,3274,0,0.15370659276867144,0.0,0.0483859294193653
0.0004,0.1718,9.951,-0.7794,-4.0806,4.0088,-0.0177,0.1618,9.9558,3275,0,0.15370659276867144,0.0,0.10367032365032643
-0.0631,0.2405,9.877,2.485,2.7806,-2.5294,0.0147,0.2888,9.8185,3276,0,0.15370659276867144,0.0,0.08399083647083926
0.2569,-0.4289,10.0025,-3.9721,-0.4742,2.053,0.1814,-0.4984,9.9852,3277,0,0.15370659276867144,0.0,0.043990836470839255
-0.0275,0.0037,9.8478,-0.8603,-2.0376,-4.5911,-0.0347,-0.0412,9.8053,3278,0,0.15370659276867144,0.0,0.04090702743330543
0.293,-0.2095,9.9898,-8.5609,-0.5408,-4.0873,0.2484,-0.2703,9.9981,3279,0,0.1458499173853834,0.0,0.030172265499150787
-0.4261,-0.0218,9.4582,-3.9496,2.558,3.0084,-0.464,0.0432,9.4352,3280,0,0.152968620356603,0.0,0.020566421170813757
-0.3687,0.1745,10.1403,-2.3788,-0.1173,2.4329,-0.3412,0.1672,10.146,3281,0,0.15370659276867144,0.0,0.03020216257549734
-0.0563,0.2317,10.0725,4.4958,-3.6145,-1.1578,-0.0882,0.2803,10.0051,3282,0,0.15370659276867144,0.0,0.04110100953566505
0.2224,-0.2583,9.8549,1.4743,0.6308,4.4163,0.1776,-0.2476,9.8934,3283,0,0.15370659276867144,0.0,0.02006327368660845
0.7706,-0.5825,9.4442,0.2757,-0.8386,0.3761,0.7304,-0.4349,9.3933,3284,0,0.14948887297091032,0.0,0.024903898176041064
-0.0304,-0.3513,9.4551,1.9594,-3.0603,3.0244,-0.0836,-0.3264,9.4693,3285,0,0.15370659276867144,0.0,0.03524450443853274
0.145,-0.337,9.8656,-0.1553,-1.2876,4.0565,0.1496,-0.3232,9.8419,3286,0,0.15370659276867144,0.0,0.031529784868252475
0.3978,-0.1417,10.1795,1.058,2.8436,0.1912,0.3455,-0.0874,10.1405,3287,0,0.15370659276867144,0.0,0.019439417440248512
0.3587,-0.1049,9.6869,1.3524,1.9899,1.916,0.3995,-0.1544,9.6114,3288,0,0.15370659276867144,0.0,0.019439417440248512
0.1085,-0.1247,10.0348,-4.2194,2.2399,-0.5215,0.2126,-0.0886,10.0949,3289,0,0.15370659276867144,0.0,0.029439417440248507
-0.1367,0.0778,10.1662,-2.8057,-1.2224,-4.6592,-0.1484,0.0683,10.2138,3290,0,0.15262407051682947,0.0,0.029439417440248507
-0.4951,0.1403,9.5288,-0.9885,-4.4442,0.4424,-0.4324,0.1115,9.4843,3291,0,0.15370659276867144,0.0,0.029439417440248507
0.1148,-0.0981,9.9194,2.5401,-4.3362,6.5316,0.1399,-0.1485,9.8513,3292,0,0.15314501477372658,0.0,0.029478252391704814
0.5955,-0.1573,9.8239,3.1849,2.1173,-2.4975,0.5935,-0.1313,9.7958,3293,0,0.15522247095773994,0.0,0.03947825239170482
0.0437,-0.0232,9.808,-1.695,6.9374,-4.2186,0.0216,-0.0072,9.7489,3294,0,0.1515073908928257,0.0,0.049478252391704815
-0.485,-0.2289,9.5415,-0.881,4.571,0.4126,-0.4836,-0.2371,9.5679,3295,0,0.15370659276867144,0.0,0.02908426704588233
0.3135,-0.278,9.7649,-2.5712,-4.3419,-7.4831,0.3471,-0.2388,9.7653,3296,0,0.15152296743303956,0.0,0.028797077259224722
-0.1251,0.0594,9.8374,0.3884,0.153,1.3799,-0.0767,0.1219,9.91,3297,0,0.15370659276867144,0.0,0.06419724461947623
-0.4362,-0.4866,9.7935,-1.0344,-2.1675,1.4074,-0.5241,-0.5473,9.8015,3298,0,0.15370659276867144,0.0,0.03424749963051546
0.0453,-0.7321,9.8571,-0.7859,-2.6164,-2.0757,-0.0038,-0.697,9.8457,3299,0,0.15246567911424472,0.0,0.03361516918686427
-0.2859,0.4258,9.5552,0.2209,1.5943,-6.9572,-0.2117,0.472,9.6264,3300,0,0.1532405209942328,0.0,0.07590477791464606
0.2067,0.2297,9.4948,0.5684,-0.6323,4.72,0.2311,0.2664,9.4877,3301,0,0.15370659276867144,0.0,0.060190492200360345
-0.6839,-0.1009,9.5949,2.667,1.1137,-1.2811,-0.6351,-0.0928,9.6408,3302,0,0.1539544779300811,0.0,0.029203011362342983
-0.236,0.311,9.897,-0.0218,-1.4633,-1.4409,-0.2189,0.3642,9.9679,3303,0,0.15370659276867144,0.0,0.037864665497681325
0.8654,0.4623,9.8346,-1.2397,2.6448,2.5837,0.796,0.411,9.8053,3304,0,0.1686977758218294,0.0,0.012879155700979352
-0.0505,-0.5793,10.0733,-3.0302,-2.945,3.6109,-0.0571,-0.5874,10.0045,3305,0,0.15360476376730087,0.0,0.01312570402445075
0.2236,0.1582,9.5643,1.2271,-1.4138,-1.1141,0.262,0.2044,9.6059,3306,0,0.15370659276867144,0.0,0.012879155700979352
0.0798,-0.1664,9.8201,0.2988,-3.5305,0.3664,0.1577,-0.1588,9.7657,3307,0,0.15370659276867144,0.0,0.013561283941088494
0.6004,0.4559,9.7715,-1.4137,-0.4399,-1.6848,0.636,0.4154,9.8247,3308,0,0.15532985235397145,0.0,0.012879155700979352
-0.1511,0.4569,9.7857,-0.893,-3.5958,-1.8707,-0.0967,0.4364,9.8348,3309,0,0.15370659276867144,0.0,0.011841419851922748
0.0554,0.3516,10.0401,1.2741,-2.2608,0.4076,0.0777,0.33,9.9789,3310,0,0.15370659276867144,0.0,0.012087968175394148
0.2386,-0.0352,9.4926,-3.7976,6.9546,0.582,0.2773,-0.0625,9.5554,3311,0,0.15142263303528386,0.0,0.01168256276998874
-0.1838,0.6776,9.5392,-0.4665,5.0847,-4.2791,-0.163,0.6205,9.5344,3312,0,0.15318370441863025,0.0,0.009179716262623133
0.1131,0.1082,9.7776,-2.8776,-0.4922,-0.164,0.1651,0.1515,9.7706,3313,0,0.15370659276867144,0.0,0.009179716262623133
-0.0448,0.3116,10.1149,2.2636,2.001,-1.7562,-0.0936,0.333,10.0895,3314,0,0.15370659276867144,0.0,0.019060939450701708
0.4481,-0.4732,9.8015,1.9827,-0.0856,1.788,0.426,-0.4877,9.8242,3315,0,0.15370659276867144,0.0,0.00946634485610711
-0.4894,-0.1665,9.8246,-0.9804,-5.9258,2.1242,-0.4271,-0.2063,9.8212,3316,0,0.15370659276867144,0.0,0.009060939450701706
-0.4276,-0.202,9.6542,3.5462,3.8594,0.568,-0.4871,-0.1935,9.7078,3317,0,0.15370659276867144,0.0,0.009060939450701706
0.1278,0.2703,9.7122,3.5467,3.4617,1.1361,0.1408,0.2257,9.6947,3318,0,0.15370659276867144,0.0,0.0015952643934934682
0.4613,-0.5628,9.6635,-1.3589,-0.2044,-2.7474,0.4038,-0.5967,9.7684,3319,0,0.15360476376730087,0.0,0.0016340993449497788
0.1365,-0.0756,9.8452,0.3038,-5.6018,3.2432,0.1638,-0.1593,9.8341,3320,0,0.15370659276867144,0.0,0.0013634546359362098
-0.3583,0.0597,9.9233,0.5432,1.7759,1.5773,-0.3193,0.0467,9.959,3321,0,0.15370659276867144,0.0,0.0013634546359362098
0.0744,-0.0313,9.7826,2.6499,-0.2025,-0.2294,0.0907,-0.0102,9.8337,3322,0,0.15370659276867144,0.0,0.0013634546359362098
-0.2319,0.2402,9.6505,-2.3566,3.7403,2.9458,-0.2561,0.2367,9.6465,3323,0,0.15370659276867144,0.0,0.0013634546359362098
0.3391,-0.4707,10.001,-1.1775,0.2412,6.4195,0.3156,-0.5211,9.9524,3324,0,0.15314501477372658,0.0,0.0013634546359362098
-0.0852,0.3514,9.7486,-3.1088,-0.7933,-1.395,-0.0515,0.3181,9.6979,3325,0,0.15370659276867144,0.0,0.0013634546359362098
-0.0066,-0.1155,10.1488,-0.9494,0.5233,-4.8852,-0.0982,-0.1292,10.1645,3326,0,0.15370659276867144,0.0,0.0013634546359362098
0.5085,-0.1818,9.6384,1.5739,-2.2203,-3.7905,0.5998,-0.2317,9.5621,3327,0,0.15346008255657423,0.0,0.0024401826004257473
-0.1117,0.3434,9.7813,-1.4818,-0.0708,-4.5611,-0.0145,0.3249,9.7392,3328,0,0.15370659276867144,0.0,0.0024401826004257473
-0.6898,0.459,10.0698,-7.862,3.8055,-0.6666,-0.674,0.446,10.1271,3329,0,0.14688151893277557,0.0,0.011363454635936212
-0.0002,-0.7203,9.8226,-0.1508,-0.8822,-5.5078,-0.0005,-0.6655,9.7127,3330,0,0.15019613955093336,0.0,0.01576823052149693
-0.0723,0.4623,9.9331,2.2096,-2.3492,2.23,-0.0823,0.4288,9.8863,3331,0,0.15370659276867144,0.0,0.006374291127557529
-0.0045,-0.1517,9.2797,-4.873,1.0037,-0.0485,-0.0278,-0.2425,9.281,3332,0,0.13111951704331115,0.0,0.006374291127557529
-0.1472,0.0856,9.7902,-7.8058,0.9744,8.2561,-0.1749,0.1393,9.8186,3333,0,0.14379403143238131,0.0,0.004639531308501021
0.3099,-0.0001,9.94,2.2397,3.5739,2.5263,0.2974,0.0273,9.9634,3334,0,0.15370659276867144,0.0,0.0013634546359362098
0.4961,-0.5806,9.6946,5.3943,6.1726,-3.6613,0.611,-0.5123,9.7315,3335,0,0.15346008255657423,0.0,0.000745263418819437
0.1943,0.9136,9.7367,0.6089,-2.4912,0.1762,0.1622,0.9212,9.7218,3336,0,0.09110079313830283,0.0,0.011135355578403443
-0.2462,-0.0836,9.5464,-4.7933,-4.3353,2.1861,-0.2693,-0.1591,9.5022,3337,0,0.15370659276867144,0.0,0.0004345148816589471
-0.1474,-0.0265,10.0356,-0.8658,-7.6408,2.0246,-0.1161,-0.0869,10.0564,3338,0,0.14981546126865944,0.0,0.0004345148816589471
-0.0776,-0.1385,9.4905,1.8025,-0.9861,-1.3016,-0.0135,-0.0965,9.5979,3339,0,0.15370659276867144,0.0,0.0004345148816589471
-0.0245,-0.3855,9.7197,-3.5634,-0.7264,-0.191,-0.0446,-0.3552,9.6717,3340,0,0.15370659276867144,0.0,0.010434514881658948
-0.0037,-0.0797,9.4651,0.3924,3.396,0.2353,-0.052,-0.0031,9.4869,3341,0,0.15370659276867144,0.0,0.010434514881658948
-0.3128,0.1124,9.9778,1.3332,-5.5648,-2.1376,-0.3284,0.0678,9.897,3342,0,0.15370659276867144,0.0,0.017808010337320945
-0.0955,0.3024,9.5416,-1.1402,-3.1378,1.4467,0.0014,0.3237,9.5148,3343,0,0.15370659276867144,0.0,0.021394966859060074
-0.2866,-0.2904,10.0772,-1.242,0.8619,4.182,-0.2122,-0.1366,10.1281,3344,0,0.15370659276867144,0.0,0.002944938747868049
-0.3589,0.1256,9.6519,-4.8309,-4.6826,-3.564,-0.3952,0.115,9.6339,3345,0,0.15370659276867144,0.0,0.011564593661596482
-0.2487,-0.1281,9.7498,-3.4731,2.4206,-0.3478,-0.2904,-0.1421,9.7474,3346,0,0.15370659276867144,0.0,0.0038596251275120736
0.0937,0.3048,9.7675,1.1154,-1.1111,1.1155,0.165,0.2979,9.6515,3347,0,0.15370659276867144,0.0,0.0038596251275120736
-0.4328,-0.144,9.5656,-0.6682,1.201,-1.6324,-0.4974,-0.1294,9.5855,3348,0,0.15370659276867144,0.0,0.019208462336814402
0.2386,0.2455,10.3627,2.8787,-0.2732,0.6131,0.2841,0.2682,10.3314,3349,0,0.1369623787948369,0.0,0.003177496887402933
0.1756,-0.2623,9.7592,1.5442,1.0499,-3.1227,0.1575,-0.253,9.7757,3350,0,0.15370659276867144,0.0,0.013166579530138684
-0.2535,-0.0386,9.8157,4.3846,3.7979,-1.6824,-0.2663,-0.1064,9.8708,3351,0,0.15370659276867144,0.0,0.003127744578682372
0.416,0.0766,9.8763,4.3647,-2.9042,1.182,0.4354,0.0024,9.8947,3352,0,0.15370659276867144,0.0,0.013053780081640954
-0.4303,0.1263,10.0998,-6.1228,-8.651,1.3424,-0.4977,0.07,10.0652,3353,0,0.14821333154939517,0.0,0.0023331268923754474
0.1729,-0.307,9.9393,-0.8465,-6.0376,0.9418,0.121,-0.2738,9.9686,3354,0,0.15370659276867144,0.0,0.0024715772903531673
0.1246,0.1766,10.1492,0.9241,3.9092,3.2393,0.1085,0.2143,10.147,3355,0,0.15370659276867144,0.0,0.01152882961657101
-0.1004,-0.0104,9.6934,3.244,2.522,-0.8954,-0.0795,0.0747,9.7643,3356,0,0.15370659276867144,0.0,0.016538353426094818
0.1961,0.1156,9.7007,0.4305,-3.1511,-4.8678,0.1496,0.1333,9.7182,3357,0,0.15370659276867144,0.0,0.01152882961657101
0.0125,0.1954,9.9031,0.9797,-3.3161,-8.3343,0.0762,0.1615,9.8513,3358,0,0.1508534473230876,0.0,0.03676646139815472
-0.2837,-0.151,9.9282,-0.2505,-0.4461,-1.2061,-0.214,-0.1161,9.9359,3359,0,0.15370659276867144,0.0,0.03262913131798741
0.0344,0.6871,9.8904,2.1324,2.302,-7.1438,0.0686,0.6785,9.8152,3360,0,0.15212948190437614,0.0,0.03382913131798741
0.2541,-0.2242,9.5201,-3.4796,2.8943,0.495,0.3477,-0.3351,9.5498,3361,0,0.15370659276867144,0.0,0.024312377271942284
0.6411,0.0993,9.4759,5.7715,-0.5925,0.5067,0.7085,0.1238,9.4439,3362,0,0.1456985798017746,0.0,0.0037152114590276192
-0.4763,0.0684,10.0956,-1.6336,2.5337,-2.9169,-0.4931,0.0885,9.99,3363,0,0.15370659276867144,0.0,0.0016499294375910802
0.0684,-0.2064,9.9024,-1.6181,6.4558,2.3878,0.0745,-0.1886,9.9073,3364,0,0.15370659276867144,0.0,0.004484442228258389
-0.1127,0.5306,10.0086,-2.3741,-1.0128,-0.1726,-0.098,0.4158,9.9955,3365,0,0.15355074445237718,0.0,0.0043455533393695
-0.0192,-0.9624,9.1969,-2.5601,0.6076,-2.2727,-0.0743,-0.8795,9.2198,3366,1,0.08181541153644803,0.0,0.0028335664756584983
-0.3407,0.1183,9.8186,1.5067,1.9111,5.1676,-0.3304,0.0776,9.8087,3367,0,0.15370659276867144,0.0,0.002064335706427729
-0.1468,0.1598,9.921,0.949,-2.1331,-1.5562,-0.2007,0.0585,9.9347,3368,0,0.15370659276867144,0.0,0.003264335706427729
0.0579,0.0718,10.0296,-4.8232,-0.462,1.5756,0.1166,0.1355,10.0497,3369,0,0.15370659276867144,0.0,0.0419387081017285
0.4576,0.4775,9.8485,-2.8774,-3.2771,0.6368,0.3992,0.4631,9.828,3370,0,0.15370659276867144,0.0,0.002064335706427729
0.2542,-0.2906,9.8904,-5.9926,-1.3339,3.3363,0.2276,-0.3449,9.9366,3371,0,0.15370659276867144,0.0,0.0008493824353996916
0.3314,-0.3031,9.7671,-0.5413,1.0093,-3.8779,0.3089,-0.3038,9.8445,3372,0,0.15370659276867144,0.0,0.0008493824353996916
-0.747,-0.29,9.9671,-6.0166,-0.6731,-3.1206,-0.7026,-0.3071,10.0149,3373,0,0.14587301429295768,0.0,0.0008493824353996916
0.1227,0.0636,10.2277,-7.512,-5.2666,-6.0828,0.0468,0.1006,10.2706,3374,0,0.14908529717356342,0.0,0.012049382435399691
0.2162,0.0361,9.5466,0.404,-4.5941,2.7739,0.182,0.0368,9.5251,3375,0,0.15370659276867144,0.0,0.011950860267912007
0.3834,0.4608,9.5772,2.2512,1.7034,-3.3169,0.4219,0.5347,9.5026,3376,0,0.15370659276867144,0.0,0.011950860267912007
0.8142,-0.0137,9.4859,1.3086,0.0456,-2.2651,0.8131,0.1,9.6026,3377,0,0.16277039766160262,0.0,0.021238834951456315
-0.0207,0.0161,9.8513,-0.5554,0.5667,1.8618,0.0867,0.028,9.8052,3378,0,0.15370659276867144,0.0,0.02003883495145631
-0.5046,0.4966,9.9554,1.1585,3.9052,1.5344,-0.5554,0.4717,9.9257,3379,0,0.15370659276867144,0.0,3.883495145631068e-05
0.0908,0.104,9.6823,1.3267,-1.4732,-2.5826,0.009,0.0666,9.6249,3380,0,0.15370659276867144,0.0,0.00080806572068708
0.0377,-0.213,9.5101,-0.7381,-2.3825,0.9838,-0.0004,-0.2548,9.5207,3381,0,0.15370659276867144,0.0,0.010808065720687078
-0.1711,0.5258,9.8542,2.0245,0.3494,0.0975,-0.2232,0.5543,9.8029,3382,0,0.15355074445237718,0.0,0.012146954609575968
-0.3344,-0.032,9.9812,0.092,0.8761,-1.9681,-0.3738,0.0102,9.9796,3383,0,0.15370659276867144,0.0,0.000793327154772938
-0.2387,-0.0896,9.9707,-1.7893,0.1077,2.8294,-0.1549,-0.0733,9.953,3384,0,0.15370659276867144,0.0,0.0
-0.464,0.116,9.7266,4.0582,-2.5723,-0.1596,-0.4748,0.1483,9.7286,3385,0,0.15370659276867144,0.0,0.0002325581395348837
-0.0617,0.0238,9.5224,1.4447,5.9528,2.7638,-0.0338,-0.0225,9.4917,3386,0,0.15370659276867144,0.0,0.0012
-0.2462,-0.0407,10.1439,1.2312,-3.225,-2.9291,-0.1461,0.024,10.1356,3387,0,0.15370659276867144,0.0,0.010453574203574203
-0.0099,0.2208,9.8728,0.7701,5.4067,-2.6114,0.0364,0.2432,9.7609,3388,0,0.15370659276867144,0.0,0.020644795411744563
-0.1618,0.2708,9.989,2.5029,2.7086,1.6392,-0.1438,0.2387,9.9874,3389,0,0.15370659276867144,0.0,0.021099340866290017
-0.0726,0.2784,9.8384,-0.1297,-1.913,-2.773,-0.1512,0.1947,9.8833,3390,0,0.15370659276867144,0.0,0.021099340866290017
-0.2296,-0.1324,9.6954,0.0792,-1.8998,1.6465,-0.3008,-0.1656,9.7478,3391,0,0.15370659276867144,0.0,0.0113318990058249
0.2987,0.0791,10.135,0.9002,0.4447,0.2805,0.3322,0.1042,10.1958,3392,0,0.15332031675608063,0.0,0.011486538181082633
-0.3831,0.0916,10.1601,1.7591,1.2076,2.2545,-0.3947,0.0892,10.1602,3393,0,0.15370659276867144,0.0,0.0014865381810826345
0.0912,0.0473,9.8797,0.3564,0.4815,0.8426,0.1157,-0.0763,9.8997,3394,0,0.15370659276867144,0.0,0.0014865381810826345
-0.2976,0.0837,9.4909,0.5909,0.8543,-5.993,-0.2882,0.0253,9.4639,3395,0,0.15370659276867144,0.0,0.011560502678124054
0.1825,-0.2525,9.6535,-0.3046,-1.3375,2.0621,0.1131,-0.306,9.665,3396,0,0.15370659276867144,0.0,0.021560502678124056
-0.3901,-0.0094,10.1743,5.7327,5.7432,-1.5051,-0.4777,-0.0744,10.1209,3397,0,0.15370659276867144,0.0,0.012471386665931117
0.3228,0.5088,10.3038,-1.9687,0.3466,-4.025,0.404,0.5584,10.3528,3398,0,0.10083069653964494,0.0,0.011486538181082634
-0.2665,-0.132,9.5496,1.1881,-1.5189,1.0591,-0.2406,-0.1754,9.5994,3399,0,0.15370659276867144,0.0,0.012630116824661277
0.2234,0.3213,9.8089,5.1923,3.9506,-6.3582,0.1844,0.3438,9.8848,3400,0,0.15370659276867144,0.0,0.0014906291645550612
-0.3658,0.0198,9.7935,0.4474,-2.6521,-8.084,-0.3773,-0.0152,9.8777,3401,0,0.15112873798756274,0.0,0.016011904761904762
-0.2276,-0.4737,9.3178,-1.2163,1.2523,3.081,-0.2543,-0.4543,9.3089,3402,0,0.14613255407757203,0.0,0.0015645936615964813
0.994,0.049,9.6148,0.5294,-5.0207,-0.171,1.0309,0.0739,9.5606,3403,1,0.211601186389771,0.0,0.010604628646760837
0.0166,-0.2714,9.855,-4.3924,1.9484,1.3953,-0.0234,-0.1663,9.818,3404,0,0.15370659276867144,0.0,0.010580532261218667
0.2939,0.4849,10.1888,4.1583,0.9068,-3.2639,0.3083,0.396,10.1605,3405,0,0.15370659276867144,0.0,0.010604628646760837
0.3245,-0.5048,9.8799,0.4842,-1.3208,-4.6046,0.2775,-0.4714,9.8704,3406,0,0.15370659276867144,0.0,0.02060462864676084
-0.1542,0.056,9.7157,1.5205,-3.8492,6.0662,-0.1603,0.0615,9.8566,3407,0,0.15370659276867144,0.0,0.010604628646760837
0.1182,-0.3841,10.2315,2.8248,6.178,-3.8181,0.1393,-0.3664,10.2936,3408,0,0.15138848116891046,0.0,0.010344609206054988
-0.1123,-0.4128,9.7393,2.9978,-5.4682,-0.8643,-0.1359,-0.4106,9.6446,3409,0,0.15370659276867144,0.0,0.010344609206054988
-0.0405,0.1373,10.17,0.2711,-2.1914,-0.9642,-0.0007,0.1436,10.1281,3410,0,0.15370659276867144,0.0,0.010344609206054988
0.3356,0.3096,9.5271,-2.92,7.3094,-0.7199,0.3778,0.3477,9.5979,3411,0,0.1431400262030939,0.0,0.010344609206054988
0.5004,-0.5557,10.371,2.5196,-3.0806,5.6606,0.5259,-0.6156,10.3368,3412,0,0.08292237160707475,0.0,0.03126788124156545
-0.4302,-0.1801,10.202,-4.7476,0.7652,3.704,-0.5036,-0.1017,10.2629,3413,0,0.15135784453201792,0.0,0.03126788124156545
0.2533,-0.0554,9.9945,-0.2483,5.8619,-1.9657,0.2712,0.005,10.0313,3414,0,0.15370659276867144,0.0,0.021267881241565454
0.0458,0.2471,9.7154,4.8285,2.3227,1.2737,0.0913,0.309,9.7619,3415,0,0.15370659276867144,0.0,0.011267881241565454
-0.0482,0.1318,9.7252,0.5882,2.13,4.1897,-0.0891,0.1144,9.7529,3416,0,0.15370659276867144,0.0,0.002008166272989724
-0.367,-0.5566,10.233,1.4128,1.3405,0.1899,-0.3717,-0.5791,10.317,3417,0,0.10052187177771905,0.0,0.0013438306086540597
-0.1055,-0.3121,10.1598,1.918,-5.3143,1.617,-0.0823,-0.286,10.2594,3418,0,0.15135784453201792,0.0,0.02134383060865406
-0.5898,-0.6224,9.4975,2.4027,6.2028,-0.9052,-0.5321,-0.6386,9.5023,3419,0,0.14786752916894133,0.0,0.011343830608654062
-0.0587,-0.4851,9.8222,-5.7726,-3.9423,-3.8143,-0.0673,-0.4749,9.841,3420,0,0.15370659276867144,0.0,0.0003964621876014281
-0.1399,0.316,9.5923,-1.389,5.2465,0.3383,-0.266,0.3148,9.7503,3421,0,0.15370659276867144,0.0,0.010396462187601428
-0.073,-0.2323,9.7469,3.0672,4.8145,-0.3721,-0.0844,-0.2377,9.7076,3422,0,0.15370659276867144,0.0,0.010396462187601428
-0.0839,0.3311,9.6586,-0.5843,1.5086,-3.4396,-0.1605,0.3465,9.6348,3423,0,0.15370659276867144,0.0,0.010396462187601428
0.0084,0.2103,9.7225,-3.668,1.9463,1.9748,-0.0159,0.2079,9.7168,3424,0,0.15370659276867144,0.0,0.011449093766548795
-0.3147,-0.1989,9.86,-4.0692,-0.0592,1.6262,-0.216,-0.2705,9.9406,3425,0,0.15370659276867144,0.0,0.010609228145048237
0.0191,-0.5259,10.0369,3.2438,-2.0201,-1.5843,0.0703,-0.4302,10.0049,3426,0,0.15370659276867144,0.0,0.012133278777959626
0.6123,-0.6571,9.7862,-2.7374,-1.219,-0.9867,0.6555,-0.5791,9.8345,3427,0,0.15462561402956385,0.0,0.012133278777959626
-0.3004,-0.0043,9.8573,2.5292,4.084,-0.76,-0.2993,-0.0724,9.9127,3428,0,0.15370659276867144,0.0,0.010609228145048237
0.1478,-0.1879,9.9245,-4.3851,-0.2721,3.1187,0.0872,-0.2337,9.9862,3429,0,0.15370659276867144,0.0,0.010609228145048237
-0.1719,-0.0041,9.9728,-0.3161,-3.7602,-1.8445,-0.1957,-0.0454,9.9319,3430,0,0.15370659276867144,0.0,0.010609228145048237
-0.0037,0.4148,9.6988,4.1584,-8.0921,0.8149,-0.0151,0.3862,9.7261,3431,0,0.14981546126865944,0.0,0.0007481170339371254
0.2116,-0.1121,9.8098,-3.9427,-4.8926,-3.3597,0.1883,-0.1741,9.7513,3432,0,0.15370659276867144,0.0,0.0003964621876014281
-0.2692,0.3117,9.9156,0.7833,-2.9805,-2.813,-0.28,0.3464,9.8362,3433,0,0.15370659276867144,0.0,0.0003964621876014281
0.1223,0.4674,9.8139,-0.9712,3.6029,-3.9877,0.1308,0.45,9.8858,3434,0,0.15370659276867144,0.0,0.0003964621876014281
0.236,-0.0561,10.0762,-1.3532,1.0003,-4.4234,0.2918,-0.148,10.0803,3435,0,0.15370659276867144,0.0,0.0003964621876014281
0.0217,-0.0431,9.7582,2.2621,1.6051,3.4587,-0.0173,-0.0604,9.8167,3436,0,0.15370659276867144,0.0,0.0003964621876014281
-0.0154,0.0363,9.8631,-5.6425,-6.7295,-2.1128,-0.0242,0.0371,9.8781,3437,0,0.15370659276867144,0.0,0.0013438306086540597
-0.2965,-0.0234,9.9068,2.1666,1.346,0.8556,-0.356,-0.1193,9.9014,3438,0,0.15370659276867144,0.0,0.0003964621876014281
-0.1885,-0.1871,9.8519,6.2231,-0.5516,0.3181,-0.2437,-0.13,9.8249,3439,0,0.15370659276867144,0.0,7.594936708860759e-05
-0.2916,0.0032,9.9728,-4.0583,1.7274,1.3467,-0.1725,0.074,9.9386,3440,0,0.15370659276867144,0.0,7.594936708860759e-05
0.1436,-0.1607,9.9671,-4.6096,-1.3548,2.1586,0.1653,-0.1032,10.0878,3441,0,0.15370659276867144,0.0,7.594936708860759e-05
-0.4392,-0.1593,9.9908,-1.2226,3.3662,2.5066,-0.4207,-0.1686,9.9791,3442,0,0.15370659276867144,0.0,0.00011579000453880679
0.2689,0.0571,9.7592,5.805,-7.868,-0.3288,0.2833,0.069,9.7737,3443,0,0.14981546126865944,0.0,0.010115790004538806
0.3379,-0.3785,9.885,-2.7881,2.2915,-0.5238,0.3869,-0.4307,9.8512,3444,0,0.15370659276867144,0.0,0.011063158425591439
0.4851,0.0603,10.031,-3.6773,-1.6933,-3.608,0.4685,0.1025,9.9202,3445,0,0.15370659276867144,0.0,0.011063158425591439
-0.1176,-0.2498,10.0784,-0.2313,-1.1242,2.0899,-0.0949,-0.2316,10.1123,3446,0,0.15370659276867144,0.0,0.011063158425591439
-0.2242,-0.2709,9.8481,0.1037,6.2857,5.655,-0.2376,-0.2206,9.9194,3447,0,0.15370659276867144,0.0,0.011063158425591439
-0.0082,0.0317,10.0646,-0.2537,0.1637,2.2699,-0.073,-0.0005,10.0273,3448,0,0.15370659276867144,0.0,0.011063158425591439
0.1443,0.3157,9.9265,-2.3819,2.3045,-0.6255,0.1331,0.2874,9.9569,3449,0,0.15370659276867144,0.0,0.011063158425591439
0.3754,-0.1378,9.5633,-4.9124,0.4402,-5.2114,0.3143,-0.0865,9.6146,3450,0,0.15370659276867144,0.0,0.0010631584255914384
0.0586,0.0191,9.6682,0.2055,-0.8244,-0.2729,0.1222,0.0288,9.7089,3451,0,0.15370659276867144,0.0,3.9840637450199205e-05
-0.0001,0.2045,9.8741,-6.838,0.6324,-3.062,-0.1048,0.2085,9.8822,3452,0,0.15370659276867144,0.0,0.010987209058502832
0.2931,-0.5409,9.2546,10.9213,-2.5829,2.6961,0.2616,-0.5552,9.2228,3453,1,0.08148231803807521,0.0,0.013077615855398978
-0.1226,0.1995,10.078,1.0374,-0.7952,-2.4686,0.0114,0.2398,9.978,3454,0,0.15370659276867144,0.0,0.013077615855398978
-0.0171,-0.2501,9.6502,-1.8216,-0.6396,3.699,-0.014,-0.1971,9.663,3455,0,0.15370659276867144,0.0,0.021483665163398138
0.3386,0.334,9.8855,0.6743,4.2486,2.6294,0.2833,0.3339,9.88,3456,0,0.15370659276867144,0.0,0.021483665163398138
-0.2555,-0.0932,9.6962,1.2026,-2.5207,3.5937,-0.2507,-0.0978,9.6183,3457,0,0.15370659276867144,0.0,0.02105436429929759
-0.2943,-0.0932,10.0937,2.0693,-2.5348,4.8895,-0.2504,-0.1229,10.1128,3458,0,0.15370659276867144,0.0,0.011483665163398138
-0.3598,-0.2835,9.618,-1.0166,3.3649,3.7953,-0.3637,-0.3252,9.5325,3459,0,0.15370659276867144,0.0,0.011483665163398138
0.053,-0.2067,9.9057,-1.1648,3.841,-5.3266,0.0726,-0.2242,9.9192,3460,0,0.15370659276867144,0.0,0.021483665163398138
-0.2148,-0.3218,9.9715,4.0018,-3.2144,2.2161,-0.1509,-0.2517,10.0058,3461,0,0.15370659276867144,0.0,0.0014836651633981371
-0.084,-0.1453,9.8978,5.5352,-3.3923,-0.89,-0.0156,-0.0853,9.9187,3462,0,0.15370659276867144,0.0,0.03165126292876127
-0.0941,0.2698,9.8964,-1.9749,0.4929,0.9248,-0.1112,0.1668,9.9131,3463,0,0.15370659276867144,0.0,0.03165126292876127
0.4081,0.0896,9.8496,-3.6999,4.3389,-1.8669,0.4777,0.0509,9.9264,3464,0,0.15370659276867144,0.0,0.03165126292876127
0.0293,0.0006,9.7602,0.5121,-2.0765,-0.0291,0.057,-0.028,9.7737,3465,0,0.15370659276867144,0.0,0.021651262928761267
0.3488,0.0757,9.3605,-0.3162,-1.378,-6.9547,0.2784,-0.0196,9.4123,3466,0,0.1462873176111919,0.0,0.03248806126555961
0.2226,-0.198,10.0708,-2.8755,-5.2356,-4.4453,0.242,-0.1954,10.0293,3467,0,0.15370659276867144,0.0,0.0424880612655596
0.5874,-0.3301,9.5797,-2.8692,3.307,-0.0977,0.4944,-0.2948,9.6665,3468,0,0.15208732668341593,0.0,0.030329941607439945
0.3085,-0.3269,10.1225,-3.0589,-1.7423,-2.0175,0.2569,-0.3461,10.1031,3469,0,0.15370659276867144,0.0,0.03374332420185702
0.2054,-0.4497,9.464,-2.9987,3.1742,-0.5961,0.2685,-0.4267,9.4479,3470,0,0.1534046229755623,0.0,0.04235443531296814
-0.1798,-0.082,9.6713,-4.3501,0.6241,-4.9926,-0.172,-0.1464,9.5958,3471,0,0.15370659276867144,0.0,0.052354435312968135
0.1083,-0.1564,10.0608,2.6945,4.2922,-2.4075,0.1074,-0.0729,10.1032,3472,0,0.15370659276867144,0.0,0.043743324201857024
0.2836,-0.0979,10.0199,1.0826,-0.0625,-2.6068,0.3513,-0.0197,10.017,3473,0,0.15370659276867144,0.0,0.05374332420185703
-0.213,-0.2525,9.7029,3.561,1.7562,-2.3313,-0.2314,-0.2067,9.7181,3474,0,0.15370659276867144,0.0,0.05374332420185703
-0.1126,-0.0778,9.5761,4.4619,-3.9962,-0.9474,-0.1658,-0.1011,9.6007,3475,0,0.15370659276867144,0.0,0.043743324201857024
-0.3079,0.3924,9.5217,0.8911,5.3378,-3.953,-0.3362,0.4398,9.494,3476,0,0.15370659276867144,0.0,0.06235443531296814
-0.555,0.4132,9.9598,4.2044,-3.82,-2.8037,-0.5372,0.4044,9.991,3477,0,0.15370659276867144,0.0,0.0438226892812221
-0.0457,0.549,9.3625,0.4953,1.8521,-3.0416,-0.0958,0.5458,9.299,3478,0,0.14461122296434825,0.0,0.043655091515858974
-0.0859,0.5202,9.5326,0.537,-3.5961,-0.9383,-0.0709,0.5427,9.5394,3479,0,0.15370659276867144,0.0,0.03361525087840877
0.0367,0.2978,9.5562,2.9566,0.8314,4.9816,0.0055,0.211,9.5281,3480,0,0.15370659276867144,0.0,0.03170244521560311
0.2241,-0.3842,9.7881,-2.0077,-0.8703,1.2711,0.2812,-0.3644,9.7701,3481,0,0.15370659276867144,0.0,0.03170244521560311
-0.0566,0.3289,9.9852,1.0405,0.3586,3.2988,-0.0218,0.3886,9.8993,3482,0,0.15370659276867144,0.0,0.05285686800420881
-0.0108,0.5176,9.8826,-4.0502,-5.939,1.0821,-0.0505,0.5248,9.9316,3483,0,0.15370659276867144,0.0,0.05285686800420881
0.1789,0.1737,9.85,5.6175,2.5077,2.1591,0.1139,0.1543,9.7868,3484,0,0.15370659276867144,0.0,0.036601927292746354
0.2223,-0.119,9.8092,1.1985,1.6398,5.2488,0.2259,-0.0985,9.7714,3485,0,0.15370659276867144,0.0,0.04160192729274636
-0.1184,-0.076,9.7503,-0.988,1.0544,2.8765,-0.1394,-0.102,9.8068,3486,0,0.15370659276867144,0.0,0.036601927292746354
-0.0301,0.0755,9.9094,-0.7306,2.8499,0.6074,0.0312,0.1295,9.9802,3487,0,0.15370659276867144,0.0,0.03160192729274636
-0.3677,-0.2213,10.0421,-3.3678,-1.2452,2.2281,-0.473,-0.2537,10.0433,3488,0,0.15370659276867144,0.0,0.041860547982401526
-0.1674,0.0334,9.6027,-2.768,-4.2498,-0.6923,-0.1118,0.0241,9.5814,3489,0,0.15370659276867144,0.0,0.031860547982401524
0.4843,0.2117,9.647,1.2316,6.3676,-2.6569,0.4837,0.2181,9.5195,3490,0,0.15370659276867144,0.0,0.04164076776262131
0.2299,-0.4536,9.8997,4.2094,0.049,-3.5158,0.3047,-0.541,9.94,3491,0,0.15370659276867144,0.0,0.04164076776262131
0.1249,-0.5121,9.5949,-0.6336,-0.8436,-0.2419,0.1186,-0.475,9.6172,3492,0,0.15370659276867144,0.0,0.02273266499582289
-0.2144,-0.1663,10.0243,7.2425,-1.4651,-1.0948,-0.1618,-0.1134,10.0925,3493,0,0.15242389511884455,0.0,0.0575385656169409
0.296,0.1758,9.8174,0.2587,2.1534,3.4397,0.2116,0.1435,9.781,3494,0,0.15370659276867144,0.0,0.03128362490547845
-0.1137,0.4055,9.8253,-2.0019,3.9277,1.6364,-0.1062,0.4894,9.8218,3495,0,0.15370659276867144,0.0,0.04227631578947369
0.2551,0.1422,9.6357,-0.1786,0.0654,2.5392,0.3118,0.0363,9.5719,3496,0,0.15370659276867144,0.0,0.022276315789473686
-0.3667,0.3175,9.7663,3.2717,-0.3425,1.2438,-0.3557,0.3535,9.7483,3497,0,0.15370659276867144,0.0,0.02381866339314204
-0.1277,0.087,9.8221,-2.125,6.1821,1.2027,-0.1611,0.1822,9.8508,3498,0,0.15370659276867144,0.0,0.023520666192754405
-0.1266,0.0086,9.5335,5.0871,1.3331,-0.7775,-0.1185,0.0159,9.4754,3499,0,0.15370659276867144,0.0,0.013480825555304205
0.0831,-0.309,9.7993,5.2707,-1.7001,0.0436,-0.0018,-0.3108,9.8307,3500,0,0.15370659276867144,0.0,0.023520666192754405
0.2381,-0.0227,9.7109,-2.4081,1.8027,1.3328,0.2195,0.02,9.6857,3501,0,0.15370659276867144,0.0,0.0224829303436978
0.1307,-0.1004,9.6509,-2.884,-1.3494,-4.9281,0.1188,-0.1218,9.6954,3502,0,0.15370659276867144,0.0,0.023520666192754405
0.0581,0.1245,9.6997,2.0769,-5.8546,-0.3917,0.0883,0.044,9.6143,3503,0,0.15370659276867144,0.0,0.02010740820501777
-0.1142,-0.0144,10.016,2.1078,-0.4023,-2.0981,-0.0925,-0.1158,9.9604,3504,0,0.15370659276867144,0.0,0.02010740820501777
0.5233,-0.4287,10.1407,-0.4845,-2.1065,-3.1927,0.4896,-0.431,10.2157,3505,0,0.15262407051682947,0.0,0.02010740820501777
0.275,0.5822,9.8864,-4.5633,-3.8759,1.3539,0.2786,0.5448,9.8335,3506,0,0.15355074445237718,0.0,0.011145144054074373
0.4051,0.2171,10.0843,4.982,-6.4308,0.1409,0.435,0.1889,10.0835,3507,0,0.15370659276867144,0.0,0.028304641289171092
0.2242,-0.1344,9.8728,0.7354,2.5896,0.7069,0.2337,-0.1281,9.8772,3508,0,0.15370659276867144,0.0,0.030046800268618598
0.0049,-0.194,10.0479,0.2699,1.5445,-4.3306,0.0113,-0.2491,10.0091,3509,0,0.15370659276867144,0.0,0.029939392063600828
-0.2192,-0.1971,9.7037,0.1658,-3.4818,1.3107,-0.2917,-0.1988,9.669,3510,0,0.15370659276867144,0.0,0.028873464542250326
-0.2093,-0.0448,9.5589,-3.9428,1.5962,3.2985,-0.1663,-0.0186,9.5707,3511,0,0.15370659276867144,0.0,0.019577887672641226
-0.1116,0.1892,10.1143,3.0543,-3.471,-1.3982,-0.1371,0.0666,10.2432,3512,0,0.1526504524297057,0.0,0.029470479467623458
-0.1088,-0.2969,9.8603,-0.6134,-1.2058,0.5907,-0.0762,-0.2878,9.8369,3513,0,0.15370659276867144,0.0,0.029470479467623458
-0.397,0.1972,10.0897,-0.5063,-0.6298,-0.7206,-0.4018,0.2242,10.0243,3514,0,0.15370659276867144,0.0,0.03377071449705236
-0.1902,0.1496,9.635,-1.0025,0.9656,-8.4347,-0.1699,0.1642,9.6695,3515,0,0.1508534473230876,0.0,0.029342377138227693
0.2681,0.0857,9.583,1.1644,-3.5027,-1.0976,0.3277,0.0842,9.5916,3516,0,0.15370659276867144,0.0,0.023642612167656597
0.0997,-0.6851,9.5091,-0.1619,2.2302,-0.6,0.0846,-0.6926,9.5346,3517,0,0.15246567911424472,0.0,0.020624786930547208
-0.1294,-0.2355,9.5672,2.8685,5.0419,-0.1547,-0.0889,-0.2774,9.5593,3518,0,0.15370659276867144,0.0,0.03005874919469815
-0.001,-0.3531,9.7172,-1.5269,2.5722,4.352,-0.0324,-0.3489,9.6807,3519,0,0.15370659276867144,0.0,0.030136949172048646
-0.0868,0.5764,9.5863,4.461,3.2683,-0.5901,-0.0021,0.5241,9.6184,3520,0,0.15355074445237718,0.0,0.03880583940855562
0.2187,-0.4338,9.9386,7.1562,4.548,-3.0205,0.1574,-0.4796,9.9222,3521,0,0.15242389511884455,0.0,0.018269359245010684
0.4553,0.2529,10.0914,-2.2028,-0.0524,-1.6063,0.4873,0.2826,10.1061,3522,0,0.15370659276867144,0.0,0.020760954942007546
-0.057,-0.1104,9.6781,3.4871,1.6482,-3.2371,-0.0325,-0.1134,9.5995,3523,0,0.15370659276867144,0.0,0.01317388333431738
-0.0047,0.6537,9.6491,-0.8954,2.6147,-1.3532,0.0446,0.6827,9.6648,3524,0,0.15309497375261916,0.0,0.04078248216266181
0.0577,-0.5044,9.539,3.8616,2.7321,0.1606,0.014,-0.5275,9.5827,3525,0,0.15370659276867144,0.0,0.045658309977231346
-0.0921,0.4233,9.5938,0.7564,3.9637,1.1158,-0.0887,0.4312,9.6964,3526,0,0.15370659276867144,0.0,0.04504787712484511
0.0976,-0.4136,9.7931,2.1072,-3.8642,1.6552,0.0402,-0.4921,9.7789,3527,0,0.15370659276867144,0.0,0.058555362476095246
0.3517,0.3231,9.3312,2.0143,-0.0328,-2.2837,0.3461,0.2251,9.2483,3528,0,0.10531512646236937,0.0,0.04983206011042147
-0.506,-0.1741,9.6435,-0.9258,-4.7356,-3.1153,-0.5228,-0.1726,9.6403,3529,0,0.15370659276867144,0.0,0.05983206011042147
0.1174,-0.0788,10.1202,-3.588,-5.0219,-1.8867,0.1268,-0.0434,10.1465,3530,0,0.15370659276867144,0.0,0.048655589522186175
-0.5088,-0.0763,9.8381,-1.7608,3.3538,1.4801,-0.583,-0.0998,9.8936,3531,0,0.15370659276867144,0.0,0.04449419096159485
-0.0843,-0.0115,9.7143,-1.9409,0.8552,-5.2254,-0.1361,0.0749,9.6971,3532,0,0.15370659276867144,0.0,0.009058895690137587
-0.1739,0.2603,10.1445,-4.6824,-4.1947,-3.5374,-0.2708,0.2195,10.1651,3533,0,0.15370659276867144,0.0,0.008376767450028447
0.2672,0.1343,9.5496,-0.2462,0.3047,-1.0585,0.3304,0.2049,9.4793,3534,0,0.15370659276867144,0.0,0.009097444361135236
-0.0141,0.3629,9.6464,1.0334,-7.4375,-2.1897,-0.0068,0.334,9.6309,3535,0,0.1528770972818742,0.0,0.030035287954207096
-0.0009,0.0865,9.9618,1.0088,0.7683,-1.783,-0.0481,0.0481,9.9137,3536,0,0.15370659276867144,0.0,0.029995447316756896
0.3534,0.5546,9.6311,-2.5773,0.802,1.4523,0.3022,0.5743,9.6968,3537,0,0.15355074445237718,0.0,0.03180340337143557
0.7101,-0.0331,10.1554,-1.6421,-1.4118,-4.184,0.7242,-0.0052,10.1132,3538,0,0.154384823390743,0.0,0.002436285230635716
0.2348,-0.0244,9.7938,-1.0839,0.2749,-0.8347,0.2708,-0.0391,9.6964,3539,0,0.15370659276867144,0.0,0.002436285230635716
-0.067,-0.3355,9.8674,1.1608,-6.1782,-1.0423,-0.0343,-0.3223,9.7634,3540,0,0.15370659276867144,0.0,0.0027947604942204687
0.1469,0.4528,9.7515,4.1405,2.0078,-0.139,0.1325,0.4595,9.7197,3541,0,0.15370659276867144,0.0,0.0027947604942204687
-0.3467,0.5461,9.7391,-2.0897,4.6098,-0.5533,-0.3556,0.5978,9.6869,3542,0,0.15318370441863025,0.0,0.002031681423641471
0.3439,0.0103,9.9305,-1.8718,-3.1506,4.5435,0.4411,0.0923,9.8628,3543,0,0.15370659276867144,0.0,0.002031681423641471
-0.5152,0.1834,10.0429,-0.3593,-0.4855,1.3531,-0.5161,0.2318,10.0553,3544,0,0.15370659276867144,0.0,0.020071802132707893
-0.1792,0.3186,9.6247,-2.97,-1.1424,3.6481,-0.1388,0.3377,9.5281,3545,0,0.15370659276867144,0.0,0.01007180213270789
0.4856,-0.1874,10.035,6.0979,3.7071,-3.4331,0.5564,-0.1907,10.0581,3546,0,0.15370659276867144,0.0,0.014132837690733589
-0.1428,0.1335,9.7524,0.3961,0.0709,-3.067,-0.1128,0.1074,9.6961,3547,0,0.15370659276867144,0.0,0.020071802132707893
-0.1893,0.6419,9.7155,3.6244,0.0941,6.2364,-0.2059,0.6701,9.7217,3548,0,0.15253339575767433,0.0,0.009712211235902764
0.4051,0.0345,9.5913,4.2622,-2.1899,6.3738,0.3995,-0.0276,9.6073,3549,0,0.15314501477372658,0.0,0.013575434497237275
0.5443,0.2267,9.6027,-3.9798,-2.7809,4.6866,0.5759,0.2519,9.6083,3550,0,0.15361879978792273,0.0,0.007672337445612124
0.4357,0.3832,10.036,-1.2039,0.5319,1.4476,0.3976,0.4164,9.9582,3551,0,0.15370659276867144,0.0,0.007672337445612124
-0.6627,-0.5145,9.8792,3.0455,-0.4803,-2.1237,-0.6278,-0.5053,9.9639,3552,0,0.1537691488359536,0.0,0.008312276602500434
-0.001,-0.1908,9.8067,2.2817,0.8799,-3.6924,-0.0627,-0.2714,9.7694,3553,0,0.15370659276867144,0.0,0.008312276602500434
0.2739,-0.1724,10.0376,1.464,0.9385,3.5991,0.2856,-0.1731,10.0428,3554,0,0.15370659276867144,0.0,0.008312276602500434
0.5138,0.3595,9.8927,3.5397,-4.5444,0.1231,0.5071,0.4033,9.9164,3555,0,0.15370659276867144,0.0,0.008312276602500434
-0.2996,0.0005,9.6564,1.0156,6.3403,-6.6003,-0.205,-0.0363,9.639,3556,0,0.1532405209942328,0.0,0.007351824625099304
-0.2115,0.0659,9.8035,2.1495,-5.0329,-4.7753,-0.2589,0.0746,9.8327,3557,0,0.15370659276867144,0.0,0.0006723374456121243
-0.2544,0.0465,9.7184,-4.8532,-1.3281,0.8376,-0.3178,0.0467,9.7271,3558,0,0.15370659276867144,0.0,0.002672337445612124
0.0326,-0.4231,10.0243,-1.843,-0.8919,4.195,0.1507,-0.3374,10.0094,3559,0,0.15370659276867144,0.0,0.002672337445612124
0.2683,-0.6681,9.6162,0.2107,0.6738,-1.4266,0.2694,-0.6398,9.6585,3560,0,0.15212600432644263,0.0,0.002672337445612124
0.0253,-0.2484,9.6018,3.8108,2.1164,-3.3983,0.0493,-0.2347,9.6155,3561,0,0.15370659276867144,0.0,0.0006723374456121243
0.2258,0.0961,9.9711,-4.2191,-0.1801,2.6605,0.1931,0.0361,9.9011,3562,0,0.15370659276867144,0.0,0.006796269069543748
0.2464,-0.0641,9.898,0.2511,-2.2307,-2.7771,0.3202,0.0225,9.913,3563,0,0.15370659276867144,0.0,0.006796269069543748
0.4532,-0.3996,10.0161,-1.2216,3.7173,-2.4038,0.4755,-0.4038,10.0501,3564,0,0.15370659276867144,0.0,0.004796269069543748
-0.0729,-0.3654,9.9719,1.5998,0.5198,3.9387,-0.0248,-0.3869,9.9203,3565,0,0.15370659276867144,0.0,0.005024840498115178
-0.0098,0.1252,10.0743,-2.3517,-2.684,0.306,-0.0713,0.1267,10.0832,3566,0,0.15370659276867144,0.0,0.005024840498115178
0.4831,-0.5804,9.8453,2.8238,-1.6856,4.9275,0.5455,-0.528,9.834,3567,0,0.15370659276867144,0.0,0.005024840498115178
0.1964,-0.0512,10.1572,-5.3341,2.7269,-3.5525,0.1651,-0.0461,10.2483,3568,0,0.1526504524297057,0.0,0.010580396053670733
-0.0648,-0.1333,9.9133,-3.4985,-2.5904,0.2178,-0.0505,-0.1692,9.8437,3569,0,0.15370659276867144,0.0,0.0005803960536707325
-0.1717,0.1822,9.9778,-5.2205,-2.0158,2.6992,-0.2116,0.2774,9.8591,3570,0,0.15370659276867144,0.0,0.0005803960536707325
-0.0033,-0.1155,9.7327,-2.9023,-1.7897,-0.1982,0.0391,-0.1278,9.7771,3571,0,0.15370659276867144,0.0,0.004926318330627492
0.0889,-0.5445,9.4198,-2.4313,0.5675,2.2137,0.0306,-0.5913,9.3367,3572,0,0.13864465163193904,0.0,0.0046977469020560636
-0.1807,-0.3054,9.9172,-2.3789,-3.5311,-1.5251,-0.2081,-0.3005,9.9854,3573,0,0.15370659276867144,0.0,0.0046977469020560636
0.2466,0.1237,9.6664,-5.5394,-4.8718,3.5547,0.1414,0.1349,9.698,3574,0,0.15370659276867144,0.0,0.0002533024576116192
-0.2458,-0.4486,9.7108,-1.5836,-5.7565,3.0032,-0.219,-0.4982,9.7544,3575,0,0.15370659276867144,0.0,0.0002292060720694505
0.2917,0.0732,10.1153,4.1269,0.7267,1.1825,0.2322,-0.0384,10.0518,3576,0,0.15370659276867144,0.0,0.0002292060720694505
-0.1828,-0.6171,9.4261,-6.1301,3.9018,3.2648,-0.1181,-0.59,9.3548,3577,0,0.1434987325192678,0.0,0.0002292060720694505
-0.0213,0.1261,9.6978,-4.37,-1.2005,4.2882,-0.0908,0.1281,9.7474,3578,0,0.15370659276867144,0.0,0.0002292060720694505
-0.0493,0.0112,9.5486,-1.7584,2.0201,1.3192,-0.0426,0.0952,9.5016,3579,0,0.15370659276867144,0.0,0.0002292060720694505
0.3506,0.1993,9.6755,-1.1097,-2.3236,1.9559,0.3692,0.261,9.6996,3580,0,0.15370659276867144,0.0,0.0002292060720694505
-0.0306,-0.1113,9.8225,-1.0703,-3.2985,-1.3105,-0.0109,-0.1084,9.7725,3581,0,0.15370659276867144,0.0,0.0002292060720694505
0.1979,-0.2608,9.4485,1.2575,0.1555,0.8588,0.1513,-0.3522,9.4292,3582,0,0.152968620356603,0.0,0.0002292060720694505
-0.3442,-0.176,9.8531,1.1857,-1.2605,3.8801,-0.3198,-0.1153,9.8574,3583,0,0.15370659276867144,0.0,0.0002292060720694505
0.1935,-0.0165,9.7829,1.2806,1.384,-0.7902,0.2557,0.003,9.8057,3584,0,0.15370659276867144,0.0,0.0002292060720694505
-0.2297,0.5861,10.0571,-0.2547,-0.8911,2.6444,-0.2112,0.6596,10.0446,3585,0,0.15309497375261916,0.0,0.0002292060720694505
-0.4489,-0.2261,9.6494,-2.0431,-2.9677,2.528,-0.4162,-0.25,9.5653,3586,0,0.15370659276867144,0.0,0.0002292060720694505
-0.3931,-0.2125,9.6885,-2.2606,2.3843,2.0573,-0.3492,-0.2018,9.6821,3587,0,0.15370659276867144,0.0,0.0002292060720694505
-0.2647,0.1825,9.8799,0.9231,-2.316,0.079,-0.316,0.2204,9.9372,3588,0,0.15370659276867144,0.0,0.01298699599227065
-0.0698,-0.0436,9.7081,-0.6525,1.5162,-7.052,-0.0984,-0.0615,9.7882,3589,0,0.1532405209942328,0.0,0.0116621945800906
-0.1566,0.1123,9.9134,-2.9823,0.3006,-3.0365,-0.1317,0.2094,9.8883,3590,0,0.15370659276867144,0.0,0.0018297923454537262
-0.5922,-0.2999,9.9288,-2.3789,2.6261,0.7524,-0.6489,-0.2181,9.9581,3591,0,0.15330394716748852,0.0,0.0266621945800906
-0.2943,-0.1569,9.9365,-0.8645,3.7917,-2.0165,-0.3817,-0.0834,9.9714,3592,0,0.15370659276867144,0.0,0.0216621945800906
-0.2847,0.1568,10.0048,-0.289,-2.554,-0.6737,-0.3128,0.1992,9.9814,3593,0,0.15370659276867144,0.0,0.0266621945800906
0.0575,0.071,10.0026,0.1367,-3.424,1.0073,0.0476,0.1277,9.9742,3594,0,0.15370659276867144,0.0,0.021753842978365117
0.0267,-0.308,9.6065,2.5987,-4.6733,0.6583,-0.0054,-0.3163,9.6015,3595,0,0.15370659276867144,0.0,0.011753842978365119
-0.1569,0.0805,9.6894,2.3957,-3.6441,-0.0064,-0.1257,0.01,9.7305,3596,0,0.15370659276867144,0.0,0.03333519424030658
-0.1926,0.3098,9.3682,-2.427,-4.2341,2.5891,-0.2176,0.2455,9.3826,3597,0,0.14974236502446667,0.0,0.03160414700451724
0.5402,0.1029,9.5581,0.4267,-0.7,1.6507,0.6668,0.1017,9.5564,3598,0,0.13737325551593657,0.0,0.026263247796981314
0.3698,0.1496,9.7131,-1.3131,-1.6734,1.2878,0.3489,0.1817,9.6996,3599,0,0.15370659276867144,0.0,0.02177996840108056
-0.0705,0.4537,9.4654,4.9185,4.5727,0.692,-0.0939,0.4972,9.4797,3600,0,0.15370659276867144,0.0,0.00580047923619904
-7.5904,-0.2712,9.9305,1.5128,30.7019,3.0296,-0.067,-0.273,9.9318,3601,0,0.12674629315733923,0.0,0.11003984063745019
-7.5858,0.2708,9.5488,3.843,55.5892,-1.2325,-0.1141,0.3002,9.5463,3602,0,0.09773708337297102,0.0,0.15003984063745018
-6.2898,0.0665,10.0844,5.1718,50.4679,3.063,0.264,0.0821,10.102,3603,0,0.1359658127309671,0.0,0.17
-6.7656,0.0507,9.7001,-0.8248,23.789,7.2691,0.0566,0.1056,9.7156,3604,0,0.13792095073390187,0.0,0.1700398406374502
-9.376,0.3655,9.7915,0.3973,49.6798,-1.8916,-0.0167,0.4779,9.7203,3605,0,0.12820079189977684,0.0,0.18003984063745018
-9.4458,-0.3954,9.6795,2.1011,44.7323,-3.1854,0.0645,-0.4628,9.6497,3606,0,0.1296815847230179,0.0,0.1700398406374502
-4.8781,0.3993,9.9933,1.9671,36.1907,2.9459,0.5533,0.3278,10.0243,3607,0,0.1287547976518053,0.0,0.2
-6.5824,0.1347,9.9996,6.0462,32.1702,2.2875,-0.1758,0.1652,9.9313,3608,0,0.1410401501582457,0.0,0.21
-9.47,0.4519,9.8562,1.0835,25.7806,-3.8827,-0.3649,0.4685,9.8312,3609,0,0.12947063316961813,0.0,0.25
-7.2924,0.3288,9.4359,3.5905,27.4037,-6.7933,0.3153,0.2899,9.4412,3610,0,0.09298432106773506,0.0,0.25
-6.5378,0.2612,9.8903,-2.4146,51.5644,2.4423,-0.2676,0.2492,9.8569,3611,0,0.13212793566941658,0.0,0.27
-10.1171,-0.0529,9.8112,2.7542,41.5702,-3.0578,-0.1718,-0.0306,9.7274,3612,0,0.13650060647686998,0.0,0.28
-7.1615,-0.0436,9.685,2.563,29.065,1.3092,0.2149,-0.0339,9.6803,3613,0,0.127807804820989,0.0,0.29
-6.6238,0.3207,9.9434,-0.8986,59.2625,-3.8255,0.0757,0.3601,9.9261,3614,0,0.14539544774671126,0.0,0.29
-8.3514,-0.4527,10.015,3.3078,31.8978,0.2195,0.1023,-0.4404,10.0493,3615,0,0.1345935153795615,0.0,0.28
-6.3186,0.37,9.8353,-4.4919,41.0947,-0.2643,0.1248,0.3181,9.8066,3616,0,0.13212793566941658,0.0,0.27
-8.0705,0.3635,9.4449,0.0024,38.4163,3.8333,-0.1349,0.3271,9.4859,3617,0,0.09238764359706064,0.0,0.26
-5.9597,0.4476,10.0759,0.4201,30.0744,-0.1011,0.12,0.5502,9.9577,3618,0,0.12354007761406256,0.0,0.25
-5.6238,0.1922,9.9857,0.9286,32.6096,-0.0188,0.2814,0.1117,9.8945,3619,0,0.12850655885782236,0.0,0.25
-6.952,-0.1991,9.7462,-4.1898,56.6074,-4.652,0.3916,-0.0599,9.6777,3620,0,0.1427273888478171,0.0,0.25
-7.8942,-0.2819,9.717,-0.6972,32.0138,-0.915,0.2274,-0.2739,9.6202,3621,0,0.12203019256102088,0.0,0.25
-5.1396,-0.2733,9.6827,-7.5641,41.9724,-0.3828,0.4692,-0.2673,9.6753,3622,0,0.12580110089641358,0.0,0.25
-5.7829,0.4267,9.5407,-1.9489,57.2441,0.196,0.3953,0.4809,9.5023,3623,0,0.08965950442059027,0.0,0.25
-7.5331,-0.0141,10.2426,3.6831,42.5464,-3.8563,0.1936,-0.0553,10.2193,3624,0,0.14393545823794895,0.0,0.2614285714285714
-5.8112,-0.1195,9.9204,-0.9461,57.903,0.0264,-0.2592,-0.0722,9.8882,3625,0,0.1282148921911557,0.0,0.2614285714285714
-8.1649,-0.4468,10.0514,-4.3966,57.5975,-1.5097,-0.271,-0.5023,10.1059,3626,0,0.1520621144133779,0.0,0.2614285714285714
-5.173,0.1155,10.2229,2.2786,33.9567,0.0532,-0.0589,0.1262,10.2199,3627,0,0.1323799026823934,0.0,0.24142857142857144
-9.1042,0.0976,9.451,-1.339,52.4829,-1.497,0.6067,0.1283,9.4143,3628,0,0.08771701318976569,0.0,0.25142857142857145
-8.5237,-0.3931,9.7533,-1.2647,41.6893,2.7639,-0.3155,-0.3107,9.7679,3629,0,0.12990418789418137,0.0,0.25146740638002774
-7.9756,0.5674,9.7792,1.7198,55.6081,4.3078,0.0863,0.6179,9.834,3630,0,0.12714239483271725,0.0,0.25142857142857145
-9.9111,-0.2137,9.9012,-4.2513,38.6284,-0.4136,0.1186,-0.2101,9.9559,3631,0,0.1382148921911557,0.0,0.25142857142857145
-7.9821,-0.6277,10.0136,2.1141,35.6212,5.5964,0.1676,-0.5875,10.0165,3632,0,0.13722655890520274,0.0,0.28
-9.3513,0.2751,9.7165,3.3484,49.4173,-1.3984,0.3689,0.265,9.6619,3633,0,0.11794118545828379,0.0,0.27
-6.554,-0.3734,9.7887,3.5874,45.3423,-5.1313,0.2264,-0.3849,9.7364,3634,0,0.14258756299860909,0.0,0.27
-9.7953,-0.0922,10.1861,-2.7718,32.8321,1.5446,0.0627,-0.054,10.1925,3635,0,0.13239671396725852,0.0,0.28
-6.2382,0.4713,10.2635,2.9302,28.6656,2.1657,0.2467,0.4822,10.2508,3636,0,0.12081749954752408,0.0,0.2802197802197802
-9.5666,0.0163,9.8342,3.8176,35.8778,-0.47,0.2169,-0.0572,9.8848,3637,0,0.12065933663560012,0.0,0.30021978021978024
-5.5677,0.1346,9.4191,-5.3438,49.4981,-3.1778,-0.1526,0.1574,9.4014,3638,0,0.09713518910442005,0.0,0.27
-9.6721,0.0208,9.9323,-2.2654,60.1402,-0.0368,-0.4167,-0.1028,10.0002,3639,0,0.1333729176636311,0.0,0.26
-8.6057,-0.0382,9.6913,-0.4266,56.0435,3.5397,0.0471,-0.0521,9.5987,3640,0,0.1188059899389563,0.0,0.27
-5.9724,0.4142,10.1258,-0.9712,54.2022,3.4165,0.1667,0.4736,10.237,3641,0,0.12253739285674817,0.0,0.28
-7.2251,-0.4897,9.4993,-1.3857,23.2041,-2.5764,-0.2529,-0.4727,9.4986,3642,0,0.10393805041119744,0.0,0.28
-5.1609,0.1149,9.8648,2.1201,51.7419,-2.369,-0.0547,0.0733,9.8436,3643,0,0.13221489219115568,0.0,0.27
-5.3438,0.1156,9.7942,-2.4737,27.9666,-0.4352,-0.0833,0.0745,9.8297,3644,0,0.13212793566941658,0.0,0.27
-9.3986,0.0762,9.8666,1.8394,51.0628,0.1781,0.0957,0.0285,9.9473,3645,0,0.12065933663560012,0.0,0.29
-7.3012,-0.1476,10.0796,-0.4882,22.1196,0.3424,-0.2447,-0.1723,10.0921,3646,0,0.14214907093511706,0.0,0.24
-6.5617,0.2446,9.5376,0.5313,47.8432,-2.5037,-0.087,0.2031,9.5522,3647,0,0.10329263892852658,0.0,0.26
-8.324,-0.2348,9.7544,1.6729,23.0166,0.0148,0.2848,-0.3342,9.6845,3648,0,0.13103200744305354,0.0,0.28
-6.27,0.0633,9.9448,-2.0621,22.4572,1.4536,-0.0884,0.0909,9.8779,3649,0,0.13775293566941657,0.0,0.290989010989011
-8.3709,0.08,10.1496,2.6173,53.3675,-3.5412,-0.446,0.0297,10.1955,3650,0,0.13248367048899765,0.0,0.19164835164835164
-6.7161,0.0638,9.6936,2.17,31.3769,3.479,-0.1489,0.0432,9.669,3651,0,0.11564809520211419,0.0,0.1724175824175824
-5.2741,0.1668,10.0334,-2.5764,37.8556,0.5905,0.4483,0.1441,10.0598,3652,0,0.1407174256804182,0.0,0.18164835164835164
-6.3887,-0.2186,9.955,-5.3582,26.0168,4.6757,-0.6764,-0.1621,10.0095,3653,0,0.11137320688757053,0.0,0.18164835164835164
-9.7652,0.052,10.0959,3.079,49.1525,6.4401,-0.1627,0.0056,10.1017,3654,0,0.12983681003389316,0.0,0.16164835164835165
-7.6418,-0.336,9.9998,0.4771,45.6556,1.7081,-0.16,-0.2976,10.0116,3655,0,0.1345935153795615,0.0,0.16021978021978023
-8.126,0.1331,9.679,-0.192,57.4795,-3.0333,-0.2226,0.1373,9.6835,3656,0,0.13891223255699567,0.0,0.16164835164835165
-7.1437,-0.7541,10.0202,-2.0898,33.5941,4.0992,-0.389,-0.6949,10.0519,3657,0,0.12970925544503875,0.0,0.16021978021978023
-6.8714,-0.2278,9.6385,1.1638,30.5629,7.1936,0.26,-0.1936,9.6675,3658,0,0.13558685462406206,0.0,0.16021978021978023
-5.8994,0.1783,9.9754,-0.9948,22.1528,-0.896,-0.4442,0.1654,9.9601,3659,0,0.13730709640759245,0.0,0.16021978021978023
-10.1527,-0.3135,9.8283,-4.6613,29.8549,3.5283,-0.2161,-0.328,9.8811,3660,0,0.1382148921911557,0.0,0.18021978021978022
-8.2472,0.2347,9.7431,1.0957,32.6065,-3.0359,-0.1072,0.2583,9.7339,3661,0,0.13650060647686998,0.0,0.18021978021978022
-7.0694,0.0765,9.6525,-2.3163,23.3227,-2.6247,-0.4781,0.1512,9.7425,3662,0,0.14407025802947107,0.0,0.1702197802197802
-8.316,0.0014,9.2878,-0.4535,40.4276,0.2137,0.5776,-0.031,9.3492,3663,1,0.07067958616712908,0.0,0.16021978021978023
-8.5337,-0.2128,9.5957,-1.4792,47.2972,-3.9684,-0.137,-0.2758,9.6587,3664,0,0.12923684135718871,0.0,0.16021978021978023
-4.9204,0.1614,10.0016,-1.1838,33.8143,-6.4451,0.3204,0.2554,9.9405,3665,0,0.14677351412477763,0.0,0.1700388349514563
-6.3851,-0.0586,9.727,-3.3513,55.6471,0.5516,-0.1885,-0.0794,9.755,3666,0,0.1320159891364174,0.0,0.1700388349514563
-7.1696,-0.3781,10.3268,-0.2489,50.3306,0.9389,0.1762,-0.4107,10.4059,3667,1,0.07291045516942672,0.0,0.1700388349514563
-6.3373,0.3206,9.7589,-1.3686,54.4614,1.6567,-0.3522,0.2777,9.753,3668,0,0.1317119682145475,0.0,0.1600388349514563
-9.8998,-0.0157,9.9836,3.6595,34.7029,0.5731,0.0514,-0.0778,9.9463,3669,0,0.12850655885782236,0.0,0.1900388349514563
-9.9936,-0.1132,9.9824,-3.5333,48.4036,-2.2498,-0.4388,-0.0841,9.9566,3670,0,0.1472201398858533,0.0,0.18003883495145628
-7.5809,-0.3021,9.8337,-2.7062,53.4771,2.0414,0.1126,-0.2574,9.7973,3671,0,0.13381723137244225,0.0,0.18003883495145628
-7.1907,-0.0607,9.8106,0.8442,46.393,2.4873,-0.3184,-0.0471,9.7604,3672,0,0.12065933663560012,0.0,0.2000388349514563
-6.5661,-0.1252,9.8007,-1.1822,50.445,1.2659,-0.1929,-0.0755,9.8336,3673,0,0.1282148921911557,0.0,0.18855311355311358
-5.3965,-0.4376,10.122,4.6145,29.8726,-0.9101,-0.0689,-0.3605,10.1325,3674,0,0.14220921745566606,0.0,0.18021978021978022
-5.938,-0.2265,9.9173,0.17,20.8416,-4.1672,0.234,-0.3261,9.8884,3675,0,0.13830184871289483,0.0,0.18021978021978022
-6.3473,0.2942,9.9345,-2.024,21.2455,-0.8332,-0.3552,0.276,9.9595,3676,0,0.13775293566941657,0.0,0.18021978021978022
-7.4497,0.4203,9.9544,-0.554,30.8492,0.146,-0.5895,0.37,9.8918,3677,0,0.13437065181773805,0.0,0.1700388349514563
-10.1112,-0.095,9.8777,-1.333,18.5048,2.4737,-0.1805,-0.0584,9.9308,3678,0,0.1282148921911557,0.0,0.1702197802197802
-5.4631,-0.3962,10.128,0.6932,58.3385,0.1998,0.3488,-0.476,10.1278,3679,0,0.13390580773836547,0.0,0.18021978021978022
-8.7908,-0.6583,9.7826,-2.8944,50.3706,-1.3065,0.4917,-0.6891,9.7741,3680,0,0.12271586835621229,0.0,0.18003883495145628
-7.4396,0.0596,10.0862,5.1352,47.2039,5.8729,0.0916,0.0469,10.0327,3681,0,0.13780852720561032,0.0,0.1900388349514563
-8.5663,-0.1978,9.9038,-4.188,56.3539,-4.6179,-0.1316,-0.1782,9.9447,3682,0,0.14977044774671125,0.0,0.18837216828478964
-8.5444,0.0587,10.1122,-0.9557,39.6582,5.2706,-0.2478,0.0365,10.131,3683,0,0.14803891731358665,0.0,0.18837216828478964
-6.3336,0.5081,9.7151,-2.6054,39.8168,-0.5249,0.0587,0.4933,9.6596,3684,0,0.11711202049600504,0.0,0.18003883495145628
-9.4199,0.4133,9.9071,-0.3445,40.7468,3.7422,0.1381,0.4322,9.8986,3685,0,0.12704958053803916,0.0,0.1600388349514563
-6.3973,-0.0295,9.6657,3.1791,49.378,-0.7497,-0.1106,-0.0633,9.6921,3686,0,0.124198782264598,0.0,0.19025861517123652
-7.6367,0.4181,9.6012,0.1182,25.1733,0.5489,0.2778,0.3617,9.5646,3687,0,0.10616370727032466,0.0,0.1900388349514563
-7.0986,0.368,9.7132,-3.4908,34.1225,-0.5877,-0.8999,0.4111,9.6727,3688,1,0.06679667979325749,0.0,0.1700388349514563
-9.2392,0.3164,9.6921,1.3949,48.8933,-3.841,-0.3025,0.3352,9.6362,3689,0,0.1235946282012788,0.0,0.1700388349514563
-7.5242,-0.4557,9.6367,5.151,39.0562,2.0383,0.4278,-0.4715,9.5888,3690,0,0.12586097226366472,0.0,0.1700388349514563
-9.6402,0.2193,9.2414,-3.2383,20.204,-1.1789,-0.0859,0.239,9.2642,3691,1,0.07830123049829352,0.0,0.1700388349514563
-9.8488,0.1618,10.0479,-4.6279,24.2192,-2.5263,0.0178,0.2039,10.0939,3692,0,0.15153071344719435,0.0,0.1500388349514563
-8.0751,-0.1018,9.5605,4.3357,22.089,-6.862,0.3449,-0.1888,9.6295,3693,0,0.12226977221062497,0.0,0.1600388349514563
-9.421,-0.2333,9.8978,3.1886,59.6452,-2.6115,0.2132,-0.2049,9.8341,3694,0,0.13830184871289483,0.0,0.1600388349514563
-8.0031,-0.394,9.8611,-0.1523,48.5049,2.3973,-0.0059,-0.4109,9.837,3695,0,0.13430184871289483,0.0,0.1600388349514563
-6.0744,0.2845,9.895,0.1158,49.5852,-2.0578,0.5327,0.2984,9.9249,3696,0,0.12690757542958309,0.0,0.1700388349514563
-6.2406,-0.3938,9.8859,-2.071,42.4193,0.9139,-0.0487,-0.3778,9.8771,3697,0,0.1382148921911557,0.0,0.1500388349514563
-9.4022,0.0029,9.642,4.5455,50.5893,1.6285,-0.1324,-0.0528,9.5926,3698,0,0.12310734907525894,0.0,0.1500388349514563
-9.2897,-0.0947,9.7513,4.1323,31.9551,0.7323,0.155,-0.087,9.8535,3699,0,0.12314851412477762,0.0,0.1600388349514563
-5.8261,0.2884,9.9969,-3.0073,42.6892,0.8933,-0.0698,0.2823,10.0917,3700,0,0.13997515789163878,0.0,0.1700388349514563
-8.4438,-0.1212,9.9816,2.1672,16.1007,1.5471,0.128,-0.1297,9.9093,3701,0,0.12850655885782236,0.0,0.1700388349514563
-5.0427,0.0498,10.0515,-0.9657,53.315,1.5212,0.2746,0.0023,10.0734,3702,0,0.1360621144133779,0.0,0.1600388349514563
-5.853,-0.2813,10.0342,-3.8214,62.5382,-3.3139,0.0853,-0.3453,10.0099,3703,0,0.15761766996893345,0.0,0.1500388349514563
-7.9249,0.3228,9.6391,1.8613,44.2432,-7.8877,-0.2552,0.2456,9.6141,3704,0,0.1145903100283377,0.0,0.1600388349514563
-9.9705,-0.2266,9.8505,-1.9909,36.4615,-0.8878,-0.0238,-0.2719,9.8375,3705,0,0.1382148921911557,0.0,0.1700388349514563
-8.1963,0.2999,9.8884,1.4671,27.1023,0.5401,-0.0645,0.3212,9.9066,3706,0,0.12065933663560012,0.0,0.1600388349514563
-6.336,0.1044,9.6218,-0.7334,53.5826,1.1731,-0.1318,0.0349,9.5745,3707,0,0.11293062456355774,0.0,0.1600388349514563
-9.4029,0.3951,9.7948,-3.8127,56.9972,-1.3505,0.1847,0.4481,9.8486,3708,0,0.13538367664787898,0.0,0.1700388349514563
-6.7275,0.0928,10.2491,-1.5752,35.1194,3.6461,-0.1594,0.1145,10.2883,3709,0,0.11436400327113484,0.0,0.15025861517123654
-5.401,0.1813,9.7239,-0.9984,50.5038,-0.5029,-0.1911,0.1727,9.7116,3710,0,0.12810294565815653,0.0,0.15025861517123654
-6.8473,0.1933,9.6729,2.1093,21.1897,3.3703,-0.3635,0.1849,9.7237,3711,0,0.127807804820989,0.0,0.1500388349514563
-9.6221,-0.1638,9.9464,-0.4369,51.2341,1.5068,0.0185,-0.1624,9.8793,3712,0,0.1338398921911557,0.0,0.15021978021978022
-6.5273,-0.0648,9.6537,-6.4442,43.5298,3.1056,0.6899,-0.083,9.6272,3713,0,0.1039340065160615,0.0,0.13003883495145632
-4.9916,-0.2317,9.8201,2.7266,52.5141,6.5305,0.3018,-0.202,9.8544,3714,0,0.13370154433341008,0.0,0.1400388349514563
-10.1292,0.1828,10.1048,-5.451,42.6178,-2.5227,-0.1426,0.1627,10.1474,3715,0,0.15153071344719435,0.0,0.14025861517123653
-7.6963,-0.1956,9.7742,-4.5415,29.5713,0.1612,0.6518,-0.1905,9.809,3716,0,0.12661602310853495,0.0,0.1400388349514563
-7.604,0.0176,9.73,-0.5476,56.6722,1.6785,-0.0202,-0.0604,9.8371,3717,0,0.1282148921911557,0.0,0.1500388349514563
-8.5126,0.1024,10.0243,3.716,63.0748,3.4689,-0.0818,0.1088,10.0217,3718,0,0.12850655885782236,0.0,0.1400388349514563
-8.2308,0.1426,9.8068,-3.2127,36.8143,0.2232,0.2299,0.1769,9.7791,3719,0,0.12773027485070312,0.0,0.1400388349514563
-9.6679,-0.2947,9.7875,-3.7072,56.3141,0.986,0.2765,-0.4001,9.7358,3720,0,0.14171196821454748,0.0,0.1400388349514563
-8.3222,-0.317,9.8003,3.2885,49.5299,-2.0572,0.2915,-0.2882,9.7277,3721,0,0.13703200744305355,0.0,0.1400388349514563
-7.9032,0.0056,9.4202,-2.7754,42.1045,-6.3903,-0.2499,0.0096,9.3287,3722,1,0.08175723767139105,0.0,0.1400388349514563
-7.5656,-0.1521,9.6928,-4.7207,35.7374,0.1073,-0.1459,-0.0829,9.6881,3723,0,0.13126972047970098,0.0,0.1500388349514563
-6.3224,-0.2938,9.8106,-3.8504,20.37,4.0304,-0.0014,-0.2937,9.897,3724,0,0.1470991654099439,0.0,0.1500388349514563
-7.0362,0.0344,9.825,-2.3072,23.2356,-3.8405,-0.2835,0.0644,9.7249,3725,0,0.14357154469197295,0.0,0.1600388349514563
-8.4124,-0.2932,9.7464,2.6597,52.4615,2.4845,0.2268,-0.2043,9.6628,3726,0,0.12248132038056973,0.0,0.18003883495145628
-8.9634,0.1598,9.8782,3.4209,60.4869,-2.6681,0.3398,0.1647,9.866,3727,0,0.13137073634699983,0.0,0.18021978021978022
-8.8207,0.1317,9.5779,2.5292,58.0988,6.5565,-0.5058,0.0907,9.612,3728,0,0.12691630866796605,0.0,0.16
-5.9545,0.4819,9.8343,1.1279,27.9606,2.3775,0.3515,0.5263,9.8168,3729,0,0.1170709217699067,0.0,0.1600388349514563
-10.4496,-0.1925,9.7843,0.6923,22.487,-1.525,-0.5983,-0.1746,9.6844,3730,0,0.13616882767569652,0.0,0.1500388349514563
-7.9532,0.6026,9.8715,-0.6883,43.5745,2.9212,-0.2103,0.6289,9.8818,3731,0,0.12346073599301405,0.0,0.16146740638002777
-8.5023,0.27,9.9767,-2.682,38.967,6.9922,0.3589,0.2674,9.9688,3732,0,0.14046125322355374,0.0,0.16146740638002777
-5.7257,0.5539,9.5378,-3.7218,37.9622,-0.8054,0.1901,0.6362,9.599,3733,0,0.10954820682423472,0.0,0.16146740638002777
-5.5049,0.0307,9.9259,1.7426,39.2444,2.105,-0.0603,-0.0663,9.8653,3734,0,0.12065933663560012,0.0,0.16146740638002777
-7.0463,0.4843,9.9168,0.572,34.538,-1.3866,0.4681,0.5171,9.9213,3735,0,0.12301448825998483,0.0,0.15146740638002773
-8.4325,-0.0545,9.5954,-1.287,51.1774,3.1837,-0.2533,0.0329,9.565,3736,0,0.11293062456355774,0.0,0.15146740638002773
-9.6814,0.2208,9.5826,2.2818,51.2801,0.1134,-0.3393,0.0874,9.6173,3737,0,0.10843643454305192,0.0,0.16146740638002777
-9.1648,0.4509,9.9949,-4.6504,42.1668,1.849,0.159,0.375,10.0534,3738,0,0.13997515789163878,0.0,0.17
-9.6198,0.1088,9.7174,0.6023,39.1528,1.0101,-0.2206,0.0798,9.7312,3739,0,0.12855407347770542,0.0,0.18
-8.2136,-0.0406,9.9812,2.2819,44.1052,0.9798,-0.1665,-0.0161,9.9617,3740,0,0.12850655885782236,0.0,0.20855311355311357
-9.1814,0.2291,9.7404,-1.6925,44.8911,0.124,-0.3307,0.3538,9.8401,3741,0,0.1282148921911557,0.0,0.21855311355311358
-6.0498,-0.1025,9.4408,2.1329,49.4456,-3.2023,0.3239,-0.027,9.4299,3742,0,0.09398890471937754,0.0,0.19998168498168498
-7.4873,0.282,9.6953,-3.2645,24.9288,1.5877,-0.1776,0.2155,9.684,3743,0,0.13487874303609196,0.0,0.20998168498168496
-5.1336,0.1564,10.1239,-4.2361,25.1673,2.1645,0.1004,0.1653,10.1702,3744,0,0.13653470300912318,0.0,0.20998168498168496
-8.7574,-0.5777,9.6023,6.7392,31.4856,-1.61,0.1536,-0.4431,9.5785,3745,0,0.12729878544422107,0.0,0.19164835164835164
-6.4538,0.0456,9.7917,3.2913,57.2118,-1.946,-0.4896,0.0848,9.7505,3746,0,0.13219003291552894,0.0,0.17142857142857143
-8.8697,-0.0349,9.987,0.6647,38.6055,0.8841,-0.0696,-0.0838,9.9829,3747,0,0.12850655885782236,0.0,0.1702197802197802
-7.1787,0.0233,9.8055,4.6482,49.9422,-0.63,0.3288,0.0411,9.8387,3748,0,0.12478525717541153,0.0,0.17164835164835165
-5.2491,0.2634,9.5808,0.4386,46.3075,-1.2772,0.0949,0.3092,9.6748,3749,0,0.12133298626718986,0.0,0.19164835164835164
-8.6725,0.2724,10.1924,-1.3014,35.4133,-0.6043,0.1136,0.279,10.2726,3750,0,0.12150466302363609,0.0,0.18164835164835164
-9.1775,-0.0914,9.6492,-1.125,32.8057,2.288,0.1212,-0.1105,9.6627,3751,0,0.1188059899389563,0.0,0.18164835164835164
-7.9951,0.221,9.702,1.7757,39.3643,-2.2099,-0.0576,0.3015,9.7133,3752,0,0.130198782264598,0.0,0.18
-8.7885,-0.3854,9.9211,-5.1923,31.3935,-2.1779,-0.0285,-0.3761,9.9168,3753,0,0.1442148921911557,0.0,0.15
-9.3479,0.064,9.5503,0.6171,22.2207,-2.3288,0.1501,0.1906,9.5037,3754,0,0.09564558010499717,0.0,0.16
-5.6688,-0.1569,9.7959,6.5972,27.8448,2.2433,-0.7323,-0.2019,9.7744,3755,1,0.10534831689579857,0.0,0.15
-6.7988,0.2873,9.681,-0.9431,33.8244,2.3589,0.1916,0.3093,9.6583,3756,0,0.1188059899389563,0.0,0.1500388349514563
-7.4311,0.0223,9.59,-2.8679,23.1682,-1.7795,0.2707,0.0367,9.5916,3757,0,0.1155073727581549,0.0,0.14
-8.806,-0.0492,9.8,2.9442,24.511,-1.1435,-0.2069,0.0012,9.8068,3758,0,0.12065933663560012,0.0,0.14
-5.7544,-0.4301,10.0506,-0.8067,48.1381,1.801,-0.1384,-0.4818,10.0576,3759,0,0.14214907093511706,0.0,0.16625
-6.7048,0.2366,9.6718,3.1809,56.5344,-4.717,-0.0989,0.2394,9.6344,3760,0,0.1235946282012788,0.0,0.16625
-6.5437,-0.12,9.588,-1.1199,40.7295,1.6217,-0.381,-0.2318,9.6416,3761,0,0.12129030835802414,0.0,0.15625
-5.412,0.6849,9.9334,4.7878,47.4033,-6.4912,-0.1854,0.6425,9.9195,3762,0,0.1404562592001477,0.0,0.16771740638002774
-8.1117,0.1845,9.7505,3.2953,55.1229,3.9194,-0.4782,0.1827,9.7754,3763,0,0.13002931862981465,0.0,0.17625
-6.8144,0.191,9.8509,1.5645,57.1757,-3.8429,-0.5629,0.1446,9.8583,3764,0,0.13345987418537023,0.0,0.15771740638002774
-8.8961,-0.0724,9.712,-1.0267,20.6362,3.2821,-0.1686,-0.1086,9.696,3765,0,0.1309656995578311,0.0,0.14625
-8.8956,0.3903,9.7702,-2.1627,24.1859,3.2415,-0.2931,0.3649,9.8089,3766,0,0.13212793566941658,0.0,0.14625
-5.6095,-0.355,9.4932,0.2724,43.0515,-4.0997,-0.2421,-0.3971,9.5463,3767,0,0.11167721449788473,0.0,0.15
-5.5104,0.4719,9.7488,-3.9757,59.6724,-1.3852,-0.3959,0.566,9.6768,3768,0,0.13000857222014298,0.0,0.15146740638002773
-7.6587,0.0783,9.9505,-2.5531,53.2046,-1.5275,0.011,0.1018,9.8962,3769,0,0.14375293566941658,0.0,0.15146740638002773
-9.2033,0.5066,9.8535,1.9433,35.5447,-8.616,0.1391,0.4686,9.8114,3770,0,0.12555060348013536,0.0,0.1422366371492585
-6.2521,-0.3294,9.4721,-6.9863,65.5135,0.2024,-0.2575,-0.2751,9.557,3771,0,0.11161364978901112,0.0,0.15146740638002773
-6.0411,0.2328,9.6454,6.921,27.3186,-4.1545,-0.2105,0.1262,9.6755,3772,0,0.14302477122584006,0.0,0.1400388349514563
-5.4485,-0.4183,9.7808,-0.4956,52.4638,-1.7409,-0.2363,-0.3719,9.7923,3773,0,0.13590418789418138,0.0,0.1400388349514563
-6.5104,0.3654,9.5204,-2.8761,46.6395,7.8305,-0.6294,0.3229,9.605,3774,1,0.10947801061990609,0.0,0.1500388349514563
-6.126,-0.081,10.0944,-2.5832,37.8596,0.1649,-0.3054,-0.0358,10.1781,3775,0,0.13219366828197932,0.0,0.1500388349514563
-5.6899,-0.0525,9.8969,4.0699,56.533,2.9784,-0.1826,0.0208,9.8618,3776,0,0.12065933663560012,0.0,0.1500388349514563
-5.2986,0.0804,9.8955,1.3478,45.4138,-1.4307,0.0218,0.1521,9.7948,3777,0,0.12665933663560014,0.0,0.1400388349514563
-8.0372,-0.1606,9.5912,-5.942,54.011,0.7931,-0.3713,-0.1496,9.5609,3778,0,0.10434535328942038,0.0,0.1400388349514563
-7.6979,-0.247,9.8102,1.5958,30.1581,-3.558,0.2956,-0.2468,9.7899,3779,0,0.13830184871289483,0.0,0.1608080657206871
-7.5235,0.0798,9.9011,-3.8043,27.875,-1.7054,0.1491,0.1594,9.9547,3780,0,0.13812793566941658,0.0,0.14076923076923076
-9.3418,-0.3652,9.8932,2.6592,41.8027,1.1464,0.0391,-0.4021,9.9636,3781,0,0.12674629315733923,0.0,0.14076923076923076
-7.9425,0.3048,9.7428,0.6615,19.2427,-2.675,-0.1942,0.1266,9.7074,3782,0,0.13650060647686998,0.0,0.14076923076923076
-7.2364,-0.0963,9.7289,2.8913,33.0012,0.4396,-0.0639,-0.0411,9.7903,3783,0,0.12065933663560012,0.0,0.14076923076923076
-6.8485,-0.0935,9.6581,2.9525,41.2122,2.6591,-0.3061,-0.1296,9.7148,3784,0,0.127807804820989,0.0,0.14076923076923076
-6.248,0.2956,9.9024,2.5505,21.6272,-1.743,-0.3018,0.3866,9.9604,3785,0,0.12665933663560014,0.0,0.14076923076923076
-7.2327,0.5625,9.9647,5.8059,18.8667,-1.2196,-0.259,0.5221,9.982,3786,0,0.1369993314872073,0.0,0.12076923076923077
-6.3759,0.5695,9.589,1.7732,47.6893,5.7671,0.2709,0.59,9.627,3787,0,0.12091717047560988,0.0,0.14076923076923076
-7.6402,0.0476,10.1082,-4.9438,60.8086,-1.2289,-0.3695,0.0588,10.103,3788,0,0.14597515789163878,0.0,0.14076923076923076
-9.2212,0.1793,9.882,0.7527,51.8551,1.3654,0.0829,0.2253,9.991,3789,0,0.12065933663560012,0.0,0.14076923076923076
-8.7838,-0.6632,9.9747,5.6426,58.4772,0.4623,0.2318,-0.6785,10.0121,3790,0,0.1262949700987459,0.0,0.14076923076923076
-7.6004,-0.072,9.4116,0.9947,32.7039,-4.4272,0.0858,-0.092,9.3751,3791,1,0.08794802926204405,0.0,0.14076923076923076
-9.8058,0.2861,9.897,-2.5028,45.8982,-1.3996,-0.1725,0.2707,9.9133,3792,0,0.13812793566941658,0.0,0.16
-9.4263,-0.1421,9.6619,1.8662,42.7446,-1.4264,-0.1862,-0.1828,9.7007,3793,0,0.13628573878633712,0.0,0.16076923076923078
-7.0323,-0.018,9.8322,-3.2571,39.3977,-4.5302,0.6652,-0.022,9.8313,3794,0,0.12799580308706465,0.0,0.15080806572068706
-7.1738,-0.1083,9.8315,-2.4776,39.9096,2.5466,-0.0228,-0.1049,9.8568,3795,0,0.13212793566941658,0.0,0.1608080657206871
-9.1128,0.2691,9.6274,-0.064,53.2498,1.3779,-0.3285,0.429,9.543,3796,0,0.1012970733460129,0.0,0.16076923076923078
-9.0761,-0.0976,9.8565,0.8717,26.1696,-1.3972,-0.2492,-0.0573,9.9112,3797,0,0.12665933663560014,0.0,0.16076923076923078
-6.0758,0.0099,9.9837,-4.5862,48.4725,-2.2157,0.1085,0.0083,10.0362,3798,0,0.14597515789163878,0.0,0.16076923076923078
-6.679,-0.2435,9.852,-3.1278,20.9029,-0.3727,-0.0787,-0.2024,9.8521,3799,0,0.1382148921911557,0.0,0.17076923076923076
-5.5063,-0.4983,9.5471,-4.9285,29.7145,3.9469,-0.1371,-0.4567,9.49,3800,0,0.11182817158320202,0.0,0.16857142857142857
-4.9933,0.4019,9.8691,2.3744,21.6848,-0.0574,0.4718,0.3741,9.881,3801,0,0.11705604457881968,0.0,0.1686102635228849
-7.5749,-0.37,9.8111,0.5497,57.4982,3.7388,0.3834,-0.4407,9.8118,3802,0,0.1259021373131834,0.0,0.1786102635228849
-7.6628,-0.0845,9.7981,-5.1285,44.2604,-5.4911,0.1884,-0.0633,9.7579,3803,0,0.13928583040625866,0.0,0.1686102635228849
-9.42,-0.0936,9.8052,0.0013,33.4732,-1.4598,0.0519,-0.0612,9.7695,3804,0,0.12665933663560014,0.0,0.1686102635228849
-7.8821,-0.1167,9.7965,-0.9464,41.5336,1.7071,-0.0918,-0.1294,9.7323,3805,0,0.1317119682145475,0.0,0.19857142857142857
-10.0309,0.0764,9.7124,0.4601,44.0596,-3.5318,-0.1613,0.0549,9.7405,3806,0,0.13575433782015356,0.0,0.18857142857142858
-6.135,0.0499,9.9362,-0.4692,24.3867,-1.0007,0.3044,0.0394,9.9413,3807,0,0.1338398921911557,0.0,0.20857142857142857
-8.5384,-0.1671,9.987,3.1859,37.346,0.7323,0.5883,-0.1744,10.0531,3808,0,0.13218479807365313,0.0,0.19857142857142857
-6.5676,0.0126,9.8292,-3.0894,47.6433,0.9986,0.0422,-0.0434,9.8006,3809,0,0.13212793566941658,0.0,0.19857142857142857
-9.7908,-0.0906,9.8156,-1.2577,59.5695,-2.3897,-0.124,-0.1207,9.9077,3810,0,0.13977044774671124,0.0,0.19857142857142857
-10.0163,0.083,9.8334,1.7594,40.736,0.5056,-0.1897,0.0661,9.8859,3811,0,0.12065933663560012,0.0,0.2187912087912088
-6.1735,0.0071,9.5571,-1.6013,16.174,-2.0236,0.1084,0.0802,9.526,3812,0,0.10089497810981313,0.0,0.2248214285714286
-6.5988,-0.5529,9.3046,0.1261,27.3028,2.8501,-0.6144,-0.5541,9.2658,3813,1,0.06709726936152907,0.0,0.17857142857142858
-9.7088,0.2426,9.7884,3.7764,50.5988,0.8125,-0.6576,0.2663,9.7231,3814,0,0.09997836561772927,0.0,0.1886102635228849
-8.3944,0.0304,9.8254,-1.5882,40.2011,-2.4323,0.4593,0.0314,9.822,3815,0,0.13781001283278796,0.0,0.18003883495145628
-8.2219,0.049,9.6737,-1.8,41.006,0.4507,-0.0336,0.0336,9.5874,3816,0,0.11911001086082619,0.0,0.18003883495145628
-8.6227,-0.4192,9.8822,-3.7207,20.3051,2.4654,0.2081,-0.3587,9.9029,3817,0,0.1382148921911557,0.0,0.18003883495145628
-6.3639,0.0099,9.6504,-2.1256,52.2468,2.0817,0.0026,-0.0633,9.6549,3818,0,0.1227190334172172,0.0,0.2148602635228849
-6.6149,0.0533,10.0092,-3.5498,22.2996,-1.9678,0.0166,-0.0002,9.9689,3819,0,0.14597515789163878,0.0,0.2148602635228849
-6.0064,0.2923,10.0484,4.2098,37.5279,2.3122,0.481,0.2399,10.1271,3820,0,0.1287547976518053,0.0,0.2062888349514563
-7.0792,-0.0625,9.7997,3.5979,44.9319,-2.8736,0.2127,-0.0494,9.7913,3821,0,0.13221489219115568,0.0,0.2062888349514563
-8.7084,-0.0673,9.5709,5.8065,58.4858,2.0501,0.1704,-0.1686,9.5976,3822,0,0.12599430559699804,0.0,0.1962888349514563
-7.2823,0.5586,10.0801,-0.7379,53.6597,-0.3981,-0.3064,0.6294,10.0645,3823,0,0.13652934501557046,0.0,0.2162888349514563
-5.8693,0.1908,9.5849,-1.4013,29.5356,-2.8354,-0.5897,0.2053,9.6333,3824,0,0.12169964039147566,0.0,0.2162888349514563
-9.0306,0.2217,9.7584,2.8225,48.4864,1.1521,0.2913,0.2097,9.6826,3825,0,0.12855407347770542,0.0,0.2062888349514563
-6.5554,0.4325,9.5321,0.6496,44.402,-1.3056,-0.2352,0.4859,9.4739,3826,0,0.08570290838504686,0.0,0.1900388349514563
-6.6243,-0.0555,9.883,-0.3006,36.8688,-0.1275,0.1464,-0.0285,9.8321,3827,0,0.1282148921911557,0.0,0.2000388349514563
-6.3652,0.3951,9.9252,8.6209,46.6501,-1.5654,-0.3329,0.3641,9.9813,3828,0,0.13385487124815004,0.0,0.1900388349514563
-9.2754,-0.1801,9.9674,2.1306,32.9921,0.9218,-0.303,-0.1479,10.0953,3829,0,0.12850655885782236,0.0,0.2000388349514563
-9.5622,0.0306,9.6641,-5.1309,48.1619,-0.1183,-0.417,0.1309,9.7317,3830,0,0.13251470247391553,0.0,0.1900388349514563
-8.8084,-0.358,9.7935,-1.0147,30.1377,-1.8615,0.3266,-0.3091,9.805,3831,0,0.13945769286873896,0.0,0.1962888349514563
-8.4422,-0.0194,9.7823,0.5946,42.3012,3.1025,0.1701,0.0414,9.7402,3832,0,0.12855407347770542,0.0,0.1962888349514563
-8.8013,0.1566,9.7818,-5.3325,58.3567,4.4265,0.2014,0.1035,9.7826,3833,0,0.1366145480694913,0.0,0.1862888349514563
-7.3668,0.2552,10.1071,-0.8321,28.8663,-6.1521,0.0026,0.2599,10.0818,3834,0,0.14761766996893347,0.0,0.1900388349514563
-4.8636,0.0952,10.117,0.408,43.5618,-1.0512,0.3561,0.0688,10.1322,3835,0,0.12766240301366652,0.0,0.2162888349514563
-6.8492,-0.5367,9.6868,5.3822,37.4598,0.1444,-0.5907,-0.4947,9.6086,3836,0,0.12415802710238026,0.0,0.2062888349514563
-9.2665,0.1385,9.3684,-2.9008,23.9283,-2.4402,-0.2855,0.1607,9.3242,3837,1,0.08184353661922093,0.0,0.19
-6.2469,-0.2576,9.6324,0.2908,49.0587,-4.425,0.0103,-0.234,9.5649,3838,0,0.12140885745029063,0.0,0.19
-9.8121,0.365,9.7069,-4.3719,59.9844,2.6143,-0.2048,0.4156,9.7285,3839,0,0.13487874303609196,0.0,0.21
-7.3284,0.1828,9.9362,1.2044,36.0279,-0.9334,0.4636,0.1213,10.0715,3840,0,0.12702660442437955,0.0,0.17
-9.3594,0.1457,10.1638,-1.4475,19.8803,-0.2478,0.3173,0.1078,10.1925,3841,0,0.12848367048899767,0.0,0.17
-7.1768,-0.3929,9.8753,3.7729,63.4204,5.8828,-0.2815,-0.3903,9.9413,3842,0,0.13370154433341008,0.0,0.1900388349514563
-9.7031,-0.0656,9.5789,6.0796,60.9864,-0.1309,-0.4039,-0.1623,9.6045,3843,0,0.1226176459403611,0.0,0.1900388349514563
-8.3758,0.0519,9.9189,5.8528,24.366,-1.6254,0.223,0.0229,9.8139,3844,0,0.13411859050874486,0.0,0.1962888349514563
-5.8725,0.5097,9.9491,-4.9798,30.0142,-3.1574,-0.3981,0.4692,9.9324,3845,0,0.14656423220343454,0.0,0.1962888349514563
-9.9967,0.0283,9.7516,0.3766,43.1017,1.081,-0.0286,0.03,9.7865,3846,0,0.12065933663560012,0.0,0.1962888349514563
-7.2653,-0.127,9.6824,-5.8899,30.3858,-0.2294,0.1847,-0.1588,9.7159,3847,0,0.12969077311127994,0.0,0.1862888349514563
-7.0769,0.1305,9.9559,0.4559,36.498,0.6038,-0.0448,0.179,10.0241,3848,0,0.12628433663560013,0.0,0.1862888349514563
-7.6072,0.6763,9.8954,-6.0871,38.1565,-0.0642,-0.2767,0.662,9.9249,3849,0,0.11972949324970827,0.0,0.2162888349514563
-8.1942,0.0308,9.7724,0.8353,51.4995,0.9591,-0.5135,-0.0098,9.6978,3850,0,0.12979905547191994,0.0,0.21771740638002776
0.641,0.0486,9.7829,3.7557,-8.1286,-1.9648,0.6888,0.0991,9.9316,3851,0,0.14235880031420242,0.0,0.2563485221674877
-0.4893,0.2081,9.7371,2.6348,-1.7586,5.5119,-0.4297,0.1953,9.7257,3852,0,0.15370659276867144,0.0,0.2600985221674877
0.5842,-0.3225,9.5902,-0.014,1.1708,-7.3982,0.641,-0.4357,9.629,3853,0,0.1527013693083312,0.0,0.2863485221674877
-0.262,-0.4758,9.6859,0.3539,-2.2893,1.2192,-0.2681,-0.4358,9.7384,3854,0,0.15370659276867144,0.0,0.2863485221674877
-0.0523,0.1827,9.3777,1.0417,-2.8958,0.0675,-0.0486,0.2044,9.4595,3855,0,0.1510993609308793,0.0,0.2863485221674877
0.2042,-0.4096,9.8614,4.2788,-3.1866,2.1427,0.1205,-0.325,9.8077,3856,0,0.15370659276867144,0.0,0.26634852216748767
-0.1376,-0.0346,9.6811,-2.9981,-2.3101,-0.4796,-0.093,-0.0296,9.6684,3857,0,0.15370659276867144,0.0,0.2763485221674877
-0.3262,-0.1025,9.9753,4.6794,1.8352,1.3752,-0.3,-0.1288,9.9356,3858,0,0.15370659276867144,0.0,0.2863485221674877
0.3504,-0.3119,9.8866,-3.3604,3.2743,2.2079,0.3995,-0.3024,9.7493,3859,0,0.15370659276867144,0.0,0.2863485221674877
-0.4617,-0.0016,9.4812,-0.5441,-0.5318,4.0289,-0.4904,-0.0141,9.4557,3860,0,0.15370659276867144,0.0,0.2763485221674877
-0.1259,-0.0689,9.7053,0.533,-3.5545,-0.1069,-0.1141,-0.1202,9.7422,3861,0,0.15370659276867144,0.0,0.2763485221674877
0.0382,0.0099,9.8945,2.5828,-0.1719,0.9736,0.0075,-0.0328,9.9357,3862,0,0.15370659276867144,0.0,0.2563485221674877
0.6231,-0.0809,10.0307,-0.5467,0.9692,-1.6589,0.6034,-0.0346,9.9593,3863,0,0.15522247095773994,0.0,0.2863485221674877
0.0474,-0.1357,9.837,0.1324,-0.2678,-1.2655,0.1078,-0.1203,9.9099,3864,0,0.15370659276867144,0.0,0.2963485221674877
0.0075,0.1044,9.7631,4.2239,1.0987,4.6019,0.0063,0.1328,9.7486,3865,0,0.15370659276867144,0.0,0.2863485221674877
-0.1662,0.0598,9.4768,2.4035,1.9818,2.078,-0.0957,-0.0212,9.5373,3866,0,0.15370659276867144,0.0,0.2863485221674877
-0.0443,0.0512,9.7419,-3.8535,-1.889,-3.1552,-0.049,0.0279,9.7203,3867,0,0.15370659276867144,0.0,0.26634852216748767
0.0535,-0.0529,10.0182,-1.932,2.2724,-4.7913,0.1443,-0.0822,10.0442,3868,0,0.15370659276867144,0.0,0.26634852216748767
0.2102,-0.0362,9.8686,-0.2137,1.4317,-0.3478,0.2331,-0.0069,9.9387,3869,0,0.15370659276867144,0.0,0.26634852216748767
0.0517,0.5639,9.6127,0.7646,2.4179,1.1669,0.191,0.5454,9.6018,3870,0,0.15355074445237718,0.0,0.2778159285475154
-0.1158,-0.0239,9.4523,-4.0639,3.6301,-0.9304,-0.0576,-0.0692,9.4478,3871,0,0.1534046229755623,0.0,0.26781592854751546
-0.015,-0.096,9.8534,-5.8714,-0.6786,0.5225,0.0044,-0.1581,9.8831,3872,0,0.15370659276867144,0.0,0.26781592854751546
-0.2746,0.0202,9.7472,-0.3797,-6.2212,2.3941,-0.218,0.0179,9.7793,3873,0,0.15370659276867144,0.0,0.23013735711894398
-0.2172,0.2256,9.9717,1.1937,0.5671,-0.2592,-0.2857,0.1678,10.079,3874,0,0.15370659276867144,0.0,0.2522610571736785
-0.4453,0.0912,9.7844,-0.9017,2.0792,0.0673,-0.3902,0.1442,9.7658,3875,0,0.15370659276867144,0.0,0.2522610571736785
-0.1383,-0.0133,9.765,6.9194,1.1206,0.5622,-0.1254,-0.0887,9.8166,3876,0,0.15242389511884455,0.0,0.2822610571736785
0.2932,-0.1412,9.7644,0.7971,2.0629,-6.6453,0.2522,-0.137,9.7253,3877,0,0.1532405209942328,0.0,0.2522610571736785
-0.3265,-0.2111,9.6983,0.3258,-1.6088,-4.8449,-0.2945,-0.2163,9.7184,3878,0,0.15370659276867144,0.0,0.24226105717367852
0.2732,0.3803,9.6398,-1.7198,-0.7688,-2.8917,0.1987,0.418,9.6892,3879,0,0.15370659276867144,0.0,0.2522610571736785
0.1336,-0.1609,9.4918,-3.1146,-0.1065,-1.1443,0.2151,-0.2053,9.4706,3880,0,0.15370659276867144,0.0,0.2522610571736785
0.2633,-0.0235,9.7129,-1.0908,4.5892,-2.0156,0.2662,-0.0298,9.7336,3881,0,0.15370659276867144,0.0,0.24226105717367852
0.3122,-0.1973,9.7043,-0.2413,0.8758,2.0826,0.3893,-0.1629,9.7267,3882,0,0.15370659276867144,0.0,0.2522610571736785
0.8289,-0.428,10.2746,-1.1316,1.1202,2.3616,0.814,-0.5352,10.297,3883,0,0.13181995642784589,0.0,0.1900388349514563
-0.2508,0.1008,9.7882,-1.9984,2.366,-1.4259,-0.1952,0.0841,9.7598,3884,0,0.15370659276867144,0.0,0.1900388349514563
0.1023,0.0365,9.7952,-1.8069,-2.3526,-2.1691,0.0297,-0.0491,9.8395,3885,0,0.15370659276867144,0.0,0.2000388349514563
-0.5146,-0.4727,10.1037,5.5686,3.2422,1.5882,-0.5336,-0.509,10.0746,3886,0,0.15370659276867144,0.0,0.2000388349514563
-0.0443,-0.0985,9.3599,-0.467,0.9387,-1.207,-0.0438,-0.0812,9.2811,3887,0,0.1302561467584284,0.0,0.21003883495145628
0.4324,0.0306,9.47,-3.4486,-3.1346,0.741,0.4115,0.0418,9.4197,3888,0,0.152691395331968,0.0,0.18003883495145628
0.4948,-0.0128,9.9408,0.1446,5.1634,-4.6105,0.4921,-0.0378,9.9161,3889,0,0.15370659276867144,0.0,0.1700388349514563
0.2484,-0.3743,9.7027,-2.0484,3.5165,-3.2606,0.3234,-0.3661,9.6536,3890,0,0.15370659276867144,0.0,0.18003883495145628
0.2713,0.3703,10.1225,0.0726,3.029,-0.8183,0.2152,0.4341,10.1557,3891,0,0.15370659276867144,0.0,0.1600388349514563
-0.2409,0.1154,9.7672,-2.6943,0.1567,-0.8927,-0.1385,0.1168,9.8258,3892,0,0.15370659276867144,0.0,0.1500388349514563
-0.3914,-0.0623,10.0455,2.9435,1.5208,3.1248,-0.3461,-0.1232,10.0412,3893,0,0.15370659276867144,0.0,0.13003883495145632
-0.0002,0.3188,10.0261,-2.6368,-1.0003,1.6348,0.0086,0.3556,9.9469,3894,0,0.15370659276867144,0.0,0.13003883495145632
0.7537,-0.2947,10.0958,-1.4292,5.9631,0.436,0.6513,-0.3513,10.1297,3895,0,0.15513838399451685,0.0,0.1400388349514563
0.3038,0.2578,9.7588,-1.6487,4.7404,-2.3267,0.1944,0.2099,9.8122,3896,0,0.15370659276867144,0.0,0.11003883495145632
0.1757,0.0092,9.6678,-2.7787,3.8339,-1.887,0.1574,-0.0416,9.648,3897,0,0.15370659276867144,0.0,0.11003883495145632
-0.2584,0.0449,9.8001,-0.3514,0.8215,-6.4172,-0.1824,-0.0386,9.7452,3898,0,0.15370659276867144,0.0,0.09003883495145631
0.0632,0.1884,9.802,-1.0161,-2.955,2.4806,0.053,0.1227,9.7318,3899,0,0.15370659276867144,0.0,0.07003883495145631
-0.1236,-0.0848,9.8429,-0.7309,-1.8007,1.7498,-0.1296,-0.0556,9.8669,3900,0,0.15370659276867144,0.0,0.02111509115265886
0.5156,-0.0901,9.8376,3.1558,-1.392,-3.0859,0.4975,-0.0463,9.7535,3901,0,0.15370659276867144,0.0,0.050195095048858385
-0.3496,0.1952,9.9331,-2.8782,0.3691,-4.1058,-0.3237,0.1378,9.9862,3902,0,0.15370659276867144,0.0,0.050195095048858385
-0.4782,0.0252,9.814,3.156,1.6473,-1.3912,-0.5262,-0.0651,9.8241,3903,0,0.15370659276867144,0.0,0.04012113055181696
-0.0151,-0.1885,9.8794,-3.2296,10.0597,3.6853,-0.0734,-0.1733,9.8438,3904,0,0.1364060284579594,0.0,0.021387470073172713
0.5122,0.2587,9.9276,4.3759,-0.8897,-4.254,0.5238,0.2549,9.8851,3905,0,0.15370659276867144,0.0,0.04057842439248525
-0.0506,0.0329,9.5913,4.2099,-0.0415,-2.7794,-0.1044,0.1086,9.6169,3906,0,0.15370659276867144,0.0,0.03198448499854585
0.3964,-0.205,9.745,3.8869,-1.0541,5.6536,0.4413,-0.1548,9.7481,3907,0,0.15370659276867144,0.0,0.051387470073172715
0.0321,0.0816,9.528,4.8156,1.3563,2.5473,0.0268,0.0648,9.5404,3908,0,0.15370659276867144,0.0,0.03138747007317271
0.1601,-0.5439,9.7877,0.59,-2.2133,0.8085,0.1633,-0.581,9.907,3909,0,0.15360476376730087,0.0,0.021387470073172713
0.0398,0.5573,9.4037,1.1868,0.8455,-1.7231,0.1057,0.4766,9.3804,3910,0,0.1505652721174262,0.0,0.03034973422411611
-0.2566,0.3227,9.8494,5.401,2.5999,1.8442,-0.2667,0.2819,9.8508,3911,0,0.15370659276867144,0.0,0.021387470073172713
0.1564,-0.3996,9.9033,2.2059,-0.9027,-1.4399,0.2348,-0.3634,9.9367,3912,0,0.15370659276867144,0.0,0.02034973422411611
-0.3974,-0.4376,9.7923,6.5489,-0.9488,-4.6816,-0.3634,-0.4337,9.8309,3913,0,0.1528511125999369,0.0,0.02027576972707469
-0.189,0.2056,9.6649,-1.9899,0.453,-1.578,-0.1764,0.1578,9.7009,3914,0,0.15370659276867144,0.0,0.010275769727074691
0.2889,-0.2655,9.6176,2.0213,-0.41,0.3758,0.2673,-0.1888,9.6002,3915,0,0.15370659276867144,0.0,0.011910520501504429
0.4864,0.0891,9.8723,-0.1061,4.3428,1.7672,0.5076,0.1993,9.8191,3916,0,0.15370659276867144,0.0,0.011910520501504429
0.0539,0.0554,9.907,-3.1172,1.2607,-0.1883,0.0644,0.0002,9.8509,3917,0,0.15370659276867144,0.0,0.01194935545296074
-0.1044,-0.4432,9.3286,2.6213,-4.8502,-1.6981,-0.2162,-0.478,9.3528,3918,0,0.15048811230813114,0.0,0.012435796132329617
0.0967,-0.0904,9.9923,1.9459,-2.4163,1.704,0.0206,0.0084,10.0241,3919,0,0.15370659276867144,0.0,0.01406529279349139
0.049,-0.0475,10.0286,2.1194,-0.3477,-2.611,0.0119,-0.1519,10.0186,3920,0,0.15370659276867144,0.0,0.011910520501504429
-0.2107,0.117,9.7159,-3.3201,-0.3776,1.7998,-0.1692,0.1967,9.658,3921,0,0.15370659276867144,0.0,0.01259264874161357
-0.4929,0.2829,9.9043,-1.6293,-0.9091,-0.3948,-0.4175,0.276,9.8998,3922,0,0.15370659276867144,0.0,0.011984484998545849
0.1373,0.2505,9.5791,1.1725,-1.9284,3.0547,0.0727,0.3134,9.5298,3923,0,0.15370659276867144,0.0,0.02223609558082735
-0.1683,-0.1186,9.7062,7.3916,3.0879,2.9025,-0.2435,-0.1327,9.7125,3924,0,0.15044291000608326,0.0,0.02216213108378593
-0.0745,-0.294,10.1704,-2.6,1.0779,-3.4017,-0.1129,-0.3069,10.2406,3925,0,0.1526504524297057,0.0,0.03052738030935619
0.2407,0.1084,10.032,4.0524,0.5783,0.2836,0.2363,0.0509,10.0386,3926,0,0.15370659276867144,0.0,0.03052738030935619
0.1234,-0.2092,9.6063,2.31,-0.879,2.0602,0.133,-0.2077,9.6753,3927,0,0.15370659276867144,0.0,0.011124395234729323
-0.4508,0.6351,9.9491,1.8756,1.4661,1.5143,-0.3827,0.6417,10.0016,3928,0,0.15309497375261916,0.0,0.023911744935624504
-0.0885,-0.1636,9.8385,0.2923,3.4168,1.7082,-0.0382,-0.1745,9.8512,3929,0,0.15370659276867144,0.0,0.02450582958631293
0.2382,-0.0565,9.7361,0.173,-1.3519,2.9197,0.205,-0.0681,9.689,3930,0,0.15370659276867144,0.0,0.024545670223763128
0.1557,0.1203,10.3287,-1.2993,3.1443,-2.1079,0.2392,0.0977,10.4033,3931,0,0.0878691432152973,0.0,0.020799779086341275
-0.048,0.0338,9.8179,4.5814,-0.9732,-1.7761,-0.0846,0.0465,9.7995,3932,0,0.15370659276867144,0.0,0.02633698713412379
0.0655,-0.1276,9.8698,-0.479,-3.9192,-1.4244,-0.0006,-0.1685,9.863,3933,0,0.15370659276867144,0.0,0.06675536131308049
-0.0356,0.509,10.1292,-0.6523,-1.721,-2.6706,-0.0711,0.5346,10.0942,3934,0,0.15370659276867144,0.0,0.03793961193138666
0.3791,0.2939,9.8782,-3.8856,0.6336,3.446,0.4117,0.3245,9.9275,3935,0,0.15370659276867144,0.0,0.03793961193138666
-0.342,0.4475,9.9623,2.8848,-7.34,2.844,-0.412,0.4735,9.9966,3936,0,0.153471543619007,0.0,0.02172010982755907
0.5046,-0.6242,9.6683,-3.5758,-5.91,-1.7212,0.4709,-0.6512,9.7056,3937,0,0.15388704993742966,0.0,0.01358053512875671
-0.0392,-0.2402,9.8685,1.1932,2.2379,-1.0327,-0.0784,-0.2343,9.9338,3938,0,0.15370659276867144,0.0,0.0038639371179212565
0.1191,-0.3312,9.8215,2.2175,-0.2059,2.7832,0.1643,-0.3114,9.6909,3939,0,0.15370659276867144,0.0,0.023863937117921258
0.0029,0.0574,9.603,4.5116,1.6104,1.2587,0.057,-0.0085,9.5651,3940,0,0.15370659276867144,0.0,0.013839840732379087
-0.183,0.0313,10.0585,-5.226,-3.9303,-1.5839,-0.2009,0.0461,10.0673,3941,0,0.15370659276867144,0.0,0.04778638707045614
0.4069,0.4595,9.8064,-0.587,-4.3939,-3.3359,0.4554,0.3717,9.9074,3942,0,0.15370659276867144,0.0,0.023709297942663524
0.3895,-0.2137,9.6229,3.0259,2.4069,0.3146,0.4075,-0.2095,9.5806,3943,0,0.15370659276867144,0.0,0.013709297942663528
0.1786,-0.3178,9.8472,3.0235,0.0292,0.1028,0.1829,-0.2709,9.8205,3944,0,0.15370659276867144,0.0,0.01386393711792126
-0.0956,0.2184,9.6871,0.9264,2.2764,1.0231,-0.064,0.2211,9.7324,3945,0,0.15370659276867144,0.0,0.07444511545354876
0.3387,-0.365,9.8432,1.2189,2.9942,1.2814,0.2925,-0.3799,9.8295,3946,0,0.15370659276867144,0.0,0.08444511545354877
0.2793,0.1179,10.035,1.3173,2.6656,3.2613,0.2384,0.0958,10.0664,3947,0,0.15370659276867144,0.0,0.03378638707045614
0.1501,-0.2586,9.7725,-3.9887,0.9189,-7.3216,0.0799,-0.2718,9.6823,3948,0,0.15152296743303956,0.0,0.03885395463802371
0.2738,0.1377,9.6304,-2.3414,-1.7188,-2.134,0.4097,0.1296,9.5423,3949,0,0.15370659276867144,0.0,0.03493150468548882
0.5237,-0.5354,9.8576,-2.8683,4.6687,-0.7904,0.568,-0.6072,9.8344,3950,0,0.15360476376730087,0.0,0.024776865510231092
-0.3391,0.0389,9.4999,-5.3791,4.2225,0.0064,-0.3466,-0.0702,9.4327,3951,0,0.152968620356603,0.0,0.034609267744867965
-0.3513,-0.0703,9.7523,-0.6317,-2.9563,-1.2307,-0.3087,-0.0351,9.6831,3952,0,0.15370659276867144,0.0,0.06430263901045548
-0.1797,-0.0362,9.7385,5.9772,5.3206,-2.6359,-0.0976,-0.0917,9.7503,3953,0,0.15370659276867144,0.0,0.041258061971410395
0.1012,-0.1357,9.9576,-0.0329,-2.2896,3.8457,0.0132,-0.1543,9.9342,3954,0,0.15370659276867144,0.0,0.05775020653411981
-0.1051,-0.2428,9.842,-1.9899,4.7205,-4.0266,-0.093,-0.2076,9.8238,3955,0,0.15370659276867144,0.0,0.05791182269573597
-0.656,-0.539,9.8089,1.8111,-4.1489,-0.2476,-0.6621,-0.5616,9.8871,3956,0,0.15326467423340018,0.0,0.021606149508747858
-0.0935,-0.1508,9.9536,2.8901,0.6591,2.3596,-0.1344,-0.0833,9.9448,3957,0,0.15370659276867144,0.0,0.017591327962669455
-0.407,0.1627,9.7754,8.527,4.383,1.2955,-0.467,0.1714,9.7468,3958,0,0.12164789570016327,0.0,0.0025080750501108784
0.3258,-0.0142,9.6739,2.2398,2.8572,3.4642,0.3498,-0.09,9.6415,3959,0,0.15370659276867144,0.0,0.00248397866456871
-0.2892,0.0081,9.9029,-2.7672,-1.1529,3.7534,-0.3424,-0.0419,9.9337,3960,0,0.15370659276867144,0.0,0.0026515764299318385
0.0817,-0.1838,10.0105,3.6519,-0.3693,1.5602,0.1046,-0.1202,10.069,3961,0,0.15370659276867144,0.0,0.0026515764299318385
0.6644,-0.4516,9.6209,-3.6563,-0.031,2.31,0.7242,-0.4899,9.5645,3962,0,0.1504061770944606,0.0,0.0025840088623642708
-0.0536,-0.1538,9.8958,-6.3849,-2.9804,0.1759,-0.002,-0.1011,9.8215,3963,0,0.15370659276867144,0.0,0.0021133489638871135
0.0003,0.1117,9.7787,2.5621,0.0306,5.8556,0.0417,0.156,9.8373,3964,0,0.15370659276867144,0.0,0.0021133489638871135
-0.3745,0.0692,9.5789,-0.4043,2.483,-6.4547,-0.3871,0.0379,9.4984,3965,0,0.1532405209942328,0.0,0.0007353777303110183
-0.101,-0.1962,9.8548,0.5143,3.1214,3.0937,-0.1031,-0.1715,9.9389,3966,0,0.15370659276867144,0.0,0.011494871401197093
0.3298,-0.3572,9.5351,5.1232,-4.7004,-0.9129,0.3634,-0.3938,9.6113,3967,0,0.15370659276867144,0.0,0.0009753777303110182
0.5626,0.2605,9.5323,-3.8655,-1.3337,1.2158,0.5658,0.2973,9.5534,3968,0,0.15361879978792273,0.0,0.021142975495674152
0.0999,-0.2647,9.7003,-2.4189,-5.8872,2.7249,0.0393,-0.2829,9.689,3969,0,0.15370659276867144,0.0,0.010902975495674148
-0.3154,-0.0379,9.7428,3.0807,3.6789,-1.3562,-0.4156,0.0505,9.6221,3970,0,0.15370659276867144,0.0,0.010902975495674148
0.0442,0.3334,10.0569,0.3166,-2.254,-2.681,0.0417,0.2407,10.1606,3971,0,0.15370659276867144,0.0,0.010902975495674148
0.2402,0.2323,9.7885,-0.2714,-2.3345,-3.3534,0.237,0.21,9.7573,3972,0,0.15370659276867144,0.0,0.010545960570301011
0.3087,0.325,9.5398,-2.1859,8.398,4.5293,0.3219,0.3192,9.6362,3973,0,0.14030497089636282,0.0,0.01030596057030101
-0.4297,0.1084,9.7537,-2.8767,-1.1024,-3.3677,-0.3355,0.0577,9.7605,3974,0,0.15370659276867144,0.0,0.01030596057030101
0.0258,0.0624,9.8143,-0.6165,-0.8999,3.5255,0.0283,0.0657,9.8829,3975,0,0.15370659276867144,0.0,0.01030596057030101
-0.1343,0.1973,9.8681,2.413,0.4792,-4.859,-0.145,0.0959,9.8428,3976,0,0.15370659276867144,0.0,0.011738362804937882
-0.2133,-0.7497,9.9985,0.9042,-1.2027,-4.3489,-0.3108,-0.7817,9.9826,3977,0,0.15063496363281217,0.0,0.002181036151715334
-0.2648,-0.2107,10.1669,1.9476,3.3136,-2.6204,-0.2474,-0.2131,10.0919,3978,0,0.15370659276867144,0.0,0.0017232048264141293
0.0296,0.1798,9.9967,-0.3763,-4.1883,-0.0564,0.1052,0.1875,9.9799,3979,0,0.15370659276867144,0.0,0.0017232048264141293
-0.2169,0.2378,9.956,2.2251,0.0021,-4.2676,-0.1988,0.2621,9.9258,3980,0,0.15370659276867144,0.0,0.0017232048264141293
-0.7395,-0.2144,9.7157,-2.2126,2.0858,2.4983,-0.7358,-0.1807,9.696,3981,0,0.16762527751554895,0.0,0.021011179509958434
0.1366,-0.2233,9.7405,-5.9364,0.3458,0.1197,0.1692,-0.2191,9.7512,3982,0,0.15370659276867144,0.0,0.021011179509958434
-0.4018,-0.4382,10.2443,-2.1471,1.4325,-2.2454,-0.4183,-0.4708,10.2688,3983,0,0.15135784453201792,0.0,0.001555607061051001
0.3907,0.1273,9.7858,4.4946,-1.6376,-6.9936,0.3968,0.0689,9.7954,3984,0,0.1532405209942328,0.0,0.01172320482641413
0.0419,-0.1821,9.8028,2.3233,3.8257,4.2396,-0.0175,-0.1933,9.7989,3985,0,0.15370659276867144,0.0,0.021881307593212548
-0.0794,0.1515,9.7854,5.663,2.5928,-0.6128,-0.0762,0.0453,9.8317,3986,0,0.15370659276867144,0.0,0.018037726137187314
0.0343,-0.1963,9.7505,0.7648,-6.2283,-2.8,0.0247,-0.2276,9.8599,3987,0,0.15370659276867144,0.0,0.038960998172697776
0.1751,0.062,9.6297,-3.1622,-0.9818,4.2381,0.1557,0.0658,9.6681,3988,0,0.15370659276867144,0.0,0.013576195544928803
-0.3315,-0.0101,9.8679,2.1647,-4.7451,-1.7748,-0.346,0.027,9.8565,3989,0,0.15370659276867144,0.0,0.03501809277813038
0.2001,0.0718,9.5352,2.0036,3.1438,-0.3209,0.1238,0.0293,9.5924,3990,0,0.15370659276867144,0.0,0.03501809277813038
-0.1095,-0.3025,9.7915,3.7181,0.2341,0.1032,-0.1492,-0.3346,9.664,3991,0,0.15370659276867144,0.0,0.03341809277813038
-0.5511,0.2316,9.8823,-1.1633,1.8629,-3.0946,-0.5937,0.2065,9.8254,3992,0,0.15370659276867144,0.0,0.003418092778130383
-0.294,0.1189,9.9035,-3.4716,2.9552,0.5593,-0.2882,0.1651,9.8034,3993,0,0.15370659276867144,0.0,0.022380356929073777
-0.1649,0.2118,9.937,-0.2396,-4.1173,0.2145,-0.1037,0.1842,9.9208,3994,0,0.15370659276867144,0.0,0.03358569054349351
-0.0046,0.2098,9.7814,0.8454,2.7655,-0.7804,0.0458,0.2139,9.7895,3995,0,0.15370659276867144,0.0,0.08341809277813038
0.4846,0.7946,9.9286,-2.8466,4.5,0.0838,0.4836,0.7303,9.9683,3996,0,0.14907305494795023,0.0,0.03247047177442008
-0.5309,-0.2604,9.9408,-1.8188,0.9833,-1.8292,-0.4981,-0.2553,9.8862,3997,0,0.15370659276867144,0.0,0.04191491621886452
-0.4974,-0.3823,9.3862,-1.1748,2.4673,-1.6973,-0.5372,-0.3935,9.3831,3998,0,0.14738771214551252,0.0,0.0014329885080211473
0.5913,0.0938,9.7267,-5.5234,-2.7045,-1.5503,0.6282,0.0882,9.6472,3999,0,0.15522247095773994,0.0,0.0014329885080211473
-0.0786,-0.0755,9.8308,1.0531,2.9082,-4.6133,-0.095,-0.0754,9.8255,4000,0,0.15370659276867144,0.0,0.012823449688460841
15.0321,0.3855,9.7677,6.4007,2.4788,-3.4329,-494.9488,0.3855,9.7677,4001,2,0.5809401377935739,0.0,0.26
-17.1214,0.0136,9.8866,0.4394,0.8357,5.8547,237.3632,0.0136,9.8866,4002,1,0.1594958434326842,0.0,0.29
21.3504,0.3315,9.8316,0.983,2.0111,1.9894,369.7496,0.3315,9.8316,4003,2,0.9896257798865636,0.0,0.28
20.9382,0.2555,9.8431,-0.2363,-2.7593,1.1371,-567.6333,0.2555,9.8431,4004,2,0.5726412914414207,0.0,0.29
-21.567,0.3779,9.7658,-1.4178,4.9333,-2.902,200.2377,0.3779,9.7658,4005,1,0.14846715888783069,0.0,0.31
24.4248,0.077,9.9045,0.0731,-2.1505,-5.2539,-234.3855,0.077,9.9045,4006,2,0.5014870958185056,0.0,0.3
16.868,-0.6109,9.6526,-2.7244,1.2437,-1.4489,-537.0348,-0.6109,9.6526,4007,2,0.556655731602634,0.0,0.35
15.3732,0.4309,10.1164,2.7099,-0.2625,3.7662,-427.6533,0.4309,10.1164,4008,2,0.559977845129623,0.0,0.34
24.6815,-0.2802,9.4281,5.049,-5.7753,3.2236,-323.0747,-0.2802,9.4281,4009,2,0.5588312521408255,0.0,0.35
18.977,0.2083,10.2077,2.0186,1.9002,0.5261,303.2115,0.2083,10.2077,4010,2,0.9664803474670441,0.0,0.34
15.5372,0.0141,9.5293,3.7244,-1.482,2.3523,-452.8647,0.0141,9.5293,4011,2,0.5601115518781962,0.0,0.34
17.9746,-0.7935,9.7863,2.0607,1.7826,-5.4217,-438.4913,-0.7935,9.7863,4012,2,0.5829276889928474,0.0,0.34
-19.183,0.2092,9.8856,2.6332,4.2249,7.3955,-304.5444,0.2092,9.8856,4013,1,0.28250877966087934,0.0,0.32
-19.4718,-0.1569,9.8119,4.585,3.2916,1.0177,-263.429,-0.1569,9.8119,4014,1,0.19931449778916488,0.0,0.33
20.6724,-0.0471,9.863,-0.6288,1.789,-4.5392,232.0628,-0.0471,9.863,4015,2,0.9842426243868749,0.0,0.32
-20.3831,0.0682,9.7067,2.1563,4.222,5.6537,564.7715,0.0682,9.7067,4016,1,0.24587706184445446,0.0,0.32
-22.1087,-0.2731,9.6124,-1.1395,-0.1877,-1.3411,-542.9092,-0.2731,9.6124,4017,1,0.29036112314827967,0.0,0.32
24.0968,-0.1219,9.5399,6.1059,-5.659,-1.5102,-260.3152,-0.1219,9.5399,4018,2,0.5202172555081498,0.0,0.33
-20.322,-0.0754,9.7622,-2.3234,1.9915,-4.4672,387.4494,-0.0754,9.7622,4019,1,0.24674202300404194,0.0,0.33
-21.4064,0.5649,9.8909,4.2527,1.8036,-1.7293,-249.4751,0.5649,9.8909,4020,1,0.17276281044671993,0.0,0.33
-23.336,0.6936,10.0826,-0.3508,-3.8226,-1.3479,468.4086,0.6936,10.0826,4021,1,0.26918764069314266,0.0,0.34
-15.623,1.0449,9.865,-0.4805,4.9973,-1.0774,302.6506,1.0449,9.865,4022,1,0.2862423878001596,0.0,0.33
24.9105,0.226,9.646,-4.2009,-1.6582,-0.7481,256.4086,0.226,9.646,4023,2,0.9841989244597081,0.0,0.34
-19.3045,-0.1032,9.8889,-2.5577,0.4487,1.7736,309.4753,-0.1032,9.8889,4024,1,0.242691097078116,0.0,0.34
-15.8605,0.0249,9.5348,2.0434,-2.7714,6.1196,-213.0131,0.0249,9.5348,4025,1,0.1560687721840701,0.0,0.33
19.8581,-0.078,9.8348,-2.5022,-2.6405,5.9635,215.2286,-0.078,9.8348,4026,2,0.9895989167343329,0.0,0.34
-15.5307,-0.1862,9.6652,4.7005,-0.8301,1.8935,-288.6199,-0.1862,9.6652,4027,1,0.3028659407974603,0.0,0.34
23.927,-0.4234,9.6638,3.0839,-1.8063,1.2581,427.6008,-0.4234,9.6638,4028,2,0.9841989244597081,0.0,0.34
-20.0289,0.4347,9.7395,-2.4332,-1.0706,-0.5804,-424.5627,0.4347,9.7395,4029,1,0.3171234265414337,0.0,0.35
-17.0163,0.221,9.8285,6.6485,-2.6122,2.1659,489.6987,0.221,9.8285,4030,1,0.24768108946412634,0.0,0.34
17.5321,-0.5307,9.7239,-5.56,3.308,-1.7914,486.0644,-0.5307,9.7239,4031,2,0.9841989244597081,0.0,0.36
22.8235,-0.1862,9.7031,-2.2148,5.838,3.0241,451.2883,-0.1862,9.7031,4032,2,0.9841989244597081,0.0,0.34
24.9999,-0.0701,9.6783,0.85,-1.1883,2.2094,-266.8656,-0.0701,9.6783,4033,2,0.5672520585689336,0.0,0.34
-25.4757,0.1797,9.6844,-4.5424,4.0256,0.8532,352.2739,0.1797,9.6844,4034,1,0.24454383505106303,0.0,0.37
-22.7461,0.0738,9.9013,1.29,2.3092,4.5865,-355.0227,0.0738,9.9013,4035,1,0.30881632268065967,0.0,0.37
-15.5474,-0.1992,9.6359,4.4805,-4.2934,-0.637,539.9255,-0.1992,9.6359,4036,1,0.2324770502272724,0.0,0.37
-22.5985,0.3581,9.7079,3.7449,1.921,3.6651,368.7473,0.3581,9.7079,4037,1,0.2373684111985309,0.0,0.33
20.7202,0.2326,9.5773,-4.9704,-1.1441,3.4891,-308.6438,0.2326,9.5773,4038,2,0.5560479008337184,0.0,0.37
24.8557,0.1673,10.0065,2.737,4.9744,-0.0148,-533.1343,0.1673,10.0065,4039,2,0.5799343478859874,0.0,0.37
19.6902,0.5587,9.6863,1.461,-3.2803,-3.0428,387.2569,0.5587,9.6863,4040,2,0.9896402182348166,0.0,0.34
-18.3397,-0.086,9.8621,0.839,5.3961,-0.697,414.1539,-0.086,9.8621,4041,1,0.240460700630454,0.0,0.35
18.622,-0.1721,9.4941,-2.326,9.6147,0.1931,488.9964,-0.1721,9.4941,4042,2,0.8912179307873275,0.0,0.35
21.155,0.3339,9.7482,2.8023,-1.7491,0.233,353.4112,0.3339,9.7482,4043,2,0.9896257798865636,0.0,0.33
19.3881,-0.537,9.9703,-4.1029,6.1684,2.0982,-259.0599,-0.537,9.9703,4044,2,0.5214294477206711,0.0,0.32
-20.263,-0.0889,9.8713,0.7522,1.9684,7.2119,-225.4657,-0.0889,9.8713,4045,1,0.17707645582757042,0.0,0.31
-22.0265,0.0699,10.0355,-1.0836,-0.3409,-0.9783,-334.5444,0.0699,10.0355,4046,1,0.30553305039738743,0.0,0.35
-15.1811,-0.5504,10.2162,-2.0634,1.9194,0.993,-531.0048,-0.5504,10.2162,4047,1,0.2713865878067751,0.0,0.37
-19.836,0.02,9.8497,-0.8866,-1.8787,-1.3005,499.0746,0.02,9.8497,4048,1,0.2369505830022286,0.0,0.37
16.6885,-0.426,9.731,6.2011,-3.722,-2.7872,-402.0757,-0.426,9.731,4049,2,0.5611606378660179,0.0,0.38
15.1883,0.5609,9.4161,-2.1838,4.0604,4.6486,410.4856,0.5609,9.4161,4050,2,0.9853293121169099,0.0,0.32
23.4227,-0.1234,9.9236,-0.5285,7.5112,3.8774,287.2204,-0.1234,9.9236,4051,2,0.9454150573113346,0.0,0.32
-19.8032,0.0955,9.8405,-4.9325,10.1857,3.4164,-408.6939,0.0955,9.8405,4052,1,0.1906569192907635,0.0,0.32
16.0703,-0.6607,9.7224,-2.3604,-3.4479,0.779,-597.1454,-0.6607,9.7224,4053,2,0.6109527887546417,0.0,0.35
-21.1937,-0.0388,9.9485,-1.793,3.0801,4.3704,522.2268,-0.0388,9.9485,4054,1,0.24212338748894666,0.0,0.34
21.8602,-0.0243,9.6205,0.6386,-4.1935,0.0818,424.7706,-0.0243,9.6205,4055,2,0.9841989244597081,0.0,0.34
23.1452,0.0451,9.6133,4.0973,-1.3809,4.6662,340.1884,0.0451,9.6133,4056,2,0.9837271098780539,0.0,0.34
18.3462,-0.0589,9.8514,-1.7559,-7.1445,-3.6007,537.8564,-0.0589,9.8514,4057,2,0.9891576105474127,0.0,0.38
-18.7831,0.068,9.9568,0.8568,-1.0636,-1.0901,-536.7451,0.068,9.9568,4058,1,0.30553305039738743,0.0,0.38
22.8833,0.4422,9.8847,3.7867,1.733,-0.2148,221.5783,0.4422,9.8847,4059,2,0.9896257798865636,0.0,0.38
-24.6166,0.0219,9.6387,-1.8829,-1.6725,2.3361,560.9885,0.0219,9.6387,4060,1,0.2374382905373499,0.0,0.35
21.5861,-0.2315,9.6481,-3.1428,3.2875,1.949,-257.5154,-0.2315,9.6481,4061,2,0.5215377728546479,0.0,0.35
-39.7997,12.6855,4.8174,-246.0949,189.2402,234.5947,249.0719,-392.8962,-259.3875,4062,2,0.9999342105263159,2.0,0.61
8.7533,-10.4307,5.4375,290.4079,-174.0812,-218.3381,-685.5949,704.1042,-358.3889,4063,2,0.9988314263920671,2.0,0.79
-34.5646,-12.088,5.2984,-234.6455,-239.2955,159.6474,1501.9683,-695.4879,-99.1126,4064,2,1.0,2.0,0.84
1.6751,10.6876,3.157,-253.7022,-261.1235,-123.1646,1018.9448,-332.326,-206.654,4065,2,0.7536768398268399,2.0,0.86
-6.4844,7.6443,4.8581,201.9241,-290.6306,-194.9158,1987.5843,-886.3801,-147.7942,4066,2,0.9543044265197719,2.0,0.85
7.1217,-9.8451,3.1389,-226.586,172.5543,135.2353,-756.3401,748.7,-181.8723,4067,2,1.0,2.0,0.89
5.0468,11.9225,5.6269,-299.1277,-180.8329,115.3196,-1278.0279,-418.2843,-332.3107,4068,2,0.997891355140187,2.0,0.88
8.1727,13.8726,2.2706,-275.0452,-197.2237,-123.6531,-1335.3743,-582.4267,-133.9507,4069,2,0.9999056603773585,2.0,0.89
-32.5175,-8.623,4.3795,-221.5233,188.5368,197.4596,866.383,704.4998,-157.5797,4070,2,0.9998722830520319,2.0,0.91
-3.9605,-10.385,3.298,190.9335,-197.2101,-183.062,262.112,-306.0828,-303.2491,4071,2,0.9343044265197719,2.0,0.91
-4.6952,-10.9274,5.1176,164.4636,-208.0598,198.0175,487.2804,-646.7114,-186.921,4072,2,0.9841416122004358,2.0,0.91
21.514,-0.2168,9.3077,1.4668,1.0979,55.7325,246.9602,-0.2168,9.3077,4073,2,0.9999963132850346,2.0,0.91
-16.9669,-0.0464,9.7431,-2.6088,1.7195,93.3689,573.4905,-0.0464,9.7431,4074,2,0.813298513266901,2.0,0.91
24.2367,-0.3621,9.5352,3.4644,1.0742,60.5733,299.8087,-0.3621,9.5352,4075,2,0.9999945895783161,2.0,0.93
-15.9681,-0.0301,10.074,3.7127,1.0078,45.5626,230.2178,-0.0301,10.074,4076,2,0.7332968912945826,2.0,0.91
29.2236,0.2127,9.8701,-2.323,0.3429,113.5457,-420.3496,0.2127,9.8701,4077,2,0.96858849503325,2.0,0.93
28.5478,0.0334,9.4936,-4.1451,2.7292,44.3154,-240.0659,0.0334,9.4936,4078,2,0.943366291821034,2.0,0.94
19.0384,0.5581,9.711,0.2516,1.556,52.4595,-498.7058,0.5581,9.711,4079,2,0.9596869798817348,2.0,0.94
20.9467,0.135,9.5786,-4.7702,-0.04,36.3921,318.6179,0.135,9.5786,4080,2,0.9999945895783161,2.0,0.94
-13.0974,-0.0863,9.5287,-3.1835,1.599,78.9733,-201.8655,-0.0863,9.5287,4081,2,0.9207201617253946,2.0,0.94
19.519,-0.3948,9.6753,-4.5254,0.397,35.4262,-477.1261,-0.3948,9.6753,4082,2,0.9625653764892264,2.0,0.94
-16.2208,-0.185,9.8961,-0.0956,-0.5263,32.2849,496.5371,-0.185,9.8961,4083,2,0.7732985132669009,2.0,0.94
-12.1887,0.0593,9.763,-0.8338,-2.3355,38.2425,-566.4498,0.0593,9.763,4084,2,0.9401838289879233,2.0,0.94
-8.7846,0.1198,9.796,0.3826,-0.4527,33.0456,254.9951,0.1198,9.796,4085,2,0.7832985132669009,2.0,0.95
-15.1884,-0.1321,9.9432,1.4994,0.1566,70.9057,374.4609,-0.1321,9.9432,4086,2,0.813298513266901,2.0,0.95
25.3914,0.0898,10.025,-6.5578,-1.919,78.3551,368.5105,0.0898,10.025,4087,2,0.9999929676059978,2.0,0.95
32.1658,0.0112,10.1782,-2.9387,2.9106,53.6845,516.8161,0.0112,10.1782,4088,2,0.9999929676059978,2.0,0.95
21.5468,-0.3545,10.339,0.4731,-0.1451,101.7362,-363.011,-0.3545,10.339,4089,2,0.9695104247445465,2.0,0.95
31.0505,-0.2156,9.6865,0.6607,-0.2583,73.5145,-565.2397,-0.2156,9.6865,4090,2,0.9727990213490394,2.0,0.95
-14.131,-0.2449,9.8919,5.4179,4.5746,58.099,363.0326,-0.2449,9.8919,4091,2,0.808004395619842,2.0,0.95
-16.4929,0.2575,9.866,-5.5472,-0.7709,64.6357,-481.0016,0.2575,9.866,4092,2,0.9373093701134646,2.0,0.95
-9.3524,0.2814,9.6817,-0.7,-2.2302,45.2371,-411.629,0.2814,9.6817,4093,2,0.952268244572339,2.0,0.95
19.7476,0.1809,9.8563,-6.1555,-1.6039,69.4617,-244.4453,0.1809,9.8563,4094,2,0.94705050234735,2.0,0.95
25.0389,0.2216,9.9057,-3.8945,1.8474,54.2234,424.6041,0.2216,9.9057,4095,2,0.9999945895783161,2.0,0.95
22.0061,-0.0326,9.9145,-2.3675,-1.2669,72.2182,-229.7715,-0.0326,9.9145,4096,2,0.9595918395148553,2.0,0.95
18.5244,0.016,9.8533,2.648,-0.9835,20.522,-306.1613,0.016,9.8533,4097,2,0.9112924637078066,2.0,0.95
26.4955,-0.3655,10.0068,0.0203,-1.9002,77.6825,537.1432,-0.3655,10.0068,4098,2,0.9999945895783161,2.0,0.95
32.2171,-0.4536,9.6891,-0.8056,1.8935,48.9775,319.126,-0.4536,9.6891,4099,2,0.9999945895783161,2.0,0.95
29.5419,0.1543,9.8483,-1.3783,-1.6345,52.0741,-230.5953,0.1543,9.8483,4100,2,0.957284147207163,2.0,0.95
-12.0183,0.2478,9.5181,4.2239,1.6325,75.0389,-592.2745,0.2478,9.5181,4101,2,0.93685049565459,2.0,0.95
-22.1813,0.1749,9.8278,1.7595,0.4438,9.495,-214.023,0.1749,9.8278,4102,1,0.24703617251029883,2.0,0.95
-9.7725,0.2747,9.7355,3.8621,-1.7228,68.6212,502.5075,0.2747,9.7355,4103,2,0.8232810511015924,2.0,0.96
-13.871,-0.4509,10.0395,-5.3019,-3.9028,36.9229,-375.3921,-0.4509,10.0395,4104,2,0.942478487489517,2.0,0.96
-20.453,-0.3782,9.6137,-0.2672,1.4622,69.0916,460.5907,-0.3782,9.6137,4105,2,0.813276241551979,2.0,0.96
28.2732,-0.4104,9.844,3.4112,-4.9636,76.5485,294.8589,-0.4104,9.844,4106,2,0.9999945895783161,2.0,0.96
27.7283,0.1884,10.0088,-0.2894,5.4304,75.9081,-330.1494,0.1884,10.0088,4107,2,0.9602376178402673,2.0,0.96
27.498,0.1633,9.8412,-3.0432,2.3086,61.1868,-451.232,0.1633,9.8412,4108,2,0.9683548501734368,2.0,0.96
25.5021,0.0836,9.9395,-4.1753,-4.3735,50.8304,545.3427,0.0836,9.9395,4109,2,0.9999945895783161,2.0,0.96
-12.4021,0.3095,9.749,5.0586,1.8845,30.1395,310.6583,0.3095,9.749,4110,2,0.7732985132669009,2.0,0.96
-22.199,-0.3009,9.6708,-1.7686,4.9863,36.505,221.047,-0.3009,9.6708,4111,2,0.735394101502195,2.0,0.96
-18.1941,0.2851,9.6865,-1.6483,3.9252,54.5133,513.0943,0.2851,9.6865,4112,2,0.7832985132669009,2.0,0.96
21.5857,0.1142,9.7815,-2.8112,1.4032,63.5222,-592.7539,0.1142,9.7815,4113,2,0.9683548501734368,2.0,0.94
-10.1219,0.274,9.5704,2.7448,4.5401,74.5554,516.1069,0.274,9.5704,4114,2,0.8180043956198421,2.0,0.93
32.135,0.1141,9.4735,-2.9607,2.7489,63.869,-451.5337,0.1141,9.4735,4115,2,0.9500039729804542,2.0,0.92
-17.2541,0.0886,9.6612,-2.5652,0.832,57.6578,-210.2165,0.0886,9.6612,4116,2,0.9184124694177023,2.0,0.92
23.4335,-0.5472,9.7046,3.7713,2.2772,59.7168,267.8437,-0.5472,9.7046,4117,2,0.9999945895783161,2.0,0.91
-11.8181,0.234,10.3132,2.4494,-1.7338,60.2257,515.2045,0.234,10.3132,4118,2,0.7476699677067138,2.0,0.91
-20.8962,-0.3578,9.7318,9.2068,2.3217,46.8391,373.0504,-0.3578,9.7318,4119,2,0.7585867040877753,2.0,0.9
24.8098,-0.0733,9.8523,-0.5603,3.3512,88.4631,250.6927,-0.0733,9.8523,4120,2,0.9999945895783161,2.0,0.89
-17.7908,-0.2666,10.087,1.3667,1.6622,15.3795,391.2151,-0.2666,10.087,4121,2,0.5690161057344174,2.0,0.85
23.4767,-0.2818,9.7926,-1.5651,-2.4234,55.9399,-447.7481,-0.2818,9.7926,4122,2,0.9727990213490394,2.0,0.94
-5.1901,0.0666,9.6135,-0.3704,-5.1248,75.6696,-199.9246,0.0666,9.6135,4123,2,0.9505994140520154,2.0,0.95
22.6091,0.3443,9.8787,-3.2731,1.4374,36.0911,-216.7559,0.3443,9.8787,4124,2,0.95705050234735,2.0,0.95
-9.4279,-0.2096,9.9071,7.149,0.7191,45.3919,-379.0338,-0.2096,9.9071,4125,2,0.9533756606655303,2.0,0.95
30.0088,0.2335,9.7884,-5.4521,4.0605,47.1734,577.0395,0.2335,9.7884,4126,2,0.9999945895783161,2.0,0.95
25.9719,-0.1127,9.4641,-3.6924,-3.5968,46.0185,-207.4887,-0.1127,9.4641,4127,2,0.948902054304165,2.0,0.95
24.2758,-0.1204,9.9634,6.3022,-2.1953,73.5056,312.4721,-0.1204,9.9634,4128,2,0.9999945895783161,2.0,0.95
26.4762,-0.6268,9.8971,-1.332,-2.8654,76.633,253.6673,-0.6268,9.8971,4129,2,0.9999945895783161,2.0,0.95
-14.0049,-0.1457,9.8001,-2.5333,-3.9386,53.9484,291.3152,-0.1457,9.8001,4130,2,0.7732810511015924,2.0,0.95
-10.6206,-0.1417,9.653,0.4176,1.2663,79.7365,515.1283,-0.1417,9.653,4131,2,0.8232985132669008,2.0,0.96
21.3661,0.0555,10.0945,1.2633,4.5147,64.6273,-580.463,0.0555,10.0945,4132,2,0.9632359958679492,2.0,0.96
-18.5729,-0.4106,9.6723,-0.8022,2.6116,74.1595,354.1965,-0.4106,9.6723,4133,2,0.813276241551979,2.0,0.96
-6.7067,0.4805,9.5186,1.3228,-2.1568,54.9737,-537.017,0.4805,9.5186,4134,2,0.952268244572339,2.0,0.96
29.0407,-0.1478,9.7747,-2.5492,3.359,58.6956,439.6253,-0.1478,9.7747,4135,2,0.9999945895783161,2.0,0.96
-13.7395,0.7153,9.9293,1.2205,-1.2785,32.4481,-225.8586,0.7153,9.9293,4136,2,0.89716891047473,2.0,0.96
22.6009,0.2863,9.8182,3.7732,1.6644,72.1289,488.5681,0.2863,9.8182,4137,2,0.9999945895783161,2.0,0.96
-19.5687,0.1803,10.0471,4.2619,1.8307,50.0601,-287.8051,0.1803,10.0471,4138,2,0.940182207015605,2.0,0.96
31.5687,-0.2313,10.0907,-3.3645,3.3874,14.9963,275.2302,-0.2313,10.0907,4139,2,0.9999949361116829,2.0,0.96
-12.1164,0.0546,9.7798,4.6132,4.8914,85.4838,-487.1176,0.0546,9.7798,4140,2,0.9221838289879233,2.0,0.96
-17.3392,0.2391,9.9732,6.7722,-1.5909,75.2138,472.1533,0.2391,9.9732,4141,2,0.8214628692834107,2.0,0.96
27.8766,-0.0881,9.5494,0.2348,2.3821,75.7393,359.2852,-0.0881,9.5494,4142,2,0.9999945895783161,2.0,0.96
21.3937,-0.0612,9.9543,-5.5875,-4.9061,64.0413,-287.9206,-0.0612,9.9543,4143,2,0.9620390606997526,2.0,0.96
30.2874,0.1451,9.8362,6.3068,2.3596,49.6257,410.1844,0.1451,9.8362,4144,2,0.9999945895783161,2.0,0.96
22.871,0.0329,9.1902,-4.146,2.8911,30.5326,382.5856,0.0329,9.1902,4145,2,0.9999963132850346,2.0,0.96
28.4083,-0.1777,9.9444,-0.6288,-1.056,71.1317,313.4684,-0.1777,9.9444,4146,2,0.9999945895783161,2.0,0.96
29.8759,-0.1816,10.0345,4.2392,2.1676,20.0375,289.7608,-0.1816,10.0345,4147,2,0.9999929676059978,2.0,0.96
24.8014,-0.6053,9.6494,2.2637,4.8396,67.7411,-537.0581,-0.6053,9.6494,4148,2,0.9644481441560567,2.0,0.96
27.6384,-0.0069,9.673,2.196,-1.9061,21.7892,535.499,-0.0069,9.673,4149,2,0.9999945895783161,2.0,0.96
-15.8547,0.2916,9.5924,4.1538,1.2205,56.661,543.2848,0.2916,9.5924,4150,2,0.8032985132669009,2.0,0.96
-15.6248,-0.0471,9.9093,0.7059,-0.9729,70.4802,573.2335,-0.0471,9.9093,4151,2,0.8132810511015924,2.0,0.96
-15.8404,-0.2583,9.7477,0.8149,-0.5058,56.0303,-248.8604,-0.2583,9.7477,4152,2,0.934830787941284,2.0,0.96
23.3398,-0.2911,9.8803,-1.9602,2.0784,53.885,-264.7682,-0.2911,9.8803,4153,2,0.9727990213490394,2.0,0.95
25.0318,0.2255,9.8427,-0.642,-1.9252,69.9225,486.6061,0.2255,9.8427,4154,2,0.9999945895783161,2.0,0.95
16.251,0.242,9.729,-1.442,0.4839,39.0609,-593.3342,0.242,9.729,4155,2,0.96858849503325,2.0,0.95
-16.3747,-0.2292,9.6458,-0.7937,-0.9954,71.9545,280.9853,-0.2292,9.6458,4156,2,0.8132810511015924,2.0,0.95
16.8561,-0.18,9.9754,1.0533,-3.8346,40.7721,-562.3854,-0.18,9.9754,4157,2,0.9727990213490394,2.0,0.95
23.0254,-0.0896,9.5838,-5.6173,-0.5787,28.4528,219.7431,-0.0896,9.5838,4158,2,0.9999945895783161,2.0,0.95
-20.9216,0.1022,9.8489,2.3309,0.1744,41.3118,496.5492,0.1022,9.8489,4159,2,0.7732985132669009,2.0,0.95
24.8803,0.7019,9.5577,2.1067,-0.9472,66.4472,-200.5113,0.7019,9.5577,4160,2,0.9354443443101856,2.0,0.95
26.4133,0.0038,9.8411,1.5472,0.1711,52.8575,578.6357,0.0038,9.8411,4161,2,0.9999945895783161,2.0,0.95
-14.096,-0.1888,9.7504,-4.8371,3.6489,33.0624,268.9969,-0.1888,9.7504,4162,2,0.7732706387024411,2.0,0.95
-19.1991,-0.5877,9.4906,1.1332,-0.4887,24.4112,580.205,-0.5877,9.4906,4163,2,0.7766850745317231,2.0,0.95
21.8341,-0.4153,10.1997,8.3923,-1.3096,33.5376,436.9983,-0.4153,10.1997,4164,2,0.9999966543209632,2.0,0.95
-18.1893,-0.0204,9.8657,-0.4926,-3.1559,34.5445,407.0398,-0.0204,9.8657,4165,2,0.7732810511015924,2.0,0.95
23.5363,0.0735,9.7309,-3.5893,-3.2324,76.5916,580.4001,0.0735,9.7309,4166,2,0.9999945895783161,2.0,0.95
13.4214,0.2613,9.7753,-4.69,-1.8895,19.0216,473.8885,0.2613,9.7753,4167,2,0.9999945895783161,2.0,0.95
16.8895,-0.1116,9.943,1.4823,-0.8934,85.0685,-216.7039,-0.1116,9.943,4168,2,0.9638023658306447,2.0,0.95
-13.809,-0.0945,9.8453,-0.0593,2.6216,32.6292,-441.9263,-0.0945,9.8453,4169,2,0.9443943553037127,2.0,0.95
25.3905,0.1302,9.9678,2.0226,-2.9318,66.0327,231.0997,0.1302,9.9678,4170,2,0.9999945895783161,2.0,0.95
27.0137,-0.273,10.1316,0.133,2.7318,63.1453,575.7433,-0.273,10.1316,4171,2,0.9999929676059978,2.0,0.95
27.8389,0.411,9.8327,2.998,-2.8105,79.5668,587.0415,0.411,9.8327,4172,2,0.9999945895783161,2.0,0.95
22.3513,0.3629,9.3926,1.5994,-4.1804,73.3811,317.0765,0.3629,9.3926,4173,2,0.9999945895783161,2.0,0.94
-14.8309,0.1465,9.7068,4.373,-0.6488,13.5815,-373.1094,0.1465,9.7068,4174,2,0.589505830506312,2.0,0.94
-18.965,-0.3394,9.6857,-1.6686,-4.3079,50.5918,-339.2421,-0.3394,9.6857,4175,2,0.9443943553037127,2.0,0.93
-16.3242,-0.2035,9.6322,-5.4487,7.2833,70.9945,597.3538,-0.2035,9.6322,4176,2,0.804405816814517,2.0,0.93
-12.2088,0.0556,9.5871,-1.2717,-3.0684,32.8897,-218.0467,0.0556,9.5871,4177,2,0.9206202616254946,2.0,0.93
20.0784,-0.14,9.6792,5.2197,-0.5441,79.6525,-302.2779,-0.14,9.6792,4178,2,0.9727990213490394,2.0,0.93
26.0971,0.1094,10.1067,3.7926,-5.3683,56.9765,-477.2031,0.1094,10.1067,4179,2,0.9706044169205806,2.0,0.93
-13.2813,-0.075,9.6455,-1.4253,2.5105,28.9302,607.5927,-0.075,9.6455,4180,2,0.7732985132669009,2.0,0.93
-15.0206,-0.121,10.0082,-1.6981,6.0232,41.3189,377.4825,-0.121,10.0082,4181,2,0.7750607681688616,2.0,0.92
-13.3211,0.2749,10.3397,0.4387,-0.0301,79.9072,302.714,0.2749,10.3397,4182,2,0.7470510926402893,2.0,0.93
-9.395,-0.7412,9.8317,2.252,-3.7452,46.6454,-543.0081,-0.7412,9.8317,4183,2,0.9327232094408276,2.0,0.94
-14.8439,0.3794,9.9091,1.085,-1.8041,51.8673,553.7945,0.3794,9.9091,4184,2,0.7732810511015924,2.0,0.92
21.8952,-0.0385,9.2108,-0.4844,4.9405,16.0466,-473.9063,-0.0385,9.2108,4185,2,0.813661712336466,2.0,0.92
-18.147,-0.1003,9.8189,1.1342,0.9324,44.5837,-588.5107,-0.1003,9.8189,4186,2,0.9443943553037127,2.0,0.92
