ax,ay,az,gx,gy,gz,hg_ax,hg_ay,hg_az,t_ms,p1_label,p1_crash,p2_label,p2_crash
0.4706,0.135,9.6575,-1.3622,-0.3647,1.1539,0.4484,0.1221,9.6268,1,0,0.15370659276867144,,
-0.6524,0.2188,10.071,-1.5032,-0.7624,-3.595,-0.5995,0.2539,9.9924,2,0,0.1537691488359536,,
0.1696,0.2925,10.1378,-2.4657,1.4568,-2.7001,0.1976,0.2607,10.2116,3,0,0.15262407051682947,,
0.4173,-0.1022,9.9465,-0.3517,-2.6202,0.6747,0.3519,-0.1526,9.8758,4,0,0.15370659276867144,,
-0.0359,-0.6338,10.0344,0.4486,-5.8334,-0.3083,0.0711,-0.6136,10.0799,5,0,0.15337773884868683,,
-0.0404,0.3178,9.8817,-1.9487,4.1324,-2.2431,-0.0764,0.2987,9.8579,6,0,0.15370659276867144,,
-0.2908,-0.1289,9.7968,1.138,0.2315,-2.5953,-0.3099,-0.188,9.7987,7,0,0.15370659276867144,,
-0.4638,0.1038,9.8879,-0.5853,-2.7149,3.6176,-0.4514,0.1759,9.8559,8,0,0.15370659276867144,,
-0.3309,0.2428,9.9819,-1.771,-0.5211,2.3696,-0.3599,0.2526,9.9369,9,0,0.15370659276867144,,
-0.0482,-0.1885,9.4698,0.82,3.9979,1.4481,-0.0424,-0.276,9.5243,10,0,0.15370659276867144,,
0.1209,-0.0042,9.9221,-5.4378,0.8651,-3.822,0.1551,0.0042,9.8564,11,0,0.15370659276867144,,
-0.1171,0.0649,9.8132,2.5739,-1.5457,3.2043,-0.087,0.098,9.8132,12,0,0.15370659276867144,,
-0.2105,0.1219,9.8716,-1.0376,1.5966,0.7607,-0.1396,0.1408,9.8564,13,0,0.15370659276867144,,
-0.0426,0.3562,9.7715,1.6672,-6.0112,2.4804,0.0096,0.2979,9.7334,14,0,0.15370659276867144,,
0.1579,-0.3514,10.1224,1.5446,-1.5736,-1.8692,0.1763,-0.3778,10.1964,15,0,0.15332031675608063,,
0.2966,0.1942,9.8097,-0.5303,-0.8817,3.6217,0.3028,0.1164,9.7812,16,0,0.15370659276867144,,
-0.125,-0.3868,9.8537,-0.6457,-1.3761,-0.3273,-0.099,-0.3866,9.9093,17,0,0.15370659276867144,,
-0.1604,-0.066,9.6225,-1.8917,4.8403,3.3817,-0.1233,-0.0485,9.5567,18,0,0.15370659276867144,,
0.4344,0.0614,10.0188,-2.2922,0.2698,2.2025,0.4761,0.0294,9.9071,19,0,0.15370659276867144,,
0.1651,-0.0471,9.5962,3.16,3.9577,2.0458,0.1399,-0.004,9.5937,20,0,0.15370659276867144,,
0.2034,0.3698,9.6692,0.2308,-1.4603,0.7496,0.1768,0.3424,9.6673,21,0,0.15370659276867144,,
-0.0166,0.6271,9.6814,-1.3844,2.1893,-4.1006,-0.0616,0.6879,9.7762,22,0,0.1504290645049972,,
-0.0544,0.1408,9.9447,-1.5111,3.3594,3.4892,-0.1203,0.0592,9.9669,23,0,0.15370659276867144,,
0.1261,0.2399,9.7655,1.643,-2.194,-5.9987,0.1649,0.2298,9.7395,24,0,0.15370659276867144,,
-0.3849,-0.0984,9.437,-0.0021,-0.4887,1.8749,-0.4257,-0.0185,9.4139,25,0,0.152691395331968,,
0.1878,0.1383,9.5588,5.2486,3.449,-0.8961,0.2334,0.1175,9.5684,26,0,0.15370659276867144,,
-0.164,0.4345,9.6645,5.2285,-3.1548,3.5029,-0.0516,0.5087,9.6341,27,0,0.15370659276867144,,
-0.3855,-0.027,9.5198,-0.7504,-0.8887,-6.0089,-0.3646,-0.0999,9.5314,28,0,0.15370659276867144,,
0.2565,0.0236,9.6818,-1.2446,-0.1906,2.1649,0.3162,0.0086,9.7202,29,0,0.15370659276867144,,
-0.6917,0.1347,9.7574,0.1448,-1.0629,3.026,-0.6917,0.1136,9.7289,30,0,0.1585856003114211,,
-0.1679,0.1063,9.9304,1.8065,5.5195,-0.8342,-0.2327,0.1543,9.9322,31,0,0.15370659276867144,,
-0.0768,-0.0774,9.798,4.4631,-2.3674,0.9941,-0.1067,0.0231,9.8568,32,0,0.15370659276867144,,
-0.2889,-0.3439,9.7445,-4.0415,-0.1113,-2.2106,-0.3757,-0.4068,9.7961,33,0,0.15370659276867144,,
-0.3047,0.1281,9.5194,-3.3536,0.5051,0.573,-0.3683,0.151,9.4597,34,0,0.15370659276867144,,
0.2924,-0.1527,9.8522,-0.6231,-1.1493,-1.7276,0.2119,-0.1571,9.8049,35,0,0.15370659276867144,,
0.3078,-0.0906,9.9314,1.3566,1.0562,-2.7576,0.3722,-0.0747,9.9597,36,0,0.15370659276867144,,
0.2064,0.0743,9.7135,2.7259,-0.1666,-1.8387,0.2448,0.1183,9.6908,37,0,0.15370659276867144,,
-0.3269,-0.0445,9.5116,0.0692,4.0979,-5.6715,-0.3249,-0.0867,9.5926,38,0,0.15370659276867144,,
0.0923,0.2599,9.7417,-1.1833,-0.7883,4.7696,0.1584,0.217,9.6576,39,0,0.15370659276867144,,
0.0357,-0.5448,9.9093,2.7107,-1.7513,0.0522,0.0721,-0.6183,9.9015,40,0,0.1429015393159153,,
0.3539,0.773,9.3364,2.3955,3.997,-0.6478,0.3427,0.8229,9.3783,41,0,0.10748506562766966,,
-0.0105,-0.2905,9.7199,2.5656,-1.6147,4.1965,0.0052,-0.3129,9.704,42,0,0.15370659276867144,,
-0.1532,-0.344,9.7616,-1.3324,-4.1236,-0.5502,-0.174,-0.3547,9.6847,43,0,0.15370659276867144,,
-0.3214,-0.4151,9.9243,2.2417,3.5069,0.766,-0.42,-0.4556,9.985,44,0,0.15370659276867144,,
-0.0882,0.6101,9.7068,0.7112,-1.7296,9.7136,-0.0714,0.6698,9.7742,45,0,0.14792517171125796,,
-0.1782,0.0202,9.5851,3.1064,-3.3413,1.3128,-0.1527,-0.0764,9.521,46,0,0.15370659276867144,,
-0.4019,-0.3206,9.701,0.4541,-5.6221,-3.0449,-0.3701,-0.329,9.7681,47,0,0.15370659276867144,,
0.5474,-0.1054,9.4825,1.1382,-5.2685,1.1678,0.548,-0.1297,9.4649,48,0,0.15361879978792273,,
-0.0005,-0.539,9.8565,2.446,-2.0917,0.2724,0.0512,-0.5904,9.8351,49,0,0.15360476376730087,,
-0.325,0.2219,9.8558,-1.2266,-3.9564,1.2073,-0.2471,0.1693,9.8069,50,0,0.15370659276867144,0.0,0.008092572948718312
0.3297,0.1878,10.2084,-6.2485,3.7288,1.6285,0.3204,0.1449,10.2406,51,0,0.15248418002409742,0.0,0.012399192859768603
0.2214,0.0144,9.8163,-2.1012,-4.0189,-2.7105,0.2016,0.0134,9.7668,52,0,0.15370659276867144,0.0,0.014110418584333689
0.1714,0.1827,10.0638,1.9081,-2.4952,-0.1982,0.1619,0.0912,10.0158,53,0,0.15370659276867144,0.0,0.014046493485291802
0.5985,-0.3673,9.7927,-2.4908,1.9047,3.8749,0.5908,-0.38,9.762,54,0,0.15522247095773994,0.0,0.012670931990203386
-0.0013,-0.4415,9.7757,0.483,4.3537,-2.1377,-0.0335,-0.4742,9.7893,55,0,0.15370659276867144,0.0,0.012825571165461118
0.1571,0.0712,9.6499,0.3696,-3.7572,0.6187,0.1753,0.1057,9.6902,56,0,0.15370659276867144,0.0,0.012825571165461118
-0.2983,-0.0669,10.1758,-1.2384,1.4388,-1.2982,-0.295,-0.0644,10.1446,57,0,0.15370659276867144,0.0,0.022553832035026332
-0.4817,0.2436,9.8028,5.8469,-2.6708,1.3611,-0.47,0.2821,9.8261,58,0,0.15370659276867144,0.0,0.013726806187060363
-0.4461,0.3294,9.6564,1.622,1.7671,-1.0058,-0.4225,0.4146,9.6167,59,0,0.15370659276867144,0.0,0.013726806187060363
0.5619,-0.086,9.7961,2.9297,0.6877,-8.9743,0.4908,-0.1002,9.8478,60,0,0.1501038560573929,0.0,0.023672219819299806
0.0889,0.028,9.6544,-0.93,1.8495,-0.5014,0.061,0.1371,9.6643,61,0,0.15370659276867144,0.0,0.013672219819299803
0.5282,-0.5954,9.5243,-7.3166,1.552,-1.3713,0.4634,-0.6072,9.4616,62,0,0.15044708806392956,0.0,0.02381110870818869
-0.2639,-0.1789,9.7576,0.8921,3.8372,4.2826,-0.2771,-0.1412,9.7024,63,0,0.15370659276867144,0.0,0.032839665566934226
0.3194,-0.3715,10.1738,-7.6212,-1.598,-1.5008,0.2546,-0.4081,10.1729,64,0,0.1519533231313492,0.0,0.023245070972339636
0.1659,-0.1677,10.2927,-3.7749,-1.5704,3.0195,0.1374,-0.2327,10.2944,65,0,0.1527458351177236,0.0,0.01380602711021885
-0.3098,0.3052,10.0427,1.6827,0.1101,0.4732,-0.2723,0.2447,9.9536,66,0,0.15370659276867144,0.0,0.01380602711021885
0.1781,0.1771,9.7621,-0.8482,2.3883,-1.6967,0.1673,0.1497,9.7465,67,0,0.15370659276867144,0.0,0.0038060271102188493
-0.0516,0.5355,9.8473,1.4507,4.3792,2.8113,-0.0681,0.5448,9.7752,68,0,0.15355074445237718,0.0,0.003726085249753732
0.0177,-0.0688,9.8507,-3.0144,2.8246,1.3319,-0.1042,-0.0638,9.8258,69,0,0.15370659276867144,0.0,0.0038060271102188493
0.1561,-0.3075,9.8204,1.1398,1.5364,4.5107,0.1426,-0.2925,9.8784,70,0,0.15370659276867144,0.0,0.013119148833568762
-0.0875,0.7064,9.5705,-2.2267,0.3738,3.5673,-0.0629,0.6663,9.6137,71,0,0.15309497375261916,0.0,0.013119148833568762
0.5505,-0.0055,9.8823,-5.2519,-4.5924,3.2084,0.6153,-0.0418,9.8602,72,0,0.15488821094857297,0.0,0.02276546014221692
-0.2794,-0.2434,10.0671,0.1951,1.9581,-0.2162,-0.3758,-0.2433,10.119,73,0,0.15370659276867144,0.0,0.033119148833568764
0.0288,0.0055,9.9943,0.6389,1.7928,-0.9481,0.0151,-0.0937,9.9861,74,0,0.15370659276867144,0.0,0.033119148833568764
0.1364,0.124,10.0039,-0.6951,-1.1913,4.8587,0.094,0.1539,9.9728,75,0,0.15370659276867144,0.0,0.04311914883356875
0.1085,-0.2499,9.742,4.1123,-4.7387,-1.8251,0.1125,-0.1868,9.7495,76,0,0.15370659276867144,0.0,0.033119148833568764
0.0949,-0.0777,10.2126,-5.2563,1.4843,1.4168,0.1261,-0.0392,10.2061,77,0,0.15262407051682947,0.0,0.05186914883356875
-0.2591,0.129,9.7055,0.9261,-3.0036,1.3515,-0.2365,0.2019,9.689,78,0,0.15370659276867144,0.0,0.05186914883356875
0.0697,0.0554,9.7748,5.2669,-0.2155,-3.6078,0.1185,0.0204,9.7695,79,0,0.15370659276867144,0.0,0.05186914883356875
0.0802,0.0903,9.6925,1.8281,-0.1481,0.1163,0.017,0.0169,9.688,80,0,0.15370659276867144,0.0,0.05285662967158613
0.3264,0.0183,9.9405,-3.9004,0.3694,3.2649,0.3018,0.006,9.8978,81,0,0.15370659276867144,0.0,0.024473284628108202
-0.0548,0.0162,9.8055,-0.4438,2.0109,-1.3924,-0.1198,-0.0546,9.8792,82,0,0.15370659276867144,0.0,0.024473284628108202
0.1425,0.0386,9.8222,-5.0751,-0.0788,2.0692,0.2299,0.01,9.8176,83,0,0.15370659276867144,0.0,0.024473284628108202
-0.1677,-0.7319,10.0582,-2.3868,-2.0476,-1.6644,-0.0123,-0.7108,10.0333,84,0,0.1519636947063038,0.0,0.0250390678620146
-0.3989,-0.3928,9.7637,-1.5336,1.4296,-4.4937,-0.4517,-0.4233,9.6889,85,0,0.15370659276867144,0.0,0.0250390678620146
0.1118,-0.5832,9.7668,1.2981,2.313,0.6426,0.0837,-0.5602,9.7069,86,0,0.15366621418353923,0.0,0.02544447326742001
0.5791,0.5206,10.0815,5.6367,-0.9585,-6.4333,0.7292,0.6044,10.0378,87,0,0.1365813162231724,0.0,0.01257207051807585
-0.0477,-0.0316,10.0834,0.3159,-0.3876,-1.7884,-0.0789,-0.0501,10.1089,88,0,0.15370659276867144,0.0,0.025039067862014607
-0.1464,0.024,9.8323,2.5774,2.0153,-0.2109,-0.1135,0.0872,9.7407,89,0,0.15370659276867144,0.0,0.025039067862014607
0.2948,-0.1336,10.2007,-0.5461,-4.2622,-2.6356,0.3229,-0.1471,10.1817,90,0,0.1533321728497886,0.0,0.015077902813470913
0.7181,-0.1175,10.1104,0.8164,-1.2168,0.0009,0.6798,-0.1624,10.0796,91,0,0.15554206470249757,0.0,0.0029267648954215807
0.2948,-0.0837,9.8734,-3.5169,2.556,5.7839,0.3152,-0.0957,9.8779,92,0,0.15370659276867144,0.0,0.0027878760065326923
0.55,-0.1723,9.8456,-4.7267,0.3688,-0.1495,0.5188,-0.1933,9.8543,93,0,0.15361879978792273,0.0,0.0028267109579890024
0.0329,-0.0729,9.9449,2.1867,-0.254,0.278,-0.1254,-0.0576,9.9514,94,0,0.15370659276867144,0.0,0.0021445827178798622
-0.1239,-0.1231,9.9544,0.807,-1.1468,1.6309,-0.0905,-0.1512,9.9574,95,0,0.15370659276867144,0.0,0.011692285476952622
0.3371,0.2528,9.6869,3.2805,1.9174,5.8777,0.3613,0.2644,9.613,96,0,0.15370659276867144,0.0,0.0026163414279051374
-0.0016,-0.0092,9.71,2.5215,-0.3413,-3.1455,-0.0115,-0.0072,9.7323,97,0,0.15370659276867144,0.0,0.0021344137170617636
0.2276,0.1193,9.779,-4.107,-1.6315,2.178,0.1564,0.1122,9.7933,98,0,0.15370659276867144,0.0,0.0336495217386749
-0.3772,0.0856,10.0151,7.9302,0.7563,0.0048,-0.4055,0.0559,9.9787,99,0,0.14351847075552834,0.0,0.056810647650864306
0.3964,-0.3955,9.7585,-0.8486,-9.5452,1.6198,0.3814,-0.3875,9.7451,100,0,0.14843464506915963,0.0,0.051514896393277276
-0.2043,0.1592,9.4841,-5.2203,0.3754,-2.5957,-0.1726,0.1572,9.4389,101,0,0.1534046229755623,0.0,0.042929893825223865
0.2152,-0.0344,9.7501,2.7829,-4.3333,5.1307,0.2042,0.0237,9.7644,102,0,0.15370659276867144,0.0,0.04247534837067841
-0.617,0.3885,9.8332,-2.4028,-9.3546,-2.6602,-0.6867,0.3586,9.8506,103,0,0.13809867173944138,0.0,0.031226905427691007
0.0858,-0.2732,9.9515,-0.9468,-5.8052,-3.2031,0.0492,-0.2404,9.9698,104,0,0.15370659276867144,0.0,0.02122690542769101
0.5212,0.014,9.8367,-1.611,-1.2168,6.6246,0.5147,0.029,9.7726,105,0,0.15314501477372658,0.0,0.08198327939590076
0.2695,0.0671,9.6377,-0.0517,-0.432,5.2594,0.2864,0.049,9.5839,106,0,0.15370659276867144,0.0,0.06198327939590076
0.3155,-0.0032,9.7733,4.3102,0.5918,0.0704,0.2876,-0.0841,9.7411,107,0,0.15370659276867144,0.0,0.0732598751405816
-0.0411,-0.1557,9.8157,-1.1115,3.7294,-0.9736,-0.0337,-0.1928,9.8197,108,0,0.15370659276867144,0.0,0.07198327939590075
-0.0231,-0.1249,9.8592,-0.5389,-3.0993,-1.1005,-0.0128,-0.052,9.8233,109,0,0.15370659276867144,0.0,0.07436423177685313
0.1746,0.4662,9.7449,-0.8591,-5.3283,-2.6461,0.1822,0.3893,9.7081,110,0,0.15370659276867144,0.0,0.0936165316015594
0.1334,-0.4044,9.8319,-3.1007,6.3418,3.1396,0.1165,-0.4863,9.7875,111,0,0.15370659276867144,0.0,0.07300959518537443
0.3745,-0.4761,10.2695,-5.4633,0.3198,-2.9587,0.2669,-0.4207,10.2501,112,0,0.1526504524297057,0.0,0.06300959518537444
0.3784,0.0725,9.9622,2.0033,0.8788,-0.1029,0.3704,-0.0062,10.0083,113,0,0.15370659276867144,0.0,0.07489312734624026
-0.2797,0.2307,10.0746,-3.9404,-0.2158,4.9649,-0.2613,0.2663,10.0886,114,0,0.15370659276867144,0.0,0.07384908974109429
-0.5215,0.2975,9.5729,3.6605,2.4975,-2.0725,-0.4598,0.2741,9.5646,115,0,0.15370659276867144,0.0,0.0650598216737026
0.1014,0.0185,9.7884,3.8176,1.1912,5.8496,0.1139,0.035,9.7362,116,0,0.15370659276867144,0.0,0.08325987514058161
0.0508,-0.2648,9.4075,-2.7191,-2.0615,3.3123,0.1205,-0.2925,9.4247,117,0,0.152968620356603,0.0,0.05198327939590076
-0.1908,0.7185,9.774,0.9867,-0.8983,1.9573,-0.2731,0.5846,9.765,118,0,0.1537995986218718,0.0,0.06325987514058161
0.2717,-0.3087,9.5627,-2.4931,2.1099,-2.2918,0.2679,-0.2702,9.5143,119,0,0.15370659276867144,0.0,0.07297416085486733
0.1915,0.0258,10.0425,1.4726,3.605,1.2331,0.1983,0.0718,10.0035,120,0,0.15370659276867144,0.0,0.06325987514058161
-0.4532,-0.2748,9.593,-0.5372,2.7527,-0.594,-0.433,-0.2967,9.4516,121,0,0.1534046229755623,0.0,0.08297416085486732
0.1179,-0.134,9.5416,3.7865,1.6271,1.2053,0.0596,-0.02,9.6165,122,0,0.15370659276867144,0.0,0.06872065372606537
-0.0419,0.0665,9.9563,3.4457,1.4249,-1.0541,-0.0367,0.1765,9.8604,123,0,0.15370659276867144,0.0,0.07333081731584512
0.473,0.3459,9.727,-0.4164,1.5755,4.3787,0.4634,0.3079,9.6762,124,0,0.15370659276867144,0.0,0.07169756511018648
0.2955,-0.1372,9.7956,-0.6286,-3.8162,4.5034,0.2412,-0.1333,9.8141,125,0,0.15370659276867144,0.0,0.07169756511018648
-0.3101,0.5639,9.7038,6.8821,1.5521,-8.0726,-0.2715,0.5618,9.6663,126,0,0.1497436203360074,0.0,0.052974160854867315
0.0179,0.4647,9.7632,0.1039,1.8941,2.4306,0.0389,0.4571,9.8177,127,0,0.15370659276867144,0.0,0.03297416085486732
0.0812,0.321,9.8994,3.5993,4.8365,2.9072,0.1083,0.3035,9.9001,128,0,0.15370659276867144,0.0,0.03297416085486732
-0.414,0.5766,9.6764,-1.8608,-0.1803,-1.0952,-0.43,0.5946,9.6762,129,0,0.15318370441863025,0.0,0.011128922759629225
-0.0206,-0.0526,9.7007,5.4696,-5.0594,-3.0542,-0.0743,-0.0475,9.7662,130,0,0.15370659276867144,0.0,0.02112892275962923
0.1836,0.3126,9.6595,-1.6864,3.48,-0.6096,0.1414,0.3145,9.5675,131,0,0.15370659276867144,0.0,0.009852327014948375
0.232,0.0885,9.7241,2.1502,-3.2227,0.8979,0.2582,0.1999,9.7665,132,0,0.15370659276867144,0.0,0.00013804130066265988
0.0974,-0.1014,9.6432,2.1409,4.067,-1.0599,0.1352,-0.0303,9.601,133,0,0.15370659276867144,0.0,0.00013804130066265988
0.1812,0.1013,10.0167,-0.2388,3.3636,1.7598,0.1854,0.0596,10.0418,134,0,0.15370659276867144,0.0,9.92063492063492e-05
-0.2939,0.1194,9.8277,2.2698,-1.3557,-1.5538,-0.4141,0.2146,9.8187,135,0,0.15370659276867144,0.0,9.92063492063492e-05
-0.3732,-0.2296,9.9306,0.0805,-5.317,0.3509,-0.3508,-0.2034,9.9112,136,0,0.15370659276867144,0.0,0.010197728516694033
-0.2401,0.1824,9.8654,2.4446,-2.448,-0.9264,-0.2464,0.1681,9.8611,137,0,0.15370659276867144,0.0,0.022500368271334028
-0.2684,-0.436,9.7357,-2.2084,-1.4584,2.64,-0.3081,-0.5472,9.6567,138,0,0.15370659276867144,0.0,0.008460527633883826
0.1542,-0.3589,9.4214,-2.9306,-0.4191,1.9355,0.2227,-0.3861,9.4401,139,0,0.1534046229755623,0.0,0.010276404105600543
0.1704,-0.0682,9.4764,-0.7222,-0.526,-1.1911,0.0849,-0.0616,9.5944,140,0,0.15370659276867144,0.0,0.001414637045343511
0.2695,-0.4361,9.8355,-0.1125,-0.2418,1.4614,0.2385,-0.3813,9.8067,141,0,0.15370659276867144,0.0,0.003469685450928452
0.3917,0.0656,9.8021,3.8534,2.9422,-3.751,0.2818,0.0954,9.7228,142,0,0.15370659276867144,0.0,0.003469685450928452
-0.1469,0.0734,9.6639,-7.145,2.615,2.1356,-0.0893,-0.0214,9.6405,143,0,0.15221377687624613,0.0,0.004933629651215173
0.5564,0.6945,9.5983,-1.8289,-5.5443,-1.9334,0.4409,0.6779,9.623,144,0,0.15300718077187048,0.0,0.004933629651215173
0.1262,0.1318,9.9973,-0.0529,1.9263,-4.8951,0.0489,0.1189,9.9139,145,0,0.15370659276867144,0.0,0.010933629651215172
-0.1664,-0.263,9.7665,-2.6099,1.72,-5.6741,-0.2237,-0.1828,9.7224,146,0,0.15370659276867144,0.0,0.009657033906534322
-0.0838,0.275,9.5695,-3.8635,2.5496,2.862,-0.0766,0.2442,9.5537,147,0,0.15370659276867144,0.0,0.009657033906534322
-0.2669,-0.588,10.1344,-1.6469,2.3674,-1.0269,-0.188,-0.5853,10.2359,148,0,0.15261007384457353,0.0,0.010858811088192467
-0.134,-0.0159,9.8978,0.5465,0.2093,-1.7087,-0.1506,0.0208,9.8922,149,0,0.15370659276867144,0.0,0.014858811088192465
-0.1732,0.2789,9.8413,2.7938,0.4223,3.2398,-0.2814,0.2673,9.846,150,0,0.15370659276867144,0.0,0.015464989961212998
0.0157,0.043,9.644,-0.5442,-0.7673,-4.2727,-0.0147,0.0839,9.6749,151,0,0.15370659276867144,0.0,0.015464989961212998
0.1624,-0.3343,9.6268,-3.203,-0.7344,6.433,0.2092,-0.3371,9.6489,152,0,0.15314501477372658,0.0,0.016641460549448293
0.1434,-0.2951,9.5713,-0.7688,4.7114,-1.527,0.1354,-0.3463,9.5277,153,0,0.15370659276867144,0.0,0.005995774480432338
0.5717,-0.0725,9.8821,0.6553,-0.8009,-1.66,0.5744,-0.0468,9.9397,154,0,0.15361879978792273,0.0,0.03198415898939369
0.0152,0.1733,9.5812,-1.3077,1.9763,-1.5015,0.0503,0.1905,9.6114,155,0,0.15370659276867144,0.0,0.012138798164651425
0.0698,-0.0472,9.7409,-4.7431,3.9354,-1.2956,0.0767,-0.1124,9.7015,156,0,0.15370659276867144,0.0,0.011984158989393694
-0.1967,-0.6424,9.9789,-6.7124,4.7647,4.5025,-0.1251,-0.6502,9.9521,157,0,0.15388704993742966,0.0,0.026830925137640543
-0.1886,0.0191,9.9101,2.4255,-2.085,-4.0063,-0.1901,0.003,9.937,158,0,0.15370659276867144,0.0,0.035830925137640544
-0.3287,0.156,10.3486,2.4101,4.2438,1.5026,-0.3421,0.1564,10.3328,159,0,0.13359862615658846,0.0,0.024654454549405246
-0.4091,-0.4009,9.6518,-2.1856,0.1508,0.0931,-0.2709,-0.4129,9.6507,160,0,0.15370659276867144,0.0,0.01924904914399984
-0.1814,0.1252,9.8685,5.8514,2.7572,-1.93,-0.1996,0.1717,9.8091,161,0,0.15370659276867144,0.0,0.013990703538748272
0.5444,0.1802,10.17,-1.5039,-5.4947,4.5474,0.5078,0.1897,10.1125,162,0,0.15361879978792273,0.0,0.013789172527968708
0.0079,0.0008,9.7138,2.5017,-2.5294,6.1414,-0.0079,-0.0528,9.77,163,0,0.15370659276867144,0.0,0.013829013165418907
0.275,-0.0595,9.8842,-1.2668,0.6723,1.2902,0.2505,-0.1231,9.9075,164,0,0.15370659276867144,0.0,0.012703185350849371
0.2231,0.067,9.7712,2.6081,-2.3018,4.0285,0.1715,0.0336,9.6767,165,0,0.15370659276867144,0.0,0.013568467372285908
-0.3443,0.4347,9.8383,4.3075,4.3654,4.6998,-0.3169,0.3679,9.8397,166,0,0.15370659276867144,0.0,0.004694295186855445
0.2642,-0.398,9.6022,4.438,4.6801,0.1344,0.3484,-0.4221,9.717,167,0,0.15370659276867144,0.0,0.023111107760013506
0.1611,0.0327,9.946,0.1357,4.6555,2.7625,0.2588,0.0181,9.8342,168,0,0.15370659276867144,0.0,0.0018158522346005915
0.0287,0.248,10.0499,3.3638,3.9999,-2.0849,0.0537,0.2605,10.0497,169,0,0.15370659276867144,0.0,0.02150335223460059
0.2263,-0.1599,10.1086,2.9706,-0.2289,3.8479,0.2285,-0.2209,10.0954,170,0,0.15370659276867144,0.0,0.02150335223460059
-0.1743,-0.0149,9.8815,-0.139,2.5859,4.0122,-0.1281,0.009,9.7885,171,0,0.15370659276867144,0.0,0.02150335223460059
0.1761,0.0694,9.9832,0.502,-2.6625,-0.1433,0.2191,-0.0027,9.9872,172,0,0.15370659276867144,0.0,0.012368634256037132
-0.092,0.1845,9.5316,-4.5545,-1.1978,-1.7613,-0.0616,0.1337,9.485,173,0,0.15370659276867144,0.0,0.012368634256037132
-0.0485,-0.0535,9.4166,1.2888,3.4036,-5.4826,-0.032,0.0018,9.468,174,0,0.15370659276867144,0.0,0.012368634256037132
0.2531,0.6641,9.7243,2.2277,-3.3556,-1.179,0.2454,0.6043,9.6546,175,0,0.15318370441863025,0.0,0.02168650601592799
-0.0834,-0.5108,10.1146,0.6121,-0.4978,-0.5682,-0.0847,-0.5509,10.1493,176,0,0.15370659276867144,0.0,0.012572805818904347
0.3078,-0.0504,10.0007,0.0807,-5.3836,0.3201,0.3064,-0.0575,9.8983,177,0,0.15370659276867144,0.0,0.012812805818904347
-0.1041,0.2721,9.6288,0.3464,5.3088,0.5554,-0.0344,0.2934,9.6372,178,0,0.15370659276867144,0.0,0.012646770315945768
0.1004,0.0633,10.2859,-4.2576,3.0976,0.3035,0.1279,0.0659,10.3385,179,0,0.10348734000560668,0.0,0.02253296518145415
0.0919,-0.126,10.0105,1.5895,-2.6353,3.5268,0.1597,-0.1293,10.036,180,0,0.15370659276867144,0.0,0.013732965181454148
0.176,-0.2967,9.7169,-1.1114,-0.9666,-5.1818,0.2065,-0.3218,9.7077,181,0,0.15370659276867144,0.0,0.014053478001966968
0.3525,-0.0662,9.7857,-1.6534,-1.9386,-0.09,0.1799,-0.1104,9.7153,182,0,0.15370659276867144,0.0,0.012853478001966966
-0.2078,0.5054,9.9877,2.3534,-3.0388,3.282,-0.2568,0.4995,10.0256,183,0,0.15370659276867144,0.0,0.003165978001966967
0.39,-0.0959,9.9017,1.2546,2.8148,-0.1234,0.3805,-0.1465,9.9198,184,0,0.15370659276867144,0.0,0.014053478001966968
-0.0706,0.0799,9.9166,1.7369,3.2576,-5.3159,-0.1061,0.04,9.9278,185,0,0.15370659276867144,0.0,0.004365978001966967
0.2074,-0.3403,9.8347,-0.9991,4.206,0.0138,0.2465,-0.2513,9.9248,186,0,0.15370659276867144,0.0,0.003165978001966967
0.057,-0.3159,9.6706,5.9826,3.9928,0.3209,-0.0391,-0.3486,9.6693,187,0,0.15370659276867144,0.0,0.012532965181454147
0.2201,-0.0627,9.7667,4.9228,0.7379,-3.7737,0.2767,-0.0783,9.7941,188,0,0.15370659276867144,0.0,0.0028454651814541466
-0.0343,-0.0096,9.5326,0.6352,-4.5451,-1.7664,-0.0397,-0.0641,9.4476,189,0,0.1534046229755623,0.0,0.052104363768357025
0.2854,-0.3826,9.6517,-0.6288,3.2897,1.3156,0.259,-0.3229,9.6107,190,0,0.15370659276867144,0.0,0.012845465181454147
0.2161,0.1141,10.203,0.3433,-1.4378,-0.5764,0.2474,0.076,10.2721,191,0,0.14983440187878977,0.0,0.03216333694134501
0.3877,0.2629,9.5029,0.0026,3.4901,-0.2806,0.4403,0.3062,9.4981,192,0,0.15370659276867144,0.0,0.012845465181454147
0.2866,-0.4782,10.0308,-5.8074,0.2542,1.5358,0.2997,-0.5243,10.0304,193,0,0.15370659276867144,0.0,0.012845465181454147
-0.8251,0.0606,9.8346,-5.2257,2.7346,4.0813,-0.7626,0.1261,9.7698,194,0,0.16270479773175836,0.0,0.0028503112432717225
0.4214,0.1338,9.8045,-4.4962,-1.0203,-1.2159,0.4074,0.0837,9.9003,195,0,0.15370659276867144,0.0,0.0028503112432717225
0.1235,0.3085,9.6815,-3.0792,-1.5408,2.7963,0.1228,0.3344,9.6369,196,0,0.15370659276867144,0.0,0.0029322084764733035
-0.4132,-0.0212,9.5803,-4.9409,-1.8201,-0.5574,-0.4922,-0.0871,9.4711,197,0,0.15370659276867144,0.0,0.013090311243271724
0.3256,0.2474,9.8726,4.3733,2.8469,0.6448,0.2265,0.2672,9.8797,198,0,0.15370659276867144,0.0,0.03240818300316258
0.1314,-0.0203,9.6317,2.415,-9.5147,-0.1785,0.0943,0.0693,9.5583,199,0,0.14843464506915963,0.0,0.06079836280168187
0.556,-0.2046,9.7666,-2.8552,0.8823,2.5086,0.5504,-0.25,9.7961,200,0,0.15361879978792273,0.0,0.05152125191135622
0.2724,0.0579,9.7376,3.2408,-3.299,0.1332,0.2409,0.0599,9.6799,201,0,0.15370659276867144,0.0,0.061521251911356226
0.0174,-0.5574,9.7197,1.8216,-2.2204,2.312,-0.0592,-0.5293,9.7433,202,0,0.15370659276867144,0.0,0.04549493612188254
0.838,-0.2398,9.8951,-4.4047,1.921,0.916,0.7572,-0.3347,9.9658,203,0,0.1572543713494684,0.0,0.05652098013184168
-0.5079,-0.0722,10.1128,1.5742,-6.8164,-0.0253,-0.4503,-0.0761,10.1348,204,0,0.15370659276867144,0.0,0.055819485359053136
0.2943,0.7082,9.7087,4.1903,-0.6769,-0.3731,0.3168,0.6981,9.7447,205,0,0.15360188400450936,0.0,0.03585932599650334
-0.4337,-0.1265,9.775,-1.0886,-2.3759,1.6759,-0.3637,-0.0498,9.7915,206,0,0.15370659276867144,0.0,0.02716836623833217
0.2493,-0.1643,9.7628,-3.8324,-1.5661,-0.1265,0.2797,-0.1709,9.7533,207,0,0.15370659276867144,0.0,0.026571351312959034
0.2734,-0.0047,10.0411,4.6807,2.1851,2.8315,0.2614,0.117,10.0471,208,0,0.15370659276867144,0.0,0.036571351312959036
0.6213,0.3773,9.6844,1.1562,-1.6423,-4.529,0.7158,0.3872,9.691,209,0,0.14402125575064234,0.0,0.016571351312959032
-0.5823,0.2309,9.9527,-0.2504,-0.2157,-2.827,-0.5395,0.2028,9.938,210,0,0.15370659276867144,0.0,0.007168366238332165
0.6294,-0.4841,9.782,3.2602,-7.2534,5.1248,0.5672,-0.5177,9.766,211,0,0.15099578384982984,0.0,0.007168366238332165
-0.349,-0.0548,10.0052,-2.8976,1.5789,-2.7812,-0.3641,-0.0137,9.984,212,0,0.15370659276867144,0.0,0.016486237998223026
0.0862,-0.0138,9.7866,-2.0253,-1.1345,-5.4772,0.1253,-0.0076,9.863,213,0,0.15370659276867144,0.0,0.04573537773031102
0.2533,-0.2701,10.1139,-2.9298,0.7964,-3.2599,0.1489,-0.2142,10.1442,214,0,0.15370659276867144,0.0,0.015820491045047024
0.0664,-0.0586,10.0254,-3.9832,2.578,-0.2852,0.0853,-0.058,9.962,215,0,0.15370659276867144,0.0,0.025820491045047026
0.2274,0.1569,9.837,3.3871,-7.8056,0.2147,0.2481,0.1122,9.7348,216,0,0.14981546126865944,0.0,0.020844587430589194
0.1622,0.0588,9.404,2.5961,-0.2486,-1.5657,0.0519,0.0821,9.398,217,0,0.15226339492289037,0.0,0.08030127615549473
0.1476,-0.1576,9.5777,5.6516,3.1217,-0.3761,0.0938,-0.2157,9.4775,218,0,0.15370659276867144,0.0,0.032180913978554736
0.4559,0.1194,10.1751,-3.1825,-3.238,2.7243,0.4746,0.1931,10.2296,219,0,0.1526504524297057,0.0,0.07063103280172714
-0.0986,0.2439,9.8,-6.9273,4.636,1.5364,-0.1927,0.2266,9.7872,220,0,0.15370659276867144,0.0,0.038733729664140966
0.0801,-0.2287,9.8752,2.9166,-1.6325,-1.3809,0.0169,-0.2895,9.863,221,0,0.15370659276867144,0.0,0.05931733573676242
-0.3018,-0.114,10.0358,-3.7922,0.1295,-2.3332,-0.3052,-0.0676,10.0132,222,0,0.15370659276867144,0.0,0.019415857904250107
-0.2509,0.0173,9.7332,1.7121,2.4631,1.0489,-0.2911,0.0814,9.6606,223,0,0.15370659276867144,0.0,0.02877357030159117
-0.2904,0.4858,9.7706,0.5571,-6.2636,-4.9088,-0.2587,0.5144,9.8272,224,0,0.15370659276867144,0.0,0.03935717637421262
-0.2274,0.015,9.8457,2.5074,3.3626,-1.5691,-0.1576,0.0743,9.8308,225,0,0.15370659276867144,0.0,0.05877357030159116
-0.389,0.0703,9.4845,0.6852,-2.3668,-1.4656,-0.4032,0.0984,9.4612,226,0,0.15370659276867144,0.0,0.02877357030159117
-0.6313,-0.1774,9.8634,2.0897,3.8997,2.1022,-0.6172,-0.2003,9.8439,227,0,0.1537691488359536,0.0,0.02877357030159117
-0.1177,-0.4765,9.4949,-1.7915,2.4563,-0.7155,-0.2016,-0.4052,9.4388,228,0,0.1534046229755623,0.0,0.03877357030159117
-0.0918,0.0122,9.7258,-5.7217,-1.2479,1.0585,-0.1087,-0.0185,9.79,229,0,0.15370659276867144,0.0,0.04016245919048005
0.5017,-0.1507,9.789,3.4573,-6.0744,3.2665,0.4756,-0.214,9.8343,230,0,0.15370659276867144,0.0,0.040063937022992366
-0.152,-0.371,10.1125,-7.0521,-3.9209,-2.7263,-0.3437,-0.2823,10.1564,231,0,0.15370659276867144,0.0,0.03867504813410348
0.0972,0.2011,9.5603,1.5241,-0.8554,0.8098,0.0845,0.2121,9.5563,232,0,0.15370659276867144,0.0,0.01176938305124275
-0.4439,-0.2642,9.9122,2.4521,1.0454,1.7202,-0.4545,-0.2507,9.903,233,0,0.15370659276867144,0.0,0.021867905218730433
0.1032,-0.2555,9.6229,5.3459,-1.3662,3.6995,0.0207,-0.3065,9.6063,234,0,0.15370659276867144,0.0,0.011769383051242747
0.1113,0.1319,9.9772,-1.0762,-2.3806,-0.4497,0.1791,0.1379,9.9864,235,0,0.15370659276867144,0.0,0.0017452866657005788
0.3586,0.0466,10.1064,1.6884,-5.3902,2.3909,0.3469,0.0965,10.0301,236,0,0.15370659276867144,0.0,0.031745286665700576
0.1897,0.6373,9.9538,2.8472,-1.6912,-2.4911,0.2754,0.5953,10.0002,237,0,0.15318370441863025,0.0,0.02035639777681169
-0.0428,0.0089,10.1232,4.4032,-3.5671,2.9255,-0.0208,-0.0614,10.042,238,0,0.15370659276867144,0.0,0.011068423093267388
-0.4997,0.2168,9.8992,-2.87,1.2252,4.0414,-0.564,0.2709,9.9152,239,0,0.15370659276867144,0.0,0.00940902935575906
-0.1388,-0.1101,9.7517,0.9664,0.6193,2.9984,-0.1024,-0.0993,9.7183,240,0,0.15370659276867144,0.0,0.01035639777681169
-0.4566,-0.4404,9.9211,-2.3121,3.4911,3.6486,-0.4674,-0.3638,9.8383,241,0,0.15370659276867144,0.0,0.01940902935575906
-0.1868,0.2934,9.7437,-1.8557,2.4533,-4.7329,-0.23,0.3729,9.6807,242,0,0.15370659276867144,0.0,0.020609029355759062
-0.2401,0.1218,9.8902,-0.0199,-4.6664,-1.4775,-0.2875,0.2182,9.828,243,0,0.15370659276867144,0.0,0.02155639777681169
0.0895,0.1831,9.7135,-1.2071,0.8184,-1.3895,0.1042,0.1198,9.6671,244,0,0.15370659276867144,0.0,0.02035639777681169
0.0956,-0.352,10.1069,1.5307,0.7468,2.8112,0.0342,-0.2932,10.1298,245,0,0.15370659276867144,0.0,0.02035639777681169
0.0697,-0.3879,9.9331,-1.9329,-5.1102,-4.2986,0.1009,-0.3438,9.8946,246,0,0.15370659276867144,0.0,0.026606397776811695
0.1096,0.2331,9.5815,0.2215,0.9244,-3.3253,0.1025,0.1352,9.5865,247,0,0.15370659276867144,0.0,0.02565902935575906
0.1365,-0.3534,9.8273,-2.6595,-1.5136,1.7367,0.1035,-0.3719,9.8817,248,0,0.15370659276867144,0.0,0.01940902935575906
0.7818,0.1101,9.6945,4.6071,-7.5073,-0.3654,0.7928,0.18,9.7169,249,0,0.14618449303306372,0.0,0.010956021011446366
0.5852,0.1395,9.5676,-0.3414,2.4008,2.2801,0.553,0.0936,9.5837,250,0,0.15208732668341593,0.0,0.018153389432498997
0.3056,-0.0282,9.6637,-1.0467,-0.8836,-3.3256,0.3679,-0.0408,9.685,251,0,0.15370659276867144,0.0,0.022524500743414298
0.0985,-0.3864,9.8536,-1.4965,1.5579,-0.8832,0.0874,-0.3569,9.9279,252,0,0.15370659276867144,0.0,0.021927485818041163
0.3667,-0.1914,10.0141,4.5682,-4.8666,-1.4133,0.3831,-0.138,10.0497,253,0,0.15370659276867144,0.0,0.0002979891568793944
0.0279,0.4313,9.903,-1.0415,2.5649,-3.5294,0.0206,0.4014,9.817,254,0,0.15370659276867144,0.0,0.0007369013154541099
0.3777,-0.4644,9.5674,-0.8842,-3.4244,0.3594,0.4534,-0.4524,9.5066,255,0,0.15370659276867144,0.0,0.0009044990808172383
-0.2765,-0.1892,9.7873,2.5001,0.5396,4.1214,-0.2447,-0.2819,9.7596,256,0,0.15370659276867144,0.0,0.0004655869222425229
-0.1784,0.0609,9.9818,0.4589,2.1445,-3.7713,-0.1552,0.0836,10.022,257,0,0.15370659276867144,0.0,0.00013988639008097545
0.3009,-0.6012,9.9924,-5.9076,3.278,-3.4828,0.3406,-0.5883,10.007,258,0,0.15358821137965672,0.0,0.00013988639008097545
0.3165,0.0451,9.769,3.3688,-0.9157,-0.2074,0.3576,-0.0165,9.8223,259,0,0.15370659276867144,0.0,0.00013988639008097545
-0.3668,-0.062,10.094,2.95,0.7687,-1.9254,-0.298,-0.0378,10.1251,260,0,0.15370659276867144,0.0,0.010063937022992369
-0.3132,-0.112,9.8631,1.9906,1.7164,4.0939,-0.3219,-0.1213,9.8659,261,0,0.15370659276867144,0.0,0.0400398406374502
0.2146,-0.0258,10.0329,-1.1804,2.9507,-0.9917,0.1442,-0.0493,10.0755,262,0,0.15370659276867144,0.0,0.0300398406374502
-0.1131,-0.2077,10.2,3.8296,-1.5096,5.3244,-0.2167,-0.1484,10.1705,263,0,0.15370659276867144,0.0,0.010360928678679675
0.3684,-0.1216,9.798,1.5821,0.0744,0.948,0.3325,-0.1635,9.7986,264,0,0.15370659276867144,0.0,0.049086832293137504
-0.6214,0.0145,9.3796,-3.5549,-0.895,1.0089,-0.6686,-0.0473,9.3803,265,0,0.14611963811302367,0.0,0.04916278166022611
-0.0649,-0.1294,9.717,-2.511,3.5771,0.627,-0.0497,-0.0868,9.7281,266,0,0.15370659276867144,0.0,0.0390868322931375
0.1984,0.1629,9.7758,5.1027,0.2631,0.6663,0.2099,0.1017,9.7418,267,0,0.15370659276867144,0.0,0.04925443005850063
0.3409,0.1278,9.9025,-0.1488,-0.2672,2.9207,0.3118,0.1113,9.8875,268,0,0.15370659276867144,0.0,0.029330379425589245
0.506,0.7953,9.5358,0.0898,4.4782,0.0255,0.5301,0.7548,9.6107,269,0,0.1490470514820303,0.0,0.004833356638030138
0.5816,-0.5703,9.8496,4.4152,3.6712,3.984,0.5972,-0.6392,9.7915,270,0,0.14593006083193694,0.0,0.013307656105868591
-0.1168,0.0984,10.0708,-1.2633,0.8911,0.5204,-0.1238,0.0632,10.0819,271,0,0.15370659276867144,0.0,0.0131687672169797
-0.1101,-0.0211,9.7492,-1.818,1.116,0.2167,-0.1275,0.0176,9.7357,272,0,0.15370659276867144,0.0,0.0031687672169797014
0.1172,-0.2577,9.6593,0.2462,3.0614,2.0724,0.0803,-0.1725,9.7397,273,0,0.15370659276867144,0.0,0.0031687672169797014
0.2483,0.0383,9.5729,3.7841,0.5714,2.5133,0.1678,0.1298,9.5529,274,0,0.15370659276867144,0.0,0.01332686998377812
-0.2514,-0.1125,9.7358,2.6411,1.8498,-2.603,-0.2282,-0.0792,9.6415,275,0,0.15370659276867144,0.0,0.013732275389183524
0.1933,0.2953,9.7956,0.5397,-4.1445,1.168,0.1743,0.348,9.7932,276,0,0.15370659276867144,0.0,0.0031687672169797014
-0.2991,-0.2477,9.3236,2.9499,0.0687,0.6889,-0.3178,-0.2515,9.2348,277,0,0.09930670342907888,0.0,0.0181289265795295
0.0113,-0.3805,9.9493,4.123,-0.0318,-0.4976,0.0223,-0.4395,9.8964,278,0,0.15370659276867144,0.0,0.013267815468418391
-0.2749,-0.1152,9.8157,-3.9952,-1.7969,3.4172,-0.2394,-0.1425,9.8306,279,0,0.15370659276867144,0.0,0.0131289265795295
0.0615,-0.0281,10.0016,3.6321,2.8648,4.51,0.0947,0.0064,9.9611,280,0,0.15370659276867144,0.0,0.013283565754787235
0.5301,0.2695,9.9365,-0.6649,0.6413,3.5366,0.5056,0.3038,9.9333,281,0,0.15370659276867144,0.0,0.0031289265795295023
-0.2881,0.4157,9.7746,-0.6429,-2.4883,-0.522,-0.2649,0.3877,9.7783,282,0,0.15370659276867144,0.0,0.0031289265795295023
0.2668,-0.1674,9.7397,-1.9316,-0.4766,5.7598,0.3556,-0.2399,9.7725,283,0,0.15370659276867144,0.0,0.0131289265795295
0.1388,0.7005,9.8242,0.7458,3.4885,4.9266,0.1662,0.6427,9.8388,284,0,0.15309497375261916,0.0,0.0031687672169797014
0.2249,-0.1267,9.9914,-2.571,-1.8148,5.5574,0.2119,-0.0183,10.0246,285,0,0.15370659276867144,0.0,0.0044935686291597545
-0.0366,-0.0052,9.734,-0.6092,-0.032,3.1009,-0.0258,-0.0364,9.7055,286,0,0.15370659276867144,0.0,0.004453727991709555
-0.2738,0.1659,9.884,-3.1218,5.5719,2.3308,-0.369,0.0444,9.9076,287,0,0.15370659276867144,0.0,0.009453727991709557
-0.1709,0.1011,9.7241,3.3858,-0.4167,-2.5114,-0.2916,0.1049,9.7109,288,0,0.15370659276867144,0.0,0.009453727991709557
0.319,0.0702,9.9797,3.1651,-0.5989,-0.1451,0.3538,-0.0019,9.9871,289,0,0.15370659276867144,0.0,0.018128926579529504
-0.1231,-0.339,9.7195,-1.1243,-3.4018,0.9509,-0.1136,-0.4435,9.8195,290,0,0.15370659276867144,0.0,0.008128926579529502
-0.4836,-0.5415,9.7458,1.2553,-2.4815,-4.5884,-0.4649,-0.4807,9.7226,291,0,0.15370659276867144,0.0,0.0035343319849349074
0.026,0.2642,9.6404,-1.5586,5.5356,3.0176,-0.004,0.3073,9.5483,292,0,0.15370659276867144,0.0,0.0037019297502980364
-0.1307,-0.5674,9.8197,-0.0645,-2.3562,1.0162,-0.1617,-0.5758,9.8144,293,0,0.15360476376730087,0.0,0.0037019297502980364
0.2168,0.0255,9.5104,4.0649,1.7489,0.1467,0.1971,-0.0662,9.5379,294,0,0.15370659276867144,0.0,0.016459133397114956
0.4621,-0.0513,9.9952,4.2779,1.0838,-0.3409,0.4409,-0.0442,9.9303,295,0,0.15370659276867144,0.0,0.004131346910308043
-0.1153,0.102,9.5584,4.0411,-2.9976,-2.6624,-0.0998,0.0646,9.6804,296,0,0.15370659276867144,0.0,0.014211288770773158
0.0703,-0.336,10.023,-0.1222,-2.2218,-0.437,0.0417,-0.3548,10.1397,297,0,0.15370659276867144,0.0,0.015955000185951678
0.3805,-0.2078,9.8776,-1.1235,-1.9334,-2.2199,0.4432,-0.2353,9.858,298,0,0.15370659276867144,0.0,0.014630198773771624
0.037,-0.2075,9.7715,1.9931,-3.0666,-0.0144,0.0863,-0.1675,9.753,299,0,0.15370659276867144,0.0,0.015704124816316424
0.3328,-0.226,9.9128,-2.0179,1.3127,0.5495,0.317,-0.2675,9.9281,300,0,0.15370659276867144,0.0,0.004426361756937281
-0.4209,0.0494,9.4057,7.4483,1.6539,3.3118,-0.4556,0.1278,9.3738,301,0,0.1382485235727002,0.0,0.016319488638908607
-0.079,-0.34,10.0617,-3.9357,0.062,2.3155,-0.0486,-0.2167,10.0998,302,0,0.15370659276867144,0.0,0.005040343109252581
-0.0972,-0.1457,9.4609,-2.8233,-1.9268,-3.788,-0.0992,-0.1064,9.4378,303,0,0.1534046229755623,0.0,0.03408889667549934
0.0615,0.0074,9.8615,-0.234,-1.2055,-0.3239,0.0714,-0.0574,9.8965,304,0,0.15370659276867144,0.0,0.042924840724546824
-0.3114,-0.086,10.0851,0.1842,0.5068,1.8972,-0.2973,-0.1148,9.9903,305,0,0.15370659276867144,0.0,0.05987145164077665
0.3445,0.6795,9.6262,0.2851,2.0079,3.2241,0.2521,0.7019,9.575,306,0,0.15298598980126782,0.0,0.05975745576713534
-0.1545,-0.0055,9.8205,-4.3443,-0.6775,-2.6615,-0.2006,-0.0224,9.9251,307,0,0.15370659276867144,0.0,0.05024089446359024
-0.3011,-0.1612,10.2245,0.3377,0.911,2.0471,-0.3201,-0.1709,10.1977,308,0,0.15262407051682947,0.0,0.03296959228700678
0.1624,0.1205,9.8076,0.0619,2.1952,-2.1622,0.1629,0.141,9.8137,309,0,0.15370659276867144,0.0,0.03356660721237992
0.5648,0.3136,9.5821,-5.191,-5.5512,-3.847,0.548,0.4389,9.5093,310,0,0.15361879978792273,0.0,0.009490271104381063
0.1428,0.0285,9.7153,-1.8339,-2.1206,-4.7389,0.091,0.0441,9.7332,311,0,0.15370659276867144,0.0,0.010556427531304946
0.6883,0.2867,9.7834,-2.117,-1.4359,-4.4256,0.6575,0.2492,9.818,312,0,0.15479079388726372,0.0,0.00429886521458907
-0.2216,0.043,9.7001,-0.9222,3.5314,-2.967,-0.1879,0.0519,9.687,313,0,0.15370659276867144,0.0,0.023174649901086763
0.1548,-0.2613,9.8563,0.6763,-1.5911,-1.436,0.1116,-0.2861,9.8646,314,0,0.15370659276867144,0.0,0.00433870585203927
-0.5387,-0.0981,9.9281,0.8127,-0.4371,5.5015,-0.518,-0.1839,9.9581,315,0,0.15370659276867144,0.0,0.003741690926666135
-0.288,0.2712,9.9571,-0.2084,1.2957,3.6991,-0.3568,0.3239,9.9917,316,0,0.15370659276867144,0.0,0.007568454766827874
0.0028,-0.355,9.7522,-2.963,-3.5931,0.8565,0.1483,-0.3433,9.7844,317,0,0.15370659276867144,0.0,0.0036617490662010192
-0.0279,0.0511,10.0009,1.256,-3.1131,6.1241,-0.0402,0.1773,10.0663,318,0,0.15370659276867144,0.0,0.009169460452821765
0.5234,-0.1766,9.8749,-1.8709,-2.9036,1.0131,0.4314,-0.1688,9.8339,319,0,0.15370659276867144,0.0,0.008647692104528192
-0.1093,-0.5063,9.6256,-0.1594,3.6252,1.9693,-0.1393,-0.5054,9.6386,320,0,0.15370659276867144,0.0,0.009266072924951237
0.5711,0.216,9.6095,1.7269,1.258,0.0617,0.5346,0.2178,9.5494,321,0,0.15361879978792273,0.0,0.004207403416389936
-0.6545,0.0033,9.5732,-0.1283,-0.4433,6.9271,-0.6566,0.0429,9.5632,322,0,0.1533665032347707,0.0,0.004544723990552615
-0.247,-0.5,10.0969,1.7672,-2.1917,3.1836,-0.3921,-0.4599,10.0419,323,0,0.15370659276867144,0.0,0.004425932959368574
-0.1384,-0.5263,9.951,-2.6988,2.2001,-2.3228,-0.0935,-0.5356,9.9333,324,0,0.15370659276867144,0.0,0.006025932959368575
-0.2727,0.0976,9.8315,1.7402,5.1293,-0.3356,-0.2652,0.0218,9.8439,325,0,0.15370659276867144,0.0,0.016025932959368577
-0.2579,-0.0616,9.6773,-2.2208,-1.5892,-3.1021,-0.2278,-0.0469,9.5846,326,0,0.15370659276867144,0.0,0.00462245595828201
-0.6043,0.0074,9.7809,-1.5905,-0.0085,2.4398,-0.6542,0.0238,9.7338,327,0,0.1533665032347707,0.0,0.010285806487175303
-0.5821,-0.0131,9.8511,-8.0253,5.2213,1.5076,-0.6228,-0.0101,9.8515,328,0,0.14541012222013383,0.0,0.011566543976209495
0.1474,0.2878,9.5753,-3.4562,-3.324,-2.1195,0.1175,0.2609,9.5677,329,0,0.15370659276867144,0.0,0.003981837106358621
0.0005,-0.0064,9.7611,2.0242,1.8846,3.4359,0.0127,0.0002,9.6936,330,0,0.15370659276867144,0.0,0.003981837106358621
-0.0201,-0.1688,9.9759,-4.2056,-0.4894,1.8654,-0.047,-0.1424,9.8904,331,0,0.15370659276867144,0.0,0.006328383444435678
-0.1132,0.2,9.5129,5.256,-2.5135,-5.8232,-0.0696,0.2374,9.5128,332,0,0.15370659276867144,0.0,0.006565176019403222
0.3275,-0.3588,9.548,-1.4017,-2.6143,3.0271,0.3049,-0.3591,9.5451,333,0,0.15370659276867144,0.0,0.0024617789668237387
-0.0313,0.0814,9.5254,1.6516,-1.1166,0.0231,-0.0237,0.1114,9.5169,334,0,0.15370659276867144,0.0,0.00496775272271076
-0.271,0.5668,10.0491,1.5177,-5.3945,-2.7519,-0.3167,0.6371,10.0148,335,0,0.15309497375261916,0.0,0.0036736022895766905
-0.2713,0.3533,9.8833,0.3916,-3.935,-1.2753,-0.3082,0.4331,9.8867,336,0,0.15370659276867144,0.0,0.0035560775299512556
0.1135,-0.0247,9.816,-3.642,-0.5403,-0.7224,0.0769,-0.0032,9.8213,337,0,0.15370659276867144,0.0,0.0030683765241852025
-0.6046,0.4589,10.051,4.8711,3.4096,2.6259,-0.5507,0.5565,10.0815,338,0,0.1537691488359536,0.0,0.012914470166678666
0.2681,0.2128,10.3439,-2.6233,0.5591,-0.2355,0.2751,0.2515,10.3374,339,0,0.12045638590167149,0.0,0.0026689452513424306
0.2735,0.1913,9.9884,1.2223,-2.7095,-7.7595,0.221,0.1968,9.8814,340,0,0.1513602608214693,0.0,0.0031954812085647944
-0.0422,-0.1917,9.9877,0.2137,1.2235,-1.0022,-0.0865,-0.219,9.9087,341,0,0.15370659276867144,0.0,0.0032741710167339187
0.2168,-0.475,9.6587,2.4916,1.2939,-6.5481,0.2715,-0.5309,9.6876,342,0,0.1532405209942328,0.0,0.0025884324308296097
-0.2069,-0.106,9.7782,-3.7287,-1.0283,2.5948,-0.2251,-0.1483,9.8606,343,0,0.15370659276867144,0.0,0.012587597590160492
0.1752,-0.0219,9.6699,1.0095,1.7055,-0.6495,0.2697,0.0192,9.6841,344,0,0.15370659276867144,0.0,0.0031936581962210987
-0.4098,0.827,9.712,-0.7823,5.9812,0.1082,-0.4366,0.848,9.7271,345,0,0.11543634188998197,0.0,0.012266922911944183
-0.5364,-0.204,9.6575,0.4433,-4.2721,-4.4988,-0.5533,-0.2129,9.6179,346,0,0.15370659276867144,0.0,0.0028729835180047857
-0.0393,0.4783,10.0955,0.8204,-0.2547,2.9845,-0.1458,0.4613,10.0523,347,0,0.15370659276867144,0.0,0.0028729835180047857
0.5553,0.0233,10.0427,-0.9219,2.4424,-1.3088,0.5748,-0.0336,9.9618,348,0,0.15361879978792273,0.0,0.0031195318414761865
0.1597,0.2968,10.1736,-0.4239,-3.7898,-4.9091,0.1602,0.3438,10.1727,349,0,0.15370659276867144,0.0,0.0025125954252912153
-0.1563,-0.0838,9.9051,3.422,1.1914,0.5161,-0.0948,-0.1258,9.8766,350,0,0.15370659276867144,0.0,0.01311953184147619
-0.0828,-0.3722,9.7853,-4.7029,-5.1381,-1.2681,-0.0999,-0.3624,9.7343,351,0,0.15370659276867144,0.0,0.012589605363273849
0.1027,-0.3427,9.7971,-5.575,-3.0152,-1.6547,0.2087,-0.3746,9.7734,352,0,0.15370659276867144,0.0,0.017118942392610876
-0.1736,0.2495,10.027,-1.5274,-3.2306,-0.8363,-0.1734,0.2582,9.996,353,0,0.15370659276867144,0.0,0.016601444083453466
-0.3515,0.076,9.8778,-1.2751,0.3453,-3.8062,-0.3791,0.1105,9.8094,354,0,0.15370659276867144,0.0,0.01595334386603966
0.0905,-0.3051,10.0725,-2.2382,-2.2363,3.2007,0.1008,-0.2769,10.1135,355,0,0.15370659276867144,0.0,0.0124347774167868
-0.1166,-0.2379,9.9518,4.2423,3.4157,1.5028,-0.1208,-0.3092,9.9441,356,0,0.15370659276867144,0.0,0.010328175135533253
-0.0645,-0.6067,9.8235,1.727,3.218,-6.9863,-0.0765,-0.649,9.812,357,0,0.14707193748768324,0.0,0.00972123871934828
0.0703,0.1369,9.899,3.9975,-0.4204,6.259,0.0985,0.1819,9.8746,358,0,0.15314501477372658,0.0,0.0015069530050625677
-0.6214,-0.1865,9.6499,-3.284,-1.7546,0.3648,-0.6101,-0.1973,9.6598,359,0,0.1537691488359536,0.0,0.011506953005062569
0.1734,0.5598,9.6794,-3.1465,4.6782,-0.1491,0.2125,0.6716,9.6484,360,0,0.15309497375261916,0.0,0.0015069530050625677
0.06,0.0461,10.1246,1.9351,0.4848,-1.0945,0.0248,0.0172,10.0327,361,0,0.15370659276867144,0.0,0.01587743295246559
0.8173,0.1848,9.9625,-4.4524,4.7177,3.289,0.766,0.1654,9.9285,362,0,0.1569839632811883,0.0,0.015838598001009282
0.3169,-0.2116,9.7482,2.8544,-2.7934,-2.2508,0.3366,-0.2871,9.7269,363,0,0.15370659276867144,0.0,0.0015069530050625677
0.0399,-0.0962,9.8886,5.4133,-2.3806,0.0086,0.0436,-0.1418,9.8238,364,0,0.15370659276867144,0.0,0.0014329885080211473
-0.3959,-0.1516,9.8415,-0.1063,4.2587,3.6729,-0.4141,-0.0855,9.8798,365,0,0.15370659276867144,0.0,0.0014329885080211473
-0.3746,0.0497,9.7977,0.7048,-1.5362,-2.8263,-0.3882,0.0282,9.7882,366,0,0.15370659276867144,0.0,0.0014329885080211473
-0.2892,-0.0751,9.4461,4.6163,1.4692,-4.7254,-0.2998,-0.2075,9.3857,367,0,0.14940451700943855,0.0,0.0015474102615456798
-0.2711,-0.0163,9.6979,-5.486,6.3906,4.7431,-0.3657,-0.1505,9.678,368,0,0.15370659276867144,0.0,0.0015474102615456798
0.0884,0.518,10.0487,-2.134,-4.7177,1.8298,0.0269,0.6177,10.1063,369,0,0.15182277332485958,0.0,0.0015474102615456798
-0.1174,-0.2335,9.8373,0.3399,3.905,-0.9095,-0.0943,-0.3448,9.9203,370,0,0.15370659276867144,0.0,0.0015474102615456798
0.4791,0.1197,10.0441,4.9482,0.9558,-2.9069,0.4806,0.186,10.0445,371,0,0.15370659276867144,0.0,0.012797410261545678
-0.2698,-0.1703,9.6137,2.2864,-4.9411,-6.8349,-0.3841,-0.2009,9.6076,372,0,0.1532405209942328,0.0,0.009761695975831396
-0.0722,-0.1765,9.913,1.3947,-1.3705,-5.0007,-0.1192,-0.1141,9.8047,373,0,0.15370659276867144,0.0,0.009761695975831396
-0.6832,0.4731,9.7611,-1.6874,3.337,2.7944,-0.6288,0.5934,9.7155,374,0,0.1520706584862693,0.0,0.021011695975831395
0.3175,-0.1754,9.5847,-5.3664,1.1291,3.658,0.3166,-0.2024,9.4869,375,0,0.15370659276867144,0.0,0.0015862452130019904
0.1335,0.2141,9.6108,4.4605,-3.8467,0.4882,0.1513,0.2361,9.6317,376,0,0.15370659276867144,0.0,0.01158624521300199
-0.0315,0.1219,9.5592,-0.5952,2.2706,-0.0128,0.0212,0.1667,9.6274,377,0,0.15370659276867144,0.0,0.01158624521300199
0.6385,0.3332,10.039,-1.7783,-2.4643,3.9469,0.6582,0.3267,10.1106,378,0,0.1548722881743287,0.0,0.01858624521300199
-0.0413,0.2296,9.966,-0.4526,2.5642,-4.7019,-0.0018,0.1707,9.9808,379,0,0.15370659276867144,0.0,0.01858624521300199
0.2209,-0.2783,9.9137,4.6567,-3.5397,-3.27,0.2453,-0.3445,9.8993,380,0,0.15370659276867144,0.0,0.01858624521300199
-0.3029,-0.3142,9.4437,1.7231,-0.0137,2.7131,-0.3209,-0.2942,9.4072,381,0,0.152691395331968,0.0,0.01858624521300199
-0.1217,0.0115,9.9872,-2.3797,-0.5888,3.4931,-0.0936,-0.029,10.0232,382,0,0.15370659276867144,0.0,0.01858624521300199
0.3939,-0.6002,10.1235,-0.7324,0.3326,1.0959,0.3157,-0.6084,10.1672,383,0,0.15358821137965672,0.0,0.01158624521300199
0.7869,-0.0615,9.8711,-4.167,-5.0279,-5.601,0.8167,-0.0609,9.8027,384,0,0.15373565720971816,0.0,0.010682128240109142
-0.3729,-0.1728,9.6389,-0.5303,0.8303,-3.5194,-0.3915,-0.206,9.7764,385,0,0.15370659276867144,0.0,0.008896413954394855
-0.5095,-0.7027,9.6162,-2.0609,1.7267,3.3562,-0.5084,-0.7467,9.6422,386,0,0.1518027893596404,0.0,0.010682128240109142
0.2573,-0.3553,9.8084,1.0147,2.7065,3.3191,0.2706,-0.4685,9.8126,387,0,0.15370659276867144,0.0,0.010682128240109142
0.1594,-0.0284,9.9021,-2.8945,3.4033,1.4874,0.2045,-0.034,9.964,388,0,0.15370659276867144,0.0,0.01070622462565131
0.1342,-0.3314,9.7978,-2.0575,-2.8088,0.0968,0.0921,-0.3327,9.833,389,0,0.15370659276867144,0.0,0.01570622462565131
-0.0187,-0.2386,9.967,4.4831,-0.35,2.1657,-0.025,-0.1994,10.0199,390,0,0.15370659276867144,0.0,0.01070622462565131
-0.2568,-0.0293,9.8975,0.9832,6.2456,-1.6131,-0.235,-0.0613,9.8488,391,0,0.15370659276867144,0.0,0.010682128240109142
-0.3633,0.1122,9.838,-2.5286,-3.3914,-2.3324,-0.3448,0.1034,9.7856,392,0,0.15370659276867144,0.0,0.0006821282401091405
0.0431,0.2536,9.8731,2.9562,-0.7614,-2.4096,0.0741,0.2564,9.8523,393,0,0.15370659276867144,0.0,0.0006821282401091405
0.3623,-0.3919,9.9067,1.9555,0.9348,-6.1931,0.3343,-0.3806,9.9025,394,0,0.15370659276867144,0.0,0.010682128240109142
0.1464,0.3196,9.5671,2.67,-4.6356,-1.5566,0.2001,0.3102,9.5709,395,0,0.15370659276867144,0.0,0.01070622462565131
-0.1664,0.2225,9.7738,1.6138,-2.0733,3.5449,-0.1196,0.1965,9.7762,396,0,0.15370659276867144,0.0,0.01070622462565131
-0.13,-0.0772,9.6449,-0.2824,-8.1413,0.3722,-0.0935,-0.1102,9.6384,397,0,0.14981546126865944,0.0,0.0007062246256513093
-0.32,-0.3457,9.503,-4.771,1.1589,3.046,-0.2564,-0.386,9.543,398,0,0.15370659276867144,0.0,0.010682128240109142
-0.1307,-0.051,10.0583,-0.6338,0.923,-1.6065,-0.1364,-0.0456,10.047,399,0,0.15370659276867144,0.0,0.0006821282401091405
0.0958,0.1372,9.9611,-3.9956,3.9275,5.2602,0.1602,0.1525,10.0455,400,0,0.15370659276867144,0.0,0.0006821282401091405
-0.3439,0.0147,9.8374,-0.1772,1.7823,0.5067,-0.2873,-0.0254,9.9317,401,0,0.15370659276867144,0.0,0.0006821282401091405
0.2936,0.3851,9.9885,0.9836,2.4115,-3.5686,0.2969,0.35,9.9662,402,0,0.15370659276867144,0.0,0.010682128240109142
-0.703,-0.1402,9.8297,-2.9261,0.1951,-2.8036,-0.7427,-0.1373,9.8718,403,0,0.14659318274243455,0.0,0.010682128240109142
-0.14,0.4874,9.4769,1.4154,4.6282,-0.1309,-0.1758,0.4059,9.5163,404,0,0.15370659276867144,0.0,0.01568212824010914
-0.0329,0.0985,10.1216,3.6873,1.2258,-1.9068,-0.0322,0.1054,10.2214,405,0,0.1526504524297057,0.0,0.010682128240109142
-0.6411,-0.358,9.7403,-2.8251,-3.0286,-0.4446,-0.6165,-0.3463,9.6021,406,0,0.1537691488359536,0.0,0.010682128240109142
-0.1029,-0.0023,9.7856,4.6474,-1.4102,-1.8538,-0.1031,0.039,9.9026,407,0,0.15370659276867144,0.0,0.010682128240109142
-0.4496,-0.1912,9.8262,0.4062,3.9546,2.886,-0.437,-0.2721,9.8272,408,0,0.15370659276867144,0.0,0.010682128240109142
-0.1618,0.1797,9.8116,0.3738,-1.0842,1.9643,-0.2224,0.1085,9.8682,409,0,0.15370659276867144,0.0,0.010682128240109142
-0.5406,0.3448,10.2167,1.8024,-6.0974,-4.4271,-0.5378,0.4113,10.2007,410,0,0.15262407051682947,0.0,0.0030630806210615214
-0.3715,0.0899,9.6286,-5.33,-0.5986,2.2852,-0.4089,0.1351,9.5891,411,0,0.15370659276867144,0.0,0.0030630806210615214
0.1148,-0.6758,9.9847,-1.4998,-0.9796,-1.097,0.1078,-0.6563,9.9024,412,0,0.15062947843235588,0.0,0.01
-0.1992,0.1065,9.6623,-0.0651,-1.7072,-2.4523,-0.1701,0.0394,9.6697,413,0,0.15370659276867144,0.0,0.01
0.6536,0.3983,9.8543,-0.482,3.0624,-0.663,0.7269,0.3612,9.8717,414,0,0.1504061770944606,0.0,0.014444444444444444
-0.4645,-0.1365,9.2271,2.4998,-3.5291,-1.5896,-0.4569,-0.2025,9.2972,415,0,0.12415483679179619,0.0,0.01032051282051282
0.1788,0.0729,9.7788,1.8229,-0.853,3.8703,0.1772,0.0711,9.8007,416,0,0.15370659276867144,0.0,0.01032051282051282
-0.6362,0.467,9.9694,-0.9639,-0.0787,4.7197,-0.6291,0.4076,9.9112,417,0,0.1537691488359536,0.0,0.01032051282051282
-0.1456,-0.6729,10.0517,-5.1745,-2.2898,3.9535,-0.228,-0.6702,9.9946,418,0,0.15088950666829176,0.0,0.01032051282051282
0.0379,-0.1094,9.9612,-2.0972,-3.1948,-5.4429,0.1028,-0.1404,9.9347,419,0,0.15370659276867144,0.0,0.01032051282051282
-0.3846,0.4108,9.8476,-2.396,3.1025,-1.8747,-0.3555,0.5194,9.8707,420,0,0.15370659276867144,0.0,0.01032051282051282
0.029,0.497,9.6043,1.7629,-2.673,3.5635,0.0214,0.439,9.608,421,0,0.15370659276867144,0.0,0.00032051282051282046
0.5072,0.1222,9.4963,-3.7526,-2.6453,-1.6085,0.4551,0.1215,9.4626,422,0,0.15370659276867144,0.0,0.00032051282051282046
-0.1133,0.1246,9.6903,-1.0562,0.8183,0.2556,-0.153,0.1472,9.6947,423,0,0.15370659276867144,0.0,0.00032051282051282046
0.2276,0.0924,9.8892,-2.0553,1.1511,5.7927,0.0631,0.1194,9.8038,424,0,0.15370659276867144,0.0,0.00032051282051282046
-0.1947,-0.4849,10.2495,0.4223,0.5176,3.1059,-0.2381,-0.4898,10.2147,425,0,0.15262407051682947,0.0,0.0012809647979139505
0.3226,-0.1259,10.1333,0.8281,-2.2637,1.0862,0.3164,-0.2063,10.1494,426,0,0.15370659276867144,0.0,0.0010344164744425502
-0.2183,-0.1429,9.6593,-3.5065,0.1331,-1.1721,-0.1934,-0.0574,9.6701,427,0,0.15370659276867144,0.0,0.0010344164744425502
0.0526,-0.3564,9.7026,0.9309,-1.1614,-7.547,0.0117,-0.3253,9.617,428,0,0.15152296743303956,0.0,0.0010344164744425502
0.3254,0.4385,9.3834,-2.9858,-2.3535,-5.8138,0.2931,0.3855,9.3504,429,0,0.14895101591492713,0.0,0.00032051282051282046
0.03,-0.1935,9.7192,2.1731,-3.8737,3.7694,0.02,-0.1453,9.7693,430,0,0.15370659276867144,0.0,0.00032051282051282046
0.6244,-0.0551,9.4748,-4.9859,-0.9972,0.6186,0.6744,0.0174,9.4542,431,0,0.1494973833118133,0.0,0.00032051282051282046
0.5295,0.2604,9.8407,-1.8413,0.8923,-1.637,0.5191,0.256,9.8604,432,0,0.15370659276867144,0.0,7.396449704142012e-05
0.4066,-0.117,10.0354,2.2711,-0.823,-1.2238,0.3718,-0.1572,10.0697,433,0,0.15370659276867144,0.0,7.396449704142012e-05
0.2864,0.0047,9.7935,-1.3407,2.4376,1.4674,0.2568,0.007,9.8111,434,0,0.15370659276867144,0.0,0.001187673179423393
-0.2179,-0.2821,10.0673,0.0115,-4.2112,6.6945,-0.206,-0.3011,9.9951,435,0,0.15314501477372658,0.0,0.0012861953469110775
0.0393,-0.1209,9.8481,-5.0921,1.9601,-3.9949,0.017,-0.1415,9.8071,436,0,0.15370659276867144,0.0,0.0013621447139996854
0.5979,-0.375,9.832,3.069,-0.5861,-3.3059,0.5169,-0.356,9.9147,437,0,0.15208732668341593,0.0,0.00030317056911087064
-0.6716,-0.1236,9.8653,0.5791,-1.2022,0.2282,-0.5879,-0.0475,9.8559,438,0,0.1537691488359536,0.0,0.00030317056911087064
0.7073,0.1855,9.8068,-3.3029,1.3595,0.0404,0.7616,0.1191,9.7811,439,0,0.1427074388519444,0.0,0.00030317056911087064
0.4014,-0.239,9.7961,4.7343,-0.5395,-0.0796,0.3534,-0.2658,9.7748,440,0,0.15370659276867144,0.0,0.0001499138641300277
0.3293,0.2992,10.027,-5.3679,-6.0938,-0.3962,0.3509,0.3848,10.0136,441,0,0.15370659276867144,0.0,7.594936708860759e-05
0.6338,0.3418,9.6933,-0.5682,3.264,7.5918,0.5663,0.3177,9.7405,442,0,0.15657889868921854,0.0,7.594936708860759e-05
0.3225,-0.157,10.0257,-0.4238,2.7986,3.3212,0.2366,-0.1592,10.0355,443,0,0.15370659276867144,0.0,0.00011579000453880679
-0.1109,-0.2473,10.1141,4.6429,-4.3702,-0.1076,-0.1125,-0.337,10.1315,444,0,0.15370659276867144,0.0,0.00011579000453880679
0.6156,0.2533,9.6997,1.9516,1.1206,-0.7795,0.62,0.3178,9.7378,445,0,0.15522247095773994,0.0,0.00011579000453880679
-0.1885,0.02,9.7508,-2.585,0.6034,2.0492,-0.2437,-0.0847,9.7482,446,0,0.15370659276867144,0.0,0.00011579000453880679
0.5265,-0.7478,10.0037,-5.5494,-1.8366,2.7714,0.4367,-0.8229,10.002,447,0,0.14493058637529319,0.0,0.01012113055181696
-0.6117,0.186,9.6162,-2.4684,-3.3106,4.8891,-0.5891,0.2115,9.5237,448,0,0.1537691488359536,0.0,0.01019509504885838
0.1293,-0.4129,9.5411,-3.6218,4.9819,0.8564,0.0979,-0.4041,9.4825,449,0,0.15370659276867144,0.0,0.01
0.2269,-0.2294,10.0576,-2.4041,-1.1558,-2.4793,0.2321,-0.2393,10.0537,450,0,0.15370659276867144,0.0,0.010073964497041421
-0.3979,-0.1842,9.6426,7.5743,1.5923,0.4262,-0.4586,-0.1601,9.5761,451,0,0.14837066258871512,0.0,0.00024
-0.1323,0.1144,9.8465,2.5194,3.4558,1.2696,-0.0924,0.0987,9.7866,452,0,0.15370659276867144,0.0,0.00024
0.2075,-0.4349,9.8927,1.3114,-2.2378,2.3768,0.1716,-0.4751,9.8955,453,0,0.15370659276867144,0.0,0.00024
0.1369,0.2952,9.6618,-2.0002,-3.3254,1.9267,0.1258,0.3131,9.706,454,0,0.15370659276867144,0.0,0.00024
0.5465,-0.1417,10.1212,5.9366,-0.0591,3.7543,0.5179,-0.1641,10.0555,455,0,0.15361879978792273,0.0,0.00024
-0.1077,0.2624,9.8883,-0.1111,-3.0828,4.9912,-0.18,0.2199,9.9388,456,0,0.15370659276867144,0.0,0.00024
-0.8739,-0.2482,9.6236,5.6476,-2.7967,-2.3545,-0.8745,-0.2694,9.7554,457,0,0.16615076210018886,0.0,0.00024
0.0753,0.2306,9.6609,5.0855,6.2169,-4.137,0.1097,0.23,9.6978,458,0,0.15370659276867144,0.0,0.0
-0.0626,0.1122,9.6493,2.3376,3.0434,-7.1261,-0.0397,0.1326,9.6257,459,0,0.15274110092042842,0.0,0.0
0.4417,0.2617,9.7895,4.7469,-5.1468,0.761,0.4459,0.1409,9.7884,460,0,0.15370659276867144,0.0,0.0
-0.0488,0.0398,9.7735,-3.5772,-1.2157,-3.0271,-0.0778,-0.0656,9.777,461,0,0.15370659276867144,0.0,0.0
-0.2082,-0.1498,9.5757,-0.2035,4.9265,5.035,-0.2535,-0.2155,9.5618,462,0,0.15370659276867144,0.0,0.0
-0.5487,0.1651,9.9486,2.4961,2.6855,4.3746,-0.5614,0.1363,9.9377,463,0,0.15370659276867144,0.0,0.0
0.0933,-0.5815,9.4926,2.4623,-2.1077,0.0931,0.1606,-0.543,9.458,464,0,0.15376804318490978,0.0,0.0012
-0.1415,0.0485,9.5608,-1.9519,1.9334,2.3831,-0.2073,0.0598,9.5508,465,0,0.15370659276867144,0.0,0.0
0.2059,0.2346,10.0507,-6.1525,3.429,2.8741,0.2046,0.2985,10.0285,466,0,0.15370659276867144,0.0,0.0
0.1724,-0.0929,9.5032,0.8516,0.119,0.7042,0.1185,-0.1774,9.512,467,0,0.15370659276867144,0.0,0.0
-0.4212,-0.0887,10.0014,-0.4389,1.1478,0.4612,-0.4467,-0.0941,10.0267,468,0,0.15370659276867144,0.0,0.0
0.4096,0.231,9.8138,-1.9717,-4.2387,-4.8367,0.3616,0.1661,9.8382,469,0,0.15370659276867144,0.0,0.0
0.2576,-0.3644,9.5966,2.335,0.2626,-6.2005,0.2315,-0.3477,9.5477,470,0,0.15370659276867144,0.0,0.0
0.2626,0.1297,9.8117,0.3246,3.574,-2.1978,0.3378,0.2215,9.7713,471,0,0.15370659276867144,0.0,0.0
0.0078,0.3697,9.5474,-1.1656,-1.593,0.7176,0.1278,0.3349,9.5422,472,0,0.15370659276867144,0.0,0.0
-0.402,-0.1428,9.6263,-1.1864,-0.8028,-1.0,-0.3429,-0.0415,9.5607,473,0,0.15370659276867144,0.0,0.0
-0.2715,0.1333,9.8162,-1.0864,-4.5743,0.1673,-0.364,0.1848,9.8746,474,0,0.15370659276867144,0.0,0.0
-0.233,0.2776,9.4731,-0.3116,5.9029,1.0062,-0.2618,0.2983,9.5282,475,0,0.15370659276867144,0.0,0.0
-0.0369,0.1058,10.1435,-0.9061,-0.2185,-3.8071,-0.0781,0.1404,10.1963,476,0,0.15332031675608063,0.0,0.0
0.5054,-0.129,9.5153,1.651,1.9419,-0.2517,0.4998,-0.1919,9.5764,477,0,0.15370659276867144,0.0,0.0
0.2339,-0.1172,9.7358,-0.9926,-0.694,-0.3219,0.2195,-0.0559,9.7669,478,0,0.15370659276867144,0.0,0.0
-0.2307,-0.0141,9.7575,-1.0612,-1.0142,-2.4012,-0.213,0.0279,9.8509,479,0,0.15370659276867144,0.0,0.0
-0.1925,0.036,9.807,-4.9494,-3.8867,3.5295,-0.1856,0.0275,9.7032,480,0,0.15370659276867144,0.0,0.0
0.3331,-0.2581,9.9612,3.2165,-1.3701,2.4605,0.3086,-0.2669,10.0118,481,0,0.15370659276867144,0.0,0.0
-0.5212,-0.4061,9.7604,0.2738,-3.9854,2.3846,-0.477,-0.4109,9.7536,482,0,0.15370659276867144,0.0,0.01
-0.1641,-0.5513,9.6883,0.7483,-0.5803,0.7222,-0.2104,-0.5346,9.6768,483,0,0.15370659276867144,0.0,0.0
-0.6091,0.6327,9.6847,-1.3509,-1.7996,-2.1314,-0.5683,0.6311,9.6964,484,0,0.15324626048591244,0.0,0.0
-0.138,-0.2618,9.7729,-3.3261,-0.5341,1.8304,-0.1667,-0.2065,9.8296,485,0,0.15370659276867144,0.0,0.0
0.081,-0.3387,9.4711,-2.9317,4.9141,1.7463,0.0773,-0.3581,9.5283,486,0,0.15370659276867144,0.0,0.0
-0.0813,-0.2309,9.8924,-0.7081,4.2372,3.1206,-0.1082,-0.2756,9.8139,487,0,0.15370659276867144,0.0,0.0
0.3226,-0.0629,9.9972,1.7603,-5.9336,-2.8883,0.2736,0.0521,10.0652,488,0,0.15370659276867144,0.0,0.0
-0.0749,0.2509,9.6644,-4.0582,3.4339,0.5775,-0.0325,0.3155,9.6679,489,0,0.15370659276867144,0.0,0.0
-0.0122,0.3565,9.8535,-3.5448,4.5248,-1.6983,-0.0259,0.3109,9.8095,490,0,0.15370659276867144,0.0,0.0
0.4792,0.4748,10.4422,2.6737,-1.7847,-4.6132,0.5051,0.6409,10.4614,491,0,0.06729449578073686,0.0,0.0
0.3227,0.0634,9.8431,-5.2621,0.1106,-0.9981,0.3106,0.0898,9.8651,492,0,0.15370659276867144,0.0,0.0
0.2478,0.1375,9.7467,-1.1629,-5.1363,-0.0437,0.2007,0.0747,9.7316,493,0,0.15370659276867144,0.0,0.0
-0.468,-0.02,9.5795,-6.0248,-1.0538,3.7361,-0.5715,-0.0513,9.6167,494,0,0.15370659276867144,0.0,0.0
0.2822,0.0559,9.8266,-2.5677,-2.7421,-2.4613,0.3191,0.0891,9.7971,495,0,0.15370659276867144,0.0,0.0
-0.165,-0.525,9.9861,2.1344,3.3593,1.4576,-0.1371,-0.6194,10.0587,496,0,0.13982869213507415,0.0,0.0
-0.4773,0.1585,9.9382,1.7693,4.5957,0.4346,-0.5101,0.1398,9.9402,497,0,0.15370659276867144,0.0,7.594936708860759e-05
0.1543,-0.1623,9.4589,-0.382,-0.1179,3.2995,0.1297,-0.1872,9.5029,498,0,0.15370659276867144,0.0,7.594936708860759e-05
0.1878,0.4023,9.5408,1.2442,1.9166,-2.7491,0.2246,0.4203,9.5366,499,0,0.15370659276867144,0.0,7.594936708860759e-05
0.0201,0.4851,9.5145,-0.874,3.8827,-0.3485,-0.019,0.466,9.4974,500,0,0.15370659276867144,0.0,0.00011579000453880679
0.4773,0.1338,9.7825,1.8212,0.6609,-2.7368,0.412,0.1017,9.7632,501,0,0.15370659276867144,0.0,0.005113805134491619
-0.4876,-0.1447,10.08,1.61,3.1711,-1.9685,-0.5212,-0.1832,10.0788,502,0,0.15370659276867144,0.0,0.0001897545015802269
0.5601,0.2476,9.6994,-2.3877,-1.428,1.4697,0.5297,0.2197,9.7665,503,0,0.15361879978792273,0.0,0.00021385088712239556
-0.3209,0.0108,9.7542,0.1935,4.4751,-3.096,-0.3234,0.0503,9.8283,504,0,0.15370659276867144,0.0,0.0001897545015802269
0.3094,-0.1983,9.5462,-1.4726,1.0985,-3.1892,0.2928,-0.197,9.5817,505,0,0.15370659276867144,0.0,0.001348620902453789
0.2899,0.7163,9.9361,1.5877,-4.1946,-1.4353,0.2971,0.6436,9.9748,506,0,0.1537108679558607,0.0,0.001348620902453789
-0.1621,-0.1232,9.333,-3.4273,-0.6977,-2.7901,-0.1602,-0.2104,9.3389,507,0,0.1485241784480015,0.0,0.012237999309432502
-0.3318,-0.4031,9.9293,0.4891,3.1652,1.4294,-0.4139,-0.4153,9.8596,508,0,0.15370659276867144,0.0,0.002003986071770229
-0.0063,0.0268,9.8226,4.3173,1.4872,-1.3504,0.0006,0.0238,9.8627,509,0,0.15370659276867144,0.0,0.0026465025800025493
-0.0763,-0.6302,9.7265,-4.7978,1.8597,-1.9847,-0.1468,-0.525,9.8513,510,0,0.15369406605517877,0.0,0.002854964333995265
0.0987,0.1571,10.0706,0.5074,-2.3191,-1.2957,0.1122,0.2355,10.0898,511,0,0.15370659276867144,0.0,0.013822406194460384
-0.1533,-0.4803,9.9741,-0.9549,-2.5837,5.0831,-0.1616,-0.4319,10.0215,512,0,0.15370659276867144,0.0,0.013846502580002551
-0.3097,-0.0266,9.509,0.4736,-1.3281,2.1357,-0.3676,-0.0379,9.439,513,0,0.1534046229755623,0.0,0.033234668328484894
-0.1495,-0.1808,9.6912,-1.0332,0.755,3.2528,-0.163,-0.2135,9.565,514,0,0.15370659276867144,0.0,0.04323066538492158
0.1679,0.1176,10.0421,-0.4586,0.599,6.0317,0.1785,0.0883,10.0882,515,0,0.15370659276867144,0.0,0.03262243132681255
-0.2471,0.2856,10.1837,1.0043,2.8481,-4.6143,-0.2448,0.2684,10.1142,516,0,0.15370659276867144,0.0,0.05165511690325833
-0.1675,0.4155,10.01,2.6201,1.9392,-0.4563,-0.1851,0.4128,10.0012,517,0,0.15370659276867144,0.0,0.09165511690325832
-0.1224,-0.3105,9.7825,-1.8434,1.3787,-1.2745,-0.0397,-0.2915,9.7689,518,0,0.15370659276867144,0.0,0.06165511690325834
0.398,0.3198,9.7699,0.2182,0.728,3.1346,0.3812,0.2376,9.7405,519,0,0.15370659276867144,0.0,0.08165511690325833
-0.4988,-0.495,9.8601,2.7579,0.8222,2.3129,-0.4211,-0.4442,9.8699,520,0,0.15370659276867144,0.0,0.13060248532431096
-0.4343,0.0082,9.6831,1.9613,-3.5601,2.0018,-0.4496,0.0864,9.7323,521,0,0.15370659276867144,0.0,0.09060248532431096
0.0917,-0.34,9.8546,5.9439,2.7798,-4.5598,0.1082,-0.3433,9.8075,522,0,0.15370659276867144,0.0,0.022447601447318864
0.2089,0.0759,10.0949,-2.7348,-2.045,4.1919,0.1753,0.1107,10.1456,523,0,0.15370659276867144,0.0,0.013053662053379468
0.0795,-0.4187,10.0759,4.9999,0.5863,1.1419,0.1513,-0.4318,10.0313,524,0,0.15370659276867144,0.0,0.002648256647974063
0.0861,-0.2924,9.685,-0.5722,-0.0772,2.2045,0.0087,-0.2391,9.6805,525,0,0.15370659276867144,0.0,0.013205430935897
-0.0289,0.5763,9.7459,-0.8232,-6.2505,-2.8745,0.0435,0.5605,9.7777,526,0,0.15355074445237718,0.0,0.01237153381327033
-0.0843,0.1483,9.6645,-2.0721,0.8421,-1.0339,-0.0678,0.1714,9.5917,527,0,0.15370659276867144,0.0,0.004179489867949004
-0.6596,0.0728,9.5959,0.7817,-3.543,-2.9757,-0.6313,0.0604,9.5554,528,0,0.1537691488359536,0.0,0.023689511930208913
-0.1621,0.3012,9.4316,7.4894,-0.0125,-3.1376,-0.1088,0.2287,9.4326,529,0,0.1420989092882581,0.0,0.003689511930208913
0.2241,0.0935,9.7106,-2.4007,-3.4995,3.5856,0.1641,0.0556,9.6645,530,0,0.15370659276867144,0.0,0.003689511930208913
0.2496,-0.1305,9.8199,0.6548,1.4328,0.8059,0.2229,-0.103,9.9182,531,0,0.15370659276867144,0.0,0.003689511930208913
0.1712,-0.3274,10.2775,-3.741,5.5497,-3.0375,0.1497,-0.375,10.3259,532,0,0.12313666605359641,0.0,0.022401323084039165
0.0598,-0.486,9.8017,1.2063,-1.0987,0.8262,0.0291,-0.4463,9.8123,533,0,0.15370659276867144,0.0,0.022401323084039165
-0.3267,-0.0515,9.3531,-0.7127,3.5894,1.818,-0.2621,0.0051,9.3181,534,0,0.14726306594284,0.0,0.023575166013315975
-0.5406,0.0658,9.835,-1.9628,-0.1644,1.7426,-0.5487,-0.0053,9.8841,535,0,0.15370659276867144,0.0,0.012528013787652949
-0.0139,-0.2362,9.5533,7.315,-4.0013,-5.28,-0.0111,-0.2074,9.5174,536,0,0.149464669886563,0.0,0.012346096852923675
-0.0028,0.1372,9.7863,-0.4068,1.9992,-0.0426,0.105,0.1495,9.8932,537,0,0.15370659276867144,0.0,0.01174003624686307
0.4181,0.0346,9.5651,3.5996,0.151,-1.8946,0.4884,0.0608,9.625,538,0,0.15370659276867144,0.0,0.002346096852923676
0.2813,0.1188,9.9737,1.8138,-3.6483,0.5854,0.3007,0.1413,9.9392,539,0,0.15370659276867144,0.0,0.02177987688431327
-0.1672,0.0339,9.2428,-7.2825,-1.0275,-2.6302,-0.1671,0.0795,9.2331,540,0,0.10674943165767979,0.0,0.022071709596125873
-0.228,-0.6241,9.8089,0.0067,-1.8868,-2.4904,-0.2288,-0.6009,9.7876,541,0,0.15359223705380823,0.0,0.012869796933781083
-0.2352,-0.2665,9.8175,1.8035,1.0422,2.7931,-0.2983,-0.3424,9.6812,542,0,0.15370659276867144,0.0,0.012262860517596112
0.0965,-0.1652,10.2261,1.4729,-3.5668,-2.7431,0.0436,-0.1897,10.2385,543,0,0.1526504524297057,0.0,0.013817989196266199
-0.1517,0.0755,9.7413,4.6172,4.9112,0.2006,-0.1078,0.1249,9.6963,544,0,0.15370659276867144,0.0,0.0033896940181595376
-0.2708,0.2075,9.7511,-2.3183,-0.8738,-1.7186,-0.1882,0.2125,9.7664,545,0,0.15370659276867144,0.0,0.027944447975303932
-0.2941,0.19,9.9869,4.2179,-2.2019,4.3719,-0.2931,0.1715,10.0369,546,0,0.15370659276867144,0.0,0.0026931670676905504
-0.2569,0.0579,9.5177,0.8656,1.8259,2.0594,-0.3918,0.1298,9.5065,547,0,0.15370659276867144,0.0,0.0026533264302403513
0.2688,0.1112,9.7858,-3.011,-0.4659,2.9024,0.2495,0.104,9.8674,548,0,0.15370659276867144,0.0,0.0026931670676905504
-0.0319,-0.2728,9.7872,-2.3253,-2.957,-1.4891,-0.0489,-0.345,9.6824,549,0,0.15370659276867144,0.0,0.0033001034838755217
0.205,0.6515,10.013,2.4717,1.383,-1.9805,0.2541,0.7069,9.9492,550,0,0.15120463575021342,0.0,0.007166707961487463
0.1607,-0.4064,9.7492,-2.8471,-2.9544,4.4296,0.1544,-0.4411,9.7935,551,0,0.15370659276867144,0.0,0.008292535776057
-0.2583,-0.4596,9.7796,-0.4234,-2.7362,-3.5432,-0.2471,-0.4009,9.7474,552,0,0.15370659276867144,0.0,0.02518901036902406
-0.1466,0.1664,9.9776,0.5409,2.0114,-1.5376,-0.1338,0.0656,9.9057,553,0,0.15370659276867144,0.0,0.02699962788803656
-0.4779,-0.2752,9.6881,-1.2845,-0.256,-1.8789,-0.4401,-0.3165,9.6958,554,0,0.15370659276867144,0.0,0.03636306100193545
0.3661,0.8631,9.6959,2.629,0.795,0.5668,0.3254,0.8865,9.6555,555,0,0.09346330829341021,0.0,0.031274696945462976
-0.0331,-0.271,10.1506,2.4883,0.2686,1.7296,-0.0137,-0.2588,10.1604,556,0,0.15370659276867144,0.0,0.03966179371965653
-0.0097,0.5397,10.0117,-2.0941,-4.2051,2.147,0.0466,0.5478,10.0215,557,0,0.15355074445237718,0.0,0.037328150607385924
0.2138,0.0719,9.9257,0.6382,-1.3407,0.1102,0.2102,0.0084,9.796,558,0,0.15370659276867144,0.0,0.04127469694546297
0.1548,0.0867,9.4862,0.8941,-0.5437,-0.8391,0.1124,0.0768,9.5202,559,0,0.15370659276867144,0.0,0.04127469694546297
0.2207,0.3381,9.9178,-0.6994,3.8931,2.5513,0.2594,0.4124,9.9605,560,0,0.15370659276867144,0.0,0.0513095967862103
0.0931,-0.2257,10.1434,0.7516,-3.0841,-1.5346,0.0593,-0.2496,10.1676,561,0,0.15370659276867144,0.0,0.0513095967862103
-0.066,0.3893,9.9389,0.8091,2.8715,1.7389,-0.0207,0.4024,9.9421,562,0,0.15370659276867144,0.0,0.04926739269630329
-0.3137,-0.0605,9.8407,-1.5773,2.6657,1.8319,-0.3372,-0.0167,9.8499,563,0,0.15370659276867144,0.0,0.04907140940445906
0.3587,-0.1752,9.7355,1.0007,-7.0204,1.9817,0.3763,-0.2343,9.7574,564,0,0.15371468931029958,0.0,0.0577829925004287
0.1264,0.2905,9.9273,1.7352,3.053,-0.5497,0.1347,0.3522,9.9356,565,0,0.15370659276867144,0.0,0.04778299250042869
-0.1504,0.599,9.923,0.3883,3.3144,-6.4364,-0.1669,0.555,9.8971,566,0,0.15355074445237718,0.0,0.0677829925004287
-0.4214,0.2308,9.8654,-0.5033,-0.9525,2.5415,-0.3579,0.2886,9.8224,567,0,0.15370659276867144,0.0,0.06717605608424373
-0.3343,-0.2019,9.9422,2.0319,1.7652,2.7789,-0.2929,-0.1367,9.8602,568,0,0.15370659276867144,0.0,0.06592605608424373
0.0398,0.6051,9.6727,0.6622,-7.8591,-3.1589,-0.0929,0.5746,9.7614,569,0,0.14851750096599095,0.0,0.0249665262448615
0.0184,-0.4263,9.7708,-0.043,-3.8897,1.5068,0.1113,-0.3696,9.7314,570,0,0.15370659276867144,0.0,0.04891307258293857
-0.0459,-0.1378,10.0057,-1.8194,-1.3127,7.9136,-0.0823,-0.1259,10.0312,571,0,0.14841729206857712,0.0,0.039939388372412246
0.0269,-0.0082,9.6076,0.352,-2.1749,0.1865,0.0153,-0.0624,9.5442,572,0,0.15370659276867144,0.0,0.061871516612521375
-0.3931,0.2843,9.8434,1.6197,3.452,-1.7206,-0.3797,0.2526,9.8285,573,0,0.15370659276867144,0.0,0.06894221574842083
-0.3228,0.0384,10.0688,-3.7453,-3.5631,-0.2775,-0.3269,-0.0311,10.0783,574,0,0.15370659276867144,0.0,0.05894221574842083
-0.3964,-0.3306,10.2244,-0.481,-0.2873,4.648,-0.2974,-0.3546,10.1882,575,0,0.1533321728497886,0.0,0.04937151661252138
-0.3265,0.1732,9.701,-0.0491,2.3678,3.6109,-0.3872,0.1922,9.6444,576,0,0.15370659276867144,0.0,0.03529093430239713
-0.2224,0.399,9.9529,-2.1606,-1.6609,-2.45,-0.1635,0.4318,9.8679,577,0,0.15370659276867144,0.0,0.0457602838948003
0.3935,-0.1068,10.0393,4.7312,-1.0473,1.0729,0.3769,-0.1591,10.1042,578,0,0.15370659276867144,0.0,0.03770426742762933
-0.7582,-0.454,10.1378,-1.3694,1.0265,5.7763,-0.807,-0.4576,10.1125,579,0,0.1588237903893114,0.0,0.035391241577395906
-0.1313,-0.2346,9.7679,3.1864,-0.6016,-3.45,-0.1803,-0.3107,9.7574,580,0,0.15370659276867144,0.0,0.025391241577395904
0.5341,-0.5448,9.6012,2.0919,4.2023,0.2536,0.6054,-0.4877,9.5696,581,0,0.15346008255657423,0.0,0.014588321869366714
0.153,0.1474,10.0974,1.2218,0.5429,5.6094,0.1215,0.1882,10.0847,582,0,0.15370659276867144,0.0,0.014588321869366714
-0.0129,0.2338,9.9573,-1.8184,5.7282,-3.0043,-0.0505,0.2307,9.9557,583,0,0.15370659276867144,0.0,0.014588321869366714
0.6313,0.0384,9.7021,0.592,0.6146,2.7168,0.703,0.1301,9.6839,584,0,0.14571927555262257,0.0,0.003600841031349336
-0.1917,0.2113,9.8772,3.3321,4.6141,-2.962,-0.1641,0.0776,9.9186,585,0,0.15370659276867144,0.0,0.014627156820823021
0.7148,-0.3778,9.5384,-0.0525,-1.0286,4.7435,0.6969,-0.439,9.5734,586,0,0.15557955017382005,0.0,0.0020879917429754632
0.0696,0.2638,9.9874,-1.2121,-4.4252,4.6062,0.1417,0.246,9.9992,587,0,0.15370659276867144,0.0,0.0029988757307825276
-0.3741,-0.5887,10.027,0.6167,-3.3962,-2.0992,-0.4249,-0.5824,10.0599,588,0,0.15366621418353923,0.0,0.0029988757307825276
-0.1991,-0.0162,9.7891,-1.8188,3.3756,1.0805,-0.3355,-0.0585,9.8102,589,0,0.15370659276867144,0.0,0.0029988757307825276
-0.2937,0.5591,10.0848,-0.6158,0.0819,-5.9221,-0.2449,0.5899,10.0183,590,0,0.15318370441863025,0.0,0.15187513835704514
-0.0656,-0.1733,10.295,0.0625,-2.7095,4.1764,-0.0647,-0.1653,10.3132,591,0,0.13368593019049776,0.0,0.14187513835704516
0.0216,0.0215,10.0091,-4.851,-0.5258,0.9085,0.0456,0.0174,9.9281,592,0,0.15370659276867144,0.0,0.012859986841893638
0.1223,0.1911,9.9921,-3.3472,1.7839,1.309,0.0633,0.227,9.9689,593,0,0.15370659276867144,0.0,0.03285998684189364
-0.3418,0.039,9.9462,4.9798,-2.3399,-1.2148,-0.2728,-0.0591,9.9374,594,0,0.15370659276867144,0.0,0.03285998684189364
-0.2695,0.1263,10.0658,-1.4729,1.5908,-2.3778,-0.2803,0.1971,10.1028,595,0,0.15370659276867144,0.0,0.03285998684189364
-0.1449,0.1887,10.2566,1.4427,6.2173,4.2613,-0.2195,0.2396,10.2467,596,0,0.1526504524297057,0.0,0.04285998684189364
-0.6223,-0.1132,9.8466,-3.3098,1.0915,1.8411,-0.6879,-0.1097,9.8673,597,0,0.1461722002038318,0.0,0.03285998684189364
-0.2567,-0.4415,9.6431,3.5985,-4.7627,7.9579,-0.1961,-0.5041,9.7038,598,0,0.14723296877765485,0.0,0.03285998684189364
-0.5697,-0.0138,10.0738,-2.1912,0.7104,0.0931,-0.5308,0.0271,10.0797,599,0,0.15370659276867144,0.0,0.03285998684189364
0.1067,-0.2014,9.8922,0.3385,-0.4134,2.9174,0.085,-0.193,9.9295,600,0,0.15370659276867144,0.0,0.03285998684189364
-0.0798,-0.0301,9.6267,-0.0065,-3.3753,0.1732,-0.0962,-0.0213,9.596,601,0,0.15370659276867144,0.0,0.041899534864492514
0.1684,0.0567,9.8982,2.5787,-3.0244,-0.2387,0.0891,0.0315,9.9233,602,0,0.15370659276867144,0.0,0.02285998684189364
-0.5444,0.1326,9.5366,-4.1419,-1.1409,6.355,-0.5461,0.1353,9.5684,603,0,0.15314501477372658,0.0,0.011899534864492509
-0.0567,-0.215,9.5279,2.2849,1.8315,1.2996,-0.0843,-0.3002,9.4954,604,0,0.15370659276867144,0.0,0.03285998684189364
0.1993,-0.1223,10.1587,0.25,3.4628,-0.8215,0.2645,-0.1287,10.179,605,0,0.15370659276867144,0.0,0.02206109046678842
0.3,0.8918,9.4817,-0.148,-1.8963,1.3772,0.2726,0.926,9.3673,606,0,0.0638206673818804,0.0,0.024223623205530002
-0.4174,0.0278,9.9132,-1.5767,-4.1655,-2.0575,-0.3708,0.016,9.9048,607,0,0.15370659276867144,0.0,0.0018995348644925093
-0.0042,0.6177,10.0216,-0.8448,2.7197,-1.8595,0.0414,0.619,10.0916,608,0,0.15318370441863025,0.0,0.011666976724957624
-0.1201,-0.161,9.7311,-2.4883,1.9452,0.6161,-0.1152,-0.1756,9.7066,609,0,0.15370659276867144,0.0,0.011666976724957624
0.2013,-0.4845,9.4663,0.5517,3.1429,0.7549,0.2388,-0.5003,9.4475,610,0,0.1534046229755623,0.0,0.03166697672495763
-0.0102,-0.6455,9.9494,3.2254,-3.5526,1.2875,-0.0399,-0.68,9.8947,611,0,0.15496411884908143,0.0,0.03166697672495763
0.0912,0.0136,9.7753,5.1001,0.5314,2.5448,0.0973,-0.0308,9.782,612,0,0.15370659276867144,0.0,0.03189953486449251
-0.1447,-0.0588,10.0657,3.1268,-4.8988,-3.128,-0.1946,-0.0506,10.138,613,0,0.15370659276867144,0.0,0.03189953486449251
0.1932,-0.1264,9.6534,-4.4748,-0.4855,2.2813,0.2388,-0.1139,9.7185,614,0,0.15370659276867144,0.0,0.031235199200156844
0.0761,-0.0146,9.762,2.3095,2.5521,-1.7132,0.1146,-0.0233,9.752,615,0,0.15370659276867144,0.0,0.03184213561634182
-0.294,-0.2766,9.4679,-5.3105,3.7186,2.8278,-0.2967,-0.2429,9.4622,616,0,0.15370659276867144,0.0,0.021842135616341816
0.0569,0.4026,9.5722,0.8973,-1.0867,-0.0432,0.0644,0.4791,9.5149,617,0,0.15370659276867144,0.0,0.03184213561634182
-0.1731,-0.2222,9.6353,-3.2957,-1.998,0.0481,-0.1683,-0.1583,9.5471,618,0,0.15370659276867144,0.0,0.02207070704491325
-0.2692,-0.2454,10.1202,3.4847,0.0757,-2.5991,-0.2156,-0.2438,10.1473,619,0,0.15370659276867144,0.0,0.02207070704491325
0.3666,-0.1579,9.9607,4.9328,0.444,1.3357,0.39,-0.201,9.9303,620,0,0.15370659276867144,0.0,0.0021918375967302024
-0.0183,0.1393,9.8679,-2.3223,3.6034,1.7229,0.0328,0.0696,9.9269,621,0,0.15370659276867144,0.0,0.001963266168158774
-0.0236,0.0588,9.8868,2.0989,2.0954,2.812,-0.0559,-0.0067,9.9529,622,0,0.15370659276867144,0.0,0.001963266168158774
0.0382,-0.1799,9.7197,-2.4695,5.0207,4.0706,-0.0196,-0.1627,9.7327,623,0,0.15370659276867144,0.0,0.002062472517365123
-0.2836,0.1959,9.5378,1.7531,-2.4071,-0.5815,-0.1743,0.1811,9.5251,624,0,0.15370659276867144,0.0,0.001963266168158774
-0.0898,-0.0847,9.7081,-1.598,4.4861,4.1887,-0.1027,-0.1914,9.6981,625,0,0.15370659276867144,0.0,0.002062472517365123
0.2191,0.2729,9.8957,5.3768,3.8708,-1.6318,0.2188,0.3161,9.9797,626,0,0.15370659276867144,0.0,0.003072420189649645
-0.1205,-0.0454,9.8046,-1.3022,-0.9953,-4.7142,-0.1757,0.0603,9.7019,627,0,0.15370659276867144,0.0,0.003072420189649645
-0.1247,0.2779,10.0885,2.0427,-0.2435,-3.9978,-0.1909,0.3091,10.098,628,0,0.15370659276867144,0.0,0.003072420189649645
-0.4807,-0.0384,10.1096,3.2923,0.9044,2.6125,-0.449,-0.0165,10.098,629,0,0.15370659276867144,0.0,0.003600381636923505
-0.3599,0.3723,9.6141,1.7167,-0.9699,-0.4586,-0.4663,0.3098,9.5902,630,0,0.15370659276867144,0.0,0.0029277545388016624
-0.1973,0.2015,9.6582,1.3767,1.3087,1.0616,-0.2156,0.1879,9.6473,631,0,0.15370659276867144,0.0,0.004074644198849217
-0.66,0.4742,9.5549,4.2499,-3.6268,0.8554,-0.5928,0.3995,9.5478,632,0,0.1537691488359536,0.0,0.003733733427252039
-0.102,-0.1149,9.7415,-4.0399,-0.7056,-1.8261,-0.0793,-0.0655,9.6981,633,0,0.15370659276867144,0.0,0.003888372602509771
0.7613,0.2101,9.8839,4.1607,-4.3405,7.1684,0.8308,0.2473,9.9787,634,0,0.1761005431770408,0.0,0.0020313345893154897
-0.3859,-0.0739,9.7153,0.5865,4.4146,2.0135,-0.355,-0.0282,9.6338,635,0,0.15370659276867144,0.0,0.001334405549363194
0.2056,-0.1558,9.9175,0.3563,-3.4341,-2.1801,0.138,-0.067,9.9072,636,0,0.15370659276867144,0.0,0.012261514989630528
0.4752,-0.0279,9.5419,-1.0541,-6.7405,1.3829,0.4965,-0.0186,9.5868,637,0,0.15370659276867144,0.0,0.002360721338836878
-0.3469,0.5,10.0366,-2.1914,-4.102,-4.9514,-0.3894,0.5721,10.0738,638,0,0.15370659276867144,0.0,0.010378163199301994
0.248,-0.1787,9.7834,2.5021,-1.7685,-1.4301,0.3079,-0.1615,9.703,639,0,0.15370659276867144,0.0,0.023057650378789173
0.0214,0.4509,10.2616,-2.0467,5.222,-1.2507,0.0152,0.5021,10.2931,640,0,0.14727083411008693,0.0,0.0018464853302454847
-0.2404,-0.2458,10.2114,2.5382,-2.3966,1.0443,-0.2854,-0.2423,10.2941,641,0,0.14727083411008693,0.0,0.012070169540771801
-0.1095,-0.0767,9.9821,1.259,2.4311,1.0497,-0.1144,-0.046,10.014,642,0,0.15370659276867144,0.0,0.013278956850095645
-0.3758,0.3522,9.5694,3.424,-0.0999,3.2136,-0.346,0.3112,9.5676,643,0,0.15370659276867144,0.0,0.01225264106062196
-0.1704,-0.1386,10.0422,-1.0998,1.6108,-0.1622,-0.1444,-0.0902,10.0555,644,0,0.15370659276867144,0.0,0.0012351992001568446
0.0922,0.3814,9.5388,-1.7194,2.9587,-2.8786,0.1633,0.4108,9.5304,645,0,0.15370659276867144,0.0,0.011231212489193391
-0.2817,-0.1803,10.2006,-7.2535,-4.6768,4.3191,-0.32,-0.1869,10.18,646,0,0.15163525755496143,0.0,0.02871648914236478
-0.4794,0.0507,9.4542,-1.3923,6.1268,1.8243,-0.4598,0.0057,9.4811,647,0,0.15370659276867144,0.0,0.013187015458154254
-0.3738,0.4601,9.6328,2.1765,0.3909,0.4957,-0.4026,0.4915,9.6702,648,0,0.15370659276867144,0.0,0.001002641060621961
0.3716,-0.0879,10.0091,1.932,1.6603,-4.824,0.3538,-0.0965,9.9766,649,0,0.15370659276867144,0.0,0.023059675426700944
-0.1348,0.4447,9.9142,-7.2229,5.9122,-1.6275,-0.1195,0.4741,9.9353,650,0,0.15163525755496143,0.0,0.0020210171289980292
-0.2471,0.0262,9.8541,6.2713,3.1775,0.7768,-0.2499,0.0721,9.8705,651,0,0.15370659276867144,0.0,0.002618032054371164
0.1358,-0.3138,9.6947,-1.2752,-2.0134,-4.1375,0.0746,-0.3203,9.6228,652,0,0.15370659276867144,0.0,0.003505458954955959
0.0576,0.0881,10.0183,3.6589,-5.5585,-0.4386,0.0404,0.0786,10.0059,653,0,0.15370659276867144,0.0,0.02224079734877825
0.161,-0.5801,9.9225,0.6053,-1.0721,4.3938,0.105,-0.5954,9.9426,654,0,0.15360476376730087,0.0,0.033366625163347784
-0.4544,0.3198,9.6724,3.0295,1.9279,-5.8288,-0.4792,0.2956,9.6747,655,0,0.15370659276867144,0.0,0.00439294095282147
-0.4028,-0.0232,9.715,-0.2295,-6.5115,-0.8828,-0.3556,-0.0577,9.7616,656,0,0.15370659276867144,0.0,0.0
-0.25,0.0446,9.628,-3.4364,-0.7369,3.5131,-0.2461,0.0914,9.6603,657,0,0.15370659276867144,0.0,0.0002197802197802198
0.3128,0.1421,9.7254,3.625,-0.0228,2.0715,0.2719,0.1715,9.6193,658,0,0.15370659276867144,0.0,0.0001388888888888889
0.3118,0.3239,10.1233,-0.6706,-1.2845,-3.3885,0.3195,0.3265,10.143,659,0,0.15370659276867144,0.0,0.0001388888888888889
-0.2217,-0.4514,9.6423,0.0167,-3.9669,-0.0626,-0.1759,-0.4222,9.7657,660,0,0.15370659276867144,0.0,0.0001388888888888889
0.1611,0.1972,9.7025,-2.0338,-2.2432,-4.4502,0.2717,0.2184,9.7236,661,0,0.15370659276867144,0.0,0.0
0.5446,0.3998,9.6495,3.9304,-1.1306,0.7229,0.6063,0.4031,9.6868,662,0,0.15488821094857297,0.0,0.0001388888888888889
0.0573,-0.3864,9.5804,2.6659,-1.6305,-0.9224,0.0357,-0.3261,9.536,663,0,0.15370659276867144,0.0,0.0001388888888888889
0.3715,-0.2724,9.7501,-2.6162,-1.7009,0.1707,0.319,-0.1763,9.6428,664,0,0.15370659276867144,0.0,0.00021483825597749646
-0.1797,0.1179,9.6166,-6.1698,4.7108,-7.8391,-0.2275,0.0926,9.558,665,0,0.1513602608214693,0.0,0.00031404460518384567
0.3223,-0.2356,9.4367,4.2276,-3.9309,4.7052,0.2972,-0.2502,9.4634,666,0,0.15370659276867144,0.0,0.00031404460518384567
0.4339,-0.345,9.6137,4.1813,-0.9774,-3.7268,0.3738,-0.3386,9.5779,667,0,0.15370659276867144,0.0,0.00031404460518384567
0.0869,-0.2597,9.4041,-2.6432,-3.4114,-4.5399,-0.0034,-0.1857,9.3396,668,0,0.14372094607985184,0.0,0.00031404460518384567
0.3318,0.0422,9.9606,-1.4883,-1.0781,-5.8509,0.3545,0.1128,10.0095,669,0,0.15370659276867144,0.0,0.00031404460518384567
-0.2531,-0.3394,9.9028,2.6108,4.4704,2.5004,-0.1234,-0.2884,9.8477,670,0,0.15370659276867144,0.0,0.00031404460518384567
-0.0117,-0.1977,10.0241,-3.3199,1.5875,1.1047,-0.012,-0.1591,10.0271,671,0,0.15370659276867144,0.0,0.00031404460518384567
-0.2212,0.0321,9.6556,-1.5777,3.3118,-1.2196,-0.1181,-0.016,9.6308,672,0,0.15370659276867144,0.0,0.00031404460518384567
0.0591,0.3446,9.6241,2.9156,-2.5052,-0.6297,0.1528,0.4226,9.5699,673,0,0.15370659276867144,0.0,0.00031404460518384567
-0.317,-1.1679,9.8943,1.3361,-3.6221,1.1002,-0.2935,-1.1158,9.9707,674,1,0.047356975540477436,0.0,0.002179747287728188
0.3923,0.1341,9.7893,4.4862,-0.4583,-2.8696,0.4368,0.132,9.7891,675,0,0.15370659276867144,0.0,0.0033797472877281883
0.6528,-0.3908,9.73,2.3373,-0.5264,2.6784,0.6305,-0.37,9.7243,676,0,0.15533301384351667,0.0,0.0020210171289980292
-0.0346,-0.2863,9.8833,0.1938,-0.744,0.8664,0.025,-0.2958,9.9263,677,0,0.15370659276867144,0.0,0.0020210171289980292
0.3504,0.0521,9.5606,0.0516,-1.1608,0.1759,0.2728,-0.0481,9.6154,678,0,0.15370659276867144,0.0,0.0013629852744310575
-0.326,0.3733,9.6132,1.9512,2.3569,1.4806,-0.3608,0.4214,9.6181,679,0,0.15370659276867144,0.0,0.0013629852744310575
0.2903,0.15,10.0952,4.4786,-1.3596,-0.7202,0.3263,0.1518,10.1187,680,0,0.15370659276867144,0.0,0.0020839484659965087
0.0476,-0.0865,9.5215,4.8215,-6.7353,-4.593,0.017,-0.0566,9.4862,681,0,0.15370659276867144,0.0,0.0026018202258873678
0.4695,0.0125,10.1009,-5.3341,0.1632,2.6954,0.4747,0.0569,10.0982,682,0,0.15370659276867144,0.0,0.012601820225887366
-0.169,-0.0319,10.1611,-2.4508,-2.5289,1.0311,-0.2378,-0.0353,10.2627,683,0,0.15135784453201792,0.0,0.012601820225887366
0.5883,-0.0997,9.6969,-0.7349,-5.6766,0.1715,0.5948,-0.0644,9.6454,684,0,0.15522247095773994,0.0,0.009170182309256763
0.6077,0.1966,9.7992,-1.5535,-7.5121,-5.1692,0.4842,0.138,9.7626,685,0,0.14787931757092038,0.0,0.008488054069147622
0.2773,-0.0824,9.838,-1.5066,1.0766,2.0324,0.3146,-0.1083,9.7973,686,0,0.15370659276867144,0.0,0.008349165180258734
-0.3897,-0.0559,9.9234,0.2473,0.5483,0.0761,-0.3712,-0.0618,9.866,687,0,0.15370659276867144,0.0,0.008488054069147622
-0.5234,0.0939,9.6444,0.1237,-4.1309,3.8536,-0.5145,0.1494,9.6321,688,0,0.15370659276867144,0.0,0.018488054069147622
-0.1419,-0.1157,9.8418,0.0039,0.1299,1.1424,-0.1471,-0.1734,9.885,689,0,0.15370659276867144,0.0,0.018488054069147622
0.1847,-0.1561,9.6987,-1.6859,2.0795,-0.477,0.1213,-0.1708,9.6986,690,0,0.15370659276867144,0.0,0.028488054069147624
0.1297,0.0911,10.1578,-0.5268,-3.2135,-4.336,0.2201,0.0087,10.2363,691,0,0.1526504524297057,0.0,0.020736121701997866
0.159,0.013,9.6867,0.9724,-3.4961,-0.6471,0.1601,0.0195,9.7292,692,0,0.15370659276867144,0.0,0.020736121701997866
0.8826,-0.2075,9.9801,-2.1439,1.5675,1.791,0.9005,-0.1882,10.0472,693,0,0.17704887715331488,0.0,0.020024096385542166
-0.0988,-1.0193,10.2302,7.3788,0.1266,-4.0373,-0.0538,-0.9527,10.1976,694,0,0.07991514355232077,0.0,0.010024096385542169
-0.2794,-0.2864,9.8149,3.9859,1.7667,3.6633,-0.205,-0.3502,9.7479,695,0,0.15370659276867144,0.0,0.010024096385542169
-0.1343,0.3432,9.8642,2.6356,5.2985,3.1383,-0.1619,0.3467,9.8849,696,0,0.15370659276867144,0.0,0.010024096385542169
0.3009,0.1541,9.6879,0.2467,-1.2318,3.5801,0.3646,0.1798,9.6313,697,0,0.15370659276867144,0.0,0.020024096385542166
0.4844,-0.4281,9.9559,-2.966,0.4164,-0.1883,0.4499,-0.3953,10.0221,698,0,0.15370659276867144,0.0,0.020024096385542166
-0.4723,0.7986,10.0655,-2.9118,0.4749,-1.4006,-0.4761,0.8075,10.0616,699,0,0.13077683806027132,0.0,0.021103030303030304
0.1977,-0.0386,9.9067,-3.3399,3.8169,1.654,0.2524,-0.0414,9.9543,700,0,0.15370659276867144,0.0,0.02104
0.0518,0.0145,9.7363,-3.6705,-1.617,0.2198,0.1938,0.0337,9.7406,701,0,0.15370659276867144,0.0,0.03172212824010914
-0.0988,0.4397,9.658,-2.405,0.7936,1.1516,-0.1196,0.4595,9.7133,702,0,0.15370659276867144,0.0,0.03127255813953488
-0.1805,-0.1074,9.746,0.0368,-4.0296,-0.2755,-0.1722,-0.0686,9.6819,703,0,0.15370659276867144,0.0,0.03127255813953488
-0.0194,0.1396,9.5016,4.0349,-0.8089,-0.4668,-0.0772,0.1054,9.5463,704,0,0.15370659276867144,0.0,0.021272558139534884
-0.0221,0.2225,9.7713,-0.1875,0.2235,-2.4135,-0.0305,0.2227,9.7886,705,0,0.15370659276867144,0.0,0.03662139534883721
-0.2046,0.3881,9.4862,-1.2812,-1.4413,4.1687,-0.184,0.5011,9.4021,706,0,0.1525588014428267,0.0,0.037303523588946355
-0.1055,-0.2489,10.1007,0.1758,-5.9582,0.8685,-0.0845,-0.2429,10.1511,707,0,0.15370659276867144,0.0,0.037303523588946355
-0.218,-0.4624,9.8085,5.1537,2.261,-1.7239,-0.2214,-0.4547,9.8078,708,0,0.15370659276867144,0.0,0.04662139534883721
0.3208,-0.3051,9.5517,4.6482,-2.9717,-0.9281,0.3382,-0.2882,9.5567,709,0,0.15370659276867144,0.0,0.04662139534883721
-0.1196,0.0658,10.0285,-5.5087,-0.4533,-1.1145,-0.0943,0.099,9.9948,710,0,0.15370659276867144,0.0,0.041272558139534885
-0.1197,0.0795,9.7923,2.7856,1.276,-9.0813,-0.0822,0.0698,9.6775,711,0,0.14974567771687153,0.0,0.03877255813953488
-0.1813,0.2237,9.8454,2.0513,-0.4201,-1.1569,-0.0423,0.1319,9.8953,712,0,0.15370659276867144,0.0,0.048871764488741226
-0.2354,-0.2144,9.7968,-0.3904,0.7432,7.9703,-0.2734,-0.2247,9.8357,713,0,0.14841729206857712,0.0,0.03887176448874123
-0.0559,0.4134,9.6462,-4.2136,0.4778,1.0728,-0.0631,0.3931,9.6461,714,0,0.15370659276867144,0.0,0.018871764488741234
-0.2569,-0.1195,9.9011,1.0004,-1.523,3.6565,-0.2939,-0.1118,9.9647,715,0,0.15370659276867144,0.0,0.019454686379644027
0.2275,0.0713,10.1388,-5.3141,-0.5433,-3.3667,0.2568,0.0295,10.1848,716,0,0.1533321728497886,0.0,0.05042963965067206
-0.6545,-0.4515,9.9412,-0.573,-1.3881,0.8798,-0.7108,-0.5183,10.0393,717,0,0.14587588651650946,0.0,0.030429639650672066
0.2578,-0.8386,9.4832,3.1619,2.4783,-0.4282,0.2364,-0.8452,9.4972,718,0,0.12495830776317049,0.0,0.020732669953702366
-0.2934,-0.1426,9.8732,1.6077,1.4195,-3.1534,-0.276,-0.2123,9.9383,719,0,0.15370659276867144,0.0,0.020732669953702366
-0.4722,0.3035,9.7679,-2.575,-2.197,-3.8898,-0.481,0.3192,9.8684,720,0,0.15370659276867144,0.0,0.040732669953702366
-0.1357,-0.16,10.0518,0.8935,-1.8832,2.4013,-0.1477,-0.1824,10.0673,721,0,0.15370659276867144,0.0,0.020732669953702366
-0.2946,-0.126,9.6553,-0.4537,0.9546,7.11,-0.2641,-0.132,9.7029,722,0,0.15314501477372658,0.0,0.020050541713593228
0.3904,-0.1247,9.9304,-1.7295,2.7515,-5.3299,0.4447,-0.0352,9.935,723,0,0.15370659276867144,0.0,0.020050541713593228
-0.3099,-0.1321,9.746,0.8671,3.2797,-1.4125,-0.3545,-0.172,9.6923,724,0,0.15370659276867144,0.0,0.028947511410562923
-0.398,-0.3769,9.6781,-5.4005,-0.9129,2.3209,-0.3504,-0.3655,9.727,725,0,0.15370659276867144,0.0,0.028947511410562923
0.2785,-0.6678,9.855,-2.1816,-3.5699,1.2558,0.3372,-0.6686,9.828,726,0,0.15313128855951422,0.0,0.01894751141056292
-0.2204,0.2347,9.6375,3.7815,-0.0679,-0.7745,-0.2536,0.3435,9.6506,727,0,0.15370659276867144,0.0,0.019629639650672062
-0.0985,-0.1543,9.5557,2.0827,0.0912,-1.0212,-0.1037,-0.1851,9.4977,728,0,0.15370659276867144,0.0,0.019629639650672062
0.4263,-0.4934,9.4621,-4.8846,0.9917,-2.9517,0.5253,-0.4343,9.5202,729,0,0.15370659276867144,0.0,0.029629639650672064
-0.0687,0.3436,9.532,-4.2259,6.5931,-2.7677,-0.0725,0.3511,9.4943,730,0,0.15370659276867144,0.0,0.009208337173294818
0.3957,0.3378,9.6513,2.1308,1.9467,1.7741,0.4012,0.2772,9.6569,731,0,0.15370659276867144,0.0,0.030168789150695943
0.1973,0.429,9.6487,1.879,2.9636,-2.8053,0.1883,0.3986,9.7369,732,0,0.15370659276867144,0.0,0.02956272854463534
-0.074,0.6804,9.6559,2.8793,-3.921,4.1958,-0.0617,0.8032,9.6659,733,0,0.11960791705193624,0.0,0.020471819453726246
0.4939,0.2429,9.7805,-1.1593,4.5904,-2.9388,0.4707,0.187,9.8822,734,0,0.15370659276867144,0.0,0.03986575884766564
-0.536,0.1254,9.7684,-2.3164,3.9764,-3.4374,-0.5563,0.2142,9.7288,735,0,0.15370659276867144,0.0,0.01963249802814208
-0.11,-0.3427,9.8269,5.8547,-3.0629,0.7242,-0.1485,-0.2562,9.8647,736,0,0.15370659276867144,0.0,0.029026437422081476
-0.1097,-0.2166,10.0172,-3.2859,-4.7131,6.4395,-0.0066,-0.2798,9.998,737,0,0.15314501477372658,0.0,0.029278809336790237
-0.037,0.0553,9.8991,-2.7981,-1.7544,-3.6649,-0.1161,0.0144,9.9554,738,0,0.15370659276867144,0.0,0.019278809336790236
0.0148,-0.1259,9.535,-0.2492,3.2688,5.791,-0.0792,-0.0718,9.4586,739,0,0.15370659276867144,0.0,0.019684214742195644
0.5282,-0.1057,9.8943,-0.1532,-2.6446,0.9451,0.5041,-0.0832,9.9024,740,0,0.15370659276867144,0.0,0.019684214742195644
-0.4489,-0.0957,10.057,-0.1321,-0.8028,4.4541,-0.464,-0.1342,9.9267,741,0,0.15370659276867144,0.0,0.019278809336790236
0.0001,-0.1654,9.7803,-1.1268,1.6386,-5.0871,-0.0088,-0.1369,9.7797,742,0,0.15370659276867144,0.0,0.019278809336790236
0.2412,-0.1981,9.7032,4.8622,0.4087,0.4502,0.2767,-0.171,9.7102,743,0,0.15370659276867144,0.0,0.02024087804037931
-0.0257,0.0863,9.3258,0.5198,-3.1022,0.5411,-0.0206,0.0717,9.3056,744,0,0.14688568068922753,0.0,0.00247668268880532
0.2014,0.2224,9.4933,0.7703,-0.1949,2.251,0.2738,0.2148,9.495,745,0,0.15370659276867144,0.0,0.0028303713801571618
-0.3423,0.116,9.7316,-1.6428,-4.0858,-0.6272,-0.3586,0.0196,9.7461,746,0,0.15370659276867144,0.0,0.012830371380157161
0.0673,-0.1292,9.4544,2.6934,-6.1689,-1.7253,0.0091,-0.0828,9.438,747,0,0.1534046229755623,0.0,0.002597813240622278
-0.3002,-0.2817,9.7635,-2.3852,-3.8678,-5.6958,-0.2777,-0.2956,9.7643,748,0,0.15370659276867144,0.0,0.02324851741253966
0.0077,-0.3192,10.054,3.3489,-2.7745,-2.8464,0.0967,-0.3241,9.9795,749,0,0.15370659276867144,0.0,0.01499568619237051
0.2814,0.0009,9.7923,5.567,1.4357,-3.1377,0.239,0.0552,9.8525,750,0,0.15370659276867144,0.0,0.014590280786965105
0.8147,0.0661,9.7001,-8.3961,0.5342,-0.6871,0.7802,-0.0065,9.6685,751,0,0.15136485795275834,0.0,0.011722454280435182
-0.1993,0.2068,9.7349,-1.7193,-3.0943,0.6491,-0.1697,0.2019,9.6668,752,0,0.15370659276867144,0.0,0.011317048875029776
0.0234,0.2537,9.8135,-3.1609,0.7963,-1.4821,0.0714,0.2491,9.78,753,0,0.15370659276867144,0.0,0.011951025709006611
0.4522,0.3441,9.9727,-0.2909,1.3561,3.7631,0.4486,0.3125,9.9462,754,0,0.15370659276867144,0.0,0.011722454280435182
0.0049,-0.1028,9.9835,-2.2273,0.911,-2.3676,-0.0196,-0.0839,10.0741,755,0,0.15370659276867144,0.0,0.001722454280435181
0.2237,-0.168,9.47,-0.1332,0.8059,-3.4371,0.2583,-0.1837,9.4208,756,0,0.152691395331968,0.0,0.001722454280435181
0.1315,-0.526,9.7939,0.4306,-3.1463,6.301,0.0743,-0.5566,9.7936,757,0,0.15314501477372658,0.0,0.041951025709006606
-0.1042,-0.0513,9.5025,4.0954,-2.4972,0.702,-0.0576,-0.0104,9.452,758,0,0.1534046229755623,0.0,0.021951025709006602
0.0046,-0.3144,9.6332,-4.3467,1.0337,0.6437,-0.0052,-0.3649,9.585,759,0,0.15370659276867144,0.0,0.02172245428043518
0.0978,-0.0891,9.9062,-3.613,1.7023,-2.006,0.1744,-0.0397,9.9316,760,0,0.15370659276867144,0.0,0.031951025709006604
0.4387,-0.0372,9.6616,-4.5889,-5.0516,-1.1894,0.4809,-0.0667,9.6824,761,0,0.15370659276867144,0.0,0.011379036411084455
-0.0485,-0.0322,9.5391,0.1385,-3.2172,1.0715,0.0074,-0.0664,9.4667,762,0,0.15370659276867144,0.0,0.0013549400255422853
-0.0347,0.5441,9.9203,1.991,-1.77,-0.5797,-0.0408,0.5094,9.9826,763,0,0.15355074445237718,0.0,0.001379036411084454
0.0237,0.1296,9.7969,3.4776,3.1578,-1.6923,-0.0168,0.0844,9.7242,764,0,0.15370659276867144,0.0,0.001379036411084454
-0.0792,0.1369,9.8214,1.551,-0.9127,-6.9987,-0.0739,0.0803,9.8406,765,0,0.1532405209942328,0.0,0.011379036411084455
0.3254,-0.269,9.7369,-2.744,0.7791,-0.5086,0.3382,-0.2367,9.7079,766,0,0.15370659276867144,0.0,0.021379036411084452
0.3967,-0.0509,9.9565,1.6106,4.3459,4.0288,0.381,-0.0812,9.9405,767,0,0.15370659276867144,0.0,0.0216323926933564
0.2689,0.3024,10.0678,-3.4573,-0.2187,-0.1763,0.3871,0.2325,10.0328,768,0,0.15370659276867144,0.0,0.011632392693356398
-0.0089,0.3557,9.6389,1.8699,2.7886,1.2019,-0.0045,0.4111,9.6601,769,0,0.15370659276867144,0.0,0.018045436171617267
0.2626,-0.6086,9.6095,-2.5987,1.2384,1.4037,0.3002,-0.6128,9.7077,770,0,0.15348915223800602,0.0,0.013418202153716158
-0.5684,0.0538,9.649,-0.29,-4.9273,3.3374,-0.5957,-0.0239,9.7277,771,0,0.15370659276867144,0.0,0.011632392693356398
0.1237,-0.4129,9.9573,1.5469,-2.3962,-1.3136,0.1712,-0.3882,9.9195,772,0,0.15370659276867144,0.0,0.018045436171617267
0.0738,-0.1579,10.0318,2.5007,-2.9797,-1.1913,0.12,-0.1324,10.0795,773,0,0.15370659276867144,0.0,0.04122698728795099
-0.3261,0.0737,9.6128,-2.5731,-0.5207,2.6121,-0.2546,0.0527,9.5697,774,0,0.15370659276867144,0.0,0.023012796748310756
-0.3198,0.2587,9.5976,-6.9589,-2.1212,2.6326,-0.2923,0.2447,9.5997,775,0,0.15370659276867144,0.0,0.023012796748310756
0.0958,0.0885,9.7475,-2.8077,2.4141,1.7656,0.0767,0.1218,9.7146,776,0,0.15370659276867144,0.0,0.013094377209671205
0.032,0.1205,9.67,-3.904,-3.0111,2.0253,-0.0043,0.0945,9.6647,777,0,0.15370659276867144,0.0,0.013573408888319951
-0.1407,-0.0102,9.729,-0.1209,-6.7133,4.8951,-0.14,-0.0588,9.6347,778,0,0.15370659276867144,0.0,0.01982340888831995
0.1502,0.2832,10.1005,-1.6051,-5.6216,4.4394,0.0774,0.4468,10.1626,779,0,0.15370659276867144,0.0,0.012626040467267318
-0.3437,0.212,9.9692,-0.8174,1.5985,-2.3335,-0.3622,0.2331,9.9927,780,0,0.15370659276867144,0.0,0.02006340888831995
0.1888,-0.3255,9.5359,-2.3096,-1.7457,-5.2868,0.2365,-0.3325,9.579,781,0,0.15370659276867144,0.0,0.013813408888319952
-0.8058,0.2033,9.9271,1.8915,4.776,-1.195,-0.8561,0.1327,9.9303,782,0,0.1510451346715099,0.0,0.00024
0.2989,-0.452,9.9964,-2.6154,-2.6086,0.4161,0.2578,-0.512,9.9428,783,0,0.15370659276867144,0.0,0.0017084120660216277
0.279,-0.3093,9.8855,-5.0852,1.2248,4.925,0.2031,-0.3927,9.8525,784,0,0.15370659276867144,0.0,0.0017084120660216277
-0.0962,0.4344,9.7784,3.5948,3.5979,-3.7721,-0.0747,0.437,9.7037,785,0,0.15370659276867144,0.0,0.0010393343083362752
-0.5492,-0.1841,9.8434,1.6753,-0.901,0.1355,-0.5394,-0.1633,9.8662,786,0,0.15370659276867144,0.0,0.010279840637450199
0.0375,0.2604,9.8721,-1.0008,-2.3036,2.4597,-0.0251,0.2629,9.8815,787,0,0.15370659276867144,0.0,0.010279840637450199
-0.5193,-0.0351,10.1631,1.5505,-4.679,-3.1487,-0.6121,-0.0137,10.1135,788,0,0.15370659276867144,0.0,0.010279840637450199
0.7094,0.3001,9.9733,-1.2314,1.2289,4.4975,0.6863,0.281,9.9877,789,0,0.15554206470249757,0.0,0.00024
-0.3787,0.7408,9.6945,4.4441,1.0283,-2.0119,-0.34,0.7422,9.7114,790,0,0.1533733515922922,0.0,0.0007219277108433736
-0.1384,-0.0514,9.7696,3.3769,-0.6329,2.6721,-0.1879,-0.0176,9.8215,791,0,0.15370659276867144,0.0,0.0007617683482935727
0.0232,0.3694,9.6992,0.3432,-0.3181,1.8097,0.0665,0.4346,9.6668,792,0,0.15370659276867144,0.0,0.0007617683482935727
0.0676,-0.2756,9.6081,-3.8275,-3.5599,-1.2353,0.1162,-0.254,9.6931,793,0,0.15370659276867144,0.0,0.0007617683482935727
0.0554,0.1306,9.9793,-1.8736,6.9755,0.8801,0.086,0.2364,9.9356,794,0,0.1515073908928257,0.0,0.0004819277108433735
-0.4131,-0.551,9.9653,-0.8356,-0.1766,3.7089,-0.4537,-0.5872,9.9762,795,0,0.15360476376730087,0.0,0.01
0.1257,-0.0683,9.4018,-2.8085,0.7947,-1.0946,0.1488,-0.1183,9.3971,796,0,0.15700349259101395,0.0,0.0004819277108433735
0.267,0.5127,9.9827,-1.5588,2.2368,1.7966,0.2367,0.4507,10.0201,797,0,0.15370659276867144,0.0,0.01
-0.6436,-0.1748,9.8943,-0.5382,-2.4896,2.1745,-0.7729,-0.2833,9.9265,798,0,0.12109284184275843,0.0,0.01
-0.7587,0.128,10.024,2.8064,-4.3146,-0.328,-0.7267,0.0205,10.0022,799,0,0.15054539914549353,0.0,0.01
0.12,-0.2077,9.8411,0.6319,4.3644,0.1038,0.1081,-0.1934,9.8695,800,0,0.15370659276867144,0.0,0.01
-0.0465,-0.5083,9.4428,6.3242,-2.1897,1.4829,-0.0737,-0.5017,9.3961,801,0,0.15131690053540528,0.0,0.014444444444444444
-0.0023,-0.3134,9.6039,4.674,-0.0765,4.3956,-0.0243,-0.3631,9.6313,802,0,0.15370659276867144,0.0,0.01
0.2723,0.3621,9.5643,1.2014,-1.1733,-4.5167,0.2325,0.3242,9.5218,803,0,0.15370659276867144,0.0,0.014444444444444444
-0.1223,-0.3454,9.9125,6.3844,-6.3094,6.2137,-0.0688,-0.2846,9.8808,804,0,0.15228953460499206,0.0,0.01
-0.4149,0.1744,9.5114,-4.4455,-6.5769,4.7438,-0.4137,0.1925,9.5024,805,0,0.15370659276867144,0.0,0.01
0.3317,-0.2576,9.9023,0.4282,2.6643,2.8815,0.3165,-0.242,9.8558,806,0,0.15370659276867144,0.0,0.01
0.6363,-0.0228,10.1979,-1.6611,6.152,3.6934,0.661,-0.011,10.2534,807,0,0.14758447985231765,0.0,0.0
-0.2722,0.1113,9.6046,-2.8534,1.0056,-0.059,-0.2864,0.206,9.6286,808,0,0.15370659276867144,0.0,0.01
0.2264,0.4319,9.7736,7.2854,3.0063,1.6797,0.2663,0.5019,9.6827,809,0,0.15242389511884455,0.0,0.01
0.4437,-0.0004,10.1473,-3.1361,3.559,-3.1287,0.4592,0.0205,10.1912,810,0,0.1533321728497886,0.0,0.0
-0.4152,-0.0,10.1256,0.8723,1.6578,1.3515,-0.3801,-0.0414,10.208,811,0,0.15262407051682947,0.0,0.0
-0.2443,-0.1755,9.818,-6.8753,1.9767,-2.151,-0.1217,-0.1627,9.844,812,0,0.15370659276867144,0.0,0.0
-0.0498,0.2784,9.7053,0.7732,7.0431,2.0255,-0.043,0.2896,9.6389,813,0,0.15132945582779983,0.0,0.0
-0.1159,0.2227,9.8701,-0.2966,-4.8409,2.9536,-0.0885,0.2572,9.7987,814,0,0.15370659276867144,0.0,0.0
0.2882,0.2997,9.6812,-2.7373,-2.7548,1.4798,0.3475,0.3349,9.727,815,0,0.15370659276867144,0.0,0.0005970149253731343
-0.0442,0.1374,9.8768,-3.8473,-1.126,4.3566,-0.0594,0.1036,9.8942,816,0,0.15370659276867144,0.0,0.0005970149253731343
-0.4226,0.3255,9.9283,0.7634,2.5463,2.5721,-0.3788,0.3526,9.8946,817,0,0.15370659276867144,0.0,0.0005970149253731343
-0.1675,0.2165,9.9737,-0.3732,-5.2803,1.9128,-0.1692,0.1627,9.9403,818,0,0.15370659276867144,0.0,0.0005970149253731343
-0.016,-0.0635,9.8513,2.2237,-2.1477,-2.6369,0.0082,-0.0719,9.8557,819,0,0.15370659276867144,0.0,0.0017970149253731344
0.0993,0.6022,9.725,0.8512,0.264,-0.2984,0.2054,0.6768,9.731,820,0,0.15309497375261916,0.0,0.0018368555628233336
0.1756,0.1138,9.7193,2.6735,-0.2104,-4.6114,0.1574,0.1328,9.6882,821,0,0.15370659276867144,0.0,3.9840637450199205e-05
-0.2054,-0.1236,9.9188,3.4266,-3.3103,2.324,-0.2818,-0.0657,9.8956,822,0,0.15370659276867144,0.0,3.9840637450199205e-05
0.1935,-0.6708,9.7101,-3.6794,0.8872,3.5652,0.138,-0.6928,9.7359,823,0,0.15068601809729554,0.0,3.9840637450199205e-05
0.3295,-0.0954,9.7014,-4.3634,-2.2514,-1.5619,0.3258,-0.0771,9.728,824,0,0.15370659276867144,0.0,3.9840637450199205e-05
-0.1771,-0.3837,9.7229,-4.5758,-3.025,5.3411,-0.2301,-0.3594,9.7599,825,0,0.15370659276867144,0.0,3.9840637450199205e-05
0.0686,0.0947,9.746,-3.6092,-2.222,-2.3959,0.1016,0.1758,9.8123,826,0,0.15370659276867144,0.0,0.0112398406374502
0.2452,0.0317,9.5981,0.1201,-2.1452,-0.1581,0.166,-0.0645,9.5157,827,0,0.15370659276867144,0.0,0.001239840637450199
0.4553,-0.3074,9.6734,1.4906,-0.6994,-2.2048,0.4146,-0.2858,9.6281,828,0,0.15370659276867144,0.0,3.9840637450199205e-05
0.2964,0.0454,10.0774,-1.2182,-3.1596,-0.8075,0.2924,0.0775,10.1076,829,0,0.15370659276867144,0.0,3.9840637450199205e-05
-0.0385,0.0229,9.4742,2.9653,8.1143,3.8235,-0.0007,0.0195,9.4296,830,0,0.14027643512465032,0.0,3.9840637450199205e-05
-0.1474,-0.0485,9.6338,3.2567,1.5159,0.4295,-0.1786,-0.0709,9.667,831,0,0.15370659276867144,0.0,0.0006368555628233336
0.0364,-0.3462,9.6762,0.7613,4.1098,4.4993,0.1044,-0.3311,9.56,832,0,0.15370659276867144,0.0,0.0018923036916373911
0.0712,0.6995,9.9026,5.4851,-5.6149,-3.7164,0.1142,0.7577,9.9233,833,0,0.1455446268000603,0.0,0.011753256704980841
-0.0074,0.0288,9.506,1.097,-1.6407,-0.4244,0.0408,0.0831,9.562,834,0,0.15370659276867144,0.0,0.010153256704980842
0.2028,0.275,10.0352,-0.8294,2.8041,3.1696,0.2694,0.3079,10.1461,835,0,0.15370659276867144,0.0,0.010750271630353976
0.1438,0.0762,9.6935,-0.155,-0.245,2.34,0.1318,0.0759,9.7635,836,0,0.15370659276867144,0.0,0.010849477979560325
0.2233,0.0675,10.0713,1.0562,-0.7964,0.7732,0.1637,-0.0317,9.9829,837,0,0.15370659276867144,0.0,0.010849477979560325
-0.104,-0.0499,9.786,-4.7532,-0.7308,-0.4087,-0.1365,-0.0419,9.8791,838,0,0.15370659276867144,0.0,0.011331405690403697
0.2654,0.3915,9.8734,-0.292,-2.8854,3.3435,0.3165,0.4564,9.866,839,0,0.15370659276867144,0.0,0.011331405690403697
0.4197,0.0262,9.8841,0.2977,1.9518,-3.1486,0.361,0.0722,9.9304,840,0,0.15370659276867144,0.0,0.011331405690403697
0.1999,-0.1649,9.7362,5.4323,-0.2671,0.6035,0.3167,-0.1015,9.7893,841,0,0.15370659276867144,0.0,0.011331405690403697
-0.097,-0.1477,9.8147,-1.1813,1.8375,-0.5848,-0.0805,-0.0871,9.7359,842,0,0.15370659276867144,0.0,0.012931405690403696
-0.5892,0.0941,9.9146,-1.7609,-2.1176,-0.6453,-0.635,0.1466,9.8811,843,0,0.15370659276867144,0.0,0.012832199341197347
-0.1789,-0.0457,10.0088,5.3257,1.848,2.3538,-0.1925,-0.0394,9.9971,844,0,0.15370659276867144,0.0,0.011331405690403697
-0.3777,0.0865,9.7891,-1.0932,3.0701,1.0934,-0.3599,0.0467,9.7618,845,0,0.15370659276867144,0.0,0.012931405690403696
0.2728,0.3394,9.7655,2.0813,3.1151,3.0407,0.2238,0.341,9.6896,846,0,0.15370659276867144,0.0,0.011499003455766826
0.1017,0.3838,9.7794,2.3157,0.7742,-3.2955,0.1415,0.3976,9.762,847,0,0.15370659276867144,0.0,0.012931405690403696
-0.0452,0.5052,9.9721,2.7815,-0.3532,-4.3332,0.0395,0.58,9.9609,848,0,0.15370659276867144,0.0,0.03274428559883407
0.309,0.486,10.0863,-1.6454,2.3795,-3.0498,0.3343,0.4908,10.0457,849,0,0.15370659276867144,0.0,0.03624250677635276
0.1168,0.4146,10.0106,2.2004,5.9967,1.3653,0.172,0.4019,10.0362,850,0,0.15370659276867144,0.0,0.026462286996132983
0.7034,0.2816,9.7424,-0.4916,0.6263,-2.297,0.6939,0.2193,9.6962,851,0,0.15592705281505181,0.0,0.025185691251452133
0.0577,0.1707,9.9602,-4.5495,-2.3162,-2.5812,0.0722,0.2227,9.9099,852,0,0.15370659276867144,0.0,0.025185691251452133
0.2964,-0.1993,9.7232,-2.3402,-4.7377,5.1314,0.2484,-0.162,9.7534,853,0,0.15370659276867144,0.0,0.025185691251452133
0.0142,0.3731,9.7991,2.9532,-9.4397,-0.8733,-0.0357,0.414,9.9106,854,0,0.14843464506915963,0.0,0.02604064268476177
-0.2056,0.3303,10.0028,0.6357,2.9346,0.1094,-0.195,0.3622,9.9469,855,0,0.15370659276867144,0.0,0.04625385832889353
0.3143,-0.3947,9.9232,5.0184,-1.7233,4.9245,0.311,-0.3364,9.9047,856,0,0.15370659276867144,0.0,0.026722770924870912
0.2196,0.2387,9.9315,2.5799,-2.3871,-2.6837,0.2595,0.2462,9.9581,857,0,0.15370659276867144,0.0,0.05498442981894153
-0.0344,0.163,9.6906,-2.466,-0.7255,0.1129,0.0144,0.1449,9.6571,858,0,0.15370659276867144,0.0,0.05498442981894153
0.544,0.1921,9.7571,2.7887,-1.842,5.3036,0.5201,0.1858,9.6943,859,0,0.15361879978792273,0.0,0.035685469813476874
-0.6307,0.264,9.8896,-0.3131,-4.6944,-0.3494,-0.5658,0.363,9.9395,860,0,0.1537691488359536,0.0,0.043433852915169456
0.1903,-0.373,9.5861,-3.5101,2.7423,2.309,0.1396,-0.4428,9.5678,861,0,0.15370659276867144,0.0,0.08136019629990145
-0.2801,-0.0354,9.6953,6.2687,-7.8935,-6.4893,-0.2335,0.0442,9.6719,862,0,0.14943286174940051,0.0,0.08226784798619181
0.395,-0.1368,9.9494,-1.2289,-2.726,1.6365,0.4768,-0.1426,9.9838,863,0,0.15370659276867144,0.0,0.08199610885575702
0.0615,-0.4194,9.4163,-0.5606,3.168,1.4302,0.0985,-0.4091,9.409,864,0,0.152691395331968,0.0,0.08199610885575702
0.1778,-0.435,9.8775,0.9892,-4.137,-4.7127,0.106,-0.384,9.9463,865,0,0.15370659276867144,0.0,0.08106521673855237
-0.1269,0.4626,9.5617,-0.9336,-7.045,0.5438,-0.1352,0.4476,9.5345,866,0,0.1535830087878228,0.0,0.07227783875340903
0.4487,0.0136,9.7128,3.7277,-1.6111,1.4818,0.4662,-0.0305,9.7039,867,0,0.15370659276867144,0.0,0.09040609962297425
0.3172,0.4247,9.5425,0.5135,-6.7837,-0.1394,0.3454,0.4753,9.6425,868,0,0.15370659276867144,0.0,0.09040609962297425
0.0908,0.1528,9.4711,-5.5889,-0.5984,-1.3022,0.099,0.1421,9.5073,869,0,0.15370659276867144,0.0,0.08065312712311863
0.3403,-0.6917,9.8518,0.506,-2.5536,-1.9636,0.3553,-0.6861,9.8181,870,0,0.15418379969483526,0.0,0.08177895493768818
0.0493,-0.072,9.4671,-1.8692,0.8349,0.4974,0.102,-0.1152,9.4175,871,0,0.152691395331968,0.0,0.08177895493768818
0.2977,-0.0075,9.6479,1.2767,-2.6425,1.0766,0.2897,0.1128,9.591,872,0,0.15370659276867144,0.0,0.08177895493768818
0.0125,0.0518,9.3389,-1.9764,0.5598,1.4358,0.0801,0.1236,9.3066,873,0,0.14688568068922753,0.0,0.042394720684110786
-0.0092,-0.0903,9.9241,2.5378,4.7015,-0.2915,0.0395,-0.0607,9.9781,874,0,0.15370659276867144,0.0,0.04068882407532939
-0.2087,-0.1155,9.8722,2.2519,1.5011,0.488,-0.2388,-0.1715,9.7809,875,0,0.15370659276867144,0.0,0.050961712343452564
0.7695,-0.0822,9.4034,2.204,3.039,3.8926,0.7544,0.0164,9.4538,876,0,0.15398897852878024,0.0,0.03100054729490888
-0.0422,-0.0551,9.9359,0.2487,0.6587,8.2281,-0.0257,-0.0944,9.9441,877,0,0.14841729206857712,0.0,0.031156959890886248
-0.2634,-0.2411,9.5679,-5.673,4.2851,0.8505,-0.2517,-0.1831,9.5066,878,0,0.15370659276867144,0.0,0.022532077803054783
0.1668,-0.1681,9.88,0.0359,-2.7583,2.1808,0.2331,-0.1788,9.863,879,0,0.15370659276867144,0.0,0.022532077803054783
0.4111,0.5165,9.8819,0.3614,1.0642,-3.8622,0.3613,0.4862,9.8056,880,0,0.15370659276867144,0.0,0.07149430911708914
-0.1807,0.1202,9.8954,-0.0849,2.3898,2.3479,-0.1514,0.0794,9.8076,881,0,0.15370659276867144,0.0,0.059735785661564914
0.0538,0.1872,10.0425,-2.2591,-0.8573,-0.2489,0.1678,0.1697,9.9848,882,0,0.15370659276867144,0.0,0.07180680911708913
0.3192,-0.0329,9.9084,-2.4947,0.3315,-0.4989,0.3025,-0.0319,9.8914,883,0,0.15370659276867144,0.0,0.05983105912506649
0.1674,0.3178,9.8778,1.2687,2.5581,0.2619,0.1511,0.3598,9.8405,884,0,0.15370659276867144,0.0,0.048276706964609915
0.1781,-0.2466,9.5841,-4.6384,-4.1359,-0.0436,0.1829,-0.2306,9.6092,885,0,0.15370659276867144,0.0,0.05967641994980876
0.0298,0.2039,9.9414,-5.1078,3.4097,-3.1292,0.0284,0.1709,9.9112,886,0,0.15370659276867144,0.0,0.0461241484665028
-0.3472,0.0563,9.5958,-4.5042,-5.3014,-1.0949,-0.3438,0.0406,9.5932,887,0,0.15370659276867144,0.0,0.05670775453912424
-0.2689,-0.2336,9.7384,-2.8393,-2.1014,-2.9591,-0.3191,-0.2921,9.6987,888,0,0.15370659276867144,0.0,0.05124572922266855
0.1172,0.2294,9.9312,0.4277,1.7331,2.8288,0.1978,0.2749,9.9524,889,0,0.15370659276867144,0.0,0.05670775453912424
0.1979,-0.2594,9.717,0.6997,8.7832,2.7877,0.1764,-0.11,9.6881,890,0,0.13786203395000995,0.0,0.03186276952763935
0.3784,-0.1167,9.5423,-1.5758,0.624,-4.0775,0.3742,-0.0675,9.6088,891,0,0.15370659276867144,0.0,0.022012683391769376
-0.3497,0.1505,9.8087,2.9267,0.8936,1.538,-0.3547,0.1402,9.8595,892,0,0.15370659276867144,0.0,0.008664939030867118
-0.7335,-0.1709,9.4851,-0.8118,0.8318,-1.884,-0.7784,-0.2414,9.4594,893,0,0.15820597412957565,0.0,0.014772856865720243
-0.1004,0.3055,9.6433,-2.1545,3.814,1.5849,-0.1983,0.2444,9.6711,894,0,0.15370659276867144,0.0,0.014772856865720243
0.2809,0.5943,10.0003,2.3786,2.8228,-4.774,0.3556,0.5943,9.9507,895,0,0.15318370441863025,0.0,0.023296907498631638
-0.2841,-0.1353,9.9862,2.2072,1.4205,1.5873,-0.37,-0.1667,10.0482,896,0,0.15370659276867144,0.0,0.011772856865720245
0.2322,0.0933,10.1401,0.2067,0.3179,8.1413,0.2179,0.1963,10.1765,897,0,0.14899207839336348,0.0,0.014772856865720243
-0.1025,-0.0553,9.8436,-7.2079,3.4066,-2.3896,-0.0838,-0.0306,9.8137,898,0,0.15221377687624613,0.0,0.012328412421275801
0.2382,-0.101,9.8316,0.5829,-1.0302,2.8894,0.2012,-0.0396,9.7766,899,0,0.15370659276867144,0.0,0.006696907498631637
-0.0879,-0.0031,9.9482,4.7628,-3.5613,-1.8258,-0.1293,-0.0739,9.986,900,0,0.15370659276867144,0.0,0.010252463054187193
0.3378,0.0957,9.9194,-1.6494,1.6846,4.2195,0.3183,0.1006,9.9069,901,0,0.15370659276867144,0.0,0.0002524630541871921
-0.0323,0.1623,9.7932,0.8277,0.8933,-0.1473,-0.0439,0.1403,9.8096,902,0,0.15370659276867144,0.0,0.004696907498631636
0.1732,0.2204,9.8372,7.0395,-0.5133,2.8366,0.1441,0.2257,9.8285,903,0,0.15242389511884455,0.0,9.92063492063492e-05
-0.1369,-0.1936,9.8815,0.3004,-5.6762,2.0563,-0.194,-0.237,9.9029,904,0,0.15370659276867144,0.0,0.0002573091160047682
0.5781,0.1914,9.4316,1.609,-0.7481,0.8197,0.6066,0.2141,9.4376,905,0,0.15492050116463082,0.0,0.0002573091160047682
-0.294,-0.1585,9.8082,-0.8407,2.4486,-1.7579,-0.3108,-0.0783,9.8704,906,0,0.15370659276867144,0.0,0.001824697509590869
-0.156,-0.0508,9.9421,3.6432,-2.5164,1.6338,-0.161,0.0254,9.9227,907,0,0.15370659276867144,0.0,0.011824697509590866
-0.2632,-0.0708,9.6479,2.146,3.0487,-0.7689,-0.2355,-0.0656,9.7285,908,0,0.15370659276867144,0.0,0.0008642455321897391
-0.0899,0.1277,9.9882,-4.2709,-3.8408,1.8206,-0.101,0.1893,9.9258,909,0,0.15370659276867144,0.0,0.0008642455321897391
-0.2753,-0.2275,9.9848,4.1565,2.2704,2.8294,-0.2366,-0.2831,10.0009,910,0,0.15370659276867144,0.0,0.0002573091160047682
-0.2922,0.2049,9.6922,-1.7405,7.499,-7.5682,-0.2956,0.2938,9.6314,911,0,0.145624401506955,0.0,0.0002573091160047682
0.3958,-0.1218,9.8099,3.7035,1.4242,-2.3198,0.3489,-0.1474,9.8529,912,0,0.15370659276867144,0.0,0.0008642455321897391
0.805,-0.2488,9.6571,0.6422,0.7015,1.9831,0.7812,-0.2712,9.4873,913,0,0.15588451258051753,0.0,0.01186353246104718
-0.0701,-0.1955,9.7214,5.7091,5.2202,-0.682,-0.0211,-0.1624,9.6539,914,0,0.15370659276867144,0.0,0.010335984704911278
-0.6395,0.0034,9.618,4.0805,1.5412,-4.6658,-0.6171,0.0484,9.5217,915,0,0.1537691488359536,0.0,0.00029614406746107885
0.123,-0.3049,9.4378,-1.3447,2.3967,3.2956,0.0659,-0.2743,9.4011,916,0,0.1525588014428267,0.0,0.00029614406746107885
-0.2313,-0.2191,10.031,1.2413,-0.9438,-1.8983,-0.2023,-0.1858,10.0821,917,0,0.15370659276867144,0.0,0.0009030804836460499
-0.232,0.0576,9.3063,3.287,-0.6646,-1.0689,-0.2225,0.0532,9.2031,918,0,0.09877937550438436,0.0,0.011024211035463007
0.1523,0.0648,10.1062,0.7683,-2.4139,-2.4733,0.1589,-0.0161,10.0258,919,0,0.15370659276867144,0.0,0.001024211035463008
0.0373,-0.3817,9.7622,-5.1559,-3.3719,-1.3475,0.0558,-0.3683,9.8173,920,0,0.15370659276867144,0.0,0.010864245532189738
0.485,-0.1309,9.7461,-0.0563,-0.8293,-1.4023,0.4028,-0.1108,9.7703,921,0,0.15370659276867144,0.0,0.010903080483646048
-0.3734,-0.1351,9.991,1.4099,3.7368,0.2737,-0.3755,-0.1343,10.0053,922,0,0.15370659276867144,0.0,0.020864245532189737
0.1114,-0.2414,10.2404,8.6322,-3.9889,-0.5789,0.0562,-0.2961,10.1963,923,0,0.11750694315163863,0.0,0.0002573091160047682
0.0272,0.1276,10.0165,3.2899,3.7083,-2.2743,0.0319,0.1287,10.0151,924,0,0.15370659276867144,0.0,0.0002573091160047682
0.0518,-0.4624,9.5358,-1.4484,3.5494,-5.115,0.1058,-0.4269,9.6208,925,0,0.15370659276867144,0.0,0.00029614406746107885
0.3102,0.3613,10.0638,1.8153,1.2624,-2.2587,0.3691,0.487,10.0475,926,0,0.15370659276867144,0.0,0.00033598470491127806
0.4561,0.3545,9.5391,0.458,4.5379,8.0567,0.457,0.3149,9.4861,927,0,0.1478290316085226,0.0,0.000884379361578726
-0.2907,0.3032,9.7249,1.7433,-1.5955,-3.0598,-0.176,0.2965,9.6817,928,0,0.15370659276867144,0.0,0.00033598470491127806
-0.2745,-0.1938,9.542,0.8028,0.2247,0.2219,-0.2785,-0.1603,9.5013,929,0,0.15370659276867144,0.0,0.006551084778923529
-0.3385,-0.3162,9.9617,-1.6538,6.8802,-1.5726,-0.3247,-0.3659,9.9826,930,0,0.1525652264870817,0.0,0.00029614406746107885
0.0258,0.9278,9.9563,0.3367,-2.5298,1.2697,-0.0642,0.9886,9.9615,931,0,0.07708837630990541,0.0,0.006267608874055879
-0.3292,0.5573,10.2429,-2.3301,2.3237,2.4193,-0.293,0.6086,10.2296,932,0,0.15212756407966455,0.0,0.00016213768620482855
0.0811,0.8747,9.5203,-2.9117,-2.7298,6.5909,0.0398,0.851,9.5546,933,0,0.11456037215836247,0.0,0.0003666127292340884
-0.1341,0.0325,9.4942,0.6333,-4.5642,0.7281,-0.1199,0.0004,9.542,934,0,0.15370659276867144,0.0,0.0003277777777777778
0.1034,0.4037,9.5309,-1.008,-1.3697,3.0975,0.115,0.4267,9.5754,935,0,0.15370659276867144,0.0,0.010327777777777778
0.4954,0.0909,9.8166,4.9103,2.7445,-1.6513,0.4625,-0.0255,9.7973,936,0,0.15370659276867144,0.0,0.010327777777777778
-0.0324,0.3374,9.7426,2.3566,1.6774,0.3141,-0.0278,0.3215,9.7548,937,0,0.15370659276867144,0.0,0.001795184157805517
0.0738,-0.461,10.0206,-1.1189,1.3037,-0.6332,0.0402,-0.3757,9.9737,938,0,0.15370659276867144,0.0,0.001795184157805517
0.0748,-0.0971,9.8103,-1.4032,0.568,-4.4249,0.0556,-0.0509,9.8162,939,0,0.15370659276867144,0.0,0.0003666127292340884
0.0745,-0.2371,9.8215,2.7669,-2.9749,-3.0493,0.0196,-0.2484,9.8122,940,0,0.15370659276867144,0.0,0.010390709114776258
-0.4603,-0.3926,10.1578,2.5218,0.0036,2.3723,-0.4361,-0.4554,10.1442,941,0,0.15370659276867144,0.0,0.010327777777777778
0.0065,-0.1991,9.4128,5.1096,-0.6983,-1.7099,-0.0177,-0.2643,9.378,942,0,0.14904495234856038,0.0,0.00026740638002773924
0.1469,0.0361,9.9643,-3.5775,-0.0798,-3.1961,0.1117,0.0085,9.9594,943,0,0.15370659276867144,0.0,0.012723797987143386
0.2219,0.1323,9.9437,4.7888,-1.4459,3.8685,0.1952,0.125,9.9716,944,0,0.15370659276867144,0.0,0.02188007284323074
-0.1197,0.1302,9.738,4.4653,1.8926,-4.5682,-0.1317,0.0934,9.7641,945,0,0.15370659276867144,0.0,0.02188007284323074
-0.1326,-0.0564,9.8714,0.43,-3.836,-0.0182,-0.1406,-0.0708,9.8578,946,0,0.15370659276867144,0.0,0.01166029262345052
-0.6948,-0.4074,9.4991,-2.9026,3.0477,-3.3131,-0.746,-0.4014,9.5399,947,0,0.14626176894527856,0.0,0.00022857142857142857
0.0935,0.0882,9.4822,-1.4331,-3.268,3.9536,0.1401,0.0407,9.5621,948,0,0.15370659276867144,0.0,0.006216188041979323
-0.0282,0.1571,9.7897,0.251,-5.019,0.7517,0.0495,0.2294,9.8104,949,0,0.15370659276867144,0.0,0.016366022662427652
-0.3911,0.5043,9.5869,-0.0442,-4.1854,1.4821,-0.3729,0.5193,9.6387,950,0,0.15370659276867144,0.0,0.006153256704980843
-0.2442,-0.029,10.123,8.2616,2.4161,-5.2926,-0.2079,0.008,10.1386,951,0,0.12843201144367067,0.0,0.0012790845195503795
0.2761,-0.3865,9.5081,4.2838,4.3773,-5.0821,0.3034,-0.4219,9.5223,952,0,0.15370659276867144,0.0,0.0001532567049808429
0.3311,0.4827,9.8648,2.9554,-0.895,3.3304,0.36,0.3664,9.8638,953,0,0.15370659276867144,0.0,0.0001532567049808429
0.6657,-0.0048,9.7746,-0.9296,-1.2877,2.374,0.6449,-0.0111,9.7503,954,0,0.15523223483689125,0.0,0.00017735309052301158
-0.2075,-0.0017,9.4918,-1.4819,-0.3252,0.2867,-0.1179,0.0188,9.4704,955,0,0.15370659276867144,0.0,0.0001532567049808429
0.4978,-0.1464,9.8219,-1.5967,-0.6897,9.8074,0.4993,-0.1708,9.7645,956,0,0.15511206859866739,0.0,0.0010167487684729064
0.2413,-0.3055,9.3489,0.9933,-0.879,-1.5255,0.2602,-0.3618,9.4746,957,0,0.14295518406067853,0.0,0.007468627198190086
-0.3707,0.0678,9.5188,3.6958,-0.3155,2.5529,-0.3483,0.0678,9.5159,958,0,0.15370659276867144,0.0,0.001055583719929217
0.1627,-0.2588,9.7044,2.389,-3.1803,-2.5449,0.1841,-0.2891,9.7759,959,0,0.15370659276867144,0.0,0.007468627198190086
-0.5952,-0.2457,9.6508,2.4806,1.0798,-2.1124,-0.6103,-0.1464,9.6662,960,0,0.15370659276867144,0.0,0.007468627198190086
0.3811,-0.1943,10.1737,2.0804,3.4913,2.6632,0.2963,-0.1932,10.1528,961,0,0.15370659276867144,0.0,0.00044475947055075085
-0.3992,-0.1316,9.825,0.4428,-1.3487,-0.1572,-0.4053,-0.1645,9.8282,962,0,0.15370659276867144,0.0,0.00044475947055075085
-0.0475,0.1739,9.7951,-2.3823,-2.3998,-1.734,0.0048,0.193,9.8333,963,0,0.15370659276867144,0.0,0.0011326884014642785
0.3433,-0.3158,10.1624,3.4553,0.1796,-1.4725,0.4266,-0.3331,10.1409,964,0,0.15370659276867144,0.0,0.0010275995011935532
-0.0185,-0.0482,9.9064,2.6767,1.6115,-4.2889,-0.0433,-0.1146,9.851,965,0,0.15370659276867144,0.0,0.011051695886735722
-0.3242,-0.2229,9.5611,0.8334,-0.5967,-0.2683,-0.3491,-0.1919,9.5166,966,0,0.15370659276867144,0.0,0.001364195886735722
0.2919,0.2753,9.7344,1.6891,-0.8385,-2.3062,0.2947,0.2478,9.7319,967,0,0.15370659276867144,0.0,0.012076221203191417
-0.1808,-0.0797,9.7171,-1.5943,4.9857,-2.7778,-0.19,-0.1468,9.6985,968,0,0.15370659276867144,0.0,0.0119962793427263
-0.0706,0.0929,9.9541,-1.6472,5.1717,0.1957,-0.1539,0.0569,9.9683,969,0,0.15370659276867144,0.0,0.011051695886735722
-0.0492,0.6199,9.7354,-3.6501,-1.0642,-0.9012,-0.0332,0.6438,9.7662,970,0,0.15309497375261916,0.0,0.021284254026270606
-0.0598,-0.5793,9.4997,0.13,2.9328,-0.1227,-0.1508,-0.536,9.4937,971,0,0.15370659276867144,0.0,0.011260157640728437
0.222,-0.6806,9.5513,1.3886,-5.6007,-1.3099,0.1114,-0.76,9.4806,972,0,0.1487833568587445,0.0,0.02244171905287925
-0.2026,0.3649,9.8911,-3.9205,-2.9621,5.6162,-0.2475,0.3263,9.833,973,0,0.15370659276867144,0.0,0.00838726432673454
0.6527,0.124,9.7222,0.052,2.1001,-1.6691,0.6625,0.1854,9.7729,974,0,0.15509967680488745,0.0,0.012619822466269425
-0.4796,-0.2574,9.7214,-0.938,0.1227,4.2171,-0.4746,-0.3105,9.7478,975,0,0.15370659276867144,0.0,0.0022926957776969537
-0.3884,0.1364,10.1949,4.6822,-8.5437,4.2109,-0.34,0.1558,10.2749,976,0,0.13889306255059822,0.0,0.002158659805649754
-0.0483,-0.5752,9.7202,-2.6452,7.6475,-0.7162,-0.0065,-0.5097,9.7943,977,0,0.14572014061593483,0.0,0.002694248248214941
0.1347,-0.0893,9.5755,1.4219,0.4119,1.5652,0.1038,-0.1261,9.6135,978,0,0.15370659276867144,0.0,0.002391217945184638
-0.1212,0.123,9.8884,0.1332,2.2461,-2.6846,-0.062,0.2483,9.8496,979,0,0.15370659276867144,0.0,0.002158659805649754
0.0667,0.023,9.8356,-0.8259,2.1399,0.1613,0.0674,0.0004,9.7563,980,0,0.15370659276867144,0.0,0.0024711598056497545
0.5533,-0.3426,9.8468,-2.4648,3.6438,-1.9939,0.603,-0.3424,9.7692,981,0,0.15488821094857297,0.0,0.0024711598056497545
0.1633,0.2924,9.5016,-5.8921,2.6089,2.5972,0.1225,0.3698,9.4895,982,0,0.15370659276867144,0.0,0.03183814698513694
-0.4295,0.1315,10.228,7.4795,-5.7049,2.2232,-0.4313,0.1217,10.2731,983,0,0.13997129765790048,0.0,0.0002758752580106963
-0.1856,0.0839,10.1073,3.2221,4.3608,4.2818,-0.2291,0.1593,10.1241,984,0,0.15370659276867144,0.0,0.00025177887246852763
-0.2715,0.2009,9.7924,1.159,-4.5946,-2.3495,-0.3647,0.0827,9.7741,985,0,0.15370659276867144,0.0,0.0002758752580106963
-0.0475,-0.1542,9.8061,-0.2467,0.0611,-3.8642,0.0331,-0.2049,9.8771,986,0,0.15370659276867144,0.0,0.00025177887246852763
0.0991,-0.2233,9.9995,7.5804,2.3396,0.7923,0.1258,-0.2496,9.9754,987,0,0.14837066258871512,0.0,0.00025177887246852763
0.0534,0.3545,9.8029,-3.7309,-1.0909,-1.7007,-0.052,0.3736,9.8357,988,0,0.15370659276867144,0.0,0.00025177887246852763
-0.4479,-0.3702,10.1061,1.9535,0.7255,-3.9453,-0.4171,-0.3196,10.1387,989,0,0.15370659276867144,0.0,0.00025177887246852763
-0.3694,0.3543,9.7524,0.3296,1.8402,-4.4564,-0.3591,0.3331,9.7307,990,0,0.15370659276867144,0.0,0.00025177887246852763
0.2847,0.2295,9.6906,-2.19,4.1513,-0.6225,0.2647,0.2812,9.7519,991,0,0.15370659276867144,0.0,0.00025177887246852763
-0.1122,0.3724,10.3235,-0.8018,4.2811,2.4909,-0.1076,0.3569,10.3146,992,0,0.16431567963333446,0.0,0.00025177887246852763
0.3886,0.3643,9.8004,-0.073,-0.7064,0.6703,0.3689,0.3965,9.8559,993,0,0.15370659276867144,0.0,0.010251778872468526
-0.1004,-0.0515,10.2025,-1.7865,-6.4152,-2.9318,-0.1358,-0.0596,10.1716,994,0,0.15370659276867144,0.0,0.00025177887246852763
-0.0761,0.029,9.556,3.4354,0.0586,-2.5248,-0.035,0.0729,9.6032,995,0,0.15370659276867144,0.0,0.010251778872468526
0.075,-0.4629,10.0591,2.0655,-1.2503,2.8201,0.0987,-0.4619,10.1036,996,0,0.15370659276867144,0.0,0.010480350301039956
-0.6351,-0.1369,9.9436,3.1146,-6.8957,2.2833,-0.6159,-0.1197,9.9729,997,0,0.15377724537758178,0.0,0.011231210568951964
-0.016,0.1137,9.8807,2.8278,-6.5179,2.4062,-0.0523,0.114,9.9783,998,0,0.15370659276867144,0.0,0.0012312105689519632
-0.2077,-0.1613,9.961,-2.8298,2.5786,-3.1056,-0.1754,-0.0917,9.9338,999,0,0.15370659276867144,0.0,0.0011923756174956526
-0.3149,0.1243,9.8091,-1.8625,1.8715,-1.5398,-0.2297,0.1027,9.8661,1000,0,0.15370659276867144,0.0,0.010963804188924222
0.1672,0.3023,9.621,-2.6208,-0.6033,4.9031,0.246,0.3305,9.6168,1001,0,0.15370659276867144,0.0,0.0010026391403805345
0.1893,-0.3499,9.8259,-2.9753,-2.6157,2.1231,0.2321,-0.3093,9.743,1002,0,0.15370659276867144,0.0,0.0010026391403805345
0.166,0.046,9.6455,-2.2089,-1.827,2.0042,0.2153,0.1277,9.6066,1003,0,0.15370659276867144,0.0,0.0010026391403805345
0.1036,-0.3807,9.8331,-4.0571,-1.2184,-4.6803,0.0793,-0.3582,9.835,1004,0,0.15370659276867144,0.0,0.021002639140380534
-0.0605,-0.0161,9.9353,-1.1787,4.85,-0.7526,-0.0603,0.0171,9.9583,1005,0,0.15370659276867144,0.0,0.021002639140380534
-0.042,0.1227,9.5508,-1.0164,-7.0789,-5.7243,0.0348,0.0994,9.5787,1006,0,0.1535830087878228,0.0,0.012209900198178126
0.048,-0.3201,9.9456,0.7406,-0.7356,0.9031,0.069,-0.271,9.9494,1007,0,0.15370659276867144,0.0,0.022056643493197282
-0.1101,-0.1096,9.886,3.8086,3.0495,-4.0477,-0.1163,-0.1395,9.8414,1008,0,0.15370659276867144,0.0,0.022155849842403638
-0.1214,0.1245,9.7781,3.8617,3.5474,-4.037,-0.0281,0.0732,9.7054,1009,0,0.15370659276867144,0.0,0.022155849842403638
0.3902,0.2577,9.5746,2.7491,-1.63,-5.3515,0.4193,0.2989,9.5485,1010,0,0.15370659276867144,0.0,0.022155849842403638
-0.7781,0.1151,10.1109,-2.7957,3.6255,-5.1538,-0.7814,0.1711,9.9944,1011,0,0.17257248112460538,0.0,9.92063492063492e-05
-0.2023,-0.1601,9.6465,3.4873,-3.1914,2.3135,-0.2302,-0.1907,9.6404,1012,0,0.15370659276867144,0.0,0.00031898656898656896
-0.321,0.2085,9.6736,-2.8709,-0.4465,1.9474,-0.2636,0.1946,9.6829,1013,0,0.15370659276867144,0.0,0.00031898656898656896
-0.1,-0.1008,9.7391,-1.1594,0.21,1.5025,-0.1133,-0.0534,9.7688,1014,0,0.15370659276867144,0.0,0.0010882173382173383
-0.1094,0.8065,9.2829,0.5693,1.7896,-4.9568,-0.1844,0.757,9.2321,1015,0,0.08014774708349579,0.0,0.00332948639871906
0.1647,0.3004,9.7895,-0.6434,-1.6433,0.074,0.1154,0.2715,9.7901,1016,0,0.15370659276867144,0.0,0.00332948639871906
0.0606,-0.0036,10.1433,0.1749,1.9988,-4.3645,0.0873,-0.0228,10.0503,1017,0,0.15370659276867144,0.0,0.01332948639871906
-0.163,0.013,9.6539,1.6488,-0.2927,5.2095,-0.0881,-0.0148,9.7106,1018,0,0.15370659276867144,0.0,0.01332948639871906
0.2733,0.0752,9.7152,-0.5979,-0.3479,1.1759,0.2579,0.1194,9.6769,1019,0,0.15370659276867144,0.0,0.00332948639871906
0.139,0.0847,9.7119,2.7827,3.078,-0.8638,0.139,0.122,9.6548,1020,0,0.15370659276867144,0.0,0.03282399189322456
0.2218,-0.1544,9.9048,0.2734,-0.3359,3.4226,0.1862,-0.1121,9.919,1021,0,0.15370659276867144,0.0,0.015088009854243283
0.047,0.0396,10.0838,-2.0624,0.3636,-4.6238,0.0775,-0.0154,10.1591,1022,0,0.15370659276867144,0.0,0.0441404282753556
0.1632,-0.2582,9.9065,-8.0374,-0.6291,-2.7132,0.0819,-0.2268,9.8794,1023,0,0.147664941262513,0.0,0.06418083551836272
0.3678,-0.1789,9.3628,2.4962,-0.0429,6.3097,0.4038,-0.2853,9.3274,1024,0,0.1483789801028566,0.0,0.05201851382628205
0.3558,0.419,9.8687,-4.7084,3.5,3.7394,0.2691,0.3753,9.8922,1025,0,0.15370659276867144,0.0,0.062018513826282054
0.5038,0.0585,10.0099,3.0069,0.5852,1.555,0.5759,0.0603,10.0993,1026,0,0.152190671395924,0.0,0.026775389423053443
0.0498,-0.248,9.9553,-1.6993,-1.9235,-0.8403,0.0611,-0.2514,10.0366,1027,0,0.15370659276867144,0.0,0.06146257038131873
0.3002,0.043,9.8968,-2.9865,-1.6673,-1.2132,0.2514,0.06,9.8611,1028,0,0.15370659276867144,0.0,0.07146257038131873
0.0077,-0.1993,10.1115,0.2829,2.3603,-2.514,0.0471,-0.0943,10.2025,1029,0,0.15262407051682947,0.0,0.05174828466703302
-0.4511,-0.343,10.1762,-1.4287,-5.0735,-1.0976,-0.3772,-0.4182,10.204,1030,0,0.15262407051682947,0.0,0.023643021509138287
-0.4169,0.2421,9.9338,1.1506,-0.603,3.3689,-0.4395,0.2234,9.9102,1031,0,0.15370659276867144,0.0,0.03174828466703303
0.1832,0.0222,10.2458,-4.0307,1.8894,-4.9369,0.1144,0.0658,10.2836,1032,0,0.14799027000649834,0.0,0.03174828466703303
-0.3592,-0.3403,9.5916,-2.7323,1.1192,4.2246,-0.4289,-0.299,9.5131,1033,0,0.15370659276867144,0.0,0.041748284667033016
0.133,0.3189,9.9296,3.0059,2.9444,-0.4485,0.1981,0.243,9.8493,1034,0,0.15370659276867144,0.0,0.041748284667033016
-0.0167,0.0467,9.9461,-2.3634,1.0135,-0.4001,-0.0072,0.1282,9.9814,1035,0,0.15370659276867144,0.0,0.032708444029582825
-0.086,0.0106,9.8535,0.5749,-1.1831,1.0288,-0.0832,0.0553,9.8037,1036,0,0.15370659276867144,0.0,0.032708444029582825
-0.1023,-0.19,9.9193,0.9539,-4.5665,1.3974,-0.1958,-0.2494,9.9671,1037,0,0.15370659276867144,0.0,0.07190844402958282
0.1173,0.1709,9.4493,0.2905,3.0739,3.3133,0.0654,0.1851,9.4351,1038,0,0.152968620356603,0.0,0.061708444029582823
-0.0445,0.6819,9.76,2.6944,2.7465,1.3812,0.032,0.7199,9.7822,1039,0,0.15298598980126782,0.0,0.08043797536780982
-0.6889,-0.008,9.7886,1.7669,3.0122,-2.5505,-0.743,-0.0323,9.7072,1040,0,0.14425253825610965,0.0,0.09043797536780981
0.1521,-0.5594,10.0089,-7.3427,2.0741,-2.9852,0.1994,-0.6297,10.0465,1041,0,0.14466238633571904,0.0,0.09200543568527014
0.825,-0.1939,9.5848,2.5633,-2.3647,-4.5703,0.7927,-0.2422,9.5347,1042,0,0.15770838285005354,0.0,0.07177435249985395
0.014,0.318,9.4734,-2.6822,-1.9737,1.3174,0.0254,0.2849,9.5707,1043,0,0.15370659276867144,0.0,0.08198711845730074
0.1019,0.3973,9.8169,2.2914,-2.434,1.0081,0.1401,0.4717,9.7539,1044,0,0.15370659276867144,0.0,0.10055854702872931
0.1435,-0.4739,9.5892,-3.8231,0.637,2.3977,0.0329,-0.4786,9.6117,1045,0,0.15370659276867144,0.0,0.08055854702872932
-0.4005,0.0667,10.1551,2.1027,1.6901,0.8647,-0.3555,0.0307,10.0275,1046,0,0.15370659276867144,0.0,0.09112205520093315
0.3838,-0.4491,9.5917,-4.1128,-3.1051,5.123,0.4693,-0.4325,9.5955,1047,0,0.15370659276867144,0.0,0.12939649211667442
-0.2234,0.7687,9.9139,0.0674,5.1628,-1.0901,-0.2062,0.7634,9.9788,1048,0,0.15147965403541516,0.0,0.06253934925953156
-0.279,-0.4314,9.5696,-0.7349,-3.9332,-1.6058,-0.2809,-0.4469,9.5761,1049,0,0.15370659276867144,0.0,0.05153724937443384
-0.2063,-0.243,10.0379,0.2117,-2.103,-0.4105,-0.247,-0.1622,10.1039,1050,0,0.15370659276867144,0.0,0.06524823440087549
-0.0826,-0.8797,9.7893,4.7735,-3.1234,-5.286,-0.1041,-0.9016,9.7946,1051,0,0.08958355849714579,0.0,0.03810902301142485
-0.1632,0.8326,9.6425,-2.0163,0.13,-3.9047,-0.1244,0.8581,9.613,1052,0,0.10890115366612585,0.0,0.04934785796288117
0.255,-0.0573,9.7465,4.7591,-3.294,1.9167,0.1833,-0.1879,9.7529,1053,0,0.15370659276867144,0.0,0.04927389346583975
-0.0333,0.0305,9.9398,-0.8871,1.5957,1.7532,-0.0785,0.0733,9.8974,1054,0,0.15370659276867144,0.0,0.0440538601045149
0.3399,-0.0134,10.079,-0.6501,-1.6843,0.4587,0.3372,-0.102,10.0973,1055,0,0.15370659276867144,0.0,0.04471320076385555
-0.1949,-1.1294,9.7172,-1.2162,-0.3928,1.1953,-0.2443,-1.1339,9.6635,1056,1,0.047949542371758885,0.0,0.05009346580962596
0.281,-0.1883,9.7819,1.677,2.1239,4.5782,0.2727,-0.2465,9.707,1057,0,0.15370659276867144,0.0,0.043990442293388554
0.0066,-0.3068,9.7805,-3.8123,-0.1269,-0.8457,0.0257,-0.2713,9.8075,1058,0,0.15370659276867144,0.0,0.05009346580962596
-0.282,-0.0628,9.7877,-4.6835,1.3809,-5.1288,-0.2531,-0.0154,9.716,1059,0,0.15370659276867144,0.0,0.033777676335941746
0.2567,0.4775,9.816,2.766,-1.4942,1.176,0.3084,0.3849,9.8257,1060,0,0.15370659276867144,0.0,0.05377767633594175
-0.2963,0.1858,10.2048,3.5547,-2.2611,2.0332,-0.3633,0.1567,10.1986,1061,0,0.15262407051682947,0.0,0.033333435979080034
-0.3992,0.0208,9.8318,0.339,-1.3095,-4.2172,-0.4523,0.1414,9.7699,1062,0,0.15370659276867144,0.0,0.043333435979080036
0.1713,0.5537,9.8133,4.2123,-0.8816,-1.1092,0.1485,0.5813,9.8707,1063,0,0.15355074445237718,0.0,0.033333435979080034
0.4571,0.369,9.9146,6.7524,6.5523,-2.9511,0.481,0.3957,9.951,1064,0,0.15242389511884455,0.0,0.01455625198666918
-0.4483,-0.299,9.7066,-1.2318,9.7263,-3.974,-0.427,-0.25,9.6546,1065,0,0.13727511939667258,0.0,0.022033382041647457
-0.1347,-0.4516,10.1361,0.4346,5.2258,3.0046,-0.1214,-0.505,10.209,1066,0,0.15262407051682947,0.0,0.01167969335029561
-0.177,-0.1695,9.7837,-2.3168,-2.8355,0.3478,-0.2409,-0.1763,9.8296,1067,0,0.15370659276867144,0.0,0.01167969335029561
0.334,-0.4376,9.577,2.3409,0.6943,-3.9064,0.2363,-0.4716,9.6606,1068,0,0.15370659276867144,0.0,0.01167969335029561
-0.0143,-0.3148,9.9508,-3.3267,0.6672,-0.199,0.0003,-0.1668,9.8592,1069,0,0.15370659276867144,0.0,0.01167969335029561
-0.1832,0.1515,9.6693,-2.3555,-0.7922,-0.0179,-0.1557,0.1298,9.6337,1070,0,0.15370659276867144,0.0,0.012033382041647453
-0.2967,0.3655,9.8047,-0.9516,1.1507,-4.6119,-0.2937,0.402,9.8038,1071,0,0.15370659276867144,0.0,0.01167969335029561
-0.5287,0.0667,10.0149,1.5598,2.639,-1.7123,-0.6423,-0.0254,9.9445,1072,0,0.15370659276867144,0.0,0.01167969335029561
0.4599,-0.2039,9.7836,-0.6847,2.2427,-2.2695,0.4761,-0.2249,9.7258,1073,0,0.15370659276867144,0.0,0.015967490568779236
-0.2545,-0.1004,9.7228,5.1513,6.8151,4.198,-0.2496,-0.1264,9.7296,1074,0,0.15370659276867144,0.0,0.0116408583988393
0.0487,0.1511,10.1845,-1.7679,-1.4268,-3.3136,0.1298,0.2272,10.2296,1075,0,0.1526504524297057,0.0,0.015928655617322925
0.0589,-0.2597,9.4781,0.8625,0.1686,-0.7015,0.0082,-0.2356,9.4856,1076,0,0.15370659276867144,0.0,0.012068511587232565
-0.06,0.1177,10.0031,-1.8945,3.1587,0.7841,-0.1205,0.1373,10.0283,1077,0,0.15370659276867144,0.0,0.012068511587232565
-0.2084,-0.2818,9.7254,1.3692,0.1319,-5.4538,-0.2423,-0.2382,9.7019,1078,0,0.15370659276867144,0.0,0.012068511587232565
-0.4043,0.0239,9.8821,-2.1766,1.4469,-2.0821,-0.4042,0.0704,9.816,1079,0,0.15370659276867144,0.0,0.016002620114364347
-0.069,-0.5271,9.8935,6.2665,4.1514,-0.145,-0.1142,-0.7044,10.003,1080,0,0.12303178017831595,0.0,0.015928655617322925
-0.2212,-0.0627,9.8823,-3.6953,-0.1505,2.1507,-0.2888,-0.0196,9.8182,1081,0,0.15370659276867144,0.0,0.011994547090191144
-0.2855,-0.0625,9.5855,-0.0538,-0.9896,8.1344,-0.2412,0.0723,9.5673,1082,0,0.14841729206857712,0.0,0.011312418850082002
-0.0699,0.0779,9.6647,-0.0591,3.3968,3.4125,-0.0411,0.1448,9.6389,1083,0,0.15370659276867144,0.0,0.017312418850082004
0.365,-0.2208,9.8529,1.3637,-0.8242,3.3352,0.3351,-0.2187,9.845,1084,0,0.15370659276867144,0.0,0.011312418850082002
-0.0621,0.2934,9.7229,-0.3247,0.9802,-0.2787,-0.0769,0.3696,9.73,1085,0,0.15370659276867144,0.0,0.011312418850082002
-0.2079,0.0027,9.8851,-3.0166,-3.2745,-1.2131,-0.1371,0.0199,9.8612,1086,0,0.15370659276867144,0.0,0.015246527377213786
0.1791,0.1206,10.2011,-3.0873,-5.4717,-1.9768,0.154,0.2178,10.2445,1087,0,0.1526504524297057,0.0,0.010387301587301587
-0.5037,-0.3073,9.8725,2.3368,-2.5056,-4.7043,-0.672,-0.1672,9.9108,1088,0,0.1521778099656198,0.0,0.020387301587301586
0.1356,-0.6116,9.8834,0.5235,-0.0614,1.0719,0.1113,-0.5203,9.9128,1089,0,0.15369406605517877,0.0,0.014553968253968255
0.1056,0.0428,9.8557,0.8266,2.3659,-3.7053,0.0213,0.0366,9.928,1090,0,0.15370659276867144,0.0,0.02061985972683647
0.0707,0.3611,9.9287,-1.6434,-2.0123,-6.5675,0.0798,0.3153,9.8914,1091,0,0.1532405209942328,0.0,0.021386383347123422
-0.0849,-0.2046,9.9938,4.355,2.9815,5.1125,-0.0982,-0.176,10.0339,1092,0,0.15370659276867144,0.0,0.0523247244530528
0.7427,-0.9335,9.9071,2.2997,-0.3025,6.1175,0.7139,-0.9446,9.8784,1093,0,0.10921139656105314,0.0,0.012655603960034338
0.1037,0.1604,9.8886,0.4318,4.6312,-6.71,0.1433,0.0934,9.9219,1094,0,0.1532405209942328,0.0,0.012655603960034338
0.765,0.2186,9.5992,1.0272,-0.414,1.4962,0.7487,0.2549,9.5755,1095,0,0.15784055580642847,0.0,0.022655603960034344
0.1082,-0.1578,9.8153,0.1196,1.9827,-2.0172,0.0882,-0.1541,9.8229,1096,0,0.15370659276867144,0.0,0.011744719972227275
-0.1523,-0.488,10.0371,-2.4333,-1.0133,-0.1464,-0.1304,-0.4578,10.0699,1097,0,0.15370659276867144,0.0,0.05156710860477176
-0.0702,-0.101,9.984,-0.9851,-0.4332,2.9894,-0.1038,0.0011,9.9998,1098,0,0.15370659276867144,0.0,0.06625618423502386
-0.1534,0.1988,9.8439,-3.467,5.6312,-1.8296,-0.113,0.1753,9.7827,1099,0,0.15370659276867144,0.0,0.08625618423502386
0.2314,-0.2419,9.9182,1.0361,1.2667,-5.3631,0.198,-0.334,9.9562,1100,0,0.15370659276867144,0.0,0.061784848484848484
0.2468,0.0429,9.3603,1.1954,3.4248,3.6162,0.2288,-0.0605,9.3647,1101,0,0.15073455706408054,0.0,0.04223774352540668
0.1377,0.045,9.7056,-0.5642,-1.6308,5.5005,0.0627,-0.0425,9.6911,1102,0,0.15370659276867144,0.0,0.051930075422207615
-0.1523,0.4283,9.4063,2.8143,-5.7107,2.1398,-0.1356,0.3689,9.3637,1103,0,0.14725823748351777,0.0,0.04089806088258358
-0.6313,0.2506,9.9573,2.0469,-1.622,-4.0185,-0.6253,0.2088,9.9342,1104,0,0.1537691488359536,0.0,0.011843926321433627
0.3971,-0.2679,9.8143,-2.7193,-2.1066,-0.2035,0.5032,-0.2826,9.8351,1105,0,0.15370659276867144,0.0,0.011843926321433627
-0.3014,0.216,9.8407,-5.0668,1.86,3.1516,-0.2618,0.2411,9.8339,1106,0,0.15370659276867144,0.0,0.020885196162703467
0.0203,0.4918,9.7632,0.4494,1.3786,-1.6117,0.0597,0.5135,9.7045,1107,0,0.15370659276867144,0.0,0.020885196162703467
0.4364,0.1673,10.0928,-3.3489,-0.2074,1.094,0.4944,0.2797,10.1133,1108,0,0.15370659276867144,0.0,0.01179608015051053
0.169,0.1985,9.9648,4.3716,3.1565,1.3252,0.1121,0.1753,9.8045,1109,0,0.15370659276867144,0.0,0.0168201765360527
-0.0818,-0.2066,10.0705,-4.0622,2.2866,-0.6717,-0.0262,-0.2523,10.0547,1110,0,0.15370659276867144,0.0,0.026796080150510534
-0.2902,-0.1371,10.0931,-0.6989,0.7495,-0.1524,-0.2104,-0.1846,10.1033,1111,0,0.15370659276867144,0.0,0.036084054834054836
-0.3647,-0.6358,9.9236,-1.5296,6.5171,5.9136,-0.374,-0.5892,9.9307,1112,0,0.15359223705380823,0.0,0.031084054834054835
-0.0177,-0.0417,9.9258,-3.4928,-0.4213,-4.3444,-0.0374,-0.04,9.8869,1113,0,0.15370659276867144,0.0,0.04608405483405483
0.3787,-0.3609,9.7388,-7.4721,3.5316,-1.1372,0.2874,-0.3852,9.7558,1114,0,0.1519533231313492,0.0,0.03179608015051053
0.0847,-0.0538,10.0387,-2.0902,-1.9016,3.5531,0.0112,-0.0687,10.1034,1115,0,0.15370659276867144,0.0,0.028299932063964518
0.2093,-0.0574,9.9178,-4.0404,1.6183,1.39,0.2247,-0.0215,9.9437,1116,0,0.15370659276867144,0.0,0.03314965806943679
0.0374,0.1002,9.7442,0.8881,-4.7293,-0.2817,0.0441,0.0322,9.846,1117,0,0.15370659276867144,0.0,0.03314965806943679
0.3041,0.0442,9.8174,-1.9028,-0.7631,1.9174,0.229,0.0571,9.7951,1118,0,0.15370659276867144,0.0,0.02846752982932765
0.2502,0.2461,9.7445,-0.9139,-0.0504,-1.2382,0.2298,0.296,9.7738,1119,0,0.15370659276867144,0.0,0.022467529829327648
0.1435,0.0009,9.7804,-1.1247,3.9631,-5.6291,0.2231,0.0226,9.794,1120,0,0.15370659276867144,0.0,0.022346399277510687
0.135,-0.0172,9.365,1.2319,-1.9695,2.1239,0.0805,0.0668,9.3679,1121,0,0.14974236502446667,0.0,0.032385234228967
0.1393,-0.1501,9.8991,-2.7178,7.3388,-0.6656,0.1693,-0.227,9.9292,1122,0,0.14773293704523302,0.0,0.033592495286764584
-0.1381,0.0404,9.5092,4.5889,-5.1909,-0.887,-0.1148,0.0518,9.5501,1123,0,0.15370659276867144,0.0,0.043592495286764586
-0.4436,-0.548,10.025,0.1267,-1.5352,-6.431,-0.5111,-0.5162,10.0831,1124,0,0.15370659276867144,0.0,0.03959249528676459
-0.1442,0.0639,9.689,2.4029,-3.3324,2.6378,-0.065,0.0753,9.6852,1125,0,0.15370659276867144,0.0,0.02868161129895752
-0.1966,-0.0608,9.7775,-1.5014,2.3254,5.914,-0.2054,-0.005,9.7591,1126,0,0.15370659276867144,0.0,0.024274623526873727
-0.2539,-0.1181,9.6319,2.9285,-0.709,0.4813,-0.161,-0.0864,9.6459,1127,0,0.15370659276867144,0.0,0.02336373953906666
0.3332,0.0478,9.3327,4.4111,5.8984,0.9008,0.2696,-0.0342,9.3591,1128,0,0.15911087591602505,0.0,0.02336373953906666
-0.0335,-0.6763,9.7532,-1.4055,3.2799,-2.7658,-0.1182,-0.6373,9.7817,1129,0,0.15062947843235588,0.0,0.03336373953906666
-0.097,-0.2944,9.5876,-1.3903,2.0387,1.5043,-0.0501,-0.3505,9.5946,1130,0,0.15370659276867144,0.0,0.02336373953906666
0.1292,-0.3572,9.9712,-1.7746,2.3635,2.2325,0.0275,-0.3554,9.9506,1131,0,0.15370659276867144,0.0,0.02336373953906666
0.0819,0.1799,9.5485,0.2773,1.8081,6.8501,0.1261,0.1122,9.5501,1132,0,0.15314501477372658,0.0,0.02336373953906666
0.1404,0.1305,9.6264,1.5357,2.0556,-0.7943,0.075,0.1109,9.6605,1133,0,0.15370659276867144,0.0,0.02336373953906666
-0.1832,0.366,9.9436,0.3499,-3.7913,-0.8774,-0.2041,0.3583,9.9088,1134,0,0.15370659276867144,0.0,0.023635478669501445
0.288,0.184,9.9066,0.2317,0.0405,-1.2082,0.3344,0.0458,9.9015,1135,0,0.15370659276867144,0.0,0.02336373953906666
-0.4006,-0.0588,9.8237,1.3363,-1.1007,6.097,-0.4152,0.0109,9.753,1136,0,0.15370659276867144,0.0,0.013363739539066664
-0.4053,-0.2293,9.3995,-0.5933,-5.7138,0.2446,-0.4474,-0.275,9.3331,1137,0,0.14340119104880866,0.0,0.017976361553923317
0.3369,-0.191,9.9167,-1.7337,1.4056,4.5011,0.388,-0.3081,9.9356,1138,0,0.15370659276867144,0.0,0.017976361553923317
-0.1545,0.1484,10.0391,0.1727,-2.3753,1.2065,-0.1272,0.1587,9.9926,1139,0,0.15370659276867144,0.0,0.02797636155392331
0.1549,-0.1325,9.9672,2.0214,6.37,-3.1053,0.08,-0.1292,9.8938,1140,0,0.15370659276867144,0.0,0.02797636155392331
0.2465,0.2699,9.5838,0.5364,3.5786,5.1481,0.2207,0.3136,9.6596,1141,0,0.15370659276867144,0.0,0.017976361553923313
0.0605,-0.1019,9.6662,-2.0286,-3.2024,-2.9865,0.0761,-0.1735,9.6791,1142,0,0.15370659276867144,0.0,0.02742080599836776
-0.0006,0.2214,9.8847,-2.6056,-0.921,4.497,0.0859,0.2663,9.9216,1143,0,0.15370659276867144,0.0,0.021495704311741713
-0.3154,-0.3553,9.5246,-1.3541,-1.2791,-2.1722,-0.3872,-0.3758,9.5185,1144,0,0.15370659276867144,0.0,0.0030454062921301006
0.6709,-0.0955,9.7908,-3.0164,-8.2404,-0.8835,0.6066,-0.0597,9.8048,1145,0,0.1497332880340838,0.0,0.015190276536351245
0.3114,-0.0237,9.6911,2.6077,-3.673,2.5815,0.3241,-0.0046,9.7234,1146,0,0.15370659276867144,0.0,0.014508148296242106
-0.5576,0.0877,9.6875,-1.5957,0.5322,5.3146,-0.5932,0.1111,9.7066,1147,0,0.15370659276867144,0.0,0.00634710883448789
0.677,0.1677,9.853,7.528,-0.93,2.9771,0.6873,0.1321,9.8768,1148,0,0.1484208504890074,0.0,0.03227774982242384
0.3168,0.22,10.1352,-0.1573,5.0099,-0.4998,0.2269,0.2031,10.2118,1149,0,0.15262407051682947,0.0,0.012277749822423842
-0.5075,0.1448,9.9067,4.5307,4.0688,-2.2777,-0.5947,0.1577,9.868,1150,0,0.15370659276867144,0.0,0.0022777498224238416
-0.1367,-0.2033,9.6556,0.8457,3.8543,-2.3032,-0.2117,-0.1876,9.6466,1151,0,0.15370659276867144,0.0,0.02227774982242384
0.7887,-0.2318,9.8581,-2.9649,1.1799,-4.7087,0.7356,-0.325,9.8432,1152,0,0.15557955017382005,0.0,0.004658106751497621
0.0004,0.2081,9.7859,3.2403,-0.6432,-1.864,-0.0372,0.2097,9.8165,1153,0,0.15370659276867144,0.0,0.016258106751497622
-0.1949,-0.244,9.8369,-5.9532,1.8053,2.2173,-0.1507,-0.1973,9.8495,1154,0,0.15370659276867144,0.0,0.0161841422544562
-0.1727,0.3022,9.8642,2.7098,5.8445,2.6306,-0.1404,0.3766,9.9074,1155,0,0.15370659276867144,0.0,0.006145307302999889
0.3183,-0.3691,10.0926,-1.6046,-3.7035,-1.2187,0.3779,-0.3067,10.0944,1156,0,0.15370659276867144,0.0,0.016258106751497622
0.2575,-0.3304,9.9717,-3.3223,-4.7367,-3.0436,0.2963,-0.2998,9.9459,1157,0,0.15370659276867144,0.0,0.036002036150542656
-0.0757,0.897,9.5236,2.0052,5.9723,-2.2187,-0.1108,0.9046,9.403,1158,0,0.07365638286277142,0.0,0.00785547517255025
-0.6975,-0.2328,9.7169,1.5186,-3.3506,0.2944,-0.7176,-0.2188,9.6923,1159,0,0.15632718037639104,0.0,0.01785547517255025
-0.1381,-0.0459,9.8944,-2.8953,0.5757,-4.0417,-0.2321,0.0178,9.9051,1160,0,0.15370659276867144,0.0,0.01785547517255025
-0.2504,0.0518,9.8144,-0.6795,4.9589,-4.7482,-0.2352,0.0183,9.8244,1161,0,0.15370659276867144,0.0,0.027855475172550253
-0.1487,0.373,9.8364,2.0684,-1.1209,-4.0431,-0.1343,0.4263,9.8814,1162,0,0.15370659276867144,0.0,0.018802843593602885
-0.544,0.0713,9.6711,-0.0467,-2.0537,-5.0601,-0.5092,-0.048,9.6183,1163,0,0.15370659276867144,0.0,0.018802843593602885
-0.7143,0.2423,9.9165,-0.5807,3.0627,2.8746,-0.778,0.1408,9.8931,1164,0,0.14467690027517946,0.0,0.06814555281464035
-0.1276,0.4518,9.6397,-2.2306,4.9325,4.1523,-0.1616,0.4238,9.6916,1165,0,0.15370659276867144,0.0,0.058145552814640344
-0.3938,0.0233,9.5993,3.9731,-0.2503,-1.0826,-0.3901,-0.0457,9.6088,1166,0,0.15370659276867144,0.0,0.028145552814640346
0.0456,0.4341,9.9464,-5.4256,4.4549,2.3281,0.1254,0.3988,9.9156,1167,0,0.15370659276867144,0.0,0.027198184393587718
-0.2183,0.0873,9.8265,0.0948,2.2999,3.2726,-0.1662,0.0676,9.7628,1168,0,0.15370659276867144,0.0,0.027198184393587718
0.0293,0.1029,9.8182,-1.3698,-1.4298,-0.3934,0.0763,0.1343,9.7604,1169,0,0.15370659276867144,0.0,0.027159349442131404
0.0427,-0.0044,9.9719,5.1262,-3.1899,1.3992,-0.0187,0.0075,10.011,1170,0,0.15370659276867144,0.0,0.027159349442131404
0.0803,0.2912,10.2945,3.3367,-1.3019,1.8369,0.1051,0.3411,10.2618,1171,0,0.14982277347988346,0.0,0.020909349442131405
-0.0283,0.3215,9.4807,2.7449,-2.9127,-2.7711,-0.0049,0.3301,9.5065,1172,0,0.15370659276867144,0.0,0.020909349442131405
0.2869,-0.0157,9.6283,6.5691,-2.0103,3.8989,0.2743,-0.0424,9.575,1173,0,0.1528511125999369,0.0,0.020948184393587716
0.1661,-0.2014,9.8341,-2.0212,10.1465,-4.4231,0.1728,-0.0884,9.8003,1174,0,0.13309780282315276,0.0,0.021994759163846696
-0.5806,-0.3147,9.6405,-2.5234,3.3799,0.7927,-0.5753,-0.414,9.5787,1175,0,0.15370659276867144,0.0,0.02104739074279406
-0.059,-0.5638,9.9091,-2.1139,2.0244,-4.657,0.0328,-0.5354,9.8614,1176,0,0.15370659276867144,0.0,0.02104739074279406
-0.6922,-0.023,9.9994,1.8137,0.8104,1.1128,-0.7851,-0.0617,9.9771,1177,0,0.13808071376291164,0.0,0.011047390742794063
0.1396,0.3508,9.6464,-4.3147,-1.6878,-5.776,0.1527,0.3852,9.673,1178,0,0.15370659276867144,0.0,0.0010473907427940633
-0.0462,-0.0531,9.9093,-0.927,1.9169,-4.7924,-0.04,-0.0868,9.8555,1179,0,0.15370659276867144,0.0,0.0010473907427940633
0.4028,-0.8074,9.7142,3.0171,3.5161,4.6964,0.4425,-0.8009,9.7845,1180,0,0.15132498543383985,0.0,0.001206120901524222
0.2099,-0.1772,10.0987,-0.0613,0.691,-4.6306,0.1953,-0.187,10.06,1181,0,0.15370659276867144,0.0,0.001206120901524222
0.014,0.0329,10.0317,3.1009,5.5376,-3.503,0.0023,0.0892,10.0226,1182,0,0.15370659276867144,0.0,0.001206120901524222
0.0742,0.6533,9.8897,1.021,2.7452,3.7719,0.033,0.7469,9.8933,1183,0,0.14672056724268193,0.0,0.0026346923300956506
0.0786,-0.0366,9.72,1.8514,1.7579,-0.7651,0.0831,-0.1075,9.6888,1184,0,0.15370659276867144,0.0,0.001206120901524222
0.6777,-0.11,9.531,-5.4417,-0.8248,3.073,0.7419,-0.0708,9.5083,1185,0,0.1427558418154722,0.0,0.001132156404482802
0.0227,0.5269,9.7452,-2.3354,-0.4696,-5.8188,0.0793,0.5876,9.6789,1186,0,0.15318370441863025,0.0,0.0010329500552764528
-0.176,-0.0256,9.7603,-2.2552,-4.8629,-3.0942,-0.1366,-0.0751,9.7661,1187,0,0.15370659276867144,0.0,0.0024615214838478814
0.3839,0.3193,9.7057,-2.0246,-1.0547,-1.9692,0.4107,0.2903,9.7219,1188,0,0.15370659276867144,0.0,0.0024615214838478814
0.3416,-0.1725,9.7802,4.4429,-1.1688,-1.4555,0.2785,-0.0604,9.7073,1189,0,0.15370659276867144,0.0,0.00248561786939005
-0.2656,-0.3236,10.1087,-1.4627,2.0417,-3.6311,-0.2376,-0.33,10.1119,1190,0,0.15370659276867144,0.0,0.00248561786939005
0.04,0.2716,9.8215,2.2615,4.861,5.302,0.0624,0.2693,9.8718,1191,0,0.15370659276867144,0.0,0.0024615214838478814
-0.3118,0.138,9.7125,-3.3221,-1.1696,-0.2454,-0.2949,0.0927,9.6696,1192,0,0.15370659276867144,0.0,0.0024615214838478814
-0.2679,0.2954,9.8957,-0.2676,5.1971,1.3393,-0.3122,0.3289,9.9198,1193,0,0.15370659276867144,0.0,0.0024615214838478814
0.1154,-0.5413,9.8645,-1.087,1.9948,2.136,0.0038,-0.6191,9.8055,1194,0,0.13982869213507415,0.0,0.0025607278330542303
-0.0127,0.0349,9.9721,-0.0785,-5.8222,1.2653,0.0181,-0.024,10.0109,1195,0,0.15370659276867144,0.0,0.0024615214838478814
-0.2127,-0.239,9.7309,3.6458,0.9829,-0.7957,-0.2102,-0.2471,9.8254,1196,0,0.15370659276867144,0.0,0.0025607278330542303
-0.1798,0.0952,9.9515,-3.3036,-1.1565,-1.1528,-0.1873,0.1579,9.9617,1197,0,0.15370659276867144,0.0,0.001132156404482802
-0.137,0.2881,9.5578,3.3651,-3.6904,4.8852,-0.1176,0.2881,9.6062,1198,0,0.15370659276867144,0.0,0.001132156404482802
-0.1438,0.1753,9.6832,-0.0426,6.6758,-2.5066,0.0008,0.1612,9.6546,1199,0,0.15370659276867144,0.0,0.0012609192183896199
-0.1143,-0.1083,9.6053,-1.5541,-1.2942,-3.7868,-0.1588,-0.0951,9.6318,1200,0,0.15370659276867144,0.0,0.0012609192183896199
0.0093,0.144,9.6524,-5.8376,-3.6326,-2.4206,-0.0009,0.1674,9.6204,1201,0,0.15370659276867144,0.0,0.0012609192183896199
0.0831,0.0115,9.8693,3.9421,-5.5805,2.0623,0.1302,0.0178,9.8351,1202,0,0.15370659276867144,0.0,0.0011021890596594611
0.2689,-0.243,9.5828,0.983,2.0153,-0.5796,0.2326,-0.2621,9.5665,1203,0,0.15370659276867144,0.0,0.0009345912942963327
-0.4834,-0.2452,9.5543,-3.9405,-5.8961,1.5564,-0.4725,-0.2259,9.4988,1204,0,0.15370659276867144,0.0,0.0009345912942963327
-0.3218,-0.2236,10.287,-0.1892,1.0019,0.0833,-0.3328,-0.1697,10.2506,1205,0,0.15111538137757127,0.0,0.0009345912942963327
0.1578,-0.3997,10.0037,-2.6,-2.7306,4.2105,0.1869,-0.375,10.0684,1206,0,0.15370659276867144,0.0,0.0010933214530264913
-0.051,0.0579,10.2313,0.6337,1.658,0.7618,-0.0723,0.079,10.2097,1207,0,0.15262407051682947,0.0,0.0011021890596594611
-0.2153,0.3094,9.5337,2.5519,0.3404,4.6199,-0.3295,0.318,9.5402,1208,0,0.15370659276867144,0.0,0.022352189059659463
0.8455,0.368,9.7799,-0.8529,3.9624,0.7499,0.9123,0.3163,9.746,1209,0,0.15244139307084098,0.0,0.0002668041145694777
0.3514,-0.009,10.1135,-4.3647,0.0259,0.0618,0.3108,-0.0309,10.0949,1210,0,0.15370659276867144,0.0,0.0002668041145694777
-0.0049,-0.0463,10.0078,6.7684,3.0502,-0.4963,-0.0342,-0.0188,10.0829,1211,0,0.15242389511884455,0.0,0.0002668041145694777
0.2895,-0.4049,9.4982,-0.1685,-2.174,-4.4528,0.357,-0.3215,9.5945,1212,0,0.15370659276867144,0.0,0.010099206349206349
0.212,-0.4167,9.586,0.4135,-0.8216,0.0739,0.2838,-0.5055,9.546,1213,0,0.15370659276867144,0.0,0.00012330273474851788
-0.2683,-0.0299,9.8724,-2.3921,-5.4618,1.8001,-0.2391,-0.01,9.9041,1214,0,0.15370659276867144,0.0,0.0011610385838051217
-0.0737,-0.0183,10.0367,5.5132,-1.0143,0.7734,0.0236,-0.0318,10.1074,1215,0,0.15370659276867144,0.0,0.0011610385838051217
-0.17,0.0047,9.6742,4.013,-0.8348,-3.3654,-0.1915,-0.0359,9.6068,1216,0,0.15370659276867144,0.0,0.00012330273474851788
0.4587,0.0869,9.6831,-4.0903,-4.0915,0.4293,0.3441,0.0344,9.6175,1217,0,0.15370659276867144,0.0,0.00012330273474851788
0.0891,-0.026,10.028,2.6178,2.1553,0.2806,0.0414,-0.0801,10.0396,1218,0,0.15370659276867144,0.0,0.00012330273474851788
-0.3051,-0.0517,9.6613,0.1984,-1.1432,-0.4325,-0.3979,-0.031,9.6049,1219,0,0.15370659276867144,0.0,0.00012330273474851788
0.3323,0.5505,9.9973,-0.6338,4.9217,1.6424,0.2885,0.5549,10.0327,1220,0,0.15355074445237718,0.0,0.00012330273474851788
0.3871,0.1893,9.7888,-2.1477,-1.8113,1.3665,0.4427,0.108,9.7779,1221,0,0.15370659276867144,0.0,0.00012330273474851788
0.1944,0.2789,9.6376,0.4204,2.2827,4.4716,0.1949,0.2344,9.638,1222,0,0.15370659276867144,0.0,0.00012330273474851788
0.0153,-0.2257,9.7086,-5.6445,-1.0784,-1.3829,-0.0647,-0.2249,9.8188,1223,0,0.15370659276867144,0.0,0.010123302734748518
-0.1035,0.2671,10.0392,-5.42,3.3536,-1.4552,-0.1323,0.3298,10.0172,1224,0,0.15370659276867144,0.0,0.0005060240963855422
-0.2233,0.2785,10.0612,-2.713,1.0415,0.5557,-0.253,0.2734,10.165,1225,0,0.15370659276867144,0.0,0.0005060240963855422
0.0481,0.0266,9.7761,2.097,-3.4523,2.1719,0.0201,0.1321,9.8258,1226,0,0.15370659276867144,0.0,0.0005060240963855422
-0.4875,-0.0182,10.1448,0.4486,3.5285,-4.9972,-0.4447,-0.0099,10.1442,1227,0,0.15370659276867144,0.0,0.0007258043161657621
0.1467,-0.0466,9.857,-3.427,-1.6294,-0.0368,0.0245,-0.0647,9.7767,1228,0,0.15370659276867144,0.0,0.0007258043161657621
-0.362,0.339,9.9483,3.3721,-3.2313,-0.3792,-0.3764,0.3773,9.9238,1229,0,0.15370659276867144,0.0,0.0007017079306235934
-0.1593,-0.398,9.6309,0.5654,1.0498,-2.7791,-0.0433,-0.3634,9.6793,1230,0,0.15370659276867144,0.0,0.000962022082512481
0.2291,0.3582,10.1806,0.6881,-2.3058,0.4816,0.2615,0.3222,10.169,1231,0,0.15370659276867144,0.0,0.00034091077159717806
0.168,-0.0013,10.0486,-1.2707,-4.3483,1.2854,0.16,-0.0453,10.1076,1232,0,0.15370659276867144,0.0,0.00034091077159717806
-0.3938,0.0512,9.6791,0.6741,-0.7804,2.2714,-0.4259,0.114,9.7183,1233,0,0.15370659276867144,0.0,0.010309809797099978
0.2469,-0.2249,9.5491,3.6033,-2.7331,2.4001,0.2513,-0.2178,9.5752,1234,0,0.15370659276867144,0.0,0.01
-0.3134,0.0418,9.5522,-1.2313,1.4965,4.7122,-0.3103,0.0274,9.5877,1235,0,0.15370659276867144,0.0,0.010408459465063238
0.113,0.0301,9.9642,-5.1227,-1.5075,0.9228,0.1655,0.0373,9.9304,1236,0,0.15370659276867144,0.0,0.03021978021978022
0.01,-0.2021,9.7407,0.6448,0.1794,-3.5335,0.0301,-0.2012,9.769,1237,0,0.15370659276867144,0.0,0.030340910771597177
-0.081,0.2366,9.8822,-1.8247,-0.8732,-0.052,-0.0051,0.2895,9.8437,1238,0,0.15370659276867144,0.0,0.030340910771597177
0.0998,-0.4312,9.8161,-0.5682,-4.55,-1.0975,0.0636,-0.4441,9.7307,1239,0,0.15370659276867144,0.0,0.02034091077159718
0.0364,0.2585,9.8513,-0.5386,-1.9534,5.252,0.0703,0.3007,9.9275,1240,0,0.15370659276867144,0.0,0.03098901098901099
-0.6387,-0.3537,9.6067,0.3885,-1.3122,5.545,-0.6812,-0.3221,9.7282,1241,0,0.15157625942171196,0.0,0.08098901098901098
0.0758,0.1598,9.9456,-3.8614,0.3311,-2.3984,0.0101,0.1233,9.9549,1242,0,0.15370659276867144,0.0,0.08098901098901098
-0.3662,0.0651,9.9118,-4.018,-1.3268,-0.5616,-0.4068,0.0894,9.8572,1243,0,0.15370659276867144,0.0,0.08098901098901098
-0.6519,0.1967,10.1518,-2.4108,-0.3853,-1.8684,-0.7048,0.1826,10.21,1244,0,0.14823162795925843,0.0,0.08076923076923076
0.0344,-0.3489,9.8565,-2.1645,2.0765,-1.1469,0.0867,-0.3538,9.9188,1245,0,0.15370659276867144,0.0,0.10076923076923076
-0.5743,-0.2455,9.7601,0.1286,-1.4054,-2.0069,-0.5427,-0.3513,9.7709,1246,0,0.15370659276867144,0.0,0.10076923076923076
0.0748,0.0957,9.7781,-5.2355,0.7517,-1.6631,0.0341,0.0669,9.8013,1247,0,0.15370659276867144,0.0,0.11076923076923077
0.0163,-0.1449,9.8885,-3.5876,3.1405,0.0709,-0.0356,-0.1826,9.8979,1248,0,0.15370659276867144,0.0,0.08076923076923076
0.2026,-0.0228,9.9403,2.9348,1.1126,-2.5027,0.241,0.002,9.8854,1249,0,0.15370659276867144,0.0,0.13100923076923077
0.0434,0.2038,9.801,3.6712,-1.9032,0.6719,0.0846,0.2419,9.8484,1250,0,0.15370659276867144,0.0,0.12023999999999999
-0.044,0.2733,9.7284,5.1789,2.7213,2.164,-0.0969,0.2402,9.7696,1251,0,0.15370659276867144,0.0,0.13024
-0.034,-0.2635,9.9506,7.0419,-0.7791,1.1124,-0.0874,-0.2463,9.9004,1252,0,0.15242389511884455,0.0,0.14036113055181695
-0.292,-0.0652,9.8548,2.0756,-2.3774,-4.4901,-0.1817,-0.1214,9.8626,1253,0,0.15370659276867144,0.0,0.10024
0.0553,0.1504,9.6528,-3.5374,0.9016,-0.863,-0.0417,0.1129,9.6337,1254,0,0.15370659276867144,0.0,0.09136113055181694
0.0693,0.1669,9.8181,0.9203,-2.9822,-1.349,0.0624,0.1784,9.8073,1255,0,0.15370659276867144,0.0,0.10036113055181696
0.0573,-0.231,9.5968,2.9899,-1.7502,0.164,0.0377,-0.1849,9.5778,1256,0,0.15370659276867144,0.0,0.12036113055181694
-0.1393,0.2585,9.6351,2.6373,0.1414,-1.6952,-0.1334,0.335,9.6482,1257,0,0.15370659276867144,0.0,0.14036113055181695
0.4734,0.4072,9.5387,-3.1472,-3.911,-3.2501,0.5053,0.3254,9.5906,1258,0,0.15370659276867144,0.0,0.12023999999999999
-0.0689,0.1952,10.2405,-1.7915,-1.9629,4.9334,-0.022,0.2951,10.2816,1259,0,0.14799027000649834,0.0,0.11
0.1278,0.148,9.8992,0.6253,-1.8209,1.01,0.1274,0.1145,9.8557,1260,0,0.15370659276867144,0.0,0.11
-0.155,-0.4146,9.4949,-2.9724,2.1058,-2.1595,-0.1761,-0.4419,9.537,1261,0,0.15370659276867144,0.0,0.2
-0.1234,-0.7788,10.1336,2.5145,0.5611,-2.0089,-0.1811,-0.7634,10.1421,1262,0,0.14783286113912067,0.0,0.18056603773584903
-0.5735,0.2413,9.7745,-4.1842,0.5708,1.2697,-0.5551,0.2027,9.6834,1263,0,0.15370659276867144,0.0,0.22056603773584904
0.4323,-0.1725,9.8287,0.2228,-1.2196,0.7087,0.4375,-0.118,9.803,1264,0,0.15370659276867144,0.0,0.23056603773584905
-0.2607,0.5893,9.8103,2.9668,-4.7143,1.9416,-0.1806,0.6365,9.8117,1265,0,0.15309497375261916,0.0,0.2110479654466924
-0.5205,-0.1357,10.0186,-2.1772,0.968,0.8957,-0.5856,-0.1594,10.0523,1266,0,0.15370659276867144,0.0,0.2410479654466924
-0.422,0.1592,9.9084,2.9534,-3.9136,-0.7086,-0.3926,0.2715,9.9214,1267,0,0.15370659276867144,0.0,0.2510479654466924
-0.0716,0.3408,9.7637,0.8129,-0.1049,-0.2615,-0.0745,0.3227,9.7527,1268,0,0.15370659276867144,0.0,0.15104796544669244
-0.0904,-0.2211,9.5254,-2.3751,-4.6004,4.476,-0.136,-0.1844,9.6115,1269,0,0.15370659276867144,0.0,0.12319082258954957
-0.0962,0.3063,9.7657,-3.8307,2.5445,-2.5511,-0.0858,0.3486,9.8137,1270,0,0.15370659276867144,0.0,0.14104796544669243
-0.0495,-0.3151,9.9423,-3.7163,1.0313,0.7157,-0.0154,-0.344,9.9003,1271,0,0.15370659276867144,0.0,0.13056603773584904
-0.2334,0.5152,9.8569,3.6398,2.7233,-1.6029,-0.2609,0.4557,9.7244,1272,0,0.15370659276867144,0.0,0.12056603773584905
-0.3935,-0.1962,9.9442,1.8869,1.3063,2.0599,-0.4361,-0.1367,9.9329,1273,0,0.15370659276867144,0.0,0.18056603773584903
0.0822,-0.277,9.6814,3.8895,-0.8983,1.0892,-0.0345,-0.1933,9.7436,1274,0,0.15370659276867144,0.0,0.22056603773584904
-0.011,-0.4569,9.8534,-10.1254,0.1702,2.2912,-0.1509,-0.5645,9.9506,1275,0,0.14107462117645145,0.0,0.04863987368165656
0.3684,-0.2675,9.8127,0.4024,2.6691,-3.8187,0.34,-0.1957,9.9128,1276,0,0.15370659276867144,0.0,0.05795774544154742
0.2511,0.157,10.117,6.4669,5.1893,0.832,0.2136,0.2048,10.1954,1277,0,0.15246483658734608,0.0,0.0484396731523908
0.2605,0.0787,9.6509,-2.7882,-2.5908,3.6381,0.2035,0.0864,9.6656,1278,0,0.15370659276867144,0.0,0.0384396731523908
-0.1921,0.243,9.631,-5.4975,-2.8361,1.2199,-0.1815,0.2419,9.6194,1279,0,0.15370659276867144,0.0,0.0284396731523908
0.0756,0.3961,10.0165,1.0979,-1.7206,0.8453,0.128,0.4347,9.9515,1280,0,0.15370659276867144,0.0,0.0284396731523908
0.2606,-0.0986,9.6522,-2.6239,-5.6105,-0.6391,0.2196,-0.0452,9.5984,1281,0,0.15370659276867144,0.0,0.0484396731523908
0.5515,0.3642,9.7471,0.3656,1.1481,-4.5248,0.5739,0.4112,9.7423,1282,0,0.15361879978792273,0.0,0.03475546262607501
0.1394,0.1873,10.1846,-3.8391,0.6028,2.754,0.1781,0.2654,10.1842,1283,0,0.1533321728497886,0.0,0.03475546262607501
0.178,-0.2402,10.0644,-2.0765,2.5266,-0.4657,0.1762,-0.2571,10.0644,1284,0,0.15370659276867144,0.0,0.02859431232764853
0.3794,0.5428,10.2195,0.937,0.3123,6.4387,0.4557,0.5356,10.239,1285,0,0.15193302611846665,0.0,0.029337414230965968
0.2238,0.1345,9.5793,-2.5326,1.8532,-1.4322,0.2476,0.0838,9.5697,1286,0,0.15370659276867144,0.0,0.04865528599085683
-0.0091,0.0526,9.8387,-1.6564,2.5765,-3.1346,-0.0158,-0.0086,9.8552,1287,0,0.15370659276867144,0.0,0.05033741423096598
-0.1311,-0.4411,9.5267,0.6165,5.0733,-8.0175,-0.1972,-0.4461,9.5434,1288,0,0.15152296743303956,0.0,0.054841326468219605
-0.1718,0.2288,10.1321,3.5162,-2.6345,2.5684,-0.1585,0.1503,10.1776,1289,0,0.15370659276867144,0.0,0.03508522890724401
0.195,0.0493,9.8813,-1.1803,-2.445,-0.3831,0.2908,0.0825,9.8761,1290,0,0.15370659276867144,0.0,0.044154398211424944
0.4065,0.1011,9.6112,1.3797,-1.4313,-2.7546,0.5036,0.124,9.7141,1291,0,0.15370659276867144,0.0,0.03394282261351025
-0.2058,0.1224,9.6278,0.53,-1.773,-2.9849,-0.1873,0.1176,9.5975,1292,0,0.15370659276867144,0.0,0.04394282261351024
0.2359,-0.3834,9.6027,-2.5324,-0.3836,3.0694,0.1999,-0.3081,9.6702,1293,0,0.15370659276867144,0.0,0.04413451676441553
0.2028,0.0101,9.7503,-1.206,4.2389,-3.8727,0.2635,-0.0733,9.6992,1294,0,0.15370659276867144,0.0,0.049554441046658314
0.0448,-0.1139,10.0916,-5.8355,0.5538,-0.4716,0.0314,-0.1005,10.1499,1295,0,0.15370659276867144,0.0,0.050554441046658315
-0.8176,-0.2531,9.863,8.61,-3.8576,-3.7335,-0.7291,-0.2432,9.8757,1296,0,0.17432855458951999,0.0,0.04020335596062754
0.0197,-0.1046,9.8969,3.9902,-0.639,-0.5431,0.0364,-0.1361,9.8677,1297,0,0.15370659276867144,0.0,0.03978397658733883
0.1182,0.119,9.7864,2.3783,6.7546,0.5522,0.0375,0.1186,9.7176,1298,0,0.15370659276867144,0.0,0.03939682039093408
0.0238,-0.0322,10.0803,3.5987,4.8032,0.1437,-0.0292,-0.0725,10.1034,1299,0,0.15370659276867144,0.0,0.0429837769126732
-0.0243,0.0121,9.6985,-2.7496,2.2877,-0.54,-0.005,0.0156,9.7075,1300,0,0.15370659276867144,0.0,0.03298377691267321
-0.3368,-0.1366,9.9394,-5.8234,0.2151,-6.4693,-0.316,-0.1237,9.9535,1301,0,0.1532405209942328,0.0,0.04341307777677375
-0.1157,0.0098,9.965,2.3041,-0.4944,-5.0984,-0.083,0.0861,9.9692,1302,0,0.15370659276867144,0.0,0.02438533740510664
0.2694,0.1334,9.9662,-0.6858,-1.4648,-0.2442,0.3806,0.1297,9.9592,1303,0,0.15370659276867144,0.0,0.04558333166574732
-0.4367,0.3948,9.7159,-4.0955,-5.2501,-2.7857,-0.468,0.4194,9.7166,1304,0,0.15370659276867144,0.0,0.03983994751598234
0.0061,0.1595,9.8489,3.5248,0.4095,0.6953,-0.0032,0.196,9.8997,1305,0,0.15370659276867144,0.0,0.029839947515982342
0.2685,0.1819,9.9933,-2.4072,3.6623,1.6879,0.2257,0.1978,10.0693,1306,0,0.15370659276867144,0.0,0.025930167020499773
0.4068,0.5415,9.7487,-3.2071,-1.3823,3.9134,0.4639,0.4703,9.7439,1307,0,0.15355074445237718,0.0,0.01933569951592806
-0.03,0.141,10.1041,0.831,-0.7955,2.2436,-0.0319,0.1563,10.1955,1308,0,0.15332031675608063,0.0,0.02152271322237888
-0.5014,-0.0828,9.624,-2.7717,-1.6213,0.5018,-0.4638,-0.0478,9.5488,1309,0,0.15370659276867144,0.0,0.018569755121186266
0.138,0.4017,10.0269,0.901,3.0441,0.977,0.1932,0.4275,10.0186,1310,0,0.15370659276867144,0.0,0.017293159376505416
0.0232,-0.1067,9.6865,1.2191,-0.4074,-1.5282,0.0284,-0.1085,9.6981,1311,0,0.15370659276867144,0.0,0.022805098225783204
0.087,-0.4895,9.6679,2.0974,-1.3028,6.1856,0.0307,-0.5897,9.7352,1312,0,0.15304318577235607,0.0,0.03236301115239003
0.2064,0.2381,9.9856,3.6351,-0.5936,1.6093,0.1882,0.2699,10.087,1313,0,0.15370659276867144,0.0,0.07246911107227279
-0.0206,0.3451,9.6737,-0.7087,-2.8032,-0.7362,0.101,0.3888,9.6457,1314,0,0.15370659276867144,0.0,0.0686879519207939
0.2162,-0.084,9.5888,2.8536,-3.1845,-3.4928,0.2033,0.0159,9.6668,1315,0,0.15370659276867144,0.0,0.06704657477025897
0.4385,0.098,9.8408,3.5093,0.4795,1.9145,0.4213,0.0854,9.8366,1316,0,0.15370659276867144,0.0,0.06265579444661733
0.248,0.081,9.9174,5.5387,-1.6507,5.1418,0.2635,0.0608,9.9172,1317,0,0.15370659276867144,0.0,0.06874733797458084
0.086,-0.3317,9.6529,1.4671,-2.3733,-0.4953,0.0319,-0.4639,9.6318,1318,0,0.15370659276867144,0.0,0.07215287047000914
0.2304,-0.1377,10.0016,-4.4667,0.8456,1.4703,0.2759,-0.1256,10.0322,1319,0,0.15370659276867144,0.0,0.061225779033759926
0.219,0.6902,9.7616,1.2612,3.5573,1.7379,0.2992,0.6998,9.769,1320,0,0.15298598980126782,0.0,0.07181401432787757
0.1357,-0.1842,10.0392,-3.7317,2.7609,1.9692,0.1368,-0.234,9.9893,1321,0,0.15370659276867144,0.0,0.08078133458931548
0.0047,0.3547,9.3685,4.9956,2.3671,-0.2472,0.0174,0.2585,9.4835,1322,0,0.1510993609308793,0.0,0.013266013756160938
-0.2873,-0.0269,10.2259,-4.9656,-3.4584,0.8759,-0.2343,-0.0182,10.2612,1323,0,0.15135784453201792,0.0,0.03347877971360774
0.2001,0.2754,9.6932,0.204,-2.2507,-2.8501,0.1482,0.3168,9.7441,1324,0,0.15370659276867144,0.0,0.03463750987233791
-0.0708,-0.3381,10.1813,-3.0269,-1.3102,-1.4133,-0.1132,-0.4427,10.1233,1325,0,0.15370659276867144,0.0,0.0446375098723379
-0.0601,-0.0675,10.1199,3.0987,3.3159,2.1191,0.025,-0.0958,10.1103,1326,0,0.15370659276867144,0.0,0.02419306542789346
-0.1222,-0.2479,9.4433,-2.2812,0.7233,-0.3886,-0.2381,-0.2396,9.4433,1327,0,0.1534046229755623,0.0,0.02480000184407843
0.5832,-0.4586,9.8426,-6.2882,-1.8853,7.3373,0.5664,-0.4316,9.8231,1328,0,0.15054663390259632,0.0,0.02251967569524487
0.1656,-0.5042,9.9455,-2.5247,-2.6101,-0.8323,0.1994,-0.5569,10.0241,1329,0,0.15370659276867144,0.0,0.02317688609713612
-0.454,0.225,9.5613,-0.2146,3.1081,-1.3367,-0.4874,0.2035,9.6289,1330,0,0.15370659276867144,0.0,0.023899590293524526
0.0721,0.1079,9.3656,-1.5224,2.0119,-2.4983,0.1453,0.0126,9.2654,1331,0,0.07524335852290515,0.0,0.023899590293524526
-0.2336,-0.3029,9.7998,2.2207,1.7215,-3.5472,-0.3365,-0.2773,9.6231,1332,0,0.15370659276867144,0.0,0.02866650758675761
0.0745,-0.2429,9.746,-0.5056,1.3333,-4.5574,0.0233,-0.2805,9.7749,1333,0,0.15370659276867144,0.0,0.02866650758675761
0.7122,0.2868,9.8763,1.6265,1.7845,7.0091,0.6881,0.237,9.846,1334,0,0.16090771529740736,0.0,0.021950002468540383
-0.337,0.2649,9.5209,-4.0261,-1.1226,0.6639,-0.3635,0.3134,9.5303,1335,0,0.15370659276867144,0.0,0.011950002468540383
0.2502,-0.5285,9.8468,-0.0178,0.3134,2.7562,0.2639,-0.548,9.8877,1336,0,0.15370659276867144,0.0,0.012709496139426462
-0.1963,0.1854,9.8009,-1.898,-2.3939,2.3112,-0.1227,0.1798,9.8201,1337,0,0.15370659276867144,0.0,0.022685399753884294
-0.148,0.0487,9.8407,-4.5417,-0.3766,3.1411,-0.1741,0.0029,9.8646,1338,0,0.15370659276867144,0.0,0.02271360587053842
-0.3688,0.132,9.7071,2.3445,0.5116,-2.9707,-0.2986,0.0701,9.7413,1339,0,0.15370659276867144,0.0,0.026620311571165275
0.0888,0.4079,9.7761,4.3851,-1.8504,1.8445,0.065,0.4121,9.8193,1340,0,0.15370659276867144,0.0,0.026620311571165275
-0.2722,0.1471,9.9368,-1.9156,-1.0155,-4.1154,-0.2135,0.174,9.9541,1341,0,0.15370659276867144,0.0,0.012320076541736377
-0.2831,0.4751,9.949,-3.4505,4.0538,1.1803,-0.2943,0.5003,9.9869,1342,0,0.15370659276867144,0.0,0.011752980763001606
0.0815,-0.1315,9.7206,1.7728,3.5163,-1.2949,0.1041,-0.0867,9.7302,1343,0,0.15370659276867144,0.0,0.011752980763001606
0.121,0.052,9.6256,3.8046,2.139,0.919,0.1181,-0.0086,9.6502,1344,0,0.15370659276867144,0.0,0.012359917179186577
0.1099,-0.1869,10.3059,0.6317,-2.4156,-1.7748,0.0709,-0.2193,10.306,1345,0,0.15059390825259147,0.0,0.002359917179186576
0.2965,0.1254,9.8402,-0.9668,-1.5827,2.0168,0.3363,0.1038,9.9027,1346,0,0.15370659276867144,0.0,0.00422035032147911
0.1775,-0.1375,9.7281,3.6841,-4.395,4.1335,0.1497,-0.1841,9.7437,1347,0,0.15370659276867144,0.0,0.01406571114622138
0.1875,-0.3147,9.8798,2.183,0.3703,4.2353,0.2496,-0.3268,9.792,1348,0,0.15370659276867144,0.0,0.029758520994600853
-0.1643,-0.2763,9.6686,-5.7148,3.7465,0.4422,-0.1271,-0.3146,9.7191,1349,0,0.15370659276867144,0.0,0.029758520994600853
-0.4905,-0.2619,9.8755,1.4771,1.407,-0.5764,-0.5497,-0.2853,9.9313,1350,0,0.15370659276867144,0.0,0.01919119129229924
-0.0973,0.1812,10.0512,0.1563,-3.8012,1.3955,-0.0289,0.1768,10.0618,1351,0,0.15370659276867144,0.0,0.02991316016985858
-0.0174,-0.1211,10.0116,-0.3451,1.4017,-0.8179,-0.0827,-0.0978,10.0651,1352,0,0.15370659276867144,0.0,0.05808135223572245
0.0078,-0.8054,9.6453,-1.7487,0.0167,2.1982,-0.0224,-0.8581,9.7049,1353,0,0.11872804888450844,0.0,0.07051558998319442
-0.0048,0.095,9.8622,3.9143,2.985,0.7315,0.0124,0.0985,9.8413,1354,0,0.15370659276867144,0.0,0.04938976216862489
-0.0875,-0.1353,9.9031,3.9467,-4.6986,1.257,-0.0831,-0.0825,9.8265,1355,0,0.15370659276867144,0.0,0.034717172100465196
-0.1395,0.4568,9.9423,2.1254,-5.6074,0.3492,-0.0735,0.5677,9.8877,1356,0,0.15370659276867144,0.0,0.01564591962306393
0.5739,-0.1203,9.8649,-2.8674,1.7344,1.1544,0.5157,-0.1516,9.8657,1357,0,0.15361879978792273,0.0,0.032971041548648244
0.0289,0.4226,9.6555,1.2756,4.708,3.4706,0.0173,0.5079,9.644,1358,0,0.15370659276867144,0.0,0.023884769865828326
-0.5143,-0.3151,9.9282,3.5086,-0.1646,0.4147,-0.5472,-0.2962,9.9141,1359,0,0.15370659276867144,0.0,0.02452866996955449
0.2429,-0.2835,9.4867,0.031,-4.7126,2.092,0.2425,-0.3308,9.4332,1360,0,0.152968620356603,0.0,0.034530499915034735
-0.0863,-0.4013,10.0098,-2.0234,3.3508,-0.572,-0.1025,-0.4652,9.9872,1361,0,0.15370659276867144,0.0,0.014842999915034736
-0.0161,-0.2973,9.723,2.705,4.3391,-4.7853,0.0789,-0.2525,9.7616,1362,0,0.15370659276867144,0.0,0.01324825950448783
0.3697,-0.0554,9.9324,3.947,-2.8186,-3.8094,0.3726,-0.0325,9.8023,1363,0,0.15370659276867144,0.0,0.0234176306905706
0.0698,0.2847,9.6957,0.7739,0.8851,-2.2037,0.1697,0.3183,9.7394,1364,0,0.15370659276867144,0.0,0.01313311576519746
-0.1888,-0.4833,10.1116,1.2169,0.6357,1.9078,-0.1961,-0.4639,10.0314,1365,0,0.15370659276867144,0.0,0.025010597680397866
0.092,-0.1503,9.8096,-0.6308,-3.5987,2.2352,0.1564,-0.094,9.7783,1366,0,0.15370659276867144,0.0,0.015010597680397865
0.0768,-0.2856,9.9004,-2.4781,-0.8768,4.1371,0.0224,-0.3184,9.8472,1367,0,0.15370659276867144,0.0,0.006104185084420495
0.4774,0.0392,9.8145,-3.2011,0.565,-4.1699,0.4959,-0.0384,9.8246,1368,0,0.15370659276867144,0.0,0.005976082755024731
0.1551,0.0755,9.5373,7.7675,-4.9545,0.918,0.0931,0.0911,9.55,1369,0,0.147037767502397,0.0,0.007692561592189359
-0.0862,0.0294,9.8618,1.1435,-1.3829,4.6853,-0.0022,0.1248,9.8309,1370,0,0.15370659276867144,0.0,0.023544555619549257
0.6746,0.1537,9.8492,-3.0695,0.7464,2.8934,0.5237,0.2334,9.9465,1371,0,0.1520486565742571,0.0,0.013544555619549257
0.2363,0.2248,9.7032,-1.3255,-5.4541,2.9753,0.1178,0.1308,9.6128,1372,0,0.15370659276867144,0.0,0.013544555619549257
0.2161,0.141,9.9315,-1.1236,5.0882,1.9497,0.2853,0.1285,9.9947,1373,0,0.15370659276867144,0.0,0.023378520116590678
0.0665,0.0133,10.0965,3.2029,-2.7141,-0.5298,0.0311,0.0007,10.1235,1374,0,0.15370659276867144,0.0,0.013544555619549257
0.5572,-0.2108,9.9282,-1.1475,1.7446,6.2886,0.5791,-0.1943,9.9527,1375,0,0.15305722179297787,0.0,0.005731117375424607
0.4259,-0.286,9.6276,3.1017,-0.4812,-1.1904,0.3827,-0.1467,9.6773,1376,0,0.15370659276867144,0.0,0.0041147961897898275
0.0965,0.1004,9.76,-1.452,1.1115,-5.6085,0.2162,0.1333,9.8536,1377,0,0.15370659276867144,0.0,0.013461059681065196
0.1297,-0.1992,9.6528,-9.2519,2.8703,-1.8066,0.1283,-0.158,9.6377,1378,0,0.1458499173853834,0.0,0.013435003527586621
-0.2282,-0.2558,10.125,1.9826,1.6295,1.1382,-0.198,-0.3033,10.089,1379,0,0.15370659276867144,0.0,0.01345502296829247
0.2222,-0.5287,9.6812,1.0622,2.9396,-3.1479,0.2067,-0.4457,9.6339,1380,0,0.15370659276867144,0.0,0.01333389241647551
0.2362,0.0754,9.8206,-1.8147,0.8191,-0.3902,0.189,0.0786,9.8544,1381,0,0.15370659276867144,0.0,0.01369502296829247
0.2646,0.2533,9.7107,2.196,-6.6678,-2.9,0.2305,0.2436,9.6477,1382,0,0.15370659276867144,0.0,0.0033338924164755097
0.4804,0.4894,9.5785,1.2544,-4.6207,2.1216,0.5269,0.4698,9.592,1383,0,0.15370659276867144,0.0,0.0029669560002905386
-0.2919,0.0855,9.9351,-4.6237,1.9598,-1.7419,-0.3373,-0.0022,9.9295,1384,0,0.15370659276867144,0.0,0.0030057026634860706
0.2578,-0.3389,9.7641,-3.3464,-1.1564,2.3026,0.2321,-0.3501,9.8918,1385,0,0.15370659276867144,0.0,0.012398766247301098
0.3981,-0.0248,10.0427,9.9949,-0.4853,-2.4762,0.3924,0.034,10.0666,1386,0,0.10824798709351402,0.0,0.012497972596507447
-0.3921,0.4529,9.903,5.9472,1.6867,-0.6065,-0.4325,0.4425,9.9575,1387,0,0.15370659276867144,0.0,0.002257972596507449
0.0341,0.0729,9.4233,4.1481,0.5003,-0.1483,0.0028,0.0656,9.4012,1388,0,0.1525588014428267,0.0,0.0016609576711343144
0.079,-0.1168,9.5658,-2.8091,-0.8859,0.7868,0.0531,-0.0133,9.6082,1389,0,0.15370659276867144,0.0,0.0019009576711343143
0.0784,-0.2633,9.9236,2.9282,1.7701,0.6951,-0.0192,-0.2708,10.0078,1390,0,0.15370659276867144,0.0,0.0016609576711343144
-0.0295,-1.1541,9.8247,-0.7502,3.6733,1.522,-0.0102,-1.1669,9.8694,1391,1,0.046714489136705645,0.0,0.002142885381977688
0.328,0.1744,10.1954,3.2223,-0.0898,2.1457,0.2952,0.1423,10.155,1392,0,0.15370659276867144,0.0,0.002142885381977688
0.3338,0.2037,9.8096,8.0213,1.2345,0.4829,0.391,0.1929,9.7187,1393,0,0.1406340203223984,0.0,0.012142885381977688
0.1849,-0.1144,9.9123,1.8653,-4.6081,-0.1444,0.1291,-0.189,9.9028,1394,0,0.15370659276867144,0.0,0.022945805090006887
-0.0309,-0.5141,9.7718,3.5654,-1.4388,2.6833,-0.0357,-0.4731,9.7335,1395,0,0.15370659276867144,0.0,0.03166095767113432
0.0956,0.013,10.188,-2.4881,-0.6478,8.7155,0.0596,0.0254,10.135,1396,0,0.15083924109497698,0.0,0.03397212087948057
-0.4646,0.1971,9.9804,0.9584,3.4248,1.7849,-0.4854,0.191,9.9608,1397,0,0.15370659276867144,0.0,0.013687273460607998
-0.4455,-0.0765,9.8689,-3.7709,2.6664,0.1434,-0.4556,-0.1025,9.9021,1398,0,0.15370659276867144,0.0,0.02325797259650745
0.5796,0.0966,10.2098,-1.8821,0.0105,-0.3879,0.5259,0.1735,10.2163,1399,0,0.1510311863444502,0.0,0.023856041406059448
0.0085,-0.3628,9.8598,3.7558,4.4165,1.9167,0.0264,-0.3432,9.8601,1400,0,0.15370659276867144,0.0,0.0038460036193381573
0.5404,0.2341,9.5635,-4.0153,-5.5689,-5.2655,0.5383,0.2969,9.6379,1401,0,0.15370659276867144,0.0,0.0038460036193381573
-0.2714,-0.513,9.9224,4.8118,0.71,-3.6391,-0.3259,-0.442,9.9798,1402,0,0.15370659276867144,0.0,0.0036784058539750288
0.3018,-0.6246,9.6979,-2.2065,0.172,3.561,0.4019,-0.5749,9.7711,1403,0,0.15359223705380823,0.0,0.0036784058539750288
0.1432,-0.3746,9.8072,-3.5888,-4.3358,-5.576,0.1115,-0.2997,9.7135,1404,0,0.15370659276867144,0.0,0.02267840585397503
0.8646,0.0296,10.0506,3.6458,-3.2401,-3.9812,0.8038,-0.0037,10.0895,1405,0,0.17355200723319844,0.0,0.03094006474804565
0.4616,-0.2182,9.8354,0.4744,-2.9812,0.8221,0.4378,-0.1673,9.7965,1406,0,0.15370659276867144,0.0,0.010940064748045647
0.2457,-0.1467,9.7504,4.5821,-0.2283,-0.4738,0.2104,-0.1821,9.6983,1407,0,0.15370659276867144,0.0,0.031180064748045647
0.0505,0.3843,9.7678,-0.449,2.0166,-2.2182,0.1375,0.3894,9.7331,1408,0,0.15370659276867144,0.0,0.010940064748045647
-0.2999,-0.133,10.1398,-2.5532,3.6376,-1.3524,-0.2856,-0.1812,10.1165,1409,0,0.15370659276867144,0.0,0.011966380537519332
0.4111,-0.2939,9.735,4.0378,-0.4674,4.9178,0.369,-0.3055,9.7921,1410,0,0.15370659276867144,0.0,0.011966380537519332
-0.1827,-0.031,9.6063,1.0844,0.131,2.441,-0.2016,-0.005,9.6622,1411,0,0.15370659276867144,0.0,0.0019663805375193326
-0.0897,-0.3234,9.9037,-1.9917,0.0306,9.256,-0.1026,-0.3417,9.9423,1412,0,0.1498088618040989,0.0,0.03128425229741019
-0.514,-0.5317,9.9969,1.103,3.2535,-0.3622,-0.5516,-0.4818,10.0354,1413,0,0.15370659276867144,0.0,0.010257936507936508
-0.3494,-0.3329,9.6222,0.6226,-1.0346,7.0398,-0.4254,-0.3045,9.5223,1414,0,0.15314501477372658,0.0,0.0402579365079365
0.4587,0.0884,9.759,-0.3187,1.8993,3.291,0.4677,0.0621,9.6783,1415,0,0.15370659276867144,0.0,0.010940064748045647
-0.0288,0.0923,9.9415,-4.5189,2.374,0.2697,-0.0281,0.0823,10.0376,1416,0,0.15370659276867144,0.0,0.020940064748045648
0.1705,-0.1291,9.4663,-2.503,1.8715,0.7547,0.1663,-0.1202,9.3327,1417,0,0.13512437498567512,0.0,0.020940064748045648
0.0944,-0.3882,9.8559,4.8034,1.7979,-1.7233,0.0854,-0.3876,9.8704,1418,0,0.15370659276867144,0.0,0.010940064748045647
-0.6179,-0.2779,9.7679,1.9214,-0.5562,2.9708,-0.7001,-0.3285,9.8207,1419,0,0.13836600305304103,0.0,0.020940064748045648
0.2898,-0.2769,9.6208,-1.9987,-6.9777,-1.495,0.2877,-0.2797,9.6025,1420,0,0.15371468931029958,0.0,0.04094006474804565
-0.0564,-0.1419,9.7068,-1.822,2.3419,-3.7335,-0.0143,-0.0936,9.6626,1421,0,0.15370659276867144,0.0,0.03094006474804565
-0.0666,-0.4176,9.9341,-2.2444,4.2849,-1.5982,0.0095,-0.4615,9.9716,1422,0,0.15370659276867144,0.0,0.010940064748045647
-0.278,-0.068,9.8402,5.1842,0.5006,1.5932,-0.3307,-0.0865,9.8605,1423,0,0.15370659276867144,0.0,0.0009400647480456484
0.0494,0.1267,10.0284,5.4012,1.8752,-1.9259,-0.0622,0.1598,9.9193,1424,0,0.15370659276867144,0.0,0.010940064748045647
0.2643,0.2288,9.7677,-0.8768,2.2616,-0.8051,0.2481,0.1616,9.7524,1425,0,0.15370659276867144,0.0,0.020940064748045648
-0.1163,-0.1917,9.7318,4.4048,0.7967,1.3318,-0.1761,-0.0943,9.635,1426,0,0.15370659276867144,0.0,0.010940064748045647
0.0829,0.2245,9.7725,5.0652,-4.6427,3.1698,0.0979,0.1256,9.8605,1427,0,0.15370659276867144,0.0,0.020940064748045648
-0.3307,0.5109,9.6617,4.2246,-1.0815,2.5386,-0.4193,0.59,9.6583,1428,0,0.15182277332485958,0.0,0.0008796933502956099
-0.3588,0.0101,10.0484,4.1858,2.3612,-4.8325,-0.3642,0.0487,10.0487,1429,0,0.15370659276867144,0.0,0.0008796933502956099
0.2697,-0.0518,10.1537,-0.3247,-2.4379,0.9711,0.3212,-0.0861,10.1795,1430,0,0.15370659276867144,0.0,0.0008796933502956099
0.2664,-0.0064,9.4769,1.2426,2.137,-1.8434,0.2632,-0.0472,9.5026,1431,0,0.15370659276867144,0.0,0.0008796933502956099
-0.0897,0.1315,9.8332,1.6496,-0.1631,1.2423,-0.1055,0.101,9.901,1432,0,0.15370659276867144,0.0,0.0008796933502956099
0.5033,-0.553,9.6249,-2.3441,-0.9621,-3.0187,0.5155,-0.6129,9.5293,1433,0,0.1489559645429046,0.0,0.0008796933502956099
-0.0321,0.1682,10.0959,2.2282,3.3962,-1.1156,-0.0381,0.2475,10.1386,1434,0,0.15370659276867144,0.0,0.0008796933502956099
-0.7542,-0.5552,9.9244,2.0837,2.5528,2.0844,-0.7407,-0.5635,9.931,1435,0,0.15638111116888848,0.0,0.0008796933502956099
0.1334,-0.2111,9.6986,0.0852,2.6474,0.0644,0.1681,-0.2719,9.7265,1436,0,0.15370659276867144,0.0,0.0008796933502956099
-0.1582,-0.3208,9.9031,-6.7228,2.5573,-2.6077,-0.1621,-0.3895,9.8911,1437,0,0.15370659276867144,0.0,0.0008796933502956099
-0.2094,-0.0059,9.8038,-1.1405,-2.8025,1.5845,-0.2299,-0.0192,9.7788,1438,0,0.15370659276867144,0.0,0.0008796933502956099
-0.5825,-0.2444,9.5831,2.5248,-0.2117,3.2729,-0.5941,-0.2337,9.5684,1439,0,0.15370659276867144,0.0,0.0008796933502956099
0.1587,0.5037,9.8426,-1.546,0.2899,-0.7042,0.2155,0.552,9.9086,1440,0,0.15370659276867144,0.0,0.0008796933502956099
-0.0193,0.182,9.936,4.2252,0.7525,-0.4705,0.0262,0.0934,9.9644,1441,0,0.15370659276867144,0.0,0.0007969125586540588
0.1275,0.2342,10.0309,-3.3055,3.1967,1.13,0.1858,0.3508,10.0435,1442,0,0.15370659276867144,0.0,0.0007969125586540588
-0.4501,0.0046,9.6421,2.2649,-4.318,-0.006,-0.4364,0.0948,9.6148,1443,0,0.15370659276867144,0.0,0.0007969125586540588
0.4487,0.3043,10.1753,-8.7404,4.8641,7.432,0.4396,0.3332,10.2381,1444,0,0.14078230470361958,0.0,0.00021399066775126745
-0.0162,0.2931,9.6822,-0.3417,2.5162,-2.0861,-0.0317,0.3405,9.6401,1445,0,0.15370659276867144,0.0,0.00021399066775126745
0.0372,0.4164,9.9588,-2.3502,-3.6825,-0.1088,0.0262,0.4198,9.9493,1446,0,0.15370659276867144,0.0,0.000896118907860408
-0.1345,0.1729,9.9459,-5.6668,0.6359,3.0332,-0.1248,0.1306,9.9788,1447,0,0.15370659276867144,0.0,0.000896118907860408
0.2839,-0.1573,10.0284,-3.2403,5.3737,2.8073,0.337,-0.0445,10.0023,1448,0,0.15370659276867144,0.0,0.00021399066775126745
-0.599,-0.2394,10.0293,1.729,0.6849,-6.824,-0.4842,-0.2364,9.972,1449,0,0.1532405209942328,0.0,0.000896118907860408
0.0669,0.1576,9.3436,-0.663,-4.0926,4.1679,0.0855,0.194,9.3177,1450,0,0.14695910113876468,0.0,0.000896118907860408
-0.0483,0.3525,9.6084,-3.9661,3.8972,1.6463,-0.1019,0.3515,9.6782,1451,0,0.15370659276867144,0.0,0.000896118907860408
0.1374,0.0746,9.976,-6.6052,3.4437,1.4028,0.1222,0.1582,9.9744,1452,0,0.15370659276867144,0.0,0.000896118907860408
0.072,-0.5493,10.1064,5.3815,4.6455,2.8198,0.1699,-0.5227,10.1551,1453,0,0.15370659276867144,0.0,0.0024201695407718004
0.171,0.015,9.6745,-0.9619,-2.827,-0.7622,0.2168,0.018,9.6681,1454,0,0.15370659276867144,0.0,0.0014843542019780552
-0.1206,0.3358,9.543,-2.435,-0.8449,8.6343,-0.1143,0.3782,9.5049,1455,0,0.15026445477019068,0.0,0.0027394384575235636
0.3293,-0.1675,9.7932,0.1352,1.6869,0.6027,0.3722,-0.2388,9.8372,1456,0,0.15370659276867144,0.0,0.0033276737516412104
-0.27,0.3651,9.6973,-6.0924,-1.0292,0.6094,-0.3706,0.3614,9.7985,1457,0,0.15370659276867144,0.0,0.0014628427128427126
-0.0355,-0.1285,9.8411,2.8396,5.4172,0.8054,-0.0105,-0.1747,9.9065,1458,0,0.15370659276867144,0.0,0.0027394384575235636
-0.1507,-0.1598,10.1293,1.3623,6.0691,-2.0467,-0.1536,-0.1636,10.1026,1459,0,0.15370659276867144,0.0,0.0027394384575235636
-0.161,-0.1861,10.1837,-1.3695,0.9572,-1.0831,-0.1294,-0.1757,10.2404,1460,0,0.1526504524297057,0.0,0.013327673751641211
-0.5072,0.2294,9.666,7.6927,4.2269,0.1136,-0.564,0.2908,9.6765,1461,0,0.14837066258871512,0.0,0.02273943845752356
0.0969,-0.0832,9.7923,1.9632,-3.6536,-3.8624,0.0858,-0.0753,9.8646,1462,0,0.15370659276867144,0.0,0.021513159212831194
0.4636,0.128,9.7291,-2.083,1.3245,-1.093,0.4314,0.1378,9.6881,1463,0,0.15370659276867144,0.0,0.021552999850281394
-0.0593,-0.4761,10.0065,2.4516,-4.9521,-3.9763,-0.0729,-0.4992,10.1025,1464,0,0.15370659276867144,0.0,0.011514164898825084
-0.3192,0.266,9.8855,0.0714,-1.4958,-1.5816,-0.368,0.2318,9.9076,1465,0,0.15370659276867144,0.0,0.03222619021528078
0.1893,0.4924,9.7782,4.1406,-1.4888,0.201,0.1826,0.5888,9.7977,1466,0,0.15182277332485958,0.0,0.030988429422056242
0.2799,-0.2335,10.0387,-3.0031,3.79,-4.0166,0.341,-0.2466,10.1121,1467,0,0.15370659276867144,0.0,0.030948588784606042
0.4607,-0.0656,10.0025,0.7851,0.9483,-6.06,0.4467,-0.0097,9.9916,1468,0,0.15370659276867144,0.0,0.02094858878460604
0.1872,0.3542,10.1776,1.1099,1.136,1.1235,0.2661,0.2939,10.1987,1469,0,0.15262407051682947,0.0,0.031161354742052852
0.0284,-0.2101,9.8261,-2.5419,-5.3336,-0.5947,0.0874,-0.1863,9.7832,1470,0,0.15370659276867144,0.0,0.022339428319246016
0.0078,0.063,9.8018,0.9415,0.686,-1.8337,-0.0025,0.1294,9.8081,1471,0,0.15370659276867144,0.0,0.02285836967887238
-0.3004,0.1348,9.7105,-1.5744,0.6216,-0.5554,-0.3302,0.1392,9.6759,1472,0,0.15370659276867144,0.0,0.02285836967887238
0.1222,-0.3962,9.8039,2.5276,5.0519,-0.0552,0.0497,-0.4468,9.6713,1473,0,0.15370659276867144,0.0,0.042858369678872375
0.291,0.5105,9.7567,-1.5864,1.3774,1.1991,0.2695,0.5639,9.7651,1474,0,0.15370659276867144,0.0,0.011581773934191528
-0.1857,-0.6749,9.5231,-0.802,-0.6064,-0.087,-0.17,-0.6864,9.4797,1475,0,0.15343854369769958,0.0,0.03158177393419152
0.1449,-0.3944,9.9053,-0.3679,0.7116,3.7344,0.1898,-0.4038,9.9695,1476,0,0.15370659276867144,0.0,0.011581773934191528
-0.1204,-0.1666,9.9179,-0.8255,-1.887,-2.2351,-0.1202,-0.0784,10.0148,1477,0,0.15370659276867144,0.0,0.022188710350376502
0.1894,0.3361,9.7232,-0.022,2.5525,-2.7316,0.2058,0.3077,9.7363,1478,0,0.15370659276867144,0.0,0.03356862494865616
0.4761,0.0927,9.3435,3.8134,-4.1719,-2.6838,0.5054,0.1633,9.3761,1479,0,0.14644556699562963,0.0,0.022892176332404743
-0.6278,-0.1862,9.7246,-0.8842,-4.7567,-4.0422,-0.6963,-0.2274,9.6325,1480,0,0.14344081879540524,0.0,0.032008744934344475
-0.1077,-0.019,9.6324,2.9913,-1.0568,0.769,-0.0459,-0.0017,9.6178,1481,0,0.15370659276867144,0.0,0.02198464854880231
0.0813,0.1604,9.8778,4.4908,-0.1957,3.461,0.1573,0.2267,9.8325,1482,0,0.15370659276867144,0.0,0.011834380529088535
0.4057,0.2303,9.6162,0.5574,-7.036,-0.0682,0.4191,0.2538,9.5966,1483,0,0.1535830087878228,0.0,0.042308372033247055
0.0978,0.6163,9.6505,-4.53,-4.1395,4.7108,0.0821,0.607,9.6833,1484,0,0.15318370441863025,0.0,0.012536943461818488
0.0131,0.0384,9.8777,-2.1494,6.2978,0.9912,-0.0535,0.0588,9.91,1485,0,0.15370659276867144,0.0,0.0010898503417912744
0.0742,-0.0289,9.6775,4.9215,-1.083,-1.5237,0.1091,-0.0246,9.6232,1486,0,0.15370659276867144,0.0,0.0010898503417912744
-0.8439,0.2703,9.8398,-1.5565,1.7908,1.3141,-0.8589,0.3109,9.8017,1487,0,0.1642141751932572,0.0,0.0010993257323011476
-0.2391,-0.0972,9.7351,-3.1895,3.75,2.5303,-0.1786,-0.0654,9.7473,1488,0,0.15370659276867144,0.0,0.0010993257323011476
-0.0273,-0.2282,9.6238,4.0407,5.6261,-4.4207,-0.0504,-0.1738,9.6328,1489,0,0.15370659276867144,0.0,0.0010993257323011476
-0.6212,0.1221,9.6045,-3.2722,-3.4328,3.2087,-0.6833,0.1194,9.6585,1490,0,0.15045656830202087,0.0,0.0008707543037297192
0.1548,0.3513,9.7855,-0.5684,-1.5023,-4.3045,0.0668,0.3815,9.7189,1491,0,0.15370659276867144,0.0,0.0008707543037297192
0.3379,0.0162,9.7684,4.5418,-4.7707,-4.0338,0.338,-0.0105,9.8099,1492,0,0.15370659276867144,0.0,0.0008948506892718877
-0.0288,-0.5548,9.8483,0.2676,-1.8225,0.1747,0.0448,-0.5552,9.8362,1493,0,0.15370659276867144,0.0,0.0011234221178433165
-0.2795,0.1971,9.8929,-0.3619,-7.1359,-4.083,-0.2437,0.1924,9.992,1494,0,0.15355501587418666,0.0,0.00237154795452337
0.2982,-0.1615,9.9679,-0.9662,-5.0446,-6.0462,0.1771,-0.2184,10.0397,1495,0,0.15370659276867144,0.0,0.000963242105428667
-0.014,-0.195,9.4546,4.0242,0.6569,-2.3865,0.0498,-0.2572,9.5219,1496,0,0.15370659276867144,0.0,0.0007956443400655385
-0.3276,-0.4823,10.0487,3.5641,-2.0867,1.7289,-0.4423,-0.5438,10.0444,1497,0,0.15370659276867144,0.0,0.0007715479545233699
-0.4255,-0.0483,10.0138,-2.247,-0.8745,0.3639,-0.3905,-0.0204,10.0361,1498,0,0.15370659276867144,0.0,0.0007715479545233699
-0.1078,-0.1058,9.9601,-0.8103,1.655,0.103,-0.0864,-0.1153,9.9612,1499,0,0.15370659276867144,0.0,0.0010001193830947986
0.095,0.126,10.1051,4.3043,6.5798,0.7975,0.0403,0.1709,10.1307,1500,0,0.15370659276867144,0.0,0.004024860005600784
0.3004,-0.222,9.8842,-0.8869,1.246,0.9118,0.31,-0.2205,9.9434,1501,0,0.15370659276867144,0.0,0.0038813586257798243
-0.1476,0.1729,10.0001,-1.8504,-6.6748,1.3284,-0.0689,0.1472,10.0335,1502,0,0.15370659276867144,0.0,0.0038572622402376555
0.2099,0.2023,9.6853,1.2404,3.3248,2.5091,0.2751,0.1482,9.7199,1503,0,0.15370659276867144,0.0,0.0031385457569976043
-0.0762,0.463,9.61,-2.8661,-4.0504,0.975,-0.0892,0.4741,9.5412,1504,0,0.15370659276867144,0.0,0.003367117185569033
-0.1431,0.0082,9.6312,-2.9026,-4.87,-0.8274,-0.0843,0.035,9.6956,1505,0,0.15370659276867144,0.0,0.00028140289985474783
0.0603,-0.1847,9.5469,-0.6722,-2.5385,-3.7259,0.1165,-0.2631,9.6465,1506,0,0.15370659276867144,0.0,0.0013191387489113519
0.4068,0.3677,9.5963,4.6901,4.5794,-1.3828,0.4376,0.3984,9.6094,1507,0,0.15370659276867144,0.0,0.012775637369090393
-0.6672,0.5376,9.8239,-2.4658,1.9483,-4.2164,-0.6767,0.5016,9.7655,1508,0,0.1542262034538403,0.0,0.0023108200598647537
0.1949,-0.1451,9.7435,-0.8177,-1.4815,2.7463,0.2159,-0.1846,9.7431,1509,0,0.15370659276867144,0.0,0.0023108200598647537
0.7074,-0.2776,9.4458,-0.673,-0.1863,-0.916,0.7905,-0.2498,9.3988,1510,0,0.13001617836209328,0.0,0.0007349164454069223
-0.4515,-0.1269,9.7892,-3.7724,-4.9937,-4.7307,-0.5158,-0.2078,9.8367,1511,0,0.15370659276867144,0.0,0.0007349164454069223
0.2498,0.4292,9.8133,-1.2387,2.9389,-2.36,0.2604,0.4352,9.7383,1512,0,0.15370659276867144,0.0,0.010734916445406922
-0.2098,0.4868,9.5901,1.459,-3.5668,7.8709,-0.1528,0.4693,9.6592,1513,0,0.14851901797221376,0.0,0.010366472948605217
0.1116,-0.4941,9.7812,-6.3559,0.9046,1.0798,0.1905,-0.4946,9.8117,1514,0,0.15370659276867144,0.0,0.01826290152003379
-0.1893,-0.6103,9.9892,-2.7606,1.7058,1.5483,-0.1716,-0.5938,9.9481,1515,0,0.15359223705380823,0.0,0.010137901520033788
-0.3294,0.013,9.7382,0.6141,4.9781,2.7682,-0.1905,0.1025,9.8364,1516,0,0.15370659276867144,0.0,0.010113805134491621
-0.6167,-0.0642,9.8309,3.4628,-1.6935,-1.4011,-0.6712,-0.0923,9.8395,1517,0,0.1533665032347707,0.0,0.018314754501580228
0.3034,-0.2731,9.81,-2.4454,3.346,2.8414,0.2732,-0.1983,9.8006,1518,0,0.15370659276867144,0.0,0.010113805134491621
-0.0424,-0.3112,9.6505,4.256,0.4939,-2.6612,-0.0362,-0.416,9.5462,1519,0,0.15370659276867144,0.0,0.0001897545015802269
-0.0988,0.1099,9.3462,-3.1186,2.4581,0.4064,-0.0852,0.1321,9.3536,1520,0,0.15048811230813114,0.0,0.0001897545015802269
0.2335,-0.1847,9.6201,-0.6621,-6.8988,-2.6809,0.2132,-0.2324,9.6982,1521,0,0.15371468931029958,0.0,0.010189754501580226
0.29,-0.1626,10.0551,0.1802,4.1336,1.8898,0.3048,-0.1407,10.1219,1522,0,0.15370659276867144,0.0,0.010113805134491621
-0.3489,-0.2787,9.9745,-2.2479,-1.691,2.3069,-0.3714,-0.2559,9.8939,1523,0,0.15370659276867144,0.0,0.0001897545015802269
-0.0369,-0.9844,9.8323,-4.1906,-6.1865,3.7322,-0.0329,-1.0081,9.7725,1524,1,0.0648154926278111,0.0,0.011994927688606872
0.0228,-0.3507,9.6958,1.7383,0.9104,0.4558,0.0105,-0.3045,9.7391,1525,0,0.15370659276867144,0.0,0.011994927688606872
0.0561,0.2451,10.161,-3.2357,-3.825,-2.3132,0.0579,0.2004,10.2402,1526,0,0.1526504524297057,0.0,0.02199492768860687
-0.3312,0.4414,9.5977,-4.1266,-3.6831,-2.7591,-0.2759,0.4621,9.5602,1527,0,0.15370659276867144,0.0,0.02192096319156545
0.2646,-0.5668,10.0013,2.9725,-1.7612,4.2955,0.2604,-0.6642,10.0035,1528,0,0.14289995783564677,0.0,0.02192096319156545
0.198,0.1682,9.8754,2.6348,-0.7377,1.874,0.2065,0.1558,9.8892,1529,0,0.15370659276867144,0.0,0.01192096319156545
-0.3621,0.316,9.7734,-1.3266,1.5151,0.5262,-0.3419,0.3063,9.828,1530,0,0.15370659276867144,0.0,0.01192096319156545
-0.175,0.3269,9.4763,-2.5936,6.6461,1.7821,-0.1761,0.3195,9.4238,1531,0,0.152968620356603,0.0,0.01192096319156545
-0.2222,-0.1027,9.6358,0.2401,1.4824,-2.6344,-0.2201,-0.1577,9.58,1532,0,0.15370659276867144,0.0,0.011994927688606872
-0.451,0.1124,9.9942,-1.8663,2.0578,3.1824,-0.5015,0.1409,9.9791,1533,0,0.15370659276867144,0.0,0.010794927688606872
-0.4248,0.1926,9.8447,5.5089,6.898,-1.8312,-0.4397,0.2287,9.8106,1534,0,0.1506799917070305,0.0,0.010720963191565451
0.007,0.022,10.0767,1.4793,2.5277,2.5103,0.051,0.0122,10.0273,1535,0,0.15370659276867144,0.0,0.010720963191565451
0.0199,0.2238,9.5771,-3.7019,0.8352,3.0885,0.0233,0.1648,9.5882,1536,0,0.15370659276867144,0.0,0.015165407636009896
0.306,-0.0356,9.5546,-6.4228,3.5789,1.8635,0.3471,-0.0982,9.5132,1537,0,0.15370659276867144,0.0,0.010720963191565451
0.0138,-0.4507,9.8571,-0.0951,-2.149,-1.0748,0.0192,-0.3708,9.821,1538,0,0.15370659276867144,0.0,0.01003883495145631
0.4062,0.2797,9.6549,-5.0904,5.2928,2.5514,0.3775,0.2672,9.652,1539,0,0.15370659276867144,0.0,0.010720963191565451
-0.5408,0.1286,9.6918,2.865,-1.8577,-0.9925,-0.599,0.154,9.6947,1540,0,0.15370659276867144,0.0,0.01003883495145631
-0.0133,-0.1395,9.2894,-2.8689,-0.8485,3.9402,0.0135,-0.1998,9.3013,1541,0,0.1450223559007257,0.0,0.01003883495145631
-0.8383,-0.491,9.6898,2.3396,4.7141,-1.142,-0.7797,-0.5258,9.6938,1542,0,0.16539220826045128,0.0,0.011317978116938585
0.0397,-0.0013,9.8567,-1.3166,2.8906,-4.2739,0.0853,-0.0124,9.7776,1543,0,0.15370659276867144,0.0,0.010720963191565451
-0.11,-0.0464,9.7998,4.4116,2.1468,1.6623,-0.1074,-0.1032,9.8088,1544,0,0.15370659276867144,0.0,0.011317978116938585
-0.2765,-0.096,9.7163,-5.8387,3.2302,-2.1446,-0.206,-0.1405,9.8023,1545,0,0.15370659276867144,0.0,0.010720963191565451
-0.0099,0.0772,9.7802,-2.5275,4.3783,-0.6941,-0.0434,0.1071,9.8393,1546,0,0.15370659276867144,0.0,0.020720963191565453
-0.1312,-0.0928,9.6365,-0.1209,-3.4602,-1.4454,-0.1639,-0.0198,9.611,1547,0,0.15370659276867144,0.0,0.020720963191565453
0.0527,-0.3612,9.9278,1.91,5.3431,-3.3856,-0.0735,-0.3503,9.8878,1548,0,0.15370659276867144,0.0,0.010720963191565451
0.2153,-0.4595,10.0509,2.0518,3.0226,-3.2901,0.1567,-0.4865,10.0019,1549,0,0.15370659276867144,0.0,0.021317978116938585
0.0274,-0.0633,9.9969,-0.2575,-5.6391,-1.5139,0.0961,-0.05,9.973,1550,0,0.15370659276867144,0.0,0.011317978116938585
-0.4323,-0.1266,9.8109,-1.7183,-1.8901,-1.5584,-0.3512,-0.1346,9.8238,1551,0,0.15370659276867144,0.0,0.02154654954551001
-0.2761,-0.6015,9.8155,-2.9948,-4.9013,-2.0163,-0.2957,-0.5115,9.8395,1552,0,0.1536900403810273,0.0,0.02154654954551001
0.0929,0.0801,10.0745,0.824,3.9457,-3.5617,0.1134,0.0366,10.1159,1553,0,0.15370659276867144,0.0,0.012315780314740786
-0.319,-0.2401,9.7492,0.2732,1.7076,-0.3698,-0.3115,-0.2909,9.6708,1554,0,0.15370659276867144,0.0,0.012315780314740786
0.0258,-0.148,9.7659,0.0682,-2.6466,-3.3928,0.0296,-0.1731,9.6677,1555,0,0.15370659276867144,0.0,0.011718765389367648
0.7306,0.491,9.5358,3.5241,-0.1343,4.7504,0.7268,0.5716,9.5623,1556,0,0.15173318175700415,0.0,0.01094953462013688
-0.0326,-0.031,9.5062,2.0323,-4.8329,-2.068,0.0202,-0.0029,9.5291,1557,0,0.15370659276867144,0.0,0.01094953462013688
-0.024,-0.075,9.8019,-5.445,2.0514,2.4724,-0.0012,-0.0577,9.8077,1558,0,0.15370659276867144,0.0,0.010720963191565451
0.1873,0.2194,10.0648,2.0516,0.162,-4.0895,0.2104,0.3377,10.0482,1559,0,0.15370659276867144,0.0,0.01149019396079622
-0.1891,-0.2559,9.4315,-2.8395,-0.4928,-3.4044,-0.164,-0.2788,9.3496,1560,0,0.14725823748351777,0.0,0.049192720093200394
-0.22,0.4105,9.8482,-1.6406,-2.2917,3.042,-0.1928,0.4462,9.8099,1561,0,0.15370659276867144,0.0,0.03862855681153771
-0.1059,0.2647,9.9956,0.3076,0.0269,-1.6941,-0.1421,0.2317,10.0516,1562,0,0.15370659276867144,0.0,0.03005712824010914
-0.2853,-0.1189,10.0591,1.3425,4.0605,0.5659,-0.2926,-0.169,10.0954,1563,0,0.15370659276867144,0.0,0.05193328672018328
0.8416,-0.4872,9.7623,1.4361,4.2298,2.5128,0.8629,-0.4279,9.7006,1564,0,0.15235787205203052,0.0,0.03145135900933991
-0.5135,-0.3286,9.8869,2.3449,0.1647,-1.5126,-0.5556,-0.3563,9.9046,1565,0,0.15370659276867144,0.0,0.03145135900933991
0.047,0.2298,9.9804,8.9778,0.9344,3.6169,-0.0363,0.2126,9.9404,1566,0,0.11996832130000883,0.0,0.03145135900933991
0.4801,0.0832,9.5995,3.894,1.4428,2.4116,0.4254,0.131,9.6754,1567,0,0.15370659276867144,0.0,0.020682128240109142
-0.2903,-0.1197,9.7515,-3.2765,1.3799,0.847,-0.2697,-0.08,9.768,1568,0,0.15370659276867144,0.0,0.05193328672018328
0.0901,0.223,9.88,3.9141,0.9213,1.8636,0.0097,0.182,9.9025,1569,0,0.15370659276867144,0.0,0.031164055950952518
-0.0939,-0.3254,10.1323,5.3871,-2.4762,0.4083,-0.0994,-0.3159,10.0324,1570,0,0.15370659276867144,0.0,0.020682128240109142
0.4905,0.1693,9.9507,2.6503,1.2122,0.8185,0.4858,0.1835,10.0119,1571,0,0.15370659276867144,0.0,0.020682128240109142
-0.1743,0.3819,9.7735,-2.6606,2.0979,2.544,-0.169,0.4138,9.7516,1572,0,0.15370659276867144,0.0,0.020682128240109142
0.1632,-0.4408,9.7049,0.8289,-5.7405,-2.6128,0.0998,-0.5112,9.7004,1573,0,0.15370659276867144,0.0,0.020682128240109142
0.218,0.1997,9.8382,0.193,-3.766,-0.6173,0.2397,0.2523,9.8648,1574,0,0.15370659276867144,0.0,0.0100398406374502
0.4007,0.287,10.0775,-0.0213,-1.8302,3.2803,0.305,0.2234,10.1267,1575,0,0.15370659276867144,0.0,0.0100398406374502
-0.4301,0.0702,9.8664,0.2183,1.8934,3.4589,-0.4466,0.1463,9.8869,1576,0,0.15370659276867144,0.0,0.0100398406374502
-0.7293,-0.0203,9.9318,-1.9287,-3.7367,1.7298,-0.7161,0.0426,9.9032,1577,0,0.14942792988631856,0.0,0.010207438402813327
-0.3277,0.0648,9.9089,6.4432,-5.2212,-6.7076,-0.3858,0.0882,9.9652,1578,0,0.15238504082549828,0.0,0.0017390469866565483
-0.2227,-0.0566,9.5898,-0.3555,-1.9789,0.3512,-0.1994,-0.082,9.6516,1579,0,0.15370659276867144,0.0,0.010139046986656549
-0.3167,-0.5668,9.7495,-3.5677,-2.6515,1.4656,-0.2988,-0.5853,9.7183,1580,0,0.15360476376730087,0.0,0.00021499635374515598
0.0808,0.0607,9.4877,-0.3184,1.5239,-0.6965,0.1023,0.1227,9.5294,1581,0,0.15370659276867144,0.0,0.0001390469866565484
-0.3636,-0.1467,9.8515,-2.5724,0.7264,2.4539,-0.4094,-0.1553,9.8389,1582,0,0.15370659276867144,0.0,0.0017390469866565483
-0.2044,0.1544,9.8991,-1.6188,-2.5456,1.8152,-0.1676,0.1273,9.8403,1583,0,0.15370659276867144,0.0,0.0001390469866565484
-0.5727,0.0638,9.4655,0.3476,-1.4817,-4.8254,-0.6194,0.012,9.495,1584,0,0.15370659276867144,0.0,0.010976061912029681
-0.2177,-0.2436,9.9325,-2.8623,3.3258,-0.811,-0.1872,-0.2412,9.913,1585,0,0.15370659276867144,0.0,0.020454996353745158
0.6707,0.5373,9.6391,-4.9685,3.5829,-1.9357,0.5871,0.5582,9.5774,1586,0,0.1532642171444123,0.0,0.020454996353745158
-0.1091,-0.2004,9.6791,-0.3557,-2.665,-0.1756,-0.1558,-0.1928,9.6529,1587,0,0.15370659276867144,0.0,0.02035579000453881
-0.2255,-0.2069,9.8683,5.4748,1.2755,2.0118,-0.2435,-0.2397,9.8759,1588,0,0.15370659276867144,0.0,0.010454996353745156
-0.2618,-0.3065,9.8249,2.16,-0.4553,2.0683,-0.2418,-0.272,9.7763,1589,0,0.15370659276867144,0.0,0.030315949367088608
-0.048,-0.0274,10.3283,-2.7455,4.8703,-0.6228,-0.1065,-0.0438,10.3847,1590,0,0.11111094218472127,0.0,0.02054664475201968
-0.1201,0.0925,9.8717,-2.3281,2.5841,3.7228,-0.1343,0.1884,9.8846,1591,0,0.15370659276867144,0.0,0.030506804114569474
-0.2534,-0.0148,9.6211,2.6361,-2.1053,3.1974,-0.3334,-0.0378,9.4981,1592,0,0.15370659276867144,0.0,0.0005466447520196769
-0.2667,0.0003,10.0167,-4.8175,2.1073,1.4525,-0.3199,-0.0068,10.0537,1593,0,0.15370659276867144,0.0,0.010506804114569477
-0.5863,0.4857,10.135,0.8116,2.9734,-0.614,-0.6193,0.411,10.2349,1594,0,0.1526504524297057,0.0,0.0003159493670886076
-0.3179,0.2646,9.9074,-2.1855,-6.5353,2.4034,-0.2431,0.194,9.8848,1595,0,0.15370659276867144,0.0,0.0003159493670886076
-0.6382,0.0029,9.8655,5.1466,-7.0087,3.9743,-0.603,0.0167,9.8899,1596,0,0.15377724537758178,0.0,0.020415155716294958
-0.059,0.0089,9.9536,3.5942,4.4106,-0.7892,-0.0158,-0.0111,9.9317,1597,0,0.15370659276867144,0.0,0.020415155716294958
-0.106,-0.0263,9.5255,-2.6969,2.5747,2.4828,-0.0319,-0.019,9.6725,1598,0,0.15370659276867144,0.0,0.020175155716294958
-0.2386,-0.5302,10.0669,-3.742,-2.0066,-0.0318,-0.2472,-0.5035,10.0108,1599,0,0.15370659276867144,0.0,0.011939206349206349
0.2878,-0.1427,9.699,4.5251,-0.1454,-0.5206,0.3352,-0.1428,9.6538,1600,0,0.15370659276867144,0.0,0.020175155716294958
-0.2725,-0.1481,9.696,-1.7824,0.2575,3.0479,-0.2717,-0.1763,9.6425,1601,0,0.15370659276867144,0.0,0.020175155716294958
0.1495,0.0153,9.5424,-4.8854,1.6754,2.8294,0.1479,0.026,9.4482,1602,0,0.1534046229755623,0.0,0.04017515571629495
0.5568,-0.3788,9.963,-5.0366,-0.9796,4.9444,0.637,-0.4387,9.959,1603,0,0.15346411924029765,0.0,0.010175155716294957
0.3314,-0.6248,9.7622,-5.3894,-0.8393,-6.3436,0.3578,-0.6968,9.8095,1604,0,0.14670614858138903,0.0,0.00021499635374515598
0.4767,-0.0329,9.7339,-1.4612,1.5983,0.4587,0.4781,-0.1344,9.7549,1605,0,0.15370659276867144,0.0,0.0008120112791182903
0.1317,0.2821,9.3926,-3.3885,2.4889,2.0583,0.0981,0.243,9.4666,1606,0,0.15156287216939757,0.0,0.0008120112791182903
-0.5229,0.2099,9.5914,1.6254,3.5161,6.4222,-0.4717,0.2236,9.6164,1607,0,0.15314501477372658,0.0,0.006425155716294957
-0.0166,0.3245,9.8357,-5.5965,-5.8816,1.1295,-0.0829,0.3379,9.818,1608,0,0.15370659276867144,0.0,0.006425155716294957
0.1717,-0.2434,9.6581,-1.7878,0.8711,-2.884,0.1471,-0.3529,9.6875,1609,0,0.15370659276867144,0.0,0.00017515571629495678
-0.1164,0.1563,9.3671,3.3502,0.528,-3.5423,-0.1106,0.1695,9.4477,1610,0,0.15079739113777016,0.0,0.006425155716294957
0.0946,-0.1079,9.8498,0.9199,-6.7912,-2.4875,0.1717,-0.1719,9.848,1611,0,0.15370659276867144,0.0,0.00021499635374515598
-0.2162,-0.3343,9.7776,1.3309,2.0587,1.1286,-0.2434,-0.3578,9.8133,1612,0,0.15370659276867144,0.0,0.00021499635374515598
0.3498,-0.2312,9.7732,3.6708,-3.0925,0.3793,0.2646,-0.2221,9.7351,1613,0,0.15370659276867144,0.0,0.00021499635374515598
0.1869,-0.3648,9.7544,-4.1585,0.3583,0.3516,0.1654,-0.344,9.7042,1614,0,0.15370659276867144,0.0,0.011015386723202516
0.3724,-0.3445,9.844,-3.4683,-1.9579,1.9062,0.3952,-0.3239,9.8844,1615,0,0.15370659276867144,0.0,0.012093878341322797
0.1673,0.1449,9.8824,-1.3345,-3.7628,-7.784,0.1801,0.1454,9.8108,1616,0,0.1513602608214693,0.0,0.003916487190688422
-0.0968,-0.2385,9.6103,4.0946,-4.1315,-1.3255,-0.1028,-0.2844,9.6361,1617,0,0.15370659276867144,0.0,0.0035593443335455656
1.1374,-0.0134,9.6475,-5.9094,-0.1636,2.6966,1.1554,-0.0331,9.7,1618,1,0.26733088337292393,0.0,0.002595948734697537
-0.0197,-0.1876,9.8972,-5.6877,-0.7313,5.1695,-0.1313,-0.2426,9.9066,1619,0,0.15370659276867144,0.0,0.002595948734697537
0.2258,-0.0222,9.8286,1.5827,-2.8602,1.8943,0.3143,-0.0322,9.8272,1620,0,0.15370659276867144,0.0,0.002556108097247338
-0.2879,-0.0706,9.7364,1.8841,-1.7553,0.8006,-0.2576,-0.0871,9.754,1621,0,0.15370659276867144,0.0,0.002556108097247338
0.0243,-0.5076,9.5387,-2.7288,1.1577,-4.12,0.0885,-0.4359,9.5456,1622,0,0.15370659276867144,0.0,0.002556108097247338
-0.2032,-0.1006,9.99,-2.5637,-3.3629,-0.1809,-0.2051,-0.0328,9.9679,1623,0,0.15370659276867144,0.0,0.002556108097247338
0.2227,0.1737,9.9692,-0.8241,-1.293,-0.6314,0.3313,0.2387,9.9771,1624,0,0.15370659276867144,0.0,0.002556108097247338
-0.056,0.2017,9.7233,-1.7316,-2.3265,-1.3057,-0.1123,0.1768,9.6799,1625,0,0.15370659276867144,0.0,0.012556108097247339
-0.8935,0.2893,10.0692,-5.3285,1.9275,1.4816,-0.9207,0.2959,10.09,1626,0,0.11943040220195889,0.0,0.002556108097247338
-0.1216,0.1891,9.8174,-4.4652,0.6368,-0.2172,-0.1703,0.1939,9.7875,1627,0,0.15370659276867144,0.0,0.002556108097247338
-0.0649,-0.2916,9.5166,-6.1989,0.5435,1.5298,-0.0755,-0.3438,9.5497,1628,0,0.15370659276867144,0.0,0.0024569017480409886
-0.717,-0.5919,10.1061,6.3207,1.4454,4.8544,-0.6857,-0.5429,10.0745,1629,0,0.1520347353161433,0.0,7.594936708860759e-05
0.2483,0.3872,9.7592,2.1216,6.3837,-1.2678,0.2338,0.2727,9.7743,1630,0,0.15370659276867144,0.0,0.0024569017480409886
0.2379,0.0183,9.6659,3.1392,2.481,-1.3902,0.2986,0.0282,9.6165,1631,0,0.15370659276867144,0.0,0.0024569017480409886
0.006,0.355,10.0705,0.9126,-0.0626,-3.9462,0.0062,0.4071,9.9944,1632,0,0.15370659276867144,0.0,7.594936708860759e-05
-0.1341,0.6008,9.4965,5.1921,-3.0923,1.2029,-0.2289,0.5887,9.5672,1633,0,0.15318370441863025,0.0,7.594936708860759e-05
0.7638,0.3859,9.5164,1.7646,3.7906,1.0268,0.7296,0.4589,9.4461,1634,0,0.14925317114103476,0.0,0.0
0.5782,0.4186,9.7659,1.6636,-3.8443,-4.5813,0.6461,0.4054,9.7032,1635,0,0.15377854774572827,0.0,3.9840637450199205e-05
-0.1316,0.1593,10.1328,-0.2974,-0.1123,5.7581,-0.222,0.238,10.1802,1636,0,0.15370659276867144,0.0,0.0100398406374502
-0.2972,0.2662,9.9053,-2.2588,-6.3367,1.037,-0.2763,0.2936,9.8373,1637,0,0.15370659276867144,0.0,3.9840637450199205e-05
0.1058,0.4678,9.4814,-0.037,-2.4292,-1.2854,0.1244,0.4364,9.5159,1638,0,0.15370659276867144,0.0,0.011200000000000002
-0.2178,-0.2633,9.9093,2.4249,7.7052,-2.1834,-0.217,-0.2197,9.997,1639,0,0.14698742964705822,0.0,0.0100398406374502
-0.3605,-0.7185,9.7064,-0.5922,4.2596,-1.5788,-0.3557,-0.6743,9.7191,1640,0,0.15343854369769958,0.0,0.0200398406374502
-0.4885,0.0499,9.6222,0.5895,3.2972,-1.742,-0.4307,-0.1013,9.7095,1641,0,0.15370659276867144,0.0,0.0200398406374502
-0.291,0.1184,9.7889,-0.9824,-1.3882,-0.3327,-0.3654,0.1571,9.7084,1642,0,0.15370659276867144,0.0,0.0200398406374502
-0.1913,0.4458,9.8924,0.0178,2.101,-2.4604,-0.1628,0.5311,9.8497,1643,0,0.15370659276867144,0.0,0.0200398406374502
0.3242,-0.098,9.4946,-4.0008,-5.7437,4.0669,0.3461,-0.0792,9.5173,1644,0,0.15370659276867144,0.0,0.011315790004538808
0.6313,-0.0064,9.6997,0.0095,2.5783,0.5941,0.5925,-0.0569,9.7381,1645,0,0.15522247095773994,0.0,0.00011579000453880679
-0.1529,0.2297,10.0745,-0.0515,-2.6124,-3.8946,-0.14,0.1774,10.1121,1646,0,0.15370659276867144,0.0,0.010075949367088608
-0.2517,-0.2577,9.5319,-1.6878,-1.3792,3.6826,-0.2342,-0.3159,9.575,1647,0,0.15370659276867144,0.0,0.010075949367088608
0.1627,0.3407,10.0588,0.4912,0.245,1.563,0.1618,0.3713,10.043,1648,0,0.15370659276867144,0.0,0.010075949367088608
0.5118,0.5094,9.6615,0.2568,3.5321,-1.3021,0.4561,0.4726,9.6034,1649,0,0.15370659276867144,0.0,0.010115790004538806
0.0294,-0.4819,9.6168,-5.192,-5.9824,-3.7581,0.0472,-0.4804,9.613,1650,0,0.15370659276867144,0.0,0.010075949367088608
-0.6313,-0.504,9.8945,2.0464,-2.7565,5.6419,-0.6273,-0.5446,9.9941,1651,0,0.1537691488359536,0.0,0.010075949367088608
0.5018,-0.0493,9.8729,-2.0929,4.1878,1.3489,0.5777,0.0008,9.8343,1652,0,0.152190671395924,0.0,0.010075949367088608
0.2487,-0.0279,9.4634,-0.6523,0.3307,-2.2144,0.2513,-0.0754,9.416,1653,0,0.152691395331968,0.0,0.010115790004538806
0.7025,0.6199,9.8306,-2.9588,3.6278,-0.852,0.6732,0.6492,9.7762,1654,0,0.15407908833471715,0.0,0.010115790004538806
-0.453,-0.7305,9.9473,-3.2378,-2.7049,4.5928,-0.4257,-0.6828,9.9373,1655,0,0.15343854369769958,0.0,0.010115790004538806
0.1006,-0.0914,10.0248,-0.0641,3.8294,-1.7549,0.0776,-0.0597,9.9849,1656,0,0.15370659276867144,0.0,0.010115790004538806
0.2181,-0.3397,9.7586,1.0192,2.4752,-4.3812,0.2413,-0.2214,9.7494,1657,0,0.15370659276867144,0.0,0.0300398406374502
0.8115,-0.1769,9.9192,-0.1895,0.0055,4.5102,0.8804,-0.1176,9.8917,1658,0,0.1623838438718136,0.0,0.023752153640902444
-0.2696,0.1467,10.2606,-1.5705,-0.7077,-0.7597,-0.2851,0.2241,10.272,1659,0,0.14983440187878977,0.0,0.02011579000453881
-0.2076,0.1004,9.7335,5.3653,5.484,2.1149,-0.2638,0.0744,9.7851,1660,0,0.15370659276867144,0.0,0.0200398406374502
-0.4495,0.1963,9.8702,1.6867,2.2685,2.7616,-0.4886,0.0969,9.8576,1661,0,0.15370659276867144,0.0,0.1300398406374502
-0.4533,0.3228,10.2004,3.3706,1.7438,0.4402,-0.4624,0.3028,10.2185,1662,0,0.1526504524297057,0.0,0.2000398406374502
0.0902,-0.1909,9.829,-2.0506,1.688,-0.4467,0.1129,-0.2813,9.9189,1663,0,0.15370659276867144,0.0,0.1300398406374502
0.5339,0.0727,9.8212,1.4025,4.9751,0.9125,0.4651,0.0984,9.8512,1664,0,0.15370659276867144,0.0,0.2800398406374502
0.053,-0.1559,9.7953,-0.8406,-4.9352,-0.6765,-0.0086,-0.241,9.8529,1665,0,0.15370659276867144,0.0,0.1900398406374502
-0.322,-0.3059,9.9567,-0.0893,1.9309,2.3234,-0.3201,-0.2331,9.9267,1666,0,0.15370659276867144,0.0,0.23075798611464027
-0.1608,-0.2476,9.8057,3.066,-0.4839,1.6324,-0.1304,-0.1703,9.7917,1667,0,0.15370659276867144,0.0,0.23075798611464027
0.1711,-0.2107,9.6103,-9.0641,-2.4873,-3.1519,0.1758,-0.1475,9.6281,1668,0,0.1458499173853834,0.0,0.0100398406374502
-0.1422,0.0519,9.8036,-3.0029,2.0881,-3.4794,-0.1598,0.0465,9.8433,1669,0,0.15370659276867144,0.0,0.010757986114640293
-0.4609,0.166,9.5092,1.2548,-0.6025,-3.3382,-0.4925,0.2172,9.5264,1670,0,0.15370659276867144,0.0,0.010636855562823334
0.0028,-0.3251,9.8105,1.6042,1.9503,2.0556,0.015,-0.3667,9.8,1671,0,0.15370659276867144,0.0,0.020757986114640293
0.3354,-0.6131,9.354,0.7339,-1.2891,6.4608,0.4026,-0.6133,9.2858,1672,0,0.13687895264552724,0.0,0.0100398406374502
-0.2987,-0.3733,9.7035,1.3075,1.1356,-3.9634,-0.2385,-0.4089,9.6967,1673,0,0.15370659276867144,0.0,0.0500398406374502
0.6801,-0.2514,10.1369,0.6633,3.0123,3.0298,0.7037,-0.255,10.129,1674,0,0.15247695980646087,0.0,0.06011579000453881
-0.2348,0.2064,9.5606,-0.8389,0.0919,4.0107,-0.2775,0.2553,9.5742,1675,0,0.15370659276867144,0.0,0.040115790004538805
-0.2546,-0.2614,10.0515,-0.1941,-3.0724,-0.9911,-0.2925,-0.3049,10.0921,1676,0,0.15370659276867144,0.0,0.030310885053397185
-0.0357,0.0108,10.1834,1.5582,-2.9488,0.347,-0.0344,0.053,10.1222,1677,0,0.15370659276867144,0.0,0.05051759273941839
-0.5043,-0.2044,9.7252,3.797,3.6034,3.2167,-0.4451,-0.2226,9.6915,1678,0,0.15370659276867144,0.0,0.05031088505339719
0.2908,-0.1066,10.0131,0.6368,-5.0409,-4.4254,0.285,-0.1121,9.9981,1679,0,0.15370659276867144,0.0,0.04031088505339719
-0.0278,0.0099,9.8761,-1.9986,-6.945,-2.8812,-0.0459,-0.0148,9.8832,1680,0,0.15371468931029958,0.0,0.031150206478981354
0.0932,0.2931,9.5329,2.056,-9.7501,-5.151,0.2176,0.3252,9.5402,1681,0,0.14689877793366035,0.0,0.030075949367088607
0.1766,0.3454,9.6897,-1.3058,-3.9841,-1.3478,0.0762,0.3964,9.7033,1682,0,0.15370659276867144,0.0,0.030115790004538807
0.4669,-0.3657,10.007,1.7987,-3.6111,-2.5088,0.4158,-0.4097,9.9869,1683,0,0.15370659276867144,0.0,0.031168421583486174
-0.15,0.1676,9.976,1.9831,-1.0569,0.38,-0.1488,0.1276,9.99,1684,0,0.15370659276867144,0.0,0.03138127496941648
0.3042,-0.0168,10.0071,0.6773,-3.1603,-0.3626,0.3084,-0.1639,10.0475,1685,0,0.15370659276867144,0.0,0.030328643390469114
0.3465,0.2417,9.6888,0.5408,-1.7579,-4.4593,0.4488,0.2817,9.6227,1686,0,0.15370659276867144,0.0,0.03138127496941648
-0.0056,0.2429,9.9305,-0.0414,-0.0443,-2.4082,-0.0337,0.2472,9.9493,1687,0,0.15370659276867144,0.0,0.041405371354958656
-0.0175,-0.0835,9.9653,2.9116,2.3018,-4.429,-0.0608,-0.054,10.0153,1688,0,0.15370659276867144,0.0,0.04133140685791723
0.0074,-0.2366,10.16,-2.1587,-1.3274,5.4509,0.053,-0.3062,10.1874,1689,0,0.1533321728497886,0.0,0.03133140685791723
0.257,-0.1229,9.9202,-1.9294,1.8969,1.7829,0.2491,-0.0604,9.8897,1690,0,0.15370659276867144,0.0,0.031239227256370992
-0.1394,0.0536,10.2529,-3.0242,-3.1461,1.4082,-0.1378,0.0726,10.2651,1691,0,0.15135784453201792,0.0,0.03098406902520827
-0.0613,-0.112,9.2914,-2.8452,-4.0823,-1.5029,0.0222,-0.1449,9.2972,1692,0,0.14602551005095768,0.0,0.0383398382559775
0.2693,-0.3452,9.5786,-1.5673,-1.6701,1.1471,0.251,-0.4616,9.5579,1693,0,0.15370659276867144,0.0,0.028339838255977495
-0.7235,0.2276,9.5933,-2.4541,-0.4361,5.1312,-0.6957,0.2361,9.6143,1694,0,0.15765048387268168,0.0,0.010984069025208265
-0.1868,-0.1425,9.6051,1.7522,3.8969,0.894,-0.228,-0.0552,9.6238,1695,0,0.15370659276867144,0.0,0.011175290233378625
0.218,0.5455,9.889,6.4214,-1.719,0.8026,0.237,0.4906,9.8869,1696,0,0.15269526428364263,0.0,0.020214838255977495
-0.0556,0.0007,9.6528,-2.3769,1.1617,1.8885,-0.119,0.0418,9.6956,1697,0,0.15370659276867144,0.0,0.020214838255977495
-0.183,0.3105,9.8804,1.3374,4.2151,-3.7136,-0.1391,0.2672,9.8306,1698,0,0.15370659276867144,0.0,0.020214838255977495
-0.1406,-0.0236,10.2632,-1.1841,1.8859,2.6252,-0.1423,0.0317,10.2324,1699,0,0.1526504524297057,0.0,0.030254678893427697
-0.5962,0.0101,10.2171,-3.303,-1.869,3.5191,-0.5329,-0.0161,10.1713,1700,0,0.15370659276867144,0.0,0.010314044605183845
-0.2768,0.143,9.9073,0.5827,1.6541,6.3568,-0.2732,0.156,9.9082,1701,0,0.15314501477372658,0.0,0.010175155716294957
-0.0166,-0.1285,10.0712,-1.6895,5.4312,1.2182,-0.0572,-0.1259,10.0767,1702,0,0.15370659276867144,0.0,0.02009920634920635
0.4415,-0.2887,9.6366,-1.4109,-5.6718,0.6648,0.3768,-0.3153,9.5142,1703,0,0.15370659276867144,0.0,0.030175155716294956
-0.0936,-0.2714,9.9188,-2.9731,-5.2062,-1.6161,-0.0426,-0.329,9.9351,1704,0,0.15370659276867144,0.0,0.04009920634920634
0.2949,-0.549,9.3428,5.4159,-2.385,-0.4195,0.3417,-0.5305,9.3248,1705,0,0.14915999357063414,0.0,0.03
0.3087,0.2933,9.3553,1.9163,-0.1577,2.1315,0.3081,0.2739,9.4272,1706,0,0.14551055460463386,0.0,0.02
0.5246,0.3935,9.4076,-1.004,-0.2786,1.4498,0.5887,0.4137,9.3925,1707,0,0.1510428800700793,0.0,0.04
-0.6903,-0.2226,9.6069,-4.6105,-2.5224,4.1913,-0.6397,-0.2321,9.6004,1708,0,0.15396826642394992,0.0,0.04204921583088094
0.1091,-0.6706,9.8066,0.5953,0.4092,-2.9438,0.0553,-0.6339,9.8658,1709,0,0.15062947843235588,0.0,0.04117779677691691
0.3322,-0.059,9.8691,5.6393,-3.0488,0.0008,0.3071,-0.0201,9.8377,1710,0,0.15370659276867144,0.0,0.05178473319310188
-0.0495,-0.0458,9.6424,2.8697,3.4089,3.0564,-0.0759,-0.0762,9.5776,1711,0,0.15370659276867144,0.0,0.0511018474098283
0.0794,-0.0171,10.0788,-2.9855,-2.1778,-0.8609,0.0872,-0.0946,10.1112,1712,0,0.15370659276867144,0.0,0.02110184740982831
0.513,0.0759,9.9948,3.9825,1.592,2.1521,0.5466,0.1143,9.9285,1713,0,0.15370659276867144,0.0,0.01110184740982831
-0.291,-0.502,9.6783,4.0175,1.9466,1.6264,-0.2642,-0.5374,9.5941,1714,0,0.15370659276867144,0.0,0.04078133458931548
0.0483,0.4591,9.6666,-2.8547,-1.7569,0.1753,0.0801,0.4443,9.6506,1715,0,0.15370659276867144,0.0,0.03078133458931549
-0.0235,0.283,9.3899,-1.2366,3.4119,-0.8809,0.1431,0.2398,9.4184,1716,0,0.15054767473269412,0.0,0.03078133458931549
0.2574,-0.3247,9.9752,3.4229,-0.2945,1.3679,0.2154,-0.2955,9.9873,1717,0,0.15370659276867144,0.0,0.03078133458931549
-0.0244,0.4242,9.5504,1.7617,-3.3071,5.4996,-0.0574,0.404,9.5494,1718,0,0.15370659276867144,0.0,0.0409501692636349
-0.2824,0.4745,9.4914,-2.8368,-1.613,-2.1497,-0.36,0.5129,9.4852,1719,0,0.15370659276867144,0.0,0.021877618500332693
-0.0019,0.2496,9.6309,-0.9094,-1.5543,3.7117,-0.0016,0.2346,9.7324,1720,0,0.15370659276867144,0.0,0.021369888433354068
-0.2859,-0.1366,9.7348,0.1515,-1.4003,1.5871,-0.2879,-0.0911,9.7065,1721,0,0.15370659276867144,0.0,0.021976824849539042
-0.0669,0.052,10.0715,2.8211,0.3156,-0.9346,-0.1111,-0.0112,10.1013,1722,0,0.15370659276867144,0.0,0.02180166913324409
0.2004,0.175,9.8871,6.4784,1.0408,4.9603,0.2036,0.2131,9.8961,1723,0,0.1528511125999369,0.0,0.0019008754824504349
0.0015,-0.018,10.1198,-4.0028,-5.8385,3.9808,0.0345,0.028,10.1688,1724,0,0.15370659276867144,0.0,0.024607001299631674
0.5955,0.076,10.057,-2.0166,1.0648,3.6785,0.5201,0.047,9.9607,1725,0,0.15208732668341593,0.0,0.0012939390662654636
0.2225,0.3398,9.8434,0.5675,2.5046,0.151,0.1865,0.3216,9.7811,1726,0,0.15370659276867144,0.0,0.02089168342716772
0.0772,-0.5911,9.4031,2.1735,-2.0572,-1.297,0.1233,-0.6049,9.3476,1727,0,0.14418676396593788,0.0,0.03089168342716772
0.2143,-0.3295,9.6667,0.3848,-3.3519,-4.4563,0.1795,-0.3793,9.6394,1728,0,0.15370659276867144,0.0,0.05017072023560226
0.2779,0.0064,9.959,2.6559,1.8197,3.679,0.3212,0.0749,10.1013,1729,0,0.15370659276867144,0.0,0.06053233565519858
0.3628,0.0599,9.986,4.579,-3.5711,-3.5371,0.3263,0.0514,9.9821,1730,0,0.15370659276867144,0.0,0.04085284847571141
-0.2154,0.1592,10.2195,1.4314,-5.0095,0.566,-0.2502,0.1708,10.2844,1731,0,0.14655893538367437,0.0,0.03844594981881275
-0.1234,0.4762,9.227,2.7404,2.7048,-2.383,-0.0062,0.4271,9.2242,1732,0,0.10419346418583071,0.0,0.030753642126505058
0.6258,-0.0211,9.5799,2.1735,0.7432,-9.0923,0.6629,-0.0465,9.6106,1733,0,0.14982193730470791,0.0,0.0011947327170591146
0.033,-0.1705,9.695,2.1474,0.1497,3.1324,0.0325,-0.2012,9.6252,1734,0,0.15370659276867144,0.0,0.0011947327170591146
0.0464,-0.7109,10.0289,2.8928,-0.6313,1.5013,0.0192,-0.7417,9.9794,1735,0,0.1518027893596404,0.0,0.0008742198965462941
-0.0525,0.0203,9.7193,2.494,-5.705,-2.1955,-0.0805,-0.0114,9.5721,1736,0,0.15370659276867144,0.0,0.020433129305992236
-0.2278,0.2864,9.7194,1.4348,-3.3572,-0.2627,-0.1544,0.2719,9.782,1737,0,0.15370659276867144,0.0,0.020433129305992236
-0.1693,0.0271,10.0946,2.5637,-4.2019,-4.215,-0.1222,-0.1278,10.0262,1738,0,0.15370659276867144,0.0,0.020433129305992236
0.4651,-0.1098,9.9358,-7.3094,-3.0014,1.51,0.5177,-0.1102,9.973,1739,0,0.1519533231313492,0.0,0.0008742198965462941
0.2094,-0.2271,9.8898,4.1398,1.732,-4.4521,0.2233,-0.1684,9.9495,1740,0,0.15370659276867144,0.0,0.0008742198965462941
-0.1028,0.164,9.9051,-2.0987,0.7998,-2.6497,-0.1287,0.1919,9.859,1741,0,0.15370659276867144,0.0,0.0008742198965462941
0.0114,-0.0792,9.3148,1.6437,1.7036,-1.3687,0.0229,-0.0598,9.3164,1742,0,0.14726306594284,0.0,0.0008742198965462941
0.0647,0.3364,9.602,0.3248,0.4866,-0.6758,0.053,0.3125,9.6471,1743,0,0.15370659276867144,0.0,0.010874219896546295
0.2718,-0.3742,9.7856,0.8913,-0.1701,1.3268,0.3117,-0.3002,9.7334,1744,0,0.15370659276867144,0.0,0.060433129305992234
-0.1346,-0.0707,9.6269,2.2062,2.6021,2.4472,-0.1602,-0.0703,9.6027,1745,0,0.15370659276867144,0.0,0.07043312930599224
-0.0031,0.4359,10.0938,4.4049,-1.1369,0.3704,-0.1312,0.3677,10.1345,1746,0,0.15370659276867144,0.0,0.05163312930599224
0.2148,-0.0054,9.2991,-4.2661,-3.8197,0.4278,0.3369,0.0137,9.2775,1747,0,0.11422641055734979,0.0,0.05163312930599224
0.2603,-0.2225,9.9892,1.6303,1.1276,1.444,0.2119,-0.1974,9.9488,1748,0,0.15370659276867144,0.0,0.05043312930599224
0.4211,-0.1441,9.7281,-2.5041,-1.3149,0.2942,0.3894,-0.1419,9.7598,1749,0,0.15370659276867144,0.0,0.04043312930599224
0.1606,0.1562,9.5542,-1.2685,0.2554,2.8147,0.1454,0.101,9.5733,1750,0,0.15370659276867144,0.0,0.06163312930599224
0.4818,-0.189,9.75,4.3476,3.3072,-5.0903,0.3911,-0.2342,9.6931,1751,0,0.15370659276867144,0.0,0.05043312930599224
-0.0064,-0.307,10.09,-1.52,0.4932,1.3163,-0.0149,-0.2549,10.1253,1752,0,0.15370659276867144,0.0,0.07147604901402144
0.1496,-0.0499,9.9463,5.1067,-2.8913,1.264,0.1766,-0.0761,9.9498,1753,0,0.15370659276867144,0.0,0.11067312930599224
-0.1934,0.2987,9.715,-1.8724,1.6459,2.3052,-0.1727,0.2418,9.6121,1754,0,0.15370659276867144,0.0,0.11067312930599224
-0.41,0.1892,10.1651,-2.4099,-1.7338,-2.043,-0.5168,0.3097,10.1196,1755,0,0.15370659276867144,0.0,0.11187312930599223
0.0259,-0.3977,10.0103,-3.2785,-2.3244,-5.7577,-0.0158,-0.4162,9.9886,1756,0,0.15370659276867144,0.0,0.10067312930599223
-0.2396,0.4213,9.5945,5.1563,0.5846,2.2758,-0.1909,0.362,9.7159,1757,0,0.15370659276867144,0.0,0.052995782641771606
-0.2296,-0.0546,9.7601,-3.02,-1.8698,4.3064,-0.2043,-0.0914,9.7329,1758,0,0.15370659276867144,0.0,0.034285465181454144
0.4112,-0.1857,9.8921,-9.1985,0.8786,0.9075,0.3301,-0.1769,9.9577,1759,0,0.1458499173853834,0.0,0.05240818300316259
-0.2519,0.3573,9.7369,-0.1101,-3.7619,1.688,-0.2371,0.4182,9.7712,1760,0,0.15370659276867144,0.0,0.05350008023636417
-0.3047,-0.2415,10.1744,2.5357,4.5686,-2.5748,-0.2757,-0.2909,10.1394,1761,0,0.15370659276867144,0.0,0.09278805491990846
-0.0383,0.2162,9.8054,-0.0181,0.407,0.44,0.0236,0.3158,9.7909,1762,0,0.15370659276867144,0.0,0.07350008023636416
0.11,-0.0167,9.8044,-1.051,-1.6775,2.129,0.1385,0.0484,9.8156,1763,0,0.15370659276867144,0.0,0.07350008023636417
-0.3787,0.2217,10.1048,2.4707,-1.7148,1.1828,-0.4047,0.0826,10.0668,1764,0,0.15370659276867144,0.0,0.11350008023636417
0.2579,-0.2817,9.5522,3.8586,-4.127,1.6417,0.221,-0.2141,9.5554,1765,0,0.15370659276867144,0.0,0.08169615768670688
0.049,0.2162,9.6662,3.2123,-1.4966,0.2923,0.0836,0.1438,9.757,1766,0,0.15370659276867144,0.0,0.05169615768670689
0.2825,-0.4465,9.89,-2.5239,0.7344,0.3891,0.3287,-0.4373,9.8318,1767,0,0.15370659276867144,0.0,0.05169615768670689
0.0208,0.2594,9.6857,-2.2986,-1.2487,0.1764,-0.0326,0.2097,9.7059,1768,0,0.15370659276867144,0.0,0.061696157686706894
0.3903,0.281,9.7136,0.8999,2.1632,-1.2087,0.3998,0.3151,9.6643,1769,0,0.15370659276867144,0.0,0.04240818300316259
0.606,0.6354,10.1806,0.9156,-3.7159,0.1776,0.5863,0.6629,10.2317,1770,0,0.15225386359942905,0.0,0.07256807360286499
0.0412,0.012,9.7695,-4.1114,-4.2872,1.3787,0.0549,-0.0812,9.7297,1771,0,0.15370659276867144,0.0,0.06711131295408525
-0.0041,-0.1324,9.8701,-6.1938,3.9579,-1.1074,0.0483,-0.1085,9.8909,1772,0,0.15370659276867144,0.0,0.03825008023636416
-0.2655,0.3589,10.0064,-7.4205,0.4725,1.4473,-0.2508,0.3387,9.9994,1773,0,0.1519533231313492,0.0,0.0372840182680949
-0.4739,-0.5325,10.0872,-3.0008,-1.0447,-1.1755,-0.4256,-0.4851,10.0769,1774,0,0.15370659276867144,0.0,0.036993606292883244
0.2522,0.0024,9.7,-0.936,-3.7239,-2.255,0.2428,-0.0248,9.7009,1775,0,0.15370659276867144,0.0,0.053102421199878076
0.3494,-0.1848,10.1747,3.8751,0.9287,-0.5508,0.3024,-0.1677,10.1731,1776,0,0.15370659276867144,0.0,0.042670745956882083
0.1464,-0.5126,9.6559,2.9336,0.0427,0.8583,0.1728,-0.4831,9.6788,1777,0,0.15370659276867144,0.0,0.042127506605661835
-0.842,-0.1742,9.9262,-6.0726,1.0466,-1.4692,-0.8525,-0.1147,9.9107,1778,0,0.14999926741352707,0.0,0.010402985274431058
0.2365,0.1221,9.2951,0.5804,0.2611,1.1387,0.3225,0.2149,9.3915,1779,0,0.1328877523125438,0.0,0.01026409638554217
-0.7795,-0.4954,9.3451,-0.0821,-0.5476,-5.0033,-0.769,-0.5173,9.3566,1780,0,0.13439181095865976,0.0,0.020264096385542166
0.41,-0.1175,9.6964,-1.5876,0.0031,-0.5798,0.3964,-0.1275,9.7576,1781,0,0.15370659276867144,0.0,0.04026409638554217
0.306,-0.5898,9.9355,-2.1001,0.4203,5.4428,0.2824,-0.7109,9.883,1782,0,0.13476181381043642,0.0,0.0010000001998041919
-0.2723,0.3394,9.7445,1.9821,-3.9823,-4.4596,-0.3629,0.3255,9.7765,1783,0,0.15370659276867144,0.0,0.0004029852744310576
0.2562,0.1989,9.8368,3.8283,-0.0114,6.1879,0.3283,0.2261,9.8532,1784,0,0.15314501477372658,0.0,0.0003788888888888889
0.1017,0.1269,9.8459,5.414,0.9403,-5.266,0.1115,0.0893,9.8154,1785,0,0.15370659276867144,0.0,0.0004029852744310576
-0.0963,-0.3691,9.8303,-2.9459,-0.1163,-1.8872,-0.1651,-0.3067,9.7796,1786,0,0.15370659276867144,0.0,0.0004029852744310576
0.3565,-0.4717,9.9283,2.177,3.3756,-1.3565,0.4677,-0.4694,9.8715,1787,0,0.15370659276867144,0.0,0.0005241158262480159
-0.2125,-0.6263,9.8237,-0.7051,-4.9468,-4.4331,-0.2025,-0.5112,9.8847,1788,0,0.15369406605517877,0.0,0.0005241158262480159
0.1049,0.009,9.6692,-0.54,-1.0882,-1.93,0.148,0.0003,9.6929,1789,0,0.15370659276867144,0.0,0.0010445675966997863
-0.4084,-0.3936,9.63,-1.8079,-2.8687,3.0272,-0.3577,-0.3326,9.6335,1790,0,0.15370659276867144,0.0,0.0002640963855421687
-0.0079,0.712,9.7377,1.8397,-0.6184,-0.5035,-0.018,0.6957,9.8068,1791,0,0.15360188400450936,0.0,0.0003788888888888889
-0.0156,-0.3572,9.7052,-3.2053,0.0596,-0.5471,-0.0426,-0.2671,9.7099,1792,0,0.15370659276867144,0.0,0.00024
-0.2915,-0.1531,10.3709,-0.7543,-4.3732,2.0424,-0.2092,-0.0843,10.381,1793,0,0.12156254061321531,0.0,0.00024
-0.3855,-0.3055,9.7156,0.6113,-4.9516,0.7781,-0.3961,-0.3319,9.6405,1794,0,0.15370659276867144,0.0,0.00024
0.0527,-0.2478,9.6422,2.0676,1.7943,0.8816,0.0572,-0.2565,9.6702,1795,0,0.15370659276867144,0.0,0.00024
-0.0348,0.381,9.5433,-1.3053,2.4908,3.1803,-0.1764,0.3913,9.5327,1796,0,0.15370659276867144,0.0,0.00024
-0.7655,-0.2135,9.9093,0.7272,4.2295,-1.5957,-0.8116,-0.1826,9.7985,1797,0,0.15752990876543463,0.0,0.00024
0.3401,0.31,9.8592,2.8665,1.9465,4.3842,0.3538,0.2858,9.8786,1798,0,0.15370659276867144,0.0,0.0008370149253731343
-0.1118,-0.2179,9.7276,2.323,5.2092,0.859,-0.0845,-0.2107,9.7397,1799,0,0.15370659276867144,0.0,0.0033692782512260927
-0.3583,0.1281,9.7511,0.533,1.9294,-3.5549,-0.3198,0.2038,9.6857,1800,0,0.15370659276867144,0.0,0.0033692782512260927
0.421,0.1522,9.7401,-0.5528,-2.4145,0.2436,0.4371,0.1276,9.7708,1801,0,0.15370659276867144,0.0,0.0021129226665122986
-0.172,0.1753,9.5421,3.166,-4.1945,2.5428,-0.1228,0.2003,9.5293,1802,0,0.15370659276867144,0.0,0.010378888888888889
-0.0836,0.2171,10.0477,0.7464,-4.3086,1.2602,-0.1232,0.2054,10.0451,1803,0,0.15370659276867144,0.0,0.0003788888888888889
-0.0949,-0.115,9.5739,-4.3195,-0.5633,3.0925,-0.1658,-0.1396,9.6238,1804,0,0.15370659276867144,0.0,0.0003788888888888889
0.1418,-0.1999,10.0351,6.2814,1.5552,3.8156,0.1147,-0.2486,10.0113,1805,0,0.15370659276867144,0.0,0.0009759038142620232
0.8708,0.6034,9.3895,-5.2807,2.0888,0.1681,0.8489,0.6216,9.3728,1806,0,0.096191437690018,0.0,0.037888720157267436
0.2526,0.0572,9.464,0.8263,1.1516,4.535,0.2255,-0.0328,9.541,1807,0,0.15370659276867144,0.0,0.043294125562672835
0.5773,-0.003,9.6046,4.0398,-0.2659,-4.4087,0.5377,0.0279,9.693,1808,0,0.15208732668341593,0.0,0.043294125562672835
-0.1769,0.2356,9.7789,-6.468,2.411,1.6502,-0.1574,0.3313,9.8363,1809,0,0.15370659276867144,0.0,0.013372801151579352
0.1028,-0.8012,9.7807,-4.8457,-3.2947,-4.434,0.1837,-0.8058,9.7354,1810,0,0.14789912622907286,0.0,0.01786408396663407
0.0656,-0.4059,9.8981,-0.4681,-0.5051,5.8396,0.0998,-0.4052,9.9697,1811,0,0.15370659276867144,0.0,0.01674053308403857
-0.0628,0.0282,9.4453,2.4159,-1.3473,-1.0555,-0.023,0.1194,9.4841,1812,0,0.15370659276867144,0.0,0.0011935213311003348
0.2554,0.0015,9.519,-1.7449,1.718,-0.0006,0.3304,0.0455,9.5259,1813,0,0.15370659276867144,0.0,0.017267069041260935
-0.4143,0.12,9.5934,-1.0719,-3.3277,0.5842,-0.3993,0.1675,9.6758,1814,0,0.15370659276867144,0.0,0.01674053308403857
-0.18,0.5435,9.8782,3.0651,2.7263,1.1327,-0.1583,0.5649,9.8632,1815,0,0.15355074445237718,0.0,0.017267069041260935
-0.331,0.3547,9.8143,-1.8889,-0.1772,-1.1424,-0.3343,0.3874,9.7474,1816,0,0.15370659276867144,0.0,0.007267069041260934
-0.6251,-0.504,9.6006,4.0438,-1.4162,3.9689,-0.5716,-0.5198,9.6355,1817,0,0.1537691488359536,0.0,0.02686166363585553
0.0993,-0.1627,9.3772,3.7568,-1.7552,1.95,0.0613,-0.1718,9.3038,1818,0,0.14229156059623893,0.0,0.02686166363585553
-0.0613,-0.1302,10.2644,0.2679,0.4428,-0.7647,-0.0511,-0.1367,10.2886,1819,0,0.14727083411008693,0.0,0.017267069041260935
-0.6528,-0.0375,9.8838,2.9469,-1.8223,-1.8792,-0.776,-0.1104,9.8881,1820,0,0.12474958274301466,0.0,0.01686166363585553
0.27,-0.0081,9.7731,3.4643,-3.3387,4.9902,0.296,0.0232,9.9454,1821,0,0.15370659276867144,0.0,0.023894996969188863
-0.0529,-0.1831,9.6967,-2.5028,-1.2587,2.2931,-0.0403,-0.1149,9.7015,1822,0,0.15370659276867144,0.0,0.01806166363585553
-0.3891,0.359,10.1032,1.683,-1.1941,-4.6831,-0.4146,0.3804,10.1722,1823,0,0.15370659276867144,0.0,0.0067405330840385694
0.4426,0.4111,9.5771,1.7406,1.9857,-0.0372,0.4347,0.4511,9.5445,1824,0,0.15370659276867144,0.0,0.01686166363585553
0.18,0.0134,9.8907,-0.0441,-9.4896,2.6772,0.1733,-0.1226,9.8701,1825,0,0.14843464506915963,0.0,0.02488762985823212
-0.1947,0.4198,9.5403,4.0415,-0.3662,0.4267,-0.1833,0.466,9.511,1826,0,0.15370659276867144,0.0,0.03488762985823212
-0.158,0.6623,9.698,2.5459,-1.0144,5.0932,-0.2024,0.6617,9.6538,1827,0,0.15309497375261916,0.0,0.03488762985823212
0.0641,0.1273,9.6682,1.2475,-1.1217,0.3767,0.0532,0.041,9.6481,1828,0,0.15370659276867144,0.0,0.020953521331100337
-0.6627,-0.1077,10.0019,-1.938,1.2247,-0.5354,-0.6419,-0.1491,9.9828,1829,0,0.1537691488359536,0.0,0.02488762985823212
-0.0005,-0.6121,9.737,2.7178,-0.944,1.0872,0.0603,-0.6722,9.7161,1830,0,0.15130584120690876,0.0,0.02125655163413064
0.69,0.3019,9.9408,6.1309,1.1911,0.5601,0.6527,0.3793,9.8841,1831,0,0.15432399289588997,0.0,0.02519066016126242
-0.2894,0.2533,9.8494,-0.5128,-1.9278,-2.5454,-0.2512,0.1878,9.9232,1832,0,0.15370659276867144,0.0,0.02488762985823212
-0.3438,-0.0716,9.7879,3.5206,1.9565,5.4373,-0.3186,0.02,9.7659,1833,0,0.15370659276867144,0.0,0.020953521331100337
-0.0641,-0.1747,9.6322,9.9606,-3.9027,2.9407,-0.0652,-0.1665,9.5689,1834,0,0.10712013757708545,0.0,0.010914686379644024
-0.0498,-0.0722,9.6071,3.3882,0.7512,2.132,-0.111,-0.1594,9.5483,1835,0,0.15370659276867144,0.0,0.010914686379644024
-0.1021,0.4918,9.9068,0.0014,5.3104,6.1944,-0.2166,0.5494,9.9023,1836,0,0.15314501477372658,0.0,0.0009146863796440243
0.2161,0.0655,10.1556,1.1864,-1.6104,-3.4552,0.1657,0.0591,10.1956,1837,0,0.15332031675608063,0.0,0.0009146863796440243
0.1842,0.3279,9.6722,-3.5595,3.2161,-1.1049,0.1957,0.341,9.7703,1838,0,0.15370659276867144,0.0,0.0022805437624505596
-0.2608,0.085,10.0596,0.7637,3.103,-4.0393,-0.1821,0.1345,10.0573,1839,0,0.15370659276867144,0.0,0.0022805437624505596
-0.2638,-0.0442,9.8121,-1.0086,-1.119,3.309,-0.1968,-0.0704,9.8322,1840,0,0.15370659276867144,0.0,0.0022805437624505596
0.1632,0.5208,9.9994,-4.0069,-4.0366,0.663,0.1618,0.5087,9.9514,1841,0,0.15370659276867144,0.0,0.003675768939632193
-0.1812,0.1097,9.9906,2.8037,3.9827,-3.1415,-0.1404,0.0739,9.9568,1842,0,0.15370659276867144,0.0,0.0016757689396321928
0.1351,-0.127,9.707,1.3351,0.8955,-0.3769,0.1714,-0.1168,9.6869,1843,0,0.15370659276867144,0.0,0.003675768939632193
-0.2093,0.1371,9.3883,-0.3005,5.2632,-6.705,-0.1413,0.1203,9.3066,1844,0,0.13799920491956663,0.0,0.0030875336455145463
-0.1622,0.153,9.7819,2.5385,1.973,5.7162,-0.2109,0.2631,9.8228,1845,0,0.15370659276867144,0.0,0.0030875336455145463
-0.0466,0.3635,9.7993,-1.7733,2.5195,0.494,-0.0183,0.3506,9.8651,1846,0,0.15370659276867144,0.0,0.0030875336455145463
-0.1546,-0.1432,9.6244,-3.5187,2.0532,-0.8369,-0.089,-0.1559,9.5301,1847,0,0.15370659276867144,0.0,0.011186739994720895
-0.2428,0.2761,9.6377,5.4724,1.384,-0.5428,-0.2918,0.279,9.7044,1848,0,0.15370659276867144,0.0,0.011186739994720895
-0.3732,0.028,9.489,0.7705,3.213,-0.4696,-0.319,0.0555,9.3946,1849,0,0.1525588014428267,0.0,0.021186739994720892
0.0649,-0.194,9.9147,2.0702,1.7784,1.1597,0.0107,-0.1653,10.0111,1850,0,0.15370659276867144,0.0,0.03250461175461175
0.0592,-0.0728,9.898,2.9017,1.1358,2.9383,-0.0473,-0.0694,9.779,1851,0,0.15370659276867144,0.0,0.001186739994720895
-0.1391,0.7695,10.0257,-0.5693,-5.34,1.0823,-0.1258,0.7411,10.0231,1852,0,0.15515839222856495,0.0,0.0024016932657489327
0.0131,-0.0817,10.0592,-1.9472,-1.5354,-1.6885,0.0156,-0.1055,9.9886,1853,0,0.15370659276867144,0.0,0.0024016932657489327
-0.2272,0.0069,9.5751,-1.0023,6.07,-2.8875,-0.191,-0.0325,9.5729,1854,0,0.15370659276867144,0.0,0.001719565025639792
0.4038,0.2973,9.9315,-0.9593,-4.9812,2.688,0.4538,0.2892,9.9358,1855,0,0.15370659276867144,0.0,0.014401693265748932
-0.0007,0.2219,9.5343,0.4586,-4.9619,4.0239,0.0104,0.2246,9.5459,1856,0,0.15370659276867144,0.0,0.009101836091187272
0.2269,0.1391,9.8696,0.7479,3.2093,2.2069,0.1701,0.1288,9.8818,1857,0,0.15370659276867144,0.0,0.009101836091187272
0.1275,-0.5013,10.1052,-0.2379,-1.6257,-1.5806,0.1141,-0.5271,10.0881,1858,0,0.15370659276867144,0.0,0.023508571978106484
0.0613,-0.5103,9.6128,1.1813,3.4999,-1.7301,0.0818,-0.5761,9.4691,1859,0,0.15360476376730087,0.0,0.027444713785351394
-0.2618,-0.4377,9.8602,-3.1665,0.0045,-0.794,-0.334,-0.4682,9.9168,1860,0,0.15370659276867144,0.0,0.01364330516688585
-0.3055,-0.2035,10.0342,-2.303,1.5306,1.1106,-0.1871,-0.1546,10.0446,1861,0,0.15370659276867144,0.0,0.013490048461905007
-0.3193,0.0593,9.5981,-2.7798,-0.5022,4.899,-0.3565,0.1467,9.6767,1862,0,0.15370659276867144,0.0,0.012276435141758461
0.1691,-0.4761,10.1006,2.4814,-1.5486,0.9305,0.2452,-0.4882,10.0825,1863,0,0.15370659276867144,0.0,0.01197514639219385
0.1629,0.013,9.8985,3.2143,-0.5436,-2.4429,0.1693,-0.0556,9.961,1864,0,0.15370659276867144,0.0,0.01288086383210182
-0.2749,-0.4667,9.6668,1.7396,-0.8516,0.3924,-0.23,-0.4252,9.7192,1865,0,0.15370659276867144,0.0,0.03364330516688586
0.5382,0.5794,10.0143,-1.7656,-3.0023,-3.7581,0.4215,0.5302,10.0984,1866,0,0.15355074445237718,0.0,0.013253900756862884
-0.1682,0.2834,10.0326,-0.0289,-0.6366,2.325,-0.2127,0.3483,10.0136,1867,0,0.15370659276867144,0.0,0.0038630853866660725
-0.2545,-0.2643,9.917,-1.1286,0.3023,0.425,-0.3939,-0.2829,9.9382,1868,0,0.15370659276867144,0.0,0.0038630853866660725
0.2981,0.2781,9.762,2.0675,1.7153,-2.1273,0.2994,0.2077,9.7517,1869,0,0.15370659276867144,0.0,0.003335409286647278
-0.3467,-0.3415,10.1729,-3.8539,2.3287,-0.5233,-0.3685,-0.2734,10.1051,1870,0,0.15370659276867144,0.0,0.015621588862737696
0.3035,0.1219,9.8274,-2.6389,1.1661,0.6185,0.2839,0.0917,9.8401,1871,0,0.15370659276867144,0.0,0.025621588862737698
-0.1057,-0.3708,9.5758,6.049,2.7019,-0.6924,-0.0831,-0.3796,9.595,1872,0,0.15370659276867144,0.0,0.0056215888627376975
-0.3678,-0.5051,9.9946,3.4208,4.2791,0.6218,-0.3867,-0.4644,9.9849,1873,0,0.15370659276867144,0.0,0.024595273073264014
0.2284,-0.1556,9.7087,-2.8217,1.7794,-0.7505,0.2892,-0.2189,9.7366,1874,0,0.15370659276867144,0.0,0.01459527307326401
0.3145,0.1124,9.9299,3.3327,0.3669,1.7682,0.4759,0.0877,9.9846,1875,0,0.15370659276867144,0.0,0.014179945701585919
0.2961,0.0327,9.8853,-2.2184,-4.8199,-1.3537,0.3157,0.0583,9.8817,1876,0,0.15370659276867144,0.0,0.013622542508089603
0.0673,-0.0277,9.7705,2.6238,-3.5732,0.2784,0.0403,-0.0629,9.6836,1877,0,0.15370659276867144,0.0,0.012611742136900979
0.5235,-0.2158,9.8159,-2.1298,2.6141,-2.6904,0.5403,-0.203,9.8156,1878,0,0.15370659276867144,0.0,0.013826695407929017
-0.0225,0.3384,9.5559,1.5123,1.2157,3.2154,0.0315,0.2841,9.5406,1879,0,0.15370659276867144,0.0,0.016799538147871686
0.0292,0.1092,9.6137,-1.2234,0.9201,-7.2635,0.0281,0.131,9.6249,1880,0,0.1513602608214693,0.0,0.00497957026805733
0.1007,0.248,10.2318,-2.0569,7.097,3.5326,-0.0012,0.2287,10.1937,1881,0,0.14845407815982,0.0,0.025377036980361437
0.3811,0.2228,10.0146,7.8461,1.6127,-3.155,0.4535,0.1389,9.9576,1882,0,0.14563469174668994,0.0,0.020756289130419717
-0.2211,-0.0934,9.8671,-2.5393,2.385,4.2121,-0.2007,-0.0826,9.9159,1883,0,0.15370659276867144,0.0,0.020756289130419717
0.3123,-0.2933,9.9231,0.0804,3.8077,-0.1046,0.3309,-0.2347,9.9335,1884,0,0.15370659276867144,0.0,0.02243867158772142
-0.1426,-0.3189,9.6325,-2.9886,1.5058,0.6973,-0.1853,-0.3594,9.6029,1885,0,0.15370659276867144,0.0,0.012438671587721415
0.1739,-0.1022,9.7881,-0.2742,5.4418,-1.8539,0.0885,-0.1016,9.765,1886,0,0.15370659276867144,0.0,0.03256677391711718
0.3516,0.4475,9.8693,-4.6595,-2.539,0.1701,0.3435,0.4046,9.815,1887,0,0.15370659276867144,0.0,0.041969758991744044
-0.0661,0.3633,9.811,2.6258,-3.8701,-0.0616,-0.1144,0.3714,9.7262,1888,0,0.15370659276867144,0.0,0.04519925016516045
-0.0386,0.1258,9.8337,-0.0632,1.0718,-1.785,0.0204,0.0671,9.9045,1889,0,0.15370659276867144,0.0,0.03914579650323751
0.1561,0.2068,9.4399,-1.7703,-1.6304,1.4595,0.2885,0.2413,9.4655,1890,0,0.15370659276867144,0.0,0.035021864879305885
-0.0042,0.3164,9.8706,-1.4273,-4.9367,4.0773,-0.0882,0.283,9.8959,1891,0,0.15370659276867144,0.0,0.01751048188876518
-0.0513,-0.0002,9.6785,-1.5485,-5.223,-0.9364,-0.0467,-0.0143,9.7946,1892,0,0.15370659276867144,0.0,0.027510481888765176
-0.2576,0.093,9.6444,-5.1417,2.0147,-2.4869,-0.2751,0.0873,9.5927,1893,0,0.15370659276867144,0.0,0.03734288412340205
0.1966,-0.1298,9.8543,-0.4782,3.2317,-1.0107,0.2143,-0.1635,9.913,1894,0,0.15370659276867144,0.0,0.04751048188876518
0.1718,0.1096,9.924,-2.7952,-4.4679,-4.8464,0.1425,0.0195,9.9037,1895,0,0.15370659276867144,0.0,0.05751048188876518
-0.2044,-0.1209,9.9932,3.1921,-0.9864,-1.2333,-0.237,-0.2007,10.0339,1896,0,0.15370659276867144,0.0,0.03751048188876518
-0.3876,-0.3247,9.8948,-1.1656,-2.8369,2.8635,-0.3282,-0.5134,9.9061,1897,0,0.15370659276867144,0.0,0.023603776188138324
0.181,0.3803,9.6301,-3.7766,5.6184,-1.1187,0.2445,0.3015,9.5872,1898,0,0.15370659276867144,0.0,0.003603776188138323
0.3573,-0.2872,9.6427,-1.0436,2.3593,-2.1479,0.3633,-0.2678,9.6508,1899,0,0.15370659276867144,0.0,0.014514660175945387
-0.4817,-0.488,9.7111,2.5138,0.9356,1.998,-0.5582,-0.5067,9.6342,1900,0,0.15370659276867144,0.0,0.012212244123529335
-0.2149,-0.0843,9.6053,2.6509,0.8567,-2.5396,-0.1536,-0.1566,9.6353,1901,0,0.15370659276867144,0.0,0.012091113571712376
0.0084,0.6821,9.8291,-2.5297,6.8192,0.2567,-0.0608,0.7323,9.6753,1902,0,0.15148152233311896,0.0,0.002091113571712377
-0.3536,0.2457,9.619,-3.3242,-1.5561,-4.4246,-0.3242,0.2344,9.5243,1903,0,0.15370659276867144,0.0,0.032091113571712376
0.115,-0.0466,10.1067,-1.4791,6.7866,-2.5327,0.1719,-0.0021,10.066,1904,0,0.15370659276867144,0.0,0.0015250758358633205
-0.1018,0.0605,9.8227,-1.0906,-4.6979,4.9021,-0.0389,0.0964,9.7603,1905,0,0.15370659276867144,0.0,0.0017877384522892667
0.2395,-0.489,9.8744,2.492,-1.1964,4.8322,0.2418,-0.4531,9.8892,1906,0,0.15370659276867144,0.0,0.0029135662668588027
-0.0162,0.0513,9.9093,-4.2813,0.3356,3.4039,-0.1226,0.1064,10.0585,1907,0,0.15370659276867144,0.0,0.0027589270916010705
0.1289,0.1286,9.6245,-0.4693,2.2535,-0.1984,0.0569,0.0661,9.6588,1908,0,0.15370659276867144,0.0,0.0016330992770315347
0.8071,0.0267,9.319,-1.5554,2.0907,2.8527,0.7764,0.0137,9.391,1909,0,0.13121722259851945,0.0,0.0016330992770315347
-0.417,0.4116,9.9145,-0.4276,-1.8893,-3.9662,-0.3845,0.3572,9.8839,1910,0,0.15370659276867144,0.0,0.011409459607102736
-0.1834,0.0721,9.6762,5.9563,-0.7294,2.2442,-0.0688,0.1672,9.7106,1911,0,0.15370659276867144,0.0,0.01102582797203597
-0.0329,-0.1017,9.6965,2.5683,-0.7589,-4.2019,0.0381,0.0007,9.6408,1912,0,0.15370659276867144,0.0,0.018593289569166286
0.0439,-0.2819,10.0551,-3.5151,-1.4321,3.1662,0.04,-0.3009,10.0819,1913,0,0.15370659276867144,0.0,0.01332442621333206
0.4094,-0.1625,9.847,-3.5426,1.3058,-2.709,0.4483,-0.1598,9.8938,1914,0,0.15370659276867144,0.0,0.012286690364275456
0.3164,-0.0001,9.3976,5.3257,-1.1893,-1.755,0.3526,0.0831,9.4441,1915,0,0.15126090237628845,0.0,0.01991235585739298
0.1148,-0.0263,9.408,4.8283,-0.8225,-0.131,0.1874,0.087,9.3664,1916,0,0.14577755853805008,0.0,0.008740139324065789
-0.2723,0.0742,9.9439,3.5062,5.4105,2.4197,-0.1967,0.0287,9.8827,1917,0,0.15370659276867144,0.0,0.011597282181208646
-0.4189,-0.4215,10.1023,-4.0147,1.2602,5.2286,-0.4777,-0.4178,10.0822,1918,0,0.15370659276867144,0.0,0.011508014803269193
0.2893,0.1649,10.1881,0.6803,-2.5074,-6.7405,0.3004,0.1829,10.1969,1919,0,0.152854244981642,0.0,0.0025457506523257956
-0.0402,0.4121,10.2943,4.704,-0.2205,1.0862,-0.0755,0.4289,10.3162,1920,0,0.13409687094410233,0.0,0.0025069157008694855
-0.0357,-0.1306,9.8593,3.2571,-0.4934,-2.884,-0.0722,-0.0726,9.8448,1921,0,0.15370659276867144,0.0,0.0025069157008694855
0.0263,-0.278,9.6549,1.3683,4.7745,1.2832,0.0188,-0.2649,9.6174,1922,0,0.15370659276867144,0.0,0.0025069157008694855
0.6568,-0.045,10.2795,-4.9004,5.9057,0.2539,0.6944,-0.0563,10.3645,1923,0,0.057769254353141265,0.0,0.022545750652325794
0.4685,0.6347,9.9905,-3.0696,-1.3383,-0.8365,0.5312,0.7357,10.0548,1924,0,0.14563953011504788,0.0,0.0014518672952845441
0.312,0.0042,9.6537,-2.4056,0.2432,0.6587,0.176,0.0079,9.8022,1925,0,0.15370659276867144,0.0,0.0025457506523257956
0.2253,-0.7236,9.6277,-3.3471,-4.5279,-0.9046,0.2893,-0.7071,9.6703,1926,0,0.1521403958151141,0.0,0.002387647885527377
0.1668,0.0545,9.8683,0.5973,-0.7732,-4.0756,0.1937,0.1116,9.8375,1927,0,0.15370659276867144,0.0,0.002387647885527377
-0.071,0.0421,9.9584,0.1889,-2.7385,2.8432,-0.0134,-0.0023,10.0242,1928,0,0.15370659276867144,0.0,0.0025685931538512864
0.2637,0.1907,9.9251,-2.4585,-2.5825,3.8863,0.2854,0.1414,9.8034,1929,0,0.15370659276867144,0.0,0.0025685931538512864
0.652,-0.0829,9.8516,0.4447,-0.2968,4.1041,0.6976,-0.039,9.8301,1930,0,0.1504061770944606,0.0,0.00023193229388735276
-0.2696,-0.0172,9.7726,-0.7714,-3.3386,-0.6928,-0.3386,-0.0027,9.7978,1931,0,0.15370659276867144,0.0,0.0001930973424310421
0.2402,-0.6584,9.7501,0.7931,-0.6596,-4.8674,0.1067,-0.666,9.724,1932,0,0.1521635850937496,0.0,0.03097908715592816
-0.0591,-0.1129,9.6488,-0.3434,1.1735,2.853,-0.0639,-0.1553,9.5965,1933,0,0.15370659276867144,0.0,0.0010031835414703273
-0.1895,0.1053,10.0738,3.5459,0.1734,0.8869,-0.1108,0.1323,10.0382,1934,0,0.15370659276867144,0.0,0.011903017870493145
0.7866,-0.1541,9.6269,0.063,0.4607,-2.131,0.8276,-0.0745,9.5691,1935,0,0.15804847890890972,0.0,9.806088258358879e-05
0.2856,-0.5123,9.993,-3.8632,1.7108,-8.1459,0.2262,-0.5479,10.0095,1936,0,0.15129144459913302,0.0,2.4096385542168677e-05
-0.6412,0.4223,9.7691,-3.4689,0.4247,2.3815,-0.6492,0.4421,9.7241,1937,0,0.1533665032347707,0.0,2.4096385542168677e-05
0.0059,0.4054,9.8336,1.3296,4.4963,1.8286,0.0719,0.4472,9.7758,1938,0,0.15370659276867144,0.0,9.806088258358879e-05
0.3147,0.3862,9.8123,3.557,1.4613,-1.2571,0.1881,0.3573,9.7166,1939,0,0.15370659276867144,0.0,2.4096385542168677e-05
-0.3646,0.133,10.335,-0.6935,-6.4651,-4.8072,-0.3747,0.0104,10.3851,1940,0,0.11404949824483937,0.0,2.4096385542168677e-05
-0.1172,0.2365,9.8938,-1.4583,5.2041,-4.6094,-0.1052,0.13,9.8672,1941,0,0.15370659276867144,0.0,2.4096385542168677e-05
0.1527,0.1845,9.8142,-5.0753,0.9844,-0.6752,0.194,0.193,9.792,1942,0,0.15370659276867144,0.0,2.4096385542168677e-05
-0.1557,0.2009,9.9221,4.4666,-2.1008,-1.215,-0.0515,0.2131,9.8487,1943,0,0.15370659276867144,0.0,2.4096385542168677e-05
0.1792,-0.3097,10.0374,0.3455,1.0115,5.2509,0.1971,-0.2833,10.0161,1944,0,0.15370659276867144,0.0,2.4096385542168677e-05
0.5856,-0.2485,9.9155,-1.254,1.4998,0.5041,0.5121,-0.2359,9.9288,1945,0,0.15208732668341593,0.0,2.4096385542168677e-05
-0.0822,0.5566,9.6882,2.1888,-0.0054,-0.4746,-0.1163,0.5663,9.696,1946,0,0.15355074445237718,0.0,2.4096385542168677e-05
-0.2965,-0.0239,9.9083,0.2174,1.1921,-6.4511,-0.3659,-0.0589,9.9307,1947,0,0.1532405209942328,0.0,2.4096385542168677e-05
-0.6666,0.0501,9.6086,4.63,-1.7412,-1.2525,-0.6126,-0.0662,9.6345,1948,0,0.1537691488359536,0.0,2.4096385542168677e-05
0.0019,0.1484,9.8026,2.6294,5.1742,2.6662,-0.0634,0.1746,9.9877,1949,0,0.15370659276867144,0.0,2.4096385542168677e-05
-0.136,-0.4488,9.9459,-1.3103,1.0296,-3.7374,-0.1192,-0.4574,9.9943,1950,0,0.15370659276867144,0.0,2.4096385542168677e-05
-0.149,-0.372,9.7672,6.7568,2.4141,-1.7171,-0.0483,-0.391,9.7853,1951,0,0.15242389511884455,0.0,0.0009473684210526316
0.4558,0.0439,9.7737,1.2252,-0.4291,-2.0345,0.5295,0.0563,9.7631,1952,0,0.15370659276867144,0.0,0.0009473684210526316
0.1935,0.1242,10.1374,-2.2679,2.1874,-0.7056,0.1993,0.1334,10.0869,1953,0,0.15370659276867144,0.0,0.0009473684210526316
0.1599,-0.2293,9.5997,1.5621,-4.9357,-1.5062,0.138,-0.1978,9.6119,1954,0,0.15370659276867144,0.0,0.0009473684210526316
0.4516,0.1501,10.2996,2.7036,0.7613,1.5093,0.4263,0.1454,10.2221,1955,0,0.15111538137757127,0.0,0.0010684989728695898
0.055,-0.0657,9.8202,1.5034,3.0603,-3.054,0.0499,-0.055,9.784,1956,0,0.15370659276867144,0.0,0.0010684989728695898
-0.0416,0.1513,9.9259,-0.8959,-7.4016,-0.7223,-0.0006,0.2161,9.9174,1957,0,0.153471543619007,0.0,0.0019078203984537617
-0.4467,-0.1462,9.9625,-6.2057,-0.7319,7.6084,-0.454,-0.1657,9.9301,1958,0,0.15063308349426197,0.0,0.0009473684210526316
0.1762,-0.3088,9.8253,2.2374,0.473,-0.0196,0.067,-0.3263,9.8521,1959,0,0.15370659276867144,0.0,0.0009473684210526316
0.4644,0.2219,9.6694,1.0425,-5.7008,6.0184,0.5052,0.233,9.7356,1960,0,0.15370659276867144,0.0,0.0009473684210526316
0.0457,0.011,9.899,-3.8047,2.1224,-3.323,0.0206,-0.0203,9.8702,1961,0,0.15370659276867144,0.0,0.0009473684210526316
0.3537,-0.1476,9.7867,-0.4769,-1.3172,4.4272,0.4131,-0.1652,9.861,1962,0,0.15370659276867144,0.0,0.0009473684210526316
-0.579,0.0747,9.8972,2.9695,-2.1352,1.2612,-0.6086,0.1324,9.877,1963,0,0.15370659276867144,0.0,0.0009473684210526316
0.1188,-0.2441,9.8134,-1.2439,-1.4406,-1.4196,0.1739,-0.1887,9.901,1964,0,0.15370659276867144,0.0,0.0009473684210526316
-0.0704,-0.2582,10.1418,1.149,-4.1523,-4.1135,-0.1214,-0.2234,10.1897,1965,0,0.1533321728497886,0.0,0.0009473684210526316
-0.2034,0.3946,10.0869,3.2959,1.9219,4.2891,-0.1215,0.3945,10.1411,1966,0,0.15370659276867144,0.0,0.0019322169059011163
-0.1987,0.1084,9.7168,-0.6411,-0.3657,0.0939,-0.088,0.1549,9.7098,1967,0,0.15370659276867144,0.0,0.011932216905901117
0.2189,0.3314,9.5383,-5.204,-4.7236,3.2099,0.2032,0.3349,9.5792,1968,0,0.15370659276867144,0.0,0.0019322169059011163
-0.5601,0.13,9.6093,0.2343,-1.4428,-3.9877,-0.5245,0.1224,9.6313,1969,0,0.15370659276867144,0.0,0.0019322169059011163
0.0509,-0.0411,9.9644,-4.9937,2.5198,-4.2028,0.0248,0.0735,10.1039,1970,0,0.15370659276867144,0.0,0.0019322169059011163
-0.4058,-0.1954,9.806,-2.2158,-1.7822,0.3011,-0.4165,-0.2512,9.8366,1971,0,0.15370659276867144,0.0,0.0019322169059011163
0.5044,0.4025,9.5601,4.4527,1.2662,2.236,0.464,0.3796,9.4539,1972,0,0.1534046229755623,0.0,0.0009473684210526316
0.0082,0.0641,9.961,-0.6513,1.7205,4.9285,0.0101,0.0733,10.0547,1973,0,0.15370659276867144,0.0,0.0009473684210526316
-0.3805,-0.3688,9.9352,-0.1384,1.3994,-1.3222,-0.4597,-0.3462,9.9811,1974,0,0.15370659276867144,0.0,0.0010233177881412393
-0.1914,0.3503,9.8687,-2.5449,-2.4988,-4.4795,-0.1713,0.371,9.9445,1975,0,0.15370659276867144,0.0,0.013128580946035978
-0.3368,-0.2668,9.9295,-1.8017,-6.6062,-2.3119,-0.2813,-0.2887,9.8816,1976,0,0.15370659276867144,0.0,0.011063158425591439
-0.3352,-0.2026,9.6551,4.7345,-2.808,0.288,-0.2344,-0.2264,9.6214,1977,0,0.15370659276867144,0.0,0.0010631584255914384
-0.0023,0.0953,9.9594,-3.3989,-1.1944,-0.9089,-0.021,0.0604,9.9591,1978,0,0.15370659276867144,0.0,0.0010631584255914384
-0.2019,-0.0125,9.9182,-5.2574,2.505,1.612,-0.2133,0.0484,9.87,1979,0,0.15370659276867144,0.0,7.594936708860759e-05
0.3603,0.1684,10.0491,-1.3493,2.6316,-0.3917,0.3247,0.2294,9.9827,1980,0,0.15370659276867144,0.0,0.010075949367088608
-0.2321,-0.0271,9.7527,-0.156,3.5218,0.8227,-0.2925,-0.079,9.6864,1981,0,0.15370659276867144,0.0,7.594936708860759e-05
0.3829,-0.4294,9.8427,-3.2011,-1.815,0.5682,0.3935,-0.4621,9.8497,1982,0,0.15370659276867144,0.0,0.00011579000453880679
0.5275,0.0079,10.0222,-0.8448,0.8791,1.8474,0.5776,0.0286,10.0863,1983,0,0.152190671395924,0.0,0.0010631584255914384
0.264,0.2847,9.4438,-6.0929,-3.0753,-0.3733,0.1908,0.2822,9.4441,1984,0,0.1534046229755623,0.0,0.0010631584255914384
-0.0307,0.1615,9.8419,2.3688,4.7002,0.4423,-0.0897,0.1557,9.8983,1985,0,0.15370659276867144,0.0,0.02188264378464458
0.2291,-0.3008,9.8543,-2.8992,-2.0433,0.7677,0.1628,-0.3561,9.9234,1986,0,0.15370659276867144,0.0,0.013088699895446098
-0.2276,-0.0214,9.9044,-2.7171,2.5672,4.5439,-0.2768,-0.0358,9.8928,1987,0,0.15370659276867144,0.0,0.08145920323428432
-0.0308,0.0106,9.5186,-3.0449,3.8708,-0.9424,-0.07,0.0681,9.4751,1988,0,0.15370659276867144,0.0,0.0016268009996474537
0.1487,-0.114,9.7704,-0.2046,1.1274,-2.504,0.1287,-0.1153,9.7529,1989,0,0.15370659276867144,0.0,0.0016268009996474537
-0.6068,-0.2879,10.0083,4.3877,-4.4884,2.952,-0.6073,-0.2378,9.919,1990,0,0.1537691488359536,0.0,0.0023089292397565943
-0.0154,-0.2892,9.6965,-2.4774,0.1292,-1.5283,0.0167,-0.3538,9.7309,1991,0,0.15370659276867144,0.0,0.012115865655941565
0.0563,0.1796,9.8326,0.2642,-1.3052,0.7294,0.0706,0.1235,9.7202,1992,0,0.15370659276867144,0.0,0.012115865655941565
-0.1041,0.1316,9.8581,3.122,0.8858,-0.3674,-0.0695,0.0834,9.8706,1993,0,0.15370659276867144,0.0,0.02123762504439963
-0.2293,0.0862,10.0445,-0.5852,-0.0086,-0.4694,-0.1782,0.0802,10.0589,1994,0,0.15370659276867144,0.0,0.012270504831199297
-0.0889,-0.0807,9.9781,2.875,4.8846,1.7514,-0.0589,-0.1636,9.939,1995,0,0.15370659276867144,0.0,0.0029158656559415646
0.5629,0.2341,9.9976,1.4477,-1.1628,1.243,0.5308,0.2953,10.0374,1996,0,0.15361879978792273,0.0,0.0038763176333426945
0.1112,-0.045,9.9431,-0.4072,-1.2079,-1.2049,0.1823,-0.1014,9.9407,1997,0,0.15370659276867144,0.0,0.014224922950068749
0.0492,0.0084,9.9971,-0.6377,-0.1865,-2.6177,0.011,0.0606,10.0228,1998,0,0.15370659276867144,0.0,0.013663102677122714
0.2201,0.0544,10.0494,7.4452,-1.7146,4.7077,0.2446,0.1342,10.0135,1999,0,0.15201079795890937,0.0,0.023502595688257518
0.3845,-0.136,9.6283,-4.8325,2.7013,3.645,0.4354,-0.2555,9.6515,2000,0,0.15370659276867144,0.0,0.021482877147920413
-0.2247,-0.1829,10.2853,-7.0161,-0.6338,3.3044,-0.2505,-0.1511,10.3127,2001,0,0.12529090604879675,0.0,0.021329620442939574
-0.4766,-0.5506,10.0545,-2.0755,-0.2041,-2.3887,-0.4524,-0.4613,10.0035,2002,0,0.15370659276867144,0.0,0.04116202267757644
0.1612,-0.0156,10.0466,2.287,-3.2093,-3.486,0.1669,0.0409,10.0161,2003,0,0.15370659276867144,0.0,0.03811533472865386
-0.0855,0.1614,9.8766,-4.0317,3.9715,-1.0193,-0.1756,0.1432,9.8897,2004,0,0.15370659276867144,0.0,0.031162022677576444
-0.1165,-0.0207,9.809,-0.6609,-3.7958,-1.0606,-0.0598,0.0175,9.7982,2005,0,0.15370659276867144,0.0,0.013154859170568743
0.0068,0.4953,9.5288,2.8471,0.7779,1.908,0.0327,0.4166,9.5662,2006,0,0.15370659276867144,0.0,0.030337556950876084
0.0564,-0.3426,9.9696,2.9785,1.0114,-1.8995,-0.064,-0.3637,9.9638,2007,0,0.15370659276867144,0.0,0.028075494091203662
0.0278,-0.0115,9.9235,-1.6026,-5.411,-2.6547,0.0851,-0.0278,9.8516,2008,0,0.15370659276867144,0.0,0.010641310896686438
0.197,0.2385,10.1143,-1.9667,-5.9778,0.9514,0.2241,0.2225,10.0438,2009,0,0.15370659276867144,0.0,0.010365541169611747
-0.2847,0.1727,9.4906,1.4149,2.2429,2.8071,-0.3167,0.1098,9.4909,2010,0,0.15370659276867144,0.0,0.010641310896686438
0.2381,-0.0709,10.2553,-2.4402,-3.779,-0.7795,0.222,-0.0563,10.1921,2011,0,0.15031407515459472,0.0,0.010520180344869479
0.6998,0.0554,9.9193,-3.6689,0.4059,-4.4463,0.7117,0.0472,9.9679,2012,0,0.15557955017382005,0.0,0.030713713131323307
-0.1822,0.2158,10.1573,-1.1302,-0.8457,-0.263,-0.1462,0.2726,10.1999,2013,0,0.15262407051682947,0.0,0.04043387249387311
-0.0229,0.0358,9.4849,1.1241,5.3396,1.0458,-0.0353,0.1124,9.4708,2014,0,0.15370659276867144,0.0,0.030713713131323307
-0.2092,-0.5446,9.8504,0.9932,-2.5013,1.5484,-0.2184,-0.561,9.8319,2015,0,0.15360476376730087,0.0,0.020713713131323308
0.05,-0.0571,9.5869,0.3181,-1.6571,0.7429,0.0628,-0.0668,9.5483,2016,0,0.15370659276867144,0.0,0.020433872493873108
-0.3692,0.0259,9.681,2.5715,0.4671,-5.3656,-0.4862,0.0085,9.6671,2017,0,0.15370659276867144,0.0,0.020713713131323308
0.254,0.3962,9.828,0.5926,6.6317,-4.6222,0.1356,0.4628,9.8118,2018,0,0.15370659276867144,0.0,0.020473713131323307
0.1065,0.421,9.9451,-3.5666,-2.903,0.6469,0.0552,0.3629,9.9948,2019,0,0.15370659276867144,0.0,0.02069349335110353
0.3392,-0.213,9.8791,4.2019,6.0083,-1.3791,0.3642,-0.3094,9.8458,2020,0,0.15370659276867144,0.0,0.030861091116466656
0.2007,0.6258,9.595,-1.9785,2.6115,-0.4811,0.1796,0.74,9.5336,2021,0,0.14109240495990963,0.0,0.016155215343113503
-0.3378,-0.0444,10.0005,0.2964,1.2302,2.3492,-0.313,-0.1035,10.0194,2022,0,0.15370659276867144,0.0,0.0017773585630220872
-0.0003,-0.3003,9.578,0.97,1.1279,-6.4364,0.024,-0.2609,9.6003,2023,0,0.15370659276867144,0.0,0.006164710341678214
0.3187,-0.0334,9.5483,2.3342,-1.453,-2.1148,0.3364,-0.1072,9.5358,2024,0,0.15370659276867144,0.0,0.011451658030860542
0.0067,0.1562,9.9596,-1.3066,4.1722,-4.7583,0.0581,0.118,9.9497,2025,0,0.15370659276867144,0.0,0.02031561036452489
0.2194,-0.1777,9.3929,-3.8882,1.116,5.9131,0.2032,-0.1604,9.4131,2026,0,0.15024806891845416,0.0,0.01043387249387311
0.0569,-0.0737,10.0715,-0.2349,0.9806,2.3331,0.0358,0.0083,10.0646,2027,0,0.15370659276867144,0.0,0.010473713131323307
0.0845,0.4976,10.0125,2.2437,-0.6445,-2.8632,0.0877,0.3668,9.9507,2028,0,0.15370659276867144,0.0,0.011066996183600573
-0.2355,0.2035,9.7376,-3.6177,-4.0291,-2.932,-0.146,0.2109,9.7904,2029,0,0.15370659276867144,0.0,0.011984523929486528
0.1928,0.0138,9.8853,-3.5584,2.9049,-1.6263,0.2073,-0.0267,9.8171,2030,0,0.15370659276867144,0.0,0.011505908342175289
0.0021,0.0163,10.1544,-1.352,-0.1422,5.5453,0.0313,0.0336,10.134,2031,0,0.15370659276867144,0.0,0.0004338724938731092
-0.2137,0.1591,9.798,6.5369,-1.3801,2.7176,-0.207,0.2126,9.8694,2032,0,0.1528511125999369,0.0,0.00027923331861537723
-0.3164,0.1263,9.8718,4.7873,3.1032,-3.1312,-0.2533,0.1262,9.8918,2033,0,0.15370659276867144,0.0,0.00015810276679841895
0.2794,0.075,9.9353,-2.6293,-0.7484,-0.2698,0.3742,0.0962,9.9833,2034,0,0.15370659276867144,0.0,0.00031907395606557644
0.3032,0.5379,9.8352,-0.7727,-1.1753,-8.062,0.2489,0.5766,9.8825,2035,0,0.1509728896712685,0.0,0.010188698119384528
-0.4051,0.022,9.9545,-0.5701,-0.9394,1.8249,-0.4482,-0.0819,10.0194,2036,0,0.15370659276867144,0.0,0.010188698119384528
-0.572,-0.1557,9.635,6.1974,0.1317,0.0045,-0.5258,-0.1317,9.6267,2037,0,0.15370659276867144,0.0,0.010188698119384528
-0.2036,-0.4502,9.8558,0.5583,-3.5498,2.2962,-0.223,-0.4343,9.8955,2038,0,0.15370659276867144,0.0,0.01145830348105802
-0.5424,-0.4077,9.8293,-2.8555,-2.5953,-0.5569,-0.4961,-0.4007,9.8324,2039,0,0.15370659276867144,0.0,0.0149017504302022
-0.079,-0.2764,9.5655,6.2653,-3.6979,2.7759,0.0254,-0.2681,9.6067,2040,0,0.15370659276867144,0.0,0.015178597109283517
-0.4352,0.0554,9.7976,3.7237,-1.1209,-0.7639,-0.3407,0.0367,9.7889,2041,0,0.15370659276867144,0.0,0.014734152664839071
-0.3549,-0.3946,9.6601,2.0408,-1.8043,0.3082,-0.4598,-0.4041,9.7242,2042,0,0.15370659276867144,0.0,0.014666585097271504
0.0516,-0.226,9.9311,-1.9197,-0.3145,2.3689,0.0123,-0.1998,9.8902,2043,0,0.15370659276867144,0.0,0.014666585097271504
-0.0953,0.1233,9.6839,-0.1855,-2.5645,5.5341,-0.1743,0.078,9.7846,2044,0,0.15370659276867144,0.0,0.01748663101604278
0.4846,-0.0848,9.8205,6.1491,-1.2502,2.1434,0.4226,-0.0911,9.7792,2045,0,0.15370659276867144,0.0,0.01843399943709541
-0.446,0.0889,9.7282,-1.062,1.4197,0.4816,-0.4964,0.08,9.6989,2046,0,0.15370659276867144,0.0,0.017721796348973477
0.1038,0.0235,9.9299,-4.8329,0.6278,0.9518,0.0024,0.0373,10.0296,2047,0,0.15370659276867144,0.0,0.017721796348973477
-0.5615,0.4552,9.9505,3.9716,0.1446,-1.9632,-0.6014,0.4186,9.8813,2048,0,0.15370659276867144,0.0,0.01765422878140591
-0.0299,-0.4335,9.7807,1.5738,-0.4573,-0.9319,-0.0301,-0.466,9.8216,2049,0,0.15370659276867144,0.0,0.01038842203791154
0.5618,0.1851,9.5533,1.2884,8.2437,-3.5251,0.5441,0.1477,9.5062,2050,0,0.15112478570132157,0.0,0.010320854470343971
0.0427,0.0847,9.7201,1.3298,-1.3994,-1.5901,0.0214,0.0806,9.7024,2051,0,0.15370659276867144,0.0,0.010441985022160932
-0.4136,0.1508,9.9137,1.994,-0.5121,-2.5287,-0.4113,0.0994,9.8449,2052,0,0.15370659276867144,0.0,0.011479720871217536
0.0712,-0.5798,9.785,-3.2896,-2.4623,-1.1148,0.0271,-0.6292,9.7117,2053,0,0.15048253896480462,0.0,0.011547288438785103
0.1339,0.4397,9.9217,3.3868,-2.65,-1.2728,0.1819,0.4379,9.9357,2054,0,0.15370659276867144,0.0,0.010596624197418662
0.1533,0.3839,9.5206,-2.2982,-1.5142,1.7518,0.1357,0.375,9.486,2055,0,0.15370659276867144,0.0,0.010596624197418662
0.3997,-0.3081,9.5637,-3.7735,0.5645,2.0627,0.4024,-0.2923,9.5839,2056,0,0.15370659276867144,0.0,0.010441985022160932
0.1239,-0.1384,9.7042,-2.2322,2.9025,-2.3454,0.0611,-0.0855,9.6603,2057,0,0.15370659276867144,0.0,0.010441985022160932
0.0056,0.0269,9.8751,4.1258,3.8156,-2.6444,-0.062,0.0095,9.7902,2058,0,0.15370659276867144,0.0,0.012912123105854408
0.2195,-0.0227,9.7925,4.881,0.6658,-1.2513,0.1908,0.0392,9.7829,2059,0,0.15370659276867144,0.0,0.011312123105854405
0.2052,-0.088,9.7889,2.5999,3.0382,1.2163,0.2391,-0.009,9.8319,2060,0,0.15370659276867144,0.0,0.012936219491396577
0.0999,0.3976,10.1138,0.8975,-1.1579,-0.028,0.0411,0.3953,10.0956,2061,0,0.15370659276867144,0.0,0.03309085866665431
-0.6478,0.0495,9.9703,1.1106,-4.4072,-0.0621,-0.5969,0.0971,9.9556,2062,0,0.1537691488359536,0.0,0.054693880802118615
-0.1454,0.1178,10.0787,1.9837,0.3584,-2.5183,-0.2219,0.0809,10.1138,2063,0,0.15370659276867144,0.0,0.03309388080211862
0.097,-0.1092,9.9622,-2.9821,1.0196,2.4335,0.0696,-0.1205,9.9591,2064,0,0.15370659276867144,0.0,0.042482357889661676
-0.27,0.0295,10.2485,-0.3916,1.8047,-4.8553,-0.2159,-0.0072,10.3081,2065,0,0.14135330637624682,0.0,0.03912615434477888
0.0494,-0.1005,9.2507,1.4835,-0.7869,-1.0261,0.1463,-0.1597,9.192,2066,0,0.10244275661739458,0.0,0.06674872238844948
0.1739,0.0378,9.7607,2.1564,1.2402,0.3883,0.1861,0.0598,9.8282,2067,0,0.15370659276867144,0.0,0.043521281657473515
-0.4875,-0.3232,10.1259,4.6876,-2.9663,-2.6785,-0.4532,-0.366,10.1655,2068,0,0.15370659276867144,0.0,0.04235478299451009
-0.73,-0.2208,10.2236,-0.4457,0.393,-1.8,-0.7043,-0.2491,10.1855,2069,0,0.15471711399631805,0.0,0.0430419415006642
-0.1591,0.2021,9.8539,0.7365,1.593,1.5965,-0.1153,0.2114,9.8504,2070,0,0.15370659276867144,0.0,0.03266107790690094
0.4622,-0.6464,9.85,2.0868,2.6424,2.198,0.4357,-0.7487,9.9102,2071,0,0.1475416077759359,0.0,0.023481973429289003
-0.0419,0.105,9.9281,9.312,-0.8828,2.2692,-0.0733,0.192,9.9619,2072,0,0.11944129004302184,0.0,0.04408890984547397
-0.119,-0.3372,9.739,0.034,-2.5937,-0.8043,-0.1037,-0.3548,9.7724,2073,0,0.15370659276867144,0.0,0.04108271789500957
-0.2832,0.0199,9.9698,-5.5726,-3.7828,4.6295,-0.2413,-0.0374,9.9243,2074,0,0.15370659276867144,0.0,0.04542446888723218
0.4542,0.0795,9.5533,3.0372,-1.3799,5.3309,0.5057,0.0597,9.5967,2075,0,0.15370659276867144,0.0,0.03187682961108137
-0.1152,-0.137,9.5997,3.3169,4.2898,1.5885,-0.1722,-0.0923,9.5662,2076,0,0.15370659276867144,0.0,0.05474234064712303
-0.1672,-0.0531,9.7244,0.7263,0.5434,0.1163,-0.1806,0.0036,9.6559,2077,0,0.15370659276867144,0.0,0.05474234064712303
0.0993,0.3594,9.6353,-3.1136,-0.1258,-0.2232,0.1901,0.3702,9.6493,2078,0,0.15370659276867144,0.0,0.05474234064712303
-0.1907,0.6473,9.7828,2.4407,4.7119,-2.3691,-0.194,0.6209,9.7916,2079,0,0.15318370441863025,0.0,0.05203372231606968
0.7363,-0.6603,10.0017,0.9754,2.4984,3.6238,0.7597,-0.6257,10.0349,2080,0,0.1571459515357315,0.0,0.020728066968001932
0.4277,0.4281,10.086,-2.6136,-4.5073,2.1052,0.47,0.3457,10.0452,2081,0,0.15370659276867144,0.0,0.01072806696800193
0.5211,-0.1165,9.7781,-0.0887,-3.336,0.5304,0.5844,-0.1007,9.8663,2082,0,0.152190671395924,0.0,0.01072806696800193
-0.1832,-0.1586,9.7246,-0.3104,3.2422,6.0342,-0.1496,-0.2416,9.7062,2083,0,0.15370659276867144,0.0,0.01072806696800193
0.0789,0.5623,9.7687,0.008,-3.7901,-1.6285,0.0532,0.6073,9.6729,2084,0,0.15318370441863025,0.0,0.010160971189267159
-0.2474,-0.3735,10.0799,3.2075,-1.7578,3.3974,-0.2106,-0.3688,9.965,2085,0,0.15370659276867144,0.0,0.010996479034023558
0.0873,0.3982,9.7892,-3.4815,0.5698,1.2895,0.0654,0.2968,9.7748,2086,0,0.15370659276867144,0.0,0.010996479034023558
-0.1488,-0.324,9.8547,-0.6675,0.8527,0.4813,-0.0829,-0.3223,9.98,2087,0,0.15370659276867144,0.0,0.010996479034023558
0.4129,0.2114,9.5955,-5.9143,-0.5468,0.3665,0.4218,0.1431,9.7121,2088,0,0.15370659276867144,0.0,0.0008355078447563996
0.0579,-0.1124,9.9845,-0.2294,1.7758,4.5235,0.0735,-0.1323,9.9958,2089,0,0.15370659276867144,0.0,0.0008956647333650577
-0.0489,-0.0845,9.6681,-1.9981,1.0018,2.1725,-0.0162,-0.0996,9.6064,2090,0,0.15370659276867144,0.0,0.011124236161936488
0.0585,-0.3646,9.7079,3.7398,1.5318,-2.3475,0.0463,-0.4369,9.6952,2091,0,0.15370659276867144,0.0,0.011124236161936488
-0.2124,0.1594,9.7707,-3.5957,-1.4862,1.7118,-0.2486,0.2116,9.7316,2092,0,0.15370659276867144,0.0,0.0008956647333650577
-0.9273,-0.1027,9.6269,-0.1918,1.9909,1.5421,-0.9327,-0.1706,9.6941,2093,0,0.1328630389658983,0.0,0.0009480689765207461
-0.2096,0.1577,9.8398,5.1552,1.6014,1.6049,-0.1284,0.0254,9.8431,2094,0,0.15370659276867144,0.0,0.0009480689765207461
0.0116,0.1298,10.0417,-5.1602,-4.7965,-2.1081,0.0209,0.1025,10.059,2095,0,0.15370659276867144,0.0,0.0009480689765207461
-0.0529,-0.1695,9.8081,0.8212,3.9465,0.9438,-0.0955,-0.1734,9.7885,2096,0,0.15370659276867144,0.0,0.0009480689765207461
0.1474,0.0698,9.777,-0.4104,-1.0581,-3.4749,0.1394,0.131,9.7746,2097,0,0.15370659276867144,0.0,0.0011766404050921747
0.0407,-0.466,9.9764,-1.3155,3.7747,2.3801,0.0323,-0.4396,9.9706,2098,0,0.15370659276867144,0.0,0.0009480689765207461
0.1161,-0.4168,9.9797,-0.3992,4.0888,-2.9427,0.1104,-0.372,9.9767,2099,0,0.15370659276867144,0.0,0.0009480689765207461
0.3667,0.2248,9.6064,-6.6077,-1.4942,0.2069,0.3998,0.1284,9.6172,2100,0,0.15370659276867144,0.0,0.001342708151778478
-0.15,0.2193,10.0589,0.0601,-1.4518,-0.5641,-0.0957,0.1814,10.0656,2101,0,0.15370659276867144,0.0,0.001188068976520746
0.1006,-0.2576,9.9534,-3.2186,-1.9262,2.9442,0.144,-0.2365,9.921,2102,0,0.15370659276867144,0.0,0.001342708151778478
-0.2133,0.2481,9.9759,-0.2725,-4.1893,2.8522,-0.2636,0.3155,9.97,2103,0,0.15370659276867144,0.0,0.01134270815177848
-0.114,0.0963,9.5805,-1.7883,-1.7651,-0.4515,-0.1041,0.0819,9.5869,2104,0,0.15370659276867144,0.0,0.0011751103864153494
-0.2289,-0.123,9.6511,2.4166,3.362,2.3561,-0.2955,-0.0922,9.6388,2105,0,0.15370659276867144,0.0,0.001342708151778478
-0.5234,0.5348,10.0264,-0.5961,-4.6351,-1.025,-0.449,0.5381,9.9976,2106,0,0.15355074445237718,0.0,0.01138254878922868
-0.0044,0.079,9.8275,1.0323,-1.9579,0.1534,0.0463,0.1254,9.8014,2107,0,0.15370659276867144,0.0,0.03138254878922868
0.8409,-0.0577,10.0861,4.2479,-4.5045,1.1894,0.769,-0.0713,10.1749,2108,0,0.15716129348342864,0.0,0.011060311848607817
0.0926,-0.1302,9.8502,-1.0582,0.006,6.0214,0.0761,-0.1708,9.842,2109,0,0.15370659276867144,0.0,0.011060311848607817
0.5345,-0.0591,9.6042,1.9983,-1.124,-4.8332,0.5432,0.0183,9.5813,2110,0,0.15370659276867144,0.0,0.021060311848607814
0.5064,-0.2591,9.9804,0.068,0.2254,2.4373,0.4973,-0.2324,10.0547,2111,0,0.15370659276867144,0.0,0.021060311848607814
0.6065,0.0362,9.6529,2.2279,4.9663,0.5441,0.5547,-0.005,9.5773,2112,0,0.15208732668341593,0.0,0.021060311848607814
-0.2373,0.2623,9.6217,-2.0174,-1.9045,0.1285,-0.303,0.2874,9.5694,2113,0,0.15370659276867144,0.0,0.0010204712111576174
0.2859,-0.09,10.3041,0.2009,0.2268,3.9893,0.2457,-0.0866,10.2799,2114,0,0.153465271014135,0.0,0.021617486136530754
0.3312,0.0913,10.292,3.103,5.0675,3.3169,0.2484,0.1188,10.3628,2115,0,0.10078437918667643,0.0,0.0010204712111576174
0.2055,0.5016,9.7682,-3.0393,-1.223,-1.1904,0.1733,0.4626,9.8934,2116,0,0.15370659276867144,0.0,0.050939181296790856
-0.1356,0.1379,10.1289,0.3144,-2.0593,-0.8649,-0.0817,0.1304,10.1033,2117,0,0.15370659276867144,0.0,0.050939181296790856
0.3077,0.1287,9.7022,3.3829,2.106,-1.3371,0.3483,0.0592,9.7107,2118,0,0.15370659276867144,0.0,0.050939181296790856
0.1177,0.0409,9.8087,-0.8186,3.4203,2.4683,0.1227,-0.0788,9.7271,2119,0,0.15370659276867144,0.0,0.02093918129679086
0.2014,0.3372,10.051,-1.3795,3.411,1.8897,0.1819,0.3375,9.9903,2120,0,0.15370659276867144,0.0,0.02093918129679086
-0.2846,0.1788,9.6653,2.8651,-3.2686,-3.0708,-0.2815,0.1404,9.7405,2121,0,0.15370659276867144,0.0,0.02097529002642927
0.4004,0.088,9.8148,-1.4597,-3.1367,-2.1476,0.3777,0.0211,9.7717,2122,0,0.15370659276867144,0.0,0.02517973447087371
0.3029,-0.0605,9.8317,-1.2054,-4.7587,0.449,0.3595,-0.0983,9.8652,2123,0,0.15370659276867144,0.0,0.03267973447087371
-0.1603,0.1338,9.1409,-1.4527,1.547,-3.1194,-0.2286,0.1124,9.1635,2124,0,0.09001260192968441,0.0,0.056176933398759045
0.2062,0.062,9.9953,0.5317,0.4849,1.8071,0.1543,0.1492,9.956,2125,0,0.15370659276867144,0.0,0.07617693339875904
0.6831,0.0862,9.7752,-2.8259,-2.8345,4.4092,0.7019,0.0592,9.7842,2126,0,0.15370651434729588,0.0,0.09597022571273785
-0.4909,-0.1173,10.0117,-0.9878,1.2134,-1.6109,-0.5017,-0.2047,10.0002,2127,0,0.15370659276867144,0.0,0.08688110970054491
-0.6341,0.3076,9.8115,7.9669,2.1209,-0.9329,-0.6433,0.3236,9.8359,2128,0,0.13741843200251666,0.0,0.02688110970054491
0.0501,-0.0297,9.884,-1.6129,-2.9664,1.8069,0.0778,0.0353,9.7789,2129,0,0.15370659276867144,0.0,0.01688110970054491
-0.103,-0.0556,10.0213,-1.0925,-0.2289,1.5806,-0.0829,-0.051,9.9432,2130,0,0.15370659276867144,0.0,0.04695979950871403
0.4399,0.2484,9.7087,-4.1353,0.5065,2.1294,0.4524,0.2464,9.7629,2131,0,0.15370659276867144,0.0,0.04695979950871403
0.5628,0.062,9.7591,-4.4609,-1.7293,3.9571,0.5718,0.0451,9.6962,2132,0,0.15361879978792273,0.0,0.06604891552090697
0.6374,0.2608,9.2895,-1.3077,2.8375,-6.3054,0.6621,0.2869,9.2605,2133,0,0.09908500430302183,0.0,0.010970225712737845
0.2211,-0.2503,9.7193,-0.274,-0.1811,-0.1634,0.2084,-0.2256,9.6785,2134,0,0.15370659276867144,0.0,0.0010489155209069687
0.2794,-0.4649,9.974,3.0798,-4.7209,-1.7347,0.3167,-0.4099,10.0152,2135,0,0.15370659276867144,0.0,0.0009702257127378446
-0.063,0.0251,9.6216,-0.1808,1.7511,-0.0666,-0.0082,-0.029,9.5772,2136,0,0.15370659276867144,0.0,0.0012556232069281701
-0.2775,-0.37,9.7837,5.3194,0.2393,1.9885,-0.3157,-0.2699,9.7663,2137,0,0.15370659276867144,0.0,0.0011751103864153494
0.2445,0.0351,10.0491,2.116,-1.7924,0.3697,0.2752,-0.0723,10.0202,2138,0,0.15370659276867144,0.0,0.0010489155209069687
-0.1158,0.0599,9.7768,-0.4807,-1.1878,-1.4164,-0.0852,0.0808,9.7352,2139,0,0.15370659276867144,0.0,0.0010489155209069687
-0.0454,0.4214,9.5856,4.0548,0.3458,3.5564,-0.0272,0.3322,9.6768,2140,0,0.15370659276867144,0.0,0.0010489155209069687
0.2184,-0.1671,9.7773,-0.735,2.4662,-3.1597,0.2463,-0.2008,9.6548,2141,0,0.15370659276867144,0.0,0.0010489155209069687
0.3468,0.4257,9.9178,3.3913,-9.1235,-5.103,0.3911,0.3975,9.9604,2142,0,0.14843464506915963,0.0,0.021733597771233407
0.3513,-0.2015,9.9387,-3.2515,0.2124,0.5137,0.4047,-0.2859,10.0297,2143,0,0.15370659276867144,0.0,0.05180683290726304
-0.1503,-0.1004,9.638,-2.6697,4.6395,2.3797,-0.1547,-0.0877,9.6039,2144,0,0.15370659276867144,0.0,0.04420197877728471
-0.2231,-0.1628,9.7792,-4.9545,-2.8699,-1.8289,-0.1065,-0.2531,9.7672,2145,0,0.15370659276867144,0.0,0.03488410701739385
-0.7287,-0.0586,9.8954,3.9896,-3.1725,-3.4315,-0.7726,0.0484,9.9205,2146,0,0.16452515180645388,0.0,0.03369382404081082
0.1292,-0.287,9.82,-0.2249,0.5023,1.1181,0.1832,-0.2326,9.8283,2147,0,0.15370659276867144,0.0,0.0354123536254097
-0.2561,-0.1144,9.6647,1.2661,-3.0582,-2.5845,-0.2275,-0.0917,9.6368,2148,0,0.15370659276867144,0.0,0.03875217658549176
-0.3797,0.0612,9.9127,-0.3208,-0.816,-2.1194,-0.3916,0.1676,9.9478,2149,0,0.15370659276867144,0.0,0.04799409897829401
-0.1311,-0.3846,10.1109,-1.3969,-4.6988,4.8119,-0.1348,-0.3314,10.1893,2150,0,0.1533321728497886,0.0,0.04206725132598319
0.4224,0.2747,9.5366,-3.7464,0.4581,2.3498,0.5361,0.283,9.5205,2151,0,0.15370659276867144,0.0,0.041716555818508076
-0.2192,-0.4967,9.3766,-6.0835,-0.3658,0.8482,-0.1625,-0.493,9.414,2152,0,0.14923197646551825,0.0,0.03298598432846009
-0.1676,-0.1296,9.9359,0.5673,5.464,2.2516,-0.2058,-0.1075,9.8446,2153,0,0.15370659276867144,0.0,0.03152399602436652
-0.2606,0.1646,10.0053,1.9291,1.0891,-2.0937,-0.3255,0.1808,10.0655,2154,0,0.15370659276867144,0.0,0.04616865852808344
-0.3153,0.0456,9.8559,-0.2212,-7.4053,-1.3031,-0.2381,0.1096,9.8322,2155,0,0.1532612726189763,0.0,0.042068616743961736
0.2653,-0.1043,9.5102,-2.4421,-1.0892,1.7178,0.275,-0.086,9.5822,2156,0,0.15370659276867144,0.0,0.0390552254786729
0.1133,-0.0372,10.1729,2.0475,3.2092,-1.5814,0.0857,-0.0349,10.1397,2157,0,0.15370659276867144,0.0,0.051575699887137186
-0.7948,-0.0284,10.0126,-6.9137,-2.423,1.1699,-0.7429,0.0139,10.0554,2158,0,0.16238250617157274,0.0,0.060865039988660025
0.2448,0.4299,9.7787,-1.4272,-2.5094,-0.7702,0.2357,0.5225,9.7205,2159,0,0.15370659276867144,0.0,0.0485411839548629
0.1954,-0.1291,10.0192,0.1394,-0.7867,-1.622,0.1776,-0.1436,10.0734,2160,0,0.15370659276867144,0.0,0.048743318945358896
0.088,0.0576,9.7124,4.2668,3.058,-1.4738,0.1477,0.0158,9.7225,2161,0,0.15370659276867144,0.0,0.05542366992453851
0.2625,-0.5223,9.5442,2.3929,1.1262,1.7338,0.2182,-0.5791,9.5539,2162,0,0.15360476376730087,0.0,0.030051453241255032
0.0234,0.1834,9.8226,0.9009,2.7941,-0.2199,0.0161,0.1388,9.8801,2163,0,0.15370659276867144,0.0,0.04667124587799682
-0.023,-0.3776,10.1348,-2.7816,0.8136,-2.2101,-0.0354,-0.3291,10.1356,2164,0,0.15370659276867144,0.0,0.041671245877996824
0.085,-0.0649,10.0563,2.5995,-0.7716,-3.8511,0.1472,0.0499,9.9947,2165,0,0.15370659276867144,0.0,0.07873336731873873
-0.3143,0.0735,10.3006,3.605,-1.9084,3.696,-0.34,0.1245,10.3043,2166,0,0.15059390825259147,0.0,0.04648912977100927
0.5624,0.3813,9.781,0.5091,-4.7936,5.4743,0.6005,0.3824,9.8122,2167,0,0.15488821094857297,0.0,0.047125191501113745
0.0318,0.0786,9.7683,-4.5614,1.3327,3.4371,-0.0088,0.2164,9.6943,2168,0,0.15370659276867144,0.0,0.047125191501113745
0.3897,-0.3374,9.5183,-1.4525,1.3277,0.8233,0.3336,-0.3819,9.5142,2169,0,0.15370659276867144,0.0,0.06641316618465805
0.2839,-0.2294,9.8052,-4.191,-2.3982,0.1171,0.2663,-0.237,9.8573,2170,0,0.15370659276867144,0.0,0.047125191501113745
-0.8201,0.0053,9.9069,-1.8309,-1.6802,-6.0446,-0.851,0.0238,9.9425,2171,0,0.15695436522464443,0.0,0.020636855562823336
-0.2655,0.6714,9.9076,-0.1315,0.1754,5.3585,-0.2286,0.6684,9.9026,2172,0,0.15309497375261916,0.0,0.0500398406374502
-0.1858,-0.3947,9.9385,2.62,5.0189,-4.6635,-0.12,-0.3012,9.9566,2173,0,0.15370659276867144,0.0,0.04100029261485133
-0.0716,-0.4558,9.4273,-5.085,-0.7543,4.5983,-0.0901,-0.425,9.4234,2174,0,0.152968620356603,0.0,0.0100398406374502
-0.9789,-0.1763,9.9507,-0.058,-2.5856,-0.4504,-0.9679,-0.1574,9.9062,2175,0,0.13686107427356298,0.0,0.03158782947312225
0.2804,0.4333,9.7122,-0.9877,4.3393,-0.0269,0.2514,0.5425,9.6772,2176,0,0.15370659276867144,0.0,0.032548281450523374
-0.154,-0.4809,9.9067,-7.4836,-3.7413,4.5497,-0.1256,-0.4612,9.8885,2177,0,0.1519533231313492,0.0,0.001355271333587361
0.0936,0.2173,9.7031,1.3005,-0.364,3.5762,0.1398,0.1614,9.6819,2178,0,0.15370659276867144,0.0,0.0015878294731222445
0.5414,-0.2589,10.1229,-2.1795,-0.059,1.6722,0.5035,-0.3091,10.1275,2179,0,0.15361879978792273,0.0,0.0015479888356720454
0.4286,-0.285,9.9547,2.4194,0.6771,-0.177,0.5386,-0.312,10.0354,2180,0,0.15370659276867144,0.0,0.0015479888356720454
0.4634,-0.2428,9.9058,1.3511,3.5913,-2.7406,0.5371,-0.2399,9.9055,2181,0,0.15370659276867144,0.0,0.002548281450523374
0.1325,-0.2205,10.0308,-3.3646,0.7088,-0.6624,0.1405,-0.1557,9.99,2182,0,0.15370659276867144,0.0,0.002548281450523374
-0.1741,-0.4583,9.2648,1.4395,-0.9924,5.1328,-0.207,-0.3911,9.1078,2183,1,0.06397263589322179,0.0,0.002508440813073175
-0.1356,0.1542,9.7373,1.4612,0.001,1.5076,-0.1408,0.1276,9.7339,2184,0,0.15370659276867144,0.0,0.002052862197390354
-0.4312,-0.4009,9.9761,-4.3305,0.6715,-1.5777,-0.5038,-0.366,10.0,2185,0,0.15370659276867144,0.0,0.002573313967842124
0.2535,-0.1196,9.7354,2.5221,-0.5978,-4.3526,0.3084,0.0122,9.7049,2186,0,0.15370659276867144,0.0,0.0019139733085014648
-0.0175,-0.0716,9.9005,-3.2263,-0.7805,-2.6603,-0.1216,-0.0636,9.8771,2187,0,0.15370659276867144,0.0,0.0019139733085014648
0.0134,0.0516,9.5963,-2.0143,0.3751,3.6336,-0.0564,0.0176,9.6331,2188,0,0.15370659276867144,0.0,0.011913973308501467
0.0632,0.4521,9.898,1.6258,2.9939,-0.927,0.1379,0.3807,9.89,2189,0,0.15370659276867144,0.0,0.0019139733085014648
0.171,0.3672,10.0887,-4.9066,-0.3009,-0.7958,0.1712,0.3288,10.0855,2190,0,0.15370659276867144,0.0,0.011913973308501467
-0.0363,0.086,9.7993,0.9581,-1.3623,-7.7279,0.0159,0.0998,9.8798,2191,0,0.1513602608214693,0.0,0.0019139733085014648
0.3774,-0.1443,9.6207,1.1002,-2.9355,-1.3033,0.4474,-0.1631,9.6465,2192,0,0.15370659276867144,0.0,0.0019139733085014648
-0.0408,0.2147,9.8588,-3.9113,0.8263,4.899,-0.0281,0.1684,9.8366,2193,0,0.15370659276867144,0.0,0.0019139733085014648
0.4291,-0.3273,9.9585,3.7003,0.1409,-2.6383,0.4949,-0.2318,9.9287,2194,0,0.15370659276867144,0.0,0.002052862197390354
0.0981,-0.3736,9.774,-7.06,3.4546,3.4302,0.107,-0.397,9.8571,2195,0,0.15370659276867144,0.0,0.002052862197390354
-0.5094,-0.1499,9.9868,1.8618,-2.6619,2.7897,-0.5291,-0.1536,9.9731,2196,0,0.15370659276867144,0.0,0.002052862197390354
-0.3054,0.1372,9.9501,2.1115,-2.289,0.2098,-0.3536,0.1178,9.9931,2197,0,0.15370659276867144,0.0,0.002052862197390354
0.5899,0.0236,9.7773,2.2432,-0.3684,1.4398,0.5029,0.0334,9.8361,2198,0,0.15208732668341593,0.0,0.002052862197390354
0.559,-0.1804,9.7673,-1.2662,2.3694,4.947,0.5518,-0.3223,9.7802,2199,0,0.15361879978792273,0.0,0.012052862197390355
0.6131,-0.4521,9.7989,0.8237,-2.3039,-6.1168,0.5061,-0.482,9.7578,2200,0,0.15208732668341593,0.0,0.002052862197390354
0.009,0.413,9.8525,-0.1093,-2.1636,0.4287,0.0367,0.3929,9.8616,2201,0,0.15370659276867144,0.0,0.002052862197390354
-0.1695,-0.1179,10.0686,1.2268,3.1028,-3.5434,-0.2638,-0.1052,10.1002,2202,0,0.15370659276867144,0.0,0.032052862197390355
-0.5028,0.2483,9.8803,-2.9916,2.2748,3.0162,-0.4538,0.2004,9.9144,2203,0,0.15370659276867144,0.0,0.03229286219739035
0.3924,-0.0893,9.7795,2.1261,0.5186,5.1494,0.2971,-0.1309,9.7394,2204,0,0.15370659276867144,0.0,0.022292862197390354
0.6217,0.1009,9.6817,1.7744,3.5759,1.6245,0.5661,0.1185,9.6639,2205,0,0.15208732668341593,0.0,0.011453540771806183
-0.3425,0.0699,10.2577,1.6835,-1.1604,3.7682,-0.4499,0.0473,10.272,2206,0,0.14983440187878977,0.0,0.011453540771806183
-0.0339,-0.2403,9.8489,0.7842,1.2068,-2.2867,0.0162,-0.2425,9.8447,2207,0,0.15370659276867144,0.0,0.031453540771806184
0.149,-0.2553,9.8754,0.9237,4.379,1.8134,0.2723,-0.2277,9.883,2208,0,0.15370659276867144,0.0,0.022198389256654672
0.181,-0.1213,9.7575,2.0619,-0.8873,0.1663,0.2238,-0.2147,9.753,2209,0,0.15370659276867144,0.0,0.022198389256654672
-0.6004,-0.0423,10.1853,2.6515,-2.2792,4.3123,-0.583,-0.0352,10.2028,2210,0,0.15262407051682947,0.0,0.03219838925665467
-0.7253,-0.8064,9.7618,-1.4255,4.4498,5.2257,-0.7513,-0.7771,9.8016,2211,0,0.12578520167141827,0.0,0.029629972531261196
0.5418,-0.144,10.0049,-0.9313,1.272,-0.3709,0.6201,-0.0635,10.0521,2212,0,0.15488821094857297,0.0,0.029629972531261196
-0.281,-0.4446,9.695,-5.3753,1.5872,-4.9118,-0.3885,-0.3575,9.6815,2213,0,0.15370659276867144,0.0,0.028885124046412712
-0.1635,0.0096,9.5076,-2.3764,5.446,-2.0811,-0.1055,0.048,9.4348,2214,0,0.152968620356603,0.0,0.024357326827929085
-0.141,-0.0797,10.0594,2.7703,-0.6294,-2.6245,-0.1677,-0.0879,10.0354,2215,0,0.15370659276867144,0.0,0.024357326827929085
0.4159,-0.303,9.5884,2.1218,2.345,-0.7721,0.4076,-0.294,9.5658,2216,0,0.15370659276867144,0.0,0.018719088543454134
0.2222,-0.0192,9.7719,0.2744,0.579,3.3139,0.165,-0.1756,9.7628,2217,0,0.15370659276867144,0.0,0.015221613795979387
0.266,0.0444,9.5818,0.6868,-0.2198,2.5657,0.2447,0.0263,9.6026,2218,0,0.15370659276867144,0.0,0.015221613795979387
-0.1254,-0.4245,10.2922,-0.0642,0.4762,0.0086,-0.1123,-0.3922,10.2616,2219,0,0.14982277347988346,0.0,0.03613249778378645
0.3921,0.2225,9.8459,-7.088,3.9886,-1.5822,0.4185,0.1558,9.856,2220,0,0.15354264561911815,0.0,0.03514764929893797
-0.188,0.1641,9.8764,-0.2704,0.7164,-3.0694,-0.1514,0.1932,9.807,2221,0,0.15370659276867144,0.0,0.031213540771806186
0.0819,-0.3356,9.9969,4.5911,8.083,-3.5688,0.1108,-0.2985,9.8761,2222,0,0.14699754056747746,0.0,0.0009809826322712983
-0.4474,0.0871,9.8421,-0.8877,0.4218,4.2015,-0.4303,-0.0072,9.8856,2223,0,0.15370659276867144,0.0,0.010980982632271298
-0.4334,0.6488,9.8058,-1.4451,0.0218,4.4847,-0.5266,0.7513,9.7822,2224,0,0.14374846297425456,0.0,0.012198389256654667
-0.2674,0.3185,10.0749,-2.6446,2.8098,-0.9587,-0.2765,0.3621,10.1087,2225,0,0.15370659276867144,0.0,0.009389941057455022
0.1025,0.3486,9.6069,0.0531,-1.0514,-3.9028,0.1277,0.3897,9.657,2226,0,0.15370659276867144,0.0,0.009389941057455022
-0.1453,-0.2409,9.7532,1.292,2.7381,-2.1148,-0.1533,-0.2383,9.7231,2227,0,0.15370659276867144,0.0,0.012331117528043256
-0.1304,-0.0014,9.7514,-4.0079,1.3195,4.0893,-0.1109,-0.0414,9.762,2228,0,0.15370659276867144,0.0,0.012331117528043256
0.2613,-0.0981,10.1932,-4.9331,1.5452,-3.2895,0.3353,-0.0305,10.1388,2229,0,0.15370659276867144,0.0,0.012331117528043256
0.3042,-0.447,9.7516,3.8791,-0.0922,0.2645,0.2794,-0.5935,9.8388,2230,0,0.15360476376730087,0.0,0.009389941057455022
0.0781,-0.1396,9.8514,0.9729,1.5519,-3.7511,0.0109,-0.1116,9.8291,2231,0,0.15370659276867144,0.0,0.009389941057455022
-0.0522,-0.6307,9.7474,-0.5754,0.9802,3.9686,-0.0482,-0.6577,9.6908,2232,0,0.15388704993742966,0.0,0.009389941057455022
0.0536,-0.0943,10.0261,4.886,-1.1988,0.6575,0.0908,-0.0866,10.0112,2233,0,0.15370659276867144,0.0,0.009189941057455022
-0.4158,-0.176,9.8273,2.1719,-0.2032,2.1538,-0.3291,-0.185,9.7909,2234,0,0.15370659276867144,0.0,0.009189941057455022
-0.0992,-0.0287,10.1419,-4.8719,0.932,1.5555,-0.0854,-0.0917,10.1674,2235,0,0.15370659276867144,0.0,0.008205092572606536
-0.3059,-0.3929,9.8436,-0.3558,1.6051,-6.8879,-0.2898,-0.4368,9.8632,2236,0,0.1532405209942328,0.0,0.008189941057455023
-0.3225,-0.272,9.5692,0.6138,-1.5808,-6.0141,-0.3657,-0.3004,9.6396,2237,0,0.15370659276867144,0.0,0.021080479388744803
0.3802,0.5015,9.9684,0.5797,-4.6149,-5.1517,0.3982,0.5728,9.984,2238,0,0.15370659276867144,0.0,0.01202784780979743
-0.0446,0.5269,9.9626,-0.8714,-0.9001,0.8136,-0.0807,0.5247,9.9399,2239,0,0.15355074445237718,0.0,0.01202784780979743
-0.3952,-0.351,10.0877,-0.5949,0.8216,-1.9653,-0.3711,-0.3157,10.0536,2240,0,0.15370659276867144,0.0,0.01202784780979743
0.9143,-0.0519,9.775,0.7616,2.8952,-1.0811,0.8957,-0.0682,9.802,2241,0,0.18683691152524418,0.0,0.002198389256654667
0.0776,-0.4165,9.908,5.3796,-1.5856,-2.3817,0.0648,-0.4251,9.8862,2242,0,0.15370659276867144,0.0,0.012159554305198357
0.0799,0.1561,9.5911,-0.3466,-0.5835,-3.3528,0.0102,0.1729,9.5646,2243,0,0.15370659276867144,0.0,0.012198389256654667
-0.6105,0.1689,10.2818,-4.7003,1.3601,-2.3263,-0.6013,0.1277,10.2618,2244,0,0.1497764926994102,0.0,0.022159554305198358
-0.5501,0.0683,9.8446,2.1806,6.0133,-0.1978,-0.5446,0.1429,9.9057,2245,0,0.15370659276867144,0.0,0.02609366283233014
-0.1822,0.212,9.9814,3.8415,-2.6917,3.3983,-0.2165,0.214,9.9242,2246,0,0.15370659276867144,0.0,0.022159554305198358
0.2084,0.2209,9.5919,3.6635,3.5114,-2.5615,0.1781,0.2364,9.6623,2247,0,0.15370659276867144,0.0,0.03219838925665467
0.1277,-0.0266,9.6471,1.0792,1.394,-5.0064,0.1288,-0.003,9.6237,2248,0,0.15370659276867144,0.0,0.04219838925665467
0.0447,0.5115,9.8265,1.3709,-2.8283,1.8385,0.0305,0.567,9.7838,2249,0,0.15370659276867144,0.0,0.0021595543051983563
-0.1573,-0.2664,10.1719,4.6814,0.4804,-1.078,-0.1473,-0.1877,10.2419,2250,0,0.1526504524297057,0.0,0.0021595543051983563
-0.2264,-0.1403,9.1661,-0.0318,1.5159,-3.7123,-0.2948,-0.138,9.1201,2251,0,0.07649658580231894,0.0,0.0021595543051983563
0.0379,0.2215,9.2814,0.3398,-0.5272,1.4274,0.074,0.2563,9.2637,2252,0,0.10438348418853734,0.0,0.0021595543051983563
0.0867,-0.0861,9.9798,2.5878,3.552,-10.2509,0.0036,-0.0652,10.0667,2253,0,0.15022323174628213,0.0,0.015657029052673105
-0.0935,0.3353,9.9018,-1.6733,-3.7733,-1.7542,-0.0791,0.3207,9.8519,2254,0,0.15370659276867144,0.0,0.012159554305198357
-0.4154,0.0484,9.7813,2.7673,1.8662,6.2793,-0.4538,0.0867,9.7324,2255,0,0.15314501477372658,0.0,0.015657029052673105
0.167,0.5934,9.7999,0.8653,-2.3077,-5.0779,0.1903,0.5269,9.8013,2256,0,0.15355074445237718,0.0,0.004746145064866039
0.0723,-0.392,9.4089,2.6857,3.0041,-1.9548,0.0947,-0.3944,9.3863,2257,0,0.1508470366944779,0.0,0.004746145064866039
0.1475,0.105,9.9093,-4.822,3.1807,4.2211,0.1155,0.1174,9.8878,2258,0,0.15370659276867144,0.0,0.004392456373514197
0.2277,0.2658,9.7269,1.0908,1.7951,3.1138,0.2089,0.2362,9.7155,2259,0,0.15370659276867144,0.0,0.02443129132497051
-0.0403,-0.3198,10.0318,0.1383,1.2454,-3.2619,-0.0376,-0.3406,10.0138,2260,0,0.15370659276867144,0.0,0.0143924563735142
-0.1901,-0.2571,9.7372,-1.6427,-2.5183,-4.2407,-0.2232,-0.2187,9.745,2261,0,0.15370659276867144,0.0,0.014746145064866044
0.1702,0.1479,9.9218,-2.7501,2.0043,5.3287,0.1426,0.1853,9.8945,2262,0,0.15370659276867144,0.0,0.026451156393606623
0.8433,0.1277,9.5058,2.0753,1.8373,-1.6269,0.8472,0.0915,9.5297,2263,0,0.1602245865235837,0.0,0.014770241450408212
-0.3588,0.2615,9.9812,2.9325,4.0852,-1.8944,-0.3052,0.3533,9.9295,2264,0,0.15370659276867144,0.0,0.004746145064866039
0.0259,-0.1531,9.8061,-0.6417,-2.5807,0.1608,0.0121,-0.1232,9.8288,2265,0,0.15370659276867144,0.0,0.004770241450408208
0.4094,-0.5594,10.1348,1.2525,0.151,-0.737,0.3417,-0.6077,10.1859,2266,0,0.15323034384841805,0.0,0.004770241450408208
0.0916,0.0737,9.5083,3.0139,-0.0756,-1.9498,0.0716,0.047,9.6169,2267,0,0.15370659276867144,0.0,0.004746145064866039
0.119,0.3479,9.9983,2.0069,0.282,-3.1826,0.1106,0.3447,9.9906,2268,0,0.15370659276867144,0.0,0.005657029052673104
0.1115,-0.5261,9.6204,2.6697,-5.9306,0.4459,0.1099,-0.5682,9.6046,2269,0,0.15360476376730087,0.0,0.004392456373514197
0.2177,0.3864,10.357,0.9988,-2.8383,-0.6783,0.2768,0.3643,10.2975,2270,0,0.12451459030562897,0.0,0.014746145064866038
0.0177,0.3244,9.842,0.2903,1.4589,1.1021,0.0106,0.4168,9.7891,2271,0,0.15370659276867144,0.0,0.02474614506486604
-0.2165,-0.0564,9.8138,2.0057,0.595,4.9182,-0.1935,-0.0695,9.8305,2272,0,0.15370659276867144,0.0,0.04567218056782462
-0.3912,0.0107,9.5601,-3.7294,1.3278,-0.2943,-0.3428,-0.0643,9.4799,2273,0,0.15370659276867144,0.0,0.04567218056782462
-0.4725,0.4064,9.7543,3.6512,-1.7475,4.967,-0.4434,0.3461,9.7475,2274,0,0.15370659276867144,0.0,0.046272180567824624
0.1074,0.004,9.8069,0.4372,1.3028,5.8094,0.1587,0.0095,9.8021,2275,0,0.15370659276867144,0.0,0.03629627695336679
0.3207,-0.0027,9.5675,-3.7157,-0.4611,2.1045,0.4256,0.0121,9.5387,2276,0,0.15370659276867144,0.0,0.03629627695336679
-0.5294,-0.4655,9.6596,3.6436,4.7415,0.5492,-0.637,-0.4779,9.6765,2277,0,0.15370659276867144,0.0,0.03528140871287286
-0.174,-0.1422,9.6689,2.7053,-5.8663,-0.5465,-0.2405,-0.0827,9.7233,2278,0,0.15370659276867144,0.0,0.03496089589236004
-0.2001,0.0353,10.0801,-0.5333,-2.5798,-1.664,-0.1832,0.0267,10.0627,2279,0,0.15370659276867144,0.0,0.04680545934578425
-0.3907,-0.0398,9.8938,-5.4539,-1.5119,3.1854,-0.4575,-0.0886,9.8504,2280,0,0.15370659276867144,0.0,0.03680545934578425
-0.6038,-0.0333,10.0836,-1.8,1.2271,1.3576,-0.6705,-0.0251,10.1329,2281,0,0.1533665032347707,0.0,0.02506864275542605
0.1522,-0.6748,9.938,1.9506,2.2094,-0.9549,0.0998,-0.7451,9.9082,2282,0,0.15002312834269121,0.0,0.014992693388337437
0.2149,-0.6052,9.7269,0.429,-4.1432,-0.3102,0.1737,-0.653,9.6386,2283,0,0.15199271031478814,0.0,0.014992693388337437
0.1401,0.03,10.0461,0.9338,-3.3445,-3.712,0.1129,0.0681,10.0356,2284,0,0.15370659276867144,0.0,0.024992693388337442
0.2797,0.2908,9.8248,-2.8417,-3.3372,-4.4257,0.3109,0.3119,9.7977,2285,0,0.15370659276867144,0.0,0.015398098793742845
0.0593,0.0095,9.7434,5.0031,-2.2478,-2.1516,0.0923,0.0863,9.8111,2286,0,0.15370659276867144,0.0,0.011900624046268096
-0.0377,-0.5277,9.4517,-3.6584,-4.0837,-6.4519,-0.0755,-0.5672,9.4456,2287,0,0.15283672219975314,0.0,0.011759701312363062
-0.0106,0.5056,9.7382,-2.4698,3.2864,-0.0874,-0.0566,0.4261,9.6916,2288,0,0.15370659276867144,0.0,0.03295970131236306
-0.466,-0.5394,9.964,3.2824,-1.3404,-6.2181,-0.4892,-0.5873,10.0304,2289,0,0.15360476376730087,0.0,0.021759701312363062
-0.2527,0.0718,9.9725,1.6536,-0.1188,-4.3473,-0.2032,0.0535,9.9162,2290,0,0.15370659276867144,0.0,0.02525717605983781
0.0118,0.2451,9.6135,-0.3305,1.8879,-0.0449,0.1235,0.2333,9.6546,2291,0,0.15370659276867144,0.0,0.014169642414323266
0.3732,-0.2568,10.0448,-2.1032,1.1805,2.6892,0.4347,-0.1991,10.1442,2292,0,0.15370659276867144,0.0,0.014169642414323266
-0.7427,0.0833,9.538,-7.0046,0.7708,0.1359,-0.7745,0.0289,9.5324,2293,0,0.16304241399322167,0.0,0.003956876456876457
0.4341,-0.1999,9.9126,5.3803,-2.3206,-0.1318,0.4662,-0.2222,9.8719,2294,0,0.15370659276867144,0.0,0.003956876456876457
0.0281,-0.4638,10.1246,-4.3668,-2.1971,-5.249,0.0481,-0.499,10.1414,2295,0,0.15370659276867144,0.0,0.014089129593810446
-0.1388,0.0202,10.0019,0.7037,-0.9783,0.9553,-0.1157,0.0552,9.9966,2296,0,0.15370659276867144,0.0,0.014169642414323266
-0.0502,0.1121,9.6892,-4.4853,-2.7453,1.5629,-0.0562,0.1415,9.6483,2297,0,0.15370659276867144,0.0,0.014169642414323266
-0.0856,0.1926,9.7199,-1.6321,3.135,-1.8705,-0.1362,0.2129,9.7132,2298,0,0.15370659276867144,0.0,0.02067216766684852
0.2204,0.1323,9.8401,6.5412,1.1458,-1.5544,0.2695,0.1332,9.8536,2299,0,0.1528511125999369,0.0,0.00045276595744680846
0.2529,0.0597,10.0617,2.4442,1.0771,-4.3538,0.2938,0.0948,10.0583,2300,0,0.15370659276867144,0.0,0.0003392063492063492
-0.1429,-0.371,9.5582,-0.2555,-2.5116,1.9302,-0.1058,-0.4822,9.5371,2301,0,0.15370659276867144,0.0,0.0005519723066531577
0.5699,0.2113,9.9886,-3.4406,0.1388,-0.7013,0.5275,0.3151,9.9683,2302,0,0.15361879978792273,0.0,0.0005167029804391764
0.1743,0.0388,9.8705,4.9402,-0.5512,1.5944,0.2642,0.0635,9.8132,2303,0,0.15370659276867144,0.0,0.0006378335322561345
0.0446,-0.0042,9.8797,-1.5212,-4.5543,0.4789,0.0774,0.1929,9.8267,2304,0,0.15370659276867144,0.0,0.0006378335322561345
0.0608,-0.166,9.8329,3.6501,-3.4605,-4.8738,0.0144,-0.1292,9.8916,2305,0,0.15370659276867144,0.0,0.0003039370229923679
-0.8116,0.3351,9.8608,-2.5394,-0.3385,1.8792,-0.8181,0.2981,9.8647,2306,0,0.15777327693369245,0.0,0.0024904900952538635
0.4624,0.2468,10.0474,3.9962,2.8255,-4.6751,0.5176,0.2343,9.976,2307,0,0.15370659276867144,0.0,0.0023693595434369054
-0.1936,0.4935,9.6301,0.5616,-2.3972,-0.5056,-0.185,0.5162,9.6584,2308,0,0.15370659276867144,0.0,0.0023693595434369054
-0.3539,0.128,9.8343,2.7863,1.3167,0.9057,-0.3607,0.0804,9.8247,2309,0,0.15370659276867144,0.0,0.0023452631578947366
-0.1641,0.2183,9.9393,1.1081,5.1719,3.9236,-0.2323,0.2279,10.0164,2310,0,0.15370659276867144,0.0,0.0023452631578947366
0.014,0.3177,9.9154,0.2174,0.755,-4.7691,0.0633,0.3765,9.8356,2311,0,0.15370659276867144,0.0,0.002226393709711695
-0.4257,-0.0013,9.8811,2.8212,-2.7001,1.523,-0.3912,-0.0419,9.8635,2312,0,0.15370659276867144,0.0,0.002105263157894737
0.3794,0.231,9.4149,1.7547,-0.2954,-2.0296,0.405,0.2884,9.4065,2313,0,0.1525588014428267,0.0,0.0023452631578947366
0.1775,-0.1495,9.6207,2.1118,-0.9106,2.871,0.1436,-0.1211,9.5783,2314,0,0.15370659276867144,0.0,0.00024
-0.2589,0.5457,9.8495,2.7139,3.43,-2.303,-0.2138,0.5192,9.8313,2315,0,0.15355074445237718,0.0,0.0003788888888888889
0.5486,0.3302,9.8288,-3.69,-0.7723,5.5451,0.5247,0.3408,9.8664,2316,0,0.15361879978792273,0.0,0.0023452631578947366
-0.4598,-0.2037,9.8385,-1.9192,1.58,-2.1291,-0.4972,-0.1869,9.8877,2317,0,0.15370659276867144,0.0,0.0023452631578947366
-0.2804,0.1302,10.0541,-1.3523,-0.6824,3.6152,-0.3561,0.0755,10.0613,2318,0,0.15370659276867144,0.0,0.0023452631578947366
0.215,0.4362,10.0234,-1.9454,5.0615,1.4474,0.2332,0.4764,10.1014,2319,0,0.15370659276867144,0.0,0.002466393709711695
0.029,0.1815,9.8534,-0.9739,2.4777,-4.8281,0.0342,0.2103,9.917,2320,0,0.15370659276867144,0.0,0.0023452631578947366
0.2661,0.1358,9.7789,-4.6752,-1.4391,-0.484,0.3015,0.0673,9.7552,2321,0,0.15370659276867144,0.0,0.0023452631578947366
-0.1767,-0.1803,9.9527,2.5385,-3.8356,2.9457,-0.1851,-0.2092,9.8972,2322,0,0.15370659276867144,0.0,0.0023452631578947366
0.1614,-0.3393,9.7269,0.608,1.0845,-3.4631,0.1627,-0.3292,9.8353,2323,0,0.15370659276867144,0.0,0.0023452631578947366
-0.0526,0.0271,9.7776,0.7801,-3.2367,-1.6506,-0.093,-0.0716,9.6649,2324,0,0.15370659276867144,0.0,0.0023452631578947366
-0.1949,0.3081,9.3444,3.6804,-2.8399,-1.3609,-0.1059,0.3138,9.4409,2325,0,0.14110312084405824,0.0,0.0023452631578947366
0.0611,-0.0047,10.0438,-3.0639,1.8075,1.5364,0.0567,0.0517,10.0474,2326,0,0.15370659276867144,0.0,0.0023452631578947366
0.415,-0.1693,10.0385,-2.2438,-0.9619,0.1792,0.4129,-0.1868,9.9506,2327,0,0.15370659276867144,0.0,0.0023452631578947366
0.3781,-0.0952,9.8436,2.6401,-3.7853,-1.0844,0.3824,-0.0899,9.7163,2328,0,0.15370659276867144,0.0,0.0023452631578947366
0.0279,0.4607,10.1935,-3.6535,1.3951,2.1248,0.0621,0.4108,10.2603,2329,0,0.15135784453201792,0.0,0.002466393709711695
-0.2339,0.3056,9.7847,-0.9627,1.3107,3.3138,-0.2112,0.3329,9.7111,2330,0,0.15370659276867144,0.0,0.003125734369052355
0.247,-0.1997,9.8331,3.3083,2.6738,-1.4021,0.2514,-0.1893,9.8254,2331,0,0.15370659276867144,0.0,0.002466393709711695
-0.304,-0.2444,9.7289,-1.5495,-6.4254,5.9693,-0.3495,-0.2992,9.6655,2332,0,0.15370659276867144,0.0,0.00024
-0.0629,0.015,9.7037,2.9985,-5.5311,8.0384,-0.0218,0.0207,9.6277,2333,0,0.1449246580867629,0.0,0.0003392063492063492
-0.1934,-0.051,10.2943,-1.1569,-2.3493,-2.4484,-0.3131,-0.116,10.337,2334,0,0.10122495220740575,0.0,0.0004031433721987171
-0.0915,0.1954,9.7368,-4.4748,-1.4896,-2.4458,0.0091,0.16,9.7238,2335,0,0.15370659276867144,0.0,0.00037904698665654836
0.4924,0.4387,9.985,0.2262,-1.023,-2.7783,0.5939,0.3831,9.9258,2336,0,0.15346008255657423,0.0,0.0004031433721987171
0.4272,-0.1106,10.3581,-5.5246,-1.2039,5.2775,0.4308,-0.0826,10.3713,2337,0,0.09885029151496841,0.0,0.011286574770258982
0.3244,0.2641,10.044,1.8322,2.5701,-0.8958,0.3372,0.3221,10.069,2338,0,0.15370659276867144,0.0,0.02128657477025898
-0.4939,0.2001,10.1704,-0.7722,-0.4904,-0.6071,-0.4913,0.1901,10.1388,2339,0,0.15370659276867144,0.0,0.03024
0.3414,-0.601,10.2502,1.9012,-1.8785,0.3037,0.2596,-0.5504,10.2819,2340,0,0.14760239688293914,0.0,0.01024
-0.2841,-0.11,9.939,-3.0529,3.8243,1.019,-0.3268,-0.1449,9.964,2341,0,0.15370659276867144,0.0,0.01024
-0.6515,0.1644,9.7583,1.7546,-0.4782,-8.9255,-0.6755,0.1288,9.6821,2342,0,0.15029524088099036,0.0,0.0004151557162949568
0.7894,-0.2225,9.827,3.3648,4.8128,2.2528,0.6953,-0.211,9.8547,2343,0,0.15557955017382005,0.0,0.00045499635374515594
-0.0555,0.5953,9.6824,1.3478,2.0076,1.3734,-0.1055,0.6072,9.6824,2344,0,0.15318370441863025,0.0,0.0011998448385936407
-0.4022,0.6895,9.8266,-1.2935,-2.6615,-0.0881,-0.4159,0.6555,9.8382,2345,0,0.15309497375261916,0.0,0.0018811097005449094
-0.2149,0.1118,9.3804,2.5539,0.2883,1.4265,-0.2168,0.0703,9.3873,2346,0,0.15077624405152282,0.0,0.01184126906309471
0.4525,-0.1541,9.702,-1.2978,-1.6432,-5.892,0.4307,-0.1314,9.7525,2347,0,0.15370659276867144,0.0,0.01122176904120425
-0.1803,0.0226,9.4565,-2.6203,3.2485,0.3946,-0.1819,0.0589,9.513,2348,0,0.15370659276867144,0.0,0.01122176904120425
0.0231,-0.163,10.0178,0.5892,0.8879,-5.2533,0.0497,-0.1122,10.06,2349,0,0.15370659276867144,0.0,0.01188110970054491
0.2215,-0.0084,9.7247,1.2753,0.9794,0.4813,0.2583,0.0047,9.7476,2350,0,0.15370659276867144,0.0,0.0018811097005449094
-0.718,0.0491,9.7175,2.2644,3.3212,-4.6005,-0.7394,0.0531,9.739,2351,0,0.15036239111071084,0.0,0.0018811097005449094
0.1877,-0.3565,10.095,-3.3152,7.2004,-1.6643,0.2256,-0.3952,10.1263,2352,0,0.1500207383559391,0.0,0.0011006384893872915
0.5799,0.0469,9.7669,0.2393,0.1059,-3.5076,0.639,0.0613,9.8207,2353,0,0.15532985235397145,0.0,0.011060797851937093
0.1917,0.3093,9.6603,-2.4583,-4.2279,-4.0671,0.2483,0.2911,9.6491,2354,0,0.15370659276867144,0.0,0.011060797851937093
-0.2242,-0.3351,10.027,1.3708,1.0398,1.709,-0.2707,-0.2976,10.0724,2355,0,0.15370659276867144,0.0,0.0011819284037540507
-0.2308,0.0109,9.5305,4.0537,0.5475,0.8482,-0.1653,0.001,9.5533,2356,0,0.15370659276867144,0.0,0.0336076681724759
-0.2241,-0.7997,9.7922,-4.2892,0.4027,-5.0832,-0.2144,-0.8173,9.8571,2357,0,0.14563267653510942,0.0,0.023531718805387288
0.2984,0.2901,9.65,0.5809,1.7586,-0.8115,0.309,0.3887,9.6189,2358,0,0.15370659276867144,0.0,0.023531718805387288
-0.7268,0.1908,9.7775,0.9597,-1.5121,0.6492,-0.6546,0.168,9.7412,2359,0,0.1480443991482007,0.0,0.013531718805387288
-0.5791,0.5876,9.8411,-3.1974,2.1699,-1.5411,-0.5456,0.5768,9.82,2360,0,0.15355074445237718,0.0,0.013531718805387288
0.1779,0.0776,9.8021,4.6965,-1.762,-1.5605,0.1779,0.0769,9.832,2361,0,0.15370659276867144,0.0,0.003531718805387288
-0.1339,0.1463,9.737,6.1007,-4.9314,3.9823,-0.2232,0.1614,9.6668,2362,0,0.15370659276867144,0.0,0.003178030114035446
-0.0054,0.5007,9.7075,-7.0434,-2.5732,-1.5545,-0.0462,0.4616,9.7757,2363,0,0.15370659276867144,0.0,0.0015862452130019904
-0.392,0.1929,9.9834,-0.4253,-4.5681,-1.7074,-0.4919,0.2926,9.9092,2364,0,0.15370659276867144,0.0,0.002571093697850475
-0.1684,0.3233,9.8577,1.4134,-6.2417,1.5843,-0.2369,0.3484,9.7326,2365,0,0.15370659276867144,0.0,0.002571093697850475
-0.1406,0.5093,9.605,-4.3468,-0.8378,1.9912,-0.0712,0.6064,9.558,2366,0,0.15182277332485958,0.0,0.002571093697850475
-0.1314,0.2381,9.7392,-3.76,-0.3219,-2.1191,-0.2164,0.2679,9.782,2367,0,0.15370659276867144,0.0,0.0015862452130019904
-0.1117,0.2343,10.0215,3.7365,1.0459,-1.3914,-0.1144,0.2987,10.0279,2368,0,0.15370659276867144,0.0,0.0016854515622083397
0.4896,-0.0664,9.6648,-2.3422,-1.1714,-1.4599,0.475,-0.0493,9.6304,2369,0,0.15370659276867144,0.0,0.0015862452130019904
-0.2021,-0.2091,9.9898,-0.2179,3.6389,0.2686,-0.1308,-0.2306,9.9948,2370,0,0.15370659276867144,0.0,0.0021931816291869614
0.4663,0.0481,9.7081,-2.3663,0.625,-0.046,0.5463,-0.0,9.6087,2371,0,0.15370659276867144,0.0,0.002546870320538803
-0.6826,0.3772,9.8797,-3.6586,-4.6073,-0.5773,-0.7376,0.3993,9.8591,2372,0,0.14372113912998258,0.0,0.002546870320538803
-0.0386,0.4665,9.6746,2.0292,3.448,-2.8137,-0.0552,0.4764,9.7114,2373,0,0.15370659276867144,0.0,0.002546870320538803
-0.2763,-0.0311,9.4618,1.9744,2.8322,-1.2565,-0.3248,0.0228,9.3899,2374,0,0.1525588014428267,0.0,0.0021931816291869614
-0.0903,0.4778,10.2095,-1.8272,0.9501,-1.4976,-0.0839,0.367,10.2514,2375,0,0.1526504524297057,0.0,0.005798850607561445
-0.053,-0.048,10.1317,-0.0318,4.7025,2.66,-0.0314,-0.1064,10.1338,2376,0,0.15370659276867144,0.0,0.005798850607561445
0.1146,-0.1268,9.7341,-2.0849,-1.2161,-0.8069,0.0373,-0.0733,9.7205,2377,0,0.15370659276867144,0.0,0.001864742080429663
0.1897,0.0016,10.2343,0.4477,-0.675,3.7452,0.1848,-0.0601,10.2249,2378,0,0.1526504524297057,0.0,0.0021852549009424836
-0.422,-0.0063,9.5646,-1.5457,1.4105,-2.6087,-0.4154,0.0492,9.6355,2379,0,0.15370659276867144,0.0,0.0019387065774710832
0.7701,-0.0018,9.5663,-0.7082,-1.9111,0.2805,0.7085,-0.0309,9.5925,2380,0,0.15557955017382005,0.0,0.0057195583996220226
-0.4888,-0.2389,10.432,-2.7531,-0.9801,1.0218,-0.4248,-0.2249,10.4954,2381,0,0.062184193466656996,0.0,0.005927271771637112
-0.2112,0.2462,9.6509,1.0734,-3.741,-2.4218,-0.2282,0.236,9.5623,2382,0,0.15370659276867144,0.0,0.006609400011746253
0.1799,-0.2363,10.0368,0.3573,-4.6568,2.5468,0.0822,-0.1851,10.0248,2383,0,0.15370659276867144,0.0,0.046041298547017585
-0.3588,0.1356,10.0763,2.9494,0.5815,1.7187,-0.3911,0.1497,10.118,2384,0,0.15370659276867144,0.0,0.016638313472390726
0.0228,-0.1081,9.8555,-3.4758,0.6777,10.3146,0.0298,-0.1822,9.7482,2385,0,0.15155123034165113,0.0,0.015844976171276465
0.2497,-0.3032,9.6528,3.2372,-1.2711,3.0873,0.2238,-0.3493,9.6776,2386,0,0.15370659276867144,0.0,0.016648234963202568
-0.1575,0.116,9.4855,-3.3147,1.6879,-4.446,-0.2547,0.1932,9.4108,2387,0,0.152691395331968,0.0,0.012554160932797513
-0.4718,0.1433,10.3433,4.4528,0.4308,-3.5987,-0.4561,0.0992,10.4156,2388,0,0.09585478831529264,0.0,0.026488269459929294
-0.1906,-0.0285,9.9157,-1.0901,0.1602,-1.2821,-0.1727,-0.0216,9.9049,2389,0,0.15370659276867144,0.0,0.012707417637778353
0.3815,0.1689,9.516,2.7295,4.1625,-5.2878,0.4332,0.1414,9.5448,2390,0,0.15370659276867144,0.0,0.03255416093279751
-0.0441,-0.2849,9.8037,-5.8267,0.0364,2.3106,-0.0613,-0.2569,9.8662,2391,0,0.15370659276867144,0.0,0.02302182545218617
0.0143,0.0538,9.4223,2.0511,-0.3991,-1.046,0.005,0.0657,9.3636,2392,0,0.14725823748351777,0.0,0.022386904817265532
0.1196,-0.1856,9.716,-3.7968,-1.0915,3.6054,-0.0179,-0.1922,9.6736,2393,0,0.15370659276867144,0.0,0.037774576978024166
0.5035,0.2866,9.584,1.0533,-2.3161,-0.9881,0.6269,0.2401,9.504,2394,0,0.1519286094520674,0.0,0.012425739768721846
0.1585,-0.6002,9.6993,1.9418,-4.4508,1.3139,0.1103,-0.6658,9.7118,2395,0,0.1507256921170237,0.0,0.01777457697802417
0.1821,-0.3282,9.6757,4.8252,2.2176,-3.0904,0.2695,-0.3397,9.6934,2396,0,0.15370659276867144,0.0,0.012425739768721846
-0.2507,-0.3539,10.0489,-0.3293,-1.4352,-6.5865,-0.2257,-0.3347,10.0418,2397,0,0.1532405209942328,0.0,0.012425739768721846
0.1891,-0.4124,9.8977,-1.6599,3.5233,-3.5622,0.1973,-0.377,9.9128,2398,0,0.15370659276867144,0.0,0.012654311197293273
-0.681,-0.0627,9.9128,3.8288,-0.3996,-1.3035,-0.7445,-0.1203,9.9354,2399,0,0.14253110145084383,0.0,0.022654311197293272
0.1241,-0.1266,9.6232,5.0415,1.245,-0.6879,0.196,-0.0167,9.5835,2400,0,0.15370659276867144,0.0,0.03265431119729327
-0.2968,-0.4389,10.0127,0.11,1.268,3.125,-0.365,-0.4358,9.972,2401,0,0.15370659276867144,0.0,0.012654311197293273
-0.2307,0.0715,9.4376,2.3935,3.916,-0.4723,-0.2499,0.0353,9.5162,2402,0,0.15370659276867144,0.0,0.0282431484065956
0.2403,0.0096,9.6178,-7.8737,2.0708,-0.3933,0.2456,0.0109,9.707,2403,0,0.14837919403714472,0.0,0.022894311197293273
0.3334,-0.0882,9.7785,-2.7922,-0.704,4.4037,0.3336,-0.0026,9.8089,2404,0,0.15370659276867144,0.0,0.02777457697802417
-0.1412,0.273,9.9496,3.1359,1.9669,-0.1203,-0.0299,0.2663,9.9213,2405,0,0.15370659276867144,0.0,0.02777457697802417
0.4847,-0.2461,9.9341,4.0778,-0.9947,-2.6865,0.3339,-0.3202,9.8954,2406,0,0.15370659276867144,0.0,0.022894311197293273
0.2127,0.0214,9.8694,-0.1594,-2.3918,-0.1976,0.2016,0.0836,9.8022,2407,0,0.15370659276867144,0.0,0.022665739768721847
0.0138,-0.1613,9.9501,-4.9546,-3.3376,-1.1109,-0.0109,-0.1329,9.9302,2408,0,0.15370659276867144,0.0,0.023712314538980827
-0.343,-0.1203,9.6737,-1.4533,1.6057,-1.2529,-0.3353,-0.1927,9.6865,2409,0,0.15370659276867144,0.0,0.023613108189774478
-0.4772,-0.7833,10.2314,2.5063,-3.8444,-3.3387,-0.4237,-0.7439,10.2908,2410,0,0.12360077312158663,0.0,0.022532387978393312
-0.1384,-0.258,9.7494,-0.7719,-0.7504,-0.2751,-0.2071,-0.1918,9.7319,2411,0,0.15370659276867144,0.0,0.012433181629186963
-0.1593,0.302,9.7322,-2.8001,0.9446,2.4171,-0.1111,0.2711,9.7027,2412,0,0.15370659276867144,0.0,0.032433181629186965
0.2568,0.1416,10.0236,-0.7292,-0.1599,3.5079,0.2743,0.1743,10.0335,2413,0,0.15370659276867144,0.0,0.035374358099775204
0.2004,-0.0129,9.2664,0.4765,-2.7507,-1.7431,0.198,-0.0198,9.2862,2414,0,0.13006784362259938,0.0,0.0640562721772589
0.3751,-0.0178,9.766,-6.3067,0.4848,-1.8003,0.3565,0.0048,9.7434,2415,0,0.15370659276867144,0.0,0.062062464127723295
0.4875,0.3608,9.4196,2.3128,-0.3297,2.0884,0.4317,0.35,9.4001,2416,0,0.1525588014428267,0.0,0.0820624641277233
-0.5144,0.1415,9.9417,7.3368,3.4148,-2.0143,-0.5642,0.1865,9.9452,2417,0,0.15044291000608326,0.0,0.05190920742274245
0.4086,-0.034,9.8759,0.3113,-0.6411,2.2798,0.437,-0.061,9.8958,2418,0,0.15370659276867144,0.0,0.05485038389333068
-0.2634,-0.0667,10.0358,-0.6158,-1.7235,-1.6236,-0.2259,-0.1046,10.0416,2419,0,0.15370659276867144,0.0,0.04545644449939129
0.3061,-0.2593,9.8835,-1.3185,-2.722,-5.5587,0.3424,-0.2778,9.8493,2420,0,0.15370659276867144,0.0,0.03251526802880306
-0.1505,0.9386,10.1296,-3.6196,0.2011,-0.5151,-0.1159,0.9589,10.1586,2421,0,0.0859284149116248,0.0,0.021800457747285305
-0.1021,0.2404,9.9364,-2.9461,-3.8149,5.897,-0.0883,0.3863,9.9534,2422,0,0.15370659276867144,0.0,0.021800457747285305
0.1082,-0.208,10.0207,0.4106,2.2897,-4.4111,0.1216,-0.1392,10.0585,2423,0,0.15370659276867144,0.0,0.04180045774728531
-0.0607,0.0261,9.6499,-4.5057,-5.2038,0.4568,-0.0876,0.0433,9.6264,2424,0,0.15370659276867144,0.0,0.03180045774728531
0.4903,0.2743,9.9298,4.622,-0.9053,0.5359,0.5291,0.2182,9.9334,2425,0,0.15370659276867144,0.0,0.034741634217873546
-0.3399,-0.0937,9.9126,7.5152,-4.4902,1.1278,-0.4033,-0.0726,9.8998,2426,0,0.14837066258871512,0.0,0.034741634217873546
-0.3601,-0.1554,9.7058,-0.0394,3.2756,-3.657,-0.3366,-0.1491,9.7223,2427,0,0.15370659276867144,0.0,0.03180045774728531
0.412,0.219,9.6622,-1.8276,1.4459,-0.0932,0.3889,0.0717,9.7049,2428,0,0.15370659276867144,0.0,0.017185073131900694
-0.1443,-0.071,9.9042,-3.4254,6.0,-1.1445,-0.2124,-0.0439,9.9493,2429,0,0.15370659276867144,0.0,0.012272483063741003
-0.0254,0.1241,9.5139,1.8486,-1.2679,3.4269,0.0683,0.1269,9.5306,2430,0,0.15370659276867144,0.0,0.022771632241279288
-0.3101,0.2013,9.4785,-1.0878,-1.0335,-1.5702,-0.3197,0.1447,9.4713,2431,0,0.15370659276867144,0.0,0.033029568749215796
-0.2365,0.2042,10.0525,-3.7117,-0.9985,2.9781,-0.1941,0.1641,10.0947,2432,0,0.15370659276867144,0.0,0.030970745219804034
0.2399,-0.1644,9.7854,1.2707,-0.1473,-5.7302,0.1596,-0.1004,9.7852,2433,0,0.15370659276867144,0.0,0.028029568749215795
0.3099,-0.0818,9.6465,3.9141,-5.1385,-1.4131,0.3186,-0.0896,9.5886,2434,0,0.15370659276867144,0.0,0.02742263233303083
0.1337,-0.4161,9.6292,-2.9491,-2.7176,0.6567,0.1063,-0.4265,9.6079,2435,0,0.15370659276867144,0.0,0.03628240014956498
-0.2915,-0.4901,10.0212,0.04,2.0419,0.871,-0.3002,-0.507,10.0181,2436,0,0.15370659276867144,0.0,0.01628240014956498
0.7467,-0.3714,9.8485,-2.9142,1.0537,-0.2379,0.745,-0.3346,9.8213,2437,0,0.15784055580642847,0.0,0.02636344313758471
-0.2195,-0.1026,9.946,-0.6931,-0.8086,-5.4352,-0.2065,-0.0341,9.9722,2438,0,0.15370659276867144,0.0,0.01322381706317603
-0.0332,-0.2782,9.7853,0.0085,-2.4188,-5.6463,-0.0371,-0.212,9.7568,2439,0,0.15370659276867144,0.0,0.00878795262731159
0.0754,-0.1248,9.6305,0.7221,-1.6718,4.8735,0.0507,-0.1623,9.5958,2440,0,0.15370659276867144,0.0,0.017574313076008888
-0.2373,0.2169,10.0238,0.7908,-1.159,-0.1836,-0.2733,0.1628,10.0569,2441,0,0.15370659276867144,0.0,0.00810268651135907
0.0314,-0.1548,10.1642,-0.5742,-3.7092,-1.516,0.017,-0.1903,10.2417,2442,0,0.1526504524297057,0.0,0.00810268651135907
-0.6631,0.3099,10.0587,-2.7765,1.6605,-1.2947,-0.6182,0.4197,10.063,2443,0,0.1537691488359536,0.0,0.00810268651135907
-0.0161,-0.2422,9.8831,-1.7844,-0.9932,0.5949,-0.0409,-0.2473,9.8441,2444,0,0.15370659276867144,0.0,0.006689643033098201
-0.9785,0.1145,9.8323,1.1713,1.0883,-6.4015,-0.9513,0.1413,9.7877,2445,0,0.13474186897554974,0.0,0.0017339925422579525
0.4641,0.132,9.797,-2.6845,0.2878,-1.7272,0.5406,0.1909,9.7778,2446,0,0.15370659276867144,0.0,0.0010746518829172933
0.8622,-0.2314,9.7461,0.4438,-0.172,-2.1559,0.8965,-0.2752,9.6805,2447,0,0.167917207084913,0.0,0.021733992542257958
0.2127,0.3251,9.7945,1.5556,1.2388,-2.5475,0.2155,0.2758,9.8123,2448,0,0.15370659276867144,0.0,0.011074651882917294
-0.5175,0.1271,9.8292,-4.6704,-2.028,1.3469,-0.5263,0.1413,9.8554,2449,0,0.15370659276867144,0.0,0.02107465188291729
0.3435,-0.1824,9.304,-6.417,2.7519,1.6628,0.2588,-0.2221,9.1922,2450,0,0.09979045273044715,0.0,0.031074651882917297
0.2092,0.3422,9.8226,-2.0078,2.437,-0.2314,0.149,0.291,9.7797,2451,0,0.15370659276867144,0.0,0.021733992542257954
-0.3073,-0.2944,9.7984,4.7571,-0.8756,-2.63,-0.3221,-0.3542,9.7617,2452,0,0.15370659276867144,0.0,0.040953521331100334
-0.2136,-0.0793,10.1949,2.308,-2.5258,1.7908,-0.2472,-0.1308,10.1445,2453,0,0.15370659276867144,0.0,0.020953521331100334
-0.131,-0.081,9.9774,2.6913,0.4096,0.7949,-0.1396,-0.1008,10.006,2454,0,0.15370659276867144,0.0,0.01155053625647347
0.3028,-0.2698,9.8743,-3.3699,-2.8418,-1.3774,0.279,-0.191,9.8389,2455,0,0.15370659276867144,0.0,0.02155053625647347
0.0889,0.4633,9.7752,-0.5681,0.5446,-5.8796,0.1038,0.4956,9.8124,2456,0,0.15370659276867144,0.0,0.020271393090991196
0.0676,-0.3968,9.9325,0.0832,-1.6888,1.7468,0.1291,-0.3357,10.0084,2457,0,0.15370659276867144,0.0,0.020271393090991196
0.1021,0.4153,9.9307,-1.0113,-1.8356,1.6542,0.1527,0.4112,9.9304,2458,0,0.15370659276867144,0.0,0.030271393090991198
0.6389,-0.4894,9.6615,3.2321,-1.885,2.1299,0.7324,-0.3807,9.6974,2459,0,0.14620995825069344,0.0,0.03095352133110034
0.0139,0.117,9.7248,-2.6246,0.3114,-1.7735,-0.0206,0.1861,9.6973,2460,0,0.15370659276867144,0.0,0.0802713930909912
-0.4004,0.1642,9.626,-0.6354,-3.5061,-3.6519,-0.4418,0.1062,9.623,2461,0,0.15370659276867144,0.0,0.06027139309099119
-0.1739,0.4669,9.7481,-1.951,4.7677,-0.764,-0.2084,0.4009,9.7534,2462,0,0.15370659276867144,0.0,0.06027139309099119
-0.1334,-0.4431,9.882,3.0872,6.6208,-1.4246,-0.0897,-0.3941,9.7609,2463,0,0.15370659276867144,0.0,0.0710746518829173
-0.4489,-0.0737,9.6721,-3.0675,-3.6246,-3.7703,-0.5038,-0.0984,9.6867,2464,0,0.15370659276867144,0.0,0.050392523642808155
-0.4386,0.0207,9.6959,0.5344,2.9918,-3.9072,-0.5239,0.1467,9.7383,2465,0,0.15370659276867144,0.0,0.04105186430214881
-0.1422,-0.2829,10.3212,0.6092,2.3426,-0.2018,-0.1371,-0.2389,10.4144,2466,0,0.0845400086166077,0.0,0.021051864302148816
0.0945,0.6161,9.9138,0.6935,-0.6345,-0.7861,0.024,0.6925,9.9001,2467,0,0.14714435793057246,0.0,0.012059500367765779
0.4103,-0.0275,10.056,4.4695,3.4937,-2.2389,0.4069,-0.0462,10.0856,2468,0,0.15370659276867144,0.0,0.022718841027106446
-0.0243,0.1123,10.0283,-5.6356,-1.9251,4.1815,-0.065,0.2277,9.9737,2469,0,0.15370659276867144,0.0,0.011733992542257954
0.1543,-0.2604,9.6363,4.8634,-2.4657,2.7267,0.1239,-0.2611,9.6485,2470,0,0.15370659276867144,0.0,0.0017339925422579525
0.041,-0.3755,9.9692,1.2253,1.4497,0.4343,0.1378,-0.3549,10.0269,2471,0,0.15370659276867144,0.0,0.012781406715941364
0.2882,-0.0868,9.836,-2.7447,2.8139,-0.0723,0.3258,-0.1103,9.7981,2472,0,0.15370659276867144,0.0,0.013379427327308386
-0.1884,0.0258,10.2608,-3.1737,0.9968,-0.1125,-0.2252,0.0619,10.3242,2473,0,0.11260059812038596,0.0,0.03333958668985819
0.3052,0.5003,9.8873,-1.7916,-1.6122,1.081,0.3125,0.4862,9.9309,2474,0,0.15370659276867144,0.0,0.012392218268805554
0.1367,-0.227,9.7126,2.6124,0.1119,6.255,0.176,-0.1332,9.687,2475,0,0.15314501477372658,0.0,0.03376625520078985
0.052,0.2715,10.155,4.4443,3.1433,1.9853,0.0368,0.2497,10.1417,2476,0,0.15370659276867144,0.0,0.08213675853962807
0.0124,-0.6667,9.8819,-2.1918,-4.7743,-4.2305,0.1315,-0.6815,9.9013,2477,0,0.15320307323809437,0.0,0.08306003057513851
-0.1645,0.2757,9.6963,-0.6608,0.8755,1.7034,-0.1575,0.2416,9.5985,2478,0,0.15370659276867144,0.0,0.08306003057513851
0.1643,-0.1609,9.8988,5.0008,-1.9644,4.5235,0.2683,-0.0482,9.8635,2479,0,0.15370659276867144,0.0,0.08213675853962807
0.6413,-0.1195,9.8741,-0.0746,-3.2372,-3.0091,0.6359,-0.1079,9.8791,2480,0,0.1554555178066895,0.0,0.08306003057513851
-0.2204,0.2062,9.8549,1.8857,4.3751,0.5948,-0.1914,0.2287,9.9177,2481,0,0.15370659276867144,0.0,0.08306003057513851
-0.0914,-0.0106,10.0322,-4.6588,-1.0818,3.6869,-0.0296,0.0381,10.0342,2482,0,0.15370659276867144,0.0,0.08306003057513851
0.1228,-0.276,9.9688,-3.8971,-2.3595,0.1879,0.0752,-0.2685,9.8803,2483,0,0.15370659276867144,0.0,0.08306003057513851
-0.2708,0.2622,9.7252,0.0484,2.5386,0.668,-0.2441,0.2816,9.704,2484,0,0.15370659276867144,0.0,0.07309987121258874
0.2569,0.0711,9.6587,1.0318,2.3364,3.9638,0.2587,0.1042,9.7099,2485,0,0.15370659276867144,0.0,0.08309987121258873
0.0535,-0.149,9.7182,-1.8451,1.3113,1.2582,0.108,-0.174,9.8306,2486,0,0.15370659276867144,0.0,0.07309987121258874
-0.2456,-0.1508,10.1595,-0.5503,-0.0777,2.3389,-0.2886,-0.1404,10.1058,2487,0,0.15370659276867144,0.0,0.07309987121258874
0.1067,0.0107,9.776,1.7586,1.113,-5.2337,0.1393,0.0387,9.7147,2488,0,0.15370659276867144,0.0,0.07309987121258874
0.1879,-0.0802,9.5989,0.0977,5.9361,-0.9119,0.2162,-0.0529,9.6357,2489,0,0.15370659276867144,0.0,0.10309987121258873
-0.1211,-0.277,9.7376,1.3091,2.6278,-3.0026,-0.1065,-0.3543,9.7857,2490,0,0.15370659276867144,0.0,0.10309987121258873
0.2543,-0.3676,9.6525,3.0972,6.6423,7.8274,0.2013,-0.3977,9.6213,2491,0,0.14913505889321613,0.0,0.003781999452697876
0.1381,0.1861,9.9897,3.7285,-1.887,2.7952,0.2482,0.2454,10.0356,2492,0,0.15370659276867144,0.0,0.002834631031645244
0.1078,-0.2729,10.0191,3.9897,-2.1036,-3.2986,0.2751,-0.2365,10.0591,2493,0,0.15370659276867144,0.0,0.003781999452697876
-0.5513,0.2333,9.7418,-3.5153,-3.4092,-1.5401,-0.534,0.295,9.8462,2494,0,0.15370659276867144,0.0,0.002797150967849391
0.1202,0.0254,9.7301,2.174,2.2042,2.877,0.1593,0.0069,9.6821,2495,0,0.15370659276867144,0.0,0.00016097118926715746
-0.3206,0.2596,9.737,-0.699,0.6398,3.0581,-0.3369,0.2779,9.7861,2496,0,0.15370659276867144,0.0,0.00016097118926715746
0.1214,-0.0606,9.4191,2.3869,-0.1969,1.3057,0.0052,-0.0783,9.3595,2497,0,0.14725823748351777,0.0,0.001412683660647974
0.0726,-0.546,9.7674,-2.979,-2.5251,-5.169,0.1058,-0.6507,9.7306,2498,0,0.13841502582352272,0.0,0.0012915531088310156
-0.4705,0.5545,10.0824,1.1802,0.9506,-2.238,-0.4394,0.5883,10.1535,2499,0,0.15318370441863025,0.0,0.0023975321454964586
0.8894,0.1457,10.0534,-2.052,-2.8087,4.4135,0.8226,0.2127,10.0136,2500,0,0.18955349104840402,0.0,0.0020605060537596666
-0.1085,0.1396,9.6171,-0.2205,-5.5593,-2.7152,-0.1841,0.1169,9.569,2501,0,0.15370659276867144,0.0,0.0020605060537596666
0.2628,0.0059,9.4166,-5.0876,0.2519,0.0409,0.2532,-0.0146,9.5028,2502,0,0.15370659276867144,0.0,0.0020605060537596666
0.45,0.4911,9.6295,2.8772,-1.5825,-0.864,0.4054,0.5221,9.6735,2503,0,0.15370659276867144,0.0,0.02206050605375967
0.0063,0.1642,9.5109,4.8829,1.3003,-3.1296,-0.0547,0.1524,9.5405,2504,0,0.15370659276867144,0.0,0.00239593337460076
-0.483,-0.0869,9.9757,3.448,2.5633,3.0435,-0.4613,-0.1178,10.0309,2505,0,0.15370659276867144,0.0,0.00239593337460076
0.0842,-0.1626,9.8517,-1.3231,-0.2966,1.9748,0.1091,-0.1176,9.8786,2506,0,0.15370659276867144,0.0,0.012060506053759667
0.0086,0.5451,9.5482,-1.6024,-0.3145,-3.8324,-0.034,0.5349,9.5975,2507,0,0.15355074445237718,0.0,0.02075609273715056
-0.2463,0.1077,9.8686,-3.3817,2.7866,0.2286,-0.274,0.1598,9.8499,2508,0,0.15370659276867144,0.0,0.010855299086356912
-0.5727,0.1195,9.8499,0.6531,3.683,0.8964,-0.6285,0.1328,9.9071,2509,0,0.15370659276867144,0.0,0.01079593337460076
0.2778,0.3402,9.8103,0.1753,-1.8159,-0.7493,0.3182,0.2879,9.7429,2510,0,0.15370659276867144,0.0,0.011149622065952604
0.3414,0.0049,9.6731,5.3581,0.9404,1.8774,0.3009,-0.0638,9.7056,2511,0,0.15370659276867144,0.0,0.011114492520367494
-0.3218,0.2898,10.0871,2.7239,-0.7306,-0.2771,-0.3225,0.3198,10.1176,2512,0,0.15370659276867144,0.0,0.011114492520367494
-0.0377,-0.0123,10.0433,0.6432,-0.8691,1.8984,0.0647,0.0486,10.1416,2513,0,0.15370659276867144,0.0,0.01221413954302351
-0.4398,-0.09,9.7507,6.0047,-0.8892,3.5783,-0.3331,0.0211,9.7181,2514,0,0.15370659276867144,0.0,0.011269131695625226
-0.0834,-0.0181,9.2615,1.2194,0.5885,-1.4137,-0.1379,-0.048,9.2771,2515,0,0.11514686118738257,0.0,0.011488911915405443
-0.5099,-0.4438,10.005,-1.2038,4.2638,-3.5824,-0.5522,-0.5265,10.0453,2516,0,0.15370659276867144,0.0,0.011269131695625226
-0.3883,-0.1095,10.1083,-5.7491,-2.0661,1.5363,-0.3855,-0.1275,10.1521,2517,0,0.15370659276867144,0.0,0.01084209374338241
-0.5639,0.6824,9.8306,-3.5942,-2.4922,3.6175,-0.5328,0.699,9.8413,2518,0,0.15160303401105016,0.0,0.011596420231210866
0.2198,0.3232,9.7027,5.3815,6.252,2.0748,0.2144,0.415,9.703,2519,0,0.15370659276867144,0.0,0.011596420231210866
0.5284,0.1997,9.897,0.017,0.0085,3.6835,0.529,0.167,9.8556,2520,0,0.15370659276867144,0.0,0.011190441887456102
0.2251,-0.3036,9.5398,4.3263,0.2737,-3.4586,0.345,-0.3796,9.5345,2521,0,0.15370659276867144,0.0,0.011190441887456102
-0.5555,-0.4476,9.7804,2.9085,2.0254,0.9112,-0.5755,-0.4585,9.8127,2522,0,0.15370659276867144,0.0,0.011190441887456102
0.3379,0.1516,9.9977,1.3697,-4.9813,-4.0836,0.3779,0.1672,9.943,2523,0,0.15370659276867144,0.0,0.010836753196104259
0.5698,-0.6465,9.8097,0.5794,1.9666,-1.8024,0.6312,-0.5993,9.8054,2524,0,0.15451575535283796,0.0,0.011242158601509664
-0.0792,0.2693,9.8008,2.2611,-5.189,2.4327,-0.0809,0.252,9.8333,2525,0,0.15370659276867144,0.0,0.010836753196104259
0.3266,-0.3177,9.6771,7.1822,4.8634,0.4589,0.2918,-0.2193,9.6791,2526,0,0.15242389511884455,0.0,0.011242158601509664
-0.4802,0.0745,9.4849,-1.1827,-1.0558,-3.1305,-0.4398,0.1437,9.4797,2527,0,0.15370659276867144,0.0,0.011242158601509664
0.1633,0.0921,9.9459,0.0969,-0.29,3.1206,0.1809,0.0817,9.9353,2528,0,0.15370659276867144,0.0,0.011242158601509664
0.0713,-0.7824,9.8035,-0.0627,-2.8208,-2.4288,0.0432,-0.8447,9.8313,2529,0,0.12374046754229986,0.0,0.011480057288322701
-0.351,-0.2648,10.247,0.6305,-4.6428,0.9404,-0.3832,-0.1705,10.1902,2530,0,0.15182735900960173,0.0,0.011480057288322701
0.0483,0.1759,9.7471,0.4235,1.563,-0.2832,-0.0458,0.1887,9.7758,2531,0,0.15370659276867144,0.0,0.011480057288322701
-0.173,-0.1607,9.7121,-0.3272,1.8714,-0.8808,-0.1767,-0.051,9.7092,2532,0,0.15370659276867144,0.0,0.0214800572883227
0.0987,0.1894,10.1666,-3.3064,1.9651,-4.3664,0.1609,0.1558,10.1093,2533,0,0.15370659276867144,0.0,0.011480057288322701
-0.1601,0.1175,9.9088,-5.4655,-1.6736,3.6922,-0.224,0.1224,9.9196,2534,0,0.15370659276867144,0.0,0.011480057288322701
0.2323,0.09,10.1833,-0.6175,-3.2079,-3.341,0.1819,0.1711,10.2089,2535,0,0.15262407051682947,0.0,0.011074651882917294
-0.2391,0.2863,9.7341,-4.02,0.1756,-0.7379,-0.254,0.2833,9.6949,2536,0,0.15370659276867144,0.0,0.011074651882917294
-0.3651,0.0654,10.1484,1.0313,0.7841,-5.2228,-0.4605,0.0012,10.1542,2537,0,0.15370659276867144,0.0,0.011074651882917294
0.1112,0.018,9.9502,-0.1641,-2.1073,2.257,0.2327,-0.02,9.9328,2538,0,0.15370659276867144,0.0,0.011074651882917294
0.4794,0.5418,9.4951,-0.0727,0.6429,4.7003,0.3297,0.5268,9.5762,2539,0,0.15355074445237718,0.0,0.011074651882917294
0.2004,0.2553,9.9401,2.4484,2.8016,1.9127,0.1955,0.195,9.8594,2540,0,0.15370659276867144,0.0,0.011074651882917294
-0.2557,-0.0955,10.215,1.0503,3.2022,-0.561,-0.248,-0.0574,10.1929,2541,0,0.1533321728497886,0.0,0.0010358169314609825
0.2095,0.3052,9.9536,-0.6861,2.2824,1.6567,0.1062,0.3012,9.896,2542,0,0.15370659276867144,0.0,0.0010358169314609825
-0.093,0.1645,10.0276,0.8086,0.7339,-0.5149,-0.0466,0.1725,10.0793,2543,0,0.15370659276867144,0.0,0.0016328318568341166
0.1441,-0.3903,9.8244,7.6469,2.0451,3.1904,0.1775,-0.302,9.7494,2544,0,0.14837066258871512,0.0,0.0016328318568341166
0.4486,0.004,9.5868,3.6628,1.3915,0.4093,0.4181,-0.0276,9.506,2545,0,0.15370659276867144,0.0,0.0016328318568341166
0.0277,-0.123,9.9743,-4.5877,0.3706,0.803,0.0115,-0.0854,9.9901,2546,0,0.15370659276867144,0.0,0.0010358169314609825
0.0636,0.4086,9.6672,1.9212,-3.2612,1.5605,0.1006,0.5365,9.6818,2547,0,0.15370659276867144,0.0,0.0026487201572674346
-0.3164,0.2599,9.8453,-0.3268,-3.1996,-0.7226,-0.3682,0.2448,9.8557,2548,0,0.15370659276867144,0.0,0.0010358169314609825
0.0053,-0.1161,9.3917,1.3908,-0.4862,1.6762,0.0732,-0.1341,9.4106,2549,0,0.15054767473269412,0.0,0.0010358169314609825
0.5015,-0.151,9.9082,1.6904,-0.013,-1.5015,0.5115,-0.0951,9.8655,2550,0,0.15370659276867144,0.0,0.0024585021463938363
-0.2091,-0.0394,9.6514,-1.7166,2.2677,-2.3608,-0.2455,-0.0435,9.6299,2551,0,0.15370659276867144,0.0,0.0024585021463938363
-0.2756,-0.2143,9.707,1.7605,-0.8486,-1.3583,-0.3405,-0.2233,9.6883,2552,0,0.15370659276867144,0.0,0.0024585021463938363
0.0284,0.5829,10.0729,-2.7165,1.4274,0.4284,-0.0019,0.5821,10.1944,2553,0,0.15317632453349436,0.0,0.0024585021463938363
0.1586,0.1678,9.771,1.7136,-0.8771,-0.6534,0.1975,0.0617,9.7756,2554,0,0.15370659276867144,0.0,0.0024585021463938363
0.0445,-0.1364,9.8929,-2.7778,-1.0404,3.6112,0.0576,-0.0539,9.9315,2555,0,0.15370659276867144,0.0,0.00174647682993814
-0.1389,0.2118,9.8522,1.7093,0.3001,-1.0069,-0.1103,0.1653,9.7836,2556,0,0.15370659276867144,0.0,0.00174647682993814
-0.3695,-0.1073,9.7381,0.7734,-3.1618,1.7434,-0.3176,-0.0473,9.7325,2557,0,0.15370659276867144,0.0,0.00174647682993814
0.3709,0.1488,10.0513,4.4426,0.1448,-4.0658,0.3613,0.0735,9.9972,2558,0,0.15370659276867144,0.0,0.0024585021463938363
0.2465,0.241,9.6943,-2.5203,-2.577,-3.8747,0.2032,0.2208,9.6921,2559,0,0.15370659276867144,0.0,0.0024585021463938363
-0.0351,-0.2699,9.7342,-1.474,-5.0059,1.122,-0.0552,-0.3496,9.7396,2560,0,0.15370659276867144,0.0,0.0024585021463938363
-0.0205,0.4092,9.7843,-3.0241,-0.8808,-0.8702,0.0459,0.4283,9.8539,2561,0,0.15370659276867144,0.0,0.0024585021463938363
0.3268,0.766,9.9061,1.6408,-2.1593,-0.5358,0.3375,0.8659,9.7753,2562,0,0.09807776878253073,0.0,0.004071405372200288
-0.1184,0.304,9.3229,-0.8603,0.6483,-3.3194,-0.1578,0.2985,9.2385,2563,0,0.10086268494193538,0.0,0.014095501757742457
0.173,-0.2277,9.721,5.986,-1.3573,5.9105,0.1487,-0.2457,9.7842,2564,0,0.15370659276867144,0.0,0.014110240323656598
0.0533,-0.4469,9.9013,-3.3507,0.0731,2.6616,0.0722,-0.4069,9.9086,2565,0,0.15370659276867144,0.0,0.0024973370978501465
-0.0387,0.0248,9.7115,4.6273,-3.5363,0.5834,-0.0589,0.0675,9.771,2566,0,0.15370659276867144,0.0,0.005946967323600735
0.4314,0.0233,9.7348,4.3371,-0.353,1.7849,0.3181,0.0287,9.7869,2567,0,0.15370659276867144,0.0,0.006114565088963864
-0.1506,-0.402,9.813,4.7328,3.466,2.396,-0.1207,-0.3703,9.8465,2568,0,0.15370659276867144,0.0,0.017554051683094166
0.0772,0.1216,9.7678,-3.6416,-0.6434,-2.2464,0.0753,0.0175,9.7899,2569,0,0.15370659276867144,0.0,0.019246861531473636
0.0472,-0.4991,10.1447,1.3076,3.3276,-3.0825,0.0002,-0.4893,10.1788,2570,0,0.15370659276867144,0.0,0.008851118142395264
-0.122,-0.3865,9.6516,0.3848,-3.5013,3.4461,-0.2434,-0.3991,9.6099,2571,0,0.15370659276867144,0.0,0.007406673697950819
-0.2279,0.1352,10.3001,2.5256,1.8756,-5.606,-0.2367,0.0776,10.1833,2572,0,0.14877900410246025,0.0,0.017578156708430336
0.5943,0.2537,9.8345,3.3333,-4.5709,-5.3107,0.5321,0.2632,9.8458,2573,0,0.15208732668341593,0.0,0.027020753514934027
-0.3413,-0.2066,9.7861,-1.5546,0.6416,2.937,-0.3277,-0.2583,9.8323,2574,0,0.15370659276867144,0.0,0.05083864466243295
-0.2717,0.3089,9.3221,-5.0843,-2.8487,-2.357,-0.3158,0.3441,9.3464,2575,0,0.14943805537223281,0.0,0.02693676664548626
-0.0196,-0.3037,9.8111,0.5905,-2.3619,3.1379,0.0358,-0.3477,9.8025,2576,0,0.15370659276867144,0.0,0.036418831359941485
0.3804,0.1474,9.7213,0.3944,-1.7519,4.3445,0.3575,0.1274,9.7887,2577,0,0.15370659276867144,0.0,0.026418831359941487
-0.0093,-0.6155,9.6868,1.0613,0.0438,-4.0925,-0.02,-0.6152,9.7224,2578,0,0.15346044927854155,0.0,0.027544659174511023
0.0432,-0.8614,10.038,1.3095,7.9038,0.7347,0.0529,-0.867,10.0293,2579,0,0.0961030867038374,0.0,0.007929331010749828
-0.1632,0.1282,9.7481,-2.0873,-1.1731,5.4155,-0.1986,0.108,9.7264,2580,0,0.15370659276867144,0.0,0.01724222741666949
-0.2147,-0.0977,9.457,4.2446,3.106,2.0077,-0.2014,-0.0967,9.5138,2581,0,0.15370659276867144,0.0,0.017168262919628068
-0.0718,0.0392,9.6222,5.9905,5.782,1.5367,-0.0226,0.0092,9.6556,2582,0,0.15370659276867144,0.0,0.01636534321159887
0.0392,-0.317,9.7885,1.2443,-7.9632,1.2284,0.0155,-0.3598,9.8237,2583,0,0.14981546126865944,0.0,0.018412989750617642
0.2847,0.5244,9.4762,-5.5215,4.8649,0.0956,0.2722,0.4858,9.438,2584,0,0.15324877465926806,0.0,0.02319320953083743
0.1999,0.0254,9.8975,-0.0369,-2.5572,4.6131,0.241,0.0739,9.9128,2585,0,0.15370659276867144,0.0,0.022390289822808232
-0.1182,-0.0811,9.2846,1.0008,1.6614,1.5419,-0.1585,-0.1245,9.2879,2586,0,0.14001403957894737,0.0,0.02400319304861468
0.13,0.101,9.6291,-1.4108,0.6504,3.3626,0.183,0.0448,9.7903,2587,0,0.15370659276867144,0.0,0.02877502446159225
-0.1813,0.0416,9.5674,-0.2511,0.5844,1.5445,-0.1102,0.0827,9.5766,2588,0,0.15370659276867144,0.0,0.02377502446159225
0.3155,0.0188,9.8445,-0.6466,-0.9937,2.2378,0.3771,0.0612,9.7981,2589,0,0.15370659276867144,0.0,0.027759136161158927
0.1346,-0.0695,9.6231,-1.0835,-2.8153,-4.1726,0.1669,-0.1995,9.5695,2590,0,0.15370659276867144,0.0,0.0267885703555797
0.6221,0.1136,10.0809,-0.8503,4.0061,5.1613,0.6996,0.0826,10.1096,2591,0,0.14402125575064234,0.0,0.02319320953083743
0.4009,-0.125,9.6419,0.7161,0.9822,-0.5934,0.4195,-0.1377,9.7675,2592,0,0.15370659276867144,0.0,0.02319320953083743
-0.1423,-0.141,9.9012,1.4493,3.646,1.3581,-0.0949,-0.1846,9.887,2593,0,0.15370659276867144,0.0,0.02206738171626789
0.1147,-0.133,9.7978,-4.4766,0.8579,3.2851,-0.0398,-0.1609,9.8386,2594,0,0.15370659276867144,0.0,0.020270228200886954
0.0385,-0.2314,9.9333,2.0263,-2.8641,-4.5631,0.1193,-0.197,10.0247,2595,0,0.15370659276867144,0.0,0.015270228200886953
-0.1703,-0.0652,9.7781,2.6872,1.5045,-4.7344,-0.1035,-0.1295,9.7767,2596,0,0.15370659276867144,0.0,0.015214111193116907
0.0267,0.0691,9.7209,3.5362,4.2686,-0.4431,-0.0689,0.1008,9.6549,2597,0,0.15370659276867144,0.0,0.015182256667917594
0.235,-0.1663,10.2049,-1.7709,-3.376,-2.9156,0.3114,-0.1111,10.2232,2598,0,0.1526504524297057,0.0,0.014676350145061919
-0.0816,0.1951,9.673,4.8724,0.1689,4.6119,-0.0577,0.1784,9.7768,2599,0,0.15370659276867144,0.0,0.004676350145061918
0.2528,-0.1481,10.1351,0.6054,-2.9627,0.119,0.2801,-0.1643,10.2105,2600,0,0.15262407051682947,0.0,0.0034998795568266243
-0.0488,0.5159,9.8914,0.3086,-0.3067,3.9429,-0.0289,0.4939,9.8988,2601,0,0.15370659276867144,0.0,0.004302799264855822
-0.4297,-0.2024,9.6685,1.4816,-0.8918,2.0622,-0.3976,-0.3147,9.6267,2602,0,0.15370659276867144,0.0,0.004891034558973468
0.0333,0.1153,9.4579,-2.2769,4.2632,-1.0523,-0.0053,0.1294,9.4916,2603,0,0.15370659276867144,0.0,0.0052645854391795656
-0.4053,0.082,9.8776,-0.3414,2.0738,-1.9137,-0.4226,0.1086,9.8692,2604,0,0.15370659276867144,0.0,0.009577827977574234
0.3431,0.5199,10.0098,4.1494,3.2457,1.5718,0.3558,0.5329,10.0014,2605,0,0.15370659276867144,0.0,0.0052645854391795656
0.1444,-0.1027,9.6657,2.6082,1.1118,1.7219,0.1087,-0.1294,9.631,2606,0,0.15370659276867144,0.0,0.010092098774650463
0.2182,-0.1121,9.944,-1.058,2.3631,-6.1746,0.2009,-0.1883,10.0298,2607,0,0.15370659276867144,0.0,0.005190620942138145
0.1932,0.3319,9.3683,2.9189,-2.1255,-1.2426,0.2446,0.338,9.3199,2608,0,0.1432917157578063,0.0,0.0052645854391795656
0.1813,0.1157,10.186,1.1314,-0.1353,-5.9043,0.1856,0.1955,10.1618,2609,0,0.15370659276867144,0.0,0.014952085439179565
0.1203,0.0393,9.852,1.0984,-3.4096,4.6401,0.1312,0.0749,9.8557,2610,0,0.15370659276867144,0.0,0.014952085439179565
-0.1894,0.2668,9.5894,3.6001,-4.782,-0.0286,-0.2328,0.2564,9.5969,2611,0,0.15370659276867144,0.0,0.014952085439179565
0.0527,0.014,9.9118,0.4951,3.693,3.7591,0.0217,0.0222,9.9379,2612,0,0.15370659276867144,0.0,0.012023323605874112
-0.0111,-0.1199,9.6485,1.8679,2.0561,-3.0737,-0.0418,-0.0492,9.6226,2613,0,0.15370659276867144,0.0,0.01218142637267253
-0.2684,0.0673,9.7397,-2.0403,0.4167,4.2305,-0.2937,0.1014,9.6524,2614,0,0.15370659276867144,0.0,0.01218142637267253
0.1088,-0.1965,9.9991,0.61,-1.5447,-2.4296,0.106,-0.2299,10.0042,2615,0,0.15370659276867144,0.0,0.03218142637267253
0.146,-0.2034,9.971,0.6676,-0.4806,4.2155,0.2098,-0.2601,9.963,2616,0,0.15370659276867144,0.0,0.03218142637267253
0.4401,0.5823,9.9678,2.5949,2.4106,-0.7739,0.3922,0.5769,10.0957,2617,0,0.15355074445237718,0.0,0.02261155889999176
0.5838,-0.036,9.5076,-0.3087,0.0966,4.2883,0.5998,-0.0824,9.4917,2618,0,0.15522247095773994,0.0,0.03261155889999176
-0.115,0.0839,9.7112,-1.9898,1.894,-4.2204,-0.1645,0.1372,9.6544,2619,0,0.15370659276867144,0.0,0.021311298289418416
-0.1771,-0.1007,9.5244,-2.3422,-0.713,-2.4821,-0.1907,-0.0501,9.5239,2620,0,0.15370659276867144,0.0,0.032057636350334484
0.086,0.293,10.0089,-1.6176,-1.681,-0.1778,0.051,0.2433,9.996,2621,0,0.15370659276867144,0.0,0.03218142637267253
-0.3828,0.0782,10.0345,-3.1714,-0.7155,-1.6443,-0.3815,0.0686,10.0396,2622,0,0.15370659276867144,0.0,0.02345437835007366
-0.2669,0.3469,9.7639,3.2619,-8.5605,-0.4795,-0.2469,0.3563,9.7881,2623,0,0.14981546126865944,0.0,0.01329627558327524
-0.0307,-0.1861,9.8249,0.5295,-3.17,3.1873,-0.0787,-0.1925,9.8271,2624,0,0.15370659276867144,0.0,0.01329627558327524
0.5519,-0.5066,9.5648,2.4363,-2.0765,2.9465,0.5678,-0.4816,9.5024,2625,0,0.15361879978792273,0.0,0.012584250266819544
-0.352,-0.3763,9.8774,-0.3408,-3.4136,0.7351,-0.3992,-0.3417,9.8957,2626,0,0.15370659276867144,0.0,0.012584250266819544
-0.1593,0.4037,9.8705,-0.404,0.2346,2.4393,-0.2026,0.3554,9.9008,2627,0,0.15370659276867144,0.0,0.0030513894420772757
-0.1664,-0.0311,10.0019,2.3188,-1.0926,-1.7362,-0.2526,-0.0673,10.0513,2628,0,0.15370659276867144,0.0,0.0032979377655486765
0.2551,-0.0089,9.742,2.4228,1.5514,2.7387,0.1955,0.0292,9.7301,2629,0,0.15370659276867144,0.0,0.032226202263769974
0.0559,-0.0657,9.6775,4.1054,-1.4488,-3.9734,0.111,-0.0272,9.669,2630,0,0.15370659276867144,0.0,0.032226202263769974
0.0453,-0.0338,9.8489,-5.2237,-0.4861,6.2427,0.0772,-0.0319,9.8129,2631,0,0.15314501477372658,0.0,0.004958982145883555
-0.4381,0.4327,9.8252,-0.4332,-0.7984,3.5149,-0.5289,0.4713,9.7638,2632,0,0.15370659276867144,0.0,0.01480572544090271
-0.0696,-0.2211,9.8831,-1.7561,3.1105,-2.2391,-0.0378,-0.1415,9.9009,2633,0,0.15370659276867144,0.0,0.012736759923661332
0.0199,-0.2644,9.8618,-5.512,-2.7737,-0.6292,-0.0253,-0.2631,9.9197,2634,0,0.15370659276867144,0.0,0.002736759923661333
0.3023,-0.3945,9.9454,2.4971,1.815,-1.5266,0.2256,-0.3428,9.9773,2635,0,0.15370659276867144,0.0,0.012543662581230288
-0.2178,-0.0906,9.8629,0.9355,-2.5825,1.6781,-0.2372,-0.1238,9.8434,2636,0,0.15370659276867144,0.0,0.016736759923661335
0.1372,0.306,10.1717,1.6577,1.7268,-5.0251,0.1214,0.2983,10.2467,2637,0,0.1526504524297057,0.0,0.012736759923661332
0.5327,-0.0762,9.935,-0.7241,5.9965,1.9362,0.5331,-0.0187,10.0598,2638,0,0.15370659276867144,0.0,0.023721608408509818
0.299,0.1707,9.6515,0.3963,1.2965,-0.3146,0.3071,0.1223,9.6887,2639,0,0.15370659276867144,0.0,0.02273675992366133
-0.2476,0.4136,9.8704,1.5031,-2.4404,1.3639,-0.1892,0.4071,9.8807,2640,0,0.15370659276867144,0.0,0.02273675992366133
-0.2213,0.2389,9.8061,-0.3776,-2.53,-2.3281,-0.1501,0.2473,9.8409,2641,0,0.15370659276867144,0.0,0.033721608408509816
-0.5315,-0.0913,9.9573,-2.0543,-2.8438,2.6232,-0.5163,-0.0847,9.9442,2642,0,0.15370659276867144,0.0,0.033721608408509816
-0.1735,0.1403,9.7777,-5.1362,1.3664,1.703,-0.1592,0.0969,9.8701,2643,0,0.15370659276867144,0.0,0.023721608408509818
-0.1614,0.4816,9.7827,0.2688,-1.0972,-1.2623,-0.1098,0.489,9.7107,2644,0,0.15370659276867144,0.0,0.033721608408509816
-0.1079,0.0408,9.4791,-0.9285,6.8601,-4.6365,-0.0738,0.0727,9.434,2645,0,0.15223282400934002,0.0,0.022810724420702755
-0.1916,-0.2204,9.7443,-1.1189,-3.3573,0.0423,-0.1924,-0.231,9.836,2646,0,0.15370659276867144,0.0,0.0431678672778456
0.1598,0.0058,9.8403,-3.6316,3.5851,2.3178,0.1046,0.0269,9.8811,2647,0,0.15370659276867144,0.0,0.042810724420702745
-0.3986,-0.1109,9.8522,3.2188,-1.3407,2.919,-0.4381,-0.1627,9.8205,2648,0,0.15370659276867144,0.0,0.015382152992131326
-0.5724,0.2795,9.9447,-2.0797,0.8704,-1.5071,-0.6127,0.2457,9.9115,2649,0,0.15370659276867144,0.0,0.035187673179423395
-0.1604,-0.1993,9.7216,1.9876,1.5004,-1.6301,-0.2183,-0.1995,9.7724,2650,0,0.15370659276867144,0.0,0.03518767317942339
-0.3633,0.4308,10.1592,5.4566,2.0403,-2.2003,-0.3126,0.3541,10.1653,2651,0,0.15370659276867144,0.0,0.021549750757494452
0.0045,0.3148,9.6871,1.1212,-0.9619,0.3751,0.0786,0.3868,9.7112,2652,0,0.15370659276867144,0.0,0.011549750757494455
0.0395,-0.4085,9.7253,1.6522,-1.9248,3.2722,0.0007,-0.279,9.7251,2653,0,0.15370659276867144,0.0,0.021688639646383342
0.2817,-0.2199,10.0009,-2.7269,0.532,0.3311,0.2473,-0.2299,9.9884,2654,0,0.15370659276867144,0.0,0.012010169133212257
-0.3907,0.3603,9.9294,1.289,1.6533,0.6033,-0.3283,0.352,9.8732,2655,0,0.15370659276867144,0.0,0.025382152992131327
0.0066,0.0376,9.5184,-1.9178,2.23,-2.6533,0.0092,0.0764,9.4758,2656,0,0.15370659276867144,0.0,0.025382152992131327
0.2088,0.0255,9.2652,2.4201,-2.1686,-3.5009,0.1766,0.0268,9.19,2657,0,0.10148140368356462,0.0,0.01122889628715048
-0.1411,0.0403,9.978,1.2315,-0.5736,4.7032,-0.1499,0.06,9.88,2658,0,0.15370659276867144,0.0,0.021382152992131323
-0.3583,-0.4043,9.6151,1.4418,-0.3142,6.2281,-0.3768,-0.4175,9.6358,2659,0,0.15314501477372658,0.0,0.02522889628715048
0.0081,0.0492,10.1799,7.8627,1.1426,-3.6542,0.052,0.1033,10.1771,2660,0,0.14532349072673778,0.0,0.021382152992131323
-0.2195,-0.0946,10.1606,1.4862,-2.7191,1.6926,-0.2547,-0.1334,10.1089,2661,0,0.15370659276867144,0.0,0.011382152992131325
0.2892,-0.0272,10.0713,4.3891,0.6463,2.4154,0.2181,-0.0053,10.0644,2662,0,0.15370659276867144,0.0,0.011342312354681125
0.6998,0.0875,9.615,-1.4386,1.4707,-1.5561,0.624,0.0643,9.5895,2663,0,0.15526664212339303,0.0,0.05748160812470696
0.7757,-0.0103,9.5122,3.2192,-6.3967,-2.6875,0.8035,0.0339,9.5319,2664,0,0.15288001179871621,0.0,0.03122889628715048
-0.1455,-0.468,10.0279,-0.3952,-5.3616,0.1406,-0.1257,-0.4485,10.0372,2665,0,0.15370659276867144,0.0,0.01122889628715048
-0.2089,0.4111,9.8078,-8.1216,3.4443,2.6373,-0.2152,0.401,9.8574,2666,0,0.147664941262513,0.0,0.0011549317901090612
0.2344,0.1545,9.8324,-1.6825,0.5612,0.2472,0.2729,0.2493,9.8082,2667,0,0.15370659276867144,0.0,0.011154931790109061
0.5181,0.1251,10.3124,1.3987,-10.254,0.474,0.6062,0.1175,10.3443,2668,0,0.07469224425139524,0.0,0.03064677705363517
-0.1472,0.7263,10.1796,-3.6095,2.8193,-7.0381,-0.0954,0.7508,10.166,2669,0,0.15332723691312652,0.0,0.02064677705363517
0.5405,0.2641,9.899,-5.4436,0.9229,1.6202,0.4984,0.2317,9.899,2670,0,0.15370659276867144,0.0,0.01074598340284152
-0.2874,0.0216,9.9843,-1.4183,-0.0616,2.4271,-0.3025,-0.0084,9.9336,2671,0,0.15370659276867144,0.0,0.01074598340284152
0.058,0.0004,9.5257,4.3052,0.7369,3.5889,0.0626,-0.0105,9.4645,2672,0,0.15370659276867144,0.0,0.01074598340284152
0.0406,0.1143,9.6209,-5.8861,4.4231,0.7609,0.0989,0.1434,9.6429,2673,0,0.15370659276867144,0.0,0.011706435380242648
0.1037,-0.282,9.6669,4.4267,-4.4939,-1.3402,0.1814,-0.3357,9.6724,2674,0,0.15370659276867144,0.0,0.02074598340284152
-0.6813,0.1746,10.032,1.7706,-0.0902,-3.2732,-0.6384,0.1764,9.9792,2675,0,0.1537691488359536,0.0,0.011706435380242648
0.0449,-0.4457,9.6789,3.0363,-1.5459,3.4238,0.0915,-0.4369,9.7174,2676,0,0.15370659276867144,0.0,0.01070614276539132
-0.2377,-0.1997,9.9457,2.7528,-1.6995,-1.8381,-0.2471,-0.1379,9.8977,2677,0,0.15370659276867144,0.0,0.021944444444444447
0.295,-0.1635,9.8464,4.0612,0.0766,2.4609,0.3086,-0.1267,9.764,2678,0,0.15370659276867144,0.0,0.010099206349206349
0.2498,0.0652,10.063,2.3727,-1.3706,-2.3294,0.1679,0.0873,10.0783,2679,0,0.15370659276867144,0.0,0.010099206349206349
-0.203,-0.1471,9.7951,-0.6239,4.7948,-3.7213,-0.1484,-0.1771,9.8551,2680,0,0.15370659276867144,0.0,0.010139046986656549
0.0376,0.3586,9.9049,-5.1238,1.9212,-4.2407,0.049,0.3576,9.8863,2681,0,0.15370659276867144,0.0,0.0001390469866565484
0.5657,-0.1776,9.8152,0.1408,3.5419,0.3745,0.6266,-0.1462,9.8788,2682,0,0.15335673784406617,0.0,0.00108641540770918
0.0494,-0.4283,9.6465,-0.9564,4.721,1.3322,0.1078,-0.4538,9.6529,2683,0,0.15370659276867144,0.0,0.00108641540770918
-0.114,-0.5598,9.8871,3.7469,-2.376,1.0854,-0.0838,-0.6949,9.9004,2684,0,0.13095437056677267,0.0,0.001693351823894151
-0.0683,-0.2086,9.8737,-4.1682,-2.682,-0.1709,-0.0182,-0.2368,9.9398,2685,0,0.15370659276867144,0.0,0.0001390469866565484
-0.2013,0.5019,9.6384,-2.1584,-2.0977,2.2647,-0.0687,0.5329,9.6196,2686,0,0.15370659276867144,0.0,9.92063492063492e-05
0.034,0.2014,9.7278,2.5398,-5.0368,0.8336,-0.0132,0.2622,9.6952,2687,0,0.15370659276867144,0.0,0.02013904698665655
0.1282,0.5753,9.9275,-1.6926,3.3722,3.1357,0.1747,0.5581,9.8897,2688,0,0.15355074445237718,0.0,0.010736061912029683
0.0202,0.3656,9.5399,1.3196,-2.7855,2.8556,-0.0069,0.3074,9.523,2689,0,0.15370659276867144,0.0,0.010736061912029683
-0.186,-0.1897,9.9818,-3.3529,-3.2918,2.4542,-0.1301,-0.1941,10.0017,2690,0,0.15370659276867144,0.0,0.010696221274579483
0.4457,-0.0883,9.5179,-5.2912,0.8572,5.8761,0.4914,-0.0042,9.495,2691,0,0.15370659276867144,0.0,0.010099206349206349
0.139,-0.4068,9.9402,-2.6367,2.5464,-1.4808,0.1307,-0.3795,9.9914,2692,0,0.15370659276867144,0.0,0.010099206349206349
0.0081,0.0843,9.9558,-2.9999,-0.4899,1.0238,0.0794,0.0682,9.9826,2693,0,0.15370659276867144,0.0,0.010099206349206349
0.1782,0.0032,9.7244,1.8149,1.56,0.2858,0.2132,0.0048,9.7582,2694,0,0.15370659276867144,0.0,0.02009920634920635
-0.4955,-0.1789,9.7232,-2.1468,-0.0516,-2.815,-0.4727,-0.3254,9.6376,2695,0,0.15370659276867144,0.0,9.92063492063492e-05
0.1657,-0.2198,9.7343,-4.2557,-3.1453,-7.478,0.1421,-0.2878,9.6627,2696,0,0.1513602608214693,0.0,9.92063492063492e-05
-0.4117,-0.4342,9.4106,0.8949,-3.0739,2.1781,-0.4511,-0.4751,9.4243,2697,0,0.152968620356603,0.0,9.92063492063492e-05
-0.3289,0.3507,9.878,-1.1713,-1.643,-2.0315,-0.3932,0.3926,9.9163,2698,0,0.15370659276867144,0.0,9.92063492063492e-05
0.1141,-0.419,9.5686,-0.7049,0.5452,-0.5212,0.021,-0.438,9.5844,2699,0,0.15370659276867144,0.0,9.92063492063492e-05
-0.0913,-0.213,9.7628,-3.9006,-2.9432,2.1623,-0.0754,-0.2614,9.7178,2700,0,0.15370659276867144,0.0,9.92063492063492e-05
-0.3023,0.0937,9.5412,-3.2088,3.9167,1.1732,-0.2949,0.1471,9.5159,2701,0,0.15370659276867144,0.0,9.92063492063492e-05
0.03,0.1166,9.5729,0.1618,2.3662,-5.96,-0.0276,0.0284,9.5601,2702,0,0.15370659276867144,0.0,9.92063492063492e-05
-0.0762,-0.3578,9.7074,3.5157,2.6861,0.5938,-0.0815,-0.3255,9.7307,2703,0,0.15370659276867144,0.0,9.92063492063492e-05
-0.2396,-0.1445,10.1412,-0.0351,0.6357,2.8033,-0.2624,-0.1349,10.1968,2704,0,0.15332031675608063,0.0,9.92063492063492e-05
-0.1914,0.3903,10.0358,3.8193,3.1616,0.1527,-0.1876,0.3273,10.0138,2705,0,0.15370659276867144,0.0,9.92063492063492e-05
0.4437,0.1002,10.0524,8.7697,0.4239,-3.3958,0.4389,0.2421,10.1096,2706,0,0.12387095793136631,0.0,9.92063492063492e-05
0.1079,0.392,9.5016,2.3384,5.603,-2.6045,0.0358,0.3446,9.4567,2707,0,0.15370659276867144,0.0,9.92063492063492e-05
-0.2015,0.0067,9.8398,-3.3235,2.5931,4.2589,-0.1621,0.0338,9.8551,2708,0,0.15370659276867144,0.0,9.92063492063492e-05
-0.2705,0.0927,10.032,-0.8483,-6.1405,1.4503,-0.2803,0.0466,10.0364,2709,0,0.15370659276867144,0.0,9.92063492063492e-05
0.0326,-0.2477,9.6005,1.2163,-4.4181,-1.3395,0.0621,-0.2264,9.5831,2710,0,0.15370659276867144,0.0,9.92063492063492e-05
0.0819,0.7016,9.7466,0.3787,-4.4001,4.7485,0.0609,0.7003,9.7758,2711,0,0.15298598980126782,0.0,9.92063492063492e-05
-0.1001,-0.0249,9.8055,0.6345,-1.1857,-0.1223,-0.084,-0.0434,9.7681,2712,0,0.15370659276867144,0.0,9.92063492063492e-05
0.3641,0.0294,9.5764,-0.3282,1.0744,-1.5378,0.4019,0.0401,9.5902,2713,0,0.15370659276867144,0.0,9.92063492063492e-05
0.2038,0.3738,9.875,2.1109,0.9423,-4.9465,0.205,0.3834,9.898,2714,0,0.15370659276867144,0.0,0.06260503050615726
0.1128,0.0914,10.0938,2.0206,0.1868,-3.6699,0.0718,0.0738,10.1539,2715,0,0.15370659276867144,0.0,0.052246555242572504
0.1874,0.1706,9.4643,3.965,-0.6301,-1.7103,0.2491,0.1156,9.5102,2716,0,0.15370659276867144,0.0,0.04418166096381343
-0.1132,-0.2446,9.4154,0.3942,4.575,-0.3182,-0.1778,-0.3102,9.4005,2717,0,0.1525588014428267,0.0,0.020894429701705245
0.2064,0.0006,10.0976,-0.172,1.0336,-3.5165,0.2061,0.035,10.1462,2718,0,0.15370659276867144,0.0,0.037128218561024225
0.2982,-0.0901,9.5436,1.255,-5.0859,2.8511,0.36,-0.0921,9.6358,2719,0,0.15370659276867144,0.0,0.02196517508276336
0.2436,0.0048,9.5058,0.7874,-4.3847,3.3945,0.1597,-0.0363,9.5607,2720,0,0.15370659276867144,0.0,0.012988341105929382
0.244,0.0369,9.9304,3.7768,-2.947,1.054,0.3238,0.0471,9.9218,2721,0,0.15370659276867144,0.0,0.012988341105929382
-0.2196,-0.2797,9.8377,2.8216,-7.0526,-3.2077,-0.1709,-0.3415,9.9031,2722,0,0.1535830087878228,0.0,0.03271983224253
0.471,0.2682,9.6872,0.8307,-2.6294,-0.625,0.4068,0.2506,9.6876,2723,0,0.15370659276867144,0.0,0.052515946090368
0.3848,-0.0849,9.9001,0.8836,-0.5795,-0.549,0.408,0.0065,9.8637,2724,0,0.15370659276867144,0.0,0.026537565661327225
-0.1974,-0.6466,9.7052,5.7491,3.9634,0.2634,-0.201,-0.6415,9.6893,2725,0,0.15415238488496802,0.0,0.06799787380121136
-0.3708,0.1765,9.7778,-1.8833,0.7153,0.9912,-0.2767,0.0651,9.8278,2726,0,0.15370659276867144,0.0,0.04895832577861249
-0.3281,0.0357,9.7637,-1.974,0.028,0.2727,-0.3226,0.0585,9.7253,2727,0,0.15370659276867144,0.0,0.020454464774751494
-0.6033,-0.3452,10.1855,4.0169,1.8959,2.1345,-0.6111,-0.3019,10.2117,2728,0,0.15268662658411164,0.0,0.05306546863575535
0.0376,0.2949,9.913,-0.0767,-0.3392,-3.004,0.0856,0.3332,9.9639,2729,0,0.15370659276867144,0.0,0.03893848450877122
-0.4751,0.3562,9.7866,1.9833,0.3901,1.7994,-0.5172,0.3187,9.8364,2730,0,0.15370659276867144,0.0,0.03422856754152745
-0.2741,-0.1747,9.8312,7.0362,-3.9892,-3.3952,-0.2708,-0.1473,9.8493,2731,0,0.15242389511884455,0.0,0.03464867923958451
-0.003,-0.3398,9.8212,-1.3135,-5.1839,-3.8974,-0.0408,-0.3562,9.8541,2732,0,0.15370659276867144,0.0,0.04473894522978279
0.2185,-0.0531,9.7839,4.5354,0.7189,2.8978,0.1883,-0.1797,9.7472,2733,0,0.15370659276867144,0.0,0.05473894522978279
-0.2245,0.1893,10.1936,0.6814,-0.6325,-4.4399,-0.1251,0.1889,10.122,2734,0,0.15370659276867144,0.0,0.042507454093182157
-0.2779,0.0845,9.9873,1.9042,-2.7018,-2.6399,-0.2979,0.1068,10.0005,2735,0,0.15370659276867144,0.0,0.042686025521753594
0.29,-0.1265,9.5768,-0.2046,1.9212,3.4299,0.3245,-0.145,9.6603,2736,0,0.15370659276867144,0.0,0.05125745409318216
0.124,0.1047,9.8356,0.4858,-0.9074,-0.2986,0.1551,0.1258,9.8968,2737,0,0.15370659276867144,0.0,0.0486098954662421
0.1663,-0.1274,9.7309,4.1953,-2.4884,-1.4502,0.248,-0.0576,9.7007,2738,0,0.15370659276867144,0.0,0.033455256290984364
0.0924,0.5413,9.9652,-1.9305,3.6632,1.4704,0.0762,0.5209,9.9518,2739,0,0.15355074445237718,0.0,0.04784066469701132
-0.0284,-0.2142,9.831,-0.3549,-1.8325,0.0858,-0.1069,-0.148,9.8122,2740,0,0.15370659276867144,0.0,0.048801116674412455
0.3576,-0.7426,9.5427,-6.0036,-3.1377,-4.3952,0.3587,-0.719,9.5189,2741,0,0.15357001286770727,0.0,0.07345663876126125
0.0072,-0.303,9.6618,-4.6069,2.5636,0.4179,0.0318,-0.2756,9.5283,2742,0,0.15370659276867144,0.0,0.033524206328828826
-0.0185,0.2,10.0765,-2.3391,4.9297,1.2322,-0.1019,0.1387,10.0508,2743,0,0.15370659276867144,0.0,0.028402927536999183
-0.2582,0.0333,9.9401,-4.7865,-1.4592,4.5655,-0.2818,-0.016,9.9047,2744,0,0.15370659276867144,0.0,0.057532768816772745
0.1272,0.2859,9.6655,2.7955,1.6346,-2.5831,0.1504,0.264,9.6911,2745,0,0.15370659276867144,0.0,0.03818072079417388
0.0964,0.2152,9.738,1.1347,5.3231,0.254,0.147,0.2341,9.654,2746,0,0.15370659276867144,0.0,0.03272006634744562
-0.0059,-0.1034,9.9826,-4.8556,-3.0526,0.6045,0.0322,-0.1472,9.9508,2747,0,0.15370659276867144,0.0,0.041373350119762335
-0.2353,0.178,10.1043,1.3904,0.2666,-1.7301,-0.3112,0.1773,10.1013,2748,0,0.15370659276867144,0.0,0.05148814865756988
0.7189,-0.2968,9.5137,2.4463,-2.8574,-8.114,0.7547,-0.4077,9.4279,2749,0,0.13165767542344461,0.0,0.021875459994342226
-0.205,-0.0235,10.0506,2.7228,1.1695,3.4554,-0.2479,-0.0871,9.9543,2750,0,0.15370659276867144,0.0,0.020078230474399543
0.3031,-0.263,10.0144,-5.0129,-2.3158,4.7597,0.3121,-0.3084,9.9701,2751,0,0.15370659276867144,0.0,0.000604546263873227
0.0447,-0.3233,9.9391,1.7582,-3.9557,-8.1876,0.0695,-0.3637,9.972,2752,0,0.15129144459913302,0.0,0.003171006553046676
-0.2793,0.4486,9.8273,-1.4202,1.3726,-1.54,-0.2905,0.398,9.8651,2753,0,0.15370659276867144,0.0,0.0021332707039900724
-0.1049,-0.0677,9.6863,-2.7994,-0.2826,-5.6154,-0.0836,-0.0624,9.7332,2754,0,0.15370659276867144,0.0,0.00247085138169135
0.2132,0.1953,10.137,4.0634,-0.454,-5.2549,0.2556,0.158,10.189,2755,0,0.1533321728497886,0.0,0.002303253616328222
-0.0773,-0.1131,9.7174,-0.4909,0.7788,4.1885,-0.0208,-0.086,9.707,2756,0,0.15370659276867144,0.0,0.0024722545732170954
0.3147,0.1148,9.9211,4.4583,0.0138,5.1773,0.2618,0.1616,9.8362,2757,0,0.15370659276867144,0.0,0.018594138052865937
0.2072,-0.173,9.7922,-1.8154,2.4181,-0.4049,0.2027,-0.1878,9.8563,2758,0,0.15370659276867144,0.0,0.008594138052865938
-0.5045,-0.0754,9.7406,1.5893,0.3454,-1.5978,-0.5769,-0.0771,9.7466,2759,0,0.15370659276867144,0.0,0.0029039487241223926
0.028,0.0564,9.9176,1.8395,5.8356,-1.2379,0.031,-0.0126,9.8994,2760,0,0.15370659276867144,0.0,0.012762470891610079
-0.303,-0.275,10.1275,-0.5909,-3.0977,-0.6706,-0.3386,-0.3072,10.1369,2761,0,0.15370659276867144,0.0,0.013142472990680151
0.125,-0.0971,9.7567,-0.0248,-3.3043,-3.3912,0.128,-0.1175,9.8012,2762,0,0.15370659276867144,0.0,0.012280543180766705
0.4722,-0.3338,9.8977,-3.0673,-0.8468,-0.2892,0.5118,-0.315,9.8578,2763,0,0.15370659276867144,0.0,0.0012428073317101
0.9179,0.2083,9.755,2.5417,2.5287,-1.3647,0.8739,0.2525,9.7275,2764,0,0.1923575513831557,0.0,0.07199738704137623
-0.591,0.2243,9.6058,2.5915,2.7123,2.0994,-0.5194,0.341,9.5585,2765,0,0.15370659276867144,0.0,0.041861031449517264
0.2058,-0.0345,9.5679,-1.8756,0.1757,-2.4359,0.1012,0.0362,9.644,2766,0,0.15370659276867144,0.0,0.0428214834269184
-0.4638,0.2118,10.0759,3.2225,3.386,-3.0484,-0.472,0.0774,10.1089,2767,0,0.15370659276867144,0.0,0.06186103144951726
0.1703,-0.1985,9.8476,3.1598,2.7107,-3.1819,0.1579,-0.2597,9.8156,2768,0,0.15370659276867144,0.0,0.06811103144951726
0.0621,0.2293,9.5347,-4.6141,3.8044,3.3033,0.0257,0.2541,9.5684,2769,0,0.15370659276867144,0.0,0.058111031449517264
-0.2419,-0.2218,9.7091,2.5565,-1.1194,-0.2203,-0.2165,-0.1958,9.5983,2770,0,0.15370659276867144,0.0,0.03186103144951727
-0.3587,-0.8569,9.8594,0.4858,1.6233,-2.197,-0.4024,-0.8902,9.814,2771,0,0.10930248333879708,0.0,0.03068212824010914
0.2486,0.0106,9.7321,1.4898,2.4662,-2.0172,0.1821,0.0163,9.7422,2772,0,0.15370659276867144,0.0,0.02082735517746827
0.015,0.2542,10.006,-0.9312,2.6562,-1.4001,0.0125,0.2539,9.9973,2773,0,0.15370659276867144,0.0,0.0114527842681326
0.1268,-0.0654,9.8922,0.3312,-2.3815,3.6768,0.1375,-0.0459,9.882,2774,0,0.15370659276867144,0.0,0.011331653716315641
-0.062,0.026,10.0604,2.0037,1.0729,-1.688,-0.0467,0.0084,10.0995,2775,0,0.15370659276867144,0.0,0.013833736649084983
-0.6727,-0.2979,9.6042,-2.954,-7.329,-5.8033,-0.7637,-0.265,9.6047,2776,0,0.12846365880840216,0.0,0.037581653716315645
0.153,-0.1564,9.8208,2.7829,-3.7238,-6.7765,0.1427,-0.2274,9.7589,2777,0,0.1532405209942328,0.0,0.027581653716315647
0.1444,0.0179,9.8544,1.0564,-0.9935,1.8186,0.1502,0.0308,9.8567,2778,0,0.15370659276867144,0.0,0.039986702482810194
-0.188,0.0662,9.5992,-3.2718,2.7832,0.0222,-0.0934,0.039,9.6117,2779,0,0.15370659276867144,0.0,0.030934070903862826
-0.1591,0.4546,9.7275,-2.5293,-9.5898,-3.1587,-0.1016,0.4978,9.8246,2780,0,0.14843464506915963,0.0,0.01923618282654427
0.0538,-0.163,9.8137,4.0858,-1.5415,2.3472,-0.0088,-0.1427,9.841,2781,0,0.15370659276867144,0.0,0.028754255115700903
0.1396,0.5863,9.6284,1.9169,-1.8201,0.3037,0.0229,0.6113,9.6434,2782,0,0.15318370441863025,0.0,0.020262191623637404
0.1882,-0.0142,9.7897,-3.8737,0.9577,2.4127,0.1333,-0.0149,9.7954,2783,0,0.15370659276867144,0.0,0.02012330273474852
-0.1767,0.0443,9.9628,1.2118,-0.8151,1.2872,-0.1428,0.1066,9.9262,2784,0,0.15370659276867144,0.0,0.0402621916236374
-0.3028,-0.7863,9.7786,-5.7782,-1.3194,-1.5737,-0.2856,-0.8755,9.8838,2785,0,0.10281403556773312,0.0,0.05012330273474852
0.3379,-0.0808,9.8825,-4.2145,2.2636,-0.1007,0.3716,-0.1448,9.8983,2786,0,0.15370659276867144,0.0,0.050605230445591884
0.2401,0.2109,9.7387,6.7912,-0.2772,-3.4706,0.271,0.1491,9.6882,2787,0,0.15242389511884455,0.0,0.020605230445591892
0.5526,0.8174,9.6449,1.9585,3.9076,0.5647,0.5887,0.8285,9.6294,2788,0,0.12977520167605588,0.0,0.0014969861645067139
-0.0607,0.3599,9.6874,-4.5734,0.6403,-0.7824,-0.0455,0.3801,9.6881,2789,0,0.15370659276867144,0.0,0.011978913875350085
-0.5549,0.3582,10.0664,2.2845,-1.9357,4.1734,-0.5611,0.3427,10.1523,2790,0,0.15370659276867144,0.0,0.0014969861645067139
0.4903,-0.1329,9.6672,-2.7467,-5.7608,-4.1558,0.4779,-0.1588,9.6473,2791,0,0.15370659276867144,0.0,0.012661042115459226
0.2716,-0.322,9.5424,6.5751,2.8607,-1.8835,0.3109,-0.2909,9.5143,2792,0,0.1528511125999369,0.0,0.0014969861645067139
-0.5884,-0.4397,9.5231,-6.7365,1.3685,-3.2132,-0.6443,-0.4754,9.5605,2793,0,0.15370659276867144,0.0,0.011397779815300364
-0.3467,-0.0422,9.975,-5.5439,0.6955,0.681,-0.3491,-0.0151,9.925,2794,0,0.15370659276867144,0.0,0.011397779815300364
-0.194,0.5095,9.6776,-3.1631,-1.43,1.5512,-0.1737,0.5358,9.6469,2795,0,0.15370659276867144,0.0,0.011397779815300364
0.8686,-0.3499,9.9278,-1.3709,0.6583,-3.7999,0.8794,-0.3219,9.9246,2796,0,0.17346235985942238,0.0,0.0013977798153003648
0.5356,-0.3581,9.5784,1.9758,6.5043,9.0889,0.523,-0.3461,9.5717,2797,0,0.15384436782167424,0.0,0.021373683429758195
-0.2268,-0.005,10.0274,-2.3766,-0.3537,-0.6342,-0.1595,0.0175,9.973,2798,0,0.15370659276867144,0.0,0.021373683429758195
0.0832,0.1002,9.4893,0.1185,2.5638,0.045,0.1141,0.1633,9.5195,2799,0,0.15370659276867144,0.0,0.0016410898097859352
-0.1117,0.0168,9.9921,5.8212,1.8556,-0.2258,-0.1455,0.0832,10.0283,2800,0,0.15370659276867144,0.0,0.0016410898097859352
-0.2858,-0.0976,9.9113,-2.5358,-1.2852,2.8853,-0.3553,-0.0067,9.9461,2801,0,0.15370659276867144,0.0,0.0016022548583296248
-0.2413,0.2667,9.3667,5.2414,1.3504,2.3011,-0.3009,0.3056,9.3578,2802,0,0.14799429226848868,0.0,0.011626351243871793
0.2796,0.1346,9.6538,3.1607,-0.4601,5.6253,0.2554,0.2133,9.6699,2803,0,0.15370659276867144,0.0,0.0016263512438717933
0.1699,-0.0586,9.8585,2.3597,0.3172,-1.8506,0.2054,-0.0779,9.9339,2804,0,0.15370659276867144,0.0,0.0016651861953281039
0.4672,-0.1115,9.8628,-7.3808,-2.731,0.2565,0.4097,-0.1196,9.7859,2805,0,0.1519533231313492,0.0,0.011436614766756675
0.0607,0.5317,9.7911,-2.7585,1.3824,-0.9037,0.0923,0.4889,9.7816,2806,0,0.15355074445237718,0.0,0.011436614766756675
-0.2302,-0.0925,9.9523,1.6812,-2.6626,-3.2798,-0.1613,-0.0266,9.9793,2807,0,0.15370659276867144,0.0,0.011397779815300364
0.0832,0.1313,9.5987,2.1557,-2.1103,0.4127,0.0767,0.1325,9.7407,2808,0,0.15370659276867144,0.0,0.011397779815300364
0.1326,0.6517,9.8997,-2.2953,-0.9287,-1.264,0.1186,0.7284,9.8873,2809,0,0.14970016828206456,0.0,0.0016263512438717933
0.3356,0.1415,9.8156,2.0095,0.8074,-7.8804,0.3359,0.1564,9.8615,2810,0,0.1513602608214693,0.0,0.0020464952151913406
0.0485,-0.5617,10.0469,1.6787,3.6009,5.5994,0.0066,-0.5213,10.0501,2811,0,0.15370659276867144,0.0,0.0020464952151913406
0.0865,-0.3018,9.4729,-3.6347,-0.6777,-2.7555,0.0893,-0.41,9.4827,2812,0,0.15370659276867144,0.0,0.0020464952151913406
0.0248,-0.329,9.4066,-2.7503,-0.297,0.1439,0.0419,-0.3166,9.4418,2813,0,0.1534046229755623,0.0,0.01204649521519134
0.28,-0.1295,9.6094,3.1336,-0.4715,1.5319,0.319,-0.0813,9.6279,2814,0,0.15370659276867144,0.0,0.0015427310488058152
0.1273,0.102,9.6614,-2.4073,4.3631,0.3604,0.1615,0.1148,9.6589,2815,0,0.15370659276867144,0.0,0.0015427310488058152
0.0092,-0.032,10.0638,-2.0543,-2.3895,-6.4115,-0.0443,-0.0681,9.991,2816,0,0.15370659276867144,0.0,0.0013141596202343867
-0.1199,0.1751,9.9577,-2.3067,-0.346,6.4988,-0.0862,0.1596,10.0499,2817,0,0.15314501477372658,0.0,0.0013141596202343867
0.0673,0.1679,9.7401,2.6733,2.2698,-1.04,0.0935,0.1486,9.7324,2818,0,0.15370659276867144,0.0,0.0013141596202343867
0.2426,-0.3535,10.1342,0.1276,-3.9703,4.5901,0.1899,-0.2569,10.216,2819,0,0.15262407051682947,0.0,0.011314159620234385
0.42,-0.2507,10.1182,1.5966,-4.1275,3.4221,0.49,-0.178,10.243,2820,0,0.1526504524297057,0.0,0.011314159620234385
-0.3617,-0.0298,9.8553,-1.871,-3.807,1.4951,-0.3562,-0.0583,9.919,2821,0,0.15370659276867144,0.0,0.0013141596202343867
0.2609,0.2476,9.559,2.9146,0.5483,-1.8746,0.1687,0.3715,9.5843,2822,0,0.15370659276867144,0.0,0.011314159620234385
0.1385,-0.1155,9.823,0.5436,-0.0624,-0.7416,0.1071,-0.1249,9.8251,2823,0,0.15370659276867144,0.0,0.0013141596202343867
-0.0587,0.4508,9.9604,2.5502,-2.0102,-1.1849,-0.0675,0.5063,9.9462,2824,0,0.15370659276867144,0.0,0.0013141596202343867
-0.4522,-0.1834,10.0123,-4.3858,-1.8726,0.541,-0.3396,-0.176,9.971,2825,0,0.15370659276867144,0.0,0.0013141596202343867
-0.3038,0.1093,10.0705,-1.6975,1.4787,-2.5548,-0.25,0.0574,10.0944,2826,0,0.15370659276867144,0.0,0.011314159620234385
0.0596,-0.1128,9.9088,-1.4306,2.6199,9.3935,0.0389,-0.0786,9.8711,2827,0,0.15038143659392814,0.0,0.0015427310488058152
0.2345,0.311,9.7774,-3.7007,0.0909,0.096,0.2069,0.267,9.7524,2828,0,0.15370659276867144,0.0,0.0015427310488058152
0.1058,-0.1676,9.9053,2.3241,3.0036,6.3675,0.0664,-0.2733,9.8552,2829,0,0.15314501477372658,0.0,0.0015427310488058152
0.0812,0.0743,9.8129,1.5638,-3.693,-0.4568,0.0949,0.0254,9.8211,2830,0,0.15370659276867144,0.0,0.010962698412698414
-0.333,-0.1868,10.0709,-0.649,-3.3397,-2.2351,-0.2911,-0.2435,10.108,2831,0,0.15370659276867144,0.0,0.010962698412698414
-0.1674,-0.3808,9.5639,-2.6494,-1.2369,-1.5996,-0.285,-0.3721,9.6041,2832,0,0.15370659276867144,0.0,0.010962698412698414
-0.0555,-0.7684,9.8049,3.3911,3.9408,-4.543,-0.0932,-0.7246,9.7406,2833,0,0.150978956416325,0.0,0.010962698412698414
0.0801,0.0467,10.1672,-2.5089,2.2668,-0.2444,0.1077,0.1034,10.2249,2834,0,0.1526504524297057,0.0,0.0009626984126984127
0.0934,0.178,9.8727,1.6618,0.7415,6.0123,0.0427,0.1433,9.9278,2835,0,0.15370659276867144,0.0,0.010962698412698414
-0.166,-0.1636,9.8839,1.7395,2.6327,0.6928,-0.1611,-0.1354,9.8853,2836,0,0.15370659276867144,0.0,0.010962698412698414
-0.7143,0.483,9.8408,1.8427,-3.6241,-3.6883,-0.7308,0.5618,9.8504,2837,0,0.15038614475527906,0.0,0.0009626984126984127
0.38,-0.15,9.8217,-0.9506,-5.3333,-3.4799,0.4017,-0.0724,9.7503,2838,0,0.15370659276867144,0.0,0.010962698412698414
-0.0275,-0.202,10.0111,-0.4951,-0.8113,5.3802,-0.0717,-0.2116,10.0164,2839,0,0.15370659276867144,0.0,0.011216054694970357
-0.3399,-0.1611,9.6483,-0.6028,3.6633,-2.1843,-0.3532,-0.1846,9.6632,2840,0,0.15370659276867144,0.0,0.0012160546949703576
0.2785,-0.1722,9.9823,-2.1538,0.2707,-0.9914,0.3057,-0.1892,9.9791,2841,0,0.15370659276867144,0.0,0.011216054694970357
-0.3445,0.2723,9.7967,-2.9453,-1.8108,5.5146,-0.3344,0.1763,9.8523,2842,0,0.15370659276867144,0.0,0.011216054694970357
-0.174,0.0758,9.7619,-5.6857,0.567,-2.8738,-0.1737,0.0821,9.7755,2843,0,0.15370659276867144,0.0,0.004451348812617417
0.019,-0.04,10.0875,-6.9819,-3.8314,-4.6479,-0.062,-0.0224,10.0665,2844,0,0.15370659276867144,0.0,0.004451348812617417
0.0439,-0.242,9.8291,2.0611,-2.1428,2.6428,0.0636,-0.2128,9.7868,2845,0,0.15370659276867144,0.0,0.014491189450067615
-0.0943,-0.2729,9.5507,2.1462,-0.3012,-3.7252,-0.0806,-0.328,9.5274,2846,0,0.15370659276867144,0.0,0.01755170344302252
-0.2469,0.5938,9.811,-1.6824,-1.7422,-0.5448,-0.2888,0.6032,9.8187,2847,0,0.15318370441863025,0.0,0.014705877263005863
0.0168,0.0239,9.6512,2.5712,1.2891,-0.1431,0.0425,0.0401,9.6816,2848,0,0.15370659276867144,0.0,0.014705877263005863
0.2509,0.2078,9.912,-3.211,10.2653,6.2354,0.2883,0.1655,9.9289,2849,0,0.12935560753296418,0.0,0.037545981107402635
0.0913,-0.0403,9.8983,-3.0284,-0.3305,-7.0489,0.0546,-0.0528,9.891,2850,0,0.1532405209942328,0.0,0.03750614046995244
-0.1643,-0.318,9.9597,-6.8529,-3.1627,-0.2857,-0.1295,-0.3761,9.9882,2851,0,0.15370659276867144,0.0,0.037545981107402635
0.1982,-0.5393,9.7987,-8.3719,0.6986,-4.9321,0.2237,-0.4767,9.8102,2852,0,0.14708498986153506,0.0,0.10650269402244449
0.0064,-0.4406,9.8201,-2.6502,-6.087,2.3442,0.0819,-0.4712,9.7494,2853,0,0.15370659276867144,0.0,0.10658457354134838
0.4475,0.1888,9.6761,-0.4718,-1.7764,-5.577,0.4066,0.2364,9.7292,2854,0,0.15370659276867144,0.0,0.11578165383331919
-0.2544,-0.2339,9.9556,-5.861,-5.8945,-0.42,-0.3461,-0.2545,9.9547,2855,0,0.15370659276867144,0.0,0.11578165383331919
-0.3842,0.1233,9.514,-4.6231,0.9399,-4.1756,-0.4057,0.1676,9.6028,2856,0,0.15370659276867144,0.0,0.12150269402244449
0.3252,0.1089,9.7282,0.9844,2.7231,0.5105,0.4401,0.1508,9.6758,2857,0,0.15370659276867144,0.0,0.09650269402244449
0.079,0.0653,9.8317,-0.8405,-2.1614,-1.3215,0.0391,0.0728,9.8203,2858,0,0.15370659276867144,0.0,0.10705824957800004
0.5862,-0.2405,10.1747,-3.5876,1.899,5.7016,0.5586,-0.2963,10.113,2859,0,0.15208732668341593,0.0,0.09721635234479846
-0.1221,-0.0163,10.0399,-4.2718,-3.2009,-0.3514,-0.0627,0.0754,10.0916,2860,0,0.15370659276867144,0.0,0.10408461978717398
-0.0661,-0.6867,9.6759,0.3045,-2.2201,1.4423,-0.0691,-0.7461,9.6796,2861,0,0.1518027893596404,0.0,0.12315728625114479
0.329,0.2326,9.7909,-2.2632,-3.6825,-1.7694,0.3081,0.2202,9.8347,2862,0,0.15370659276867144,0.0,0.09315728625114479
-0.3603,0.356,9.666,1.0417,2.0895,3.2792,-0.4118,0.3568,9.6773,2863,0,0.15370659276867144,0.0,0.11306123499893901
0.0453,-0.1583,9.7891,-2.6794,0.2724,-2.2382,-0.0075,-0.0814,9.8141,2864,0,0.15370659276867144,0.0,0.13306123499893902
0.2548,-0.0021,10.1299,1.1206,-0.0489,-3.3713,0.2515,0.0053,10.1272,2865,0,0.15370659276867144,0.0,0.13278949586850422
0.1506,0.4322,9.9059,2.3246,-5.8678,2.7263,0.0866,0.4368,9.9345,2866,0,0.15370659276867144,0.0,0.11289363723357589
-0.016,-0.1417,9.8367,-0.2193,-4.7334,0.6213,-0.0555,-0.1213,9.814,2867,0,0.15370659276867144,0.0,0.11306123499893901
0.4033,0.4963,9.9146,-2.4768,-0.1498,5.1442,0.4701,0.4362,9.8093,2868,0,0.15370659276867144,0.0,0.10161704148889504
0.3522,-0.1427,9.7663,1.5784,-0.8433,3.2779,0.3457,-0.1157,9.6947,2869,0,0.15370659276867144,0.0,0.10289363723357589
-0.2184,-0.7669,9.44,-4.249,0.9681,0.506,-0.2202,-0.7962,9.4685,2870,0,0.1501037549784749,0.0,0.08497574909026424
0.0193,-0.167,9.9426,-5.4803,6.9467,-1.1599,-0.0378,-0.1598,9.9356,2871,0,0.1515073908928257,0.0,0.12350400995982946
0.0741,0.2832,9.8984,-1.4843,-6.5343,-3.0468,0.0692,0.2479,9.921,2872,0,0.15370659276867144,0.0,0.12273477919059869
0.2834,0.2181,9.988,-0.3495,-1.3647,5.9602,0.41,0.1762,9.9585,2873,0,0.15370659276867144,0.0,0.12360815132490112
-0.0575,0.0089,9.9727,-4.0186,-0.511,-0.8742,-0.0788,0.0557,9.885,2874,0,0.15370659276867144,0.0,0.12188069050646394
-0.0483,0.0334,9.5893,-1.3601,0.5557,4.3504,0.0122,0.0448,9.539,2875,0,0.15370659276867144,0.0,0.09264992127569471
0.1458,0.2901,9.9908,1.7311,-4.5196,-1.5283,0.0997,0.359,10.0325,2876,0,0.15370659276867144,0.0,0.10264992127569471
0.084,0.3907,9.7862,-1.8224,4.016,0.4208,0.126,0.5436,9.7671,2877,0,0.15370659276867144,0.0,0.09104331665783182
-0.1412,0.2448,9.7329,2.9241,-0.5961,-0.5291,-0.1402,0.2105,9.6671,2878,0,0.15370659276867144,0.0,0.0850433166578318
-0.5717,-0.1435,10.0564,1.4198,1.3008,-5.3932,-0.6109,-0.1014,10.0993,2879,0,0.15370659276867144,0.0,0.09077157752739703
0.3629,-0.2846,9.9346,1.4312,3.0308,2.2478,0.3721,-0.2578,9.9213,2880,0,0.15370659276867144,0.0,0.09155134818308654
0.3362,0.1172,10.1608,0.1577,3.1826,-2.4738,0.3603,0.0866,10.198,2881,0,0.15262407051682947,0.0,0.09035134818308652
-0.422,0.2108,10.1037,3.136,3.0516,0.9071,-0.4465,0.3163,10.0665,2882,0,0.15370659276867144,0.0,0.04503347642319566
0.7398,0.2117,9.6114,-6.1615,-4.4607,1.4423,0.7123,0.2465,9.5307,2883,0,0.1540117440973644,0.0,0.0434033233220992
-0.1354,0.0213,10.1386,5.0987,1.6814,-0.2167,-0.127,-0.0106,10.141,2884,0,0.15370659276867144,0.0,0.042885451562208333
0.1297,0.4785,9.6761,0.2149,2.7578,0.721,0.1423,0.4267,9.7547,2885,0,0.15370659276867144,0.0,0.05315069174315183
0.0573,0.1185,9.6433,3.1562,-1.0536,6.3061,0.0857,0.087,9.6607,2886,0,0.15314501477372658,0.0,0.0422033233220992
0.054,-0.373,10.1087,-4.2512,-0.7587,-3.6359,0.0497,-0.3976,10.1202,2887,0,0.15370659276867144,0.0,0.06991748884326227
0.6266,-0.0877,9.5841,-2.684,-0.0215,-2.3127,0.6553,-0.1564,9.5859,2888,0,0.1552609261690157,0.0,0.0270033233220992
-0.0144,-0.5332,9.9112,5.6009,0.883,-7.0117,0.0322,-0.6516,9.9198,2889,0,0.13631728038381716,0.0,0.03744046318590224
0.0128,-0.2243,9.6624,-5.8033,-1.0845,6.1557,0.0317,-0.0662,9.6384,2890,0,0.15370659276867144,0.0,0.03250868104982597
-0.1076,-0.7887,9.9938,0.1792,-4.0321,-1.3458,-0.0793,-0.7884,9.9153,2891,0,0.14987801447721344,0.0,0.08484084210502289
0.1128,0.6595,9.6189,0.212,0.051,-4.6505,0.1089,0.6931,9.6095,2892,0,0.15318639361380146,0.0,0.09125388558328375
-0.646,0.0428,10.2479,-0.5605,2.1594,-1.9644,-0.5933,0.0073,10.2029,2893,0,0.15268662658411164,0.0,0.019677294829653164
0.4483,0.2716,9.8672,-2.3929,-2.5573,-1.9238,0.4589,0.2394,9.932,2894,0,0.15370659276867144,0.0,0.011140979315881826
-0.0449,0.2903,9.5907,-0.1226,-0.1274,1.2495,0.0286,0.2906,9.6736,2895,0,0.15370659276867144,0.0,0.0175540227941427
-0.1126,0.2938,10.0481,4.9508,0.0624,-0.3197,-0.1644,0.3048,10.0473,2896,0,0.15370659276867144,0.0,0.011851485393945482
-0.4335,-0.1971,9.8149,-0.3899,1.0053,-2.6875,-0.3233,-0.1919,9.7083,2897,0,0.15370659276867144,0.0,0.0018514853939454814
0.0474,-0.3225,9.6199,-2.652,6.6256,0.0302,0.1049,-0.2628,9.7019,2898,0,0.15370659276867144,0.0,0.011851485393945482
-0.119,0.1291,9.9774,-0.8552,0.4182,2.5004,-0.0818,0.1645,9.9344,2899,0,0.15370659276867144,0.0,0.019159423069762302
0.0673,0.1717,9.6392,-1.1109,2.1307,0.9002,0.0407,0.1244,9.6277,2900,0,0.15370659276867144,0.0,0.0018231075559909677
0.063,-0.258,9.7425,-1.0644,0.9876,-0.5668,0.0878,-0.2866,9.7427,2901,0,0.15370659276867144,0.0,0.0018231075559909677
-0.1928,0.2124,9.6205,-4.1467,6.3449,0.2868,-0.2079,0.2772,9.6292,2902,0,0.15370659276867144,0.0,0.0019201417222657572
0.0013,-0.0112,10.2606,5.0175,-0.2912,1.7515,-0.0936,0.0381,10.3003,2903,0,0.14702299012714093,0.0,0.002152699861800641
-0.1871,0.7798,10.2305,1.1213,-0.6657,-1.1233,-0.2975,0.8385,10.2535,2904,0,0.10965964920953343,0.0,0.0019010989528975217
-0.0312,0.3731,9.7302,-2.0329,-1.0039,6.4681,-0.075,0.3808,9.6893,2905,0,0.15314501477372658,0.0,0.0019010989528975217
-0.144,-0.3368,9.5556,-0.7182,1.3767,0.9403,-0.1336,-0.3933,9.507,2906,0,0.15370659276867144,0.0,0.026736392740090924
0.4605,-0.0718,10.1182,2.0868,0.0399,0.1684,0.4872,-0.0752,10.0802,2907,0,0.15370659276867144,0.0,0.014273022776720963
-0.1726,-0.0368,9.793,1.0712,0.4408,1.0619,-0.1477,0.0359,9.7363,2908,0,0.15370659276867144,0.0,0.014053242556940742
0.193,-0.1576,9.6947,-1.8488,0.3804,-1.8332,0.2253,-0.2277,9.6047,2909,0,0.15370659276867144,0.0,0.01700813187052571
0.5584,-0.0779,9.5144,3.1892,-0.6058,-3.0951,0.4883,0.0102,9.5026,2910,0,0.15361879978792273,0.0,0.014593535597233783
0.1199,-0.1463,9.8059,-2.6003,2.2519,-5.2688,0.0914,-0.1822,9.8157,2911,0,0.15370659276867144,0.0,0.0045935355972337825
-0.0233,-0.1565,9.8758,2.5472,-1.8866,-0.2125,-0.008,-0.035,9.892,2912,0,0.15370659276867144,0.0,0.006736392740090925
-0.4414,-0.5298,9.7974,-3.9436,5.386,-0.4686,-0.4246,-0.5692,9.7947,2913,0,0.15360476376730087,0.0,0.032755765778804485
0.0061,-0.0117,10.0972,1.1904,1.5342,4.7456,0.1169,-0.07,10.0583,2914,0,0.15370659276867144,0.0,0.016736392740090922
-0.209,0.0473,9.9145,-4.6071,-1.9907,9.7097,-0.1943,0.0204,9.9729,2915,0,0.15155123034165113,0.0,0.007320785727418103
-0.4934,-0.3373,9.2282,0.5581,2.1238,4.99,-0.5547,-0.3407,9.2256,2916,0,0.10080782668500773,0.0,0.0019333480057278224
0.043,-0.0815,9.7339,-1.0742,-3.0108,-0.9376,0.1283,0.0181,9.7621,2917,0,0.15370659276867144,0.0,0.0019333480057278224
-0.3901,0.6073,9.5649,-1.2764,-2.2484,-6.2855,-0.4242,0.6196,9.6022,2918,0,0.15318370441863025,0.0,0.011933348005727823
0.6666,-0.0451,10.2731,0.3063,-2.6746,2.5878,0.6293,0.0734,10.3125,2919,0,0.11816468531024707,0.0,0.011933348005727823
0.0623,0.5538,9.6849,0.5129,0.3248,-2.7625,0.0772,0.5125,9.6936,2920,0,0.15355074445237718,0.0,0.011646924410055673
-0.0378,0.4083,9.7631,2.2917,-2.3102,1.6463,-0.035,0.4089,9.7419,2921,0,0.15370659276867144,0.0,0.011646924410055673
-0.1528,-0.2724,9.7047,-1.3825,-1.0125,-2.3193,-0.1486,-0.2593,9.7091,2922,0,0.15370659276867144,0.0,0.011646924410055673
-0.43,-0.1757,10.1068,2.0213,0.375,-1.9731,-0.4398,-0.2058,10.1098,2923,0,0.15370659276867144,0.0,0.02856965029992485
0.3826,0.3316,9.9226,-2.2838,0.0694,1.2403,0.359,0.3282,9.8504,2924,0,0.15370659276867144,0.0,0.012253860826240644
0.142,-0.4606,9.83,0.7335,4.2664,-2.0189,0.1527,-0.4649,9.8022,2925,0,0.15370659276867144,0.0,0.020182553525731305
0.1649,0.1044,9.6439,-2.5113,5.1573,1.6158,0.167,0.1548,9.6312,2926,0,0.15370659276867144,0.0,0.020182553525731305
0.4464,-0.009,9.7286,1.6271,3.1327,2.2348,0.3808,0.0298,9.7503,2927,0,0.15370659276867144,0.0,0.013866764052047094
0.381,-0.0056,9.8705,-6.0016,0.8947,5.4797,0.3743,-0.0122,9.9539,2928,0,0.15370659276867144,0.0,0.002253860826240643
0.175,-0.0555,9.9493,3.2452,-2.2305,-2.4045,0.2024,-0.1204,9.9526,2929,0,0.15370659276867144,0.0,0.0039055990035034055
-0.054,0.1264,9.9552,-2.2256,6.6153,0.7156,-0.0666,0.1902,9.9752,2930,0,0.15370659276867144,0.0,0.013866764052047094
-0.3548,-0.0284,9.9323,-3.1291,-1.45,1.5178,-0.4531,0.0187,9.9252,2931,0,0.15370659276867144,0.0,0.003546251231534274
-0.0132,-0.3731,9.6201,4.3767,2.5142,-1.2986,-0.0349,-0.4197,9.6226,2932,0,0.15370659276867144,0.0,0.003546251231534274
-0.0913,0.0187,9.9717,3.1392,-2.8509,4.4749,-0.1186,0.0858,9.9711,2933,0,0.15370659276867144,0.0,0.017641298547930923
0.0478,0.0376,9.8456,-4.2035,4.3074,5.7205,0.0215,0.0795,9.8522,2934,0,0.15370659276867144,0.0,0.017641298547930923
0.0931,-0.2144,10.0215,3.5189,-3.9825,0.5208,0.1572,-0.2546,10.1147,2935,0,0.15370659276867144,0.0,0.008222432607980647
-0.0723,-0.1303,9.8228,1.762,-3.9537,-2.8037,-0.0353,-0.1701,9.8125,2936,0,0.15370659276867144,0.0,0.008123226258774298
0.6118,-0.2408,10.0172,2.2792,-6.6168,2.9678,0.5651,-0.2571,10.0097,2937,0,0.15208732668341593,0.0,0.0023530671754469924
0.0342,-0.338,9.5888,0.1062,-1.8108,0.6256,0.1217,-0.3116,9.5954,2938,0,0.15370659276867144,0.0,0.018123226258774293
0.4461,-0.1899,9.6264,5.6267,0.0604,0.3052,0.4537,-0.2324,9.6387,2939,0,0.15370659276867144,0.0,0.015262351536165184
-0.2401,0.1107,9.985,-5.1034,0.1473,2.777,-0.2619,0.1618,9.9676,2940,0,0.15370659276867144,0.0,0.020136523721595648
0.7893,0.5573,9.9292,-2.982,-5.4641,-1.5179,0.8057,0.6156,9.8777,2941,0,0.13669990570286294,0.0,0.0013106598405269521
-0.4624,-0.0419,10.2216,-1.2633,-1.7428,0.105,-0.3928,-0.111,10.2225,2942,0,0.1526504524297057,0.0,0.0017464240762911879
-0.3234,-0.2006,9.9401,-2.0345,1.5248,5.0528,-0.2835,-0.1585,9.9297,2943,0,0.15370659276867144,0.0,0.0008355400884841231
0.0098,0.404,10.2069,5.583,-2.8671,-0.8006,0.0044,0.3784,10.1368,2944,0,0.15370659276867144,0.0,0.0017464240762911879
0.3668,0.3019,9.5283,-2.1719,1.5416,2.8199,0.3088,0.3068,9.5769,2945,0,0.15370659276867144,0.0,0.0007061427653913202
-0.6012,0.2367,9.9428,-0.2326,-0.2836,-1.48,-0.6345,0.3264,9.9756,2946,0,0.15370659276867144,0.0,0.0019749955048626163
-0.2306,-0.1454,9.5624,3.2039,5.1746,4.2838,-0.2723,-0.0298,9.5658,2947,0,0.15370659276867144,0.0,0.0010266555859041408
0.2817,0.1211,9.9543,-0.824,-3.6234,5.1611,0.2953,0.0064,9.9915,2948,0,0.15370659276867144,0.0,0.001812121802056763
-0.357,-0.198,9.5596,-0.2018,0.0358,-3.2396,-0.3497,-0.1251,9.6129,2949,0,0.15370659276867144,0.0,0.01102665558590414
0.2674,0.0693,9.7016,-6.5544,6.7636,1.6694,0.2946,0.0879,9.668,2950,0,0.15370659276867144,0.0,0.010099206349206349
-0.5828,-0.1492,9.5418,-2.1912,1.6847,-0.3063,-0.63,-0.1542,9.537,2951,0,0.15370659276867144,0.0,0.01
0.1515,0.0627,9.8771,-3.1031,3.6623,-0.6011,0.206,-0.0327,9.8683,2952,0,0.15370659276867144,0.0,0.03
0.1518,0.0044,9.5673,2.3621,-2.8905,2.5817,0.105,-0.0532,9.5708,2953,0,0.15370659276867144,0.0,0.03194444444444445
-0.5226,-0.0292,9.8302,-0.9186,-1.2171,-5.8309,-0.4552,0.0135,9.857,2954,0,0.15370659276867144,0.0,0.022102547211242864
-0.0766,-0.2206,9.7314,-7.2848,3.2706,5.0878,-0.0946,-0.2061,9.7648,2955,0,0.1519533231313492,0.0,0.012102547211242862
-0.1529,-0.2384,9.8611,2.2199,-0.6962,-0.335,-0.2066,-0.2305,9.8219,2956,0,0.15370659276867144,0.0,0.012102547211242862
0.2161,0.3422,9.894,-2.4437,-2.0432,-0.2432,0.2228,0.3329,9.8644,2957,0,0.15370659276867144,0.0,0.012142387848693063
0.0796,0.1334,9.9136,-5.2874,1.1198,-1.1318,0.1322,0.1791,9.9258,2958,0,0.15370659276867144,0.0,0.010297149753454969
0.5923,0.0452,9.7717,-8.1394,1.603,3.294,0.4692,0.115,9.721,2959,0,0.14604567517725753,0.0,0.010540696885906704
0.4516,-0.1584,10.1398,-7.3879,-1.6921,5.4976,0.4455,-0.1805,10.18,2960,0,0.1519533231313492,0.0,0.00033325848309337575
-0.7166,0.1792,9.5558,-2.752,1.1109,-5.8468,-0.6541,0.1624,9.5557,2961,0,0.15241338989267766,0.0,0.00023405213388702655
-0.3023,0.6822,9.8275,0.7263,5.693,0.5011,-0.2376,0.6015,9.818,2962,0,0.15318370441863025,0.0,0.00023405213388702655
0.2311,0.3898,9.8093,-1.1179,2.0907,3.3341,0.2366,0.3126,9.778,2963,0,0.15370659276867144,0.0,0.00023405213388702655
0.2731,0.1606,9.817,-2.3683,3.2253,5.1596,0.2036,0.1455,9.9012,2964,0,0.15370659276867144,0.0,0.00033325848309337575
-0.4516,0.2169,10.1272,0.4408,-0.3213,-0.0303,-0.4396,0.2535,10.1064,2965,0,0.15370659276867144,0.0,0.00023405213388702655
0.0508,-0.1358,9.9533,0.7221,-0.9191,2.5025,0.1229,-0.0768,9.9788,2966,0,0.15370659276867144,0.0,7.594936708860759e-05
0.0267,-0.1759,9.6574,3.1028,2.0992,6.9687,0.039,-0.2382,9.6451,2967,0,0.15314501477372658,0.0,7.594936708860759e-05
-0.7649,0.1409,9.32,3.1418,4.8436,-3.2703,-0.7284,0.0436,9.2111,2968,0,0.07176092414906175,0.0,0.011662623562458454
0.3867,0.0529,9.6712,-1.237,-0.8011,0.6944,0.3426,0.1123,9.6438,2969,0,0.15370659276867144,0.0,0.011702464199908653
-0.0621,-0.0724,9.5529,-0.7694,-4.1592,0.4693,-0.0254,-0.1047,9.5991,2970,0,0.15370659276867144,0.0,0.0017024641999086542
0.0451,-0.555,9.6172,-4.1902,1.9274,0.3339,0.0776,-0.5441,9.6149,2971,0,0.15370659276867144,0.0,0.011662623562458454
0.191,-0.543,9.7594,-0.0674,3.8378,3.9974,0.1553,-0.4384,9.7309,2972,0,0.15370659276867144,0.0,0.011662623562458454
-0.0284,-0.4111,9.9045,3.7394,-0.2947,1.9039,-0.0003,-0.4155,9.8993,2973,0,0.15370659276867144,0.0,0.010234052133887027
0.335,-0.0773,9.7236,-2.8356,1.3741,0.4566,0.3483,-0.095,9.7808,2974,0,0.15370659276867144,0.0,0.010234052133887027
0.0445,-0.2656,9.65,-4.3967,5.6629,-0.2404,0.0674,-0.3657,9.5882,2975,0,0.15370659276867144,0.0,0.001662623562458455
-0.2887,0.0662,9.7381,3.2865,1.8902,0.1044,-0.3003,0.1296,9.7468,2976,0,0.15370659276867144,0.0,0.011662623562458454
0.0287,0.1395,9.7493,0.9581,3.3194,0.4378,-0.0204,0.146,9.8219,2977,0,0.15370659276867144,0.0,0.001662623562458455
0.2024,0.1269,9.7236,4.4818,2.5976,-0.5761,0.2597,0.1937,9.7142,2978,0,0.15370659276867144,0.0,0.0018340521338870265
0.1573,0.3563,9.9469,0.7145,3.571,-0.1141,0.1586,0.4359,9.9503,2979,0,0.15370659276867144,0.0,0.009122941022775916
0.1164,0.3686,9.7942,0.7718,1.1054,0.3374,0.0788,0.3837,9.8162,2980,0,0.15370659276867144,0.0,0.001873892771337226
0.1601,-0.5692,10.0137,-1.2275,-3.727,2.3296,0.1391,-0.5222,10.0085,2981,0,0.15370659276867144,0.0,0.0018340521338870265
-0.3955,0.4611,9.6748,-1.1988,1.3713,-0.5887,-0.3557,0.458,9.6274,2982,0,0.15370659276867144,0.0,0.009162781660226115
0.0876,-0.2394,9.8201,6.0147,-0.7719,2.9849,0.0553,-0.2028,9.918,2983,0,0.15370659276867144,0.0,0.001873892771337226
-0.6248,0.3199,10.4375,-1.8957,-0.1238,3.3172,-0.5946,0.3348,10.5303,2984,1,0.03917880733952343,0.0,0.0007128049299119411
-0.1263,-0.0429,9.9331,-4.635,-4.1986,-0.7821,-0.1357,-0.0179,9.9141,2985,0,0.15370659276867144,0.0,0.00011579000453880679
0.216,-0.1149,10.0307,1.4532,-4.6656,-4.4604,0.2225,-0.0223,10.0766,2986,0,0.15370659276867144,0.0,0.0002738927713372257
-0.0818,-0.0075,9.6894,-5.3487,3.1081,0.0412,-0.1023,0.0173,9.624,2987,0,0.15370659276867144,0.0,0.00023405213388702655
-0.1313,0.2055,10.0204,2.0475,-3.957,2.6279,-0.2427,0.186,10.082,2988,0,0.15370659276867144,0.0,0.00023405213388702655
0.0287,0.3333,9.693,2.5754,5.4315,1.0472,-0.0332,0.4357,9.7118,2989,0,0.15370659276867144,0.0,0.00023405213388702655
0.1861,-0.0325,9.6014,6.7652,3.1389,0.4571,0.2573,-0.0039,9.463,2990,0,0.1507624251856597,0.0,0.0002738927713372257
-0.6766,0.1845,9.53,-2.8668,3.0668,3.3205,-0.7159,0.1316,9.5486,2991,0,0.1462675804158679,0.0,0.014497569250074158
0.677,0.0499,9.8194,2.1871,2.3975,-1.4386,0.7069,0.0918,9.7313,2992,0,0.15367168658953792,0.0,0.014497569250074158
0.0339,0.3631,9.8866,-2.2782,5.0335,0.681,-0.0325,0.379,9.8471,2993,0,0.15370659276867144,0.0,0.005246559859337873
0.5569,0.2796,10.0136,5.159,1.8137,-1.6979,0.5184,0.2275,9.9993,2994,0,0.15361879978792273,0.0,0.015926140678645586
0.0207,-0.2384,9.982,1.1073,-2.1346,2.3443,0.0082,-0.1335,10.0049,2995,0,0.15370659276867144,0.0,0.01445772861262396
-0.0297,0.5599,9.4797,8.9143,1.1771,9.0666,0.0032,0.5628,9.4653,2996,0,0.10319152538965047,0.0,0.00598550639040174
-0.0368,-0.0644,9.7526,6.0311,0.4692,-0.7618,-0.133,-0.08,9.7391,2997,0,0.15370659276867144,0.0,0.00598550639040174
0.0264,-0.3331,9.868,1.7163,-1.3659,-0.8624,0.0147,-0.3414,9.8147,2998,0,0.15370659276867144,0.0,0.003609566540777679
-0.3034,0.2594,9.8993,0.5055,-3.792,0.2858,-0.3339,0.2521,9.8974,2999,0,0.15370659276867144,0.0,0.003649407178227878
0.2478,0.0214,9.6037,3.356,-0.9371,5.1339,0.2056,0.0857,9.5778,3000,0,0.15370659276867144,0.0,0.004054812583633284
-0.0968,-0.1708,10.0003,0.4801,4.1191,-2.7989,-0.1498,-0.2705,9.9749,3001,0,0.15370659276867144,0.0,0.0022857708145915144
0.0582,-0.4721,10.1238,2.0559,-0.7221,-0.9348,0.015,-0.5553,10.1956,3002,0,0.15332031675608063,0.0,0.002533073453198501
-0.4361,0.1552,9.6131,4.5709,0.8343,1.0422,-0.4557,0.1723,9.5775,3003,0,0.15370659276867144,0.0,0.0038967098168348644
-0.0712,-0.6195,9.7905,3.5619,0.8314,0.2841,-0.1845,-0.6333,9.8096,3004,0,0.15388704993742966,0.0,0.011485049137089079
-0.0406,-0.1333,10.0781,1.5584,2.0644,3.7536,0.0239,-0.239,10.0286,3005,0,0.15370659276867144,0.0,0.017091587871986023
0.1824,0.1745,10.1936,0.4453,6.5432,-5.3438,0.1192,0.1353,10.2195,3006,0,0.1526504524297057,0.0,0.0008510723031122446
0.2829,0.3019,9.6384,0.4137,0.3172,-1.1435,0.2149,0.363,9.6317,3007,0,0.15370659276867144,0.0,0.0008510723031122446
-0.0044,-0.0908,9.5664,-2.9506,-2.4594,2.4186,-0.0172,-0.1027,9.5516,3008,0,0.15370659276867144,0.0,0.0008112316656620455
0.2183,0.0049,9.7406,0.3847,-3.9417,5.8327,0.1884,0.0638,9.7049,3009,0,0.15370659276867144,0.0,0.0008112316656620455
-0.4502,-0.193,9.7752,1.99,-1.8361,-3.9252,-0.4404,-0.2781,9.832,3010,0,0.15370659276867144,0.0,0.0008510723031122446
-0.3246,0.1494,10.296,0.3469,2.0838,3.0503,-0.2824,0.1453,10.2418,3011,0,0.15111538137757127,0.0,0.02893267615712255
0.1713,0.2568,9.8711,-4.3726,-0.3328,-1.4302,0.1641,0.3311,9.8154,3012,0,0.15370659276867144,0.0,0.01998070047323197
0.1498,0.2644,9.9175,1.4414,-0.525,3.3975,0.2084,0.1744,9.9386,3013,0,0.15370659276867144,0.0,0.022046122993676507
-0.3856,-0.2317,9.6246,-3.0713,-0.9252,-3.8383,-0.4738,-0.2198,9.6645,3014,0,0.15370659276867144,0.0,0.01782357348725242
-0.4731,-0.4055,10.1607,-6.6924,-4.4958,-2.4945,-0.4143,-0.4476,10.1536,3015,0,0.15370659276867144,0.0,0.001493359905771186
-0.1888,0.2149,9.7293,2.676,3.2093,7.4814,-0.1369,0.2106,9.7876,3016,0,0.15202204242360534,0.0,0.008105959521157358
0.5865,0.4045,9.5172,-1.3175,2.5867,0.6228,0.6028,0.4008,9.6369,3017,0,0.15522247095773994,0.0,0.0033617719717928137
-0.184,0.4213,9.5669,4.0009,-0.0575,2.4774,-0.1514,0.4031,9.5506,3018,0,0.15370659276867144,0.0,0.0005873986350081968
0.0061,0.2341,9.9099,-1.0021,0.6518,6.7264,0.1132,0.2541,9.9265,3019,0,0.15314501477372658,0.0,0.0005873986350081968
-0.111,-0.3222,9.9086,0.676,-1.2136,-4.2932,-0.1116,-0.2567,9.9057,3020,0,0.15370659276867144,0.0,0.0021873986350081968
-0.5461,0.6758,9.5381,-2.0465,2.5929,1.787,-0.56,0.7486,9.5573,3021,0,0.1481398592954248,0.0,0.00036761841522797695
-0.3502,0.4423,9.5838,-1.8828,1.6116,3.1954,-0.3641,0.5055,9.5829,3022,0,0.15370659276867144,0.0,0.00036761841522797695
0.6786,0.5614,9.7717,4.3785,-1.3112,-2.2624,0.7314,0.6312,9.7466,3023,0,0.14488935157600225,0.0,0.00036761841522797695
-0.0493,0.3125,9.9893,-2.7731,-1.8901,-1.4046,-0.1016,0.2905,10.0297,3024,0,0.15370659276867144,0.0,0.00022857142857142857
0.2095,-0.2382,9.8675,-4.4516,-3.4423,-1.8215,0.2055,-0.2414,9.9258,3025,0,0.15370659276867144,0.0,0.00022857142857142857
0.079,0.1698,9.6679,0.58,-5.642,-2.8889,0.1169,0.2422,9.7227,3026,0,0.15370659276867144,0.0,0.00022857142857142857
-0.2158,-0.2584,9.9386,0.4978,-3.3068,5.8348,-0.2029,-0.2967,9.9473,3027,0,0.15370659276867144,0.0,0.00022857142857142857
0.2989,0.4352,9.7543,-2.0795,-5.2247,-1.5401,0.2403,0.4341,9.679,3028,0,0.15370659276867144,0.0,0.00022857142857142857
0.2998,-0.0631,9.7525,-1.85,5.8654,-0.6939,0.3081,-0.0482,9.7676,3029,0,0.15370659276867144,0.0,0.00022857142857142857
-0.5449,-0.1445,9.5404,3.3557,1.3006,0.6808,-0.5241,-0.1662,9.4822,3030,0,0.15370659276867144,0.0,0.00022857142857142857
0.2769,0.0038,9.3023,-0.4761,4.7794,-1.5399,0.306,0.0044,9.2794,3031,0,0.126938503529591,0.0,0.00022857142857142857
-0.2672,0.2497,9.8719,-2.3783,0.6153,-1.3768,-0.2966,0.2007,9.7994,3032,0,0.15370659276867144,0.0,0.00022857142857142857
-0.2383,-0.0877,10.2326,-2.1046,-2.6651,-1.9946,-0.2552,-0.0532,10.2979,3033,0,0.14727083411008693,0.0,0.00022857142857142857
-0.0143,-0.2837,9.8842,1.2189,-0.1255,1.3932,-0.0108,-0.3075,9.9398,3034,0,0.15370659276867144,0.0,0.00022857142857142857
0.1786,-0.1728,9.8683,-0.0865,7.7847,-1.1761,0.2296,-0.2029,9.8923,3035,0,0.1469026717895164,0.0,0.00022857142857142857
-0.1694,0.6093,9.766,1.515,-0.4282,-3.4228,-0.1523,0.6748,9.7652,3036,0,0.15309497375261916,0.0,0.00026841206602162777
0.0538,0.0761,9.8747,2.884,-0.2977,4.2271,0.1316,0.0625,9.8236,3037,0,0.15370659276867144,0.0,0.00026841206602162777
0.2892,-0.1857,9.857,-4.3567,-0.6319,2.5577,0.3705,-0.2,9.8727,3038,0,0.15370659276867144,0.0,0.00026841206602162777
0.0989,0.0967,10.158,2.5326,2.0581,-0.9624,0.1703,0.0958,10.2186,3039,0,0.1526504524297057,0.0,0.00022857142857142857
0.112,0.0456,9.9494,-1.4683,3.0776,3.1336,0.1044,0.0893,9.8956,3040,0,0.15370659276867144,0.0,0.0003277777777777778
-0.1981,0.0627,9.8325,1.0836,-0.8734,-4.0159,-0.2055,-0.0101,9.8224,3041,0,0.15370659276867144,0.0,0.0003277777777777778
0.5522,0.7649,9.7846,-5.7558,-4.0767,3.2983,0.5199,0.8059,9.7771,3042,0,0.12831500816852404,0.0,0.002349001579916572
0.0663,0.0701,9.8202,-1.2135,-0.1596,2.599,0.035,0.0195,9.7911,3043,0,0.15370659276867144,0.0,0.002349001579916572
-0.1398,-0.5147,9.8066,3.7371,-0.2741,-0.8579,-0.1442,-0.5435,9.7848,3044,0,0.15370659276867144,0.0,0.004682090452283702
0.2225,0.1216,10.0371,3.074,-0.0217,0.2907,0.1603,0.1406,10.108,3045,0,0.15370659276867144,0.0,0.004682090452283702
-0.1002,0.3153,9.9747,1.3415,-1.0394,1.1597,-0.1394,0.338,9.8999,3046,0,0.15370659276867144,0.0,0.00670389826242441
0.0748,-0.0044,9.9139,1.2846,3.4634,-1.5512,0.1159,-0.0122,9.881,3047,0,0.15370659276867144,0.0,0.03580906732577458
0.2208,0.1791,9.7776,1.194,-0.5904,-0.6598,0.166,0.2075,9.7713,3048,0,0.15370659276867144,0.0,0.03580906732577458
-0.0335,0.1229,9.8144,-1.1469,-1.2019,-2.4544,-0.0552,0.1387,9.792,3049,0,0.15370659276867144,0.0,0.03580906732577458
0.0891,0.4452,9.9586,-2.037,-2.6486,-1.5813,0.1799,0.4794,10.0177,3050,0,0.15370659276867144,0.0,0.01671995131358165
-0.5287,-0.1181,9.9467,-0.795,0.8899,4.651,-0.4928,-0.0971,9.9184,3051,0,0.15370659276867144,0.0,0.0032520034857370073
-0.0093,-0.4657,9.9996,1.1988,-0.3402,0.8133,-0.0225,-0.3524,9.8957,3052,0,0.15370659276867144,0.0,0.0023411194979299425
-0.0202,0.0899,9.7138,-0.0576,-0.9021,5.1912,-0.0561,0.0013,9.736,3053,0,0.15370659276867144,0.0,0.015809067325774587
-0.4737,-0.0726,9.7404,1.3895,0.4289,-1.9986,-0.5438,-0.0317,9.7825,3054,0,0.15370659276867144,0.0,0.033475978453407454
-0.2355,-0.3849,9.8318,-0.0756,-0.5488,3.4656,-0.173,-0.3731,9.7409,3055,0,0.15370659276867144,0.0,0.012275978453407457
-0.2375,-0.1053,9.6501,2.1862,-1.9674,4.4061,-0.2367,-0.0421,9.6926,3056,0,0.15370659276867144,0.0,0.02116828614571515
0.2048,0.1971,9.6436,-3.9101,3.3338,3.3125,0.1094,0.1885,9.6423,3057,0,0.15370659276867144,0.0,0.020257014462895233
0.0944,-0.178,9.8525,5.3717,2.2152,3.2493,0.0694,-0.1906,9.8713,3058,0,0.15370659276867144,0.0,0.010089416697532107
0.3548,0.0018,9.5541,-1.1667,-1.1194,4.4952,0.4931,0.0293,9.4907,3059,0,0.15370659276867144,0.0,0.009706206093702945
-0.252,-0.3013,9.9062,1.3091,-3.3306,1.2929,-0.2758,-0.3507,9.9111,3060,0,0.15370659276867144,0.0,0.011185646681140731
0.0805,0.166,9.8136,-6.5515,0.902,0.9305,0.1979,0.1575,9.7988,3061,0,0.15370659276867144,0.0,0.0408230521987443
0.047,-0.0697,9.8732,-4.4186,-0.2754,-3.0392,0.0078,0.0405,9.8784,3062,0,0.15370659276867144,0.0,0.020823052198744287
0.4142,-0.249,9.7402,0.5971,-2.7424,-2.3714,0.4315,-0.3308,9.6778,3063,0,0.15370659276867144,0.0,0.02070192164692733
-0.1861,-0.0713,9.5928,-0.8932,-1.4374,-2.7297,-0.1281,-0.0611,9.635,3064,0,0.15370659276867144,0.0,0.020135883911078276
-0.58,-0.0402,9.7653,-1.2307,-3.0364,0.4124,-0.6027,-0.0331,9.7268,3065,0,0.15370659276867144,0.0,0.038875978453407456
-0.2739,-0.047,9.901,-4.0092,-6.8339,3.9288,-0.208,0.0005,9.9338,3066,0,0.15371468931029958,0.0,0.012181496166758383
0.0417,-0.2034,9.564,1.7192,3.5857,0.5348,0.0022,-0.2901,9.6357,3067,0,0.15370659276867144,0.0,0.017115523342852813
0.1084,-0.1106,9.3957,0.4878,-0.7937,-1.147,0.1074,-0.1682,9.3908,3068,0,0.15668373755997084,0.0,0.02465536645424415
0.6077,-0.0602,9.7006,-1.5651,-1.1267,-1.8098,0.6568,-0.0893,9.7378,3069,0,0.1550862559932891,0.0,0.032498073462170915
0.2995,0.1598,10.2682,-2.5675,0.8592,0.4927,0.2905,0.1686,10.2293,3070,0,0.1526504524297057,0.0,0.011947525750343954
0.0242,-0.0637,9.9563,-1.0355,5.1988,-0.5759,0.1155,-0.0533,9.9826,3071,0,0.15370659276867144,0.0,0.019411262014080218
-0.3084,0.2322,9.7075,-0.0525,-1.9431,-2.892,-0.2223,0.2838,9.6557,3072,0,0.15370659276867144,0.0,0.02257221870444867
0.6482,0.2301,9.804,0.7226,-1.6017,-2.4497,0.6622,0.226,9.7954,3073,0,0.15509967680488745,0.0,0.006609340004125362
-0.5824,0.1604,9.8156,4.6478,7.1013,-1.8269,-0.5966,0.1272,9.7377,3074,0,0.14161618738351728,0.0,0.06610615779518059
0.3201,0.1569,10.0217,0.5755,3.6184,-0.2017,0.3094,0.1303,10.056,3075,0,0.15370659276867144,0.0,0.05479889807463969
-0.5102,0.4499,9.6123,2.1776,2.1323,-0.4145,-0.4888,0.4539,9.6253,3076,0,0.15370659276867144,0.0,0.046194928848461804
0.0666,-0.0896,10.0043,3.713,1.2212,-1.0884,0.1384,-0.0581,10.051,3077,0,0.15370659276867144,0.0,0.06701582437084987
-0.0296,-0.2067,9.693,0.4443,-1.6967,-0.6529,0.0562,-0.0958,9.672,3078,0,0.15370659276867144,0.0,0.09046496410293786
-0.1146,0.1009,9.9739,0.9292,-2.7942,1.6103,-0.1417,0.1556,10.0581,3079,0,0.15370659276867144,0.0,0.07404803780672768
-0.2225,0.0328,10.0693,-1.4154,3.3113,0.9387,-0.2547,0.0211,10.1197,3080,0,0.15370659276867144,0.0,0.10046496410293786
0.214,0.2371,9.5637,2.6663,-3.6898,4.4599,0.2633,0.224,9.5143,3081,0,0.15370659276867144,0.0,0.07435784760382766
-0.0672,0.2444,9.4379,3.3932,1.7839,-2.5973,-0.0374,0.1571,9.4707,3082,0,0.15370659276867144,0.0,0.09148679921649353
0.1084,-0.2631,9.8263,-0.489,-1.5494,1.2974,0.1155,-0.2326,9.7897,3083,0,0.15370659276867144,0.0,0.05179455411981806
-0.0836,-0.5553,9.6374,3.1548,5.322,-2.0191,-0.0663,-0.5191,9.691,3084,0,0.15370659276867144,0.0,0.057129924270747416
0.1568,0.1261,9.8066,1.6724,-6.4086,2.5994,0.1917,0.1388,9.7988,3085,0,0.15370659276867144,0.0,0.047724518865342
-0.3142,0.0703,9.9971,1.7195,-0.4025,2.0636,-0.3105,0.0971,9.9547,3086,0,0.15370659276867144,0.0,0.1001870088600994
0.5628,0.1157,10.1398,-2.648,3.4869,0.4611,0.588,0.1336,10.0999,3087,0,0.15361879978792273,0.0,0.0901870088600994
-0.2923,-0.1239,9.8832,4.4071,0.4863,-3.8634,-0.243,-0.1361,9.8761,3088,0,0.15370659276867144,0.0,0.1001870088600994
0.1794,0.6186,9.7807,2.0024,1.5901,-1.1999,0.1751,0.5577,9.7529,3089,0,0.15355074445237718,0.0,0.09146590369410547
-0.1753,0.0778,9.5626,0.9841,3.3606,-2.8384,-0.1991,0.0254,9.5425,3090,0,0.15370659276867144,0.0,0.05634477314228852
0.0655,0.0652,9.7858,0.624,-2.2306,1.7218,-0.0189,0.0376,9.818,3091,0,0.15370659276867144,0.0,0.04675017854769393
0.3313,-0.2824,9.6897,4.3653,1.1472,1.6059,0.2907,-0.3634,9.7389,3092,0,0.15370659276867144,0.0,0.011264964102937855
-0.0837,0.3359,10.0901,-0.3821,1.6397,1.5947,-0.0508,0.4024,10.0946,3093,0,0.15370659276867144,0.0,0.001264964102937857
0.6875,0.0619,10.1234,-0.8823,-6.1894,3.1587,0.7062,0.0337,10.1733,3094,0,0.15293134102333086,0.0,0.010274983543643706
0.1053,0.3008,9.8094,-2.7415,1.0257,1.7854,0.146,0.2992,9.7011,3095,0,0.15370659276867144,0.0,0.014107385778280574
0.0674,0.3411,9.8546,3.0514,-0.241,-1.2744,0.129,0.3073,9.8139,3096,0,0.15370659276867144,0.0,0.010274983543643706
-0.6344,-0.0253,9.8543,-4.7163,1.5505,-0.2387,-0.6344,0.0231,9.864,3097,0,0.1537691488359536,0.0,0.010274983543643706
-0.385,0.156,9.5352,-2.3621,-2.4113,4.0639,-0.3064,0.2386,9.61,3098,0,0.15370659276867144,0.0,0.012858337526841887
-0.0345,-0.1916,9.7894,-5.6507,-6.1365,6.676,-0.0286,-0.1991,9.8562,3099,0,0.15314501477372658,0.0,0.002858337526841886
-0.2956,-0.2361,9.8375,1.3812,0.5974,3.8609,-0.322,-0.2243,9.7876,3100,0,0.15370659276867144,0.0,0.0034553524522150203
0.0675,-0.2465,9.7531,-3.5167,-3.4559,0.4958,0.0888,-0.3245,9.7828,3101,0,0.15370659276867144,0.0,0.0012583375268418859
0.3349,-0.1232,9.7019,0.8272,0.7666,1.7977,0.3599,-0.0612,9.6519,3102,0,0.15370659276867144,0.0,0.0012583375268418859
0.1746,-0.125,10.1142,-1.5891,-3.1144,-2.4562,0.2436,-0.1469,10.0808,3103,0,0.15370659276867144,0.0,0.002686908955413314
-0.0027,-0.3767,9.6998,-0.8849,-3.3324,-0.4818,0.0584,-0.3526,9.619,3104,0,0.15370659276867144,0.0,0.002686908955413314
-0.514,-0.2571,9.9878,-1.8023,-0.0771,0.8207,-0.578,-0.2582,9.9408,3105,0,0.15370659276867144,0.0,0.004286908955413313
-0.0047,0.0551,9.6209,-0.1784,-0.5146,-3.8304,-0.0805,0.0196,9.5946,3106,0,0.15370659276867144,0.0,0.002686908955413314
-0.0863,0.0083,9.6571,-3.3674,4.355,3.6327,-0.209,-0.0079,9.6836,3107,0,0.15370659276867144,0.0,0.002686908955413314
0.195,0.2209,10.0783,3.6291,0.22,-3.8751,0.2701,0.2347,9.959,3108,0,0.15370659276867144,0.0,0.012693535531509285
-0.2236,0.323,10.0388,-2.3089,1.5476,-2.231,-0.1866,0.2633,10.0394,3109,0,0.15370659276867144,0.0,0.01187190051912283
-0.6405,-0.0759,9.7198,1.4696,3.5672,1.6134,-0.5337,-0.0283,9.7025,3110,0,0.1537691488359536,0.0,0.01187190051912283
-0.3152,-0.6294,9.8702,2.4069,-0.062,-0.1919,-0.2938,-0.6556,9.8597,3111,0,0.15388704993742966,0.0,0.021264964102937857
0.3709,-0.0435,9.7531,2.8848,4.7867,-1.632,0.3603,-0.1077,9.7676,3112,0,0.15370659276867144,0.0,0.03187190051912282
0.3085,0.0335,9.6942,1.3179,-2.2231,-2.1762,0.357,0.0743,9.7496,3113,0,0.15370659276867144,0.0,0.03187190051912282
-0.3381,0.2861,9.6385,-4.9661,-1.8651,-0.1281,-0.4073,0.2977,9.7231,3114,0,0.15370659276867144,0.0,0.03187190051912282
-0.5107,0.1996,10.0279,-3.7849,1.3536,2.277,-0.462,0.2358,9.9821,3115,0,0.15370659276867144,0.0,0.021871900519122828
-0.1086,0.0087,9.8194,4.802,-0.0203,-3.3276,-0.0676,-0.0058,9.8695,3116,0,0.15370659276867144,0.0,0.02187190051912282
-0.8862,-0.1015,10.114,0.1104,-2.6482,-0.9592,-0.9001,-0.1546,9.9977,3117,0,0.1307057788661461,0.0,0.015179734470873712
0.5551,-0.8763,9.9583,-1.7482,1.6624,1.5661,0.5577,-0.8595,9.8838,3118,0,0.11836385279835011,0.0,0.01073330515638208
-0.0361,0.2898,9.942,1.3445,1.874,0.9767,-0.0549,0.2955,9.9615,3119,0,0.15370659276867144,0.0,0.03073330515638208
0.1667,0.2937,10.0419,1.5148,-4.0915,-0.7562,0.1619,0.2646,10.0302,3120,0,0.15370659276867144,0.0,0.01073330515638208
0.0347,0.1646,9.8879,-0.6354,1.3424,-0.2301,-0.0219,0.1589,9.8231,3121,0,0.15370659276867144,0.0,0.01073330515638208
-0.3155,0.2238,9.722,1.6709,-3.1999,2.2802,-0.2816,0.2388,9.7403,3122,0,0.15370659276867144,0.0,0.02085443570819904
-0.4975,0.2819,9.7457,-5.1141,0.5326,-3.0839,-0.3629,0.1947,9.6988,3123,0,0.15370659276867144,0.0,0.01085443570819904
0.277,-0.2686,10.2252,1.15,-3.075,0.947,0.2217,-0.2726,10.309,3124,0,0.14121844457198496,0.0,0.01536380454449095
0.3934,0.0267,9.7403,-3.0164,-2.5164,2.6696,0.3951,-0.0534,9.7421,3125,0,0.15370659276867144,0.0,0.0008544357081990377
-0.2321,-0.1294,9.4929,-3.2653,-3.5513,-1.6796,-0.257,-0.1399,9.5124,3126,0,0.15370659276867144,0.0,0.0003626928142215069
-0.39,-0.1574,9.8695,0.5731,-2.7565,1.7403,-0.4833,-0.2067,9.8554,3127,0,0.15370659276867144,0.0,0.0002415622624045486
-0.1504,-0.1971,9.6007,0.157,5.3979,-2.9613,-0.1765,-0.1279,9.6096,3128,0,0.15370659276867144,0.0,0.0010220334735621664
0.0365,0.256,10.0747,-2.5047,6.4898,-0.3819,-0.0083,0.2426,10.0299,3129,0,0.15370659276867144,0.0,0.0010220334735621664
-0.084,0.3447,9.6678,-3.9358,2.9689,0.2718,-0.0897,0.3565,9.6579,3130,0,0.15370659276867144,0.0,0.0010220334735621664
-0.0533,-0.174,9.7539,0.3589,-0.3802,3.0653,-0.0167,-0.1916,9.7451,3131,0,0.15370659276867144,0.0,0.0010220334735621664
0.1815,-0.5623,9.8666,-4.5749,-1.4264,4.4126,0.2049,-0.5286,9.8855,3132,0,0.15370659276867144,0.0,0.0008544357081990377
-0.1829,-0.1546,9.7362,-1.1797,-3.2499,3.469,-0.217,-0.1431,9.6931,3133,0,0.15370659276867144,0.0,0.0008544357081990377
-0.1923,0.2692,9.8693,-1.4268,-4.1582,-1.1807,-0.1615,0.2528,9.8763,3134,0,0.15370659276867144,0.0,0.0008544357081990377
-0.8391,-0.1227,9.6593,3.324,-2.2347,4.1606,-0.9054,-0.0722,9.634,3135,0,0.12261249932057716,0.0,0.0008544357081990377
0.7225,-0.0938,9.7056,4.2324,-3.5706,1.5468,0.7319,-0.095,9.7215,3136,0,0.15557955017382005,0.0,0.0008544357081990377
0.355,0.1105,9.8566,-3.8222,-0.764,3.1663,0.3691,0.1017,9.839,3137,0,0.15370659276867144,0.0,0.00019509504885837836
-0.4511,0.0089,9.5987,9.2821,-3.7769,-3.6421,-0.3612,-0.1039,9.5771,3138,0,0.11789915967736206,0.0,0.0
-0.4714,0.5072,10.1778,0.5759,-3.2572,-2.1743,-0.3891,0.5852,10.2246,3139,0,0.1507666329858939,0.0,0.0
0.3441,-0.3251,10.0289,0.205,3.295,-2.1452,0.3184,-0.3689,10.0327,3140,0,0.15370659276867144,0.0,0.0
0.0161,0.2571,9.6812,0.6738,-3.0978,-4.8303,0.0103,0.3401,9.6789,3141,0,0.15370659276867144,0.0,0.0
-0.2626,-0.1131,9.9475,1.6103,-0.0539,-1.3134,-0.3359,-0.0693,9.9843,3142,0,0.15370659276867144,0.0,0.0
0.461,-0.2999,9.8388,1.1824,-5.5931,-5.3081,0.442,-0.3006,9.8578,3143,0,0.15370659276867144,0.0,0.020597014925373136
-0.2215,0.1963,10.0298,0.5344,-0.5288,1.0258,-0.1765,0.2152,9.9434,3144,0,0.15370659276867144,0.0,0.0005970149253731343
-0.1325,0.1717,10.1282,2.4124,-3.2082,-5.5661,-0.1637,0.1093,10.1072,3145,0,0.15370659276867144,0.0,0.0
-0.3901,0.0532,10.0995,4.3998,-3.7466,-2.6041,-0.3662,-0.0248,10.1792,3146,0,0.15370659276867144,0.0,0.02009920634920635
-0.2636,0.1932,9.6899,-3.5375,0.1776,1.3591,-0.2402,0.1985,9.6756,3147,0,0.15370659276867144,0.0,0.01
-0.3314,-0.8181,9.57,1.0394,-2.1534,5.0279,-0.3014,-0.8329,9.6515,3148,0,0.12810233756356623,0.0,0.01
0.0621,-0.0822,9.5984,1.2637,-4.5176,3.5828,0.052,-0.0211,9.6489,3149,0,0.15370659276867144,0.0,0.024444444444444446
-0.2955,-0.0688,9.7592,-0.8244,0.6442,2.7623,-0.3328,-0.1137,9.711,3150,0,0.15370659276867144,0.0,0.024444444444444446
-0.1874,0.2375,9.8373,-6.1167,0.1269,3.7174,-0.206,0.2349,9.8242,3151,0,0.15370659276867144,0.0,0.02
0.0179,0.2351,9.9797,-3.891,-2.1888,-0.7674,0.0508,0.1815,9.9223,3152,0,0.15370659276867144,0.0,0.02
-0.0204,-0.0305,9.8473,-1.0844,-2.0508,1.1428,-0.0283,-0.0349,9.9416,3153,0,0.15370659276867144,0.0,0.03
0.1711,-0.0261,9.57,1.7286,4.3611,-1.9657,0.1825,0.0154,9.5363,3154,0,0.15370659276867144,0.0,0.01
-0.2977,-0.4005,9.9863,-1.4837,-2.8581,-1.2676,-0.3249,-0.3104,9.9939,3155,0,0.15370659276867144,0.0,0.01
0.0694,-0.1924,9.6706,1.0935,-1.9252,-3.3307,0.0282,-0.1559,9.7261,3156,0,0.15370659276867144,0.0,0.02
-0.17,-0.0228,9.9007,-4.174,-4.324,-4.0084,-0.2407,-0.0051,9.8407,3157,0,0.15370659276867144,0.0,0.010099206349206349
0.4974,-0.0614,9.6305,0.5576,-2.3595,2.5143,0.5116,0.0316,9.6295,3158,0,0.15370659276867144,0.0,0.01
-0.0695,-0.1566,10.1311,4.677,-4.8869,0.9807,-0.1072,-0.1823,10.0452,3159,0,0.15370659276867144,0.0,0.010099206349206349
-0.1066,0.1288,9.7056,0.8394,2.2292,0.6564,-0.1048,0.2292,9.7279,3160,0,0.15370659276867144,0.0,0.010696221274579483
-0.4708,-0.6008,9.7285,3.4828,5.5004,3.7997,-0.4235,-0.6842,9.6717,3161,0,0.14633453885514464,0.0,9.92063492063492e-05
0.1254,-0.0163,9.8417,1.2529,0.6926,4.8865,0.1949,0.0175,9.7742,3162,0,0.15370659276867144,0.0,9.92063492063492e-05
-0.5834,0.2221,10.0345,-5.577,0.0192,5.2242,-0.4944,0.1086,10.0975,3163,0,0.15370659276867144,0.0,0.02009920634920635
0.0784,0.0141,9.9959,3.0026,0.3967,0.8384,0.015,0.0329,9.9455,3164,0,0.15370659276867144,0.0,9.92063492063492e-05
0.1037,0.0013,9.9896,2.0294,-3.3454,3.0531,0.0928,0.0312,9.9943,3165,0,0.15370659276867144,0.0,0.010167597765363127
-0.313,0.0667,9.8429,-1.1693,6.3021,-1.7282,-0.3841,0.0675,9.8608,3166,0,0.15370659276867144,0.0,0.01
0.3402,-0.2126,9.7247,-1.3217,-2.0191,-2.767,0.3171,-0.2466,9.7179,3167,0,0.15370659276867144,0.0,0.0014187562454372712
-0.1329,-0.2604,9.9757,-1.4768,1.6331,-0.0836,-0.0723,-0.3543,10.0434,3168,0,0.15370659276867144,0.0,0.010167597765363127
-0.2722,0.191,9.7913,-2.0466,-2.4523,-0.3385,-0.2881,0.1665,9.7747,3169,0,0.15370659276867144,0.0,0.0002668041145694777
0.3999,0.1089,9.7597,2.1906,5.048,-1.8458,0.4386,0.0728,9.7576,3170,0,0.15370659276867144,0.0,0.010266804114569476
-0.0189,-0.1417,9.5648,-5.2703,-3.4034,2.8434,0.0178,-0.1883,9.6282,3171,0,0.15370659276867144,0.0,0.010266804114569476
0.3105,0.0191,9.8387,0.8249,-1.8324,2.1045,0.2207,0.0644,9.8944,3172,0,0.15370659276867144,0.0,0.010266804114569476
0.2382,0.0777,9.6531,5.287,3.1323,2.4262,0.2341,0.0668,9.6178,3173,0,0.15370659276867144,0.0,0.012112042209807572
0.1255,0.4863,9.8635,1.4394,1.9649,-5.9132,0.0922,0.5414,9.8342,3174,0,0.15370659276867144,0.0,0.0002668041145694777
-0.0001,-0.1313,10.0283,0.0111,-4.4868,5.0303,0.0797,-0.125,10.0725,3175,0,0.15370659276867144,0.0,0.0009368285345938977
0.5979,0.1025,10.0733,-0.757,0.9089,-1.1963,0.5807,0.0673,10.074,3176,0,0.15395305979708973,0.0,0.010167597765363127
-0.0544,0.0806,9.3606,-4.5261,-2.4092,-2.7831,-0.0446,0.1159,9.3426,3177,0,0.1496845001281822,0.0,0.0007692307692307692
-0.0129,-0.015,9.8443,0.0315,1.0562,1.2758,-0.0081,0.0929,9.8882,3178,0,0.15370659276867144,0.0,0.0009368285345938977
-0.0033,0.0912,10.1079,4.1347,3.3372,-1.3952,0.0775,0.1293,10.1544,3179,0,0.15370659276867144,0.0,0.0009368285345938977
-0.1709,0.2965,9.5538,-2.3871,-1.4598,-0.7675,-0.1789,0.3212,9.5047,3180,0,0.15370659276867144,0.0,0.0109368285345939
0.0191,-0.0738,9.8038,-6.0938,-2.0062,2.3626,-0.0133,-0.061,9.806,3181,0,0.15370659276867144,0.0,0.020936828534593898
0.0961,0.2498,9.4638,0.3399,2.2253,6.7886,-0.0288,0.2527,9.4997,3182,0,0.15314501477372658,0.0,0.0007692307692307692
-0.2938,0.0719,10.0715,-4.2992,4.002,-0.5197,-0.2599,0.0498,10.0348,3183,0,0.15370659276867144,0.0,0.0007692307692307692
-0.6484,0.2649,9.5284,-0.0659,-1.0105,-0.6664,-0.6333,0.29,9.4769,3184,0,0.1537691488359536,0.0,0.0007692307692307692
-0.5043,0.0673,9.7786,0.677,5.5863,-1.0772,-0.4626,0.0694,9.7518,3185,0,0.15370659276867144,0.0,0.017889358852484886
-0.357,0.2444,9.7492,-0.4072,2.1724,-8.3504,-0.3807,0.2593,9.6938,3186,0,0.1508534473230876,0.0,0.021546817084421764
-0.2343,0.2968,9.8954,-3.2861,5.4067,1.0062,-0.1345,0.3282,9.906,3187,0,0.15370659276867144,0.0,0.03529681708442176
0.135,0.363,9.8429,1.0412,0.9223,-0.9999,0.1644,0.3481,9.8671,3188,0,0.15370659276867144,0.0,0.0025786106274609784
-0.0657,0.1393,9.8391,3.727,-2.2575,-3.3807,0.0599,0.0762,9.8202,3189,0,0.15370659276867144,0.0,0.032358830407680755
0.198,-0.0103,9.8296,-3.2985,-5.238,-0.8571,0.2999,-0.0406,9.9098,3190,0,0.15370659276867144,0.0,0.032358830407680755
0.2272,0.7749,9.92,4.2409,2.0452,1.2189,0.3256,0.8254,9.8846,3191,0,0.12351828356416021,0.0,0.04228486591063934
-0.0624,0.1239,9.9179,2.5605,2.0925,0.1385,-0.0174,0.0559,9.9056,3192,0,0.15370659276867144,0.0,0.04228486591063934
-0.0602,-0.0541,9.8566,1.1216,-5.2073,-2.6778,-0.0459,-0.0211,9.8812,3193,0,0.15370659276867144,0.0,0.032556605041074126
0.2329,-0.0626,10.1183,-1.3806,-2.9043,-4.5238,0.3148,-0.0861,10.1883,3194,0,0.1533321728497886,0.0,0.032556605041074126
-0.2045,0.1013,9.7389,2.3313,5.0218,-1.4328,-0.1612,0.0564,9.797,3195,0,0.15370659276867144,0.0,0.032556605041074126
-0.05,0.1947,9.9643,1.3449,-1.4231,-1.8501,-0.0876,0.3129,10.0624,3196,0,0.15370659276867144,0.0,0.02255660504107412
0.009,-0.1187,9.8877,3.0592,1.9768,-2.7637,-0.0598,-0.1537,9.9868,3197,0,0.15370659276867144,0.0,0.02255660504107412
0.0199,-0.0908,9.6651,5.9396,2.0329,-4.1602,0.0464,-0.0602,9.6979,3198,0,0.15370659276867144,0.0,0.05228486591063934
0.0724,-0.8565,9.4819,5.7449,1.4164,4.0013,0.0734,-0.8307,9.4643,3199,0,0.12786855337486075,0.0,0.030722365910639343
0.2505,-0.1164,9.5944,1.3335,-0.6129,-0.6362,0.276,-0.1197,9.6724,3200,0,0.15370659276867144,0.0,0.04072236591063934
-0.1479,0.1984,9.8916,1.1248,-7.0827,-3.7766,-0.1284,0.2426,9.8134,3201,0,0.1535830087878228,0.0,0.04592140600098379
-0.2226,-0.3153,10.0961,0.5273,-1.2326,-2.4229,-0.2389,-0.2913,10.0826,3202,0,0.15370659276867144,0.0,0.04092140600098379
0.2149,0.8523,10.223,3.1814,6.0364,4.4536,0.2925,0.8848,10.2291,3203,0,0.08450667810245832,0.0,0.043874018522561814
-0.0879,-0.0742,10.1914,3.1887,1.109,0.2116,-0.173,-0.0783,10.1188,3204,0,0.15370659276867144,0.0,0.033382565531108827
-0.0088,0.0555,9.7863,-7.1829,1.6683,3.3957,-0.0542,0.0584,9.8608,3205,0,0.15221377687624613,0.0,0.02364506553110883
-0.5282,-0.1019,9.5976,-2.4284,-1.3084,0.5623,-0.4967,-0.1225,9.6339,3206,0,0.15370659276867144,0.0,0.02364506553110883
0.1052,0.1536,10.0669,1.0371,-1.6085,3.8681,0.0035,0.094,10.1525,3207,0,0.15370659276867144,0.0,0.02254920689618048
0.1154,-0.2197,9.4774,2.3663,-0.1693,-0.6096,0.1997,-0.2539,9.4512,3208,0,0.1534046229755623,0.0,0.02254920689618048
-0.0591,0.5337,9.7887,0.2424,-1.346,-0.835,-0.0263,0.6064,9.8263,3209,0,0.15318370441863025,0.0,0.02382580264086133
0.7231,-0.1665,9.8953,1.6127,-3.1985,0.8094,0.5896,-0.124,9.9381,3210,0,0.1539972309627428,0.0,0.04314307807959052
0.0903,0.1894,9.8413,-4.0033,2.1869,5.3929,0.106,0.2089,9.7387,3211,0,0.15370659276867144,0.0,0.024441132999498984
-0.2102,-0.125,9.6983,2.6683,-1.0242,-3.2789,-0.1889,-0.1156,9.6528,3212,0,0.15370659276867144,0.0,0.03416939386906421
0.1212,0.2718,9.5691,3.5775,2.9764,-6.8061,0.0583,0.2815,9.6112,3213,0,0.1532405209942328,0.0,0.024169393869064207
-0.4795,0.0109,9.9786,-7.6981,2.0583,-2.5705,-0.5038,-0.0081,9.9247,3214,0,0.1502370039842001,0.0,0.024169393869064207
0.0352,-0.073,9.9328,-4.7513,4.026,0.3225,0.0898,-0.0579,9.9376,3215,0,0.15370659276867144,0.0,0.024169393869064207
-0.4246,0.4702,9.6435,4.1115,8.9139,-0.302,-0.4592,0.483,9.5925,3216,0,0.13697021504300255,0.0,0.024169393869064207
-0.3331,0.6324,9.909,-2.9159,0.3185,-0.1635,-0.3139,0.5382,9.9247,3217,0,0.15355074445237718,0.0,0.014169393869064205
0.1187,0.0527,9.606,-2.1768,-0.5312,2.2277,0.2153,0.0283,9.6602,3218,0,0.15370659276867144,0.0,0.023143078079590526
-0.1488,-0.1298,9.7428,-2.869,5.3671,1.5892,-0.133,-0.0542,9.7973,3219,0,0.15370659276867144,0.0,0.023143078079590526
-0.2715,-0.2292,9.8009,-2.0052,0.6675,-2.2472,-0.2304,-0.1893,9.759,3220,0,0.15370659276867144,0.0,0.023143078079590526
0.6175,-0.3334,9.7536,-2.2201,2.466,-4.9372,0.5728,-0.3495,9.7526,3221,0,0.15208732668341593,0.0,0.023143078079590526
-0.2937,0.1269,9.8999,2.4663,-2.3052,0.1872,-0.3582,0.0893,9.7512,3222,0,0.15370659276867144,0.0,0.023440697127209573
-0.3241,0.2986,9.7781,-0.465,4.6007,-1.1524,-0.2436,0.262,9.7689,3223,0,0.15370659276867144,0.0,0.023440697127209573
-0.2153,-0.0875,9.8618,-2.9644,-2.7616,-1.3464,-0.1744,-0.067,9.8622,3224,0,0.15370659276867144,0.0,0.021943078079590523
-0.3828,-0.0511,9.7106,-2.5432,-0.5259,0.9586,-0.3178,-0.0502,9.739,3225,0,0.15370659276867144,0.0,0.02211067584495365
-0.1483,0.1703,9.6917,0.5281,0.8165,-0.4824,-0.1765,0.2205,9.691,3226,0,0.15370659276867144,0.0,0.05323057807959052
0.7666,0.0171,9.9933,-0.6388,-0.3049,0.5532,0.79,-0.0239,9.9753,3227,0,0.15575691833195587,0.0,0.024004014513172276
0.0428,0.2681,9.6787,-2.4913,-2.0373,-5.8254,-0.012,0.329,9.7043,3228,0,0.15370659276867144,0.0,0.02114687165602942
0.3618,0.0419,9.7481,0.5772,2.8982,2.1605,0.352,-0.0194,9.6782,3229,0,0.15370659276867144,0.0,0.0001675977653631285
0.3091,-0.1171,9.7786,-2.6087,-2.046,-2.1439,0.3085,-0.0834,9.8197,3230,0,0.15370659276867144,0.0,0.0001675977653631285
0.1357,-0.2563,9.8717,-0.9622,3.3286,-4.7087,0.1609,-0.2056,9.9261,3231,0,0.15370659276867144,0.0,0.0001675977653631285
-0.606,-0.3254,9.9172,5.2146,-1.352,4.0767,-0.5866,-0.324,9.9194,3232,0,0.1537691488359536,0.0,0.0001675977653631285
-0.1556,-0.378,9.7355,0.9177,3.0381,-2.1182,-0.2169,-0.407,9.721,3233,0,0.15370659276867144,0.0,0.0001675977653631285
-0.3926,0.276,10.0711,0.7234,3.1351,0.4583,-0.424,0.3687,10.146,3234,0,0.15370659276867144,0.0,0.0001675977653631285
0.3643,-0.4277,9.9719,-4.4283,-4.7997,-1.9758,0.2367,-0.4703,9.932,3235,0,0.15370659276867144,0.0,0.0003263279240932872
0.0388,0.0225,9.6302,3.1193,-0.4123,0.7544,0.1195,0.0038,9.6441,3236,0,0.15370659276867144,0.0,0.003295266673289862
0.1382,0.246,9.8021,-1.3922,2.4853,-3.5794,0.1469,0.2714,9.7502,3237,0,0.15370659276867144,0.0,0.0011431230692466412
0.0919,0.5273,9.8117,-2.9912,-1.1297,1.5417,0.1123,0.5651,9.7318,3238,0,0.15355074445237718,0.0,0.018431429629329116
0.2897,0.1628,10.2661,5.7221,2.0169,-1.3672,0.3048,0.1333,10.3497,3239,0,0.08640120290013903,0.0,0.00694743923500859
0.2692,-0.1969,9.6205,2.3921,-1.1543,-0.9711,0.2492,-0.268,9.5939,3240,0,0.15370659276867144,0.0,0.010947439235008592
-0.1998,0.4459,9.7,3.7753,-6.2997,1.6139,-0.139,0.4382,9.661,3241,0,0.15370659276867144,0.0,0.012928932529606401
0.1941,-0.1536,9.9352,-0.1276,4.3116,-1.0837,0.1826,-0.1486,9.9894,3242,0,0.15370659276867144,0.0,0.0021935352442624943
-0.1834,0.1133,9.8035,-2.5523,-5.988,0.4956,-0.1674,0.1419,9.788,3243,0,0.15370659276867144,0.0,0.00116721945478881
-0.0048,0.3968,9.5687,0.3501,0.3411,2.7282,-0.0011,0.3366,9.6074,3244,0,0.15370659276867144,0.0,0.0019026167401327175
0.2311,0.2596,9.6843,-1.5523,-3.5285,0.1654,0.2717,0.3387,9.7068,3245,0,0.15370659276867144,0.0,0.001926713125674886
0.2088,-0.1453,9.4394,4.9581,3.9995,4.6212,0.2213,-0.1001,9.4688,3246,0,0.15370659276867144,0.0,0.018415650242313415
-0.0852,0.4144,9.943,-5.5266,-1.5435,0.8601,0.0064,0.4005,9.8516,3247,0,0.15370659276867144,0.0,0.0017828265442723272
-0.1634,0.3721,9.9476,4.7423,-0.612,1.5364,-0.1003,0.2914,9.9269,3248,0,0.15370659276867144,0.0,0.00116721945478881
-0.1715,-0.3639,10.086,1.5278,-4.8075,1.0888,-0.0879,-0.365,9.9462,3249,0,0.15370659276867144,0.0,0.00041147437068551695
0.3653,-0.3179,9.8355,4.199,-1.8952,2.3948,0.4165,-0.3928,9.8051,3250,0,0.15370659276867144,0.0,0.006788709076278432
0.2521,-0.4669,9.8035,-2.3489,3.5696,3.0475,0.213,-0.5228,9.8439,3251,0,0.15370659276867144,0.0,0.000849726005472269
0.1529,0.0219,9.4848,-6.4059,7.6846,1.8664,0.1142,0.0654,9.5305,3252,0,0.14419640202646242,0.0,0.0002668041145694777
0.3233,0.1362,9.5304,0.1387,-0.6241,-2.2659,0.3719,0.1728,9.5612,3253,0,0.15370659276867144,0.0,0.0001390469866565484
-0.1001,-0.0943,9.8693,3.6162,-6.5365,6.0644,-0.0836,-0.111,9.8516,3254,0,0.15370659276867144,0.0,0.0001390469866565484
-0.3909,-0.6434,9.981,3.4121,-2.5193,1.6836,-0.3374,-0.7113,9.9438,3255,0,0.14692290162575095,0.0,0.0007360619120296827
0.3646,0.0925,9.8021,2.3367,-3.782,2.4774,0.3215,0.1482,9.8535,3256,0,0.15370659276867144,0.0,0.0007360619120296827
0.3164,0.3352,9.8478,-0.4035,-0.1403,1.4922,0.3328,0.4133,9.8366,3257,0,0.15370659276867144,0.0,0.0007360619120296827
-0.1488,-0.1248,9.7888,3.2622,-1.694,-3.3167,-0.1368,-0.2293,9.7667,3258,0,0.15370659276867144,0.0,0.0007360619120296827
-0.2289,0.012,9.3705,-1.0215,-3.4974,0.2939,-0.2157,0.0907,9.3844,3259,0,0.1500637704249165,0.0,0.0007360619120296827
-0.2153,0.3233,9.9335,4.4702,0.2556,1.6196,-0.139,0.3028,9.9631,3260,0,0.15370659276867144,0.0,0.011495555582915757
-0.1532,0.1774,9.7549,5.1445,3.6515,-0.5663,-0.1771,0.2072,9.7125,3261,0,0.15370659276867144,0.0,0.0014781925986403488
0.1121,-0.0745,9.703,-3.5056,0.5585,0.4016,0.0774,-0.0864,9.7154,3262,0,0.15370659276867144,0.0,0.0008985406575426244
-0.2068,-0.2752,9.899,2.6627,-2.9837,2.4456,-0.1646,-0.2738,9.8798,3263,0,0.15370659276867144,0.0,0.0001390469866565484
0.2666,-0.4765,9.7564,-7.468,5.4014,-5.6626,0.269,-0.4774,9.6815,3264,0,0.1519533231313492,0.0,0.0001390469866565484
0.1742,-0.0859,9.9626,0.8456,1.674,5.5311,0.1731,-0.1089,9.9223,3265,0,0.15370659276867144,0.0,0.0001390469866565484
0.2953,0.0394,9.7517,7.3579,-0.5909,-0.103,0.2744,-0.0069,9.8295,3266,0,0.15044291000608326,0.0,0.0001390469866565484
0.5288,-0.1641,9.871,-1.419,2.5522,4.9283,0.5698,-0.1353,9.8719,3267,0,0.15370659276867144,0.0,0.0007360619120296827
-0.4709,0.358,9.816,1.97,-0.338,0.7914,-0.4895,0.3711,9.7743,3268,0,0.15370659276867144,0.0,0.0007360619120296827
-0.3109,-0.2852,9.8792,2.9172,5.1683,-3.9086,-0.2824,-0.3379,9.863,3269,0,0.15370659276867144,0.0,0.010139046986656549
0.4872,-0.1358,9.5019,3.0757,1.0469,5.3249,0.5843,-0.2191,9.5515,3270,0,0.152190671395924,0.0,0.0001390469866565484
-0.0223,-0.2712,9.8505,2.1545,2.5548,3.0436,-0.0161,-0.2909,9.8965,3271,0,0.15370659276867144,0.0,0.0001390469866565484
-0.0653,-0.0195,9.6042,3.2015,-1.3953,-3.5452,-0.0005,0.0474,9.6997,3272,0,0.15370659276867144,0.0,0.0001390469866565484
0.6389,0.1846,10.0681,2.4112,-1.0575,-5.8634,0.6498,0.259,10.0718,3273,0,0.15539657039876814,0.0,0.010139046986656549
0.055,0.0035,9.8568,0.652,-0.2036,-4.1541,-0.0184,-0.0178,9.8545,3274,0,0.15370659276867144,0.0,0.0002779358755454373
-0.0219,-0.1239,10.0642,-0.9819,5.3243,2.7438,-0.1035,-0.1507,10.0341,3275,0,0.15370659276867144,0.0,0.0018779358755454372
0.2743,0.1375,10.0336,-4.7198,3.3121,7.0941,0.2796,0.1638,10.0872,3276,0,0.15314501477372658,0.0,0.0003066447520196769
-0.0373,-0.1137,9.7144,1.7943,3.4268,-2.8383,-0.0367,-0.0829,9.7078,3277,0,0.15370659276867144,0.0,0.0006653138606887857
0.1203,0.1801,9.7892,-1.4916,3.053,-2.3887,0.1162,0.2068,9.7901,3278,0,0.15370659276867144,0.0,0.0006653138606887857
0.1277,0.4462,9.6712,2.6386,-0.9345,-1.5308,0.14,0.4742,9.7015,3279,0,0.15370659276867144,0.0,0.0006653138606887857
0.0048,0.4015,10.1117,1.0782,-4.1981,3.8954,0.0204,0.3815,10.0785,3280,0,0.15370659276867144,0.0,0.0005264249717998967
0.5365,0.0928,9.6415,0.0343,-1.6955,5.9067,0.5201,0.0343,9.6713,3281,0,0.15370659276867144,0.0,0.0006653138606887857
0.3982,0.0485,9.6787,-2.6654,3.1118,-0.7623,0.377,0.1477,9.7031,3282,0,0.15370659276867144,0.0,0.001998509746119308
0.271,0.2823,9.7636,3.1398,2.1608,1.2215,0.2573,0.351,9.7092,3283,0,0.15370659276867144,0.0,0.0017787295263390881
-0.025,0.0105,9.9518,-6.711,-1.3251,-0.4178,-0.0599,0.011,10.0098,3284,0,0.15370659276867144,0.0,0.011639840637450199
-0.4968,-0.2706,9.3735,3.1784,-1.3099,-5.2431,-0.5106,-0.2524,9.3021,3285,0,0.13606649317949537,0.0,0.0002779358755454373
-0.0059,-0.3699,9.536,1.2994,1.8306,2.98,0.015,-0.3496,9.502,3286,0,0.15370659276867144,0.0,0.0002779358755454373
-0.2215,-0.1391,9.9712,1.3091,0.121,-3.7239,-0.2495,-0.1598,9.9252,3287,0,0.15370659276867144,0.0,0.0002779358755454373
0.3795,-0.0917,9.9496,5.83,3.6453,2.1209,0.38,-0.0924,9.8947,3288,0,0.15370659276867144,0.0,0.0001787295263390881
0.485,-0.2289,9.5007,-3.3618,-0.2677,-0.1455,0.4764,-0.2383,9.4836,3289,0,0.15370659276867144,0.0,0.0002779358755454373
-0.3671,0.0191,9.7692,3.7187,-2.8767,-4.6069,-0.3685,0.0629,9.7941,3290,0,0.15370659276867144,0.0,0.0002779358755454373
-0.1226,-0.6508,9.7723,0.0962,4.7769,2.7652,-0.0878,-0.6944,9.8142,3291,0,0.15176707960963787,0.0,0.0032162769814748178
-0.1542,0.2501,9.9024,2.5441,-1.8083,-2.1203,-0.0631,0.1698,9.9405,3292,0,0.15370659276867144,0.0,0.0032162769814748178
-0.4135,-0.2642,9.8855,1.6385,-2.5298,-5.739,-0.4105,-0.25,9.8948,3293,0,0.15370659276867144,0.0,0.0032162769814748178
0.372,-0.4421,9.6476,4.6661,2.0815,-4.9472,0.3491,-0.4067,9.6381,3294,0,0.15370659276867144,0.0,0.01665338033119953
-0.1602,-0.2711,9.6061,-0.9532,0.9219,3.3648,-0.1395,-0.1909,9.558,3295,0,0.15370659276867144,0.0,0.0066533803311995265
0.3713,-0.1374,9.6464,0.8562,3.7985,6.24,0.4472,-0.1963,9.6921,3296,0,0.15314501477372658,0.0,0.006752586680405875
0.1779,0.4167,9.9966,0.8736,-1.0368,2.5094,0.2399,0.3764,10.0933,3297,0,0.15370659276867144,0.0,0.0066533803311995265
-0.1298,0.2069,9.8862,0.4787,2.4976,-2.8649,-0.1476,0.2677,9.7822,3298,0,0.15370659276867144,0.0,0.01665338033119953
0.2433,-0.2173,9.5346,2.2227,4.7687,3.972,0.2613,-0.3364,9.5719,3299,0,0.15370659276867144,0.0,0.015627064541725844
0.1897,-0.5729,9.5638,1.2488,3.064,-3.39,0.1939,-0.6735,9.5735,3300,0,0.138288631770968,0.0,0.019760296315863856
-0.0094,-0.1605,9.9037,1.1096,-0.0537,-2.1781,0.0052,-0.1427,9.8456,3301,0,0.15370659276867144,0.0,0.02613550857130867
0.012,-0.3132,10.2737,1.038,2.8711,-5.8742,0.0926,-0.3841,10.2829,3302,0,0.15079262906197122,0.0,0.026540913976714077
0.4768,-0.0288,9.8702,-0.8708,-0.4139,3.0452,0.5244,0.0132,9.8894,3303,0,0.15370659276867144,0.0,0.016540913976714075
-0.001,0.4177,9.7132,2.9241,-0.4591,-0.2463,-0.0286,0.3868,9.7714,3304,0,0.15370659276867144,0.0,0.015858785736604934
-0.1575,-0.2054,9.7975,-0.9922,-0.1048,-2.0495,-0.2184,-0.288,9.8368,3305,0,0.15370659276867144,0.0,0.02705878573660493
0.2823,-0.0839,9.7335,-3.1091,5.1895,-2.3385,0.372,-0.077,9.7529,3306,0,0.15370659276867144,0.0,0.01718208847135345
-0.2256,-0.0619,9.8397,-4.5033,-8.5907,-0.7399,-0.1528,-0.1147,9.9109,3307,0,0.14981546126865944,0.0,0.005221800606635206
0.3166,0.084,9.4941,-0.37,-0.4609,-2.4747,0.3237,0.0727,9.4744,3308,0,0.15370659276867144,0.0,0.005221800606635206
-0.2753,0.41,9.7706,-0.5264,-2.6387,-2.5579,-0.2389,0.3599,9.6984,3309,0,0.15370659276867144,0.0,0.005221800606635206
-0.0306,0.1671,9.7645,2.0316,-3.4779,-0.9978,-0.0363,0.1722,9.7055,3310,0,0.15370659276867144,0.0,0.017133825923090904
0.3077,-0.5011,9.9176,5.5048,3.9957,0.1694,0.3663,-0.4988,9.8185,3311,0,0.15370659276867144,0.0,0.017133825923090904
0.065,-0.0398,9.7832,-1.4816,5.7365,0.903,0.1132,-0.0389,9.733,3312,0,0.15370659276867144,0.0,0.01945940731843974
0.1447,-0.241,9.8009,1.6908,6.4783,-0.3263,0.1903,-0.3067,9.8125,3313,0,0.15370659276867144,0.0,0.00945940731843974
0.1224,-0.0734,10.0741,0.9548,7.3082,0.3161,0.0982,-0.0125,10.0858,3314,0,0.14773293704523302,0.0,0.008313457674214231
0.3575,-0.1793,9.9526,-2.7011,-5.3648,3.6543,0.3427,-0.1222,9.894,3315,0,0.15370659276867144,0.0,0.015446324807081366
0.4089,0.1556,9.7763,-1.2929,3.6184,-0.9551,0.4382,0.1147,9.7708,3316,0,0.15370659276867144,0.0,0.019082688443445003
0.1358,0.354,9.7316,0.4179,-0.2062,-3.8564,0.205,0.3865,9.7655,3317,0,0.15370659276867144,0.0,0.024815982926739477
-0.436,-0.0132,9.8657,7.8078,-3.0631,-3.3565,-0.3103,-0.0388,9.8393,3318,0,0.14529850134975228,0.0,0.014523837332869754
-0.3604,-0.0447,9.8949,-2.6025,-0.5185,-0.8904,-0.2874,-0.0322,9.943,3319,0,0.15370659276867144,0.0,0.019143256375365722
0.0078,0.1137,9.6263,-0.0089,-0.0495,-0.1477,-0.0329,0.1166,9.6702,3320,0,0.15370659276867144,0.0,0.019524769482811687
0.4033,0.0766,9.6792,1.5042,1.5518,-2.4718,0.3392,0.0448,9.6287,3321,0,0.15370659276867144,0.0,0.009524769482811682
-0.2905,-0.5293,9.8914,-2.7138,-0.4882,-1.155,-0.3807,-0.5339,9.9552,3322,0,0.15370659276867144,0.0,0.004558966878454863
0.3636,-0.0235,9.7169,1.4427,4.5792,4.4406,0.3099,0.0155,9.7568,3323,0,0.15370659276867144,0.0,0.00954820758317286
-0.3859,-0.0622,9.5307,4.7879,2.4386,5.4046,-0.3513,-0.1528,9.5992,3324,0,0.15370659276867144,0.0,0.009127859524270586
0.0188,0.4593,9.4832,2.5764,-2.6244,2.1882,0.0528,0.4168,9.5285,3325,0,0.15370659276867144,0.0,0.029201824021312005
0.0727,0.2337,9.6949,-1.1861,0.4181,-0.4634,-0.0218,0.2051,9.7492,3326,0,0.15370659276867144,0.0,0.014892013350055551
0.4139,-0.1094,9.8809,-0.8861,-2.031,3.694,0.5275,-0.145,9.8273,3327,0,0.15370659276867144,0.0,0.029277773388400607
-0.0653,-0.0526,10.078,-3.9549,-5.2176,-1.7535,-0.1024,-0.0899,10.0504,3328,0,0.15370659276867144,0.0,0.029201824021312
0.5677,0.4265,9.7403,0.9259,-4.4124,-0.6247,0.5359,0.4348,9.751,3329,0,0.15361879978792273,0.0,0.019277773388400615
-0.2862,-0.7685,9.9784,-0.9888,0.1768,-4.9668,-0.2861,-0.7982,10.0106,3330,0,0.14938331271081323,0.0,0.0009086083665269698
-0.1324,0.157,9.8405,-1.0898,1.7494,-2.5374,-0.0635,0.0852,9.9001,3331,0,0.15370659276867144,0.0,0.004260505551349491
0.0373,-0.3782,10.0073,0.1484,0.2836,-0.7809,-0.0493,-0.39,10.1009,3332,0,0.15370659276867144,0.0,0.006403362694206633
-0.2191,-0.1151,10.2313,-3.0214,3.8307,0.6816,-0.172,-0.011,10.2213,3333,0,0.1526504524297057,0.0,0.005677781298857797
-0.1298,0.4634,9.774,2.6425,2.5713,-5.9235,-0.206,0.5471,9.8279,3334,0,0.15370659276867144,0.0,0.024231038003838645
0.3078,-0.2812,9.9845,0.3265,1.8415,-4.0706,0.3142,-0.2452,9.9667,3335,0,0.15370659276867144,0.0,0.015823597021596594
0.0336,-0.1146,9.9423,5.1705,-1.1442,1.4004,-0.0268,-0.1667,9.9692,3336,0,0.15370659276867144,0.0,0.014465159284001144
0.0709,-0.0742,9.8581,-4.418,1.9624,-7.526,-0.0123,0.0142,9.8209,3337,0,0.1513602608214693,0.0,0.03453272685156871
-0.2999,0.1505,9.5599,-0.0698,5.0636,3.0579,-0.2998,0.1818,9.6229,3338,0,0.15370659276867144,0.0,0.04673435985543636
-0.2067,-0.3972,9.5885,0.8696,2.8462,-1.9923,-0.1841,-0.33,9.5141,3339,0,0.15370659276867144,0.0,0.026860963197516994
-0.4727,0.1539,9.6822,-1.6138,0.9576,-3.5106,-0.4504,0.1151,9.7805,3340,0,0.15370659276867144,0.0,0.04235058468713849
-0.1188,-0.211,9.7099,-3.0782,-3.8862,1.0112,-0.2127,-0.2212,9.6143,3341,0,0.15370659276867144,0.0,0.026514579635656142
-0.6495,0.3644,9.6126,1.0775,-5.0471,4.572,-0.6421,0.391,9.5866,3342,0,0.1537691488359536,0.0,0.05591131407465072
-0.0151,0.0833,9.547,-3.3523,-0.9549,-1.4278,-0.0655,0.0649,9.5691,3343,0,0.15370659276867144,0.0,0.024311314074650713
1.2282,0.1327,9.9884,-1.0368,-1.2888,-0.0739,1.2133,0.1968,10.1184,3344,1,0.3592195560511343,0.0,0.0634277436292155
-0.0359,-0.119,9.6269,-0.6255,4.9709,-2.9204,-0.0377,-0.1138,9.6313,3345,0,0.15370659276867144,0.0,0.05246729165181436
0.1008,0.0435,9.91,-0.223,-2.2998,-1.1609,0.1078,0.0696,9.9813,3346,0,0.15370659276867144,0.0,0.05342774362921549
0.6695,-0.0014,9.8578,2.0869,5.0569,-6.8802,0.7789,-0.0018,9.8362,3347,0,0.13099372515988514,0.0,0.05246729165181436
-0.4269,-0.1569,9.8033,1.4066,-0.9747,-3.3283,-0.4251,-0.1609,9.8329,3348,0,0.15370659276867144,0.0,0.04246729165181436
-0.0872,-0.1418,9.5591,0.4239,1.2902,-4.6828,-0.0395,-0.1487,9.5439,3349,0,0.15370659276867144,0.0,0.05342774362921549
0.6681,0.0331,9.7949,0.4227,0.6413,1.7296,0.621,0.0695,9.7736,3350,0,0.15518380084858113,0.0,0.04420869601016788
-0.1545,-0.2892,9.5989,-0.7438,-3.3551,-2.9905,-0.1146,-0.2888,9.5911,3351,0,0.15370659276867144,0.0,0.04420869601016788
-0.3001,0.0319,9.8608,3.56,-1.4173,-1.859,-0.3648,0.0541,9.9112,3352,0,0.15370659276867144,0.0,0.044208696010167865
-0.1428,0.2133,9.919,0.6689,5.8529,1.8974,-0.0739,0.1007,9.9138,3353,0,0.15370659276867144,0.0,0.054208696010167874
0.2135,-0.2152,9.6612,-1.6687,-3.1504,1.2022,0.2024,-0.2612,9.6625,3354,0,0.15370659276867144,0.0,0.023248244032766735
-0.0361,-0.2466,9.9662,-2.8788,0.9344,-2.782,-0.041,-0.3376,9.9646,3355,0,0.15370659276867144,0.0,0.023248244032766735
-0.1273,-0.1605,10.0756,-1.9484,-0.8107,-0.4927,-0.0864,-0.1763,10.0321,3356,0,0.15370659276867144,0.0,0.06580869601016787
0.4753,0.2304,10.1261,-5.4991,1.157,2.5451,0.4557,0.2599,10.1253,3357,0,0.15370659276867144,0.0,0.05260014381535293
-0.2933,-0.3902,9.3771,0.7447,-6.7302,-6.3314,-0.3673,-0.4884,9.4106,3358,0,0.15008416349417586,0.0,0.042479013263535974
0.4236,-0.1402,9.6902,-2.7382,-3.3853,-1.7841,0.3355,-0.2008,9.7212,3359,0,0.15370659276867144,0.0,0.042479013263535974
0.0748,0.2561,9.7907,0.0762,-2.7692,-5.8147,0.065,0.2427,9.7736,3360,0,0.15370659276867144,0.0,0.042479013263535974
0.0382,-0.2648,9.9556,-1.9004,1.3931,-0.9402,0.0005,-0.2729,9.9456,3361,0,0.15370659276867144,0.0,0.05247901326353597
0.4675,-0.4475,9.4716,-3.2519,-2.1693,-2.1137,0.4883,-0.4708,9.5382,3362,0,0.15370659276867144,0.0,0.042479013263535974
-0.3991,0.2481,9.7674,-3.1807,1.9474,3.0643,-0.2212,0.2642,9.8003,3363,0,0.15370659276867144,0.0,0.012479013263535971
0.3859,-0.0176,9.5641,2.7269,0.3276,5.8674,0.4542,-0.0415,9.5652,3364,0,0.15370659276867144,0.0,0.0324549168779938
0.1196,-0.3302,9.8775,0.6966,5.4032,3.2701,0.0907,-0.2701,9.8837,3365,0,0.15370659276867144,0.0,0.05260014381535293
-0.1096,-0.0768,9.7215,-1.8596,2.8471,-2.7099,-0.0946,-0.0829,9.5599,3366,0,0.15370659276867144,0.0,0.042479013263535974
-0.2409,0.031,9.9516,-0.8704,2.0373,1.6041,-0.2678,0.0099,10.0215,3367,0,0.15370659276867144,0.0,0.032479013263535965
-0.3949,-0.2497,9.8238,-0.2446,3.7823,0.7373,-0.3312,-0.2468,9.8464,3368,0,0.15370659276867144,0.0,0.09328227205546206
0.1125,0.2527,9.5332,-3.1355,0.1154,-0.99,0.1522,0.2091,9.5104,3369,0,0.15370659276867144,0.0,0.09328227205546206
-0.2252,-0.0521,9.8458,-0.0487,3.1602,3.4767,-0.2236,-0.041,9.9642,3370,0,0.15370659276867144,0.0,0.09328227205546206
-0.3511,-0.0888,9.9444,2.1442,-1.4498,1.8184,-0.363,-0.1126,9.9158,3371,0,0.15370659276867144,0.0,0.12765275200286508
0.3228,-0.0742,9.4684,-2.2873,1.8013,-2.3136,0.2634,-0.086,9.4701,3372,0,0.15370659276867144,0.0,0.07765275200286509
-0.0135,0.4641,9.863,1.7927,-0.9696,5.6676,-0.0263,0.4702,9.7939,3373,0,0.15370659276867144,0.0,0.10765275200286509
0.5609,-0.0421,9.9188,7.4586,1.6536,3.0781,0.5834,-0.0056,9.8125,3374,0,0.14828286960796644,0.0,0.04697062376275595
-0.2224,0.323,9.5577,4.328,3.0375,2.7483,-0.2054,0.2949,9.6071,3375,0,0.15370659276867144,0.0,0.03684949321093899
0.4639,-0.1173,9.5234,-2.7381,-0.1529,-1.1714,0.5389,-0.103,9.6317,3376,0,0.15370659276867144,0.0,0.03682539682539683
-0.0959,-0.2734,9.6228,3.3377,-4.5273,-2.2258,-0.0777,-0.2902,9.632,3377,0,0.15370659276867144,0.0,0.03684949321093899
0.0467,0.4657,10.1337,-2.0147,-2.1542,-0.7426,0.0497,0.4611,10.1802,3378,0,0.15370659276867144,0.0,0.04697062376275595
-0.1682,-0.5975,9.5247,2.6,-2.0823,-2.1191,-0.1767,-0.542,9.5258,3379,0,0.15376804318490978,0.0,0.06272556158700737
-0.0757,-0.1487,9.5612,0.2151,1.7993,1.1034,-0.0313,-0.1297,9.5347,3380,0,0.15370659276867144,0.0,0.05204164337232978
-0.0161,-0.2191,9.4193,-2.5449,-1.8556,1.9712,-0.1449,-0.1979,9.438,3381,0,0.1534046229755623,0.0,0.05204164337232978
-0.1273,-0.404,9.6934,-2.923,4.6663,-3.8999,-0.1609,-0.4439,9.5946,3382,0,0.15370659276867144,0.0,0.03192051282051282
-0.3715,0.1865,9.8028,-1.306,1.9227,-2.0559,-0.2933,0.1603,9.8027,3383,0,0.15370659276867144,0.0,0.04606854082998661
0.9825,0.3175,9.6605,-2.5503,-2.2148,-6.029,1.0145,0.2892,9.6041,3384,1,0.19311004323833839,0.0,0.03690134619248544
-0.2118,-0.1577,9.7717,-2.5913,2.1865,4.7836,-0.1945,-0.2436,9.7998,3385,0,0.15370659276867144,0.0,0.04946313267445343
-0.1963,-0.5318,9.6613,4.2182,-4.9978,0.9849,-0.2599,-0.6253,9.7383,3386,0,0.13982869213507415,0.0,0.054054916877993804
0.1548,0.8891,9.7084,0.1918,-0.0643,4.7966,0.1664,0.8729,9.653,3387,0,0.09476975836560539,0.0,0.040073964497041425
0.2211,0.2527,9.4486,-0.6359,-2.8353,-4.721,0.1625,0.3575,9.4532,3388,0,0.1534046229755623,0.0,0.040073964497041425
0.2028,0.1582,9.9893,-9.0166,-0.2128,3.3632,0.2485,0.1506,10.0026,3389,0,0.1458499173853834,0.0,0.045126572684553584
-0.107,-0.6538,9.7874,-1.1819,-0.4994,1.318,-0.0874,-0.6899,9.8378,3390,0,0.15451960521004188,0.0,0.025126572684553584
-0.1993,0.485,10.0681,0.1033,1.8048,-2.8202,-0.2657,0.4754,10.1262,3391,0,0.15370659276867144,0.0,0.03068212824010914
-0.0158,-0.258,9.5599,0.7775,2.8761,3.251,0.0055,-0.2175,9.6436,3392,0,0.15370659276867144,0.0,0.02113985517746827
0.0341,0.0113,9.5068,-0.3285,-1.3647,6.1304,0.1065,0.034,9.5525,3393,0,0.15370659276867144,0.0,0.020706224625651307
-0.0476,-0.0289,9.5746,-1.8601,-0.5511,2.9924,0.0046,-0.0026,9.5606,3394,0,0.15370659276867144,0.0,0.004468540829986613
-0.1036,0.4375,9.8758,2.3083,0.1577,0.0069,-0.0704,0.4643,9.8714,3395,0,0.15370659276867144,0.0,0.005627407230860176
0.6245,0.171,10.2148,-0.7734,-3.5666,-2.6947,0.6161,0.1767,10.2458,3396,0,0.1520074699179017,0.0,0.01034460920605499
0.1792,-0.504,9.7722,-1.845,5.5781,-4.385,0.1968,-0.4831,9.8099,3397,0,0.15370659276867144,0.0,0.01032051282051282
-0.2175,0.1633,9.7464,2.1328,-1.0864,2.1465,-0.1824,0.0664,9.7617,3398,0,0.15370659276867144,0.0,0.010441643372329779
-0.2072,0.0673,9.6065,0.2804,4.7865,-0.5036,-0.148,0.0468,9.5967,3399,0,0.15370659276867144,0.0,0.010441643372329779
-0.3551,-0.4535,10.0424,0.5115,-1.509,0.8368,-0.306,-0.3899,9.955,3400,0,0.15370659276867144,0.0,0.010441643372329779
-0.3524,-0.694,9.7664,0.1296,-5.8325,-0.5849,-0.3147,-0.6614,9.7359,3401,0,0.15062947843235588,0.0,0.010441643372329779
-0.0116,0.0895,9.9545,-0.3819,-3.5443,1.0293,0.0428,0.1472,9.9546,3402,0,0.15370659276867144,0.0,0.010441643372329779
0.3128,0.2074,9.6954,1.5183,-1.7587,-1.2211,0.2888,0.1929,9.7204,3403,0,0.15370659276867144,0.0,0.0004416433723297788
-0.1718,0.2677,9.8154,1.1349,-4.5217,-2.2589,-0.2473,0.1739,9.8134,3404,0,0.15370659276867144,0.0,0.0004416433723297788
-0.0678,0.3373,9.6877,-1.7992,0.0153,-0.2959,0.0197,0.4054,9.5994,3405,0,0.15370659276867144,0.0,0.0004416433723297788
0.2832,-0.0256,9.5114,0.5451,-0.9358,-6.1308,0.1766,-0.0363,9.4624,3406,0,0.15370659276867144,0.0,0.0004416433723297788
-0.1437,0.2234,10.1864,1.487,-3.3983,3.3702,-0.1156,0.2123,10.2785,3407,0,0.14833163816937106,0.0,0.0004416433723297788
-0.346,0.2809,9.2586,1.4649,-1.0707,0.0345,-0.3305,0.2842,9.1664,3408,0,0.08377938870232543,0.0,0.010441643372329779
0.0497,-0.1312,9.8786,0.7058,1.0044,1.8921,-0.0224,-0.1299,9.9201,3409,0,0.15370659276867144,0.0,0.020441643372329777
0.1363,0.1862,9.454,1.0015,1.8083,-3.8808,0.1531,0.2247,9.479,3410,0,0.15370659276867144,0.0,0.010441643372329779
-0.3392,-0.2685,9.399,1.0224,-3.5367,-3.8708,-0.3558,-0.3225,9.3368,3411,0,0.14340119104880866,0.0,0.0004416433723297788
-0.0757,0.6125,9.8003,0.9645,-2.4714,-3.2595,-0.1223,0.5178,9.813,3412,0,0.15355074445237718,0.0,0.0004416433723297788
0.0255,0.2051,10.0293,-3.1666,-3.849,-1.1448,0.0921,0.1483,10.1165,3413,0,0.15370659276867144,0.0,0.0004416433723297788
-0.0874,-0.3993,9.783,-2.8881,3.0068,-0.9117,-0.0862,-0.362,9.78,3414,0,0.15370659276867144,0.0,0.0020545465981362306
-0.3799,-0.0263,9.802,-0.7406,-3.985,5.0827,-0.3356,-0.0601,9.8234,3415,0,0.15370659276867144,0.0,0.0020545465981362306
0.3289,0.0506,9.7648,-1.0899,3.3276,1.9668,0.3674,-0.0206,9.7168,3416,0,0.15370659276867144,0.0,0.0020545465981362306
-0.2741,0.2148,9.7114,3.7284,-1.3282,-0.5011,-0.2953,0.198,9.7702,3417,0,0.15370659276867144,0.0,0.00180799827466483
0.1104,0.1994,9.6924,0.1484,-0.284,0.0405,0.0517,0.2882,9.7136,3418,0,0.15370659276867144,0.0,0.0008431952662721893
0.3395,-0.4357,10.1208,-3.3652,-7.3394,1.5014,0.3117,-0.469,10.0949,3419,0,0.153471543619007,0.0,0.0010897435897435897
-0.255,-0.2221,9.7804,-1.8197,5.7308,1.0579,-0.2703,-0.2391,9.8325,3420,0,0.15370659276867144,0.0,0.0010897435897435897
-0.3209,-0.4611,9.8842,-5.6347,-8.042,-0.0032,-0.3669,-0.3637,9.8428,3421,0,0.14981546126865944,0.0,0.0010897435897435897
0.0871,0.3227,9.8708,0.1663,-1.6331,2.3688,0.1126,0.2757,9.8304,3422,0,0.15370659276867144,0.0,0.0008431952662721893
-0.2836,0.1178,10.2398,-5.4909,-1.246,-4.8416,-0.3716,0.0967,10.2309,3423,0,0.1526504524297057,0.0,0.011055961223718998
0.112,-0.189,9.9508,-4.3827,-3.6734,-2.2024,0.1812,-0.1626,9.9728,3424,0,0.15370659276867144,0.0,0.001858880931748195
-0.5272,0.2803,9.4742,-2.4687,-6.0425,-2.7061,-0.4475,0.2486,9.5341,3425,0,0.15370659276867144,0.0,0.011055961223718998
-0.2707,0.0618,9.8281,0.6856,0.9453,1.1805,-0.2833,0.07,9.8583,3426,0,0.15370659276867144,0.0,0.031090559418745833
-0.504,-0.6033,9.7159,-9.3599,-5.1904,-3.076,-0.5183,-0.5593,9.7266,3427,0,0.14512358765901737,0.0,0.020769230769230772
0.3143,0.5716,9.5718,0.6894,-3.291,-3.0857,0.3087,0.5715,9.6839,3428,0,0.15355074445237718,0.0,0.018337765957446808
0.6107,-0.2281,9.7891,-0.8257,-0.5903,-0.154,0.4987,-0.2019,9.7873,3429,0,0.15208732668341593,0.0,0.010769230769230769
-0.1528,-0.1313,9.6985,0.4242,-2.1987,7.9947,-0.1821,-0.0479,9.6772,3430,0,0.14841729206857712,0.0,0.018125
-0.4326,-0.0396,9.6775,4.0795,3.9394,-1.5891,-0.4087,-0.0428,9.6878,3431,0,0.15370659276867144,0.0,0.028353571428571426
-0.0013,-0.4392,9.7641,7.6491,-0.9972,1.2844,0.0733,-0.4056,9.7532,3432,0,0.14837066258871512,0.0,0.010769230769230769
-0.3075,0.111,9.8436,4.065,4.6726,0.8986,-0.3685,0.0863,9.779,3433,0,0.15370659276867144,0.0,0.018125
0.1327,-0.4313,9.2855,-0.5883,-2.2627,-4.833,0.1548,-0.3984,9.3552,3434,0,0.13852343664471564,0.0,0.08179208862852812
-0.2896,-0.1392,10.0569,0.0782,-0.6855,1.1783,-0.3311,-0.141,9.9466,3435,0,0.15370659276867144,0.0,0.07202464676806301
-0.0154,0.1246,9.8004,-1.8951,5.6993,-2.1895,-0.0143,0.1292,9.8306,3436,0,0.15370659276867144,0.0,0.06397958862852812
0.1284,-0.0371,9.5681,-2.2637,-2.764,-2.6126,0.1333,-0.0018,9.5793,3437,0,0.15370659276867144,0.0,0.06409537863306693
-0.1549,-0.1706,9.6634,3.6055,-2.464,-5.0428,-0.0816,-0.0586,9.6592,3438,0,0.15370659276867144,0.0,0.053782878633066925
-0.4473,-0.1657,9.8744,2.7043,1.9978,-0.0598,-0.3753,-0.1495,9.8972,3439,0,0.15370659276867144,0.0,0.04416934313010835
-0.1671,0.2597,10.0187,-4.3864,1.3171,0.6594,-0.1866,0.2135,10.0088,3440,0,0.15370659276867144,0.0,0.082164646240421
-0.0814,0.3362,9.5227,2.8035,0.2268,-0.4988,-0.1519,0.3347,9.6093,3441,0,0.15370659276867144,0.0,0.052164646240421
-0.2694,0.444,10.1123,-1.0985,-1.1521,-5.4658,-0.2409,0.5035,10.1194,3442,0,0.15370659276867144,0.0,0.062240595607509615
0.4624,0.6449,9.4911,2.0104,1.9652,-9.6397,0.5336,0.6532,9.4606,3443,0,0.147423306869959,0.0,0.09131781231096804
-0.4631,0.0498,9.7149,-0.6039,-2.617,-1.5435,-0.3846,0.0125,9.7152,3444,0,0.15370659276867144,0.0,0.07256781231096804
-0.3707,0.0675,9.5394,-4.2349,-2.6699,-6.6049,-0.4526,0.063,9.4783,3445,0,0.1532405209942328,0.0,0.08107503892250816
0.0275,0.1234,9.8406,-2.9353,-0.5502,3.5193,-0.0308,0.1318,9.829,3446,0,0.15370659276867144,0.0,0.08187795863053736
0.4937,-0.3251,9.9037,1.0688,-6.3758,1.5137,0.4362,-0.2227,9.9582,3447,0,0.15370659276867144,0.0,0.09211277477156475
0.144,0.0594,9.7243,4.7673,-3.1408,2.8799,0.165,0.0998,9.7336,3448,0,0.15370659276867144,0.0,0.08211277477156476
-0.1658,-0.6119,9.8462,4.8379,1.1469,-0.651,-0.2149,-0.6076,9.8498,3449,0,0.15359223705380823,0.0,0.06107503892250816
-0.1604,-0.0671,10.0152,-0.1752,1.2803,1.7463,-0.1142,-0.027,9.9994,3450,0,0.15370659276867144,0.0,0.08086277477156475
0.3949,-0.0324,9.8119,0.2434,3.284,-7.3124,0.4106,-0.042,9.7408,3451,0,0.1513602608214693,0.0,0.044296018363676186
0.0498,-0.2208,9.7662,7.2066,3.7627,-2.3325,0.0192,-0.2348,9.8117,3452,0,0.15242389511884455,0.0,0.044296018363676186
-0.1648,-0.4809,9.8112,-0.151,-1.019,0.7739,-0.1942,-0.482,9.8788,3453,0,0.15370659276867144,0.0,0.06352678759444542
-0.5189,0.0903,9.6281,6.2525,5.073,3.8592,-0.5431,0.079,9.6108,3454,0,0.15370659276867144,0.0,0.05973694695699522
0.4273,0.1455,9.824,-1.6524,-2.3848,-3.901,0.4796,0.2483,9.8465,3455,0,0.15370659276867144,0.0,0.06352678759444542
-0.365,0.0427,10.1274,1.3817,-0.5833,4.8554,-0.313,-0.0139,10.0393,3456,0,0.15370659276867144,0.0,0.06994921110793861
-0.155,0.162,9.7113,0.6677,1.3999,-1.1624,-0.2208,0.1358,9.6863,3457,0,0.15370659276867144,0.0,0.06098694695699522
0.0866,-0.0886,9.9054,-3.1935,4.3695,0.5534,0.2108,-0.1277,9.8399,3458,0,0.15370659276867144,0.0,0.03276194230512149
-0.1508,-0.0759,9.4482,-1.8073,4.4766,2.3607,-0.176,-0.1268,9.4441,3459,0,0.1534046229755623,0.0,0.07259967815417809
-0.0352,0.2993,10.1065,-4.2323,1.0032,-0.5401,-0.0787,0.2541,10.1602,3460,0,0.15370659276867144,0.0,0.06994921110793861
-0.2997,0.4768,9.8164,2.4846,1.5143,4.2319,-0.324,0.4406,9.8109,3461,0,0.15370659276867144,0.0,0.043798417457144974
-0.3839,-0.2279,9.6777,3.7774,-0.5089,0.8906,-0.4127,-0.2181,9.6232,3462,0,0.15370659276867144,0.0,0.04277210166767129
0.2484,0.081,9.5516,1.6999,3.6389,-3.9206,0.1994,0.0165,9.5288,3463,0,0.15370659276867144,0.0,0.03277210166767129
0.0347,-0.3082,9.4507,2.6988,4.601,1.9111,0.0569,-0.3673,9.4361,3464,0,0.1534046229755623,0.0,0.05277210166767128
0.3101,-0.0584,10.2089,0.9406,0.1505,0.1724,0.342,-0.05,10.2487,3465,0,0.1526504524297057,0.0,0.02166046447260918
-0.5736,-0.0164,10.0528,-1.4507,-2.4411,-1.7421,-0.5181,0.0192,10.0015,3466,0,0.15370659276867144,0.0,0.048922895318464936
-0.5265,0.0311,9.7537,5.4646,0.7021,-2.1366,-0.5955,-0.0304,9.6684,3467,0,0.15370659276867144,0.0,0.02892289531846494
0.5235,0.3319,9.8823,-0.611,3.7531,1.234,0.5954,0.3313,9.9167,3468,0,0.15346008255657423,0.0,0.02892289531846494
-0.1075,-0.2184,9.8048,-3.567,4.015,-0.9915,-0.1742,-0.1754,9.8172,3469,0,0.15370659276867144,0.0,0.02892289531846494
-0.4029,0.0039,9.8551,3.3432,3.3564,7.782,-0.4289,-0.0091,9.7652,3470,0,0.1496211289452124,0.0,0.03987026373951757
0.4927,-0.0491,9.7834,1.0333,1.4193,-0.2482,0.4258,-0.0353,9.7056,3471,0,0.15370659276867144,0.0,0.04241010437696777
0.1191,-0.3515,9.9459,0.2747,-1.5427,4.5222,0.1414,-0.4508,10.0152,3472,0,0.15370659276867144,0.0,0.04241010437696777
-0.1876,-0.2551,9.6425,-4.9858,1.3362,1.109,-0.1398,-0.2866,9.6567,3473,0,0.15370659276867144,0.0,0.02146273595591514
0.0584,-0.2618,9.8361,-7.4128,-1.3178,1.7447,0.0643,-0.2352,9.7624,3474,0,0.1519533231313492,0.0,0.03156194230512148
0.2029,0.0936,10.2554,-1.2543,-1.9739,-2.1652,0.1815,0.1353,10.3078,3475,0,0.14249139438838643,0.0,0.001967347710526893
0.2494,0.3145,9.9687,-1.1218,1.6606,4.3318,0.1837,0.2879,9.9462,3476,0,0.15370659276867144,0.0,0.0021254504773253117
0.2242,-0.376,9.8567,2.6309,-4.6157,3.3644,0.1981,-0.3858,9.844,3477,0,0.15370659276867144,0.0,0.023072818898377943
0.1837,0.0466,9.8156,2.742,-2.2757,4.9294,0.1919,0.0256,9.8189,3478,0,0.15370659276867144,0.0,0.022996869531289335
0.2126,0.4694,9.5499,5.4703,-0.3443,-0.3804,0.1701,0.4739,9.6261,3479,0,0.15370659276867144,0.0,0.012994449864235522
0.1659,-0.4023,9.5315,0.3164,3.4175,3.759,0.1498,-0.4218,9.5334,3480,0,0.15370659276867144,0.0,0.01307039923132413
-0.4122,-0.1736,10.0741,2.0531,-5.8367,-1.6525,-0.4767,-0.1109,10.2427,3481,0,0.1495841050316957,0.0,0.01307039923132413
0.363,0.0179,9.7255,2.3737,-1.612,0.8316,0.2718,0.0932,9.7476,3482,0,0.15370659276867144,0.0,0.01307039923132413
0.0398,-0.0568,9.5001,4.0492,-0.7607,-1.3735,0.0383,-0.1268,9.5015,3483,0,0.15370659276867144,0.0,0.02299444986423552
0.3032,-0.066,10.0458,0.0585,-3.7902,0.6651,0.2578,-0.0839,10.0562,3484,0,0.15370659276867144,0.0,0.02299444986423552
-0.7096,0.571,9.7597,-0.7942,0.3239,4.4817,-0.7525,0.5868,9.8139,3485,0,0.14288721714335653,0.0,0.011104806437616745
0.2008,-0.0591,9.9167,4.0721,-0.5799,-2.2092,0.209,-0.082,10.0107,3486,0,0.15370659276867144,0.0,0.011104806437616745
0.2637,-0.3827,9.7071,-1.5246,-0.2851,0.2083,0.2558,-0.3231,9.7839,3487,0,0.15370659276867144,0.0,0.011104806437616745
0.0799,-0.1812,10.0272,-2.4497,2.2179,1.5684,0.1236,-0.1895,10.0704,3488,0,0.15370659276867144,0.0,0.011104806437616745
-0.3463,-0.183,9.6916,5.1237,-2.0638,-1.8465,-0.29,-0.1744,9.6906,3489,0,0.15370659276867144,0.0,0.010946703670818327
-0.5892,-0.2055,9.5626,1.9944,2.7147,3.985,-0.527,-0.2589,9.5448,3490,0,0.15370659276867144,0.0,0.010946703670818327
0.1315,0.0484,9.8158,-4.9207,2.7055,-0.546,0.1814,0.0746,9.8715,3491,0,0.15370659276867144,0.0,0.0011048064376167456
0.3437,0.1641,10.3685,3.0367,2.3649,0.4992,0.3627,0.0799,10.3645,3492,0,0.125864671568589,0.0,0.00037309912054357496
0.262,0.2002,9.9561,5.7696,-2.7262,-2.1079,0.2416,0.2007,10.0977,3493,0,0.15370659276867144,0.0,0.0008898100838715897
0.2646,-0.1122,9.3647,-3.8834,-2.2799,0.8052,0.3053,-0.0696,9.3074,3494,0,0.14688568068922753,0.0,0.0009296507213217889
0.3419,-0.1756,9.759,0.5111,1.3184,-7.5616,0.2863,-0.2994,9.7582,3495,0,0.1513602608214693,0.0,0.0009296507213217889
-0.1081,0.356,9.5085,4.4877,-1.3847,-0.7871,-0.1915,0.3077,9.4607,3496,0,0.15370659276867144,0.0,0.015929650721321787
0.3669,-0.2378,9.8858,2.6666,0.3615,2.3161,0.3348,-0.2441,9.8727,3497,0,0.15370659276867144,0.0,0.010929650721321788
0.0452,-0.1149,9.8087,-3.3847,0.6315,-4.773,0.0477,-0.1137,9.7321,3498,0,0.15370659276867144,0.0,0.0009296507213217889
-0.4631,0.2322,9.7118,2.6616,2.0895,2.1695,-0.4457,0.3054,9.7546,3499,0,0.15370659276867144,0.0,0.0009296507213217889
0.2847,-0.1604,10.0084,-2.3211,1.2935,0.8109,0.2411,-0.2149,10.0106,3500,0,0.15370659276867144,0.0,0.0009296507213217889
-0.141,-0.075,9.6999,1.0252,2.5057,-3.8512,-0.2419,-0.1362,9.6553,3501,0,0.15370659276867144,0.0,0.0009296507213217889
0.2443,0.1494,10.1784,1.0444,4.5126,-0.1924,0.1271,0.1258,10.2489,3502,0,0.1526504524297057,0.0,0.01259276876924082
-0.0469,-0.0336,9.6619,-2.9029,-1.7954,-2.2492,-0.0818,-0.0045,9.6784,3503,0,0.15370659276867144,0.0,0.012471638217423859
0.1897,0.0123,9.5848,-1.5371,0.9692,-5.582,0.2417,0.0692,9.5891,3504,0,0.15370659276867144,0.0,0.012632609406691017
0.1089,0.1701,10.0542,-0.7282,2.0639,3.9093,0.0015,0.145,10.0663,3505,0,0.15370659276867144,0.0,0.01190090208961785
0.1596,0.1135,9.9906,2.0178,-1.6586,2.5032,0.1248,0.0773,10.0081,3506,0,0.15370659276867144,0.0,0.01259276876924082
0.4275,-0.1113,9.6433,-2.5866,0.6646,-7.7665,0.4284,-0.0775,9.6651,3507,0,0.1513602608214693,0.0,0.002471638217423861
0.1441,0.1288,9.6526,-3.7431,0.5492,-0.7453,0.1603,0.1765,9.5824,3508,0,0.15370659276867144,0.0,0.01259276876924082
0.4278,-0.2201,10.0358,1.2286,3.7697,5.288,0.4841,-0.2313,9.9838,3509,0,0.15370659276867144,0.0,0.011739930900350687
-0.4539,0.0081,9.8901,1.8826,0.4106,5.0542,-0.45,-0.0853,9.8949,3510,0,0.15370659276867144,0.0,0.022471638217423862
0.0427,0.1839,9.7695,-0.5877,-0.8965,0.0135,0.029,0.1645,9.8192,3511,0,0.15370659276867144,0.0,0.002592768769240819
0.3062,-0.4515,9.7461,5.4807,-2.4108,1.6297,0.2458,-0.4773,9.717,3512,0,0.15370659276867144,0.0,0.01259276876924082
-0.4967,-0.1329,9.7648,0.3799,-6.5348,-1.5812,-0.4501,-0.0901,9.7637,3513,0,0.15370659276867144,0.0,0.021900902089617848
-0.2221,-0.3832,9.9743,3.4403,-0.4848,-0.0593,-0.2672,-0.3732,10.011,3514,0,0.15370659276867144,0.0,0.021900902089617848
-0.3945,-0.4106,9.6492,-6.9885,3.545,-7.6387,-0.443,-0.3984,9.6687,3515,0,0.15152296743303956,0.0,0.0018789778870072385
0.1891,-0.3497,9.7599,0.8074,-0.1995,2.4138,0.2073,-0.3917,9.8487,3516,0,0.15370659276867144,0.0,0.01183913724955704
-0.4914,0.1382,9.6816,-1.1566,-1.5847,3.2581,-0.5154,0.2712,9.6415,3517,0,0.15370659276867144,0.0,0.0018391372495570393
0.2841,-0.17,10.0302,4.7171,2.8021,6.2194,0.2994,-0.1569,9.9621,3518,0,0.15314501477372658,0.0,0.0018391372495570393
-0.1769,0.2298,9.6187,-0.3921,2.8596,2.8591,-0.1415,0.2148,9.6476,3519,0,0.15370659276867144,0.0,0.01183913724955704
-0.4811,0.2427,9.6052,-0.1932,-0.9257,-1.4908,-0.4084,0.3003,9.6612,3520,0,0.15370659276867144,0.0,0.0025672042175589687
-0.1972,-0.08,9.7216,5.5356,-1.9084,-0.2314,-0.1232,-0.0683,9.7174,3521,0,0.15370659276867144,0.0,0.0018391372495570393
-0.0876,0.1157,10.2221,0.0152,-0.0275,-0.5606,0.0218,0.0557,10.2323,3522,0,0.1526504524297057,0.0,0.0025672042175589687
-0.1249,-0.4074,9.9086,3.3355,-2.4462,1.4399,-0.1035,-0.3657,9.8717,3523,0,0.15370659276867144,0.0,0.012567204217558968
0.2569,-0.472,9.8175,0.9317,-3.4664,0.9508,0.3185,-0.4963,9.8636,3524,0,0.15370659276867144,0.0,0.012567204217558968
-0.0965,-0.073,9.7679,1.1037,-1.2941,3.1508,-0.1263,-0.0711,9.7213,3525,0,0.15370659276867144,0.0,0.012567204217558968
-0.0309,0.0303,9.8735,2.2157,6.9058,1.0585,-0.0256,0.0544,9.8848,3526,0,0.1515073908928257,0.0,0.01256720421755897
0.0197,-0.1532,9.6712,-2.2288,0.4056,3.1745,0.0299,-0.1081,9.6802,3527,0,0.15370659276867144,0.0,0.002721843392816701
-0.177,-0.0753,9.7689,-1.6992,-5.0641,4.8632,-0.1799,-0.0686,9.673,3528,0,0.15370659276867144,0.0,0.0025672042175589687
0.3792,0.3346,9.7692,7.384,3.3667,4.4496,0.3565,0.4004,9.7321,3529,0,0.15044291000608326,0.0,0.0008642455321897391
-0.0979,0.3286,10.1272,-3.5947,0.1323,-4.697,-0.0495,0.3495,10.1673,3530,0,0.15370659276867144,0.0,0.0002573091160047682
0.3406,-0.6994,9.9371,4.0877,-6.6635,0.9612,0.2988,-0.6028,9.9994,3531,0,0.15107992154587013,0.0,0.0002573091160047682
0.1176,0.4172,9.7194,-0.4943,4.7762,5.8662,0.0834,0.417,9.6339,3532,0,0.15370659276867144,0.0,0.0004770893357849879
-0.3034,-0.077,9.8974,-5.2158,-1.5831,3.1563,-0.2325,0.0221,9.8935,3533,0,0.15370659276867144,0.0,0.0002573091160047682
0.2211,-0.054,9.9172,-0.5333,4.9822,0.7367,0.2645,-0.0571,9.849,3534,0,0.15370659276867144,0.0,0.0002573091160047682
0.1014,0.2645,9.8393,0.9555,-0.1153,-2.3129,0.1112,0.2668,9.8508,3535,0,0.15370659276867144,0.0,0.022183791660075586
0.0152,0.1422,9.7435,1.2182,0.5254,5.1838,-0.044,0.1773,9.7168,3536,0,0.15370659276867144,0.0,0.022183791660075586
-0.3547,0.0909,9.9402,2.0756,-0.0098,-2.3753,-0.3729,0.0933,9.888,3537,0,0.15370659276867144,0.0,0.022183791660075586
0.4441,0.5391,9.674,-2.4197,3.7423,5.0085,0.4642,0.5046,9.6962,3538,0,0.15355074445237718,0.0,0.023704163251896747
0.2169,0.0213,9.5766,1.7075,-5.9545,0.8226,0.1939,0.0429,9.579,3539,0,0.15370659276867144,0.0,0.04313116008112822
0.5012,-0.0212,9.6843,-0.6413,-2.7851,1.6103,0.4326,0.0035,9.6544,3540,0,0.15370659276867144,0.0,0.012391230062888914
-0.0512,0.4237,9.6088,-0.0326,-3.1156,-6.859,-0.0627,0.478,9.6652,3541,0,0.1532405209942328,0.0,0.012223632297525783
-0.2663,0.7524,9.8071,4.0845,2.9258,6.262,-0.333,0.7944,9.7498,3542,0,0.14772176681405086,0.0,0.003564432129021173
-0.0554,-0.1292,10.085,-5.8937,-0.7143,-1.9924,-0.0222,-0.2226,10.0735,3543,0,0.15370659276867144,0.0,0.003969837534426577
-0.0767,-0.1058,9.7629,2.072,-3.9958,0.662,-0.1026,-0.0614,9.7083,3544,0,0.15370659276867144,0.0,0.0437320298943843
0.2249,-0.4338,10.1878,-2.6746,1.015,1.0894,0.2011,-0.4398,10.1179,3545,0,0.15370659276867144,0.0,0.06995181011416451
0.4151,-0.0656,9.932,-1.8291,-1.607,1.2134,0.4626,-0.0987,9.9061,3546,0,0.15370659276867144,0.0,0.07199368878845493
0.064,-0.314,9.7337,3.369,2.095,1.2795,0.0447,-0.3725,9.667,3547,0,0.15370659276867144,0.0,0.09199368878845494
-0.0559,-0.1202,9.4757,0.4488,-0.9492,2.6496,-0.0218,-0.0642,9.4504,3548,0,0.1534046229755623,0.0,0.033951810114164524
0.1807,0.3785,9.6338,5.2764,-6.67,-0.7979,0.1809,0.3872,9.6149,3549,0,0.15370659276867144,0.0,0.03336357482004688
0.9878,-0.272,9.6541,-2.1064,-2.5694,3.8949,0.9882,-0.3276,9.653,3550,0,0.22743060078452346,0.0,0.0007487318254128512
-0.288,0.1517,10.0706,-2.3822,-0.3188,3.0599,-0.3624,0.1849,9.9737,3551,0,0.15370659276867144,0.0,0.0007487318254128512
0.244,-0.4825,9.7637,-0.0138,1.6291,3.1158,0.221,-0.5214,9.7086,3552,0,0.15370659276867144,0.0,0.0005811340600497228
-0.2938,0.6403,9.8434,3.3958,-0.3116,-1.9541,-0.2545,0.7327,9.8407,3553,0,0.1467717519064399,0.0,0.0002668041145694777
0.1767,0.3268,9.7502,2.9293,-4.542,-1.4724,0.151,0.3609,9.8468,3554,0,0.15370659276867144,0.0,0.0002668041145694777
-0.2636,-0.2061,10.0539,6.9698,-1.6732,2.1419,-0.3413,-0.1792,10.0993,3555,0,0.15242389511884455,0.0,0.0002668041145694777
-0.2992,-0.2916,9.7304,0.1835,-0.9448,0.053,-0.3694,-0.3623,9.7839,3556,0,0.15370659276867144,0.0,0.0002668041145694777
0.0108,0.0374,9.7368,-0.2259,1.9031,-2.6946,0.0894,0.002,9.7527,3557,0,0.15370659276867144,0.0,0.0002668041145694777
0.0921,0.3744,9.712,-1.9982,0.1273,0.8273,0.0378,0.4533,9.7403,3558,0,0.15370659276867144,0.0,0.010266804114569476
0.3178,0.0173,9.7793,-1.9099,2.8391,-1.3252,0.165,0.0422,9.7369,3559,0,0.15370659276867144,0.0,0.0002668041145694777
-0.4405,0.4576,9.7975,-7.7046,3.2315,-2.4454,-0.3714,0.4863,9.8154,3560,0,0.15114653237688538,0.0,0.0002668041145694777
0.3158,0.13,9.8192,4.628,-1.6142,1.4026,0.2255,0.1414,9.9368,3561,0,0.15370659276867144,0.0,0.010266804114569476
-0.0215,-0.0384,9.8726,-0.6436,2.614,-2.1766,-0.0575,-0.0076,9.8043,3562,0,0.15370659276867144,0.0,0.0002668041145694777
0.1957,-0.0592,9.8784,-0.3154,1.3831,1.8359,0.2946,-0.1651,9.9189,3563,0,0.15370659276867144,0.0,0.0012460780052357735
0.3732,-0.3213,9.6892,-1.3991,1.4014,3.008,0.4298,-0.3743,9.6347,3564,0,0.15370659276867144,0.0,0.0002668041145694777
-0.2358,0.2007,9.8207,3.3627,0.0268,0.5598,-0.2197,0.2643,9.8348,3565,0,0.15370659276867144,0.0,0.011409019147092579
-0.3807,-0.1042,9.3731,-0.3343,-3.6833,-4.6568,-0.405,-0.1148,9.3627,3566,0,0.14647497121395636,0.0,0.0004819277108433735
0.1071,-0.0975,9.6236,-4.2952,-3.9799,1.6439,0.1571,0.0373,9.6951,3567,0,0.15370659276867144,0.0,0.0012414213817294494
-0.0985,-0.5264,9.554,-5.319,-2.7224,-1.7746,-0.0689,-0.5169,9.5561,3568,0,0.15370659276867144,0.0,0.010685865826173892
0.4325,-0.1323,9.9318,-0.4606,-1.1405,-0.939,0.4525,-0.0905,9.8666,3569,0,0.15370659276867144,0.0,0.0012414213817294494
0.0535,-0.1014,9.7271,-0.5905,-0.5418,1.2366,0.1157,-0.0531,9.7114,3570,0,0.15370659276867144,0.0,0.0012414213817294494
0.4306,0.3843,10.0942,0.0259,-2.6215,-3.8885,0.379,0.3729,10.0726,3571,0,0.15370659276867144,0.0,0.0012414213817294494
0.2859,-0.0746,10.1926,0.382,1.3806,1.6467,0.3176,-0.1262,10.2456,3572,0,0.1526504524297057,0.0,0.0012414213817294494
-0.2926,0.166,9.6984,-1.4628,-6.2959,-0.3009,-0.3776,0.1709,9.758,3573,0,0.15370659276867144,0.0,0.0012414213817294494
0.0427,-0.1549,9.6208,1.3127,-4.4903,-2.6775,0.0303,-0.1697,9.6868,3574,0,0.15370659276867144,0.0,0.0012414213817294494
0.2147,-0.4522,9.6715,-3.0307,-0.9315,6.1489,0.2,-0.4283,9.5845,3575,0,0.15370659276867144,0.0,0.0012414213817294494
-0.0275,-0.2534,9.9512,-2.2173,-0.888,2.1182,-0.0276,-0.1562,9.9385,3576,0,0.15370659276867144,0.0,0.000999493670886076
0.1924,0.0935,9.7246,1.44,0.7434,3.6748,0.1863,0.2524,9.7159,3577,0,0.15370659276867144,0.0,0.000999493670886076
0.33,0.4023,9.7425,1.8187,-1.3734,-0.0534,0.4171,0.3625,9.6791,3578,0,0.15370659276867144,0.0,0.000999493670886076
0.1219,0.0594,10.0074,0.6713,-0.0573,-1.007,0.11,0.066,9.9671,3579,0,0.15370659276867144,0.0,0.000999493670886076
0.347,-0.2888,9.8015,-5.1805,-2.8129,1.5656,0.3458,-0.1768,9.7668,3580,0,0.15370659276867144,0.0,0.000999493670886076
-0.1453,-0.27,9.8546,-2.0594,-1.6318,2.642,-0.2804,-0.2267,9.8331,3581,0,0.15370659276867144,0.0,0.000999493670886076
-0.2124,-0.1793,9.7532,1.9766,4.4465,0.0974,-0.266,-0.1898,9.7281,3582,0,0.15370659276867144,0.0,0.0008370149253731343
0.0936,0.0144,9.7511,-0.2461,1.3305,2.8913,0.1075,-0.0158,9.6787,3583,0,0.15370659276867144,0.0,0.0006709794224145544
-0.1672,0.2015,9.3121,2.4533,-3.0509,5.3811,-0.1027,0.2489,9.2873,3584,0,0.1409073524159294,0.0,0.009518408941485864
0.096,-0.1716,10.0515,4.2655,-2.7324,2.295,0.082,-0.1334,10.0499,3585,0,0.15370659276867144,0.0,0.009684444444444445
-0.4164,-0.2269,9.8792,1.5451,1.5733,0.7834,-0.4356,-0.2813,9.7768,3586,0,0.15370659276867144,0.0,0.0008370149253731343
0.5906,-0.4919,10.072,3.3397,-3.9765,-1.5728,0.5292,-0.5204,9.9687,3587,0,0.15208732668341593,0.0,0.0008370149253731343
-0.1032,-0.4168,9.9411,7.937,-1.161,-0.8359,-0.0814,-0.4726,9.9876,3588,0,0.14351847075552834,0.0,0.00024
-0.544,0.0069,9.9635,0.673,-0.5211,-3.3369,-0.5553,-0.0649,9.9438,3589,0,0.15370659276867144,0.0,0.0008370149253731343
-0.304,-0.0147,9.6526,5.2986,1.1582,5.9718,-0.2485,0.0208,9.7068,3590,0,0.15370659276867144,0.0,0.00024
0.1982,0.5679,9.8391,-2.7092,-0.633,-3.0576,0.1833,0.5652,9.8243,3591,0,0.15355074445237718,0.0,0.0008370149253731343
-0.3025,-0.1715,9.7827,2.783,1.5981,1.5201,-0.2707,-0.2007,9.7514,3592,0,0.15370659276867144,0.0,0.0002798406374501992
0.0546,0.0498,9.8033,0.6348,2.3923,2.3285,0.1058,0.0419,9.7649,3593,0,0.15370659276867144,0.0,0.0002798406374501992
0.0864,0.3498,9.9333,3.0959,3.6988,-2.4066,0.0624,0.363,9.9418,3594,0,0.15370659276867144,0.0,0.0002798406374501992
0.1443,-0.1952,9.8495,0.8633,1.6248,-1.3403,0.2108,-0.2092,9.8934,3595,0,0.15370659276867144,0.0,0.0002798406374501992
-0.1802,0.0166,9.6268,-3.1237,-0.8526,-6.1005,-0.13,0.1014,9.599,3596,0,0.15370659276867144,0.0,0.0008768555628233335
0.2006,-0.0374,9.7378,3.5265,-2.8181,-1.4577,0.1461,0.0164,9.695,3597,0,0.15370659276867144,0.0,0.0008768555628233335
-0.424,-0.184,9.8879,-1.7706,1.4258,8.0321,-0.4586,-0.2225,9.9429,3598,0,0.14841729206857712,0.0,0.0002798406374501992
0.049,0.2089,10.0988,1.9888,-1.4064,4.2137,0.0865,0.1587,10.0578,3599,0,0.15370659276867144,0.0,0.0006020775780710597
0.1078,-0.1357,9.467,5.7213,-0.8335,3.873,0.172,-0.1157,9.4053,3600,0,0.1525588014428267,0.0,0.032550712562807796
-5.3388,0.4492,9.8428,-6.5063,25.9357,-1.6227,0.3662,0.5685,9.7379,3601,0,0.13278471712786682,0.0,0.08125
-9.6191,0.4512,9.8786,-0.2211,53.3068,-6.5654,-0.2924,0.4133,9.8972,3602,0,0.13977044774671124,0.0,0.12125
-5.12,0.4454,9.9633,0.9861,53.1486,-0.5483,0.3041,0.4534,10.0898,3603,0,0.1289201945731269,0.0,0.17
-9.1612,-0.2181,9.9691,1.0342,54.4614,-3.4616,-0.6989,-0.2023,10.0051,3604,1,0.11353260786176618,0.0,0.1500388349514563
-6.0544,-0.0455,9.7572,-2.3934,21.462,1.8232,-0.0283,-0.0516,9.7055,3605,0,0.13562501169280838,0.0,0.14
-5.3589,-0.0715,9.4781,-1.7593,48.0341,-3.0132,-0.155,-0.0975,9.4197,3606,0,0.09668575090217287,0.0,0.15
-6.2767,0.2197,9.9026,-0.7746,60.798,-1.0975,0.0762,0.1561,9.9147,3607,0,0.1282148921911557,0.0,0.15
-7.4797,-0.2917,9.8484,-1.6376,27.5375,-2.1203,-0.2271,-0.2392,9.8493,3608,0,0.1403018487128948,0.0,0.17
-8.8338,-0.1335,9.8468,-3.0647,48.5835,-0.1549,0.3623,0.0012,9.8964,3609,0,0.13128377982526074,0.0,0.2
-7.9614,0.1819,10.1044,-3.4212,31.5642,-0.1629,0.039,0.2325,9.9997,3610,0,0.13997515789163878,0.0,0.2
-8.8371,-0.0243,10.1749,1.6769,22.8351,-4.3506,0.1579,-0.0564,10.2055,3611,0,0.13248367048899765,0.0,0.22646978021978023
-9.3255,-0.2898,9.8598,1.329,36.3016,4.1893,0.0791,-0.2489,9.8387,3612,0,0.13563056637612747,0.0,0.25646978021978023
-9.587,-0.1958,9.746,-5.1376,31.8649,-1.4842,-0.2338,-0.2945,9.7175,3613,0,0.14410294565815654,0.0,0.26625
-8.5599,-0.0868,9.8293,2.9644,51.5839,0.177,-0.4116,0.0134,9.7594,3614,0,0.12190431862981466,0.0,0.2764697802197802
-9.6184,-0.193,10.23,1.1004,43.7088,-1.2267,0.0262,-0.2208,10.1894,3615,0,0.14444047729125625,0.0,0.2802197802197802
-6.8165,-0.2062,9.7211,-2.2438,47.9804,5.1546,0.0669,-0.1221,9.7924,3616,0,0.1391957141145482,0.0,0.2802197802197802
-8.8966,0.9056,9.6198,2.8113,41.348,2.963,0.0671,0.8844,9.5743,3617,1,0.0973387547096515,0.0,0.2602197802197802
-5.5255,-0.1418,9.6425,5.3915,25.708,2.9924,0.5452,-0.1014,9.5848,3618,0,0.11585601536966939,0.0,0.24021978021978022
-5.4811,-0.0838,10.0699,-0.3736,51.3437,3.5485,0.1658,-0.0551,10.0868,3619,0,0.1360621144133779,0.0,0.24021978021978022
-7.7459,0.3224,9.8756,-1.6379,31.8713,-0.1586,-0.1679,0.363,9.8559,3620,0,0.1282148921911557,0.0,0.2302197802197802
-7.9734,0.0044,9.8415,-0.6287,50.9579,1.4026,0.3014,0.0467,9.8141,3621,0,0.1282148921911557,0.0,0.24021978021978022
-6.9106,-0.5724,9.7592,5.171,29.9078,-0.4117,0.0432,-0.6103,9.7332,3622,0,0.13755873564097704,0.0,0.2602197802197802
-9.0069,-0.1572,9.8928,-1.729,47.4778,1.3353,-0.3736,-0.2534,9.8704,3623,0,0.13430184871289483,0.0,0.2802197802197802
-6.3823,0.1449,9.7283,-6.1905,24.5918,-4.5482,-0.2827,0.1361,9.704,3624,0,0.1419925973235519,0.0,0.2602197802197802
-6.0797,-0.1731,9.931,2.6052,27.7339,3.6753,0.4086,-0.2051,9.9102,3625,0,0.1259021373131834,0.0,0.2602197802197802
-9.5322,0.2876,9.8518,4.4342,37.2044,1.9268,-0.1861,0.2476,9.8536,3626,0,0.12314851412477762,0.0,0.2602197802197802
-7.68,-0.3125,9.6803,-1.2474,27.0439,-1.5776,0.3077,-0.2872,9.7368,3627,0,0.13944363352317926,0.0,0.2502197802197802
-4.8337,0.5354,10.2485,-5.4538,32.5131,-2.9382,0.224,0.57,10.2284,3628,0,0.15195520725044914,0.0,0.22021978021978023
-8.1025,0.2273,10.2448,-0.2653,46.2357,-0.7263,0.2029,0.2013,10.2602,3629,0,0.1258994464011781,0.0,0.2302197802197802
-7.2564,-0.3291,9.905,-1.6032,49.3609,7.8133,-0.4152,-0.3185,9.887,3630,0,0.1404834878092984,0.0,0.21021978021978022
-5.1175,0.4344,9.7599,-2.7925,63.1317,-1.0012,-0.0889,0.3981,9.7697,3631,0,0.12773027485070312,0.0,0.2302197802197802
-9.5788,0.2923,9.5602,-2.0797,33.1996,0.3452,0.1323,0.3274,9.6351,3632,0,0.11439109368838746,0.0,0.22021978021978023
-7.5543,0.2088,9.738,-0.0393,30.9838,-1.4722,-0.0557,0.2258,9.7618,3633,0,0.12665933663560014,0.0,0.22044835164835164
-6.652,0.1386,9.6723,0.0967,49.4883,-0.3533,-0.1071,0.1556,9.7286,3634,0,0.124198782264598,0.0,0.21044835164835163
-8.9853,-0.2403,9.7482,1.7614,54.3841,1.201,-0.3006,-0.264,9.7357,3635,0,0.13464102999944455,0.0,0.22044835164835164
-7.9818,0.1532,9.6065,0.9005,36.4337,-0.7475,-0.2092,0.2326,9.5573,3636,0,0.09885336244273844,0.0,0.24044835164835163
-8.3532,0.2243,9.517,-1.5346,53.0676,1.4746,-0.1333,0.1795,9.5697,3637,0,0.11181434549379031,0.0,0.2302197802197802
-10.1719,-0.158,9.7479,-3.4001,41.8099,5.7848,-0.2601,-0.069,9.7607,3638,0,0.1346855260267739,0.0,0.2702197802197802
-9.2443,0.231,9.6385,0.2597,51.2376,-3.6353,0.1202,0.2946,9.7236,3639,0,0.13575433782015356,0.0,0.2802197802197802
-5.7153,0.5333,9.7761,5.3053,51.6608,-0.7162,-0.059,0.5065,9.7739,3640,0,0.1253743314872073,0.0,0.28
-6.2109,0.0526,9.9777,-4.44,60.7803,0.5201,-0.5307,0.0675,9.9354,3641,0,0.14122013988585333,0.0,0.26
-8.0881,-0.15,9.6954,7.5814,49.7,2.1572,0.2778,-0.1468,9.6143,3642,0,0.1408628872292775,0.0,0.25
-5.1161,-0.2186,9.941,4.3005,25.6997,-2.6265,0.1741,-0.2161,9.9957,3643,0,0.1464160262020723,0.0,0.24
-5.1875,0.5956,10.0269,1.4713,52.662,2.5288,-0.0835,0.6428,10.0051,3644,0,0.12144144977144741,0.0,0.22
-9.0489,-0.0348,10.1027,-6.1081,25.0045,-3.3722,-0.3192,-0.0475,10.038,3645,0,0.1499517660787733,0.0,0.22
-9.1006,-0.0533,9.7161,-0.7984,41.9098,1.982,-0.2115,-0.0202,9.7427,3646,0,0.1317119682145475,0.0,0.22
-5.7072,-0.2163,9.775,-1.0319,31.2901,-1.1342,0.0754,-0.2498,9.7003,3647,0,0.13418990217989568,0.0,0.20022857142857142
-5.3488,-0.4347,9.5548,2.0344,53.1647,-1.0036,-0.1589,-0.4858,9.5115,3648,0,0.10382403989471016,0.0,0.22
-6.4138,-0.3428,9.6527,-2.3552,20.513,1.2808,-0.0491,-0.4227,9.6647,3649,0,0.1288059899389563,0.0,0.25
-4.9505,-0.2078,9.5259,4.8272,28.1083,-2.8815,0.1406,-0.2577,9.5207,3650,0,0.11724148742608176,0.0,0.22044835164835164
-6.1925,-0.2408,9.7356,-0.7797,53.1424,3.8088,0.3511,-0.2049,9.6858,3651,0,0.1369547688921308,0.0,0.2302197802197802
-6.3799,-0.0279,10.0445,-2.2241,38.8074,0.1248,-0.0921,-0.0536,10.022,3652,0,0.13997515789163878,0.0,0.24044835164835163
-9.5148,0.1769,10.1968,-3.3226,21.4524,0.0523,-0.2675,0.1643,10.1725,3653,0,0.14192864898876897,0.0,0.2302197802197802
-5.5695,0.0071,9.5587,-5.4408,34.2286,-4.1859,-0.3514,0.0642,9.6939,3654,0,0.1381063588628178,0.0,0.24021978021978022
-9.7665,-0.4149,9.7655,1.5531,33.5048,-1.0812,0.2007,-0.4714,9.7698,3655,0,0.12674629315733923,0.0,0.24044835164835163
-8.6137,0.5338,9.5978,0.0533,15.9265,0.8599,-0.3525,0.5005,9.5712,3656,0,0.10702847080517804,0.0,0.2604483516483516
-10.0944,-0.5323,9.8788,-5.2985,22.3639,-1.1231,-0.2374,-0.5273,9.7831,3657,0,0.13134802238522444,0.0,0.23044835164835165
-7.4559,-0.093,9.8344,0.4921,45.2588,-3.8597,-0.3001,-0.1203,9.8798,3658,0,0.13221489219115568,0.0,0.24044835164835163
-5.4792,0.245,9.9369,0.4816,27.6579,4.77,-0.0068,0.179,9.9259,3659,0,0.12903114655581588,0.0,0.23044835164835165
-8.7725,-0.2481,9.7274,2.1943,25.0472,-3.0464,0.3805,-0.1546,9.7039,3660,0,0.13565645063271414,0.0,0.23044835164835165
-6.6665,-0.4014,9.6721,1.6926,49.8987,1.2048,-0.387,-0.3396,9.7085,3661,0,0.13389476134272812,0.0,0.20022857142857142
-8.6414,-0.5566,9.8472,1.177,59.5813,-1.74,0.2525,-0.6174,9.8216,3662,0,0.12211187254624192,0.0,0.20022857142857142
-9.4464,-0.5178,10.0653,3.6359,45.969,0.0566,0.1508,-0.5035,10.0477,3663,0,0.1345935153795615,0.0,0.21044835164835163
-7.2223,-0.4384,9.7942,3.4712,35.1568,1.2748,0.12,-0.5012,9.7229,3664,0,0.13464102999944455,0.0,0.21044835164835163
-5.6809,-0.0183,9.6095,0.6763,43.339,-2.1338,-0.1707,-0.0657,9.6528,3665,0,0.11443643454305193,0.0,0.20022857142857142
-8.7679,0.2102,9.6929,0.3253,35.7257,-4.4995,-0.4443,0.2676,9.6325,3666,0,0.12483961019549333,0.0,0.20022857142857142
-5.1208,0.0579,9.7946,-2.5777,27.5659,-0.353,0.443,0.1496,9.6617,3667,0,0.11789584460361933,0.0,0.2102285714285714
-8.2039,-0.0888,9.8409,-4.2122,36.9913,-1.0056,0.1975,-0.0821,9.8901,3668,0,0.13212793566941658,0.0,0.2202285714285714
-5.5574,-0.4407,9.9831,0.236,56.7651,-3.2751,-0.1303,-0.4288,9.9294,3669,0,0.14614907093511703,0.0,0.21737142857142858
-8.6871,-0.1112,9.7466,-0.7349,44.117,1.9641,-0.1733,-0.0905,9.7701,3670,0,0.12381723137244224,0.0,0.2202285714285714
-8.8224,0.2133,9.8918,-5.3284,61.2492,2.8859,0.0921,0.2011,9.9471,3671,0,0.13212793566941658,0.0,0.2102285714285714
-8.9029,-0.1168,9.8065,0.37,51.0371,2.5357,-0.36,-0.2117,9.8541,3672,0,0.12674629315733923,0.0,0.23022857142857142
-6.6329,0.3815,9.6051,0.7219,33.9996,-2.5412,-0.0333,0.4256,9.6533,3673,0,0.11882667844549094,0.0,0.2202285714285714
-5.614,-0.169,9.8045,-0.1987,51.6586,1.5658,-0.326,-0.1462,9.7942,3674,0,0.12381723137244224,0.0,0.23022857142857142
-5.296,0.1687,9.6003,1.9874,21.7814,0.3545,-0.0153,0.1444,9.5632,3675,0,0.10616370727032466,0.0,0.2309978021978022
-5.6834,-0.4389,9.8359,-0.4031,53.491,4.2612,-0.1507,-0.399,9.9077,3676,0,0.14318612193168304,0.0,0.21099780219780218
-5.4168,0.1552,9.558,0.2155,47.3004,0.0785,0.3677,0.0963,9.5479,3677,0,0.09689292752881518,0.0,0.2202285714285714
-9.359,-0.7233,9.5173,3.6265,29.0578,0.7735,-0.1289,-0.8326,9.5425,3678,1,0.07682322077913809,0.0,0.20022857142857142
-9.4057,-0.3829,10.0536,2.5377,46.7021,0.7719,0.3517,-0.307,10.08,3679,0,0.13374935953540565,0.0,0.20022857142857142
-6.4215,0.0694,9.6814,-4.7884,50.4147,0.2894,-0.1823,0.049,9.6532,3680,0,0.11911001086082619,0.0,0.21
-7.1862,0.0632,9.5698,2.7351,47.001,2.1169,0.043,0.109,9.517,3681,0,0.101346105929362,0.0,0.22
-10.0085,0.0367,9.5526,-1.5048,29.3936,-1.5431,-0.9347,0.065,9.517,3682,1,0.06591097807675972,0.0,0.19
-6.3452,-0.1818,9.7438,5.3985,50.1734,-1.7497,0.5064,-0.173,9.809,3683,0,0.13526190563258678,0.0,0.17
-9.3222,-0.0693,9.7256,-5.8158,46.2535,-3.0374,-0.1898,0.0016,9.7936,3684,0,0.13770688303783762,0.0,0.18
-5.8619,0.3279,9.6918,0.5221,26.5414,-0.6206,-0.0282,0.3701,9.641,3685,0,0.11203907264572323,0.0,0.18
-8.5854,0.8965,9.8572,0.5452,26.6635,-3.6824,0.1983,0.8921,9.879,3686,0,0.11142797589762095,0.0,0.17
-5.2628,-0.1711,9.7804,-0.749,37.3462,-2.2855,-0.0913,-0.153,9.8563,3687,0,0.13977044774671124,0.0,0.1902285714285714
-6.8768,-0.1684,9.6726,-1.7978,42.5039,-1.5405,0.368,-0.1524,9.6831,3688,0,0.13642556463554514,0.0,0.19
-8.3959,-0.2241,10.0966,2.2777,58.1636,3.3584,0.2008,-0.3242,10.0251,3689,0,0.1345935153795615,0.0,0.19
-7.5664,-0.381,9.7567,-2.1488,29.4338,-1.8435,0.0956,-0.4139,9.7349,3690,0,0.14410294565815654,0.0,0.2
-8.0774,-0.462,9.8458,-2.629,56.9829,0.8204,0.2493,-0.4896,9.9031,3691,0,0.1382148921911557,0.0,0.2
-6.3168,-0.2094,9.8653,2.316,32.4669,-3.4048,-0.0468,-0.2834,9.8898,3692,0,0.13830184871289483,0.0,0.2
-9.7659,-0.2249,9.8953,-2.4761,57.7815,-0.1325,-0.1795,-0.1837,9.8417,3693,0,0.1382148921911557,0.0,0.21
-6.5482,-0.0293,10.0466,0.9774,50.0797,3.1574,0.5356,-0.0669,10.0824,3694,0,0.1287547976518053,0.0,0.2
-5.9143,-0.0219,10.1207,-2.445,41.034,-1.1702,-0.0478,-0.0115,10.0963,3695,0,0.14013160609459863,0.0,0.24
-7.8263,-0.4157,9.9355,2.3734,56.2444,-1.9615,-0.288,-0.416,9.9106,3696,0,0.1383712931573393,0.0,0.22
-7.6921,-0.3698,9.5172,-1.572,46.5696,0.9955,0.301,-0.4103,9.5548,3697,0,0.1105909571879432,0.0,0.21
-5.0578,0.6832,10.0822,-3.3714,41.9578,-1.0243,0.1511,0.6257,10.1227,3698,0,0.1404423884938313,0.0,0.22
-5.7135,0.3331,9.7119,1.2131,49.3853,-3.2466,0.1484,0.365,9.6901,3699,0,0.13575433782015356,0.0,0.2102285714285714
-8.1264,-0.5357,10.1687,-0.6523,28.8373,2.9553,-0.4448,-0.546,10.1552,3700,0,0.13856358287813175,0.0,0.24
-5.7664,-0.3004,9.4597,-5.643,26.8553,1.5777,0.1508,-0.2149,9.4461,3701,0,0.09852235626655904,0.0,0.21
-6.8743,-0.0724,9.9881,-3.0604,41.0938,2.4421,0.7668,-0.124,9.9586,3702,1,0.11496859599747657,0.0,0.21
-10.1137,0.1791,9.967,-2.6023,32.5375,0.8491,-0.6825,0.282,9.9184,3703,0,0.10339053104108123,0.0,0.23
-7.0435,-0.2892,9.859,-4.0303,35.6833,2.1639,-0.1677,-0.2719,9.9267,3704,0,0.1382148921911557,0.0,0.22
-8.8545,-0.209,9.9185,0.8438,57.0033,-1.754,-0.1823,-0.2565,9.9419,3705,0,0.13274629315733924,0.0,0.23
-7.2532,-0.1725,9.6827,6.0583,29.4523,-0.9015,-0.0377,-0.1661,9.7098,3706,0,0.13673237356502135,0.0,0.2
-9.5942,-0.5023,9.7199,1.3903,50.1713,-5.3152,-0.139,-0.4931,9.7232,3707,0,0.14258756299860909,0.0,0.23
-9.2086,-0.3836,9.6653,0.9204,25.0162,-6.8041,0.2119,-0.458,9.6529,3708,0,0.1278328452272196,0.0,0.21
-7.2363,-0.1795,9.9008,0.2286,31.5062,-1.6917,-0.0039,-0.1844,9.9431,3709,0,0.13274629315733924,0.0,0.2
-9.7815,0.179,9.6878,-1.5786,16.8208,-2.8227,0.0004,0.178,9.6352,3710,0,0.1267525229381209,0.0,0.2
-8.2457,-0.1651,9.7862,-0.8583,56.9883,6.8214,-0.2899,-0.1486,9.7964,3711,0,0.13077248254851304,0.0,0.2000388349514563
-7.6249,0.1405,9.8016,-1.1562,41.3872,6.2652,0.0089,0.0839,9.8049,3712,0,0.13517014336722646,0.0,0.18003883495145628
-5.2303,0.0046,9.8276,3.9578,26.5657,0.298,0.3767,0.113,9.8712,3713,0,0.11981518079144428,0.0,0.1900388349514563
-7.8835,-0.1931,9.9237,7.4022,39.0743,2.4158,0.1762,-0.1261,10.0268,3714,0,0.14057929157238713,0.0,0.1900388349514563
-7.7889,-0.0272,9.7166,-1.0315,42.7064,-1.0098,0.8005,-0.0031,9.7594,3715,1,0.09457404186979806,0.0,0.2000388349514563
-9.6125,0.6129,9.9044,2.6338,50.1618,-1.9226,0.0462,0.6585,9.8632,3716,0,0.12416939094791798,0.0,0.2000388349514563
-5.6177,-0.4148,9.772,4.4389,44.1056,3.3627,-0.5738,-0.4849,9.746,3717,0,0.13784597508968605,0.0,0.2000388349514563
-8.5934,0.1616,9.6216,-1.8303,47.5724,0.5988,-0.2752,0.2111,9.5141,3718,0,0.10089497810981313,0.0,0.1900388349514563
-9.6157,-0.0894,9.8952,0.4803,49.5657,2.5705,-0.0598,-0.1588,9.9676,3719,0,0.12065933663560012,0.0,0.1900388349514563
-7.6923,0.3486,9.2306,0.2892,29.1987,2.5491,0.0354,0.2923,9.2061,3720,1,0.07897485320215175,0.0,0.1700388349514563
-8.7295,0.2587,9.847,2.9716,61.2512,-4.2453,-0.2916,0.278,9.8638,3721,0,0.13221489219115568,0.0,0.1700388349514563
-6.0824,-0.0192,9.7224,-3.103,57.2231,-2.1347,0.0845,-0.1041,9.7697,3722,0,0.1337302748507031,0.0,0.1700388349514563
-7.0438,0.4553,9.7284,0.4602,45.6916,-4.5816,0.1545,0.5046,9.7681,3723,0,0.12947063316961813,0.0,0.1700388349514563
-5.8402,-0.4109,9.8965,0.0885,42.4369,2.1108,-0.0839,-0.3481,9.8965,3724,0,0.12674629315733923,0.0,0.1700388349514563
-5.5589,0.2232,9.4051,-2.214,59.341,0.3969,-0.4427,0.176,9.4316,3725,0,0.09328566409712581,0.0,0.1700388349514563
-7.0571,-0.4139,9.8159,0.6155,38.7434,0.8138,0.3015,-0.4291,9.8765,3726,0,0.12674629315733923,0.0,0.1700388349514563
-7.7161,0.0965,9.4719,2.7337,25.0452,1.1212,-0.238,0.0453,9.4797,3727,0,0.08957947480108697,0.0,0.1600388349514563
-8.2197,-0.0744,9.5853,-1.4649,60.405,-2.8404,0.1719,-0.0005,9.614,3728,0,0.11714988483544957,0.0,0.1600388349514563
-8.1417,0.3148,9.7044,5.8602,25.2094,-6.7071,-0.3297,0.3276,9.6942,3729,0,0.1413648521975,0.0,0.13003883495145632
-8.0224,-0.2149,9.8146,3.5184,20.1843,0.0399,-0.289,-0.1921,9.8128,3730,0,0.12674629315733923,0.0,0.13003883495145632
-7.7209,0.4856,9.7966,-0.0506,45.9237,-1.7929,0.033,0.4446,9.8884,3731,0,0.12391507761406256,0.0,0.1500388349514563
-7.5837,-0.1956,9.7188,-2.8984,52.2621,1.3886,-0.2805,-0.1911,9.721,3732,0,0.14171196821454748,0.0,0.13003883495145632
-7.094,-0.492,10.0531,-3.3768,33.4363,2.4606,0.0104,-0.5576,10.0536,3733,0,0.14595883611911475,0.0,0.1400388349514563
-6.6528,0.5413,9.8066,-0.4042,45.8978,-2.1772,-0.5051,0.6391,9.8243,3734,0,0.12821314116737134,0.0,0.1500388349514563
-5.4321,-0.3803,9.9842,1.4679,23.5974,4.4735,0.3669,-0.3432,9.9659,3735,0,0.13700863275419384,0.0,0.1500388349514563
-5.8888,0.143,9.5981,-1.8401,45.6414,2.5268,0.1883,0.2376,9.5011,3736,0,0.09685694184267468,0.0,0.13003883495145632
-6.5077,-0.1699,9.882,1.9677,23.8971,4.6822,-0.2846,-0.1525,9.9284,3737,0,0.12954360985438831,0.0,0.13003883495145632
-6.9571,-0.2344,9.6875,-4.6141,38.5913,5.584,-0.0799,-0.2096,9.7013,3738,0,0.1479209507339019,0.0,0.13003883495145632
-8.0832,-0.6964,9.5348,0.3034,36.5295,-1.1638,-0.1207,-0.6665,9.5378,3739,0,0.09113334232509278,0.0,0.12003883495145631
-8.1427,-0.2566,9.9504,0.8756,56.9477,7.2623,-0.19,-0.2789,9.92,3740,0,0.13370154433341008,0.0,0.12003883495145631
-7.6839,0.0976,9.5642,0.8064,15.9442,-1.0438,-0.0249,0.1168,9.5653,3741,0,0.10616370727032466,0.0,0.1400388349514563
-9.1561,0.1053,9.8117,-1.8858,46.6705,-0.4065,0.6854,0.0589,9.8703,3742,0,0.11492185613668195,0.0,0.1400388349514563
-6.0234,0.4376,9.4409,-2.2638,46.8447,-3.6704,-0.276,0.4307,9.4888,3743,0,0.0999357822363418,0.0,0.13003883495145632
-8.3619,-0.404,9.9037,1.093,36.0018,4.8621,-0.2081,-0.3844,9.8979,3744,0,0.135118103077555,0.0,0.13003883495145632
-6.277,0.3901,9.9186,-0.2281,27.653,3.4905,0.4279,0.3351,9.9147,3745,0,0.12737073634699986,0.0,0.1400388349514563
-9.2779,0.0548,9.6846,1.1646,48.6295,2.4136,0.2423,0.0516,9.6767,3746,0,0.12254464692625215,0.0,0.1400388349514563
-5.0781,-0.2586,9.4725,1.1856,40.2123,-4.2313,-0.0957,-0.2759,9.4849,3747,0,0.10403015567435535,0.0,0.1400388349514563
-5.1466,0.2461,9.5862,-1.4441,47.7528,-1.9578,0.0269,0.2774,9.5826,3748,0,0.11159432927989403,0.0,0.1600388349514563
-6.0578,0.034,10.012,0.6058,35.2256,-2.7482,0.3175,0.0569,9.9856,3749,0,0.1400621144133779,0.0,0.1600388349514563
-8.1974,0.2019,9.7326,-3.6969,23.0521,2.6426,0.2037,0.2168,9.6654,3750,0,0.12346530207393361,0.0,0.18003883495145628
-5.4893,-0.1028,9.5114,1.5312,39.6206,2.1622,0.1467,-0.0514,9.5189,3751,0,0.101346105929362,0.0,0.2000388349514563
-8.5726,0.3244,9.8208,-3.5148,51.6689,-2.5753,-0.4078,0.3769,9.8169,3752,0,0.14492847321918664,0.0,0.2000388349514563
-8.0067,-0.4013,9.653,-3.2587,36.9421,1.5221,-0.2201,-0.4426,9.6692,3753,0,0.1288059899389563,0.0,0.18
-6.6144,-0.0794,9.9374,-0.569,41.7294,-0.4053,0.0489,-0.1037,9.9669,3754,0,0.1338398921911557,0.0,0.19
-9.8078,-0.0432,9.7104,-2.7963,37.6031,0.0289,0.1995,-0.0494,9.8036,3755,0,0.13138166701270015,0.0,0.19
-9.0809,0.3744,9.8585,-2.008,38.1092,0.2249,-0.1448,0.2545,9.7573,3756,0,0.12773027485070312,0.0,0.19
-8.5547,-0.0278,9.8634,-2.5154,36.095,1.6842,-0.3945,0.0086,9.8331,3757,0,0.13212793566941658,0.0,0.19
-5.7801,0.1728,10.1955,0.7441,21.7321,-0.3285,-0.5441,0.1492,10.1626,3758,0,0.1316253616080691,0.0,0.1700388349514563
-7.7039,-0.1994,9.569,3.109,33.945,-3.8213,-0.1445,-0.0671,9.5723,3759,0,0.11171926282588021,0.0,0.1700388349514563
-8.5564,0.1915,9.6444,1.4015,39.1441,0.0445,-0.2022,0.1851,9.5739,3760,0,0.10976634537299595,0.0,0.1700388349514563
-9.3654,0.0226,9.8064,-1.093,24.0291,-2.807,0.1042,0.0312,9.8044,3761,0,0.13977044774671124,0.0,0.1700388349514563
-5.1484,0.0845,9.5002,-2.9014,34.8054,0.0296,0.0878,0.1245,9.4895,3762,0,0.09229553833390274,0.0,0.1700388349514563
-5.7764,-0.06,9.8304,-0.2366,17.5021,-0.9813,0.0656,0.0042,9.8539,3763,0,0.1282148921911557,0.0,0.1700388349514563
-8.1449,-0.1068,10.1198,-0.6127,38.1152,-1.8677,-0.1501,-0.1044,10.1357,3764,0,0.14221856261633772,0.0,0.1900388349514563
-6.6368,0.4106,9.8456,-0.6283,41.2597,-1.3876,0.0192,0.4321,10.0026,3765,0,0.13304958053803914,0.0,0.2
-8.793,-0.1734,9.92,-5.2029,56.341,-0.2583,-0.4233,-0.1286,9.8719,3766,0,0.1333729176636311,0.0,0.19
-5.6117,0.296,10.0534,3.4509,38.794,6.0832,-0.0069,0.3571,10.1353,3767,0,0.12983681003389316,0.0,0.21
-5.0685,-0.2314,9.8677,0.7769,28.0583,-4.3497,0.235,-0.2016,9.9217,3768,0,0.13830184871289483,0.0,0.2
-8.1705,-0.1,9.762,-2.3747,48.1333,-2.0351,0.2579,-0.1365,9.7669,3769,0,0.1337302748507031,0.0,0.2
-4.9298,-0.0131,10.0329,-3.4592,57.2996,-3.2726,0.3257,-0.0168,9.9808,3770,0,0.1506865576030385,0.0,0.16
-5.8938,-0.0591,9.7548,1.0302,36.6614,-0.0139,0.2344,-0.0718,9.6843,3771,0,0.12494505092131442,0.0,0.18
-8.2342,0.3633,10.0739,-0.44,53.7199,-0.9787,-0.3378,0.3454,10.1297,3772,0,0.1360621144133779,0.0,0.19
-6.2899,-0.3574,9.6538,1.5978,34.1566,2.742,-0.6338,-0.2951,9.6554,3773,0,0.09669083644998229,0.0,0.21
-9.6648,-0.1813,9.9031,-2.8949,24.1916,3.3234,-0.1493,-0.2184,9.8429,3774,0,0.1382148921911557,0.0,0.18
-9.211,-0.3086,9.8021,1.7344,26.0817,5.021,-0.0331,-0.3234,9.7959,3775,0,0.13821173242118434,0.0,0.21
-6.5458,0.2606,9.646,4.7812,42.2463,1.2275,-0.4103,0.2549,9.5768,3776,0,0.12435233106947349,0.0,0.19
-7.4347,0.6265,9.9824,3.4776,37.2762,2.8579,0.2897,0.6961,9.9483,3777,0,0.11970410405929453,0.0,0.18
-5.0972,-0.2895,9.7323,-2.3554,33.8002,0.4161,0.3339,-0.3447,9.8235,3778,0,0.13737073634699987,0.0,0.18
-7.4768,0.6958,9.9224,2.0594,43.3613,1.2619,-0.038,0.5497,9.95,3779,0,0.11791507761406254,0.0,0.20022857142857142
-8.5436,-0.2003,10.0042,-2.0851,51.6946,0.5786,0.0345,-0.1434,10.0089,3780,0,0.13997515789163878,0.0,0.1902285714285714
-5.3067,-0.2056,9.6283,-1.4851,49.342,-2.3976,-0.0116,-0.1739,9.6641,3781,0,0.12923684135718871,0.0,0.2188
-6.5456,0.1098,9.6655,-1.6786,42.9081,-4.2748,0.2614,0.1279,9.7714,3782,0,0.1346265182712814,0.0,0.20857142857142857
-7.1024,0.0407,10.1024,-6.5367,54.3429,3.8141,-0.0535,0.147,10.1238,3783,0,0.13277121052321775,0.0,0.19857142857142857
-7.2233,-0.2582,9.7296,3.013,42.3469,4.0211,-0.0931,-0.1945,9.6505,3784,0,0.13136559359935795,0.0,0.19857142857142857
-9.0956,-0.3255,9.7002,0.604,23.2562,0.2282,0.2142,-0.4132,9.6826,3785,0,0.13028573878633715,0.0,0.21
-9.6911,0.5625,10.0397,-0.4852,59.6852,1.9662,0.0076,0.4947,10.0606,3786,0,0.1385392421921745,0.0,0.21
-9.0616,-0.3771,9.59,-4.9897,57.6814,-2.2698,0.3375,-0.311,9.584,3787,0,0.12630572899129378,0.0,0.22
-7.3927,0.0549,9.8623,0.5697,23.0429,-0.9584,0.4031,0.0658,9.9661,3788,0,0.11981518079144428,0.0,0.2
-5.6933,0.0524,9.1916,3.0069,32.7318,-1.3168,0.5269,-0.0944,9.1748,3789,1,0.06295788323405278,0.0,0.21
-5.0843,-0.0125,9.7373,0.8219,47.8042,-2.6435,0.203,-0.0156,9.7345,3790,0,0.13650060647686998,0.0,0.23
-8.5006,0.1134,9.7536,-3.8381,43.413,1.1738,-0.3798,0.1359,9.7367,3791,0,0.13562501169280838,0.0,0.22
-5.1907,0.1915,9.9932,3.2109,33.2008,-0.6043,0.3293,0.1793,9.9482,3792,0,0.12766240301366652,0.0,0.23857142857142857
-9.3097,0.3222,10.0403,4.3395,53.1742,-5.2529,-0.1198,0.3087,10.0528,3793,0,0.14255129190255542,0.0,0.24021978021978022
-8.0098,0.244,9.9583,-3.1503,30.7531,1.6974,0.6184,0.1798,9.9638,3794,0,0.1364011289326139,0.0,0.276231684981685
-9.0384,-0.0707,9.5259,-0.7322,36.2865,-0.633,-0.1619,-0.1061,9.4553,3795,0,0.0901377806972009,0.0,0.24833333333333335
-5.349,-0.221,9.8652,0.9392,32.274,-2.1901,0.0753,-0.2175,9.874,3796,0,0.13274629315733924,0.0,0.24833333333333335
-8.9187,0.2098,9.7538,-5.2089,45.9606,-1.7978,-0.0857,0.2596,9.791,3797,0,0.1337302748507031,0.0,0.25998168498168495
-5.5723,-0.2338,9.7356,0.0104,35.126,0.0075,0.292,-0.1443,9.6757,3798,0,0.11968189302657756,0.0,0.2748031135531136
-9.4626,0.191,9.9848,-2.8921,35.9542,0.3374,-0.4584,0.1605,9.963,3799,0,0.14122013988585333,0.0,0.28480311355311355
-8.243,0.3452,9.7592,0.8719,57.955,1.8648,-0.2743,0.422,9.7679,3800,0,0.12065933663560012,0.0,0.2748031135531136
-7.5024,-0.1335,9.5907,0.1663,32.5753,1.5237,-0.0498,-0.1254,9.5725,3801,0,0.10977272982671565,0.0,0.2648031135531136
-5.8997,0.1539,9.687,-3.6753,27.6559,0.5212,-0.1231,0.1526,9.746,3802,0,0.13126972047970098,0.0,0.2648031135531136
-5.3591,0.0152,9.7968,-2.4935,46.6898,0.6608,-0.2976,0.0187,9.7222,3803,0,0.1320159891364174,0.0,0.25998168498168495
-6.9793,0.3463,9.7249,-3.0594,22.0343,-5.5229,-0.0628,0.2961,9.7537,3804,0,0.14357154469197295,0.0,0.25998168498168495
-7.2159,0.0137,10.0193,2.1341,59.0421,-1.8944,0.7216,0.0348,9.9814,3805,0,0.11522830958246294,0.0,0.23980073971336108
-5.4307,-0.2245,9.9966,-2.1014,20.4946,-1.5413,-0.3744,-0.1861,10.0232,3806,0,0.1520621144133779,0.0,0.23980073971336108
-6.0262,-0.1576,9.9521,-2.0106,38.7137,-2.984,0.236,-0.1627,10.0277,3807,0,0.14930849122497214,0.0,0.22837216828478965
-8.5682,0.6202,9.6037,-0.5859,52.978,0.2186,0.1767,0.6554,9.6224,3808,0,0.10359354767889921,0.0,0.22789835164835165
-9.2366,0.1392,9.6249,-0.7924,52.9923,-2.7818,0.1402,0.1125,9.6315,3809,0,0.1231498848354496,0.0,0.22789835164835165
-7.963,-0.2222,10.1357,3.2887,56.3174,3.3109,0.4837,-0.1841,10.2291,3810,0,0.123430151955997,0.0,0.2384866371492585
-8.8747,-0.1546,9.8347,2.2422,25.8212,2.301,0.1398,-0.1072,9.8284,3811,0,0.12065933663560012,0.0,0.2284866371492585
-5.762,0.0331,10.0782,-1.3294,55.0332,-4.3805,0.0125,0.0687,10.0246,3812,0,0.14761766996893347,0.0,0.21771740638002776
-6.3853,-0.1547,9.6495,-1.3466,36.3871,3.6628,-0.0423,-0.1385,9.6756,3813,0,0.12570254166309425,0.0,0.2170580657206871
-6.9441,0.0695,9.8832,9.0879,24.3721,-2.4277,-0.179,0.0585,9.8462,3814,0,0.1397428455877527,0.0,0.2084866371492585
-8.1338,0.074,9.7046,-5.5514,51.3127,1.0369,-0.4138,0.112,9.7286,3815,0,0.13612372503030648,0.0,0.2270580657206871
-7.4159,-0.3728,9.687,-0.7741,30.7123,-3.6809,0.2889,-0.36,9.7535,3816,0,0.1449991890787348,0.0,0.2170580657206871
-7.7898,0.0989,9.9752,-5.0543,49.3699,1.0331,0.3638,0.018,10.0303,3817,0,0.13913100204748294,0.0,0.22701923076923078
-9.1254,-0.1681,9.7019,0.4672,57.364,-3.4122,-0.5154,-0.072,9.6684,3818,0,0.12483961019549333,0.0,0.19701923076923078
-5.8138,0.1151,9.7965,-0.8232,36.9283,-2.8452,0.0424,0.0851,9.7884,3819,0,0.13537278692799778,0.0,0.18701923076923077
-9.7476,0.0311,9.7172,0.5774,53.1031,0.5553,-0.6771,0.1327,9.7223,3820,0,0.09997836561772927,0.0,0.20535256410256408
-5.2073,0.0293,9.6583,-1.2077,51.0623,-3.66,0.448,0.1466,9.6368,3821,0,0.12479208802419761,0.0,0.19535256410256407
-8.5913,-0.067,9.6259,1.9733,61.01,-0.4011,0.3251,-0.0367,9.5639,3822,0,0.10531955142616882,0.0,0.19535256410256407
-5.945,-0.4212,9.6455,-0.2877,56.6973,-0.4258,-0.1659,-0.4393,9.7231,3823,0,0.13344363352317923,0.0,0.19535256410256407
-6.7463,-0.4721,10.0297,4.0161,37.7161,0.9446,-0.0235,-0.4898,10.0551,3824,0,0.1345935153795615,0.0,0.18701923076923077
-8.283,-0.0561,10.056,-4.2174,32.6623,2.6006,0.0968,-0.0067,10.0351,3825,0,0.13997515789163878,0.0,0.18701923076923077
-9.2861,-0.2125,10.0189,3.1033,26.5179,1.3572,-0.1725,-0.2277,9.9755,3826,0,0.1345935153795615,0.0,0.19701923076923078
-9.0433,0.0422,9.8146,2.4137,51.5424,-2.4004,-0.1709,-0.0177,9.7993,3827,0,0.13221489219115568,0.0,0.19910256410256408
-8.8452,0.4076,9.8047,-0.403,43.9351,1.7279,0.2276,0.3469,9.9224,3828,0,0.1282148921911557,0.0,0.19910256410256408
-8.2168,0.008,9.6899,-1.8167,49.1341,-5.6965,0.1682,0.0766,9.5908,3829,0,0.12466556641638178,0.0,0.1891025641025641
-9.5632,0.0307,10.18,-6.1879,41.0545,-1.8845,-0.0968,0.0987,10.214,3830,0,0.13681776659883746,0.0,0.20076923076923076
-6.9312,-0.0038,9.9165,1.4293,31.4619,1.295,-0.4795,-0.005,9.9295,3831,0,0.12190431862981466,0.0,0.19076923076923077
-9.26,-0.0792,9.8255,-5.5542,38.0449,-0.5671,-0.0089,-0.1241,9.8879,3832,0,0.13212793566941658,0.0,0.19076923076923077
-7.2759,0.1123,9.8057,5.9056,22.1955,3.9852,-0.1303,0.1278,9.8081,3833,0,0.13700286372753306,0.0,0.19076923076923077
-7.9042,0.2866,9.4532,-2.5734,43.1108,2.8044,0.0947,0.2908,9.3816,3834,1,0.08050051581920194,0.0,0.16076923076923078
-5.7736,-0.1226,9.677,1.514,44.6673,-3.7169,-0.1319,-0.1103,9.6405,3835,0,0.1235946282012788,0.0,0.16076923076923078
-9.2851,0.0317,9.7237,2.7212,31.0742,0.6707,0.2156,0.0066,9.7364,3836,0,0.12494505092131442,0.0,0.18076923076923077
-7.1374,0.2441,9.6281,-4.1221,31.2974,0.1634,0.0014,0.19,9.645,3837,0,0.1155073727581549,0.0,0.18076923076923077
-8.7112,0.3831,9.9074,4.7885,46.5752,2.4347,0.3191,0.3404,9.9238,3838,0,0.12811859050874486,0.0,0.19076923076923077
-7.7534,0.0146,9.809,0.0537,52.6821,-0.8549,0.1778,0.0621,9.7774,3839,0,0.12065933663560012,0.0,0.19076923076923077
-7.2572,-0.0365,9.408,1.7883,37.7813,-0.561,-0.0862,-0.0859,9.3461,3840,1,0.0764833827973976,0.0,0.18076923076923077
-5.3753,-0.1833,9.9481,0.0954,36.8368,1.6642,0.2152,-0.0807,9.9419,3841,0,0.12628433663560013,0.0,0.210989010989011
-8.0089,0.0742,9.9168,2.5394,44.7143,-3.5956,-0.2512,-0.0025,9.8514,3842,0,0.13221489219115568,0.0,0.18076923076923077
-10.0234,0.2137,9.8831,1.7981,62.6662,1.641,-0.4621,0.3187,9.9596,3843,0,0.12190431862981466,0.0,0.18076923076923077
-9.0244,0.2035,9.9502,2.8875,42.0511,4.046,-0.2598,0.2037,9.8034,3844,0,0.12954360985438831,0.0,0.18076923076923077
-6.5772,0.0425,10.1005,-3.6215,21.8895,-3.0638,-0.0713,-0.0092,10.0965,3845,0,0.15153071344719435,0.0,0.20098901098901098
-9.0205,0.1199,9.8848,-1.2937,40.0394,-5.4281,-0.0265,0.1375,9.8395,3846,0,0.13977044774671124,0.0,0.20098901098901098
-5.5375,-0.1267,9.9205,-4.3069,40.5086,-2.5237,0.4313,-0.2162,9.8627,3847,0,0.1489262919025554,0.0,0.210989010989011
-5.8608,0.0893,9.5961,4.7753,53.0338,1.5984,-0.2542,0.0307,9.575,3848,0,0.11763462180253166,0.0,0.210989010989011
-7.0102,-0.6843,9.5732,1.6281,59.5667,1.4344,-0.1856,-0.723,9.5285,3849,0,0.10031523904616542,0.0,0.19076923076923077
-10.3081,-0.0563,9.6289,4.8117,27.5718,-7.0061,-0.4168,-0.0484,9.6653,3850,0,0.12725012457283974,0.0,0.19076923076923077
1.1446,-0.2952,10.0274,5.487,0.497,1.4142,1.1443,-0.3252,9.9322,3851,1,0.3178942752278274,0.0,0.24076923076923076
0.3344,0.256,9.9525,-2.0484,3.5003,-0.6205,0.3622,0.337,9.9724,3852,0,0.15370659276867144,0.0,0.25
0.0527,0.118,9.7991,3.2078,-1.2479,4.0959,0.0427,0.0894,9.7749,3853,0,0.15370659276867144,0.0,0.23
0.1984,0.0502,9.9448,-3.7128,1.2588,0.8834,0.1729,0.0708,9.8273,3854,0,0.15370659276867144,0.0,0.24
-0.4314,0.7618,9.5693,-2.5786,-5.3602,-0.1023,-0.4564,0.6971,9.6352,3855,0,0.15538856594993622,0.0,0.28
-0.225,-0.0127,9.901,-1.8403,3.3225,-3.7688,-0.2789,0.0498,9.9097,3856,0,0.15370659276867144,0.0,0.28
-0.0492,-0.3075,10.0126,0.0627,-7.2229,1.5126,-0.0766,-0.3942,10.086,3857,0,0.153471543619007,0.0,0.26625
-0.3146,-0.1356,9.7888,-0.677,-6.31,-2.3088,-0.2881,-0.1086,9.7325,3858,0,0.15370659276867144,0.0,0.27
0.3017,0.0845,9.811,2.2014,4.5686,0.1761,0.3107,0.0975,9.8359,3859,0,0.15370659276867144,0.0,0.27
0.3242,0.2879,9.891,1.0654,0.8747,-3.6963,0.3048,0.3116,9.9298,3860,0,0.15370659276867144,0.0,0.27
-0.135,-0.1357,9.7079,-4.2084,-1.5457,-0.465,-0.1362,-0.177,9.7712,3861,0,0.15370659276867144,0.0,0.29
0.0324,-0.0419,10.0342,-0.4945,-4.8591,0.9493,-0.0114,0.015,10.0145,3862,0,0.15370659276867144,0.0,0.29
-0.3104,0.1564,9.8494,-0.4863,1.4098,0.4586,-0.2228,0.1096,9.8254,3863,0,0.15370659276867144,0.0,0.29
0.1254,-0.143,9.9053,1.1574,-4.4741,7.2335,0.0592,-0.1656,9.9553,3864,0,0.15314501477372658,0.0,0.29
0.3702,0.0956,9.64,7.6604,-1.1786,-8.674,0.4137,0.0939,9.72,3865,0,0.1448845447866742,0.0,0.27
-0.1965,0.1015,9.7374,-1.9249,1.9451,-4.2022,-0.1608,-0.0255,9.6751,3866,0,0.15370659276867144,0.0,0.28
0.5294,0.0538,9.3236,0.0422,-1.2324,1.7315,0.5433,0.0242,9.2558,3867,0,0.10242251234551562,0.0,0.26
0.1183,0.1585,9.8643,8.3291,-1.7451,5.6256,0.0837,0.1499,9.8672,3868,0,0.127654387152638,0.0,0.26
-0.4939,-0.2238,9.855,1.6831,0.0984,2.2734,-0.4674,-0.163,9.8776,3869,0,0.15370659276867144,0.0,0.26
0.0787,-0.0781,9.3142,3.5606,1.4985,-1.153,-0.0096,-0.1248,9.3187,3870,0,0.14726306594284,0.0,0.25
-0.2782,-0.0731,9.6854,-4.126,-1.0581,1.5879,-0.2863,-0.1041,9.6335,3871,0,0.15370659276867144,0.0,0.27
0.2666,-0.1677,9.6042,4.0625,-3.8126,-1.4399,0.2495,-0.1379,9.5438,3872,0,0.15370659276867144,0.0,0.26
-0.0413,0.1333,9.8087,-0.4364,2.1828,-2.7726,-0.0058,0.1547,9.8582,3873,0,0.15370659276867144,0.0,0.25
-0.4134,-0.3914,9.6941,0.0407,-2.9389,5.0569,-0.4982,-0.3998,9.676,3874,0,0.15370659276867144,0.0,0.26
0.0992,-0.1375,9.6219,-1.7975,2.6036,-0.3348,0.0476,-0.0431,9.5534,3875,0,0.15370659276867144,0.0,0.27
0.3057,0.143,10.0408,-2.1516,-0.9158,0.9663,0.3391,0.1199,10.059,3876,0,0.15370659276867144,0.0,0.27
-0.3103,-0.021,9.6233,-3.4497,-2.0979,-0.2065,-0.3419,-0.0896,9.6498,3877,0,0.15370659276867144,0.0,0.27
0.1789,-0.292,9.4327,1.4324,-4.3263,1.7959,0.1935,-0.2709,9.3625,3878,0,0.14725823748351777,0.0,0.26
0.1039,-0.3125,9.5008,2.6083,-3.0401,-0.4532,0.1716,-0.298,9.473,3879,0,0.15370659276867144,0.0,0.26
-0.1749,-0.1208,9.8644,4.2243,-1.5906,-4.7709,-0.138,-0.1208,9.8664,3880,0,0.15370659276867144,0.0,0.22
-0.5978,-0.1869,9.8015,3.8053,-1.1205,2.3468,-0.6935,-0.1627,9.7238,3881,0,0.13290179304177308,0.0,0.22
-0.1717,0.1882,9.5274,1.3909,0.9607,5.8245,-0.2042,0.2947,9.489,3882,0,0.15370659276867144,0.0,0.24
-0.6704,0.1335,9.95,0.468,-0.5846,2.1299,-0.72,0.0585,9.94,3883,0,0.14176871781161204,0.0,0.23
-0.3493,0.1011,9.5335,3.0128,-6.8782,-2.2485,-0.4238,0.0909,9.5286,3884,0,0.15371468931029958,0.0,0.23
-0.1674,0.2318,9.8565,2.9777,-4.3686,-0.7307,-0.1896,0.2331,9.781,3885,0,0.15370659276867144,0.0,0.23
-0.0515,-0.1671,10.2967,-0.6245,1.1943,4.1118,-0.0376,-0.2756,10.356,3886,0,0.10102228960020954,0.0,0.22
-0.2248,0.4144,10.1108,3.2774,2.8389,4.7241,-0.3114,0.4533,10.1325,3887,0,0.15370659276867144,0.0,0.21
0.1026,0.1554,9.5389,1.013,4.0285,-1.8556,0.0065,0.1891,9.4955,3888,0,0.15370659276867144,0.0,0.21
-0.3459,-0.1834,9.902,1.5455,-2.5546,5.8686,-0.2534,-0.155,9.8783,3889,0,0.15370659276867144,0.0,0.2
-0.1608,0.0368,9.7242,2.426,-3.5493,0.9419,-0.243,0.0081,9.813,3890,0,0.15370659276867144,0.0,0.19
-0.1779,-0.0789,9.7473,-0.4612,0.2787,0.237,-0.1203,-0.086,9.7632,3891,0,0.15370659276867144,0.0,0.2
-0.114,-0.1385,9.8535,-3.6221,-4.2638,-3.6129,-0.1376,-0.146,9.9169,3892,0,0.15370659276867144,0.0,0.18
0.4052,0.3525,9.8857,-2.3712,2.9765,-0.3728,0.4677,0.4167,9.9085,3893,0,0.15370659276867144,0.0,0.18
-0.5941,0.2073,9.6651,1.2228,2.1139,0.645,-0.5573,0.2282,9.7195,3894,0,0.15370659276867144,0.0,0.15
-0.617,0.2548,9.8046,-5.8607,-0.6285,-4.8756,-0.6097,0.1206,9.8075,3895,0,0.1537691488359536,0.0,0.11
0.1948,-0.2313,9.4425,0.5068,-1.1714,-2.5601,0.1681,-0.2444,9.4259,3896,0,0.152968620356603,0.0,0.09
0.2171,0.4802,9.9595,2.4261,-1.9186,1.8382,0.1901,0.4332,9.9966,3897,0,0.15370659276867144,0.0,0.1
-0.0954,-0.2276,9.9138,-3.3115,2.5004,-2.9758,-0.0458,-0.228,9.9029,3898,0,0.15370659276867144,0.0,0.1
-0.0307,0.4826,9.9252,-3.2637,0.9868,1.3076,0.0379,0.4081,9.9854,3899,0,0.15370659276867144,0.0,0.09
0.0035,-0.3892,9.7531,5.6926,5.2605,2.1472,0.0957,-0.3864,9.7603,3900,0,0.15370659276867144,0.0,0.01344212760771807
0.3154,-0.1985,9.6365,-1.0657,3.6945,-1.1299,0.3344,-0.2041,9.6716,3901,0,0.15370659276867144,0.0,0.011883394966456955
0.0921,0.2224,10.0543,6.0133,2.949,1.6678,0.1374,0.2749,10.1529,3902,0,0.15370659276867144,0.0,0.011201266726347813
-0.0563,-0.0365,9.5316,0.6103,6.5291,1.7947,0.0655,-0.1194,9.5166,3903,0,0.15370659276867144,0.0,0.0024778624710286683
0.0644,-0.625,10.0002,0.4286,3.5443,-2.2649,0.064,-0.6021,10.0503,3904,0,0.15359223705380823,0.0,0.014264301460067528
0.2922,-0.3683,10.1506,2.4118,3.4595,2.6064,0.2813,-0.3163,10.1795,3905,0,0.15370659276867144,0.0,0.010807549315578667
-0.3351,0.2762,9.5247,0.1572,-0.1205,0.2953,-0.32,0.3106,9.4716,3906,0,0.15370659276867144,0.0,0.01257342233145168
0.0487,-0.068,9.8851,2.8293,-0.0481,-0.0775,0.077,-0.0603,9.957,3907,0,0.15370659276867144,0.0,0.010351200109229458
0.1002,0.2893,9.7418,-3.0717,-0.2919,3.3721,0.1182,0.3267,9.7368,3908,0,0.15370659276867144,0.0,0.010450406458435807
-0.1877,-0.1395,9.5989,-0.555,-1.9415,-0.5868,-0.1738,-0.1577,9.571,3909,0,0.15370659276867144,0.0,0.01105734287462078
-0.3304,-0.153,9.8426,0.1497,2.629,1.7083,-0.3082,-0.1609,9.806,3910,0,0.15370659276867144,0.0,0.001124910442188349
0.2495,-0.1917,9.6214,4.2304,2.7875,-1.0661,0.2849,-0.0801,9.6325,3911,0,0.15370659276867144,0.0,0.01105734287462078
0.0658,0.2022,9.9765,2.524,-2.1679,-1.9352,0.0837,0.2435,10.0431,3912,0,0.15370659276867144,0.0,0.01105734287462078
-0.2732,-0.132,9.704,1.9583,-1.7989,4.0549,-0.3082,-0.1556,9.6993,3913,0,0.15370659276867144,0.0,0.010351200109229458
0.4309,-0.0717,9.8473,-3.2553,-4.7487,-5.1714,0.4138,-0.1541,9.8636,3914,0,0.15370659276867144,0.0,0.010450406458435807
0.0291,0.3473,9.8942,-5.084,2.1951,-3.4441,0.1758,0.2635,9.8377,3915,0,0.15370659276867144,0.0,0.0009581365254144322
-0.2907,-0.0002,9.8151,0.5585,-2.5727,-4.3335,-0.3402,-0.0068,9.7778,3916,0,0.15370659276867144,0.0,0.010958136525414431
-0.0676,0.3221,9.7086,-5.9512,2.0392,-1.0491,-0.1054,0.3197,9.6451,3917,0,0.15370659276867144,0.0,0.010197943404248616
0.2063,0.0202,9.8615,-1.699,-2.7705,2.4388,0.1955,0.0169,9.9302,3918,0,0.15370659276867144,0.0,0.0004723306610464194
0.348,-0.2343,10.2154,-4.3283,-2.4514,2.2043,0.2914,-0.301,10.2674,3919,0,0.15135784453201792,0.0,0.00035120010922946106
0.0041,-0.139,9.8943,-2.0508,-0.1708,4.5547,0.0551,-0.1269,9.9372,3920,0,0.15370659276867144,0.0,0.00035120010922946106
-0.3828,0.2532,10.1883,-2.8601,-3.4547,-6.5803,-0.3275,0.201,10.2262,3921,0,0.1521843806552671,0.0,0.00035120010922946106
-0.3125,0.0608,9.5227,-2.7504,0.9913,-3.4171,-0.2577,0.0261,9.5349,3922,0,0.15370659276867144,0.0,0.00035120010922946106
0.3242,-0.1555,9.9478,-3.5479,3.0832,-0.2872,0.3536,-0.1743,9.9904,3923,0,0.15370659276867144,0.0,0.00031135947177926185
-0.0811,0.2642,10.0339,3.9075,-2.5664,0.2004,-0.1194,0.2442,10.0136,3924,0,0.15370659276867144,0.0,0.0005311396915594817
0.2007,0.1146,10.1355,4.1811,3.7849,0.1606,0.1814,0.1554,10.0998,3925,0,0.15370659276867144,0.0,0.0005311396915594817
-0.0694,-0.2801,9.665,-1.7055,1.4807,-2.3384,-0.0812,-0.2925,9.7006,3926,0,0.15370659276867144,0.0,0.0005311396915594817
-0.5548,-0.5206,9.5891,1.9794,4.0001,-2.2826,-0.6058,-0.5135,9.6457,3927,0,0.15370659276867144,0.0,0.00031135947177926185
-0.5819,0.2463,10.2312,3.5803,-3.1003,2.4859,-0.6159,0.226,10.2511,3928,0,0.1526504524297057,0.0,0.006403256704980843
-0.1337,0.1485,9.3728,0.5647,-1.479,-2.0903,-0.1511,0.1332,9.4087,3929,0,0.15008416349417586,0.0,0.006403256704980843
-0.0347,-0.4206,9.7448,1.1848,-0.4745,1.6482,-0.0592,-0.423,9.7598,3930,0,0.15370659276867144,0.0,0.006403256704980843
-0.2419,0.2225,9.9055,3.5973,-0.8334,-3.4197,-0.2581,0.1895,9.9261,3931,0,0.15370659276867144,0.0,0.0001930973424310421
0.4413,0.0273,9.6607,2.6372,-7.0596,2.3902,0.3886,-0.0275,9.5959,3932,0,0.1535830087878228,0.0,0.00044972227671714584
0.3068,-0.327,9.679,-0.8722,0.5231,2.511,0.4091,-0.2871,9.7105,3933,0,0.15370659276867144,0.0,0.02335521202347938
-0.4916,-0.6337,9.8886,0.3125,1.2326,0.8082,-0.4252,-0.5479,9.981,3934,0,0.15369406605517877,0.0,0.023355212023479375
-0.117,0.3156,9.8212,5.4726,0.5741,-1.7098,-0.1779,0.3855,9.8515,3935,0,0.15370659276867144,0.0,0.012407843602426747
0.0619,0.3012,9.9163,-1.5119,-3.1849,1.086,0.0402,0.1772,9.9213,3936,0,0.15370659276867144,0.0,0.032407843602426746
-0.1614,0.0651,9.9969,-8.4605,-1.1115,1.9623,-0.1927,0.0331,9.9698,3937,0,0.14691700767169494,0.0,0.03277265445439799
-0.136,-0.1656,9.7219,4.5194,-1.103,3.7946,-0.1358,-0.1046,9.64,3938,0,0.15370659276867144,0.0,0.012674132286910299
-0.0909,0.3465,9.4846,2.718,2.4274,0.6556,-0.1145,0.4362,9.4751,3939,0,0.15370659276867144,0.0,0.022077117361537165
-0.3821,0.2602,10.0616,4.4885,-0.6956,7.221,-0.3227,0.2323,10.003,3940,0,0.15314501477372658,0.0,0.03215606472995822
-0.2152,-0.0412,9.982,-3.0635,-4.4622,0.0456,-0.2191,-0.0528,9.9043,3941,0,0.15370659276867144,0.0,0.03215606472995822
-0.854,-0.4028,9.7475,0.8502,-1.761,3.1727,-0.7964,-0.4151,9.7393,3942,0,0.17129916520968153,0.0,0.010836753196104259
0.2116,0.2095,9.4886,5.1565,-2.0017,1.2748,0.2503,0.1461,9.4242,3943,0,0.152968620356603,0.0,0.015879065958363872
-0.1717,-0.288,9.8426,-3.8768,1.2678,0.1231,-0.2381,-0.1955,9.9411,3944,0,0.15370659276867144,0.0,0.043112371026120595
0.2067,0.2126,9.6772,0.436,0.3742,-1.6801,0.2991,0.2703,9.6754,3945,0,0.15370659276867144,0.0,0.021014738549401973
0.2078,0.2376,9.9007,3.7797,-0.2621,-4.7879,0.1795,0.1847,10.0271,3946,0,0.15370659276867144,0.0,0.03144403941350252
-0.0548,-0.1758,9.722,-1.0336,-4.0719,-2.2269,-0.0453,-0.2371,9.6916,3947,0,0.15370659276867144,0.0,0.03239140783455516
0.2471,-0.0056,10.0054,2.2935,-4.4903,0.1212,0.267,-0.0421,9.9725,3948,0,0.15370659276867144,0.0,0.032351567197104955
-0.0162,-0.209,10.1427,3.179,-0.2341,2.9054,-0.0305,-0.1778,10.1122,3949,0,0.15370659276867144,0.0,0.03154308766494121
-0.2996,0.3894,9.4577,-2.8976,1.3761,-9.8769,-0.1581,0.3142,9.4291,3950,0,0.14948525933421372,0.0,0.04451891902312552
0.1724,0.1478,9.7976,3.4201,-3.8647,1.8002,0.1561,0.1141,9.7725,3951,0,0.15370659276867144,0.0,0.04427319252739902
0.2679,0.3074,10.0379,2.5518,2.0714,-1.1124,0.2117,0.3474,9.9888,3952,0,0.15370659276867144,0.0,0.06427319252739902
-0.1126,-0.1239,10.0964,5.7165,-3.4946,4.7957,-0.0782,-0.1702,10.0831,3953,0,0.15370659276867144,0.0,0.06103789840975196
0.3946,-0.0647,10.0882,-0.7221,-5.7868,-0.1844,0.3457,-0.0827,10.0579,3954,0,0.15370659276867144,0.0,0.05089900952086307
0.2373,0.1466,9.596,1.4619,-0.4325,4.2908,0.1967,0.1382,9.5191,3955,0,0.15370659276867144,0.0,0.03128362490547845
0.0087,-0.208,9.9773,-4.3119,-3.2142,2.3427,0.0468,-0.203,10.061,3956,0,0.15370659276867144,0.0,0.041283624905478454
0.2262,-0.1561,9.828,-1.9091,5.6619,-5.9691,0.2258,-0.2196,9.6883,3957,0,0.15370659276867144,0.0,0.03128362490547845
-0.1947,-0.4686,9.8575,-1.7513,2.0455,-4.4441,-0.1951,-0.4497,9.9655,3958,0,0.15370659276867144,0.0,0.05128362490547845
-0.1896,0.1825,9.7292,1.2685,-1.2141,2.246,-0.1332,0.2695,9.8002,3959,0,0.15370659276867144,0.0,0.06132346554292865
-0.2527,-0.405,9.5612,-0.382,6.2759,1.7714,-0.2506,-0.4089,9.5931,3960,0,0.15370659276867144,0.0,0.07571891902312551
0.0354,0.1648,9.9529,3.9495,2.3945,-3.4827,0.1,0.187,9.9674,3961,0,0.15370659276867144,0.0,0.06782418218102024
0.3806,0.2495,9.9604,1.3591,2.775,0.8816,0.4374,0.2449,10.0369,3962,0,0.15370659276867144,0.0,0.0884124174751379
0.0794,0.0134,9.7959,-2.975,-2.3115,-0.231,0.1642,-0.0643,9.7695,3963,0,0.15370659276867144,0.0,0.07877155060207289
-0.5768,0.0816,9.8144,3.4658,-1.9113,-4.8765,-0.5224,0.1504,9.9531,3964,0,0.15370659276867144,0.0,0.08662418218102026
0.1117,-0.1641,10.006,-1.0075,-3.6409,0.6083,0.2321,-0.2524,9.9127,3965,0,0.15370659276867144,0.0,0.09662418218102026
-0.1746,0.0626,9.6614,-1.491,3.4055,0.299,-0.2315,0.0422,9.6962,3966,0,0.15370659276867144,0.0,0.0857638002996719
-0.1127,0.3141,9.8294,-4.2925,-4.4142,-1.4367,-0.1414,0.3314,9.8691,3967,0,0.15370659276867144,0.0,0.0857638002996719
0.0598,0.2549,9.9332,-2.9735,-3.5527,-0.1576,0.0863,0.2356,9.9991,3968,0,0.15370659276867144,0.0,0.07576380029967189
0.0793,-0.437,9.8241,1.8361,-2.815,-0.7229,0.0289,-0.4036,9.9204,3969,0,0.15370659276867144,0.0,0.07520104726323465
-0.2993,-0.2942,9.9104,0.7387,2.2061,0.9872,-0.3377,-0.3351,9.9479,3970,0,0.15370659276867144,0.0,0.07510715431724316
0.2138,-0.3839,9.9388,-0.6558,-1.6249,-4.0849,0.1657,-0.3321,9.952,3971,0,0.15370659276867144,0.0,0.06514699495469335
-0.3096,0.2707,9.9523,-4.2797,0.2857,-0.5887,-0.3451,0.3509,9.9112,3972,0,0.15370659276867144,0.0,0.07455875966057571
-0.404,-0.0273,9.9607,-1.6466,-3.5028,-6.3206,-0.4975,-0.0106,9.9816,3973,0,0.15370659276867144,0.0,0.07721241747513789
0.2832,-0.0921,9.7586,3.2129,2.7774,1.0498,0.3273,-0.0673,9.7431,3974,0,0.15370659276867144,0.0,0.08136230049438495
0.0707,0.3385,10.0535,2.5224,-6.5605,-3.4776,0.0785,0.285,10.0678,3975,0,0.15370659276867144,0.0,0.09805060295634471
0.3914,0.5614,9.628,-0.1437,-5.8023,-1.7704,0.3534,0.544,9.7456,3976,0,0.15355074445237718,0.0,0.041448245472339634
0.3424,-0.099,9.7881,-0.1324,2.7333,-0.3261,0.3037,-0.1111,9.8326,3977,0,0.15370659276867144,0.0,0.07455875966057571
-0.0749,-0.2376,9.4852,-2.523,1.6858,-3.0088,-0.1162,-0.267,9.479,3978,0,0.15370659276867144,0.0,0.08754737172005868
0.3393,-0.304,9.9125,2.7723,1.4533,4.8673,0.3323,-0.2978,9.9124,3979,0,0.15370659276867144,0.0,0.07195913642594104
-0.1944,-0.3053,10.2711,0.7744,-1.7847,3.8064,-0.1684,-0.3151,10.2315,3980,0,0.15252998718304395,0.0,0.05514699495469335
0.336,0.3162,9.4943,4.5803,-1.6958,-0.0615,0.2891,0.2805,9.5279,3981,0,0.15370659276867144,0.0,0.06514699495469335
-0.171,0.4329,10.021,1.4651,-1.2894,2.6894,-0.1726,0.3711,10.0187,3982,0,0.15370659276867144,0.0,0.04514699495469335
0.1665,-0.3229,9.9292,-5.1274,1.4378,1.0714,0.2306,-0.3657,9.9989,3983,0,0.15370659276867144,0.0,0.04498889218789493
0.2479,0.0752,9.6564,0.413,-5.5492,3.338,0.1905,0.1486,9.6622,3984,0,0.15370659276867144,0.0,0.054558759660575704
0.0824,0.2182,9.7078,-2.3842,-0.6607,-6.5906,0.0893,0.2661,9.7069,3985,0,0.1532405209942328,0.0,0.06455875966057571
0.1978,-0.2374,9.467,6.2513,-2.506,1.0686,0.043,-0.3239,9.5562,3986,0,0.15370659276867144,0.0,0.07455875966057571
0.2145,0.2015,9.7488,0.2733,-0.4811,-2.2424,0.2401,0.171,9.7438,3987,0,0.15370659276867144,0.0,0.08081370037203815
0.126,-0.6968,9.7775,-0.4639,4.5664,-3.105,0.1153,-0.6049,9.7632,3988,0,0.15033466554873445,0.0,0.07081370037203816
-0.3403,0.1828,10.0781,-3.7896,-1.1508,-5.5352,-0.2908,0.1787,10.0296,3989,0,0.15370659276867144,0.0,0.10081370037203814
-0.0651,-0.4079,9.7296,-0.8707,3.5374,3.1238,-0.0702,-0.4066,9.6068,3990,0,0.15370659276867144,0.0,0.04946264473639494
-0.4104,0.3156,10.2507,-0.433,-2.5404,1.5722,-0.4112,0.3882,10.1879,3991,0,0.15031407515459472,0.0,0.07929504697103182
0.2395,0.429,9.8838,-4.2408,-0.5623,3.0793,0.1838,0.4488,9.8689,3992,0,0.15370659276867144,0.0,0.049616678198817564
-0.0541,-0.4647,9.6383,3.5652,-2.3079,-1.5958,-0.0617,-0.4015,9.6803,3993,0,0.15370659276867144,0.0,0.029616678198817567
0.2839,0.2693,9.5536,1.9261,1.1581,-1.8641,0.383,0.2171,9.6067,3994,0,0.15370659276867144,0.0,0.03961667819881756
-0.2187,0.3018,9.7064,2.8595,-4.2705,2.2863,-0.1972,0.2385,9.7744,3995,0,0.15370659276867144,0.0,0.049616678198817564
0.3811,-0.1631,9.6479,3.2494,-2.297,-1.1746,0.3544,-0.2532,9.5845,3996,0,0.15370659276867144,0.0,0.029784275964180693
0.2589,0.4814,9.876,-1.4477,0.6,-2.5463,0.236,0.477,9.9192,3997,0,0.15370659276867144,0.0,0.03961667819881756
-0.2681,-0.1394,10.0349,-2.4209,0.868,1.1461,-0.2697,-0.0244,9.9866,3998,0,0.15370659276867144,0.0,0.029616678198817567
-0.2588,0.4225,9.8159,-2.8826,1.5549,-0.7334,-0.296,0.4276,9.8241,3999,0,0.15370659276867144,0.0,0.030419597906846764
-0.0869,0.4985,9.8327,-0.9869,1.9597,-4.8668,-0.0434,0.5838,9.8745,4000,0,0.15182277332485958,0.0,0.061477858153848736
20.6399,0.2685,9.6035,-1.1163,0.4597,1.0499,-358.3871,0.2685,9.6035,4001,2,0.5678104440863135,0.0,0.2800759493670886
21.0246,-0.0392,9.8259,-0.3018,-3.8426,2.8717,-267.4917,-0.0392,9.8259,4002,2,0.5699335243899342,0.0,0.33007594936708856
-16.2856,0.1901,9.687,1.082,-1.0132,-4.1734,561.1236,0.1901,9.687,4003,1,0.24100150892815453,0.0,0.29
-21.0651,-0.0974,9.6056,-2.4328,-1.3847,-0.8318,-488.8618,-0.0974,9.6056,4004,1,0.288124759511916,0.0,0.29
17.4687,0.2302,9.8205,4.6878,-0.4583,0.4929,545.3602,0.2302,9.8205,4005,2,0.9841989244597081,0.0,0.3
23.0261,-0.1998,9.9136,-4.5215,-0.3336,-1.5251,-358.5233,-0.1998,9.9136,4006,2,0.5545222689786788,0.0,0.31
21.4495,0.0185,9.6504,0.1616,4.1081,3.6857,-358.5792,0.0185,9.6504,4007,2,0.5628770585689336,0.0,0.36
24.4362,-0.0724,9.607,3.4479,-5.6192,-4.8561,306.631,-0.0724,9.607,4008,2,0.9842426243868749,0.0,0.36
-18.4007,-0.1035,9.7584,-2.9393,-2.3766,-1.1033,-374.6428,-0.1035,9.7584,4009,1,0.3092511841155211,0.0,0.38
-18.5757,0.5471,9.7369,-1.9207,3.1803,-3.6134,-284.7348,0.5471,9.7369,4010,1,0.2829293502306366,0.0,0.37
-18.519,-0.129,9.4233,-2.1295,-1.5753,-1.0554,-529.5725,-0.129,9.4233,4011,1,0.2731533589670027,0.0,0.37
23.2488,-0.1554,9.9187,1.8794,-0.7147,1.0936,-286.2438,-0.1554,9.9187,4012,2,0.5699335243899342,0.0,0.38
22.4101,-0.2033,10.1517,0.5976,-0.2691,0.9613,-463.2182,-0.2033,10.1517,4013,2,0.5489247440501935,0.0,0.38
-15.4081,0.2123,10.0259,4.9273,1.5924,1.0976,-494.3993,0.2123,10.0259,4014,1,0.3001211664480221,0.0,0.37
21.8979,0.5719,9.7094,2.7452,4.0951,-0.9616,-429.7903,0.5719,9.7094,4015,2,0.5685879415454399,0.0,0.37
23.8065,-0.4277,9.8494,7.431,1.2355,-1.8394,-370.6316,-0.4277,9.8494,4016,2,0.5673907473280159,0.0,0.39
21.6225,0.5651,9.7247,2.938,3.1122,-3.416,-285.0459,0.5651,9.7247,4017,2,0.571572437669471,0.0,0.39
20.127,-0.4783,10.0221,0.3234,0.4748,6.2701,413.5716,-0.4783,10.0221,4018,2,0.9895989167343329,0.0,0.39
-24.2575,-0.3772,9.6055,-5.5332,-1.011,-1.5626,301.9078,-0.3772,9.6055,4019,1,0.2265511243013465,0.0,0.39
-24.2426,0.0975,10.0476,-1.9896,1.476,-5.5019,-217.1948,0.0975,10.0476,4020,1,0.1780925332401236,0.0,0.39
-16.7843,0.125,9.6149,-0.1089,3.6355,-4.5168,249.38,0.125,9.6149,4021,1,0.2301189233239201,0.0,0.39
21.7002,0.109,9.7241,-0.9866,-3.8254,-3.4875,-424.0478,0.109,9.7241,4022,2,0.5777799520078376,0.0,0.37
19.2493,0.0692,10.3507,-8.8388,0.061,-0.2437,227.3475,0.0692,10.3507,4023,2,0.7573279089536509,0.0,0.37
-24.2844,0.1007,10.123,5.2493,-0.4864,-2.767,581.4138,0.1007,10.123,4024,1,0.2347798596721741,0.0,0.38
-22.941,-0.2807,9.3535,-4.9427,-0.7342,3.1433,326.3268,-0.2807,9.3535,4025,1,0.21035048433527595,0.0,0.38
-19.6454,0.3773,9.7841,1.2854,8.7267,2.3731,524.3847,0.3773,9.7841,4026,1,0.22371725816541127,0.0,0.36
-24.3525,-0.0099,9.5484,-1.6131,2.7655,1.7106,-364.9858,-0.0099,9.5484,4027,1,0.2616348909630615,0.0,0.36
-16.3057,0.5816,9.5834,-4.2927,1.6654,-1.3266,-464.996,0.5816,9.5834,4028,1,0.28901191302482415,0.0,0.36
-23.6475,-0.201,9.5071,1.0551,-4.0493,-4.6186,351.4948,-0.201,9.5071,4029,1,0.2138844576346798,0.0,0.32
-20.4363,-0.1844,9.7103,-4.4814,0.6342,1.2452,-285.8486,-0.1844,9.7103,4030,1,0.30065814858966816,0.0,0.33
-24.9256,0.0502,9.7464,0.1795,2.0419,3.0174,-381.2661,0.0502,9.7464,4031,1,0.3147422486065856,0.0,0.32
31.628,-11.2172,3.0445,278.4577,203.1885,-174.1406,1477.5174,653.817,-272.1108,4032,2,1.0,2.0,0.54
38.862,-9.1972,3.5698,-215.1178,181.2086,-107.2215,-666.8769,611.6096,-358.9101,4033,2,1.0,2.0,0.64
38.6802,12.168,3.5797,-252.6589,269.5324,-172.9804,-1798.007,-928.0852,-201.8168,4034,2,1.0,2.0,0.7
-31.8748,10.033,2.3959,-189.8345,198.9542,-235.3439,-2217.2344,996.8507,-249.1676,4035,2,1.0,2.0,0.74
7.1308,-12.3916,4.3162,252.8375,300.4708,233.0643,-1976.7528,877.8479,-199.5162,4036,2,1.0,2.0,0.96
37.5161,13.8735,3.0969,-274.5466,-279.3292,142.8926,1598.5779,-578.0836,-380.4128,4037,2,1.0,2.0,0.97
32.3905,14.782,1.9418,211.7926,-228.1404,-180.3719,-1374.9453,994.9428,-177.2764,4038,2,0.9997897183483729,2.0,1.0
41.5598,10.4551,2.694,-173.6734,294.3722,108.379,1310.8996,629.3105,-240.8861,4039,2,1.0,2.0,1.0
-36.3816,14.5398,3.0557,270.173,236.8564,-222.6751,-541.9273,-634.1303,-267.8601,4040,2,1.0,2.0,1.0
-33.9748,11.6747,4.529,-286.9206,-236.7012,206.9018,-1773.9308,843.7779,-125.8871,4041,2,1.0,2.0,1.0
-36.901,-12.5628,3.8605,-206.1691,220.3653,-202.1078,-1095.936,-903.74,-227.6165,4042,2,1.0,2.0,1.0
-0.0991,14.5851,3.3973,240.9984,224.2158,210.7102,-2277.1406,1035.847,-108.5738,4043,2,0.886115763546798,2.0,1.0
20.0232,-0.519,9.9408,-3.0681,5.3985,73.0022,286.1332,-0.519,9.9408,4044,2,0.9999945895783161,2.0,1.0
26.9857,0.6644,9.865,-0.6207,-0.2436,30.9876,-210.5829,0.6644,9.865,4045,2,0.9456992462709699,2.0,1.0
-12.3534,-0.335,9.8967,4.7138,4.7355,57.3379,355.3491,-0.335,9.8967,4046,2,0.7979821239049201,2.0,1.0
-9.4037,0.5002,9.5915,0.6255,2.7804,45.4069,-551.3606,0.5002,9.5915,4047,2,0.952268244572339,2.0,1.0
21.8078,-0.0919,9.7955,0.5714,0.3512,46.1627,-211.4964,-0.0919,9.7955,4048,2,0.9638023658306447,2.0,1.0
-12.2192,0.293,9.7177,-0.6592,0.6053,39.2553,263.6014,0.293,9.7177,4049,2,0.7732985132669009,2.0,1.0
29.5136,-0.1311,9.7185,-0.6913,5.8816,30.1453,533.2075,-0.1311,9.7185,4050,2,0.9999945895783161,2.0,0.96
23.3505,0.1017,9.8933,6.1744,2.0247,55.7979,-270.3507,0.1017,9.8933,4051,2,0.96858849503325,2.0,0.96
34.1747,0.1012,10.1172,8.0387,2.4198,51.3623,323.3686,0.1012,10.1172,4052,2,0.9999966543209632,2.0,0.96
22.9863,-0.2607,10.1069,0.7702,1.7498,42.7389,287.3331,-0.2607,10.1069,4053,2,0.9999929676059978,2.0,0.96
-18.6637,-0.1311,9.5989,-7.7132,1.7562,58.6527,229.3948,-0.1311,9.5989,4054,2,0.7732743254174065,2.0,0.96
-15.0927,0.0656,9.8709,0.9524,-0.3795,84.5847,585.4691,0.0656,9.8709,4055,2,0.813298513266901,2.0,0.96
-13.3335,0.0656,10.1276,3.8229,-3.1081,27.8702,-292.8541,0.0656,10.1276,4056,2,0.9385155403489384,2.0,1.0
22.6942,-0.7037,9.7914,5.0637,0.8115,44.6503,-209.0366,-0.7037,9.7914,4057,2,0.9603332828722607,2.0,1.0
31.158,-0.0904,9.4125,-3.1366,-3.5974,58.2765,-199.603,-0.0904,9.4125,4058,2,0.9509122404378796,2.0,1.0
20.2968,0.2099,9.8024,0.6897,2.8627,65.5158,297.6824,0.2099,9.8024,4059,2,0.9999945895783161,2.0,1.0
33.3877,0.153,9.7033,1.4513,4.3715,49.2619,-465.6439,0.153,9.7033,4060,2,0.964904284506934,2.0,1.0
-15.8656,0.3305,9.8418,3.8378,1.6048,19.418,503.0592,0.3305,9.8418,4061,2,0.7577130324078907,2.0,1.0
22.4036,-0.1259,9.7993,2.0602,-4.4134,87.311,514.3935,-0.1259,9.7993,4062,2,0.9999945895783161,2.0,1.0
21.4404,0.3941,9.8991,2.4944,0.9468,43.3758,-511.8478,0.3941,9.8991,4063,2,0.96858849503325,2.0,1.0
-12.3749,-0.1712,9.9744,0.6709,-2.236,56.9929,600.9114,-0.1712,9.9744,4064,2,0.8032810511015924,2.0,1.0
21.467,0.4663,9.3963,4.6758,-3.1752,64.0128,-391.9692,0.4663,9.3963,4065,2,0.9656124656281176,2.0,1.0
-11.6057,0.4798,9.9832,-0.5852,1.0624,75.723,-529.902,0.4798,9.9832,4066,2,0.952268244572339,2.0,1.0
30.9678,-0.5147,9.6158,2.0195,-4.7473,76.645,321.84,-0.5147,9.6158,4067,2,0.9999945895783161,2.0,1.0
-14.3108,0.1254,9.5916,3.3196,2.6136,28.6051,-261.9505,0.1254,9.5916,4068,2,0.9306202616254946,2.0,1.0
20.9403,-0.2039,9.7217,0.5421,2.7643,39.5403,397.8795,-0.2039,9.7217,4069,2,0.9999945895783161,2.0,1.0
22.7639,0.1771,9.7236,-3.3709,2.3123,29.2232,-246.2139,0.1771,9.7236,4070,2,0.95705050234735,2.0,1.0
-11.6888,0.6148,9.9018,-3.7202,-1.3448,25.9832,-516.301,0.6148,9.9018,4071,2,0.9165771190312134,2.0,1.0
-16.6967,0.1752,10.4227,4.5426,4.5528,51.5658,282.0078,0.1752,10.4227,4072,2,0.7189204759241516,2.0,1.0
-24.635,-0.2706,10.0956,-1.6068,0.5738,99.0795,-394.609,-0.2706,10.0956,4073,2,0.9424582095218706,2.0,1.0
-6.1554,0.653,9.9222,3.6227,0.6997,74.305,465.9637,0.653,9.9222,4074,2,0.8388985132669009,2.0,1.0
-17.5583,0.1035,9.6435,3.1502,-0.9907,70.3872,332.8833,0.1035,9.6435,4075,2,0.8132810511015924,2.0,1.0
23.0085,0.1294,10.133,3.1631,3.7454,54.2876,-207.6409,0.1294,10.133,4076,2,0.9497094258196399,2.0,1.0
-14.4839,0.087,9.8415,-1.0053,1.7918,85.9707,515.085,0.087,9.8415,4077,2,0.813298513266901,2.0,1.0
-18.5181,0.5546,9.5446,4.1787,-1.3965,9.6426,220.9465,0.5546,9.5446,4078,1,0.15762443993838163,2.0,1.0
-11.3696,-0.3851,10.2168,1.087,-1.8224,79.2159,-570.9694,-0.3851,10.2168,4079,2,0.9531636782288087,2.0,1.0
-9.4424,-0.2582,9.5727,2.1429,2.9403,54.7709,480.8159,-0.2582,9.5727,4080,2,0.7932985132669009,2.0,1.0
-11.2123,-0.3483,9.7023,-3.4963,3.343,50.685,-572.3256,-0.3483,9.7023,4081,2,0.9615437059530634,2.0,1.0
23.3798,-0.0913,9.7415,-0.2449,-3.087,54.2085,-569.4464,-0.0913,9.7415,4082,2,0.9727990213490394,2.0,1.0
31.0307,0.0244,10.0003,-5.1954,-3.7231,54.4741,223.7563,0.0244,10.0003,4083,2,0.9999945895783161,2.0,1.0
-13.9239,-0.2767,9.5691,2.1295,-0.7983,67.138,-379.3163,-0.2767,9.5691,4084,2,0.9443943553037127,2.0,1.0
-18.9326,0.4034,9.9572,-4.3018,1.2332,71.452,-512.4103,0.4034,9.9572,4085,2,0.9379760367801312,2.0,0.99
17.8697,0.2184,9.7748,-0.6254,-3.0867,51.6955,-422.9218,0.2184,9.7748,4086,2,0.96858849503325,2.0,0.99
24.115,0.2441,9.6212,-0.8089,-0.6974,56.5825,-209.0947,0.2441,9.6212,4087,2,0.957284147207163,2.0,0.97
-16.5057,-0.3487,9.9344,0.3488,0.5478,37.2976,-527.2545,-0.3487,9.9344,4088,2,0.9443943553037127,2.0,0.97
-21.3186,0.2619,10.0059,-0.9238,-1.6878,33.7163,567.0064,0.2619,10.0059,4089,2,0.7732810511015924,2.0,0.96
27.0977,-0.3276,10.015,3.6805,3.2546,87.0954,351.1355,-0.3276,10.015,4090,2,0.9999929676059978,2.0,0.95
23.4987,0.0391,9.6284,-0.1241,-3.3712,41.3662,-590.2814,0.0391,9.6284,4091,2,0.96858849503325,2.0,0.91
-17.9753,-0.18,10.1195,-1.0045,0.2391,54.4998,322.2912,-0.18,10.1195,4092,2,0.7832968912945827,2.0,0.85
-4.231,0.2744,9.7686,-1.9328,-4.4508,68.4385,576.761,0.2744,9.7686,4093,2,0.7932807045682256,2.0,0.96
-10.4886,-0.3845,9.657,2.9348,3.7925,61.284,214.406,-0.3845,9.657,4094,2,0.783276241551979,2.0,0.96
-12.0178,0.1573,10.1283,1.3448,-2.0276,58.4144,-216.2546,0.1573,10.1283,4095,2,0.9156186396531762,2.0,0.96
-19.7254,0.0365,9.659,4.8861,-2.0402,44.0014,-457.325,0.0365,9.659,4096,2,0.9401838289879233,2.0,0.96
-21.9244,-0.1428,9.8792,2.568,5.9021,60.913,291.7391,-0.1428,9.8792,4097,2,0.8150607681688616,2.0,0.96
-20.6716,0.0964,9.8518,-2.8535,0.2544,59.6205,-315.439,0.0964,9.8518,4098,2,0.9379760367801312,2.0,0.96
24.1447,0.0453,9.7358,0.0125,-2.4174,26.1018,468.3716,0.0453,9.7358,4099,2,0.9999945895783161,2.0,0.96
-19.2606,0.3026,9.9589,1.2292,-0.5798,29.2635,556.021,0.3026,9.9589,4100,2,0.7732985132669009,2.0,0.96
25.7557,0.1318,9.7679,3.3335,-2.5281,36.2272,-480.4222,0.1318,9.7679,4101,2,0.96858849503325,2.0,0.96
26.206,-0.0045,9.6426,-4.807,2.4869,50.3174,-207.5699,-0.0045,9.6426,4102,2,0.9493581946550422,2.0,0.96
23.8425,-0.0045,9.6802,-0.1393,-1.3886,49.2999,-293.6985,-0.0045,9.6802,4103,2,0.96858849503325,2.0,0.96
25.4743,-0.2199,9.7969,2.2473,5.5362,38.5821,535.3542,-0.2199,9.7969,4104,2,0.9999945895783161,2.0,0.96
29.7586,0.1932,9.7655,0.7742,-0.0024,96.0474,-298.4208,0.1932,9.7655,4105,2,0.96858849503325,2.0,0.96
32.5522,-0.107,9.9435,-0.5173,-3.483,58.2452,305.8747,-0.107,9.9435,4106,2,0.9999945895783161,2.0,0.96
22.1182,0.7092,9.5861,-1.3278,0.0276,26.5393,472.6618,0.7092,9.5861,4107,2,0.9999945895783161,2.0,0.96
-16.6174,-0.1556,9.716,-0.4612,2.695,41.1751,526.7417,-0.1556,9.716,4108,2,0.7732985132669009,2.0,0.96
26.2889,0.4616,9.7995,6.1989,2.3567,31.7266,-262.3482,0.4616,9.7995,4109,2,0.96858849503325,2.0,0.96
-18.8475,0.0805,9.5179,2.3551,-3.4975,-7.7783,-277.4348,0.0805,9.5179,4110,1,0.27897027208092146,2.0,0.96
26.732,-0.0573,10.0652,2.4039,-0.598,69.1223,-288.3163,-0.0573,10.0652,4111,2,0.9685868730609316,2.0,0.96
24.362,-0.4614,9.8253,-3.5574,-2.9524,37.7205,360.7515,-0.4614,9.8253,4112,2,0.9999945895783161,2.0,0.96
25.7261,0.0855,9.6432,-1.3677,2.2722,60.1023,-434.3289,0.0855,9.6432,4113,2,0.96858849503325,2.0,0.96
-20.237,-0.8015,9.627,-3.4969,-0.84,56.3963,426.065,-0.8015,9.627,4114,2,0.8197781603324245,2.0,0.96
17.9791,0.0158,10.0416,3.072,-6.5011,55.7902,-220.3535,0.0158,10.0416,4115,2,0.9573556246500493,2.0,0.96
-20.3277,0.0376,9.4274,-1.0214,0.8767,68.2852,484.7995,0.0376,9.4274,4116,2,0.813298513266901,2.0,0.96
-13.7395,0.5029,9.7806,-3.8049,-0.9446,62.9462,-425.083,0.5029,9.7806,4117,2,0.9379760367801312,2.0,0.96
-20.9058,-0.5075,9.9975,2.3434,1.04,65.7975,-355.1765,-0.5075,9.9975,4118,2,0.9449557588124846,2.0,0.96
19.7444,-0.2332,9.8504,3.3616,-0.0177,60.596,299.8049,-0.2332,9.8504,4119,2,0.9999945895783161,2.0,0.96
-13.1688,0.3693,9.6842,1.0592,4.5345,49.9766,361.9616,0.3693,9.6842,4120,2,0.768004395619842,2.0,0.95
-12.411,0.2442,9.9722,3.3542,-1.9821,52.4739,-256.654,0.2442,9.9722,4121,2,0.9306202616254946,2.0,0.96
24.0418,-0.2432,9.6843,-2.3431,0.2908,66.4819,-559.3155,-0.2432,9.6843,4122,2,0.9727990213490394,2.0,0.96
-16.8825,0.0625,9.6673,-3.192,-5.0483,26.1363,433.7269,0.0625,9.6673,4123,2,0.7732531765371325,2.0,0.96
-13.825,0.1631,9.8673,-0.9789,6.457,68.2818,452.6417,0.1631,9.8673,4124,2,0.8150607681688616,2.0,0.96
-15.8535,-0.3194,9.5086,4.5169,4.4248,23.9454,395.1007,-0.3194,9.5086,4125,2,0.7607518501529072,2.0,0.96
-12.0025,0.1653,9.5674,-4.4004,2.6989,70.612,-538.4317,0.1653,9.5674,4126,2,0.9346427034467979,2.0,0.96
-10.6452,0.4788,9.6779,0.2155,-3.8129,86.5871,392.0699,0.4788,9.6779,4127,2,0.8232810511015924,2.0,0.96
-14.5805,0.3015,9.5462,2.4653,-6.826,43.2113,-326.0986,0.3015,9.5462,4128,2,0.9401838289879233,2.0,0.96
17.96,0.574,9.7983,-4.1689,-4.7741,54.3186,-373.2179,0.574,9.7983,4129,2,0.9494533350219218,2.0,0.96
20.6772,-0.0928,9.8215,2.6601,2.9262,65.9528,-262.9796,-0.0928,9.8215,4130,2,0.9691148108227234,2.0,0.95
-16.914,-0.4379,9.9941,4.4152,8.531,58.7609,430.6849,-0.4379,9.9941,4131,2,0.7208039715830958,2.0,0.95
23.1216,0.1822,10.3597,-1.3712,-6.4917,47.2913,-507.4332,0.1822,10.3597,4132,2,0.9453729978439618,2.0,0.95
-10.6926,0.2151,10.0234,3.1244,-3.3711,47.6261,474.3815,0.2151,10.0234,4133,2,0.7832794291292743,2.0,0.95
26.1272,-0.316,9.6148,2.3829,0.5717,52.1906,-527.5777,-0.316,9.6148,4134,2,0.9727990213490394,2.0,0.95
23.6203,0.2393,9.854,3.068,-1.5394,41.0854,-287.6312,0.2393,9.854,4135,2,0.96858849503325,2.0,0.95
28.3061,-0.4271,9.7802,-1.3171,-0.3729,51.7908,-267.9402,-0.4271,9.7802,4136,2,0.9727990213490394,2.0,0.95
-10.4008,0.3237,10.2089,-0.3169,-1.3023,67.8896,-469.3929,0.3237,10.2089,4137,2,0.9492210090558763,2.0,0.96
-21.1016,0.1842,9.4831,0.0239,-2.8573,51.9001,-577.7761,0.1842,9.4831,4138,2,0.9361838289879232,2.0,0.96
23.0971,-0.076,9.8156,0.1414,-0.7619,61.5398,212.8482,-0.076,9.8156,4139,2,0.9999945895783161,2.0,0.96
-19.6577,-0.1043,10.1033,-1.1527,-1.5244,39.3825,-477.7076,-0.1043,10.1033,4140,2,0.9427260666647278,2.0,0.95
-15.4989,0.1063,9.9991,0.7594,-4.8115,72.2339,-509.5775,0.1063,9.9991,4141,2,0.9401838289879233,2.0,0.96
-19.1528,0.2522,9.4098,1.2028,-1.6474,67.1596,-538.3559,0.2522,9.4098,4142,2,0.9386471736922366,2.0,0.96
-16.489,0.0105,9.8089,0.9094,3.7677,104.515,-507.0648,0.0105,9.8089,4143,2,0.9401838289879233,2.0,0.93
23.8646,0.0746,9.987,1.1271,6.0385,53.531,-289.4421,0.0746,9.987,4144,2,0.9602376178402673,2.0,0.93
17.6309,0.3293,9.7618,-1.8589,2.5539,43.5399,294.5837,0.3293,9.7618,4145,2,0.9999945895783161,2.0,0.93
-15.905,-0.1558,9.8635,-3.7761,-4.5805,32.6281,301.1421,-0.1558,9.8635,4146,2,0.7732531765371325,2.0,0.93
18.8571,0.0456,9.8022,-0.2775,0.5137,47.2596,-392.6316,0.0456,9.8022,4147,2,0.96858849503325,2.0,0.93
28.227,-0.5888,9.9654,-0.2449,-0.5648,66.8867,-219.9369,-0.5888,9.9654,4148,2,0.9638023658306447,2.0,0.93
-10.2554,0.5185,9.7887,-0.9657,-7.8538,44.0053,-429.8403,0.5185,9.7887,4149,2,0.9451849112390057,2.0,0.92
-17.7314,0.1222,9.7514,-2.1168,0.2234,29.4749,-494.922,0.1222,9.7514,4150,2,0.9379760367801312,2.0,0.93
33.6709,-0.3836,9.7559,-1.1716,1.677,72.9035,-427.5409,-0.3836,9.7559,4151,2,0.9727990213490394,2.0,0.92
26.6832,-0.0843,10.1507,-0.5161,1.953,69.574,596.8001,-0.0843,10.1507,4152,2,0.9999929676059978,2.0,0.93
-17.5718,-0.061,9.4741,3.2253,-2.0814,56.0057,434.1569,-0.061,9.4741,4153,2,0.7832810511015924,2.0,0.92
19.7564,0.1605,9.7889,-1.8128,-0.3246,59.9119,-363.1216,0.1605,9.7889,4154,2,0.96858849503325,2.0,0.92
21.5009,0.1363,10.118,3.5047,-2.4317,43.1038,435.2546,0.1363,10.118,4155,2,0.9999929676059978,2.0,0.92
-10.996,-0.367,9.5704,-1.471,-1.7251,91.2825,-389.6593,-0.367,9.5704,4156,2,0.9564787708881285,2.0,0.93
-21.4449,0.1774,9.5969,3.8064,-0.4595,44.2072,-412.5206,0.1774,9.5969,4157,2,0.9401838289879233,2.0,0.94
21.2856,-0.2019,9.7131,-3.8553,3.0239,29.6734,-374.8419,-0.2019,9.7131,4158,2,0.9688811659629104,2.0,0.94
-12.318,0.0961,9.8909,1.2996,-0.3738,63.6795,-389.9952,0.0961,9.8909,4159,2,0.9401838289879233,2.0,0.94
-11.5011,-0.5709,10.0022,3.5072,2.0293,47.0391,414.7758,-0.5709,10.0022,4160,2,0.7868295477496596,2.0,0.91
-21.7462,-0.5022,10.0183,-3.7181,-5.3808,72.77,439.2658,-0.5022,10.0183,4161,2,0.8125882572088666,2.0,0.9
-17.2096,-0.0142,10.2958,-1.2112,-2.2335,40.3518,-240.8285,-0.0142,10.2958,4162,2,0.8940553432707989,2.0,0.88
20.2357,-0.2575,9.5582,-2.1693,-2.0571,60.3738,413.5762,-0.2575,9.5582,4163,2,0.9999945895783161,2.0,0.88
-11.8031,0.1178,9.641,-0.4765,-2.2423,72.3899,392.0494,0.1178,9.641,4164,2,0.8132810511015924,2.0,0.89
28.5153,-0.2538,9.8234,2.0745,-1.2084,54.3625,-276.1991,-0.2538,9.8234,4165,2,0.9727990213490394,2.0,0.9
22.7921,0.0235,9.8905,-1.976,-0.734,8.4735,-474.4453,0.0235,9.8905,4166,2,0.589625961136745,2.0,0.95
-18.2276,-0.1475,9.9312,0.8376,-0.4901,44.6516,-546.414,-0.1475,9.9312,4167,2,0.9443943553037127,2.0,0.95
18.714,0.0982,9.5569,0.6796,3.7823,32.4638,476.0777,0.0982,9.5569,4168,2,0.9999945895783161,2.0,0.94
25.5473,-0.2182,9.721,-5.4866,-1.0358,67.0731,-336.3489,-0.2182,9.721,4169,2,0.9625653764892264,2.0,0.95
-19.2525,-0.4224,9.8994,0.1283,-0.0421,38.1827,-537.5961,-0.4224,9.8994,4170,2,0.9443943553037127,2.0,0.95
-16.9159,0.5598,9.7483,0.2201,-2.821,29.459,434.8993,0.5598,9.7483,4171,2,0.7732810511015924,2.0,0.94
-9.4948,0.1675,9.8712,3.6029,-4.3171,59.7262,280.2299,0.1675,9.8712,4172,2,0.8232810511015924,2.0,0.95
24.7395,0.3614,9.9636,-2.9432,-3.7973,47.547,329.7766,0.3614,9.9636,4173,2,0.9999945895783161,2.0,0.95
-14.0301,0.2767,9.7618,2.1211,3.9479,25.5871,-376.6834,0.2767,9.7618,4174,2,0.8715029173070116,2.0,0.95
23.231,0.1197,9.6978,-1.0444,0.1606,49.0206,-559.0986,0.1197,9.6978,4175,2,0.96858849503325,2.0,0.95
31.2155,0.2924,9.7354,0.7489,-2.067,38.6477,-571.7015,0.2924,9.7354,4176,2,0.96858849503325,2.0,0.96
30.0486,-0.2216,9.5486,-3.7913,-0.8787,78.7306,245.5061,-0.2216,9.5486,4177,2,0.9999945895783161,2.0,0.94
34.3713,-0.0208,9.9737,-2.0909,5.8433,67.1524,-575.136,-0.0208,9.9737,4178,2,0.9602376178402673,2.0,0.94
-12.8711,0.341,9.8311,0.7703,0.2814,67.3602,375.2296,0.341,9.8311,4179,2,0.813298513266901,2.0,0.95
-6.9728,-0.069,9.9863,3.6346,2.4346,50.8995,406.9625,-0.069,9.9863,4180,2,0.7832985132669009,2.0,0.95
26.8807,0.1344,9.5143,2.3765,-0.5088,56.1777,375.6619,0.1344,9.5143,4181,2,0.9999945895783161,2.0,0.96
27.6524,0.6397,9.9107,-0.5868,0.8061,40.9332,362.6312,0.6397,9.9107,4182,2,0.9999945895783161,2.0,0.96
-16.7184,0.025,9.7712,0.165,3.7799,15.6663,464.99,0.025,9.7712,4183,2,0.6992943531589886,2.0,0.94
31.692,0.0793,9.6416,1.8505,-3.8817,43.3139,-398.1486,0.0793,9.6416,4184,2,0.96858849503325,2.0,0.94
-8.9613,0.3089,9.7628,-2.7685,2.1448,37.7548,304.9164,0.3089,9.7628,4185,2,0.7832706387024411,2.0,0.97
30.753,0.2817,9.781,3.7659,-3.5947,38.794,-416.4206,0.2817,9.781,4186,2,0.96858849503325,2.0,0.97
-12.9893,0.3314,9.5998,2.8973,0.9586,52.3663,-524.355,0.3314,9.5998,4187,2,0.9401838289879233,2.0,0.96
33.338,-0.2515,9.8463,-7.0297,1.2633,77.9917,470.2151,-0.2515,9.8463,4188,2,0.9999945895783161,2.0,0.97
-21.716,0.1446,9.7622,-0.222,0.3954,44.5426,239.4589,0.1446,9.7622,4189,2,0.7332985132669009,2.0,0.97
-10.4287,-0.5423,9.9393,2.4192,1.1667,34.892,556.9746,-0.5423,9.9393,4190,2,0.783276241551979,2.0,0.96
