ax,ay,az,gx,gy,gz,hg_ax,hg_ay,hg_az,t_ms,p1_label,p1_crash,p2_label,p2_crash
-0.1668,0.0426,9.8028,1.1178,-1.7708,-5.3106,-0.1192,0.1376,9.8394,1,0,0.15370659276867144,,
-0.0402,0.2524,9.9157,-1.3027,2.8572,5.546,-0.0229,0.212,9.8958,2,0,0.15370659276867144,,
-0.0174,0.0447,9.9189,-0.595,5.5803,0.5476,-0.051,0.0763,9.9123,3,0,0.15370659276867144,,
0.3256,-0.5188,9.9579,-5.0884,-0.9343,-0.021,0.272,-0.4978,10.0186,4,0,0.15370659276867144,,
0.44,0.1763,9.5805,0.7848,-1.6813,-1.1413,0.439,0.1461,9.6681,5,0,0.15370659276867144,,
0.0206,-0.3316,9.7306,6.5274,2.6655,1.3923,0.0104,-0.3081,9.7113,6,0,0.1528511125999369,,
0.2383,-0.1956,9.8266,1.5508,-2.7466,0.7963,0.1763,-0.2739,9.8023,7,0,0.15370659276867144,,
0.336,0.2601,10.2329,-3.1837,-4.5291,-2.4389,0.3291,0.2379,10.217,8,0,0.1526504524297057,,
-0.2813,0.2673,9.9456,-3.4848,-2.1067,-0.7401,-0.2613,0.1628,9.8773,9,0,0.15370659276867144,,
-0.0167,0.2975,9.8435,0.7491,-2.4846,-4.3619,-0.0782,0.2591,9.8352,10,0,0.15370659276867144,,
0.2226,0.3006,9.4871,6.2698,-5.742,2.4167,0.153,0.2838,9.5546,11,0,0.15370659276867144,,
-0.1738,-0.0544,10.1703,0.6039,-4.5215,0.7202,-0.155,-0.117,10.2307,12,0,0.1526504524297057,,
0.5534,-0.2224,10.0273,3.2429,0.2466,0.5759,0.6487,-0.3088,10.0355,13,0,0.1519128146320545,,
-0.4185,-0.1228,9.3426,1.4361,-5.794,2.9589,-0.4981,-0.1288,9.3483,14,0,0.15048811230813114,,
-0.1783,-0.1689,9.589,-6.5311,5.9331,3.5028,-0.1398,-0.2185,9.5434,15,0,0.15370659276867144,,
-0.3484,0.8131,9.6952,-2.5566,-0.0672,-2.704,-0.213,0.7325,9.6989,16,0,0.1488952481978357,,
-0.3198,-0.1101,9.9232,2.402,-3.8307,-6.2975,-0.361,-0.166,10.0107,17,0,0.15370659276867144,,
0.1598,-0.1733,10.0058,5.4546,1.9026,-2.8974,0.1683,-0.2622,10.0132,18,0,0.15370659276867144,,
-0.1429,-0.526,9.7577,-3.7148,-0.0198,2.4174,-0.1104,-0.5428,9.7587,19,0,0.15370659276867144,,
0.2029,-0.041,9.7391,-1.2303,3.7395,-2.7597,0.2409,-0.0572,9.7654,20,0,0.15370659276867144,,
0.5189,-0.0125,9.7734,-1.0676,1.6799,-3.1849,0.5224,-0.0383,9.7343,21,0,0.15370659276867144,,
-0.4046,0.1931,9.8839,0.05,1.8733,1.0416,-0.4484,0.1558,9.8736,22,0,0.15370659276867144,,
-0.0356,0.0632,9.8335,3.1091,1.4061,1.5579,0.0406,0.1216,9.8494,23,0,0.15370659276867144,,
0.5909,-0.105,10.0255,-7.7592,-1.8747,0.1791,0.5894,-0.1231,10.0937,24,0,0.15139299940530368,,
-0.1031,-0.0862,9.8543,-4.7631,-6.681,-2.0116,-0.1287,-0.0902,9.8323,25,0,0.15370659276867144,,
0.1716,0.0404,9.6113,1.8084,-0.5669,0.8796,0.1898,0.0392,9.6575,26,0,0.15370659276867144,,
-0.5461,-0.1566,10.154,0.7794,-5.6791,-3.1732,-0.5199,-0.2807,10.1137,27,0,0.15370659276867144,,
-0.1677,0.2265,9.6076,-1.7076,-0.2968,2.7537,-0.134,0.2467,9.7431,28,0,0.15370659276867144,,
-0.0103,-0.1539,9.8154,2.7189,-1.0338,2.6591,0.0007,-0.1201,9.7662,29,0,0.15370659276867144,,
0.3928,0.4782,9.9041,2.2543,1.9078,3.2718,0.3132,0.3746,9.8385,30,0,0.15370659276867144,,
-0.0871,0.0493,9.728,-0.3265,-3.3971,3.0671,-0.0394,0.0279,9.7806,31,0,0.15370659276867144,,
-0.0609,-0.3107,9.8206,-0.5481,-2.1939,-1.5982,-0.0985,-0.4013,9.7903,32,0,0.15370659276867144,,
-0.1614,-0.2779,9.7908,-5.8522,-3.883,-2.8515,-0.2416,-0.3834,9.7014,33,0,0.15370659276867144,,
0.1437,0.3883,10.0299,-3.0877,-0.7828,0.9311,0.1606,0.3992,10.0606,34,0,0.15370659276867144,,
-0.3916,-0.9308,9.8785,6.0896,-0.6402,0.5717,-0.336,-0.8722,9.8178,35,0,0.1075099051235948,,
0.1076,-0.0704,10.3106,-7.2929,-0.7574,-3.2501,0.0844,-0.0472,10.2468,36,0,0.14890546482029687,,
0.4051,-0.1467,10.0064,1.1854,-8.991,1.8775,0.5311,-0.1029,10.0536,37,0,0.1474731713707694,,
-0.1509,-0.3019,10.1167,1.4194,0.5634,0.4676,-0.1007,-0.2941,10.0679,38,0,0.15370659276867144,,
-0.3264,-0.3831,9.9686,-3.7509,0.7888,-1.5416,-0.4282,-0.4497,10.0143,39,0,0.15370659276867144,,
0.5292,0.076,9.9043,1.6191,-0.114,-2.2324,0.5245,0.0634,9.985,40,0,0.15370659276867144,,
0.0442,0.0126,9.8764,2.662,0.4014,2.1394,0.1312,0.0422,9.7914,41,0,0.15370659276867144,,
0.5436,0.2686,9.5406,3.0269,1.5873,1.5822,0.6708,0.3297,9.5441,42,0,0.13576631878878045,,
0.2824,-0.2816,10.2637,-3.4071,0.0926,4.5383,0.2604,-0.2988,10.3398,43,0,0.0919500514857507,,
-0.531,-0.392,9.7854,6.6199,-6.8607,-4.2471,-0.5552,-0.4189,9.7958,44,0,0.15285920914156506,,
-0.1841,-0.0777,9.6827,-0.726,1.7539,4.909,-0.2128,-0.1179,9.6731,45,0,0.15370659276867144,,
0.2864,-0.1868,9.7565,0.0486,0.4644,-3.3234,0.306,-0.1959,9.7849,46,0,0.15370659276867144,,
0.0601,-0.0668,9.8682,-4.4696,-2.0079,-0.7558,0.0547,-0.0758,9.8703,47,0,0.15370659276867144,,
-0.0885,-0.4239,9.7451,-4.1674,0.1078,-3.1267,-0.1004,-0.4031,9.6906,48,0,0.15370659276867144,,
0.1507,-0.0308,9.8532,-0.9819,-0.7424,-3.0994,0.2035,-0.019,9.8,49,0,0.15370659276867144,,
0.3542,0.0551,9.602,2.5043,-2.2642,0.3389,0.4107,0.0522,9.5599,50,0,0.15370659276867144,0.0,0.013642673133409085
0.0227,-0.4518,9.9324,1.3395,-2.1149,0.8463,-0.0171,-0.4399,9.9188,51,0,0.15370659276867144,0.0,0.0028763776743874953
-0.0067,0.3256,10.1004,-0.1081,3.0931,1.6624,-0.0527,0.3468,9.9356,52,0,0.15370659276867144,0.0,0.022240527797558047
0.1973,-0.0255,9.9564,-3.4605,0.173,1.412,0.1925,-0.0717,9.9633,53,0,0.15370659276867144,0.0,0.02297355335774271
0.3001,0.3052,9.8542,-2.3506,-0.4703,-1.5629,0.3084,0.297,9.8208,54,0,0.15370659276867144,0.0,0.023455481068586085
-0.0343,0.0159,10.0761,2.0233,-1.0821,-3.443,0.0181,0.0711,10.0824,55,0,0.15370659276867144,0.0,0.04339022002440938
0.4462,0.049,9.6219,-6.0145,3.5112,1.5075,0.4826,0.0765,9.6052,56,0,0.15370659276867144,0.0,0.04339022002440938
0.293,0.2222,9.657,1.6391,5.2241,4.427,0.3364,0.215,9.6894,57,0,0.15370659276867144,0.0,0.03262392456538779
0.4767,0.3311,9.8172,-0.0329,-1.6138,-0.0895,0.4492,0.3802,9.826,58,0,0.15370659276867144,0.0,0.01405249599395922
-0.0496,-0.1338,9.4974,-3.3278,-0.16,0.5217,-0.0316,-0.1431,9.5351,59,0,0.15370659276867144,0.0,0.019468437957301313
0.0509,-0.381,10.1304,-2.6811,0.1393,7.9948,0.1268,-0.3864,10.182,60,0,0.14861765847448064,0.0,0.013910257983384489
-0.1496,0.2056,9.7275,-0.365,0.9126,0.3596,-0.0992,0.1411,9.7189,61,0,0.15370659276867144,0.0,0.034037727222648646
-0.5162,-0.5033,9.7355,-1.6157,-1.1952,3.3906,-0.5064,-0.5023,9.7409,62,0,0.15370659276867144,0.0,0.034037727222648646
-0.1545,-0.1459,9.7059,0.7737,-1.1889,-0.6171,-0.1014,-0.1586,9.6684,63,0,0.15370659276867144,0.0,0.053752012936934365
0.0889,-0.0553,9.7136,-2.5374,6.0711,-1.0074,0.0724,-0.0543,9.7147,64,0,0.15370659276867144,0.0,0.0446539814042076
-0.0433,0.057,9.6175,4.0313,8.2066,-1.166,-0.0336,0.0904,9.6827,65,0,0.14658479154438692,0.0,0.024653981404207593
0.0193,0.2569,9.7015,1.7336,-1.1379,0.6901,0.0127,0.3027,9.6136,66,0,0.15370659276867144,0.0,0.02343100394244824
0.0291,0.0208,10.1279,-0.124,-4.3263,3.9738,0.0891,0.1053,10.133,67,0,0.15370659276867144,0.0,0.06404018857225142
-0.0854,0.0561,10.0623,-0.9644,0.736,3.0144,-0.0592,0.1158,9.9891,68,0,0.15370659276867144,0.0,0.03209574412780698
0.059,-0.0305,9.8908,-0.962,1.2912,0.1362,0.036,-0.0169,9.8987,69,0,0.15370659276867144,0.0,0.07792827608788093
-0.1933,-0.0425,9.8066,-1.0322,-1.6295,-1.1576,-0.2379,-0.0252,9.8635,70,0,0.15370659276867144,0.0,0.06792827608788093
0.1844,0.646,9.4605,-2.1743,0.4999,1.922,0.1948,0.5875,9.3973,71,0,0.15203591309278558,0.0,0.059646480656458466
-0.1708,-0.2092,9.6818,-1.6984,0.0667,0.8852,-0.1021,-0.168,9.6191,72,0,0.15370659276867144,0.0,0.04846367433234779
-0.1466,0.2127,9.678,-3.4649,-3.1922,1.7696,-0.2371,0.226,9.731,73,0,0.15370659276867144,0.0,0.04830903515709006
-0.0238,0.2035,9.6006,1.1277,-3.6247,3.9847,0.0692,0.2255,9.5654,74,0,0.15370659276867144,0.0,0.05813237963080344
0.4968,-0.2256,9.8361,2.1633,-3.5266,2.5543,0.524,-0.1544,9.8191,75,0,0.15370659276867144,0.0,0.038132379630803445
-0.3457,-0.2748,9.6505,1.3006,-4.4047,-0.8847,-0.3495,-0.3114,9.5921,76,0,0.15370659276867144,0.0,0.023185833292726388
-0.5291,0.022,10.095,-1.5898,-4.2453,2.7468,-0.6115,0.0423,10.1051,77,0,0.15370659276867144,0.0,0.027132379630803442
0.7808,-0.3744,9.5901,2.2729,-4.5044,1.648,0.7897,-0.4576,9.5962,78,0,0.15751828196831952,0.0,0.01758741820126274
-0.0631,0.4515,9.7847,-2.4907,-0.3295,6.8968,-0.0982,0.4992,9.7768,79,0,0.15314501477372658,0.0,0.013678242749507283
0.0773,0.1414,9.965,0.1924,-1.1168,-0.7021,0.1179,0.1853,9.9295,80,0,0.15370659276867144,0.0,0.028440659382440014
0.2988,0.0305,9.7927,3.8909,2.6764,3.9614,0.3097,-0.0182,9.8586,81,0,0.15370659276867144,0.0,0.033449671320935855
0.0042,0.1055,9.7372,1.5906,0.3745,1.1445,-0.0552,0.1499,9.6505,82,0,0.15370659276867144,0.0,0.03976546079462007
-0.7626,-0.0634,9.9942,-2.8738,-4.3773,0.0998,-0.7335,-0.0781,9.9119,83,0,0.1646191917228074,0.0,0.03344967132093586
0.397,-0.0756,10.0799,-1.7092,2.0726,6.1057,0.4566,-0.0041,9.9766,84,0,0.15370659276867144,0.0,0.039994064466919214
-0.2067,0.2441,9.7792,2.6857,-4.1599,1.3233,-0.2057,0.2111,9.7403,85,0,0.15370659276867144,0.0,0.021445513603962657
0.6305,0.2956,9.914,1.0527,0.3849,2.1985,0.5684,0.33,9.9018,86,0,0.15208732668341593,0.0,0.03144551360396266
0.0017,0.203,9.8476,-0.8091,3.9022,-0.7155,-0.0239,0.1799,9.9257,87,0,0.15370659276867144,0.0,0.04473000849509165
0.2144,-0.1104,9.6344,-1.4478,3.0755,-6.3896,0.2719,-0.0361,9.701,88,0,0.15370659276867144,0.0,0.024254124121535464
0.5306,0.0796,9.8355,2.4962,0.2864,-1.73,0.5184,0.0153,9.8902,89,0,0.15370659276867144,0.0,0.03549401630482387
0.5945,0.078,9.4957,3.2363,3.6179,-0.8226,0.5889,0.0064,9.4574,90,0,0.15395305979708973,0.0,0.012543344835670928
0.5797,0.6939,9.8628,7.5708,-2.0052,4.536,0.5641,0.6936,9.7841,91,0,0.14273167605425335,0.0,0.001303452652382519
0.2007,-0.2745,9.9588,7.386,-0.9616,2.8038,0.2627,-0.337,10.0197,92,0,0.15044291000608326,0.0,0.004180159624494043
-0.0977,0.3564,9.9512,-1.1739,2.8401,-2.0105,-0.0669,0.396,9.9758,93,0,0.15370659276867144,0.0,0.0203837742941414
0.2315,0.1692,9.4961,3.252,-0.5043,4.2827,0.265,0.1673,9.5143,94,0,0.15370659276867144,0.0,0.03053841346939913
0.5269,0.1242,9.7714,-0.3652,-3.729,0.0219,0.4829,0.2431,9.8385,95,0,0.15370659276867144,0.0,0.03053841346939913
0.0611,-0.3917,9.881,0.1906,0.351,-1.0894,0.0564,-0.3476,9.9193,96,0,0.15370659276867144,0.0,0.031135428394772267
-0.2437,-0.0908,9.7078,0.346,5.8157,1.6396,-0.2135,-0.1369,9.7817,97,0,0.15370659276867144,0.0,0.02113542839477226
0.1122,-0.2408,10.113,1.674,-0.9244,-1.7531,0.1858,-0.2831,10.0508,98,0,0.15370659276867144,0.0,0.03130302616013539
-0.3956,0.7004,9.8585,2.8136,2.0041,2.3513,-0.4349,0.671,9.8377,99,0,0.15309497375261916,0.0,0.0011541875523025723
-0.5019,-0.1894,9.7774,1.4363,-2.4725,-3.9279,-0.5184,-0.2432,9.8055,100,0,0.15370659276867144,0.0,0.01107549774413345
0.2448,-0.1544,9.6253,4.5218,6.5469,-0.3647,0.2748,-0.0617,9.7164,101,0,0.15370659276867144,0.0,0.012586589786939446
-0.5951,0.0627,9.9438,3.5852,-0.9638,1.8717,-0.6158,0.0762,10.0194,102,0,0.15370659276867144,0.0,0.021096579224053343
-0.6226,0.0219,9.901,-1.0748,-3.9815,-0.2015,-0.4814,0.0866,9.8114,103,0,0.1537691488359536,0.0,0.021096579224053343
-0.0339,0.4696,9.6857,1.6636,2.1913,5.3787,-0.0872,0.4174,9.6204,104,0,0.15370659276867144,0.0,0.010310885053397188
0.173,-0.6043,9.9508,-6.1472,-3.3606,-3.3778,0.2114,-0.6342,9.9095,105,0,0.15199271031478814,0.0,0.00031088505339718517
0.5766,0.5314,9.7732,-4.1819,2.5026,1.8316,0.6224,0.5501,9.7675,106,0,0.15506662264144572,0.0,0.010310885053397188
-0.1063,-0.0579,10.1839,-0.8402,3.0885,1.1592,-0.0198,0.0337,10.1791,107,0,0.15370659276867144,0.0,0.0009078999787703194
-0.3357,-0.1617,9.3188,0.2743,-5.292,6.866,-0.3656,-0.0932,9.3106,108,0,0.1460367966838857,0.0,0.00031088505339718517
-0.1738,-0.333,9.6507,-0.7471,-2.231,1.566,-0.2102,-0.266,9.6823,109,0,0.15370659276867144,0.0,0.010310885053397188
-0.1106,0.137,9.7659,3.0627,3.8785,-1.8775,-0.1018,0.1458,9.7054,110,0,0.15370659276867144,0.0,0.0009078999787703194
0.1028,0.0857,9.667,-0.3853,-2.7914,-1.2072,0.1061,0.0336,9.6377,111,0,0.15370659276867144,0.0,0.0009078999787703194
-0.2105,0.4343,9.7872,0.9222,1.8881,-2.2212,-0.1368,0.4527,9.7773,112,0,0.15370659276867144,0.0,0.020907899978770322
-0.0299,0.0754,9.7002,-5.2537,-0.2996,0.7384,-0.0394,0.0912,9.7043,113,0,0.15370659276867144,0.0,0.0009078999787703194
-0.006,0.0583,9.8712,10.9902,-1.7781,-0.464,0.0702,0.0158,9.8537,114,0,0.10568150859605091,0.0,0.011418947695303262
0.5245,-0.1549,9.567,1.0066,2.2677,2.7892,0.5054,-0.1604,9.5794,115,0,0.15370659276867144,0.0,0.0208339354817289
-0.3758,-0.2835,10.0542,5.0413,3.8699,-5.0592,-0.4086,-0.2452,10.0912,116,0,0.15370659276867144,0.0,0.010115790004538806
0.1893,-0.1467,9.7441,-1.9664,-2.1458,5.8965,0.1472,-0.1034,9.6596,117,0,0.15370659276867144,0.0,0.00011579000453880679
0.0571,0.1882,9.8044,3.1583,3.753,-1.0845,0.1143,0.0969,9.8351,118,0,0.15370659276867144,0.0,0.00011579000453880679
0.0729,0.375,9.9841,2.3844,5.034,0.303,0.1018,0.4039,10.0389,119,0,0.15370659276867144,0.0,0.00011579000453880679
0.3538,0.5586,9.5941,5.8006,1.8951,0.4736,0.3898,0.5916,9.5676,120,0,0.15318370441863025,0.0,0.010115790004538806
0.1612,0.7523,9.7006,1.3555,4.4379,-1.5028,0.1498,0.7643,9.7842,121,0,0.1508320275976329,0.0,0.0
-0.0401,-0.2077,10.0013,-0.3179,-2.9157,-6.2883,-0.0466,-0.1567,9.9425,122,0,0.15370659276867144,0.0,0.0
-0.5874,-0.2692,9.7744,1.6572,-0.0773,-0.0473,-0.5685,-0.3099,9.7928,123,0,0.15370659276867144,0.0,0.0
0.2894,0.0166,9.9477,0.9699,-4.314,-6.783,0.352,-0.0206,9.8979,124,0,0.1532405209942328,0.0,0.0
0.062,0.1437,9.7963,-0.8855,3.8893,1.9593,0.0696,0.1445,9.8387,125,0,0.15370659276867144,0.0,0.02
-0.2548,0.0411,10.3356,1.5013,-4.327,-0.5196,-0.205,-0.003,10.4175,126,0,0.08911141507696453,0.0,0.01
-0.2879,0.0852,10.1144,-3.488,-0.3745,5.9986,-0.2552,0.075,10.0594,127,0,0.15370659276867144,0.0,0.0
0.0816,0.2462,9.4316,-3.0133,-3.339,0.6818,0.095,0.154,9.4598,128,0,0.15370659276867144,0.0,0.011315430696137161
0.3486,-0.0586,9.7509,3.8778,1.4178,-0.8112,0.381,0.0594,9.7616,129,0,0.15370659276867144,0.0,0.0020274560125928577
0.0634,0.1081,10.0222,1.3594,2.3871,-2.2541,-0.0014,0.0485,10.0853,130,0,0.15370659276867144,0.0,0.0014329885080211473
-0.2141,-0.0631,9.8943,1.7964,1.762,6.8579,-0.1307,-0.1396,9.9584,131,0,0.15314501477372658,0.0,0.0020212238021387946
-0.1401,0.1447,9.9131,3.4568,-3.3118,-1.0947,-0.1091,0.1722,9.9161,132,0,0.15370659276867144,0.0,0.0020212238021387946
0.2982,0.1318,10.2583,0.1051,-0.1307,-1.5773,0.3368,0.156,10.2955,133,0,0.14727083411008693,0.0,0.0014329885080211473
-0.0555,0.1641,9.5851,-0.5669,2.3738,2.4985,0.017,0.2437,9.5806,134,0,0.15370659276867144,0.0,0.0020212238021387946
-0.5631,-0.4253,9.7069,0.8198,-1.2341,2.78,-0.56,-0.4256,9.7753,135,0,0.15370659276867144,0.0,0.0013390955620296542
0.1356,0.1032,9.8344,-2.4402,-0.1238,6.1839,0.0682,0.1771,9.8397,136,0,0.15314501477372658,0.0,0.0020212238021387946
-0.2782,0.0095,9.603,1.2619,0.8764,-4.9165,-0.3211,0.1398,9.5683,137,0,0.15370659276867144,0.0,0.0020212238021387946
-0.1072,-0.2994,9.5404,-1.1386,-0.1174,-1.173,-0.1003,-0.3154,9.5447,138,0,0.15370659276867144,0.0,0.011339095562029656
0.0162,0.3038,9.4948,0.0172,-0.1847,0.0583,-0.0009,0.3274,9.4614,139,0,0.15370659276867144,0.0,0.0017445009674350593
-0.16,-0.4149,9.7754,-0.1962,-0.4463,3.7721,-0.1308,-0.4755,9.6816,140,0,0.15370659276867144,0.0,0.001032475650979363
0.1289,0.4791,9.7646,4.0042,-3.9299,-0.3102,0.1324,0.522,9.7453,141,0,0.15370659276867144,0.0,0.003053145314243624
0.2302,0.4498,9.7414,-0.0808,-2.0367,1.0063,0.1856,0.418,9.7473,142,0,0.15370659276867144,0.0,0.0016673522681733136
0.9048,-0.1921,9.8169,1.25,-4.1859,-1.0769,0.8847,-0.1755,9.6963,143,0,0.1759398646956236,0.0,0.00039252364280815266
0.2147,0.7394,9.4249,3.4241,-0.9075,2.3836,0.1377,0.8033,9.3992,144,0,0.12830148549484405,0.0,0.00039252364280815266
-0.107,-0.1525,9.8761,-2.6546,0.3761,-0.7235,-0.0543,-0.1693,9.9899,145,0,0.15370659276867144,0.0,0.0007590940967572474
-0.0977,0.5489,9.642,-2.5335,-1.9606,-8.4108,-0.1183,0.5941,9.6897,146,0,0.15033055897304642,0.0,0.000588235294117647
-0.0303,0.0859,9.661,2.6854,0.0397,4.1782,-0.0533,0.1328,9.6492,147,0,0.15370659276867144,0.0,0.0009936406995230524
-0.1505,-0.0871,9.5455,0.0405,-4.348,-0.8107,-0.2141,-0.0572,9.5447,148,0,0.15370659276867144,0.0,0.0010928470487294017
0.1649,-0.5431,9.518,-0.0224,-2.0619,5.9228,0.0877,-0.5011,9.5688,149,0,0.15370659276867144,0.0,0.0009936406995230524
-0.0948,0.0396,9.5046,-2.7599,-4.9291,-2.8802,-0.0295,0.0069,9.5965,150,0,0.15370659276867144,0.0,0.000588235294117647
-0.1719,-0.1009,9.9849,-1.2901,2.197,-0.5634,-0.2687,-0.2036,10.0714,151,0,0.15370659276867144,0.0,0.0018923637717919001
-0.0394,-0.2048,10.0363,1.7187,2.0023,-0.4149,-0.0139,-0.2252,10.1051,152,0,0.15370659276867144,0.0,0.03265185744267798
0.2691,-0.1463,9.9593,-3.6809,-4.971,-2.0687,0.2771,-0.1133,9.9503,153,0,0.15370659276867144,0.0,0.03392188189300786
0.3155,-0.1319,9.6072,-2.741,-3.0304,1.2645,0.3262,-0.1044,9.587,154,0,0.15370659276867144,0.0,0.03762262640882943
-0.277,0.0832,9.8135,1.0938,2.02,-3.7783,-0.2867,0.1862,9.8998,155,0,0.15370659276867144,0.0,0.021672494125149856
0.6748,-0.0248,9.8941,-1.0591,0.3108,0.7616,0.6872,-0.0202,9.8767,156,0,0.15545922342768567,0.0,0.021672494125149863
-0.3454,-0.3281,9.941,-0.6252,-1.1283,1.2222,-0.429,-0.2919,9.9924,157,0,0.15370659276867144,0.0,0.011915188937158266
-0.0339,-0.1723,10.0581,-1.7354,-3.0208,-4.0104,-0.0644,-0.1198,10.097,158,0,0.15370659276867144,0.0,0.03816701915963397
-0.1331,0.0161,9.7853,-1.6106,-3.4047,6.0545,-0.1081,-0.0261,9.7058,159,0,0.15370659276867144,0.0,0.04135999412514986
0.7218,-0.4163,9.9169,0.6353,-7.2196,0.3396,0.7437,-0.4655,9.9515,160,0,0.1432087378488512,0.0,0.03084319526627219
0.7502,0.4488,9.4801,0.1805,2.6879,0.1374,0.7061,0.4062,9.4557,161,0,0.152914847841506,0.0,0.01108974358974359
-0.0756,-0.0679,9.3352,-0.0943,0.5144,1.7866,-0.0327,-0.0628,9.2786,162,0,0.11972593210173342,0.0,0.03108974358974359
-0.0171,-0.3059,9.809,-0.5589,-5.2117,-3.0173,-0.0366,-0.3609,9.8095,163,0,0.15370659276867144,0.0,0.01108974358974359
-0.1686,-0.1423,9.8021,0.7694,3.5908,0.838,-0.1916,-0.0921,9.7978,164,0,0.15370659276867144,0.0,0.03177187182985273
0.4002,-0.1421,9.5858,3.342,4.5943,3.0843,0.3805,-0.252,9.5562,165,0,0.15370659276867144,0.0,0.011771871829852731
-0.1716,-0.3071,9.7171,0.5836,4.4596,-2.4465,-0.1643,-0.2614,9.7433,166,0,0.15370659276867144,0.0,0.03177187182985273
-0.3572,-0.0182,9.4323,1.6069,1.3399,-3.1916,-0.3786,-0.011,9.3656,167,0,0.14725823748351777,0.0,0.03211773221328082
-0.2386,0.1413,10.0092,-5.8489,3.6225,-1.9872,-0.2079,0.2305,10.0412,168,0,0.15370659276867144,0.0,0.03301572461697046
-0.2654,0.2043,10.1281,-1.796,-2.0158,4.0702,-0.3213,0.2252,10.1438,169,0,0.15370659276867144,0.0,0.03177187182985273
0.0417,0.0531,9.778,-0.2807,-1.7145,4.6543,0.0827,-0.0145,9.834,170,0,0.15370659276867144,0.0,0.07177187182985273
0.0289,-0.2697,9.8874,2.242,-1.6528,0.846,-0.0384,-0.3214,9.9223,171,0,0.15370659276867144,0.0,0.07446532421080511
-0.1231,0.0708,9.843,-1.0095,6.7866,0.8662,-0.241,0.0726,9.8716,172,0,0.15370659276867144,0.0,0.0741528242108051
-0.0386,0.309,9.7678,-0.5284,3.1807,1.7363,-0.0486,0.3509,9.7481,173,0,0.15370659276867144,0.0,0.0741528242108051
0.1615,-0.2685,10.3109,-5.3381,-0.7229,1.1937,0.129,-0.2651,10.3613,174,0,0.10064207910945971,0.0,0.05434404541897547
-0.2258,0.1008,9.721,0.6931,0.1211,-0.0675,-0.233,0.1618,9.677,175,0,0.15370659276867144,0.0,0.054465324210805105
0.1409,0.0675,9.8186,-7.6804,-3.9196,-3.7605,0.0878,0.0093,9.7904,176,0,0.15114653237688538,0.0,0.034604213099694
-0.1695,-0.0431,10.128,-0.7412,1.8817,3.0691,-0.0963,-0.0709,10.1594,177,0,0.15370659276867144,0.0,0.034604213099694
-0.3691,0.431,9.9472,1.6875,-0.2667,2.6058,-0.3522,0.4998,9.9686,178,0,0.15370659276867144,0.0,0.06520083971326977
-0.1144,-0.025,9.7908,0.1422,0.0703,1.5903,-0.1141,0.018,9.8566,179,0,0.15370659276867144,0.0,0.06520083971326977
-0.1331,-0.0846,9.8003,0.3337,2.6185,3.3273,-0.1362,-0.2009,9.8442,180,0,0.15370659276867144,0.0,0.06495429138979837
0.3907,0.0772,9.541,3.9546,-4.2076,-0.5154,0.3508,0.0041,9.4839,181,0,0.15370659276867144,0.0,0.054604213099693995
0.581,0.0099,10.0089,4.2642,-3.7969,-1.7385,0.6789,-0.0589,9.9611,182,0,0.14395406600963065,0.0,0.02392208485958486
-0.3012,-0.3243,9.9058,-1.554,-3.8165,-0.9167,-0.3014,-0.3111,9.923,183,0,0.15370659276867144,0.0,0.02191076071874162
-0.4765,0.0267,10.115,-5.1619,1.871,0.8442,-0.5151,0.0803,10.0653,184,0,0.15370659276867144,0.0,0.02336303653611346
-0.0202,0.1529,9.7812,-1.2436,-0.4611,2.2811,-0.033,0.0712,9.7377,185,0,0.15370659276867144,0.0,0.02336303653611346
0.0228,-0.1072,9.8008,-1.544,1.187,-2.8645,0.0396,-0.0838,9.7804,186,0,0.15370659276867144,0.0,0.02336303653611346
0.0799,0.2988,9.9689,0.3246,0.8187,-0.8264,0.1526,0.3335,10.0057,187,0,0.15370659276867144,0.0,0.02336303653611346
-0.0666,-0.2091,9.8449,1.2391,2.0694,-1.1397,-0.0322,-0.2001,9.8841,188,0,0.15370659276867144,0.0,0.02336303653611346
0.2426,-0.0845,10.0421,-7.1331,-2.3183,1.2106,0.2374,-0.186,10.0293,189,0,0.15221377687624613,0.0,0.03336303653611346
0.377,-0.2522,9.6827,0.2828,3.7763,3.0948,0.409,-0.2982,9.6584,190,0,0.15370659276867144,0.0,0.04322414764722457
-0.2436,0.0172,9.8908,2.198,2.7891,-4.0758,-0.2942,-0.0113,9.9124,191,0,0.15370659276867144,0.0,0.05341536885539494
-0.0075,0.0442,9.4887,3.7853,-3.2888,1.36,0.0507,0.0582,9.3614,192,0,0.14112829713517724,0.0,0.03341536885539493
-0.2344,-0.3699,9.882,-2.9812,-0.5125,0.347,-0.1666,-0.3172,9.8757,193,0,0.15370659276867144,0.0,0.012156323430165195
0.1834,0.2057,9.8794,2.6895,-0.8644,-0.0882,0.136,0.2098,9.9506,194,0,0.15370659276867144,0.0,0.03316891237378861
0.0634,-0.128,9.8207,-0.0094,5.7246,2.4278,0.0877,-0.1777,9.8645,195,0,0.15370659276867144,0.0,0.04316891237378862
0.035,0.1745,9.8044,1.9737,-4.9197,-6.3386,-0.0254,0.1355,9.8617,196,0,0.15370659276867144,0.0,0.04293444160376919
0.1207,0.0148,9.4675,-1.2476,-3.6762,0.9966,0.1046,-0.0392,9.4891,197,0,0.15370659276867144,0.0,0.053726315567284945
-0.0483,-0.2288,9.7127,0.8054,-4.9179,-2.0154,-0.0816,-0.3114,9.7507,198,0,0.15370659276867144,0.0,0.06255720689817627
-0.1644,0.3147,9.7675,2.5038,6.2584,6.355,-0.089,0.2821,9.7516,199,0,0.15314501477372658,0.0,0.04569390436323194
-0.3271,-0.1722,10.1444,2.1044,2.5048,-2.7334,-0.3406,-0.1305,10.1591,200,0,0.15370659276867144,0.0,0.04638500813125878
0.1286,0.6433,9.9186,2.0239,2.2573,0.1275,0.1078,0.5949,10.0279,201,0,0.15318370441863025,0.0,0.046385008131258794
0.7114,0.7548,9.3751,-2.3713,3.4687,-0.7269,0.6694,0.6962,9.35,202,0,0.15037063606330658,0.0,0.07675741124906356
0.4425,0.6479,9.4685,-0.5053,0.3254,-4.1317,0.3937,0.6778,9.5086,203,0,0.15309497375261916,0.0,0.017399856949490155
-0.2676,-0.0876,9.7693,-3.867,1.8308,-0.701,-0.3376,-0.0644,9.8148,204,0,0.15370659276867144,0.0,0.013282209890666623
-0.4953,0.3962,9.6386,0.2935,0.6476,5.5397,-0.5146,0.4331,9.6465,205,0,0.15370659276867144,0.0,0.012685194965293491
0.3657,0.4317,9.7857,2.159,4.475,-5.5837,0.4375,0.4396,9.7761,206,0,0.15370659276867144,0.0,0.002527092198495072
0.4949,0.649,9.5889,-1.4416,-0.621,5.2589,0.4557,0.6755,9.6342,207,0,0.15309497375261916,0.0,0.006644739257318601
0.094,0.3813,9.3532,-1.0836,4.3542,5.2763,0.0072,0.3711,9.4794,208,0,0.14442547854923418,0.0,0.006644739257318601
0.0476,0.4496,10.0039,-3.8834,-2.9004,-0.1735,-0.0177,0.4353,9.966,209,0,0.15370659276867144,0.0,0.006644739257318601
0.0447,-0.2516,9.9896,-3.2411,3.9063,-1.548,0.0984,-0.202,9.9296,210,0,0.15370659276867144,0.0,0.026177655898164877
-0.6367,0.1636,9.5476,-1.6027,-1.0869,2.8648,-0.6398,0.1222,9.5698,211,0,0.1537691488359536,0.0,0.026177655898164877
0.1979,0.3343,9.9498,3.7285,1.6202,-0.0782,0.1954,0.3068,9.9543,212,0,0.15370659276867144,0.0,0.01450244935697781
-0.0082,0.6212,9.8603,3.6372,-2.5661,-2.5522,-0.0128,0.6346,9.9239,213,0,0.15318370441863025,0.0,0.01450244935697781
-0.4358,0.0163,9.7152,2.5663,5.1779,-1.0429,-0.396,0.0347,9.597,214,0,0.15370659276867144,0.0,0.013402169070462704
0.2713,0.2105,10.2378,3.9957,0.2236,10.3217,0.1755,0.29,10.2214,215,0,0.15144489614869255,0.0,0.006343205107009578
-0.088,-0.0648,9.8763,4.594,-1.2248,0.2331,-0.1136,0.0068,9.8936,216,0,0.15370659276867144,0.0,0.006343205107009578
-0.0433,0.0674,9.837,-1.2573,0.0086,2.7657,0.036,0.087,9.8526,217,0,0.15370659276867144,0.0,0.016343205107009578
0.463,0.2765,10.0972,2.6238,-2.2166,-5.0858,0.4726,0.2515,10.1377,218,0,0.15370659276867144,0.0,0.02144570065068159
0.4172,-0.8405,9.4868,-3.0503,2.4251,0.4264,0.3706,-0.8561,9.4491,219,0,0.11784245946810383,0.0,0.03027004422111582
-0.1858,-0.3009,9.9096,-4.6205,4.1312,6.4712,-0.29,-0.2471,9.8202,220,0,0.15314501477372658,0.0,0.017666873339807435
-0.0372,-0.1628,9.8393,0.7569,2.1794,7.5521,0.0276,-0.1057,9.7886,221,0,0.15206591692463364,0.0,0.021666873339807425
0.0396,-0.1063,9.9544,-5.3892,3.4982,1.8716,0.0368,-0.1274,9.9846,222,0,0.15370659276867144,0.0,0.03486333250599818
-0.2524,-0.0426,9.4481,0.2179,-1.3894,-3.5549,-0.2199,0.0028,9.4244,223,0,0.152968620356603,0.0,0.017666873339807435
0.2714,0.2045,10.0511,-0.8451,0.8776,4.0693,0.2304,0.1571,9.9714,224,0,0.15370659276867144,0.0,0.017666873339807435
0.4556,-0.0754,9.796,2.3497,0.4283,5.2239,0.4013,0.0166,9.8193,225,0,0.15370659276867144,0.0,0.012349001579916575
-0.1315,-0.3009,9.6246,2.5305,2.6233,3.3595,-0.1667,-0.2326,9.614,226,0,0.15370659276867144,0.0,0.023924601465972018
0.3183,-0.0194,9.3892,-3.0942,-1.9773,2.4438,0.2913,-0.0568,9.2428,227,1,0.060211525094587784,0.0,0.013924601465972025
-0.6167,-0.4211,9.6494,1.3724,-5.3358,-7.8983,-0.5543,-0.3356,9.5336,228,0,0.15086409527476036,0.0,0.022194394648386562
-0.041,0.2416,10.0426,-2.2435,-4.0818,4.2171,0.0043,0.2556,10.0652,229,0,0.15370659276867144,0.0,0.012440942971857964
-0.1697,0.1617,9.3689,-4.8916,-2.5496,0.823,-0.3104,0.0875,9.3886,230,0,0.14995156960503458,0.0,0.01275535078626578
0.9405,-0.5996,9.7932,0.5398,-1.746,-5.6853,0.9789,-0.6304,9.8944,231,0,0.18063474824757436,0.0,0.0004197191697191697
-0.0173,0.4449,9.735,2.7845,5.3389,-2.4502,-0.0166,0.3751,9.6529,232,0,0.15370659276867144,0.0,0.010073964497041421
-0.0043,-0.161,10.0951,-1.3081,-0.5528,-6.5053,-0.1271,-0.1505,10.1488,233,0,0.1532405209942328,0.0,0.01032051282051282
-0.2535,-0.0783,9.9162,1.9642,0.2935,1.5933,-0.19,-0.1304,9.9566,234,0,0.15370659276867144,0.0,0.013710328133405059
-0.2301,-0.1217,9.6986,0.7219,0.8184,6.196,-0.2933,-0.1488,9.7423,235,0,0.15314501477372658,0.0,0.013710328133405059
-0.022,0.0403,9.6604,3.7134,5.8412,0.1871,-0.0466,0.0287,9.708,236,0,0.15370659276867144,0.0,0.013809534482611407
-0.5337,-0.1006,10.0751,-0.8456,-2.1624,0.8111,-0.4688,-0.1275,10.1937,237,0,0.1533321728497886,0.0,0.013710328133405059
0.2196,-0.2773,9.9669,-6.4839,1.6551,1.1313,0.2962,-0.2964,9.832,238,0,0.15370659276867144,0.0,0.014271284271284273
-0.4389,0.2996,10.0523,3.5066,0.4311,-0.0789,-0.4636,0.3048,10.2179,239,0,0.1495841050316957,0.0,0.003956876456876457
0.077,-0.138,10.0821,0.9967,-5.5573,-0.611,0.0953,-0.0771,10.0163,240,0,0.15370659276867144,0.0,0.013956876456876457
-0.0761,0.3303,9.8023,1.2441,-1.364,1.6104,-0.0027,0.4475,9.8426,241,0,0.15370659276867144,0.0,0.013956876456876457
-0.3024,0.3779,9.7881,-5.1992,-4.7408,0.2463,-0.408,0.3846,9.8009,242,0,0.15370659276867144,0.0,0.003956876456876457
-0.1815,-0.1229,9.7161,-0.4037,-6.7892,-2.4449,-0.2308,-0.1528,9.6608,243,0,0.15370659276867144,0.0,0.003956876456876457
0.0231,-0.2698,9.789,2.798,3.2374,-1.089,-0.024,-0.1817,9.7337,244,0,0.15370659276867144,0.0,0.003956876456876457
0.2449,0.2032,9.8583,1.3683,4.5907,4.0637,0.1981,0.1626,9.7466,245,0,0.15370659276867144,0.0,0.003956876456876457
0.3957,0.4007,9.928,-3.031,-2.4304,-0.7824,0.3815,0.3744,9.8248,246,0,0.15370659276867144,0.0,0.013956876456876457
-0.3782,-0.2753,9.8455,7.5857,-4.4481,-4.3761,-0.4331,-0.4077,9.7725,247,0,0.14837066258871512,0.0,0.010937950937950938
0.2604,-0.0995,9.741,0.2077,2.9703,-5.8386,0.2878,-0.0834,9.7351,248,0,0.15370659276867144,0.0,0.010634920634920634
-0.5514,-0.1803,9.6387,1.3176,-3.2838,-3.6772,-0.5524,-0.2282,9.6701,249,0,0.15370659276867144,0.0,0.010634920634920634
0.3736,-0.5402,10.1108,0.2677,-4.4529,-0.144,0.2977,-0.4654,10.0405,250,0,0.15370659276867144,0.0,0.000937950937950938
0.1996,0.0801,10.1053,4.247,0.4832,1.9844,0.2362,0.1305,10.1133,251,0,0.15370659276867144,0.0,0.0006349206349206349
-0.2052,-0.1013,9.6148,0.4713,-1.2445,4.1698,-0.1558,-0.141,9.6485,252,0,0.15370659276867144,0.0,0.0006349206349206349
0.1794,-0.1605,9.5052,-5.1164,3.5876,-0.434,0.1625,-0.1999,9.5086,253,0,0.15370659276867144,0.0,0.0006349206349206349
0.4613,-0.1253,9.9525,-5.1199,-1.4523,5.5527,0.3562,-0.152,9.8856,254,0,0.15370659276867144,0.0,0.0006349206349206349
-0.0515,-0.0205,9.4539,-0.1376,-1.0654,-3.0421,-0.0871,-0.0388,9.3947,255,0,0.1525588014428267,0.0,0.0006349206349206349
-0.1319,0.1395,9.9604,0.8033,4.0621,0.4906,-0.1482,0.0991,10.0152,256,0,0.15370659276867144,0.0,0.0006349206349206349
0.7796,0.1657,9.663,-2.075,1.0471,-0.5149,0.7092,0.2051,9.6334,257,0,0.15557955017382005,0.0,0.0006349206349206349
0.1879,-0.4679,9.7667,-3.4307,-6.5069,-0.0213,0.1683,-0.4522,9.7147,258,0,0.15370659276867144,0.0,0.010634920634920634
-0.4515,0.0523,9.8644,-0.1502,-1.6861,-0.3758,-0.4602,0.1287,9.8337,259,0,0.15370659276867144,0.0,0.0006349206349206349
0.5023,-0.0238,10.1625,-0.6363,3.8032,6.7762,0.4985,-0.0304,10.1451,260,0,0.15314501477372658,0.0,0.0006349206349206349
0.1829,0.3902,9.6798,2.3739,0.2675,1.2048,0.1937,0.4086,9.6322,261,0,0.15370659276867144,0.0,0.010634920634920634
-0.094,0.3231,10.0409,1.6358,1.2251,-2.2316,-0.1422,0.2808,10.0608,262,0,0.15370659276867144,0.0,0.010634920634920634
0.5091,0.5034,9.9183,-0.8058,0.5608,-4.5149,0.5026,0.5808,9.9973,263,0,0.15370659276867144,0.0,0.0006349206349206349
0.2114,-0.1484,9.7463,3.2116,-3.1065,3.5282,0.1337,-0.1286,9.7917,264,0,0.15370659276867144,0.0,0.0006349206349206349
-0.3065,-0.0215,9.5916,-0.0582,1.9006,0.474,-0.3811,-0.0774,9.5745,265,0,0.15370659276867144,0.0,0.0
-0.6187,0.0959,10.0251,1.3697,-0.727,-1.9542,-0.6667,0.1413,10.0602,266,0,0.1533665032347707,0.0,0.01
-0.3794,0.0541,10.1241,-4.1448,-1.7687,-0.6053,-0.4428,0.1092,10.1156,267,0,0.15370659276867144,0.0,0.0
0.0288,-0.006,9.7147,-0.9719,2.3329,2.2657,0.1065,-0.066,9.7191,268,0,0.15370659276867144,0.0,0.01
0.5156,0.1223,9.8559,-2.1255,2.1014,4.8974,0.4948,0.1078,9.849,269,0,0.15370659276867144,0.0,0.022496742385491188
-0.4264,-0.0638,9.6971,-0.358,-2.7063,-6.1682,-0.4265,-0.0275,9.6707,270,0,0.15370659276867144,0.0,0.02257070688253261
0.1089,0.1036,9.7969,-0.4321,0.2351,1.0098,0.1178,0.0542,9.7031,271,0,0.15370659276867144,0.0,0.01257070688253261
-0.2483,-0.2986,9.8921,-1.0694,1.6479,1.3434,-0.2528,-0.3126,9.9911,272,0,0.15370659276867144,0.0,0.010189754501580228
-0.3957,0.207,9.6938,-0.5729,1.6922,-4.78,-0.4277,0.1951,9.6636,273,0,0.15370659276867144,0.0,0.0001897545015802269
0.1506,-0.0777,9.7961,4.9745,3.5855,-3.1631,0.1436,-0.0874,9.7907,274,0,0.15370659276867144,0.0,0.01259480326807478
-0.4143,0.0434,9.5837,4.8641,2.0047,0.8933,-0.4003,0.0085,9.5723,275,0,0.15370659276867144,0.0,0.01249674238549119
-0.177,0.2083,9.6414,-6.4615,-2.117,-1.7436,-0.1833,0.2607,9.6048,276,0,0.15370659276867144,0.0,0.01249674238549119
-0.1566,-0.8598,9.967,-3.3694,9.3284,-1.7623,-0.2048,-0.9407,10.0424,277,1,0.06882493378704253,0.0,0.0
-0.2058,0.0267,9.8868,-2.0695,0.1012,-4.3404,-0.2338,-0.069,9.903,278,0,0.15370659276867144,0.0,0.0
0.3029,-0.1791,9.8573,-0.9357,-4.8249,2.5219,0.3086,-0.1452,9.8141,279,0,0.15370659276867144,0.0,0.0
-0.1,-0.1538,9.5643,-3.5379,2.5753,4.7711,-0.1021,-0.1607,9.5695,280,0,0.15370659276867144,0.0,0.0
-0.1395,0.274,9.7967,6.338,-0.4394,0.3776,-0.2166,0.2532,9.8207,281,0,0.1528511125999369,0.0,0.0034016132748095813
0.1822,0.3659,9.9464,2.1443,-5.1367,0.6509,0.147,0.4878,9.9355,282,0,0.15370659276867144,0.0,0.012286647088393821
-0.2961,0.2296,9.8406,-3.7719,6.3434,5.1945,-0.3108,0.1566,9.8817,283,0,0.15370659276867144,0.0,0.001604518848284681
-0.0583,-0.4888,9.728,-3.1854,0.8977,-1.1029,-0.0479,-0.5848,9.7429,284,0,0.15360476376730087,0.0,0.001646616610752029
0.561,0.195,9.5555,-1.3328,-3.3046,-3.544,0.5233,0.277,9.5161,285,0,0.15361879978792273,0.0,0.0015862452130019904
0.306,-0.3298,9.7858,-0.1392,-3.3772,4.6703,0.3009,-0.4008,9.7842,286,0,0.15370659276867144,0.0,0.0015862452130019904
-0.0798,0.0057,9.6081,0.211,-2.7601,-4.3239,-0.1901,-0.021,9.6239,287,0,0.15370659276867144,0.0,0.001610341598544159
0.1807,0.0858,10.0075,-0.2426,-2.7223,-3.8683,0.1663,0.016,10.0217,288,0,0.15370659276867144,0.0,0.0017095479477505081
-0.0644,0.2705,10.3147,-2.6883,-4.6935,5.2144,-0.0256,0.2762,10.321,289,0,0.14865649096945163,0.0,0.001877145713113637
0.3048,-0.4728,10.1659,5.2185,-0.3146,-0.9994,0.2742,-0.4824,10.1395,290,0,0.15370659276867144,0.0,0.0017095479477505081
-0.2749,-0.1383,9.8917,-1.0501,3.0755,-3.1777,-0.256,-0.069,10.019,291,0,0.15370659276867144,0.0,0.001610341598544159
-0.2962,-0.2185,9.799,2.4986,1.8858,0.6281,-0.3912,-0.2631,9.7343,292,0,0.15370659276867144,0.0,0.0017095479477505081
-0.0783,0.012,9.928,0.265,-0.1695,-4.2167,-0.1124,-0.0026,9.8898,293,0,0.15370659276867144,0.0,0.0017095479477505081
-0.2743,0.0371,9.9051,2.8469,0.8193,2.1208,-0.3163,0.0364,9.897,294,0,0.15370659276867144,0.0,0.0017095479477505081
-0.6094,0.7376,9.997,0.3964,2.2727,0.3944,-0.6502,0.7869,10.1058,295,0,0.13821016531935826,0.0,0.009800530927287705
0.2801,-0.3357,9.9655,-5.3747,0.1297,5.8115,0.262,-0.3171,9.9894,296,0,0.15370659276867144,0.0,0.0015862452130019904
-0.4564,-0.5289,9.9848,0.8727,0.6883,-0.9583,-0.4512,-0.4512,10.0002,297,0,0.15370659276867144,0.0,0.012571093697850472
0.24,0.3712,9.9134,2.755,-1.085,2.2371,0.1684,0.3525,9.9391,298,0,0.15370659276867144,0.0,0.003178030114035446
-0.2908,-0.0455,9.6285,6.7733,0.249,1.3274,-0.2814,-0.0775,9.6669,299,0,0.15242389511884455,0.0,0.01215434667773065
0.406,-0.2901,9.6219,1.9111,1.263,-0.7022,0.3878,-0.3184,9.6023,300,0,0.15370659276867144,0.0,0.012508035369082493
-0.6459,-0.118,10.0745,0.9319,-1.6867,1.5024,-0.7325,-0.1335,10.1321,301,0,0.13718106165282384,0.0,0.022546870320538804
-0.5316,0.2368,9.7961,-1.2129,1.6321,0.3172,-0.5195,0.247,9.7257,302,0,0.15370659276867144,0.0,0.011864742080429662
-0.3621,-0.1528,10.1567,-2.9314,-5.2775,2.9281,-0.3711,-0.1681,10.0489,303,0,0.15370659276867144,0.0,0.011825907128973351
-0.0208,-0.4497,9.902,0.6147,-1.3333,-1.037,-0.0682,-0.4477,9.9141,304,0,0.15370659276867144,0.0,0.012689625062004876
-0.0569,0.2485,9.8847,0.8702,3.0341,-3.901,-0.037,0.2849,9.8024,305,0,0.15370659276867144,0.0,0.03253636835702403
0.1999,0.2683,9.9244,-0.3628,0.6012,1.2432,0.2728,0.2422,9.9038,306,0,0.15370659276867144,0.0,0.03253636835702403
0.2621,0.7613,10.0828,-2.6664,-3.2658,1.0361,0.2675,0.6852,10.06,307,0,0.1539139436461889,0.0,0.022733933467210504
-0.272,-0.0435,9.7967,1.961,4.752,3.8561,-0.2381,-0.1149,9.7629,308,0,0.15370659276867144,0.0,0.032126997051025535
-0.1047,-0.3555,10.1845,1.4131,-0.7352,-0.6553,-0.0403,-0.421,10.1131,309,0,0.15370659276867144,0.0,0.022126997051025533
-0.1157,-0.0385,9.7004,1.8695,-6.2168,-0.8189,-0.0769,-0.0482,9.7351,310,0,0.15370659276867144,0.0,0.042809125291134675
-0.1702,-0.2343,9.8437,-4.1475,2.1783,2.4468,-0.249,-0.241,9.8048,311,0,0.15370659276867144,0.0,0.06341606170731964
0.0544,-0.1866,9.9494,2.0681,1.4511,2.1432,0.0508,-0.1804,9.9572,312,0,0.15370659276867144,0.0,0.05341606170731965
-0.1383,0.3845,10.2309,-3.8998,-4.0923,-0.0427,-0.1728,0.3916,10.1445,313,0,0.15370659276867144,0.0,0.04253041957167751
0.0276,-0.2206,9.781,-1.0253,-1.3492,-0.8667,0.0211,-0.2571,9.7264,314,0,0.15370659276867144,0.0,0.04243121322247116
0.1476,0.1093,9.664,-2.8694,3.9319,-1.1867,0.1794,0.1777,9.6752,315,0,0.15370659276867144,0.0,0.04253041957167751
0.2326,-0.0746,9.5107,0.4919,5.6395,-3.3347,0.2995,0.0172,9.4712,316,0,0.15370659276867144,0.0,0.022779789142985996
0.2107,0.0395,10.0374,-3.5528,1.5613,1.141,0.2383,0.0973,10.0525,317,0,0.15370659276867144,0.0,0.012779789142985998
-0.4063,0.0036,9.73,-0.5147,1.3546,0.7669,-0.4185,0.0632,9.7325,318,0,0.15370659276867144,0.0,0.012530419571677508
-0.2019,0.0279,9.8271,0.9297,-1.7745,-1.1058,-0.2522,0.0698,9.8542,319,0,0.15370659276867144,0.0,0.04925732848267907
-0.3336,-0.4164,9.8641,-2.9801,1.195,0.5715,-0.3003,-0.3497,9.7848,320,0,0.15370659276867144,0.0,0.03951147968303266
-0.4416,-0.2445,10.369,-2.9498,2.3681,-7.3065,-0.4456,-0.1804,10.3955,321,0,0.09331472017369444,0.0,0.014068002503179158
-0.1645,0.2488,9.9773,-5.075,0.7322,4.855,-0.1617,0.3184,9.9759,322,0,0.15370659276867144,0.0,0.025160636187568444
-0.0305,-0.5149,9.5866,-2.6638,-1.4174,1.7359,0.0408,-0.4897,9.5456,323,0,0.15370659276867144,0.0,0.0504785079474593
0.1296,0.0966,9.7967,-0.3469,-1.6553,-2.4914,0.2009,0.1428,9.8168,324,0,0.15370659276867144,0.0,0.0447501307432883
-0.094,-0.0089,9.4686,0.6594,1.2661,2.2278,-0.0398,-0.0013,9.3989,325,0,0.1525588014428267,0.0,0.030784925838120935
-0.4169,-0.3707,10.0458,6.543,3.3187,-1.9879,-0.3425,-0.3315,10.0961,326,0,0.1528511125999369,0.0,0.033251297383767794
-0.1554,0.3478,10.0855,4.9661,3.8517,0.2371,-0.1376,0.3152,10.074,327,0,0.15370659276867144,0.0,0.04167317232827102
-0.3952,-0.4325,9.7454,-4.8789,-3.5389,2.7968,-0.3733,-0.5233,9.7503,328,0,0.15370659276867144,0.0,0.03403851452414766
0.0613,-0.1072,9.7811,3.3829,-0.4858,4.3974,0.0963,-0.1322,9.7534,329,0,0.15370659276867144,0.0,0.022912686709578124
-0.2532,-0.0568,9.9124,-2.8506,5.3784,-3.5964,-0.2308,-0.0616,9.9213,330,0,0.15370659276867144,0.0,0.022912686709578124
-0.024,0.004,9.8062,-1.0705,4.2614,2.0624,-0.0508,0.0055,9.8887,331,0,0.15370659276867144,0.0,0.03291268670957812
0.0235,-0.1927,9.4667,-2.3696,2.6647,3.6539,0.0224,-0.3119,9.457,332,0,0.15370659276867144,0.0,0.042912686709578124
-0.1617,0.2378,9.7775,-6.1693,-3.6671,2.647,-0.1779,0.2644,9.779,333,0,0.15370659276867144,0.0,0.052873851758121815
-0.0511,0.0051,9.8044,-1.8273,5.8546,2.037,-0.1196,-0.0222,9.7894,334,0,0.15370659276867144,0.0,0.04287385175812181
0.2267,0.0718,10.2109,-0.5554,4.0394,-0.7483,0.1626,-0.0125,10.1697,335,0,0.15370659276867144,0.0,0.022873851758121812
-0.6422,-0.3149,9.6069,-5.7996,0.3991,3.4732,-0.6636,-0.3874,9.5196,336,0,0.1533665032347707,0.0,0.042912686709578124
-0.1263,0.0948,9.384,1.7552,4.4253,-0.8851,-0.1106,0.0805,9.3969,337,0,0.15041508084355287,0.0,0.05188637092010444
-0.2255,0.1359,9.5107,-4.1927,-1.1453,1.0314,-0.1957,0.1564,9.4941,338,0,0.15370659276867144,0.0,0.08244377411360075
0.5849,0.3381,9.5846,-3.6419,2.0431,-3.4154,0.5815,0.3033,9.6271,339,0,0.15395305979708973,0.0,0.06365872738462879
0.2581,-0.4415,9.5124,-4.9243,-0.0209,-2.8287,0.268,-0.4363,9.4792,340,0,0.15370659276867144,0.0,0.06365872738462879
-0.4578,0.2731,9.5477,-0.5843,0.272,2.0556,-0.4639,0.1726,9.6095,341,0,0.15370659276867144,0.0,0.04253084572129092
-0.2155,0.5181,9.6814,2.2464,0.1466,2.4853,-0.2338,0.5327,9.6549,342,0,0.15370659276867144,0.0,0.03253084572129092
-0.1252,-0.2757,9.9761,1.5531,2.7552,5.4533,-0.145,-0.1968,9.9799,343,0,0.15370659276867144,0.0,0.04237620654603319
-0.1426,-0.2576,9.8494,-2.0665,-2.9798,-5.457,-0.1592,-0.3065,9.8616,344,0,0.15370659276867144,0.0,0.03284511914201056
0.159,-0.5813,9.6142,0.1718,0.5559,-0.3518,0.1745,-0.5793,9.6049,345,0,0.15366621418353923,0.0,0.032806284190554244
-0.0194,-0.0101,10.001,-0.0669,0.1128,7.3623,-0.03,-0.1283,9.9886,346,0,0.1521658999878518,0.0,0.05280628419055424
-0.1476,0.271,9.8828,-0.6745,0.7367,0.7964,-0.133,0.2721,9.9578,347,0,0.15370659276867144,0.0,0.032806284190554244
-0.1966,0.1503,9.8439,-2.8368,1.5055,0.5382,-0.2368,0.1454,9.8346,348,0,0.15370659276867144,0.0,0.03296092336581198
0.4487,-0.2109,9.9771,1.2574,0.693,-3.7761,0.4821,-0.2244,9.9422,349,0,0.15370659276867144,0.0,0.03296092336581198
-0.0648,-0.0916,10.0246,-1.9474,-1.1355,4.1979,-0.0624,-0.1841,10.041,350,0,0.15370659276867144,0.0,0.023145590888556597
0.1605,-0.3624,9.8642,-1.7645,-1.2385,-3.342,0.1574,-0.4026,9.9193,351,0,0.15370659276867144,0.0,0.023145590888556597
0.1558,-0.2529,9.4464,-2.869,-0.6144,-1.2704,0.2422,-0.2029,9.4882,352,0,0.15370659276867144,0.0,0.017145700210883047
0.1076,-0.4145,9.9422,4.8018,-1.3434,-3.6268,0.0697,-0.3308,9.9101,353,0,0.15370659276867144,0.0,0.017551105616288455
0.0032,-0.14,9.8776,3.5888,1.7104,3.082,0.0242,-0.2938,9.8823,354,0,0.15370659276867144,0.0,0.013250870586859554
0.1406,0.1731,9.8422,4.6371,-0.2718,3.61,0.1029,0.1263,9.8872,355,0,0.15370659276867144,0.0,0.013250870586859554
-0.0196,0.1705,9.6383,2.2773,-0.1287,0.5523,0.0219,0.156,9.6527,356,0,0.15370659276867144,0.0,0.013250870586859554
-0.218,-0.2299,9.7463,-2.6735,4.7302,-0.759,-0.2036,-0.291,9.7782,357,0,0.15370659276867144,0.0,0.0005830986022140445
-0.1665,0.0436,10.033,-3.2124,-1.8314,-6.6849,-0.1646,0.0719,9.9665,358,0,0.1532405209942328,0.0,0.0005830986022140445
0.6498,-0.2643,9.9973,0.3841,-3.7695,-0.8405,0.6483,-0.2245,9.9411,359,0,0.1553814478318268,0.0,0.0005830986022140445
0.278,0.0755,10.0703,0.9976,4.0335,1.5041,0.2734,0.0108,10.0631,360,0,0.15370659276867144,0.0,0.0005830986022140445
0.2526,-0.27,9.6472,0.1804,1.2877,3.6273,0.33,-0.1635,9.6547,361,0,0.15370659276867144,0.0,0.0005830986022140445
-0.3761,0.3648,9.7947,-1.3158,3.3307,2.4705,-0.4165,0.3975,9.7418,362,0,0.15370659276867144,0.0,0.010583098602214043
0.2919,-0.118,9.8201,-3.5603,-1.012,1.1667,0.2251,-0.03,9.8119,363,0,0.15370659276867144,0.0,0.0007042291540310028
0.3378,-0.0803,9.8342,1.9535,-4.569,-4.1427,0.3646,-0.0782,9.8832,364,0,0.15370659276867144,0.0,0.0005830986022140445
-0.1299,0.2187,9.8831,1.0977,1.6299,-0.8246,-0.1359,0.2549,9.807,365,0,0.15370659276867144,0.0,0.0005830986022140445
-0.2483,0.0829,9.8109,2.0197,-2.1494,2.6534,-0.2626,0.1043,9.7405,366,0,0.15370659276867144,0.0,0.0005830986022140445
0.0777,-0.0833,10.1213,-2.2456,1.799,4.3628,0.0476,-0.0598,10.0407,367,0,0.15370659276867144,0.0,0.0005830986022140445
0.487,0.4604,9.7929,-4.3558,-0.5823,3.6822,0.4755,0.5362,9.736,368,0,0.15370659276867144,0.0,0.0005830986022140445
0.1148,-0.1163,9.7578,0.3156,3.4239,0.9781,0.1905,-0.1371,9.8277,369,0,0.15370659276867144,0.0,0.0005830986022140445
0.1445,0.3065,9.9376,-2.347,-2.3025,-2.5359,0.1494,0.3828,9.9103,370,0,0.15370659276867144,0.0,0.0005830986022140445
-0.0445,-0.2241,9.6826,-2.2495,3.3553,-3.6942,-0.1156,-0.2305,9.6355,371,0,0.15370659276867144,0.0,0.0006229392396642436
0.1116,0.0417,9.5355,2.5608,-1.3152,-6.1743,0.1991,0.0705,9.5656,372,0,0.15370659276867144,0.0,0.0005830986022140445
-0.004,-0.2128,9.787,3.3002,2.8849,-5.1476,0.0338,-0.2026,9.9016,373,0,0.15370659276867144,0.0,0.0006229392396642436
0.1082,0.3371,9.735,4.3361,-4.4149,3.4968,0.2019,0.2955,9.7052,374,0,0.15370659276867144,0.0,0.0006229392396642436
-0.1109,0.4199,9.9763,-3.7857,4.1092,-3.36,-0.0114,0.4489,9.9711,375,0,0.15370659276867144,0.0,0.012222939239664244
0.0894,-0.531,9.6795,0.6778,-4.5555,5.2826,0.1238,-0.5521,9.6521,376,0,0.15370659276867144,0.0,0.020464836472865823
0.057,0.0614,9.9286,-0.0611,-1.8343,-1.3277,0.0579,0.1055,9.9585,377,0,0.15370659276867144,0.0,0.020538800969907244
0.2705,-0.0015,9.7529,-0.5689,-4.2124,-2.0746,0.2532,-0.0101,9.7783,378,0,0.15370659276867144,0.0,0.010696903736705662
-0.3829,-0.4339,9.9231,-0.314,-1.6751,0.1654,-0.3578,-0.4403,9.9953,379,0,0.15370659276867144,0.0,0.010696903736705666
-0.1666,-0.1564,9.9469,1.8266,-4.3315,3.1357,-0.1895,-0.1923,9.9464,380,0,0.15370659276867144,0.0,0.02069690373670566
-0.0593,0.018,9.5961,-1.8504,1.311,1.0195,-0.0162,-0.0157,9.5603,381,0,0.15370659276867144,0.0,0.02069690373670566
-0.3969,0.0239,10.2003,-1.32,1.0275,-3.4217,-0.4431,0.0412,10.221,382,0,0.1526504524297057,0.0,0.010824660864618594
-0.0028,0.0902,9.6854,0.3776,0.5258,2.2675,-0.1408,-0.0158,9.6692,383,0,0.15370659276867144,0.0,0.011100430591693284
0.172,0.8372,9.658,1.4702,0.6425,-5.5297,0.1527,0.8504,9.6431,384,0,0.11051166922850005,0.0,0.024660691534936493
0.6104,0.0601,9.712,0.8195,-0.161,0.7292,0.6173,0.0516,9.743,385,0,0.15522247095773994,0.0,0.01028570244377352
-0.4131,0.0558,10.0631,-1.3259,-0.9523,3.3544,-0.372,0.0382,10.0116,386,0,0.15370659276867144,0.0,0.03188570244377353
-0.3659,0.0954,9.9075,-0.5456,-3.8296,-0.5632,-0.4136,0.0949,9.9471,387,0,0.15370659276867144,0.0,0.031785702443773524
0.0602,-0.0494,9.5625,3.6805,-0.0732,-1.841,0.0679,-0.1435,9.5793,388,0,0.15370659276867144,0.0,0.03153805969888091
-0.3105,0.1028,9.8619,4.6184,3.2493,2.422,-0.4117,0.1789,9.8857,389,0,0.15370659276867144,0.0,0.00795330020913665
-0.0504,-0.2476,9.9887,7.6083,-4.2084,0.1596,-0.0249,-0.16,10.05,390,0,0.14837066258871512,0.0,0.01628740752213703
0.1692,-0.0981,9.7438,-2.9476,3.8845,1.5624,0.2044,-0.1008,9.7157,391,0,0.15370659276867144,0.0,0.015721369786287975
0.452,-0.1774,10.0313,-0.3873,3.9517,2.9164,0.4401,-0.1894,10.1042,392,0,0.15370659276867144,0.0,0.02679035654089346
0.5758,-0.1897,9.6742,2.6307,-4.7277,-1.4723,0.5965,-0.2229,9.6585,393,0,0.15522247095773994,0.0,0.05587947255308639
-0.2767,-0.3215,10.1167,-3.2615,-0.2906,3.4766,-0.3057,-0.3717,10.0967,394,0,0.15370659276867144,0.0,0.04340984793866545
0.322,-0.193,9.6037,-4.8966,2.3902,-2.7223,0.2943,-0.1992,9.6169,395,0,0.15370659276867144,0.0,0.03518533218043387
-0.2849,-0.1355,9.7965,-2.6933,0.1705,-3.743,-0.2911,-0.2059,9.8054,396,0,0.15370659276867144,0.0,0.02429854457816897
0.0158,-0.2546,10.1531,1.2537,-5.2113,-0.2671,0.0587,-0.2166,10.1393,397,0,0.15370659276867144,0.0,0.04485573987462419
-0.7503,0.1444,9.6527,-1.4276,-2.7067,0.856,-0.7186,0.0502,9.6677,398,0,0.151049255078461,0.0,0.04386825903660682
-0.0077,0.2057,9.8484,-4.298,-0.2994,-4.924,-0.0013,0.2154,9.8274,399,0,0.15370659276867144,0.0,0.013995110897856364
-0.177,0.2395,9.8221,-1.2191,0.789,4.8447,-0.1712,0.21,9.89,400,0,0.15370659276867144,0.0,0.03399511089785636
0.2568,-0.0584,10.1153,-1.9294,-1.1554,3.0514,0.218,-0.0455,10.1279,401,0,0.15370659276867144,0.0,0.02293327866325759
-0.3538,-0.6435,10.2016,1.2718,-4.3737,1.3695,-0.3359,-0.6582,10.2243,402,0,0.15107864222765197,0.0,0.05187340944177707
0.2408,-0.0611,9.8404,-0.0962,1.5734,0.684,0.2236,-0.0512,9.9825,403,0,0.15370659276867144,0.0,0.05305333600236458
-0.5063,-0.0085,9.78,-2.2449,4.3799,-4.3086,-0.5182,-0.0736,9.82,404,0,0.15370659276867144,0.0,0.04119128120166792
0.0057,0.6657,9.8695,-4.3421,-5.5337,-1.2092,0.0096,0.6311,9.9134,405,0,0.15318370441863025,0.0,0.05213864962272056
-0.1071,-0.2706,9.6609,2.8407,0.4435,0.2212,-0.0941,-0.2869,9.6555,406,0,0.15370659276867144,0.0,0.051971051857357425
0.5226,-0.4533,9.8292,1.1309,-0.7298,4.1738,0.5199,-0.3992,9.8212,407,0,0.15370659276867144,0.0,0.06170581167641394
0.2902,0.0044,9.7491,3.2509,-2.4862,-2.0818,0.2388,-0.0349,9.6969,408,0,0.15370659276867144,0.0,0.05193836981594882
-0.1943,-0.0112,10.0547,-2.7911,-5.7253,-4.6204,-0.158,-0.0549,9.9843,409,0,0.15370659276867144,0.0,0.09119128120166792
-0.012,-0.1419,9.7776,-1.8499,4.1389,-2.1927,0.0373,-0.1742,9.7722,410,0,0.15370659276867144,0.0,0.08121537758721009
0.1754,-0.1796,9.7138,1.9603,-0.3938,4.2345,0.2217,-0.1637,9.7972,411,0,0.15370659276867144,0.0,0.07213864962272055
0.1036,0.1397,9.5384,-4.8295,-1.5162,1.6419,0.1259,0.1368,9.4284,412,0,0.152968620356603,0.0,0.0722531134362667
0.3897,0.0405,9.923,-4.3927,3.5453,1.1935,0.362,0.0883,9.9469,413,0,0.15370659276867144,0.0,0.08121537758721009
0.5941,-0.2446,9.9372,-2.7836,-1.1703,1.1444,0.5262,-0.1942,10.0291,414,0,0.15208732668341593,0.0,0.08119128120166792
-0.2338,-0.2716,9.5261,-0.5577,-3.6782,0.3778,-0.2168,-0.3274,9.4522,415,0,0.1534046229755623,0.0,0.061191281201667926
-0.2937,0.201,9.869,-4.0037,-2.055,0.1183,-0.3304,0.1937,9.9137,416,0,0.15370659276867144,0.0,0.04119128120166792
0.3046,-0.5205,10.1527,6.3992,2.8825,2.215,0.2095,-0.416,10.1518,417,0,0.1528511125999369,0.0,0.040446432716819435
0.0918,-0.0324,9.8463,-1.4169,1.8232,-6.2361,0.0156,-0.0,9.8806,418,0,0.15370659276867144,0.0,0.05139380113787207
0.1308,0.1139,9.6651,-1.3484,2.8379,-3.9739,0.1209,0.1596,9.7309,419,0,0.15370659276867144,0.0,0.05047052910236161
-0.369,-0.2564,9.6592,1.5166,-1.8261,3.2602,-0.3814,-0.2348,9.662,420,0,0.15370659276867144,0.0,0.05047052910236161
0.1903,0.1514,9.6343,-7.8555,2.4371,0.3298,0.1044,0.1885,9.6342,421,0,0.14837919403714472,0.0,0.04115265734247075
-0.1035,0.4559,9.6987,-4.0973,-1.1562,-0.3213,-0.1265,0.4305,9.6513,422,0,0.15370659276867144,0.0,0.04112856095692858
-0.4787,-0.2775,9.8339,1.9593,-0.5477,-0.5953,-0.4076,-0.3439,9.8065,423,0,0.15370659276867144,0.0,0.04112856095692858
-0.3015,-0.2141,10.2418,-6.0686,1.2083,-0.0982,-0.3156,-0.177,10.1944,424,0,0.15182735900960173,0.0,0.04190554664755603
0.3565,0.3422,9.8046,-2.4076,-5.2671,0.0352,0.5127,0.3509,9.8271,425,0,0.15370659276867144,0.0,0.02190554664755603
0.5701,-0.2404,9.7989,-4.6212,3.191,1.8955,0.5489,-0.2658,9.8096,426,0,0.15361879978792273,0.0,0.04317109504252548
-0.1409,0.022,10.0767,2.7292,-3.2494,1.3608,-0.1278,-0.0467,10.1634,427,0,0.15370659276867144,0.0,0.04317109504252548
-0.0651,0.1269,9.6239,-0.7851,4.8341,1.677,-0.0777,0.1768,9.6774,428,0,0.15370659276867144,0.0,0.0329385369029906
-0.2341,-0.3586,10.0716,-0.5743,-1.9524,-1.2583,-0.0938,-0.3375,10.0922,429,0,0.15370659276867144,0.0,0.0329385369029906
-0.0861,-0.2516,9.9593,-0.1104,6.3449,-1.9027,-0.064,-0.2977,10.0122,430,0,0.15370659276867144,0.0,0.03234152197761747
0.2383,-0.1331,10.2553,3.8063,-2.6281,-1.4237,0.252,-0.1045,10.2132,431,0,0.15262407051682947,0.0,0.043288890398670093
0.5962,0.317,9.8239,-0.6031,0.552,1.616,0.5455,0.2903,9.7945,432,0,0.15208732668341593,0.0,0.03139415355656484
0.0945,0.4258,9.9089,3.108,-0.7265,1.2502,0.1682,0.4937,9.8254,433,0,0.15370659276867144,0.0,0.03139415355656484
-0.1294,0.0196,9.871,-6.022,-0.2321,1.3717,-0.1795,-0.0546,9.8572,434,0,0.15370659276867144,0.0,0.07241747134470607
0.1081,-0.2045,9.8565,2.6014,-1.756,3.4574,0.1544,-0.1785,9.8312,435,0,0.15370659276867144,0.0,0.08234152197761746
-0.5539,0.1434,9.6583,-2.3413,0.4449,-1.2167,-0.557,0.2129,9.7061,436,0,0.15370659276867144,0.0,0.05234152197761746
0.0271,0.0544,10.0659,0.4957,-1.8643,-0.7456,0.0575,0.0345,10.0223,437,0,0.15370659276867144,0.0,0.07238136261506767
-0.0679,-0.0988,9.4976,-4.1872,5.4398,-5.0533,-0.1253,-0.062,9.5228,438,0,0.15370659276867144,0.0,0.07249962474441589
0.0493,-0.0697,10.1343,-4.3286,-0.0109,3.6948,0.0719,-0.1422,10.1763,439,0,0.15370659276867144,0.0,0.08249962474441588
0.1505,-0.2066,9.6316,1.1645,-1.7443,-0.9065,0.1316,-0.1818,9.631,440,0,0.15370659276867144,0.0,0.09138851363330477
-0.2638,0.3803,9.7477,2.3472,-6.4468,-0.2741,-0.2635,0.3776,9.7219,441,0,0.15370659276867144,0.0,0.04249962474441588
-0.4494,0.0218,9.6318,-0.1828,-4.446,4.7554,-0.4902,0.0106,9.6324,442,0,0.15370659276867144,0.0,0.04309663966978902
0.206,-0.1124,9.5918,2.5959,0.7823,-4.5091,0.298,-0.1055,9.5989,443,0,0.15370659276867144,0.0,0.022499624744415886
0.0991,0.0503,9.811,-1.123,-0.8498,0.2539,0.0636,-0.0044,9.8079,444,0,0.15370659276867144,0.0,0.023264237435152147
-0.4132,0.0052,9.5749,1.3155,1.0155,-1.077,-0.4317,-0.1041,9.6019,445,0,0.15370659276867144,0.0,0.03349679557468703
0.2534,0.3465,9.8736,5.8656,4.6217,-1.6111,0.2947,0.3401,9.8486,446,0,0.15370659276867144,0.0,0.012667222509779016
0.0834,0.2336,9.6886,3.8212,0.327,-4.7778,0.0814,0.3172,9.7984,447,0,0.15370659276867144,0.0,0.003288333820694319
0.0531,-0.16,9.691,2.7468,3.8653,-0.7859,0.0974,-0.1423,9.8085,448,0,0.15370659276867144,0.0,0.013328174458144517
0.0141,0.0067,10.0603,-3.4369,3.022,5.7145,0.0,0.0052,10.0716,449,0,0.15370659276867144,0.0,0.0337333789367029
0.2145,-0.0974,9.9306,-3.6105,0.0829,1.5485,0.2143,-0.122,9.9333,450,0,0.15370659276867144,0.0,0.023304078072602347
-0.2253,0.1134,9.7328,1.715,7.3103,2.4668,-0.2443,0.0932,9.7107,451,0,0.14773293704523302,0.0,0.03270706314722921
-0.211,-0.3724,9.85,3.493,-0.9928,0.5146,-0.1605,-0.3818,9.8551,452,0,0.15370659276867144,0.0,0.05064858361506547
-0.0523,-0.1434,9.7367,-2.9633,0.089,-0.818,-0.0901,-0.1103,9.7893,453,0,0.15370659276867144,0.0,0.04175969472617659
0.2849,-0.3278,9.8135,-0.9597,-6.5649,-5.3647,0.3101,-0.4139,9.8111,454,0,0.15370659276867144,0.0,0.02235670965154972
-0.4034,0.0864,9.7357,0.2121,1.3536,-3.5129,-0.4187,0.1064,9.7596,455,0,0.15370659276867144,0.0,0.03278601051565026
0.3755,0.0239,9.9168,-0.0681,0.8234,3.478,0.4208,0.0904,9.8855,456,0,0.15370659276867144,0.0,0.02278601051565027
0.3613,0.3513,9.5421,-2.0257,-4.7891,1.6673,0.3719,0.386,9.5468,457,0,0.15370659276867144,0.0,0.03167458141144058
0.33,0.5468,9.7788,-0.7495,-2.302,1.5735,0.3251,0.5415,9.7561,458,0,0.15355074445237718,0.0,0.04124559854043861
0.1785,0.6667,10.0217,0.771,-3.9721,-0.3734,0.1776,0.6797,9.8838,459,0,0.15309497375261916,0.0,0.027007298176658114
-0.0391,0.345,10.0155,3.6206,-1.2069,2.2309,-0.0786,0.2296,10.0164,460,0,0.15370659276867144,0.0,0.013060751838581058
-0.3008,-0.2668,10.0489,-3.3436,1.9795,-0.1438,-0.3084,-0.2042,10.034,461,0,0.15370659276867144,0.0,0.03306075183858106
-0.3053,-0.1299,9.5328,-1.861,2.23,3.0707,-0.4292,-0.123,9.6082,462,0,0.15370659276867144,0.0,0.03306075183858106
-0.0802,-0.0452,9.968,2.6798,1.9725,0.9644,-0.0785,0.0602,9.9899,463,0,0.15370659276867144,0.0,0.023060751838581056
0.3442,0.6876,9.939,2.4902,0.7716,-1.9593,0.3711,0.6641,9.9352,464,0,0.15309497375261916,0.0,0.01222701978116479
-0.0941,-1.0069,10.1974,4.538,2.7259,-2.6216,-0.1728,-0.995,10.2278,465,1,0.06681840387624302,0.0,0.02378606706249453
0.0177,-0.2841,9.8866,-3.1297,-1.4691,0.7711,-0.0513,-0.3455,9.9215,466,0,0.15370659276867144,0.0,0.023627336903764375
-0.1888,0.4203,9.9011,-4.0543,-2.5445,-0.0462,-0.2102,0.4161,9.8846,467,0,0.15370659276867144,0.0,0.033668967107317475
0.1692,0.1214,9.6593,5.3262,-4.4416,5.2044,0.1963,0.1198,9.737,468,0,0.15370659276867144,0.0,0.01378606706249453
-0.0292,0.2801,9.533,2.733,4.3966,-2.5021,0.0171,0.3195,9.5496,469,0,0.15370659276867144,0.0,0.01378606706249453
-0.1789,-0.1402,9.9916,-1.331,5.015,8.0048,-0.0766,-0.0246,10.0286,470,0,0.14841729206857712,0.0,0.015485214221376992
-0.2316,-0.2925,9.9481,-3.1449,1.2916,-1.8482,-0.211,-0.2292,9.9721,471,0,0.15370659276867144,0.0,0.02332569929600386
-0.1018,-0.2758,9.9039,-0.8759,1.1334,3.8891,-0.1677,-0.2946,9.9352,472,0,0.15370659276867144,0.0,0.03219987148143432
-0.0092,-0.3243,9.8802,-2.8537,4.5271,0.6959,-0.042,-0.3436,9.9217,473,0,0.15370659276867144,0.0,0.03703105643886101
-0.197,-0.4607,9.909,3.7744,1.4212,2.3126,-0.1467,-0.4709,9.9504,474,0,0.15370659276867144,0.0,0.03703105643886101
0.1394,-0.3326,9.8922,8.9503,-0.6422,-2.9934,0.0924,-0.3335,9.9033,475,0,0.11996832130000883,0.0,0.025801087259219813
-0.146,0.0163,9.8395,2.4566,-3.9339,-5.7593,-0.1885,0.0201,9.8112,476,0,0.15370659276867144,0.0,0.035801087259219815
-0.3785,0.051,9.6299,-1.1372,2.7402,-3.5591,-0.2802,0.1404,9.6434,477,0,0.15370659276867144,0.0,0.035801087259219815
-0.288,-0.2472,10.0409,2.0379,3.7204,-3.3881,-0.347,-0.2828,10.0488,478,0,0.15370659276867144,0.0,0.035801087259219815
0.1788,0.3076,9.6137,1.7476,3.2494,-2.3679,0.2519,0.3813,9.4952,479,0,0.15370659276867144,0.0,0.04580108725921981
-0.2409,-0.1127,9.6265,-6.6372,3.8134,-3.6893,-0.2171,-0.1625,9.7061,480,0,0.15370659276867144,0.0,0.04580108725921981
-0.1413,-0.3349,9.9541,2.8948,2.0166,5.9748,-0.0879,-0.352,9.9815,481,0,0.15370659276867144,0.0,0.05580108725921981
0.5118,-0.4987,9.7051,2.8742,0.9217,0.641,0.4637,-0.5192,9.7206,482,0,0.15370659276867144,0.0,0.03594455928217534
0.2623,-0.3386,9.6333,-4.3927,-3.1706,2.3534,0.2517,-0.2915,9.643,483,0,0.15370659276867144,0.0,0.04594455928217535
0.2439,0.3876,9.7611,-0.3335,2.7748,1.2233,0.2059,0.4103,9.7584,484,0,0.15370659276867144,0.0,0.03707038709674487
0.303,-0.0548,9.6596,-8.1007,-5.3643,-0.597,0.2028,-0.0989,9.7309,485,0,0.147664941262513,0.0,0.05311957389920906
-0.3375,0.444,10.1027,0.9917,8.0761,-1.5952,-0.387,0.4902,10.1568,486,0,0.1452526720285589,0.0,0.03424540171377859
-0.4519,-0.1078,9.7256,-0.4086,6.6771,3.1538,-0.5139,-0.2258,9.7283,487,0,0.15370659276867144,0.0,0.054245401713778583
-0.0685,0.1529,9.5882,-0.613,1.8135,-1.5083,-0.0828,0.1796,9.586,488,0,0.15370659276867144,0.0,0.04738123279327968
-0.2201,-0.2176,10.2972,-5.5358,3.9686,0.2473,-0.2582,-0.1815,10.2618,489,0,0.14982277347988346,0.0,0.05192566034437224
0.1865,0.436,9.9534,-3.0587,-0.2966,-1.4896,0.1993,0.4063,9.9825,490,0,0.15370659276867144,0.0,0.04744373263352888
0.022,0.1566,9.7469,0.5273,2.2124,0.6659,-0.035,0.1296,9.7539,491,0,0.15370659276867144,0.0,0.04251389563848988
0.2686,-0.1144,9.7024,0.3975,1.2373,6.1679,0.2386,-0.1468,9.7227,492,0,0.15370659276867144,0.0,0.03251389563848989
0.2243,0.3924,9.8792,3.2171,-1.6205,4.0791,0.1991,0.4081,9.8809,493,0,0.15370659276867144,0.0,0.03251389563848989
-0.1501,-0.0003,10.0201,4.1943,3.1453,-1.3315,-0.1835,0.0114,9.9905,494,0,0.15370659276867144,0.0,0.04319602387859902
-0.2077,0.0019,9.6244,-3.4011,-3.8392,0.6789,-0.2509,-0.03,9.6818,495,0,0.15370659276867144,0.0,0.05319602387859902
0.5146,0.2681,9.8418,0.608,-4.4655,-3.847,0.5451,0.3214,9.7823,496,0,0.15370659276867144,0.0,0.04319602387859902
0.3181,0.4492,10.2534,-0.4939,0.6385,-5.0461,0.2817,0.4381,10.2493,497,0,0.1526504524297057,0.0,0.032714096167755655
-0.0743,0.2506,9.5791,3.3237,0.3392,0.3053,-0.0495,0.1788,9.5851,498,0,0.15370659276867144,0.0,0.022714096167755656
0.0199,0.2905,9.7112,-2.286,-4.6421,9.1914,0.0301,0.2939,9.6756,499,0,0.1498088618040989,0.0,0.038031967927646515
-0.1591,-0.198,9.5802,1.586,0.8359,-0.646,-0.1563,-0.1589,9.5334,500,0,0.15370659276867144,0.0,0.03203196792764652
-0.4754,-0.4628,9.7541,-5.2898,0.4441,-4.5052,-0.4613,-0.3835,9.6673,501,0,0.15370659276867144,0.0,0.03203196792764652
-0.068,0.1677,9.5009,-0.7234,2.5144,-0.3891,-0.1551,0.143,9.5464,502,0,0.15370659276867144,0.0,0.004184111531689735
-0.0075,-0.1157,9.6329,4.3274,-2.4249,-0.7274,-0.0433,-0.0949,9.7046,503,0,0.15370659276867144,0.0,0.014184111531689737
-0.1728,-0.0502,10.0932,0.0046,-3.9946,-3.1528,-0.2613,-0.0234,10.0825,504,0,0.15370659276867144,0.0,0.004866239771798875
0.4037,-0.4468,9.4356,0.2942,2.548,-0.9944,0.4662,-0.4339,9.4146,505,0,0.152691395331968,0.0,0.010184111531689735
-0.358,0.0692,9.4665,-1.3748,-1.4283,1.9764,-0.2765,0.1312,9.4512,506,0,0.1534046229755623,0.0,0.010184111531689735
-0.2317,-0.1823,9.821,1.0301,-3.8741,-1.8946,-0.2427,-0.187,9.8212,507,0,0.15370659276867144,0.0,0.010184111531689735
0.2536,0.7708,9.7746,1.693,-0.7354,0.4691,0.2148,0.7384,9.8211,508,0,0.1533733515922922,0.0,0.004184111531689735
0.349,0.3166,9.904,1.5457,-2.2617,0.4194,0.327,0.292,9.9367,509,0,0.15370659276867144,0.0,0.004184111531689735
-0.0109,-0.3443,9.6926,-4.5013,-0.3095,-2.3916,-0.0226,-0.3367,9.6958,510,0,0.15370659276867144,0.0,0.004184111531689735
-0.4755,0.3325,9.9257,3.3305,0.5699,0.8232,-0.4003,0.3827,9.8781,511,0,0.15370659276867144,0.0,0.004184111531689735
-0.2191,0.1323,9.7905,2.3398,-1.0913,-2.1514,-0.231,0.1649,9.8018,512,0,0.15370659276867144,0.0,0.004184111531689735
0.0883,-0.2792,9.7967,-2.9304,-0.8421,2.8057,0.1247,-0.2458,9.7785,513,0,0.15370659276867144,0.0,0.004184111531689735
-0.0902,0.4894,9.6561,-2.7308,-3.9022,-2.0008,-0.2109,0.5035,9.5948,514,0,0.15370659276867144,0.0,0.005195876237572088
-0.3029,0.4259,9.5753,0.5289,2.0876,-1.3588,-0.324,0.425,9.5674,515,0,0.15370659276867144,0.0,0.04488571687502229
0.1365,0.1447,9.8213,2.4718,-4.2789,-0.0362,0.1013,0.0761,9.8726,516,0,0.15370659276867144,0.0,0.014885716875022286
-0.2725,0.248,9.767,3.1346,0.88,3.5852,-0.3651,0.2638,9.7374,517,0,0.15370659276867144,0.0,0.023759889060452746
-0.0238,0.189,10.0996,0.5148,3.014,-0.099,-0.0687,0.1658,10.1634,518,0,0.15370659276867144,0.0,0.02348211128267497
0.2595,-0.1867,9.5865,-1.5256,0.9597,-1.3855,0.2635,-0.2116,9.4609,519,0,0.15370659276867144,0.0,0.01375988906045275
0.3452,0.1734,9.7576,-2.0475,-2.7155,1.8683,0.4208,0.2743,9.7378,520,0,0.15370659276867144,0.0,0.04223211128267497
0.2734,-0.1729,10.2677,-5.8892,-2.1488,2.0826,0.2756,-0.1593,10.2763,521,0,0.14983440187878977,0.0,0.01250988906045275
0.087,-0.2272,9.6682,-1.1134,-2.8428,-4.0755,0.0227,-0.195,9.7108,522,0,0.15370659276867144,0.0,0.032509889060452754
-0.2737,-0.4082,9.6667,0.0128,2.3527,4.5814,-0.3016,-0.4008,9.6408,523,0,0.15370659276867144,0.0,0.02250988906045275
-0.0148,-0.0517,9.3922,1.7186,-0.54,-0.4045,0.0247,-0.0535,9.3257,524,0,0.1413470667198429,0.0,0.02250988906045275
0.1564,-0.0903,10.0378,1.4913,1.7804,0.6154,0.1559,-0.1326,10.0315,525,0,0.15370659276867144,0.0,0.04411774154416837
0.4484,-0.0917,9.9102,0.8328,2.1395,3.589,0.4761,-0.088,9.9336,526,0,0.15370659276867144,0.0,0.035036269608314984
-0.0301,-0.125,9.7258,0.0289,-1.2802,-1.5545,-0.0606,-0.0401,9.6782,527,0,0.15370659276867144,0.0,0.035036269608314984
-0.0942,-0.2583,9.9796,-1.0161,0.8981,2.1823,-0.0652,-0.2188,9.9865,528,0,0.15370659276867144,0.0,0.0445848807194261
0.0885,0.0854,9.7443,-4.4486,-1.9748,-2.786,0.0826,0.126,9.7355,529,0,0.15370659276867144,0.0,0.0445848807194261
-0.1388,0.1049,9.9899,3.3594,-2.8382,-0.2913,-0.1518,0.0957,10.0158,530,0,0.15370659276867144,0.0,0.02492176613950349
-0.3808,-0.0587,9.8117,-1.9105,-2.0484,0.575,-0.3644,-0.0398,9.8343,531,0,0.15370659276867144,0.0,0.03504986846889926
-0.2473,0.0819,10.0357,-3.4463,-1.7068,0.4895,-0.3631,0.0311,10.0267,532,0,0.15370659276867144,0.0,0.028392447473200477
0.1347,-0.0402,9.8617,-3.984,-2.6661,-2.897,0.0193,-0.0616,9.9104,533,0,0.15370659276867144,0.0,0.03839244747320047
0.0999,0.6359,9.9203,3.44,1.3905,-4.0012,0.0557,0.668,9.8751,534,0,0.15309497375261916,0.0,0.0382643451438047
0.2639,-0.0712,9.7504,-4.0317,-4.1466,4.7708,0.2677,-0.008,9.776,535,0,0.15370659276867144,0.0,0.0270643451438047
-0.0039,-0.1073,9.5796,0.5599,-2.2254,2.0725,-0.0501,-0.1394,9.5246,536,0,0.15370659276867144,0.0,0.017064345143804706
-0.2159,0.033,9.934,-1.2905,0.7008,3.0598,-0.3343,-0.0307,9.8469,537,0,0.15370659276867144,0.0,0.02158229603670666
0.0978,-0.1781,9.5411,-0.6398,0.4625,-3.7817,0.0885,-0.1053,9.5401,538,0,0.15370659276867144,0.0,0.03185403516714144
-0.0299,-0.2823,9.8818,2.6257,0.7502,3.8365,-0.0985,-0.2352,9.9167,539,0,0.15370659276867144,0.0,0.037987430689529506
-0.0655,-0.3003,9.9979,3.0525,4.9511,-5.0394,-0.0041,-0.3197,10.0057,540,0,0.15370659276867144,0.0,0.017987430689529505
0.0849,0.0502,9.8918,-1.7213,-1.9204,-0.6998,0.0693,0.0518,9.886,541,0,0.15370659276867144,0.0,0.017987430689529505
-0.2816,0.0317,10.2438,0.9216,-0.4752,1.4852,-0.2429,-0.0795,10.3578,542,0,0.06964978560052434,0.0,0.02158229603670666
-0.5352,0.1874,9.7797,3.4715,3.4122,3.4634,-0.5113,0.0978,9.8232,543,0,0.15370659276867144,0.0,0.007591834208656113
-0.4654,0.2315,9.794,-1.8766,7.6352,-5.1923,-0.5392,0.2305,9.7825,544,0,0.1466553868412539,0.0,0.017746473383913844
0.18,0.0934,9.5004,2.1708,-3.1948,0.7012,0.243,0.1463,9.4842,545,0,0.15370659276867144,0.0,0.027746473383913842
0.1099,0.2942,10.294,-0.6255,0.3311,-3.4468,0.1527,0.2778,10.3514,546,0,0.10616455778761333,0.0,0.0220643451438047
-0.1656,-0.3424,9.9031,1.008,1.3502,-0.1432,-0.2261,-0.2424,9.8795,547,0,0.15370659276867144,0.0,0.032336084274239486
-0.0012,-0.0017,9.713,6.8871,-3.6434,-3.543,0.0468,-0.0669,9.7582,548,0,0.15242389511884455,0.0,0.017746473383913847
0.2053,-0.3809,9.9563,2.1998,-1.1556,0.2349,0.2563,-0.3912,10.0596,549,0,0.15370659276867144,0.0,0.021822331402053065
-0.4003,0.2275,9.8209,-2.117,-0.1349,1.158,-0.3795,0.2483,9.8734,550,0,0.15370659276867144,0.0,0.02143605101577268
-0.5535,-0.2552,9.7553,1.4782,-2.2688,-2.0676,-0.532,-0.1953,9.7009,551,0,0.15370659276867144,0.0,0.03628434398547112
-0.0828,0.4492,9.6364,-2.1475,-4.7905,1.799,-0.1006,0.389,9.7217,552,0,0.15370659276867144,0.0,0.03612970481021339
0.0302,0.0592,9.7484,2.6515,-3.8327,0.7558,0.098,-0.0041,9.7984,553,0,0.15370659276867144,0.0,0.006775606053724192
-0.2181,-0.0683,9.861,1.4393,1.3056,-4.4123,-0.291,-0.1702,9.8856,554,0,0.15370659276867144,0.0,0.0077735012653305955
-0.0905,0.5115,9.8655,-6.1268,-4.7822,-4.3752,-0.057,0.4833,9.8543,555,0,0.15370659276867144,0.0,0.0071312136626716545
0.289,-0.6011,9.4601,-1.3199,-5.8179,4.3278,0.3135,-0.5909,9.495,556,0,0.15358821137965672,0.0,0.017139042729645962
-0.0022,0.1908,9.8333,1.1373,-4.3901,-1.7374,-0.0475,0.2833,9.8399,557,0,0.15370659276867144,0.0,0.017139042729645962
-0.107,0.0022,9.3866,-3.3803,5.1385,-0.8263,-0.0267,0.0463,9.4003,558,0,0.15041508084355287,0.0,0.06521452893943128
-0.3354,0.2676,10.0175,2.6646,-1.009,7.4137,-0.4403,0.254,10.0007,559,0,0.15202204242360534,0.0,0.046249890409592424
-0.3272,0.0329,9.9424,5.63,-2.4903,-2.339,-0.3668,-0.0301,9.9825,560,0,0.15370659276867144,0.0,0.02656239040959242
-0.1449,0.3715,9.5474,-0.627,-3.6107,0.1196,-0.0192,0.3666,9.3531,561,0,0.135612764159777,0.0,0.026562390409592417
0.4476,0.1154,9.6098,0.2291,-2.2104,0.2281,0.3867,0.1113,9.5954,562,0,0.15370659276867144,0.0,0.026562390409592417
0.4472,-0.278,10.0392,-6.0096,-2.9254,-5.0539,0.4294,-0.2951,10.008,563,0,0.15370659276867144,0.0,0.04238328593198048
-0.3188,0.5188,9.9665,0.1031,7.5769,2.2809,-0.3296,0.6018,9.8929,564,0,0.14437739513340492,0.0,0.05238328593198048
0.0391,-0.9015,9.9401,0.0766,-1.9714,0.8212,-0.0145,-0.9741,9.9217,565,0,0.08123909104265227,0.0,0.06710477023857524
-0.0454,0.3475,9.882,0.6084,4.325,1.1295,0.0009,0.4093,9.9038,566,0,0.15370659276867144,0.0,0.06710477023857524
0.1321,0.1033,9.8575,6.6559,-8.5369,-4.0561,0.1346,0.0851,9.8678,567,0,0.14866444414130936,0.0,0.055467870201464126
-0.0692,-0.3638,9.9513,6.1555,-0.3551,0.0543,-0.0329,-0.3953,9.9802,568,0,0.15370659276867144,0.0,0.07546787020146413
-0.1964,0.5438,10.1207,0.9504,-9.9233,-0.8488,-0.1371,0.5343,10.122,569,0,0.14674292961736612,0.0,0.08391784873302274
-0.3082,-0.1522,9.7015,-0.2535,2.3568,-0.2283,-0.3658,-0.2061,9.7081,570,0,0.15370659276867144,0.0,0.07391784873302273
-0.2259,-0.2384,10.3015,-2.9772,-2.2528,0.8762,-0.2406,-0.229,10.3312,571,0,0.11062600174557718,0.0,0.07391784873302273
-0.211,0.1054,9.4852,-4.8623,1.5018,2.2068,-0.2508,0.1909,9.4658,572,0,0.15370659276867144,0.0,0.06391784873302274
0.181,-0.3956,9.4265,-1.2533,-0.8725,-1.1175,0.0837,-0.4313,9.4229,573,0,0.152968620356603,0.0,0.07391784873302273
0.1598,-0.1291,9.8206,-0.2708,0.1498,-3.6216,0.1324,-0.1356,9.8714,574,0,0.15370659276867144,0.0,0.08391784873302274
-0.1523,0.5945,9.9209,-7.2044,3.3696,-2.5103,-0.0946,0.5554,9.9689,575,0,0.15205792855995187,0.0,0.09290081940473513
-0.0634,0.0451,9.7316,-5.2153,-2.0813,1.2504,-0.076,0.0489,9.7611,576,0,0.15370659276867144,0.0,0.07290081940473513
0.2248,0.0386,9.7866,-7.1614,2.0708,-1.4908,0.1949,0.1112,9.7525,577,0,0.15221377687624613,0.0,0.08290081940473513
0.1527,0.1987,10.0053,-7.7424,-4.171,0.4193,0.0961,0.1344,9.9895,578,0,0.15114653237688538,0.0,0.10394756269975428
0.7005,-0.515,9.8003,1.1571,3.8754,-5.1589,0.6687,-0.4644,9.8647,579,0,0.15504516661447362,0.0,0.12218923391731792
0.5215,-0.1821,9.8065,-3.2791,-1.1343,-1.6657,0.552,-0.1321,9.7921,580,0,0.15370659276867144,0.0,0.08218923391731794
-0.0061,0.1535,9.6367,0.6163,-1.8269,1.0911,-0.0086,0.1241,9.6739,581,0,0.15370659276867144,0.0,0.09218923391731794
-0.3042,-0.1306,9.8172,-4.347,3.3934,5.2344,-0.2584,-0.0748,9.8194,582,0,0.15370659276867144,0.0,0.09218923391731794
0.3148,-0.3757,9.7238,2.363,0.1886,-6.2187,0.2386,-0.4222,9.7131,583,0,0.15370659276867144,0.0,0.05218923391731793
0.3486,0.5267,10.0323,-2.1977,-3.2529,4.7175,0.3491,0.5387,10.1135,584,0,0.15355074445237718,0.0,0.05098923391731793
-0.4041,-0.0589,9.9105,-5.221,-0.4054,3.2148,-0.5029,-0.0187,9.909,585,0,0.15370659276867144,0.0,0.04655026575481922
-0.0254,0.1104,9.8368,-0.64,4.2682,0.3403,-0.0653,0.0223,9.7372,586,0,0.15370659276867144,0.0,0.04664947210402557
0.3069,-0.1318,10.005,1.762,-1.448,3.3912,0.3339,-0.0877,10.0986,587,0,0.15370659276867144,0.0,0.051386314209288735
-0.8294,-0.2747,9.4108,4.3489,-2.2073,1.6685,-0.8793,-0.2124,9.4536,588,0,0.1498010477021507,0.0,0.0012388349514563105
0.3083,-0.6665,10.0236,-1.0066,-1.1998,5.2815,0.3365,-0.6318,10.01,589,0,0.1528712603235783,0.0,0.0012388349514563105
-0.1968,0.0247,10.0918,-0.4505,1.3674,-0.9756,-0.1619,0.0348,10.0251,590,0,0.15370659276867144,0.0,0.01123883495145631
0.1325,0.8352,9.8331,4.1971,-0.94,3.3914,0.1327,0.75,9.8581,591,0,0.14866507447646443,0.0,0.01123883495145631
-0.2306,-0.2252,9.8972,3.5656,-0.8739,-3.2187,-0.2099,-0.2562,9.895,592,0,0.15370659276867144,0.0,0.011541865254486612
-0.0966,0.1732,9.8647,-1.9173,-2.3023,-2.4704,-0.0436,0.1494,9.8616,593,0,0.15370659276867144,0.0,0.0015418652544866138
-0.3259,-0.0553,9.4863,-0.8652,-3.4171,1.311,-0.3631,-0.0624,9.5288,594,0,0.15370659276867144,0.0,0.01123883495145631
-0.1875,-0.4453,9.7105,3.0316,1.7272,-0.8986,-0.1973,-0.3659,9.7236,595,0,0.15370659276867144,0.0,0.021541865254486616
0.0515,0.1371,9.5617,-2.2939,-1.3322,2.7607,0.1855,0.0824,9.5381,596,0,0.15370659276867144,0.0,0.011541865254486612
0.0525,-0.1078,9.7901,1.8253,1.8241,-2.4616,0.0787,-0.165,9.7888,597,0,0.15370659276867144,0.0,0.011541865254486612
0.0885,0.0836,9.5366,-1.3514,-2.6164,-6.5552,0.1573,0.0445,9.5563,598,0,0.1532405209942328,0.0,0.0015418652544866138
0.3532,0.1612,9.8364,1.6151,1.5539,-3.0052,0.3153,0.1982,9.85,599,0,0.15370659276867144,0.0,0.0012388349514563105
0.406,0.1429,9.5767,2.138,1.0952,1.1196,0.3654,0.1558,9.5692,600,0,0.15370659276867144,0.0,0.0012629313369984794
0.0176,0.173,10.1557,-3.7957,0.8019,3.934,-0.0034,0.1307,10.1411,601,0,0.15370659276867144,0.0,0.01876835478369051
-0.5021,0.0743,9.8099,4.1573,1.9743,2.864,-0.4829,0.1286,9.8375,602,0,0.15370659276867144,0.0,0.02126293133699848
0.548,-0.0705,9.5215,2.6718,-2.6106,-2.62,0.4895,-0.1508,9.5243,603,0,0.15361879978792273,0.0,0.011262931336998478
0.589,-0.118,9.35,1.3834,-3.0483,-1.7631,0.5711,-0.2155,9.3609,604,0,0.14896038248471544,0.0,0.011262931336998478
0.4661,-0.6216,10.0277,-6.2338,-2.5437,-6.6895,0.4352,-0.6092,9.9885,605,0,0.1531261652793696,0.0,0.011262931336998478
-0.0594,0.3519,9.6875,1.0107,0.4304,-1.7389,-0.0807,0.4159,9.6925,606,0,0.15370659276867144,0.0,0.0012629313369984794
0.5069,0.4083,9.7754,0.246,3.152,-1.0104,0.4044,0.3881,9.7219,607,0,0.15370659276867144,0.0,0.00022166149572863808
-0.1799,0.2841,9.8257,0.6768,-2.8552,2.5444,-0.2886,0.2134,9.9024,608,0,0.15370659276867144,0.0,6.293133699847936e-05
-0.088,-0.0567,9.9641,3.303,-2.2967,5.6428,-0.1018,0.0336,9.9141,609,0,0.15370659276867144,0.0,6.293133699847936e-05
0.0893,0.352,9.7388,2.3905,0.1106,3.5691,0.0675,0.302,9.6723,610,0,0.15370659276867144,0.0,6.293133699847936e-05
0.0821,-0.7047,9.6916,-3.6027,-4.6067,3.8153,0.056,-0.7221,9.7112,611,0,0.152534273737127,0.0,0.010341865254486613
-0.0046,-0.0792,9.8741,-0.9772,0.7877,-0.1199,0.0011,-0.062,9.8936,612,0,0.15370659276867144,0.0,0.021556818525514655
0.2662,0.1169,9.7745,-1.1831,2.4978,1.7171,0.2627,0.1285,9.8385,613,0,0.15370659276867144,0.0,0.011715548684244808
-0.2102,-0.2145,9.6348,-3.2535,0.387,-1.3452,-0.2268,-0.2475,9.6353,614,0,0.15370659276867144,0.0,0.011253788222484346
-0.0762,-0.4476,9.4309,-5.739,6.9312,-1.459,-0.1006,-0.3563,9.4481,615,0,0.15008743612402056,0.0,0.0012547939084782368
0.6165,-0.0744,9.9618,-5.302,-2.2579,4.3562,0.5618,0.0009,9.9037,616,0,0.15208732668341593,0.0,0.012454793908478236
-0.1033,0.1555,10.0686,-3.976,-3.0064,-0.5166,-0.0721,0.1743,10.0637,617,0,0.15370659276867144,0.0,0.0
-0.1375,0.19,9.6941,-0.815,-0.6438,-0.9824,-0.089,0.2875,9.75,618,0,0.15370659276867144,0.0,0.0
0.7475,0.4302,9.9067,-4.0734,-0.0963,0.2823,0.7029,0.3555,9.9013,619,0,0.15557955017382005,0.0,0.0
-0.201,-0.1555,9.4286,-4.0939,4.5069,0.3166,-0.2953,-0.2174,9.4957,620,0,0.15370659276867144,0.0,0.0
0.3552,-0.3009,9.646,0.1854,-0.6096,3.4873,0.378,-0.194,9.7055,621,0,0.15370659276867144,0.0,0.01
-0.1395,-0.1587,9.8339,0.9012,0.3262,-1.6464,-0.0742,-0.1751,9.8384,622,0,0.15370659276867144,0.0,0.01
-0.1141,0.1789,9.987,-1.9255,-0.264,-2.0613,-0.1008,0.1769,10.0511,623,0,0.15370659276867144,0.0,0.01
-0.2209,0.2872,9.7382,-5.8032,0.2553,0.9207,-0.1942,0.2544,9.7997,624,0,0.15370659276867144,0.0,0.01
0.0328,0.4987,10.1862,-3.7689,-4.7237,2.4808,0.0725,0.5539,10.1208,625,0,0.15370659276867144,0.0,0.01
-0.1419,0.2536,9.7713,0.918,-2.8811,-2.4246,-0.0092,0.21,9.7844,626,0,0.15370659276867144,0.0,0.01
0.2252,0.0808,9.8272,-0.2742,0.1915,-6.6505,0.2801,0.1686,9.8721,627,0,0.1532405209942328,0.0,0.01888888888888889
0.0999,-0.165,9.6497,-1.4899,-1.7232,3.2147,0.1086,-0.233,9.6679,628,0,0.15370659276867144,0.0,0.0
0.0954,0.0144,10.2222,-3.1293,-0.3277,-4.8806,0.1182,-0.0567,10.2138,629,0,0.15262407051682947,0.0,0.019010019440705846
-0.2633,-0.6924,9.2617,0.7986,-2.5902,1.0209,-0.2027,-0.6597,9.2178,630,0,0.09594805905941449,0.0,0.00012113055181695828
-0.23,-0.0498,9.8172,-1.9194,-0.4927,1.0584,-0.2785,-0.1319,9.9298,631,0,0.15370659276867144,0.0,0.01012113055181696
0.0254,0.2474,9.8226,3.1344,1.4134,1.3091,0.0914,0.222,9.7817,632,0,0.15370659276867144,0.0,0.0
0.4538,-0.1914,9.9976,0.8335,0.2563,-0.5804,0.4081,-0.1949,10.0204,633,0,0.15370659276867144,0.0,0.00012113055181695828
-0.34,0.346,10.1938,0.9918,0.5107,2.9653,-0.3461,0.2975,10.1093,634,0,0.15370659276867144,0.0,0.00012113055181695828
0.1419,0.3996,9.9126,-0.5101,-1.1883,3.7311,0.1616,0.3599,9.8022,635,0,0.15370659276867144,0.0,0.00019509504885837836
-0.2674,-0.2008,10.0712,0.2673,0.0978,-3.4195,-0.2502,-0.2901,10.082,636,0,0.15370659276867144,0.0,0.00032051282051282046
0.0088,0.1187,10.071,-8.9347,-2.0756,0.6819,0.1282,0.1339,10.1137,637,0,0.1458499173853834,0.0,0.0001388888888888889
-0.2061,-0.1699,9.7743,-1.1892,-1.7845,1.3931,-0.2243,-0.1467,9.7621,638,0,0.15370659276867144,0.0,0.06646337118195259
-0.3744,0.041,9.9126,-0.0019,5.2387,-0.8521,-0.4117,0.0443,9.9034,639,0,0.15370659276867144,0.0,0.06940522025727706
-0.2871,0.167,9.9,-3.6754,-3.5828,2.4588,-0.3014,0.1399,9.8756,640,0,0.15370659276867144,0.0,0.06451284996933715
-0.2768,-0.043,9.8797,3.2927,-3.6231,-2.5759,-0.3233,-0.057,9.9192,641,0,0.15370659276867144,0.0,0.04165233016108566
-0.0253,-0.2257,9.7134,-0.6538,4.3709,-1.6654,0.0554,-0.1959,9.694,642,0,0.15370659276867144,0.0,0.050491848258523625
-0.2251,-0.2761,9.8543,2.448,0.4922,-0.6644,-0.1839,-0.2384,9.826,643,0,0.15370659276867144,0.0,0.04049184825852363
0.0308,0.0895,10.0754,1.4436,-0.8047,3.9516,-0.0091,0.0042,10.1263,644,0,0.15370659276867144,0.0,0.05071162847830385
-0.08,0.0029,10.0154,-3.3479,-4.8724,2.1734,-0.1793,-0.0084,9.9329,645,0,0.15370659276867144,0.0,0.04071162847830385
-0.1502,0.4607,10.0044,-0.1417,1.2537,1.3889,-0.1297,0.4721,10.062,646,0,0.15370659276867144,0.0,0.04055352571150543
0.0588,0.2064,9.6743,0.9354,0.6287,1.2375,0.0832,0.1163,9.6178,647,0,0.15370659276867144,0.0,0.04055352571150543
0.5568,-0.028,9.9104,1.6913,2.9851,-3.7274,0.5047,-0.0578,9.869,648,0,0.15361879978792273,0.0,0.02055352571150543
0.2929,-0.0496,9.4756,-2.0226,-1.3727,7.5724,0.3217,-0.1236,9.487,649,0,0.15019139985612762,0.0,0.04349470218209367
0.0069,0.431,9.6472,-2.2108,-2.582,-0.0156,-0.0576,0.4535,9.7021,650,0,0.15370659276867144,0.0,0.04055352571150543
0.0427,0.3284,9.8088,3.4425,2.1585,0.8225,-0.0077,0.3428,9.792,651,0,0.15370659276867144,0.0,0.04055352571150543
-0.5338,0.2571,10.0544,-2.6287,1.22,1.3685,-0.5934,0.2135,10.0656,652,0,0.15370659276867144,0.0,0.050553525711505426
0.0245,-0.4003,9.5395,-3.0461,0.7086,-1.136,0.0128,-0.4285,9.5992,653,0,0.15370659276867144,0.0,0.050553525711505426
-0.5545,-0.4946,9.9431,-0.1304,-6.1779,-2.0964,-0.5293,-0.5559,9.8917,654,0,0.15370659276867144,0.0,0.05072112347686856
-0.0006,-0.3822,9.6498,-3.709,-2.3604,0.7906,-0.0214,-0.4817,9.619,655,0,0.15370659276867144,0.0,0.010424672854313904
-0.0651,0.2467,9.6759,1.3704,0.6102,-2.2937,-0.0432,0.2237,9.7511,656,0,0.15370659276867144,0.0,0.021450988643787586
-0.0828,0.0669,9.8483,1.6971,-4.4867,-0.8314,-0.1909,0.0885,9.8988,657,0,0.15370659276867144,0.0,0.04132985809197063
-0.1634,-0.0491,10.0747,-2.0752,-0.8086,-4.309,-0.1005,-0.0887,10.0727,658,0,0.15370659276867144,0.0,0.04073284316659749
0.2834,0.3907,9.6425,2.688,1.2357,-5.3883,0.3543,0.2939,9.7477,659,0,0.15370659276867144,0.0,0.06068637595305133
-0.1627,0.0185,10.0221,-1.3035,-0.3265,1.0598,-0.1561,-0.0204,10.0449,660,0,0.15370659276867144,0.0,0.05025707508895077
0.3291,0.1165,9.3764,0.6902,2.589,1.2187,0.3024,0.0865,9.3717,661,0,0.15175489848691914,0.0,0.04375565475303533
-0.1341,-0.143,9.9419,-0.1746,-3.5024,0.7081,-0.2382,-0.062,9.9138,662,0,0.15370659276867144,0.0,0.05389454364192421
0.256,0.0231,9.5699,1.6579,-3.2621,-1.6194,0.2514,0.0792,9.6039,663,0,0.15370659276867144,0.0,0.05377341309010726
-0.0835,-0.672,10.0684,3.1501,2.0144,-3.1085,-0.2002,-0.5888,10.1109,664,0,0.15033466554873445,0.0,0.030560497489084234
0.489,0.2304,9.2248,0.0918,4.2481,3.6283,0.3739,0.2064,9.194,665,0,0.11199363088645578,0.0,0.035500534705515646
-0.1154,0.1356,9.7384,-1.1218,-1.9212,1.4229,-0.0942,0.03,9.7863,666,0,0.15370659276867144,0.0,0.025581802356248885
0.0061,-0.5093,9.8052,1.0602,-3.2179,-1.4656,-0.0643,-0.5204,9.8082,667,0,0.15370659276867144,0.0,0.012368886755225864
0.006,0.1301,9.5838,-1.0841,0.5832,1.7567,-0.0527,0.1097,9.5955,668,0,0.15370659276867144,0.0,0.022640625885660653
-0.1992,0.1469,9.754,2.2366,-5.3449,4.8246,-0.2697,0.1537,9.6664,669,0,0.15370659276867144,0.0,0.034503080531088595
-0.3631,0.5616,9.7462,-3.2925,-0.2551,-1.8502,-0.3506,0.6112,9.8149,670,0,0.15318370441863025,0.0,0.02724903122737314
-0.2597,0.2065,9.7491,2.5065,3.8838,-3.5431,-0.3358,0.1991,9.7134,671,0,0.15370659276867144,0.0,0.027689317413394053
0.0851,0.1929,9.7666,1.0468,-3.8649,2.8077,0.0794,0.2824,9.7857,672,0,0.15370659276867144,0.0,0.027961056543828827
0.0392,0.0275,9.8407,-0.7547,0.6532,-2.392,0.0135,0.0787,9.8525,673,0,0.15370659276867144,0.0,0.02771450822035743
-0.092,-0.0694,9.9463,-0.1413,-0.5448,-0.6384,-0.2058,-0.0492,9.9822,674,0,0.15370659276867144,0.0,0.02724903122737314
-0.2624,-0.0671,10.2261,4.3137,-0.5174,1.4773,-0.2179,-0.1082,10.2061,675,0,0.15262407051682947,0.0,0.036977292096938355
0.285,-0.8634,9.5238,-0.761,-0.7465,-1.8522,0.2218,-0.7467,9.5224,676,0,0.1498585155353559,0.0,0.0271305488019192
-0.6767,0.3757,9.6619,3.5479,1.6314,4.5681,-0.6571,0.4106,9.7003,677,0,0.1533665032347707,0.0,0.018487949145036674
0.4181,0.0842,9.9373,1.1223,-3.6531,1.7163,0.3387,0.1721,10.0003,678,0,0.15370659276867144,0.0,0.01367610373322473
-0.3295,-0.4132,9.9579,-0.8301,0.9519,1.8276,-0.2844,-0.363,9.9944,679,0,0.15370659276867144,0.0,0.03334377670497669
-0.0498,-0.5803,9.7338,3.3307,-4.3943,5.5875,-0.0069,-0.6864,9.8137,680,0,0.13813124423142292,0.0,0.014294837431189866
-0.5623,0.0887,9.7294,2.6605,1.7097,1.7665,-0.4708,0.101,9.7589,681,0,0.15370659276867144,0.0,0.01786874489348969
-0.593,0.7101,9.7196,1.3227,-0.2859,-4.3727,-0.5782,0.7498,9.681,682,0,0.15312715411339814,0.0,0.0440060765021652
-0.2847,0.2219,9.8051,-3.5461,1.2912,0.1886,-0.3117,0.2538,9.7898,683,0,0.15370659276867144,0.0,0.039269234396902046
0.2006,0.0138,9.5945,2.9038,0.1309,-2.4959,0.2017,0.0088,9.6304,684,0,0.15370659276867144,0.0,0.07086923439690204
-0.6138,-0.5706,10.0922,-1.4812,-4.3051,1.2252,-0.5915,-0.6374,10.1543,685,0,0.14882830488513454,0.0,0.024006076502165206
0.3283,0.1483,10.2123,-1.7085,-4.1796,-7.5813,0.3753,0.0724,10.2446,686,0,0.14899054023559002,0.0,0.04407364406973278
-0.3003,-0.2742,9.8251,-2.7337,1.0771,4.5052,-0.3482,-0.3106,9.8909,687,0,0.15370659276867144,0.0,0.07204206775062896
0.271,0.1479,10.0946,-3.8476,3.6111,-5.1858,0.2029,0.0945,10.1564,688,0,0.15370659276867144,0.0,0.09204206775062897
-0.2063,0.6758,9.5956,-1.2273,-0.0871,1.586,-0.1982,0.6995,9.5518,689,0,0.15298598980126782,0.0,0.11204206775062897
0.3951,0.6082,9.9719,2.2786,0.1449,2.2812,0.4052,0.6386,10.0225,690,0,0.15309497375261916,0.0,0.07101575196115528
0.0936,0.1613,9.629,-3.1915,1.1777,0.1103,0.054,0.1791,9.6362,691,0,0.15370659276867144,0.0,0.07192512853483357
0.151,-0.5323,9.6851,3.3301,-2.0047,-0.7454,0.1595,-0.5486,9.7261,692,0,0.15370659276867144,0.0,0.08149776302008943
-0.0718,-0.2135,9.5621,3.6391,0.0588,2.7292,-0.0403,-0.1826,9.584,693,0,0.15370659276867144,0.0,0.07149776302008942
0.3007,0.1618,9.9219,-0.6074,-0.506,0.5593,0.2686,0.2233,9.9145,694,0,0.15370659276867144,0.0,0.08230626310220295
0.1254,-0.286,10.0312,3.9279,3.5981,-3.1577,0.0367,-0.2647,9.9973,695,0,0.15370659276867144,0.0,0.08275883456238389
0.2663,-0.5196,9.7629,-0.4225,3.5206,3.8505,0.3139,-0.4698,9.7957,696,0,0.15370659276867144,0.0,0.061777750653840384
-0.0126,-0.0102,9.8821,3.313,-5.0004,-4.3329,-0.0295,-0.0872,9.825,697,0,0.15370659276867144,0.0,0.052303846275565384
0.1065,0.5016,9.5354,0.3188,5.0922,0.0905,0.1321,0.5029,9.5024,698,0,0.15370659276867144,0.0,0.051458928068633114
0.1835,0.1803,9.988,-0.5485,-2.8186,-1.462,0.1348,0.2706,10.033,699,0,0.15370659276867144,0.0,0.041726518285616035
0.1171,0.0007,10.1949,-6.3878,0.607,2.7133,0.0442,-0.0767,10.2695,700,0,0.1508385668108856,0.0,0.023044409284949573
-0.7821,0.1261,9.8347,2.3289,1.4379,1.9875,-0.728,0.0455,9.8863,701,0,0.15242813815088507,0.0,0.021804159716855506
-0.1733,0.1146,10.0228,1.2998,-0.1541,1.4781,-0.1059,0.1696,10.0204,702,0,0.15370659276867144,0.0,0.021518887750897133
0.1326,0.3933,10.1168,-2.1221,-5.2198,-1.1298,0.1169,0.4054,10.1202,703,0,0.15370659276867144,0.0,0.02212494835695774
0.1592,0.0584,9.8724,1.369,0.421,0.9943,0.2119,0.0604,9.7669,704,0,0.15370659276867144,0.0,0.01220724395731839
0.0685,0.1761,9.7814,3.2662,-1.1663,-0.9979,0.1393,0.1554,9.7698,705,0,0.15370659276867144,0.0,0.0816867412237971
0.7811,0.1498,9.8818,0.8255,-3.607,0.4388,0.8341,0.0834,9.8902,706,0,0.15679882145631477,0.0,0.04048424647692151
0.0271,-0.4112,9.6917,0.6409,2.7874,1.8301,0.0133,-0.4433,9.6376,707,0,0.15370659276867144,0.0,0.021287505268847606
0.1724,-0.1792,10.1138,-2.6797,2.5676,1.7057,0.1647,-0.2239,10.0981,708,0,0.15370659276867144,0.0,0.021287505268847606
-0.2142,0.1446,9.9472,1.2668,-4.1639,-2.7046,-0.1179,0.1205,9.8733,709,0,0.15370659276867144,0.0,0.021287505268847606
-0.4735,0.2262,9.6502,-1.7671,-3.5502,-4.9481,-0.4382,0.2793,9.8247,710,0,0.15370659276867144,0.0,0.031166374717030643
0.0273,0.8211,9.8764,-0.6345,-0.6703,-0.8115,-0.0012,0.8264,9.8139,711,0,0.12581070064842062,0.0,0.03207725870483771
0.2546,-0.2139,10.014,-1.3015,0.4653,-0.7802,0.271,-0.2024,10.0763,712,0,0.15370659276867144,0.0,0.012521260829526239
0.3877,0.0538,9.8255,-7.7153,-1.1522,1.0452,0.4269,-0.0022,9.837,713,0,0.15114653237688538,0.0,0.0023571194153848255
-0.3357,0.1444,10.1036,-1.3264,-1.8245,0.8338,-0.2852,0.0923,10.0874,714,0,0.15370659276867144,0.0,0.0022359888635678673
0.6153,-0.103,9.7669,0.3043,4.0139,-4.4714,0.5994,-0.1508,9.7712,715,0,0.15522247095773994,0.0,0.012077258704837708
0.2063,-0.0859,10.0294,-3.6515,-0.3564,0.2695,0.2297,-0.0523,10.0734,716,0,0.15370659276867144,0.0,0.022235988863567865
0.0906,-0.1554,9.9355,3.8695,0.1411,1.8066,0.0529,-0.2404,9.9936,717,0,0.15370659276867144,0.0,0.012235988863567866
-0.1521,0.2018,9.8284,1.9626,-0.9622,1.0811,-0.1416,0.1921,9.8251,718,0,0.15370659276867144,0.0,0.012235988863567866
-0.1256,-0.0762,9.9929,-0.9807,2.852,-0.6684,-0.0696,-0.1195,9.9473,719,0,0.15370659276867144,0.0,0.012235988863567866
0.3109,0.2304,9.6059,-3.1963,-7.0458,-0.5893,0.3334,0.2808,9.5958,720,0,0.1535830087878228,0.0,0.0022359888635678673
-0.2148,0.1482,9.7888,-0.9376,3.3241,3.2757,-0.2221,0.098,9.7116,721,0,0.15370659276867144,0.0,0.002833003788941002
0.5382,0.1432,9.7194,-1.5175,0.9047,0.5864,0.5379,0.13,9.747,722,0,0.15370659276867144,0.0,0.0030631085751205546
0.0694,0.0019,9.5807,-2.23,-2.0435,-1.9172,0.0061,0.084,9.5363,723,0,0.15370659276867144,0.0,0.002833003788941002
-0.6581,0.2067,9.8613,-4.6367,0.0823,-5.4595,-0.6193,0.2671,9.804,724,0,0.1537691488359536,0.0,0.012097099974678978
0.5254,-0.0855,9.8696,-0.3115,2.1505,8.181,0.5421,-0.1335,9.9027,725,0,0.14841729206857712,0.0,0.036400202176879205
0.0643,-0.0425,9.5552,3.6216,-1.7963,-1.9594,0.0871,-0.0526,9.5624,726,0,0.15370659276867144,0.0,0.05135384215991693
-0.3245,-0.2331,9.9275,1.1486,1.979,-1.202,-0.3178,-0.2497,9.9763,727,0,0.15370659276867144,0.0,0.03135384215991693
0.0473,-0.1895,9.743,-4.526,4.7342,3.75,0.0358,-0.1506,9.7881,728,0,0.15370659276867144,0.0,0.02121495327102804
0.1291,0.3613,10.1372,3.5129,4.3437,-0.5143,0.0381,0.2788,10.067,729,0,0.15370659276867144,0.0,0.030984848484848487
0.1622,-0.3351,10.1033,-1.5353,-1.2906,-1.0194,0.166,-0.3657,10.2528,730,0,0.1526504524297057,0.0,0.03193221690590112
0.2937,-0.2718,9.906,3.1547,1.9757,-1.5454,0.2927,-0.2981,9.8988,731,0,0.15370659276867144,0.0,0.04051258581235698
0.3809,0.074,9.771,1.7064,-3.0787,-0.3533,0.4058,0.0979,9.743,732,0,0.15370659276867144,0.0,0.011932216905901117
0.2632,-0.3144,9.8024,-0.5577,-1.6442,-1.7243,0.2707,-0.3221,9.7853,733,0,0.15370659276867144,0.0,0.011932216905901117
0.1314,-0.1115,9.6813,3.8976,-0.6722,0.961,0.1595,-0.0727,9.6853,734,0,0.15370659276867144,0.0,0.011932216905901117
-0.3258,0.1589,10.0754,1.3825,-2.2671,-3.2784,-0.276,0.1746,10.1157,735,0,0.15370659276867144,0.0,0.012071105794790005
0.5695,-0.0134,9.5442,4.1068,1.2628,-3.454,0.6045,0.048,9.5162,736,0,0.15488821094857297,0.0,0.04207110579479
0.2137,0.2291,9.8059,-7.3879,3.0873,-0.7884,0.1395,0.3105,9.7776,737,0,0.1519533231313492,0.0,0.041326257309941515
-0.4423,0.6356,9.6123,-3.0834,-2.0531,-1.5684,-0.4483,0.6977,9.6466,738,0,0.14714399758319674,0.0,0.036564352548036756
0.3444,-0.2797,9.8213,3.5303,-3.0431,-2.7795,0.3099,-0.3058,9.7349,739,0,0.15370659276867144,0.0,0.061326257309941526
0.0065,0.2375,9.8583,1.8979,0.2701,-3.4396,0.0158,0.2034,9.866,740,0,0.15370659276867144,0.0,0.07149385507530465
-0.1508,0.1462,10.1658,-2.6031,3.7354,-3.3751,-0.1839,0.2297,10.0785,741,0,0.15370659276867144,0.0,0.061326257309941526
-0.8309,0.4668,10.1227,3.3053,-0.6462,-1.3289,-0.7907,0.4732,10.1068,742,0,0.17153138781724003,0.0,0.07132625730994152
0.4095,0.0094,10.0208,0.4355,3.7306,-0.0519,0.3427,-0.0205,10.1653,743,0,0.15370659276867144,0.0,0.07132625730994152
-0.1721,0.403,9.5931,-6.365,1.7962,2.5788,-0.1301,0.3687,9.6785,744,0,0.15370659276867144,0.0,0.051326257309941524
0.0167,-0.6006,9.8903,-3.4582,0.8764,0.6354,0.0864,-0.5562,9.8898,745,0,0.1536900403810273,0.0,0.051326257309941524
-0.3044,0.3199,9.8698,-0.6388,-0.3478,-2.1611,-0.2498,0.2431,9.8846,746,0,0.15370659276867144,0.0,0.061326257309941526
-0.227,0.324,9.9667,-4.0849,-0.7949,3.3387,-0.3441,0.2176,10.084,747,0,0.15370659276867144,0.0,0.061326257309941526
0.2477,-0.2946,9.748,3.3267,-3.3399,3.6039,0.3222,-0.4678,9.7989,748,0,0.15370659276867144,0.0,0.08132625730994153
-0.27,0.2315,9.758,-3.3464,-3.1366,6.4709,-0.3881,0.1684,9.6584,749,0,0.15314501477372658,0.0,0.05192327223531465
-0.4014,0.0305,10.0657,-0.2661,1.7722,-1.4126,-0.4639,0.0501,10.0853,750,0,0.15370659276867144,0.0,0.061326257309941526
-0.0062,0.0431,9.639,0.3557,2.3325,-6.6861,-0.1049,0.1156,9.57,751,0,0.1532405209942328,0.0,0.061326257309941526
-0.0821,0.1072,9.3547,2.029,-0.7836,-0.9989,-0.0463,0.1654,9.3509,752,0,0.15073455706408054,0.0,0.02132625730994152
-0.3617,-0.2006,9.9764,6.0428,-3.1142,5.8619,-0.3607,-0.2965,9.8762,753,0,0.15370659276867144,0.0,0.011846709080393291
-0.0462,0.2884,9.5208,-3.9605,-2.3703,-6.82,-0.0768,0.3287,9.5746,754,0,0.1532405209942328,0.0,0.0002640963855421687
-0.3891,-0.3417,10.0297,-1.7148,-1.2891,-3.5882,-0.332,-0.367,10.0172,755,0,0.15370659276867144,0.0,0.011187368421052633
-0.3258,0.3933,9.6809,5.2824,-2.0276,1.4949,-0.3673,0.3587,9.6596,756,0,0.15370659276867144,0.0,0.03098505957710762
0.1601,-0.3538,10.0808,-2.1294,3.9229,-9.1639,0.1017,-0.3601,10.0184,757,0,0.1499083843284418,0.0,0.03976971641042287
-0.2906,-0.2758,9.4759,1.3984,5.5497,0.3257,-0.2664,-0.2761,9.5122,758,0,0.15370659276867144,0.0,0.041950351331057796
0.0199,-0.257,9.7198,5.1473,-5.8188,5.009,0.0577,-0.1756,9.7314,759,0,0.15370659276867144,0.0,0.041950351331057796
-0.0416,-0.0592,9.5681,-2.0513,-1.7186,-0.1916,-0.0197,0.008,9.5824,760,0,0.15370659276867144,0.0,0.048363394809318665
-0.1411,0.1316,9.9842,1.916,0.886,-1.6595,-0.1037,0.0803,10.0368,761,0,0.15370659276867144,0.0,0.04289771975211042
0.1285,0.179,9.5554,3.8327,0.7917,-5.3092,0.1789,0.1607,9.6884,762,0,0.15370659276867144,0.0,0.04289771975211042
-0.0127,0.0005,9.6158,-5.8271,-0.6434,0.122,0.0008,0.044,9.646,763,0,0.15370659276867144,0.0,0.03162112400742958
-0.5844,0.3835,9.8344,4.7806,-3.1753,-0.9587,-0.5028,0.4375,9.7295,764,0,0.15370659276867144,0.0,0.03289771975211043
-0.0049,0.4494,9.5522,-1.6224,-6.96,0.4236,-0.0267,0.4229,9.5219,765,0,0.15371468931029958,0.0,0.0223557567364632
0.3676,-0.0198,9.8835,-0.7674,-1.2334,-2.4227,0.3926,0.0168,9.8217,766,0,0.15370659276867144,0.0,0.0223557567364632
-0.7602,-0.0373,9.8314,0.5135,-2.4288,-1.4234,-0.784,-0.1352,9.8841,767,0,0.16741655231755279,0.0,0.02243170610355181
0.1557,0.4929,10.0005,-4.9121,-0.7715,-1.2885,0.1759,0.4933,10.0112,768,0,0.15370659276867144,0.0,0.03243170610355181
-0.0972,0.1299,9.8744,2.1031,2.0238,-3.3143,-0.149,0.0787,9.9427,769,0,0.15370659276867144,0.0,0.03243170610355181
0.3528,0.0889,9.9727,-1.4673,1.7002,-4.5055,0.2761,0.1066,9.8533,770,0,0.15370659276867144,0.0,0.031155110358870957
0.6688,0.0565,9.5046,1.0915,-0.4361,1.0366,0.6269,0.1265,9.5148,771,0,0.15518380084858113,0.0,0.042431706103551806
-0.1903,0.3843,9.8179,-1.9683,-0.0886,2.1111,-0.1303,0.3534,9.8307,772,0,0.15370659276867144,0.0,0.03243170610355181
0.0649,0.0748,9.8827,-0.8229,-0.3114,-2.7046,0.0474,0.0257,9.9014,773,0,0.15370659276867144,0.0,0.0320263006981464
0.7762,0.2547,9.5978,4.5961,-1.905,2.1425,0.8376,0.241,9.622,774,0,0.14560812604303283,0.0,0.0007108700020092424
-0.2394,-0.3286,10.3879,1.0221,1.7349,-0.5378,-0.247,-0.3599,10.2962,775,0,0.1264186731878151,0.0,7.594936708860759e-05
-0.0548,0.1253,9.6928,0.4206,-3.2291,2.6673,-0.0193,0.0668,9.6462,776,0,0.15370659276867144,0.0,7.594936708860759e-05
0.0121,-0.1132,9.649,-2.7474,0.842,-0.0975,0.0024,-0.0985,9.662,777,0,0.15370659276867144,0.0,7.594936708860759e-05
-0.1275,0.0103,10.081,0.5561,-5.5196,-3.447,-0.1142,0.0453,10.1173,778,0,0.15370659276867144,0.0,7.594936708860759e-05
-0.3866,-0.1585,10.0435,0.3867,-0.6416,0.1165,-0.3777,-0.1967,10.0685,779,0,0.15370659276867144,0.0,7.594936708860759e-05
-0.2207,0.2204,9.8677,5.7347,1.5309,2.8261,-0.1567,0.2656,9.8929,780,0,0.15370659276867144,0.0,7.594936708860759e-05
0.4162,-0.1636,9.6754,-1.2213,-6.5302,-0.267,0.4005,-0.1679,9.674,781,0,0.15370659276867144,0.0,0.0023809523809523807
0.0454,-0.0803,9.8285,0.3614,6.6676,-3.1661,0.1254,-0.0222,9.8138,782,0,0.15370659276867144,0.0,0.0023809523809523807
0.4641,-0.383,9.9432,1.5233,8.8967,-3.875,0.4561,-0.4646,9.9806,783,0,0.14048036368688882,0.0,7.594936708860759e-05
-0.3913,-0.1183,9.9314,-0.1236,1.7572,3.3738,-0.3714,-0.2081,9.965,784,0,0.15370659276867144,0.0,7.594936708860759e-05
-0.4453,-0.5733,9.7189,0.7603,1.0852,0.7657,-0.3538,-0.5308,9.7261,785,0,0.15370659276867144,0.0,7.594936708860759e-05
-0.058,-0.2505,9.6479,-1.4072,1.9815,1.0868,-0.1539,-0.2794,9.5778,786,0,0.15370659276867144,0.0,7.594936708860759e-05
0.3893,-0.2048,9.6742,0.2845,4.5798,1.4201,0.4108,-0.2619,9.6615,787,0,0.15370659276867144,0.0,7.594936708860759e-05
-0.0524,-0.0953,10.0508,6.4664,1.2383,-2.0565,-0.0652,-0.0797,10.0588,788,0,0.1528511125999369,0.0,0.0024569017480409886
0.1352,0.3324,9.6983,-1.1172,1.2373,4.1568,0.0961,0.3416,9.6497,789,0,0.15370659276867144,0.0,0.0
-0.2658,0.5207,9.5126,2.3921,-2.6251,-1.7255,-0.2196,0.5069,9.4668,790,0,0.15370659276867144,0.0,7.594936708860759e-05
-0.3339,0.1031,9.5951,-1.5733,-3.0273,2.5396,-0.2954,0.219,9.7025,791,0,0.15370659276867144,0.0,7.594936708860759e-05
-0.2072,-0.1507,9.9502,0.5129,-2.973,4.389,-0.245,-0.2207,9.906,792,0,0.15370659276867144,0.0,9.92063492063492e-05
0.2522,-0.2109,9.5343,-4.0407,-0.7096,3.4274,0.325,-0.1903,9.6139,793,0,0.15370659276867144,0.0,0.0011369421982629529
0.2611,0.1569,9.6195,3.1514,-2.0513,1.844,0.3684,0.1951,9.6294,794,0,0.15370659276867144,0.0,0.0011369421982629529
-0.4458,0.1027,9.6559,1.7114,9.4691,-2.303,-0.5264,0.0527,9.5983,795,0,0.13122227129057498,0.0,0.0011369421982629529
0.0997,0.0288,9.8451,0.5047,5.2123,0.2179,0.0819,0.0135,9.905,796,0,0.15370659276867144,0.0,0.0011369421982629529
0.1217,-0.5533,10.1873,1.7575,0.7328,-3.5379,0.0986,-0.611,10.2323,797,0,0.15102592536485904,0.0,0.0011369421982629529
0.0426,-0.164,9.7697,2.8507,3.208,0.4213,0.0091,-0.2297,9.8182,798,0,0.15370659276867144,0.0,0.0014574550187757733
0.2177,-0.1884,9.9065,-6.8506,-1.766,0.4675,0.1344,-0.1168,9.9098,799,0,0.15370659276867144,0.0,0.0011369421982629529
0.3453,-0.1386,9.9289,0.9273,4.7733,-1.2587,0.3871,-0.0888,9.8802,800,0,0.15370659276867144,0.0,0.0011369421982629529
-0.2035,-0.0803,9.8052,-1.8844,-3.0369,-5.8473,-0.1739,-0.0464,9.8533,801,0,0.15370659276867144,0.0,0.0011369421982629529
-0.1677,-0.1424,10.1039,2.3702,0.7881,0.8959,-0.1697,-0.1161,10.131,802,0,0.15370659276867144,0.0,0.0011369421982629529
-0.1097,-0.3032,9.9827,-1.2797,1.7941,-3.6562,-0.1284,-0.2506,9.9943,803,0,0.15370659276867144,0.0,0.0011369421982629529
0.0045,0.6441,9.3472,2.7855,-0.3044,-2.9647,-0.0399,0.6397,9.4613,804,0,0.1410794624646233,0.0,0.0014574550187757733
-0.2294,-0.4444,9.8086,-2.6531,2.6989,-4.2304,-0.2031,-0.4116,9.8588,805,0,0.15370659276867144,0.0,0.0027369421982629525
0.0585,-0.3029,9.7867,0.9745,3.5066,3.2186,0.0541,-0.2884,9.8437,806,0,0.15370659276867144,0.0,0.002711700346098024
-0.2203,0.3522,9.7958,3.7649,3.2265,-3.3368,-0.2258,0.425,9.8256,807,0,0.15370659276867144,0.0,0.003271272037265883
0.0472,0.0637,9.8886,1.4975,4.3812,-4.6629,0.0424,-0.0358,9.8382,808,0,0.15370659276867144,0.0,0.0017138051344916193
-0.2349,-0.334,9.6864,0.1236,1.8816,-1.6766,-0.2795,-0.3006,9.6916,809,0,0.15370659276867144,0.0,0.013425911212523615
-0.5095,-0.1541,9.6489,-0.8999,-6.074,2.634,-0.5234,-0.1241,9.5701,810,0,0.15370659276867144,0.0,0.013271272037265884
0.1861,-0.2573,9.7794,0.6274,0.4808,-1.836,0.1989,-0.2947,9.8214,811,0,0.15370659276867144,0.0,0.013271272037265884
-0.3616,0.0784,9.5483,-3.7276,-2.468,1.4489,-0.4045,0.0679,9.5091,812,0,0.15370659276867144,0.0,0.01282889628715048
0.3084,0.1771,9.6896,-1.082,-0.3095,0.3944,0.3075,0.0981,9.7189,813,0,0.15370659276867144,0.0,0.012750206478981356
-0.0226,0.2569,9.4589,-4.1977,-1.3194,-3.593,0.0501,0.3456,9.4747,814,0,0.15370659276867144,0.0,0.021825911212523613
-0.5452,-0.4774,9.3812,-4.8694,1.5976,4.9158,-0.507,-0.4435,9.2925,815,0,0.1288539534511793,0.0,0.00031088505339718517
-0.064,0.092,9.7397,-2.2605,-0.8816,-0.8574,-0.1075,0.1116,9.7722,816,0,0.15370659276867144,0.0,0.000986589786939444
-0.2674,0.0182,10.0709,-0.704,-3.5893,-1.1797,-0.2959,0.0529,10.0917,817,0,0.15370659276867144,0.0,0.000986589786939444
0.0423,-0.2799,9.9111,-0.5384,-1.7281,2.1396,0.1302,-0.3301,9.8401,818,0,0.15370659276867144,0.0,0.0005782541068493284
0.3367,0.2519,9.9961,-0.6149,-5.0904,-1.144,0.3139,0.341,9.9662,819,0,0.15370659276867144,0.0,0.000986589786939444
0.4349,0.4559,9.8651,4.4014,-0.0094,-0.4108,0.4304,0.4636,9.9553,820,0,0.15370659276867144,0.0,0.00038957486156630957
0.2478,-0.1874,9.6454,2.1001,-4.4777,-0.2547,0.284,-0.2444,9.6183,821,0,0.15370659276867144,0.0,0.00038957486156630957
-0.2235,-0.1922,9.857,0.581,0.6348,-2.6042,-0.2401,-0.14,9.8527,822,0,0.15370659276867144,0.0,0.00038957486156630957
0.1011,-0.2643,9.763,-2.4999,5.8473,-1.3448,0.1214,-0.3208,9.7491,823,0,0.15370659276867144,0.0,0.00023493568630857757
-0.0326,-0.5867,9.4946,0.4642,3.6908,-2.985,0.0372,-0.5703,9.5002,824,0,0.15366621418353923,0.0,0.0019701209012414314
-0.071,-0.2251,10.0479,-3.1597,0.2217,-0.5744,-0.1755,-0.1525,10.118,825,0,0.15370659276867144,0.0,0.0019701209012414314
0.1413,-0.2758,9.576,-2.9337,-2.7288,-0.1643,0.1049,-0.334,9.6741,826,0,0.15370659276867144,0.0,0.0019701209012414314
-0.195,0.2508,9.8862,1.2354,-1.8138,-3.4546,-0.1451,0.2156,9.9653,827,0,0.15370659276867144,0.0,0.0025671358266145653
0.4509,-0.0806,9.8704,2.5248,-4.2322,3.9497,0.4476,-0.156,9.9144,828,0,0.15370659276867144,0.0,0.012487193966149451
0.224,0.0345,9.4518,-0.5154,-0.6155,1.0472,0.1639,-0.0359,9.452,829,0,0.1534046229755623,0.0,0.014892717221963402
-0.4985,0.0169,9.9516,-2.4294,-2.8345,1.0428,-0.5129,-0.0517,9.9451,830,0,0.15370659276867144,0.0,0.003983202296590268
-0.2887,-0.3211,9.7338,4.0481,0.5365,-5.296,-0.2008,-0.2952,9.7508,831,0,0.15370659276867144,0.0,0.003036048422591935
0.3303,0.2828,9.879,-0.922,-4.2092,-0.7055,0.2914,0.3164,9.8343,832,0,0.15370659276867144,0.0,0.012164371808375984
-0.1527,-0.3472,10.2625,0.9374,-3.9266,-2.3975,-0.1703,-0.3938,10.3184,833,0,0.11342400956312862,0.0,0.0127217750018723
0.0166,0.4624,9.4823,3.5551,0.4348,-4.6405,-0.0334,0.464,9.4933,834,0,0.15370659276867144,0.0,0.022878187597849667
0.2029,-0.3738,9.598,3.4732,-0.4277,1.4009,0.2293,-0.3754,9.6131,835,0,0.15370659276867144,0.0,0.01348512401403464
-0.0369,0.1923,9.7579,1.1715,-1.2289,-0.948,-0.0641,0.211,9.7588,836,0,0.15370659276867144,0.0,0.01348512401403464
-0.5498,-0.1424,9.6103,3.7786,-3.8727,0.2726,-0.5856,-0.2085,9.5682,837,0,0.15370659276867144,0.0,0.012458808224560955
-0.3563,0.4884,9.7317,4.4561,-2.7854,-2.6557,-0.3659,0.4618,9.7776,838,0,0.15370659276867144,0.0,0.015682013276444515
0.1704,-0.2823,9.8894,2.1812,-3.4454,4.5412,0.1904,-0.1995,9.8483,839,0,0.15370659276867144,0.0,0.015017982457304204
0.1344,-0.1031,10.2499,1.8058,1.2654,4.6212,0.0624,-0.1417,10.241,840,0,0.1526504524297057,0.0,0.01314501816484246
-0.1351,0.0036,9.6174,-2.0643,1.1045,0.5519,-0.1886,0.0141,9.6255,841,0,0.15370659276867144,0.0,0.013299657340100192
-0.118,-0.1171,9.7014,3.9337,-1.8439,-0.2015,-0.1064,-0.1277,9.7813,842,0,0.15370659276867144,0.0,0.032870356475999646
-0.2503,0.0351,9.5436,3.5843,0.3582,-4.1004,-0.142,0.0988,9.5604,843,0,0.15370659276867144,0.0,0.04464528337658444
-0.1419,0.6016,9.519,0.1601,0.3554,0.1723,-0.0947,0.5507,9.5446,844,0,0.15355074445237718,0.0,0.04464528337658444
0.2208,0.1657,10.2795,1.0931,-5.0047,0.8025,0.2265,0.2518,10.1945,845,0,0.15019360990793296,0.0,0.08052653595722237
-0.2463,0.1413,9.8217,-5.1342,-2.8743,-1.474,-0.2589,0.1872,9.795,846,0,0.15370659276867144,0.0,0.0804904197080292
-0.0162,-0.6173,9.9633,5.8535,-2.1515,1.9297,-0.1122,-0.5935,9.9448,847,0,0.15359223705380823,0.0,0.0904904197080292
-0.5257,-0.1585,9.893,-2.5298,-0.723,1.3949,-0.5193,-0.1216,9.883,848,0,0.15370659276867144,0.0,0.08972734063745019
0.1957,0.1764,9.6309,-2.4007,1.0352,2.7462,0.2544,0.3029,9.654,849,0,0.15370659276867144,0.0,0.0608427603454794
0.0055,0.0713,9.9107,-1.2351,-0.9225,-0.2036,0.0826,0.0625,9.9659,850,0,0.15370659276867144,0.0,0.0608427603454794
-0.1627,-0.0314,10.0133,-2.5696,-2.0097,5.0645,-0.136,-0.0546,10.0062,851,0,0.15370659276867144,0.0,0.0708427603454794
-0.2987,0.2148,9.5633,4.3458,0.8988,3.6434,-0.3045,0.1448,9.6413,852,0,0.15370659276867144,0.0,0.0608427603454794
0.3719,-0.0061,9.7411,4.051,2.1447,0.9876,0.399,0.027,9.7813,853,0,0.15370659276867144,0.0,0.08084276034547941
-0.0932,-0.1665,10.1011,6.5675,0.0813,3.3122,-0.1104,-0.1622,10.1498,854,0,0.1528511125999369,0.0,0.0403523406374502
-0.1319,-0.1898,10.2388,-2.8616,0.1304,2.7249,-0.1636,-0.2201,10.2059,855,0,0.15262407051682947,0.0,0.050584239130434784
-0.2246,0.0307,9.8034,2.5436,1.8176,-0.8086,-0.2203,0.0133,9.7727,856,0,0.15370659276867144,0.0,0.0303125
-0.0789,0.8145,9.8839,0.2795,-0.6956,2.7891,-0.0342,0.7089,9.916,857,0,0.1488952481978357,0.0,0.06106616684127816
-0.004,0.1955,10.1096,4.7057,6.0677,-2.3565,-0.0992,0.2246,10.0977,858,0,0.15370659276867144,0.0,0.05635545653382294
0.1751,-0.0925,9.7703,1.9173,2.7796,2.2394,0.1213,-0.0338,9.8094,859,0,0.15370659276867144,0.0,0.04757523675360318
0.3313,-0.252,10.1872,0.9207,-1.9428,-0.5141,0.2376,-0.2518,10.0827,860,0,0.15370659276867144,0.0,0.04387869041552611
-0.1912,1.1897,9.7783,-4.7279,1.4143,2.7592,-0.191,1.1189,9.739,861,1,0.0701460578086962,0.0,0.07270375944999609
-0.1904,0.4207,9.6154,2.3442,2.6798,-1.3009,-0.2206,0.4158,9.5962,862,0,0.15370659276867144,0.0,0.052703759449996085
0.2387,-0.0984,9.6167,-0.8379,-0.3893,-2.4321,0.2562,-0.123,9.6068,863,0,0.15370659276867144,0.0,0.0627037594499961
0.1441,0.113,9.8098,3.7625,0.8448,0.5439,0.1319,0.0534,9.9183,864,0,0.15370659276867144,0.0,0.05292115075434392
0.4434,-0.4942,9.1196,-2.7022,0.7931,1.9688,0.519,-0.4588,9.139,865,1,0.07891070710311737,0.0,0.03292115075434392
0.1695,-0.3333,9.7515,-0.1397,2.8719,0.2141,0.1563,-0.3455,9.7426,866,0,0.15370659276867144,0.0,0.03292115075434392
-0.4658,0.1802,9.9245,3.1494,-2.3492,-3.7466,-0.3729,0.2054,9.9618,867,0,0.15370659276867144,0.0,0.03392115075434392
-0.2797,0.1198,9.9074,0.5899,0.7561,0.4953,-0.3519,0.1082,9.8049,868,0,0.15370659276867144,0.0,0.03392115075434392
0.0163,0.3641,9.8492,2.1345,-0.4155,-0.3469,0.048,0.3622,9.8145,869,0,0.15370659276867144,0.0,0.06565518453196732
0.1214,0.2666,9.8053,2.4641,0.0204,0.1808,0.1752,0.2463,9.7967,870,0,0.15370659276867144,0.0,0.08565518453196733
0.1013,0.235,9.7713,1.8817,-6.4972,-4.9911,0.0728,0.1684,9.7295,871,0,0.15370659276867144,0.0,0.11580982370722506
0.423,0.2208,9.6495,0.6317,-1.1501,-4.2663,0.3739,0.2213,9.6452,872,0,0.15370659276867144,0.0,0.10553405398015035
-0.0945,-0.4958,9.8791,1.4994,2.1916,-0.9073,-0.1308,-0.5465,9.8796,873,0,0.15370659276867144,0.0,0.10392115075434391
-0.4543,-0.1271,9.8897,-0.7854,-0.6188,-4.7819,-0.4116,0.0025,9.8927,874,0,0.15370659276867144,0.0,0.07832200169206882
0.6813,0.1082,9.7282,-3.0752,-2.8432,1.1003,0.7619,-0.0216,9.6927,875,0,0.13591488708174876,0.0,0.06731908198403963
0.0328,-0.5594,9.8136,-3.6016,2.4248,0.3857,0.107,-0.5059,9.7826,876,0,0.15370659276867144,0.0,0.05731908198403962
0.1941,0.3602,9.9858,-4.4021,0.8058,-3.2132,0.1257,0.4002,9.971,877,0,0.15370659276867144,0.0,0.05731908198403962
0.3495,-0.2645,9.7783,-0.7748,-0.9046,-0.4242,0.4058,-0.3026,9.7686,878,0,0.15370659276867144,0.0,0.06893198520984609
0.036,0.0206,10.1437,1.6209,-2.2299,-2.6987,0.064,-0.0029,10.1093,879,0,0.15370659276867144,0.0,0.051782239878776476
0.3172,0.4499,9.9327,-1.5587,2.9521,-0.56,0.4268,0.4569,9.8861,880,0,0.15370659276867144,0.0,0.0503831621582647
-0.2074,0.1398,9.6238,-3.4444,1.7686,-1.0704,-0.2583,0.0977,9.5551,881,0,0.15370659276867144,0.0,0.0400801318552344
-0.0139,0.4667,10.0622,-0.8519,-0.6131,5.4053,-0.0454,0.3908,10.1138,882,0,0.15370659276867144,0.0,0.06063080490315732
-0.282,-0.5685,9.8891,6.5632,-2.6415,-4.3482,-0.2493,-0.5785,9.9314,883,0,0.15274928359856635,0.0,0.05063080490315732
0.017,0.0865,9.7445,-1.7256,-5.5537,-0.6744,0.0472,0.1084,9.7372,884,0,0.15370659276867144,0.0,0.025958214834997637
-0.3577,-0.2044,9.7105,3.111,-0.3583,4.2227,-0.3232,-0.2184,9.6696,885,0,0.15370659276867144,0.0,0.025958214834997637
0.5465,-0.5141,9.7703,-1.0724,-2.3516,-0.6904,0.5037,-0.493,9.6585,886,0,0.15361879978792273,0.0,0.014683555996533657
-0.2104,-0.0752,9.7605,0.7777,-0.5416,0.1042,-0.1658,-0.0364,9.7512,887,0,0.15370659276867144,0.0,0.04063080490315732
-0.3442,0.1403,9.5456,0.2665,2.4206,3.1843,-0.325,0.1326,9.5515,888,0,0.15370659276867144,0.0,0.05063080490315732
-0.0856,0.3723,9.6242,-2.2527,1.0569,-1.4003,-0.0651,0.4228,9.6769,889,0,0.15370659276867144,0.0,0.03982788519512812
-0.0133,-0.0402,9.818,0.3477,-3.1986,2.155,-0.0208,-0.0624,9.9066,890,0,0.15370659276867144,0.0,0.025110756980874768
-0.4685,-0.1337,9.9551,-0.6867,-2.1168,-1.6689,-0.4229,-0.1684,9.9365,891,0,0.15370659276867144,0.0,0.0352586408552281
-0.212,0.3571,9.7055,-5.7496,1.7796,3.1148,-0.1658,0.3214,9.6941,892,0,0.15370659276867144,0.0,0.030795482960491255
0.3868,-0.1232,9.8319,-0.8011,-3.8496,-1.5736,0.3808,-0.1111,9.9009,893,0,0.15370659276867144,0.0,0.014683555996533657
0.2518,0.0817,10.3129,-2.4678,3.4486,-1.7751,0.2827,0.1242,10.2889,894,0,0.15280846591890376,0.0,0.00438052569350335
0.2508,-0.3291,9.8101,3.1983,-1.221,-3.1384,0.2326,-0.3323,9.8604,895,0,0.15370659276867144,0.0,0.010053115761663038
0.1199,-0.1856,9.7109,2.7679,5.8894,-5.0855,0.0364,-0.1572,9.7223,896,0,0.15370659276867144,0.0,0.044548123458866475
0.072,-0.1125,9.7832,2.7331,-0.1735,-2.6222,0.0833,-0.0815,9.8147,897,0,0.15370659276867144,0.0,0.044646184341450075
-0.3437,-0.2239,9.9998,5.3538,-4.0705,-0.4797,-0.3435,-0.2723,9.9468,898,0,0.15370659276867144,0.0,0.043772219844408655
-0.113,-0.1835,9.6628,1.1917,0.58,-2.5328,-0.085,-0.1588,9.7803,899,0,0.15370659276867144,0.0,0.06018526332266951
-0.3205,0.2059,9.9973,-2.4254,2.68,-3.5819,-0.312,0.1939,9.9983,900,0,0.15370659276867144,0.0,0.06158227824804264
-0.416,0.0939,9.5773,1.7588,-2.6766,1.9041,-0.4543,0.0446,9.5649,901,0,0.15370659276867144,0.0,0.02098526332266952
0.2347,-0.5486,9.6412,6.2456,5.387,3.2049,0.2311,-0.4452,9.6376,902,0,0.15370659276867144,0.0,0.04098526332266952
-0.5176,0.174,10.0173,1.1292,-3.6216,-1.9527,-0.4851,0.1414,9.9971,903,0,0.15370659276867144,0.0,0.034380525693503354
-0.4424,-0.3539,9.5171,2.3718,3.7315,3.9564,-0.5329,-0.3363,9.548,904,0,0.15370659276867144,0.0,0.014576575225251166
-0.4215,0.3967,9.7688,-3.3698,-1.9533,8.744,-0.4004,0.3963,9.7745,905,0,0.15026445477019068,0.0,0.01327795549594503
-0.5341,-0.3149,9.2189,-0.5795,-0.698,-1.6561,-0.5836,-0.3134,9.1589,906,0,0.09702755810979605,0.0,0.014232853311307962
-0.3953,0.2016,10.0483,1.9749,-5.0441,-1.0692,-0.4167,0.1952,10.063,907,0,0.15370659276867144,0.0,0.013929823008277659
-0.0331,-0.2509,9.4875,1.0014,-0.5418,6.9428,-0.0351,-0.2619,9.5049,908,0,0.15314501477372658,0.0,0.013929823008277659
-0.1956,-0.6426,9.8884,0.8437,3.7308,1.1624,-0.1777,-0.62,9.8642,909,0,0.15388704993742966,0.0,0.014194018359851653
0.6763,-0.0676,9.8474,4.2836,3.0418,0.851,0.6098,-0.0454,9.7565,910,0,0.15523181436563507,0.0,0.014256436561804737
-0.0015,-0.4794,9.8908,-0.0277,-0.9041,-0.5033,0.0155,-0.4388,9.9197,911,0,0.15370659276867144,0.0,0.010189754501580228
-0.3947,0.1207,9.7934,1.1605,-0.5443,2.5281,-0.4086,0.0984,9.8425,912,0,0.15370659276867144,0.0,0.020189754501580226
-0.0491,0.1439,9.5535,-1.9547,-8.4281,-1.0181,-0.0357,0.0711,9.4948,913,0,0.14981546126865944,0.0,0.006002562383353626
-0.0085,0.0683,9.7033,-0.8832,-0.5283,-1.2672,-0.0237,0.0628,9.7318,914,0,0.15370659276867144,0.0,0.006002562383353626
-0.6618,0.219,9.9511,0.4614,-0.9137,0.5754,-0.6317,0.2751,9.9652,915,0,0.1537691488359536,0.0,0.02044153337404876
0.1518,0.0924,9.6483,0.3202,-3.221,-2.864,0.2199,0.1051,9.6057,916,0,0.15370659276867144,0.0,0.02034301120656107
-0.4673,0.5003,9.8841,1.6051,2.6635,-1.4108,-0.5558,0.4879,9.8559,917,0,0.15370659276867144,0.0,0.02044153337404876
-0.1326,-0.3,9.9188,-2.9229,-2.5096,-3.4733,-0.1589,-0.3813,9.9194,918,0,0.15370659276867144,0.0,0.02034301120656107
-0.1033,0.3913,9.8211,-1.9016,-0.0684,1.7351,-0.0823,0.4858,9.9278,919,0,0.15370659276867144,0.0,0.0003430112065610698
0.259,-0.4448,9.5811,0.6708,4.5647,-2.2497,0.2362,-0.4185,9.6511,920,0,0.15370659276867144,0.0,0.010441533374048755
-0.2562,0.5978,9.5827,0.571,2.4128,-0.4264,-0.1948,0.5509,9.6038,921,0,0.15355074445237718,0.0,0.0005715826351324983
0.5103,0.1835,9.4703,0.7567,-4.2432,-1.742,0.4831,0.2457,9.4372,922,0,0.1534046229755623,0.0,0.0105715826351325
-0.2983,-0.2658,9.7766,-3.0862,-2.5215,1.8818,-0.2758,-0.2224,9.8586,923,0,0.15370659276867144,0.0,0.0005715826351324983
-0.0068,-0.0214,9.9553,2.1721,0.562,3.1601,0.036,-0.0027,10.0044,924,0,0.15370659276867144,0.0,0.0005715826351324983
-0.2064,0.2623,9.6488,-1.7541,3.3722,-0.3093,-0.3187,0.3123,9.6894,925,0,0.15370659276867144,0.0,0.001925895554247136
0.3321,-0.0268,10.0021,-2.492,0.1302,1.9678,0.2745,-0.0341,9.9317,926,0,0.15370659276867144,0.0,0.0020642583591850196
-0.1802,-0.0203,9.7986,4.6781,6.2987,3.5454,-0.1415,0.0039,9.7868,927,0,0.15370659276867144,0.0,0.001015195885566567
-0.1875,-0.0183,9.8724,-1.9872,-0.4912,0.7277,-0.1968,-0.0218,9.8691,928,0,0.15370659276867144,0.0,0.001015195885566567
-0.2415,0.6031,10.0323,-2.159,-0.088,0.2606,-0.2644,0.5683,10.0045,929,0,0.15355074445237718,0.0,0.006253291123661805
-0.0825,-0.1184,9.5373,0.0547,-1.7269,2.6518,-0.0881,-0.1782,9.5512,930,0,0.15370659276867144,0.0,0.006253291123661805
0.8021,0.1852,9.6605,4.5388,1.8188,0.8687,0.7929,0.3083,9.5978,931,0,0.15717388258282422,0.0,0.010378485292701458
0.2299,0.3774,9.7163,-0.7932,3.2903,1.1002,0.2109,0.3914,9.7463,932,0,0.15370659276867144,0.0,0.00037848529270145625
0.2984,0.4126,9.8135,-0.4658,-4.4878,0.2304,0.381,0.4603,9.8741,933,0,0.15370659276867144,0.0,0.011468897667062503
0.0254,0.4183,9.3416,0.4477,0.4612,1.5149,-0.0624,0.4193,9.365,934,0,0.15048811230813114,0.0,0.02169746909563393
0.6212,-0.4718,9.929,-1.8741,-3.1714,-0.8818,0.6115,-0.5757,9.9282,935,0,0.15512064195636943,0.0,0.026109977979784604
0.1691,0.1412,9.7744,-0.7099,-2.7686,-6.5073,0.1137,0.1378,9.7621,936,0,0.1532405209942328,0.0,0.010418325930151658
0.4341,-0.0471,9.714,4.2752,-0.1916,4.7863,0.4175,-0.0317,9.5869,937,0,0.15370659276867144,0.0,0.001100454170260796
0.0343,-0.1567,10.0957,-5.3284,-1.5144,-5.2261,0.0367,-0.2019,10.1087,938,0,0.15370659276867144,0.0,0.0004183259301516555
-0.4205,-0.1266,9.7982,1.1737,2.2024,-1.6613,-0.38,-0.0993,9.8027,939,0,0.15370659276867144,0.0,0.0004183259301516555
0.5839,-0.4199,9.6234,-6.451,-3.5945,-1.558,0.5592,-0.4061,9.6903,940,0,0.15208732668341593,0.0,0.0004183259301516555
-0.2037,-0.1898,9.8372,-0.4597,-1.864,1.22,-0.2014,-0.309,9.7491,941,0,0.15370659276867144,0.0,0.005427849739675465
-0.0161,0.3373,9.9295,0.574,1.9588,-3.8454,-0.0005,0.3367,9.9753,942,0,0.15370659276867144,0.0,0.0004183259301516555
-0.3864,-0.0602,9.8309,-4.4695,-4.558,-0.6221,-0.378,-0.0668,9.9018,943,0,0.15370659276867144,0.0,0.0004183259301516555
0.2021,0.0979,9.6462,-0.8976,-1.8258,-1.7557,0.1432,0.1164,9.6937,944,0,0.15370659276867144,0.0,0.0006508840696865392
-0.2235,0.338,9.8803,-2.785,-0.9254,-0.7572,-0.2392,0.3358,9.8062,945,0,0.15370659276867144,0.0,0.0006508840696865392
-0.4914,0.2399,10.0114,-3.2673,5.2701,1.4976,-0.488,0.2093,10.009,946,0,0.15370659276867144,0.0,0.0006508840696865392
-0.0176,0.3527,9.5855,-1.3959,-3.005,-1.2655,-0.0079,0.3823,9.5401,947,0,0.15370659276867144,0.0,0.010418325930151658
-0.1361,-0.0456,9.731,5.9342,6.44,-2.0998,-0.0922,-0.0354,9.7147,948,0,0.15370659276867144,0.0,0.0004183259301516555
-0.0647,-0.2606,9.9492,2.4357,8.6357,-2.9243,-0.0215,-0.2162,9.971,949,0,0.1384966045885434,0.0,0.0004183259301516555
-0.4423,0.3668,9.5711,1.8846,4.3173,-0.8889,-0.487,0.4027,9.5676,950,0,0.15370659276867144,0.0,0.005427849739675465
0.1553,-0.104,9.8999,-1.8886,-0.5973,1.7461,0.1235,-0.0452,9.9474,951,0,0.15370659276867144,0.0,0.005427849739675465
-0.2464,-0.299,9.5602,3.2618,-2.7438,3.649,-0.2752,-0.2783,9.5525,952,0,0.15370659276867144,0.0,0.0004183259301516555
0.0092,0.1011,9.689,1.4452,-3.64,-1.6367,-0.0098,0.13,9.7156,953,0,0.15370659276867144,0.0,0.0004183259301516555
-0.2744,0.0986,9.7472,-6.9241,-2.5175,4.5208,-0.2245,0.1789,9.7265,954,0,0.15370659276867144,0.0,0.0006508840696865392
-0.0375,-0.0774,9.9769,5.6054,0.7334,4.9797,-0.0114,-0.0663,9.9709,955,0,0.15370659276867144,0.0,0.0014627064789813568
-0.0401,0.0219,9.9081,3.6607,-6.8728,1.5822,0.0124,-0.0528,9.7711,956,0,0.15371468931029958,0.0,0.0011502064789813567
0.4894,0.1544,9.8096,-1.4006,2.4223,0.3889,0.4511,0.0854,9.8935,957,0,0.15370659276867144,0.0,0.011150206478981357
-0.2802,-0.0367,9.4746,3.6903,1.7539,0.6976,-0.2853,0.0367,9.4494,958,0,0.1534046229755623,0.0,0.0015307874364853913
0.4976,-0.0348,9.6862,0.7188,-2.2417,3.7311,0.5062,-0.0776,9.6699,959,0,0.15370659276867144,0.0,0.0076387419819399375
-0.6541,-0.131,9.427,2.9898,-0.0153,3.2585,-0.6165,-0.192,9.4329,960,0,0.15303117642388517,0.0,0.0019172519335268114
-0.2727,-0.1194,9.8061,2.4799,-1.7893,-3.0089,-0.2877,-0.0085,9.8713,961,0,0.15370659276867144,0.0,0.0076387419819399375
-0.528,0.008,9.9847,0.0386,-0.5862,-1.6343,-0.5243,0.021,9.9879,962,0,0.15370659276867144,0.0,0.0076387419819399375
-0.3985,-0.2622,9.7848,0.6127,1.9183,0.4146,-0.4067,-0.3408,9.8031,963,0,0.15370659276867144,0.0,0.006873385053397185
0.0276,0.1399,9.722,0.6869,0.6646,-1.0825,0.0523,0.1191,9.7326,964,0,0.15370659276867144,0.0,0.006873385053397185
0.2145,-0.2209,9.4615,4.2197,-2.1223,3.4303,0.1706,-0.2843,9.4948,965,0,0.15370659276867144,0.0,0.0012315487964649056
-0.2887,0.0219,9.9003,-1.3175,-3.2847,-0.3524,-0.3134,-0.0095,9.9177,966,0,0.15370659276867144,0.0,0.0012315487964649056
0.0821,-0.1564,9.4161,3.0091,0.2181,-4.4579,0.0441,-0.0367,9.4872,967,0,0.15370659276867144,0.0,0.001468341371432449
0.1064,0.4817,9.4895,6.7592,-2.8497,3.7577,0.0817,0.4586,9.4855,968,0,0.1514456549993243,0.0,0.0006676826857039849
0.0877,-0.0259,9.9651,-1.5347,5.5071,-1.2947,0.114,-0.0707,9.8577,969,0,0.15370659276867144,0.0,0.00735547118785105
0.117,-0.2046,9.7764,4.4759,3.5629,3.1148,0.1399,-0.1707,9.7937,970,0,0.15370659276867144,0.0,0.007395311825301249
-0.1672,0.1363,9.6068,-1.4702,2.2451,-4.3421,-0.2252,0.1711,9.6417,971,0,0.15370659276867144,0.0,0.0007949583296217524
-0.4661,-0.4377,9.9818,2.0558,0.1265,-3.1534,-0.3504,-0.4304,9.9113,972,0,0.15370659276867144,0.0,0.01079495832962175
0.1935,0.0146,9.8133,-2.1727,-2.5206,-0.0531,0.1975,0.0124,9.7779,973,0,0.15370659276867144,0.0,0.0007949583296217524
-0.0984,0.0971,10.1045,4.0611,-0.2571,3.896,-0.0239,0.1361,10.1624,974,0,0.15370659276867144,0.0,0.00019794340424861815
-0.2168,-0.2864,9.8907,-1.5499,-1.0332,-0.4229,-0.2533,-0.2967,9.9593,975,0,0.15370659276867144,0.0,0.00019794340424861815
-0.4282,0.5797,9.6965,-1.8048,-2.1195,-4.9036,-0.4246,0.6319,9.7034,976,0,0.15318370441863025,0.0,0.010197943404248616
-0.0817,0.2499,9.5623,0.5009,-1.033,0.9898,-0.0932,0.176,9.4998,977,0,0.15370659276867144,0.0,0.0015789423771182083
-0.4924,-0.482,9.8205,-4.4131,3.3918,4.4408,-0.4945,-0.5445,9.8325,978,0,0.15370659276867144,0.0,0.00011579000453880679
0.2264,-0.0338,9.8997,-0.398,4.5309,-1.0573,0.2627,-0.0822,9.9864,979,0,0.15370659276867144,0.0,0.0011453118253012499
-0.1455,0.2507,10.0086,0.6022,-5.7573,4.71,-0.2112,0.1952,9.9296,980,0,0.15370659276867144,0.0,0.007395311825301249
-0.0075,0.3395,9.9272,0.6427,-3.9317,1.0635,-0.0475,0.2526,9.9652,981,0,0.15370659276867144,0.0,0.00826059384673779
0.0477,-0.2218,9.7342,1.7573,-1.3533,3.7076,-0.0443,-0.1977,9.6958,982,0,0.15370659276867144,0.0,0.00826059384673779
0.3006,-0.2121,9.6067,1.8329,3.875,-0.9753,0.3728,-0.2761,9.6636,983,0,0.15370659276867144,0.0,0.024260593846737784
0.1046,0.0464,9.7534,1.3455,-0.8587,2.6047,-0.0357,0.0587,9.7351,984,0,0.15370659276867144,0.0,0.028072594003592813
0.1077,0.2688,9.7282,-1.3204,-6.7387,0.0163,0.0133,0.3546,9.7565,985,0,0.15370659276867144,0.0,0.04721941313190472
-0.6559,-0.0571,9.5557,0.5602,1.1529,-6.4683,-0.6219,-0.016,9.5546,986,0,0.1537691488359536,0.0,0.06186170073456367
-0.6321,-0.1431,9.9437,-1.4509,3.5859,-5.6199,-0.6362,-0.1917,9.9697,987,0,0.1537691488359536,0.0,0.05289943658362027
0.1507,0.0122,9.8425,-1.2002,-0.0551,2.5298,0.1522,0.0811,9.8687,988,0,0.15370659276867144,0.0,0.051861700734563664
-0.0825,0.1148,9.7792,0.9916,3.8214,-3.854,-0.1096,0.0384,9.7575,989,0,0.15370659276867144,0.0,0.051861700734563664
0.2236,0.343,9.9109,-1.5145,-0.8232,4.8957,0.2126,0.3157,9.9385,990,0,0.15370659276867144,0.0,0.06426124662695393
0.1916,0.1619,9.6143,-0.3847,1.0988,7.0284,0.1618,0.2108,9.6287,991,0,0.15314501477372658,0.0,0.07430008157841024
0.1116,0.0314,9.8945,1.9754,4.1006,-0.7381,0.1456,0.0436,9.9953,992,0,0.15370659276867144,0.0,0.0636179533383011
0.0837,-0.2155,9.5608,-0.23,0.1724,2.1203,-0.0081,-0.1196,9.5216,993,0,0.15370659276867144,0.0,0.054261246626953925
-0.1609,-0.0014,9.79,4.7451,1.4001,-7.4287,-0.1325,-0.0207,9.717,994,0,0.1513602608214693,0.0,0.06964668595441235
0.414,-0.3351,9.5959,-1.2046,2.0606,1.8478,0.4964,-0.2277,9.5788,995,0,0.15370659276867144,0.0,0.05968552090586867
0.1001,0.1877,10.0097,-1.6907,-6.3589,0.2821,0.1219,0.1537,9.9321,996,0,0.15370659276867144,0.0,0.04964668595441236
0.1083,0.4673,9.7682,4.4439,-0.3525,3.6264,0.0601,0.4425,9.7763,997,0,0.15370659276867144,0.0,0.0443288141945215
0.1487,-0.3659,9.8534,2.4132,-1.9981,-0.9891,0.1098,-0.3861,9.8128,998,0,0.15370659276867144,0.0,0.0443288141945215
-0.2217,-0.3267,9.8208,3.7002,-1.4403,-1.7904,-0.217,-0.3341,9.7994,999,0,0.15370659276867144,0.0,0.042042067750628964
0.2255,0.3056,10.1563,-2.1683,-2.6447,-1.3582,0.1911,0.3344,10.1667,1000,0,0.15370659276867144,0.0,0.012913201519876969
0.1379,0.0613,9.5177,0.3001,-5.9708,3.1912,0.0809,0.021,9.5437,1001,0,0.15370659276867144,0.0,0.02346159617654442
-0.0264,0.3207,9.5399,1.291,3.0121,4.2663,-0.0019,0.3461,9.5617,1002,0,0.15370659276867144,0.0,0.0028733608824267703
-0.3269,0.1178,9.6443,-4.4103,-0.4733,-4.266,-0.2725,0.1619,9.6441,1003,0,0.15370659276867144,0.0,0.02287336088242677
-0.1877,-0.2481,10.0304,-2.2488,3.0848,-1.9524,-0.1823,-0.28,10.0333,1004,0,0.15370659276867144,0.0,0.0027993963853853504
-0.2767,-0.1494,9.7046,1.5907,-1.6298,-1.6729,-0.2655,-0.132,9.7496,1005,0,0.15370659276867144,0.0,0.01292052693720231
0.2663,-0.4557,9.904,0.9603,-2.7772,3.8418,0.308,-0.5644,9.8824,1006,0,0.15360476376730087,0.0,0.01363523994424607
0.2612,-0.0372,9.4334,0.7042,0.9765,1.5656,0.2736,-0.0059,9.3492,1007,0,0.14725823748351777,0.0,0.01295311170413693
-0.0184,-0.2533,9.6809,-6.9552,-8.2991,3.116,-0.0238,-0.1912,9.6532,1008,0,0.14675480830418094,0.0,0.022156893895171826
-0.0465,-0.5565,9.6914,-1.2154,2.5837,4.544,-0.014,-0.5254,9.6973,1009,0,0.15370659276867144,0.0,0.047913032749021714
0.1964,-0.4994,9.6849,3.0163,7.2513,2.6061,0.2531,-0.4401,9.5826,1010,0,0.14817522004594152,0.0,0.039670291038753025
-0.148,0.3568,9.7763,-0.4067,-2.3968,1.4747,-0.1521,0.4043,9.7727,1011,0,0.15370659276867144,0.0,0.039670291038753025
-0.0895,-0.4322,9.8525,1.161,0.3059,2.2571,-0.062,-0.2644,9.9228,1012,0,0.15370659276867144,0.0,0.029670291038753027
0.4731,0.2208,10.1986,0.1255,-1.642,6.3687,0.4866,0.2177,10.1359,1013,0,0.15314501477372658,0.0,0.02476881320624072
-0.1854,0.5778,9.6557,4.4771,-3.7098,-3.7936,-0.2452,0.5853,9.5843,1014,0,0.15318370441863025,0.0,0.014768813206240714
0.2523,-0.2285,9.9303,-0.8856,1.9978,-1.4921,0.3194,-0.262,9.9722,1015,0,0.15370659276867144,0.0,0.014768813206240714
-0.3488,0.1967,9.6497,-1.8052,-0.9034,2.378,-0.3272,0.167,9.6252,1016,0,0.15370659276867144,0.0,0.014768813206240714
0.5927,0.0824,9.9053,0.0864,3.1796,-1.9975,0.5439,0.0645,9.9048,1017,0,0.15208732668341593,0.0,0.014768813206240714
0.1749,0.6163,9.7043,2.7399,-6.4546,1.0034,0.1448,0.6455,9.7015,1018,0,0.15309497375261916,0.0,0.04594136115437905
0.3173,0.0373,9.8651,-0.9523,1.7763,-0.9258,0.2957,0.1009,9.8102,1019,0,0.15370659276867144,0.0,0.06447324310077279
-0.0635,0.0594,9.9351,-0.0235,3.6526,-0.3261,-0.0676,0.047,9.948,1020,0,0.15370659276867144,0.0,0.045155371340881933
-0.2159,-0.0524,9.8184,-3.733,-2.5273,-1.1213,-0.2557,-0.0374,9.9438,1021,0,0.15370659276867144,0.0,0.04522933583792335
-0.0052,-0.4054,9.6761,-1.9207,-4.3574,-2.7048,-0.0262,-0.4632,9.6815,1022,0,0.15370659276867144,0.0,0.05267220759781422
-0.1455,0.3298,9.3933,-1.5039,-4.8762,2.0549,-0.1604,0.3348,9.4613,1023,0,0.15156287216939757,0.0,0.06257368543032653
0.1907,0.2338,9.5961,-5.6575,-2.6669,-1.7328,0.2444,0.2674,9.6747,1024,0,0.15370659276867144,0.0,0.06328571074678223
-0.3394,0.8094,9.7364,-1.0564,-6.9879,1.269,-0.3716,0.8276,9.6823,1025,0,0.13802941042359818,0.0,0.0650538261640107
0.0825,-0.6464,9.861,-1.4989,-6.1168,4.2076,0.0909,-0.6997,9.9149,1026,0,0.15087897623657942,0.0,0.0650538261640107
0.0409,0.5654,9.8298,6.7327,2.9794,-7.9831,0.0067,0.5632,9.8451,1027,0,0.14997514316991398,0.0,0.05468419792390157
-0.1323,0.1383,9.7576,-5.5256,-3.8175,1.3818,-0.1275,0.0291,9.7788,1028,0,0.15370659276867144,0.0,0.06068419792390157
0.2241,-0.2103,9.7162,-3.9293,1.0207,0.7397,0.2146,-0.2002,9.7445,1029,0,0.15370659276867144,0.0,0.05388127821587237
0.2656,-0.3457,9.7135,-2.6424,-0.4474,2.5093,0.2924,-0.3278,9.7454,1030,0,0.15370659276867144,0.0,0.03988127821587237
0.0993,0.4397,9.838,5.8772,-1.3579,-2.5439,0.1295,0.4809,9.8361,1031,0,0.15370659276867144,0.0,0.04988127821587237
0.0788,0.0347,9.9708,1.9981,2.1049,3.9467,0.1055,0.0093,9.9831,1032,0,0.15370659276867144,0.0,0.04988127821587237
0.0694,0.2383,9.7111,-3.5954,4.9709,0.5333,0.067,0.1577,9.5925,1033,0,0.15370659276867144,0.0,0.03988127821587237
-0.1085,-0.2567,9.7129,3.504,-2.8665,-1.221,-0.1483,-0.2771,9.6836,1034,0,0.15370659276867144,0.0,0.03448944195894009
0.128,0.0927,9.6561,-3.3745,0.2297,-9.3893,0.1301,0.1305,9.5702,1035,0,0.15022323174628213,0.0,0.024610233426860143
-0.2695,0.0097,9.8361,6.265,-2.3283,1.2732,-0.2854,-0.0036,9.7731,1036,0,0.15370659276867144,0.0,0.02746344777888067
-0.1388,-0.1362,9.816,-5.076,1.829,-7.6182,-0.1052,-0.115,9.8059,1037,0,0.1513602608214693,0.0,0.05488540332934464
0.1586,-0.2285,9.8906,-3.8023,2.0361,-0.4814,0.1377,-0.2861,9.8808,1038,0,0.15370659276867144,0.0,0.06488540332934464
-0.3371,-0.1428,10.1617,-0.7065,3.2946,0.2476,-0.3532,-0.2018,10.13,1039,0,0.15370659276867144,0.0,0.03584157974235468
-0.1702,0.402,9.837,0.1777,-0.191,3.6601,-0.1152,0.4015,9.7817,1040,0,0.15370659276867144,0.0,0.03584157974235468
0.6049,0.1941,9.9346,2.0238,1.4501,-0.1569,0.6004,0.2277,9.955,1041,0,0.15522247095773994,0.0,0.02535965203151131
0.0659,0.4415,10.272,-0.1737,1.7384,-2.3947,0.0365,0.3897,10.265,1042,0,0.15123737928535616,0.0,0.045359652031511315
0.3247,-0.0173,9.8402,-2.9112,7.5948,-0.7121,0.3023,0.0926,9.8681,1043,0,0.1448260528696449,0.0,0.05508791290107653
-0.3863,0.6135,9.7628,5.8243,4.5006,4.3202,-0.3949,0.5991,9.744,1044,0,0.15318370441863025,0.0,0.045458174198999
0.0552,-0.1764,10.0091,-0.4229,4.9935,3.104,0.098,-0.1462,10.01,1045,0,0.15370659276867144,0.0,0.02425817419899899
0.093,0.215,9.6082,4.0394,3.4226,-3.9571,0.0409,0.2566,9.6077,1046,0,0.15370659276867144,0.0,0.02425817419899899
0.1311,0.4512,9.4211,-2.1946,0.7128,4.1687,0.1007,0.4485,9.415,1047,0,0.152691395331968,0.0,0.023455254490969794
-0.1418,0.3479,9.8953,0.0244,-6.1937,-4.1527,-0.1779,0.2967,9.9037,1048,0,0.15370659276867144,0.0,0.02425817419899899
-0.1333,-0.2542,9.9211,0.6897,-3.1522,-4.5073,-0.2099,-0.206,9.9275,1049,0,0.15370659276867144,0.0,0.004258174198998992
-0.5253,-0.2711,9.6923,3.8468,1.5903,-0.8684,-0.4664,-0.2417,9.6979,1050,0,0.15370659276867144,0.0,0.02425817419899899
0.4392,0.454,9.6567,-2.0722,-0.2017,2.5081,0.3917,0.4795,9.6538,1051,0,0.15370659276867144,0.0,0.033301997785988954
-0.0848,-0.0896,9.8111,1.0352,1.4077,3.5245,-0.1001,-0.0423,9.7505,1052,0,0.15370659276867144,0.0,0.023455254490969794
0.1178,0.3417,9.6775,-6.5918,-5.6118,2.2967,0.1415,0.348,9.6742,1053,0,0.15370659276867144,0.0,0.03410491749401815
0.1256,-0.1861,9.7598,-3.5992,1.4853,2.3441,0.1887,-0.0859,9.671,1054,0,0.15370659276867144,0.0,0.04410491749401815
0.3842,0.4614,10.0978,-2.3642,4.3448,2.5722,0.4157,0.4709,10.077,1055,0,0.15370659276867144,0.0,0.033301997785988954
0.6719,-0.4708,10.0295,2.8371,0.5988,-3.1716,0.6519,-0.4988,10.0933,1056,0,0.15390216857023062,0.0,0.02330199778598895
0.2285,0.3454,9.6671,-1.6656,-4.0119,1.3718,0.2374,0.3011,9.587,1057,0,0.15370659276867144,0.0,0.02330199778598895
-0.0826,0.0073,9.7253,-6.0689,-1.6495,0.6038,-0.0849,0.0147,9.646,1058,0,0.15370659276867144,0.0,0.014137382731078934
-0.5762,0.1709,9.5584,0.6598,-2.3592,-1.1191,-0.5253,0.1983,9.4535,1059,0,0.1534046229755623,0.0,0.02918351536053501
0.0179,-0.2348,9.578,1.9106,-2.6234,3.6738,-0.0663,-0.2003,9.5977,1060,0,0.15370659276867144,0.0,0.02386564360064415
-0.1432,-0.2697,9.8116,4.575,-0.3732,-3.3856,-0.1378,-0.3132,9.7974,1061,0,0.15370659276867144,0.0,0.01388973998618632
0.2079,0.5135,9.6555,0.8991,3.1104,-1.1957,0.2424,0.5761,9.5706,1062,0,0.15370659276867144,0.0,0.023889739986186324
-0.2847,-0.5849,9.9668,1.8635,1.8431,-4.6135,-0.181,-0.554,10.0419,1063,0,0.15376804318490978,0.0,0.04072313152334947
-0.1234,-0.0566,9.4703,3.7099,-4.718,-0.9658,-0.0364,-0.1548,9.4726,1064,0,0.15370659276867144,0.0,0.04152605123137867
-0.4004,0.027,9.5382,1.2081,0.0685,-3.0521,-0.364,0.0317,9.5389,1065,0,0.15370659276867144,0.0,0.04072313152334947
0.271,0.0506,10.0143,4.9976,-6.3726,1.2233,0.2649,0.0867,9.9768,1066,0,0.15370659276867144,0.0,0.04598628941808631
0.1156,0.6406,9.7789,-0.6786,-2.4952,1.1958,0.1021,0.6233,9.8458,1067,0,0.15318370441863025,0.0,0.04238081313614057
-0.1621,-0.2249,9.8429,0.3956,-2.7642,1.8103,-0.1263,-0.1907,9.8486,1068,0,0.15370659276867144,0.0,0.031081606786934217
0.0389,-0.0047,9.8505,2.0355,7.5988,2.7499,0.0715,0.0287,9.9153,1069,0,0.14698742964705822,0.0,0.014668563308673348
-0.1539,0.2842,9.983,-4.1994,2.8654,-5.4035,-0.0613,0.2862,9.9881,1070,0,0.15370659276867144,0.0,0.031081606786934217
-0.3971,0.2274,9.7181,-2.5772,4.2562,1.689,-0.4244,0.2313,9.757,1071,0,0.15370659276867144,0.0,0.03027868707890502
-0.0634,0.4802,9.8303,0.0047,5.1987,-1.2643,-0.1209,0.5528,9.859,1072,0,0.15370659276867144,0.0,0.023964849949850504
-0.4576,-0.0222,9.6851,-4.4691,-2.1651,-1.8997,-0.4556,-0.0017,9.6273,1073,0,0.15370659276867144,0.0,0.024310088045088597
-0.1552,-0.2506,9.9434,-3.4596,-4.7022,4.9546,-0.0952,-0.2788,9.9641,1074,0,0.15370659276867144,0.0,0.023964849949850504
0.1028,0.2639,9.872,-0.6383,-0.6331,-1.737,0.131,0.3178,9.9126,1075,0,0.15370659276867144,0.0,0.025910772226807263
0.5919,0.2828,10.0136,1.7013,3.3625,0.1118,0.5734,0.338,10.0051,1076,0,0.15208732668341593,0.0,0.057593656974909396
0.0398,-0.2694,9.7529,-1.6563,-3.3913,-1.5629,0.0486,-0.2817,9.7793,1077,0,0.15370659276867144,0.0,0.0703498442658793
0.194,0.1578,10.0133,-4.9482,-6.6978,-0.1187,0.1556,0.1346,10.007,1078,0,0.15370659276867144,0.0,0.04211744203124243
0.2429,0.4867,9.6769,-2.9749,0.2997,-1.0791,0.2574,0.4626,9.7877,1079,0,0.15370659276867144,0.0,0.0385304855095033
0.8008,-0.0374,9.7012,-0.4448,7.3261,1.3301,0.8168,-0.0844,9.7161,1080,0,0.14480457805592772,0.0,0.0018909005001116464
-0.3699,0.0624,9.9946,2.0866,-2.9572,-5.5357,-0.4987,0.053,10.0302,1081,0,0.15370659276867144,0.0,0.0019307411375618455
-0.1336,-0.0996,9.9713,-2.4731,-7.1098,3.2885,-0.1146,-0.0763,10.0016,1082,0,0.1535830087878228,0.0,0.0019307411375618455
-0.3364,0.3372,9.5196,-3.2501,1.7907,-4.8031,-0.2302,0.2695,9.4156,1083,0,0.152691395331968,0.0,0.0019307411375618455
-0.0456,-0.2188,10.0093,-2.5577,-3.3303,2.5909,0.0512,-0.2622,10.0025,1084,0,0.15370659276867144,0.0,0.0018315347883554964
-0.0349,0.063,9.6626,2.6414,1.2892,-2.2303,-0.0441,0.1028,9.6501,1085,0,0.15370659276867144,0.0,0.0018315347883554964
-0.123,0.0389,9.7822,-1.0479,1.0892,0.1488,-0.0584,0.0047,9.7675,1086,0,0.15370659276867144,0.0,0.0017916941509052973
-0.1807,-0.2563,9.8956,-0.2621,-2.3636,-0.4426,-0.1247,-0.2507,9.8587,1087,0,0.15370659276867144,0.0,0.0018315347883554964
0.412,-0.0182,9.4944,0.2123,-1.4339,2.2612,0.4153,-0.0299,9.5024,1088,0,0.15370659276867144,0.0,0.001881402899854748
-0.2561,0.611,10.0428,-2.5987,-0.5663,-5.3347,-0.2258,0.5916,10.0257,1089,0,0.15318370441863025,0.0,0.003337901520033788
0.4049,-0.2421,9.9092,0.3111,-1.586,-4.4827,0.5058,-0.2003,9.9054,1090,0,0.15370659276867144,0.0,0.0003814486524855241
0.0243,0.0605,9.632,1.6754,2.8446,5.8593,0.0626,0.0207,9.7319,1091,0,0.15370659276867144,0.0,0.0016980608825835888
-0.3025,-0.1618,9.6483,0.0041,-1.0028,0.9605,-0.2929,-0.2274,9.7239,1092,0,0.15370659276867144,0.0,0.001737901520033788
0.0567,-0.2222,9.8713,-3.7704,-1.2409,-3.0949,0.0251,-0.1848,9.8921,1093,0,0.15370659276867144,0.0,0.001737901520033788
-0.0104,0.0416,9.6057,4.6463,1.9079,-3.0088,-0.0587,0.0353,9.5822,1094,0,0.15370659276867144,0.0,0.00013790152003378798
-0.1931,-0.2947,9.8316,-0.1334,-0.1788,-3.7411,-0.2961,-0.2269,9.8015,1095,0,0.15370659276867144,0.0,0.00013790152003378798
-0.1734,0.4572,9.5409,2.2239,3.7714,-0.0574,-0.1944,0.5136,9.4466,1096,0,0.1534046229755623,0.0,0.0017138051344916193
0.4023,0.346,9.6661,-2.1312,-2.3346,-1.5991,0.4301,0.3569,9.5833,1097,0,0.15370659276867144,0.0,0.00021385088712239556
0.6046,0.1936,9.7115,-1.7001,-5.2237,-2.8352,0.5823,0.1111,9.7749,1098,0,0.15395305979708973,0.0,0.00021385088712239556
0.102,-0.2105,9.7305,-2.541,2.247,-1.582,0.0661,-0.2035,9.8019,1099,0,0.15370659276867144,0.0,0.00021385088712239556
0.131,-0.1745,9.8565,-0.1447,-2.9846,2.3654,0.1321,-0.1407,9.8338,1100,0,0.15370659276867144,0.0,0.00021385088712239556
0.338,0.3327,9.9495,2.2164,0.9873,2.6786,0.3156,0.3114,9.8647,1101,0,0.15370659276867144,0.0,9.806088258358879e-05
-0.0408,-0.107,10.0314,-0.5456,1.2158,2.031,-0.0474,-0.1806,9.9982,1102,0,0.15370659276867144,0.0,0.00013790152003378798
-0.5444,-0.1876,9.4647,-0.5756,1.563,-0.7297,-0.6189,-0.2475,9.4619,1103,0,0.15370659276867144,0.0,0.00017401024967219638
0.0133,0.1585,9.6931,-1.0288,-3.7955,-8.56,0.0217,0.1326,9.6986,1104,0,0.15042986639950667,0.0,0.011211746098728801
-0.1726,-0.1127,10.328,1.0231,-2.3021,3.9313,-0.158,-0.1357,10.3319,1105,0,0.1266609639022138,0.0,0.0011756373690903917
-0.3624,0.3499,9.9733,2.7781,3.2815,0.8992,-0.4382,0.3408,9.9248,1106,0,0.15370659276867144,0.0,0.001151540983548223
-0.12,-0.1532,9.7761,2.6536,0.1787,-0.6595,-0.1971,-0.1572,9.7679,1107,0,0.15370659276867144,0.0,0.001151540983548223
-0.1317,-0.1604,9.6717,4.9082,-5.4256,-0.1635,-0.1443,-0.1618,9.5991,1108,0,0.15370659276867144,0.0,0.001151540983548223
0.0729,-0.0922,9.3604,2.0723,1.5731,-4.3266,0.1107,-0.0511,9.387,1109,0,0.14851064846708703,0.0,0.011151540983548225
0.0502,0.025,9.9285,0.3975,-0.7804,1.7461,0.0012,0.0738,9.8471,1110,0,0.15370659276867144,0.0,0.011151540983548225
-0.4135,0.1572,9.761,-0.2338,-1.0268,5.7931,-0.3896,0.21,9.7018,1111,0,0.15370659276867144,0.0,0.001151540983548223
0.1571,0.008,10.1177,3.5128,-1.4354,-3.1942,0.1147,0.0933,10.0956,1112,0,0.15370659276867144,0.0,0.002751540983548223
0.2091,0.4095,10.0716,-4.9607,-2.891,0.0482,0.2377,0.434,10.1051,1113,0,0.15370659276867144,0.0,0.002711700346098024
-0.5232,0.3988,9.8327,1.8992,0.6249,8.2002,-0.5787,0.3966,9.8419,1114,0,0.1470641011527472,0.0,0.0003265710919384278
-0.2817,-0.2429,9.8075,3.1524,-3.9565,-0.8526,-0.2118,-0.2441,9.7417,1115,0,0.15370659276867144,0.0,0.010326571091938429
0.2053,0.0447,9.6403,-1.4507,-4.6217,2.8739,0.1925,0.0328,9.6506,1116,0,0.15370659276867144,0.0,0.010113805134491621
-0.0605,0.1441,9.8702,-0.1369,2.225,-2.7238,-0.1059,0.1048,9.8929,1117,0,0.15370659276867144,0.0,0.020113805134491618
-0.0484,-0.2543,9.9068,-1.5796,2.1656,4.8855,-0.0447,-0.2027,9.899,1118,0,0.15370659276867144,0.0,0.010113805134491621
0.1657,-0.0691,9.8114,0.188,-0.1348,-2.9399,0.1422,-0.0211,9.7311,1119,0,0.15370659276867144,0.0,0.00011380513449161931
0.4294,0.1683,9.9017,4.0876,-0.5241,-3.4529,0.3922,0.0956,9.8762,1120,0,0.15370659276867144,0.0,0.00011380513449161931
0.4801,0.1736,9.7174,3.9734,-2.2102,5.5959,0.4954,0.2004,9.748,1121,0,0.15370659276867144,0.0,0.00011380513449161931
0.197,-0.8246,9.4886,0.3559,-2.8082,-0.1943,0.2735,-0.7412,9.5502,1122,0,0.14889637118776633,0.0,0.006404333984108706
0.1594,-0.189,9.7502,-2.441,0.3874,5.4652,0.1566,-0.1274,9.8016,1123,0,0.15370659276867144,0.0,0.006404333984108706
0.0106,-0.0993,9.7764,0.1338,2.0123,-0.7622,0.1082,-0.1167,9.8306,1124,0,0.15370659276867144,0.0,0.026404333984108706
0.0963,0.0136,9.5949,0.8185,1.3902,-5.644,0.1059,-0.032,9.5233,1125,0,0.15370659276867144,0.0,0.03783791794400845
0.6596,-0.0845,9.7205,-2.856,-1.8965,-0.9847,0.6829,-0.1714,9.6915,1126,0,0.1537385966945979,0.0,0.04397131346639652
0.0274,0.3449,9.5591,1.6174,-3.3302,-4.4859,0.0465,0.3285,9.5085,1127,0,0.15370659276867144,0.0,0.04397131346639652
-0.1418,0.2185,9.5418,5.4599,-4.2502,-0.061,-0.147,0.2265,9.6364,1128,0,0.15370659276867144,0.0,0.04397131346639652
-0.3444,-0.1466,10.2336,-6.0746,-2.4864,-4.6942,-0.3167,-0.2201,10.2275,1129,0,0.1526504524297057,0.0,0.04365881346639652
0.2291,-0.1652,9.7052,-1.2398,2.9842,2.2013,0.1632,-0.1447,9.7531,1130,0,0.15370659276867144,0.0,0.023237026463921923
-0.106,-0.0048,9.7393,-3.6385,-2.3677,-4.5805,-0.1239,0.0244,9.7921,1131,0,0.15370659276867144,0.0,0.023237026463921926
0.0812,-0.0858,9.8261,-2.5574,5.2972,-1.6969,0.1501,-0.1606,9.8682,1132,0,0.15370659276867144,0.0,0.023237026463921926
-0.303,-0.0199,9.9309,-2.34,-1.2424,0.0557,-0.2935,0.013,9.8949,1133,0,0.15370659276867144,0.0,0.013237026463921924
-0.0467,-0.0444,9.529,1.3091,-6.6657,-2.6251,-0.0618,-0.0162,9.5565,1134,0,0.15370659276867144,0.0,0.023237026463921923
-0.2327,0.1945,9.759,3.8082,-0.4396,-0.7078,-0.1141,0.1694,9.7482,1135,0,0.15370659276867144,0.0,0.023237026463921923
-0.0643,-0.018,9.6888,1.6115,1.8719,-5.6087,-0.1377,-0.0277,9.6392,1136,0,0.15370659276867144,0.0,0.023237026463921923
0.0354,-0.1839,9.6136,-2.02,-6.0705,-0.5051,0.1879,-0.1467,9.7168,1137,0,0.15370659276867144,0.0,0.023237026463921923
0.0698,0.3267,9.9448,-2.4991,-0.6863,-0.1464,0.109,0.3131,9.9232,1138,0,0.15370659276867144,0.0,0.023169458896354356
-0.383,-0.6583,9.7791,-0.1041,1.1993,-1.621,-0.4264,-0.6839,9.7863,1139,0,0.15367399288682393,0.0,0.014752953705955522
0.1409,0.0596,9.6645,-1.8316,4.7065,-0.3937,0.2481,0.0739,9.6556,1140,0,0.15370659276867144,0.0,0.0047529537059555205
0.0615,-0.0143,10.0039,-1.1203,-1.9979,-3.3116,0.0081,-0.0265,10.0695,1141,0,0.15370659276867144,0.0,0.0047529537059555205
0.1905,-0.0859,9.9399,-7.2718,1.051,3.9075,0.2343,-0.0709,9.9273,1142,0,0.15163525755496143,0.0,0.014752953705955522
0.1511,0.1476,9.8173,3.8198,0.7716,-0.4991,0.2141,0.1351,9.8528,1143,0,0.15370659276867144,0.0,0.014752953705955522
-0.1724,-0.0764,9.5826,-3.8965,1.1137,-1.5452,-0.1275,-0.1137,9.593,1144,0,0.15370659276867144,0.0,0.01482052127352309
-0.0367,-0.0561,9.8927,-2.4229,-4.1401,2.0587,-0.041,-0.1066,9.9024,1145,0,0.15370659276867144,0.0,0.01482052127352309
-0.0206,0.1283,9.6602,-4.9851,0.5533,2.8204,-0.0164,0.0959,9.6505,1146,0,0.15370659276867144,0.0,0.01482052127352309
0.2844,-0.1097,9.8463,-1.0895,3.0089,-3.6051,0.3412,-0.1466,9.8432,1147,0,0.15370659276867144,0.0,0.004820521273523088
-0.0629,-0.4042,9.965,1.5037,-5.0123,-0.3594,-0.1345,-0.3519,9.9968,1148,0,0.15370659276867144,0.0,0.004820521273523088
-0.2503,-0.2406,9.7979,-0.0238,-7.4367,1.4669,-0.2084,-0.3052,9.7796,1149,0,0.1528770972818742,0.0,0.004820521273523088
0.0559,-0.1675,9.6398,-0.8789,0.0198,-5.5574,0.0668,-0.2078,9.6697,1150,0,0.15370659276867144,0.0,0.004820521273523088
-0.345,0.231,9.6134,-1.8668,1.4198,1.0103,-0.3191,0.1569,9.6063,1151,0,0.15370659276867144,0.0,0.004820521273523088
0.0266,0.1571,9.7248,0.5959,0.3353,-1.5755,0.0336,0.1036,9.7543,1152,0,0.15370659276867144,0.0,0.004820521273523088
0.1079,-0.5501,9.7636,-2.0265,-4.876,3.0316,0.1779,-0.541,9.8048,1153,0,0.15370659276867144,0.0,0.004820521273523088
0.5163,-0.1555,9.6408,1.5551,-5.4861,3.0969,0.4569,-0.13,9.7821,1154,0,0.15370659276867144,0.0,0.00491105647275394
-0.2595,-0.353,9.6479,1.8488,1.0262,3.7753,-0.2831,-0.3382,9.6537,1155,0,0.15370659276867144,0.0,0.014911056472753939
-0.0179,-0.2347,9.6876,7.1749,0.6004,-6.2153,-0.0073,-0.2448,9.7424,1156,0,0.15242389511884455,0.0,0.02476573250393326
0.1633,0.269,9.8568,-1.7368,-4.3903,-2.5627,0.0753,0.2763,9.8237,1157,0,0.15370659276867144,0.0,0.02476573250393326
0.1116,0.0399,9.6036,-4.0175,-3.3267,1.2379,0.1376,0.0483,9.6302,1158,0,0.15370659276867144,0.0,0.02476573250393326
-0.1605,0.0387,9.8457,4.1472,4.775,5.5478,-0.1782,-0.0461,9.8595,1159,0,0.15370659276867144,0.0,0.024923835270731675
-0.3604,-0.3364,9.7551,-0.8027,0.103,-3.576,-0.3518,-0.3538,9.6871,1160,0,0.15370659276867144,0.0,0.023996501734702486
0.0113,-0.0065,9.8502,-1.4334,-1.2939,1.1582,0.0639,0.0026,9.8776,1161,0,0.15370659276867144,0.0,0.02476573250393326
-0.2769,0.2298,9.62,-3.3865,2.3794,-1.5698,-0.2205,0.2283,9.5673,1162,0,0.15370659276867144,0.0,0.02476573250393326
0.1573,-0.4449,9.6517,2.1071,-2.4166,-1.1621,0.0999,-0.412,9.5913,1163,0,0.15370659276867144,0.0,0.14139415355656484
0.3761,0.1623,10.1477,-2.2038,-5.0824,-0.1087,0.3724,0.1487,10.1304,1164,0,0.15370659276867144,0.0,0.03476573250393326
0.1286,0.8291,10.158,-5.7091,-0.8722,0.4379,0.0746,0.8023,10.1417,1165,0,0.1348004390935494,0.0,0.04266046934603852
0.4952,0.0695,9.5454,3.6527,2.7794,2.296,0.4585,0.1067,9.7039,1166,0,0.15370659276867144,0.0,0.03266046934603852
-0.3163,0.2142,9.8828,1.2094,-1.2071,0.3464,-0.2924,0.2251,9.8849,1167,0,0.15370659276867144,0.0,0.02266046934603852
-0.4416,-0.0222,9.6298,-3.7327,0.2202,-1.1708,-0.3366,0.0152,9.6104,1168,0,0.15370659276867144,0.0,0.012660469346038521
-0.3846,0.1824,9.8279,2.0541,0.7666,5.3252,-0.3589,0.1937,9.8254,1169,0,0.15370659276867144,0.0,0.002660469346038521
-0.3256,0.123,10.0419,2.6623,-0.2789,-1.0335,-0.3299,0.1435,10.0757,1170,0,0.15370659276867144,0.0,0.012660469346038521
-0.0361,-0.3231,9.4579,-5.3967,4.2106,-4.8138,-0.1533,-0.3439,9.4629,1171,0,0.15370659276867144,0.0,0.03266046934603852
0.3523,-0.4562,9.3795,-3.3088,-0.0177,2.1659,0.3265,-0.4731,9.3146,1172,0,0.14479753404781898,0.0,0.07242046934603852
0.1251,0.0897,9.5549,0.3483,-4.8513,-4.0825,0.1819,0.101,9.5426,1173,0,0.15370659276867144,0.0,0.04266046934603852
-0.5099,0.2602,10.3057,1.706,2.3353,0.0126,-0.5089,0.2969,10.3238,1174,0,0.13492396968392037,0.0,0.04087475506032424
-0.2359,-0.058,9.9144,-2.6978,-0.3018,0.594,-0.207,-0.0733,9.9364,1175,0,0.15370659276867144,0.0,0.030634755060324235
0.0067,0.5469,9.8005,-4.5731,-1.3789,-2.4733,0.0131,0.5248,9.8291,1176,0,0.15355074445237718,0.0,0.04063475506032423
-0.2923,-0.0264,10.0255,-0.4995,-1.3886,-1.2374,-0.2987,0.0147,10.1194,1177,0,0.15370659276867144,0.0,0.04063475506032423
0.171,0.0379,10.0862,-2.2604,7.0884,0.9444,0.1821,0.123,10.0873,1178,0,0.15124469797025802,0.0,0.05952364394921312
0.1369,0.2091,9.8367,1.8606,5.924,7.0523,0.2246,0.2859,9.7687,1179,0,0.15314501477372658,0.0,0.03150250799704269
-0.0525,0.2732,9.9006,-0.2208,2.7878,-3.6298,-0.1041,0.2341,9.9198,1180,0,0.15370659276867144,0.0,0.03150250799704269
0.1533,0.0413,9.6749,1.4519,0.9374,5.4259,0.1407,0.0221,9.7159,1181,0,0.15370659276867144,0.0,0.03079285782712265
-0.1397,0.0849,10.1203,-6.0657,-5.9322,-6.3379,-0.1514,0.1024,10.0933,1182,0,0.15370659276867144,0.0,0.05672185758944586
-0.0497,-0.2639,10.3503,0.4176,-1.9386,-2.281,-0.0021,-0.3056,10.358,1183,0,0.12324883573000044,0.0,0.04872735209494037
-0.3398,-0.0069,9.896,0.201,-6.3051,1.5177,-0.2651,-0.0112,9.858,1184,0,0.15370659276867144,0.0,0.04872735209494037
0.5058,-0.1352,9.8303,-3.7149,2.8274,1.584,0.4333,-0.2121,9.8607,1185,0,0.15370659276867144,0.0,0.023666105269335613
-0.4159,0.0179,9.9227,-2.6279,-0.1663,1.6625,-0.3591,0.066,9.8949,1186,0,0.15370659276867144,0.0,0.028885454861738786
-0.1166,0.1173,9.8509,-0.3514,-3.9006,-0.2039,-0.0337,0.1657,9.7312,1187,0,0.15370659276867144,0.0,0.04821474625999571
-0.082,0.0313,9.3869,3.6308,-3.5421,-4.3332,-0.0685,0.0793,9.407,1188,0,0.15041508084355287,0.0,0.03279835233261716
0.3692,0.0242,9.8204,-2.5376,-1.4158,1.927,0.3349,-0.0021,9.7464,1189,0,0.15370659276867144,0.0,0.06211622409250803
-0.1556,-0.3099,9.921,-2.5984,5.1688,2.7236,-0.1349,-0.3283,9.944,1190,0,0.15370659276867144,0.0,0.012116224092508017
0.3485,-0.2717,9.9429,-1.4121,-2.8297,-1.1476,0.3953,-0.2229,9.8819,1191,0,0.15370659276867144,0.0,0.022116224092508015
-0.4706,0.5836,9.7412,4.2723,1.6388,-6.1706,-0.5319,0.6121,9.8333,1192,0,0.15318370441863025,0.0,0.03372083980682877
-0.2501,-0.1052,9.6589,0.3836,1.3099,0.0024,-0.1718,-0.1392,9.6769,1193,0,0.15370659276867144,0.0,0.023038711566719633
-0.1017,-0.2871,9.6358,2.2019,0.828,-0.6945,-0.0778,-0.2847,9.6578,1194,0,0.15370659276867144,0.0,0.025538711566719635
-0.2453,-0.4438,9.9698,5.3358,-3.0522,-7.8631,-0.3632,-0.4385,9.9291,1195,0,0.15152296743303956,0.0,0.055897676922427746
-0.2672,0.492,9.8385,3.0366,2.1619,0.488,-0.3129,0.4789,9.8865,1196,0,0.15370659276867144,0.0,0.07339767692242774
0.0956,-0.3137,10.205,1.1571,0.139,-1.3216,0.1412,-0.3415,10.1702,1197,0,0.15370659276867144,0.0,0.051590710304140364
0.0986,-0.2468,9.7848,-1.0867,-5.8333,2.5649,0.0393,-0.2718,9.8398,1198,0,0.15370659276867144,0.0,0.062359941073371145
-0.3936,-0.054,9.7795,-0.1667,-4.0776,-3.3495,-0.3489,-0.0274,9.762,1199,0,0.15370659276867144,0.0,0.07262844615319697
-0.4637,-0.3962,9.7352,-0.9749,-0.4432,1.1135,-0.4497,-0.41,9.7519,1200,0,0.15370659276867144,0.0,0.02217894559825801
-0.2081,-0.2532,9.9062,1.2332,0.9663,-1.4454,-0.1581,-0.3962,9.9327,1201,0,0.15370659276867144,0.0,0.03159071030414037
-0.5031,0.0487,9.842,6.1548,-2.66,0.547,-0.5403,0.0454,9.856,1202,0,0.15370659276867144,0.0,0.03217894559825801
0.1588,0.4421,9.6701,-2.8705,1.2675,1.6312,0.1734,0.4131,9.6603,1203,0,0.15370659276867144,0.0,0.0021789455982580107
-0.3805,-0.1324,9.6422,-1.5134,0.1605,-1.8351,-0.4396,-0.1249,9.6501,1204,0,0.15370659276867144,0.0,0.003428945598258011
0.381,-0.3813,10.3901,-2.2662,3.4682,-2.2031,0.3674,-0.325,10.367,1205,0,0.12018012299773576,0.0,0.0021789455982580107
-0.4549,0.182,10.0517,-4.9472,-4.2837,2.8568,-0.5036,0.2822,10.0576,1206,0,0.15370659276867144,0.0,0.023428945598258012
0.1939,0.0296,9.675,2.3385,-0.752,2.422,0.1601,-0.0421,9.6337,1207,0,0.15370659276867144,0.0,0.04342894559825801
-0.1911,0.2487,9.8345,2.2687,2.4268,2.8291,-0.1831,0.2545,9.7467,1208,0,0.15370659276867144,0.0,0.013209165378477793
-0.7584,0.2346,9.6657,1.2267,0.6472,-0.4048,-0.7667,0.3625,9.7164,1209,0,0.16893341993100958,0.0,0.011743611528612705
-0.4903,-0.391,9.4289,2.1406,-5.5529,-1.5087,-0.5014,-0.3836,9.4491,1210,0,0.1534046229755623,0.0,0.011743611528612705
0.2275,-0.0687,9.4107,3.7559,-2.1938,-1.2182,0.2717,-0.0366,9.3653,1211,0,0.14725823748351777,0.0,0.00286025973828417
0.1072,-0.1,9.6837,5.7361,4.7872,-6.633,0.073,-0.1228,9.7718,1212,0,0.1532405209942328,0.0,0.012253323322099198
0.025,0.2421,9.9111,-0.7787,1.5638,-3.9394,0.0876,0.1796,9.8362,1213,0,0.15370659276867144,0.0,0.012253323322099198
-0.385,-0.2902,9.507,1.8511,-0.1752,-4.1512,-0.3842,-0.3416,9.5215,1214,0,0.15370659276867144,0.0,0.012253323322099198
0.4679,0.2423,9.5084,-0.0752,0.9729,1.3899,0.4894,0.3046,9.4765,1215,0,0.15370659276867144,0.0,0.0065784124212758
-0.0517,0.2588,9.5712,-4.9137,3.5409,-1.4863,-0.0317,0.2368,9.6333,1216,0,0.15370659276867144,0.0,0.0065784124212758
0.1223,0.1756,9.9174,3.1266,-0.1968,1.838,0.0486,0.2193,9.9656,1217,0,0.15370659276867144,0.0,0.0065784124212758
0.1967,0.0157,9.8777,4.6089,2.3697,-2.8211,0.2107,-0.0317,9.9154,1218,0,0.15370659276867144,0.0,0.006502463054187192
0.407,-0.3668,9.8989,1.6972,-0.7994,-0.4358,0.3102,-0.3794,9.9336,1219,0,0.15370659276867144,0.0,0.00029230369163739134
-0.0825,-0.4137,10.0937,1.2738,-2.209,-2.2415,-0.0967,-0.3771,10.0888,1220,0,0.15370659276867144,0.0,0.0003682530587259989
-0.0689,0.1341,10.0283,-3.1613,-6.4162,-2.6626,-0.1168,0.1322,9.9547,1221,0,0.15370659276867144,0.0,0.00029230369163739134
0.1641,0.3884,9.643,-5.159,0.2694,0.6328,0.1634,0.3272,9.6577,1222,0,0.15370659276867144,0.0,0.00029230369163739134
0.0611,-0.0453,9.8416,1.1927,-5.7383,2.944,0.0136,-0.0435,9.8603,1223,0,0.15370659276867144,0.0,0.00029230369163739134
0.6287,0.4072,9.7699,-4.9071,-0.5596,-0.105,0.6641,0.4423,9.787,1224,0,0.15344670773116875,0.0,0.00029230369163739134
0.1723,0.2316,9.9524,-2.4567,0.1082,-4.7047,0.1484,0.3416,9.9514,1225,0,0.15370659276867144,0.0,0.00029230369163739134
-0.3317,0.1459,9.7899,-2.0528,-1.8482,-2.8186,-0.2956,0.1005,9.8462,1226,0,0.15370659276867144,0.0,0.00029230369163739134
0.3931,-0.1291,9.8855,-2.8868,-3.1615,0.4569,0.342,-0.165,9.9564,1227,0,0.15370659276867144,0.0,0.00029230369163739134
-0.396,-0.161,10.0323,-0.2711,0.7856,-1.1006,-0.3649,-0.1689,10.0487,1228,0,0.15370659276867144,0.0,0.0003682530587259989
-0.2864,-0.2033,9.8964,0.0827,-0.4842,6.8346,-0.2858,-0.2147,9.9526,1229,0,0.15314501477372658,0.0,0.0012151894749109701
-0.5676,0.1968,9.8397,-0.5985,0.4612,0.5987,-0.6187,0.2045,9.8593,1230,0,0.15370659276867144,0.0,0.0011159831257046206
-0.0638,-0.3447,9.8137,1.7955,-1.4244,-3.0413,-0.1239,-0.3408,9.8204,1231,0,0.15370659276867144,0.0,0.0011159831257046206
-0.2756,0.005,9.9628,2.2983,-5.101,-4.9045,-0.3721,0.0526,9.9332,1232,0,0.15370659276867144,0.0,0.007160106985295842
0.0139,-0.0317,9.9783,-0.9604,-0.4326,-0.7091,-0.0201,-0.0499,9.9195,1233,0,0.15370659276867144,0.0,0.0009101069852958417
0.051,0.4057,9.7818,0.7346,3.4346,-1.04,0.0263,0.4447,9.8473,1234,0,0.15370659276867144,0.0,0.0009499476227460409
0.0487,-0.3743,10.1074,-2.3566,-2.444,-1.9054,-0.0197,-0.3484,10.119,1235,0,0.15370659276867144,0.0,0.0009101069852958417
0.4177,-0.2352,9.6806,-2.9161,3.413,-0.333,0.3977,-0.2204,9.6306,1236,0,0.15370659276867144,0.0,0.0009499476227460409
-0.0495,0.245,9.6711,-5.5822,2.8695,-6.5212,-0.0392,0.3057,9.6194,1237,0,0.1532405209942328,0.0,0.0011159831257046206
-0.1908,0.2547,9.949,1.5935,2.4647,3.269,-0.1167,0.1972,9.9453,1238,0,0.15370659276867144,0.0,0.0012371136775215792
0.1226,-0.574,9.6905,-4.5729,-2.1557,-2.7627,0.0837,-0.5685,9.6725,1239,0,0.15360476376730087,0.0,0.0011159831257046206
-0.0997,-0.2634,9.7969,0.5501,1.7197,1.9585,-0.1374,-0.2039,9.7613,1240,0,0.15370659276867144,0.0,0.0008759831257046207
0.2383,0.0478,9.4773,-0.0193,1.2253,1.0433,0.2595,0.1196,9.4925,1241,0,0.15370659276867144,0.0,0.0008759831257046207
-0.3679,-0.1089,10.0283,1.6678,-1.0897,-0.1236,-0.3054,-0.0823,9.9973,1242,0,0.15370659276867144,0.0,0.0008759831257046207
-0.4157,-0.0291,9.707,-2.0107,-0.8843,3.6076,-0.3816,-0.0869,9.7243,1243,0,0.15370659276867144,0.0,0.0008361424882544216
-0.6708,-0.2131,9.7844,1.8656,-2.2524,0.5895,-0.7022,-0.17,9.7391,1244,0,0.15003387253645406,0.0,0.0008361424882544216
-0.5779,0.0418,9.8057,-0.2655,2.73,1.4269,-0.5687,0.0362,9.8154,1245,0,0.15370659276867144,0.0,0.020836142488254418
0.6554,0.2571,10.1255,1.3905,1.317,-7.1656,0.6108,0.2267,10.147,1246,0,0.1549258758036275,0.0,0.0010646623709876396
-0.0375,0.0019,9.5472,-2.5759,3.6054,-5.9136,-0.0364,0.1149,9.5038,1247,0,0.15370659276867144,0.0,0.0010248217335374404
0.0205,0.1469,9.9301,-1.5443,-3.2191,-7.8597,0.049,0.1077,9.962,1248,0,0.1513602608214693,0.0,0.0010248217335374404
0.577,0.1478,9.854,-2.5252,1.7396,2.2978,0.5619,0.0843,9.859,1249,0,0.15208732668341593,0.0,0.001185792922804598
-0.3131,0.3542,9.6273,0.6838,4.6571,-3.3185,-0.3193,0.4527,9.6411,1250,0,0.15370659276867144,0.0,0.000997113677521579
-0.1961,-0.0699,9.8465,-2.474,0.5863,0.5663,-0.1972,-0.1287,9.8832,1251,0,0.15370659276867144,0.0,0.000997113677521579
0.1424,-0.1566,9.777,-5.3266,1.5565,-0.9573,0.1502,-0.1985,9.8715,1252,0,0.15370659276867144,0.0,0.0011647114428847076
-0.4914,-0.1143,9.5973,3.6225,1.6553,-0.1411,-0.5234,-0.0586,9.6678,1253,0,0.15370659276867144,0.0,0.000997113677521579
-0.363,-0.2465,9.6878,-3.6047,2.0753,-0.6545,-0.4044,-0.2116,9.6494,1254,0,0.15370659276867144,0.0,0.000997113677521579
0.0146,-0.0144,9.5048,0.3221,-2.3303,5.2732,0.0306,0.0847,9.4921,1255,0,0.15370659276867144,0.0,0.000390177261336608
0.0778,0.1974,9.7125,2.1241,-6.3641,-1.0385,0.1087,0.1806,9.7329,1256,0,0.15370659276867144,0.0,0.01031561036452489
0.384,-0.0426,9.7013,-1.8655,2.6664,3.3947,0.3575,-0.1138,9.6843,1257,0,0.15370659276867144,0.0,0.010160971189267159
-0.5254,-0.1825,9.9798,2.0021,-1.3988,1.1924,-0.4868,-0.1915,9.9502,1258,0,0.15370659276867144,0.0,0.010236920556355767
-0.1929,0.457,9.642,1.6502,0.8725,1.2612,-0.1461,0.448,9.6673,1259,0,0.15370659276867144,0.0,0.02031561036452489
-0.0701,0.3386,9.8833,2.9193,3.3709,0.7506,-0.0131,0.3878,9.9139,1260,0,0.15370659276867144,0.0,0.01031561036452489
-0.3756,-0.2496,9.5815,-1.0195,1.7177,5.9085,-0.3726,-0.28,9.5906,1261,0,0.15370659276867144,0.0,0.020121130551816958
-0.2245,0.022,9.6943,0.8626,6.1977,-0.8833,-0.2011,0.0264,9.7227,1262,0,0.15370659276867144,0.0,0.0318743872567978
0.1368,0.2135,10.0954,1.402,-0.455,2.626,0.2435,0.2506,10.1637,1263,0,0.15370659276867144,0.0,0.03202902643205553
0.0571,-0.4177,9.7932,-1.8669,-0.6802,-7.2165,0.0249,-0.4107,9.7625,1264,0,0.15213942367062078,0.0,0.010441985022160928
0.0056,0.4587,9.9199,4.3363,-2.0654,0.1971,-0.0905,0.4794,9.8721,1265,0,0.15370659276867144,0.0,0.0004419850221609297
0.207,0.362,9.5695,-1.0481,-3.8832,0.9147,0.2242,0.2792,9.7045,1266,0,0.15370659276867144,0.0,0.0005159495192023499
-0.4419,-0.08,9.8505,1.1435,-1.242,-2.7352,-0.389,-0.0885,9.7391,1267,0,0.15370659276867144,0.0,0.0005918988862909574
0.3313,0.4123,10.1299,-0.193,-3.1351,-0.679,0.3513,0.4522,10.0903,1268,0,0.15370659276867144,0.0,0.010591898886290958
0.1452,0.0816,9.8646,1.1701,-2.9965,-4.5081,0.2083,0.0039,9.9225,1269,0,0.15370659276867144,0.0,0.010591898886290958
0.1674,0.0781,9.9593,-2.6577,1.5884,0.2123,0.1989,0.1282,9.9545,1270,0,0.15370659276867144,0.0,0.0005159495192023499
0.048,0.2052,9.7643,0.2523,0.7534,1.1942,0.0175,0.2712,9.7269,1271,0,0.15370659276867144,0.0,0.030515949519202352
-0.4247,0.4467,9.6668,-0.864,-2.6163,-10.0684,-0.4352,0.4399,9.6658,1272,0,0.15022323174628213,0.0,0.03042430112092783
0.3938,0.2093,9.6087,-1.1091,4.4484,-4.6566,0.3983,0.226,9.6499,1273,0,0.15370659276867144,0.0,0.02042430112092783
0.0672,-0.0884,9.9618,-0.4244,-4.8326,3.0467,0.1527,-0.1066,10.0409,1274,0,0.15370659276867144,0.0,0.00034835175383922124
0.5123,0.7196,9.324,2.9577,3.7153,-0.7178,0.5364,0.7483,9.2749,1275,0,0.0841950249765293,0.0,0.052198124402269855
0.3543,0.101,9.8293,-1.3116,-1.3438,2.7512,0.4257,0.1461,9.8454,1276,0,0.15370659276867144,0.0,0.05102515025023582
0.3739,-0.1643,9.7008,-5.0536,-2.4218,-0.183,0.3015,-0.0977,9.6061,1277,0,0.15370659276867144,0.0,0.05102515025023582
-0.0873,-0.0593,9.5795,-1.6515,-4.6144,-1.9954,-0.0252,0.028,9.5846,1278,0,0.15370659276867144,0.0,0.04178722035081008
-0.0062,0.1588,9.6032,0.1838,0.3081,1.3109,-0.002,0.1402,9.663,1279,0,0.15370659276867144,0.0,0.052052460531753574
0.177,0.048,10.2138,1.5291,-4.0216,-3.6557,0.1588,0.0411,10.2044,1280,0,0.15262407051682947,0.0,0.03914617833033737
0.6518,-0.0937,9.6912,-3.881,4.4634,0.1264,0.5897,-0.0135,9.6972,1281,0,0.15406360268286645,0.0,0.032746922517390795
-0.179,0.236,9.8378,0.6917,-0.5607,-1.2278,-0.2355,0.1602,9.8122,1282,0,0.15370659276867144,0.0,0.04275868515740488
0.492,0.1654,9.9751,-0.7183,-2.7524,4.1337,0.448,0.2139,9.9394,1283,0,0.15370659276867144,0.0,0.03348392100646148
-0.312,0.3827,9.8807,-1.6582,-0.158,-1.4908,-0.2566,0.3891,9.8564,1284,0,0.15370659276867144,0.0,0.02379642100646148
0.4439,0.1769,9.5778,0.3797,2.2144,-1.1016,0.4902,0.1762,9.5784,1285,0,0.15370659276867144,0.0,0.032016683366457306
-0.1609,-0.0324,9.8609,-2.4244,0.5842,-4.3312,-0.1296,0.0262,9.7688,1286,0,0.15370659276867144,0.0,0.03305441921551391
0.2175,-0.3489,9.9237,-5.3657,0.5432,0.1472,0.2712,-0.3373,9.9338,1287,0,0.15370659276867144,0.0,0.03305441921551391
0.399,0.0786,9.5251,3.9402,-1.3592,-1.8679,0.3111,0.0956,9.6107,1288,0,0.15370659276867144,0.0,0.03305441921551391
0.0606,-0.2874,9.7612,4.1524,1.9467,1.3045,0.0533,-0.2826,9.835,1289,0,0.15370659276867144,0.0,0.03210705079446127
0.3772,-0.319,9.9506,1.5614,-1.9906,1.9034,0.4923,-0.3164,9.9291,1290,0,0.15370659276867144,0.0,0.03305441921551391
0.1461,0.1123,10.1106,-2.1856,1.5583,0.9322,0.109,0.0502,10.1293,1291,0,0.15370659276867144,0.0,0.05318965751849133
-0.4567,-0.0961,9.9327,6.4225,0.3675,0.0804,-0.441,-0.0881,9.882,1292,0,0.1528511125999369,0.0,0.03394152347239723
-0.0217,-0.1479,10.0207,2.953,1.3401,5.1745,-0.0023,-0.1338,9.9688,1293,0,0.15370659276867144,0.0,0.03394152347239723
-0.2194,-0.1174,10.0116,-1.691,-3.9823,1.7277,-0.2237,-0.1413,10.0585,1294,0,0.15370659276867144,0.0,0.06540628516941979
0.4282,0.0457,10.1226,-2.2658,-0.0963,0.6134,0.4172,0.1333,10.1523,1295,0,0.15370659276867144,0.0,0.0441684869495165
-0.3374,0.3187,9.9168,-3.2748,-0.4572,1.854,-0.2925,0.3199,9.947,1296,0,0.15370659276867144,0.0,0.03654042436999752
0.2701,0.0017,9.8107,2.8686,-0.9677,-1.4054,0.1877,-0.0219,9.7764,1297,0,0.15370659276867144,0.0,0.034228389053102465
-0.0608,0.363,9.9032,-2.3094,1.7371,-3.5391,-0.1358,0.2828,9.8558,1298,0,0.15370659276867144,0.0,0.04422838905310247
0.0836,-0.0459,9.7957,-6.4454,-3.2661,0.5841,-0.0095,-0.0989,9.8533,1299,0,0.15370659276867144,0.0,0.03301431661048015
0.0823,-0.0905,9.8451,0.2271,-1.3892,-2.1399,0.092,-0.0444,9.8301,1300,0,0.15370659276867144,0.0,0.04063454595479064
0.0135,-0.2375,9.6926,2.2315,6.7512,2.1811,0.0532,-0.2241,9.6449,1301,0,0.15370659276867144,0.0,0.04063454595479064
-0.4221,-0.5031,9.6827,-0.6182,1.1105,2.3787,-0.4122,-0.5508,9.6896,1302,0,0.15370659276867144,0.0,0.027811602124322682
-0.2039,-0.1299,9.8907,-6.379,5.3238,-0.3642,-0.2303,-0.1266,9.8669,1303,0,0.15370659276867144,0.0,0.027473083246727068
-0.1571,-0.1752,9.6697,0.5002,0.6097,0.8191,-0.2108,-0.1979,9.7149,1304,0,0.15370659276867144,0.0,0.017668767080965115
0.1453,-0.2738,9.54,-2.8004,5.3667,5.1243,0.0942,-0.2628,9.6601,1305,0,0.15370659276867144,0.0,0.01726336167555971
-0.2611,-0.2858,9.7172,-8.7858,5.2957,-3.4873,-0.2759,-0.2626,9.6519,1306,0,0.14495180150146894,0.0,0.02457862953448642
-0.0846,0.1741,9.8304,2.2543,-0.3703,2.9538,-0.0021,0.1687,9.9035,1307,0,0.15370659276867144,0.0,0.01453189323775013
0.109,0.5752,10.0025,3.52,-2.7994,4.433,0.1508,0.5272,10.0424,1308,0,0.15355074445237718,0.0,0.007437290397391673
0.0875,-0.0484,9.7554,-4.7791,0.6075,0.7262,0.1011,-0.004,9.7332,1309,0,0.15370659276867144,0.0,0.008336137357559387
-0.1265,0.2305,9.6046,5.6292,0.1595,0.0712,-0.032,0.2044,9.6355,1310,0,0.15370659276867144,0.0,0.018336137357559387
0.1929,0.1158,9.7135,-0.5731,1.2031,-2.9744,0.1655,0.1265,9.7114,1311,0,0.15370659276867144,0.0,0.009535298783135908
-0.1833,-0.0282,9.8953,-5.8161,0.1618,-4.5494,-0.1278,-0.0205,9.8256,1312,0,0.15370659276867144,0.0,0.008582638397755214
0.5542,0.0606,9.7926,0.3851,-1.3113,-0.2427,0.5794,0.0895,9.9599,1313,0,0.15361879978792273,0.0,0.008917007319985014
0.1996,-0.2615,10.0667,4.5796,2.1268,2.9998,0.2011,-0.2058,10.1151,1314,0,0.15370659276867144,0.0,0.02786443924435184
0.1594,0.3742,9.4887,-3.8894,-4.1839,-1.3802,0.0696,0.3867,9.5334,1315,0,0.15370659276867144,0.0,0.02311929703089084
-0.0588,0.0729,9.6695,0.3464,2.1788,3.5687,-0.0922,0.023,9.7219,1316,0,0.15370659276867144,0.0,0.030117192242497245
0.2992,-0.0312,9.4224,-3.3452,5.399,-1.7947,0.2713,-0.0442,9.3859,1317,0,0.1508470366944779,0.0,0.0418405881544166
0.0628,-0.253,9.7964,-0.4474,0.256,1.036,0.0352,-0.255,9.7128,1318,0,0.15370659276867144,0.0,0.0326920784082973
-0.2342,0.0093,9.6787,0.3026,3.1232,0.1519,-0.2851,0.0293,9.6513,1319,0,0.15370659276867144,0.0,0.021580967297186185
-0.1806,-0.1343,9.8241,1.3518,-1.921,0.5909,-0.1484,-0.1112,9.7746,1320,0,0.15370659276867144,0.0,0.022147005033035242
0.3881,0.1107,9.9252,0.91,-3.1442,2.8631,0.4645,0.1619,9.9458,1321,0,0.15370659276867144,0.0,0.021620807934636384
0.2367,0.0911,9.7942,-7.1197,-3.7759,-7.2145,0.213,0.1585,9.7877,1322,0,0.151445057595247,0.0,0.04115166643308564
-0.4197,0.1198,10.131,0.3793,-0.6829,-7.1283,-0.5258,0.0875,10.1971,1323,0,0.1523548249078376,0.0,0.03072947704330549
-0.0579,-0.0738,9.4762,8.4074,3.4859,1.5339,-0.0816,-0.0698,9.4138,1324,0,0.1075218427131984,0.0,0.022503380288912772
-0.2288,-0.1076,9.7042,1.5448,2.0541,-3.7983,-0.2701,-0.104,9.6904,1325,0,0.15370659276867144,0.0,0.014103380288912767
0.1349,0.0056,10.2101,2.7679,-6.6925,0.5418,0.2027,-0.0562,10.3132,1326,0,0.09793840788518056,0.0,0.012103882275541124
-0.2329,0.1984,9.8416,-3.672,1.6748,-0.4283,-0.2835,0.1765,9.9164,1327,0,0.15370659276867144,0.0,0.012064041638090925
0.1042,-0.7152,10.0161,0.6131,-0.3639,2.4156,0.1648,-0.773,9.9978,1328,0,0.1493126495832254,0.0,0.012792108606092856
-0.5168,0.4424,9.7087,2.0334,3.2683,-1.0639,-0.5551,0.3874,9.7279,1329,0,0.15370659276867144,0.0,0.055266002151372194
-0.2156,-0.006,10.2071,1.394,-0.7623,0.1154,-0.0941,-0.0618,10.2906,1330,0,0.14727083411008693,0.0,0.06495633327031752
0.2683,-0.2602,9.7332,-0.2711,0.8193,-0.9452,0.2042,-0.2801,9.7127,1331,0,0.15370659276867144,0.0,0.05316652800113081
0.0392,0.1708,10.0435,-7.2925,2.634,1.0641,0.0104,0.1031,9.9596,1332,0,0.1519533231313492,0.0,0.05301188882587308
-0.077,-0.2609,9.6102,1.4501,5.0761,-0.747,-0.0548,-0.2278,9.5856,1333,0,0.15370659276867144,0.0,0.06618600621027113
-0.0542,0.3983,9.3198,0.8214,-5.6177,0.1219,-0.0527,0.4712,9.2893,1334,0,0.14246414048027706,0.0,0.04229385964459244
-0.2816,-0.3799,9.9327,-1.5168,-1.0488,-0.4502,-0.3475,-0.4321,9.9792,1335,0,0.15370659276867144,0.0,0.032293859644592436
0.5299,0.0323,9.7321,3.0779,0.1101,-0.48,0.5324,0.0271,9.7247,1336,0,0.15370659276867144,0.0,0.05181797527103627
-0.0991,-0.2565,9.7084,2.4695,-2.4454,-4.1735,-0.1055,-0.3059,9.6877,1337,0,0.15370659276867144,0.0,0.04229385964459244
0.2252,0.0001,10.1371,-2.6812,-1.2617,-2.853,0.2612,0.0688,10.1162,1338,0,0.15370659276867144,0.0,0.0224149901964094
0.1531,-0.4961,9.8525,-0.4504,-1.1394,-2.5114,0.1746,-0.4662,9.8021,1339,0,0.15370659276867144,0.0,0.043452726045465996
-0.1115,0.1049,9.6881,-3.5205,-0.5907,5.1391,-0.0849,0.0434,9.6894,1340,0,0.15370659276867144,0.0,0.043760896357749594
-0.133,0.23,9.4542,1.5613,3.9776,-0.3032,-0.1709,0.212,9.4665,1341,0,0.15370659276867144,0.0,0.043760896357749594
0.3013,-0.0056,9.8998,-8.5211,-1.9643,2.4299,0.2366,0.0638,9.906,1342,0,0.1458499173853834,0.0,0.04211622409250802
-0.0026,0.1911,9.6727,1.0055,1.1254,1.2623,0.0516,0.1307,9.6327,1343,0,0.15370659276867144,0.0,0.042894423969521
-0.2422,0.3747,9.5302,6.3063,0.74,1.7575,-0.1427,0.387,9.5443,1344,0,0.1533730731004521,0.0,0.052894423969521
-0.0732,0.0247,9.7865,2.9172,-1.114,5.7162,-0.0758,-0.0247,9.8065,1345,0,0.15370659276867144,0.0,0.021896443872727794
-0.1672,-0.2314,9.6519,0.2243,-0.4612,-0.217,-0.1359,-0.1822,9.6227,1346,0,0.15370659276867144,0.0,0.0329341797217844
0.0109,0.0382,9.7313,5.1708,-1.4242,0.8541,-0.013,0.0693,9.7071,1347,0,0.15370659276867144,0.0,0.012301849278133204
-0.1287,-0.1786,9.8054,-1.4942,1.2867,2.453,-0.0443,-0.0688,9.8937,1348,0,0.15370659276867144,0.0,0.0218964438727278
-0.3437,0.1373,9.8169,0.1154,3.0013,3.8326,-0.3347,0.0473,9.8317,1349,0,0.15370659276867144,0.0,0.022503380288912772
0.1414,-0.2615,9.8697,5.597,1.5739,-2.4013,0.0546,-0.3736,9.8086,1350,0,0.15370659276867144,0.0,0.011896443872727798
-0.2408,0.4247,9.8402,-1.8987,-2.3483,5.8597,-0.1802,0.4983,9.811,1351,0,0.15370659276867144,0.0,0.011896443872727798
0.3448,0.0576,9.9532,-7.6638,1.6469,3.7218,0.3385,0.1081,9.9924,1352,0,0.15114653237688538,0.0,0.0218964438727278
-0.0238,0.3076,9.9713,-1.9237,-0.4548,-4.2247,-0.0198,0.2668,9.9604,1353,0,0.15370659276867144,0.0,0.021896443872727794
-0.1763,0.11,9.7244,-6.3127,-1.5726,3.4434,-0.1501,0.1407,9.7033,1354,0,0.15370659276867144,0.0,0.041896443872727805
-0.6072,0.2726,9.6177,-4.1648,0.4647,-0.8073,-0.5884,0.259,9.5593,1355,0,0.1537691488359536,0.0,0.03477872392572397
0.0899,0.2585,9.6893,3.1155,-0.1032,6.1044,0.0777,0.2318,9.738,1356,0,0.15370659276867144,0.0,0.024778723925723965
-0.2365,0.2572,9.8149,-5.1998,4.5889,0.3766,-0.3032,0.3502,9.7976,1357,0,0.15370659276867144,0.0,0.029778723925723963
0.3063,-0.4112,10.1891,-6.5115,1.0478,-2.7282,0.3035,-0.4036,10.1426,1358,0,0.15370659276867144,0.0,0.024778723925723965
-0.2814,0.1012,9.9485,2.4256,1.4431,1.378,-0.2334,0.1245,9.8192,1359,0,0.15370659276867144,0.0,0.024778723925723965
-0.2368,-0.0681,9.6008,-3.7047,4.9557,-4.4056,-0.2823,-0.1221,9.5655,1360,0,0.15370659276867144,0.0,0.03199565022193415
0.2876,-0.2733,10.0082,2.5689,-0.9124,-0.9488,0.2836,-0.3524,10.0936,1361,0,0.15370659276867144,0.0,0.02199565022193415
0.2726,0.0028,9.5812,-0.7231,2.4638,1.2021,0.3199,-0.0859,9.5878,1362,0,0.15370659276867144,0.0,0.026995650221934148
0.0905,-0.5028,9.7917,1.9492,2.3725,1.0911,0.0737,-0.558,9.7338,1363,0,0.15370659276867144,0.0,0.026995650221934148
0.1858,-0.0702,10.0843,-0.2911,0.3215,4.6749,0.2369,-0.0915,10.0972,1364,0,0.15370659276867144,0.0,0.026995650221934148
0.427,0.3124,9.7006,-0.5518,-2.2523,-1.0953,0.4299,0.2949,9.6654,1365,0,0.15370659276867144,0.0,0.027602586638119115
0.263,0.1372,9.6379,3.9627,2.878,0.2827,0.2577,0.1095,9.619,1366,0,0.15370659276867144,0.0,0.024007992043524523
0.1746,-0.1117,9.2895,1.9808,-2.5264,1.1574,0.2703,-0.1333,9.3102,1367,0,0.14573427539720257,0.0,0.02992371718993608
-0.1174,0.1694,9.5007,0.3577,-4.598,1.4022,-0.0869,0.1819,9.4178,1368,0,0.152691395331968,0.0,0.028802586638119118
0.0842,-0.0699,10.1545,0.1737,0.3397,-0.6861,0.118,-0.0246,10.1029,1369,0,0.15370659276867144,0.0,0.02992371718993608
0.0327,0.0906,9.6181,-1.1789,0.4864,-0.2052,0.0918,0.0428,9.5571,1370,0,0.15370659276867144,0.0,0.033352028988963986
-0.5228,-0.3655,9.8082,-6.2173,-1.3608,-0.7345,-0.5094,-0.3423,9.7781,1371,0,0.15370659276867144,0.0,0.03278338663840675
-0.4871,-0.2574,10.0027,1.0016,-1.8875,0.5446,-0.5452,-0.2436,9.9383,1372,0,0.15370659276867144,0.0,0.041521325039441365
0.0763,0.086,9.8139,-0.3597,3.116,-2.6953,0.0411,0.1205,9.8672,1373,0,0.15370659276867144,0.0,0.027711935546177867
-0.117,0.184,10.1566,1.6201,1.4724,-2.6694,-0.107,0.1238,10.2282,1374,0,0.1526504524297057,0.0,0.05684561782858551
0.1717,-0.0883,9.8217,0.6339,2.9685,0.5344,0.139,-0.1972,9.8544,1375,0,0.15370659276867144,0.0,0.05564561782858551
0.1896,0.3876,9.6309,4.2513,0.1479,5.8855,0.2064,0.3699,9.5804,1376,0,0.15370659276867144,0.0,0.08091522282211834
-0.1269,-0.0219,9.7737,5.1676,2.7561,-2.105,-0.1887,0.0511,9.6786,1377,0,0.15370659276867144,0.0,0.07813214911832851
-0.1566,0.1319,9.532,5.435,-2.1104,-0.0271,-0.1139,0.1816,9.5858,1378,0,0.15370659276867144,0.0,0.04933214911832851
-0.8916,-0.0189,9.7801,-0.8763,-3.4807,-0.7426,-0.8523,-0.0701,9.7124,1379,0,0.15873315410015254,0.0,0.03932308267205944
-0.3272,-0.0847,9.7232,0.9978,0.5657,0.6896,-0.4087,-0.0914,9.7004,1380,0,0.15370659276867144,0.0,0.02932308267205944
-0.2388,-0.1147,9.7681,-2.2092,4.7838,1.6472,-0.2672,-0.1331,9.7953,1381,0,0.15370659276867144,0.0,0.019362923309509637
0.0719,0.05,9.5027,0.4744,-4.1485,-5.1789,0.0721,0.1316,9.44,1382,0,0.1534046229755623,0.0,0.019873514087976947
0.0155,0.1448,9.6476,-4.7682,-2.9915,0.7847,-0.0264,0.183,9.6986,1383,0,0.15370659276867144,0.0,0.019873514087976947
0.145,-0.3931,9.9734,0.6316,-2.976,-1.0083,0.1847,-0.3664,9.8919,1384,0,0.15370659276867144,0.0,0.019873514087976947
-0.5704,-0.4256,10.0341,-2.3235,-1.5259,-6.0762,-0.6096,-0.4594,9.943,1385,0,0.15370659276867144,0.0,0.009873514087976945
-0.165,-0.087,9.8618,-3.6374,-1.0432,-2.6044,-0.2378,-0.0462,9.9311,1386,0,0.15370659276867144,0.0,0.009718874912719213
0.209,0.3025,9.6012,2.0514,4.305,-3.499,0.2288,0.3195,9.6029,1387,0,0.15370659276867144,0.0,0.009718874912719213
0.2621,-0.1314,9.8417,1.7976,-2.7931,0.73,0.2384,-0.1644,9.8978,1388,0,0.15370659276867144,0.0,0.009718874912719213
-0.5894,-0.1479,9.6503,1.097,4.2309,3.5171,-0.5491,-0.2109,9.7022,1389,0,0.15370659276867144,0.0,0.009758715550169413
0.6173,0.5769,9.5708,-0.9558,-3.5395,1.8788,0.5924,0.5212,9.6371,1390,0,0.15506662264144572,0.0,0.0011219343808326087
-0.003,-0.4828,9.9909,-2.1022,7.0106,0.8848,-0.0178,-0.4728,9.9256,1391,0,0.15151752275625532,0.0,0.0012873397862380143
-0.051,0.2257,9.8373,-0.6105,5.9739,1.7018,0.0254,0.2663,9.8155,1392,0,0.15370659276867144,0.0,0.0022347082072906458
0.551,0.3453,9.6051,-0.4137,-0.7386,0.0357,0.5429,0.4622,9.6441,1393,0,0.15361879978792273,0.0,0.012389347382548379
-0.2155,0.216,10.1112,-1.1672,0.7816,-0.1751,-0.1543,0.1406,10.1451,1394,0,0.15370659276867144,0.0,0.012389347382548379
-0.3041,0.1635,10.0445,2.066,1.6252,-0.5695,-0.261,0.1065,10.0077,1395,0,0.15370659276867144,0.0,0.0029465216704713127
0.228,0.1716,9.9072,2.3294,-2.7294,0.5738,0.1772,0.1501,9.8911,1396,0,0.15370659276867144,0.0,0.0029465216704713127
-0.4041,-0.094,9.7552,-1.7664,-1.1585,2.3919,-0.3799,-0.0328,9.8064,1397,0,0.15370659276867144,0.0,0.0029465216704713127
-0.2872,0.2894,9.8472,-1.5099,-1.8171,-0.7571,-0.3915,0.3027,9.905,1398,0,0.15370659276867144,0.0,0.0029465216704713127
-0.0048,-0.307,10.0669,2.8155,0.9911,0.9728,-0.0388,-0.3525,10.0529,1399,0,0.15370659276867144,0.0,0.0016346964635804307
-0.1389,0.7165,9.4765,-2.0405,-0.4536,4.6128,-0.1665,0.6942,9.4073,1400,0,0.15278709038033955,0.0,0.002231711388953565
0.6009,0.4469,9.6119,-1.3173,-5.2335,-1.5159,0.6105,0.4584,9.5532,1401,0,0.15522247095773994,0.0,0.0015560066554113061
0.3516,0.0002,9.7453,2.2963,3.7266,-2.2519,0.3774,0.052,9.7143,1402,0,0.15370659276867144,0.0,0.008956461336389242
-0.2181,-0.1624,9.6518,2.3222,6.3048,-3.6707,-0.1957,-0.1223,9.7125,1403,0,0.15370659276867144,0.0,0.014801055930983837
0.5915,0.1082,9.6284,-0.2319,-1.578,3.6636,0.6355,0.009,9.5758,1404,0,0.15532985235397145,0.0,0.0077211140705187205
0.0017,-0.2568,9.9017,3.3251,2.2822,-5.3568,-0.0027,-0.2092,9.9833,1405,0,0.15370659276867144,0.0,0.017825152316526007
0.0793,0.3447,9.7411,-5.8989,4.1038,-1.7222,0.0357,0.3729,9.6972,1406,0,0.15370659276867144,0.0,0.02751265231652601
0.207,0.175,9.8375,-2.4101,2.5876,-0.6488,0.194,0.1321,9.7446,1407,0,0.15370659276867144,0.0,0.007825152316526007
0.1966,0.0069,9.844,2.1234,-1.3751,-9.2211,0.2171,-0.0641,9.8295,1408,0,0.15022323174628213,0.0,0.01968223870878317
-0.0326,0.2712,9.963,-2.8118,-1.9294,1.8483,-0.028,0.3837,9.9343,1409,0,0.15370659276867144,0.0,0.018734870287730535
0.3605,0.1734,9.8359,5.9827,0.1142,-3.8456,0.3214,0.2161,9.8942,1410,0,0.15370659276867144,0.0,0.018734870287730535
0.0909,0.0669,9.7459,3.6396,-3.254,1.758,0.1587,0.0956,9.8075,1411,0,0.15370659276867144,0.0,0.03944830870846847
-0.1877,-0.3644,9.4836,2.8797,-1.8938,-3.0883,-0.1557,-0.3583,9.4815,1412,0,0.15370659276867144,0.0,0.03850094028741584
0.0902,0.0168,9.6652,-2.4113,0.5942,-1.407,0.0765,0.0063,9.671,1413,0,0.15370659276867144,0.0,0.04944830870846847
0.0372,0.0403,9.3912,-2.0258,1.4606,3.3209,0.0126,0.033,9.4206,1414,0,0.15054767473269412,0.0,0.04944830870846847
0.1875,0.2419,9.8416,-2.969,-2.5719,-3.2718,0.1908,0.2088,9.9205,1415,0,0.15370659276867144,0.0,0.05944830870846847
-0.689,0.22,9.8496,-2.3613,1.5916,-8.0818,-0.6281,0.1668,9.8507,1416,0,0.15185648341727986,0.0,0.04317421232292631
-0.573,-0.2425,9.6847,2.2152,-0.3261,-0.6989,-0.5214,-0.2555,9.6815,1417,0,0.15370659276867144,0.0,0.033362891568209325
-0.0815,0.02,9.8993,-3.1491,0.2996,-2.9968,-0.0515,0.0539,9.8593,1418,0,0.15370659276867144,0.0,0.05376829697361473
-0.0868,0.1515,9.5164,1.9203,1.5021,5.6578,-0.0635,0.1415,9.4884,1419,0,0.15370659276867144,0.0,0.03342497855307398
0.3648,0.1303,10.0501,-0.8483,1.768,-0.8235,0.377,0.1612,10.1417,1420,0,0.15370659276867144,0.0,0.04342497855307398
-0.1222,0.0057,9.8042,-4.8843,5.3857,9.4751,-0.0287,-0.0259,9.8503,1421,0,0.15038143659392814,0.0,0.021674650701826826
0.0349,0.1232,9.6996,2.5596,-5.0197,-0.47,0.0715,0.1354,9.6682,1422,0,0.15370659276867144,0.0,0.06167465070182683
0.0921,0.0473,9.8087,-4.2858,4.1983,-3.4909,0.0604,0.0175,9.8264,1423,0,0.15370659276867144,0.0,0.05167465070182683
-0.5023,0.2742,9.5742,1.2408,-8.8353,-6.7976,-0.597,0.3805,9.5947,1424,0,0.14603475501864197,0.0,0.022011414316058037
0.2222,0.0472,10.1257,0.6364,-0.088,-3.1372,0.2613,0.069,10.2907,1425,0,0.14202971487197577,0.0,0.04306404589500541
-0.0376,-0.0291,9.3,1.0748,3.9925,-2.1719,0.0173,-0.0576,9.2407,1426,0,0.10187051273058509,0.0,0.03956522792810233
-0.4441,-0.0999,9.3682,5.7442,-3.5203,-0.9551,-0.5051,-0.0694,9.3643,1427,0,0.14499429226848867,0.0,0.03956522792810233
-0.1105,0.0226,9.8012,2.8315,4.0157,-1.4289,-0.103,0.0773,9.8124,1428,0,0.15370659276867144,0.0,0.029565227928102334
0.258,0.1076,9.641,3.8509,0.2702,-5.7903,0.241,-0.0094,9.6105,1429,0,0.15370659276867144,0.0,0.0426527321717611
0.082,-0.2823,9.7379,-3.4823,-4.9722,-2.6774,0.1735,-0.3583,9.8095,1430,0,0.15370659276867144,0.0,0.04052903211702656
-0.1416,-0.2067,9.8662,3.9705,1.3341,0.266,-0.1066,-0.1978,9.8002,1431,0,0.15370659276867144,0.0,0.02402785008392963
-0.61,-0.0126,9.5351,-1.2373,3.9048,2.9305,-0.5784,0.0638,9.5875,1432,0,0.1537691488359536,0.0,0.014027850083929634
0.1076,-0.364,10.1046,-7.913,-5.3252,-1.1618,0.0887,-0.4232,10.0664,1433,0,0.14837919403714472,0.0,0.014588806221808848
0.169,0.3219,9.7932,1.1158,-5.7791,-0.7008,0.1459,0.3501,9.791,1434,0,0.15370659276867144,0.0,0.014588806221808848
-0.1708,0.3185,9.5737,-1.317,2.6202,-3.7841,-0.2168,0.2665,9.5412,1435,0,0.15370659276867144,0.0,0.024588806221808843
0.0477,0.2116,9.8706,-4.4133,3.7878,-1.0002,-0.0043,0.2427,9.9012,1436,0,0.15370659276867144,0.0,0.024588806221808843
0.0412,0.444,9.6771,-2.6221,3.7109,1.4111,-0.1115,0.4414,9.6377,1437,0,0.15370659276867144,0.0,0.024588806221808854
0.6657,-0.3127,9.6555,-3.9176,0.8969,-5.1651,0.6751,-0.3141,9.6872,1438,0,0.15358938369966238,0.0,0.012677289842207362
-0.4432,0.2332,9.9469,1.3016,0.9205,0.5802,-0.4169,0.344,9.9275,1439,0,0.15370659276867144,0.0,0.016002797238148195
0.1248,0.3622,9.9793,3.0205,-1.4658,-1.1775,0.0962,0.3363,9.9568,1440,0,0.15370659276867144,0.0,0.022986924222275176
0.1704,0.5708,9.6694,4.8416,-3.3856,-3.5509,0.1892,0.5315,9.6453,1441,0,0.15355074445237718,0.0,0.025110624277009715
0.2966,0.5091,9.5471,-0.3403,0.8409,2.0384,0.3523,0.5187,9.5224,1442,0,0.15370659276867144,0.0,0.02426351996695603
-0.1571,0.6108,10.0114,1.1736,-3.7742,-4.3974,-0.1548,0.5795,9.998,1443,0,0.15355074445237718,0.0,0.02426351996695603
-0.3484,0.0077,9.9574,2.0607,0.1634,-1.2745,-0.3734,0.1292,10.0503,1444,0,0.15370659276867144,0.0,0.02426351996695603
0.0349,0.6104,9.7643,1.4126,-0.6272,-4.7059,0.1003,0.6347,9.8475,1445,0,0.15318370441863025,0.0,0.032418281871717934
-0.2966,-0.1844,9.3198,1.0068,3.0895,-1.336,-0.3178,-0.2148,9.3751,1446,0,0.14643037578671075,0.0,0.021141686127037086
0.0769,-0.0503,9.9448,4.2726,-0.0721,-4.1607,0.1427,-0.0426,10.0902,1447,0,0.15370659276867144,0.0,0.022418281871717936
0.0692,0.3029,10.1105,-1.4789,0.2181,3.2811,0.058,0.2854,10.0472,1448,0,0.15370659276867144,0.0,0.022379446920261625
-0.3161,0.3036,9.8931,-0.9748,3.9052,1.6873,-0.3417,0.253,9.98,1449,0,0.15370659276867144,0.0,0.022418281871717936
0.4027,0.4046,9.7114,1.7485,-0.3369,0.0488,0.4702,0.4009,9.6917,1450,0,0.15370659276867144,0.0,0.022418281871717936
-0.0726,-0.0951,9.6332,1.9337,1.4046,-0.7434,-0.0886,-0.129,9.6857,1451,0,0.15370659276867144,0.0,0.03155299985028139
0.095,-0.4632,9.6532,-0.7141,3.9405,-1.4955,0.0545,-0.3651,9.5154,1452,0,0.15370659276867144,0.0,0.04111190925972734
-0.061,-0.2819,9.6023,-3.7162,-1.0147,-6.001,0.0114,-0.276,9.6416,1453,0,0.15370659276867144,0.0,0.06111190925972734
0.0493,0.0465,10.099,4.2112,0.802,1.7481,0.0671,0.1201,10.1298,1454,0,0.15370659276867144,0.0,0.051072068622277145
0.3856,-0.0033,9.7138,0.2581,-0.885,0.1525,0.3876,-0.0323,9.7525,1455,0,0.15370659276867144,0.0,0.07107206862227715
-0.0441,0.0383,9.6194,-0.9715,-1.216,-0.3815,0.0075,0.0183,9.6295,1456,0,0.15370659276867144,0.0,0.06097354645478946
-0.4128,-0.2947,10.1337,-4.9049,-1.8499,2.6841,-0.4186,-0.3159,10.1144,1457,0,0.15370659276867144,0.0,0.07097354645478945
-0.0179,0.0721,9.5368,0.0261,6.9912,1.4718,0.0058,0.1601,9.4327,1458,0,0.15076941848075726,0.0,0.03218995723861069
-0.0741,0.1868,9.6534,-0.2287,3.2127,-3.2999,-0.0153,0.1827,9.6767,1459,0,0.15370659276867144,0.0,0.04197719128116388
0.1044,-0.023,9.816,-3.8436,8.2568,-1.1997,0.1186,0.0086,9.8029,1460,0,0.14698742964705822,0.0,0.053559480337137144
0.1192,-0.3454,9.7543,2.6987,-0.2027,-7.7911,0.1503,-0.3415,9.6949,1461,0,0.15152296743303956,0.0,0.05261211191608451
0.0747,0.2066,9.8308,-0.5933,0.0127,0.0477,0.0718,0.1208,9.8171,1462,0,0.15370659276867144,0.0,0.032924559702216506
0.0947,0.1664,9.5667,2.5658,-1.1918,0.5964,0.2026,0.0858,9.5901,1463,0,0.15370659276867144,0.0,0.053559480337137144
0.5773,-0.2014,9.2602,-0.5163,0.5699,1.7633,0.5522,-0.243,9.2995,1464,0,0.12554669906203197,0.0,0.023014367555182255
0.0146,-0.0981,9.772,-3.8786,-0.406,-0.6305,-0.0726,-0.1021,9.8374,1465,0,0.15370659276867144,0.0,0.03261211191608451
-0.1785,-0.4445,9.7432,-0.9406,-2.1282,5.0521,-0.157,-0.3812,9.7774,1466,0,0.15370659276867144,0.0,0.021025746494045712
0.2929,0.1613,9.5315,-3.8842,4.0825,3.3353,0.4078,0.0939,9.5656,1467,0,0.15370659276867144,0.0,0.01123851245149252
0.2207,0.1609,10.0614,-0.3183,1.1018,1.1182,0.2499,0.1802,10.1292,1468,0,0.15370659276867144,0.0,0.02123851245149252
0.0352,0.186,10.2524,-0.2701,-7.7501,0.4919,-0.0208,0.2629,10.3091,1469,0,0.1289151307441897,0.0,0.022464544829915337
-0.1804,0.0175,10.1503,2.9836,-2.4076,-1.3339,-0.1265,0.0258,10.1997,1470,0,0.15262407051682947,0.0,0.02319867181404232
0.264,0.0759,9.6662,3.7945,-0.976,0.0748,0.2769,0.1065,9.7028,1471,0,0.15370659276867144,0.0,0.013120215990905647
0.3995,0.2906,9.656,-0.8392,-7.0415,1.319,0.3266,0.2959,9.7231,1472,0,0.1535830087878228,0.0,0.013045106027241467
-0.0724,0.4959,9.694,2.1911,-1.4479,0.3749,-0.0979,0.4203,9.642,1473,0,0.15370659276867144,0.0,0.014464959714044306
0.02,-0.1777,9.6622,-0.7789,0.4404,-4.053,0.127,-0.2076,9.7164,1474,0,0.15370659276867144,0.0,0.013950777839851778
0.2184,0.1993,9.1448,1.7983,-0.2267,-1.2941,0.1923,0.2266,9.1171,1475,0,0.07593374143857277,0.0,0.011990618477301979
0.8549,0.1796,9.6979,-2.0701,0.6517,-2.0451,0.7959,0.2013,9.6792,1476,0,0.16464531825087314,0.0,0.03597326117606342
0.0864,0.2748,9.7528,-2.7702,1.406,-0.0561,0.0691,0.3108,9.7788,1477,0,0.15370659276867144,0.0,0.03498539343850607
-0.1391,0.0851,10.1214,-1.4796,5.6956,0.4549,-0.136,0.0651,10.1964,1478,0,0.15332031675608063,0.0,0.03498539343850607
-0.4004,-0.2528,9.8643,-5.2476,-1.6396,-2.7331,-0.3734,-0.3218,9.8213,1479,0,0.15370659276867144,0.0,0.030332939958819135
0.1104,-0.2224,9.7216,-1.5768,1.4035,-0.1777,0.1265,-0.3091,9.6967,1480,0,0.15370659276867144,0.0,0.038698189184389394
0.2282,-0.2804,9.267,-3.9733,-1.8938,-2.6498,0.2315,-0.3161,9.2689,1481,0,0.11174299584666729,0.0,0.029581285858188266
-0.175,0.1155,9.7343,2.0422,6.8587,1.3826,-0.1512,0.1461,9.6438,1482,0,0.15297079642140843,0.0,0.029309707813772033
0.1856,0.0828,9.9118,1.2197,2.578,-6.5494,0.1761,0.1169,9.8948,1483,0,0.1532405209942328,0.0,0.01736929312046391
0.0431,-0.0693,9.6833,-1.4108,3.1523,-4.1147,0.1178,-0.1061,9.6324,1484,0,0.15370659276867144,0.0,0.01736929312046391
-0.1863,-0.3672,9.8805,5.0243,-3.8373,-3.374,-0.2209,-0.3254,9.9401,1485,0,0.15370659276867144,0.0,0.022687164880354764
-0.2946,0.4187,10.1007,-4.313,-4.8654,-1.227,-0.249,0.3998,10.1167,1486,0,0.15370659276867144,0.0,0.01664732424290457
-0.1623,-0.2041,9.9353,0.7249,0.0038,0.5125,-0.136,-0.2892,10.0118,1487,0,0.15370659276867144,0.0,0.01664732424290457
0.1127,0.4126,9.8541,-4.7028,-4.3178,-5.759,0.095,0.352,9.742,1488,0,0.15370659276867144,0.0,0.025165143949403515
-0.3417,-0.0491,9.6377,-1.168,0.1337,2.2432,-0.2786,0.0466,9.6701,1489,0,0.15370659276867144,0.0,0.024568129024030383
-0.1084,-0.4954,9.7766,0.3879,-0.6372,-5.8489,-0.07,-0.4952,9.7372,1490,0,0.15370659276867144,0.0,0.024568129024030383
0.3814,-0.0436,9.6109,-1.9877,2.2788,-1.0812,0.351,-0.0537,9.6425,1491,0,0.15370659276867144,0.0,0.024568129024030383
-0.0869,0.0849,9.5906,0.9801,-3.1161,-1.8422,-0.1095,0.093,9.723,1492,0,0.15370659276867144,0.0,0.028853843309744675
0.3611,-0.5012,9.5297,-3.2708,-3.2562,2.3909,0.3238,-0.4702,9.5871,1493,0,0.15370659276867144,0.0,0.018853843309744673
0.5016,0.2468,9.9035,-2.8516,0.0546,0.9822,0.604,0.2662,9.8865,1494,0,0.15346008255657423,0.0,0.024568129024030383
0.2108,0.189,10.0574,-0.3757,-3.6043,2.2443,0.1868,0.292,10.0674,1495,0,0.15370659276867144,0.0,0.03854134330974467
0.2444,-0.1903,9.7514,-3.7596,-5.8921,3.3677,0.2531,-0.1957,9.7311,1496,0,0.15370659276867144,0.0,0.008695982485002402
0.0463,0.1834,9.5355,4.4422,-4.7909,0.2255,0.0218,0.1278,9.511,1497,0,0.15370659276867144,0.0,0.018695982485002406
0.0188,0.3022,10.0336,-1.8793,0.3245,1.2957,0.0191,0.2242,9.9456,1498,0,0.15370659276867144,0.0,0.018695982485002406
0.1067,-0.0575,9.9646,3.5628,3.6834,-5.4763,0.0284,-0.0483,9.9322,1499,0,0.15370659276867144,0.0,0.04647376026278018
-0.2625,1.1248,9.6769,-0.109,-3.0378,-3.9955,-0.2612,1.0685,9.6504,1500,1,0.07999337174682383,0.0,0.09645572274474266
0.0179,-0.3919,9.9721,2.3436,0.3884,1.0941,0.0779,-0.3971,9.8648,1501,0,0.15370659276867144,0.0,0.10074143703045696
0.1682,0.1477,9.8869,0.4817,0.2737,1.8111,0.1738,0.0833,9.8623,1502,0,0.15370659276867144,0.0,0.10074143703045696
-0.8704,0.0759,10.182,6.0082,-2.3772,-5.3803,-0.8126,0.0803,10.1872,1503,0,0.16692529979295403,0.0,0.08947618415954196
0.2535,0.1615,9.9709,-0.1192,-0.4362,-4.4652,0.2105,0.1437,9.989,1504,0,0.15370659276867144,0.0,0.07950028054508412
0.178,-0.089,9.5712,2.9248,1.5004,0.9055,0.2357,-0.1789,9.5468,1505,0,0.15370659276867144,0.0,0.0799206286039864
0.2488,-0.1537,9.9575,-1.9489,0.1807,-6.4869,0.2546,-0.1766,9.9405,1506,0,0.1532405209942328,0.0,0.08503583069856994
-0.0104,0.4779,9.7296,5.2453,1.9159,0.2885,-0.0112,0.455,9.7295,1507,0,0.15370659276867144,0.0,0.10754376720650642
-0.2906,0.5737,9.6714,-3.7416,-1.3722,-1.153,-0.3228,0.5903,9.6807,1508,0,0.15318370441863025,0.0,0.11104258517340951
-0.1511,0.2049,9.95,-5.9684,4.435,-5.188,-0.1699,0.2324,9.8905,1509,0,0.15370659276867144,0.0,0.0690273882501014
-0.4501,-0.0399,9.748,3.8051,-2.5897,3.2548,-0.4768,0.0098,9.7525,1510,0,0.15370659276867144,0.0,0.07815249473665367
-0.1005,-0.3347,9.5963,-4.5163,-0.4475,0.1033,-0.1351,-0.3544,9.5303,1511,0,0.15370659276867144,0.0,0.06739300106576761
0.1603,-0.3126,9.8089,6.636,-2.9904,3.1232,0.1301,-0.2957,9.7675,1512,0,0.1528511125999369,0.0,0.06563326080602734
-0.3026,-0.0343,10.0621,0.7781,2.9988,-0.6659,-0.3441,-0.0518,10.1175,1513,0,0.15370659276867144,0.0,0.045633260806027344
0.3201,0.418,9.644,4.6871,-0.2725,4.5252,0.3485,0.4018,9.6176,1514,0,0.15370659276867144,0.0,0.040315389046136484
-0.0834,-0.1768,9.8994,2.3967,-0.8131,-3.5406,-0.018,-0.1201,9.8827,1515,0,0.15370659276867144,0.0,0.050315389046136486
-0.2496,0.2288,9.6519,-1.8142,-3.1824,-1.2401,-0.2211,0.2675,9.6387,1516,0,0.15370659276867144,0.0,0.05602967476042219
-0.1348,0.6907,10.0423,-0.5435,-4.2939,3.6534,-0.1173,0.6806,10.0737,1517,0,0.15309497375261916,0.0,0.04927765319707988
0.1697,0.112,10.0291,1.9677,-1.0065,2.5958,0.1425,0.2421,9.9454,1518,0,0.15370659276867144,0.0,0.04927765319707988
0.1199,-0.1532,9.7959,-0.3341,-1.4184,3.8485,0.1236,-0.2068,9.8381,1519,0,0.15370659276867144,0.0,0.049253556811537716
0.1999,-0.0481,9.8621,-4.2281,-1.2194,-4.2116,0.1788,-0.053,9.8893,1520,0,0.15370659276867144,0.0,0.06029129266059432
0.1615,-0.2644,9.7713,-0.0438,4.4969,5.4209,0.1377,-0.3454,9.7604,1521,0,0.15370659276867144,0.0,0.05029129266059432
-0.0879,-0.4406,9.8945,2.9978,0.2786,-1.2292,-0.0931,-0.4278,9.9298,1522,0,0.15370659276867144,0.0,0.06965896221694311
-0.1001,0.1343,9.8448,1.7883,3.8236,0.1954,-0.139,0.0738,9.9033,1523,0,0.15370659276867144,0.0,0.07641098378028542
-0.3299,-0.1598,9.9311,5.102,2.8617,3.6232,-0.3063,-0.1823,9.8045,1524,0,0.15370659276867144,0.0,0.04965896221694312
0.0439,0.1069,9.6499,-1.7674,-3.2459,2.0974,0.0263,0.1028,9.645,1525,0,0.15370659276867144,0.0,0.030229166746358793
-0.4087,-0.1541,9.8732,-1.5497,-2.379,-1.2249,-0.3409,-0.1229,9.9135,1526,0,0.15370659276867144,0.0,0.03147017029418394
0.4452,0.0632,9.5359,-0.8076,3.3811,-4.8369,0.4874,0.1336,9.5438,1527,0,0.15370659276867144,0.0,0.03147017029418394
0.0057,0.0015,9.7552,-0.3866,1.173,-1.6642,-0.0202,-0.0057,9.7806,1528,0,0.15370659276867144,0.0,0.0325259335635026
0.399,0.2267,9.4143,-0.9262,3.7591,-0.6691,0.4729,0.1911,9.4188,1529,0,0.152691395331968,0.0,0.03297037800794704
0.1292,-0.1297,9.6766,1.9047,-3.4723,-7.7461,0.1475,-0.0707,9.7383,1530,0,0.1513602608214693,0.0,0.048450516693595784
-0.6099,-0.0347,9.859,3.0183,-8.2143,3.9412,-0.6766,-0.0397,9.7795,1531,0,0.1469866243096877,0.0,0.0734446998863172
0.6052,-0.4795,9.906,1.3452,3.4335,-1.2118,0.6448,-0.4233,9.9367,1532,0,0.15411753079657575,0.0,0.049724085913899325
0.0256,0.2818,9.6592,-1.159,0.6901,-4.4755,-0.0535,0.3126,9.73,1533,0,0.15370659276867144,0.0,0.031152657342470746
-0.0566,0.2112,10.1639,0.0447,-3.5476,2.8246,-0.0693,0.2224,10.1756,1534,0,0.15370659276867144,0.0,0.031152657342470746
-0.0077,0.0278,9.5825,-0.6845,-0.6506,-1.0424,0.0831,0.0079,9.6581,1535,0,0.15370659276867144,0.0,0.0943340449646485
0.0113,-0.5035,9.8516,2.6857,-1.4276,1.3601,0.0097,-0.5035,9.8546,1536,0,0.15370659276867144,0.0,0.07576644719928538
0.4531,-0.1956,9.8793,-7.4127,0.4106,2.3519,0.414,-0.2225,9.8973,1537,0,0.1519533231313492,0.0,0.03254622462565131
-0.0155,0.0787,9.7451,-1.8298,0.9095,-0.3316,0.0563,0.0508,9.6385,1538,0,0.15370659276867144,0.0,0.04951765319707988
0.3864,0.2968,10.0474,-0.4731,-4.7803,-1.3297,0.2957,0.3414,10.1165,1539,0,0.15370659276867144,0.0,0.039685250962443006
0.0642,0.0047,9.7458,1.2697,-6.1217,-1.2875,0.0308,-0.0412,9.7924,1540,0,0.15370659276867144,0.0,0.039685250962443006
-0.2298,0.2043,10.0022,-0.2168,-6.1798,-5.1988,-0.2069,0.2509,9.961,1541,0,0.15370659276867144,0.0,0.09666323202828707
0.0931,0.056,9.7199,1.7826,-3.1058,3.1901,0.1954,0.0492,9.7734,1542,0,0.15370659276867144,0.0,0.0780918034568585
0.2872,0.001,10.0464,3.2112,2.5561,-3.6425,0.1582,0.0329,10.0655,1543,0,0.15370659276867144,0.0,0.07544474463332908
0.2979,0.026,9.5665,0.9848,-1.5123,3.0725,0.2085,0.0996,9.4917,1544,0,0.15370659276867144,0.0,0.07544474463332908
0.0135,0.2783,9.9287,0.0335,-1.6568,-1.0794,0.0347,0.3116,9.9917,1545,0,0.15370659276867144,0.0,0.07544474463332908
0.482,-0.385,9.8622,0.9298,-4.4359,-4.1767,0.4768,-0.3929,9.8361,1546,0,0.15370659276867144,0.0,0.0780918034568585
-0.3897,0.3929,9.5675,0.8346,-0.5988,-2.423,-0.4271,0.4144,9.6247,1547,0,0.15370659276867144,0.0,0.08886103422608924
-0.1946,-0.0935,9.7368,-6.3551,1.3437,-1.172,-0.2309,-0.1558,9.7484,1548,0,0.15370659276867144,0.0,0.08899992311497813
0.3002,0.1273,9.8467,1.4666,-4.2691,-1.1308,0.3257,0.1581,9.7799,1549,0,0.15370659276867144,0.0,0.08063220557201896
0.2336,0.202,9.7873,5.285,-0.2861,-0.4286,0.2436,0.1851,9.7854,1550,0,0.15370659276867144,0.0,0.01196172874915172
-0.1656,-0.4243,9.6711,1.902,2.3575,-2.0045,-0.163,-0.449,9.6876,1551,0,0.15370659276867144,0.0,0.01196172874915172
0.2485,0.2286,9.7345,-2.011,-0.8327,-2.625,0.133,0.2365,9.6702,1552,0,0.15370659276867144,0.0,0.01119249797992095
0.1339,0.2276,9.7117,7.4555,3.8902,2.7961,0.1185,0.2716,9.6269,1553,0,0.14837066258871512,0.0,0.013212321995500733
-0.3193,-0.3023,9.5157,4.679,3.1854,-0.6221,-0.2565,-0.3356,9.4143,1554,0,0.152691395331968,0.0,0.03562502040819914
0.1854,-0.0042,9.5484,-4.9616,2.2238,-2.6555,0.147,-0.079,9.5686,1555,0,0.15370659276867144,0.0,0.023212321995500735
0.503,0.0086,9.8499,-2.0317,1.7834,-1.1312,0.4637,0.1138,9.8493,1556,0,0.15370659276867144,0.0,0.02279197393659846
-0.1943,-0.0121,10.0349,0.2223,8.0253,-2.7968,-0.2325,-0.0328,9.9846,1557,0,0.14698742964705822,0.0,0.004976077499434978
-0.5064,0.0853,9.7993,-2.6092,-3.0722,3.9762,-0.5523,0.0192,9.7843,1558,0,0.15370659276867144,0.0,0.01149131768037847
-0.4217,0.3464,9.9234,-2.4146,-0.4701,2.4067,-0.4214,0.392,9.8948,1559,0,0.15370659276867144,0.0,0.04311265960205653
-0.0824,0.3828,9.7871,3.9062,-0.5707,-0.1951,-0.0969,0.4082,9.7179,1560,0,0.15370659276867144,0.0,0.022173445920487613
-0.4362,0.1193,9.7159,-1.4471,-3.6065,-3.8579,-0.3889,0.1,9.7004,1561,0,0.15370659276867144,0.0,0.0328441545222307
0.1914,0.269,9.793,0.3829,-5.727,-2.8112,0.2167,0.2246,9.7503,1562,0,0.15370659276867144,0.0,0.032918119019272114
0.452,-0.0126,9.9469,-3.3617,-0.0606,1.1374,0.446,0.0361,9.9819,1563,0,0.15370659276867144,0.0,0.032113758704456236
-0.5943,-0.2937,9.684,1.2155,-4.3012,2.155,-0.5851,-0.3401,9.6708,1564,0,0.15370659276867144,0.0,0.01876825844910757
0.0335,-0.4344,9.8875,0.8285,-3.0789,3.0649,0.0331,-0.4741,9.801,1565,0,0.15370659276867144,0.0,0.027930994298164168
-0.0506,-0.1844,10.0419,-3.5276,-1.7845,-1.8662,0.0458,-0.2396,10.0678,1566,0,0.15370659276867144,0.0,0.03689325844910757
-0.1814,-0.3877,10.1197,-0.1292,0.7558,-1.0576,-0.165,-0.3011,10.11,1567,0,0.15370659276867144,0.0,0.02088303590372239
0.0495,-0.0717,10.0029,0.903,-0.8645,-0.671,0.0137,-0.0579,10.0403,1568,0,0.15370659276867144,0.0,0.03248303590372239
0.4133,-0.1176,9.7803,-0.6048,-0.955,2.9713,0.2915,-0.064,9.7766,1569,0,0.15370659276867144,0.0,0.0024830359037223888
-0.5645,-0.4303,9.8716,-3.1923,-4.0683,-1.3962,-0.6278,-0.4677,9.9155,1570,0,0.15370659276867144,0.0,0.019862901520033786
-0.3934,0.1119,9.8321,-0.5051,-4.7788,-1.8212,-0.3767,0.1237,9.7468,1571,0,0.15370659276867144,0.0,0.030041153674284487
0.2608,0.299,9.917,-3.1435,-4.1097,-2.1147,0.2891,0.384,9.945,1572,0,0.15370659276867144,0.0,0.031068840345672425
0.0983,0.2036,9.846,0.817,0.4871,0.7239,0.1565,0.3357,9.8103,1573,0,0.15370659276867144,0.0,0.051963074814908056
0.5126,0.2712,10.0454,-1.0195,1.0588,2.6065,0.4848,0.1663,10.0397,1574,0,0.15370659276867144,0.0,0.03373716750044536
-0.0413,0.0985,9.6711,-5.4464,1.4144,8.1281,-0.0065,0.1014,9.6731,1575,0,0.14841729206857712,0.0,0.012370921805841454
-0.163,0.2531,9.7241,3.5819,-1.0095,0.8806,-0.2307,0.3222,9.7503,1576,0,0.15370659276867144,0.0,0.013140152575072223
0.1871,-0.5233,9.7163,0.5789,0.9141,-2.9917,0.2601,-0.5433,9.7701,1577,0,0.15370659276867144,0.0,0.012370921805841454
-0.0733,-0.3463,9.7025,-2.7214,-3.2622,1.0005,-0.081,-0.3044,9.6516,1578,0,0.15370659276867144,0.0,0.013140152575072223
0.2144,0.3913,9.653,-4.4115,4.5456,3.5532,0.2115,0.3955,9.6352,1579,0,0.15370659276867144,0.0,0.023066188078030802
0.2983,0.0159,10.2154,-0.9329,2.7297,4.0513,0.2922,0.0169,10.2095,1580,0,0.15262407051682947,0.0,0.0201916941509053
0.2268,-0.504,9.6663,-0.9954,-2.2831,-0.1772,0.2273,-0.5334,9.668,1581,0,0.15370659276867144,0.0,0.01078870907627843
0.3384,-0.0481,9.8298,2.5396,-1.8934,-2.1302,0.2278,-0.1207,9.8501,1582,0,0.15370659276867144,0.0,0.013845459771026558
-0.1419,-0.4528,9.8698,1.7687,-2.3218,3.206,-0.1593,-0.4931,9.8648,1583,0,0.15370659276867144,0.0,0.023224348460111253
0.0022,-0.1074,9.9698,2.2234,0.2186,0.6844,0.0384,-0.1117,9.9612,1584,0,0.15370659276867144,0.0,0.05111908530221652
0.2436,-0.4918,10.1589,-3.6459,-6.9589,3.9415,0.3264,-0.4298,10.1863,1585,0,0.15334026939141673,0.0,0.03179204959467826
-0.1962,-0.1974,9.6408,1.798,-0.5781,-0.5138,-0.1317,-0.1492,9.6472,1586,0,0.15370659276867144,0.0,0.041716100227589654
0.03,0.0479,9.8856,4.901,1.5568,4.6899,0.0161,0.1184,9.9044,1587,0,0.15370659276867144,0.0,0.030461342482184767
0.3463,-0.3643,9.8691,0.3202,-0.9749,-2.0938,0.4491,-0.3324,9.8816,1588,0,0.15370659276867144,0.0,0.02046134248218477
-0.283,-0.0912,10.1491,-3.067,-8.4626,0.951,-0.2648,-0.0618,10.1454,1589,0,0.1454378337222983,0.0,0.011158925939666718
0.3549,-0.0224,9.9087,0.4741,-1.5323,1.2427,0.3678,0.0153,9.9681,1590,0,0.15370659276867144,0.0,0.010939145719886498
-0.5887,-0.1019,9.6574,-0.7149,0.4003,2.6945,-0.6236,-0.0343,9.662,1591,0,0.15370659276867144,0.0,0.011572269374898041
0.3346,-0.3508,9.9612,2.2146,-0.9685,-3.6236,0.3439,-0.3954,9.9964,1592,0,0.15370659276867144,0.0,0.011404671609534914
-0.0981,0.2437,10.0257,-3.3975,-3.0772,1.392,-0.1191,0.1548,9.9804,1593,0,0.15370659276867144,0.0,0.01080765668416178
0.6089,0.0692,9.4519,-1.469,3.6644,3.0565,0.6379,0.1437,9.529,1594,0,0.15532985235397145,0.0,0.021433386319200935
-0.111,-0.3756,10.0472,0.5953,3.7549,-2.8727,-0.0796,-0.4027,10.06,1595,0,0.15370659276867144,0.0,0.022030401244574067
0.3662,-0.5458,9.8535,0.5954,1.0942,-1.1763,0.3449,-0.5616,9.792,1596,0,0.15360476376730087,0.0,0.011433386319200935
-0.0829,0.1176,9.4717,-1.4228,-0.8393,2.3102,-0.0998,0.2131,9.4709,1597,0,0.15370659276867144,0.0,0.011433386319200935
-0.2378,-0.2123,9.7935,-3.8508,-2.6497,-4.1563,-0.1503,-0.1729,9.8302,1598,0,0.15370659276867144,0.0,0.01210436574161549
-0.0011,-0.0521,10.0421,-2.6729,5.1147,3.1756,-0.0899,-0.0163,10.0189,1599,0,0.15370659276867144,0.0,0.011546962548119176
0.2555,0.0962,9.8029,-2.3321,2.1908,6.4675,0.269,0.1492,9.8295,1600,0,0.15314501477372658,0.0,0.011048469790233726
-0.108,0.2336,9.817,3.1209,2.1063,-0.0942,-0.1332,0.1748,9.8672,1601,0,0.15370659276867144,0.0,0.010949947622746042
-0.0708,0.1942,9.4664,-0.2705,1.1601,1.3029,-0.1172,0.208,9.4247,1602,0,0.152968620356603,0.0,0.021048469790233722
0.364,0.1443,10.3512,4.289,-1.6432,-1.7558,0.324,0.2129,10.3705,1603,0,0.10937967985719074,0.0,0.021860831610553105
0.5225,-0.126,9.5013,-5.5257,5.4209,0.3213,0.3839,-0.1896,9.5064,1604,0,0.15370659276867144,0.0,0.021860831610553105
0.5809,0.2438,9.8613,-0.1789,3.9333,3.588,0.5262,0.2574,9.9895,1605,0,0.15208732668341593,0.0,0.011959353778040789
0.2588,-0.0467,10.2178,2.3582,-0.7264,-0.537,0.3314,-0.0041,10.106,1606,0,0.15370659276867144,0.0,0.011860831610553103
0.0087,-0.0607,9.3199,0.4143,-5.6761,0.9531,0.0231,-0.0606,9.4451,1607,0,0.1383208337546105,0.0,0.00245784653592624
0.1918,-0.089,9.8923,1.3429,0.0102,1.9335,0.1441,-0.1114,9.9134,1608,0,0.15370659276867144,0.0,0.00245784653592624
-0.5174,-0.4204,9.9639,0.9755,-0.2954,-1.0328,-0.5203,-0.3651,9.9202,1609,0,0.15370659276867144,0.0,0.00245784653592624
0.5699,0.2189,10.0518,-0.0389,-3.1685,0.0936,0.5505,0.1968,10.0395,1610,0,0.15361879978792273,0.0,0.00245784653592624
0.1516,-0.0504,10.3474,-0.3307,1.7031,-4.4543,0.1757,-0.0706,10.3443,1611,0,0.12168052624756008,0.0,0.0017536702341403765
0.0692,0.4153,9.9628,2.0649,3.9125,-4.4439,0.0546,0.3877,9.8787,1612,0,0.15370659276867144,0.0,0.0011566553087672422
0.2528,0.1769,9.5865,-0.8478,2.3817,-2.6238,0.2002,0.129,9.6036,1613,0,0.15370659276867144,0.0,0.0016873828456402098
-0.0512,0.08,9.5225,1.7875,-6.9562,-1.3773,-0.1096,0.0723,9.6142,1614,0,0.15371468931029958,0.0,0.010914832296423545
0.245,-0.2758,9.6871,0.4854,-2.6432,5.8207,0.3032,-0.3604,9.8116,1615,0,0.15370659276867144,0.0,0.010914832296423545
-0.7822,-0.0045,9.8561,3.1459,0.1826,-1.9878,-0.725,0.0451,9.9017,1616,0,0.1527798341291997,0.0,0.009643697724017748
0.1142,-0.1456,9.8592,-3.2957,-2.0724,-0.4065,0.1796,-0.142,9.854,1617,0,0.15370659276867144,0.0,0.02117680109501372
0.3984,-0.337,9.7329,2.1143,1.0404,-0.5916,0.4422,-0.4307,9.7152,1618,0,0.15370659276867144,0.0,0.014870595421451693
-0.4095,-0.2189,9.6526,0.1069,3.2626,0.3314,-0.3838,-0.1838,9.6903,1619,0,0.15370659276867144,0.0,0.015529936080792355
0.3022,0.3239,9.8319,-3.7247,-1.9865,4.0012,0.2878,0.3317,9.8891,1620,0,0.15370659276867144,0.0,0.02094981543699358
-0.2507,0.3779,9.3846,-3.0083,1.4207,2.604,-0.2234,0.3981,9.3768,1621,0,0.15020587626298496,0.0,0.011605186596001016
0.533,-0.0156,9.9666,1.3478,6.3348,1.0292,0.5885,-0.0209,10.012,1622,0,0.152190671395924,0.0,0.02581836679164461
0.8721,0.2118,10.0376,-4.7022,1.7943,-2.1411,0.895,0.2378,9.9938,1623,0,0.17706893345880328,0.0,0.011695742003830396
-0.1326,-0.0414,9.771,3.446,-3.1761,-0.3583,-0.0737,-0.1045,9.8225,1624,0,0.15370659276867144,0.0,0.010735290026429267
-0.1598,0.2751,9.6006,4.0538,1.4416,-2.9059,-0.2662,0.2464,9.6196,1625,0,0.15370659276867144,0.0,0.027292756929203535
-0.2297,-0.0699,9.9704,2.3683,0.6421,-1.3216,-0.3358,-0.0348,9.9307,1626,0,0.15370659276867144,0.0,0.027292756929203535
-0.0246,0.0775,10.0031,1.6931,2.0151,0.482,-0.0267,0.1623,9.9694,1627,0,0.15370659276867144,0.0,0.04729275692920353
0.1648,-0.0847,9.4681,-5.5723,0.3482,-1.8946,0.2205,0.0107,9.4312,1628,0,0.152968620356603,0.0,0.06820300324057095
-0.3165,-0.3197,9.2876,-0.1693,0.7737,-3.2984,-0.2977,-0.3244,9.3049,1629,0,0.1437570851057785,0.0,0.07599497530971151
0.2642,0.1655,9.9355,3.7112,-2.1926,0.8996,0.3224,0.1093,9.9358,1630,0,0.15370659276867144,0.0,0.05599497530971151
0.3313,0.3763,9.7796,-0.5691,4.5941,1.5414,0.4173,0.2888,9.7392,1631,0,0.15370659276867144,0.0,0.04599497530971151
-0.4087,-0.2796,10.0571,-4.391,3.3638,6.1923,-0.4528,-0.3908,10.0566,1632,0,0.15314501477372658,0.0,0.056583210603829155
0.1876,0.0611,9.8056,2.5443,-1.9636,-3.1105,0.228,0.1131,9.7777,1633,0,0.15370659276867144,0.0,0.03658321060382916
-0.0119,0.6128,9.9327,1.7461,-4.7442,4.8943,0.0039,0.5714,9.9059,1634,0,0.15355074445237718,0.0,0.06650452079566004
-0.1056,0.2795,9.7887,-2.4751,3.935,-6.0919,-0.0694,0.2227,9.7614,1635,0,0.15370659276867144,0.0,0.02158321060382916
0.0469,-0.2319,10.0299,-4.3595,-4.5585,3.4316,0.117,-0.1669,9.9564,1636,0,0.15370659276867144,0.0,0.02142857142857143
-0.1059,0.0618,10.0152,2.4649,-4.2399,0.3735,-0.1002,0.12,10.0422,1637,0,0.15370659276867144,0.0,0.011428571428571429
0.1642,0.6375,10.0718,-5.9858,-2.6575,-8.7831,0.1529,0.6968,10.1247,1638,0,0.1393511132205945,0.0,0.02007594936708861
-0.417,0.3271,9.8705,0.0883,2.5355,6.223,-0.4532,0.4152,9.8676,1639,0,0.15314501477372658,0.0,0.0003964621876014281
-0.2929,0.2307,9.7866,2.3782,-0.9603,2.4507,-0.2847,0.1615,9.8332,1640,0,0.15370659276867144,0.0,0.010396462187601428
-0.362,-0.2125,10.0413,4.8158,-0.22,5.5727,-0.3301,-0.2587,10.0062,1641,0,0.15370659276867144,0.0,0.007396462187601428
0.3668,-0.3277,9.8427,0.7988,1.1354,0.5309,0.4041,-0.3159,9.8129,1642,0,0.15370659276867144,0.0,0.007396462187601428
-0.2852,-0.2283,9.6584,2.7842,2.1098,5.8431,-0.2855,-0.2257,9.6178,1643,0,0.15370659276867144,0.0,0.020396462187601428
0.0287,-0.2589,9.863,-3.46,0.1594,0.7928,0.0793,-0.2553,9.9505,1644,0,0.15370659276867144,0.0,0.0003120597351366582
0.0854,-0.4147,9.6037,-2.5575,-1.4029,-1.1909,0.1201,-0.315,9.5422,1645,0,0.15370659276867144,0.0,0.010419719169719168
-0.0002,0.0641,9.9458,2.0523,-1.0377,3.7988,-0.0795,0.0381,9.9612,1646,0,0.15370659276867144,0.0,0.027419719169719164
-0.0693,0.6665,9.9067,0.3737,-1.1317,1.9138,-0.0973,0.6374,9.7865,1647,0,0.15309497375261916,0.0,0.0003519003725868574
-0.0059,0.1025,9.8111,0.5265,-1.2112,-0.08,0.0216,0.1102,9.8544,1648,0,0.15370659276867144,0.0,0.0003519003725868574
-0.2332,-0.1464,9.9924,-1.2848,-4.928,6.214,-0.1969,-0.1323,9.8848,1649,0,0.15314501477372658,0.0,0.0003519003725868574
-0.079,-0.1765,9.4229,3.4345,-5.4472,1.2828,-0.0531,-0.1838,9.3951,1650,0,0.1525588014428267,0.0,0.01755860805860806
0.026,-0.57,9.8846,6.64,-1.2224,0.0883,0.0107,-0.6404,9.8814,1651,0,0.1438240374216722,0.0,0.00031404460518384567
-0.0138,-0.2181,10.0311,2.0682,1.276,2.1333,-0.0072,-0.2569,10.028,1652,0,0.15370659276867144,0.0,0.0003538852426340448
0.0244,0.159,9.7434,-0.3653,2.9468,3.1997,-0.0162,0.1695,9.763,1653,0,0.15370659276867144,0.0,0.010277935875545437
0.2046,0.0216,9.8694,-1.6965,0.4529,-4.151,0.1666,0.0121,9.9097,1654,0,0.15370659276867144,0.0,0.00021301148369796852
-0.0436,0.0177,9.8515,-1.2549,-1.2021,-1.2207,-0.127,0.0155,9.8513,1655,0,0.15370659276867144,0.0,0.0011734634610990986
0.1797,-0.2982,9.6091,0.4093,0.1567,-4.9491,0.237,-0.2885,9.6416,1656,0,0.15370659276867144,0.0,0.00021301148369796852
-0.0672,-0.0417,10.074,-3.2578,2.2195,3.9262,-0.0231,-0.0797,10.0723,1657,0,0.15370659276867144,0.0,0.00038060924906109696
0.1222,-0.1034,9.6284,1.7859,3.0152,0.9185,0.1084,-0.028,9.6394,1658,0,0.15370659276867144,0.0,0.00038060924906109696
-0.154,0.1349,9.5272,1.8833,-0.4024,8.7528,-0.1034,0.2127,9.4852,1659,0,0.1496761943101361,0.0,0.0004197191697191697
-0.2245,0.2644,10.258,2.177,-2.9406,-3.0005,-0.2266,0.2857,10.238,1660,0,0.1526504524297057,0.0,0.023270397902750845
-0.4491,-0.0207,9.8773,-4.2598,-3.3904,-3.1477,-0.5046,-0.0812,9.8329,1661,0,0.15370659276867144,0.0,0.000734126984126984
0.2955,-0.471,9.5397,5.5101,4.0017,-0.6533,0.3148,-0.4316,9.5745,1662,0,0.15370659276867144,0.0,0.000734126984126984
0.1498,0.2952,9.9748,-5.1253,-2.8761,-2.1083,0.1717,0.2381,10.0506,1663,0,0.15370659276867144,0.0,0.000734126984126984
-0.1358,-0.4104,9.7994,3.7159,0.4713,-3.0672,-0.1204,-0.4761,9.8575,1664,0,0.15370659276867144,0.0,0.0007739676215771834
-0.1345,-0.0674,9.5763,2.2369,4.9841,-4.3665,-0.1332,-0.0671,9.5444,1665,0,0.15370659276867144,0.0,0.000734126984126984
-0.1298,0.0786,9.6113,0.0186,5.9295,-1.0598,-0.1482,-0.0338,9.5786,1666,0,0.15370659276867144,0.0,0.004241160232208826
0.3791,-0.2926,9.3458,3.2846,-0.3125,3.5856,0.4111,-0.301,9.2983,1667,0,0.14888102103316148,0.0,0.0010058661145617668
-0.0752,-0.1605,9.8982,2.5879,0.6063,-1.7124,0.0345,-0.2221,9.9431,1668,0,0.15370659276867144,0.0,0.0010058661145617668
-0.324,0.0913,9.7962,0.323,5.661,-3.6914,-0.3086,0.0742,9.8783,1669,0,0.15370659276867144,0.0,0.0010058661145617668
0.3631,0.2783,9.9645,4.244,-5.3232,6.4805,0.3348,0.2697,10.0039,1670,0,0.15314501477372658,0.0,0.007877523868572463
-0.2942,0.049,10.0006,-3.564,-0.3008,-0.1206,-0.3365,0.0187,10.0458,1671,0,0.15370659276867144,0.0,0.007877523868572463
-0.1071,-0.0773,9.934,-5.9808,-3.656,-0.4581,-0.1979,-0.047,9.892,1672,0,0.15370659276867144,0.0,0.0010058661145617668
-0.2022,-0.016,9.4101,2.6384,-1.2221,4.5128,-0.2323,0.0757,9.3915,1673,0,0.1525588014428267,0.0,0.07314719295884274
-0.0639,-0.3671,9.771,7.0969,-2.015,-1.5031,-0.1277,-0.3953,9.7608,1674,0,0.15242389511884455,0.0,0.07287545382840796
-0.3579,0.0941,9.7491,3.6185,3.7073,-0.7024,-0.3392,0.0627,9.7503,1675,0,0.15370659276867144,0.0,0.05416529446585815
-0.3396,-0.1888,9.9096,-1.8469,-0.6204,0.0152,-0.3912,-0.2197,9.9683,1676,0,0.15370659276867144,0.0,0.05416529446585815
0.1269,0.6034,9.8678,2.013,0.7264,3.4938,0.232,0.6947,10.002,1677,0,0.14256404422240232,0.0,0.04291529446585815
0.004,-0.2014,9.8167,1.5375,-0.0235,2.879,-0.0499,-0.2031,9.8204,1678,0,0.15370659276867144,0.0,0.053759889060452745
-0.2601,0.1745,9.5169,-3.5332,-6.3411,0.5408,-0.3534,0.1983,9.4782,1679,0,0.15370659276867144,0.0,0.023913145765433592
0.5517,-0.3444,9.5463,0.7631,-2.4945,1.2074,0.4874,-0.3216,9.5724,1680,0,0.15361879978792273,0.0,0.03471606547346279
0.0821,0.3371,9.6865,-2.6392,-1.2207,1.2682,0.0677,0.3683,9.7075,1681,0,0.15370659276867144,0.0,0.004716065473462791
-0.0911,0.4536,9.848,-4.4927,-1.2469,-0.8245,-0.1512,0.3478,9.7994,1682,0,0.15370659276867144,0.0,0.01587622483601259
0.2119,-0.0842,10.0287,-1.7596,1.2639,-0.4851,0.1858,-0.0448,10.0712,1683,0,0.15370659276867144,0.0,0.02471606547346279
-0.0114,-0.3566,9.6599,-2.1515,0.0788,-2.3176,0.0081,-0.3707,9.618,1684,0,0.15370659276867144,0.0,0.003873305127983394
-0.1725,0.0704,9.8228,-3.4136,2.8678,-3.708,-0.1106,0.0658,9.8654,1685,0,0.15370659276867144,0.0,0.003873305127983394
-0.2288,0.3173,9.8779,-2.1771,-1.7637,-1.6112,-0.1949,0.3284,9.8333,1686,0,0.15370659276867144,0.0,0.003873305127983394
-0.1052,0.5802,9.6865,0.4761,0.2424,-0.9184,-0.0692,0.5272,9.6494,1687,0,0.15355074445237718,0.0,0.012323283659542003
0.1004,0.2404,10.0772,6.0584,-2.219,-2.242,0.1342,0.171,10.1214,1688,0,0.15370659276867144,0.0,0.003873305127983394
0.0044,0.2382,10.1236,0.8389,-3.1875,1.406,0.0445,0.1614,10.1522,1689,0,0.15370659276867144,0.0,0.0037200484230025515
0.2554,0.2993,9.5528,-3.8731,0.5263,3.2562,0.2129,0.3268,9.5839,1690,0,0.15370659276867144,0.0,0.002693732633528867
-0.2039,0.1316,9.5681,0.5987,0.2863,-1.9079,-0.2032,0.1542,9.6707,1691,0,0.15370659276867144,0.0,0.003006232633528867
0.1665,0.2111,9.6791,4.9212,1.966,-2.9078,0.1639,0.2517,9.5792,1692,0,0.15370659276867144,0.0,0.06269373263352887
0.141,-0.362,9.4737,-4.9912,-1.0462,2.6703,0.1395,-0.3243,9.4903,1693,0,0.15370659276867144,0.0,0.042693732633528866
0.089,0.6192,9.9626,-4.8039,-1.5406,-3.3253,0.1287,0.4992,9.9748,1694,0,0.15355074445237718,0.0,0.06269373263352887
-0.0187,0.3119,9.2707,4.3475,4.2228,-1.0821,0.0397,0.2952,9.314,1695,0,0.1281791423195936,0.0,0.08269373263352886
0.3459,0.033,9.3877,0.1826,3.9692,-2.9636,0.4467,0.0909,9.5025,1696,0,0.15156287216939757,0.0,0.02269373263352887
0.1499,0.378,9.9815,1.8077,6.6549,-1.3068,0.0817,0.4135,10.0369,1697,0,0.15370659276867144,0.0,0.014906498590975677
0.4703,0.2368,10.0063,0.8745,0.8329,0.8716,0.4937,0.2359,10.0401,1698,0,0.15370659276867144,0.0,0.004086071085430202
-0.1393,0.1314,9.8635,0.9007,-0.6846,0.0627,-0.0599,0.0732,9.8908,1699,0,0.15370659276867144,0.0,0.021873305127983397
-0.3537,-0.4136,9.7595,-2.5998,1.3808,2.3022,-0.4508,-0.4299,9.7415,1700,0,0.15370659276867144,0.0,0.021873305127983397
-0.0986,0.0875,9.4162,0.3822,1.2854,-0.9965,-0.1229,0.0076,9.4065,1701,0,0.1525588014428267,0.0,0.011093907894781813
-0.142,0.2136,9.88,3.3644,2.298,7.4985,-0.0771,0.2473,9.8252,1702,0,0.15202204242360534,0.0,0.011809755295956516
0.015,-0.0432,10.1003,-1.056,2.7416,3.7276,-0.0448,-0.0232,10.1664,1703,0,0.15370659276867144,0.0,0.011967858062754935
-0.1359,0.5501,9.681,1.2996,-0.0529,-1.4091,-0.1919,0.4713,9.6885,1704,0,0.15355074445237718,0.0,0.011596989338509708
0.0866,0.2087,9.7888,1.384,1.0782,2.7611,0.0941,0.1389,9.7713,1705,0,0.15370659276867144,0.0,0.0027814078947818125
0.1313,0.0485,10.0743,1.5303,2.2722,-3.5151,0.1432,0.1322,10.1656,1706,0,0.15370659276867144,0.0,0.021596989338509714
-0.012,0.1569,9.9385,0.2153,-2.9748,0.6619,0.0453,0.1607,9.9335,1707,0,0.15370659276867144,0.0,0.021596989338509714
0.2249,0.5951,10.136,2.9223,3.6037,-1.7626,0.204,0.5742,10.1022,1708,0,0.15355074445237718,0.0,0.021596989338509714
-0.4855,-0.3084,10.0956,-1.1054,0.9313,8.115,-0.6309,-0.3173,10.0711,1709,0,0.14763888747753356,0.0,0.0010977299795008222
0.4325,-0.5611,9.7567,-4.4289,2.9134,-1.94,0.3969,-0.619,9.7576,1710,0,0.14745952261968673,0.0,0.0008849640220540137
-0.0861,-0.1485,9.6982,-2.2376,-1.6057,0.0402,-0.001,-0.1137,9.7075,1711,0,0.15370659276867144,0.0,0.0008849640220540137
0.018,0.0604,9.9083,-2.6638,2.7829,3.2003,0.0365,-0.0141,9.9227,1712,0,0.15370659276867144,0.0,0.002134964022054013
-0.3151,-0.1653,9.6511,-1.5919,2.5154,0.7152,-0.3986,-0.1609,9.6067,1713,0,0.15370659276867144,0.0,0.012329443834761946
0.1266,-0.0307,9.6713,-1.9458,1.9535,-4.9233,0.1295,-0.0177,9.6071,1714,0,0.15370659276867144,0.0,0.002329443834761945
-0.2192,0.0441,9.6698,1.1868,-0.2946,-1.2261,-0.1442,0.0129,9.6412,1715,0,0.15370659276867144,0.0,0.002329443834761945
-0.0576,-0.4306,9.4895,4.3943,3.8813,-2.5839,-0.0487,-0.4028,9.5017,1716,0,0.15370659276867144,0.0,0.002329443834761945
-0.2451,0.0149,9.796,0.0023,4.2277,1.7328,-0.1876,0.054,9.8361,1717,0,0.15370659276867144,0.0,0.002329443834761945
0.359,0.551,10.1615,0.4616,2.8055,3.3871,0.3348,0.6154,10.2124,1718,0,0.15210118216678833,0.0,0.002329443834761945
-0.0137,-0.0414,9.655,-1.418,-1.8728,-2.1907,-0.0595,-0.0805,9.6808,1719,0,0.15370659276867144,0.0,0.0010396031973117456
0.077,-0.5153,10.1349,-3.4863,1.5935,1.4427,0.0293,-0.5361,10.0721,1720,0,0.15370659276867144,0.0,0.0016366181226848797
-0.1056,-0.1377,9.625,2.3008,2.8262,-3.0648,-0.1191,-0.1257,9.6196,1721,0,0.15370659276867144,0.0,0.014674804659504213
-0.4028,0.3822,9.6659,-2.8223,4.1312,-4.5878,-0.4069,0.3385,9.768,1722,0,0.15370659276867144,0.0,0.0004217010147301942
0.6146,0.0221,9.8101,1.3103,0.2863,-2.7612,0.6627,0.02,9.7784,1723,0,0.15329111411713053,0.0,0.010421701014730196
0.1246,-0.0488,9.5232,-2.8372,0.6149,3.9378,0.1076,-0.0811,9.4781,1724,0,0.15370659276867144,0.0,0.0003078958802385748
0.0671,-0.2083,9.9563,-2.1839,0.286,-0.6155,0.1605,-0.1756,9.9586,1725,0,0.15370659276867144,0.0,0.000381860377279995
0.1172,-0.1029,9.6487,-1.9336,0.9555,-6.6401,0.0972,-0.1955,9.619,1726,0,0.1532405209942328,0.0,0.016623685353922786
0.1786,-0.5889,9.937,-1.1921,-4.29,0.8407,0.1446,-0.604,9.9499,1727,0,0.15366621418353923,0.0,0.016623685353922786
0.1047,-0.0662,9.8077,1.7447,1.8595,-7.8229,0.0971,0.0208,9.7778,1728,0,0.1513602608214693,0.0,0.016623685353922786
0.1077,0.2797,9.7357,-1.248,3.0647,0.3356,0.0469,0.2838,9.7841,1729,0,0.15370659276867144,0.0,0.016697649850964207
-0.1061,0.7467,9.5285,1.9293,-1.6624,3.05,-0.0964,0.6967,9.5908,1730,0,0.15360352531366345,0.0,0.06627645209155712
-0.5548,-0.0807,10.1656,5.3963,1.1989,-2.1671,-0.6075,-0.1221,10.1621,1731,0,0.15370659276867144,0.0,0.051321271094925215
0.3944,-0.0544,10.4561,-1.8755,-1.645,0.4153,0.4551,-0.086,10.4212,1732,0,0.09332757866337177,0.0,0.08413643818570188
-0.2672,-0.2235,10.0368,1.484,5.02,-0.4292,-0.2215,-0.2194,10.0545,1733,0,0.15370659276867144,0.0,0.08413643818570188
0.0418,0.3294,9.694,2.5341,-0.0153,0.6342,0.0219,0.348,9.6847,1734,0,0.15370659276867144,0.0,0.07913643818570187
-0.6574,0.2566,10.1779,7.7205,-6.1149,1.7911,-0.6266,0.2608,10.2058,1735,0,0.1493436533670488,0.0,0.11988360722150095
0.0057,0.0664,9.387,-7.1216,-2.9391,0.7708,0.0913,0.0479,9.4446,1736,0,0.15072924291248493,0.0,0.11177709330794373
-0.3809,-0.1637,9.851,-1.0651,1.9777,0.5827,-0.3086,-0.1578,9.8725,1737,0,0.15370659276867144,0.0,0.09179721981743195
0.1751,-0.3165,10.1357,0.687,0.4123,0.4676,0.1685,-0.3525,10.0716,1738,0,0.15370659276867144,0.0,0.10747471141877574
0.2293,-0.037,9.6475,-7.1171,-3.2592,-3.1893,0.2518,-0.0546,9.6437,1739,0,0.15317493330486792,0.0,0.1056895596624292
-0.419,-0.0854,9.8552,7.1868,-1.4617,-0.7379,-0.4678,-0.0829,9.8342,1740,0,0.15242389511884455,0.0,0.10265030826590303
0.0975,-0.0069,9.6124,-2.2446,-4.4165,-6.8236,0.1451,0.0051,9.5822,1741,0,0.1532405209942328,0.0,0.051888363757648284
0.1297,-0.1185,10.1601,0.944,-1.9822,1.3715,0.169,-0.1182,10.1713,1742,0,0.15370659276867144,0.0,0.04626899924603979
0.1018,0.1337,9.5956,-3.7473,3.8158,-0.1322,0.1466,0.1729,9.5718,1743,0,0.15370659276867144,0.0,0.067644801339927
0.1342,-0.0537,9.9721,-4.8491,0.8807,0.4133,0.1356,-0.0434,10.0375,1744,0,0.15370659276867144,0.0,0.06986138446440486
-0.1905,0.2701,9.4515,2.0555,-0.6041,-0.8735,-0.1809,0.2633,9.36,1745,0,0.1458157177984784,0.0,0.07986138446440486
-0.4863,0.2154,9.8791,-2.2756,-1.1101,3.3417,-0.5755,0.2227,9.9005,1746,0,0.15370659276867144,0.0,0.024825083122393076
0.8056,-0.5594,9.8751,4.6309,-2.2211,0.3994,0.7593,-0.5199,9.8375,1747,0,0.15588814343264898,0.0,0.027431053756478755
0.4022,-0.0278,10.0797,1.0534,-7.5532,2.032,0.4413,-0.0287,10.1128,1748,0,0.14943060812646197,0.0,0.012012712490567795
-0.0643,-0.4176,10.1657,-0.2083,-1.0825,2.7368,-0.1195,-0.47,10.1206,1749,0,0.15370659276867144,0.0,0.012012712490567795
0.6866,0.4588,10.1509,-1.5381,2.0959,-6.0236,0.7138,0.4177,10.0987,1750,0,0.14976602810619544,0.0,0.04057105750564787
-0.4002,0.0413,10.2448,-3.6188,-6.2853,0.8117,-0.3973,0.0919,10.2695,1751,0,0.15135784453201792,0.0,0.029830085117415698
0.0798,0.1058,9.6583,0.6456,3.1515,3.6114,0.1585,0.0991,9.6622,1752,0,0.15370659276867144,0.0,0.03111914977370981
0.4378,-0.1633,10.0885,2.4767,2.3878,0.5527,0.4554,-0.2058,10.0457,1753,0,0.15370659276867144,0.0,0.03043702153360067
-0.4857,0.0553,9.6613,3.7984,0.8578,-0.6416,-0.514,0.0396,9.6182,1754,0,0.15370659276867144,0.0,0.031157984725166125
-0.1012,-0.3205,9.5323,-0.5768,1.5104,-5.0479,-0.1726,-0.2196,9.5426,1755,0,0.15370659276867144,0.0,0.059868920068872004
-0.071,-0.1358,9.6875,3.1212,2.533,-2.4988,-0.0833,-0.2343,9.6866,1756,0,0.15370659276867144,0.0,0.05894564803336154
0.3783,-0.0646,9.4812,1.7567,-6.0304,-1.868,0.439,-0.0802,9.5514,1757,0,0.15370659276867144,0.0,0.05873288207591473
0.0737,-0.5067,9.9155,0.7732,-4.3103,1.0,0.1149,-0.4334,9.8536,1758,0,0.15370659276867144,0.0,0.04894564803336154
0.0815,-0.4878,9.1825,0.3043,-1.3116,-2.0215,0.1176,-0.5421,9.1281,1759,1,0.07476292074212354,0.0,0.0693009835406434
0.1472,-0.142,9.9309,5.2184,0.0082,2.678,0.0543,-0.0779,9.988,1760,0,0.15370659276867144,0.0,0.0793009835406434
0.2453,-0.0872,10.0536,-3.8915,4.1433,-1.8595,0.2515,-0.0111,10.0659,1761,0,0.15370659276867144,0.0,0.07869404712445842
-0.091,0.1412,9.8031,-10.8851,4.6186,-0.823,-0.1841,0.1618,9.7381,1762,0,0.142132367215892,0.0,0.07869404712445842
-0.1921,-0.391,9.7832,0.1502,5.289,4.4792,-0.2357,-0.4923,9.8061,1763,0,0.15370659276867144,0.0,0.07869404712445842
0.5747,-0.5779,9.6974,-1.269,0.7541,-1.3228,0.6321,-0.5397,9.6738,1764,0,0.15335673784406617,0.0,0.07012261855302986
0.1638,-0.4016,9.4475,6.5107,2.2611,2.8964,0.2029,-0.4283,9.461,1765,0,0.1528511125999369,0.0,0.051722618553029856
0.3681,-0.2467,9.7637,-3.8351,4.3019,1.7993,0.4601,-0.238,9.7907,1766,0,0.15370659276867144,0.0,0.041722618553029854
-0.1756,0.424,9.5447,-3.5572,-4.1532,-0.9232,-0.1012,0.3852,9.5311,1767,0,0.15370659276867144,0.0,0.051722618553029856
0.0037,0.1563,9.7249,5.368,-2.2814,-5.895,-0.002,0.1781,9.7086,1768,0,0.15370659276867144,0.0,0.041722618553029854
0.1522,-0.7078,9.9107,1.0305,-1.0776,1.2545,0.1917,-0.7558,9.9266,1769,0,0.15084513944415265,0.0,0.04012261855302986
0.2726,0.199,9.5796,1.6796,-1.6759,0.7168,0.2913,0.1741,9.5627,1770,0,0.15370659276867144,0.0,0.060122618553029854
-0.3131,-0.1463,9.8226,-1.7856,0.6414,-3.4118,-0.2671,-0.1427,9.8774,1771,0,0.15370659276867144,0.0,0.05012261855302985
0.509,-0.114,10.0617,-2.5973,-1.42,-0.5773,0.5814,-0.1146,10.0747,1772,0,0.152190671395924,0.0,0.06036261855302985
0.3013,0.2598,9.9226,-5.3948,-0.9888,1.0326,0.1891,0.2684,9.9607,1773,0,0.15370659276867144,0.0,0.051639214297710706
-0.0068,-0.2611,10.1751,1.2547,2.065,-0.4115,0.0215,-0.3141,10.1389,1774,0,0.15370659276867144,0.0,0.07036261855302986
0.5413,-0.0894,9.9637,-4.4563,-1.9255,-0.8165,0.5915,-0.0636,9.9878,1775,0,0.15488821094857297,0.0,0.050362618553029856
0.2399,-0.1308,9.9431,-3.4716,-3.2483,-3.0633,0.2728,-0.1339,9.9166,1776,0,0.15370659276867144,0.0,0.06036261855302985
-0.4452,-0.1955,9.8091,4.5876,-7.1342,2.7379,-0.3987,-0.1809,9.8592,1777,0,0.15355501587418666,0.0,0.040362618553029854
-0.2324,-0.1563,9.4914,-0.6682,-0.5216,4.8001,-0.2869,-0.19,9.4059,1778,0,0.1525588014428267,0.0,0.03026409638554217
0.2385,-0.3428,9.8052,1.7028,-0.5654,-1.4031,0.2423,-0.4091,9.7294,1779,0,0.15370659276867144,0.0,0.03026409638554217
0.1108,-0.1224,9.689,-4.1483,-0.5909,-1.5605,0.0826,-0.1108,9.6494,1780,0,0.15370659276867144,0.0,0.030422199152340585
0.2358,-0.1138,9.7962,0.276,0.8065,-2.8199,0.243,-0.0561,9.7722,1781,0,0.15370659276867144,0.0,0.040422199152340584
-0.2718,-0.0913,9.6579,0.2108,-0.1986,2.7255,-0.3268,-0.068,9.6982,1782,0,0.15370659276867144,0.0,0.021134224468796283
0.3037,-0.1609,9.7883,-0.8764,0.3079,-3.3896,0.3637,-0.1774,9.7541,1783,0,0.15370659276867144,0.0,0.020976121701997866
0.1217,0.0571,10.0179,5.5988,-0.0137,0.6392,0.107,0.1197,10.0014,1784,0,0.15370659276867144,0.0,0.030976121701997865
-0.1121,0.1415,9.9934,-1.3623,-1.0081,-4.212,-0.1883,0.234,9.9812,1785,0,0.15370659276867144,0.0,0.04024377154800592
-0.03,0.2482,9.9408,-0.1701,-2.9021,-1.7017,0.0232,0.2082,9.9276,1786,0,0.15370659276867144,0.0,0.050243771548005925
-0.2116,0.2323,9.9541,8.2026,-0.665,-4.245,-0.2648,0.2449,9.9608,1787,0,0.12616966749026395,0.0,0.050243771548005925
-0.1147,-0.2971,10.0289,-1.3446,0.7568,5.9091,-0.1577,-0.2884,10.0702,1788,0,0.15370659276867144,0.0,0.05964675662263279
0.4662,0.4897,9.8294,-3.8191,-1.3007,1.5462,0.4323,0.3644,9.8437,1789,0,0.15370659276867144,0.0,0.04748837152946508
0.0899,-0.0191,9.6784,4.4459,0.7716,6.1673,0.1041,0.0076,9.6443,1790,0,0.15370659276867144,0.0,0.05234793309322102
0.2978,0.0863,10.0523,-1.3809,-1.4143,0.4599,0.2534,0.2028,10.038,1791,0,0.15370659276867144,0.0,0.04375240813625028
0.0676,-0.2744,9.7237,0.7133,5.4997,4.2568,0.1012,-0.2863,9.652,1792,0,0.15370659276867144,0.0,0.02375240813625028
-0.2069,0.2725,10.0385,0.3031,-0.6581,-1.823,-0.1191,0.2759,10.131,1793,0,0.15370659276867144,0.0,0.03375240813625028
-0.0474,0.0168,9.9725,-2.023,-2.0672,-4.4849,-0.1215,0.0218,10.0145,1794,0,0.15370659276867144,0.0,0.04377650452179244
0.0048,-0.084,9.6157,6.8251,-2.295,-0.8635,0.032,-0.06,9.5949,1795,0,0.15242389511884455,0.0,0.04377650452179244
-0.2503,0.0743,9.7558,4.0758,-0.3566,2.5727,-0.218,0.1079,9.7249,1796,0,0.15370659276867144,0.0,0.05377650452179245
0.2397,0.1566,9.8712,5.944,7.4216,0.281,0.235,0.1453,9.8793,1797,0,0.14483523633329007,0.0,0.003064479205336754
0.0744,-0.1949,9.9143,1.6449,0.9001,0.4793,0.0697,-0.1463,9.8705,1798,0,0.15370659276867144,0.0,0.013277245162783563
-0.0556,-0.0923,9.8292,-2.3729,4.2783,2.7568,-0.0556,-0.0436,9.8073,1799,0,0.15370659276867144,0.0,0.0004941714589937453
-0.119,0.1348,9.6107,-1.0941,1.6912,0.3454,-0.0663,0.0627,9.5601,1800,0,0.15370659276867144,0.0,0.021896443872727794
-0.2579,0.3274,9.9371,-2.792,-1.0169,-0.2705,-0.3497,0.3142,9.8793,1801,0,0.15370659276867144,0.0,0.04253666043366047
-0.0806,0.1171,10.0413,1.5925,2.8789,2.0603,-0.105,0.0878,10.0689,1802,0,0.15370659276867144,0.0,0.022536660433660472
0.0865,0.2707,10.2091,-3.4613,-0.4363,1.1035,0.1362,0.3316,10.168,1803,0,0.15370659276867144,0.0,0.022536660433660472
-0.2077,-0.3343,10.0202,-2.9148,-0.7128,5.5544,-0.2617,-0.3489,10.0527,1804,0,0.15370659276867144,0.0,0.024679517576517616
-0.1549,-0.3328,9.6851,1.4137,-2.1733,-6.9357,-0.2282,-0.2709,9.7002,1805,0,0.1532405209942328,0.0,0.02467951757651761
-0.5403,-0.5912,9.8656,-0.4431,-1.42,-0.4194,-0.5706,-0.6106,9.8336,1806,0,0.15214351612006305,0.0,0.03467951757651761
0.5401,-0.1918,9.4811,5.3298,2.4827,-0.6715,0.5143,-0.1971,9.5182,1807,0,0.15370659276867144,0.0,0.05489929779629784
-0.3386,-0.007,9.4769,-2.0053,-0.041,0.9597,-0.3568,-0.0139,9.5092,1808,0,0.15370659276867144,0.0,0.06550623421248282
0.6511,0.4152,9.5215,-1.1918,-0.679,-1.15,0.7073,0.3528,9.5603,1809,0,0.1504061770944606,0.0,0.025474310738851008
-0.2441,-0.1755,9.7023,-2.2019,-0.7975,1.1154,-0.216,-0.1292,9.693,1810,0,0.15370659276867144,0.0,0.026434762716252135
-0.109,-0.3554,9.8436,5.4182,1.7738,1.8863,-0.0355,-0.3295,9.865,1811,0,0.15370659276867144,0.0,0.025487394295199507
0.2779,-0.1026,9.7328,0.4968,2.3827,-2.3619,0.2774,-0.2284,9.719,1812,0,0.15370659276867144,0.0,0.015131839074723144
-0.2013,0.3029,9.8239,-0.7516,-0.3988,-2.4628,-0.232,0.3271,9.7393,1813,0,0.15370659276867144,0.0,0.015131839074723144
-0.2271,-0.5174,9.5733,-1.0563,-1.8218,5.7412,-0.2135,-0.5225,9.5957,1814,0,0.15370659276867144,0.0,0.01644550265154461
0.1457,-0.2282,9.6902,0.9826,-0.0242,-4.2237,0.0799,-0.2112,9.6527,1815,0,0.15370659276867144,0.0,0.01744550265154461
0.7105,0.1887,9.8441,3.1377,3.0694,0.9912,0.7539,0.2041,9.8361,1816,0,0.1427074388519444,0.0,0.025068725315482272
0.6077,0.175,9.7896,-1.4112,-0.5625,5.4352,0.6187,0.101,9.771,1817,0,0.15522247095773994,0.0,0.015565801338874091
0.0688,0.0647,9.9638,3.2353,1.4729,-0.5535,0.0931,0.1432,9.9376,1818,0,0.15370659276867144,0.0,0.015565801338874091
-0.042,-0.0754,9.663,-0.2831,2.5172,1.3947,-0.087,-0.1916,9.6219,1819,0,0.15370659276867144,0.0,0.005377122093591069
0.3415,-0.6001,9.8117,3.1826,-0.3657,-2.4273,0.3782,-0.6225,9.7841,1820,0,0.15198868464063664,0.0,0.005377122093591069
-0.0468,-0.1743,9.8168,0.986,0.7708,-1.6171,0.0245,-0.1692,9.8923,1821,0,0.15370659276867144,0.0,0.015377122093591069
0.2909,0.0031,10.1368,2.873,0.1801,-3.9316,0.2915,-0.0234,10.1273,1822,0,0.15370659276867144,0.0,0.005377122093591069
-0.2411,-0.244,9.86,2.7876,4.2277,1.301,-0.2646,-0.2996,9.8596,1823,0,0.15370659276867144,0.0,0.005377122093591069
-0.272,-0.0543,9.7761,1.8959,-0.8089,-3.0637,-0.2871,0.0034,9.7822,1824,0,0.15370659276867144,0.0,0.005377122093591069
0.6226,0.1225,9.9345,-0.2198,1.1387,-0.7463,0.6293,0.1352,9.837,1825,0,0.15522247095773994,0.0,0.025377122093591067
-0.0791,-0.5318,10.176,-2.5594,-2.3023,3.5107,-0.0941,-0.5575,10.1635,1826,0,0.15370659276867144,0.0,0.005565801338874088
-0.0961,-0.4112,9.6942,3.6079,-1.9907,-0.5905,-0.1518,-0.4323,9.6163,1827,0,0.15370659276867144,0.0,0.014726479913289918
-0.1682,0.0982,9.626,-1.9268,0.3408,0.6913,-0.1905,0.0304,9.6832,1828,0,0.15370659276867144,0.0,0.024726479913289915
-0.2351,-0.1099,9.8751,1.6123,3.1939,0.3575,-0.1679,-0.1268,9.8358,1829,0,0.15370659276867144,0.0,0.024726479913289915
0.2051,-0.3363,9.8511,-4.2946,-0.439,-1.3446,0.2237,-0.3162,9.7968,1830,0,0.15370659276867144,0.0,0.024726479913289915
0.2342,-0.348,9.8618,-2.1495,-1.069,-4.5041,0.2746,-0.3304,9.8467,1831,0,0.15370659276867144,0.0,0.004571840738032184
-0.686,-0.0799,9.8188,0.1354,4.4282,-1.2668,-0.7165,-0.1154,9.883,1832,0,0.1478981949962764,0.0,0.015127396293587739
-0.1985,-0.2041,9.8111,-2.0501,1.078,-3.0501,-0.1767,-0.2324,9.781,1833,0,0.15370659276867144,0.0,0.014571840738032187
0.076,-0.3111,9.8109,-1.1928,0.4031,3.847,-0.0432,-0.3098,9.7862,1834,0,0.15370659276867144,0.0,0.024571840738032185
0.0733,-0.2416,10.1537,1.9419,-0.0893,2.6774,0.1038,-0.2528,10.0301,1835,0,0.15370659276867144,0.0,0.014571840738032187
0.2379,0.2815,9.8523,-2.6647,-2.559,1.3178,0.2129,0.2564,9.8086,1836,0,0.15370659276867144,0.0,0.014571840738032187
-0.2798,-0.356,9.4819,-3.419,-2.175,6.0011,-0.2446,-0.352,9.4925,1837,0,0.15370659276867144,0.0,0.04480044441033134
0.2589,-0.8103,9.8169,2.5716,1.4065,0.0809,0.2053,-0.8837,9.733,1838,0,0.10678955367244353,0.0,0.03714873087977594
-0.1574,-0.0001,9.7755,-3.2801,0.4599,1.186,-0.2185,-0.0246,9.7533,1839,0,0.15370659276867144,0.0,0.05008990735036417
-0.4784,-0.3266,9.9775,0.4964,1.9118,3.2566,-0.4236,-0.3298,10.0029,1840,0,0.15370659276867144,0.0,0.04502316372563965
0.3351,-0.6818,9.8529,-1.0065,-1.9765,-2.7254,0.2657,-0.7771,9.8896,1841,0,0.15005790558036108,0.0,0.05208198725505141
0.3713,0.1074,10.0095,2.9947,-2.4774,-1.2252,0.3266,0.0674,9.9737,1842,0,0.15370659276867144,0.0,0.042596517729797424
0.1466,0.3072,9.6671,0.1321,2.5027,2.2199,0.1269,0.3073,9.677,1843,0,0.15370659276867144,0.0,0.032764115495160555
-0.4482,-0.7889,9.7241,-3.9713,0.3925,-5.6779,-0.4846,-0.8213,9.7897,1844,0,0.14384361832352627,0.0,0.031596517729797415
0.0098,-0.4286,9.9703,3.6431,-2.6282,-1.8981,-0.0095,-0.4568,9.9556,1845,0,0.15370659276867144,0.0,0.022596517729797417
-0.1205,0.1483,9.965,2.7049,2.1332,0.7232,-0.0797,0.1332,9.9502,1846,0,0.15370659276867144,0.0,0.01259651772979742
-0.1012,-0.0088,9.8603,-5.8997,-0.9664,-2.7669,-0.0791,0.024,9.8373,1847,0,0.15370659276867144,0.0,0.04176113278470743
0.2669,-0.0698,9.8441,-3.2889,-5.8757,2.6269,0.2831,-0.0178,9.8009,1848,0,0.15370659276867144,0.0,0.04176113278470743
-0.3373,-0.1094,9.8214,0.7347,-1.4564,-1.7206,-0.3243,-0.1929,9.8032,1849,0,0.15370659276867144,0.0,0.04176113278470743
-0.2999,0.3079,9.7771,3.4714,-2.2557,-0.9324,-0.3036,0.3579,9.7575,1850,0,0.15370659276867144,0.0,0.07176113278470743
0.4426,0.1441,9.9074,0.6411,-4.0702,-6.3697,0.4937,0.1464,9.8955,1851,0,0.15370659276867144,0.0,0.028005229499954973
0.3061,-0.1646,9.7924,-5.2236,4.4417,1.1628,0.253,-0.221,9.8096,1852,0,0.15370659276867144,0.0,0.028044064451411287
0.0493,0.6502,9.9121,-4.6625,-1.671,-1.9554,0.011,0.5033,9.9764,1853,0,0.15355074445237718,0.0,0.06412362833335798
-0.1432,-0.4168,9.7783,-3.0979,-6.5979,0.286,-0.2424,-0.4909,9.8479,1854,0,0.15370659276867144,0.0,0.13221104509072107
-0.1322,0.2828,10.0301,0.8387,-1.9832,-1.1175,-0.1295,0.3159,10.0829,1855,0,0.15370659276867144,0.0,0.07412362833335798
-0.084,0.3499,9.8059,-0.8438,-0.7131,-1.4117,-0.0454,0.3075,9.8261,1856,0,0.15370659276867144,0.0,0.06408479338190166
0.0812,-0.057,9.7781,1.2097,2.5179,0.4517,0.1693,-0.1443,9.8096,1857,0,0.15370659276867144,0.0,0.14377827074532534
-0.7619,0.034,9.8985,-1.8319,2.3888,-3.4857,-0.6803,-0.0146,9.881,1858,0,0.149733457376161,0.0,0.21672626568651499
0.3986,0.411,9.8577,3.3899,0.2873,-2.1368,0.4172,0.3491,9.8711,1859,0,0.15370659276867144,0.0,0.3701920916564372
-0.5498,-0.2759,9.7302,0.1086,-0.2178,1.7845,-0.5897,-0.3223,9.838,1860,0,0.15370659276867144,0.0,0.38019209165643714
0.4228,0.6587,9.8601,-0.9007,-1.0184,-2.3236,0.4166,0.5745,9.9022,1861,0,0.15355074445237718,0.0,0.39038182813355227
0.0684,-0.1337,9.5742,-0.3927,2.5254,-0.2028,0.0264,-0.1631,9.5315,1862,0,0.15370659276867144,0.0,0.33015325670498086
0.0115,0.3281,9.8012,3.1272,-0.7592,-2.3268,0.0232,0.3211,9.6762,1863,0,0.15370659276867144,0.0,0.34015325670498087
0.1508,0.1001,9.9977,2.5851,-3.5017,3.552,0.2714,0.1412,9.9274,1864,0,0.15370659276867144,0.0,0.3601532567049809
-0.6624,0.1662,9.4053,-3.3556,-0.2837,-2.3743,-0.6322,0.0678,9.4131,1865,0,0.15322129825563172,0.0,0.16866308387066198
-0.1112,0.0756,10.0346,3.2089,4.4363,-0.3441,-0.1387,0.0712,10.0251,1866,0,0.15370659276867144,0.0,0.09257130159489156
0.2341,-0.6101,9.5497,-1.3924,-2.8207,0.8127,0.3535,-0.6556,9.565,1867,0,0.15199271031478814,0.0,0.07309850437928431
-0.3604,-0.3562,9.9489,-0.6251,-2.9891,1.79,-0.2819,-0.3917,10.0197,1868,0,0.15370659276867144,0.0,0.07340153468231461
-0.4436,-0.0783,10.0242,3.1026,-1.0659,2.0521,-0.4607,-0.2084,9.9237,1869,0,0.15370659276867144,0.0,0.07840153468231462
0.24,0.2011,9.9118,-2.7525,-1.8579,-5.9498,0.2527,0.2388,9.9713,1870,0,0.15370659276867144,0.0,0.07904822331854769
-0.31,-0.1319,9.8098,0.7335,-4.2421,-2.1676,-0.3516,-0.1633,9.786,1871,0,0.15370659276867144,0.0,0.06801620877892367
-0.0422,0.3558,9.7673,-3.7218,2.5393,-3.222,-0.096,0.3513,9.8627,1872,0,0.15370659276867144,0.0,0.08757130159489156
-0.2702,-0.1279,9.8683,-0.3543,0.8143,-2.5123,-0.2459,-0.0171,9.8733,1873,0,0.15370659276867144,0.0,0.09745017104307462
-0.0083,-0.2681,9.8206,0.788,0.9822,0.5068,-0.0716,-0.1922,9.8543,1874,0,0.15370659276867144,0.0,0.10757130159489156
-0.7931,-0.1449,9.7,-8.4245,0.0849,-4.66,-0.8623,-0.1314,9.7543,1875,0,0.13746841086167952,0.0,0.02
-0.1278,0.1663,9.7067,1.9097,3.5049,-2.908,-0.0813,0.1372,9.6839,1876,0,0.15370659276867144,0.0,0.11
-0.3304,-0.0436,9.8207,-3.5684,-1.8963,-4.4432,-0.4113,-0.0924,9.7813,1877,0,0.15370659276867144,0.0,0.17
-0.4433,0.479,9.6587,-6.2528,-3.6636,-0.7547,-0.4928,0.4479,9.6504,1878,0,0.15370659276867144,0.0,0.17
-0.2389,0.328,9.8824,-0.3335,7.3098,1.6534,-0.2,0.2423,9.9711,1879,0,0.14773293704523302,0.0,0.16
-0.0677,-0.6584,9.622,0.8111,-4.9459,6.7943,-0.0263,-0.6862,9.5288,1880,0,0.15156427282812024,0.0,0.07
0.1262,0.111,9.9137,-0.1791,2.1959,2.8731,0.05,0.1465,9.9181,1881,0,0.15370659276867144,0.0,0.06
-0.6956,0.4315,9.9924,-5.1361,2.9768,-7.9714,-0.7042,0.4498,9.9428,1882,0,0.14916757285232307,0.0,0.05
-0.4619,0.4417,9.7349,-1.5319,-1.2498,-3.8448,-0.3773,0.4682,9.8212,1883,0,0.15370659276867144,0.0,0.05
-0.5411,-0.2248,9.5523,0.6933,-1.1935,1.802,-0.4647,-0.2504,9.5016,1884,0,0.15370659276867144,0.0,0.01
-0.0234,-0.0405,9.684,2.2409,-1.4501,2.2453,-0.0442,-0.0225,9.4894,1885,0,0.15370659276867144,0.0,0.0
-0.0789,-0.434,9.6869,0.2032,1.7743,0.3604,-0.1004,-0.349,9.7163,1886,0,0.15370659276867144,0.0,0.01
-0.2711,-0.1799,9.7843,-4.4528,-0.8436,-3.0736,-0.2037,-0.2092,9.7469,1887,0,0.15370659276867144,0.0,0.13
-0.0215,-0.4285,9.9451,3.1548,-3.857,4.5984,0.0767,-0.3859,9.9516,1888,0,0.15370659276867144,0.0,0.13
0.21,-0.2722,9.4628,-4.3089,1.5756,-1.4861,0.197,-0.2709,9.3836,1889,0,0.14802633814074814,0.0,0.0
-0.4467,-0.2256,9.6686,-2.6409,1.8956,-7.6534,-0.3594,-0.2538,9.6206,1890,0,0.1513602608214693,0.0,0.0
0.2879,0.3258,9.8295,4.2461,0.012,1.4702,0.2825,0.356,9.7751,1891,0,0.15370659276867144,0.0,0.0
0.03,0.3172,9.7398,0.6821,5.7329,0.354,0.057,0.3591,9.8309,1892,0,0.15370659276867144,0.0,0.0
0.1775,-0.7661,9.6102,-4.4294,-2.59,1.0716,0.2505,-0.7972,9.7308,1893,0,0.14874626714821196,0.0,0.01
-0.0898,0.2167,9.9995,5.0053,-0.8438,-1.6403,-0.0679,0.1788,10.0746,1894,0,0.15370659276867144,0.0,0.01
0.3411,0.1805,9.952,-2.5005,-0.0989,-1.7686,0.305,0.1796,9.9203,1895,0,0.15370659276867144,0.0,0.01
0.0829,0.2715,9.6949,-1.6489,2.5511,5.2196,0.0597,0.2407,9.7211,1896,0,0.15370659276867144,0.0,0.01
0.0692,0.0203,9.7628,3.3299,3.7768,-0.8558,0.053,0.0736,9.8314,1897,0,0.15370659276867144,0.0,0.0
0.1112,-0.141,9.7702,-1.1783,-1.4792,0.0886,0.0636,-0.1711,9.7996,1898,0,0.15370659276867144,0.0,0.0
0.0904,0.1899,9.4467,5.3904,1.2203,-2.9875,0.0992,0.1561,9.4395,1899,0,0.1534046229755623,0.0,0.0
0.198,-0.0326,9.7797,-3.0201,-2.814,-2.1771,0.2095,0.0354,9.7644,1900,0,0.15370659276867144,0.0,0.0
-0.324,-0.1982,9.4269,-2.799,1.561,-3.1196,-0.3063,-0.2277,9.4156,1901,0,0.152691395331968,0.0,0.01
-0.363,-0.3617,10.269,-0.6739,2.0688,1.1286,-0.3613,-0.3277,10.2728,1902,0,0.14983440187878977,0.0,0.0
-0.1233,-0.5903,9.6417,2.4384,-0.5279,5.2332,-0.126,-0.5485,9.7139,1903,0,0.15376804318490978,0.0,0.0
0.1645,0.1576,9.8573,1.3075,-5.4224,-0.4632,0.1235,0.1511,9.7811,1904,0,0.15370659276867144,0.0,0.0
0.2055,-0.2802,10.1341,-0.1147,4.416,2.187,0.281,-0.2851,10.119,1905,0,0.15370659276867144,0.0,0.0
0.3681,-0.2367,9.5761,3.2364,3.4589,1.5723,0.3745,-0.2885,9.5718,1906,0,0.15370659276867144,0.0,0.0
0.3202,-0.1862,9.8749,-0.0551,-2.2224,-5.4781,0.3339,-0.1522,9.8699,1907,0,0.15370659276867144,0.0,0.0
-0.1582,0.4285,9.9329,-2.2219,-1.3093,-1.568,-0.0073,0.4074,10.0576,1908,0,0.15370659276867144,0.0,0.0
-0.27,0.3568,9.6294,-0.2289,-4.0708,1.4812,-0.2926,0.3883,9.6121,1909,0,0.15370659276867144,0.0,0.0
-0.276,-0.1201,10.0264,4.0115,-2.6705,-0.5147,-0.3742,-0.2721,10.0028,1910,0,0.15370659276867144,0.0,0.0
0.2356,0.423,9.973,-0.8591,3.6644,1.6331,0.2967,0.4498,10.044,1911,0,0.15370659276867144,0.0,0.0
-0.0922,0.0764,9.9033,-0.2123,0.9639,0.3302,-0.0607,0.1174,9.9244,1912,0,0.15370659276867144,0.0,0.0
0.3029,0.3131,9.6106,1.192,6.6362,-2.5926,0.3269,0.3833,9.6695,1913,0,0.15370659276867144,0.0,0.0
0.0634,-0.1566,9.7637,3.5017,-0.8169,3.0506,0.0615,-0.1013,9.7466,1914,0,0.15370659276867144,0.0,0.0
0.0455,0.0657,9.5566,-4.3987,-5.5369,-1.9729,0.07,0.0842,9.6284,1915,0,0.15370659276867144,0.0,6.756756756756757e-05
0.4327,0.4308,9.9392,-3.3717,-3.5071,-0.3777,0.398,0.4614,9.9203,1916,0,0.15370659276867144,0.0,0.0
0.2519,-0.13,9.7259,1.101,1.971,-3.2952,0.2746,-0.1894,9.6522,1917,0,0.15370659276867144,0.0,0.0
0.365,-0.1664,10.118,-4.1735,0.5882,1.7864,0.3585,-0.1234,10.1279,1918,0,0.15370659276867144,0.0,0.0
-0.2421,0.0894,9.2448,-4.0531,0.336,-0.7474,-0.222,0.1023,9.2453,1919,0,0.10503899135733898,0.0,6.756756756756757e-05
0.014,0.2783,9.5973,0.7466,2.5765,5.7972,-0.0765,0.2737,9.6205,1920,0,0.15370659276867144,0.0,6.756756756756757e-05
0.6025,0.3115,9.8981,-7.9806,-0.685,1.5744,0.5435,0.2941,9.9648,1921,0,0.14604567517725753,0.0,0.0
-0.405,-0.2845,9.6813,-0.3302,7.3903,4.8318,-0.4605,-0.3504,9.5762,1922,0,0.145932428534464,0.0,0.0
0.1762,-0.3624,9.8859,-4.9245,2.5074,0.0674,0.2079,-0.3518,9.8157,1923,0,0.15370659276867144,0.0,0.0
0.6132,0.4521,9.7246,-0.0996,4.7998,-1.4457,0.7067,0.4969,9.7745,1924,0,0.14151683297576814,0.0,0.0
-0.0612,0.4226,9.375,1.3914,2.9327,-0.4643,-0.037,0.3895,9.323,1925,0,0.1432917157578063,0.0,0.001610341598544159
0.0057,0.1415,9.6057,3.2858,-3.3641,-3.1686,-0.0312,0.2267,9.6731,1926,0,0.15370659276867144,0.0,0.001610341598544159
0.5265,-0.5545,9.645,-5.9948,-7.0287,-6.4371,0.4911,-0.5482,9.6417,1927,0,0.15143938639102988,0.0,0.0018080701152381928
-0.6213,0.2781,9.7835,0.6107,0.1396,-5.2361,-0.5564,0.2763,9.8573,1928,0,0.1537691488359536,0.0,0.0018080701152381928
-0.0031,-0.4696,9.8853,-2.1141,-3.3135,8.3878,0.0108,-0.4596,9.886,1929,0,0.14841729206857712,0.0,0.0020208360726850015
-0.4447,-0.3469,9.6227,-2.7151,-1.5967,-2.4474,-0.4307,-0.3291,9.7102,1930,0,0.15370659276867144,0.0,0.008221113593499061
-0.2634,0.0259,9.864,-1.8687,6.4918,-0.0609,-0.1898,0.0544,9.8483,1931,0,0.15370659276867144,0.0,0.008221113593499061
-0.224,-0.1063,9.8764,-4.8444,0.8128,-2.3245,-0.1912,-0.1235,9.8659,1932,0,0.15370659276867144,0.0,0.006314527730741506
0.6688,-0.7202,9.729,3.0955,-1.1431,5.3486,0.6035,-0.7291,9.7496,1933,0,0.15107234474708992,0.0,0.0017839737296960242
-0.1267,0.1403,10.09,-1.5632,0.1046,-3.2626,-0.1694,0.056,10.0575,1934,0,0.15370659276867144,0.0,0.003928574937642632
-0.5225,-0.4161,9.8529,-3.1469,-2.017,-2.8135,-0.4499,-0.4663,9.7706,1935,0,0.15370659276867144,0.0,0.0017088637660318438
-0.2239,-0.4926,9.898,3.7393,-3.7824,-5.9393,-0.215,-0.4404,9.8364,1936,0,0.15370659276867144,0.0,0.008121907244292712
0.0127,-0.2154,9.9405,0.6267,-3.6522,2.68,-0.0432,-0.1537,9.9062,1937,0,0.15370659276867144,0.0,0.008121907244292712
-0.0328,-0.1938,9.8631,-1.1697,2.9496,-4.9213,-0.1073,-0.1682,9.9189,1938,0,0.15370659276867144,0.0,0.008221113593499061
0.0849,-0.6257,9.5495,-1.2038,-5.9486,-2.2514,0.0941,-0.6907,9.5108,1939,0,0.15087897623657942,0.0,0.008221113593499061
-0.1316,-0.5628,9.9427,0.661,-4.5203,3.2086,-0.0712,-0.5528,9.8953,1940,0,0.15370659276867144,0.0,0.003960213719281414
-0.0069,-0.0493,9.6852,-4.8011,-0.54,0.2325,-0.0913,-0.0985,9.7142,1941,0,0.15370659276867144,0.0,0.010334422246085972
-0.049,0.1313,9.9292,-1.3129,3.9725,0.1118,-0.0631,0.1358,9.9758,1942,0,0.15370659276867144,0.0,0.01054718820353278
-0.2439,0.7055,9.8127,-0.5289,-0.5105,-3.4503,-0.2283,0.7769,9.8008,1943,0,0.14183064381983992,0.0,0.0105629936746574
0.3166,-0.486,9.6412,0.1047,-0.6657,4.4206,0.2831,-0.4889,9.6206,1944,0,0.15370659276867144,0.0,0.012036641543809623
-0.1226,0.0662,9.7083,2.4618,0.6402,-1.9926,-0.0957,0.0524,9.6552,1945,0,0.15370659276867144,0.0,0.0105629936746574
-0.6012,0.0168,9.4669,-3.7996,2.3503,0.5225,-0.6445,0.0669,9.5271,1946,0,0.15370659276867144,0.0,0.00844968502207049
-0.3813,-0.2974,9.8344,2.5703,-4.5056,0.4566,-0.2594,-0.3076,9.8739,1947,0,0.15370659276867144,0.0,0.00835047867286414
-0.6145,0.3522,9.9498,-1.8487,-1.2335,-1.7562,-0.5574,0.407,9.9851,1948,0,0.1537691488359536,0.0,0.0019133388090611036
-0.2377,0.4334,9.7522,2.6377,-1.1977,-0.2301,-0.2685,0.4003,9.716,1949,0,0.15370659276867144,0.0,0.011913338809061102
-0.34,0.5042,9.6596,-1.7035,3.8035,2.9499,-0.3779,0.5941,9.6765,1950,0,0.15182277332485958,0.0,0.022098241952695673
0.5448,-0.3527,9.7404,1.1507,2.6185,-2.2971,0.5548,-0.3673,9.7073,1951,0,0.15361879978792273,0.0,0.0033370769041519838
-0.201,-0.1962,9.786,2.9847,1.1568,2.7118,-0.2734,-0.2539,9.8254,1952,0,0.15370659276867144,0.0,0.013337076904151984
0.4017,0.2708,9.7109,4.4368,0.7392,1.0149,0.3814,0.185,9.7472,1953,0,0.15370659276867144,0.0,0.01178417848962243
0.213,-0.4017,9.8986,-2.9514,-6.2517,-2.5005,0.1323,-0.3402,9.9301,1954,0,0.15370659276867144,0.0,0.018500252270913602
-0.3197,-0.2417,9.8446,1.3022,-6.298,-2.9986,-0.3158,-0.1883,9.8878,1955,0,0.15370659276867144,0.0,0.017063112407110562
0.1304,-0.3522,9.4992,-4.0376,0.1622,1.8404,0.1738,-0.3604,9.5739,1956,0,0.15370659276867144,0.0,0.03706311240711056
-0.1028,0.2675,9.685,4.3322,0.8877,-0.2809,-0.0233,0.27,9.7231,1957,0,0.15370659276867144,0.0,0.027024277455654257
-0.1975,-0.0315,9.7357,3.551,-3.5315,2.8151,-0.095,-0.031,9.7047,1958,0,0.15370659276867144,0.0,0.021721247152623954
0.5806,-0.2559,9.8659,0.0075,1.4203,-0.6762,0.6295,-0.2429,9.8594,1959,0,0.15522247095773994,0.0,0.021721247152623954
-0.2917,0.3546,10.01,0.7096,-2.4571,-1.4171,-0.335,0.3873,10.0184,1960,0,0.15370659276867144,0.0,0.012024277455654254
-0.311,0.3539,9.67,1.6595,-2.7734,0.9163,-0.3816,0.3377,9.7358,1961,0,0.15370659276867144,0.0,0.01672124715262395
-0.3178,-0.7276,9.8228,-4.3871,0.3652,0.0799,-0.2878,-0.7159,9.8309,1962,0,0.152534273737127,0.0,0.017024277455654255
-0.0488,-0.0571,9.6957,1.6341,0.6855,-0.5884,-0.0575,-0.1297,9.6993,1963,0,0.15370659276867144,0.0,0.011925755288166568
0.4094,-0.3321,9.8807,4.8645,0.5343,3.447,0.4624,-0.2954,9.9214,1964,0,0.15370659276867144,0.0,0.012024277455654254
0.0648,-0.2903,9.6578,-5.2404,0.4649,-0.5012,0.1574,-0.2393,9.6221,1965,0,0.15370659276867144,0.0,0.012024277455654254
-0.2505,0.3195,9.8188,-1.7589,-4.3617,-4.3497,-0.2668,0.2996,9.7628,1966,0,0.15370659276867144,0.0,0.022033801265178066
0.0917,-0.0785,9.7655,4.6643,2.0297,0.917,0.1273,-0.0576,9.8069,1967,0,0.15370659276867144,0.0,0.017033801265178065
0.1743,-0.5398,9.707,1.0371,-5.5743,-1.2314,0.2486,-0.4679,9.7597,1968,0,0.15370659276867144,0.0,0.02693527909769038
0.387,0.1933,9.5727,2.7997,-1.6254,3.1424,0.3549,0.1614,9.6044,1969,0,0.15370659276867144,0.0,0.08693527909769039
0.0237,-0.013,9.8798,-5.1296,1.9186,5.3702,0.0563,0.0458,9.9552,1970,0,0.15370659276867144,0.0,0.056935279097690375
0.5043,0.0656,9.7901,-4.2478,-0.5123,6.9252,0.4832,0.0052,9.7575,1971,0,0.15314501477372658,0.0,0.12708853580267124
-0.2259,0.4871,9.7908,2.4615,0.6038,-0.6389,-0.2856,0.5708,9.8389,1972,0,0.15370659276867144,0.0,0.14693527909769039
-0.1217,-0.0548,10.2771,-2.0304,-0.5378,3.9135,-0.1055,-0.0544,10.2348,1973,0,0.15252998718304395,0.0,0.02693527909769038
-0.6795,0.109,9.6587,4.863,-4.5036,0.4131,-0.6269,0.0501,9.7355,1974,0,0.1537691488359536,0.0,0.04637651048621553
-0.5109,-0.2873,9.5174,-6.5153,-0.3061,1.9555,-0.5306,-0.2334,9.5033,1975,0,0.15370659276867144,0.0,0.03708853580267122
-0.1057,-0.2986,9.6891,-1.4603,-1.786,-3.0152,-0.0611,-0.2762,9.677,1976,0,0.15370659276867144,0.0,0.056376510486215524
0.0042,-0.1286,9.623,1.5321,0.5516,-0.487,-0.0115,-0.0903,9.6397,1977,0,0.15370659276867144,0.0,0.01678550549964092
0.1195,0.1102,9.8174,-5.6985,-3.6082,-6.2943,0.2023,0.0247,9.7906,1978,0,0.15370659276867144,0.0,0.02708853580267122
-0.1006,0.0507,9.9975,-3.3237,-0.8221,0.6091,0.0156,0.1937,10.012,1979,0,0.15370659276867144,0.0,0.0015474102615456798
-0.0652,-0.4626,9.7136,-2.5791,2.0882,1.3031,-0.175,-0.4811,9.7233,1980,0,0.15370659276867144,0.0,0.0015474102615456798
0.0598,-0.9702,9.8591,-1.2024,-0.7655,3.0115,0.0539,-0.9573,9.8003,1981,0,0.08467378216584485,0.0,0.04185044056457598
-0.5038,-0.0825,10.1871,1.4709,1.0764,-3.0552,-0.5414,-0.0513,10.1946,1982,0,0.1533321728497886,0.0,0.03601710723124265
0.2778,-0.1315,9.9933,-1.0793,2.348,4.3083,0.2893,-0.0357,9.9495,1983,0,0.15370659276867144,0.0,0.002121833655567177
0.2638,-0.4602,10.0074,-2.7085,-3.167,0.629,0.2764,-0.3609,10.0766,1984,0,0.15370659276867144,0.0,0.03212183365556718
-0.1087,-0.4352,9.8708,1.4662,0.8718,5.0268,-0.159,-0.3941,9.8819,1985,0,0.15370659276867144,0.0,0.03212183365556718
0.0384,0.0052,9.9131,-1.0068,-0.486,-1.9346,0.1201,-0.0728,9.9206,1986,0,0.15370659276867144,0.0,0.002121833655567177
-0.4803,-0.1544,9.618,-2.004,-1.2196,-4.1199,-0.4052,-0.1999,9.5353,1987,0,0.15370659276867144,0.0,0.0012565516341306378
0.5068,0.5384,9.5571,-3.6097,2.9882,-0.9523,0.5234,0.4759,9.5798,1988,0,0.15355074445237718,0.0,0.011256551634130639
0.2321,-0.2356,10.2176,-1.6061,3.0183,0.2797,0.213,-0.2209,10.3063,1989,0,0.1442398619087859,0.0,0.011256551634130639
-0.2703,0.0944,9.9259,2.505,4.0567,0.5274,-0.2577,0.085,9.9202,1990,0,0.15370659276867144,0.0,0.02123338204164745
-0.2744,0.3843,9.3457,4.0392,6.1616,-0.8181,-0.2498,0.2996,9.4007,1991,0,0.14051326180122323,0.0,0.0029987092914874284
0.4327,0.2189,9.8482,1.7861,-1.222,0.6783,0.3649,0.3464,9.841,1992,0,0.15370659276867144,0.0,0.006932817818619211
0.3706,0.7904,9.8354,0.8052,-2.3798,1.7642,0.4283,0.8198,9.8924,1993,0,0.12909325312868972,0.0,0.012490221012115525
-0.2316,-0.4358,9.684,1.9471,-0.796,0.6607,-0.1897,-0.3624,9.6306,1994,0,0.15370659276867144,0.0,0.006893206086742389
0.1252,0.0113,9.4273,2.4068,1.5157,-2.0965,0.078,0.0153,9.4305,1995,0,0.152968620356603,0.0,0.011893206086742391
0.164,-0.3955,9.968,-2.1267,-0.2637,6.9205,0.121,-0.2845,9.9747,1996,0,0.15314501477372658,0.0,0.007401694366114293
-0.3603,0.2801,9.8664,-5.9262,6.7213,1.8435,-0.2998,0.315,9.8987,1997,0,0.15370659276867144,0.0,0.007401694366114293
-0.2762,-0.4278,9.9722,0.8474,-7.4522,-3.9437,-0.3596,-0.3912,9.9147,1998,0,0.1528770972818742,0.0,0.002048005674762452
0.3619,-0.4417,10.3063,1.507,1.5668,-1.0146,0.4701,-0.3947,10.3426,1999,0,0.09540882324565839,0.0,0.01204800567476245
-0.1668,-0.5036,9.882,-5.1175,-3.5771,3.5812,-0.1956,-0.5757,9.9013,2000,0,0.15360476376730087,0.0,0.012146527842250135
-0.2103,0.0638,9.7557,-2.8365,-3.817,-2.2741,-0.2431,0.0039,9.7543,2001,0,0.15370659276867144,0.0,0.011889275516032291
-0.3947,0.0904,9.8129,2.853,0.1202,-3.1772,-0.3907,-0.0052,9.7869,2002,0,0.15370659276867144,0.0,0.011889275516032291
-0.422,0.7645,9.862,-0.5006,-3.2781,-1.2801,-0.3959,0.7947,9.91,2003,0,0.14771743822613242,0.0,0.0018892755160322932
0.0729,-0.0637,9.7194,-4.3063,0.0857,5.6865,0.1158,-0.0474,9.7665,2004,0,0.15370659276867144,0.0,0.0018892755160322932
-0.5502,0.3349,9.8835,-2.3101,3.818,-0.958,-0.4888,0.2637,9.9901,2005,0,0.15370659276867144,0.0,0.002048005674762452
0.0872,-0.2215,10.294,-2.4197,-3.5019,-3.8493,0.0588,-0.2274,10.325,2006,0,0.1300109629692567,0.0,0.01204800567476245
-0.0091,0.0568,9.8041,0.595,-2.7008,-5.4574,0.019,0.071,9.8363,2007,0,0.15370659276867144,0.0,0.012146527842250135
-0.0215,-0.2099,9.8648,2.6977,-0.0374,-0.1452,-0.0193,-0.1883,9.8242,2008,0,0.15370659276867144,0.0,0.01204800567476245
-0.0049,0.0942,9.7638,6.1882,0.7675,0.2223,-0.0045,0.0785,9.7762,2009,0,0.15370659276867144,0.0,0.022048005674762453
0.0608,0.0933,9.7339,-1.3325,-0.7397,-2.9859,0.0699,0.1407,9.7065,2010,0,0.15370659276867144,0.0,0.01204800567476245
0.3488,0.3023,9.7852,-1.993,-1.543,-4.4779,0.4224,0.2605,9.8251,2011,0,0.15370659276867144,0.0,0.01204800567476245
0.1861,-0.006,9.7425,-0.0311,-2.8251,0.7078,0.1955,0.0745,9.7668,2012,0,0.15370659276867144,0.0,0.021744975371732145
0.2996,-0.6011,9.957,1.3779,4.1178,-1.5262,0.3342,-0.5807,9.8923,2013,0,0.15358821137965672,0.0,0.012146527842250137
0.034,0.194,9.7725,-2.0365,-3.0701,6.2399,0.0341,0.2149,9.8297,2014,0,0.15314501477372658,0.0,0.002375099270821565
-0.4663,-0.3784,9.687,-2.1789,1.2426,-5.5652,-0.5419,-0.4254,9.6916,2015,0,0.15370659276867144,0.0,0.0021465278422501365
-0.0219,0.0217,9.954,0.883,4.0027,-0.664,-0.0375,-0.0787,9.8915,2016,0,0.15370659276867144,0.0,0.0021465278422501365
0.1136,-0.2477,9.7025,-0.105,2.9465,-1.1326,0.0483,-0.1372,9.7684,2017,0,0.15370659276867144,0.0,0.002375099270821565
-0.2387,0.8359,9.9223,-0.6091,1.6963,-1.2311,-0.2372,0.8463,9.9522,2018,0,0.11934868268231806,0.0,0.0022765771033338806
-0.4074,0.1105,9.7994,-2.3105,1.54,-0.2771,-0.3942,0.0586,9.7808,2019,0,0.15370659276867144,0.0,0.012276577103333878
0.0153,-0.4347,9.7925,2.9705,1.1283,2.444,0.0867,-0.3984,9.8158,2020,0,0.15370659276867144,0.0,0.0034939837277172493
-0.1178,-0.2658,9.6608,-0.6868,-0.3923,-0.6774,-0.2016,-0.227,9.5527,2021,0,0.15370659276867144,0.0,0.02158026351968791
0.0286,0.1386,10.0093,-1.5401,-0.7874,-1.0599,0.0465,0.1335,10.0778,2022,0,0.15370659276867144,0.0,0.040214591762067
0.0443,-0.2365,9.6274,1.2283,-1.2241,-0.6972,-0.0075,-0.2804,9.6583,2023,0,0.15370659276867144,0.0,0.039303707774259934
-0.0291,-0.0992,9.8766,-0.2679,0.577,-1.2317,0.0183,-0.0229,9.8624,2024,0,0.15370659276867144,0.0,0.0390363013942322
0.0716,-0.2953,9.6528,-2.1821,2.4116,0.8771,0.1007,-0.3011,9.642,2025,0,0.15370659276867144,0.0,0.049485424920278805
-0.1203,-0.4652,9.7702,-0.3874,1.4937,2.8305,-0.112,-0.5151,9.7774,2026,0,0.15370659276867144,0.0,0.0394854249202788
0.5734,0.3929,9.7059,0.3666,-0.2772,1.5275,0.5957,0.4268,9.6717,2027,0,0.15488821094857297,0.0,0.02767549450229754
-0.1469,-0.0665,9.6594,0.3294,-1.957,3.887,-0.2474,-0.1151,9.6195,2028,0,0.15370659276867144,0.0,0.023506899196018352
-0.0335,0.124,9.508,-2.051,-0.1533,5.4112,-0.0844,0.107,9.4813,2029,0,0.15370659276867144,0.0,0.03259601520821129
-0.0882,-0.131,10.1513,-4.3973,1.9471,1.2479,-0.1002,-0.13,10.2192,2030,0,0.1526504524297057,0.0,0.03259601520821129
-0.1204,-0.4019,9.8549,-5.9666,2.2347,1.1708,-0.1978,-0.4064,9.9229,2031,0,0.15370659276867144,0.0,0.01478347984018727
0.251,0.0304,9.9239,-2.06,-0.7231,-3.4576,0.3007,0.0421,9.9463,2032,0,0.15370659276867144,0.0,0.02402723502763794
-0.1784,0.3672,9.9438,4.9664,4.526,-1.193,-0.0688,0.3601,10.0308,2033,0,0.15370659276867144,0.0,0.013600856721945427
-0.1389,-0.4958,10.0038,0.4387,-1.4465,0.9957,-0.0948,-0.4611,9.9672,2034,0,0.15370659276867144,0.0,0.013600856721945427
0.377,0.2149,9.7563,-0.7077,2.5949,-0.3943,0.4879,0.2233,9.8201,2035,0,0.15370659276867144,0.0,0.02360085672194542
-0.2588,0.2534,9.9385,5.5543,-2.3775,0.7685,-0.221,0.2543,9.9096,2036,0,0.15370659276867144,0.0,0.013600856721945427
-0.2875,0.049,10.0565,6.5835,1.4727,-0.657,-0.2911,-0.0009,10.0441,2037,0,0.1528511125999369,0.0,0.023526892224904006
-0.2288,0.603,9.859,13.572,2.2234,2.7314,-0.2381,0.5972,9.8085,2038,0,0.09705390711302231,0.0,0.05258641837954329
0.3656,-0.3467,10.1591,-1.4592,6.8602,2.2984,0.3239,-0.3822,10.1174,2039,0,0.15297079642140843,0.0,0.042684940547030974
0.2537,-0.0685,9.6043,-6.3814,0.0269,5.5484,0.2844,-0.1464,9.6321,2040,0,0.15370659276867144,0.0,0.04258641837954329
-0.0011,-0.159,9.9448,-0.6326,0.418,-5.063,-0.0613,-0.07,9.8865,2041,0,0.15370659276867144,0.0,0.024326509532202154
0.1013,-0.09,9.3498,-2.2013,3.3178,-2.7539,0.0978,-0.0618,9.3721,2042,0,0.14822230521883495,0.0,0.05230171890397919
0.3069,0.1083,9.7854,2.5995,-1.598,-5.5054,0.3245,0.1704,9.7792,2043,0,0.15370659276867144,0.0,0.02337901614490642
0.0305,0.0145,9.8519,-8.182,-0.1578,-2.3722,0.1265,-0.0567,9.8944,2044,0,0.147664941262513,0.0,0.04253952158918656
0.4379,0.0166,9.7853,1.864,-3.9825,1.4581,0.3872,0.0037,9.7607,2045,0,0.15370659276867144,0.0,0.04253952158918656
0.7293,0.1096,9.4354,4.6015,4.479,5.2177,0.6592,0.0932,9.3181,2046,0,0.1294643300614893,0.0,0.052761346491422764
-0.0227,-0.2821,9.5297,-9.1996,-0.4943,1.443,-0.0422,-0.3587,9.3873,2047,0,0.1328414053657032,0.0,0.05249522655857195
-0.2835,0.3196,9.6855,-3.2388,2.6196,-2.1126,-0.2885,0.3521,9.7341,2048,0,0.15370659276867144,0.0,0.033102162974756925
-0.5716,-0.0216,9.8579,-1.7259,2.7281,0.0529,-0.5104,0.0455,9.8743,2049,0,0.15370659276867144,0.0,0.04294492699459197
0.1078,0.0269,9.3997,-0.8385,-1.3637,2.3947,0.1678,0.0519,9.4168,2050,0,0.15054767473269412,0.0,0.04733195622430799
0.0356,0.0323,9.6009,0.5464,-0.9737,-0.4557,0.0583,-0.0301,9.52,2051,0,0.15370659276867144,0.0,0.04305354892796503
0.2485,0.1448,9.6607,-0.696,-0.3226,-5.4426,0.2465,0.1062,9.6756,2052,0,0.15370659276867144,0.0,0.04874373825670858
-0.0869,-0.1244,9.7516,-7.0893,4.7726,0.6215,-0.1678,-0.1276,9.7592,2053,0,0.15354264561911815,0.0,0.021338815789473685
0.1714,0.0013,9.7588,5.0783,1.3311,-2.184,0.1724,0.0297,9.7256,2054,0,0.15370659276867144,0.0,0.011459946341290644
0.0595,0.2153,10.0213,-0.9075,-4.985,-0.78,0.044,0.2642,10.0189,2055,0,0.15370659276867144,0.0,0.015731956224307987
0.5697,0.0678,9.344,3.7849,1.0249,0.604,0.5154,-0.0346,9.3437,2056,0,0.14839667133747456,0.0,0.04232072828193969
0.165,0.2626,9.8417,0.9268,2.1365,1.2173,0.1311,0.2397,9.8938,2057,0,0.15370659276867144,0.0,0.042886766017788756
0.4817,-0.0459,9.8261,1.6927,-6.407,-3.8143,0.494,0.0175,9.7885,2058,0,0.15370659276867144,0.0,0.022190185492224134
-0.2196,0.1367,9.8289,-3.6892,-2.1555,0.6783,-0.2798,0.1239,9.8304,2059,0,0.15370659276867144,0.0,0.02188944813223822
0.2369,0.0181,10.0178,-0.6569,0.7706,-0.1147,0.3397,0.0489,10.0513,2060,0,0.15370659276867144,0.0,0.01201999092195378
-0.1487,0.3265,9.5624,2.0269,-3.2494,0.1404,-0.1887,0.3838,9.5492,2061,0,0.15370659276867144,0.0,0.012862870559093607
0.2463,-0.2941,9.7327,1.3132,-0.3652,0.9108,0.2524,-0.2885,9.6973,2062,0,0.15370659276867144,0.0,0.0124574651536882
0.58,-0.2203,9.6621,-0.1267,-0.7885,4.0357,0.5371,-0.3069,9.6878,2063,0,0.15208732668341593,0.0,0.011772688283346792
-0.3302,-0.2546,9.8535,1.9084,-4.5424,0.8766,-0.3153,-0.2364,9.8986,2064,0,0.15370659276867144,0.0,0.008235136119591348
-0.0761,-0.2436,9.7256,-0.3431,1.2379,-0.9861,-0.0625,-0.2234,9.6667,2065,0,0.15370659276867144,0.0,0.04823513611959134
-0.4854,-0.441,9.9407,-1.2384,-0.0744,2.3223,-0.4693,-0.5014,9.9447,2066,0,0.15370659276867144,0.0,0.03807703335279293
0.14,0.0182,9.6728,-0.9712,1.9364,-3.2395,0.0968,-0.0542,9.7763,2067,0,0.15370659276867144,0.0,0.03807703335279293
0.012,0.1234,9.9599,2.0407,-1.7976,-0.8807,0.0033,0.0716,9.9574,2068,0,0.15370659276867144,0.0,0.037922636119591346
-0.0477,0.1228,10.0781,-3.0589,-2.039,-0.8302,-0.0049,0.1324,9.9981,2069,0,0.15370659276867144,0.0,0.04792263611959134
-0.0996,-0.0421,9.8947,-1.8516,-2.2642,0.0971,-0.0905,-0.0408,9.8507,2070,0,0.15370659276867144,0.0,0.017922636119591346
-0.1244,-0.2624,9.9269,3.2673,5.8486,-0.8998,-0.1291,-0.1926,10.0391,2071,0,0.15370659276867144,0.0,0.02174589363256368
-0.2073,-0.1164,9.8256,-5.3614,-2.5565,0.8541,-0.1621,-0.0287,9.7324,2072,0,0.15370659276867144,0.0,0.02174589363256368
0.1238,-0.1284,9.8207,3.9887,2.2128,3.0212,0.1422,-0.1514,9.8257,2073,0,0.15370659276867144,0.0,0.013582480133150688
-0.2103,-0.2322,9.7266,0.761,-1.6773,0.3172,-0.1645,-0.3207,9.7031,2074,0,0.15370659276867144,0.0,0.011737242037912593
-0.4075,-0.1432,9.7363,3.1263,-5.9381,0.9961,-0.4853,-0.1192,9.7977,2075,0,0.15370659276867144,0.0,0.013582480133150688
0.1802,0.0919,9.8893,-2.0972,2.6292,-3.1525,0.1866,0.112,9.8825,2076,0,0.15370659276867144,0.0,0.00346134958133373
0.3019,0.0635,10.0823,8.4889,3.9778,1.966,0.2795,0.029,10.0621,2077,0,0.12421376149614183,0.0,0.012854413165148758
0.313,0.1994,9.7304,1.911,-0.8466,2.7204,0.2262,0.2154,9.7563,2078,0,0.15370659276867144,0.0,0.0028544131651487593
-0.1541,0.4298,9.9337,-3.226,5.2577,1.566,-0.1464,0.4135,9.884,2079,0,0.15370659276867144,0.0,0.03445441316514876
0.0741,0.1519,9.8827,5.5332,0.6503,-1.7238,0.0699,0.1899,9.856,2080,0,0.15370659276867144,0.0,0.022854413165148756
-0.3715,0.2812,9.6243,-4.6288,-3.72,-1.4788,-0.3831,0.2861,9.5147,2081,0,0.15370659276867144,0.0,0.02389214901420536
0.155,0.2665,9.9252,1.9578,-0.4952,2.0116,0.1793,0.3128,9.9569,2082,0,0.15370659276867144,0.0,0.012854413165148758
0.0672,0.2321,9.7057,-3.3835,-0.3085,-2.7176,-0.036,0.26,9.8197,2083,0,0.15370659276867144,0.0,0.012854413165148758
-0.2529,-0.1197,10.0773,-1.2246,0.8671,-1.044,-0.3049,-0.1767,10.1038,2084,0,0.15370659276867144,0.0,0.013892149014205362
-0.1541,-0.1638,9.7804,3.1501,2.5475,1.4894,-0.1512,-0.1493,9.7396,2085,0,0.15370659276867144,0.0,0.012854413165148758
0.0629,-0.0403,9.9362,3.2727,-2.3887,-0.1562,0.1257,-0.1657,9.9416,2086,0,0.15370659276867144,0.0,0.012854413165148758
0.4556,0.111,9.8091,1.2024,-5.8366,1.0721,0.5153,0.1082,9.8374,2087,0,0.15370659276867144,0.0,0.012854413165148758
-0.082,0.0827,10.0445,-2.5644,2.517,-1.6451,-0.1577,0.0814,10.0515,2088,0,0.15370659276867144,0.0,0.010909968720704313
0.0316,0.3213,10.0154,1.9598,3.213,3.4287,0.0209,0.2844,10.0358,2089,0,0.15370659276867144,0.0,0.011031099272521272
-0.2478,0.2158,9.9592,-1.0875,2.448,-0.5029,-0.2048,0.1636,9.9033,2090,0,0.15370659276867144,0.0,0.031185738447779006
0.3684,-0.1908,9.9529,5.4987,-2.2384,-6.89,0.2112,-0.1961,9.881,2091,0,0.1532405209942328,0.0,0.04103109927252127
0.378,-0.3558,9.6987,2.7716,0.4679,-1.642,0.4159,-0.3428,9.6984,2092,0,0.15370659276867144,0.0,0.021031099272521274
0.1949,-0.3022,9.6514,-1.6937,-5.2784,1.1412,0.2735,-0.2255,9.7109,2093,0,0.15370659276867144,0.0,0.04103109927252127
0.2602,-0.2984,9.6815,2.1974,0.6207,1.5233,0.2904,-0.2907,9.6654,2094,0,0.15370659276867144,0.0,0.02181934375119563
-0.0585,0.1231,9.6865,-2.1144,2.0168,-1.0547,-0.0851,0.1688,9.7212,2095,0,0.15370659276867144,0.0,0.011819343751195628
-0.1765,0.3896,10.2309,-6.4903,1.3878,-2.4108,-0.205,0.3212,10.1499,2096,0,0.15370659276867144,0.0,0.011832302341301027
0.0322,-0.5377,9.6331,-4.1035,-2.1255,-2.3183,0.0771,-0.4934,9.7366,2097,0,0.15370659276867144,0.0,0.021068138968442
0.167,-0.2369,9.7677,8.2324,-3.1034,3.9604,0.0952,-0.3257,9.7705,2098,0,0.12462753712460417,0.0,0.021226241735240417
0.0993,-0.3297,9.8134,2.5124,-0.7693,0.2023,0.0754,-0.3115,9.8045,2099,0,0.15370659276867144,0.0,0.02226397758429702
0.1302,0.3095,9.8746,-4.5521,-2.0348,0.667,0.1682,0.3123,9.9181,2100,0,0.15370659276867144,0.0,0.042870038190357625
-0.1813,0.4239,9.7717,4.4604,-1.316,3.1285,-0.152,0.4759,9.7535,2101,0,0.15370659276867144,0.0,0.03230400045450857
0.0183,0.2398,9.8905,5.3689,1.9229,-0.1911,-0.0399,0.223,9.9087,2102,0,0.15370659276867144,0.0,0.0511986970378844
-0.0643,-0.2396,9.576,1.8592,0.4958,1.2055,-0.0171,-0.2021,9.6105,2103,0,0.15370659276867144,0.0,0.04171117178948407
0.5192,-0.1763,9.7043,-0.8119,-3.7823,3.0599,0.5871,-0.102,9.7269,2104,0,0.152190671395924,0.0,0.030433108737179315
-0.2837,0.1952,10.0362,-0.5571,-2.9983,-0.6838,-0.2244,0.1468,10.0936,2105,0,0.15370659276867144,0.0,0.030433108737179315
0.3504,-0.1684,9.8115,-5.1809,-5.2781,-1.9183,0.4434,-0.1778,9.7789,2106,0,0.15370659276867144,0.0,0.1002750059703809
0.2247,0.1256,9.6226,1.6827,-1.2355,0.4926,0.1743,0.0824,9.5495,2107,0,0.15370659276867144,0.0,0.0702750059703809
-0.2763,-0.3509,9.6795,0.8126,1.2342,-0.1973,-0.3366,-0.3236,9.6808,2108,0,0.15370659276867144,0.0,0.0802750059703809
0.0411,-0.0335,10.0353,1.1176,0.3847,3.5862,0.0796,-0.0712,10.0514,2109,0,0.15370659276867144,0.0,0.0802750059703809
0.1128,-0.0296,10.0296,-7.1469,1.1846,4.5594,0.118,0.028,9.944,2110,0,0.15221377687624613,0.0,0.0702750059703809
0.259,-0.0006,9.5145,2.211,-5.9126,-1.7842,0.2712,-0.004,9.5468,2111,0,0.15370659276867144,0.0,0.04043310873717932
-0.1576,0.1801,9.8915,-0.3531,0.5115,0.8978,-0.1712,0.1405,9.89,2112,0,0.15370659276867144,0.0,0.04043310873717932
-0.2328,0.0642,9.8065,-3.2877,5.6487,-1.2111,-0.1893,0.039,9.8269,2113,0,0.15370659276867144,0.0,0.050486671721428705
0.2725,-0.1654,10.0507,-2.653,2.3886,-0.9829,0.3052,-0.0992,10.0452,2114,0,0.15370659276867144,0.0,0.0404866717214287
0.2618,0.1549,9.7112,0.1627,-2.2233,-5.6804,0.1291,0.1577,9.7036,2115,0,0.15370659276867144,0.0,0.030365541169611748
0.1286,-0.3913,10.133,-4.6179,0.0662,-1.9268,0.0861,-0.5066,10.1276,2116,0,0.15370659276867144,0.0,0.030365541169611748
0.0476,-0.3464,9.5211,-0.4147,0.3092,0.7902,0.0935,-0.3257,9.518,2117,0,0.15370659276867144,0.0,0.030365541169611748
-0.4023,0.3871,10.2166,-2.3546,0.0342,-4.1776,-0.382,0.4815,10.269,2118,0,0.15135784453201792,0.0,0.030365541169611748
0.1579,0.2543,9.5577,-1.2636,0.4481,3.1788,0.1761,0.2609,9.5904,2119,0,0.15370659276867144,0.0,0.040365541169611746
0.3118,-0.1132,9.5258,-1.2385,0.9052,-2.5907,0.2937,-0.1691,9.4663,2120,0,0.15370659276867144,0.0,0.04097247758579672
0.498,0.3346,9.9965,0.7735,-3.1652,2.6314,0.5469,0.2764,9.9803,2121,0,0.15370659276867144,0.0,0.051093608137613676
-0.3707,0.1212,9.7813,-3.6828,2.6315,2.1636,-0.3064,0.1179,9.6923,2122,0,0.15370659276867144,0.0,0.021161175705181244
0.2414,0.0243,9.5212,-2.4421,-6.1799,2.8732,0.2547,0.0411,9.5881,2123,0,0.15370659276867144,0.0,0.031040045153364285
-0.6404,0.5068,9.6308,4.0993,-3.6785,-7.7463,-0.6571,0.441,9.6278,2124,0,0.1514862430620072,0.0,0.040962556094984885
-0.1742,0.184,9.8804,-1.0789,-0.1336,-2.6159,-0.1592,0.2055,9.8772,2125,0,0.15370659276867144,0.0,0.021030123662552448
0.2843,0.2043,9.8326,1.8114,-0.1197,0.8956,0.2443,0.2527,9.7905,2126,0,0.15370659276867144,0.0,0.02163706007873742
-0.1346,0.1298,10.0874,3.9473,-1.0154,-0.3919,-0.1162,0.1578,10.0582,2127,0,0.15370659276867144,0.0,0.04100020451591409
0.0931,0.4488,9.7662,1.1586,1.7375,2.8824,0.1082,0.4831,9.6803,2128,0,0.15370659276867144,0.0,0.010433108737179312
-0.245,0.0428,10.1026,-2.7422,-0.5023,-4.6303,-0.3006,0.0741,10.1886,2129,0,0.1533321728497886,0.0,0.03120395134155811
0.2054,0.2408,9.8631,-1.224,0.626,-0.2323,0.1847,0.1715,9.8223,2130,0,0.15370659276867144,0.0,0.02136205410835652
-0.0656,-0.0632,9.7505,6.1782,-1.7233,1.8507,-0.0878,-0.0314,9.7265,2131,0,0.15370659276867144,0.0,0.02159721944128722
0.3576,0.0241,9.6899,4.3177,3.0964,0.2499,0.2892,-0.0431,9.688,2132,0,0.15370659276867144,0.0,0.031516693283614255
-0.1386,-0.2384,9.6572,-0.7305,1.4553,3.3728,-0.0677,-0.2109,9.6964,2133,0,0.15370659276867144,0.0,0.02091967835824112
-0.0761,-0.3046,9.8088,1.0201,0.9136,-0.0404,-0.1447,-0.325,9.8496,2134,0,0.15370659276867144,0.0,0.03179169925399515
0.2306,-0.1904,9.9938,1.0358,-7.5079,2.9173,0.2254,-0.1341,9.9511,2135,0,0.1499721008039906,0.0,0.020765039182983388
-0.2409,0.1352,9.6121,-1.7114,-2.2872,-1.8426,-0.182,0.2543,9.5772,2136,0,0.15370659276867144,0.0,0.040765039182983395
-0.2731,-0.3965,9.7351,-0.8656,-1.9264,-0.432,-0.2685,-0.369,9.7505,2137,0,0.15370659276867144,0.0,0.03076503918298339
-0.2602,-0.1234,9.6048,1.0664,-6.3111,0.4025,-0.3275,0.004,9.5931,2138,0,0.15370659276867144,0.0,0.031000204515914086
-0.1001,0.1742,9.7881,-0.7744,-0.9935,1.5615,-0.1043,0.1206,9.8626,2139,0,0.15370659276867144,0.0,0.041429621675924094
-0.178,-0.1123,9.8575,2.5772,-2.9188,1.8415,-0.1784,-0.1593,9.8675,2140,0,0.15370659276867144,0.0,0.03142962167592409
-0.208,-0.0388,9.715,-5.3384,1.9063,-1.7318,-0.1738,-0.03,9.7639,2141,0,0.15370659276867144,0.0,0.05083260675055096
0.5672,-0.5178,9.4758,-2.0746,4.4535,1.7991,0.459,-0.4778,9.4083,2142,0,0.15213024782856727,0.0,0.010832606750550956
-0.0893,0.2129,9.6805,1.159,-1.6491,-2.1367,-0.0478,0.2192,9.6143,2143,0,0.15370659276867144,0.0,0.010832606750550956
-0.3923,-0.0359,9.682,2.8342,0.234,0.1258,-0.4785,-0.0435,9.7104,2144,0,0.15370659276867144,0.0,0.020832606750550955
0.0716,-0.4557,9.6719,-3.6955,-2.5731,-5.8033,0.0558,-0.5132,9.7492,2145,0,0.15370659276867144,0.0,0.0014296216759240917
0.2688,-0.3958,9.9607,-0.472,1.1684,4.969,0.2436,-0.4521,9.9421,2146,0,0.15370659276867144,0.0,0.0008326067505509577
0.1271,0.0985,9.7001,-2.1148,2.0525,0.0453,0.0743,0.0948,9.7199,2147,0,0.15370659276867144,0.0,0.010832606750550956
0.0084,0.3383,9.8373,4.7407,4.3151,3.1675,0.0418,0.3164,9.853,2148,0,0.15370659276867144,0.0,0.011247681095154744
-0.3963,-0.2163,9.4672,-0.5912,6.5275,-3.5423,-0.5223,-0.1666,9.5335,2149,0,0.15370659276867144,0.0,0.0019544365677234927
0.1119,0.0109,9.5646,-4.2859,1.5904,1.9345,0.1468,0.0575,9.527,2150,0,0.15370659276867144,0.0,0.0020927993726613764
-0.1013,-0.1772,9.4607,1.2992,-0.2013,5.4325,-0.1837,-0.1976,9.519,2151,0,0.15370659276867144,0.0,0.012718934437608423
-0.5618,0.0239,9.5478,0.2012,-3.7242,-5.0099,-0.6219,0.0112,9.62,2152,0,0.15370659276867144,0.0,0.0038300455487195327
-0.2465,0.5673,9.5105,-1.1244,4.1191,1.2926,-0.2495,0.5796,9.5166,2153,0,0.15355074445237718,0.0,0.0018950247392680144
0.4574,0.299,10.0877,2.8488,-0.2162,2.6238,0.528,0.2363,10.1465,2154,0,0.15370659276867144,0.0,0.0018950247392680144
-0.1152,0.4288,9.6346,4.6294,1.1987,3.1788,-0.1073,0.4157,9.5783,2155,0,0.15370659276867144,0.0,0.002028401064764913
-0.374,-0.0949,9.6189,2.2841,-3.1861,0.3598,-0.3006,-0.1156,9.6815,2156,0,0.15370659276867144,0.0,0.0017566619343301305
-0.1552,-0.2189,9.8396,-3.3226,5.0648,6.1784,-0.2384,-0.1723,9.8446,2157,0,0.15314501477372658,0.0,0.001839721819481894
0.3078,0.2729,9.8318,-0.7655,0.2808,-0.5207,0.2607,0.27,9.7864,2158,0,0.15370659276867144,0.0,0.0015679826890471116
-0.1667,-0.2146,9.7681,0.3365,-1.7926,0.8577,-0.2516,-0.1692,9.7342,2159,0,0.15370659276867144,0.0,0.0017566619343301305
0.0595,-0.2001,10.4216,-0.8021,-1.55,0.219,0.0249,-0.1873,10.4908,2160,0,0.049991364175462974,0.0,0.01175666193433013
-0.3815,-0.0256,10.0606,2.4013,-2.3336,-0.2741,-0.3339,0.0281,10.0625,2161,0,0.15370659276867144,0.0,0.0017566619343301305
0.2199,0.1916,9.8278,-3.3717,-0.5167,0.6278,0.1647,0.1895,9.8603,2162,0,0.15370659276867144,0.0,0.01175666193433013
0.0844,-0.2557,9.7547,-1.7105,-2.1798,-0.6184,0.1691,-0.2719,9.7465,2163,0,0.15370659276867144,0.0,0.01179650257178033
-0.1351,-0.0373,9.8656,0.4035,-0.9171,3.7912,-0.1682,-0.1405,9.7907,2164,0,0.15370659276867144,0.0,0.0017566619343301305
-0.0541,0.0883,10.1548,-3.5994,-5.0297,2.9531,0.0312,0.0237,10.1706,2165,0,0.15370659276867144,0.0,0.002028401064764913
0.1749,0.5011,10.3672,4.0406,-0.856,3.6356,0.2491,0.5754,10.3998,2166,0,0.0819892143052497,0.0,0.002028401064764913
-0.2759,0.2195,9.8743,2.1045,4.9915,1.6078,-0.3296,0.3417,9.8585,2167,0,0.15370659276867144,0.0,0.012153645428923188
-0.2752,-0.6854,9.6213,0.8876,-2.699,2.5517,-0.3093,-0.648,9.5545,2168,0,0.15062947843235588,0.0,0.004247705782554132
-0.0374,-0.0087,9.767,-2.1273,-0.3814,-1.4175,-0.0183,0.0493,9.7898,2169,0,0.15370659276867144,0.0,0.024929834022663265
0.1099,0.5504,9.748,-4.6428,1.8896,2.5147,0.1124,0.5455,9.8044,2170,0,0.15355074445237718,0.0,0.004771731255864853
-0.0581,-0.0285,10.1228,2.4516,2.9806,2.6749,-0.0796,-0.0433,10.1247,2171,0,0.15370659276867144,0.0,0.004771731255864853
0.0697,-0.3157,9.375,-2.8844,0.458,3.2682,0.0547,-0.3527,9.3427,2172,0,0.14647497121395636,0.0,0.013105064589198188
0.0372,0.1181,9.5628,-1.2899,-0.3444,-3.2565,0.0085,0.051,9.581,2173,0,0.15370659276867144,0.0,0.004819993804127402
0.1685,-0.4185,9.6105,0.3954,0.9496,-4.0491,0.2183,-0.4373,9.6137,2174,0,0.15370659276867144,0.0,0.015511907516418422
-0.31,-0.5563,9.702,3.1723,-1.1787,-1.2722,-0.3157,-0.4941,9.7599,2175,0,0.15370659276867144,0.0,0.014944035756527564
0.0209,0.0709,9.4522,-8.2437,-2.192,0.0883,-0.0171,0.0694,9.3769,2176,0,0.1381075669614197,0.0,0.0051222199599107055
-0.4067,0.2289,9.7884,1.7519,-1.0844,3.7745,-0.4251,0.2793,9.752,2177,0,0.15370659276867144,0.0,0.005196184456952125
-0.4155,-0.0799,9.7446,-3.7303,2.3255,0.4724,-0.4961,-0.1138,9.7454,2178,0,0.15370659276867144,0.0,0.004161767982509576
-0.1152,0.616,9.7538,0.1169,2.4211,0.0457,-0.0965,0.6542,9.7091,2179,0,0.15309497375261916,0.0,0.005629517615815172
-0.78,0.1551,9.7726,2.1021,-1.8498,-9.9936,-0.7563,0.1357,9.839,2180,0,0.15837791213663865,0.0,0.029863398625463854
-0.25,-0.178,9.6923,1.8822,-0.367,0.0961,-0.1778,-0.1658,9.6748,2181,0,0.15370659276867144,0.0,0.05113736312250527
0.5039,0.6973,9.8606,-0.0094,1.9016,4.1689,0.5766,0.7695,9.7677,2182,0,0.13863877466362787,0.0,0.040904458943526796
-0.3429,0.0744,9.6625,0.7088,3.4069,0.7483,-0.379,0.026,9.5529,2183,0,0.15370659276867144,0.0,0.022904458943526804
0.2591,-0.6544,9.8454,-2.6169,0.5813,2.8291,0.2465,-0.7188,9.8127,2184,0,0.15033914833843343,0.0,0.022904458943526804
0.0963,0.2762,9.4156,-0.6707,4.2321,3.558,0.119,0.3052,9.3208,2185,0,0.13784821227635646,0.0,0.022904458943526804
-0.1018,-0.3133,9.8913,0.1365,0.7642,0.3946,-0.1098,-0.3038,9.8582,2186,0,0.15370659276867144,0.0,0.022904458943526804
-0.6793,-0.1803,9.695,-0.6904,2.5558,1.5538,-0.7005,-0.1528,9.6443,2187,0,0.15146947615691547,0.0,0.011266980307111804
0.1327,0.2352,9.9443,-2.1195,2.8414,6.0199,0.1811,0.2544,9.972,2188,0,0.15370659276867144,0.0,0.004951190833427591
0.0066,-0.0385,10.0171,-5.0082,-1.005,-1.3431,0.0314,-0.0667,9.9361,2189,0,0.15370659276867144,0.0,0.004156596238832997
-0.1031,-0.0144,9.6535,3.2444,1.4828,3.425,-0.1175,-0.0119,9.5599,2190,0,0.15370659276867144,0.0,0.014156596238832999
0.5039,0.0675,9.5507,3.9066,1.8982,3.8978,0.4454,0.0888,9.6533,2191,0,0.15370659276867144,0.0,0.004277726790649955
-0.0858,-0.3508,9.7609,-1.6133,-2.5297,-4.3625,-0.1399,-0.3977,9.8202,2192,0,0.15370659276867144,0.0,0.011672385712517209
-0.0395,0.1374,9.822,1.2693,-0.7075,-4.4586,-0.082,0.0975,9.8635,2193,0,0.15370659276867144,0.0,0.018751190833427592
0.2769,-0.5205,10.0435,-2.8632,-0.5493,1.7349,0.3131,-0.5766,10.0855,2194,0,0.15360476376730087,0.0,0.018792379524779433
0.1662,0.1334,9.993,0.7871,-1.2807,0.0077,0.2819,0.1235,10.0485,2195,0,0.15370659276867144,0.0,0.018792379524779433
-0.282,-0.2625,9.8378,-2.0714,-3.374,2.0708,-0.2495,-0.2573,9.8539,2196,0,0.15370659276867144,0.0,0.01887232138524455
-0.0109,-0.1015,9.9683,-2.5493,2.5353,-2.613,0.0224,-0.1732,9.9585,2197,0,0.15370659276867144,0.0,0.022679712641028214
0.0825,-0.2196,9.9809,3.6265,1.0451,-0.6919,0.0894,-0.174,10.0102,2198,0,0.15370659276867144,0.0,0.023108168998463643
-0.2037,-0.047,9.6236,5.0643,5.5111,-1.0487,-0.1928,-0.0885,9.5866,2199,0,0.15370659276867144,0.0,0.025763921926813385
-0.2498,-0.0827,10.2149,2.6927,-3.7397,-2.0905,-0.2492,-0.0391,10.1332,2200,0,0.15370659276867144,0.0,0.01430575576393493
-0.2755,0.1118,9.7417,3.3353,-2.9644,2.4155,-0.2495,0.124,9.7238,2201,0,0.15370659276867144,0.0,0.01330575576393493
-0.0177,-0.2056,9.9014,-3.7255,4.3796,3.0417,-0.0498,-0.1944,9.9215,2202,0,0.15370659276867144,0.0,0.019656828897892754
0.0396,-0.3574,10.0055,0.8423,-1.9966,0.7042,0.1268,-0.4059,9.9975,2203,0,0.15370659276867144,0.0,0.02996949578164398
0.1608,-0.1721,9.7749,6.0684,-0.3905,0.8662,0.0313,-0.2235,9.8453,2204,0,0.15370659276867144,0.0,0.03958286440085134
0.3899,0.2219,9.6653,0.4825,2.8137,2.1193,0.3923,0.2488,9.644,2205,0,0.15370659276867144,0.0,0.029656828897892756
-0.0079,0.1414,9.5755,1.2052,-3.1024,-2.2847,-0.006,0.2208,9.6122,2206,0,0.15370659276867144,0.0,0.03360337523596981
0.0123,-0.2751,9.6259,3.1303,2.2131,1.4116,0.052,-0.2895,9.5559,2207,0,0.15370659276867144,0.0,0.043603375235969806
0.4367,-0.2211,9.6828,-4.0406,-0.4061,-4.4557,0.3819,-0.3079,9.659,2208,0,0.15370659276867144,0.0,0.02287007007958773
0.0902,0.2971,9.8973,-1.3752,1.2154,-2.9904,0.1468,0.359,9.8292,2209,0,0.15370659276867144,0.0,0.023529410738928395
-0.1593,0.0414,9.9042,1.4891,-0.0959,0.0876,-0.1715,-0.0259,9.9482,2210,0,0.15370659276867144,0.0,0.023870070079587736
-0.1914,-0.6799,9.836,-3.2133,-2.4698,2.4296,-0.0679,-0.7588,9.7941,2211,0,0.15084513944415265,0.0,0.033870070079587734
-0.2849,0.5834,9.7128,2.9511,2.3583,2.1554,-0.2269,0.6188,9.7578,2212,0,0.15318370441863025,0.0,0.04287007007958772
-0.1208,-0.1324,10.219,-0.2072,-0.453,-2.5976,-0.0872,-0.1717,10.254,2213,0,0.1526504524297057,0.0,0.04992352374151068
0.0916,-0.1506,9.4637,-3.5139,4.1009,1.917,0.1279,-0.1386,9.5048,2214,0,0.15370659276867144,0.0,0.03287007007958773
-0.1429,-0.627,9.9069,-2.7439,0.3573,4.8767,-0.1844,-0.6613,9.8447,2215,0,0.15388704993742966,0.0,0.03828032433598615
0.1457,0.3919,9.7664,-0.6889,4.3076,-1.4149,0.1503,0.4465,9.72,2216,0,0.15370659276867144,0.0,0.03792630393230032
0.3521,0.261,9.6879,0.459,2.1999,-1.814,0.3609,0.2798,9.6002,2217,0,0.15370659276867144,0.0,0.04531605790302596
-0.1562,-0.2843,9.7249,-3.044,-6.2603,6.9988,-0.2365,-0.2798,9.6404,2218,0,0.15314501477372658,0.0,0.04050193577025728
-0.3076,-0.0084,9.7564,2.6446,1.8925,-3.8622,-0.3191,0.0047,9.6927,2219,0,0.15370659276867144,0.0,0.039935898034408224
0.1082,0.2087,9.7524,0.1103,1.4403,4.4863,0.1281,0.1512,9.6171,2220,0,0.15370659276867144,0.0,0.050575900267298704
0.3847,-0.0041,9.7495,-3.6802,5.2091,-4.8957,0.3494,0.0175,9.6909,2221,0,0.15370659276867144,0.0,0.03318633311968494
-0.3727,-0.3381,9.8616,-2.8532,-1.1464,1.3276,-0.4077,-0.2946,9.8709,2222,0,0.15370659276867144,0.0,0.030738123401014863
0.0909,0.4781,9.8658,2.6902,-1.085,3.8276,-0.0134,0.4717,9.9272,2223,0,0.15370659276867144,0.0,0.030182231193130068
-0.3419,0.0444,9.5081,3.4608,1.0676,-0.1325,-0.3781,0.0394,9.5894,2224,0,0.15370659276867144,0.0,0.030182231193130068
0.1396,0.0269,9.8888,0.3471,-2.0656,3.2587,0.1158,-0.012,9.8796,2225,0,0.15370659276867144,0.0,0.030664158903973445
0.5237,-0.0459,10.1562,1.2722,-0.1781,0.6039,0.5358,0.0053,10.1556,2226,0,0.15370659276867144,0.0,0.0034390212538538425
0.5518,-0.0638,9.9194,-1.7676,-0.35,2.186,0.5952,-0.0422,9.9815,2227,0,0.15488821094857297,0.0,0.0034390212538538425
-0.0048,-0.5218,10.0081,0.1497,-0.1544,-2.8117,-0.1112,-0.5407,10.0363,2228,0,0.15370659276867144,0.0,0.013439021253853845
-0.097,-0.0886,9.492,-0.4614,-1.3595,0.2895,-0.1894,-0.1214,9.4686,2229,0,0.15370659276867144,0.0,0.020462089897368866
0.5364,0.0825,9.5073,1.4207,-2.1699,-1.6112,0.5584,0.0799,9.5499,2230,0,0.15370659276867144,0.0,0.0018635941865600804
-0.1863,-0.0783,9.5881,-2.6673,1.5048,-0.027,-0.1989,-0.0194,9.5756,2231,0,0.15370659276867144,0.0,0.0018635941865600804
0.1143,-0.3577,9.932,-4.1767,4.3661,0.1701,0.087,-0.3532,9.998,2232,0,0.15370659276867144,0.0,0.001381666475716707
0.1974,0.1447,9.8674,-4.1566,-0.6347,3.236,0.0926,0.1143,9.8596,2233,0,0.15370659276867144,0.0,0.001381666475716707
0.1278,0.1035,10.1908,0.8693,-3.381,3.0677,0.1528,0.0915,10.2153,2234,0,0.15262407051682947,0.0,0.001381666475716707
-0.5545,-0.151,9.6317,1.2447,-1.7248,-2.6487,-0.611,-0.1896,9.6656,2235,0,0.15370659276867144,0.0,0.0015492642410798356
-0.0888,-0.1694,9.7176,-0.1532,-3.7312,1.8,-0.1307,-0.1554,9.6805,2236,0,0.15370659276867144,0.0,0.0015492642410798356
0.5761,0.3189,9.5524,5.7348,5.1856,-2.9407,0.5395,0.3099,9.5273,2237,0,0.15208732668341593,0.0,0.036246551162443394
-0.1474,0.0212,9.9953,-0.6054,5.1391,0.202,-0.1436,0.0192,9.9721,2238,0,0.15370659276867144,0.0,0.03681258889829245
-0.6052,0.126,10.166,-0.5492,5.367,-6.7671,-0.6481,0.1026,10.1585,2239,0,0.1533665032347707,0.0,0.02811490657433779
0.1395,-0.138,10.0155,-3.9121,1.5878,1.5833,0.1204,-0.0881,10.0432,2240,0,0.15370659276867144,0.0,0.02702737292882324
0.4067,0.2317,9.6948,-2.1177,-0.8509,0.2426,0.4635,0.2832,9.7246,2241,0,0.15370659276867144,0.0,0.033814462091958375
-0.0134,0.2136,10.069,-3.0626,-0.4149,3.8536,0.0547,0.201,10.0652,2242,0,0.15370659276867144,0.0,0.023646864326595244
0.1347,0.25,9.8327,0.8998,-2.6329,1.803,0.1153,0.2796,9.8618,2243,0,0.15370659276867144,0.0,0.02364686432659525
-0.0787,-0.263,10.1593,6.1224,-4.0826,-3.5482,0.0131,-0.247,10.0796,2244,0,0.15370659276867144,0.0,0.027457214826056443
-0.1211,0.2316,10.001,-1.2093,3.5637,2.4977,-0.1415,0.1768,9.982,2245,0,0.15370659276867144,0.0,0.017302575650798714
0.0353,0.1958,9.5152,1.021,0.7521,-0.2462,0.0248,0.0709,9.5899,2246,0,0.15370659276867144,0.0,0.027457214826056443
-0.094,0.3616,9.9762,-0.4951,-5.0359,2.4013,-0.0025,0.3686,9.9813,2247,0,0.15370659276867144,0.0,0.007299112059258026
0.2925,0.0706,9.9482,-1.1976,3.9492,3.4032,0.1962,0.0627,9.9234,2248,0,0.15370659276867144,0.0,0.007144472884000295
-0.6263,-0.2937,10.2667,2.0675,6.0612,2.1912,-0.6977,-0.2648,10.2484,2249,0,0.13209479196078852,0.0,0.0013564756687533246
-0.1566,-0.1585,9.8596,1.3874,0.559,1.6204,-0.1391,-0.058,9.8574,2250,0,0.15370659276867144,0.0,0.0011099273452819243
-0.4869,0.2143,10.1874,-2.6672,4.1058,-0.6445,-0.425,0.266,10.2137,2251,0,0.15262407051682947,0.0,0.0013564756687533246
0.2383,-0.2791,9.858,5.7558,-1.5257,2.5222,0.2035,-0.3952,9.869,2252,0,0.15370659276867144,0.0,0.011356475668753325
-0.351,0.0744,10.2328,4.3055,-1.4762,-0.6815,-0.2974,0.0961,10.2312,2253,0,0.1526504524297057,0.0,0.0013564756687533246
-0.5576,0.3001,9.678,2.7714,0.3346,-0.639,-0.537,0.2282,9.6892,2254,0,0.15370659276867144,0.0,0.0013564756687533246
0.075,-0.0149,9.9896,1.2126,-0.2436,0.7851,0.0005,-0.002,10.0326,2255,0,0.15370659276867144,0.0,0.0013564756687533246
0.2637,0.0576,9.6066,1.5411,-0.2766,-2.1537,0.3437,0.0354,9.6052,2256,0,0.15370659276867144,0.0,0.0013564756687533246
-0.1936,0.1042,9.7322,2.8655,-1.6838,-0.9686,-0.2328,0.0802,9.763,2257,0,0.15370659276867144,0.0,0.002178914099887408
-0.0497,0.4417,9.5131,-4.0285,-3.1535,1.2554,-0.0589,0.3849,9.5439,2258,0,0.15370659276867144,0.0,0.002617826258462124
0.027,-0.5359,9.3562,1.103,1.8851,-0.7238,0.0489,-0.5755,9.3181,2259,0,0.14410263313544425,0.0,0.001953490594126459
0.295,0.0653,10.0198,-4.1236,-0.7037,-1.5885,0.305,0.0495,9.9014,2260,0,0.15370659276867144,0.0,0.001953490594126459
-0.1097,-0.2662,10.0402,0.8769,6.8271,1.5494,-0.1738,-0.243,9.9526,2261,0,0.15370659276867144,0.0,0.0028576757997042113
-0.265,-0.3708,9.8832,1.571,2.361,-0.0484,-0.1968,-0.3707,9.8747,2262,0,0.15370659276867144,0.0,0.0028576757997042113
-0.0233,-0.1426,9.8598,-1.6636,-1.5146,5.7025,-0.0379,-0.1446,9.8685,2263,0,0.15370659276867144,0.0,0.0023002726062078967
-0.1827,0.1862,9.7184,0.2413,1.2783,-1.2601,-0.1115,0.2076,9.6653,2264,0,0.15370659276867144,0.0,0.0017032576808347626
0.3247,-0.305,9.8053,0.4599,4.8289,-2.4902,0.197,-0.2012,9.8652,2265,0,0.15370659276867144,0.0,0.012933228373311336
0.0816,0.0864,9.9535,3.0067,-4.068,-0.9812,0.1223,0.0635,9.9666,2266,0,0.15370659276867144,0.0,0.00349063156680765
0.4769,0.1233,10.1422,2.5547,4.805,-1.4519,0.492,0.0979,10.1208,2267,0,0.15370659276867144,0.0,0.014194807868593512
-0.0351,0.0368,10.0102,2.0325,2.395,-6.0773,-0.06,-0.0153,9.9753,2268,0,0.15370659276867144,0.0,0.01101826976608764
-0.5976,-0.0642,9.6721,1.0614,-4.1311,1.0988,-0.5953,0.0156,9.693,2269,0,0.15370659276867144,0.0,0.001465045212863087
-0.3027,0.4546,9.5147,9.2983,-1.1793,-1.9695,-0.2608,0.4276,9.5367,2270,0,0.11862422242296468,0.0,0.0011445323923502666
0.109,0.0744,9.7336,2.3776,-1.1801,-4.4032,0.1762,0.0766,9.8122,2271,0,0.15370659276867144,0.0,0.0011445323923502666
-0.0305,0.0188,9.3418,-1.806,2.1733,-1.3666,0.0232,0.0632,9.3333,2272,0,0.1485241784480015,0.0,0.0011445323923502666
-0.6873,-0.0952,9.7676,6.9403,-4.3571,-0.6948,-0.7086,-0.1251,9.6883,2273,0,0.1522066039448694,0.0,0.021144532392350267
0.3235,0.1865,9.792,0.9364,-1.7076,1.1721,0.2137,0.2187,9.7535,2274,0,0.15370659276867144,0.0,0.021144532392350267
0.0248,0.0027,9.8801,-0.5322,0.8036,-2.9264,-0.0361,0.0289,9.9178,2275,0,0.15370659276867144,0.0,0.021144532392350267
0.4038,-0.6725,9.8075,-2.2288,1.7811,-1.4416,0.3769,-0.6359,9.7845,2276,0,0.15137473442949156,0.0,0.0011445323923502666
-0.2873,0.2454,9.8926,0.9988,-0.9579,-1.5507,-0.2552,0.1599,9.8794,2277,0,0.15370659276867144,0.0,0.010986429625551847
0.2378,-0.2699,9.9892,-3.9342,-1.3017,-4.4647,0.2741,-0.2801,9.9318,2278,0,0.15370659276867144,0.0,0.0009864296255518476
-0.9105,-0.0409,9.7563,-1.3938,-1.2632,0.2107,-0.9142,0.0591,9.7594,2279,0,0.13436731453064082,0.0,0.0009351103864153495
-0.2055,0.0977,9.8753,-0.492,-1.6852,0.0791,-0.1314,0.1139,9.9363,2280,0,0.15370659276867144,0.0,0.0030403735443100864
0.4485,0.4871,9.7055,-2.2097,2.0475,-3.8058,0.3898,0.4625,9.717,2281,0,0.15370659276867144,0.0,0.013040373544310086
0.4384,-0.466,9.6486,2.1843,-1.1036,2.6377,0.4383,-0.3901,9.6277,2282,0,0.15370659276867144,0.0,0.010935110386415349
0.1262,0.0096,9.606,-1.664,-0.8237,3.5336,0.0642,-0.0118,9.5245,2283,0,0.15370659276867144,0.0,0.010935110386415349
0.3195,0.2438,9.6803,-2.5179,-8.3286,-2.9252,0.2696,0.1605,9.8027,2284,0,0.14981546126865944,0.0,0.01177443181199952
0.0465,0.0573,9.4435,0.0507,-0.2693,3.4892,0.0849,0.0865,9.3593,2285,0,0.1458157177984784,0.0,0.02177443181199952
0.3636,0.1108,9.4489,-3.116,3.7588,-3.046,0.3444,0.083,9.5702,2286,0,0.15370659276867144,0.0,0.02177443181199952
-0.0812,0.3891,10.0166,2.9869,2.8514,0.6343,-0.1356,0.3186,9.8874,2287,0,0.15370659276867144,0.0,0.01177443181199952
0.1715,0.1556,9.5664,-0.8354,1.9935,-2.7979,0.122,0.2763,9.5398,2288,0,0.15370659276867144,0.0,0.01177443181199952
0.0378,0.5509,9.9759,-0.8825,0.2724,-5.6897,-0.008,0.5934,9.9748,2289,0,0.15318370441863025,0.0,0.00196311105728254
-0.0442,-0.0469,9.6425,-1.317,-4.4531,-0.5034,-0.0988,-0.0729,9.6456,2290,0,0.15370659276867144,0.0,0.019624283218454705
0.6893,0.2246,9.5404,3.7038,1.2854,-0.5968,0.6305,0.2546,9.5792,2291,0,0.15526664212339303,0.0,0.009303770397941882
-0.2446,-0.03,10.0826,2.1904,-0.5494,-0.511,-0.3136,0.0022,10.0514,2292,0,0.15370659276867144,0.0,0.009115091152658863
-0.1509,-0.4697,10.1609,-1.825,-0.9624,0.0689,-0.2123,-0.3989,10.1363,2293,0,0.15370659276867144,0.0,0.00196311105728254
0.1638,-0.4882,10.2354,0.9676,0.6449,-2.5285,0.1877,-0.5814,10.3346,2294,0,0.07835838920690606,0.0,0.01444030545725461
-0.3519,-0.0695,10.1203,0.8782,6.0532,-1.3726,-0.3526,-0.0478,10.0303,2295,0,0.15370659276867144,0.0,0.01444030545725461
-0.2195,-0.0495,9.67,0.3305,1.6588,-4.1402,-0.1409,-0.0695,9.6443,2296,0,0.15370659276867144,0.0,0.01951625482434322
0.4953,-0.0215,9.6529,1.9222,1.4265,5.0374,0.5948,-0.1126,9.6636,2297,0,0.15346008255657423,0.0,0.012128984702537631
0.2115,-0.1735,9.8095,4.5237,0.2481,-0.0263,0.1562,-0.1642,9.843,2298,0,0.15370659276867144,0.0,0.01220493406962624
-0.1501,-0.1145,9.8584,-0.5527,2.9966,1.6041,-0.1707,0.0039,9.8707,2299,0,0.15370659276867144,0.0,0.011648379603996872
0.0987,-0.3681,9.6107,-3.2452,0.2984,3.6595,0.1978,-0.3849,9.6079,2300,0,0.15370659276867144,0.0,0.011648379603996872
-0.0844,-0.0605,9.6137,-0.2699,-4.0883,-0.4487,-0.1028,-0.0294,9.6464,2301,0,0.15370659276867144,0.0,0.011648379603996872
0.3669,0.1742,9.982,6.0397,2.8617,-3.5516,0.3576,0.1751,9.96,2302,0,0.15370659276867144,0.0,0.010687927626595739
-0.1641,-0.2942,9.6738,0.9841,1.136,-0.1685,-0.1641,-0.3543,9.6804,2303,0,0.15370659276867144,0.0,0.010687927626595739
-0.0545,0.0893,10.0773,-0.0332,3.2555,-3.8478,-0.0642,0.0994,10.0734,2304,0,0.15370659276867144,0.0,0.011284942551968874
-0.3306,-0.1623,9.9117,1.8775,4.6016,2.3579,-0.3191,-0.1649,9.9786,2305,0,0.15370659276867144,0.0,0.011284942551968874
0.2528,-0.8835,9.6269,-3.2978,-2.2488,2.2516,0.2724,-0.8514,9.7049,2306,0,0.12309299147305676,0.0,0.012511260738632441
0.2072,0.3302,9.782,2.9552,3.1882,-3.4116,0.1808,0.3481,9.8297,2307,0,0.15370659276867144,0.0,0.0023566215633747077
-0.1013,0.0585,9.6374,-4.1301,-3.4271,-5.9725,-0.1091,0.0926,9.7489,2308,0,0.15370659276867144,0.0,0.0025112607386324403
-0.1782,-0.0463,10.1969,2.1685,1.2555,1.8671,-0.1735,-0.0203,10.1746,2309,0,0.15370659276867144,0.0,0.0025735864725999653
0.2189,0.3071,9.9702,2.7049,5.5339,2.7173,0.2251,0.2656,10.0389,2310,0,0.15370659276867144,0.0,0.0025735864725999653
-0.0681,-0.3521,9.6125,3.9539,4.3001,-0.8055,-0.0763,-0.4223,9.6172,2311,0,0.15370659276867144,0.0,0.0015937329927464853
-0.3235,-0.0626,9.4913,-2.0963,-0.5167,3.9186,-0.3822,-0.1145,9.5047,2312,0,0.15370659276867144,0.0,0.0011391875382010307
0.0299,-0.0802,9.7713,1.4505,6.1742,0.5038,0.0428,-0.0324,9.7617,2313,0,0.15370659276867144,0.0,0.0021907479181196197
-0.0847,0.0851,9.6759,-3.1704,10.6811,1.3745,-0.0089,0.15,9.6544,2314,0,0.12953242537763304,0.0,0.002886068575872568
0.3255,-0.2887,10.14,0.7412,-1.5442,0.8278,0.485,-0.2187,10.172,2315,0,0.15370659276867144,0.0,0.003846520553273698
-0.1755,-0.0556,9.7619,-1.5521,-0.3352,0.3756,-0.1782,-0.037,9.7617,2316,0,0.15370659276867144,0.0,0.00400115972853143
0.1283,0.713,9.7263,-3.2016,-3.0508,-0.1077,0.0526,0.6987,9.7391,2317,0,0.15360188400450936,0.0,0.0025112607386324403
0.2054,0.0442,9.8637,5.8046,6.1597,2.8156,0.1843,0.0883,9.9144,2318,0,0.15370659276867144,0.0,0.001581563288316433
-0.2206,-0.1953,10.0445,-0.9351,-2.7608,-2.3744,-0.2138,-0.1584,10.0762,2319,0,0.15370659276867144,0.0,0.001581563288316433
-0.0303,0.0692,9.7629,-2.4093,1.4887,-0.5532,-0.0357,0.022,9.713,2320,0,0.15370659276867144,0.0,0.0025112607386324403
0.1661,-0.2639,9.6793,4.9556,0.5843,1.1611,0.2234,-0.2235,9.7097,2321,0,0.15370659276867144,0.0,0.0029519816623159094
0.132,0.2683,9.5374,-3.1953,-3.5855,0.4348,0.1655,0.3304,9.5243,2322,0,0.15370659276867144,0.0,0.012951981662315908
0.1102,-0.1128,9.8629,-5.2792,5.3414,0.6898,0.1351,-0.0364,9.8262,2323,0,0.15370659276867144,0.0,0.0029519816623159094
-0.1171,-0.0981,9.6186,-1.8678,-2.372,-1.2528,-0.0701,-0.0153,9.6338,2324,0,0.15370659276867144,0.0,0.012951981662315908
0.0402,0.0364,9.6669,-0.3287,5.1058,-2.9734,-0.0445,0.0232,9.7428,2325,0,0.15370659276867144,0.0,0.012497436207770454
0.0684,-0.0581,9.9582,-0.048,-5.4245,-0.5524,0.0085,-0.0276,9.9792,2326,0,0.15370659276867144,0.0,0.0144418806522149
0.0346,0.7516,9.6615,0.4439,1.3522,2.2929,-0.0217,0.6589,9.7255,2327,0,0.15366406269964134,0.0,0.0144418806522149
0.3102,-0.129,9.8781,5.3329,3.5596,-2.8307,0.2984,-0.1544,9.875,2328,0,0.15370659276867144,0.0,0.014287241476957169
0.4431,-0.1619,9.4951,0.6339,-0.9731,2.4672,0.3835,-0.2358,9.4239,2329,0,0.152968620356603,0.0,0.06234762672578904
-0.0612,0.4511,9.8177,-2.7361,-3.5956,0.3545,-0.0822,0.4724,9.7272,2330,0,0.15370659276867144,0.0,0.06329307921227327
0.0783,0.3559,9.7959,-9.8069,-4.2086,1.6582,0.102,0.4324,9.7733,2331,0,0.14464606485716175,0.0,0.05081054748394338
0.1672,0.0909,10.0469,-4.8143,-3.3199,2.0747,0.1698,0.0565,9.9727,2332,0,0.15370659276867144,0.0,0.04081054748394339
-0.2201,0.2158,9.947,-0.6805,1.9079,0.2923,-0.2205,0.3357,9.9748,2333,0,0.15370659276867144,0.0,0.030810547483943386
-0.3698,0.4135,10.0972,-3.7608,1.0996,3.7743,-0.4083,0.3722,10.1498,2334,0,0.15370659276867144,0.0,0.0172035446666707
-0.2422,-0.0696,10.1906,-1.3808,0.1596,-2.1478,-0.232,-0.0264,10.2195,2335,0,0.1526504524297057,0.0,0.010931805536235914
0.5237,0.1982,9.5939,-0.9514,4.7353,0.0362,0.5704,0.2167,9.6055,2336,0,0.15370659276867144,0.0,0.046598390633507424
0.4073,-0.1675,9.8513,-0.1393,-3.2422,-0.2643,0.4732,-0.0747,9.8026,2337,0,0.15370659276867144,0.0,0.031052936088052877
0.3192,-0.1184,9.964,0.2531,3.9839,3.3863,0.3072,-0.1247,10.0033,2338,0,0.15370659276867144,0.0,0.027324675218487658
0.7164,0.0861,9.6559,1.0389,-2.2985,1.3367,0.6908,0.1077,9.6526,2339,0,0.15554206470249757,0.0,0.02132467521848766
-0.0175,-0.3189,9.5675,3.4453,-1.4597,3.8805,0.0915,-0.2669,9.5315,2340,0,0.15370659276867144,0.0,0.02132467521848766
0.5635,0.2236,10.0304,3.4503,0.0907,1.2896,0.6066,0.3038,10.0222,2341,0,0.15488821094857297,0.0,0.02132467521848766
0.6193,-0.0527,9.3197,4.9859,1.7069,-3.2373,0.6759,0.0568,9.2934,2342,0,0.13441983704612573,0.0,0.021203544666670696
-0.1837,0.4392,9.7692,1.7109,0.0733,-0.2768,-0.2219,0.3354,9.7398,2343,0,0.15370659276867144,0.0,0.0307120253164557
-0.5372,0.1043,10.1289,0.3453,-2.8673,5.2468,-0.554,0.1286,10.0705,2344,0,0.15370659276867144,0.0,0.0009693344324604644
0.0735,0.5076,9.569,-1.2379,1.1453,2.4095,0.0765,0.4653,9.5936,2345,0,0.15370659276867144,0.0,0.006969961824392203
0.3487,-0.0286,9.6806,-1.8441,7.612,-0.0196,0.4184,-0.1357,9.67,2346,0,0.1434774290164339,0.0,0.0009699618243922042
0.2693,0.3801,9.9382,0.7779,0.7322,-0.9649,0.4016,0.3449,9.9152,2347,0,0.15370659276867144,0.0,0.010969961824392204
-0.0441,-0.0166,9.8916,-1.1934,-2.4783,2.9183,0.0357,-0.0229,9.8641,2348,0,0.15370659276867144,0.0,0.010969961824392202
-0.6556,-0.0675,9.6665,1.7081,0.646,-4.0934,-0.6499,-0.0908,9.7262,2349,0,0.1533665032347707,0.0,0.010969961824392204
-0.1122,0.1204,9.9057,2.8855,-1.523,-2.623,-0.2019,0.0863,9.9028,2350,0,0.15370659276867144,0.0,0.0011280645911906232
-0.0523,0.1626,9.8416,-1.1722,6.1445,3.5643,-0.0181,0.1095,9.8029,2351,0,0.15370659276867144,0.0,0.0012956623565537517
-0.0866,-0.322,9.5547,2.3102,-3.4962,5.1461,-0.1483,-0.3544,9.5357,2352,0,0.15370659276867144,0.0,0.010969961824392204
-0.3515,-0.3583,9.524,2.0259,-1.7889,-1.8794,-0.392,-0.3464,9.503,2353,0,0.15370659276867144,0.0,0.0008112316656620455
-0.3865,-0.198,9.9442,-2.065,-5.3335,2.0165,-0.3804,-0.2336,9.9918,2354,0,0.15370659276867144,0.0,0.0009699618243922042
0.4647,0.221,9.8287,1.5713,-0.7727,-1.2349,0.4716,0.3149,9.7772,2355,0,0.15370659276867144,0.0,0.0008112316656620455
-0.1899,0.1825,9.7385,1.3535,-1.9346,0.7386,-0.1193,0.2615,9.6856,2356,0,0.15370659276867144,0.0,0.0010091750699106636
0.2533,0.1404,9.7834,0.0541,-2.8709,0.804,0.1776,0.1654,9.8413,2357,0,0.15370659276867144,0.0,0.029898063958799553
-0.5115,0.3955,9.8477,0.6249,2.5408,-3.3123,-0.4833,0.4449,9.8281,2358,0,0.15370659276867144,0.0,0.0011303056217276217
-0.2874,0.0522,9.7252,2.9639,3.4761,4.5055,-0.3885,0.0472,9.6638,2359,0,0.15370659276867144,0.0,0.0011303056217276217
-0.7861,0.0917,9.7368,0.9632,-5.9167,-5.0431,-0.8357,0.0136,9.7501,2360,0,0.1450764543685744,0.0,0.00021499635374515598
-0.249,-0.0248,9.6954,-1.1162,-4.2982,-0.8117,-0.2628,0.0396,9.6411,2361,0,0.15370659276867144,0.0,0.019199773942286075
-0.328,0.0962,9.7646,0.136,0.2198,-0.539,-0.217,0.0251,9.7316,2362,0,0.15370659276867144,0.0,0.019199773942286075
-0.2821,0.1535,9.6234,2.4239,0.0702,0.8093,-0.3027,0.1581,9.6574,2363,0,0.15370659276867144,0.0,0.019199773942286075
0.5958,0.1249,9.8366,-3.0537,1.7201,-0.6403,0.487,0.0911,9.7881,2364,0,0.15208732668341593,0.0,0.019338662831174965
0.4371,0.1699,9.7646,-1.5111,0.3272,-2.0,0.4394,0.138,9.7173,2365,0,0.15370659276867144,0.0,0.019262713464086357
0.092,0.0038,9.6772,-2.8043,1.0611,-0.8377,0.0055,-0.0846,9.6969,2366,0,0.15370659276867144,0.0,0.03918874896704493
-0.2576,-0.3813,9.6337,-0.8399,1.3536,-2.2371,-0.3575,-0.3577,9.6187,2367,0,0.15370659276867144,0.0,0.019123824575197467
-0.0374,0.6506,9.6818,-2.1718,-1.4641,-4.5495,-0.1408,0.6346,9.7124,2368,0,0.15318370441863025,0.0,0.03933866283117496
-0.4366,-0.2328,9.5887,2.7864,-1.5247,1.4834,-0.5158,-0.2799,9.5914,2369,0,0.15370659276867144,0.0,0.029338662831174964
-0.0835,-0.3593,9.9562,1.7919,-4.6571,1.2781,-0.1135,-0.3126,9.8131,2370,0,0.15370659276867144,0.0,0.020638453187569093
0.2852,-0.1825,9.7211,-3.9961,9.0436,4.2594,0.2121,-0.1533,9.6972,2371,0,0.14046931340984525,0.0,0.010638453187569095
-0.3503,-0.153,9.6717,6.6907,0.6819,0.5661,-0.3903,0.005,9.6983,2372,0,0.15242389511884455,0.0,0.029338662831174964
-0.1813,-0.0046,9.3877,-0.6302,-0.1196,-1.683,-0.17,0.0559,9.4008,2373,0,0.15041508084355287,0.0,0.020449773942286073
0.497,-0.2527,9.8326,-1.5869,-1.9998,-1.4991,0.5132,-0.2264,9.9014,2374,0,0.15370659276867144,0.0,0.030638453187569095
-0.4406,0.2006,9.9324,3.3043,2.0156,-0.8345,-0.4637,0.1824,10.0255,2375,0,0.15370659276867144,0.0,0.010638453187569095
-0.029,0.2032,9.9331,-1.2874,2.4328,4.3458,-0.0432,0.1953,9.9598,2376,0,0.15370659276867144,0.0,0.010638453187569095
0.305,0.4799,9.9036,-4.9187,-5.085,-1.2881,0.2798,0.4242,9.8795,2377,0,0.15370659276867144,0.0,0.029125809445244656
0.1668,0.3467,9.9184,4.9959,-1.0116,-0.8634,0.0871,0.3366,9.8845,2378,0,0.15370659276867144,0.0,0.029338662831174964
0.3175,0.3585,9.7824,3.5621,2.7951,1.9454,0.3096,0.3469,9.7923,2379,0,0.15370659276867144,0.0,0.020375809445244655
0.5321,0.0038,10.0595,3.0594,-2.551,1.9898,0.5595,0.0143,10.1074,2380,0,0.15370659276867144,0.0,0.029049860078156048
-0.1126,0.1906,9.3456,2.8893,0.4765,-0.0954,-0.0766,0.0584,9.4516,2381,0,0.14110312084405824,0.0,0.029123824575197466
-0.176,-0.5557,10.1559,-0.8684,2.5544,-3.0988,-0.2381,-0.585,10.1504,2382,0,0.15360476376730087,0.0,0.010310885053397188
0.229,-0.2451,9.7362,-1.0958,-0.8449,-2.042,0.1986,-0.2943,9.6828,2383,0,0.15370659276867144,0.0,0.000499564298680204
-0.238,0.4275,10.4216,-2.7669,-5.5531,-0.3057,-0.2743,0.4509,10.5138,2384,1,0.0276000801772559,0.0,0.000499564298680204
-0.0805,0.1314,10.0005,0.5975,-4.9992,-1.9036,-0.0427,0.1122,9.9744,2385,0,0.15370659276867144,0.0,0.000499564298680204
-0.0298,0.0179,9.6307,1.654,-3.1211,-1.5448,-0.0361,-0.0817,9.5761,2386,0,0.15370659276867144,0.0,0.000499564298680204
0.2738,-0.094,10.1268,0.4936,3.9126,0.3307,0.246,-0.0246,10.1575,2387,0,0.15370659276867144,0.0,0.000499564298680204
0.089,-0.0602,9.8931,5.6003,-1.6634,-0.0385,0.1038,-0.0469,9.9157,2388,0,0.15370659276867144,0.0,0.000499564298680204
0.2833,0.3303,10.1112,0.7958,5.3954,-2.5642,0.2611,0.3675,10.1716,2389,0,0.15370659276867144,0.0,0.0003784337468632458
-0.2161,0.0013,9.7978,-3.6167,-1.0547,4.7415,-0.206,-0.0018,9.8354,2390,0,0.15370659276867144,0.0,0.00030248437977463817
-0.5487,0.1714,9.6804,2.2011,1.3276,1.1995,-0.5278,0.134,9.6855,2391,0,0.15370659276867144,0.0,0.010113805134491621
0.1365,-0.3189,9.7232,0.3667,0.8204,4.8996,0.1613,-0.3226,9.6712,2392,0,0.15370659276867144,0.0,0.0003784337468632458
-0.4923,-0.2141,9.7136,-0.8342,-2.5786,2.2374,-0.4876,-0.2567,9.6814,2393,0,0.15370659276867144,0.0,0.010499564298680207
0.131,0.3321,9.7771,-2.0383,0.3563,-1.1108,0.1023,0.3407,9.8145,2394,0,0.15370659276867144,0.0,0.0004597236612300049
-0.4201,-0.1576,9.676,1.9924,-0.523,-4.6968,-0.4796,-0.1962,9.7577,2395,0,0.15370659276867144,0.0,0.010459723661230007
-0.3395,-0.3265,9.6626,-0.2513,-3.1625,1.6789,-0.3317,-0.2657,9.6114,2396,0,0.15370659276867144,0.0,0.00033859310941304654
-0.3695,0.3966,10.2721,0.2011,0.4761,1.1164,-0.3576,0.3894,10.1825,2397,0,0.15019360990793296,0.0,0.020338593109413047
0.7458,0.3129,9.6972,-1.361,-1.02,-2.9534,0.7748,0.3153,9.7518,2398,0,0.15728818662667865,0.0,0.0065885931094130466
0.015,-0.1053,9.8868,-3.2042,-1.0165,-3.5822,-0.0101,-0.1261,9.9293,2399,0,0.15370659276867144,0.0,0.0003784337468632458
-0.034,0.446,9.7556,-1.2265,0.957,-3.2118,-0.0691,0.4536,9.833,2400,0,0.15370659276867144,0.0,0.000499564298680204
0.0314,-0.3107,9.8426,-3.0088,-2.3926,-1.8732,0.1138,-0.2913,9.844,2401,0,0.15370659276867144,0.0,0.0001897545015802269
-0.1212,0.2719,9.6907,-2.2046,-3.2021,2.9784,-0.221,0.2592,9.728,2402,0,0.15370659276867144,0.0,0.010189754501580228
0.3874,-0.1659,9.7814,-0.3025,-1.1605,-1.8383,0.3465,-0.1522,9.8008,2403,0,0.15370659276867144,0.0,0.010958985270810996
-0.463,-0.1496,10.0974,0.9731,2.9297,0.8854,-0.4278,-0.2475,10.1413,2404,0,0.15370659276867144,0.0,0.010378433746863248
-0.1872,0.2291,10.0,4.2406,1.2387,-3.4893,-0.2135,0.1961,9.9821,2405,0,0.15370659276867144,0.0,0.011037774406203906
0.0463,0.2657,9.1095,7.4447,-9.5053,-4.9568,-0.0386,0.3275,9.1521,2406,0,0.08417167697605749,0.0,0.010189754501580228
0.2656,-0.6167,9.67,-2.0331,-0.0398,-2.1098,0.2814,-0.6144,9.6486,2407,0,0.15337773884868683,0.0,0.010189754501580228
-0.0809,-0.2298,9.8441,-1.9035,0.1994,-4.0307,-0.0583,-0.1741,9.8207,2408,0,0.15370659276867144,0.0,0.010189754501580228
-0.1395,-0.1229,10.0353,3.5386,2.0448,-5.6156,-0.1823,-0.1249,9.9959,2409,0,0.15370659276867144,0.0,0.0007867694269533612
0.4002,0.0979,9.8411,3.0113,1.2585,0.8069,0.3218,0.1152,9.8657,2410,0,0.15370659276867144,0.0,0.0024279621561932863
-0.1823,0.0999,9.5881,-5.01,4.4536,-2.6487,-0.2109,0.0646,9.652,2411,0,0.15370659276867144,0.0,0.002378094044694035
-0.4343,0.1123,9.7774,-3.5012,-5.8684,-1.4627,-0.3971,0.1625,9.7661,2412,0,0.15370659276867144,0.0,0.001393545681750736
0.1417,-0.143,10.0737,-0.4186,0.8179,-2.7251,0.1828,-0.2266,10.0411,2413,0,0.15370659276867144,0.0,0.0014176420672929047
0.2737,0.0248,9.7546,-4.2672,-1.95,-4.1709,0.3113,0.0228,9.8101,2414,0,0.15370659276867144,0.0,0.0014572537991697247
0.5827,0.1759,9.7054,1.6062,0.7185,-1.8276,0.4958,0.2175,9.6798,2415,0,0.15208732668341593,0.0,0.0014572537991697247
-0.5456,0.032,9.9161,-1.0457,-3.987,1.1715,-0.5476,0.0973,9.9218,2416,0,0.15370659276867144,0.0,0.011472998051077755
0.0226,-0.5572,9.7092,6.7473,-2.227,0.9382,0.0201,-0.5591,9.7507,2417,0,0.15232206611747404,0.0,0.0020304012445740696
-0.9445,-0.2252,9.9747,-3.5371,0.6834,-0.5087,-0.9527,-0.2523,9.9599,2418,0,0.13260195142682374,0.0,0.00011579000453880679
-0.0026,0.0998,9.6637,1.1979,-2.4328,1.6249,-0.0606,0.1378,9.6928,2419,0,0.15370659276867144,0.0,0.00011579000453880679
0.0227,0.3839,9.9984,-2.7882,-4.3998,0.7585,0.1103,0.3226,10.0027,2420,0,0.15370659276867144,0.0,0.00011579000453880679
0.2431,0.0115,10.0365,4.1871,0.6653,-0.9538,0.2885,0.0358,10.0589,2421,0,0.15370659276867144,0.0,7.594936708860759e-05
-0.3156,0.205,9.8913,-0.5137,-2.3109,-4.2093,-0.3034,0.2151,9.8599,2422,0,0.15370659276867144,0.0,7.594936708860759e-05
-0.3562,-0.041,9.996,7.6771,-0.1281,-4.0605,-0.3939,-0.1051,9.9774,2423,0,0.14837066258871512,0.0,0.000672964292461742
-0.351,0.1639,9.6259,-4.1759,-3.2468,-0.2899,-0.2377,0.2238,9.6513,2424,0,0.15370659276867144,0.0,0.010075949367088608
0.0368,-0.0047,9.741,-0.5624,-2.3973,-1.5134,0.0453,-0.0292,9.6632,2425,0,0.15370659276867144,0.0,0.010672964292461742
0.0431,-0.1413,9.8483,-3.0495,4.9036,-3.1246,-0.0759,-0.1584,9.8785,2426,0,0.15370659276867144,0.0,0.00017515571629495678
-0.0413,0.2401,9.4347,-3.1253,2.6423,-3.092,0.0801,0.1611,9.2995,2427,0,0.13176217775583937,0.0,0.02
-0.3964,0.322,9.8634,-3.1646,-0.9055,0.0774,-0.4082,0.3288,9.9188,2428,0,0.15370659276867144,0.0,0.02007594936708861
0.4058,-0.3918,9.9291,1.9484,4.7254,1.7016,0.4529,-0.385,9.9944,2429,0,0.15370659276867144,0.0,7.594936708860759e-05
0.6028,-0.0646,9.6875,-0.9452,4.4502,-0.4233,0.6167,0.0286,9.61,2430,0,0.15522247095773994,0.0,0.01
0.2229,-0.3202,9.8733,0.4909,-0.0217,6.3734,0.2048,-0.3355,9.9368,2431,0,0.15314501477372658,0.0,0.000672964292461742
-0.07,0.7553,9.8142,-1.4797,-0.5644,0.7549,-0.1204,0.8269,9.8316,2432,0,0.12190387033920805,0.0,0.0005970149253731343
0.0736,-0.0393,9.8537,-4.2284,-0.8768,-2.906,0.0106,0.0241,9.7416,2433,0,0.15370659276867144,0.0,0.0005970149253731343
-0.4442,-0.3994,9.8749,2.4701,-0.7943,-0.5922,-0.526,-0.4791,9.853,2434,0,0.15370659276867144,0.0,0.0005970149253731343
-0.0033,0.0418,10.076,3.1547,2.7748,-3.9056,-0.0661,0.1048,9.9849,2435,0,0.15370659276867144,0.0,0.0005970149253731343
0.1206,-0.121,9.737,8.0688,3.3567,2.6978,0.1921,-0.1256,9.7698,2436,0,0.1310173192799571,0.0,0.010597014925373134
0.1685,0.1444,9.8467,1.5435,3.879,3.7305,0.1527,0.2214,9.8631,2437,0,0.15370659276867144,0.0,0.01
0.3488,0.0236,9.414,0.169,8.0743,1.2056,0.3446,0.0445,9.3264,2438,0,0.12587953454120407,0.0,0.0
-0.3212,0.0915,9.8398,2.3737,4.6961,-3.0144,-0.4559,-0.0426,9.8656,2439,0,0.15370659276867144,0.0,0.0016
0.2468,-0.1568,9.6544,1.1061,6.207,2.0893,0.2325,-0.176,9.67,2440,0,0.15370659276867144,0.0,0.0021970149253731346
-0.2812,0.2544,9.9004,2.2497,2.4382,1.7867,-0.2168,0.1588,9.8953,2441,0,0.15370659276867144,0.0,0.0021970149253731346
-0.0852,-0.369,9.8391,-2.052,1.209,3.4624,-0.1495,-0.4766,9.939,2442,0,0.15370659276867144,0.0,0.0007646126907362628
0.6429,-0.0588,10.1588,-0.0445,-0.1457,-3.8049,0.6437,0.0086,10.0765,2443,0,0.1554555178066895,0.0,0.0005970149253731343
-0.185,0.2748,9.8331,0.5162,-2.6995,-0.3589,-0.1409,0.1798,9.9005,2444,0,0.15370659276867144,0.0,0.0005970149253731343
-0.0198,-0.3536,9.7152,0.3007,-2.7679,3.9826,0.0008,-0.4742,9.7291,2445,0,0.15370659276867144,0.0,0.0007646126907362628
0.2863,0.0889,10.015,0.8908,-3.4358,-2.5979,0.268,0.0945,10.0473,2446,0,0.15370659276867144,0.0,0.0005970149253731343
0.2712,0.2029,9.4289,3.3798,-0.4542,-1.0359,0.1297,0.1616,9.4268,2447,0,0.152968620356603,0.0,0.0007646126907362628
0.3031,-0.5378,9.5522,0.3553,0.7671,0.7721,0.2065,-0.5257,9.5217,2448,0,0.15370659276867144,0.0,0.0021970149253731346
0.0832,-0.0573,9.6924,-0.7389,-0.1927,-1.9764,0.0585,0.0002,9.6376,2449,0,0.15370659276867144,0.0,0.0021970149253731346
-0.0519,0.2626,9.9141,3.3385,-4.0302,3.6641,-0.0161,0.1856,9.9872,2450,0,0.15370659276867144,0.0,0.0006962212745794835
0.4506,-0.111,9.4367,-7.1444,-3.721,1.1624,0.5007,-0.1266,9.4719,2451,0,0.15221377687624613,0.0,0.0010789426362165077
0.531,0.0017,10.112,-3.4558,-3.2036,5.7878,0.5356,0.0564,10.1327,2452,0,0.15370659276867144,0.0,0.0
-0.026,0.2613,9.6664,1.0216,3.2643,0.6918,0.0351,0.2378,9.6988,2453,0,0.15370659276867144,0.0,0.0005811340600497228
0.0366,0.3456,9.8106,0.5441,5.3247,2.8568,0.0104,0.3683,9.8421,2454,0,0.15370659276867144,0.0,0.0005811340600497228
0.1691,0.1215,9.9469,2.33,-1.3578,0.6259,0.1322,0.0988,9.9876,2455,0,0.15370659276867144,0.0,0.0005811340600497228
-0.2434,-0.2269,9.3098,-6.1086,2.3186,0.2808,-0.1498,-0.103,9.3041,2456,0,0.1455010895104648,0.0,0.0011030390217586766
-0.315,-0.3843,9.6523,0.7738,2.064,4.2541,-0.2957,-0.3977,9.6153,2457,0,0.15370659276867144,0.0,0.010024096385542169
0.3495,0.438,9.7299,-2.4299,-3.8089,2.3342,0.332,0.4053,9.8004,2458,0,0.15370659276867144,0.0,0.0
0.1612,0.1522,9.8679,0.9231,1.3405,1.9231,0.2001,0.0624,9.843,2459,0,0.15370659276867144,0.0,0.0
-0.2508,0.4981,9.6714,0.4716,2.7605,-5.1145,-0.2749,0.539,9.6674,2460,0,0.15370659276867144,0.0,0.0
-0.4084,0.4125,9.7226,-0.0406,1.518,-1.5953,-0.4835,0.4141,9.7203,2461,0,0.15370659276867144,0.0,0.0005970149253731343
-0.6522,-0.1252,9.9967,-3.1781,0.204,5.2191,-0.6144,-0.1677,9.9598,2462,0,0.1537691488359536,0.0,0.01012113055181696
-0.5789,-0.0094,9.6636,3.4502,1.1648,2.2137,-0.5985,-0.1014,9.6425,2463,0,0.15370659276867144,0.0,0.0
0.0573,-0.0719,9.9367,1.4232,-0.9248,-6.301,0.106,-0.0354,9.9433,2464,0,0.15370659276867144,0.0,0.0
-0.3247,0.0552,9.8472,-3.2566,4.4342,-5.2908,-0.2635,0.012,9.8473,2465,0,0.15370659276867144,0.0,0.0
-0.142,-0.6655,10.104,4.9837,-8.5978,-1.7672,-0.1145,-0.6354,10.1654,2466,0,0.1406182484602041,0.0,9.92063492063492e-05
-0.2393,-0.5026,9.7557,3.5348,1.0018,-1.4885,-0.2863,-0.4694,9.8023,2467,0,0.15370659276867144,0.0,9.92063492063492e-05
0.1672,0.1198,9.7188,-0.4617,-2.0463,2.8031,0.265,0.0735,9.7169,2468,0,0.15370659276867144,0.0,0.0016307170247151814
0.276,-0.2227,9.8315,-0.4553,-1.8842,1.5443,0.3089,-0.2571,9.9275,2469,0,0.15370659276867144,0.0,0.0016307170247151814
-0.0512,0.0866,9.4548,6.4904,3.4052,3.7421,-0.1189,0.0921,9.4811,2470,0,0.1528511125999369,0.0,0.012112644735558556
0.0688,0.1502,9.5836,-3.5195,1.1471,-7.7108,0.0745,0.166,9.6428,2471,0,0.1513602608214693,0.0,0.0014305164954494143
-0.4323,0.0753,9.4924,-1.4154,-0.1932,1.83,-0.4259,0.1089,9.5255,2472,0,0.15370659276867144,0.0,0.0009485887846060409
-0.1063,0.0587,9.9554,-0.7615,-3.1575,3.9094,-0.1511,0.0721,9.88,2473,0,0.15370659276867144,0.0,0.002112644735558555
-0.2087,0.24,9.7848,-5.1925,0.6004,1.6136,-0.176,0.247,9.8312,2474,0,0.15370659276867144,0.0,0.002112644735558555
-0.098,-0.0757,9.7761,3.3628,-2.4532,3.0213,-0.0515,-0.0311,9.7041,2475,0,0.15370659276867144,0.0,0.002112644735558555
0.0764,-0.1484,10.0483,2.3477,-3.336,1.4188,0.0216,-0.0754,10.0847,2476,0,0.15370659276867144,0.0,0.002112644735558555
-0.0502,-0.3348,10.0889,2.2053,-0.4052,4.0966,0.0459,-0.2836,10.1342,2477,0,0.15370659276867144,0.0,0.002112644735558555
0.2525,0.1334,9.8411,1.6994,-2.2086,1.9701,0.2907,0.2061,9.778,2478,0,0.15370659276867144,0.0,0.002013438386352205
-0.7924,0.0185,9.714,4.2807,-1.3294,2.0047,-0.7609,-0.1035,9.7206,2479,0,0.1691837448400327,0.0,0.002013438386352205
-0.0366,-0.8645,9.7316,-0.8283,2.4151,2.1147,-0.0376,-0.9346,9.7499,2480,0,0.08577591472018742,0.0,0.013015042246419042
0.3598,0.0037,9.83,-0.6666,-1.5269,2.4272,0.3517,0.1219,9.8232,2481,0,0.15370659276867144,0.0,0.01169024083423899
0.0446,-0.053,9.7252,4.2962,-1.4045,-2.0134,0.128,-0.0026,9.6569,2482,0,0.15370659276867144,0.0,0.002013438386352205
-0.0455,-0.1848,9.7073,1.3871,4.9772,0.1013,-0.0297,-0.2081,9.5915,2483,0,0.15370659276867144,0.0,0.002013438386352205
-0.3491,0.3481,9.6328,-3.0778,5.3159,0.3023,-0.2924,0.3425,9.6469,2484,0,0.15370659276867144,0.0,0.012013438386352205
-0.2945,-0.0806,9.6121,-0.1242,2.6745,4.1077,-0.2414,-0.0852,9.5135,2485,0,0.15370659276867144,0.0,0.013338239798532256
-0.1252,0.234,9.5235,3.5113,-2.726,2.4689,-0.1135,0.2761,9.5062,2486,0,0.15370659276867144,0.0,0.0030691654736191938
0.3382,0.4407,9.8437,-0.3919,-2.4263,-4.8432,0.3803,0.3851,9.8233,2487,0,0.15370659276867144,0.0,0.01174436406143914
-0.0822,0.544,9.4893,3.5408,-1.2983,2.169,-0.1033,0.5347,9.4829,2488,0,0.15355074445237718,0.0,0.001744364061439141
0.3514,-0.2889,9.9505,-3.3616,-0.2588,0.2706,0.4006,-0.2615,9.972,2489,0,0.15370659276867144,0.0,0.0034006063819831795
-0.2372,0.2034,9.8826,0.9364,-1.0415,5.8376,-0.213,0.1494,9.8133,2490,0,0.15370659276867144,0.0,0.007052084214495495
0.4391,-0.3652,9.7655,2.9045,1.8109,0.1917,0.3848,-0.3618,9.6636,2491,0,0.15370659276867144,0.0,0.007052084214495495
0.4928,0.0425,9.7194,1.4743,-1.88,-0.101,0.4513,-0.0101,9.7197,2492,0,0.15370659276867144,0.0,0.008012536191896624
-0.0739,-0.1125,9.6866,2.1698,6.055,-3.041,-0.0445,-0.1535,9.5143,2493,0,0.15370659276867144,0.0,0.0034006063819831795
-0.0908,-0.2588,9.7689,-3.252,4.4021,-0.6734,-0.0951,-0.2653,9.7467,2494,0,0.15370659276867144,0.0,0.002995200976577774
-0.1036,0.5769,9.8425,2.6762,2.7449,0.1838,-0.1025,0.6683,9.7424,2495,0,0.15309497375261916,0.0,0.00176960591360407
-0.1491,-0.0001,10.018,-2.4397,1.5321,-1.179,-0.1516,-0.0047,10.1638,2496,0,0.15370659276867144,0.0,0.0021750113190094757
-0.1691,0.5176,9.7212,-0.8637,-1.4583,-5.9108,-0.1298,0.5619,9.787,2497,0,0.15370659276867144,0.0,0.011228461385617436
-0.1206,-0.0372,9.8437,0.391,3.9327,-0.2201,-0.1624,-0.0453,9.8404,2498,0,0.15370659276867144,0.0,0.011987955056503512
0.4162,0.3047,9.9947,2.3519,1.9027,-0.175,0.371,0.2787,10.0286,2499,0,0.15370659276867144,0.0,0.0029696059136040697
-0.1226,0.032,9.9063,-3.7491,2.7687,-2.6475,-0.07,0.0545,9.9737,2500,0,0.15370659276867144,0.0,0.0016307170247151814
-0.6071,0.1751,9.7168,4.8362,4.4362,-3.6081,-0.592,0.1759,9.6766,2501,0,0.1537691488359536,0.0,0.0017046815217566017
0.3286,-0.3996,10.002,2.1282,2.9701,-2.453,0.4109,-0.3672,10.0605,2502,0,0.15370659276867144,0.0,0.001531510675508832
-0.3241,-0.1,9.8679,2.919,1.701,-1.3068,-0.3491,-0.1618,9.9275,2503,0,0.15370659276867144,0.0,0.0016307170247151814
0.1506,-0.2731,9.4933,4.7389,-2.8018,-4.3009,0.1943,-0.2695,9.4294,2504,0,0.152968620356603,0.0,0.0020361224301205867
-0.4605,0.5409,9.5708,0.7805,3.5895,-1.4734,-0.4934,0.5486,9.653,2505,0,0.15355074445237718,0.0,0.031630717024715184
0.0821,0.0551,10.0236,4.553,-0.5301,2.0661,0.1081,0.0132,10.07,2506,0,0.15370659276867144,0.0,0.021324097113664894
-0.3914,0.1986,9.9094,-2.0834,2.3548,3.5237,-0.4018,0.1958,9.8833,2507,0,0.15370659276867144,0.0,0.021324097113664894
-0.0096,0.1048,10.2052,-3.6543,2.2623,-3.6972,0.0571,0.162,10.1336,2508,0,0.15370659276867144,0.0,0.02288071702471518
0.7761,-0.0249,9.8309,-0.3134,-1.447,0.9072,0.7645,0.0485,9.8097,2509,0,0.15728818662667865,0.0,0.0020361224301205867
-0.0796,0.6452,9.7182,-1.5326,-0.268,2.0704,-0.1155,0.6815,9.7785,2510,0,0.15309497375261916,0.0,0.0020361224301205867
-0.2792,-0.124,9.6813,-0.4426,-2.1836,3.2722,-0.3282,-0.0566,9.6708,2511,0,0.15370659276867144,0.0,0.0020361224301205867
0.3599,-0.1309,9.6843,0.6949,0.271,-0.7697,0.31,-0.165,9.6435,2512,0,0.15370659276867144,0.0,0.0020361224301205867
0.0707,-0.0962,9.8314,2.3439,-3.0641,-0.9443,0.0087,-0.0269,9.7102,2513,0,0.15370659276867144,0.0,0.0025920146380053804
0.0585,-0.2061,9.8661,-3.5581,2.5638,-0.0864,0.1086,-0.2006,9.8271,2514,0,0.15370659276867144,0.0,0.01302578020794258
0.1529,0.1399,9.3171,-2.5236,1.8962,5.0175,0.2018,0.0829,9.2965,2515,0,0.14534712664257377,0.0,0.004298732185343712
0.2485,-0.0957,10.016,1.5641,4.2,-2.3146,0.1971,-0.1776,9.9935,2516,0,0.15370659276867144,0.0,0.0029825558483860364
-0.8417,0.1327,9.8603,1.5961,2.3031,-0.4593,-0.8585,0.0849,9.8676,2517,0,0.1642141751932572,0.0,0.0022705305319303407
-0.0115,-0.1218,9.7322,3.279,-1.928,0.4325,-0.0086,-0.1107,9.7432,2518,0,0.15370659276867144,0.0,0.0022705305319303407
-0.2909,-0.1167,9.6597,-3.8857,2.5434,0.7167,-0.2712,-0.0649,9.6362,2519,0,0.15370659276867144,0.0,0.0022705305319303407
-0.4772,0.2832,9.6588,4.8439,1.196,-3.7648,-0.5067,0.3182,9.7334,2520,0,0.15370659276867144,0.0,0.0030625350744006635
0.0503,0.0662,9.876,0.0696,3.7959,2.3221,0.0366,0.0581,9.8992,2521,0,0.15370659276867144,0.0,0.1504054054054054
-0.0633,-0.0883,9.9518,-1.6647,0.2039,-5.2129,-0.1128,-0.1661,9.9136,2522,0,0.15370659276867144,0.0,0.15088733311624877
0.4106,-0.2733,10.1175,-0.2137,-3.4504,2.2066,0.3614,-0.2474,10.1645,2523,0,0.15370659276867144,0.0,0.1504054054054054
-0.0982,-0.3624,9.7198,-2.7077,1.7481,-2.1877,-0.1277,-0.2415,9.7365,2524,0,0.15370659276867144,0.0,0.1604054054054054
-0.3353,0.5111,9.4445,0.3618,-2.4173,-2.0207,-0.3981,0.5215,9.418,2525,0,0.152691395331968,0.0,0.1604054054054054
-0.0698,-0.2987,9.9723,2.9258,-2.5429,-2.1008,-0.1141,-0.2964,9.9601,2526,0,0.15370659276867144,0.0,0.1604054054054054
-0.2799,-0.3842,9.6836,0.5915,5.7291,-4.8261,-0.1831,-0.3359,9.6652,2527,0,0.15370659276867144,0.0,0.1804054054054054
0.1372,-0.269,9.7982,3.7381,2.5132,-0.2952,0.0978,-0.1817,9.7415,2528,0,0.15370659276867144,0.0,0.1704054054054054
-0.1304,-0.4282,10.0591,-2.2544,-1.488,1.8521,-0.1144,-0.4951,10.1069,2529,0,0.15370659276867144,0.0,0.1704054054054054
0.1176,-0.0602,10.0306,4.7197,1.4661,-5.3242,0.0629,-0.0168,10.1046,2530,0,0.15370659276867144,0.0,0.050195095048858385
0.0949,0.0674,9.9491,1.8968,3.8301,-0.3531,0.0782,0.0861,9.9433,2531,0,0.15370659276867144,0.0,0.13
-0.4091,0.0371,9.7523,-6.3933,1.4434,5.4355,-0.49,0.0223,9.7262,2532,0,0.15370659276867144,0.0,0.03012113055181696
-0.1865,0.3342,9.8761,2.224,6.5129,4.3403,-0.1715,0.3172,9.8272,2533,0,0.15370659276867144,0.0,0.02007594936708861
-0.1222,0.0898,9.7431,1.0071,2.1118,-3.0225,-0.1274,0.2296,9.7517,2534,0,0.15370659276867144,0.0,0.03012113055181696
0.3341,-0.1664,9.8357,2.9121,-1.1881,9.2309,0.2637,-0.1454,9.8075,2535,0,0.15336970006111514,0.0,0.0002415622624045486
-0.506,0.4695,9.9329,-0.5608,-0.757,-1.2755,-0.549,0.5287,9.9299,2536,0,0.15370659276867144,0.0,0.0003175116294931562
0.0164,-0.0311,9.7379,4.4617,-2.1006,3.6626,0.0377,-0.1015,9.7979,2537,0,0.15370659276867144,0.0,0.0002415622624045486
0.3488,-0.0829,9.9935,-0.9908,-1.6207,-0.2636,0.3582,-0.1149,9.9298,2538,0,0.15370659276867144,0.0,0.02090090292174521
0.0224,-0.5186,9.8773,-0.4344,-0.9936,3.2288,-0.0091,-0.4709,9.8545,2539,0,0.15370659276867144,0.0,0.02090090292174521
0.2871,-0.1755,9.9228,4.1198,2.3259,-3.4774,0.2599,-0.2446,9.8171,2540,0,0.15370659276867144,0.0,0.020826938424703786
-0.4219,0.1888,10.2154,5.5696,4.6291,0.6613,-0.5097,0.1584,10.2037,2541,0,0.15262407051682947,0.0,0.010207438402813327
-0.1267,0.0062,9.8691,2.5722,-5.8342,2.5327,-0.1702,0.0392,9.9299,2542,0,0.15370659276867144,0.0,0.010167597765363127
0.2294,0.0965,9.6909,-0.3025,-0.3653,-4.098,0.1767,0.1136,9.7142,2543,0,0.15370659276867144,0.0,0.010207438402813327
-0.7493,0.0627,9.8064,4.6837,-5.7185,-3.1109,-0.682,0.112,9.7277,2544,0,0.14971634694641672,0.0,0.030207438402813327
-0.6915,0.0152,9.7109,4.0815,-2.486,5.0881,-0.6853,-0.0101,9.7555,2545,0,0.15285645101558118,0.0,0.03016759776536313
-0.4305,0.3622,9.8165,2.664,-0.4014,-2.1659,-0.422,0.3786,9.7006,2546,0,0.15370659276867144,0.0,0.04016759776536313
-0.2429,-0.3446,9.6673,-0.3974,1.7973,2.946,-0.2328,-0.4008,9.6951,2547,0,0.15370659276867144,0.0,0.020243547132451738
-0.0792,-0.3032,9.6268,-1.2089,2.5752,-5.351,-0.0718,-0.2598,9.625,2548,0,0.15370659276867144,0.0,0.020243547132451738
0.1548,0.5029,9.647,5.2028,-7.0333,-3.2733,0.1071,0.5684,9.6341,2549,0,0.1535830087878228,0.0,0.010243547132451736
0.1698,-0.2421,10.0184,2.4111,-0.6555,0.0394,0.1179,-0.2366,9.9384,2550,0,0.15370659276867144,0.0,0.010243547132451736
0.3566,-0.1149,9.8531,2.6904,2.0802,-1.5372,0.4315,-0.1805,9.8817,2551,0,0.15370659276867144,0.0,0.010283387769901935
0.0726,-0.2337,9.76,4.3895,-2.0403,1.5789,0.0864,-0.2209,9.7814,2552,0,0.15370659276867144,0.0,0.010167597765363127
-0.2449,-0.0245,9.4014,-2.5713,0.5444,1.0636,-0.2403,-0.0472,9.3071,2553,0,0.13580156324319373,0.0,0.0
-0.0792,-0.3111,9.7455,4.4337,3.2486,-4.7381,-0.0451,-0.3627,9.7801,2554,0,0.15370659276867144,0.0,0.0001675977653631285
0.0328,-0.353,9.9405,-2.0722,3.6615,-2.8157,0.0568,-0.2376,9.8647,2555,0,0.15370659276867144,0.0,0.0002074384028133277
-0.5332,-0.6577,10.1979,-2.7623,4.1811,1.7977,-0.5501,-0.6904,10.2327,2556,0,0.13785921051556949,0.0,0.00024354713245173607
0.1433,0.3764,9.6724,1.4281,-0.6361,3.513,0.109,0.3538,9.7217,2557,0,0.15370659276867144,0.0,0.0002833877699019353
-0.1085,-0.2204,9.7641,1.156,3.1218,0.5232,-0.0829,-0.1664,9.8041,2558,0,0.15370659276867144,0.0,0.00024354713245173607
-0.0233,-0.428,10.0269,0.6412,3.3397,-0.1481,-0.0417,-0.3894,9.9164,2559,0,0.15370659276867144,0.0,0.0001675977653631285
0.0133,-0.0415,9.8025,-2.9616,2.3291,-0.2542,0.0234,-0.0294,9.7752,2560,0,0.15370659276867144,0.0,0.0001675977653631285
0.0046,-0.5134,9.8243,-1.3272,4.9408,1.6473,-0.0386,-0.4191,9.8118,2561,0,0.15370659276867144,0.0,0.0001675977653631285
-0.0191,-0.3244,9.6578,-0.6272,0.8679,1.3833,-0.0284,-0.3658,9.6458,2562,0,0.15370659276867144,0.0,0.0001675977653631285
-0.1492,0.0639,9.4165,1.6959,1.5504,-1.2094,-0.2464,0.0245,9.4352,2563,0,0.152968620356603,0.0,0.0
0.0114,0.297,9.5894,0.2767,-2.1648,3.5593,-0.0374,0.3727,9.5082,2564,0,0.15370659276867144,0.0,0.01
0.1503,-0.3185,9.4137,0.9705,4.5349,-1.0331,0.1574,-0.3128,9.3845,2565,0,0.1508470366944779,0.0,0.0
0.3694,0.1875,9.7966,-6.7919,0.4134,1.8866,0.3544,0.1332,9.7983,2566,0,0.15370659276867144,0.0,0.01
-0.3908,-0.1061,9.6518,2.1487,-1.6291,0.2029,-0.2826,-0.1977,9.7698,2567,0,0.15370659276867144,0.0,0.012573726051019363
0.2783,0.1727,9.8366,-2.0114,-0.1076,2.36,0.2629,0.2148,9.8504,2568,0,0.15370659276867144,0.0,0.002573726051019364
0.3491,-0.2228,9.8142,0.5362,-3.1442,-1.5847,0.275,-0.3011,9.7913,2569,0,0.15370659276867144,0.0,0.02167450715661085
-0.4474,-0.294,9.7231,-1.1389,-0.396,-2.6689,-0.5382,-0.2841,9.6766,2570,0,0.15370659276867144,0.0,0.031748471653652265
0.5894,0.5751,9.7782,-2.9238,-0.2987,-2.244,0.542,0.5947,9.7575,2571,0,0.15156443833337474,0.0,0.021626873174502164
-0.6161,-0.501,9.2143,-0.1307,-0.3021,-4.36,-0.6245,-0.5561,9.1662,2572,1,0.09271858089621146,0.0,0.0021281770650386
0.2315,-0.0284,9.793,-0.08,5.4864,3.3667,0.1947,-0.0282,9.761,2573,0,0.15370659276867144,0.0,0.012029128813599911
-0.1671,0.0703,9.6514,-1.4685,-1.5261,1.6242,-0.1792,0.0336,9.6803,2574,0,0.15370659276867144,0.0,0.012029128813599911
-0.0745,-0.1336,9.4494,-3.4453,-4.759,-6.0664,-0.0491,-0.0919,9.4564,2575,0,0.15370659276867144,0.0,0.0018005573850284817
-0.1078,0.1821,10.0225,-2.0686,4.951,-3.7089,-0.0944,0.0838,9.9512,2576,0,0.15370659276867144,0.0,0.011118429144919341
-0.5663,-0.063,10.1481,-0.2452,2.2333,3.7355,-0.5362,-0.079,10.1615,2577,0,0.15370659276867144,0.0,0.0018005573850284817
0.3476,-0.0575,9.569,1.5181,-0.8605,-3.1662,0.305,-0.0637,9.5194,2578,0,0.15370659276867144,0.0,0.001874521882069902
-0.3967,0.0816,9.6844,3.4237,-3.5694,0.3235,-0.4123,0.0195,9.733,2579,0,0.15370659276867144,0.0,0.0018005573850284817
-0.2958,-0.2064,9.7634,-5.0843,-0.2772,3.515,-0.3133,-0.1784,9.6857,2580,0,0.15370659276867144,0.0,0.001662194580090598
0.2546,0.0929,9.8472,-3.4895,1.2132,-2.3623,0.2184,0.1308,9.9387,2581,0,0.15370659276867144,0.0,0.001662194580090598
0.2468,0.1673,9.8461,-1.5841,-0.4462,-0.0804,0.2701,0.1832,9.8659,2582,0,0.15370659276867144,0.0,0.002481458298254873
-0.2102,-0.0494,9.712,3.2609,-1.5676,0.6954,-0.1354,-0.077,9.7072,2583,0,0.15370659276867144,0.0,0.0031993637036602783
-0.4347,0.4135,9.5796,-2.8845,1.6356,-0.5938,-0.3422,0.3984,9.6408,2584,0,0.15370659276867144,0.0,0.0041598156810614085
-0.0263,0.4548,9.6264,-0.2211,-1.4463,0.529,-0.0955,0.3536,9.6038,2585,0,0.15370659276867144,0.0,0.017902429545321324
0.4672,-0.1806,9.8003,-0.8825,-3.5715,1.1344,0.3627,-0.1716,9.8746,2586,0,0.15370659276867144,0.0,0.008457476117317047
0.3243,0.1862,9.9796,-2.9791,-0.1614,2.0787,0.3275,0.1558,9.9433,2587,0,0.15370659276867144,0.0,0.010017299641591901
0.0375,-0.0179,9.5902,0.8134,3.5484,1.4727,0.0802,0.0313,9.5609,2588,0,0.15370659276867144,0.0,0.019611894236186495
-0.0893,0.7493,9.5951,1.9306,0.4125,-3.4169,-0.1279,0.8001,9.6427,2589,0,0.14771743822613242,0.0,0.010079689812137993
0.3362,-0.2416,9.8057,-11.1303,2.841,-4.3237,0.2561,-0.3311,9.7568,2590,0,0.14303048309980645,0.0,0.021639210676612897
0.0838,-0.3625,9.5921,-10.4464,-0.6524,-0.976,0.0242,-0.4079,9.6113,2591,0,0.14303048309980645,0.0,0.0251459047174313
-0.0003,-0.3315,9.6893,-0.7462,3.8939,-5.3191,-0.0128,-0.3022,9.7146,2592,0,0.15370659276867144,0.0,0.034450367624570474
-0.0718,-0.1529,9.7341,-1.3571,-2.8458,3.4342,-0.0426,-0.1954,9.7407,2593,0,0.15370659276867144,0.0,0.023333936521030125
0.1133,-0.1093,9.6091,0.7566,3.8657,2.1453,0.1678,-0.0491,9.6163,2594,0,0.15370659276867144,0.0,0.02568826158790742
0.1642,-0.4292,10.0862,1.5942,-7.4426,1.4552,0.1629,-0.4739,10.1126,2595,0,0.1528770972818742,0.0,0.06729285857148673
0.1545,-0.2834,9.4983,-2.5706,-0.7407,-0.629,0.1381,-0.1729,9.4581,2596,0,0.15370659276867144,0.0,0.04773730301593116
0.3687,-0.1339,9.851,-0.6582,-0.895,5.1688,0.3805,-0.1274,9.8468,2597,0,0.15370659276867144,0.0,0.08582582279443414
0.1104,0.0822,9.9314,-7.9532,-3.217,-2.387,0.1004,0.1173,9.9243,2598,0,0.147664941262513,0.0,0.05323408667118027
-0.0365,0.1913,9.7494,-1.1658,0.6458,-2.2098,0.0104,0.1508,9.7688,2599,0,0.15370659276867144,0.0,0.04930525579264861
0.0504,0.167,9.5863,-3.6624,2.6458,-0.7101,0.0705,0.1568,9.4923,2600,0,0.15370659276867144,0.0,0.04930525579264862
0.1326,-0.39,10.1665,-8.0946,0.7208,2.3208,0.1323,-0.3742,10.242,2601,0,0.14608952320241503,0.0,0.043088672668170756
0.4416,-0.2554,9.8407,3.4212,2.0304,-2.5438,0.4098,-0.3339,9.884,2602,0,0.15370659276867144,0.0,0.05308867266817075
-0.0313,0.4949,9.8609,-3.2618,1.2753,1.1261,0.0139,0.4822,9.8134,2603,0,0.15370659276867144,0.0,0.054059861307482554
0.0286,0.1872,9.9582,-0.498,2.1639,-0.4575,0.0643,0.2624,10.0431,2604,0,0.15370659276867144,0.0,0.05915061661739089
0.0786,0.0373,9.9706,2.5188,0.4898,-1.4268,0.0832,0.0464,9.9549,2605,0,0.15370659276867144,0.0,0.04374521121198548
0.245,-0.0775,9.8425,1.9912,0.0874,4.0324,0.3873,-0.0354,9.7917,2606,0,0.15370659276867144,0.0,0.05357250589797582
0.1758,0.2087,10.0715,-3.3732,-2.3453,-3.5066,0.1869,0.2136,10.05,2607,0,0.15370659276867144,0.0,0.05915061661739088
-0.0687,0.4218,9.8097,-1.9152,0.1109,-3.0282,-0.0314,0.423,9.7488,2608,0,0.15370659276867144,0.0,0.06915061661739089
0.0871,-0.5707,9.7301,-0.4594,-5.7684,2.9798,0.0935,-0.6391,9.7561,2609,0,0.1444141826428684,0.0,0.06974763154276403
0.3608,0.015,10.0016,-2.846,-0.1838,-1.7387,0.3714,-0.0434,10.0582,2610,0,0.15370659276867144,0.0,0.07434222613735861
0.4289,-0.1892,10.1838,-0.8787,-2.4984,-0.3054,0.553,-0.0772,10.1765,2611,0,0.15370659276867144,0.0,0.08975095629608877
-0.3659,0.2015,9.5386,4.4496,1.6795,-0.7223,-0.342,0.1237,9.5805,2612,0,0.15370659276867144,0.0,0.08062844962086384
0.3323,-0.0021,9.7728,-1.845,-5.105,-0.4337,0.3615,0.0288,9.8231,2613,0,0.15370659276867144,0.0,0.07441186649638597
-0.6021,-0.0295,10.1369,4.4123,-0.714,-1.0355,-0.6776,-0.0684,10.1492,2614,0,0.15179376876553494,0.0,0.06366021239575512
-0.3839,0.2075,10.1013,-1.3196,-4.5417,1.9617,-0.3635,0.2153,10.1317,2615,0,0.15370659276867144,0.0,0.053660212395755094
0.1292,0.3981,9.7501,2.4711,0.271,4.0388,0.0871,0.3279,9.8058,2616,0,0.15370659276867144,0.0,0.05425722732112823
0.0425,0.0787,9.6514,1.2378,-0.5395,0.6989,0.0162,0.0788,9.6604,2617,0,0.15370659276867144,0.0,0.05421540614260295
0.0288,0.3512,9.6485,-2.4912,4.9594,1.3194,0.0776,0.3931,9.6957,2618,0,0.15370659276867144,0.0,0.07441186649638597
-0.0768,-0.8083,9.9009,0.6004,1.758,-3.6252,-0.03,-0.794,9.8246,2619,0,0.14993130779830763,0.0,0.10425722732112824
0.0293,0.1259,9.9891,5.5823,7.156,-4.5794,0.0663,0.0632,9.9201,2620,0,0.14914063294329885,0.0,0.05841357620782766
0.0658,-0.0614,9.9692,0.7185,1.3769,-1.9533,0.0618,-0.0647,9.9591,2621,0,0.15370659276867144,0.0,0.04987242477331554
-0.2651,-0.5432,9.7782,-4.4505,-7.5034,-3.734,-0.2413,-0.5517,9.8117,2622,0,0.1499721008039906,0.0,0.08896817972934361
-0.7572,-0.1621,9.8072,4.9853,1.0166,-1.0484,-0.8269,-0.1754,9.79,2623,0,0.12558360852401546,0.0,0.03107898676879076
0.0906,-0.3157,9.7318,-0.569,-1.4903,-2.4586,0.0492,-0.3024,9.8312,2624,0,0.15370659276867144,0.0,0.04107898676879076
0.0445,0.3355,9.6509,-0.6083,5.7589,-2.8562,0.0449,0.3791,9.6167,2625,0,0.15370659276867144,0.0,0.030481971843417624
-0.6487,0.1015,9.8534,-2.1857,-0.7858,-0.088,-0.631,0.1328,9.8722,2626,0,0.1537691488359536,0.0,0.021390241366401667
-0.5177,0.0303,9.9301,-3.0541,5.424,-5.2579,-0.4558,0.0529,9.8564,2627,0,0.15370659276867144,0.0,0.03064956960878075
-0.2076,0.3575,9.7844,-6.4732,2.9101,-4.6207,-0.0892,0.4422,9.7034,2628,0,0.15370659276867144,0.0,0.030649569608780753
-0.3032,0.0735,9.9455,1.9537,0.9941,-1.603,-0.3412,0.0845,9.9922,2629,0,0.15370659276867144,0.0,0.030649569608780753
-0.1218,-0.1958,9.7213,-3.2376,2.0866,-1.8584,-0.133,-0.2129,9.6168,2630,0,0.15370659276867144,0.0,0.020649569608780755
-0.4339,0.1425,9.9513,-2.1946,3.6815,4.2781,-0.4643,0.0631,9.9771,2631,0,0.15370659276867144,0.0,0.031222488148611723
0.0241,0.4507,9.8414,-4.7419,0.6397,-2.6453,0.0157,0.5022,9.8781,2632,0,0.15370659276867144,0.0,0.04122248814861172
0.1862,0.4329,10.2671,-2.4613,1.5043,-0.7321,0.1052,0.4508,10.325,2633,0,0.11535222597027697,0.0,0.03124658453415389
0.1852,0.0964,9.7554,-3.9215,-0.3971,3.1012,0.2503,0.1944,9.7755,2634,0,0.15370659276867144,0.0,0.031246584534153885
-0.3566,-0.3423,9.5274,-1.1401,-0.4216,3.6001,-0.2166,-0.3823,9.5019,2635,0,0.15370659276867144,0.0,0.010649569608780756
0.4376,0.0946,10.087,0.3908,-1.1427,0.991,0.4179,0.2103,9.9964,2636,0,0.15370659276867144,0.0,0.020649569608780755
-0.1551,0.3263,9.5972,-0.2185,-1.0026,4.2234,-0.1314,0.2808,9.6632,2637,0,0.15370659276867144,0.0,0.020625473223238586
-0.329,0.2001,10.0061,1.6281,-1.5969,3.8785,-0.326,0.2321,10.0235,2638,0,0.15370659276867144,0.0,0.020625473223238586
-0.508,-0.3371,9.977,2.8139,-2.6799,-1.3803,-0.4947,-0.3208,9.943,2639,0,0.15370659276867144,0.0,0.020238095238095236
-0.0899,0.25,9.8671,-3.6991,3.2268,3.6149,-0.062,0.2818,9.8301,2640,0,0.15370659276867144,0.0,0.010266804114569476
0.1193,0.1179,9.4856,-0.8173,-0.9778,-0.515,0.138,0.1108,9.4125,2641,0,0.152691395331968,0.0,0.0002668041145694777
0.2943,0.1226,9.4859,-0.0207,4.0913,-3.8179,0.3165,0.1587,9.4639,2642,0,0.15370659276867144,0.0,9.92063492063492e-05
-0.4885,-0.0216,9.8438,3.5241,-0.5698,-0.2104,-0.514,0.0205,9.8669,2643,0,0.15370659276867144,0.0,0.0016566732519806135
0.2738,-0.1599,9.4151,0.3859,3.1089,-1.1399,0.368,-0.2318,9.4598,2644,0,0.15370659276867144,0.0,0.010696221274579483
0.1044,0.0729,9.9233,-0.9005,-6.257,-0.5277,0.0879,0.0582,9.9759,2645,0,0.15370659276867144,0.0,0.010597014925373134
-0.1131,-0.2948,9.9695,-0.0491,1.6805,2.0565,-0.0845,-0.2314,9.9815,2646,0,0.15370659276867144,0.0,0.010597014925373134
0.1729,-0.5022,9.5659,-1.4202,6.2092,-1.2935,0.1578,-0.4561,9.5782,2647,0,0.15370659276867144,0.0,0.010099206349206349
0.1198,0.129,9.8313,0.8903,2.9915,-1.7297,0.0506,0.1298,9.7677,2648,0,0.15370659276867144,0.0,0.0009604519774011299
0.4515,0.3408,9.5765,5.3681,-2.4708,3.4395,0.5093,0.3471,9.5878,2649,0,0.15370659276867144,0.0,0.0009604519774011299
0.0248,-0.2256,9.9934,-1.8498,1.4739,-0.5578,0.0523,-0.2827,10.0351,2650,0,0.15370659276867144,0.0,0.0009604519774011299
-0.1639,0.2717,9.5964,-0.504,-1.6629,-1.0251,-0.1319,0.2875,9.5924,2651,0,0.15370659276867144,0.0,0.0010344164744425502
-0.0188,0.1945,9.8973,1.143,2.2578,-5.926,0.0368,0.2011,9.9534,2652,0,0.15370659276867144,0.0,0.0017990291651788129
-0.3503,0.174,9.7786,1.6081,3.1786,-4.4195,-0.3008,0.2016,9.8174,2653,0,0.15370659276867144,0.0,0.0012020142398056785
-0.1356,0.0527,10.1705,2.9467,-1.9947,-0.3652,-0.2389,0.0333,10.2485,2654,0,0.1526504524297057,0.0,0.0010344164744425502
0.0961,0.1464,9.8744,-0.2957,-0.0612,-1.791,0.1031,0.1508,9.8291,2655,0,0.15370659276867144,0.0,0.0010344164744425502
0.0268,-0.2742,9.8864,-4.4478,-0.7459,6.2015,0.1366,-0.3091,9.8225,2656,0,0.15314501477372658,0.0,7.396449704142012e-05
-0.0126,0.1962,9.7751,2.7109,-0.5259,-1.4991,-0.0124,0.2234,9.8638,2657,0,0.15370659276867144,0.0,0.010241562262404549
-0.0986,0.0274,9.676,-0.5445,2.6726,3.0576,-0.2005,0.0692,9.6936,2658,0,0.15370659276867144,0.0,0.0013566534150634105
-0.0788,-0.4748,9.7359,-1.803,-2.8255,-2.8971,-0.1172,-0.4985,9.7521,2659,0,0.15370659276867144,0.0,0.0003962014376622805
-0.1275,0.1727,9.7242,-2.3106,4.5226,-2.0366,-0.0717,0.1519,9.6332,2660,0,0.15370659276867144,0.0,0.010241562262404549
0.4046,0.2672,9.4328,-3.7364,0.3257,-1.0859,0.4672,0.3084,9.3965,2661,0,0.1525588014428267,0.0,0.010073964497041421
-0.4325,0.444,9.7188,4.4875,4.2665,-0.5146,-0.483,0.4903,9.6804,2662,0,0.15370659276867144,0.0,0.010241562262404549
-0.5987,0.3966,10.0356,1.5766,-1.0175,-0.5413,-0.5727,0.3938,9.9659,2663,0,0.15370659276867144,0.0,0.010073964497041421
-0.2264,0.4476,9.7504,-3.9955,-0.6704,-2.9887,-0.1886,0.3994,9.7187,2664,0,0.15370659276867144,0.0,0.0016739644970414202
-0.398,1.3236,9.5672,3.169,1.5332,-0.9336,-0.414,1.2382,9.5355,2665,1,0.04994262729426831,0.0,0.029897428125746233
-0.5357,-0.1048,10.0027,6.6483,1.7304,-0.3712,-0.5423,-0.0472,10.0209,2666,0,0.15242389511884455,0.0,0.012055108632687637
0.0057,0.1669,9.5372,0.0456,3.9328,-0.5106,0.0362,0.1768,9.4947,2667,0,0.15370659276867144,0.0,0.02255577618942996
0.0412,0.1761,9.8976,3.6954,-3.0708,2.505,0.0977,0.1938,9.9226,2668,0,0.15370659276867144,0.0,0.012055108632687637
-0.1188,0.1702,9.8268,-1.4686,-1.2995,-1.8795,-0.2379,0.2334,9.8451,2669,0,0.15370659276867144,0.0,0.01821216794764169
-0.1006,-0.507,9.8552,-3.8194,-4.5677,-1.6181,-0.0906,-0.5939,9.7332,2670,0,0.15360476376730087,0.0,0.0025557761894299596
-0.0837,0.2179,9.599,1.0138,5.7214,-1.8,-0.0683,0.2399,9.5517,2671,0,0.15370659276867144,0.0,0.022055108632687635
0.165,0.1151,9.977,-3.2233,5.5609,7.5826,0.1949,0.139,9.9856,2672,0,0.15086976973476188,0.0,0.03207253023547509
-0.2384,-0.373,10.2376,1.4822,-3.6318,-0.0821,-0.2027,-0.3399,10.2222,2673,0,0.1526504524297057,0.0,0.06349265855752996
0.2198,0.1903,9.9489,-3.0306,0.4321,6.3826,0.2129,0.0922,9.9537,2674,0,0.15314501477372658,0.0,0.06281053031742082
0.167,0.3812,9.8545,3.0444,-6.2306,1.6969,0.1343,0.3449,9.9289,2675,0,0.15370659276867144,0.0,0.04287158037847087
-0.1027,-0.3605,9.889,0.283,-2.2569,3.4789,-0.0766,-0.316,9.9034,2676,0,0.15370659276867144,0.0,0.015001619768210073
0.2553,0.3994,9.8753,2.6007,-4.3579,-0.8059,0.3028,0.4281,9.8812,2677,0,0.15370659276867144,0.0,0.037476824966568484
-0.4004,-0.4476,9.8596,0.5306,0.2307,-6.3431,-0.39,-0.3973,9.8675,2678,0,0.15370659276867144,0.0,0.04335917790774495
0.0553,-0.1347,9.8628,1.5789,1.2812,-4.3162,0.0541,-0.2194,9.805,2679,0,0.15370659276867144,0.0,0.038101824966568484
0.0765,0.2406,9.6234,-0.2175,-1.6401,3.2389,0.0374,0.1726,9.6305,2680,0,0.15370659276867144,0.0,0.038348373290039886
-0.2804,0.397,9.6884,-0.1547,3.3164,-5.2902,-0.3289,0.4398,9.608,2681,0,0.15370659276867144,0.0,0.03705740499888516
0.1024,-0.0424,9.6032,5.2234,3.9451,-4.58,0.1003,0.0516,9.5598,2682,0,0.15370659276867144,0.0,0.057303953322356556
0.0199,-0.2319,9.9194,1.87,4.5371,0.218,0.0422,-0.2448,9.8448,2683,0,0.15370659276867144,0.0,0.05063977125119774
0.1185,-0.0818,10.0301,-6.5775,4.884,-0.8773,0.1502,-0.009,9.9947,2684,0,0.15370659276867144,0.0,0.05119532680675331
-0.1803,-0.0665,9.7817,-2.0282,0.2433,0.6825,-0.1877,-0.0642,9.7751,2685,0,0.15370659276867144,0.0,0.06682484685935028
0.2974,-0.0417,9.7067,-3.1357,-2.6069,-5.5069,0.3714,-0.0504,9.7415,2686,0,0.15370659276867144,0.0,0.07932484685935028
0.0046,0.5926,9.9827,3.3402,-5.6511,-5.4436,-0.0172,0.6222,9.9809,2687,0,0.15318370441863025,0.0,0.05661208090190347
-0.2994,-0.1014,9.5531,-5.8043,-2.5371,4.7532,-0.3374,-0.1581,9.4733,2688,0,0.15370659276867144,0.0,0.07942703412382647
0.3421,0.1313,9.7265,6.5029,7.3375,0.0178,0.3285,0.1281,9.6661,2689,0,0.14134265703214582,0.0,0.07748349893561043
-0.1361,-0.1723,9.73,1.4728,5.0334,2.6182,-0.1597,-0.1238,9.8184,2690,0,0.15370659276867144,0.0,0.06998349893561043
-0.5155,-0.1227,9.819,-5.2774,1.9783,4.6253,-0.4983,-0.1186,9.7887,2691,0,0.15370659276867144,0.0,0.06748349893561043
0.1711,0.2324,9.9145,-4.2261,-1.7663,-5.7865,0.2593,0.1936,9.8777,2692,0,0.15370659276867144,0.0,0.048039054491165994
0.3442,-0.2494,9.8976,3.7192,1.2112,1.813,0.4033,-0.2802,9.8609,2693,0,0.15370659276867144,0.0,0.048039054491165994
-0.2314,0.0943,9.9338,-2.503,2.1006,4.1396,-0.2905,0.1216,9.8629,2694,0,0.15370659276867144,0.0,0.03820665225652912
0.2644,-0.3602,9.8107,-1.2604,0.8637,0.9621,0.3469,-0.3049,9.8025,2695,0,0.15370659276867144,0.0,0.03726982372193522
0.3206,-0.4804,9.708,-1.7581,2.8629,2.2482,0.3735,-0.5251,9.7378,2696,0,0.15370659276867144,0.0,0.027428553880665382
-0.354,-0.1755,9.5995,5.2369,-1.1334,0.4223,-0.3352,-0.1674,9.608,2697,0,0.15370659276867144,0.0,0.01742855388066538
0.039,-0.3702,10.183,0.2871,-0.6632,-1.4523,0.0376,-0.3981,10.0769,2698,0,0.15370659276867144,0.0,0.022914023405919366
0.037,-0.2308,10.045,1.6602,-1.0825,-4.716,0.0208,-0.248,10.1368,2699,0,0.15370659276867144,0.0,0.037657201707078564
-0.2868,-0.6474,9.8489,3.9034,6.5586,-1.5141,-0.3973,-0.6524,9.7945,2700,0,0.1524267733211543,0.0,0.057437421487298336
0.0114,0.0866,9.9749,-0.537,0.3333,-1.0654,-0.0025,0.1169,9.8912,2701,0,0.15370659276867144,0.0,0.0627552932471892
-0.225,-0.3173,9.7389,0.0489,4.2598,-0.6403,-0.2393,-0.3884,9.749,2702,0,0.15370659276867144,0.0,0.06291402340591937
0.1153,-0.3818,9.9957,-4.7446,2.2874,-2.7655,0.1553,-0.3243,9.9694,2703,0,0.15370659276867144,0.0,0.0627552932471892
-0.2378,0.6285,9.4481,5.6453,2.0095,1.1289,-0.1739,0.6592,9.4586,2704,0,0.15309497375261916,0.0,0.03315217666311169
0.0392,-0.2369,9.9918,1.0359,-0.5406,0.5301,0.0203,-0.3137,9.9563,2705,0,0.15370659276867144,0.0,0.02847004842300255
0.1401,-0.4809,9.9978,-2.0789,-4.2621,-0.6971,0.158,-0.4895,10.0736,2706,0,0.15370659276867144,0.0,0.04315217666311169
0.2284,0.1371,9.8984,2.6523,5.2599,1.6566,0.3059,0.1097,9.9275,2707,0,0.15370659276867144,0.0,0.023613937124872152
-0.2764,0.1696,10.1194,-4.6496,-2.7238,1.9943,-0.2747,0.1845,10.1717,2708,0,0.15370659276867144,0.0,0.023613937124872152
0.0479,-0.2077,9.4777,-2.7823,1.1322,3.0796,0.1239,-0.2517,9.4842,2709,0,0.15370659276867144,0.0,0.023613937124872152
-0.0657,-0.2952,9.9308,3.4281,-2.2772,-1.7383,-0.0526,-0.305,9.9318,2710,0,0.15370659276867144,0.0,0.023613937124872152
-0.0988,-0.1112,9.6198,1.7758,0.6964,1.4264,-0.0559,-0.125,9.6014,2711,0,0.15370659276867144,0.0,0.04847004842300255
0.0316,-0.3669,9.692,-2.8182,-1.7047,5.4075,-0.0619,-0.5756,9.7323,2712,0,0.15360476376730087,0.0,0.04847004842300255
-0.0369,-0.0417,9.7175,0.6422,-2.3547,1.2728,-0.0999,-0.0636,9.7016,2713,0,0.15370659276867144,0.0,0.0335915135589096
-0.3512,0.3055,9.828,-1.1422,7.5433,-2.659,-0.347,0.3422,9.751,2714,0,0.14698742964705822,0.0,0.03890938531880046
0.229,0.2277,10.1543,-0.3815,-0.6654,1.6051,0.1795,0.1751,10.2297,2715,0,0.1526504524297057,0.0,0.004572262881011724
-0.131,0.4489,10.0664,2.1477,1.3879,-0.6061,-0.1728,0.4599,10.1004,2716,0,0.15370659276867144,0.0,0.023392690386557197
-0.3443,-0.2217,9.8891,-0.2848,2.9885,-3.2173,-0.3335,-0.2754,9.9305,2717,0,0.15370659276867144,0.0,0.024518518201126733
0.3716,-0.0024,9.9234,1.233,1.6817,6.9747,0.4323,0.097,9.9593,2718,0,0.15314501477372658,0.0,0.014404665115648594
0.0525,-0.2398,9.7707,3.8949,-3.1841,-0.4208,0.0343,-0.226,9.8029,2719,0,0.15370659276867144,0.0,0.015698090695581257
-0.037,0.1334,9.8518,1.7334,-1.6322,5.6721,-0.0152,0.0166,9.876,2720,0,0.15370659276867144,0.0,0.014572262881011721
0.1379,0.132,9.8148,-3.0853,-0.2697,-5.8041,0.1382,0.1542,9.8362,2721,0,0.15370659276867144,0.0,0.014572262881011721
0.0385,-0.1157,9.9196,-6.7791,-0.8638,-2.3614,0.0664,-0.0644,9.9733,2722,0,0.15370659276867144,0.0,0.01384055556393855
0.2218,0.5813,9.9776,5.6907,0.4529,-4.4659,0.218,0.5939,10.0441,2723,0,0.15318370441863025,0.0,0.013528975796053569
-0.2138,0.3174,9.8685,0.5087,-4.8443,-4.5412,-0.1906,0.272,9.7957,2724,0,0.15370659276867144,0.0,0.013444644248073304
-0.0351,-0.0427,9.6887,3.1811,-3.6898,5.0768,0.0203,-0.0543,9.6934,2725,0,0.15370659276867144,0.0,0.03231881643350377
-0.0078,-0.0645,10.2349,5.1584,2.1022,2.3838,-0.0142,-0.1157,10.2071,2726,0,0.15262407051682947,0.0,0.02231881643350377
0.2268,-0.0604,10.2061,0.2311,3.8195,0.0618,0.144,-0.0695,10.2823,2727,0,0.14799027000649834,0.0,0.022834531351609125
0.4573,0.0915,10.0241,-0.8421,4.2672,3.387,0.4647,0.1315,10.0718,2728,0,0.15370659276867144,0.0,0.014084531351609126
-0.0327,0.3301,9.8012,0.3426,2.4464,-5.8854,0.0124,0.2688,9.8447,2729,0,0.15370659276867144,0.0,0.014084531351609126
-0.5381,-0.4867,10.0436,-1.0869,-0.305,2.0712,-0.4471,-0.4578,10.0548,2730,0,0.15370659276867144,0.0,0.01352897579605357
-0.3776,0.5749,9.8943,-4.2636,-3.7295,1.1838,-0.3563,0.6688,9.8757,2731,0,0.15309497375261916,0.0,0.018422957798575425
0.2152,-0.3168,9.6999,3.5862,-3.1628,-1.1837,0.2537,-0.3468,9.7806,2732,0,0.15370659276867144,0.0,0.013105086038684566
0.2288,-0.3903,9.7995,-5.8306,4.0138,-3.2161,0.302,-0.3857,9.7889,2733,0,0.15370659276867144,0.0,0.01954878561314496
-0.0291,0.3669,9.8892,1.4116,-0.952,0.4883,-0.0596,0.4648,9.8189,2734,0,0.15370659276867144,0.0,0.01479878561314496
0.0114,0.2487,9.7601,2.2183,-6.9644,2.7245,0.0568,0.1888,9.7572,2735,0,0.15371468931029958,0.0,0.03722288917598148
0.3059,-0.2262,10.0356,-3.0523,0.7472,4.4125,0.2859,-0.1405,10.0342,2736,0,0.15370659276867144,0.0,0.027183048538531283
0.4046,0.0374,10.1002,0.5123,-1.4696,3.5152,0.4616,0.0186,10.1959,2737,0,0.15332031675608063,0.0,0.005785481593526964
0.444,-0.2247,9.7421,-2.3961,-0.1052,-0.8136,0.3978,-0.2329,9.7155,2738,0,0.15370659276867144,0.0,0.015825322230977164
0.0939,0.1242,9.5982,-3.4904,-0.1902,3.9094,0.0769,0.0964,9.5924,2739,0,0.15370659276867144,0.0,0.005825322230977164
-0.2132,0.667,10.0141,0.8287,4.1678,1.2261,-0.2317,0.7457,9.8853,2740,0,0.14850192129373632,0.0,0.02638327828565584
-0.003,-0.2068,9.8731,-0.2404,1.9645,1.4631,-0.0073,-0.149,9.906,2741,0,0.15370659276867144,0.0,0.02638327828565584
-0.0386,-0.7899,9.636,3.2034,0.8731,-2.9926,-0.0803,-0.8316,9.6972,2742,0,0.12948054201169282,0.0,0.03526286535904902
0.5439,0.0568,9.7029,-1.6107,-0.7076,6.445,0.5684,0.002,9.6613,2743,0,0.15305722179297787,0.0,0.03320902309413496
0.0656,-0.3855,9.9674,1.1012,-3.3809,-5.0952,-0.0445,-0.3793,9.9593,2744,0,0.15370659276867144,0.0,0.025262865359049015
0.2605,0.2381,9.8646,-5.5302,-1.9847,4.2949,0.2434,0.2785,9.8863,2745,0,0.15370659276867144,0.0,0.025262865359049015
0.6625,-0.0886,9.7321,2.377,0.4179,-2.1623,0.6148,-0.0906,9.7625,2746,0,0.15533301384351667,0.0,0.022937283963700178
0.18,0.2198,9.8684,-0.1608,2.0391,-2.569,0.2337,0.2936,9.908,2747,0,0.15370659276867144,0.0,0.022937283963700178
-0.0095,-0.6081,9.7284,-0.9566,-1.684,-0.1997,0.0183,-0.6411,9.7647,2748,0,0.15199271031478814,0.0,0.04320902309413496
0.0198,-0.1719,9.8829,0.0048,-0.6684,1.4873,0.0303,-0.2179,9.9484,2749,0,0.15370659276867144,0.0,0.02320902309413496
-0.1558,0.4705,9.8582,-1.1361,0.837,-1.1288,-0.1543,0.5004,9.7741,2750,0,0.15370659276867144,0.0,0.03430351104358329
-0.3968,0.143,9.7979,-3.0456,-0.2422,0.4329,-0.3795,0.2396,9.7708,2751,0,0.15370659276867144,0.0,0.042628573215803905
0.3074,-0.2454,9.5317,2.201,0.1308,3.2713,0.2677,-0.2741,9.3858,2752,0,0.14198315669691972,0.0,0.04027563203933331
0.0696,-0.0484,9.7676,-5.1484,-3.9889,-0.7175,0.0511,-0.0375,9.819,2753,0,0.15370659276867144,0.0,0.04075755975017669
-0.3754,0.1525,9.6384,2.4417,-1.1055,2.3868,-0.4574,0.1584,9.6669,2754,0,0.15370659276867144,0.0,0.03510643075161249
-0.3071,0.2251,10.0362,-0.6972,4.0763,0.8088,-0.2224,0.2412,9.987,2755,0,0.15370659276867144,0.0,0.04085608191766438
0.3442,-0.4548,9.8731,-1.5648,-4.4644,4.7529,0.4584,-0.4653,9.8248,2756,0,0.15370659276867144,0.0,0.041840930402512855
-0.2042,-0.1018,9.5056,0.1656,-3.1045,-3.0415,-0.1274,-0.0928,9.502,2757,0,0.15370659276867144,0.0,0.042545327943054365
0.0179,0.4255,9.5786,2.9044,1.1765,-2.4138,0.0228,0.3959,9.5616,2758,0,0.15370659276867144,0.0,0.053738338059990384
0.277,0.8649,9.7007,-4.4458,-0.5409,-1.8021,0.2267,0.8763,9.709,2759,0,0.09289019348731933,0.0,0.02545609482063676
0.086,0.2076,9.8586,4.2505,0.9632,4.6813,0.0451,0.1722,9.823,2760,0,0.15370659276867144,0.0,0.03426308470370074
0.3696,-0.3612,9.9897,-1.9562,0.7095,-2.3028,0.3521,-0.3596,9.9696,2761,0,0.15370659276867144,0.0,0.04026308470370074
0.154,-0.1574,9.9332,4.818,3.3811,5.7079,0.1648,-0.0424,9.9448,2762,0,0.15370659276867144,0.0,0.056122375334352465
-0.5024,0.224,9.7488,-2.2507,-5.2127,4.6097,-0.566,0.2141,9.7482,2763,0,0.15370659276867144,0.0,0.04100936636264785
0.5552,-0.0701,9.5147,1.0124,0.444,3.119,0.5924,-0.0855,9.5959,2764,0,0.15488821094857297,0.0,0.031029586142867625
0.2211,0.5665,10.0719,4.1159,0.5797,2.6201,0.1802,0.564,10.0064,2765,0,0.15355074445237718,0.0,0.03338252731933822
-0.2361,0.2807,9.8215,-1.4594,1.2425,1.1673,-0.2044,0.156,9.8747,2766,0,0.15370659276867144,0.0,0.04338252731933822
-0.0662,-0.0785,9.3814,5.0475,-0.9631,3.7756,0.0077,-0.1451,9.3169,2767,0,0.14198631238576642,0.0,0.03644600074258531
0.0696,-0.64,10.2226,-6.122,-2.9258,-3.4754,0.05,-0.5974,10.2244,2768,0,0.15253609671484253,0.0,0.03228879285890797
0.3609,0.0264,9.8243,0.4107,0.2839,-1.4042,0.3689,-0.0756,9.8615,2769,0,0.15370659276867144,0.0,0.03674903104561561
-0.0442,0.1846,9.9319,2.5281,0.6547,-1.0296,-0.0737,0.2124,9.9701,2770,0,0.15370659276867144,0.0,0.03674903104561561
0.2517,0.1416,10.0651,-4.9611,2.8128,-2.6447,0.251,0.2161,10.0661,2771,0,0.15370659276867144,0.0,0.04246082642190681
0.0453,-0.0082,10.0511,-1.216,-1.6273,-0.3157,0.1516,-0.0446,10.1568,2772,0,0.15370659276867144,0.0,0.04148587315087877
-0.0668,-0.2151,9.5522,4.9967,-4.0848,-2.4251,-0.0798,-0.2809,9.6248,2773,0,0.15370659276867144,0.0,0.02274534284784847
0.182,-0.2284,9.952,0.4491,-1.4614,0.8171,0.2083,-0.1854,10.0132,2774,0,0.15370659276867144,0.0,0.029201510859521322
-0.1819,0.1153,9.9031,6.6935,4.5567,1.3972,-0.1153,0.109,9.8457,2775,0,0.15242389511884455,0.0,0.026081210107641625
-0.0944,0.2461,9.993,-3.8518,1.6719,-1.014,-0.1699,0.1538,9.9472,2776,0,0.15370659276867144,0.0,0.026081210107641625
0.1617,-0.3701,9.642,-3.8324,-3.4056,-7.6207,0.1609,-0.3523,9.6135,2777,0,0.15152296743303956,0.0,0.020218925453010024
0.0441,0.0585,10.1469,3.4895,-0.5937,1.2366,0.1292,-0.0834,10.1085,2778,0,0.15370659276867144,0.0,0.016030426396737157
0.0703,0.0478,9.2829,0.5167,2.1862,-1.5782,0.0335,0.0479,9.2893,2779,0,0.14190300212122856,0.0,0.022382578114833875
0.0799,0.1695,10.2014,-1.7635,-1.2516,6.8965,0.0611,0.1466,10.1784,2780,0,0.15314501477372658,0.0,0.020063740183328328
-0.304,0.4431,9.883,3.6711,7.2023,-3.4502,-0.3289,0.4216,9.914,2781,0,0.14901751862615467,0.0,0.019338163260251402
-0.1714,-0.4408,9.9599,3.5653,1.5034,-0.328,-0.1853,-0.5515,9.9638,2782,0,0.15370659276867144,0.0,0.01966107136679174
-0.5637,-0.0391,9.6373,-1.3383,6.4667,1.5554,-0.5341,-0.0384,9.6526,2783,0,0.15370659276867144,0.0,0.01452515866837904
0.2605,0.3677,9.7292,-1.3132,0.3337,5.536,0.2138,0.4888,9.8479,2784,0,0.15370659276867144,0.0,0.02052515866837904
-0.0687,0.1551,9.8594,-0.2631,0.6748,-2.5915,-0.0768,0.1901,9.8208,2785,0,0.15370659276867144,0.0,0.007913916776310613
0.1642,-0.1619,9.7698,3.2847,3.8717,2.4801,0.0909,-0.1455,9.7548,2786,0,0.15370659276867144,0.0,0.017913916776310615
0.2166,0.0269,10.0441,1.9576,2.912,0.4484,0.1334,-0.0667,10.058,2787,0,0.15370659276867144,0.0,0.013073058377471313
-0.0673,0.646,10.148,1.8166,-2.2694,1.7196,-0.0888,0.5911,10.1211,2788,0,0.15318370441863025,0.0,0.01369614078337147
0.6068,-0.2393,9.6308,-3.2229,0.5975,-2.2289,0.6045,-0.2766,9.5721,2789,0,0.15522247095773994,0.0,0.022854870942101632
-0.4432,0.1421,9.4498,-2.598,3.9876,2.9641,-0.473,0.0607,9.454,2790,0,0.1534046229755623,0.0,0.01251556424409928
-0.7902,-0.5194,9.7405,-1.238,0.2197,1.4311,-0.7831,-0.5424,9.7766,2791,0,0.16345023295238678,0.0,0.005197565110186469
0.5768,0.0079,9.9946,-3.0146,0.5716,3.3847,0.5124,0.0224,9.9904,2792,0,0.15208732668341593,0.0,3.883495145631068e-05
-0.2233,0.2536,9.5172,3.2965,-1.7248,0.6142,-0.2489,0.2877,9.4829,2793,0,0.15370659276867144,0.0,0.0017339925422579525
-0.0292,0.2077,9.6434,-1.8125,-1.1293,-3.0719,-0.0871,0.1942,9.6589,2794,0,0.15370659276867144,0.0,0.0067339925422579515
-0.0817,0.3134,9.921,0.3921,2.0978,-0.4356,-0.0858,0.347,9.9412,2795,0,0.15370659276867144,0.0,0.008346895768064404
-0.4268,0.4276,10.0311,0.7606,3.5593,1.426,-0.383,0.4664,10.0726,2796,0,0.15370659276867144,0.0,0.003346895768064404
-0.046,0.3434,9.7561,-3.884,5.2465,2.2092,-0.0101,0.229,9.7933,2797,0,0.15370659276867144,0.0,0.0019537727620381725
0.4128,-0.1646,10.0506,1.6969,3.667,0.9844,0.4057,-0.169,10.0418,2798,0,0.15370659276867144,0.0,0.003162563970829381
0.195,0.0805,9.8662,3.5929,-0.6754,-1.285,0.1629,0.1118,9.9066,2799,0,0.15370659276867144,0.0,0.0021495346201368796
0.2308,-0.1666,9.8426,-0.2943,-12.7679,-0.6648,0.2543,-0.1957,9.8051,2800,0,0.14666985073059519,0.0,0.03125378822248435
0.0006,-0.3122,9.8814,0.6299,2.0145,-4.7167,-0.003,-0.1952,9.9696,2801,0,0.15370659276867144,0.0,0.0413529945716907
0.0154,0.0791,10.1168,2.489,-3.9324,0.0154,0.0506,0.02,10.0476,2802,0,0.15370659276867144,0.0,0.0413529945716907
-0.3305,-0.578,9.9408,0.77,-2.0615,2.5176,-0.1893,-0.5062,9.9572,2803,0,0.15370659276867144,0.0,0.05125378822248435
-0.0924,-0.7804,9.8089,0.9665,2.2625,-1.4405,-0.079,-0.765,9.8596,2804,0,0.14837303936762714,0.0,0.0314382627313878
0.1942,0.4266,9.842,-0.024,-5.6951,-6.6366,0.1324,0.4269,9.7718,2805,0,0.1532405209942328,0.0,0.0314382627313878
-0.1349,0.287,9.9013,1.2979,1.3928,0.5162,-0.1534,0.3557,9.9289,2806,0,0.15370659276867144,0.0,0.0414382627313878
0.1563,-0.2727,9.9496,-0.9039,4.125,1.1167,0.1375,-0.2251,9.969,2807,0,0.15370659276867144,0.0,0.04022330946035976
0.2776,-0.5379,9.8744,3.0901,-4.7034,-1.1879,0.2176,-0.5046,9.8234,2808,0,0.15370659276867144,0.0,0.03032251580956611
0.0748,-0.2551,9.8976,4.1946,4.273,-5.9748,0.0841,-0.3637,9.9468,2809,0,0.15370659276867144,0.0,0.03032251580956611
-0.1189,0.0762,9.4868,1.0836,-0.3152,-3.9299,-0.1722,0.0854,9.5329,2810,0,0.15370659276867144,0.0,0.03032251580956611
0.0901,0.1521,9.7543,8.0097,-4.6786,-1.1971,0.0703,0.0941,9.853,2811,0,0.14088313823044948,0.0,0.044509800663266624
0.3865,-0.1061,9.6572,-0.4564,3.5134,0.5264,0.4124,-0.074,9.7205,2812,0,0.15370659276867144,0.0,0.03497524137347588
0.0524,-0.144,9.7316,-3.8245,-1.0344,5.396,0.0916,-0.2529,9.6588,2813,0,0.15370659276867144,0.0,0.02495424510771107
0.7138,0.0608,10.1272,-3.8384,4.6478,-0.1799,0.7427,0.1405,10.1059,2814,0,0.14815202791400445,0.0,0.04348348487379294
-0.4539,-0.0333,9.7979,-2.6179,3.7697,-6.7255,-0.5413,0.0293,9.7708,2815,0,0.1532405209942328,0.0,0.04348348487379295
0.4265,0.63,9.9807,-0.4802,-3.2751,3.6582,0.384,0.7209,9.9932,2816,0,0.14714399758319674,0.0,0.043001557162949566
-0.593,0.0328,9.8656,-0.2876,-0.9497,6.9528,-0.6763,0.078,9.8259,2817,0,0.15274236917254366,0.0,0.050099206349206345
-0.2665,0.1436,10.007,2.1296,-8.186,-3.8826,-0.2805,0.1961,10.0456,2818,0,0.14981546126865944,0.0,0.050138041300662656
-0.0122,-0.1716,9.8656,-1.9345,-2.2136,-1.8702,-0.0106,-0.2319,9.9422,2819,0,0.15370659276867144,0.0,0.06061996901150603
0.0609,-0.7891,9.6466,2.1339,2.6626,-1.9929,0.1157,-0.7361,9.5883,2820,0,0.14898575829950442,0.0,0.050138041300662656
-0.2621,-0.5267,10.1135,4.7031,2.1563,-1.8174,-0.3205,-0.4369,10.203,2821,0,0.15262407051682947,0.0,0.06013804130066266
0.1323,0.0123,9.4751,0.0476,0.8966,-2.6551,0.139,0.0972,9.5131,2822,0,0.15370659276867144,0.0,0.05098620337250894
0.255,-0.1593,9.9472,-4.4823,1.477,0.6755,0.2861,-0.1956,9.8798,2823,0,0.15370659276867144,0.0,0.060038834951456316
0.1881,0.2886,9.9568,-1.1332,0.1751,-2.7255,0.1808,0.2745,9.981,2824,0,0.15370659276867144,0.0,0.050038834951456314
-0.4778,0.6771,9.7644,-1.1988,1.2555,-1.4435,-0.5434,0.6871,9.7587,2825,0,0.15361001287653842,0.0,0.030038834951456313
0.1933,0.192,9.9022,3.2435,-0.6198,-0.4881,0.3069,0.1415,9.9157,2826,0,0.15370659276867144,0.0,0.030038834951456313
-0.0602,0.1968,9.7299,0.2516,-1.0605,-3.8843,-0.0264,0.1679,9.7051,2827,0,0.15370659276867144,0.0,0.02003883495145631
0.1263,-0.6432,10.0985,0.1644,-0.9188,-1.9206,0.0585,-0.6318,10.1149,2828,0,0.15388704993742966,0.0,0.020341865254486616
0.2269,0.4028,10.3816,-1.5726,-4.0997,-0.7815,0.1954,0.4173,10.4106,2829,0,0.10716315324006478,0.0,0.03128923367553924
-0.2563,0.0863,9.84,-3.5123,-2.3891,2.8299,-0.2238,0.0645,9.7465,2830,0,0.15370659276867144,0.0,0.03128923367553924
0.004,0.0702,9.947,3.1153,-0.263,2.2961,0.0515,0.1377,9.9432,2831,0,0.15370659276867144,0.0,0.03308918020866023
0.0421,0.6303,9.8607,-7.7985,4.5443,-1.8822,0.0351,0.7008,9.8656,2832,0,0.13986281692191566,0.0,0.041289233675539244
-0.1732,-0.0187,9.6804,0.7168,2.2853,3.1241,-0.0858,0.0121,9.664,2833,0,0.15370659276867144,0.0,0.051289233675539246
0.1335,-0.2159,9.3879,5.9518,0.8828,1.0,0.0835,-0.1546,9.3717,2834,0,0.14872519731751727,0.0,0.06128923367553925
0.4287,0.4037,9.777,-1.0943,2.0228,-2.6945,0.4507,0.3913,9.8107,2835,0,0.15370659276867144,0.0,0.06128923367553925
-0.299,0.0909,9.6544,3.0058,2.9107,1.0291,-0.2843,0.0808,9.6277,2836,0,0.15370659276867144,0.0,0.041289233675539244
0.0029,-0.0793,10.2755,-4.6604,-1.8323,6.5572,0.0735,-0.0119,10.2447,2837,0,0.1519684091880991,0.0,0.041289233675539244
0.426,-0.32,9.8895,4.6662,0.6416,0.3815,0.4039,-0.4176,9.8862,2838,0,0.15370659276867144,0.0,0.04098620337250894
-0.1442,0.4442,9.6985,-1.9194,-3.8351,-1.2136,-0.1074,0.5044,9.6613,2839,0,0.15370659276867144,0.0,0.051289233675539246
-0.4903,0.3443,10.0439,-2.0718,-2.8346,1.8407,-0.491,0.3602,10.1327,2840,0,0.15370659276867144,0.0,0.05138844002474559
0.0695,0.6174,9.9994,-1.4871,-9.9987,-1.4591,0.0723,0.5914,9.9854,2841,0,0.14538587033814962,0.0,0.0736002708448202
0.0443,0.1162,9.7541,-1.8961,3.3615,0.6544,0.1607,0.0952,9.8054,2842,0,0.15370659276867144,0.0,0.07672877194819823
0.2437,0.3504,9.9975,0.1404,2.2689,7.4954,0.2058,0.2781,9.9911,2843,0,0.15202204242360534,0.0,0.07672877194819823
0.1749,-0.4704,10.0782,-7.8223,6.0096,-2.3754,0.1163,-0.4893,10.1097,2844,0,0.1494167505885858,0.0,0.055925852240169036
0.1546,-0.3028,9.9047,-1.9758,-4.1986,4.4714,0.1363,-0.2473,9.8804,2845,0,0.15370659276867144,0.0,0.04672877194819823
0.5401,0.1068,9.8355,4.5269,-2.6019,-0.5356,0.5078,0.157,9.8301,2846,0,0.15370659276867144,0.0,0.05118901013490587
0.5198,-0.1286,9.7806,-1.8439,-3.4758,0.0228,0.5086,-0.1333,9.8402,2847,0,0.15370659276867144,0.0,0.0860947364527091
-0.0651,0.0831,9.6608,-3.8734,5.4877,-0.4264,-0.1231,0.1073,9.73,2848,0,0.15370659276867144,0.0,0.05615442366874047
0.0896,-0.1346,9.7156,2.492,0.226,-1.6648,0.1549,-0.0873,9.7925,2849,0,0.15370659276867144,0.0,0.05615442366874047
0.1982,0.3372,9.9626,1.3315,0.5322,-1.0845,0.2075,0.276,9.882,2850,0,0.15370659276867144,0.0,0.02118901013490587
-0.1348,-0.0771,9.5097,4.4135,-6.6836,-1.9891,-0.089,-0.1161,9.5324,2851,0,0.15370659276867144,0.0,0.006866448985196151
-0.4375,-0.1627,9.7021,-3.518,-2.4483,2.2177,-0.3493,-0.3025,9.7631,2852,0,0.15370659276867144,0.0,0.006866448985196151
-0.0123,0.1024,9.8534,-7.8248,-0.2128,2.209,0.0474,0.1416,9.8725,2853,0,0.14999286052516086,0.0,0.016563418682165848
0.1356,-0.4255,9.9784,1.6872,1.3493,-3.0336,0.1547,-0.4294,9.9391,2854,0,0.15370659276867144,0.0,0.026603259319616046
-0.9045,0.2683,9.7984,0.7037,-7.5889,2.956,-0.8991,0.2339,9.7664,2855,0,0.14224831895180154,0.0,0.021353821787736912
0.3475,0.1645,9.773,-0.2237,-0.36,-1.9183,0.4191,0.0892,9.8317,2856,0,0.15370659276867144,0.0,0.021254615438530567
-0.492,-0.0745,10.0196,-0.327,-1.781,-3.1401,-0.5583,-0.0563,10.0735,2857,0,0.15370659276867144,0.0,0.021254615438530567
-0.1452,-0.0832,9.5596,-0.7449,1.4333,6.7171,-0.232,-0.2565,9.5007,2858,0,0.15314501477372658,0.0,0.02030724701747794
-0.0789,-0.1297,9.9752,0.0244,-5.1842,4.7572,-0.0312,-0.1781,9.979,2859,0,0.15370659276867144,0.0,0.030307247017477938
0.1309,0.2903,9.839,0.5836,0.8681,0.2544,0.0967,0.2273,9.8373,2860,0,0.15370659276867144,0.0,0.03987246440878229
-0.4619,0.4772,9.7217,0.0948,1.0225,0.2514,-0.5977,0.4625,9.6764,2861,0,0.15370659276867144,0.0,0.019872464408782285
0.0539,-0.1739,9.5533,-2.3606,3.3171,0.9677,0.0175,-0.0894,9.5085,2862,0,0.15370659276867144,0.0,0.010307247017477938
-0.0562,-0.4351,9.6397,-0.7491,-3.2431,7.9357,-0.1243,-0.5232,9.6227,2863,0,0.14841729206857712,0.0,0.04030724701747794
-0.1911,0.5759,9.8636,-4.9899,3.5137,-1.5271,-0.1227,0.6087,9.8867,2864,0,0.15318370441863025,0.0,0.029872464408782287
-0.4705,-0.0044,10.0227,4.2523,-3.1234,-2.0778,-0.4725,-0.0367,10.0289,2865,0,0.15370659276867144,0.0,0.0698724644087823
-0.2622,-0.2536,9.6835,-3.0634,0.9635,2.109,-0.3222,-0.244,9.6861,2866,0,0.15370659276867144,0.0,0.060406453366684286
0.144,-0.2086,9.4491,-0.4355,7.5066,1.9313,0.1683,-0.1798,9.4866,2867,0,0.14658479154438692,0.0,0.06616042162065254
0.031,0.3509,9.6272,-1.4454,6.5899,-2.8228,0.053,0.3061,9.6098,2868,0,0.15370659276867144,0.0,0.06606121527144619
-0.5055,-0.2308,9.7279,5.0855,-8.5393,0.966,-0.4834,-0.2408,9.6641,2869,0,0.14981546126865944,0.0,0.046061215271446194
-0.0405,0.1132,9.8555,-1.8001,1.5947,2.9793,0.0458,0.198,9.8099,2870,0,0.15370659276867144,0.0,0.06606121527144619
0.343,-0.0891,9.8094,2.0216,3.6092,-0.9656,0.3891,-0.0888,9.7297,2871,0,0.15370659276867144,0.0,0.04622881303680933
-0.1505,-0.0601,9.9551,2.7489,3.0997,2.9883,-0.1605,-0.0604,9.8692,2872,0,0.15370659276867144,0.0,0.046160421620652536
-0.3969,0.6046,9.6885,-2.9551,0.3603,3.9318,-0.4147,0.6877,9.687,2873,0,0.1504290645049972,0.0,0.03606121527144619
0.2494,0.5008,9.225,1.6813,-3.9011,-0.5128,0.2522,0.4892,9.1871,2874,0,0.10276221333211771,0.0,0.03745010416033508
0.3124,0.0071,10.0807,-4.0936,7.4946,-3.4785,0.3555,0.021,10.0382,2875,0,0.1434774290164339,0.0,0.04679292258851936
-0.0029,0.8231,9.7424,1.4933,-2.5209,4.6634,0.0127,0.8604,9.6825,2876,0,0.10970332510980672,0.0,0.03232391510928096
-0.0804,0.4084,9.9164,-1.3965,-8.7912,-2.6102,-0.105,0.3532,9.8771,2877,0,0.14981546126865944,0.0,0.056133438918804776
0.21,0.142,9.8375,-1.1696,-3.7165,0.9679,0.2243,0.138,9.8707,2878,0,0.15370659276867144,0.0,0.022423121458487308
-0.3986,-0.0238,9.914,1.5534,-2.3742,-3.3069,-0.4015,-0.0608,9.8899,2879,0,0.15370659276867144,0.0,0.03242312145848731
0.1579,0.0838,10.1677,0.214,-0.7749,0.6299,0.2114,0.0665,10.1399,2880,0,0.15370659276867144,0.0,0.03973357636670758
-0.1672,0.2395,9.9248,0.2143,2.0821,-2.2804,-0.1676,0.2663,9.9233,2881,0,0.15370659276867144,0.0,0.038408774954527526
0.657,-0.3036,9.8493,-5.3206,-1.4537,-0.6464,0.6927,-0.2954,9.8489,2882,0,0.15025935550846803,0.0,0.037577861288248006
-0.3837,0.8181,9.9462,2.1543,-1.0928,-1.1651,-0.4277,0.835,9.9518,2883,0,0.12387831060648395,0.0,0.042419787332408684
0.1347,0.097,10.0753,1.8642,2.8795,-0.4173,0.2296,0.1205,10.0715,2884,0,0.15370659276867144,0.0,0.03741026352288488
-0.2175,0.1989,9.3894,0.7165,0.1488,3.6685,-0.2003,0.1774,9.3066,2885,0,0.1393523318770893,0.0,0.042419787332408684
-0.0354,0.1128,9.9789,-0.1435,-0.5528,-3.2791,-0.0796,0.0247,9.9792,2886,0,0.15370659276867144,0.0,0.042419787332408684
0.2507,-0.1879,9.849,-0.0234,4.1765,-4.1967,0.2904,-0.1871,9.8669,2887,0,0.15370659276867144,0.0,0.03241978733240869
0.4492,-0.423,9.7144,1.8604,-4.1747,0.8817,0.3762,-0.3494,9.7806,2888,0,0.15370659276867144,0.0,0.042632640718339
-0.0016,-0.1481,9.7121,-2.5623,2.3163,-2.5166,-0.034,-0.1327,9.7213,2889,0,0.15370659276867144,0.0,0.042632640718339
-0.0915,0.4057,9.5902,-2.8461,2.6691,-1.3444,-0.0477,0.3616,9.5886,2890,0,0.15370659276867144,0.0,0.064232640718339
-0.0192,-0.2993,10.1599,-1.7633,1.5737,1.0895,0.0532,-0.2176,10.1708,2891,0,0.15370659276867144,0.0,0.025657381340844988
-0.3726,0.5252,9.6962,-2.9118,-2.9408,2.8138,-0.3836,0.5108,9.6596,2892,0,0.15355074445237718,0.0,0.015657381340844986
-0.4318,0.0762,9.4604,-0.0371,1.3634,6.214,-0.4661,0.0948,9.4491,2893,0,0.15284304498061743,0.0,0.006689783575481858
-0.0942,-0.3192,9.8603,-3.7715,4.9899,-7.2843,-0.0565,-0.3407,9.7793,2894,0,0.15152296743303956,0.0,0.01535089468659297
0.0289,0.2635,9.8097,3.1091,-0.0686,4.1147,0.1325,0.3127,9.8583,2895,0,0.15370659276867144,0.0,0.005350894686592968
-0.3842,0.6847,9.9801,-1.2198,7.5583,0.5079,-0.4207,0.6221,9.9246,2896,0,0.1444987346722218,0.0,0.01535089468659297
-0.0369,-0.1832,9.5757,3.2138,-2.7875,-0.8067,-0.0493,-0.1832,9.6912,2897,0,0.15370659276867144,0.0,0.01535089468659297
0.3073,-0.0721,9.7171,2.0924,3.6381,4.8553,0.3608,0.0316,9.7105,2898,0,0.15370659276867144,0.0,0.01025168833738662
0.2272,0.0751,9.9558,-3.0093,3.8021,-2.0112,0.2346,0.1866,9.9411,2899,0,0.15370659276867144,0.0,0.01011279944849773
0.3769,-0.1493,9.7528,1.1386,7.2164,0.6441,0.3334,-0.175,9.6656,2900,0,0.14747177962875455,0.0,0.01011279944849773
0.4167,-0.3568,9.612,-3.6678,3.309,0.4801,0.4952,-0.4551,9.5819,2901,0,0.15370659276867144,0.0,0.00011279944849773078
-0.1452,-0.0541,9.4959,-1.1409,3.0119,0.2705,-0.1012,-0.1207,9.4836,2902,0,0.15370659276867144,0.0,0.012682359651055774
0.232,-0.2545,9.9946,-4.173,1.5013,-1.4668,0.146,-0.2734,10.0924,2903,0,0.15370659276867144,0.0,0.017920454889151016
0.2638,0.3249,10.2334,4.0588,1.7319,-0.4644,0.3056,0.2938,10.2426,2904,0,0.1526504524297057,0.0,0.022682359651055774
0.6622,0.3076,9.8252,-0.5624,-5.9631,-3.5603,0.6387,0.3164,9.7592,2905,0,0.15544039523974817,0.0,0.02774327030408862
-0.1026,0.2481,9.813,-1.4269,-1.0301,0.512,-0.1147,0.2652,9.7581,2906,0,0.15370659276867144,0.0,0.02774327030408862
-0.2701,0.056,9.9814,-5.6843,-1.3029,-1.6021,-0.2544,0.0025,9.9692,2907,0,0.15370659276867144,0.0,0.02637507027326723
0.2173,-0.1819,9.9669,0.2426,1.1156,5.0161,0.3194,-0.2239,10.0062,2908,0,0.15370659276867144,0.0,0.022505175065993383
-0.4059,-0.1998,9.4652,-2.677,-0.067,2.7993,-0.4132,-0.1338,9.46,2909,0,0.15370659276867144,0.0,0.023646163839980004
-0.0464,-0.2205,9.9077,-3.4054,3.5502,-1.5823,0.0081,-0.247,9.9244,2910,0,0.15370659276867144,0.0,0.01432829208008914
-0.036,-0.3768,9.4771,3.4421,5.448,0.2328,-0.0417,-0.3921,9.4855,2911,0,0.15370659276867144,0.0,0.014427498429295488
-0.5685,0.2432,10.0733,2.8152,-0.1587,-1.1581,-0.5898,0.143,10.0763,2912,0,0.15370659276867144,0.0,0.019566387318184376
0.1007,-0.3134,9.8661,2.0085,-5.8502,4.1208,0.1044,-0.3518,9.7731,2913,0,0.15370659276867144,0.0,0.01432829208008914
-0.0886,0.3906,9.9704,0.5338,6.1299,3.35,-0.0664,0.354,10.0212,2914,0,0.15370659276867144,0.0,0.01432829208008914
0.4164,0.5823,9.404,7.293,-3.2645,1.8495,0.4388,0.5603,9.4553,2915,0,0.1477909198773989,0.0,0.01432829208008914
-0.393,-0.532,9.6055,5.2334,-0.8539,-1.3466,-0.3525,-0.484,9.5227,2916,0,0.15370659276867144,0.0,0.013433851629573923
-0.2717,0.5567,9.8164,5.0355,-3.5066,0.1569,-0.3097,0.541,9.744,2917,0,0.15355074445237718,0.0,0.013113338809061103
0.676,0.4746,9.9132,7.6504,-0.9365,-0.4905,0.7076,0.4438,9.9199,2918,0,0.14356426644955442,0.0,0.011987797683519978
-0.4795,0.6212,9.6723,2.9134,-2.792,-4.0325,-0.5408,0.6278,9.6256,2919,0,0.15318370441863025,0.0,0.011834540978539134
0.0437,0.094,9.7496,0.7679,-1.808,-3.6646,0.0009,0.1943,9.6646,2920,0,0.15370659276867144,0.0,0.011834540978539134
0.1747,-0.2763,9.5656,-2.1369,1.9672,-1.9388,0.2242,-0.2389,9.5016,2921,0,0.15370659276867144,0.0,0.011834540978539134
-0.2317,0.1101,9.3437,-1.521,-4.0118,-0.4067,-0.2166,0.0551,9.3679,2922,0,0.14797586046288555,0.0,0.033858637364081304
0.1234,0.416,10.0413,6.3177,-4.4064,2.3492,0.1265,0.3772,10.0248,2923,0,0.1533730731004521,0.0,0.0318586373640813
-0.194,0.2515,9.7198,-0.5846,0.0655,2.1745,-0.2237,0.1997,9.7414,2924,0,0.15370659276867144,0.0,0.02194896273206367
0.1204,0.2412,9.7154,-1.3882,1.8445,0.6139,0.1261,0.2796,9.7839,2925,0,0.15370659276867144,0.0,0.011948962732063669
0.2757,-0.3294,9.8669,-0.0782,7.2305,-0.4323,0.2298,-0.3767,9.8574,2926,0,0.14914988964946574,0.0,0.03286328188490129
0.231,-0.872,10.0343,-4.1912,-0.4205,-2.8942,0.2436,-0.8477,10.062,2927,0,0.1253242893494891,0.0,0.01322652017917407
0.03,0.1749,10.1264,-0.4899,0.1276,-1.655,-0.0031,0.2065,10.2158,2928,0,0.15262407051682947,0.0,0.0246550916077455
-0.5273,0.4526,9.9247,-0.1587,2.9074,-0.5163,-0.5841,0.437,9.9288,2929,0,0.15370659276867144,0.0,0.014058076682372364
-0.0901,-0.2918,9.7599,3.2151,-3.6736,1.2151,-0.1841,-0.3272,9.8176,2930,0,0.15370659276867144,0.0,0.014058076682372364
0.1401,0.6055,9.8352,-0.1016,-1.5046,4.3307,0.1046,0.5667,9.8483,2931,0,0.15355074445237718,0.0,0.013920335323726172
-0.0042,0.4608,9.7405,2.8352,1.3451,-2.5025,0.0315,0.4613,9.7322,2932,0,0.15370659276867144,0.0,0.013323320398353038
-0.4013,-0.1485,9.7518,-3.8564,-0.447,-0.605,-0.3922,-0.2251,9.7966,2933,0,0.15370659276867144,0.0,0.013914861869976859
0.3275,0.3931,9.6437,-0.2075,1.1464,-0.0137,0.282,0.3348,9.6093,2934,0,0.15370659276867144,0.0,0.013761605164996013
-0.3025,0.0107,9.6844,2.5789,-1.2957,0.2999,-0.2917,-0.0425,9.7544,2935,0,0.15370659276867144,0.0,0.013761605164996013
-0.1122,-0.1682,9.6722,2.7274,0.5397,-2.3359,-0.2162,-0.1997,9.6617,2936,0,0.15370659276867144,0.0,0.01316459023962288
-0.0015,-0.485,10.0232,3.0587,-1.5601,5.84,0.0912,-0.4697,9.9668,2937,0,0.15370659276867144,0.0,0.012333033736424586
-0.2236,-0.2056,9.7682,2.0325,1.4982,4.9825,-0.2678,-0.2059,9.73,2938,0,0.15370659276867144,0.0,0.01316459023962288
0.1101,-0.0138,10.0227,-5.217,4.4449,-4.1114,0.0775,-0.0229,10.0178,2939,0,0.15370659276867144,0.0,0.01316459023962288
-0.161,-0.7542,10.0821,1.5895,-6.4285,5.3108,-0.2513,-0.7305,10.1276,2940,0,0.15340742907808272,0.0,0.011736018811051449
-0.3953,-0.4569,9.805,-1.5748,4.034,0.5591,-0.4109,-0.5579,9.8305,2941,0,0.15370659276867144,0.0,0.02173601881105145
0.2668,0.141,9.8382,2.9302,-1.2666,6.5598,0.2796,0.0353,9.8231,2942,0,0.15314501477372658,0.0,0.011889275516032295
0.0621,-0.0976,9.77,-0.2717,1.6826,1.2108,0.0361,-0.0902,9.8224,2943,0,0.15370659276867144,0.0,0.011889275516032295
0.0293,-0.1199,9.9643,0.0047,3.3671,2.8367,-0.0282,-0.2551,9.9539,2944,0,0.15370659276867144,0.0,0.019381528536643523
0.5605,0.0556,9.6855,4.1102,3.8956,-2.9249,0.6201,0.0114,9.7301,2945,0,0.15488821094857297,0.0,0.019381528536643523
0.1406,-0.6253,9.7207,-0.7721,-2.0503,-6.2139,0.1016,-0.5683,9.7631,2946,0,0.15359223705380823,0.0,0.012117846944603723
0.3235,0.3967,9.5918,-1.3717,-4.3396,3.6579,0.3425,0.3374,9.6464,2947,0,0.15370659276867144,0.0,0.011889275516032295
-0.3931,-0.1957,9.8445,1.9979,-1.9853,1.9223,-0.4034,-0.0777,9.7802,2948,0,0.15370659276867144,0.0,0.011889275516032295
0.7558,-0.3068,9.6706,-4.169,-1.6843,0.1942,0.7847,-0.3877,9.6267,2949,0,0.15728818662667865,0.0,0.011023993494595754
0.0252,0.0064,9.7612,-0.36,-1.65,-0.9447,0.0664,-0.014,9.7394,2950,0,0.15370659276867144,0.0,0.010985158543139443
-0.2573,-0.3747,9.8163,0.9942,1.3941,2.4537,-0.2763,-0.4802,9.9191,2951,0,0.15370659276867144,0.0,0.010985158543139443
0.4777,-0.1992,9.7052,-0.6471,2.4835,0.4332,0.4266,-0.1487,9.6653,2952,0,0.15370659276867144,0.0,0.010985158543139443
0.4023,0.0292,9.6386,-1.0789,-5.8712,0.8595,0.3759,0.0819,9.5844,2953,0,0.15370659276867144,0.0,0.011138415248120285
0.0557,0.1166,9.553,-4.0857,0.1429,-1.2934,0.0931,0.1085,9.5402,2954,0,0.15370659276867144,0.0,0.0011384152481202863
-0.3487,-0.2619,10.0799,-0.4308,-0.8862,2.191,-0.3637,-0.2267,10.1129,2955,0,0.15370659276867144,0.0,0.0014921039394721286
0.2844,-0.8158,10.1266,2.8472,2.4131,0.6355,0.3309,-0.835,10.0886,2956,0,0.130630416327515,0.0,0.005426212466603912
-0.8116,-0.2166,9.8606,-2.0976,7.3415,1.2286,-0.7574,-0.1778,9.8459,2957,0,0.12771197620353886,0.0,0.005311790713079379
0.1234,0.0776,9.856,1.987,-0.4864,4.9537,0.1483,0.0751,9.8302,2958,0,0.15370659276867144,0.0,0.005311790713079379
-0.181,0.0139,9.912,0.5701,5.5164,1.4181,-0.233,0.0857,10.009,2959,0,0.15370659276867144,0.0,0.011023993494595754
0.1121,0.1995,9.8428,0.3563,0.1841,7.889,0.0769,0.2539,9.897,2960,0,0.14851901797221376,0.0,0.011023993494595754
-0.1923,-0.2341,9.7682,0.9551,1.605,-3.6049,-0.1594,-0.2613,9.8521,2961,0,0.15370659276867144,0.0,0.005311790713079379
0.1308,-0.104,9.6737,-2.9274,-1.4712,3.9582,0.1023,-0.0463,9.6565,2962,0,0.15370659276867144,0.0,0.002348794906775807
0.067,0.1842,9.6191,4.472,1.9362,-2.8554,-0.0054,0.1307,9.636,2963,0,0.15370659276867144,0.0,0.0010239934945957543
0.0871,-0.1689,9.8698,-0.6319,3.217,-0.226,0.1174,-0.1162,9.9058,2964,0,0.15370659276867144,0.0,0.0013776821859475964
-0.0999,-0.509,9.6852,1.7019,-0.5725,1.8915,-0.036,-0.4781,9.5931,2965,0,0.15370659276867144,0.0,0.0014516466829890165
0.0102,-0.2313,9.6364,1.5072,-1.2944,-2.3588,-0.0838,-0.2439,9.6386,2966,0,0.15370659276867144,0.0,0.0014516466829890165
-0.1146,0.3765,9.7275,1.0961,4.2443,-0.8443,-0.0585,0.4478,9.7365,2967,0,0.15370659276867144,0.0,0.011451646682989019
-0.2073,-0.0134,9.7392,-2.4191,6.0668,-1.2467,-0.1837,-0.1077,9.7515,2968,0,0.15370659276867144,0.0,0.0014516466829890165
0.2629,-0.119,9.5073,2.6105,2.5871,-3.0198,0.2626,-0.082,9.504,2969,0,0.15370659276867144,0.0,0.009909781428502403
0.1951,0.2802,9.92,-4.5377,0.9622,-3.1816,0.1932,0.428,9.8938,2970,0,0.15370659276867144,0.0,0.0028560572567131837
-0.0758,-0.0379,9.9422,-1.2492,-1.0747,2.2582,-0.0484,0.0464,9.9521,2971,0,0.15370659276867144,0.0,0.012160330879051854
-0.2207,0.0935,9.6992,3.0223,0.8422,2.0107,-0.2962,0.1032,9.7254,2972,0,0.15370659276867144,0.0,0.0020277372590795924
0.2162,0.3306,9.87,-1.7044,1.044,-0.4066,0.2234,0.213,9.8925,2973,0,0.15370659276867144,0.0,0.012748616379958715
-0.1435,0.7299,9.7031,1.2709,2.8104,5.0899,-0.1258,0.666,9.8296,2974,0,0.15366639458584913,0.0,0.02167142690276923
0.1782,0.8008,9.3484,-4.0493,-1.4243,2.4568,0.1587,0.8193,9.3885,2975,0,0.11750020831608163,0.0,0.02183015706149939
-0.0034,0.0156,9.7346,0.7908,1.9644,1.8854,0.0049,0.0141,9.797,2976,0,0.15370659276867144,0.0,0.02236815608687706
-0.5548,0.0076,9.339,-0.5285,0.4626,-2.0178,-0.5823,-0.0176,9.3708,2977,0,0.1453132665763101,0.0,0.012878823197544171
0.4452,-0.6717,9.5072,-3.0176,4.5682,-2.3683,0.3738,-0.6381,9.4713,2978,0,0.15137473442949156,0.0,0.01277644809516907
0.0445,-0.2652,9.4805,-0.2677,0.0193,0.8916,0.0713,-0.2198,9.5463,2979,0,0.15370659276867144,0.0,0.0029492953610395912
0.0605,0.3233,10.0582,-5.136,-4.8394,-0.0047,0.157,0.3175,10.0704,2980,0,0.15370659276867144,0.0,0.002543889955634185
0.0543,-0.2275,9.4127,2.6699,-1.9756,1.5289,0.0817,-0.3498,9.4545,2981,0,0.1534046229755623,0.0,0.0021160582404238294
-0.6564,0.2564,9.8257,0.014,0.9759,0.1639,-0.6328,0.4152,9.8184,2982,0,0.1537691488359536,0.0,0.002240859652603883
0.2158,-0.0556,9.7952,0.1886,-0.8242,-2.3911,0.2872,-0.0774,9.7736,2983,0,0.15370659276867144,0.0,0.0010549471293127184
0.3365,-0.1271,9.4559,3.2153,-6.015,-3.1672,0.3406,-0.0537,9.3904,2984,0,0.1525588014428267,0.0,0.01105494712931272
-0.3591,0.5959,10.0179,5.1118,0.6245,3.2247,-0.3411,0.5751,9.9951,2985,0,0.15355074445237718,0.0,0.0009160582404238296
-0.6806,-0.025,9.9751,-2.2211,-6.7643,-2.0529,-0.6853,-0.0312,9.9855,2986,0,0.15039039901497003,0.0,0.0011486163799587132
0.398,0.2178,9.8821,1.1035,6.5504,-1.971,0.3897,0.2749,9.9186,2987,0,0.15370659276867144,0.0,0.0011486163799587132
0.1385,-0.2529,10.0692,1.2724,-1.0627,-0.991,0.1216,-0.2082,10.13,2988,0,0.15370659276867144,0.0,0.0011486163799587132
0.4152,-0.1178,9.8136,4.434,0.4034,-3.0106,0.4691,-0.1233,9.8416,2989,0,0.15370659276867144,0.0,0.001377187808530142
-0.1382,0.4734,9.5771,-2.7286,3.5685,2.7289,-0.0975,0.4423,9.5438,2990,0,0.15370659276867144,0.0,0.0011486163799587132
0.1105,-0.1262,9.7482,4.0091,0.7241,-0.2415,0.113,-0.1223,9.7641,2991,0,0.15370659276867144,0.0,0.0011446296689952582
0.3719,-0.2042,9.8147,0.1434,-2.0154,0.9838,0.3985,-0.2618,9.7776,2992,0,0.15370659276867144,0.0,0.001513073165796964
0.1984,0.162,10.1837,-1.6681,4.8989,-1.3749,0.206,0.1811,10.12,2993,0,0.15370659276867144,0.0,0.0017456313053318476
0.1584,0.1161,9.7009,1.5974,-7.2844,-0.7855,0.1102,0.1426,9.6987,2994,0,0.153471543619007,0.0,0.0010234991171782998
0.9347,0.3118,9.3527,1.1741,-4.51,3.4395,1.0465,0.2585,9.2995,2995,1,0.10936551400011124,0.0,0.0010344164744425502
0.1936,0.0367,9.6281,-4.5788,2.9399,-4.4041,0.2303,0.0322,9.6603,2996,0,0.15370659276867144,0.0,0.00030253592561284867
-0.3899,0.3738,9.7243,2.2845,-0.8227,-1.7336,-0.42,0.3518,9.6666,2997,0,0.15370659276867144,0.0,0.00030253592561284867
-0.5838,0.0217,9.947,-4.0209,2.4963,-0.7229,-0.6302,0.0105,9.9602,2998,0,0.15370659276867144,0.0,0.00030253592561284867
0.3082,-0.7071,9.8603,5.1584,3.3022,-7.841,0.289,-0.7041,9.8084,2999,0,0.14685654504185822,0.0,0.0021754052484291675
0.006,-0.0522,9.9139,3.81,-0.0533,-2.6385,-0.0091,-0.1523,9.9523,3000,0,0.15370659276867144,0.0,0.0021754052484291675
-0.2286,0.2166,10.0975,-2.8017,1.7879,-1.179,-0.2329,0.2957,10.073,3001,0,0.15370659276867144,0.0,0.002199501633971336
0.0348,0.0128,9.6899,-3.0782,-0.6536,-8.202,0.0711,0.0635,9.6505,3002,0,0.15112873798756274,0.0,0.002199501633971336
0.226,-0.0544,9.5824,0.7399,-1.7499,-0.1823,0.1894,0.0082,9.6396,3003,0,0.15370659276867144,0.0,0.0010585128599847188
-0.168,-0.3682,10.009,-1.0021,0.0203,0.3866,-0.2428,-0.38,9.9328,3004,0,0.15370659276867144,0.0,0.01105851285998472
-0.4572,-0.445,9.5475,-0.4003,2.4449,5.3383,-0.4812,-0.4107,9.506,3005,0,0.15370659276867144,0.0,0.002298707983177685
-0.2643,-0.1042,9.4621,0.9545,-2.6804,-0.6107,-0.3244,-0.0405,9.4701,3006,0,0.15370659276867144,0.0,0.0011336228236488992
-0.4163,-0.6495,9.8854,-3.2125,-5.1786,3.1973,-0.42,-0.5849,9.8187,3007,0,0.15359223705380823,0.0,0.002298707983177685
0.6609,-0.3045,10.0729,-3.3786,-3.5627,7.1413,0.6294,-0.211,10.0044,3008,0,0.1603173139232953,0.0,0.0013382560057765551
0.1248,0.4265,9.7878,-3.3881,-1.6186,0.8739,0.1649,0.4923,9.7795,3009,0,0.15370659276867144,0.0,0.002298707983177685
0.4543,-0.0977,10.1518,-2.4941,4.3858,0.5415,0.4353,-0.0282,10.1423,3010,0,0.15370659276867144,0.0,0.002199501633971336
0.5188,-0.3179,9.6148,0.5861,0.9951,-0.0377,0.5092,-0.3226,9.5923,3011,0,0.15370659276867144,0.0,0.002199501633971336
-0.7289,0.0471,9.7799,-5.5711,-2.1998,0.2725,-0.7807,0.0207,9.7776,3012,0,0.15806262705930335,0.0,0.012199501633971335
-0.348,-0.0506,9.5414,-2.9468,3.7433,1.8597,-0.3073,-0.0262,9.5083,3013,0,0.15370659276867144,0.0,0.012199501633971335
-0.3602,-0.0668,10.009,-1.4564,0.4103,0.5508,-0.346,-0.0516,10.0658,3014,0,0.15370659276867144,0.0,0.01130506118345612
0.4327,-0.2204,9.7436,6.9769,1.2115,-0.0455,0.3823,-0.2353,9.8107,3015,0,0.15242389511884455,0.0,0.012175405248429165
-0.2216,0.5096,9.9406,4.0305,2.9583,-1.5622,-0.2136,0.552,9.9916,3016,0,0.15370659276867144,0.0,0.012175405248429165
0.3575,-0.6095,9.3137,4.6093,-0.7012,-4.6691,0.3126,-0.5454,9.3595,3017,0,0.15300817998764116,0.0,0.011214953271028037
0.2069,0.0083,9.5501,-2.9728,-0.2806,-3.5183,0.1538,0.0097,9.5061,3018,0,0.15370659276867144,0.0,0.012175405248429165
-0.1174,0.4259,9.8371,4.3834,-1.0448,-5.6253,-0.0097,0.4453,9.9426,3019,0,0.15370659276867144,0.0,0.011214953271028037
-0.1518,-0.0863,9.5659,-2.621,3.2489,-5.2978,-0.0441,-0.0368,9.5304,3020,0,0.15370659276867144,0.0,0.011214953271028037
0.0359,0.0586,9.6572,-6.1102,3.7914,-2.4231,0.0435,0.0007,9.7192,3021,0,0.15370659276867144,0.0,0.011214953271028037
0.6239,0.0642,9.8486,6.3491,-0.3686,0.0722,0.6091,0.1044,9.8196,3022,0,0.15436699078900543,0.0,0.011214953271028037
0.2451,-0.0295,9.7874,-1.0571,-1.2829,4.2001,0.2167,0.0224,9.7918,3023,0,0.15370659276867144,0.0,0.011214953271028037
0.3773,0.1442,9.9167,0.2506,5.8238,2.9664,0.3815,0.1639,9.8339,3024,0,0.15370659276867144,0.0,0.01
0.0646,0.0216,9.933,-2.4161,1.6856,0.7293,0.0463,-0.0248,9.9551,3025,0,0.15370659276867144,0.0,7.594936708860759e-05
-0.3584,-0.3555,9.8982,3.0009,-1.745,-1.1488,-0.3703,-0.3043,9.9263,3026,0,0.15370659276867144,0.0,7.594936708860759e-05
0.2672,-0.2326,10.0017,3.7208,-4.8627,0.937,0.2869,-0.3498,10.1129,3027,0,0.15370659276867144,0.0,7.594936708860759e-05
0.2874,0.1539,9.5736,-0.6794,1.7785,-9.4464,0.2548,0.2011,9.5583,3028,0,0.15022323174628213,0.0,7.594936708860759e-05
-0.1146,-0.017,9.8362,4.6519,-7.6394,2.4682,-0.1513,-0.0316,9.865,3029,0,0.14981546126865944,0.0,7.594936708860759e-05
-0.0692,-0.3394,9.9093,0.695,2.4909,1.4474,-0.0626,-0.3066,9.858,3030,0,0.15370659276867144,0.0,7.594936708860759e-05
0.2852,0.1528,9.9937,-1.4295,-0.9924,-1.9006,0.2701,0.1632,10.0639,3031,0,0.15370659276867144,0.0,7.594936708860759e-05
0.6428,-0.2398,9.7438,-5.1155,0.0744,1.7766,0.763,-0.246,9.7521,3032,0,0.1200158285824216,0.0,7.594936708860759e-05
-0.1648,-0.3711,9.1644,-1.9444,-5.9786,6.4672,-0.15,-0.4612,9.1131,3033,1,0.07171326880130158,0.0,7.594936708860759e-05
0.2899,-0.4647,9.5108,0.5953,-0.6281,-1.468,0.1618,-0.4357,9.5686,3034,0,0.15370659276867144,0.0,0.010075949367088608
0.0573,0.0335,9.6872,1.2774,0.0483,-0.1803,0.0384,-0.0028,9.6708,3035,0,0.15370659276867144,0.0,0.010075949367088608
0.2503,0.1691,9.5463,-0.6176,-1.6491,0.6567,0.1608,0.2217,9.6115,3036,0,0.15370659276867144,0.0,0.010175155716294957
0.1604,0.003,9.8423,0.7993,-0.1224,-5.2354,0.1691,0.0653,9.8337,3037,0,0.15370659276867144,0.0,0.010175155716294957
-0.2973,-0.475,9.6085,-4.798,3.457,1.2567,-0.222,-0.4765,9.6117,3038,0,0.15370659276867144,0.0,0.00017515571629495678
0.2888,-0.5333,9.8679,-4.5534,-2.3237,-0.446,0.2472,-0.4336,9.8611,3039,0,0.15370659276867144,0.0,0.010175155716294957
0.044,0.4699,9.8094,-4.9093,-5.322,-0.4463,0.0125,0.4432,9.8041,3040,0,0.15370659276867144,0.0,0.010175155716294957
-1.1475,0.2113,10.0124,-2.6182,4.0162,-1.6884,-1.1836,0.2124,10.0693,3041,1,0.16632300903913502,0.0,0.01
-0.3967,0.4818,9.9569,3.2345,1.5611,0.779,-0.3827,0.4848,9.9126,3042,0,0.15370659276867144,0.0,0.02007594936708861
0.0407,0.3653,9.5368,-0.4763,3.108,0.3033,0.0903,0.3008,9.6169,3043,0,0.15370659276867144,0.0,0.02007594936708861
-0.4558,-0.1942,10.0662,-3.4134,3.7809,-0.0541,-0.3612,-0.2483,10.14,3044,0,0.15370659276867144,0.0,0.02007594936708861
0.1653,-0.3155,9.6303,5.0904,1.4068,-0.8524,0.1307,-0.3633,9.6242,3045,0,0.15370659276867144,0.0,0.02
0.0355,-0.1238,9.8763,5.0439,2.4002,-3.5052,0.0422,-0.1309,9.8864,3046,0,0.15370659276867144,0.0,0.03
0.0625,0.3448,9.6378,-1.5712,-0.3871,3.9413,0.086,0.4418,9.6921,3047,0,0.15370659276867144,0.0,0.03
-0.1786,-0.3628,9.8052,0.6076,-4.1198,1.2056,-0.1874,-0.3939,9.8313,3048,0,0.15370659276867144,0.0,0.02
-0.1705,0.1794,10.1838,-2.5857,1.9825,-4.9031,-0.2076,0.1832,10.1608,3049,0,0.15370659276867144,0.0,0.01
0.092,-0.1533,9.7776,1.6153,2.7947,1.3831,0.1013,-0.1183,9.8298,3050,0,0.15370659276867144,0.0,0.01
0.4407,0.0617,10.0936,-3.7417,2.6852,0.786,0.4227,0.0286,10.1915,3051,0,0.1533321728497886,0.0,0.0
-0.1051,0.0382,9.6146,-2.8019,-1.7347,-2.4173,-0.0756,0.0332,9.7014,3052,0,0.15370659276867144,0.0,0.0
-0.0925,0.3121,9.8922,-0.2806,-1.7021,-2.7161,-0.0388,0.3887,9.8285,3053,0,0.15370659276867144,0.0,0.01
0.4522,0.2415,9.7587,1.9022,1.221,-3.9524,0.348,0.1914,9.742,3054,0,0.15370659276867144,0.0,0.0
-0.0166,-0.1243,9.7958,0.3068,-0.6587,-2.6031,-0.0549,-0.2346,9.8929,3055,0,0.15370659276867144,0.0,0.01
-0.2391,0.058,9.7433,-1.579,-0.5274,1.5822,-0.2105,-0.0071,9.7424,3056,0,0.15370659276867144,0.0,0.0300398406374502
0.2967,0.2284,9.7902,3.8101,5.0556,0.8643,0.2353,0.2193,9.852,3057,0,0.15370659276867144,0.0,0.025039840637450198
0.5373,-0.5173,9.4594,-5.2792,1.127,2.0609,0.6331,-0.5607,9.5018,3058,0,0.15182678045069686,0.0,0.025063937022992366
0.1229,-0.0175,9.6049,-4.4769,-1.4393,4.5673,0.1964,-0.025,9.5677,3059,0,0.15370659276867144,0.0,0.030024096385542168
-0.241,0.2195,9.7118,1.9479,-0.9276,-9.8851,-0.1926,0.2723,9.7537,3060,0,0.15022323174628213,0.0,0.030163143372198716
-0.1192,0.4876,9.6627,-1.2499,-0.0317,-3.137,-0.1121,0.542,9.635,3061,0,0.15370659276867144,0.0,0.025163143372198715
-0.0458,-0.0244,10.0113,-6.0453,-4.789,1.6948,0.0336,-0.0195,9.9633,3062,0,0.15370659276867144,0.0,0.025163143372198715
-0.1252,0.0879,9.968,4.3019,-2.7623,-3.0338,-0.1384,0.0281,9.9851,3063,0,0.15370659276867144,0.0,0.010139046986656549
-0.5441,0.0316,9.5099,-1.0876,-1.2757,2.621,-0.5487,0.0471,9.5647,3064,0,0.15370659276867144,0.0,0.020163143372198714
-0.0052,-0.1271,10.0645,8.0877,-4.1432,3.9084,-0.0384,-0.1888,10.0144,3065,0,0.12837521514700567,0.0,0.010123302734748518
0.2475,0.2526,10.2045,-4.953,-0.6838,-1.4657,0.1806,0.2667,10.1603,3066,0,0.15370659276867144,0.0,0.020123302734748515
0.266,-0.3167,9.7829,0.7081,0.3744,-1.3372,0.2834,-0.2883,9.8232,3067,0,0.15370659276867144,0.0,0.012544095753151099
-0.1834,-0.1025,10.1648,-4.3505,4.3879,-5.091,-0.1095,-0.0037,10.1583,3068,0,0.15370659276867144,0.0,0.012544095753151099
0.078,0.2955,9.7976,0.928,-2.4439,-3.4033,0.0246,0.2748,9.7404,3069,0,0.15370659276867144,0.0,0.012544095753151099
-0.0908,-0.0803,9.5084,3.1411,-0.5492,-4.0239,-0.051,-0.1196,9.5571,3070,0,0.15370659276867144,0.0,0.022544095753151097
0.1031,-0.2706,9.9978,2.8371,-1.4753,-0.3872,0.173,-0.262,10.0394,3071,0,0.15370659276867144,0.0,0.0275042551157009
0.0088,-0.4018,10.1601,0.3803,3.0208,-4.7224,-0.0015,-0.3682,10.1226,3072,0,0.15370659276867144,0.0,0.015123302734748519
0.1363,-0.0039,9.8349,-1.9011,-3.2753,0.6217,0.1621,-0.0741,9.8078,3073,0,0.15370659276867144,0.0,0.015123302734748519
-0.3331,0.1736,10.4045,-0.2609,-4.2087,-0.3965,-0.3889,0.1495,10.4665,3074,0,0.07767808167914288,0.0,0.01893473130617709
-0.2926,-0.1917,9.7932,1.3455,-1.5413,-4.3012,-0.1931,-0.1754,9.7946,3075,0,0.15370659276867144,0.0,0.01893473130617709
-0.0769,0.07,9.8722,-2.3753,4.5065,2.7773,-0.0934,0.1066,9.7795,3076,0,0.15370659276867144,0.0,0.022744255115700898
-0.5288,0.6704,9.669,2.2378,0.9551,-1.5081,-0.5187,0.6443,9.6755,3077,0,0.15309497375261916,0.0,0.02055197230665316
0.0439,-0.2563,9.8838,0.9737,-0.0068,-2.0511,0.0463,-0.2505,9.9211,3078,0,0.15370659276867144,0.0,0.010551972306653157
0.4031,-0.2113,9.5548,1.4859,4.6439,2.3862,0.3293,-0.1839,9.6304,3079,0,0.15370659276867144,0.0,0.010576068692195326
-0.2301,0.0536,9.7438,-4.6894,2.4423,0.0654,-0.1775,0.0585,9.7877,3080,0,0.15370659276867144,0.0,0.010551972306653157
0.0974,0.0448,9.7033,3.0344,0.0919,7.6174,-0.0085,-0.0421,9.7046,3081,0,0.15022508488644454,0.0,0.030551972306653158
-0.2749,0.0434,9.8373,-2.9295,-0.0188,-7.4182,-0.322,0.0561,9.8156,3082,0,0.1513602608214693,0.0,0.04104367962372633
0.3922,-0.1489,9.5533,1.4623,1.6518,1.3259,0.2981,-0.0671,9.5389,3083,0,0.15370659276867144,0.0,0.02208141547278293
0.1428,0.1362,9.7025,5.0437,-5.7042,1.2359,0.0229,0.1051,9.7024,3084,0,0.15370659276867144,0.0,0.02108352026117653
0.2068,-0.0865,9.6219,2.7743,-5.9506,2.0341,0.1706,-0.0363,9.6245,3085,0,0.15370659276867144,0.0,0.02104367962372633
0.3228,-0.3972,9.4294,-0.1484,-2.1605,-7.5656,0.3309,-0.3616,9.3982,3086,0,0.14785146921064313,0.0,0.02104367962372633
0.0885,-0.4301,9.784,-2.5091,0.8739,-1.5636,0.0643,-0.4101,9.8431,3087,0,0.15370659276867144,0.0,0.02104367962372633
0.1986,0.2072,9.9293,4.1337,4.0484,-0.8684,0.2687,0.1515,9.9365,3088,0,0.15370659276867144,0.0,0.02108352026117653
0.1755,-0.1306,9.6355,-1.0408,-0.1071,-4.2287,0.2255,-0.186,9.5655,3089,0,0.15370659276867144,0.0,0.023424632004678713
0.5057,0.1764,9.8152,-0.9628,0.3128,-3.8817,0.4644,0.2365,9.8032,3090,0,0.15370659276867144,0.0,0.03342463200467871
-0.0664,0.1924,9.3667,-4.0367,3.2782,0.3049,-0.0806,0.1903,9.3803,3091,0,0.14974236502446667,0.0,0.003963445368394948
0.0107,-0.1173,9.7838,-0.9524,2.731,-0.6578,0.0351,-0.0832,9.8693,3092,0,0.15370659276867144,0.0,0.012663145765433592
0.1685,-0.3208,9.8368,-2.1542,-2.3165,-0.4804,0.1521,-0.2385,9.8081,3093,0,0.15370659276867144,0.0,0.012663145765433592
0.1944,-0.2322,9.6211,2.6996,4.1899,-3.2968,0.1935,-0.2837,9.6302,3094,0,0.15370659276867144,0.0,0.012663145765433592
0.0661,0.2847,9.8066,-2.7396,-1.9863,-3.0168,0.1356,0.2678,9.7399,3095,0,0.15370659276867144,0.0,0.05266314576543359
-0.2874,0.0001,9.8003,3.9804,0.2173,-5.0738,-0.2515,0.0529,9.7527,3096,0,0.15370659276867144,0.0,0.03266314576543359
-0.3052,-0.5053,9.8113,3.4674,1.854,-3.5218,-0.2907,-0.5448,9.8987,3097,0,0.15370659276867144,0.0,0.04266314576543359
-0.0622,-0.4127,10.1029,-3.8458,0.0125,1.0027,0.0043,-0.4373,10.1203,3098,0,0.15370659276867144,0.0,0.023068551170839
0.3334,0.2703,9.7573,2.5895,7.1596,1.2122,0.3244,0.2582,9.7719,3099,0,0.14861286972932367,0.0,0.03478841526000474
-0.184,0.2737,9.4903,-0.669,-4.9845,6.1726,-0.1506,0.217,9.4971,3100,0,0.15314501477372658,0.0,0.0030685511708389984
0.0458,0.3468,9.9819,5.1452,-6.8335,1.1159,0.1165,0.3285,9.9303,3101,0,0.15371468931029958,0.0,0.012663145765433592
0.335,0.2187,9.8334,3.0205,0.364,-0.3455,0.3619,0.1123,9.8803,3102,0,0.15370659276867144,0.0,0.012663145765433592
-0.8362,0.0367,9.5816,3.3951,0.8818,1.3169,-0.8427,0.0993,9.5304,3103,0,0.16233516792264946,0.0,0.0008309136662795199
-0.1893,0.0663,9.5174,3.3317,-0.1545,2.4637,-0.1947,0.0271,9.4388,3104,0,0.1534046229755623,0.0,0.011868649515336125
0.1488,0.639,9.646,1.25,4.0228,-1.1051,0.1749,0.6069,9.6511,3105,0,0.15318370441863025,0.0,0.03190849015278632
0.2729,-0.3229,9.516,1.3101,-0.0637,-1.0241,0.2029,-0.2908,9.4848,3106,0,0.15370659276867144,0.0,0.03190849015278632
-0.1714,-0.226,9.9138,0.8873,1.9867,5.0016,-0.0506,-0.2884,9.984,3107,0,0.15370659276867144,0.0,0.011908490152786324
0.4493,0.098,9.7327,-1.3828,1.2963,1.9409,0.416,0.1195,9.7292,3108,0,0.15370659276867144,0.0,0.011908490152786324
-0.6281,0.0045,9.8947,-2.629,7.1282,1.24,-0.6959,0.0278,9.918,3109,0,0.12215630479751134,0.0,0.011908490152786324
0.3331,-0.278,9.6513,7.3751,1.0969,2.6894,0.2554,-0.2789,9.6215,3110,0,0.15044291000608326,0.0,0.0015551380109516144
-0.0201,-0.1331,9.97,-1.1445,0.0684,-2.6791,-0.1059,-0.0899,9.9781,3111,0,0.15370659276867144,0.0,0.011531041625409445
0.2335,0.1006,9.5953,-0.5349,-4.9824,1.9575,0.2574,0.0792,9.5465,3112,0,0.15370659276867144,0.0,0.011531041625409445
0.1715,0.3037,10.1921,0.9744,-2.0736,-0.8648,0.1922,0.3074,10.2781,3113,0,0.14833163816937106,0.0,0.011531041625409445
0.2302,0.1638,9.8923,3.1094,-2.3549,-1.7447,0.1618,0.1264,9.9164,3114,0,0.15370659276867144,0.0,0.0019754860698538903
0.0031,0.1094,9.9682,3.1859,2.9078,0.3387,0.0292,0.1926,9.9062,3115,0,0.15370659276867144,0.0,0.0019754860698538903
0.0936,-0.0138,9.7846,1.294,2.116,1.4803,0.0215,0.0145,9.8036,3116,0,0.15370659276867144,0.0,0.0008732988053776952
0.6549,-0.0662,9.9388,1.78,-3.5312,0.4687,0.5756,-0.0425,9.8489,3117,0,0.15219786956919265,0.0,0.0008732988053776952
0.1646,-0.1121,9.9496,-7.0747,-5.6227,-3.991,0.1579,-0.1017,9.9227,3118,0,0.15252174685435135,0.0,0.0007993343083362751
-0.087,0.1726,9.7147,2.3121,-0.5286,3.4505,-0.054,0.215,9.679,3119,0,0.15370659276867144,0.0,0.0007993343083362751
0.3678,-0.4535,10.0835,4.0342,-0.8112,-6.5253,0.4075,-0.4759,10.1326,3120,0,0.1532405209942328,0.0,0.0008234306938784438
-8.6966,0.6859,9.6716,-1.6575,53.0309,2.2307,0.4444,0.7716,9.6992,3121,0,0.13341705626494405,0.0,0.0800388349514563
-6.6702,-0.0701,9.3386,0.1736,39.2531,-3.5228,0.3396,-0.1199,9.3395,3122,1,0.08080623388114452,0.0,0.09003883495145631
-6.5682,-0.3302,9.9376,2.9183,58.6857,0.779,-0.1665,-0.2211,10.0185,3123,0,0.13237129315733928,0.0,0.0800388349514563
-6.7911,0.0252,9.8871,0.6073,50.9668,1.5614,0.0148,0.039,9.8779,3124,0,0.12065933663560012,0.0,0.11
-7.0671,-0.2328,10.0771,-2.8153,32.6111,-3.0718,-0.1225,-0.364,10.026,3125,0,0.15761766996893345,0.0,0.1
-7.2439,0.062,9.8899,1.0129,46.7638,0.9503,-0.5535,-0.0365,9.9167,3126,0,0.12190431862981466,0.0,0.09003883495145631
-5.3705,0.4313,9.7387,3.0803,28.5403,1.068,0.424,0.4415,9.7623,3127,0,0.11864986913832774,0.0,0.10628883495145632
-8.8128,0.0025,9.9451,6.5227,37.9753,-1.058,-0.9017,-0.0275,9.983,3128,1,0.08211666110171181,0.0,0.1762888349514563
-8.328,-0.3971,9.69,0.4188,65.5719,-3.1073,0.1557,-0.425,9.692,3129,0,0.1418412943418927,0.0,0.1762888349514563
-6.9924,0.0207,9.6062,-2.5926,41.501,2.3567,0.0082,-0.013,9.6227,3130,0,0.11911639531454588,0.0,0.1762888349514563
-6.6682,-0.2261,10.1129,-1.44,31.2301,0.3144,0.3305,-0.227,10.1516,3131,0,0.14130491509096121,0.0,0.2062888349514563
-5.9705,-0.3975,10.0133,-4.3912,39.3632,2.3363,0.2876,-0.4351,10.0,3132,0,0.1460621144133779,0.0,0.2362888349514563
-6.3108,0.2292,9.8436,0.4504,22.9833,2.9175,0.0134,0.1991,9.7534,3133,0,0.12855407347770542,0.0,0.2300388349514563
-5.5255,0.1673,9.4913,-0.5089,48.8128,2.6693,0.163,0.1809,9.492,3134,0,0.09554553833390274,0.0,0.2200388349514563
-8.4191,0.4406,9.6084,5.776,46.2672,-6.293,-0.3826,0.35,9.5668,3135,0,0.11958115480169626,0.0,0.2000388349514563
-6.5632,0.4188,9.5483,1.5857,61.4417,1.2204,-0.0822,0.4758,9.6363,3136,0,0.10818491900813788,0.0,0.2000388349514563
-8.468,0.3404,9.7737,3.3491,34.883,1.0351,-0.099,0.3587,9.7695,3137,0,0.12065933663560012,0.0,0.2000388349514563
-5.5772,0.0644,9.7046,-0.1572,41.5592,1.6668,-0.1406,0.0752,9.6531,3138,0,0.1188059899389563,0.0,0.1900388349514563
-5.5815,0.09,9.6308,5.6562,32.2444,2.2721,0.2494,0.1385,9.5866,3139,0,0.11990734907525892,0.0,0.2000388349514563
-9.3636,0.0469,9.7032,-1.1704,22.9208,1.988,-0.7909,0.0466,9.7248,3140,1,0.11132661104746733,0.0,0.1900388349514563
-5.3275,-0.0861,9.7037,1.0983,49.2348,1.295,-0.305,-0.0757,9.6437,3141,0,0.11564809520211419,0.0,0.2000388349514563
-7.5658,0.0826,9.9006,-1.2999,23.1222,1.192,-0.0474,0.0353,9.9395,3142,0,0.1282148921911557,0.0,0.21003883495145628
-8.7149,0.212,9.7843,1.2995,25.4691,1.5423,0.3494,0.2408,9.8241,3143,0,0.11981518079144428,0.0,0.22146740638002776
-9.6439,-0.2395,9.8175,-3.5273,53.0493,-0.497,-0.2629,-0.2899,9.91,3144,0,0.1382148921911557,0.0,0.23146740638002775
-5.4004,-0.1148,9.9356,-1.1774,19.7206,-7.6143,0.6167,-0.2012,9.8932,3145,0,0.14086514753723,0.0,0.21003883495145628
-7.7392,0.0534,9.7164,-2.1252,48.3013,3.408,0.3172,0.0117,9.6874,3146,0,0.13562501169280838,0.0,0.21003883495145628
-7.6411,-0.4417,9.5931,1.9095,57.3275,1.2985,-0.0734,-0.3933,9.6309,3147,0,0.11813241362118206,0.0,0.2162888349514563
-8.1966,0.0345,9.8633,1.5644,51.8774,-3.1282,0.0339,-0.0226,9.9429,3148,0,0.13221489219115568,0.0,0.24605073971336108
-6.081,0.1878,10.0286,0.04,29.2442,3.1797,-0.3209,0.1778,10.0544,3149,0,0.12850655885782236,0.0,0.23605073971336107
-8.512,0.2736,9.8278,-3.2599,53.8061,1.9067,-0.3109,0.2639,9.7915,3150,0,0.12773027485070312,0.0,0.22601190476190475
-5.3935,-0.074,9.8251,2.2254,35.3888,1.6016,0.1978,-0.042,9.7775,3151,0,0.12065933663560012,0.0,0.22458333333333336
-7.9737,-0.3712,9.4544,-1.9943,25.7037,-4.0556,-0.3659,-0.4246,9.4881,3152,0,0.10718805041119744,0.0,0.22458333333333336
-5.0877,0.1566,9.7517,-2.2344,61.5606,2.273,-0.0073,0.218,9.715,3153,0,0.13562501169280838,0.0,0.23625
-10.3047,-0.394,9.8636,-5.3507,42.8332,-0.0862,-0.4352,-0.4174,9.8971,3154,0,0.13945987418537023,0.0,0.25
-6.9372,-0.3629,9.8322,1.7167,45.0717,-1.2893,-0.0524,-0.3994,9.714,3155,0,0.13703200744305355,0.0,0.2545833333333334
-5.1701,0.3098,9.6037,-0.587,24.2094,-7.5111,0.1069,0.2911,9.6621,3156,0,0.1201455666625085,0.0,0.2545833333333334
-6.9374,0.1998,10.0325,0.5548,31.7467,0.7403,-0.0051,0.1233,9.9928,3157,0,0.12850655885782236,0.0,0.26458333333333334
-7.4461,0.2554,9.9235,1.5472,50.9671,-1.9427,0.0601,0.1856,9.9693,3158,0,0.12665933663560014,0.0,0.27458333333333335
-8.8431,0.1818,9.6597,-1.8521,30.9806,1.1374,-0.0789,0.1293,9.6535,3159,0,0.1227190334172172,0.0,0.26458333333333334
-6.5172,-0.1548,9.9967,-1.1843,40.7783,-1.5629,0.3805,-0.1451,10.0448,3160,0,0.14121795856922206,0.0,0.27458333333333335
-7.5997,-0.0554,10.129,0.6729,34.2708,-0.5089,-0.2365,-0.0267,10.1908,3161,0,0.12092811493344208,0.0,0.27458333333333335
-7.4618,0.2507,9.9367,0.0432,30.8702,7.143,-0.4415,0.342,9.9209,3162,0,0.12885956980588545,0.0,0.2545833333333334
-7.3694,0.0141,9.4199,2.4605,41.2725,-4.5735,-0.2019,-0.0294,9.4944,3163,0,0.0979431991526162,0.0,0.24625
-7.5604,0.069,9.8075,0.4255,34.7948,-6.3636,0.1517,0.0862,9.8887,3164,0,0.13221489219115568,0.0,0.24625
-5.7253,0.0283,9.9354,2.1034,43.4995,0.0333,0.0309,-0.0084,9.9115,3165,0,0.12628433663560013,0.0,0.25625
-5.78,0.2133,9.7917,0.8091,44.7273,0.3002,0.399,0.2203,9.7794,3166,0,0.11981518079144428,0.0,0.26625
-6.0106,0.4375,9.7549,4.2535,24.7439,-3.0912,-0.256,0.394,9.812,3167,0,0.1347040696803332,0.0,0.26625
-9.0051,-0.0877,9.567,5.3561,58.6569,-4.4341,0.1232,-0.0185,9.4931,3168,0,0.10350747208081319,0.0,0.25625
-7.4517,0.3242,10.0105,-3.6199,34.8765,3.2905,-0.1085,0.3058,10.0185,3169,0,0.13997515789163878,0.0,0.22625
-7.1059,-0.0422,9.8803,-3.4153,22.2809,0.3606,-0.1917,-0.0332,9.8725,3170,0,0.13212793566941658,0.0,0.18771740638002776
-7.0208,0.0583,9.9868,-0.6659,64.8676,0.501,-0.0611,0.0801,9.9997,3171,0,0.1360621144133779,0.0,0.1700388349514563
-8.3582,0.4934,10.0372,2.1775,48.9318,-2.4841,-0.1761,0.5183,10.0757,3172,0,0.13825352790646023,0.0,0.2162888349514563
-9.1794,-0.3216,10.0446,0.7457,53.2103,-1.869,0.0923,-0.2979,10.0518,3173,0,0.1405935153795615,0.0,0.2162888349514563
-7.6576,0.0696,9.6419,4.4187,33.0799,0.2151,-0.1514,0.1046,9.68,3174,0,0.1266879597537755,0.0,0.2062888349514563
-8.6414,-0.0954,9.5419,3.2592,41.9788,-1.4736,-0.0769,-0.0744,9.4413,3175,0,0.08697988596035877,0.0,0.18003883495145628
-6.2946,0.1162,9.4766,-3.0699,41.3003,6.1255,-0.2894,0.1565,9.4322,3176,1,0.1052171134749727,0.0,0.1600388349514563
-7.0641,-0.096,9.8633,-4.92,36.0831,0.6511,-0.1744,-0.197,9.9146,3177,0,0.1382148921911557,0.0,0.18857142857142858
-9.353,-0.4719,9.7687,5.2709,30.047,-0.4938,0.32,-0.4291,9.7734,3178,0,0.13420554703048398,0.0,0.20857142857142857
-4.6478,-0.0443,9.845,-0.0646,27.817,-1.8328,0.3133,-0.0729,9.8705,3179,0,0.1342148921911557,0.0,0.20857142857142857
-5.4419,0.1393,9.9093,1.725,39.0675,4.0428,0.0851,0.2128,9.887,3180,0,0.12954360985438831,0.0,0.22857142857142856
-8.6651,0.1115,9.6614,2.0869,37.9934,-6.7389,-0.1322,0.0446,9.645,3181,0,0.12174588870548046,0.0,0.23857142857142857
-5.8781,-0.0541,9.945,-2.3624,25.8199,0.0259,-0.211,-0.0358,9.9034,3182,0,0.13775293566941657,0.0,0.25857142857142856
-7.135,-0.2051,9.8584,-3.9758,24.0489,0.227,-0.5903,-0.2678,9.87,3183,0,0.13735171242379868,0.0,0.21857142857142858
-10.0633,0.2814,9.6865,0.8007,35.4656,-3.911,-0.3305,0.1957,9.5984,3184,0,0.11759462820127878,0.0,0.20857142857142857
-4.9362,-0.2334,9.5065,0.3767,36.382,-6.0164,0.1701,-0.2131,9.4718,3185,0,0.0989243678307626,0.0,0.22
-8.7634,-0.1244,9.9935,-0.4068,44.5695,-0.2852,0.153,-0.1121,9.9997,3186,0,0.1360621144133779,0.0,0.23857142857142857
-7.7458,0.0316,10.1184,-2.5889,34.7561,-3.7492,0.0223,0.1481,10.1357,3187,0,0.15168716165015417,0.0,0.25857142857142856
-7.9565,0.1435,9.4874,-0.0058,47.0344,-6.1565,-0.0353,0.1735,9.5104,3188,0,0.10559025797614562,0.0,0.25
-9.3697,-0.747,9.7984,-6.1929,25.9111,1.8775,-0.118,-0.7361,9.7673,3189,0,0.120359740591892,0.0,0.24021978021978022
-6.898,-0.0542,9.8644,-1.5736,29.7862,1.7149,-0.137,-0.0738,9.845,3190,0,0.1282148921911557,0.0,0.2602197802197802
-7.0403,0.0453,9.6249,-1.3796,19.4363,-1.6448,-0.0324,0.0043,9.6761,3191,0,0.12449088100403198,0.0,0.2602197802197802
-5.6808,-0.4219,9.5714,-2.6912,50.1173,-1.0738,0.2151,-0.3576,9.5857,3192,0,0.12159432927989404,0.0,0.24
-8.8143,0.6382,9.6687,2.0717,56.2558,0.8554,0.3914,0.6304,9.6944,3193,0,0.11860047022230052,0.0,0.25
-5.8552,-0.4023,9.6826,-0.0603,28.7443,-3.4933,0.075,-0.4063,9.6912,3194,0,0.1418412943418927,0.0,0.25857142857142856
-8.0552,0.467,10.0104,3.1367,31.7786,2.2942,-0.0373,0.528,10.0636,3195,0,0.12669797235090466,0.0,0.26
-8.306,-0.2116,9.4912,1.7979,34.4767,-0.0845,0.0942,-0.1779,9.4429,3196,0,0.09536446152971695,0.0,0.24
-8.1208,0.0032,9.9649,0.0595,25.5315,-1.7247,-0.0468,0.0749,10.0091,3197,0,0.13450655885782237,0.0,0.25
-5.6122,-0.3028,10.033,3.5169,53.543,1.4996,0.5154,-0.2717,9.9672,3198,0,0.13484175417354444,0.0,0.255
-9.1132,-0.0828,9.805,0.7793,58.6157,2.7749,0.0832,-0.0843,9.7725,3199,0,0.12065933663560012,0.0,0.25
-9.3217,0.4357,9.7597,-0.6543,29.2701,1.0497,0.1554,0.3137,9.7518,3200,0,0.1317119682145475,0.0,0.25
-8.8075,0.4149,9.8146,-3.0844,21.5013,-3.6419,-0.4662,0.4165,9.8239,3201,0,0.14492847321918664,0.0,0.24
-6.5369,-0.5222,10.0132,-1.3452,21.0868,0.2172,0.4011,-0.5501,9.9989,3202,0,0.13883570610374338,0.0,0.24521978021978022
-6.741,0.3297,9.565,-3.3834,40.043,0.4346,-0.1825,0.3256,9.4852,3203,0,0.0932479192862837,0.0,0.235
-8.6159,-0.1615,10.0265,1.5887,41.0659,2.0128,-0.1751,-0.2066,10.0642,3204,0,0.1345935153795615,0.0,0.2552197802197802
-6.7526,-0.0303,9.6056,1.7527,26.439,1.5505,-0.1935,-0.0536,9.541,3205,0,0.10246238499912944,0.0,0.255
-8.6558,0.1775,9.5462,4.1445,27.3408,-3.3412,-0.2166,0.1486,9.5515,3206,0,0.10578181641770408,0.0,0.245
-7.637,-0.1213,9.9664,-3.4421,26.4334,5.778,0.0152,-0.1603,9.9841,3207,0,0.14130540906770958,0.0,0.245
-7.7965,0.6064,9.524,2.3425,44.6905,-3.8612,-0.0458,0.5074,9.5469,3208,0,0.10054837990698898,0.0,0.23
-9.0395,-0.2331,10.0553,0.0751,47.1757,-2.2574,0.0102,-0.2543,10.0843,3209,0,0.14614907093511703,0.0,0.235
-7.648,0.2509,9.6799,-1.9592,37.5011,-4.4039,0.3056,0.2389,9.6787,3210,0,0.14282527603525655,0.0,0.23
-5.6004,0.6169,9.8502,3.1468,50.803,-1.1608,0.2756,0.6725,9.8386,3211,0,0.11581644977144738,0.0,0.23
-6.4481,-0.1386,9.6379,0.4941,25.777,-2.2127,-0.3596,-0.1187,9.5972,3212,0,0.11203907264572323,0.0,0.24
-6.9596,-0.2178,9.8131,-3.5667,19.1746,-4.1293,0.119,-0.1613,9.8342,3213,0,0.14368349122497212,0.0,0.22
-6.682,0.0137,10.1171,-1.5794,58.6832,-1.1915,-0.1085,0.0408,10.1521,3214,0,0.1420621144133779,0.0,0.22
-9.631,-0.1026,9.6237,-1.0821,33.9599,0.1583,-0.2182,-0.0173,9.5978,3215,0,0.11159432927989403,0.0,0.22
-6.308,0.5724,9.8479,-2.4904,29.4507,-4.3039,-0.3034,0.5115,9.8309,3216,0,0.14093923220343454,0.0,0.21
-9.3479,0.1743,9.9762,-3.4718,31.0635,4.5814,0.455,0.1966,9.9308,3217,0,0.14397669889920636,0.0,0.21
-8.6991,0.0603,9.9204,2.2885,60.0695,-0.8095,-0.3169,0.1252,9.9033,3218,0,0.12065933663560012,0.0,0.235
-6.6396,0.7541,10.0837,2.2949,26.8214,0.852,-0.0091,0.7445,10.0897,3219,0,0.13032360756213843,0.0,0.205
-7.5198,0.2416,9.9308,-4.7674,39.7406,-1.7857,0.0892,0.331,9.827,3220,0,0.13812793566941658,0.0,0.205
-7.5236,0.1994,9.7152,5.4629,35.5231,2.4581,0.0877,0.2216,9.7496,3221,0,0.13601332735085012,0.0,0.19
-6.7118,0.1165,9.758,2.4945,57.629,-2.4135,0.3447,0.0806,9.7542,3222,0,0.13565645063271414,0.0,0.2
-7.7478,-0.0977,9.8906,3.9031,43.3074,-1.1434,0.1609,-0.1463,9.8737,3223,0,0.12065933663560012,0.0,0.2
-9.8273,0.3098,10.0198,0.952,36.8797,2.7939,-0.03,0.2839,10.0441,3224,0,0.12850655885782236,0.0,0.2
-5.7084,-0.1883,9.9418,0.2205,35.5099,-0.7945,0.054,-0.2345,9.9631,3225,0,0.13237129315733928,0.0,0.225
-5.7492,0.2562,9.6867,-1.4963,41.9761,-1.3737,-0.2746,0.3325,9.7377,3226,0,0.1333566770014401,0.0,0.21021978021978022
-9.265,0.022,9.9271,-3.1921,56.3008,-1.4344,-0.1065,0.0702,9.9395,3227,0,0.13812793566941658,0.0,0.22
-6.6984,-0.1977,10.3144,-2.687,24.0376,0.4251,-0.1361,-0.2408,10.341,3228,1,0.05909050621230274,0.0,0.23142857142857143
-5.2019,-0.4089,10.1759,-3.7096,52.5897,2.4834,-0.1181,-0.4236,10.1224,3229,0,0.14646320722863596,0.0,0.19164835164835164
-5.6464,0.3255,10.0393,-0.7553,18.5305,-4.5415,0.0463,0.3375,9.9612,3230,0,0.14761766996893347,0.0,0.19142857142857142
-5.7975,-0.1948,9.3886,-0.2831,50.6916,2.1796,-0.2044,-0.2665,9.435,3231,0,0.09627567466039792,0.0,0.21164835164835163
-8.6342,0.2627,10.0721,-2.0725,52.6004,2.7237,0.0237,0.2983,10.0493,3232,0,0.13997515789163878,0.0,0.21164835164835163
-8.3267,-0.5608,10.0622,2.8688,44.0232,-0.2578,0.5143,-0.6277,10.0917,3233,0,0.13012927347051545,0.0,0.20164835164835165
-8.765,-0.149,9.8466,-0.6889,49.7728,-2.1197,-0.1057,-0.0396,9.7554,3234,0,0.13410294565815653,0.0,0.18021978021978022
-7.4627,-0.3204,9.863,-0.73,41.366,2.215,0.2077,-0.3879,9.9008,3235,0,0.13430184871289483,0.0,0.18021978021978022
-8.6261,0.1451,9.9286,-5.7913,33.3101,-3.9689,0.3696,0.0722,9.9712,3236,0,0.14126038801239524,0.0,0.18164835164835164
-8.7515,0.0589,9.7477,2.2842,36.7251,3.2724,-0.2241,0.0126,9.684,3237,0,0.12855407347770542,0.0,0.19164835164835164
-6.0865,-0.044,9.5409,-4.8997,59.5557,2.5757,0.2211,-0.0071,9.5487,3238,0,0.10450400066620409,0.0,0.18021978021978022
-9.258,-0.0707,9.8007,0.3254,32.3925,3.1356,-0.2895,-0.052,9.7769,3239,0,0.12065933663560012,0.0,0.18164835164835164
-8.1545,-0.5103,9.7913,-0.6831,22.9716,4.6392,-0.4175,-0.5633,9.7998,3240,0,0.14527372617586679,0.0,0.20164835164835165
-6.3456,-0.0112,9.9302,-2.1021,27.9043,1.1338,-0.1784,0.0195,9.8327,3241,0,0.13212793566941658,0.0,0.19164835164835164
-9.3499,0.2266,10.2641,-2.5773,45.0714,0.3132,-0.0932,0.2063,10.2491,3242,0,0.13321339078033986,0.0,0.19164835164835164
-5.737,-0.371,9.5866,-1.8085,25.8213,1.4999,-0.2668,-0.3065,9.5581,3243,0,0.11562027973597154,0.0,0.19021978021978023
-9.6181,0.1492,10.4598,2.4106,47.195,-1.0549,-0.2466,0.1874,10.4851,3244,1,0.02691860727828291,0.0,0.16164835164835165
-8.2764,0.2401,9.7566,-0.3905,34.3697,5.7704,0.3744,0.281,9.7465,3245,0,0.13782306354646245,0.0,0.16164835164835165
-8.9274,-0.4146,9.915,4.4585,33.3963,3.6083,0.5164,-0.4547,9.9237,3246,0,0.1269945319513222,0.0,0.15021978021978022
-9.759,0.1862,9.8299,1.1464,19.9377,-0.975,-0.0747,0.2159,9.8031,3247,0,0.12065933663560012,0.0,0.15164835164835164
-7.2193,0.1159,9.8196,-3.6975,42.9315,4.4817,-0.0947,0.099,9.8636,3248,0,0.14101220888820476,0.0,0.16164835164835165
-8.2308,1.1156,9.6036,-3.0607,26.5722,0.0482,0.159,1.1294,9.577,3249,1,0.0936341113604599,0.0,0.15244835164835163
-6.5902,-0.0699,9.7412,2.1765,41.6942,1.6396,-0.3844,-0.0061,9.6519,3250,0,0.1163943638588306,0.0,0.15244835164835163
-7.7812,0.1527,9.373,0.3343,47.5587,-6.6613,0.0514,0.0829,9.3611,3251,1,0.07940693258759339,0.0,0.15244835164835163
-6.7707,0.0627,9.9185,1.7248,27.7556,4.9031,0.1451,0.0856,9.8976,3252,0,0.12903114655581588,0.0,0.15244835164835163
-5.4969,0.4445,9.7523,-3.088,29.9946,1.5035,-0.1054,0.425,9.7945,3253,0,0.1265649631975866,0.0,0.15244835164835163
-6.3887,0.1578,9.7303,-6.003,37.0386,2.1099,-0.287,0.1544,9.7743,3254,0,0.12615132748228208,0.0,0.14244835164835165
-10.2429,-0.1917,9.5248,1.4482,33.9456,1.3691,-0.2133,-0.1281,9.5224,3255,0,0.101346105929362,0.0,0.15244835164835163
-5.8233,-0.1853,10.0053,-1.3601,48.9807,4.9956,-0.3417,-0.2161,9.8965,3256,0,0.14798951019896212,0.0,0.17244835164835165
-9.3764,-0.0098,9.5064,-7.7746,25.0421,-2.3826,-0.016,0.0262,9.4959,3257,0,0.09611434868833,0.0,0.18244835164835166
-6.8296,-0.0699,9.6974,-2.1985,48.2916,-1.343,-0.4047,-0.0944,9.6898,3258,0,0.1385147024739155,0.0,0.17244835164835165
-9.1058,-0.1695,9.9899,-0.7253,49.5216,-5.1386,-0.2958,-0.1459,10.0499,3259,0,0.14761766996893347,0.0,0.17244835164835165
-4.7183,-0.2747,9.5223,1.3275,39.5515,-0.5389,0.2954,-0.2727,9.5526,3260,0,0.10382403989471016,0.0,0.1924483516483516
-6.8395,0.778,9.656,3.7492,16.8508,-0.0696,-0.4212,0.7813,9.661,3261,0,0.11914022430705992,0.0,0.1924483516483516
-7.9614,0.3774,9.83,1.0082,21.922,1.379,0.7269,0.3893,9.6939,3262,0,0.10657312149964325,0.0,0.16244835164835167
-8.8579,0.0502,9.7203,-0.9931,56.8381,0.2684,0.0938,0.1549,9.7106,3263,0,0.12810294565815653,0.0,0.17244835164835165
-5.3865,0.4771,9.9676,3.5143,25.9984,1.9125,-0.1206,0.5458,9.9312,3264,0,0.12354007761406256,0.0,0.18244835164835163
-8.8651,-0.393,9.8809,-1.322,48.6984,0.1156,0.125,-0.4068,9.9849,3265,0,0.13430184871289483,0.0,0.17244835164835165
-8.5756,-0.1842,9.9324,3.0651,46.8317,0.4274,-0.0628,-0.2008,9.953,3266,0,0.12674629315733923,0.0,0.16244835164835167
-8.6868,0.0702,9.5356,-4.8642,39.2841,-0.4956,-0.0083,0.0974,9.4879,3267,0,0.0932479192862837,0.0,0.17244835164835165
-8.3427,0.0039,9.9137,-3.5302,30.9217,1.8208,0.4553,0.025,9.9461,3268,0,0.132870203458196,0.0,0.17244835164835165
-5.4323,0.1203,9.5845,-3.7831,58.297,1.3745,-0.3608,0.1173,9.5084,3269,0,0.09685694184267468,0.0,0.1910197802197802
-9.2673,-0.0451,9.7966,0.9827,18.6951,6.3106,-0.2487,-0.088,9.7992,3270,0,0.12761458781167093,0.0,0.1910197802197802
-4.8551,0.0651,9.5965,-1.3042,50.9702,1.8099,0.4696,-0.0114,9.6152,3271,0,0.11160005977950459,0.0,0.1910197802197802
-8.7618,-0.0767,9.6805,6.3428,56.5152,4.3048,-0.3309,-0.1267,9.7662,3272,0,0.14133093249809525,0.0,0.1910197802197802
-7.4857,0.2235,9.6189,-4.8411,54.422,5.7675,0.0587,0.1826,9.5986,3273,0,0.1333708363174259,0.0,0.2110197802197802
-9.1292,-0.0771,9.809,-1.6154,26.2496,4.2189,0.2243,-0.0982,9.8327,3274,0,0.13709916540994388,0.0,0.2110197802197802
-9.5763,-0.4487,9.9069,-5.4027,58.5086,1.0009,0.1244,-0.4389,9.9333,3275,0,0.1382148921911557,0.0,0.2110197802197802
-7.5194,0.2107,9.9544,-2.987,55.6754,3.5159,-0.3645,0.2656,9.9019,3276,0,0.13775293566941657,0.0,0.2010197802197802
-7.4095,-0.3915,9.9012,-0.8014,40.3713,-2.3603,-0.2552,-0.4107,9.9033,3277,0,0.1458574042684504,0.0,0.1910197802197802
-9.6337,-0.2231,9.688,6.7189,30.7694,1.7823,-0.0042,-0.211,9.6631,3278,0,0.1342686430242767,0.0,0.16079999999999997
-8.7548,0.111,9.886,-4.3439,40.4203,3.5352,-0.2621,0.0772,9.8129,3279,0,0.13212793566941658,0.0,0.17079999999999998
-9.0222,0.3028,10.096,1.6134,57.0985,-1.9067,0.4354,0.2898,10.0935,3280,0,0.13366240301366653,0.0,0.17079999999999998
-9.3889,0.0991,9.7198,-4.1405,25.9682,4.6158,-0.0809,0.0806,9.8164,3281,0,0.14101220888820476,0.0,0.16079999999999997
-7.2728,0.3987,9.905,2.8202,48.2917,0.945,0.2788,0.4645,9.8569,3282,0,0.11791507761406254,0.0,0.16079999999999997
-7.1257,-0.5517,9.8623,-0.3191,26.9315,2.0268,-0.241,-0.542,9.8512,3283,0,0.13183263972567702,0.0,0.16079999999999997
-9.5324,-0.3006,9.9725,0.4298,22.1506,1.1052,-0.0375,-0.314,10.0225,3284,0,0.1345935153795615,0.0,0.17079999999999998
-7.7955,-0.005,9.6478,0.4748,23.8368,-3.5498,-0.2466,0.0017,9.6337,3285,0,0.1235946282012788,0.0,0.1808
-6.0607,-0.365,9.8078,0.6427,32.2939,0.8148,0.3214,-0.2708,9.8754,3286,0,0.1259021373131834,0.0,0.1808
-6.5186,0.3004,9.8282,-0.4163,51.6494,0.833,-0.4869,0.2896,9.8064,3287,0,0.12945987418537022,0.0,0.17079999999999998
-8.5489,-0.4922,9.9516,0.5046,39.9548,-3.4557,-0.3738,-0.5058,9.9029,3288,0,0.14392684871289482,0.0,0.17079999999999998
-8.2172,0.7623,10.1624,0.2448,29.4613,5.637,0.0256,0.7599,10.1469,3289,0,0.1381883211099391,0.0,0.1710197802197802
-8.9134,-0.3078,9.8429,-0.98,48.8497,3.5389,0.1352,-0.293,9.8701,3290,0,0.13430184871289483,0.0,0.1810197802197802
-8.6396,-0.2437,9.7994,1.6556,38.4074,3.7384,-0.099,-0.2011,9.8676,3291,0,0.12674629315733923,0.0,0.1710197802197802
-5.3098,-0.2377,9.6045,-1.3979,45.2157,1.9965,0.3094,-0.2202,9.6696,3292,0,0.12129030835802414,0.0,0.17079999999999998
-9.2531,0.2206,9.6327,3.2387,55.8755,3.5085,0.3027,0.334,9.6015,3293,0,0.11564809520211419,0.0,0.16079999999999997
-7.4232,-0.1001,9.6157,-0.1058,56.4705,2.8866,0.0959,-0.072,9.6564,3294,0,0.115203351836285,0.0,0.1408
-4.6529,-0.4459,10.2494,-1.2684,44.0927,-4.247,0.5467,-0.499,10.2389,3295,0,0.1571753305337033,0.0,0.1408
-7.9399,-0.1726,9.5195,-3.9617,36.7799,1.155,0.341,-0.1836,9.5645,3296,0,0.12097018964963446,0.0,0.1308
-9.2015,0.0863,9.735,3.0219,50.0801,1.3145,0.1148,0.1478,9.6877,3297,0,0.12855407347770542,0.0,0.1308
-7.6727,-0.2318,9.4988,-3.1159,51.2395,0.4865,-0.1284,-0.2677,9.4879,3298,0,0.09838249485564188,0.0,0.1308
-9.0907,-0.3123,10.0766,0.9412,46.6303,-3.1505,-0.0484,-0.2795,10.1291,3299,0,0.14614907093511703,0.0,0.15
-10.3328,-0.3037,10.1058,-1.9425,46.5593,-0.3793,-0.4042,-0.4045,10.1605,3300,0,0.14378697118397885,0.0,0.16
-7.8817,-0.2905,9.9261,-3.908,23.2896,-0.1064,-0.2401,-0.3804,9.952,3301,0,0.1382148921911557,0.0,0.19021978021978023
-6.2162,-0.2018,9.7265,-1.7935,41.1479,-4.3079,-0.4395,-0.2656,9.6801,3302,0,0.1509034832079266,0.0,0.17
-8.4768,-0.0753,9.9029,2.7364,40.9711,1.6006,0.3087,-0.005,9.9241,3303,0,0.12065933663560012,0.0,0.18
-6.4677,0.2488,9.7014,6.4921,37.2847,0.6649,-0.1032,0.216,9.6803,3304,0,0.13673237356502135,0.0,0.17
-9.2914,0.1761,9.5661,0.79,34.9054,-1.3558,-0.5662,0.2212,9.5689,3305,0,0.10740868926453918,0.0,0.17
-10.6406,-0.6487,10.0599,4.1082,27.9025,0.1159,-0.6631,-0.6154,10.0585,3306,1,0.10007043984889416,0.0,0.16
-7.1358,0.4409,9.8583,-1.4233,23.2355,0.3732,-0.4676,0.3661,9.9827,3307,0,0.12945987418537022,0.0,0.17
-8.1245,-0.3897,9.8794,3.6551,34.8025,-9.1664,-0.7137,-0.4389,9.9268,3308,1,0.10141659327073169,0.0,0.16
-6.7997,-0.0256,10.0187,-1.9662,43.2515,0.2774,-0.2424,-0.0573,10.1579,3309,0,0.13770001466223972,0.0,0.15
-5.7119,-0.1041,9.5111,5.5633,24.1022,-1.2643,0.1054,-0.1732,9.4767,3310,0,0.1012307042510231,0.0,0.15
-8.5797,-0.4139,9.816,5.8185,49.517,-3.9761,-0.0746,-0.4462,9.9517,3311,0,0.14576110258603958,0.0,0.15
-6.5066,0.0722,9.6409,0.331,57.0099,-0.6102,0.7126,0.0653,9.6627,3312,0,0.09005812066766108,0.0,0.16
-9.3494,-0.1665,10.083,-0.0797,52.2024,1.9357,0.5355,-0.2236,10.0941,3313,0,0.1423973097291,0.0,0.15
-6.2516,-0.0568,9.9066,-1.3851,26.2433,0.3621,0.199,-0.0809,9.9254,3314,0,0.1282148921911557,0.0,0.15
-7.7636,-0.1648,9.6718,-0.3991,57.8799,-0.5583,-0.2685,-0.1482,9.7221,3315,0,0.12735667700144013,0.0,0.15
-5.3799,-0.3697,10.1977,-1.7234,46.0025,-3.1821,0.0831,-0.441,10.1533,3316,0,0.1594996652855764,0.0,0.15
-8.0112,-0.2393,10.0994,5.2796,52.2791,-1.029,0.1883,-0.1967,10.1631,3317,0,0.13977762602330718,0.0,0.14
-7.6121,-0.0593,10.11,0.8275,20.6775,0.2854,-0.0433,-0.0426,10.0824,3318,0,0.12850655885782236,0.0,0.16
-6.1161,-0.443,9.5325,-5.2349,24.9042,-0.1621,0.0204,-0.4384,9.5406,3319,0,0.10698193463155224,0.0,0.17
-6.7259,0.0126,10.0718,2.1159,34.7056,0.9352,-0.1716,-0.0223,9.9864,3320,0,0.12850655885782236,0.0,0.15
-8.3197,-0.544,9.805,1.9498,34.4459,0.1907,-0.2244,-0.5686,9.8438,3321,0,0.1295173672388041,0.0,0.12
-7.2526,-0.3651,9.5361,1.6094,32.8796,-0.1252,0.2663,-0.3247,9.6376,3322,0,0.11340711199502362,0.0,0.12003883495145631
-6.6824,-0.4874,9.7548,2.0883,41.9074,0.1096,-0.2642,-0.4691,9.6391,3323,0,0.11887229782417875,0.0,0.13003883495145632
-6.2671,0.1957,10.1069,1.413,69.838,-0.3793,0.22,0.2452,10.1656,3324,0,0.1262314156284233,0.0,0.13003883495145632
-8.9679,0.1,10.0403,-2.5727,31.9154,1.5221,0.0687,0.1023,10.0782,3325,0,0.13997515789163878,0.0,0.12003883495145631
-6.1115,-0.0299,9.7239,2.6121,29.7619,-0.9097,0.2293,-0.0194,9.7243,3326,0,0.12494505092131442,0.0,0.12003883495145631
-9.4251,-0.619,9.8091,0.9303,51.5197,-1.4204,0.6244,-0.6294,9.8449,3327,0,0.11902041328670954,0.0,0.13003883495145632
-8.9962,0.1152,9.8614,-4.9368,17.7038,7.2295,-0.3538,0.1946,9.8482,3328,0,0.13908318684548734,0.0,0.12003883495145631
-6.9013,0.4422,9.6814,-1.4845,31.6611,-2.7218,-0.1752,0.4584,9.7399,3329,0,0.1361679735354581,0.0,0.1400388349514563
-6.4818,0.1211,9.8166,-4.01,25.2661,-0.2509,-0.0418,0.0197,9.8349,3330,0,0.13212793566941658,0.0,0.13003883495145632
-6.1354,-0.4235,9.8075,-0.3134,32.7358,-0.4494,0.469,-0.3608,9.8799,3331,0,0.13069855665611438,0.0,0.1400388349514563
-5.7021,-0.3154,9.782,-0.7314,25.9418,-2.8018,0.5686,-0.3282,9.8013,3332,0,0.14226190563258675,0.0,0.1900388349514563
-7.7067,0.6005,10.4637,0.0358,38.0358,-4.0609,0.0346,0.6359,10.4896,3333,1,0.03394749672427372,0.0,0.1600388349514563
-9.8106,-0.4705,9.5157,4.5515,30.2845,-1.5889,-0.1246,-0.4524,9.4855,3334,0,0.10403887304699676,0.0,0.1600388349514563
-5.9646,-0.1109,9.7396,-1.747,22.1586,-3.0145,0.1452,-0.0482,9.6998,3335,0,0.13965850121371207,0.0,0.1500388349514563
-5.1274,-0.687,10.0268,3.5129,28.8258,8.3501,0.4572,-0.6327,10.0979,3336,0,0.12381044145730331,0.0,0.1400388349514563
-7.4776,-0.6334,9.8138,1.7266,36.237,5.3691,-0.5556,-0.711,9.8491,3337,0,0.12539238595955124,0.0,0.1400388349514563
-9.4889,-0.2483,9.5517,-0.7266,42.2775,0.1296,0.2092,-0.2024,9.5537,3338,0,0.10698193463155224,0.0,0.1500388349514563
-6.1574,0.4076,9.9443,-1.0329,48.0524,-4.5602,0.6146,0.4709,9.954,3339,0,0.14024247141926532,0.0,0.1600388349514563
-5.0518,0.0757,10.1508,-0.7049,30.6846,-1.4711,0.5219,0.1741,10.1386,3340,0,0.14231035320736088,0.0,0.1400388349514563
-8.5919,-0.3672,9.3435,-3.7651,36.5428,1.158,0.0718,-0.3841,9.3454,3341,1,0.0813146321046934,0.0,0.12003883495145631
-8.589,-0.2025,9.762,-0.9427,63.2105,3.0131,-0.2804,-0.1839,9.7916,3342,0,0.12990418789418137,0.0,0.12003883495145631
-7.4449,-0.0324,9.9751,-2.0783,38.0536,3.138,0.3465,-0.0693,9.9737,3343,0,0.13913100204748294,0.0,0.12003883495145631
-6.6827,0.0233,10.0983,0.9478,25.4468,1.405,-0.1632,0.0356,10.0891,3344,0,0.12850655885782236,0.0,0.12003883495145631
-9.3519,-0.0882,9.5167,-6.5247,29.4368,-0.347,-0.1784,-0.1379,9.5253,3345,0,0.09931603074139206,0.0,0.12003883495145631
-6.6688,0.774,9.8246,-1.2611,25.3321,-0.1203,-0.1549,0.7308,9.7996,3346,0,0.11439102245151687,0.0,0.12003883495145631
-5.9475,-0.4088,9.6381,0.472,47.3115,-4.0198,0.101,-0.3578,9.6528,3347,0,0.1296815847230179,0.0,0.12026740638002774
-6.8483,-0.2194,9.8229,0.1607,29.6464,0.6312,-0.2313,-0.1687,9.8732,3348,0,0.12674629315733923,0.0,0.12026740638002774
-9.4507,-0.072,9.3934,2.003,43.7895,-0.1577,0.2817,-0.0458,9.4551,3349,0,0.08742554104372534,0.0,0.12003883495145631
-7.1202,-0.5521,9.9503,-1.4734,47.176,-1.9884,0.4129,-0.6095,9.9621,3350,0,0.1403657286726919,0.0,0.11026740638002774
-8.068,-0.2016,9.6046,4.8216,50.622,0.3631,-0.0141,-0.234,9.6258,3351,0,0.12238528304060708,0.0,0.11026740638002774
-8.0079,0.0782,9.6686,-4.9558,47.1662,0.0876,0.0308,0.1861,9.686,3352,0,0.13126972047970098,0.0,0.11003883495145632
-5.1228,0.1066,9.7674,-2.963,37.4377,-0.9694,0.0497,0.1484,9.7508,3353,0,0.1320159891364174,0.0,0.11026740638002774
-6.0016,0.3428,10.1132,-1.8485,39.0708,0.2997,-0.4333,0.3759,10.2285,3354,0,0.1302516059256523,0.0,0.11026740638002774
-6.7492,-0.0787,10.0691,-2.3073,49.1135,-0.5833,-0.5941,-0.0325,10.1576,3355,0,0.13537479863710225,0.0,0.10026740638002775
-9.6168,0.3216,9.6759,-1.3419,59.6636,-0.8539,-0.1799,0.287,9.6796,3356,0,0.12735667700144013,0.0,0.09026740638002774
-6.3183,-0.225,9.8552,1.5789,19.1044,0.717,0.3605,-0.2511,9.8318,3357,0,0.1259021373131834,0.0,0.09026740638002774
-9.1347,0.2959,9.6886,-0.1612,17.8914,-2.2811,0.1154,0.2857,9.7559,3358,0,0.13891223255699567,0.0,0.10741026352288488
-7.2651,-0.0539,9.9922,4.4446,55.8203,-1.8081,0.2366,-0.0545,10.0478,3359,0,0.13699573634699985,0.0,0.10741026352288488
-8.1929,-0.022,9.9585,-0.3877,23.4799,-2.3156,0.2187,-0.0464,9.9143,3360,0,0.14761766996893347,0.0,0.10741026352288488
-9.4165,0.1375,10.1359,-1.9686,60.4243,-0.7934,-0.1142,0.1782,10.166,3361,0,0.13770001466223972,0.0,0.10741026352288488
-8.1868,0.4133,9.4541,1.553,53.3406,-0.2996,-0.2883,0.3626,9.4868,3362,0,0.09238764359706064,0.0,0.11741026352288488
-5.3993,-0.0399,9.8809,1.917,31.5862,-3.4755,0.2817,-0.1389,9.9421,3363,0,0.13221489219115568,0.0,0.12741026352288487
-7.1493,-0.6921,9.7075,2.6049,44.8727,-3.5276,-0.1949,-0.6682,9.6814,3364,0,0.1278402519446891,0.0,0.12741026352288487
-5.2225,0.1796,9.6327,-0.6299,35.3761,0.7178,-0.0413,0.1524,9.6873,3365,0,0.12735667700144013,0.0,0.12741026352288487
-9.3527,0.303,9.7838,-0.8526,42.7198,-0.249,-0.5301,0.2804,9.8452,3366,0,0.12945987418537022,0.0,0.13741026352288488
-6.472,0.6229,9.9938,0.4954,27.3635,-1.0862,0.3921,0.7055,10.0048,3367,0,0.11752661488180535,0.0,0.14026740638002774
-6.8598,-0.0689,9.5724,-3.5835,31.2856,2.7196,-0.1691,-0.0514,9.5579,3368,0,0.10953332321423241,0.0,0.16026740638002773
-10.3532,-0.0747,9.3114,4.1535,42.9833,9.7456,-0.7141,-0.0359,9.3469,3369,1,0.0855380190928165,0.0,0.1802674063800277
-7.1875,-0.2184,9.7881,4.0525,37.457,1.8566,0.1514,-0.1704,9.7713,3370,0,0.12674629315733923,0.0,0.1802674063800277
-9.3482,0.4999,9.7952,-0.0843,36.7938,-2.9785,-0.0469,0.5137,9.7998,3371,0,0.1326285279064602,0.0,0.1702674063800277
-8.0734,0.4286,9.9183,-2.2661,34.7409,0.1037,0.0805,0.4962,9.9505,3372,0,0.12938367664787898,0.0,0.1702674063800277
-7.9122,-0.5779,9.9709,0.4083,19.609,-0.6171,-0.3805,-0.6086,9.9454,3373,0,0.134776060987436,0.0,0.15026740638002775
-6.0123,-0.0818,9.6256,-0.2887,41.2609,-1.3353,-0.0521,-0.1167,9.7274,3374,0,0.12975403889876883,0.0,0.16026740638002773
-8.683,0.3096,10.0438,-3.401,30.8671,-1.6845,-0.2738,0.3207,10.0399,3375,0,0.14597515789163878,0.0,0.1600388349514563
-6.1948,-0.0838,9.3854,1.0232,29.4013,2.3148,0.3265,-0.1347,9.468,3376,0,0.08688335499267863,0.0,0.16026740638002773
-6.1061,0.3027,9.4675,-1.3751,29.4172,-0.4269,0.1895,0.2957,9.4886,3377,0,0.09554553833390274,0.0,0.1802674063800277
-5.9555,-0.2456,10.0496,4.4562,29.393,2.9821,-0.1201,-0.2042,10.0507,3378,0,0.137082692868739,0.0,0.1802674063800277
-10.3257,-0.331,9.6417,-3.384,31.1722,3.4696,-0.5604,-0.2505,9.7025,3379,0,0.14354401488537896,0.0,0.16026740638002773
-9.312,-0.4401,9.6765,-0.803,42.6644,4.5579,-0.1256,-0.5086,9.6464,3380,0,0.13377721967948364,0.0,0.17026740638002774
-7.2621,0.0606,9.9831,1.8625,29.8585,0.7561,0.323,-0.0107,10.0149,3381,0,0.12766240301366652,0.0,0.16026740638002773
-8.2636,-0.364,9.9602,2.975,50.4802,4.6625,0.1688,-0.3228,9.9769,3382,0,0.13785278859834968,0.0,0.16026740638002773
-6.3615,-0.5969,9.793,1.1523,30.3157,-1.1798,0.2628,-0.6124,9.7575,3383,0,0.1303454897918344,0.0,0.1702674063800277
-8.497,0.1347,10.0077,-9.3485,34.6857,-1.2643,0.2884,0.214,10.0329,3384,0,0.13867429366018694,0.0,0.19737142857142856
-9.0221,0.4761,9.5658,-0.5223,18.5724,-0.9601,0.0453,0.4672,9.5179,3385,0,0.09815071908827554,0.0,0.2102285714285714
-8.7333,0.3032,10.1275,2.8976,38.0045,1.5491,-0.0311,0.2834,10.0855,3386,0,0.12866300706078218,0.0,0.20737142857142857
-5.0738,-0.1903,9.8219,-0.2719,36.279,0.4913,0.417,-0.2248,9.7809,3387,0,0.12906003205002553,0.0,0.20737142857142857
-8.0231,-0.1507,9.81,-1.8203,63.6768,-5.7827,-0.0093,-0.1481,9.8285,3388,0,0.14368349122497212,0.0,0.20737142857142857
-9.1338,-0.4381,9.6759,8.0967,35.4962,-7.3349,-0.0389,-0.4784,9.6876,3389,0,0.15033113958554026,0.0,0.14346386554621848
-8.4003,0.3928,10.0037,1.756,27.3803,-1.8364,0.2692,0.3856,10.0202,3390,0,0.13450655885782237,0.0,0.14022857142857142
-6.9653,-0.3683,9.3843,-0.238,49.6233,-3.2183,-0.0479,-0.3828,9.3397,3391,1,0.08733369889876723,0.0,0.14022857142857142
-4.7321,0.2848,10.312,0.7353,45.2826,-5.6835,0.3441,0.2574,10.3348,3392,1,0.0915356215173491,0.0,0.1534638655462185
-6.0516,-0.0692,10.041,2.6889,48.6424,-0.4526,-0.1559,-0.0705,10.0813,3393,0,0.12850655885782236,0.0,0.1634638655462185
-6.4841,-0.113,9.6625,-4.8421,41.922,2.7342,0.1581,-0.0978,9.6311,3394,0,0.1227190334172172,0.0,0.16203529411764706
-6.2831,0.2207,9.6177,4.7959,42.0469,-1.1815,-0.2956,0.3196,9.5718,3395,0,0.1140255992461407,0.0,0.15203529411764707
-9.3153,-0.1092,9.7176,-4.0816,25.115,3.7664,-1.0073,-0.0758,9.6613,3396,1,0.09213259998378984,0.0,0.14022857142857142
-7.8028,0.2422,9.4924,6.2519,35.8572,-5.5327,0.0246,0.154,9.5476,3397,0,0.11852648737924028,0.0,0.13022857142857144
-9.5855,-0.1116,10.0571,0.2983,30.2905,2.1372,0.2488,-0.0639,10.1339,3398,0,0.12850655885782236,0.0,0.14022857142857142
-6.7875,0.7968,9.8237,0.7765,32.0326,3.356,0.0776,0.8466,9.8467,3399,0,0.12386893626812466,0.0,0.14022857142857142
-7.4212,-0.6449,10.1337,-1.2156,20.5722,-0.0957,0.0501,-0.5923,10.0931,3400,0,0.14295194083127669,0.0,0.14022857142857142
-9.5605,-0.2322,9.9088,5.6267,47.3185,1.5433,-0.1568,-0.1021,9.9417,3401,0,0.12811859050874486,0.0,0.12022857142857143
-5.8141,-0.3801,9.9131,1.5699,26.8774,3.8045,0.0137,-0.3876,9.8881,3402,0,0.12674629315733923,0.0,0.13022857142857144
-7.0102,-0.2559,10.0278,0.1732,20.9095,1.5849,-0.0684,-0.3154,10.0506,3403,0,0.1345935153795615,0.0,0.13
-8.1115,-0.2221,9.5569,-0.1803,25.0114,-1.0773,-0.2825,-0.1616,9.5678,3404,0,0.10820532293739932,0.0,0.14
-7.1077,0.0008,9.7673,2.2952,19.0204,-0.3739,-0.7835,0.0721,9.7952,3405,1,0.09386372305826356,0.0,0.15
-10.0411,-0.4028,10.0669,-0.6389,25.9337,1.6921,-1.0318,-0.4609,10.0547,3406,1,0.11171637972840656,0.0,0.14
-8.8745,0.1199,9.9812,-3.4929,55.5755,8.59,0.6463,0.0777,10.023,3407,1,0.13041991991619323,0.0,0.12022857142857143
-9.7474,0.2955,9.9346,3.2193,59.3523,-2.0786,-0.1833,0.3139,9.9665,3408,0,0.13228433663560016,0.0,0.13022857142857144
-7.6339,0.1239,10.0262,-1.4875,31.967,0.6578,0.1373,0.1465,10.0975,3409,0,0.1360621144133779,0.0,0.12022857142857143
-6.1877,0.0741,10.2684,-1.5437,49.1468,7.8799,-0.1013,0.097,10.2983,3410,1,0.11215088928673847,0.0,0.13022857142857144
-8.6054,0.3408,9.7273,1.7106,58.242,0.013,-0.3288,0.3078,9.7442,3411,0,0.12494505092131442,0.0,0.12022857142857143
-10.03,0.1808,9.6103,4.8471,22.5666,0.0643,-0.1069,0.155,9.6493,3412,0,0.11629832651886796,0.0,0.13022857142857144
-9.3465,-0.0786,10.2144,-2.539,23.9743,-1.5631,0.5143,-0.0591,10.1744,3413,0,0.15147309585818525,0.0,0.13022857142857144
-5.6816,0.2676,9.9054,-4.8249,38.9744,-4.2363,0.2542,0.3097,9.9029,3414,0,0.14368349122497212,0.0,0.14022857142857142
-7.6236,0.0173,9.6767,-0.5907,48.0198,2.4788,0.061,0.0853,9.6724,3415,0,0.1188059899389563,0.0,0.12022857142857143
-6.2012,-0.1933,9.4841,1.9932,30.3795,-2.3754,0.5303,-0.1777,9.4777,3416,0,0.0992189668745942,0.0,0.12022857142857143
-5.7873,0.3544,9.5318,-2.14,17.4516,-2.9476,0.0851,0.3628,9.5253,3417,0,0.10645053366536868,0.0,0.12022857142857143
-8.2481,-0.1382,9.7262,3.9377,36.2815,-4.4029,-0.3274,-0.1273,9.6594,3418,0,0.12434089685799521,0.0,0.12022857142857143
-7.2448,-0.0752,9.9582,-5.4284,34.0566,-1.1357,-0.6665,-0.0358,9.9719,3419,0,0.10324820688757054,0.0,0.13
-7.8432,0.4347,9.8595,0.5491,22.8572,-6.5314,0.392,0.4298,9.8885,3420,0,0.13020542469388333,0.0,0.13
-0.0312,-0.2058,10.0525,-1.6102,-0.2235,-2.932,-0.021,-0.2063,10.0932,3421,0,0.15370659276867144,0.0,0.2
-0.3302,-0.1248,10.1397,1.9275,-3.6143,0.1409,-0.3454,-0.1825,10.1381,3422,0,0.15370659276867144,0.0,0.21
0.3319,0.1142,9.909,5.2663,2.5335,-6.5198,0.3469,0.0926,9.9301,3423,0,0.1532405209942328,0.0,0.19
-0.0022,0.3409,10.2387,-2.5031,1.7987,0.0228,0.032,0.3241,10.2734,3424,0,0.14983440187878977,0.0,0.19
-0.273,-0.2458,9.881,1.7146,-3.6805,-0.3762,-0.357,-0.3012,9.8428,3425,0,0.15370659276867144,0.0,0.22
0.163,-0.1825,10.2676,0.5813,1.8791,0.8576,0.2001,-0.2222,10.3498,3426,0,0.09020603667956945,0.0,0.21
0.0304,-0.3557,9.8125,1.9929,2.937,-1.0273,0.0467,-0.3489,9.8164,3427,0,0.15370659276867144,0.0,0.2
-0.5805,0.2685,9.9699,6.3749,-0.5882,-1.9593,-0.6665,0.2569,9.996,3428,0,0.15132232979688526,0.0,0.2
-0.3517,-0.0348,10.0292,-2.4452,4.8913,0.3499,-0.3793,-0.0477,9.9901,3429,0,0.15370659276867144,0.0,0.21
-0.4792,0.0967,9.6336,-1.2823,2.5176,0.2405,-0.5177,0.142,9.673,3430,0,0.15370659276867144,0.0,0.22
-0.0616,-0.2328,9.4772,1.6372,0.1801,1.1828,-0.1093,-0.2,9.5179,3431,0,0.15370659276867144,0.0,0.22
-0.2006,-0.2026,10.0129,-1.2924,0.2618,-0.2689,-0.1804,-0.2086,10.0197,3432,0,0.15370659276867144,0.0,0.22
-0.1356,-0.2936,9.8114,-3.6176,-6.5018,1.6167,-0.0747,-0.3586,9.8059,3433,0,0.15370659276867144,0.0,0.21
-0.7626,-0.0843,9.8016,0.4442,-3.7533,-2.3615,-0.8798,-0.1221,9.8304,3434,0,0.11798870512549894,0.0,0.21
0.0644,-0.3255,10.0113,0.6124,-0.8082,-0.1436,0.0993,-0.298,10.0163,3435,0,0.15370659276867144,0.0,0.21
-0.0175,0.5238,9.9313,-1.5825,-1.1826,1.824,-0.1142,0.4889,9.835,3436,0,0.15355074445237718,0.0,0.21
0.3242,0.2557,9.8942,0.2126,-4.7517,4.3394,0.2838,0.2395,9.7795,3437,0,0.15370659276867144,0.0,0.2
0.4362,-0.0828,9.8086,-2.6807,3.6863,-4.3522,0.4233,-0.1311,9.8492,3438,0,0.15370659276867144,0.0,0.2
0.0907,0.1142,9.7337,-0.374,-4.7381,-1.5942,0.0801,0.0917,9.6128,3439,0,0.15370659276867144,0.0,0.2000388349514563
0.115,0.1733,9.6303,3.5048,-3.0329,1.5204,0.1394,0.1606,9.6712,3440,0,0.15370659276867144,0.0,0.1900388349514563
0.2503,-0.4799,9.6727,2.1401,1.8931,-1.784,0.2209,-0.4257,9.6942,3441,0,0.15370659276867144,0.0,0.2000388349514563
0.0868,0.0293,10.2464,-3.3633,0.1142,-0.3027,0.0919,0.0276,10.3586,3442,0,0.07308980459631724,0.0,0.2000388349514563
0.3856,0.4426,9.7482,4.9214,4.9114,-2.5501,0.3934,0.4435,9.7163,3443,0,0.15370659276867144,0.0,0.2000388349514563
0.3321,-0.1146,9.8767,0.9058,-3.358,-4.137,0.2611,-0.1656,9.8807,3444,0,0.15370659276867144,0.0,0.1900388349514563
-0.1253,0.2641,10.0618,6.5253,-1.9247,-3.9874,-0.1328,0.2373,10.0066,3445,0,0.1528511125999369,0.0,0.21003883495145628
-0.0574,0.223,9.6839,-0.4717,2.7794,3.1562,-0.0117,0.2235,9.7076,3446,0,0.15370659276867144,0.0,0.21003883495145628
0.2634,0.1373,10.0122,1.1772,-2.6615,-2.5735,0.3195,0.0818,10.0483,3447,0,0.15370659276867144,0.0,0.21003883495145628
-0.2772,-0.0368,10.0299,-2.4926,-0.8828,2.0017,-0.2776,-0.0632,10.0594,3448,0,0.15370659276867144,0.0,0.21003883495145628
0.0687,0.0959,10.0107,-1.4012,-4.0674,-1.8459,0.0423,0.0299,10.0379,3449,0,0.15370659276867144,0.0,0.2200388349514563
-0.1454,-0.2385,9.8294,-3.6236,1.1936,-5.604,-0.1529,-0.3068,9.7906,3450,0,0.15370659276867144,0.0,0.1900388349514563
0.3319,0.2939,9.5356,2.1369,-2.2734,2.6302,0.2996,0.2495,9.5208,3451,0,0.15370659276867144,0.0,0.18003883495145628
0.0156,0.7232,9.7998,-1.9131,3.0097,-2.7631,0.0342,0.7359,9.7558,3452,0,0.15375803949514694,0.0,0.21146740638002776
0.6283,-0.1918,9.6957,-4.8848,0.5244,-4.1451,0.6701,-0.2295,9.7865,3453,0,0.151930034006841,0.0,0.21861026352288487
0.6037,0.1622,9.5695,4.4915,0.0427,1.4339,0.5852,0.1366,9.5947,3454,0,0.15395305979708973,0.0,0.21146740638002776
0.0113,-0.1705,9.8889,4.9202,-0.3388,1.5756,0.1386,-0.1563,9.9055,3455,0,0.15370659276867144,0.0,0.20146740638002775
0.3108,-0.1198,9.7562,1.3583,-1.7157,-0.2766,0.2261,-0.1381,9.7914,3456,0,0.15370659276867144,0.0,0.22146740638002776
-0.0361,-0.0298,9.5567,-0.9039,-2.1537,-3.9021,0.0175,-0.0017,9.5237,3457,0,0.15370659276867144,0.0,0.21146740638002776
-0.2927,0.0337,10.0059,0.7263,-4.0984,3.2443,-0.2287,0.0281,9.9462,3458,0,0.15370659276867144,0.0,0.22146740638002776
0.0454,-0.3055,9.887,-2.5469,5.3095,-0.7776,0.0656,-0.3256,9.9588,3459,0,0.15370659276867144,0.0,0.21003883495145628
0.0486,0.3095,10.2847,4.2473,3.8226,1.8404,0.0403,0.398,10.2793,3460,0,0.1536978023292523,0.0,0.17142857142857143
0.5965,0.1308,9.8271,-0.5332,-0.6555,1.5824,0.6506,0.0763,9.884,3461,0,0.1550942128288638,0.0,0.17
-0.402,0.0101,9.8003,-2.2329,-6.2956,1.9682,-0.3774,-0.0199,9.6735,3462,0,0.15370659276867144,0.0,0.15
-0.4535,-0.2975,9.8475,-3.9705,2.827,-6.8039,-0.5276,-0.2683,9.8136,3463,0,0.1532405209942328,0.0,0.09
-0.1734,0.1693,9.9578,1.977,1.8525,5.352,-0.1865,0.1611,9.9913,3464,0,0.15370659276867144,0.0,0.09003883495145631
-0.3104,-0.3947,9.8099,-1.9423,-1.622,0.3545,-0.2839,-0.3945,9.8026,3465,0,0.15370659276867144,0.0,0.0800388349514563
0.2916,0.1883,9.6305,-1.1159,0.7558,-2.1969,0.2694,0.1555,9.7464,3466,0,0.15370659276867144,0.0,0.10003883495145631
0.2547,0.673,9.9257,0.8515,-2.7489,-0.0652,0.262,0.7351,10.0215,3467,0,0.15148152233311896,0.0,0.08132867558890652
0.5731,-0.0667,9.9184,0.5149,-2.0747,-1.173,0.5888,-0.0154,9.8689,3468,0,0.15361879978792273,0.0,0.08132867558890652
0.0281,0.1304,9.7762,-1.9032,-0.2336,-2.9852,0.0399,0.1101,9.8064,3469,0,0.15370659276867144,0.0,0.08132867558890652
0.4366,-0.3289,9.7332,-5.2098,0.5521,2.9078,0.5,-0.3423,9.8122,3470,0,0.15370659276867144,0.0,0.0026902030205414084
-0.0408,-0.0269,9.7161,-1.3554,-3.9247,5.6715,0.015,-0.0568,9.6341,3471,0,0.15370659276867144,0.0,0.0019720575433513155
0.6626,0.2377,10.1588,2.6949,1.2786,-3.9973,0.6587,0.2638,10.1765,3472,0,0.1536624388243103,0.0,0.0020931880951682736
0.0887,-0.0435,9.6838,4.2428,-1.8987,2.226,-0.011,-0.0513,9.5875,3473,0,0.15370659276867144,0.0,0.0019720575433513155
0.2772,0.0426,9.85,-0.6234,-4.2714,-6.7531,0.2663,-0.0114,9.7887,3474,0,0.1532405209942328,0.0,0.0019720575433513155
-0.0737,-0.0611,9.9095,0.9225,5.1244,2.1634,-0.1354,-0.0623,9.9555,3475,0,0.15370659276867144,0.0,0.011972057543351315
0.2015,-0.0405,9.7196,-3.7644,1.5879,-1.0518,0.1389,-0.0428,9.7355,3476,0,0.15370659276867144,0.0,0.01121638327320398
0.5025,0.4452,9.8948,0.8137,4.2829,0.2196,0.5121,0.5662,9.9551,3477,0,0.15370659276867144,0.0,0.0019720575433513155
0.0146,-0.3011,9.6094,-0.8615,3.1885,-1.5565,0.0194,-0.2908,9.645,3478,0,0.15370659276867144,0.0,0.01133751382502094
0.1875,-0.405,9.7547,-1.3096,5.7404,-1.327,0.1588,-0.4248,9.7166,3479,0,0.15370659276867144,0.0,0.019779183495923232
0.7637,-0.3006,9.8546,1.6055,0.5786,-1.211,0.7511,-0.2978,9.8556,3480,0,0.15728818662667865,0.0,0.00025903207185074624
-0.0189,0.1135,9.6243,8.627,-1.6109,3.8757,-0.0226,0.1147,9.6225,3481,0,0.12147059343631422,0.0,0.00023153478835549637
0.5133,0.0776,9.5921,0.5319,-0.6938,2.4509,0.5452,0.136,9.6945,3482,0,0.15370659276867144,0.0,0.012612487169307877
0.7039,0.3352,9.6011,3.61,-1.3056,-12.0166,0.6913,0.2921,9.6819,3483,0,0.15430611598154387,0.0,0.060773967621577184
-0.19,0.6029,10.1829,-2.3565,0.4217,-0.2104,-0.1567,0.6099,10.1782,3484,0,0.15318370441863025,0.0,0.06081280257303349
0.0793,0.1551,10.015,-4.002,2.828,2.4724,0.0784,0.283,9.9868,3485,0,0.15370659276867144,0.0,0.06081280257303349
-0.1505,0.3255,10.0557,2.8036,-1.0883,-1.9011,-0.1554,0.4196,10.1372,3486,0,0.15370659276867144,0.0,0.050812802573033486
0.1502,-0.5368,10.0066,6.8474,1.4386,3.1779,0.1814,-0.5092,10.0211,3487,0,0.15242389511884455,0.0,0.06081280257303349
0.1341,0.3595,9.8244,3.8016,4.3933,1.9741,0.1212,0.3414,9.7021,3488,0,0.15370659276867144,0.0,0.07152482788948919
0.0135,0.0274,9.8557,-0.8941,0.2621,-5.0209,0.0877,0.0042,9.7534,3489,0,0.15370659276867144,0.0,0.07152482788948919
0.311,-0.283,9.7933,1.7926,-0.1619,1.5339,0.2771,-0.3181,9.7763,3490,0,0.15370659276867144,0.0,0.0915248278894892
0.4788,-0.1329,9.8287,2.5025,1.2399,0.9953,0.5351,-0.1207,9.7734,3491,0,0.15370659276867144,0.0,0.06152482788948919
-0.0406,0.1852,9.9609,-2.3871,2.8177,3.5949,-0.0594,0.2424,9.9747,3492,0,0.15370659276867144,0.0,0.051524827889489186
-0.3825,0.0186,9.8378,0.4485,-0.6323,1.6399,-0.5085,0.0504,9.8632,3493,0,0.15370659276867144,0.0,0.06081280257303349
-0.1737,-0.4948,9.7745,-3.0287,4.4496,-2.7203,-0.1945,-0.5344,9.7486,3494,0,0.15370659276867144,0.0,0.04077396762157719
-0.0943,-0.189,9.4235,-1.0488,-1.4218,-0.3364,-0.1299,-0.1678,9.4151,3495,0,0.152691395331968,0.0,0.027340267804818897
0.7514,0.4177,9.567,5.1739,2.9995,-0.3852,0.7341,0.4495,9.6385,3496,0,0.1527620173748077,0.0,0.0273791027562752
0.1019,-0.0931,9.5488,-6.0701,1.8714,3.2785,0.1384,-0.0291,9.6047,3497,0,0.15370659276867144,0.0,0.021485992938032883
0.2505,0.2615,9.997,2.1156,1.1517,-6.0295,0.2207,0.2462,9.9892,3498,0,0.15370659276867144,0.0,0.027937871367750056
0.2143,-0.3885,9.8983,-1.1944,-0.221,6.9938,0.1346,-0.3538,9.8627,3499,0,0.15314501477372658,0.0,0.021524827889489187
0.251,-0.1727,9.7636,-0.9166,-1.8532,-2.0008,0.2612,-0.2113,9.7329,3500,0,0.15370659276867144,0.0,0.011930233294894597
-0.1199,0.0314,9.8377,-2.3564,-0.8516,3.6462,-0.1609,0.015,9.7709,3501,0,0.15370659276867144,0.0,0.021524827889489187
-0.3742,-0.4052,9.7115,1.1085,0.0681,-1.3469,-0.3448,-0.3811,9.8278,3502,0,0.15370659276867144,0.0,0.021484987252038987
0.2458,-0.2766,9.7282,-0.1218,0.9704,-2.1275,0.2296,-0.3358,9.6358,3503,0,0.15370659276867144,0.0,0.022680158962341608
-0.0339,-0.2634,9.8545,-1.1136,5.9947,0.9905,-0.0235,-0.1871,9.892,3504,0,0.15370659276867144,0.0,0.0019691393318798014
0.3676,-0.1199,9.9772,4.3884,2.7941,5.7443,0.3628,-0.2052,9.9032,3505,0,0.15370659276867144,0.0,0.000812802573033494
0.8587,-0.3937,9.786,-4.0195,-1.84,-2.4204,0.9174,-0.4269,9.8016,3506,0,0.1588231537082412,0.0,0.010773967621577183
-0.2691,0.2865,9.7761,-1.9489,0.7787,-7.0241,-0.248,0.2892,9.7328,3507,0,0.1532405209942328,0.0,0.010773967621577183
-0.0756,0.1722,10.1886,-5.4794,1.5294,0.372,-0.0945,0.2145,10.2936,3508,0,0.14476539732088667,0.0,0.010773967621577183
0.5864,-0.0669,9.7525,2.1507,0.5341,2.0976,0.6153,-0.0703,9.6846,3509,0,0.15522247095773994,0.0,0.010773967621577183
-0.1944,-0.2591,10.0352,4.3886,2.8242,-0.7079,-0.129,-0.2016,9.9834,3510,0,0.15370659276867144,0.0,0.020773967621577186
0.0689,0.1212,9.8986,-0.6776,-0.5862,-3.4388,0.0407,0.1625,9.9398,3511,0,0.15370659276867144,0.0,0.010773967621577183
-0.4652,0.3133,10.1087,1.7304,-6.7097,0.305,-0.4062,0.2703,10.1476,3512,0,0.15370659276867144,0.0,0.010773967621577183
0.2436,-0.2385,9.7431,-0.617,-9.7874,-3.4319,0.2562,-0.207,9.6774,3513,0,0.14689877793366035,0.0,0.02009920634920635
0.1435,0.1538,9.8379,-1.4715,-0.9518,-3.6679,0.2576,0.1565,9.7763,3514,0,0.15370659276867144,0.0,0.02009920634920635
-0.3247,-0.4037,9.9486,2.3979,2.9405,-0.0212,-0.3025,-0.4364,9.8729,3515,0,0.15370659276867144,0.0,0.02013904698665655
-0.1716,-0.0649,9.7843,-0.8092,0.917,2.7505,-0.2483,-0.0968,9.7743,3516,0,0.15370659276867144,0.0,0.02013904698665655
-0.1404,0.4181,9.6534,1.6388,1.9046,1.0654,-0.1504,0.4271,9.605,3517,0,0.15370659276867144,0.0,0.010214996353745155
0.0726,-0.1021,10.0197,-3.0699,3.4579,1.6409,0.0395,-0.0863,10.1063,3518,0,0.15370659276867144,0.0,0.010214996353745155
0.2727,0.2779,9.29,0.1488,-3.9601,-0.5082,0.1954,0.2277,9.2507,3519,0,0.10436311256015383,0.0,0.010214996353745155
-0.2465,0.4557,10.0012,1.4975,4.5818,-0.7729,-0.2688,0.3954,9.907,3520,0,0.15370659276867144,0.0,0.010214996353745155
-0.466,0.1589,9.7019,1.1788,-0.4952,0.8906,-0.5566,0.2038,9.7414,3521,0,0.15370659276867144,0.0,0.010214996353745155
0.0078,-0.0391,9.7831,-0.6833,-2.0427,6.3833,0.0447,0.044,9.9199,3522,0,0.15314501477372658,0.0,0.010115790004538806
-0.0265,0.1246,10.013,4.9501,1.8857,2.3442,-0.0572,0.0888,10.0438,3523,0,0.15370659276867144,0.0,0.02011579000453881
-0.408,0.1688,9.3217,-1.7669,2.5173,1.2863,-0.3792,0.2226,9.3612,3524,0,0.15048811230813114,0.0,0.030214996353745156
-0.0277,-0.9817,9.9281,-0.3747,0.0288,-2.3885,-0.1072,-0.9862,9.9212,3525,0,0.08016621147627834,0.0,0.0007371698941466384
-0.5086,0.2228,9.8723,0.9015,1.023,1.0588,-0.4891,0.2561,9.8814,3526,0,0.15370659276867144,0.0,0.010232558139534885
0.0751,0.1597,9.8618,-0.1017,0.6839,-0.2462,0.1207,0.2218,9.9755,3527,0,0.15370659276867144,0.0,0.010232558139534885
0.1648,0.0006,9.6263,2.7994,-0.7966,5.0528,0.0451,0.0615,9.6417,3528,0,0.15370659276867144,0.0,0.00033176448874123294
0.6686,0.4213,9.5341,-2.4454,-3.96,-3.0286,0.6838,0.464,9.4425,3529,0,0.15454496412748514,0.0,0.0002325581395348837
0.015,-0.0548,9.7021,2.1997,-3.3964,-4.5291,0.0598,-0.0555,9.7396,3530,0,0.15370659276867144,0.0,0.00033176448874123294
0.1032,0.2307,9.6219,-5.392,-1.7926,2.7141,0.1248,0.2138,9.647,3531,0,0.15370659276867144,0.0,0.00033176448874123294
0.5969,-0.2811,9.6562,-0.0623,2.8692,0.0535,0.5831,-0.3293,9.6603,3532,0,0.15395305979708973,0.0,0.010232558139534885
-0.2898,0.1402,9.906,2.8747,2.7321,-1.5895,-0.237,0.08,9.9205,3533,0,0.15370659276867144,0.0,0.012280543762450562
0.3768,0.0616,9.658,0.2149,-5.1926,-4.8064,0.3767,-0.0107,9.6655,3534,0,0.15370659276867144,0.0,0.01164258021751027
-0.3638,0.1385,9.5727,-1.5072,6.553,-4.2018,-0.428,0.1318,9.5653,3535,0,0.15370659276867144,0.0,0.01164258021751027
-0.5013,0.3599,9.8035,4.1715,-4.9184,2.0037,-0.5483,0.3155,9.8536,3536,0,0.15370659276867144,0.0,0.010960451977401128
0.0103,0.168,9.9713,-0.4401,-1.1043,1.288,0.0884,0.1241,10.0366,3537,0,0.15370659276867144,0.0,0.01727624145108534
-0.026,0.0047,10.1046,0.0876,-3.2251,5.6691,0.0263,0.0275,10.1806,3538,0,0.15370659276867144,0.0,0.010960451977401128
-0.4999,-0.0386,9.9062,-0.365,-3.1708,-4.0017,-0.5994,0.0378,9.8779,3539,0,0.15370659276867144,0.0,0.010960451977401128
0.1631,0.2731,9.823,-1.5919,-6.3263,1.3384,0.147,0.2838,9.8685,3540,0,0.15370659276867144,0.0,0.010960451977401128
-0.2167,-0.1028,9.9254,-6.2643,-1.1066,-3.4633,-0.2414,-0.1032,9.8878,3541,0,0.15370659276867144,0.0,0.01
0.0716,0.1571,9.8298,-2.7561,4.2752,-1.6352,0.0857,0.1451,9.8617,3542,0,0.15370659276867144,0.0,0.01
-0.3953,0.0529,9.4934,1.454,1.8816,-1.9215,-0.3373,0.0673,9.5149,3543,0,0.15370659276867144,0.0,0.01070622462565131
-0.1432,-0.0111,9.7441,-0.5874,2.5131,2.7453,-0.058,0.0374,9.8041,3544,0,0.15370659276867144,0.0,0.02214860431389581
-0.6919,-0.014,9.9283,-0.6623,2.3983,5.5895,-0.7288,-0.0538,9.9614,3545,0,0.1518244474717408,0.0,0.03238095238095238
0.274,-0.4593,9.8256,-3.2079,4.1294,-1.7325,0.2882,-0.4611,9.8559,3546,0,0.15370659276867144,0.0,0.04116405595095251
-0.4486,-0.089,9.7397,-1.2564,-2.364,2.3768,-0.616,-0.0101,9.7972,3547,0,0.15370659276867144,0.0,0.03068212824010914
-0.2362,-0.2172,9.8421,-0.6149,2.0753,-4.2326,-0.3199,-0.2288,9.9479,3548,0,0.15370659276867144,0.0,0.03402353259846265
-0.2184,-0.1078,9.85,1.4884,-2.2169,-1.1795,-0.2055,-0.0393,9.8925,3549,0,0.15370659276867144,0.0,0.05075546030930602
0.0893,-0.3322,10.1163,-3.4269,2.8957,2.1604,0.0649,-0.307,10.1086,3550,0,0.15370659276867144,0.0,0.04027353259846265
-0.0294,-0.2126,9.6925,0.9395,6.4524,1.3773,0.0168,-0.2596,9.6901,3551,0,0.15370659276867144,0.0,0.03931308062106152
-0.1287,0.1344,9.7281,2.4336,-3.2202,-1.3102,-0.1597,0.0509,9.7466,3552,0,0.15370659276867144,0.0,0.039962606097268025
0.506,0.0206,9.627,-0.4781,-3.1462,-3.5868,0.5675,-0.0416,9.6107,3553,0,0.15370659276867144,0.0,0.05879855014631551
0.0815,0.2432,9.8527,2.8928,-0.8485,-0.4252,0.0709,0.2695,9.7978,3554,0,0.15370659276867144,0.0,0.05879855014631551
-0.2142,-0.3787,9.758,3.8636,-1.9441,-2.0833,-0.1441,-0.2997,9.812,3555,0,0.15370659276867144,0.0,0.060230952380952385
0.335,0.2505,10.0588,1.2846,1.208,-2.1005,0.337,0.3051,10.1017,3556,0,0.15370659276867144,0.0,0.05894348693555613
0.5464,0.0863,9.9798,1.5991,-0.7692,-3.8059,0.659,0.085,9.9928,3557,0,0.1433742043524959,0.0,0.05096380418892423
0.0825,-0.1616,9.6472,-2.8304,1.8996,3.2981,0.0503,-0.1528,9.606,3558,0,0.15370659276867144,0.0,0.04265897414488881
0.2115,-0.0473,9.8373,1.2288,2.1045,0.2991,0.1684,-0.0851,9.8177,3559,0,0.15370659276867144,0.0,0.051891996294201735
-0.2269,0.2439,9.8548,-1.1737,2.1402,-3.2571,-0.1809,0.3047,9.8417,3560,0,0.15370659276867144,0.0,0.051891996294201735
-0.2991,0.3939,9.6511,5.0421,0.9528,-4.0583,-0.2284,0.3363,9.661,3561,0,0.15370659276867144,0.0,0.012862578118440198
-0.5466,-0.7449,9.6613,3.3187,2.7753,7.2267,-0.5762,-0.7994,9.6481,3562,0,0.13993489666507677,0.0,0.030849382435399694
0.5364,-0.0651,9.8064,-2.3138,-1.5217,1.4629,0.4661,-0.0513,9.7873,3563,0,0.15370659276867144,0.0,0.012385989813497119
-0.2194,0.3135,10.019,1.4282,-2.2814,3.5155,-0.2623,0.2816,10.0267,3564,0,0.15370659276867144,0.0,0.003068118053606257
-0.1594,-0.6507,9.6831,2.0437,-0.8503,0.5746,-0.2516,-0.5736,9.7255,3565,0,0.15314772341476868,0.0,0.003342505310404058
-0.1111,-0.5908,9.7252,-4.3288,3.4533,-0.3348,-0.1465,-0.6061,9.699,3566,0,0.15366621418353923,0.0,0.0032213747585871
-0.2649,0.3378,9.6112,2.9299,-0.9283,0.174,-0.2907,0.3311,9.5894,3567,0,0.15370659276867144,0.0,0.0032213747585871
-0.14,0.0061,10.079,2.8858,0.4432,1.3733,-0.2194,0.0849,10.0772,3568,0,0.15370659276867144,0.0,0.0032213747585871
0.1557,-0.345,9.8506,-0.6784,-3.5145,-0.4926,0.225,-0.3835,9.7829,3569,0,0.15370659276867144,0.0,0.020939246518477957
-0.1486,-0.3458,9.5941,-1.9406,4.0772,-1.2498,-0.0925,-0.3696,9.4836,3570,0,0.15370659276867144,0.0,0.0032213747585871
0.2179,-0.0299,9.8515,-2.5202,-3.4171,0.4081,0.2601,0.0731,9.8862,3571,0,0.15370659276867144,0.0,0.0032213747585871
-0.1486,0.0013,10.0694,-2.0375,-2.2217,-3.0854,-0.1716,-0.0184,10.1333,3572,0,0.15370659276867144,0.0,0.0132213747585871
-0.3967,-0.4812,9.6021,2.2836,-5.2451,1.2634,-0.3958,-0.5022,9.5184,3573,0,0.15370659276867144,0.0,0.0132213747585871
-0.4502,-0.1706,9.3507,1.0882,0.582,2.1143,-0.4018,-0.0824,9.4039,3574,0,0.14386918038698424,0.0,0.0132213747585871
0.1889,-0.2321,9.7902,2.1748,0.1477,1.4298,0.2168,-0.2845,9.7991,3575,0,0.15370659276867144,0.0,0.01177947752538552
0.2952,0.6265,9.9429,-1.5781,-1.6313,1.5798,0.2837,0.7221,9.9748,3576,0,0.14714399758319674,0.0,0.03345393289812198
-0.6462,-0.0057,9.6011,1.3128,0.178,1.2818,-0.7095,0.0983,9.6777,3577,0,0.1493305095272702,0.0,0.0020138984013952526
0.4287,0.1274,10.0078,4.8378,1.6716,2.6253,0.4167,0.1273,10.0458,3578,0,0.15370659276867144,0.0,0.012013898401395256
0.1602,0.0034,9.8996,1.5076,1.0632,0.4814,0.1249,-0.0564,9.9516,3579,0,0.15370659276867144,0.0,0.003613898401395252
0.1679,0.111,9.5644,0.9929,-6.2286,-0.3933,0.2002,0.1177,9.6639,3580,0,0.15370659276867144,0.0,0.004179936137244308
-0.0274,0.2336,9.9024,-0.9506,-2.2738,-1.1172,-0.0322,0.3622,9.8178,3581,0,0.15370659276867144,0.0,0.0030558205108004847
0.1439,-0.3337,9.4148,-2.2178,3.1732,-5.7013,0.1311,-0.3209,9.3789,3582,0,0.15052563129402807,0.0,0.003613898401395252
0.4254,-0.191,9.9338,3.2954,2.262,-0.6841,0.3591,-0.2763,9.9525,3583,0,0.15370659276867144,0.0,0.023296097753405926
-0.5378,0.5437,9.8573,-1.1189,3.8913,-2.306,-0.5121,0.4264,9.8178,3584,0,0.15355074445237718,0.0,0.011973875531183705
-0.4206,-0.0647,9.5661,2.4597,-0.6209,-2.0356,-0.4069,-0.0624,9.6227,3585,0,0.15370659276867144,0.0,0.003582356468022848
0.1563,0.2022,9.6652,2.1236,-2.5844,0.5982,0.2331,0.2337,9.691,3586,0,0.15370659276867144,0.0,0.025012568503641596
0.1789,-0.0972,9.6976,1.1515,-0.8032,0.7461,0.1989,-0.049,9.7028,3587,0,0.15370659276867144,0.0,0.0150125685036416
-0.0363,0.2661,9.5726,-2.8027,-0.1868,-0.2206,-0.0819,0.1803,9.48,3588,0,0.15370659276867144,0.0,0.008770451393631397
-0.3579,0.0051,9.5315,-3.0325,-7.1818,-0.9182,-0.3555,0.0301,9.4529,3589,0,0.1532530460810775,0.0,0.00836504598822599
0.2915,-0.1286,9.6401,-0.7972,3.988,5.1812,0.2942,-0.1234,9.6266,3590,0,0.15370659276867144,0.0,0.008770451393631397
0.2666,-0.2095,10.0126,-3.8261,-0.2199,2.0286,0.2137,-0.1346,10.0664,3591,0,0.15370659276867144,0.0,0.022709588867873377
-0.3097,0.3185,10.1305,-0.8178,-0.6793,-1.9449,-0.3189,0.2916,10.1843,3592,0,0.1533321728497886,0.0,0.022670753916417062
-0.3038,-0.1875,9.8855,1.5067,1.0276,-6.8292,-0.3202,-0.1964,9.8837,3593,0,0.1532405209942328,0.0,0.018461474861080514
-0.2758,-0.1458,9.5096,2.1885,-0.7916,0.0216,-0.3162,-0.1184,9.5036,3594,0,0.15370659276867144,0.0,0.02905848978645365
-0.4985,0.0764,9.616,-4.0668,1.4598,0.2846,-0.4901,0.1684,9.6365,3595,0,0.15370659276867144,0.0,0.03945312559325475
-0.5908,0.0285,9.7313,-3.8293,2.8731,3.204,-0.5928,0.0989,9.6934,3596,0,0.15370659276867144,0.0,0.04945312559325475
0.2544,0.0514,9.7194,2.67,3.0026,-3.7504,0.2196,0.0545,9.7107,3597,0,0.15370659276867144,0.0,0.03945312559325475
0.2392,-0.1737,10.1469,-2.0063,-2.0599,-3.2659,0.2552,-0.1315,10.2034,3598,0,0.15262407051682947,0.0,0.029730903371032524
0.2079,-0.2859,9.9437,-3.869,2.8785,3.6561,0.1953,-0.373,9.9359,3599,0,0.15370659276867144,0.0,0.03032791829640566
-0.1659,0.0693,9.7374,1.7413,-0.284,3.6472,-0.1278,0.0833,9.7627,3600,0,0.15370659276867144,0.0,0.019770515102909347
-21.1801,-0.1357,9.5091,0.3288,-1.5977,-1.0539,-543.4343,-0.1357,9.5091,3601,1,0.28756330760677445,0.0,0.31
-17.5026,0.5467,9.8702,5.3586,5.894,-5.658,480.4879,0.5467,9.8702,3602,1,0.24072432073221847,0.0,0.33
-25.3631,0.2165,10.0051,-3.4866,1.0812,4.8718,289.5887,0.2165,10.0051,3603,1,0.24352284618982878,0.0,0.34
20.1751,0.1673,9.816,-0.4302,-2.0798,-1.4384,593.379,0.1673,9.816,3604,2,0.9841989244597081,0.0,0.36
-19.8087,0.5569,9.7586,3.6085,3.6665,-0.5537,-227.104,0.5569,9.7586,3605,1,0.1606894958160036,0.0,0.32
-19.3392,-0.428,9.9277,5.1853,-2.099,-0.1325,399.4833,-0.428,9.9277,3606,1,0.2343372295829575,0.0,0.34
-17.2665,-0.2507,9.8522,7.9582,-3.1411,1.9947,-209.195,-0.2507,9.8522,3607,1,0.16475149761867525,0.0,0.42
-23.7411,0.6156,9.9694,-4.3021,-0.6116,-1.0972,-555.8458,0.6156,9.9694,3608,1,0.30567564037097217,0.0,0.41
-16.1693,-0.1504,9.9549,0.9613,-3.0269,-0.3735,392.2638,-0.1504,9.9549,3609,1,0.242691097078116,0.0,0.41
-16.778,-0.31,10.1686,-0.7118,4.16,3.1406,261.3998,-0.31,10.1686,3610,1,0.24931340664413937,0.0,0.37
-16.9693,0.3329,9.6306,0.1672,-2.1163,-3.6403,303.6608,0.3329,9.6306,3611,1,0.22666058496458905,0.0,0.37
-16.534,-0.3658,9.7098,-4.1548,4.4659,-3.3366,563.5628,-0.3658,9.7098,3612,1,0.2386179091251371,0.0,0.38
-24.0467,0.1701,9.9533,1.5864,-2.375,-0.4753,-384.0386,0.1701,9.9533,3613,1,0.3050628456851042,0.0,0.37
-16.1275,-0.099,9.6192,1.1421,0.3346,0.0609,406.0163,-0.099,9.6192,3614,1,0.2265511243013465,0.0,0.38
23.7005,0.0009,9.6078,-5.6768,-1.3051,3.0906,565.6786,0.0009,9.6078,3615,2,0.9841989244597081,0.0,0.37
-21.5114,-0.1825,9.712,-2.0775,-1.818,-0.0982,-380.3597,-0.1825,9.712,3616,1,0.3114589763233133,0.0,0.37
-20.9515,0.2939,10.0455,2.0653,2.3982,-2.5643,544.376,0.2939,10.0455,3617,1,0.23321922774962237,0.0,0.36
-24.0064,0.1027,9.412,-2.1135,-8.3118,-2.9513,-560.5631,0.1027,9.412,3618,1,0.28446068824306925,0.0,0.34
-19.4782,0.0481,9.9436,2.1377,2.7683,-4.3841,591.0351,0.0481,9.9436,3619,1,0.23344767602548444,0.0,0.34
23.4281,0.365,9.8204,-1.175,-4.092,2.0429,577.165,0.365,9.8204,3620,2,0.9896257798865636,0.0,0.34
-17.9172,0.3646,9.8959,-4.4646,-4.974,-0.5431,-520.4623,0.3646,9.8959,3621,1,0.29975160520144994,0.0,0.34
17.833,0.211,9.9983,3.982,-0.0853,0.1316,323.2944,0.211,9.9983,3622,2,0.9841989244597081,0.0,0.34
-15.5793,-0.2158,9.6702,-4.3409,-6.8148,-0.9781,220.2808,-0.2158,9.6702,3623,1,0.16520637096579763,0.0,0.35
-17.2146,0.2376,9.9266,-1.5975,-0.987,-3.226,-245.8125,0.2376,9.9266,3624,1,0.1702195305561529,0.0,0.34
-19.6791,-0.1852,10.0286,0.9067,-2.317,5.0741,-449.3051,-0.1852,10.0286,3625,1,0.3107210845854216,0.0,0.33
-17.4119,-0.1612,9.7998,-2.9813,0.3046,-2.0732,555.5653,-0.1612,9.7998,3626,1,0.24674202300404194,0.0,0.35
19.766,0.1899,9.5436,-2.6539,1.4032,1.3512,-407.0486,0.1899,9.5436,3627,2,0.5656063675974253,0.0,0.35
-19.8314,0.3087,10.0264,0.1964,0.4097,2.1873,305.2839,0.3087,10.0264,3628,1,0.23050621076280106,0.0,0.34
24.9367,0.0174,10.0416,-1.6785,-0.7515,-0.5148,-266.8025,0.0174,10.0416,3629,2,0.5645585243899341,0.0,0.34
16.0223,0.2198,10.0077,1.0437,4.8666,-0.2533,-368.5321,0.2198,10.0077,3630,2,0.5699343478859874,0.0,0.33
-22.4815,0.187,9.8401,-1.1442,2.2766,-3.3362,589.7097,0.187,9.8401,3631,1,0.23532267602548443,0.0,0.34
20.7554,0.2559,9.8017,-0.9543,0.6583,-2.6772,580.4622,0.2559,9.8017,3632,2,0.9841989244597081,0.0,0.34
22.635,0.5097,9.556,-5.1776,1.2456,1.7061,-343.3014,0.5097,9.556,3633,2,0.5539100641498773,0.0,0.33
24.4889,0.5728,9.7837,1.8836,-2.426,-1.0462,-486.9346,0.5728,9.7837,3634,2,0.5714439992867785,0.0,0.33
-24.9336,-0.0132,9.7743,-1.5491,-2.4476,-1.5685,-250.9269,-0.0132,9.7743,3635,1,0.17971910947022404,0.0,0.33
22.3254,-0.1029,9.9332,-0.4043,-5.1209,0.3118,256.3335,-0.1029,9.9332,3636,2,0.9841989244597081,0.0,0.33
-17.2611,0.2859,9.726,1.6598,4.3821,3.2791,-462.0331,0.2859,9.726,3637,1,0.28250877966087934,0.0,0.33
21.5089,-0.058,9.7693,-5.879,-3.3239,0.5361,526.6087,-0.058,9.7693,3638,2,0.9841989244597081,0.0,0.33
-14.7964,0.0866,9.9681,3.4093,3.4037,-1.6745,-277.284,0.0866,9.9681,3639,1,0.27245559282971077,0.0,0.33
-23.0365,0.2187,9.6782,2.9751,2.263,-0.5561,586.5117,0.2187,9.6782,3640,1,0.2362701536755483,0.0,0.33
-20.7772,0.0954,9.9975,3.8516,6.9111,1.3418,398.9912,0.0954,9.9975,3641,1,0.23724937480868047,0.0,0.33
15.1133,-0.0157,9.7918,3.0374,-0.4128,4.2111,310.1486,-0.0157,9.7918,3642,2,0.9895989167343329,0.0,0.33
-19.38,-0.127,9.6885,0.8652,2.2842,1.209,371.9253,-0.127,9.6885,3643,1,0.24674202300404194,0.0,0.34
-23.3136,-0.3857,9.5392,0.3807,-2.3991,-2.7028,329.6888,-0.3857,9.5392,3644,1,0.2138844576346798,0.0,0.34
16.1321,0.0941,9.952,-1.2439,1.7333,-0.7304,337.926,0.0941,9.952,3645,2,0.9841989244597081,0.0,0.33
20.193,0.439,9.9487,-0.3814,-0.811,-2.5186,342.9355,0.439,9.9487,3646,2,0.9896257798865636,0.0,0.33
-15.359,-0.117,9.7675,1.5288,0.1973,-0.3666,-441.2585,-0.117,9.7675,3647,1,0.3114589763233133,0.0,0.32
-20.3086,0.1321,9.9679,4.0198,3.3447,-4.4228,-206.2369,0.1321,9.9679,3648,1,0.155505223456858,0.0,0.33
-17.0738,-0.1276,9.6276,-2.2814,0.9301,-0.3207,376.9655,-0.1276,9.6276,3649,1,0.2265511243013465,0.0,0.33
22.8449,0.2293,10.1437,-4.8089,-0.1972,5.8631,371.0334,0.2293,10.1437,3650,2,0.9895989167343329,0.0,0.35
21.7225,-0.0641,9.8982,-1.1916,-0.4772,-3.5337,419.2876,-0.0641,9.8982,3651,2,0.9842426243868749,0.0,0.34
21.6671,-0.0421,9.7642,0.5813,-0.6897,-3.8052,203.687,-0.0421,9.7642,3652,2,0.9842426243868749,0.0,0.35
-21.724,-0.4514,9.6144,7.8964,1.7201,1.8489,-440.1337,-0.4514,9.6144,3653,1,0.29285694209574076,0.0,0.36
22.8882,-0.2294,9.8557,-6.4912,5.8724,-2.9022,206.3198,-0.2294,9.8557,3654,2,0.9841989244597081,0.0,0.36
17.6164,0.3248,9.8069,1.8986,-0.6597,-1.7889,219.5764,0.3248,9.8069,3655,2,0.9896257798865636,0.0,0.36
-21.0331,0.204,9.7914,-2.238,-4.9079,-7.6846,365.0727,0.204,9.7914,3656,1,0.23604932115649416,0.0,0.33
21.5424,0.0978,9.7782,5.1634,1.7813,1.8318,-599.9428,0.0978,9.7782,3657,2,0.5750676715445273,0.0,0.33
18.9917,0.1045,9.9037,-4.2801,0.1813,-3.273,-269.3142,0.1045,9.9037,3658,2,0.5717626359905217,0.0,0.32
-17.1286,0.3093,9.8378,1.9761,-1.1366,-4.1232,-538.68,0.3093,9.8378,3659,1,0.30195939740924216,0.0,0.32
20.8701,0.2792,9.851,-0.0008,-2.5645,0.194,-478.0884,0.2792,9.851,3660,2,0.5726412914414207,0.0,0.34
-24.4446,0.547,10.04,1.1279,-2.9454,-1.8285,-369.4353,0.547,10.04,3661,1,0.3132387766092294,0.0,0.33
-19.2375,0.1697,9.9871,-3.772,1.6233,-1.9629,465.1652,0.1697,9.9871,3662,1,0.2379505830022286,0.0,0.33
-19.1244,-0.0521,9.941,-1.7102,0.055,0.5313,-266.8096,-0.0521,9.941,3663,1,0.24512400111530291,0.0,0.34
19.8768,-0.1775,10.1481,-4.731,-0.181,3.0609,303.8852,-0.1775,10.1481,3664,2,0.988233704808357,0.0,0.33
16.0284,0.2079,9.8051,-2.034,-1.5227,0.5331,349.019,0.2079,9.8051,3665,2,0.9841989244597081,0.0,0.33
15.9157,0.1374,9.6384,3.4782,0.1849,-5.1237,-265.4633,0.1374,9.6384,3666,2,0.5746208639634688,0.0,0.33
-24.5149,0.1666,10.0462,3.7867,-1.6675,2.3752,239.7728,0.1666,10.0462,3667,1,0.16282002404670026,0.0,0.33
-23.2182,-0.299,9.5775,3.5405,-2.1615,-0.4834,-267.8374,-0.299,9.5775,3668,1,0.22995207386619515,0.0,0.34
17.5227,0.3867,9.7464,-0.9796,0.6036,3.3354,-311.1948,0.3867,9.7464,3669,2,0.5729443217444511,0.0,0.34
-24.6526,0.2876,9.6127,3.0168,0.3575,0.3198,-459.6987,0.2876,9.6127,3670,1,0.2927109694309775,0.0,0.33
-23.5183,-0.4869,9.917,-0.6003,3.4743,-0.7535,-589.8535,-0.4869,9.917,3671,1,0.27741053311746855,0.0,0.33
-19.1112,-0.0497,9.4846,3.6492,-0.4309,-2.2127,-318.7969,-0.0497,9.4846,3672,1,0.2840730744479451,0.0,0.32
21.1435,0.3429,9.8191,-4.1744,-2.5561,2.7373,-412.1192,0.3429,9.8191,3673,2,0.5669270057271351,0.0,0.32
23.5201,-0.3441,9.8282,0.568,2.8926,-4.608,-584.8449,-0.3441,9.8282,3674,2,0.5632668577232676,0.0,0.32
-15.4343,-0.1122,9.7522,-3.748,1.9096,-1.9019,313.5292,-0.1122,9.7522,3675,1,0.24674202300404194,0.0,0.32
25.1239,0.4123,10.2566,0.09,1.9694,-4.5805,351.3022,0.4123,10.2566,3676,2,0.9511254668081304,0.0,0.33
19.3895,0.4952,9.6964,-0.7944,0.3895,-2.2144,477.462,0.4952,9.6964,3677,2,0.9896257798865636,0.0,0.32
-16.9299,-0.2089,9.8526,2.3152,1.3354,6.0404,344.1016,-0.2089,9.8526,3678,1,0.24527919716585433,0.0,0.32
23.0881,0.1115,9.4563,1.0284,4.1057,1.5099,-571.9556,0.1115,9.4563,3679,2,0.5718808088083539,0.0,0.33
22.7307,0.1395,9.9972,-2.7769,-1.1148,-1.6278,536.0263,0.1395,9.9972,3680,2,0.9841989244597081,0.0,0.32
20.5764,-0.1394,9.4778,0.2165,0.0708,1.3202,-576.849,-0.1394,9.4778,3681,2,0.564661143798534,0.0,0.35
23.273,-0.3446,10.0911,-3.5231,-0.7004,-0.6587,596.431,-0.3446,10.0911,3682,2,0.9841989244597081,0.0,0.38
18.4199,0.0095,10.0073,2.5654,-4.4904,-1.615,-530.3457,0.0095,10.0073,3683,2,0.5652895928469548,0.0,0.37
-16.4729,-0.0939,10.0155,-3.3608,-1.6425,-2.8967,-386.8501,-0.0939,10.0155,3684,1,0.3033252581895952,0.0,0.35
18.9327,-0.0699,9.6019,3.3621,-1.7067,3.6134,386.5717,-0.0699,9.6019,3685,2,0.9841989244597081,0.0,0.34
-16.7843,0.2375,9.9941,-0.3019,-1.6649,-0.8969,-260.5148,0.2375,9.9941,3686,1,0.19267335206213715,0.0,0.37
-14.9381,-0.0325,9.6269,1.403,-1.2097,5.4032,-364.372,-0.0325,9.6269,3687,1,0.3029800256170667,0.0,0.35
22.2805,-0.1961,9.8162,-4.1863,0.5923,-6.9666,-508.2554,-0.1961,9.8162,3688,2,0.5642192386756485,0.0,0.36
-19.6788,0.2798,9.7245,6.0114,1.8339,0.4371,514.6741,0.2798,9.7245,3689,1,0.24240998149174722,0.0,0.35
-18.1719,-0.0389,9.508,-0.7392,-0.1967,0.0286,346.6336,-0.0389,9.508,3690,1,0.21551236461142398,0.0,0.36
-19.811,0.493,9.8795,5.3362,0.0442,-0.794,-283.7186,0.493,9.8795,3691,1,0.3036779505966082,0.0,0.4
14.6576,0.1465,9.8985,0.3235,5.1279,0.5588,-335.6567,0.1465,9.8985,3692,2,0.5793878610158667,0.0,0.37
-20.6141,0.3589,9.7445,-4.3803,1.1927,1.4497,-252.7986,0.3589,9.7445,3693,1,0.1706973516084076,0.0,0.36
-24.1294,-0.0164,9.5008,-1.0849,-3.5403,1.7275,235.1699,-0.0164,9.5008,3694,1,0.13704847232256231,0.0,0.37
-17.2885,0.197,10.0129,1.5508,-2.8628,0.694,-523.3491,0.197,10.0129,3695,1,0.3050628456851042,0.0,0.38
-21.4891,0.2584,10.0094,0.5427,0.3166,-0.0821,-289.5702,0.2584,10.0094,3696,1,0.30195939740924216,0.0,0.36
-20.3938,-0.2823,9.8512,2.3273,-0.876,2.2864,-440.084,-0.2823,9.8512,3697,1,0.30189495515929216,0.0,0.36
-15.2168,0.0558,9.5405,0.2011,0.1375,-0.6965,575.0026,0.0558,9.5405,3698,1,0.21551236461142398,0.0,0.37
-22.7945,-0.4113,9.8038,-0.8394,1.6288,-0.4479,-221.3226,-0.4113,9.8038,3699,1,0.17235526467304596,0.0,0.35
15.2168,-0.1394,9.8591,-1.6398,-2.2091,-2.454,278.8529,-0.1394,9.8591,3700,2,0.9841989244597081,0.0,0.36
-18.9953,-0.3547,9.5627,-0.38,2.9337,-1.9745,245.1916,-0.3547,9.5627,3701,1,0.21988445763467981,0.0,0.35
-16.8792,-0.086,9.8602,0.7071,-0.3144,2.1772,-550.1408,-0.086,9.8602,3702,1,0.30553305039738743,0.0,0.35
-21.2803,0.1855,9.2254,-2.7702,1.4938,-2.533,-334.9424,0.1855,9.2254,3703,1,0.27464254494468304,0.0,0.32
23.2001,0.0872,9.7226,5.7966,1.4299,6.9859,264.1184,0.0872,9.7226,3704,2,0.9837271098780539,0.0,0.33
22.1679,-0.6386,9.4058,-0.8297,-0.1605,-0.003,-568.8711,-0.6386,9.4058,3705,2,0.6030785508213339,0.0,0.34
19.165,-0.3789,9.6983,-1.6653,-2.0781,-1.6167,-317.8499,-0.3789,9.6983,3706,2,0.5605853919022669,0.0,0.34
23.2129,0.1652,9.975,-3.4663,2.6117,-4.6221,-340.64,0.1652,9.975,3707,2,0.5651644624745399,0.0,0.34
-24.6174,-0.2019,9.5737,-1.6646,2.5883,0.954,460.1191,-0.2019,9.5737,3708,1,0.21988445763467981,0.0,0.33
23.5152,-0.3556,9.7777,1.9459,3.383,1.712,300.6305,-0.3556,9.7777,3709,2,0.9841989244597081,0.0,0.32
22.8698,0.1216,10.0296,-3.0553,-3.5496,1.1512,-510.7755,0.1216,10.0296,3710,2,0.5707626359905216,0.0,0.33
19.6544,0.149,9.9354,-1.2828,-1.4147,-1.6312,-283.7033,0.149,9.9354,3711,2,0.5708787481888256,0.0,0.31
-21.2467,-0.0004,10.1082,0.4479,-5.4524,1.6661,311.4151,-0.0004,10.1082,3712,1,0.2379505830022286,0.0,0.32
-22.407,0.0094,9.8063,-1.577,7.0874,-4.9176,565.3543,0.0094,9.8063,3713,1,0.2321290125385893,0.0,0.31
-17.9846,-0.0734,9.8539,0.8661,-3.5425,-1.7554,-473.6357,-0.0734,9.8539,3714,1,0.30553305039738743,0.0,0.34
21.7549,-0.0657,9.9223,3.2066,-3.2375,0.4893,-475.7026,-0.0657,9.9223,3715,2,0.5697589324695964,0.0,0.34
-20.7083,-0.021,9.839,4.14,-2.2526,-0.904,-472.6377,-0.021,9.839,3716,1,0.30553305039738743,0.0,0.34
-20.9983,0.2484,9.95,4.4817,-4.1812,4.7571,298.7112,0.2484,9.95,3717,1,0.23665103933354983,0.0,0.34
-22.6243,-0.1996,9.7749,3.1757,1.3957,-0.1752,-578.6667,-0.1996,9.7749,3718,1,0.30955421441855147,0.0,0.33
-17.5318,-0.0637,9.5382,5.0302,-3.8419,-0.7711,-306.9243,-0.0637,9.5382,3719,1,0.28883091817244855,0.0,0.34
-19.6303,0.3853,10.0059,-0.7334,2.1883,-0.7025,408.3703,0.3853,10.0059,3720,1,0.23098415193927163,0.0,0.33
-23.6981,-0.4696,9.6885,-4.283,1.6778,1.7725,-210.2842,-0.4696,9.6885,3721,1,0.1688205326804512,0.0,0.33
-24.131,-0.2168,10.0563,4.1446,2.072,1.9438,-482.2025,-0.2168,10.0563,3722,1,0.3036282884926255,0.0,0.32
24.2437,-0.2918,9.7653,0.7033,-6.5241,-2.9489,-246.164,-0.2918,9.7653,3723,2,0.48373564102421396,0.0,0.33
15.7288,0.4713,9.5144,2.9922,1.7922,7.5129,334.5677,0.4713,9.5144,3724,2,0.9899276527798619,0.0,0.32
16.5299,0.2597,9.6179,-5.6613,-1.5569,4.2208,502.5205,0.2597,9.6179,3725,2,0.9870989167343329,0.0,0.33
24.2604,-0.1502,9.7928,-1.1268,1.8498,-0.338,-570.8682,-0.1502,9.7928,3726,2,0.5699335243899342,0.0,0.35
-23.0064,-0.4914,10.115,4.5566,-0.7954,-0.8671,-445.1081,-0.4914,10.115,3727,1,0.30189495515929216,0.0,0.32
20.5952,0.2294,9.8728,3.0335,-0.6943,-1.9968,449.3333,0.2294,9.8728,3728,2,0.9841989244597081,0.0,0.34
-20.3058,-0.3412,9.9156,0.9476,-4.8006,1.1715,-377.7173,-0.3412,9.9156,3729,1,0.30189495515929216,0.0,0.34
-18.0495,-0.1769,9.9158,-5.747,-0.1137,3.2669,280.7212,-0.1769,9.9158,3730,1,0.24602443041144934,0.0,0.35
24.4393,-0.5209,9.623,-4.6068,0.021,1.5233,377.3412,-0.5209,9.623,3731,2,0.9841989244597081,0.0,0.34
19.9064,0.331,9.5726,-5.9508,-8.085,6.2434,589.5379,0.331,9.5726,3732,2,0.9695171958960463,0.0,0.34
-16.3425,-0.4905,9.7056,-0.1445,2.2794,5.447,-536.7421,-0.4905,9.7056,3733,1,0.3111041533684904,0.0,0.35
-20.9383,0.1964,9.8054,3.7091,0.1332,-1.0875,-246.7715,0.1964,9.8054,3734,1,0.1792489047579409,0.0,0.35
19.6492,0.0131,9.6045,-0.9666,1.3558,1.7214,426.2154,0.0131,9.6045,3735,2,0.9841989244597081,0.0,0.34
-23.3669,-0.0497,9.6302,0.8874,-7.8468,-2.0393,384.729,-0.0497,9.6302,3736,1,0.2340900064624451,0.0,0.34
-24.4916,0.0749,9.9562,-2.1678,3.46,1.554,-242.2248,0.0749,9.9562,3737,1,0.14710096929468228,0.0,0.35
-32.7208,13.3774,2.1565,227.486,290.9685,-224.8639,947.4179,-812.3205,-356.0571,3738,2,1.0,2.0,0.55
39.8791,14.6146,4.8296,-208.4936,-256.6753,141.5732,-1515.1893,-767.9699,-203.7361,3739,2,0.999766355140187,2.0,0.7
4.4282,-14.7325,4.0235,176.9506,199.8894,205.8942,-328.5686,-489.3788,-128.2207,3740,2,0.9964,2.0,0.83
-5.4299,-7.784,5.4811,283.3635,158.9033,-168.0084,1433.5568,-531.3892,-222.6893,3741,2,0.9408030259595478,2.0,0.87
-0.7094,-9.8165,3.4443,-174.4302,231.7377,174.1996,1305.0253,971.2298,-244.1973,3742,2,0.9090811201919035,2.0,0.89
-34.7593,-11.6574,3.1787,-254.3128,154.4474,-105.7597,-205.6639,-454.2856,-112.6818,3743,2,0.81,2.0,0.89
-3.4579,-12.3947,4.6009,263.0883,-230.5914,-103.8698,1239.8338,-1002.5008,-256.1041,3744,2,0.9343044265197719,2.0,0.9
3.2181,11.3528,5.4032,-219.3421,205.9931,-239.2564,1308.7641,973.5261,-114.7462,3745,2,0.9991238095238094,2.0,0.9
-33.2942,14.313,3.0215,-286.6005,-225.2267,-192.6838,-1072.8712,888.8771,-276.3578,3746,2,1.0,2.0,0.92
1.2124,8.5193,4.4511,164.0201,-190.1149,213.7285,-1883.2221,-822.2838,-395.3067,3747,2,0.9236109125102054,2.0,0.92
-23.2574,-0.2436,9.8229,-1.2884,1.178,77.7039,-563.9177,-0.2436,9.8229,3748,2,0.9443943553037127,2.0,0.91
-12.5671,0.0981,10.0781,1.9088,-4.8508,51.6963,582.3729,0.0981,10.0781,3749,2,0.7732794291292743,2.0,0.94
-22.5215,-0.0811,10.1302,-2.9909,0.4239,19.2841,-554.2637,-0.0811,10.1302,3750,2,0.8368049868229435,2.0,0.94
-11.8506,0.4208,9.9721,0.8368,3.4836,60.305,-562.4488,0.4208,9.9721,3751,2,0.9495409718450663,2.0,0.94
-18.6265,-0.0745,9.6546,4.7206,-1.6478,63.6356,297.3686,-0.0745,9.6546,3752,2,0.8132810511015924,2.0,0.94
-8.6063,-0.1232,9.6839,-1.985,-2.1668,24.2325,360.8228,-0.1232,9.6839,3753,2,0.7832810511015924,2.0,0.96
-14.6128,-0.0579,9.8157,2.4762,2.9059,62.6098,495.0906,-0.0579,9.8157,3754,2,0.813298513266901,2.0,0.96
26.5598,0.0067,10.1108,2.5785,4.2916,30.2456,-405.9735,0.0067,10.1108,3755,2,0.9632359958679492,2.0,0.96
